source_file,source_sha256,sample_id,roast_level,origin,batch_id,n_cycles,f_tgs822_relative_response_mean5,f_tgs822_relative_response_std5,f_tgs822_collect_std_mean5,f_tgs822_collect_std_std5,f_tgs822_collect_slope_per_s_mean5,f_tgs822_collect_slope_per_s_std5,f_mq135_relative_response_mean5,f_mq135_relative_response_std5,f_mq135_collect_std_mean5,f_mq135_collect_std_std5,f_mq135_collect_slope_per_s_mean5,f_mq135_collect_slope_per_s_std5,f_mq3_relative_response_mean5,f_mq3_relative_response_std5,f_mq3_collect_std_mean5,f_mq3_collect_std_std5,f_mq3_collect_slope_per_s_mean5,f_mq3_collect_slope_per_s_std5,f_tgs2611_relative_response_mean5,f_tgs2611_relative_response_std5,f_tgs2611_collect_std_mean5,f_tgs2611_collect_std_std5,f_tgs2611_collect_slope_per_s_mean5,f_tgs2611_collect_slope_per_s_std5,f_tgs2620_relative_response_mean5,f_tgs2620_relative_response_std5,f_tgs2620_collect_std_mean5,f_tgs2620_collect_std_std5,f_tgs2620_collect_slope_per_s_mean5,f_tgs2620_collect_slope_per_s_std5,f_tgs2600_relative_response_mean5,f_tgs2600_relative_response_std5,f_tgs2600_collect_std_mean5,f_tgs2600_collect_std_std5,f_tgs2600_collect_slope_per_s_mean5,f_tgs2600_collect_slope_per_s_std5,f_tgs2602_relative_response_mean5,f_tgs2602_relative_response_std5,f_tgs2602_collect_std_mean5,f_tgs2602_collect_std_std5,f_tgs2602_collect_slope_per_s_mean5,f_tgs2602_collect_slope_per_s_std5,f_mq8_relative_response_mean5,f_mq8_relative_response_std5,f_mq8_collect_std_mean5,f_mq8_collect_std_std5,f_mq8_collect_slope_per_s_mean5,f_mq8_collect_slope_per_s_std5,f_tgs813_relative_response_mean5,f_tgs813_relative_response_std5,f_tgs813_collect_std_mean5,f_tgs813_collect_std_std5,f_tgs813_collect_slope_per_s_mean5,f_tgs813_collect_slope_per_s_std5,f_tgs816_relative_response_mean5,f_tgs816_relative_response_std5,f_tgs816_collect_std_mean5,f_tgs816_collect_std_std5,f_tgs816_collect_slope_per_s_mean5,f_tgs816_collect_slope_per_s_std5,f_temperature_mean,f_humidity_mean
D-CAT_B32.csv,fbab0d0a01652f9bf75a86ec5172d034d48fae9fa29d99ffb3aeaacfabfc00ad,D-CAT,dark,Arabika Catuji Mekarwangi,B32,5,0.054275326420904844,0.03593309665407196,1105.5804476761627,236.106615349689,614.7818054517307,90.55050179317186,0.0004563455572374894,0.0005385676658275961,2.3381395464448955,1.248217125885853,0.9381632381154239,0.5232644653684126,-0.0002117769501625764,0.0003424191232679879,1.435574554340293,0.624959030921231,-0.24576165748714368,0.5779816786325168,0.0005268604603690701,0.00016168181199331614,2.1685369391378275,0.3938816609424198,1.2634985781846686,0.31713834244532035,0.027568999913993503,0.00742822612287318,325.1846370844609,47.067661459958885,184.45592000775434,13.946235835563641,6.02202543950201e-05,0.0004626098653697111,1.257103012903998,0.3974271656768644,-0.30873674698111575,0.24535140092522406,0.02747087764501736,0.005205721063236123,278.7659657796024,30.81645237596653,159.3897443166814,7.4970743532959805,0.020114623032631684,0.010551181366560237,475.7240939831048,107.5567276910614,261.9059157454379,41.50612202999998,0.007524503677126241,0.010837996530470807,313.0897253500834,106.12805088003354,161.38013287506868,46.261479690677405,0.02047669213162242,0.006308381747551386,357.2181198850225,55.25540877532944,205.75923773622623,19.345130059494853,29.917894736842108,60.535394736842115
D-CAT_B33.csv,39c3c5d4061a1838ba7160e1aa0122aa167d9ae732b24365e1fbd303d7292e14,D-CAT,dark,Arabika Catuji Mekarwangi,B33,5,0.07405863292983414,0.05900938168667412,1425.4662319590493,317.8880205312147,792.0560230304194,126.70997172275924,0.0006179769264452893,0.0006375871261878679,2.969687787408689,0.6717090565450275,1.4838610887192072,0.3569226806673224,4.6146725314599256e-05,0.0005756960256676552,2.2491342403719967,0.20835217217374474,0.38288313622606746,0.2546944613141487,-0.0002477922015955312,0.000170702796961476,0.8333880492936124,0.27110351488850326,-0.20567078601483205,0.2227519971207645,0.037158811044385835,0.011356214249655277,408.8976948491298,61.15869194563913,230.8825022922947,19.024426231908674,0.0001387443802028827,0.0002352241784774767,1.0843788721051157,0.7107412167343656,-0.07726281456295661,0.5844653563275605,0.03069571587278206,0.005833150524019398,306.55272647336096,32.41397380790007,174.9001059492604,9.774135140283274,0.024948230131169584,0.014009619687739451,570.5163034543173,133.35723089766597,314.1215906760527,51.775388235512175,0.0076856694805332425,0.015698229602611954,370.0680130110415,139.92560112160024,188.17485478004744,63.30517805281078,0.025807096252384427,0.008924349759547425,440.03752074092245,72.5599206993403,252.74715134018038,25.482992361959166,29.70223684210526,59.168223684210524
D-CAT_B34.csv,10105147b749c5e2fa58547a5f2aff046c39c0c1d66ac18f917bb7d43abd7383,D-CAT,dark,Arabika Catuji Mekarwangi,B34,5,0.03301154711687173,0.013595624313339157,779.594569373736,43.71995258144687,460.2968260174474,30.364445145286847,0.0003272357399002922,0.00031761055585803724,1.9607454143097502,1.0219328624372093,0.6408525566955358,0.4828862008015147,0.0001096076973159635,0.0005718034117251012,1.6326460637189595,0.3782638474381795,0.020068147383750727,0.24960028191262548,-0.00047102402136256743,8.420304060803952e-05,1.0099661421172281,0.31616528860874854,-0.5803479019561243,0.22816747129845075,0.021760443857008416,0.0013574055568746125,243.1412637659504,3.6065659387633255,146.58283078966736,1.9811277331673813,0.0004682200494837894,0.0004026852458627606,1.5312699850281664,0.5865281674308573,-0.32048034320695856,0.39033250160906274,0.02048729355421567,0.0006512511920308818,218.68362513023686,8.539035359602442,132.750354069102,5.096688961996121,0.013064322522299185,0.0029687104026761882,332.1194694424861,9.493288237059605,195.3887084931138,6.717545601082613,0.0036926072531800816,0.004387239980014077,205.01134941715083,13.457646997102485,112.54250734934848,10.186350967911801,0.016806653130508536,0.0016942494068933713,294.39040909528774,3.3141802736694004,181.32577023235478,2.1728360216218854,27.945399999999996,56.48399999999999
D-CAT_B35.csv,51dc2e8f56a791fed8b602c87562213a40dcba6c0b4b6c34f80e072ecf5e8076,D-CAT,dark,Arabika Catuji Mekarwangi,B35,5,0.04002772623041427,0.012895826694262553,1014.4331373705497,43.81223865176846,601.7419850136598,24.49516887676169,0.00047765735193919435,0.0005393685348282831,2.4312379146452985,0.3336955992951911,0.8808083470251479,0.43245600940165163,0.00030167500572449407,0.000509530976884153,1.4905791916958355,0.61050560325376,-0.3001798372187948,0.7877441720020463,4.7350012370718205e-05,0.00029491411933997444,0.8192015028049436,0.3689662887753463,0.3600957515985278,0.34364442790538396,0.030270603615294468,0.003593031776031793,335.498032748215,49.587927236345514,203.35090603530927,30.447333922462956,0.0003452278204860135,0.00030513180632282577,1.51343706899745,0.7327245715345637,0.08009604316236008,0.42099760151579746,0.02698656734959103,0.004494660208492568,279.31820500905,46.97659457807554,169.70223752289579,29.10197246823415,0.017823913149247115,0.002073081480368431,457.8533481551805,50.1486737497992,270.2554998314234,29.46672400042945,0.005082394251200046,0.004750751550641552,288.9214899310608,29.412001292327922,158.98642279719627,14.952658070902299,0.022326241115626665,0.002004065623054046,393.4914158831398,47.32976899217256,242.37687357628246,29.43475031545637,28.463266666666666,55.974000000000004
D-CAT_B35_20261007_183310.csv,91d5f1d44655df8209347769b6e535d5bb59216d7ce88aa5c0ea1ad3c16cbd20,D-CAT,dark,Arabika Catuji Mekarwangi,B35,5,0.06980607463098444,0.03239197766947876,1471.5874662233089,177.38807241397018,854.9902130165283,67.54998533612924,0.00031202589718777704,0.0003903264128237893,2.273963197250559,1.0382826631530486,1.049396886573374,0.706824456142408,0.000292856365896584,0.0004704103411636551,1.6827264567426128,0.6141711946922713,0.0225883247060712,0.5393996970188643,0.0004089707880837549,0.00012733302710656331,2.0534005166096114,0.423595205336682,1.1947731184788988,0.29314270917149715,0.04525372319661537,0.01172550586550773,459.1724837083536,89.42727635557954,269.6424175701901,37.87329417229697,0.0001499962973314719,0.000578178065976108,1.5692650830146617,0.698874481366576,0.30570450268234156,0.5317293110953207,0.03633904509952768,0.009625667753796419,351.77534932667004,72.78063735837104,207.10089315041137,34.89453526783372,0.026197634628140204,0.007897443911182463,607.4641865502269,118.83897750144469,349.8096191386781,46.25745483356725,0.010379676620109149,0.009742335298601653,442.9673096370194,129.75940521278693,236.87904127907686,54.99988306242789,0.030537630190672054,0.007038647996387252,507.3857610270012,83.35113606792368,302.24758459168663,34.321941529116295,28.288026315789473,55.92375
D-GAW_B32.csv,c64b968ec1204e8aa5a0cba3f7bae4b7ad9c50f09bc42d442048e8fdb5f371f7,D-GAW,dark,Arabika Gayo Wine,B32,5,0.0634232138055963,0.034457999055146134,1258.062802663231,208.02184747582058,704.2319399456679,65.02908408472328,0.0008939347154409305,0.0008513290518961318,2.6605479439545388,0.646933121787534,1.2324811210176254,0.3941075160997157,0.0003165102149329969,0.0009144493842446158,1.497238988149235,0.9252986538359669,0.18561069625200588,0.40270741778900665,-0.0002126879954045486,0.0001671285575347802,0.844409162841845,0.18362041590171319,-0.26608212451318586,0.26951438314783493,0.038278303193596167,0.008466827049105424,436.49178530004457,49.10543120309015,248.10572819779173,9.047237293202457,0.0002452611310444814,0.0003477294400880192,0.6923955696936259,0.6651331712540471,-0.08571493790967229,0.29706933258320023,0.037955968579263345,0.006608426075589724,383.1192869968737,32.09799963277484,218.89127557976116,8.506767537857089,0.02748797374650126,0.012191844611189679,628.632455747189,118.08440968183037,347.0884508742357,38.5193473380027,0.01126455306913312,0.013036856068393764,428.42618970023295,120.58786550481939,221.88758150920748,48.84193040655624,0.0302259282920736,0.006312284199874871,494.66137168193546,47.145705430250366,286.40949461628463,5.693877476669896,30.127039473684206,58.562960526315784
D-GAW_B33.csv,d5e690f538a3967e2d07ded64903d284a348c1988bcc331a380dd50b0a8be819,D-GAW,dark,Arabika Gayo Wine,B33,5,0.0711410497900673,0.02833327166809154,1424.6279669623455,179.0681053470583,820.2217502469477,46.75030011837521,0.0002488663065341836,0.0007148973325906852,2.8875829764572485,0.8528368499266855,1.5384951977676393,0.6356597564964122,-0.00022374390920578595,0.0005478812564207673,1.244773684630384,0.7105207662210079,0.10875691641680896,0.6611771109310565,0.00011786936994300339,0.00010956591676785041,0.853918718331977,0.2831875611136702,0.2860528889532279,0.3690461333074012,0.034997524179619086,0.00849479858795883,419.9793122939453,77.3943681610461,243.52374835965549,31.572650821359677,0.00010872001621225215,0.00010653935250134848,0.8373949956947886,0.6820034407158977,-0.26866240654541135,0.3391456536649679,0.031867902451292195,0.0074456273561539195,339.7747750807353,57.98709143891136,199.0366049734877,26.90541395609526,0.023505131248668848,0.0079016590445186,577.1158100012165,110.00463160688459,326.99158315459874,40.02187475158504,0.004272892573299282,0.00827468753332789,357.2136826420342,100.37765106492466,186.00309303138283,39.91938758779876,0.026083057869411102,0.0051874159830785985,462.4097331294014,63.392744463868546,274.3513153655036,22.605574648932805,30.36185430463577,62.35072847682119
D-GAW_B34.csv,fe37b7d26e74909b0477f2d6c9309ccc2e6ab2a8d94341b231bfb5f1268f4ec7,D-GAW,dark,Arabika Gayo Wine,B34,5,0.03565376861934677,0.01688094977687952,879.9197292904288,120.035116418029,503.13772607499703,49.95149841264712,0.0003261322213652837,0.00034682514314862033,2.07281612716059,0.4700620122870862,0.6833847028243969,0.3967056299610693,8.281385708970977e-05,0.00041016790890923685,1.5681976161595839,0.3177188943692972,-0.2260667585630483,0.33387653817139756,0.0002830018412995736,0.0002730491941275857,1.6887846814619123,0.5930215352254508,0.9948579551477698,0.4041454261920855,0.02051648640392238,0.004670693606462243,252.67338733848592,30.428180419133145,147.09449382046478,9.765875970565554,-0.00023108030040440105,0.00020861317256225395,0.9100091042917361,0.28551874596838084,0.10298929706002877,0.3568801342389368,0.026751665108234422,0.004836495369307754,288.9516285730488,33.68697222807664,168.9985005782109,12.368145249925115,0.017362233449729713,0.00597611638859456,443.812990725457,68.00811161783143,251.9511016819909,26.80268564340591,0.0035643857647158035,0.006404742893605485,236.04473226912518,58.4172245717214,123.96332873594667,25.74072083234305,0.01935339600785984,0.0038006045519790015,340.58206208530316,35.536114008428925,202.85359587675424,15.464941920516859,28.728874172185428,54.02311258278146
D-GAW_B35.csv,409ca052ab3bafebfe6d1d0102022414f2c13e6da7bf510fd027a9e267d49bb0,D-GAW,dark,Arabika Gayo Wine,B35,5,0.07050270737180012,0.024055504223860956,1569.3301285905343,111.09122095161429,943.4807234158167,64.4607224998249,0.0005621514943621848,0.0006237465858551628,2.9547160633390073,0.7497107651008174,1.5212566335557918,0.35710147136206566,5.5091608819272596e-05,0.00022507461654339923,1.4867110170943696,0.6419602320726587,0.08005593102718357,0.5806994210939143,8.303086757192725e-05,0.000263677983960947,1.1336045717223986,0.3444936047484724,0.40012792946386033,0.5247095502004118,0.04915662271021608,0.008563167916309926,533.4573597824638,113.02569007709593,324.75333509596214,69.55051706078662,-0.00030452717441186155,0.0004630110743425026,0.6946224006858761,0.6684868365059538,-0.1601961520730976,0.16749836135171217,0.043827672565232886,0.011017891333236912,446.08127867768917,107.57167850599555,272.39256702406817,66.47314739658593,0.0294352428201545,0.0035136761094242963,713.2671617285288,114.49244516412918,426.0185488811473,69.18262232552134,0.008148905704953125,0.005847637622598747,478.4842820138807,78.41852352650118,264.18579630716414,40.82715281521292,0.036754088764586426,0.005752776809783592,617.4200982362256,115.05847586102472,382.48030617705956,72.0732484986423,29.154199999999996,56.20453333333334
D-GRB_B32.csv,d256b61691a17885cb7a4c6614e4477805b84700d1eb2549a7e652766f7d88b9,D-GRB,dark,Arabika Redbourbon Gayo Aceh Natural,B32,5,0.07042901888463596,0.04222995692238919,1409.6662474307243,266.2596105962972,793.6999136890885,96.8893723646152,0.00015896316552433583,0.0007894280920591403,2.7765172388997237,1.1784269292645255,1.372502662737458,0.8752473476092946,0.00016875508971212567,0.00030186118523928886,1.680543459140035,1.0502620795593787,0.33463598910798725,0.1598966533794589,0.0005435198863129988,0.00018554132336727193,2.729949267480348,0.8902553451469525,1.5154582645612549,0.42097673992008844,0.04086946868748685,0.010293988054307309,472.5663511418094,66.501977744865,269.25325424927325,21.11371192229694,-1.146016709644396e-05,0.0004521068246890477,1.3416856774766035,0.3025162726769434,-0.08296697990773386,0.5585943386319301,0.04126426396119791,0.005999857585877626,419.56957831330135,35.33026831436156,240.7333778928367,10.57503297029123,0.026840825391501195,0.014022291032390489,622.0257703094097,150.22189589203845,343.27609739967176,58.728222298762084,0.014188599880136706,0.017784472674831214,493.2350280136081,181.11207559276403,256.29505446831206,79.66409230174126,0.02892743166336779,0.008863104375782584,497.0057506453404,84.3037451629155,286.8817195706949,31.442743855745427,30.441776315789472,60.31907894736842
D-GRB_B33.csv,266c0b5efab36f8091fc7c816c5e01d1d964ff9d88849adf07e34f36a9523c45,D-GRB,dark,Arabika Redbourbon Gayo Aceh Natural,B33,5,0.08823354422165716,0.05111309810211546,1653.8413596330186,262.8197033310301,934.0765577420898,90.56793345979892,0.0005584959430201475,0.0005175103606004106,3.050704531499759,0.8513728091687444,1.5841573822520647,0.6401062609331003,-2.960379630537178e-05,0.0005170254663675495,2.1563586412415536,0.5665510535352781,-0.17153862806429548,0.9780358818117727,0.0008305687423088221,0.0001942374729437997,5.721859423323614,1.7055026408618643,3.2879148755537755,0.842406633574547,0.04241447176943971,0.007901884636815968,461.43768225290944,42.34794461358674,264.40091725460326,14.125068775733364,0.00017426681376924338,0.00028495539459868547,1.3518053758049215,0.2722335684012466,0.2346286479993732,0.29441548698471975,0.050979678913683324,0.00637782080855056,489.8007136788839,26.683973334257136,281.52832647344974,12.944660651694097,0.035052360980541396,0.016455086837120186,743.5383973468727,140.4889008257306,413.0797328857249,52.29689176410134,0.01703895561912603,0.014102862570570198,522.8361028180899,133.71756424452863,275.41492835287715,53.464388667312036,0.03279972864733223,0.00825410527910468,535.5186931078815,65.34876942248627,310.3026315023185,26.133681384053595,27.674999999999997,57.07572368421053
D-GRB_B34.csv,8e70fa33d2e3eff702a27fe4654e53b50bcb959d1776f3267f2b9df07687a625,D-GRB,dark,Arabika Redbourbon Gayo Aceh Natural,B34,5,0.04573460460858581,0.0207636928169612,1034.218938982934,154.74293030033553,590.1030856464108,47.756450716614246,0.00010996025180870987,0.0005870813175928817,2.5502146113640394,0.6484649527782549,1.2297280000520572,0.47454281653352604,0.00018155513068091205,0.00048352994346965273,1.9174634488440614,0.5664221655271475,-0.14597297850574154,0.8464088147808049,5.319458841685758e-05,0.00014965416237358486,1.0208952194480119,0.46247470774293264,0.4973007946494385,0.39587355091312876,0.019791822321806433,0.004700495089288224,245.03823903953176,39.22172136932919,142.34074025907117,15.36045477116209,7.630935660943568e-05,0.00021979104946822815,1.1767320156933292,0.8025753572424792,-0.2057159115464282,0.4882461897564835,0.025071660050803753,0.0052066174108107545,276.7668361418443,39.56342606130772,161.4111432959349,16.61438861267259,0.01769171272509205,0.0066506254467248,430.58539352964533,85.60095559426074,243.39318743855193,31.04216200140955,0.004202521049814048,0.0057376592559398734,235.0985404415889,68.16936276260675,123.44470227983058,27.341810648274716,0.01720361737050623,0.0037309990717993183,312.8246584446664,40.9635976962753,185.482202349557,12.818126391068146,29.21052980132451,53.46364238410597
D-GRB_B35.csv,7a4b5b88b61fbda20215fcc988557f7ac707e1ce4fe736f1a7c3a4581e6053fc,D-GRB,dark,Arabika Redbourbon Gayo Aceh Natural,B35,5,0.10507657521538974,0.0668871538467866,2012.5468423160205,275.6078301163351,1148.7524431777288,122.21561072818669,0.0007974624285088785,0.00048596095471451184,3.650388855521977,1.1839171582862231,1.9616157666151417,0.7320905655609702,0.0002083852800283745,0.0001683685444254777,1.61805836469926,0.3066359033122392,0.10860647080943835,0.6346228131729262,0.0008530370655668446,0.00018697778326853424,4.393011362586607,0.4584182517794625,2.5902440124324215,0.39690242025283845,0.08089648978017319,0.006305803719517661,777.2151134568678,47.47974235873442,450.81020667429266,57.41407809600569,3.942168896154273e-05,0.00039018696016912123,1.0830018986640477,0.5482246583557251,0.2773782790649629,0.398284362865949,0.06941035620653255,0.007930257383573402,632.0597022691327,72.8314787207607,367.66944817599756,63.69708310932116,0.046792754999344585,0.013655848396900275,982.8320074349409,89.07009291426321,558.5022583607719,52.40420126703094,0.027704438842255596,0.021257218916157252,808.4271402711872,127.37018983205844,432.2475853471795,48.263033786245124,0.05217529132054634,0.006096154889424717,807.5340416428605,43.35000367089694,472.3047317800794,58.040719340499194,28.979736842105265,55.740328947368425
D-MING_B32.csv,b3ac6dcf413a47bec43e41be66215e2804f32466b6fc20fbeeaa8aec396af9e1,D-MING,dark,Arabika Sumatra Utara,B32,5,0.07447767513546637,0.04210522126662196,1480.3257500727,248.313411685628,837.3715228726029,82.49623609252168,0.0004226209636822833,0.0009118224678826664,2.8005269557479395,0.5594440359215068,1.1580657403412937,0.6104285878631392,-2.9955778012166356e-05,0.0002017753680748166,1.7469345436554107,0.31928246412227757,-0.3029009679348792,0.3625402721814035,-0.0002342618278192503,7.705216727248306e-05,0.7150545628119813,0.2467209258498516,0.03729838972480147,0.2602044992574741,0.04301406603111856,0.008887544527566267,480.4501829165735,48.6241761125282,274.2512577112698,4.548356405474558,-0.0001616456956262256,0.000351165845091972,1.3848963733894397,0.5795781889006048,0.2742235143002582,0.3163120035000157,0.044022416304272824,0.006374672750169739,433.44895517272334,30.677283798597912,248.69691104895543,7.677632859926362,0.030236837971559637,0.013787298920570516,687.2112894846578,133.35655654188528,381.0353086657411,46.119227460732574,0.014325431488174075,0.014724443787181043,484.9998691411013,141.55961759294152,253.34757630460723,58.460559867151986,0.032920716873523805,0.007751606750055331,540.8433183132115,56.933495954573345,313.4629720382665,11.94732969259595,30.152763157894732,56.76651315789475
D-MING_B33.csv,294023b15a670025ee45370199d171df3a18649d2d8df3f7c0559dc3d918f4ff,D-MING,dark,Arabika Sumatra Utara,B33,5,0.0941463270825119,0.05096745918232504,1855.9298587554615,201.8997875801654,1084.0333132945507,121.11522476059157,0.0007615053483258097,0.0005493339727193793,3.5866586968799403,0.843514022874562,1.8873399301125198,0.4970661898726363,0.0001174343266634412,0.0001884059167212538,1.60732632999364,0.41307092143658625,-0.2229303999138939,0.7386025972505296,0.00023515340093641443,9.757123170561709e-05,1.4350838698583774,0.34254127453059824,0.8005983553377138,0.15812063006822397,0.04270108572524391,0.006860250798895032,502.4918733184407,47.9730468890798,293.2168746718564,9.117513021490526,-0.00022636100306001536,0.00037973576674709585,0.6250274668601474,0.6150955200248583,-0.017269194393652126,0.17311373037243225,0.03937254928419303,0.006032600511321347,415.93552075335936,37.196817330784626,244.46371184451573,10.380096203518239,0.027970997277642545,0.007333481160006118,676.4085486242651,61.67281290557117,387.03097448947136,18.570370103373907,0.006548058632884773,0.010225075625743396,427.0124736914451,78.02756440231718,225.44328306115403,32.623339492324945,0.03041371948685496,0.004231060201319052,544.4695664822684,30.88293436398228,324.3266426529199,10.91073482808625,29.86278145695365,61.96728476821192
D-MING_B34.csv,59e290ca66eb80ddf7269117324c923b9cd7261c45d951b77080f4871b0e49d6,D-MING,dark,Arabika Sumatra Utara,B34,5,0.05900189214542183,0.027848793457648943,1207.6430543318443,169.7660399542096,678.1862282969785,44.32834732576184,7.649328228762555e-05,0.00045469375653285035,2.409026028476717,0.7825654345285054,0.8091568815452987,0.6520506385425485,-0.00022402692266946042,0.00015027447814211698,1.7753793623912941,0.3440472101720721,0.005628073480403917,0.3439947103953261,0.004475524345930941,0.002250549268124012,13.088977066808036,5.784895491483253,7.622286523714879,2.9453741584995106,0.02890314480910013,0.004669182067863264,329.6733574701997,25.87093062185416,188.17914028493385,3.0805718353142106,0.00015839582496172375,0.0002519974322706313,1.5092632405635114,0.41148785525374465,0.32599446851240466,0.3918201290480347,0.03620343600081657,0.004802534402780254,370.91755953886167,26.161295180133788,212.81178198003636,6.844177064667073,0.018191350828715168,0.0065824121849415015,437.45037029633266,67.04327142103885,240.64698940212162,17.37033586594238,0.008200937802374722,0.005565613046921748,277.20675547632044,60.923189874882596,145.50964586303607,21.66038348683796,0.020040679227475162,0.004115494982587014,361.2377492711827,34.68936859513766,208.45597849844367,4.960581716074774,25.343355263157893,64.85539473684211
D-MING_B35.csv,ceb789eb9f079a60874e300371d265e14d3258586da33077bf335d71a8b19b86,D-MING,dark,Arabika Sumatra Utara,B35,5,0.08103578464389657,0.02312405588183429,1790.8890817688875,183.02280186151182,1085.4166633609607,118.77372752330196,0.0010395364463725843,0.0004421371134341671,2.879997985202438,0.855578463109825,1.4210483421001219,0.4557256230456424,-0.0004393671751067473,0.00037160008477640544,1.8895823415179653,0.36993001808362963,0.22001985497423063,0.6185722109607893,-0.0001991784814685975,0.00023790642398814353,0.9477023415850623,0.35682676426066684,0.24025613034405374,0.594537381978418,0.05845816208425122,0.014464777597172476,610.8906218184613,153.23832816177858,373.3494227101202,96.97315315465599,8.308814038143194e-05,0.00024676818493788615,0.9465403933152856,0.7280635994047362,-0.15997180616103418,0.33641105031657736,0.05368526424569735,0.015942667697448395,526.6286628741709,142.64296091712208,322.6101441795089,90.02771833373009,0.03559406203950072,0.005914450935987335,817.807521163087,164.00159423419817,491.1487510668493,102.57380259994834,0.013461592303963123,0.00457644007489221,562.5837085138751,127.23585832409438,315.94862628975966,72.04037703074314,0.040890259772272244,0.00779728296946824,678.7355953850015,137.2134812863133,421.00500210352914,87.72495976611377,28.609599999999997,56.0122
D-RAT_B33.csv,c2f97fe25cff2ef0badf0f00fdf480a5efd0f291e06b5dc026e296d336ecef3e,D-RAT,dark,Arabika Ratawali Aceh,B33,5,0.03290204275967336,0.016841954539818127,709.3794014833063,124.05280168399793,400.54683889551444,41.30619149757381,0.00016991848441395076,0.00036656546182488987,1.716014124523344,0.90043660088434,0.6405080765721131,0.5224258516155545,-0.00032969368333916763,0.0002504420957241971,1.2414371542306963,0.2553603469338076,-0.16293714346516103,0.3379468274602301,2.1455466539762705e-05,9.859125075683552e-05,0.7953916479860033,0.184905808163609,-0.02836680775046645,0.20135324875845642,0.01149077983965146,0.003291035210995772,144.58251799166723,24.265943844268584,83.24280266090918,7.580973136539328,-5.547850208042491e-05,0.00021034328554926044,0.39797446120204966,0.5495638364090862,-0.040144144043318244,0.08956372352790881,0.009779201201583855,0.001977094410300927,109.00313082587789,16.263871137043516,63.38033494079927,4.813289301835664,0.008082439274156274,0.004017587874950339,210.40360146084655,46.03048571741951,117.66818754675353,16.836183071325728,0.000702345322435549,0.004664092293786273,123.25842773212962,40.97183981615772,63.2992008706665,18.75306656295667,0.0074637957719293655,0.002421185238117954,152.81138340812566,23.89807613146277,89.27786608834153,7.068843965181829,30.29940397350993,61.88251655629141
D-RAT_B34.csv,395eb77d8ae09226a2dd6e1e89fb10a85cc34c4cc88a92bb322570b0f7020b05,D-RAT,dark,Arabika Ratawali Aceh,B34,5,0.03113709077100667,0.017623193278360177,736.9658532268594,149.50311247153155,418.2192357578168,70.11832393622022,0.00024807594196357035,0.00045008149559958445,1.8233367633584745,0.43124294301294935,0.7175534058833485,0.47081832605724444,-0.0001914900440136886,0.0006449212375757925,1.55292812213987,0.45882219795245366,-0.18312194325181136,0.39545841060929576,0.00023872011243733455,0.00036363029619036036,1.8448707867053291,0.43270242906441136,0.6918940376795333,0.9259943845142301,0.018950426754432884,0.006268406624750256,200.23718626010833,44.30099564298781,116.18953443414027,19.621763577255503,3.685284307317499e-05,0.00047629637889250913,1.2218384434640641,0.5482291393735912,-0.05996839609249516,0.2706405089143501,0.016247723852054603,0.003919687590489809,163.64267894159406,32.24851990437634,95.60103675682102,14.314971014099978,0.01015544462848675,0.005118186982204977,261.3258371105697,67.037926378096,146.9164390186174,29.835649941066254,0.003493955247101596,0.006118239614959215,181.64011706156757,67.46259340546958,95.75642143394543,32.812510411931065,0.012722154497219898,0.004757622808879819,224.84117868960288,50.073250911415634,132.32335014556872,24.031367500158392,28.407417218543042,56.80112582781455
D-RAT_B35.csv,c8209a6184b7551d7b8a52e4d2be80f20e0d9006ed1d28e01ab77f4874a63e21,D-RAT,dark,Arabika Ratawali Aceh,B35,5,0.055679110044854895,0.033215884545171916,1196.3749459360624,130.0142078925904,666.4595847568696,29.16868847747024,0.0003874874212828096,0.000731129355739547,2.76011891299608,1.307865748456241,1.30388739828009,0.8178262029775984,3.888952974387583e-05,0.00026375122003310947,0.8272531201365798,0.3576292456772799,0.03703524453478029,0.2399993596168526,0.000264227929275849,0.00028565563284739076,1.9426842125969892,0.8703289967926038,1.1263188470268617,0.5261183630480424,0.0318526605118426,0.0039014586221860566,330.00790751484226,29.68517400028986,188.27515336589536,21.299300410420237,0.00045401527571678685,0.0005638289574290725,2.248769535142775,0.7385534096690992,0.5718660212716103,0.7006839124348361,0.025854570779309204,0.002959859970593109,253.23306750883822,26.67224337671822,145.28750909584625,20.13760526023317,0.018973868591321247,0.005276306998462544,447.4255935221083,42.76220480833237,249.07597210411132,15.464020824616242,0.0062304357525646125,0.008449639370125715,321.9052137311709,48.96971903664729,166.59061288732084,15.606992592644376,0.021066431397477877,0.002656854229058642,366.10661629847453,27.41620952590971,211.77508142848257,22.60649810041287,28.406973684210524,55.517039473684214
D-TEM_B32.csv,2fe9d4848b55d0e5574e934049ff55888da7a570d597c868ab8a6d5d9d4bd737,D-TEM,dark,Arabika Temanggung Mukidi,B32,5,0.05633579682273535,0.03171979235645084,1173.0365922181468,192.72413353429815,654.3904074364534,56.8492034855547,0.00032939592161604185,0.00025405544768309464,2.8056262951495325,0.9758294070295026,1.4582994848686486,0.5528727874735566,5.117636652877989e-05,0.0007281230309510459,1.6740523611863964,0.9293021745775052,-0.011086702431783679,0.2909429914947347,0.0001298536387667638,0.0002607593744885923,0.9448088433535323,1.0881958977597737,0.4831234301926415,0.640629910418009,0.026075841075918225,0.0055077983189804475,317.710817169479,37.85779290376047,180.21334232500675,11.753074848997443,0.00018961729679730293,0.000291766637448679,1.2901065945909846,0.24738206262325002,0.15727936309875948,0.29025708567742026,0.025680107583668,0.004691585785926148,270.99781550411507,29.79675580769973,155.11835109353194,14.213936689284656,0.018709018932858736,0.007559578858324454,455.1398051735604,76.13232241663319,250.362406877682,21.49083960873102,0.0063292403455905855,0.00834463732628746,298.52005649096355,77.81561437648564,153.774765617006,30.22634680424931,0.018897346550537604,0.00428816294394231,346.23227024018826,37.91011921294756,199.12928211592566,8.500906977504298,30.661907894736846,59.45026315789473
D-TEM_B33.csv,201d0401afaf0ade5e9cfb6f1c8fe93065eb00a683a2bec152a6be45f0269769,D-TEM,dark,Arabika Temanggung Mukidi,B33,5,0.0648468873313909,0.030467289530844526,1364.7166214378824,168.3225939398267,784.3714436380122,73.06822246137436,0.0007608085394535579,0.00047867128778154546,2.4049578971289636,1.1562389709584078,1.2692988688687532,0.7563166302868186,0.0001861282929377166,0.0004949183257575076,1.3432313687498503,0.6282211891587266,-0.2515453880684239,0.5195325804992399,-0.00044289641068381776,6.024539228713201e-05,1.2257030033670833,0.29787892018034134,-0.42858401032407817,0.38830103470931526,0.032513784360366414,0.006340797182026404,369.45913682206077,45.829296743882644,214.8343478425389,14.784285054076365,-0.00010167214050709405,0.00024108205283634906,0.8638261808039281,0.48365491661285787,-0.08593063457813475,0.11780083065708472,0.026279062622269388,0.00545277606295248,272.62329293473516,34.68753647604536,159.596882224821,12.663473961537923,0.020659402654261572,0.006829408917239476,498.46898672400283,77.31205119254733,282.2750103412938,28.442366734853945,0.004821162009910731,0.008106674379191084,317.7083045437349,74.22645438071054,167.25042778246367,32.382122728563935,0.02149956173362658,0.004216117220871092,390.4973341203383,41.47065295044316,231.29863970674938,13.424240798707086,30.03881578947368,58.68032894736842
D-TEM_B34.csv,aae7ab29954b0096e587354cbf081ded02fa8c467c7be3485ddab6768234f3c0,D-TEM,dark,Arabika Temanggung Mukidi,B34,5,0.036962390808059756,0.0116491282091398,820.0203775554271,114.99793690461692,468.34644172204844,32.54012357350401,6.852085389002904e-05,0.00037730433701742993,1.9932296672760828,0.36577912305528854,0.6178699647782426,0.5286387270728314,7.11200986179915e-05,0.0005406494329257872,1.806715463258978,0.8284870006178655,0.16595516215413725,0.25793158937527844,0.00037067503756220443,0.00015895628156935477,2.0147863441815503,0.4481015332761427,1.1777475725819153,0.31483783874796756,0.018729743518912555,0.0037391697216152277,213.9462534419324,31.805934420594934,124.42317058998883,10.872751649360909,-0.00011518864881836464,0.0004231089471986083,1.5676115726303883,0.5656050860457026,0.06605079673720402,0.5473972165005146,0.01594345800403732,0.0037325667777326557,173.261431999708,28.236269113143468,101.3200192210488,12.161156669203821,0.010835097076365773,0.0030924361512137785,279.79840308431756,53.25043385737682,157.89850652057905,19.136351020731457,0.0033317397825536913,0.0036768380420367495,190.28416990772615,47.300299715324286,100.64381673520779,18.01903581857624,0.01223048627407746,0.002570568130405933,233.81723816999084,33.56298434581209,137.8036100408533,11.646260584560173,28.854370860927155,58.936423841059586
D-TEM_B35.csv,d28a01389739a2f2368568e9902988c713b9be2fa01e6bdca5e74b97de577003,D-TEM,dark,Arabika Temanggung Mukidi,B35,5,0.07140420669585795,0.02760868856177108,1522.326383898154,209.80358141873836,883.8696297579006,70.38876114560804,0.0002868620178339368,0.0004079628737406464,2.824346039937017,0.9893618187322122,1.3153856749023611,0.7717540495560332,6.643811121408321e-05,0.0004986333085576323,1.2928650049226866,0.3902457757292113,-0.0999198632753702,0.5153217193463914,-0.00029821193568690745,0.00023094617816887022,0.9772403403323539,0.6692669969455748,0.07134415732188785,0.6314055775997593,0.046810339420291516,0.013967234988259327,464.2126754020731,114.10962563135728,272.2862555422324,54.30865542351183,0.0005429619523546205,0.0005217578467954701,1.5952040062376807,0.9142329515887814,0.5689945618730561,0.5109253036448073,0.03520009033499029,0.010979288904569912,336.70603848490526,85.5521550074486,198.19008835379674,43.20300649090746,0.026988361603803735,0.009334725229097477,624.3261135075196,156.18404204893884,358.537624794444,68.92118989359685,0.010545866062466316,0.00886710853473307,454.36170853840065,146.3154888163993,243.09282231005017,61.4666831640559,0.030614287754311898,0.00843163972764707,507.14582659398604,116.37334263930433,301.5701117658816,55.36921401050384,28.252582781456955,55.1376821192053
D-TOR_B32.csv,41bd25990ee0efaf7ff6fb1912497f3c806fa92a0cee6650138a77a27103386a,D-TOR,dark,Arabika Toraja Washed,B32,5,0.03705985430770889,0.029574481333515066,783.8939823298452,248.13104182498748,428.71566337700744,109.55712229364103,-4.580491447417911e-05,0.00044273468842172877,2.122306528278685,0.9415069923791128,0.6206505630449778,0.6456104081939946,7.259565701981646e-05,0.001106615125781242,1.8322173277423233,0.5805668895435813,0.3319566440072244,0.8269147086835997,-5.751239411679036e-05,0.0003739604870097227,0.9192490137204817,0.3564546209557895,-0.028521834061064833,0.5377384691709965,0.012650380475402534,0.005512318956592487,162.943710384296,39.98834068927682,91.12340993285329,16.351997500521097,-8.315364094744867e-05,0.00025243330753914653,1.1415994886836605,0.7444941857595933,0.025661764229311695,0.14117040520509122,0.012158102019144666,0.0033363141372680046,136.37839728466048,26.532513561995337,76.68924605035755,9.901992054472224,0.01055205024001567,0.0075686353561504344,266.3836909661148,91.58968182835994,143.77045030959422,40.43064225309582,0.0029123070207004316,0.00891833103494471,182.64348023336572,93.00008374712279,91.09593291280382,44.110364182393255,0.009305286240566113,0.0047391673165361895,186.67114232122213,49.0471451491237,105.55923513101786,20.738961254742208,30.687960526315795,60.315460526315796
D-TOR_B33.csv,91bc4f70d1f77972ca97592723a278d91e5a452065e871fd0c9f98068722c268,D-TOR,dark,Arabika Toraja Washed,B33,5,0.060235988979116896,0.025317766218627653,1236.565108743654,161.07484739682576,713.2838874805086,63.79927743321155,0.0005249187936490773,0.000315357035786471,3.1448555740386763,1.097278879644552,1.729850501210398,0.9073387587069489,-4.356666980321898e-05,0.0003043055827027325,0.9496290671926841,0.29903588429335226,-0.05721766597827401,0.3741244513005829,0.00012939107800054062,0.00012486516540745994,2.636580698548914,0.653620258036589,1.5495582425345706,0.4462760107307827,0.02412485772484498,0.005410399507909048,285.0586494240238,39.86037697207614,166.67505379854805,14.42812329157199,-0.00023102259044384217,0.00039363418459119966,1.0025080342018282,0.1019250625099115,0.07993702648964893,0.4149029480070324,0.028570672584368646,0.005084369899382556,300.9191458164722,35.56650486093012,176.5631750133707,11.71117918086073,0.018975057507549672,0.006881718722938468,454.37046488827207,76.79806288693767,257.58084327433073,27.47001637891806,0.0066807160212161015,0.007982117071877329,311.55992635867506,81.67959981468975,166.13911549702226,37.47224830748767,0.01854256711449674,0.004253668717614572,334.0963010800275,41.62573730043156,198.60700273570245,16.76788834092612,28.902980132450335,55.433112582781455
D-TOR_B34.csv,205d5e590342e61b8bc84f8f48b38c5abde9dc151169d73966d8d76369557d5d,D-TOR,dark,Arabika Toraja Washed,B34,5,0.04678856061809104,0.019327314088015492,984.5702213567731,140.57862220780046,561.8309146354968,55.59394816353792,0.00020134425110191135,0.0001636379130771906,2.503703031584841,0.7456578160978138,1.2068560081040076,0.343582517196864,0.00012179235964782105,0.00020984551460732787,1.5272622542231478,0.4753989642376216,0.31148814811866526,0.4021828810788035,0.0002978608646508199,0.00022007732108758718,1.7952214909341677,0.6619225141788094,1.0405917722725768,0.43951856883581086,0.01362545341596472,0.003044543924521513,174.92295866181547,22.719994855764966,101.52581754063898,6.439799073663345,6.47634190952991e-05,0.00027471967077762364,0.9331671075028781,0.5942773792683483,0.07159711954609639,0.44568000525875445,0.0177695433285333,0.0031819278925848296,201.70764735114,23.00810545768265,117.50257064698692,4.9496077091104045,0.014180034687080382,0.00505830524250684,340.99274623732765,58.891499954635876,192.28879509975303,21.429790173742337,0.0027820366617560626,0.004668050713927389,178.1049892787291,47.70132065812983,93.18942695950706,20.745251432109672,0.011668922695866715,0.002500040036253974,223.34480611610587,24.258269576899075,131.92095744313835,6.444712518452617,29.3923178807947,55.76172185430464
D-TOR_B35.csv,81ceb1471dbf829a1ac620e48f8022877f579c73f0eda4b820b22408e86933a4,D-TOR,dark,Arabika Toraja Washed,B35,5,0.06963515604323767,0.028331172765585784,1532.5020825941967,146.81794357490034,928.7032721246782,88.31626796675955,0.0005055819763433239,0.0005463761184087611,2.6464670144106486,0.6672821195307772,1.4409280056745135,0.4986322790289598,0.00010980526964191281,0.0002894078589076434,1.3252585569596471,0.3600169391938968,-0.14023616159914487,0.40414194723633773,-0.00018686938442328058,0.00037696489037326706,2.2576554395842576,1.256479166219845,0.720836496775766,1.0165923464860396,0.046266259900484816,0.005980936736061965,467.74674597991634,48.011738476121614,286.89570646782715,29.82166875262254,-0.0001796868422957132,0.00031515241338869764,0.9719866262170946,0.6473426434809371,0.14022419044654416,0.1340285870619778,0.04524216401167834,0.005022617275121179,439.5883682119405,40.13674334016385,270.1407326664904,25.231550749809394,0.02611482104072634,0.005618450166948117,615.1596946419438,62.83937945299871,369.03630530782783,38.35464947233832,0.013615524713364458,0.009082201191880508,490.702139459113,77.84078566414622,276.86999366523935,45.5784466709966,0.031499108835247536,0.004810159551208282,532.5172859745213,50.46137307795395,330.49989214846977,31.19653223306407,28.24993333333334,55.046733333333336
L-CAT_B32.csv,8968ea34fe899f35e1e0aae2c06de608a88f34d80af8b120296db2f2bbecea5b,L-CAT,light,Arabika Catuji Mekarwangi,B32,5,0.03009661223905564,0.022377823132962656,619.8525540705684,159.43255318548066,340.91242265998403,66.99552535805702,0.000579533520253475,0.0006771699387410063,2.4519916924381397,0.44870657665628105,0.8979046955894576,0.38851322201754446,-0.0002432931621041187,0.0006728453930319213,1.2562528613610273,0.4110384435420326,0.07437014931117283,0.2586768228509239,0.00044671706259710395,0.0002854134937393414,1.9140878227134923,0.7928859262266147,1.0261369150508783,0.4033852412137098,0.01227458176889424,0.0054006626568246525,140.457180364914,31.526057025723922,79.1413777716737,12.646789211120693,2.7739251040228224e-05,6.202685097088206e-05,0.4617281506746022,0.6584139226909352,0.040056036783979995,0.2192313953480831,0.011079874845294688,0.0034830504841878818,110.83661972667694,18.764007908449173,63.02323437012224,7.321332555596846,0.009841771564047036,0.006397172626480868,236.66858519175153,66.43594142105333,129.47487338327977,28.245858320470923,0.002586246247641219,0.006966105086056507,144.78983691157677,64.85942934967444,73.39792561677368,31.104753547491846,0.009419475103143957,0.004260212814398739,165.4064408993895,33.83900564308338,94.5433380903518,13.384329867172356,29.59388157894737,58.97401315789473
L-CAT_B33.csv,beee43c608140eda08a5fd48fb720c81dd97e7a297b2641067c59d4462e97b81,L-CAT,light,Arabika Catuji Mekarwangi,B33,5,0.030080589895710785,0.015568490711792664,724.4560964664239,21.682489842946637,421.66116458868873,16.135485372038058,-1.3303271471788897e-05,0.0006068319522602034,1.7161330869598508,0.4935676598016379,0.5804441005819182,0.2949917789627756,2.814057092548766e-05,0.0005277469095588017,1.2806179604437025,0.9486949189472162,0.3803841550243633,0.739965080888433,-0.00046624089005648325,9.926463587893396e-05,1.2661912159658755,0.4959332170399283,-0.7603880061528693,0.3364223403520167,0.013349154299736122,0.0018020940056187981,175.39155843249256,3.8602510639764485,104.40197263878358,2.0740848488372774,-1.3624302992531578e-05,0.0004452141016704439,0.9517274948177462,0.6064391721433575,-0.04006810811801444,0.0894271927912365,0.012016806062312754,0.00024105559811832034,137.12836455750136,6.201978896389151,82.58420505794018,3.5970496200633706,0.008487426732426813,0.0023962792818325042,251.54599215866156,6.363354943991268,145.97832219058293,3.0608244615188607,-0.0027125643508954765,0.005805512835830505,133.44474251906908,14.902210155684797,69.10066951186899,12.120416883950464,0.010330975021818078,0.0014034879140349212,204.1364569358322,5.199392955567217,124.69395435429423,2.992000472147277,30.085533333333338,59.17853333333333
L-CAT_B34.csv,69de5c915f01e807176414bc36306dc11174b753adb5ac3b5ccbbe82e6d46853,L-CAT,light,Arabika Catuji Mekarwangi,B34,5,0.020425092252130777,0.012214241566366496,434.6881172821503,71.1977354540934,246.55785508990448,26.40025437539569,0.000467313409091539,0.0005890943600935837,1.7685466375927639,0.8258148430434205,0.3143762745936216,0.9762347262283936,0.00013463427747948805,0.00040798876728184166,2.237930663440087,1.0982939491365382,-0.5288023375275268,0.4778256311280859,-0.0002776807745789717,0.00010074358726375554,0.8162723342472074,0.20524216289122713,-0.37438877775454155,0.08287821790281685,0.010623171126741313,0.0025617442764443595,120.67002189269192,10.623430261528842,70.29466374557781,3.36813883740136,0.00011445930742760473,0.0003535223734051495,1.2151706274033576,0.5204489403743944,0.225782877786065,0.2669994526475164,0.010534322919843112,0.0018367666725195222,112.70942237054575,6.751491399861193,66.13403342126882,2.9232532404123304,0.006673770432084783,0.0029356367093445997,169.01648157008034,21.77409463303499,95.6749350284878,7.549444711705295,0.0017740845480208715,0.0031603594466638914,101.05905188078107,24.951654077375355,53.455684446085094,10.901414069951429,0.00830083190861097,0.002043874029989154,146.36147408243176,10.02365355157838,87.10866636246676,4.68297846639522,27.3758940397351,57.14052980132451
L-CAT_B35.csv,5b5013d6eb52d93525a24012c2a7657503c7977a6631d3f9e8ea965190007ad5,L-CAT,light,Arabika Catuji Mekarwangi,B35,5,0.04447163729745984,0.009426544268296208,988.705547802175,118.10588334838211,585.723380305324,66.77094423370835,0.00013731058282127773,0.000579836400342349,1.8707202086743475,0.6523092641314828,0.8007523126136362,0.6206866366497932,-1.3764628183994115e-05,0.00029379558620383397,1.5865889632699812,0.5034077145191137,0.22026412307155468,0.3115555575863657,4.0757747916702735e-05,0.0005048367505043704,1.5177625380079802,1.1160179648081245,0.08025234260341393,1.1125325875321337,0.022454613030200167,0.0034177606922846334,263.14449822065114,54.66046395935666,158.6487044013987,32.42614829802051,8.321772314668907e-05,0.00025655193116024715,1.309226053982392,0.28706954639445664,0.1002322024743619,0.3811355648443007,0.01910647230875459,0.00403653637327918,202.12016940838663,46.1635288718958,123.07876198750996,27.727292987287317,0.013694824690172414,0.0022383267039609704,368.9082437776963,77.63896953894832,216.9421995506059,44.916636802228425,0.000851491361212103,0.0043926226054526885,228.44816682790687,33.50923516302689,123.2693197024042,15.51389465138657,0.015869425667119335,0.0026608979957090362,297.09979916393877,64.73435464213757,182.40356905248632,39.4417771509139,29.981733333333334,56.891999999999996
L-CAW_B33.csv,cea9d9a1e3437f03867f81cdefbe332f686f5cada5529c1acc6b28429f59ef37,L-CAW,light,CAW,B33,5,0.0034644202759539005,0.00544256247428475,67.22736480389806,61.74842867289158,39.875130935402225,38.86634167796616,-0.00022068726966467593,0.0005719313142353792,1.26611341445916,0.3359504335834013,-0.09994447103502027,0.4797870389246471,0.000173851302678124,0.00021616859995735757,1.6399629313287627,0.2825219398580075,-0.002534514229713869,0.45611967083716004,0.00013072605461889153,0.00017541017165044245,0.7039883199067646,0.3943355890527299,0.31432470806351254,0.18983782922005982,0.0008376608953308886,0.001658956423868699,12.464568317524137,13.260272904012329,7.43855524037008,8.4699191623141,-8.987672853121591e-05,0.00024901866285883867,1.0152731474987378,0.45991906348835715,0.09149636612238801,0.23695886964584625,0.0007056603381720369,0.0022672935512808435,13.548836696354732,13.496713682203874,7.484587828501193,9.034839805553084,0.0014211417404342871,0.001851628694172164,31.026076259911882,24.135967073215284,18.749041141078088,15.11382146129403,-9.307685220225244e-07,0.001256564236017693,13.765211484859734,16.624240061970465,7.722669203164332,10.291379897790708,0.0011977975303011977,0.001505851531652646,18.42747377205245,14.443923623519533,11.234166366714735,9.082311159435825,28.68230263157895,54.320789473684215
L-CAW_B34.csv,17b966d271d7487d46456d21f8eb61f21bc3f641a6dcf576b3b8621b73011c88,L-CAW,light,CAW,B34,5,0.0010278787567557875,0.002436832201540856,23.397143111259503,25.07921684959585,13.909538864318346,15.743327862256177,-0.00013545909844581876,0.0005782565346746677,1.8486349312943897,0.5942946352590889,0.3602721232123062,0.9048902833144515,0.00016366873153666144,0.00029928060487135366,1.5643530958122434,0.49091673380351847,-0.28011997829934837,0.17898332366154523,0.0007682941737375941,0.0001783655720740236,2.4914593710484185,0.5392473950041627,1.520791944963214,0.34212181678081194,0.0006456713963490856,0.00025862979811635303,10.284512549120448,2.7177200064999396,6.40425305854418,1.6479022995549457,-0.00015067092015557223,7.510326441782142e-05,0.9696196188532686,0.15747140508216945,-0.20004791266407715,0.3085031599283457,0.0012942580498917678,0.0009480573809617421,13.27493440127943,6.3043751317763395,8.185445449601122,3.9694863136333547,-3.503559571955442e-05,0.00021234751564674985,9.097246090177402,3.584709467786751,5.443893260677684,1.9713117034475203,-0.001629314491693855,0.0003336651508709528,4.125032417692069,1.5427684340940162,-0.7198633519327021,2.2580838668900935,0.001010495390158707,0.00038340387164067895,11.658132591097743,3.4942711129047765,7.183495638855016,2.1961745196167386,26.547651006711412,57.470067114093965
L-CAW_B35.csv,aaf3d602d9498c0c6e7bfa7f0178ee6eacb718ccc8cfa2c9ee97f0f77b873952,L-CAW,light,CAW,B35,5,0.0067613065312079985,0.010786008600745451,102.90134521400437,113.55424448885812,61.18216617172162,70.92020882556166,-0.00021881733736960995,0.0006694085736961131,1.5543945182952537,0.45257275864448904,0.2349026611396273,0.3934041500716822,-0.00022198624283239986,0.0007137330976012867,1.7942636119856292,0.6264497426346516,0.18292449491062554,0.8357357932661296,-0.0002839233483737107,0.00017766314775525857,1.1514113199625648,0.3432418467022639,-0.23186125930749285,0.5589237781520774,0.001615172024950826,0.0020294180954306936,17.56464901860149,16.742029379180522,10.67313853437916,10.523097802065037,-0.00014551094884198817,9.91907546349588e-05,0.7441919047088479,0.4274611224512368,0.011340763931988984,0.12224571217315103,0.001866745054148204,0.002157139350240549,18.4042839131137,16.63038134630553,10.996718210949238,10.362433629052694,0.0019597777552151857,0.002515658540805157,34.430694408004435,32.06453029795174,20.80417912572004,20.06419480864953,0.0005666151186264251,0.002008676953789914,19.64228335651287,24.640431828157393,11.469327041935157,15.18006480865947,0.0017271978755211577,0.0017828692575790127,21.123638314229073,18.564478997861524,12.878945214036909,11.643320721799158,28.74165562913907,54.57980132450331
L-GAW_B32.csv,69060e46b948030f274468eab6b0e158bb49993da16274d5e9a6f1b1acca6294,L-GAW,light,Arabika Gayo Wine,B32,5,0.02742999947486663,0.016653668736701738,584.606199187642,119.74517320497863,320.3184748675497,42.02724897668778,0.0004209379292241386,0.0003329415667990696,2.052125060860139,0.5650767660862992,0.7148662952279912,0.44231909542478653,3.261958071253692e-05,0.0007623213132333876,1.2116486193256584,0.48119766808916403,-0.14015027690449913,0.5559398652277127,0.0005009506077157763,9.725481825314586e-05,1.6306297353340269,0.29093240819636024,0.9090148397815208,0.20463200920348823,0.014395331892204558,0.003529924024443193,174.86527620768487,25.357983049642133,98.58617086259356,8.09910743042023,-0.0001756819232547367,0.00011037759025717226,0.8110926847975073,0.4593409998773214,-0.16578755052703617,0.16968854109191467,0.013877181012439833,0.002963833750357484,144.98251162634315,20.681855650463152,82.37021510364062,7.903110718652405,0.010298266662479544,0.004873118133479194,255.47475309851689,50.03495273204669,139.01274370828415,16.643807237934187,0.0034110356357051714,0.005566608273294612,170.59535262924547,50.152671015236734,86.95280222116662,20.661627577827364,0.010892417852920389,0.002656671697912181,197.20052946875822,23.847549941628163,112.97283720869525,6.313610697960554,30.35980263157895,60.896776315789474
L-GAW_B33.csv,b18bd401235fabbaae04877ad28582fc852a2958f89e426e19da988fb7e1228e,L-GAW,light,Arabika Gayo Wine,B33,5,0.03763828197937981,0.041820224912455545,786.4230899892036,225.83549561895285,441.21790310747,100.07722826207882,0.00019874029582765134,0.000539343209708501,1.6509683561017348,0.48429952055012915,0.40346327296063766,0.6901695495800143,1.3893713094811956e-05,0.0003085461878381,0.6663026185020243,0.4416458147901802,0.051370476529539244,0.16600256505312364,-0.00018996361833534836,0.00033197392990551696,0.9695220678514577,0.4655108662565871,-0.1285555135874871,0.6090083211656803,0.01768757863993633,0.007154025303451595,227.3131685353669,33.312474085265926,131.08191525214596,10.847396577633134,-0.00015240244249958103,0.0004503414749995312,0.9558652102259242,1.0643787506567797,-0.08032035535127609,0.10939972315692806,0.015914531676195283,0.0036805413051257583,177.21661488148797,17.17864747585318,103.55849101794017,4.883588593162853,0.01020588820426138,0.007280652415749425,287.11204862492474,59.09580711013722,160.847448434356,23.115024517919807,-0.0009012609605543636,0.010101219538819225,181.84118575892987,75.97189580517878,91.4168712049142,36.86857406833523,0.012681478103504779,0.004513526542566532,244.21637768562627,27.519861088059336,144.22044196873816,7.1965667931359745,30.525099337748344,61.79728476821192
L-GAW_B34.csv,54fb44214273a759430b312013f833d0a8fe6ca5acc1e4258e6fbea7ff136754,L-GAW,light,Arabika Gayo Wine,B34,5,0.012362837158314663,0.008791919109915017,310.5956088313541,68.48753938990582,167.7166052919014,24.962781891676237,0.0002475912072876081,0.0003632576742414861,1.9424560868468674,0.9220884474962858,0.46900324884821404,0.638163743504195,-0.000198163609997371,0.0006290489120451963,1.483721790704977,0.36269187069378045,-0.05726515916922623,0.2751381216544355,1.808546838871032e-05,9.572505056959075e-05,0.43162747348552,0.3169471383353489,-0.01990500164246555,0.14904182011191058,0.007275254806251634,0.002304550704154376,82.25250150646794,12.476611248409744,46.15355452774488,3.616379663498233,-2.2796783673048895e-05,0.0002635629046096227,0.9172136719569206,0.4359650406119675,0.008655757109352569,0.37108520789358124,0.006848818009664903,0.0013600731466387715,71.87738781314175,8.714053866161258,40.64085735852727,3.063954335916436,0.00449189564766217,0.00235730314963655,120.70126650586626,25.228726943370347,65.45030419740615,8.885070229428075,0.0011783843302072964,0.0025517927360248615,74.1169468056512,22.41125636654502,37.47153894829428,9.481737521442085,0.005350946579664803,0.0015671487740533797,100.66546023527592,13.441467970120277,57.133253593616544,3.6716478018411642,27.996250000000003,58.51493421052632
L-GAW_B35.csv,86a0703520812e5e25b14387cac2787ff46e859086cc82556a6f8cd68a3a0626,L-GAW,light,Arabika Gayo Wine,B35,5,0.04542145286987883,0.028008078768408818,987.1905930041816,136.90373633225659,566.5609891809686,55.2534221956739,0.00031768733335830356,0.00045776142669405574,2.927573263182013,0.4222678682352483,1.4668659790587641,0.2553727036287916,0.00028430481405302815,0.00024400921216340626,1.3345369207146003,0.7844938978275465,0.43470631562470546,0.3268608839563602,0.0013074000227040934,0.0013205904850095008,3.6335439134951755,2.913479869939789,2.1266100950868183,1.849288636969262,0.02814672444165684,0.005434849013284168,310.5717062056739,45.3102541442965,181.88758603762776,17.11068233825256,-6.927599848751812e-05,0.0003252357123081969,0.5768598994020327,0.5329548016270664,-0.13724395018421792,0.19220997286575273,0.023044228834934906,0.00298393660526322,233.7591847484392,28.990879580447682,137.93112498266413,11.96515495720483,0.016105061375343076,0.00539478853403305,406.42072564774327,61.8151184712842,232.31374153901237,17.45339892848989,0.0036968760080161637,0.007948400424220651,281.1812494296372,68.7510451664933,148.15094479713088,27.506899792009925,0.019470742083312974,0.003699673034370681,342.0700543550171,46.428949933684294,203.51411822475836,17.662251024190684,29.598807947019868,57.817086092715236
L-GAY_B34.csv,58fea5d72ebb7e458aba59d76a073e9fff809e24f10f3bc5bf736fbfe52cc50f,L-GAY,light,Arabika Gayo Aceh,B34,5,0.01888231991344542,0.009917103506463416,449.4804385159655,81.37118187275657,253.45806270588088,32.299774522910575,0.0002618762760231534,0.00026731883033316383,2.0408683017496614,0.7811769231796871,0.6433881984978832,0.48046010180994475,-0.0001646748670331291,0.00043532920997592215,1.2002753334798586,0.7410626861472437,0.28314812471887535,0.6808286579438275,0.0003751500252535736,0.00020610427709392807,1.2052140821549384,0.44831957004569073,0.6345687728490763,0.24693761376631582,0.009075136937818338,0.002390663360608293,104.89033672085807,16.887764157260897,60.782634930724086,5.592004335714875,-0.00015201980119703502,0.00033999918201400414,1.394755258290645,0.4672496247598764,0.1629446462961698,0.5769298522441306,0.007551934928655271,0.00140893045317505,82.52618266666875,11.626613210698778,47.88642757821227,3.5296060957257853,0.005475318572914205,0.0023717380842875053,153.70886108255522,30.33849365981015,86.2122468051213,10.978139365410367,0.0005746486254685081,0.003051954929403003,92.12376925805884,27.741766143787302,47.80903873251933,12.92941626308034,0.005948616569656702,0.0017945062887661217,118.43741888336608,17.475619025018847,69.30100700537739,5.775187830150475,28.63503311258278,58.82900662251656
L-GAY_B35.csv,9217fe42ee36e480b4f34ba85fc15e60a015f7e1cf7e0104d0e931af0338142f,L-GAY,light,Arabika Gayo Aceh,B35,5,0.03966910939405614,0.016627666198632478,898.2424948062028,158.9159913982163,510.2435824364444,52.39922755338256,0.000305541004312035,0.0005722361425761419,2.413504971533137,0.6785343448549283,0.9778731717889861,0.6955365624918347,0.00014650916207031235,0.00043740529474362716,1.583873794621397,0.7455510848065265,-0.31769630179809993,0.5296415584546237,0.0002974673157930445,0.00016998897524122262,1.2229850012881882,0.687059877264587,0.6745864251064801,0.44063281212653677,0.016513433788881645,0.005371988534973973,205.00937439818358,53.36052390186713,118.00037357186307,22.89153287338336,0.00030712873276725724,0.0001867072477239083,0.9825093939649225,0.1871116782299217,-0.04566800907913717,0.4087970900484113,0.013182843006653209,0.004150756051566162,149.93277898620923,39.21599034204467,86.67384573890726,17.64518147002967,0.01109610198230789,0.0045031677673281955,306.52002770833906,85.16869984780494,172.60241131961254,36.68477810693644,-0.0009086003030710678,0.004614711752157201,180.5440218861566,63.673478530157475,91.80046737084757,26.19431256733605,0.010945586899294268,0.0036332625208560744,228.5343222868571,58.034223418387484,133.45488453934652,26.01302189959152,29.027284768211924,58.49013245033114
L-GRB_B32.csv,f64a1c209416ebf3b239351616e3ea4c157bfc85a7ea442f12d6a7e897341316,L-GRB,light,Arabika Redbourbon Gayo Aceh Natural,B32,5,0.05318725931655821,0.027340687009021283,1031.0308991390666,189.14407544411813,574.4200436128264,63.58405324915674,0.00016169018980591426,0.0006778681507272351,2.046635468841463,0.6933763327131751,0.7520512787429576,0.4244994341447094,-5.075433725178734e-05,0.000411318280717176,1.8320703747551046,0.43327936803429196,0.5661664836586905,0.618145395772807,-0.00026453940046046356,0.00011395483558626663,1.2808947946438167,0.18019153601460328,-0.731909992053469,0.13804202324392906,0.025464366176442498,0.006224025289087558,296.9610918082602,40.721359342784766,168.04628673085836,9.603553307096945,-0.00047370113069803555,0.00039042032599771964,1.2368146964459559,0.9466758112746176,-0.011290462167833143,0.46046267801391605,0.024176842225392153,0.004204142615877315,250.43042791179604,25.692268030675358,142.80031894763715,2.6336230524294475,0.019755093935295655,0.009156206389700518,456.1774545209602,97.62353276817163,250.7104594028868,34.51349503057806,0.007539404705447755,0.01063846388720706,306.9895889679554,106.25820908651683,157.19072036166384,46.25281109032101,0.0195950650899055,0.005530521148101917,337.2360836265553,46.06395780447113,194.1501907706292,12.036180422794045,30.535394736842107,59.01631578947368
L-GRB_B33.csv,74de8795f95e07f1f89b136f488f18768122abc02c51b0ab3a11c69fda1b6afe,L-GRB,light,Arabika Redbourbon Gayo Aceh Natural,B33,5,0.07819661486511438,0.043196525457716003,1457.6767981740172,204.0569326146474,846.307958058147,127.5926629594444,0.0008261429775284268,0.00040293782198520166,2.988318963101368,0.7443815453969952,1.43542281835961,0.8568484583003091,-0.00020062260700529446,0.0005146267060493396,1.447953692572908,0.8241890743061333,0.005735535223156136,0.8520599439806484,0.00029268977612279467,0.0002539108561975254,1.3807839899448329,0.6391096408729103,0.8205336970555457,0.4150128234871134,0.030993953782737414,0.005522278449289072,364.97858987899593,29.627315590368273,213.2851396132114,15.987292426024224,7.859454461398522e-05,7.236465946603243e-05,0.5210701925855117,0.4767326133854166,-0.1028611305627325,0.2953780957418473,0.026007072584205752,0.0028978801178975123,269.6329265702763,17.315392086281307,159.34162024152997,12.557581977942911,0.019029071942858793,0.006431566164338779,485.08819564525845,57.46342074486157,277.29947404591906,27.42250826860635,0.0021763147993283287,0.008694113871094917,307.2833180444773,64.28039927643125,160.8193728742724,34.27242985565005,0.020252971775354706,0.004207795886376511,377.349427248753,31.621256465615797,224.67524715818325,21.686028868989755,30.042582781456943,62.49933774834438
L-GRB_B34.csv,1604a1ffc9280d958f50c22ed1493bc23ec28b0c026aeaf55a9131d8911432af,L-GRB,light,Arabika Redbourbon Gayo Aceh Natural,B34,5,0.03618145290947823,0.02137394449580931,768.7355692854187,153.73431294806153,424.001447416592,54.47063400938788,0.000635482526141093,0.00047608474557335353,1.8204556044938982,0.604781012777995,0.7664541435429946,0.36607576949582216,2.9974921079796152e-05,0.0003879026272908937,1.4785498088933293,0.24296037731190018,-0.11145283042455115,0.5368206727356215,4.473956617989803e-05,0.00010658131731546042,1.0778612337643971,0.35038400496435984,0.41719732984841584,0.2879210316183375,0.01711433515898678,0.004569527774637383,208.1314115030545,29.3595997733178,117.17792091036026,6.649197081699991,8.322732814702075e-05,0.0003615023435392528,0.21908902300206642,0.4898979485566356,-0.039959900704501464,0.08935305434903683,0.020210039244002838,0.0040504713190384475,220.1336499376048,22.67734272576405,124.99829541688764,2.603469386383134,0.01594427898976087,0.007472497272877605,373.32539224217794,75.41273798700485,205.3530973943528,25.17465641346452,0.004117084147099343,0.0073441141155762574,208.34007630449295,68.7944941362622,106.33722393498365,29.73420619930301,0.014909369377476788,0.004084160701644755,263.10685565179347,33.11965382693827,151.15198756468345,6.379111947728048,28.95361842105263,54.986447368421054
L-GRB_B35.csv,fcface7223109800c03e5cff138c65366eded516657e022a8d779254ac71deaf,L-GRB,light,Arabika Redbourbon Gayo Aceh Natural,B35,5,0.04983066568935196,0.018050345222131843,1158.0060977025905,46.57222460354214,690.6391903516424,29.217318607524486,0.00012319743616591555,0.0005993271290047707,2.754100151017281,1.282055165625971,1.4809320659096166,0.8048628561963643,-2.7331388718713725e-05,0.0002852773770244834,1.4341013056426533,0.4233105319296307,-0.11993984544283695,0.6689120006855214,0.00043220009336425604,0.00012823009081768156,1.4930536462402604,0.29747018642349565,0.9205760171836899,0.19258326108282353,0.03229230793274586,0.0027034716192973953,357.0139554724086,31.329610553457492,217.13117863691892,18.90810902163021,-0.0002479274807791438,0.0010336952474425758,1.7734140355645944,0.6471115229063106,0.15994778057191567,0.7801984046287801,0.026523886032516597,0.002043269251233777,279.3299021824277,25.75814790399692,170.13415541949846,15.542344065662896,0.019065369814792104,0.003255614673108614,486.0402193621827,36.12591110202747,287.51557415653343,20.75675525744566,0.005861099826441084,0.006092468553445446,321.00399336695375,27.152261472773827,177.25230132878283,16.091342496507508,0.022168400173806405,0.002404292763184524,396.61289418214164,33.55466004270678,244.5262532128595,20.69217999807163,28.718200000000003,57.982066666666675
L-GRB_B35_20261007_190405.csv,036b5226a48786e548c3cd538b339ebd403d6c33137e67fd589c6630ccb3af2e,L-GRB,light,Arabika Redbourbon Gayo Aceh Natural,B35,5,0.07523723554646468,0.018623218800832807,1557.174475828717,110.14236144395421,906.4333156849547,50.47458173218667,0.0005348337985835656,0.0006179212796802013,2.710204216155121,1.0809677994365778,1.346719103405096,0.5955241303111504,0.0002890382125600777,0.0003131378325257876,1.7995974593035118,0.22762080437743537,-0.005339080847117228,0.44507254508079086,-0.0001779697899805436,0.0001238330032598194,0.8615056617554748,0.37272866823031386,0.16002502959493087,0.450716969627742,0.047814428113550765,0.008597732176519693,481.5316278425863,77.19432773258812,283.7143976620772,41.90181279509229,-8.771429751226184e-05,0.00046701542029283893,1.1990181683805756,0.21121305957084746,0.1515008200222872,0.4964208396575827,0.03699203228722621,0.0071456841593376015,355.2223705856423,56.94808420303312,210.37687332812143,33.14356661970671,0.028921755300299522,0.003766677148766988,663.4792021603088,91.56679006368431,383.8416269628785,46.06964767585498,0.010014414036444179,0.005805827299888059,469.2444033107887,88.49818709184987,251.50642188881383,34.13318193990333,0.03230957663826648,0.0042372411085737464,533.8798407612344,72.77283973169776,319.3993425991859,42.590663000798685,29.441655629139078,55.150596026490064
L-MING_B32.csv,690cc2a12ed110b9041c150fbdb266828119fc51fc5a04a4406b19912db76c09,L-MING,light,Arabika Sumatra Utara,B32,5,0.03928990321814601,0.02474573225199909,749.8185531383646,181.33837168452592,415.92675317102623,72.18302209917336,0.00011744386873919299,0.0004432855572120989,2.190200580975246,1.209177448600061,0.9233267042648803,0.632720491226057,-0.00012922868885567614,0.0005793423184507195,1.4780484749204548,0.93677596871663,0.039931946695153125,0.619404682075715,2.097897630326429e-05,0.00015975986611364016,0.5552489993133596,0.4541914272843089,0.23158431327360018,0.25976110078643566,0.014000257482952324,0.005398321565330866,162.2093999354919,34.72434135266236,91.68514095152253,13.39992690032703,-1.599694627792041e-05,0.0004775533519794304,1.7750229478964723,0.5032728730200088,0.3661163404396751,0.39187383814860066,0.01216781140206625,0.004068983107498986,123.96275006895227,24.567507216743717,70.49993479319157,9.341630527750072,0.009944840918444279,0.006329452531476874,248.86891611415416,66.57310448077065,135.58602276816845,27.71230813664427,0.0032469968787357103,0.007618829330648167,173.41743771049536,75.05497122603802,88.25865761929782,35.629324266248,0.009595342484825582,0.004324675818974546,176.9457062673188,35.81009576385318,100.88837921482936,13.447092720355363,30.642105263157898,61.25059210526316
L-MING_B33.csv,d934ec4efafdc4197730d121040d8a106a6380a85143612f94a5e4a88a5aebb6,L-MING,light,Arabika Sumatra Utara,B33,5,0.055156755759286136,0.02893148254351392,1103.8366530100172,158.93708191048427,631.6302232460532,70.85177521013647,0.0005517178162607231,0.0005293133782207568,3.212397674737943,0.4661471235988597,1.4872218673426207,0.5415865277177645,0.00018756512678011936,0.00020490283020149641,1.5759293885473353,0.5201520959210179,-0.17452397760126093,0.725472585769517,0.00021782318687715618,0.0004955734192829493,2.0118372308945944,1.1542553279710828,0.4975118772205744,1.2498301576465587,0.017455617424082963,0.0044741285670896885,219.9028880691516,31.935086872556663,126.97521936212664,12.040520510097142,3.7157144337163034e-05,0.00048323576313266984,1.645998017147162,0.9513305556436107,-0.4233437891518138,0.8368392781406364,0.014118753319601962,0.0027534412595432876,154.54492945004094,18.681478615703934,90.46834675315844,6.457974813319252,0.010607502886015719,0.0044399259121918055,306.21053094048295,54.04747998844215,172.09013048425206,22.622301885011915,-0.0020531844160825755,0.006220344242848826,183.3620783945561,51.60993371954504,92.58059635502246,25.40083741244343,0.010784583538360726,0.0031801974568878614,226.51865829324856,31.167239311223916,132.88147004130363,13.943277854087203,30.56417218543046,62.55185430463576
L-MING_B34.csv,ebd7f4318b6d6c11fe6b7978ebf26d8a73f2d2ea8846c242e67f2009b09b37a7,L-MING,light,Arabika Sumatra Utara,B34,5,0.02540174838971737,0.009768428755755768,607.7435227501121,17.74579370174746,357.5889727908278,14.499354271639865,0.0001095743551304576,0.0004941319125046926,2.0201009396473477,0.7899305298853047,0.7809366384671148,0.8171377224285518,2.77175623324196e-05,0.0005937013768115752,1.6216371808660093,0.2964221095687323,-0.5202839004110928,0.5174163768790694,5.385031386483542e-06,0.00024806203278665844,1.3660536915591526,0.6651102462915566,0.8004518634368237,0.45852689059060814,0.011222606458900582,0.0009599650401628189,137.2333589139319,3.167254568223111,82.86898098209421,1.668969870317656,9.699610614516464e-05,9.294898415359989e-05,1.1222773720262773,0.8806911350168352,0.039887812677979174,0.4397357710460497,0.013122097780558456,0.000538615272005342,145.35004356254174,3.671654321831907,87.77343022392543,1.8824782899538701,0.00935211579455614,0.0021076206315165697,246.7336943384395,5.5928613099098525,144.96470636668607,3.2839362010363184,0.0012050057671384015,0.0033754143777562423,124.75535218362452,10.011374876847327,68.04235006311343,7.93413549549002,0.00976843631813563,0.0012133973751334134,178.89983794847709,3.890369842418092,110.18816978204435,1.849365100407222,28.875199999999992,52.687733333333334
L-MING_B35.csv,eef535c6b180a78c3de16ceffb388bfa08efa22dbea743e22a27b17457781a6a,L-MING,light,Arabika Sumatra Utara,B35,5,0.06695812430627876,0.029124830661628888,1266.1997270616152,166.77878757912657,734.5924888941344,61.61077689987854,0.0005638707219768659,0.0001714501243611144,2.7494177774583126,0.8470797028095456,1.5239219724393105,0.5971196596195444,0.00014448586375163166,0.0002576792225278373,1.50521956521948,0.6065414871223574,-0.4060493493745604,0.4417307168181832,0.0007078469003045718,0.000156604186783749,2.284166719814742,0.4689292716179273,1.2862226744652006,0.2886764528815416,0.02564202825415272,0.005714162459039388,262.0946665958942,40.07148417703701,153.96418045875257,12.507207292261334,5.546883720127017e-05,0.00025632112668869946,0.9951856935051525,0.6610648941695026,0.06308541232879333,0.25619408212976336,0.019200231777335645,0.003478672663729692,184.65427308583364,22.736518839258792,109.1403177397674,7.717456190807628,0.017317858655960857,0.005280026127666922,405.2793019073004,78.76341773679407,232.53224929817011,27.654066342968587,0.004473264802888525,0.006887594580867746,259.22852968788743,69.00853868534486,137.90126156207953,29.9701676323854,0.016924589138341155,0.0038757959438324163,292.46738046388185,46.38657355036835,173.51689931370183,15.601779774300946,29.155328947368425,57.54105263157896
L-TEM_B32.csv,518a42ad01bb65ef4b96e60fa2fe4cf813eaf76a1fe16875a64d31ef77076ba5,L-TEM,light,Arabika Temanggung,B32,5,0.032027850005158745,0.02356465500795338,629.23348242912,171.9536926161209,345.5518191934114,73.07828544243037,0.00017175058916466202,0.00046324898224582085,2.382522151823748,1.054902165330869,1.0607440227207163,0.5376602715660945,0.00011293955977015658,0.0005395434080707964,1.5113640993104798,0.7323864183687079,-0.17130980120539413,0.7182013611547063,-0.0003796723052589221,0.00010444447936339576,1.340791447627599,0.2636560906323346,-0.7262275591418395,0.1482366682207158,0.011988565189044856,0.004666709481826318,142.14453586136813,26.88643380242089,79.81948408101223,9.294261614038863,-9.907436000045389e-05,0.0005807241179494565,1.1091543262394719,0.8188737290105612,-0.1256742559702019,0.5367098148851979,0.011031947247811728,0.0033212426446711444,113.29504751974446,17.20339867701218,64.41259861466077,4.792241107512619,0.009323286090904225,0.006117450394344101,226.3475400151895,59.93598455580399,123.30148859461194,25.052387053016773,0.002115251487169421,0.005948480418694033,137.79661619855128,55.703896081151996,69.73523369230897,26.194982146676644,0.008878016000591933,0.0038568107121788146,159.60673321279592,28.76508400980087,91.10912083523037,9.596944454652448,29.994868421052626,57.645263157894746
L-TEM_B33.csv,ea8c58278bc27692a99287f1a6dd339fd66406f4a23666ce36b9087fedee3ee7,L-TEM,light,Arabika Temanggung,B33,5,0.03258948002734478,0.01392864693781791,632.610369057838,85.77495477876465,358.5113935364353,32.40452323522726,0.00026928283898413686,0.0007955365166137919,1.601559350192785,0.7374005422852498,0.494497873506018,0.571904298683009,0.00022860882845600222,0.0007669565264844091,2.058011591084447,0.8835923062717201,0.13433125679757585,0.4514591108331604,-0.0002507424649672972,0.00017287557738920542,0.9954775875403377,0.4015973927717739,-0.49439320690448707,0.23647612063923942,0.009598787467400947,0.0022547260352026085,128.27756115162455,17.809430027535623,73.6441755366197,4.777501542071742,-6.926144247236372e-05,0.0004305983295694945,0.9949361530051242,0.6225974335830541,-0.028616844555907062,0.436061746562664,0.007777882779156404,0.001453334334402989,92.19934308755617,11.602503369771124,53.73192816469401,2.816148461435653,0.0078124431977017895,0.0028979466006725275,197.75162499853352,32.31772237822278,111.03906680464638,10.767511956683556,-0.00034721121984732724,0.004134935328370074,108.78670552611887,27.369372346357167,55.52770534092186,13.299436149300037,0.006440083334729704,0.0016296243752590386,133.8113672367053,16.64224036814605,78.3867299246854,4.141131410978453,30.653178807947025,61.33827814569538
L-TEM_B34.csv,6a84638c5ce8eeccd9075292109fd847211c159617e35031d242d91e5b187aa4,L-TEM,light,Arabika Temanggung,B34,5,0.01930631988700493,0.009177266949291817,426.2681507288723,77.49320137535207,241.43940692039754,34.061972674506265,0.0006023075832888325,0.00047626776042213276,1.6675402328720204,0.9699503241703039,0.5061722420577959,0.7032988753934373,0.00015978611897133257,0.00019838967403215974,1.6287703296933316,0.35433131819670105,0.10017725918955038,0.40047138364348456,7.148328617401903e-05,7.52986169992297e-05,0.5129121347156167,0.31008293661025,0.2172318123860423,0.19114763276168667,0.008026636550442017,0.0021412525158218112,86.54737844345387,13.39797642831327,50.41268628145796,5.417281834010916,0.00012166330278211713,0.0004814408558869883,1.3352286591753741,0.4616516016571181,-0.02279718716899438,0.46046716441043484,0.00612460338920705,0.001583849502786583,63.57289022365812,10.087180102985014,37.21895359995685,5.11026127571889,0.0047505521864197745,0.002242327632790033,131.49890827783153,26.27809104253427,73.91165347482988,11.383801711445727,0.0011528244292049778,0.002423972843158187,81.55662214218952,24.065294463434633,42.86975427276344,11.714709444554698,0.004905537162007233,0.0018136529880067738,95.5822714898245,15.71899236773315,56.00838886513732,7.574162276926354,28.173311258278147,58.1755629139073
L-TEM_B35.csv,d3ff3378eae9da918e2e77487ab71afe3b25151a3e9cbb2487cfd761ee7077ea,L-TEM,light,Arabika Temanggung,B35,5,0.046763091038066515,0.01913903874474897,934.0962382863436,120.6289642835746,536.3715652844061,41.68681524542071,0.0005538672429881238,0.0001334133932868192,2.253396641496996,0.9888146793573467,1.0124189605272327,0.4385860477363502,-0.00018275939117435281,0.0006249331710744859,1.286048836667901,0.31506293624939363,-0.1172627756274727,0.4881763151631019,0.0005333831707596442,0.00022695417319224586,1.587431472941177,0.7360321426822504,0.9405553023265429,0.49839263630212843,0.018443357051517534,0.0033516372356115097,193.92716755955718,28.362541662833337,113.31372333800773,9.608369934539049,-1.3816905902935145e-05,0.0003705599630582975,1.222573535515064,0.5537530476870944,-0.2743819423267026,0.5424711223604917,0.012185274511759233,0.0017826074429832103,121.21940985580473,13.023760699699407,71.24833788785983,4.163139089510746,0.011287467158628522,0.0030382494058707084,287.17651665164425,53.057142354115264,163.1447357158469,17.79785783412482,0.0019150969935234532,0.004762819080314248,185.71221810383605,45.22322477103484,97.55324372580239,18.330551401388075,0.010933648890908622,0.001925256860232962,205.37500124809307,27.93613689469049,120.86183792014083,8.860538325425155,28.5446357615894,57.56543046357616
L-TOR_B32.csv,0072cee894e80cbc5f9c16e2645b8f4670ee76b3fb1aba2ef32713095f693d7a,L-TOR,light,Arabika Toraja Washed,B32,5,0.02856024564549934,0.014310710613342563,540.6751502985301,117.43183403749822,298.23767772204303,46.197119041620006,0.00047250733450674787,0.00039055571051485323,2.377652526380364,0.9487503604283927,1.0123737563653727,0.6652810200698777,-0.00017014815562629246,0.00038070061701694934,1.7993044144768606,0.6081087046916601,0.06872502571691308,0.44220524383744914,-2.445848135723234e-05,0.00014751408112958277,0.48360611062283787,0.1264505656122095,-0.17432315646676028,0.14094765559677097,0.01127845761972074,0.0035816637248893813,120.83051737338383,22.094665776317086,68.32801920113282,8.812131968940509,-6.924560322621727e-05,0.0003435239985671263,1.1069614327607518,0.3187927482058886,-0.04581398272596246,0.38066589258944245,0.008140945365115764,0.002383720882632539,77.91697632267534,15.165399244592864,44.43772270642124,6.918519493718727,0.008042458408569247,0.004330450394028211,190.48160517760294,46.35494520046436,103.79286977224164,19.159732500703356,0.003458513942198156,0.005561468982427397,138.4391539738748,52.23497368060886,70.6445898495621,23.835916020267472,0.007246319427662931,0.0029348594301867974,127.33242781471077,25.55743923363626,72.69644522907873,11.097598582900142,30.02552631578948,58.437302631578945
L-TOR_B33.csv,e27fcfae1be2592005a3fd61934861370846c02f07eb4c6eab7e167ffc1bf7e5,L-TOR,light,Arabika Toraja Washed,B33,5,0.0396991394959269,0.03390791855150294,700.8456387464681,245.83399882692322,398.37376007366424,112.27102452340681,0.00021892973311372492,0.0005287267603704428,1.8118482558811866,0.8640065810370767,0.7147871850569129,0.4876102102059313,0.0002795417275680626,0.0007333973443457762,1.7381501833676587,0.4901113054606928,-0.45774436383573214,0.6743919467919887,0.0003613028352892805,0.0003728917881685509,2.2672424513034897,0.7849721335345888,1.3264056223848435,0.42601480996838254,0.011327182932481118,0.005871723212535537,132.3649455305043,39.265143491184254,76.88937075212593,16.832481879190958,-0.0003436909158055089,0.00034474707551888976,0.8915911864609747,0.4722267590343184,-0.22304701621113185,0.4218217663655561,0.012742966379582846,0.005732946789615354,127.37903483604718,35.7729206984326,74.3817309098155,15.180011074480518,0.009571861604245174,0.00811885792249578,227.56635688753167,82.96756303622945,128.13369319052626,37.69072290740186,0.002596541122678487,0.008013231338185739,142.10690436205607,80.9276508110288,74.39796596372568,39.62407233871739,0.0084924406634958,0.005211816508523558,149.85577074740075,44.22821460479824,88.1846404838895,18.91192934133324,28.565960264900667,57.56741721854305
L-TOR_B34.csv,6ae92ce81fe7655dfba6413d844aa1d5e24a84296537913649a66ba0a3bee9a4,L-TOR,light,Arabika Toraja Washed,B34,5,0.01992887181065653,0.008728547186549208,417.35963368852765,58.19932882679367,236.57877928477464,26.33847461825155,2.5059686014737135e-05,0.0002726267343703294,1.8128129448591033,0.5557006391536271,0.14619145422590413,0.47763685789957927,0.0007262280906686,0.00039824768614239806,1.782173470595008,0.7221418264792903,0.2231163293332991,0.8232078384828738,6.521483152328827e-05,0.00017897257637895445,0.9310598836507292,0.20349291466870004,0.4257872814941521,0.15740777118274946,0.007337672569406978,0.0015405081097301081,88.23242996290574,8.489083885663597,51.584932551991734,2.5385535488966324,0.0001849604236026405,0.0003317832219418041,1.0226098266028698,0.6200831354227653,0.005778534541961559,0.26095074894834847,0.008735985377022911,0.0016204829892784178,90.99748918574736,8.062022225362858,53.59505272493067,3.426915990341818,0.006444416715650411,0.0024395745637021725,154.26916897365817,20.73172400503931,87.72008942266295,7.874611067208107,0.0010141991486359947,0.002517586869047155,81.99868418179702,17.6659674864994,43.41320873234624,8.350802223008383,0.005812395501912812,0.0014606150548060045,102.17373980470225,8.925167667963086,60.987579921633696,4.031493316700406,29.54046357615894,54.0269536423841
L-TOR_B35.csv,817a7db76c6a4f89a8fba345ff06663944b009b82fcf3e6e667517ec8275e6cf,L-TOR,light,Arabika Toraja Washed,B35,5,0.060269721626021545,0.04333741843857671,1012.1310746046031,220.75535427556707,563.2882345154667,90.66484756043141,0.0006430578422474448,0.000151905694165876,1.7540851121541838,0.47852040097451015,0.7775120139458161,0.3881424411724865,0.00024987075500279766,0.0004966423226947313,2.243631974520601,0.34055511590537396,-0.21711035927828587,0.7910298434191009,0.00013945010992704831,0.00013704298151455315,1.0246886081313271,0.47873086084356514,0.48020027067923027,0.3449329569859947,0.022304769083057296,0.00685535019839813,208.97314357771043,23.795445903127966,118.88268102491068,4.892807332842237,0.0004808042228647072,0.0007979226674258374,2.2102720213276257,0.6000322127494749,1.0808553267399268,0.3642147891479382,0.015087549196573184,0.004086677466372409,137.63739696998346,13.80067730797951,78.54653732290744,3.8322886358963593,0.014984217161127847,0.007975270833975822,322.04164731495973,59.93945620374387,178.7917086759647,21.70485831250226,0.005005243046577369,0.009980905899876763,219.143246256002,78.03757871784119,113.06382742164604,37.347847895956086,0.014419393228260444,0.005469741318233547,228.37349838688215,23.15487442932035,131.47197060483438,3.149776036206863,28.56098684210526,54.964013157894726
M-CAT_B32.csv,be96c2d8ed9f01ce2330d5ec568d0aed00964f3aeefcebb0ee28f7f10eddf62c,M-CAT,medium,Arabika Catuji Mekarwangi,B32,5,0.040142309364949114,0.02910506954205779,830.1188459041372,193.1897653262517,458.07323668891,77.92934154110664,-1.3410777229696081e-05,0.0007250254387251736,2.3093288784002994,0.9176510761538687,1.012401218683205,0.5229191321464683,-0.0003378375966659335,0.00040398308618210324,1.0726042594014327,0.6672581672229373,0.02576310222793643,0.2682014493316296,0.000358531642431389,5.8567178020689996e-05,1.3499540918850552,0.3493278363564723,0.7174568022146016,0.23969082340669615,0.01810482688472831,0.006220361207287588,207.50589161689845,35.23690556331981,117.291730218955,12.391545110477935,-0.00015256588072123947,0.0001581380617335954,0.617063484204116,0.5692458349231426,0.017178806622454225,0.394921364713432,0.016479085698426297,0.0037735884194335365,164.83963828208545,19.34059798599083,93.99326936958728,5.49971644452177,0.014163579873913206,0.008953212527925204,338.0323718147194,86.0819542063112,184.783201337427,35.66711715928773,0.004482499201213433,0.009319155055092733,209.60271627773824,85.37306363587878,106.90015792274122,39.81316117596199,0.013681863522281701,0.005143992313505524,240.59324377426896,38.84656328924938,137.89403379776087,13.861955272192679,29.569802631578945,59.27947368421052
M-CAT_B33.csv,7cda81773eb1dd46c748f6fb7e47766dfe7b9c9084f974695d96d1bfbe875615,M-CAT,medium,Arabika Catuji Mekarwangi,B33,5,0.03541425340526459,0.016326009597742875,869.3583189226754,14.408908699995257,507.9893677827855,7.736675864398756,0.0005778161502063583,0.000525129697236698,1.803171674142471,0.9928317541068072,0.580339976532313,0.6020998956067195,0.0002211280049519974,0.0006167023924880516,0.9108220532773437,0.9154255753907876,-0.06018413762662569,0.1516060700856824,0.00011225179202420948,6.119960074521552e-05,0.48741718030204123,0.05505102572168222,0.06012812246277662,0.16738516703257802,0.01467277424685454,0.0007060055217404398,199.36168959370468,14.259940495289152,118.5136055376158,8.613612698756063,-2.7739251040228224e-05,6.202685097088206e-05,0.17888543819998318,0.4,4.00480333728974e-05,8.955012525528215e-05,0.01336882182249052,0.0011335523136696587,154.2479519778323,16.4905014570639,92.83260451644364,10.220132253239461,0.0098767008794832,0.0021595945965361364,296.320776447204,18.09687285576389,171.27952327397796,9.84375908886475,-0.002089619066942277,0.005134902556577533,151.78671519488748,5.437496016792735,78.84929354055905,5.77649377674788,0.010516162724960934,0.0009391470019612847,226.15587137858424,13.35673243130818,136.84509584893289,8.361379788835562,30.19333333333333,61.874599999999994
M-CAT_B34.csv,5b7fe8ab02eb10501ada3d0c1ecd7da7ed7a86be303376b49c5b4c6cf49e5bc7,M-CAT,medium,Arabika Catuji Mekarwangi,B34,5,0.026856280596966632,0.009325091791738882,643.945814925109,22.507983040394034,377.888156425523,14.817874015741754,0.0002737376775480758,0.0008563768424301679,2.292363790610371,1.0398727395085732,1.1009002347367294,0.7383675454960031,-0.0002057518536325863,0.0005958664797677199,1.3246698809564434,0.39567933116167653,0.26019991650300184,0.7097550548251499,0.00036516221789052424,0.00011212312055425855,1.0873821201371119,0.2683284480029081,0.6403358555354978,0.19502914297234591,0.014678559867596244,0.0014583403355308308,172.64134540051145,6.01101679224298,103.7072708439975,3.6985673808708195,2.7681538821209677e-05,0.0001989729864517553,1.9141119273365177,0.4951963368554953,-0.3201838444782246,0.9527915517384692,0.013469041708710014,0.00029357486023014884,146.79417885090498,4.196584249202347,88.77420263279721,2.4790337587309126,0.008976923699466493,0.002276813468641753,244.53956783013692,10.233509017551503,142.62422500862385,6.506397042463975,0.0016926194213261643,0.003639806666976168,143.68866181273492,13.239546181114742,77.971749856804,9.112898682616224,0.010597131309419883,0.0015289140920339516,202.94008347721257,8.919257134284626,123.86194042982986,5.44041066842313,28.568533333333324,59.507066666666674
M-CAT_B35.csv,bae7b5f6d1df480775eb880337bd1d9533c97dc937f31b9efe1c32e2e527690a,M-CAT,medium,Arabika Catuji Mekarwangi,B35,5,0.06598504253227665,0.028612821866893946,1339.8791889555882,197.85870064596634,773.394583918237,61.19722771497617,0.0004924620967456078,0.00023401453887499096,2.8324638611810107,0.7722924276978584,1.467032032088945,0.5369181628051458,0.00019726540927618,0.0007899097887835354,1.8880481958070683,0.640904969206637,-0.3284997757177954,0.5010093954436503,0.0005056052549420127,0.00024244487227839228,1.7591729195807626,0.5461730178558687,1.0148058342442856,0.3680218084112156,0.03560921215151722,0.00998146772876941,385.74182833961623,90.38884888734471,225.01469022928683,40.275088965442016,-6.692609572304451e-05,0.00021356251821380142,1.926505745762766,0.22888027677254988,0.17135089552835367,0.766898328095535,0.028822885066809384,0.007930798838894844,295.1826618513931,69.80720004346004,173.07652932806258,32.535107899039716,0.024828314452702713,0.008124760766144922,569.719302075204,129.6745453832191,325.7855497600009,52.914776917121166,0.007576433696567378,0.009703635602567939,381.19762972873906,119.32770226630392,201.6808229468226,48.934403860787775,0.025420187476441057,0.006234646358931651,436.0288712387284,91.68712727450071,258.7680070932763,41.025044289619544,28.943112582781463,58.1982119205298
M-CAW_B35.csv,6dc05407f6a9cd188149e40dd25483843e640b2518f5e2a0df5c9ef8d54bcb71,M-CAW,medium,CAW,B35,5,0.0015207650590084048,0.0021109851358860504,23.99825216631818,19.554322613399897,14.112283152298389,12.276758207474286,0.0006176621595186155,0.0004207495809610875,1.545871968657026,0.37128132278713444,0.14564211717232592,0.3292667473111963,0.0003628561902788026,0.00041761122597162734,1.449195722031885,0.37610685412827954,0.23762031044411272,0.3460258196800118,0.0029640993629844498,0.0038806309582431796,7.709800308423098,9.683253103785189,4.770894731700985,6.203187011427012,-0.0008710954494911621,0.0021340720213817695,6.140456438683278,1.1769282358997206,3.3658589571620112,1.1653947484586697,0.00012004170864429185,0.0005133746956847606,1.0836778181517233,0.27151362714248317,-0.1772330478865495,0.5759836093773189,0.0013016796568899997,0.0005853351898552955,13.076587806470007,5.329499430021535,7.867946592864934,3.3618446856631308,-3.183991109375165e-05,0.00038522137994402485,7.848626318438647,5.3353067211320635,4.3146491259527675,3.888393153894415,-0.0030045580896482264,0.004209979341377072,8.975708128583332,12.691039995003187,-4.13215399474757,8.874110344344057,-0.00040782090694986865,0.0009931871972628924,5.086339161299362,2.3635656158208573,2.8668699348941917,1.655212775351276,28.950065789473683,56.223289473684204
M-GAW_B32.csv,7afeb1604457e67ee4005eed53d5fc86528482cee982adf3c5f9c8a7a73bc0d2,M-GAW,medium,Arabika Gayo Wine,B32,5,0.05910679616475188,0.03488249267971876,1163.5491686448754,202.80057572799657,652.0863382572704,70.50915551227367,0.00033949756964658795,0.00032492002081226925,2.442022800069294,0.7443044661027428,1.0862976442003303,0.4686191461217497,0.00012216254230479773,0.0004963352181711494,1.5119794455857982,0.7910316229398866,0.22308479138843856,0.42004285918359247,-0.00016724389575588095,0.0001415899775442278,0.4055463423987537,0.4313720805469539,0.011369387817887622,0.27779761429120753,0.03120272469306092,0.0077782552802910365,355.78267676381364,41.13109501098773,202.32096333721762,6.711994040640405,0.00028203494222908123,0.0002627127460188526,1.1225475547751897,0.30253165247948827,0.05718336424480623,0.27479526645103813,0.031952188499224606,0.0049249392484487006,318.31166055385063,24.069000345798305,182.1397613735009,4.498237615388812,0.02382778029038836,0.011566339529890786,550.8590261903018,106.70277994273206,303.9992288723296,37.66788356779669,0.00863388215784096,0.01189338358646831,354.2281349113838,107.8238248865703,182.89516097280494,46.468712579513934,0.025836632360337612,0.006141360335775187,422.948716402005,40.826104198626204,244.94407836262408,6.979287405654353,29.729736842105265,57.619473684210526
M-GAW_B33.csv,ae967837b817e3195201a3cfd22f1d2c284d1b026dd7792da7efd3a8f5b70e3a,M-GAW,medium,Arabika Gayo Wine,B33,5,0.0629353283705811,0.03104676094960375,1302.8739872322308,181.592377984281,746.5330502057232,61.61127383201854,0.00042176026442960286,0.0004679100807480755,1.9459289103871846,0.6646057813841086,0.872127300936485,0.3045916929350999,-0.00010848200168584944,0.0004637884463621103,1.9080769655737047,0.49063176973721606,-0.4975704183739385,0.4398183459882545,0.00014448636522255677,8.697330386935204e-05,0.5374116131006041,0.3614590077691036,0.13162956674938925,0.2619340935350283,0.02562272330199311,0.00671545474971605,325.3271183436076,57.218434568520664,187.41366405902878,19.782613252951354,-7.396169774695374e-05,0.00017023934512286972,1.2401181271987922,0.30708379134670644,-0.002869232307582641,0.2510292562149886,0.02328090311183729,0.0056461475061701455,255.34841896385987,42.49360146917815,148.8688031221938,15.780653576986067,0.016440461756703394,0.005444482534769282,449.4709275638672,85.1643896253756,252.87621363882886,29.535710415556828,-0.0011862103640938773,0.007928818277749756,264.9823618204482,77.86094381484224,134.05419107995976,33.10887356414355,0.01907661778985843,0.004040901271525903,364.25621700225287,51.15542137130957,214.46525293660315,15.379607520503695,30.311986754966885,62.72854304635761
M-GAW_B34.csv,301971f185d99b6e1ea7f1c3c568c38e70ea8c404f2dfe057e8a43cee35eff40,M-GAW,medium,Arabika Gayo Wine,B34,5,0.03970402165894678,0.016896984216317683,929.4371689815414,46.134435560349296,550.6153003362793,31.130957823770824,0.0006578535042344512,0.0008214014158075077,1.969881180106303,0.5696140538371122,0.9608283854971222,0.4162631648815425,-0.00023329056032082634,0.000548272677497141,1.5278327090610833,0.4818288247955266,0.20004392870457344,0.2552337427562985,-5.6829717158442204e-05,0.0002437726014557947,0.9576936904845169,0.32175844046067037,0.21989570126268693,0.238893749936193,0.01867995739254498,0.0013848713215175357,239.10727571692686,10.915052635553277,144.15172732529604,6.317379911980342,8.335235306853317e-05,0.0005747390557899947,0.7366563145999495,0.4143330094260234,-0.08003601278953007,0.3349223391588793,0.0248709993325809,0.0017296435645525598,275.9627422521911,15.550116102892028,167.02922982210043,9.539712909390122,0.01628627240285411,0.0039577599970942335,422.47490021395714,5.7378882446963315,248.69810113881425,3.913224252034993,0.0021078649711071167,0.005212935745891044,213.38160554656798,9.836819504345625,115.99838100937875,8.8051043047471,0.018429526627206993,0.0013658359090723022,327.12244321660074,11.049159696659038,201.94834690664783,6.584909486239083,29.005399999999998,53.162733333333335
M-GAW_B35.csv,b796c77c41d2d2c8d8432f89787535e41ceeb165fcecde59e009837f2d92c6e0,M-GAW,medium,Arabika Gayo Wine,B35,5,0.04347417848196656,0.01330605051091806,950.5226380438442,170.69771490673418,546.3577310028854,61.85812941979923,0.00039206802116150227,0.0004243102336941607,2.1872966603629904,0.7818780698566771,0.8578611423496568,0.6086017118517338,0.00022915485937347992,0.0003380451342813954,1.7636118736208288,0.6354196374807791,0.04263278492436597,0.4548270329268141,-0.0002065278992832017,0.00013118874198324938,0.7863485236915726,0.41077568790858615,-0.42597782654894045,0.2720791538335219,0.022614682920461825,0.006366937167006868,250.10849859566034,63.90141101296101,145.66566620394826,29.559390962062377,0.00017093686188703066,0.0005231182648180283,1.2996136406132728,0.6367276875411978,-0.22025609515912475,0.24929601521285386,0.022869425983359025,0.00667937231401827,230.59746845645964,57.47674393619366,135.28819554487137,27.810231822682113,0.016114144675427728,0.004425646113212938,384.1583045722705,94.35922292953124,219.66156550039977,40.03847452150785,0.004271009354671194,0.004902505079556455,247.29332656717875,80.2535874224533,130.47199503950225,32.47016356147016,0.018815240656127268,0.0044531648351714085,320.8613304469877,72.41166996004752,190.70139075797601,34.22761135311083,28.658410596026492,55.94920529801325
M-GRB_B32.csv,1ade1b3c2ea6cf4059452be0780e6d095d1318e3fc94df2da5e1d50795c69571,M-GRB,medium,Arabika Redbourbon Gayo Aceh Natural,B32,5,0.07157758211497725,0.03870341443028332,1381.4651288330049,214.41065879835574,778.5686999718952,67.73943365025539,0.0004964552909582908,0.000351643697359708,3.0099140060967513,1.218136046676065,1.4470187969914414,0.500099959622563,0.00021006463527238942,0.00018546402269390842,1.1054906747465312,0.19755917272361853,0.2686795717608443,0.31135280353650063,-0.00017356412908536503,0.00012615280475239976,0.43589508172997987,0.2661347036518371,-0.15152430918203236,0.1105861448696455,0.03686724352101952,0.006947591163868125,423.0480684591354,38.959569422373846,241.5402868226116,1.695047792022909,-0.00031668978270919595,0.0002053948509563346,1.1962785404628569,0.35751046656250157,0.005690966518041843,0.6238949701267132,0.03734798281029355,0.004853825051514122,375.08668477559166,21.001951418933377,215.42802538428901,9.1760340521822,0.029935176778673505,0.01392576247988898,663.8319994165097,127.10286131718502,368.5051412392994,44.927002339739616,0.011807368402821395,0.012751993897466127,428.46613532372373,120.93554178820733,223.01990692281532,49.773689127495956,0.028462163321437334,0.0065137772668636415,476.94316076412576,46.259162159943614,276.33636941425016,10.306197393179172,30.14151315789474,58.91638157894737
M-GRB_B33.csv,c1577412db8c66cc2bb1c20acad7f1dcf85e090752ae3f89e1b71f938455646f,M-GRB,medium,Arabika Redbourbon Gayo Aceh Natural,B33,5,0.07135040720837849,0.031487478548563576,1414.7680114608331,178.4271341022729,813.0339475595929,49.28138026638356,0.0005630090946058821,0.0002585725184930072,2.3620164110625366,0.6654057100789977,1.126817292424935,0.3884273251518212,0.00011812061203149405,0.0005869539072439929,1.5240838465116604,0.544481896854961,-0.014411890368429114,0.7611073758693822,0.00014008869802803863,0.0001046132831052624,1.059094113416602,0.2540988790304746,0.5376446464422092,0.2082463538612903,0.030691270169026695,0.006879620904945834,368.78006098916944,58.28964977618716,213.80733080328696,19.0166118806518,-5.7598598265194905e-05,0.0005240989313672632,1.7038805034626505,1.0782651362566154,-0.037147830217921785,0.7468580553369413,0.026970738223636694,0.005764962382644738,291.4235430734121,46.93495333800378,170.62438245800587,19.533496622445323,0.02045076048680754,0.006474716929363049,507.9969052913928,91.72974945254309,287.64466968814065,31.311158731130053,0.003284804412867972,0.008458910459375276,314.78466698820984,84.53879850736577,163.8145708101071,34.6911233625851,0.021414861147857456,0.00426397634347968,395.145329143164,52.00275060442232,233.79915932511932,15.089613468823758,30.51509933774835,62.44403973509933
M-GRB_B34.csv,358c0103c5a85725be77e198aa67decaa38d1dc93af3efd019727559d2436fb2,M-GRB,medium,Arabika Redbourbon Gayo Aceh Natural,B34,5,0.048299621529950036,0.021764658018594424,1048.2484367595407,176.00322498647847,603.7950373214641,86.1449862413005,0.0002096335742591226,0.00046107686041592795,2.2777480565999033,0.9254709098539361,0.8263973633202685,0.8507237205438383,-5.911275485018131e-05,0.0006375802642251643,1.3550901236104358,0.14604832345317537,-0.09989119297884419,0.4528441764450363,4.819280947976428e-05,0.00014944199028756508,0.9302372977048983,0.33164722087638143,0.3775314703645058,0.25744289922238417,0.02640227499577888,0.0075410750723846585,300.62276631559047,50.82280130629384,175.38212542126834,23.628805034921836,9.689532871001045e-05,0.0007768011946324704,1.9635206868528172,0.7285143377973439,0.5431267125065201,0.16674845395628954,0.025776648487938546,0.0055733077180597545,278.58439488447686,38.61166048267033,163.74408733975798,18.3065559817883,0.016150507072465868,0.0066434062461863475,406.0668104378996,81.34237411084447,230.5031351686609,37.91043990673899,0.005609664334898692,0.006596960653403357,262.5586737124324,73.90192987755628,139.73916836810693,35.46183244844572,0.019262061574627686,0.005423173749651221,346.0149827905614,54.56561437596046,205.72676019243485,28.713352292002618,28.55344370860927,59.428145695364236
M-GRB_B35.csv,f5528d5521ae2598a97aaf1f4a0fae876f34b7baf28558b8bbbef4c900016858,M-GRB,medium,Arabika Redbourbon Gayo Aceh Natural,B35,5,0.07972149941579873,0.030442382349679293,1664.0473780219083,203.3879821663083,970.8850003412923,76.90250483250004,0.00021452209013911352,0.0006378580434226131,3.196767408674417,0.7858208034997448,1.7614000407639374,0.4832725931277778,-0.0001965865735181731,0.0003199495665849292,1.8295112494764514,0.8412950741063211,0.02839309109459327,0.4865646934755171,0.0007858483949820027,6.786630333601136e-05,2.7859307010057996,0.6441306763059303,1.6808714693833076,0.4209054616095974,0.05137125871491151,0.014103769386361983,528.4881400447393,115.918321632367,310.4955096591513,54.02008826497733,0.00018923465684918657,0.00042586380262675706,1.2775261222158618,0.7593256386339101,0.26863268703137544,0.28799464676181796,0.0426980909512414,0.01232334027950908,412.43262102866373,96.04547389622228,242.9556536887814,47.8664681748595,0.031997153033339255,0.00985263539110041,726.1004370532424,151.69298205760734,419.04267251470975,65.8750403061219,0.01217019184167655,0.009750935715579796,506.4635749815731,153.53371189342153,271.5538164441814,65.62494460950344,0.035245337037452515,0.008593491021527469,581.948384774869,108.20773303728244,346.8456577870112,49.981705578967016,29.036225165562914,56.55907284768213
M-MING_B32.csv,c8be2bb4fbaa599300e6308f82493b3cc8e48b567cd9503eaf3709ce20cc7054,M-MING,medium,Arabika Sumatra Utara,B32,5,0.0584970986746431,0.03639494549685305,1182.5107656415644,222.9962699850641,661.9848743597626,81.31192487593172,0.0008713935505307204,0.0005780215455116034,2.3710773787957486,0.5751725071986543,1.11514219066617,0.602388274935525,0.000290227068643239,0.00020878727369244023,1.4965866141512358,0.5325588852535543,-0.32320879091391347,0.3122413834700718,0.00016166785625909262,0.0001607537150342213,0.47850995102617644,0.4971102662332485,0.2458755850047945,0.26014934126522343,0.026808360244754005,0.0074680984319285245,306.466396516741,40.66490818327991,174.15321374864257,11.532287306073663,-0.00010622806739314534,0.00023082764834151534,1.2265048290498257,0.29372444069823267,0.0915810031380448,0.24537996326607442,0.026866239433032187,0.005303893004710223,268.96950302016984,27.208296339295234,153.59132109246767,5.804533692298213,0.02003813119480276,0.010498429549112892,476.704616737579,100.9833838296221,262.64241424243244,38.11634647922005,0.007402866699038647,0.011211080377104827,305.7460957239155,107.45637651458644,157.2877277682458,48.75796424156224,0.020834645477706852,0.006611355967702495,359.20745188808195,47.73991832581805,207.02289038898112,15.367157616905967,30.07901315789474,57.99493421052631
M-MING_B33.csv,10f943bb6b294bee5c6e3e7909d0ad918307ba19a5f3bceed07407a4f4fe344a,M-MING,medium,Arabika Sumatra Utara,B33,5,0.05957223279663022,0.022206722774137017,1298.8303538013442,27.210109432780246,768.9924272333994,17.411209342758386,0.0008235067887448456,0.0005823746293657895,2.309910603764867,0.3246401904698303,1.2208762869657266,0.21681387434830432,1.705967206019985e-07,0.0006099698000939929,1.5837208364511115,0.7515220490699124,0.0401120864236829,0.49812412668466577,-0.00013842076728080255,0.00016904768139295548,0.5770815188440993,0.18363319623840954,-0.07991186071132439,0.21685615493289687,0.0253586277440511,0.0017372560171793243,300.60128912337643,20.275138019390024,179.8008155018348,12.47486750160089,0.0001249036296838672,0.00027052184980935697,0.6260990336999411,0.6,0.12014007519591985,0.26848473894279823,0.02180925429064483,0.001998516809792967,231.0883633280727,18.846363520341136,139.80819348447207,12.084403211200055,0.017247636267823573,0.002884616041264207,445.2123164609823,24.046134602211836,260.7297109467516,14.671157031765876,0.00015298080131354638,0.006869853351398851,241.187734568385,11.996702347430299,127.69027172864863,9.64130484833091,0.018672353069714546,0.0018627198443039459,348.11945206995995,16.81469188354571,212.87972956953863,10.646740559185345,29.573000000000004,59.12299999999999
M-MING_B34.csv,5b244c1b909e73e0a321a56c5a1144021fcccba3bfdb967796221fc46616cc3f,M-MING,medium,Arabika Sumatra Utara,B34,5,0.04163701003741355,0.018123849774072248,914.8901329218692,121.89133488243678,528.127267706757,67.74522738239739,0.0006557959581103178,0.0008117618337676438,2.181319688931363,1.069566353723389,0.812192645029084,0.772355608674772,0.00033038398348480695,0.0005336718717188413,1.5442486011412992,0.7376451195130522,-0.18339608649021208,0.501850438397714,0.0007511518490960939,0.0003027042652291872,2.5684856712560884,0.8776493390625142,1.4750623251374635,0.4899289674577065,0.01706274209607455,0.004109370129482533,212.58654519004804,24.85811749106441,124.46223785593845,14.006636141919033,-8.318890814559951e-05,7.594073587595018e-05,0.5366563145999496,0.48989794855663565,-0.08016015042499966,0.3348073238835803,0.021650272528721086,0.00391508854029921,237.24696480017823,23.832690078518986,139.969763522385,15.312575078243293,0.015460985826067456,0.0055441851359858884,386.37157668290513,52.66661733132422,220.51429566775383,27.300759340110567,0.0035490860794319566,0.005897647343973642,209.9852929756318,47.30006255199465,111.54772847488418,25.079739906163205,0.014883198229775765,0.0037139011361977973,272.3104804975884,30.871012789222643,162.46824187937202,20.520319774343925,29.019006622516557,56.004635761589405
M-MING_B35.csv,563b4c51c51779b566683167b0caa4b75ca7716012ff219fdfd174a0f8d48175,M-MING,medium,Arabika Sumatra Utara,B35,5,0.05551962707588147,0.026996024174609376,1271.0553748455668,135.77506249398087,763.9472810308313,85.14414487918155,0.00031407699464932524,0.0003997686958886999,2.325468703566326,0.6246952344279073,1.0606359459214831,0.5461012385760101,2.8189074192131465e-07,0.0004168673205709167,1.2861610650636648,0.7630446536034932,0.12034828408050298,0.29531302891127775,0.00016341252084448566,3.42435053585945e-05,0.7993077471954629,0.22668018570585788,0.4602319117140823,0.1516810992046812,0.029561650207513262,0.0046088844056512545,312.8557641452357,26.806035726601205,191.36709656190254,16.421208938561808,0.00022098989179806535,0.0001329225621691749,1.2792142827490347,0.5044933334679373,0.0001882425419270084,0.5524870821749683,0.028473104843952463,0.002445114905165367,284.94830592079234,21.68936815788242,174.47484994967758,13.103117374351164,0.020094120202848488,0.005636119468300808,483.56196659540666,52.149598061523875,289.1707717506838,31.760066310207055,0.006916168276269885,0.007983550476536237,313.7887023489584,50.436969057388474,174.6666444983224,31.560079500217018,0.021704950526093395,0.004817968734373472,379.35077138619135,40.84348553780603,234.79305324615666,25.64513452106186,27.95846666666667,56.93366666666665
M-MUK_B34.csv,262c15b869311ffe897fa36e6a8e36527cb47c1952da4f2bb71fa177da34e83a,M-MUK,medium,Arabika Temanggung Mukidi,B34,5,0.032099897122485246,0.018308424401779176,702.1608795717245,131.58292315302202,384.41475961560144,43.629629377314366,0.00021705166546669928,0.0007244751646699829,1.842191770612842,0.6515968976480557,0.5893224318142705,0.4123556582842758,-0.0003248636414247436,0.0005726839567268711,1.5784604105828597,0.5497682074701158,-0.19167075866940098,0.49923819229034583,0.00042282965879598315,0.0001251957074030191,1.6121513415305686,0.26053163275915775,0.9462588979043234,0.1826052200182061,0.012955798738277863,0.003018128712133328,148.27176768818217,19.345851405676108,83.32089385145798,4.816700735965994,0.0002401809519172052,0.00048589422910685513,1.4527770885732412,0.6351890114859419,-0.12869910430725273,0.28647154240112466,0.010634763902397868,0.0016747337165996254,115.08763156010589,11.941021481569916,65.10124413133727,3.497107239331027,0.008163679902045572,0.0036013673364238452,211.38154766635998,39.039637541665826,114.69970845830296,12.686673813875691,0.0024976851268738998,0.004612688318225565,144.31707662388413,42.02362522145478,73.13502505580225,17.252499602708216,0.007992926807810947,0.0024603040564409743,162.73069297258365,21.06739872793299,91.77053761276227,4.7212188803420165,28.94638157894737,59.35236842105263
M-MUK_B35.csv,cd1e319650e9858df312817ad83bdcd5ffe275a3f507570f0d345b233b40dcba,M-MUK,medium,Arabika Temanggung Mukidi,B35,5,0.03275346482670753,0.014584619856341524,806.2151077959268,148.78748811196934,456.56469417353026,59.55379168668451,0.00011161248232290053,0.00029114542052445676,1.9022064189487924,0.7541088060115599,0.4035514563992243,0.5345022292691105,-0.0004549329314091178,0.00030671538029976314,1.854031723785527,0.41215849580319325,0.33166198846516526,0.5584561637013716,-0.0001962907509710898,0.00011865512394292195,0.5012540171009141,0.05096253125495584,0.07997645152958996,0.1305363156514425,0.01700516476316174,0.004378694444739299,196.77078030947504,43.006879533012615,114.30671486905109,21.822766135301194,0.00033199328224814764,0.0004274359753030658,0.9019225417538628,0.5321368816811279,-0.1115140191779143,0.1333202479992564,0.014591197792985367,0.003565663289256349,162.52051594425882,38.78297356033391,94.6252089085976,21.34662401647837,0.01167886860863716,0.004151857399066543,298.40900889086845,71.81594019409629,168.40777004319278,33.91233596292797,0.0024369403063951222,0.004805141838622448,180.60120066426944,51.37557362158626,94.1936762692315,20.51868986433811,0.012393746735068467,0.003097279213931423,238.38872705440235,51.78330023659874,140.36373904253222,27.303906267219226,28.974900662251663,55.93132450331125
M-MUK_B35_20261007_191444.csv,c6fa68c932b21ff63f97e385cb73e6cd0ee358533fc36458cb2e34f804a2e9b2,M-MUK,medium,Arabika Temanggung Mukidi,B35,5,0.052917031407060736,0.013973189598990991,1185.2344916430052,190.9265341469102,678.8139117585873,74.68097098516824,0.0003237543272175761,0.00028091258426739735,2.7863107167412546,0.9285781625058348,1.4611503894778701,0.7203155834980213,0.00026102205839582384,0.000371234289122793,1.813756085895364,0.5126997913954232,-0.36305197260049066,0.49370689100819193,0.0008090845411370286,0.00018659736235305928,2.7541168985606452,0.57897910410915,1.6151331224164764,0.29936538754101605,0.02309821122595022,0.005968770253768534,257.16109380127335,62.59344848836693,149.39181869084103,30.844556859370144,0.00017786198004249404,0.0004618567194614656,1.6551737995163716,0.20534430454687497,-0.3517393083170365,0.43013057664648335,0.016856344712549036,0.005639746305376391,175.84082630502596,49.1538037401357,102.54039542725464,25.538233624203635,0.01521432158661048,0.004754660659710088,387.6495396809661,105.45121928211927,218.98759848089594,49.11371363096074,0.002779519090543979,0.00383232715772882,246.57778687309187,73.94312302457051,128.7900919286556,29.462889945793556,0.014613658791261652,0.003596795437808029,287.76136127407506,69.09539562889914,168.43595743136217,34.74447569342061,28.79920529801325,58.2451655629139
M-TEM_B32.csv,827e0aa3dd753c3a28754f95e5056653ffd82cce64348a840001445041c58d31,M-TEM,medium,Arabika Temanggung,B32,5,0.03709071488155353,0.02917122077456293,807.427932240242,197.3595098573724,441.6712028501257,80.5929057651483,-0.00018174326768394716,0.00023099091780774737,2.026384535560845,0.35431691447510033,0.37507703967907,0.45249479337617654,-5.521895715560111e-05,0.00048371048600761077,1.511490675204032,0.3797958971132713,-0.21173540686755804,0.4696265072579568,0.00043559131143489137,0.00025712215923717773,1.6245559167099621,0.9579609900825743,0.8091494080341585,0.6659105782192912,0.012846751409734838,0.005518009096090922,170.27867027732006,32.01954706219282,95.14109870538846,11.4444692816104,0.00024057436128195963,0.0004787693077918482,1.5869568270377128,0.187865296772256,-0.27730781963737056,0.4229917374021634,0.014004725083133681,0.00373027873681213,155.4538731190766,21.027957548960003,87.70073201292553,6.191245092886139,0.011155736379861947,0.007357137501958829,286.3468716297015,71.87949210208723,155.10326394529375,29.104400335113176,0.0018754079641849206,0.007924638362164107,162.38033519848568,71.14650443065314,80.73075925330856,34.053855580449444,0.010244428781205418,0.004519495341715264,201.0085141289539,35.500068914313516,113.98895149700597,12.376102917854483,30.529736842105265,60.988881578947364
M-TEM_B33.csv,0678a330f30b5fbb877284e6fd355db24962084599fb7c4cabe37f310194cd4f,M-TEM,medium,Arabika Temanggung,B33,5,0.0380574776025351,0.032067420106778974,865.5360555611223,201.13325762111995,488.5340747169295,107.50247733345677,0.00046506544487937625,0.0005179190840054628,2.188852899048465,1.3974335045273465,0.6174764658439681,0.5921368535819818,-0.00016772895426856252,0.00016796030387672582,1.2132532058162375,0.7082990116380544,0.023020289161520786,0.33361762062004735,0.00010007341727608074,0.00011247412852607607,0.7863932765001918,0.13656018823501498,0.005969084500961767,0.27946405037660943,0.011906740008018736,0.00571058897406953,163.18906633482368,36.029882772877755,93.39985235987689,17.179540372702508,0.0004024982650936976,0.00022163385735835672,0.9517274948177462,0.6064391721433576,-0.20585959825736005,0.46335745541812484,0.011311266195003503,0.0029537193206542593,128.4648187747734,19.404585062705767,74.48069753172932,8.032045218024267,0.009327265547688613,0.006075647872784883,264.4482854951565,62.26198979586384,148.1081174401892,29.586954446119396,-0.0018030398507415022,0.0071966551760115766,135.9155269242657,57.686973625975675,67.24163866415896,32.15541923168888,0.008655369566020803,0.004245045676750807,187.15433702501394,37.01633872462323,108.87406321247984,17.648822807969683,29.9312582781457,61.298807947019874
M-TEM_B34.csv,f78f9813712ef995e6a0180c632bb87b02a4247c1898522f3eff2780ae282844,M-TEM,medium,Arabika Temanggung,B34,5,0.02317439413702526,0.010421137448435078,565.2579707504276,91.79406187522551,319.40053027575567,30.409258279106588,0.00027591042418888777,0.0005143677686045467,1.7720013867452074,0.6455079576449809,0.789290778424704,0.45081373349376047,0.00036157230468299563,0.0005585247937901164,1.4822366584974969,0.8187702833666997,0.04034218087183551,0.29666443795360203,8.750459320075346e-05,0.0002424648069301682,1.708845405871389,0.6829904027195229,0.5314020760897282,0.6884143150703237,0.011763759571544786,0.0026565938021493344,139.72264693547524,23.475038161431506,80.88324267955645,7.112436118260444,0.0006847098501116022,0.0006411135392868283,2.08896682615785,0.7715387216562745,0.4543021793501782,0.6329945360968474,0.011567332656844282,0.002517881988073375,126.09857143248794,22.407131008316103,73.15384958958995,7.6282417539093395,0.008184621451307768,0.0027336508894550407,208.27024253840082,41.74005978966261,118.18008503501653,14.588060357310349,0.0005960565981254645,0.003189232875889019,118.23242805214272,31.27804655215248,61.589021277911456,12.897998550597109,0.009634669790274036,0.0019254882392477862,174.11617855149638,25.858018581205158,102.87633987378311,7.253490928093072,28.573377483443696,56.71953642384104
M-TEM_B35.csv,c9f0e8a8cb366116919cc533a84e3f8f4f0fd783d283fa3fa5288b3fe3fadcee,M-TEM,medium,Arabika Temanggung,B35,5,0.04812551113403988,0.022609078281039797,1082.1817952336862,176.97688902131225,618.6948127220522,57.95686809064064,-2.7196281733763077e-05,0.0005107825890669507,2.136462743730876,1.2626989668216344,0.9636968413540936,0.6191019609032338,-0.00013026364627860388,0.0004540572286536614,1.4903877089657391,0.2709808041260836,-0.3689724408455472,0.207075881518103,0.00016080010633890882,0.0001796271257316255,1.0125789655302202,0.4301412150374027,0.3313817240920859,0.29280569504234183,0.02309381386895947,0.006666620832503489,262.33558285678293,59.19250340195121,152.21407032800008,24.844786696042608,0.00013389851650475062,0.00018991075258232516,1.746297126366363,0.7104397227931413,-0.020157863945009402,0.5541709539098731,0.019866193837379316,0.005626546035595879,209.3054326020821,48.56227809801629,121.83916438670626,22.17888901153278,0.01595120721005721,0.005725424402073194,394.47490350328474,91.5027584243196,224.783717518576,36.636085232969485,0.001831636664567859,0.0065409673179133545,241.98452824397708,77.96752601676434,125.56445695515524,32.332185720313475,0.016935256416016394,0.004367524025001908,310.9099442974042,64.9767894807929,183.6031824434884,28.12212031636138,28.725657894736845,56.43625000000001
M-TOR_B32.csv,98156df846467abb4deab0dc0092c57f70c44dea59c37715b5b0097f80cf1dc6,M-TOR,medium,Arabika Toraja Washed,B32,5,0.0323605685914751,0.01813783817615518,668.2129879561331,137.83530054049092,367.95258903575166,49.276533151383454,-4.592643744266153e-05,0.0002678909253427459,2.495721767436385,0.5679343340242717,0.9460591525101414,0.3857866687155471,0.00025824504718622524,0.0003235322042204321,1.6493530492367015,0.5396385970106854,-0.23742116029324975,0.6466260311844978,-0.0004223588984231361,9.632592013091137e-05,0.9591072247673029,0.31645167758909515,-0.3343544502989272,0.3851242237004675,0.01279739451374906,0.003935272804538116,152.59154147144406,25.798129891086695,85.84459306979645,7.491119044385253,3.4686099226796043e-05,0.00028779361828681557,0.5710514823651205,0.6330154729104822,0.03450410426878995,0.1302669198307506,0.01218627035830232,0.002695965004727448,127.56978776732596,16.999114523485986,72.30256066221007,4.009413485970208,0.010118153948247836,0.0047815591721153275,243.0023023711496,49.589242478254725,132.6700878754907,17.194577794915894,0.0024771544089455524,0.006176171973959715,157.40633641725262,56.92720412617649,79.31796818422148,25.346186243885345,0.00982986452562655,0.00324811601360557,177.19137231926067,26.968134953213852,101.46879589467859,7.004166521463784,30.086052631578948,57.49282894736842
M-TOR_B33.csv,a544f4662a60715b38996df7754d3f72038c1e7c6cc5bc7a12e9fd52394d73c5,M-TOR,medium,Arabika Toraja Washed,B33,5,0.06596493774934122,0.028719263217434336,1361.600314257857,43.02302018839816,810.9547675635254,29.317663194252333,0.000426107388034212,0.0006096785229789658,3.1001377547774576,0.2939938379528308,1.54126039313429,0.3510731077888828,1.3945139403127286e-05,0.0004316460056976179,1.7213248044825415,0.38249332914630696,-0.17973155498421842,0.9317157508385376,0.00024707065878880406,0.0001372391449676728,1.3558867974057354,0.16420639687912006,0.7206282078039031,0.19236821998700712,0.02616241435915067,0.001847413517589598,314.2008896210571,7.360448469377841,188.6901522790795,4.4122184465156336,-8.317925311924091e-05,0.00021042579196976394,0.9748343606040825,0.11010205144336427,0.1200158990167379,0.17898385270712575,0.02090907075137447,0.0006606926488125672,225.40151733516137,11.271423102638153,136.8078827937018,6.965981066479979,0.01623107769857072,0.003465176683283749,427.7218148525303,8.262044182420691,250.56565069947433,4.94069669002216,0.0006029192645369824,0.008000667421279905,258.6744356137281,22.352191165499413,138.54050177340284,16.6118513166458,0.016742252381553243,0.001968145212964993,328.7052239742899,6.435811138847247,200.675394115034,3.9344737317766265,29.830666666666662,60.8374
M-TOR_B34.csv,011084251c0daf093731171bb9052072cc1f4123dec0e0b475d19c90d3235c51,M-TOR,medium,Arabika Toraja Washed,B34,5,0.038089384419454565,0.013095091058201145,804.5848337045331,114.47215112191039,462.9000210854523,37.7431096309364,0.0002129177286807571,0.0006322429040703434,2.558576123596155,1.0994439237047327,1.069333555032805,0.7739651418249425,-3.609010369266378e-05,0.000651481974923717,1.990699990108817,0.33624188227020857,0.2861546682735848,0.8483832020432234,0.0005945015461936371,0.0003046595220761596,2.295981703275948,1.1448078540862638,1.3408571774243414,0.7439512609994534,0.01697536340981194,0.0036218506638268193,188.46889876062434,24.753472819254647,110.29977876448905,7.067637690036682,0.0004979547831865549,0.00026111871652432253,1.2592645189671035,0.5333692489775292,0.265705690588633,0.3121027143197575,0.017820790511756442,0.003214432338269836,187.7436883473384,21.530235108760348,110.32526365425743,5.777649541971473,0.010337332186597685,0.0031692209113961625,260.64027454845603,46.07277689480518,147.7543114054762,15.34501167681946,0.0035469972508776855,0.002951669351428338,159.28972674139428,38.17781240434803,85.44004047851953,15.548502725363303,0.011851567645075719,0.002458486370392049,216.69957028500872,25.80107164180828,128.62930992363195,6.346594163902356,27.04888157894737,59.47559210526316
M-TOR_B35.csv,4dfeb8936f2deba35ad11372d153d5d30f48f9549a5f119887183f2e4d138b07,M-TOR,medium,Arabika Toraja Washed,B35,5,0.08049154145720218,0.037888595391190036,1622.0433442065737,205.14038744384257,945.4441838535373,55.982162498739825,0.0005289780118173061,0.000586962155427335,3.068940695325143,1.1263527100283484,1.5186810550792778,0.8962466966490603,7.795527544832358e-05,0.0002961495812904672,1.2102135609688962,0.6970621118131416,0.2459493909421946,0.383763304443665,-6.210895610661029e-05,0.0001831316776942468,0.8146585098972459,0.43252867764076125,0.38866914486790965,0.22197775239267123,0.04280374969045917,0.009596979184441785,426.68964566989916,72.51327129764982,251.29281093849545,30.096957369165334,0.0008430976758604964,0.00045901713198558683,2.4305855547091797,0.7790917745782596,1.1865051072134623,0.5456502835252715,0.033657789515389426,0.006713149497335202,319.3299648157414,56.63089819293352,188.98361432709743,26.691588080497965,0.026072684631961933,0.008547605596757869,607.2279522136786,114.78658122639962,350.042881337443,43.38926626465066,0.008742538111543767,0.011266880214599602,428.6731740543075,123.0512250017178,228.3719943927985,50.30406572971646,0.028805199532268965,0.006461731652851442,482.29915953146894,79.52657350878603,287.7511698794991,32.881217359788465,28.75496688741722,54.58251655629139
