timestamp,sample_id,roast_level,origin,batch_id,run_id,phase,sample_idx,adc_tgs822,adc_mq135,adc_mq9,adc_tgs2611,adc_tgs2620,adc_tgs2600,adc_tgs2602,adc_mq8,adc_tgs813,adc_tgs816,temperature,humidity
2173,D-BAR,dark,Arabika Jawa Barat,B10,1,purging,1,10942,2805,2792,7791,9545,2782,9174,15647,15132,14853,,
3172,D-BAR,dark,Arabika Jawa Barat,B10,1,purging,2,10920,2802,2793,7792,9527,2780,9170,15624,15084,14825,,
4173,D-BAR,dark,Arabika Jawa Barat,B10,1,purging,3,10900,2801,2794,7795,9509,2779,9166,15603,15039,14799,,
5173,D-BAR,dark,Arabika Jawa Barat,B10,1,purging,4,10880,2800,2793,7797,9492,2782,9162,15581,14995,14775,,
6173,D-BAR,dark,Arabika Jawa Barat,B10,1,purging,5,10861,2804,2793,7800,9476,2782,9158,15561,14953,14750,,
7173,D-BAR,dark,Arabika Jawa Barat,B10,1,purging,6,10843,2802,2795,7802,9461,2782,9155,15541,14913,14727,,
8173,D-BAR,dark,Arabika Jawa Barat,B10,1,purging,7,10825,2802,2792,7805,9447,2782,9152,15522,14873,14705,,
9174,D-BAR,dark,Arabika Jawa Barat,B10,1,purging,8,10810,2801,2795,7808,9434,2782,9150,15503,14836,14682,,
10173,D-BAR,dark,Arabika Jawa Barat,B10,1,purging,9,10794,2803,2793,7810,9421,2780,9147,15484,14799,14661,,
11173,D-BAR,dark,Arabika Jawa Barat,B10,1,purging,10,10778,2801,2791,7813,9409,2782,9145,15466,14764,14641,,
12173,D-BAR,dark,Arabika Jawa Barat,B10,1,purging,11,10762,2803,2793,7816,9397,2782,9143,15448,14731,14623,,
13173,D-BAR,dark,Arabika Jawa Barat,B10,1,purging,12,10748,2804,2793,7818,9386,2782,9143,15431,14698,14604,,
14173,D-BAR,dark,Arabika Jawa Barat,B10,1,purging,13,10733,2802,2796,7821,9377,2782,9142,15416,14667,14587,,
15173,D-BAR,dark,Arabika Jawa Barat,B10,1,purging,14,10719,2801,2794,7824,9368,2782,9142,15399,14638,14569,,
16174,D-BAR,dark,Arabika Jawa Barat,B10,1,purging,15,10705,2803,2792,7827,9359,2783,9142,15383,14609,14552,,
17173,D-BAR,dark,Arabika Jawa Barat,B10,1,purging,16,10691,2801,2792,7829,9350,2779,9140,15368,14581,14535,,
18173,D-BAR,dark,Arabika Jawa Barat,B10,1,purging,17,10679,2803,2794,7832,9342,2782,9137,15352,14555,14518,,
19173,D-BAR,dark,Arabika Jawa Barat,B10,1,purging,18,10667,2802,2796,7835,9333,2782,9135,15338,14529,14502,,
20173,D-BAR,dark,Arabika Jawa Barat,B10,1,purging,19,10655,2805,2794,7838,9324,2780,9134,15322,14503,14487,,
21173,D-BAR,dark,Arabika Jawa Barat,B10,1,purging,20,10644,2802,2792,7840,9316,2782,9134,15308,14479,14472,,
22173,D-BAR,dark,Arabika Jawa Barat,B10,1,purging,21,10632,2806,2795,7842,9309,2779,9134,15295,14455,14458,,
23174,D-BAR,dark,Arabika Jawa Barat,B10,1,purging,22,10620,2802,2793,7845,9302,2782,9134,15281,14433,14445,,
24173,D-BAR,dark,Arabika Jawa Barat,B10,1,purging,23,10609,2801,2793,7847,9295,2782,9133,15268,14412,14431,,
25174,D-BAR,dark,Arabika Jawa Barat,B10,1,purging,24,10598,2803,2796,7850,9289,2780,9133,15255,14391,14418,,
26173,D-BAR,dark,Arabika Jawa Barat,B10,1,purging,25,10588,2802,2795,7852,9283,2782,9132,15241,14370,14404,,
27173,D-BAR,dark,Arabika Jawa Barat,B10,1,purging,26,10578,2801,2794,7854,9275,2782,9131,15228,14350,14390,,
28173,D-BAR,dark,Arabika Jawa Barat,B10,1,purging,27,10569,2802,2792,7857,9270,2782,9130,15215,14330,14378,,
29173,D-BAR,dark,Arabika Jawa Barat,B10,1,purging,28,10559,2802,2794,7859,9263,2779,9129,15203,14311,14366,,
30173,D-BAR,dark,Arabika Jawa Barat,B10,1,purging,29,10551,2804,2795,7861,9257,2782,9128,15190,14293,14355,,
31173,D-BAR,dark,Arabika Jawa Barat,B10,1,purging,30,10543,2805,2793,7863,9252,2782,9129,15179,14275,14343,,
32174,D-BAR,dark,Arabika Jawa Barat,B10,1,purging,31,10534,2802,2794,7865,9246,2782,9129,15167,14257,14331,,
33173,D-BAR,dark,Arabika Jawa Barat,B10,1,purging,32,10526,2803,2792,7867,9240,2780,9127,15155,14240,14320,,
34173,D-BAR,dark,Arabika Jawa Barat,B10,1,purging,33,10518,2803,2793,7869,9235,2782,9126,15144,14224,14309,,
35173,D-BAR,dark,Arabika Jawa Barat,B10,1,purging,34,10510,2802,2796,7871,9229,2782,9125,15133,14207,14298,,
36173,D-BAR,dark,Arabika Jawa Barat,B10,1,purging,35,10503,2802,2795,7873,9224,2782,9124,15122,14192,14288,,
37173,D-BAR,dark,Arabika Jawa Barat,B10,1,purging,36,10495,2801,2794,7875,9219,2782,9122,15111,14176,14277,,
38173,D-BAR,dark,Arabika Jawa Barat,B10,1,purging,37,10488,2799,2794,7877,9214,2780,9120,15100,14161,14267,,
39174,D-BAR,dark,Arabika Jawa Barat,B10,1,purging,38,10480,2802,2795,7879,9209,2782,9120,15090,14147,14256,,
40173,D-BAR,dark,Arabika Jawa Barat,B10,1,purging,39,10473,2802,2795,7880,9204,2782,9118,15078,14132,14246,,
41174,D-BAR,dark,Arabika Jawa Barat,B10,1,purging,40,10467,2803,2798,7883,9199,2782,9117,15068,14117,14236,,
42173,D-BAR,dark,Arabika Jawa Barat,B10,1,purging,41,10460,2802,2794,7884,9194,2782,9115,15057,14103,14227,,
43173,D-BAR,dark,Arabika Jawa Barat,B10,1,purging,42,10455,2805,2795,7886,9189,2782,9113,15047,14089,14217,,
44173,D-BAR,dark,Arabika Jawa Barat,B10,1,purging,43,10448,2803,2791,7887,9184,2782,9111,15037,14075,14209,,
45173,D-BAR,dark,Arabika Jawa Barat,B10,1,purging,44,10443,2803,2793,7889,9180,2782,9111,15028,14062,14201,,
46173,D-BAR,dark,Arabika Jawa Barat,B10,1,purging,45,10437,2804,2794,7890,9177,2782,9112,15019,14049,14193,,
47173,D-BAR,dark,Arabika Jawa Barat,B10,1,purging,46,10431,2802,2794,7892,9174,2782,9112,15010,14037,14186,,
48174,D-BAR,dark,Arabika Jawa Barat,B10,1,purging,47,10425,2806,2796,7893,9171,2782,9113,15002,14026,14179,,
49173,D-BAR,dark,Arabika Jawa Barat,B10,1,purging,48,10418,2802,2798,7895,9168,2782,9114,14994,14015,14172,,
50173,D-BAR,dark,Arabika Jawa Barat,B10,1,purging,49,10411,2802,2794,7896,9165,2782,9114,14986,14004,14164,,
51173,D-BAR,dark,Arabika Jawa Barat,B10,1,purging,50,10405,2803,2795,7898,9163,2782,9116,14977,13993,14156,,
52173,D-BAR,dark,Arabika Jawa Barat,B10,1,purging,51,10400,2802,2795,7899,9159,2782,9115,14968,13982,14148,,
53173,D-BAR,dark,Arabika Jawa Barat,B10,1,purging,52,10395,2800,2794,7900,9156,2782,9114,14959,13972,14142,,
54173,D-BAR,dark,Arabika Jawa Barat,B10,1,purging,53,10390,2802,2795,7901,9154,2782,9113,14952,13961,14135,,
55174,D-BAR,dark,Arabika Jawa Barat,B10,1,purging,54,10385,2804,2796,7903,9151,2782,9114,14944,13951,14128,,
56173,D-BAR,dark,Arabika Jawa Barat,B10,1,purging,55,10380,2803,2795,7904,9150,2782,9114,14936,13942,14122,,
57174,D-BAR,dark,Arabika Jawa Barat,B10,1,purging,56,10374,2802,2793,7905,9147,2782,9115,14927,13932,14115,,
58173,D-BAR,dark,Arabika Jawa Barat,B10,1,purging,57,10369,2803,2796,7907,9144,2782,9115,14920,13923,14108,,
59173,D-BAR,dark,Arabika Jawa Barat,B10,1,purging,58,10363,2802,2793,7908,9142,2783,9114,14912,13913,14102,,
60173,D-BAR,dark,Arabika Jawa Barat,B10,1,purging,59,10359,2802,2793,7909,9138,2782,9114,14904,13904,14095,,
61173,D-BAR,dark,Arabika Jawa Barat,B10,1,purging,60,10354,2802,2795,7910,9135,2783,9113,14896,13894,14088,,
62173,D-BAR,dark,Arabika Jawa Barat,B10,1,purging,61,10348,2802,2798,7911,9132,2783,9112,14888,13885,14081,,
63173,D-BAR,dark,Arabika Jawa Barat,B10,1,purging,62,10343,2803,2795,7912,9128,2779,9110,14880,13875,14074,,
64174,D-BAR,dark,Arabika Jawa Barat,B10,1,purging,63,10339,2802,2799,7913,9124,2782,9109,14871,13866,14066,,
65173,D-BAR,dark,Arabika Jawa Barat,B10,1,purging,64,10335,2802,2794,7914,9120,2782,9106,14863,13856,14060,,
66173,D-BAR,dark,Arabika Jawa Barat,B10,1,purging,65,10330,2801,2794,7915,9116,2782,9104,14856,13847,14054,,
67173,D-BAR,dark,Arabika Jawa Barat,B10,1,purging,66,10326,2801,2795,7916,9114,2782,9102,14848,13837,14048,,
68173,D-BAR,dark,Arabika Jawa Barat,B10,1,purging,67,10322,2802,2799,7917,9111,2782,9101,14840,13829,14041,,
69173,D-BAR,dark,Arabika Jawa Barat,B10,1,purging,68,10318,2806,2793,7918,9108,2782,9101,14833,13820,14036,,
70173,D-BAR,dark,Arabika Jawa Barat,B10,1,purging,69,10315,2800,2794,7919,9105,2782,9101,14826,13812,14030,,
71174,D-BAR,dark,Arabika Jawa Barat,B10,1,purging,70,10312,2802,2799,7919,9102,2782,9100,14819,13803,14024,,
72173,D-BAR,dark,Arabika Jawa Barat,B10,1,purging,71,10308,2802,2798,7920,9100,2782,9098,14812,13795,14018,,
73174,D-BAR,dark,Arabika Jawa Barat,B10,1,purging,72,10305,2805,2797,7921,9097,2782,9097,14805,13787,14012,,
74173,D-BAR,dark,Arabika Jawa Barat,B10,1,purging,73,10302,2802,2794,7922,9094,2782,9097,14798,13778,14007,,
75173,D-BAR,dark,Arabika Jawa Barat,B10,1,purging,74,10299,2803,2794,7922,9091,2782,9096,14791,13770,14002,,
76173,D-BAR,dark,Arabika Jawa Barat,B10,1,purging,75,10295,2802,2794,7923,9089,2782,9095,14785,13762,13998,,
77173,D-BAR,dark,Arabika Jawa Barat,B10,1,purging,76,10291,2802,2795,7924,9087,2782,9095,14779,13754,13993,,
78173,D-BAR,dark,Arabika Jawa Barat,B10,1,purging,77,10287,2806,2796,7925,9085,2780,9096,14773,13747,13989,,
79173,D-BAR,dark,Arabika Jawa Barat,B10,1,purging,78,10284,2805,2797,7925,9084,2782,9097,14767,13740,13984,,
80174,D-BAR,dark,Arabika Jawa Barat,B10,1,purging,79,10282,2800,2794,7926,9082,2782,9098,14761,13733,13980,,
81173,D-BAR,dark,Arabika Jawa Barat,B10,1,purging,80,10278,2801,2794,7926,9081,2782,9097,14755,13726,13975,,
82173,D-BAR,dark,Arabika Jawa Barat,B10,1,purging,81,10276,2801,2794,7927,9079,2782,9097,14749,13719,13970,,
83173,D-BAR,dark,Arabika Jawa Barat,B10,1,purging,82,10273,2802,2793,7927,9077,2782,9096,14743,13712,13966,,
84173,D-BAR,dark,Arabika Jawa Barat,B10,1,purging,83,10269,2798,2797,7928,9075,2782,9096,14737,13705,13960,,
85173,D-BAR,dark,Arabika Jawa Barat,B10,1,purging,84,10267,2801,2794,7929,9073,2783,9095,14731,13698,13955,,
86173,D-BAR,dark,Arabika Jawa Barat,B10,1,purging,85,10264,2803,2794,7929,9070,2783,9095,14725,13691,13951,,
87174,D-BAR,dark,Arabika Jawa Barat,B10,1,purging,86,10261,2802,2794,7929,9068,2782,9094,14719,13684,13947,,
88173,D-BAR,dark,Arabika Jawa Barat,B10,1,purging,87,10258,2802,2795,7930,9066,2782,9093,14713,13677,13943,,
89174,D-BAR,dark,Arabika Jawa Barat,B10,1,purging,88,10254,2802,2793,7931,9065,2782,9092,14707,13671,13938,,
90173,D-BAR,dark,Arabika Jawa Barat,B10,1,purging,89,10251,2802,2794,7931,9063,2783,9092,14701,13664,13934,,
91173,D-BAR,dark,Arabika Jawa Barat,B10,1,purging,90,10248,2806,2794,7932,9062,2782,9092,14696,13658,13931,,
92173,D-BAR,dark,Arabika Jawa Barat,B10,1,purging,91,10245,2802,2797,7932,9060,2782,9092,14690,13652,13926,,
93173,D-BAR,dark,Arabika Jawa Barat,B10,1,purging,92,10243,2801,2794,7933,9059,2782,9093,14684,13646,13922,,
94173,D-BAR,dark,Arabika Jawa Barat,B10,1,purging,93,10241,2802,2794,7933,9057,2782,9092,14678,13640,13918,,
95173,D-BAR,dark,Arabika Jawa Barat,B10,1,purging,94,10239,2802,2795,7933,9055,2782,9092,14673,13634,13914,,
96174,D-BAR,dark,Arabika Jawa Barat,B10,1,purging,95,10237,2804,2795,7934,9054,2782,9091,14668,13628,13911,,
97173,D-BAR,dark,Arabika Jawa Barat,B10,1,purging,96,10236,2802,2795,7934,9053,2782,9090,14663,13622,13907,,
98173,D-BAR,dark,Arabika Jawa Barat,B10,1,purging,97,10234,2804,2794,7934,9051,2782,9091,14658,13616,13903,,
99173,D-BAR,dark,Arabika Jawa Barat,B10,1,purging,98,10233,2802,2793,7935,9049,2782,9090,14653,13610,13900,,
100173,D-BAR,dark,Arabika Jawa Barat,B10,1,purging,99,10231,2802,2794,7935,9048,2782,9090,14647,13604,13897,,
101173,D-BAR,dark,Arabika Jawa Barat,B10,1,purging,100,10229,2806,2793,7936,9047,2782,9089,14642,13600,13893,,
102173,D-BAR,dark,Arabika Jawa Barat,B10,1,purging,101,10227,2800,2793,7936,9045,2782,9089,14637,13595,13889,,
103174,D-BAR,dark,Arabika Jawa Barat,B10,1,purging,102,10225,2802,2794,7936,9043,2783,9088,14631,13588,13883,,
104173,D-BAR,dark,Arabika Jawa Barat,B10,1,purging,103,10223,2801,2795,7937,9040,2782,9085,14625,13582,13878,,
105174,D-BAR,dark,Arabika Jawa Barat,B10,1,purging,104,10222,2802,2794,7937,9036,2782,9083,14619,13575,13873,,
106173,D-BAR,dark,Arabika Jawa Barat,B10,1,purging,105,10220,2801,2794,7937,9033,2782,9079,14613,13568,13869,,
107173,D-BAR,dark,Arabika Jawa Barat,B10,1,purging,106,10218,2802,2794,7937,9030,2782,9079,14608,13561,13865,,
108173,D-BAR,dark,Arabika Jawa Barat,B10,1,purging,107,10217,2803,2796,7938,9027,2782,9077,14603,13555,13862,,
109173,D-BAR,dark,Arabika Jawa Barat,B10,1,purging,108,10215,2804,2792,7938,9026,2780,9077,14599,13549,13860,,
110173,D-BAR,dark,Arabika Jawa Barat,B10,1,purging,109,10212,2801,2792,7938,9025,2782,9077,14594,13543,13857,,
111173,D-BAR,dark,Arabika Jawa Barat,B10,1,purging,110,10211,2801,2797,7938,9023,2783,9079,14591,13538,13854,,
112174,D-BAR,dark,Arabika Jawa Barat,B10,1,purging,111,10209,2802,2793,7939,9022,2782,9079,14585,13533,13850,,
113173,D-BAR,dark,Arabika Jawa Barat,B10,1,purging,112,10208,2802,2794,7939,9022,2780,9079,14580,13528,13845,,
114173,D-BAR,dark,Arabika Jawa Barat,B10,1,purging,113,10207,2801,2795,7939,9020,2782,9076,14574,13521,13841,,
115173,D-BAR,dark,Arabika Jawa Barat,B10,1,purging,114,10206,2802,2791,7940,9017,2782,9074,14569,13515,13837,,
116173,D-BAR,dark,Arabika Jawa Barat,B10,1,purging,115,10205,2802,2796,7940,9014,2782,9071,14563,13510,13831,,
117173,D-BAR,dark,Arabika Jawa Barat,B10,1,purging,116,10204,2801,2792,7939,9011,2782,9069,14557,13504,13827,,
118173,D-BAR,dark,Arabika Jawa Barat,B10,1,purging,117,10203,2803,2794,7940,9007,2780,9066,14551,13497,13822,,
119174,D-BAR,dark,Arabika Jawa Barat,B10,1,purging,118,10203,2802,2795,7940,9003,2782,9062,14546,13490,13817,,
120173,D-BAR,dark,Arabika Jawa Barat,B10,1,purging,119,10201,2799,2797,7940,8999,2782,9059,14540,13483,13812,,
121174,D-BAR,dark,Arabika Jawa Barat,B10,1,purging,120,10200,2800,2795,7940,8997,2782,9057,14535,13477,13809,,
122176,D-BAR,dark,Arabika Jawa Barat,B10,1,collecting,1,10199,2801,2794,7940,8994,2782,9056,14530,13471,13806,,
123173,D-BAR,dark,Arabika Jawa Barat,B10,1,collecting,2,10198,2800,2795,7940,8992,2783,9056,14526,13466,13804,,
124173,D-BAR,dark,Arabika Jawa Barat,B10,1,collecting,3,10195,2801,2792,7940,8992,2782,9057,14523,13460,13807,,
125173,D-BAR,dark,Arabika Jawa Barat,B10,1,collecting,4,10289,2802,2793,7940,9024,2782,9082,14539,13460,13876,,
126173,D-BAR,dark,Arabika Jawa Barat,B10,1,collecting,5,11034,2802,2792,7941,9164,2783,9213,14706,13538,14067,,
127173,D-BAR,dark,Arabika Jawa Barat,B10,1,collecting,6,12402,2804,2792,7941,9422,2783,9452,15077,13768,14362,,
128174,D-BAR,dark,Arabika Jawa Barat,B10,1,collecting,7,13710,2807,2792,7941,9677,2782,9666,15530,14139,14615,,
129173,D-BAR,dark,Arabika Jawa Barat,B10,1,collecting,8,14769,2810,2795,7942,9919,2781,9851,15978,14565,14876,,
130173,D-BAR,dark,Arabika Jawa Barat,B10,1,collecting,9,15571,2809,2794,7943,10136,2782,10011,16392,15002,15106,,
131173,D-BAR,dark,Arabika Jawa Barat,B10,1,collecting,10,16167,2809,2793,7944,10322,2783,10128,16741,15409,15303,,
132173,D-BAR,dark,Arabika Jawa Barat,B10,1,collecting,11,16616,2811,2795,7944,10482,2781,10222,17035,15768,15476,,
133173,D-BAR,dark,Arabika Jawa Barat,B10,1,collecting,12,16951,2810,2792,7945,10613,2781,10288,17273,16075,15614,,
134173,D-BAR,dark,Arabika Jawa Barat,B10,1,collecting,13,17195,2811,2796,7945,10717,2784,10329,17457,16328,15722,,
135174,D-BAR,dark,Arabika Jawa Barat,B10,1,collecting,14,17362,2810,2797,7946,10791,2781,10348,17588,16528,15795,,
136173,D-BAR,dark,Arabika Jawa Barat,B10,1,collecting,15,17465,2813,2795,7945,10832,2784,10336,17671,16676,15833,,
137174,D-BAR,dark,Arabika Jawa Barat,B10,1,collecting,16,17507,2814,2794,7945,10838,2782,10290,17701,16773,15833,,
138173,D-BAR,dark,Arabika Jawa Barat,B10,1,collecting,17,17499,2813,2797,7945,10820,2786,10231,17689,16822,15822,,
139173,D-BAR,dark,Arabika Jawa Barat,B10,1,collecting,18,17465,2815,2793,7945,10793,2782,10180,17660,16839,15807,,
140173,D-BAR,dark,Arabika Jawa Barat,B10,1,collecting,19,17418,2813,2792,7944,10763,2785,10141,17626,16837,15790,,
141173,D-BAR,dark,Arabika Jawa Barat,B10,1,collecting,20,17363,2815,2795,7944,10731,2784,10105,17592,16825,15770,,
142173,D-BAR,dark,Arabika Jawa Barat,B10,1,collecting,21,17304,2813,2791,7944,10697,2786,10072,17557,16806,15749,,
143173,D-BAR,dark,Arabika Jawa Barat,B10,1,collecting,22,17239,2812,2794,7944,10660,2780,10036,17522,16783,15725,,
144174,D-BAR,dark,Arabika Jawa Barat,B10,1,collecting,23,17171,2811,2794,7945,10622,2781,10001,17484,16755,15700,,
145173,D-BAR,dark,Arabika Jawa Barat,B10,1,collecting,24,17099,2810,2794,7944,10582,2781,9968,17446,16724,15675,,
146173,D-BAR,dark,Arabika Jawa Barat,B10,1,collecting,25,17026,2811,2794,7945,10543,2783,9936,17410,16689,15649,,
147173,D-BAR,dark,Arabika Jawa Barat,B10,1,collecting,26,16951,2811,2797,7945,10505,2784,9907,17372,16653,15623,,
148173,D-BAR,dark,Arabika Jawa Barat,B10,1,collecting,27,16877,2811,2794,7945,10470,2780,9880,17337,16616,15601,,
149173,D-BAR,dark,Arabika Jawa Barat,B10,1,collecting,28,16807,2811,2794,7944,10436,2783,9856,17305,16581,15578,,
150173,D-BAR,dark,Arabika Jawa Barat,B10,1,collecting,29,16737,2811,2792,7944,10404,2780,9833,17274,16546,15556,,
151174,D-BAR,dark,Arabika Jawa Barat,B10,1,collecting,30,16670,2812,2793,7944,10374,2786,9813,17244,16512,15537,,
152173,D-BAR,dark,Arabika Jawa Barat,B10,1,collecting,31,16608,2811,2795,7944,10347,2782,9795,17217,16480,15519,,
153174,D-BAR,dark,Arabika Jawa Barat,B10,1,collecting,32,16549,2809,2794,7944,10322,2782,9780,17193,16450,15501,,
154173,D-BAR,dark,Arabika Jawa Barat,B10,1,collecting,33,16494,2811,2795,7944,10300,2782,9766,17171,16420,15487,,
155173,D-BAR,dark,Arabika Jawa Barat,B10,1,collecting,34,16446,2812,2796,7943,10282,2782,9755,17153,16394,15475,,
156173,D-BAR,dark,Arabika Jawa Barat,B10,1,collecting,35,16404,2812,2793,7944,10266,2782,9746,17138,16372,15465,,
157173,D-BAR,dark,Arabika Jawa Barat,B10,1,collecting,36,16367,2811,2795,7944,10250,2783,9740,17124,16351,15453,,
158173,D-BAR,dark,Arabika Jawa Barat,B10,1,collecting,37,16329,2811,2794,7943,10234,2780,9730,17109,16330,15442,,
159173,D-BAR,dark,Arabika Jawa Barat,B10,1,collecting,38,16295,2809,2794,7943,10221,2782,9722,17096,16311,15432,,
160174,D-BAR,dark,Arabika Jawa Barat,B10,1,collecting,39,16265,2810,2793,7943,10209,2780,9715,17084,16293,15422,,
161173,D-BAR,dark,Arabika Jawa Barat,B10,1,collecting,40,16237,2811,2791,7942,10199,2783,9709,17073,16276,15414,,
162173,D-BAR,dark,Arabika Jawa Barat,B10,1,collecting,41,16212,2811,2795,7942,10188,2779,9704,17064,16260,15407,,
163173,D-BAR,dark,Arabika Jawa Barat,B10,1,collecting,42,16193,2810,2793,7942,10181,2782,9701,17058,16247,15403,,
164173,D-BAR,dark,Arabika Jawa Barat,B10,1,collecting,43,16181,2807,2792,7942,10175,2782,9700,17054,16237,15399,,
165173,D-BAR,dark,Arabika Jawa Barat,B10,1,collecting,44,16169,2813,2794,7941,10169,2782,9697,17051,16227,15394,,
166173,D-BAR,dark,Arabika Jawa Barat,B10,1,collecting,45,16155,2812,2794,7941,10162,2780,9690,17045,16218,15386,,
167174,D-BAR,dark,Arabika Jawa Barat,B10,1,collecting,46,16138,2809,2796,7941,10153,2782,9684,17035,16207,15377,,
168173,D-BAR,dark,Arabika Jawa Barat,B10,1,collecting,47,16115,2812,2793,7941,10143,2782,9674,17023,16195,15366,,
169174,D-BAR,dark,Arabika Jawa Barat,B10,1,collecting,48,16089,2813,2796,7941,10132,2782,9664,17010,16181,15355,,
170173,D-BAR,dark,Arabika Jawa Barat,B10,1,collecting,49,16061,2811,2796,7941,10121,2782,9656,16997,16165,15346,,
171173,D-BAR,dark,Arabika Jawa Barat,B10,1,collecting,50,16040,2813,2793,7941,10114,2782,9653,16988,16151,15341,,
172173,D-BAR,dark,Arabika Jawa Barat,B10,1,collecting,51,16028,2808,2794,7941,10110,2782,9653,16982,16140,15337,,
173173,D-BAR,dark,Arabika Jawa Barat,B10,1,collecting,52,16019,2809,2794,7940,10106,2780,9652,16981,16131,15335,,
174173,D-BAR,dark,Arabika Jawa Barat,B10,1,collecting,53,16013,2809,2793,7940,10103,2782,9654,16979,16125,15333,,
175173,D-BAR,dark,Arabika Jawa Barat,B10,1,collecting,54,16009,2809,2792,7940,10101,2782,9651,16978,16119,15330,,
176174,D-BAR,dark,Arabika Jawa Barat,B10,1,collecting,55,16004,2811,2793,7940,10099,2783,9651,16975,16114,15328,,
177173,D-BAR,dark,Arabika Jawa Barat,B10,1,collecting,56,15998,2812,2793,7940,10097,2782,9649,16973,16110,15324,,
178173,D-BAR,dark,Arabika Jawa Barat,B10,1,collecting,57,15993,2810,2796,7940,10094,2782,9648,16970,16105,15322,,
179173,D-BAR,dark,Arabika Jawa Barat,B10,1,collecting,58,15988,2809,2793,7939,10092,2783,9645,16968,16101,15319,,
180173,D-BAR,dark,Arabika Jawa Barat,B10,1,collecting,59,15981,2810,2792,7939,10089,2782,9642,16964,16096,15314,,
181173,D-BAR,dark,Arabika Jawa Barat,B10,1,collecting,60,15973,2808,2796,7939,10085,2780,9639,16961,16091,15311,,
182173,D-BAR,dark,Arabika Jawa Barat,B10,1,collecting,61,15963,2811,2797,7939,10081,2782,9636,16955,16085,15306,,
183174,D-BAR,dark,Arabika Jawa Barat,B10,1,collecting,62,15953,2810,2794,7939,10078,2779,9635,16951,16079,15302,,
184173,D-BAR,dark,Arabika Jawa Barat,B10,1,collecting,63,15943,2810,2793,7939,10075,2782,9634,16946,16074,15298,,
185174,D-BAR,dark,Arabika Jawa Barat,B10,1,collecting,64,15931,2808,2794,7939,10070,2782,9630,16940,16067,15293,,
186173,D-BAR,dark,Arabika Jawa Barat,B10,1,collecting,65,15915,2811,2795,7938,10063,2782,9626,16932,16060,15285,,
187173,D-BAR,dark,Arabika Jawa Barat,B10,1,collecting,66,15896,2809,2792,7938,10056,2782,9619,16923,16050,15277,,
188173,D-BAR,dark,Arabika Jawa Barat,B10,1,collecting,67,15872,2810,2793,7938,10049,2780,9612,16911,16040,15268,,
189173,D-BAR,dark,Arabika Jawa Barat,B10,1,collecting,68,15851,2809,2793,7938,10042,2782,9610,16902,16029,15262,,
190173,D-BAR,dark,Arabika Jawa Barat,B10,1,collecting,69,15832,2810,2794,7938,10037,2782,9606,16894,16018,15256,,
191173,D-BAR,dark,Arabika Jawa Barat,B10,1,collecting,70,15816,2811,2795,7938,10032,2782,9604,16888,16009,15253,,
192174,D-BAR,dark,Arabika Jawa Barat,B10,1,collecting,71,15809,2811,2791,7938,10031,2782,9607,16884,16002,15252,,
193173,D-BAR,dark,Arabika Jawa Barat,B10,1,collecting,72,15806,2812,2796,7938,10031,2783,9611,16884,15998,15252,,
194173,D-BAR,dark,Arabika Jawa Barat,B10,1,collecting,73,15808,2809,2793,7938,10032,2782,9612,16885,15996,15253,,
195173,D-BAR,dark,Arabika Jawa Barat,B10,1,collecting,74,15815,2810,2789,7938,10035,2779,9616,16888,15996,15255,,
196173,D-BAR,dark,Arabika Jawa Barat,B10,1,collecting,75,15823,2809,2796,7937,10037,2782,9618,16893,15997,15256,,
197173,D-BAR,dark,Arabika Jawa Barat,B10,1,collecting,76,15829,2810,2798,7937,10037,2782,9617,16895,15998,15255,,
198173,D-BAR,dark,Arabika Jawa Barat,B10,1,collecting,77,15833,2809,2794,7937,10037,2782,9617,16897,15999,15254,,
199174,D-BAR,dark,Arabika Jawa Barat,B10,1,collecting,78,15834,2810,2793,7936,10036,2780,9616,16897,15998,15252,,
200173,D-BAR,dark,Arabika Jawa Barat,B10,1,collecting,79,15834,2809,2793,7937,10034,2782,9613,16896,15997,15250,,
201174,D-BAR,dark,Arabika Jawa Barat,B10,1,collecting,80,15835,2807,2793,7936,10034,2782,9611,16894,15996,15248,,
202173,D-BAR,dark,Arabika Jawa Barat,B10,1,collecting,81,15838,2812,2792,7936,10033,2782,9612,16895,15994,15249,,
203173,D-BAR,dark,Arabika Jawa Barat,B10,1,collecting,82,15838,2809,2794,7936,10031,2782,9610,16894,15993,15245,,
204173,D-BAR,dark,Arabika Jawa Barat,B10,1,collecting,83,15833,2811,2793,7936,10028,2782,9607,16891,15991,15240,,
205173,D-BAR,dark,Arabika Jawa Barat,B10,1,collecting,84,15826,2812,2794,7936,10023,2782,9602,16887,15987,15235,,
206173,D-BAR,dark,Arabika Jawa Barat,B10,1,collecting,85,15816,2810,2794,7936,10018,2782,9598,16881,15982,15231,,
207173,D-BAR,dark,Arabika Jawa Barat,B10,1,collecting,86,15809,2810,2795,7936,10014,2782,9597,16877,15976,15229,,
208174,D-BAR,dark,Arabika Jawa Barat,B10,1,collecting,87,15805,2810,2791,7935,10012,2782,9595,16875,15972,15226,,
209173,D-BAR,dark,Arabika Jawa Barat,B10,1,collecting,88,15803,2809,2794,7935,10011,2782,9595,16875,15969,15225,,
210173,D-BAR,dark,Arabika Jawa Barat,B10,1,collecting,89,15806,2810,2793,7935,10011,2782,9596,16876,15968,15226,,
211173,D-BAR,dark,Arabika Jawa Barat,B10,1,collecting,90,15813,2810,2793,7935,10012,2782,9599,16880,15968,15229,,
212173,D-BAR,dark,Arabika Jawa Barat,B10,1,collecting,91,15825,2810,2796,7934,10016,2782,9601,16887,15971,15231,,
213173,D-BAR,dark,Arabika Jawa Barat,B10,1,collecting,92,15837,2811,2790,7934,10018,2779,9602,16893,15974,15234,,
214173,D-BAR,dark,Arabika Jawa Barat,B10,1,collecting,93,15848,2809,2790,7934,10018,2782,9602,16897,15977,15234,,
215174,D-BAR,dark,Arabika Jawa Barat,B10,1,collecting,94,15852,2811,2795,7934,10015,2782,9600,16897,15979,15229,,
216173,D-BAR,dark,Arabika Jawa Barat,B10,1,collecting,95,15846,2808,2791,7933,10010,2779,9595,16893,15977,15224,,
217174,D-BAR,dark,Arabika Jawa Barat,B10,1,collecting,96,15837,2811,2792,7934,10004,2782,9590,16886,15973,15218,,
218173,D-BAR,dark,Arabika Jawa Barat,B10,1,collecting,97,15826,2807,2793,7934,9999,2782,9584,16881,15968,15214,,
219173,D-BAR,dark,Arabika Jawa Barat,B10,1,collecting,98,15819,2811,2793,7933,9995,2782,9581,16877,15963,15211,,
220173,D-BAR,dark,Arabika Jawa Barat,B10,1,collecting,99,15814,2811,2792,7933,9993,2782,9580,16875,15958,15210,,
221173,D-BAR,dark,Arabika Jawa Barat,B10,1,collecting,100,15812,2810,2796,7933,9990,2780,9578,16874,15955,15206,,
222173,D-BAR,dark,Arabika Jawa Barat,B10,1,collecting,101,15804,2809,2790,7932,9986,2782,9572,16872,15952,15201,,
223173,D-BAR,dark,Arabika Jawa Barat,B10,1,collecting,102,15796,2811,2792,7933,9982,2782,9570,16867,15948,15199,,
224174,D-BAR,dark,Arabika Jawa Barat,B10,1,collecting,103,15792,2809,2793,7932,9980,2782,9569,16865,15943,15198,,
225173,D-BAR,dark,Arabika Jawa Barat,B10,1,collecting,104,15794,2811,2789,7932,9981,2780,9571,16867,15941,15200,,
226173,D-BAR,dark,Arabika Jawa Barat,B10,1,collecting,105,15802,2813,2793,7932,9983,2780,9572,16871,15942,15200,,
227173,D-BAR,dark,Arabika Jawa Barat,B10,1,collecting,106,15802,2808,2794,7932,9981,2782,9571,16872,15942,15196,,
228173,D-BAR,dark,Arabika Jawa Barat,B10,1,collecting,107,15794,2809,2793,7932,9976,2779,9567,16867,15940,15190,,
229173,D-BAR,dark,Arabika Jawa Barat,B10,1,collecting,108,15777,2809,2793,7931,9968,2782,9558,16858,15934,15180,,
230173,D-BAR,dark,Arabika Jawa Barat,B10,1,collecting,109,15756,2811,2792,7931,9959,2782,9550,16847,15924,15171,,
231174,D-BAR,dark,Arabika Jawa Barat,B10,1,collecting,110,15735,2808,2794,7931,9950,2782,9544,16836,15913,15164,,
232173,D-BAR,dark,Arabika Jawa Barat,B10,1,collecting,111,15717,2810,2794,7931,9945,2782,9540,16828,15903,15160,,
233174,D-BAR,dark,Arabika Jawa Barat,B10,1,collecting,112,15710,2807,2790,7930,9943,2780,9542,16826,15896,15161,,
234173,D-BAR,dark,Arabika Jawa Barat,B10,1,collecting,113,15713,2807,2793,7930,9945,2782,9545,16829,15893,15163,,
235173,D-BAR,dark,Arabika Jawa Barat,B10,1,collecting,114,15720,2810,2794,7930,9946,2783,9549,16833,15893,15164,,
236173,D-BAR,dark,Arabika Jawa Barat,B10,1,collecting,115,15724,2810,2792,7930,9946,2779,9550,16834,15893,15162,,
237173,D-BAR,dark,Arabika Jawa Barat,B10,1,collecting,116,15724,2810,2793,7930,9944,2782,9550,16833,15892,15159,,
238173,D-BAR,dark,Arabika Jawa Barat,B10,1,collecting,117,15721,2809,2794,7930,9942,2780,9548,16830,15890,15156,,
239173,D-BAR,dark,Arabika Jawa Barat,B10,1,collecting,118,15717,2809,2790,7929,9939,2782,9545,16828,15886,15152,,
240174,D-BAR,dark,Arabika Jawa Barat,B10,1,collecting,119,15711,2809,2793,7929,9936,2782,9544,16824,15883,15150,,
241173,D-BAR,dark,Arabika Jawa Barat,B10,1,collecting,120,15706,2810,2793,7928,9933,2780,9542,16822,15879,15148,,
242177,D-BAR,dark,Arabika Jawa Barat,B10,2,purging,1,15703,2809,2793,7928,9932,2782,9541,16820,15876,15147,,
243173,D-BAR,dark,Arabika Jawa Barat,B10,2,purging,2,15700,2810,2791,7928,9931,2782,9540,16820,15874,15146,,
244172,D-BAR,dark,Arabika Jawa Barat,B10,2,purging,3,15673,2807,2792,7928,9918,2780,9529,16808,15869,15121,,
245173,D-BAR,dark,Arabika Jawa Barat,B10,2,purging,4,15580,2809,2793,7928,9884,2780,9491,16762,15846,15072,,
246173,D-BAR,dark,Arabika Jawa Barat,B10,2,purging,5,15434,2807,2796,7928,9835,2780,9442,16691,15801,15015,,
247174,D-BAR,dark,Arabika Jawa Barat,B10,2,purging,6,15248,2811,2794,7928,9780,2780,9395,16609,15738,14957,,
248173,D-BAR,dark,Arabika Jawa Barat,B10,2,purging,7,15038,2807,2791,7927,9725,2782,9351,16526,15664,14902,,
249174,D-BAR,dark,Arabika Jawa Barat,B10,2,purging,8,14813,2809,2792,7927,9672,2780,9313,16445,15586,14849,,
250173,D-BAR,dark,Arabika Jawa Barat,B10,2,purging,9,14581,2807,2792,7927,9622,2780,9280,16369,15507,14799,,
251173,D-BAR,dark,Arabika Jawa Barat,B10,2,purging,10,14345,2806,2792,7927,9576,2783,9254,16298,15429,14753,,
252173,D-BAR,dark,Arabika Jawa Barat,B10,2,purging,11,14111,2807,2794,7927,9535,2779,9232,16233,15353,14711,,
253173,D-BAR,dark,Arabika Jawa Barat,B10,2,purging,12,13881,2806,2794,7927,9496,2782,9213,16171,15280,14671,,
254173,D-BAR,dark,Arabika Jawa Barat,B10,2,purging,13,13658,2809,2791,7927,9462,2782,9198,16114,15210,14635,,
255173,D-BAR,dark,Arabika Jawa Barat,B10,2,purging,14,13445,2805,2790,7927,9432,2782,9185,16062,15144,14601,,
256174,D-BAR,dark,Arabika Jawa Barat,B10,2,purging,15,13244,2806,2791,7927,9404,2782,9173,16014,15081,14570,,
257173,D-BAR,dark,Arabika Jawa Barat,B10,2,purging,16,13056,2803,2794,7927,9379,2780,9164,15968,15022,14541,,
258173,D-BAR,dark,Arabika Jawa Barat,B10,2,purging,17,12880,2801,2793,7927,9357,2782,9158,15926,14967,14514,,
259173,D-BAR,dark,Arabika Jawa Barat,B10,2,purging,18,12718,2803,2794,7927,9337,2782,9150,15885,14914,14488,,
260173,D-BAR,dark,Arabika Jawa Barat,B10,2,purging,19,12568,2802,2793,7926,9319,2782,9144,15847,14864,14463,,
261173,D-BAR,dark,Arabika Jawa Barat,B10,2,purging,20,12430,2805,2791,7927,9302,2779,9138,15811,14817,14440,,
262173,D-BAR,dark,Arabika Jawa Barat,B10,2,purging,21,12303,2802,2796,7927,9287,2782,9134,15777,14772,14418,,
263174,D-BAR,dark,Arabika Jawa Barat,B10,2,purging,22,12186,2802,2792,7927,9273,2779,9129,15744,14729,14397,,
264173,D-BAR,dark,Arabika Jawa Barat,B10,2,purging,23,12080,2802,2793,7927,9260,2780,9125,15713,14688,14376,,
265174,D-BAR,dark,Arabika Jawa Barat,B10,2,purging,24,11982,2800,2791,7926,9247,2780,9121,15683,14648,14357,,
266173,D-BAR,dark,Arabika Jawa Barat,B10,2,purging,25,11892,2802,2789,7926,9235,2779,9117,15653,14610,14339,,
267173,D-BAR,dark,Arabika Jawa Barat,B10,2,purging,26,11809,2801,2792,7926,9224,2782,9115,15626,14574,14320,,
268173,D-BAR,dark,Arabika Jawa Barat,B10,2,purging,27,11733,2803,2791,7926,9214,2782,9111,15599,14539,14303,,
269173,D-BAR,dark,Arabika Jawa Barat,B10,2,purging,28,11663,2802,2793,7926,9204,2782,9108,15573,14506,14287,,
270173,D-BAR,dark,Arabika Jawa Barat,B10,2,purging,29,11599,2804,2792,7926,9195,2779,9105,15549,14474,14270,,
271173,D-BAR,dark,Arabika Jawa Barat,B10,2,purging,30,11539,2801,2790,7926,9186,2780,9103,15525,14443,14256,,
272174,D-BAR,dark,Arabika Jawa Barat,B10,2,purging,31,11482,2804,2789,7926,9177,2782,9101,15501,14413,14240,,
273173,D-BAR,dark,Arabika Jawa Barat,B10,2,purging,32,11430,2804,2791,7926,9169,2782,9098,15479,14383,14225,,
274173,D-BAR,dark,Arabika Jawa Barat,B10,2,purging,33,11381,2801,2792,7926,9161,2782,9095,15457,14354,14211,,
275173,D-BAR,dark,Arabika Jawa Barat,B10,2,purging,34,11336,2805,2793,7925,9153,2782,9092,15436,14327,14197,,
276173,D-BAR,dark,Arabika Jawa Barat,B10,2,purging,35,11293,2800,2789,7925,9146,2782,9090,15415,14301,14184,,
277173,D-BAR,dark,Arabika Jawa Barat,B10,2,purging,36,11253,2801,2793,7925,9140,2782,9088,15395,14276,14172,,
278173,D-BAR,dark,Arabika Jawa Barat,B10,2,purging,37,11214,2801,2791,7925,9133,2780,9086,15376,14251,14160,,
279174,D-BAR,dark,Arabika Jawa Barat,B10,2,purging,38,11179,2804,2793,7924,9126,2779,9086,15357,14227,14147,,
280173,D-BAR,dark,Arabika Jawa Barat,B10,2,purging,39,11146,2802,2791,7925,9121,2780,9084,15339,14204,14135,,
281174,D-BAR,dark,Arabika Jawa Barat,B10,2,purging,40,11114,2802,2790,7925,9116,2782,9081,15321,14182,14124,,
282173,D-BAR,dark,Arabika Jawa Barat,B10,2,purging,41,11084,2802,2792,7925,9111,2782,9080,15304,14161,14114,,
283173,D-BAR,dark,Arabika Jawa Barat,B10,2,purging,42,11056,2800,2791,7924,9106,2780,9079,15287,14141,14103,,
284173,D-BAR,dark,Arabika Jawa Barat,B10,2,purging,43,11031,2799,2790,7925,9102,2780,9078,15271,14121,14093,,
285173,D-BAR,dark,Arabika Jawa Barat,B10,2,purging,44,11006,2801,2792,7924,9098,2779,9077,15255,14102,14084,,
286173,D-BAR,dark,Arabika Jawa Barat,B10,2,purging,45,10982,2803,2790,7925,9095,2782,9077,15240,14085,14074,,
287173,D-BAR,dark,Arabika Jawa Barat,B10,2,purging,46,10960,2802,2793,7924,9091,2780,9077,15225,14067,14065,,
288174,D-BAR,dark,Arabika Jawa Barat,B10,2,purging,47,10938,2801,2791,7924,9087,2780,9075,15210,14050,14056,,
289173,D-BAR,dark,Arabika Jawa Barat,B10,2,purging,48,10918,2802,2791,7924,9082,2783,9074,15195,14033,14046,,
290173,D-BAR,dark,Arabika Jawa Barat,B10,2,purging,49,10899,2802,2792,7924,9079,2780,9074,15181,14017,14038,,
291173,D-BAR,dark,Arabika Jawa Barat,B10,2,purging,50,10881,2800,2792,7924,9075,2782,9072,15167,14001,14029,,
292173,D-BAR,dark,Arabika Jawa Barat,B10,2,purging,51,10863,2802,2794,7923,9072,2782,9072,15153,13986,14021,,
293173,D-BAR,dark,Arabika Jawa Barat,B10,2,purging,52,10846,2803,2791,7923,9069,2782,9070,15140,13970,14013,,
294173,D-BAR,dark,Arabika Jawa Barat,B10,2,purging,53,10828,2802,2793,7923,9065,2783,9068,15127,13955,14005,,
295174,D-BAR,dark,Arabika Jawa Barat,B10,2,purging,54,10812,2802,2796,7923,9062,2780,9067,15114,13941,13996,,
296173,D-BAR,dark,Arabika Jawa Barat,B10,2,purging,55,10796,2804,2793,7923,9058,2780,9066,15101,13927,13988,,
297174,D-BAR,dark,Arabika Jawa Barat,B10,2,purging,56,10781,2802,2795,7923,9055,2779,9064,15089,13913,13981,,
298173,D-BAR,dark,Arabika Jawa Barat,B10,2,purging,57,10766,2798,2790,7923,9051,2782,9063,15076,13900,13973,,
299173,D-BAR,dark,Arabika Jawa Barat,B10,2,purging,58,10751,2802,2794,7923,9048,2782,9061,15063,13886,13966,,
300173,D-BAR,dark,Arabika Jawa Barat,B10,2,purging,59,10736,2803,2789,7922,9045,2782,9061,15051,13873,13958,,
301173,D-BAR,dark,Arabika Jawa Barat,B10,2,purging,60,10722,2799,2793,7922,9041,2782,9059,15039,13860,13951,,
302173,D-BAR,dark,Arabika Jawa Barat,B10,2,purging,61,10709,2802,2793,7922,9039,2782,9058,15027,13847,13944,,
303173,D-BAR,dark,Arabika Jawa Barat,B10,2,purging,62,10696,2804,2792,7922,9036,2782,9057,15016,13835,13937,,
304174,D-BAR,dark,Arabika Jawa Barat,B10,2,purging,63,10684,2802,2793,7922,9033,2780,9055,15005,13823,13930,,
305173,D-BAR,dark,Arabika Jawa Barat,B10,2,purging,64,10673,2803,2793,7922,9030,2782,9054,14994,13811,13923,,
306173,D-BAR,dark,Arabika Jawa Barat,B10,2,purging,65,10662,2802,2792,7921,9027,2782,9053,14983,13800,13917,,
307173,D-BAR,dark,Arabika Jawa Barat,B10,2,purging,66,10650,2800,2792,7922,9025,2780,9052,14973,13789,13911,,
308173,D-BAR,dark,Arabika Jawa Barat,B10,2,purging,67,10639,2802,2790,7922,9022,2782,9050,14962,13778,13904,,
309173,D-BAR,dark,Arabika Jawa Barat,B10,2,purging,68,10629,2801,2791,7922,9019,2780,9048,14952,13766,13897,,
310173,D-BAR,dark,Arabika Jawa Barat,B10,2,purging,69,10619,2800,2795,7922,9015,2780,9046,14941,13755,13890,,
311174,D-BAR,dark,Arabika Jawa Barat,B10,2,purging,70,10609,2802,2791,7922,9012,2779,9044,14931,13744,13884,,
312173,D-BAR,dark,Arabika Jawa Barat,B10,2,purging,71,10599,2802,2792,7921,9008,2782,9043,14920,13733,13879,,
313174,D-BAR,dark,Arabika Jawa Barat,B10,2,purging,72,10590,2801,2790,7921,9005,2782,9042,14910,13722,13872,,
314173,D-BAR,dark,Arabika Jawa Barat,B10,2,purging,73,10582,2802,2792,7921,9001,2782,9039,14901,13712,13865,,
315173,D-BAR,dark,Arabika Jawa Barat,B10,2,purging,74,10573,2800,2792,7921,8998,2779,9038,14891,13701,13859,,
316173,D-BAR,dark,Arabika Jawa Barat,B10,2,purging,75,10565,2802,2795,7921,8995,2782,9036,14881,13691,13854,,
317173,D-BAR,dark,Arabika Jawa Barat,B10,2,purging,76,10557,2802,2790,7921,8992,2782,9034,14872,13681,13848,,
318173,D-BAR,dark,Arabika Jawa Barat,B10,2,purging,77,10549,2804,2793,7921,8989,2780,9033,14863,13671,13842,,
319173,D-BAR,dark,Arabika Jawa Barat,B10,2,purging,78,10541,2802,2791,7920,8987,2780,9032,14854,13661,13837,,
320174,D-BAR,dark,Arabika Jawa Barat,B10,2,purging,79,10534,2801,2792,7920,8984,2782,9031,14845,13652,13832,,
321173,D-BAR,dark,Arabika Jawa Barat,B10,2,purging,80,10528,2801,2793,7920,8982,2780,9030,14836,13642,13827,,
322173,D-BAR,dark,Arabika Jawa Barat,B10,2,purging,81,10520,2803,2790,7920,8979,2782,9029,14828,13633,13822,,
323173,D-BAR,dark,Arabika Jawa Barat,B10,2,purging,82,10512,2799,2792,7920,8976,2782,9029,14819,13625,13817,,
324173,D-BAR,dark,Arabika Jawa Barat,B10,2,purging,83,10505,2802,2791,7919,8973,2782,9027,14811,13616,13812,,
325173,D-BAR,dark,Arabika Jawa Barat,B10,2,purging,84,10498,2801,2790,7919,8971,2782,9026,14804,13608,13807,,
326173,D-BAR,dark,Arabika Jawa Barat,B10,2,purging,85,10491,2798,2791,7919,8969,2782,9025,14795,13599,13802,,
327174,D-BAR,dark,Arabika Jawa Barat,B10,2,purging,86,10484,2801,2790,7919,8967,2783,9024,14787,13591,13797,,
328173,D-BAR,dark,Arabika Jawa Barat,B10,2,purging,87,10477,2802,2791,7919,8965,2782,9022,14779,13584,13793,,
329174,D-BAR,dark,Arabika Jawa Barat,B10,2,purging,88,10472,2801,2795,7918,8963,2782,9021,14771,13575,13789,,
330173,D-BAR,dark,Arabika Jawa Barat,B10,2,purging,89,10466,2798,2791,7918,8960,2780,9020,14763,13567,13784,,
331173,D-BAR,dark,Arabika Jawa Barat,B10,2,purging,90,10460,2800,2790,7918,8958,2782,9020,14756,13559,13779,,
332173,D-BAR,dark,Arabika Jawa Barat,B10,2,purging,91,10454,2803,2790,7918,8955,2780,9018,14748,13552,13775,,
333173,D-BAR,dark,Arabika Jawa Barat,B10,2,purging,92,10449,2800,2790,7918,8953,2782,9018,14741,13544,13771,,
334173,D-BAR,dark,Arabika Jawa Barat,B10,2,purging,93,10444,2799,2790,7917,8951,2782,9017,14733,13537,13767,,
335173,D-BAR,dark,Arabika Jawa Barat,B10,2,purging,94,10439,2799,2790,7917,8950,2782,9017,14726,13529,13763,,
336174,D-BAR,dark,Arabika Jawa Barat,B10,2,purging,95,10432,2800,2789,7916,8948,2782,9017,14720,13523,13759,,
337173,D-BAR,dark,Arabika Jawa Barat,B10,2,purging,96,10427,2798,2794,7916,8947,2779,9017,14713,13516,13756,,
338173,D-BAR,dark,Arabika Jawa Barat,B10,2,purging,97,10421,2801,2792,7915,8945,2779,9016,14706,13509,13753,,
339173,D-BAR,dark,Arabika Jawa Barat,B10,2,purging,98,10416,2800,2790,7916,8943,2782,9016,14699,13503,13748,,
340173,D-BAR,dark,Arabika Jawa Barat,B10,2,purging,99,10411,2800,2793,7915,8942,2782,9016,14693,13495,13745,,
341173,D-BAR,dark,Arabika Jawa Barat,B10,2,purging,100,10406,2803,2793,7916,8940,2782,9015,14686,13488,13742,,
342173,D-BAR,dark,Arabika Jawa Barat,B10,2,purging,101,10402,2801,2793,7915,8938,2780,9015,14680,13482,13738,,
343174,D-BAR,dark,Arabika Jawa Barat,B10,2,purging,102,10398,2802,2793,7915,8937,2779,9014,14673,13475,13734,,
344173,D-BAR,dark,Arabika Jawa Barat,B10,2,purging,103,10394,2801,2790,7915,8935,2782,9013,14667,13467,13731,,
345174,D-BAR,dark,Arabika Jawa Barat,B10,2,purging,104,10389,2801,2790,7915,8934,2782,9013,14660,13462,13727,,
346173,D-BAR,dark,Arabika Jawa Barat,B10,2,purging,105,10385,2801,2792,7915,8933,2782,9012,14654,13455,13724,,
347173,D-BAR,dark,Arabika Jawa Barat,B10,2,purging,106,10381,2801,2790,7914,8931,2782,9012,14648,13450,13721,,
348173,D-BAR,dark,Arabika Jawa Barat,B10,2,purging,107,10376,2798,2790,7914,8930,2780,9011,14642,13444,13718,,
349173,D-BAR,dark,Arabika Jawa Barat,B10,2,purging,108,10371,2801,2794,7914,8928,2780,9010,14636,13437,13714,,
350173,D-BAR,dark,Arabika Jawa Barat,B10,2,purging,109,10367,2801,2793,7914,8925,2783,9008,14628,13431,13709,,
351173,D-BAR,dark,Arabika Jawa Barat,B10,2,purging,110,10363,2801,2789,7913,8923,2782,9006,14622,13424,13705,,
352174,D-BAR,dark,Arabika Jawa Barat,B10,2,purging,111,10359,2801,2793,7913,8920,2780,9005,14615,13418,13700,,
353173,D-BAR,dark,Arabika Jawa Barat,B10,2,purging,112,10354,2799,2792,7913,8917,2780,9004,14608,13412,13697,,
354173,D-BAR,dark,Arabika Jawa Barat,B10,2,purging,113,10352,2800,2793,7913,8915,2780,9003,14602,13405,13693,,
355173,D-BAR,dark,Arabika Jawa Barat,B10,2,purging,114,10349,2799,2789,7912,8912,2780,9000,14595,13399,13689,,
356173,D-BAR,dark,Arabika Jawa Barat,B10,2,purging,115,10346,2803,2792,7912,8910,2777,8998,14590,13392,13686,,
357173,D-BAR,dark,Arabika Jawa Barat,B10,2,purging,116,10343,2799,2791,7912,8907,2782,8996,14584,13385,13682,,
358173,D-BAR,dark,Arabika Jawa Barat,B10,2,purging,117,10340,2803,2791,7911,8905,2782,8994,14577,13379,13678,,
359174,D-BAR,dark,Arabika Jawa Barat,B10,2,purging,118,10336,2799,2792,7911,8902,2780,8994,14572,13373,13675,,
360173,D-BAR,dark,Arabika Jawa Barat,B10,2,purging,119,10332,2800,2789,7910,8902,2782,8993,14566,13366,13672,,
361174,D-BAR,dark,Arabika Jawa Barat,B10,2,purging,120,10330,2803,2789,7911,8900,2782,8993,14560,13361,13670,,
362176,D-BAR,dark,Arabika Jawa Barat,B10,2,collecting,1,10327,2801,2791,7910,8899,2782,8992,14556,13356,13668,,
363173,D-BAR,dark,Arabika Jawa Barat,B10,2,collecting,2,10325,2799,2788,7910,8898,2780,8993,14551,13352,13665,,
364173,D-BAR,dark,Arabika Jawa Barat,B10,2,collecting,3,10324,2801,2790,7910,8900,2780,8993,14546,13347,13666,,
365173,D-BAR,dark,Arabika Jawa Barat,B10,2,collecting,4,10649,2799,2790,7910,8973,2782,9062,14612,13364,13811,,
366173,D-BAR,dark,Arabika Jawa Barat,B10,2,collecting,5,11905,2801,2792,7910,9185,2780,9268,14926,13523,14081,,
367173,D-BAR,dark,Arabika Jawa Barat,B10,2,collecting,6,13359,2805,2794,7910,9444,2782,9490,15372,13847,14360,,
368174,D-BAR,dark,Arabika Jawa Barat,B10,2,collecting,7,14525,2804,2791,7910,9684,2780,9670,15836,14262,14614,,
369173,D-BAR,dark,Arabika Jawa Barat,B10,2,collecting,8,15336,2805,2793,7910,9869,2782,9789,16218,14679,14796,,
370173,D-BAR,dark,Arabika Jawa Barat,B10,2,collecting,9,15861,2807,2791,7909,10000,2782,9850,16492,15038,14930,,
371173,D-BAR,dark,Arabika Jawa Barat,B10,2,collecting,10,16200,2806,2791,7909,10089,2780,9872,16681,15322,15025,,
372173,D-BAR,dark,Arabika Jawa Barat,B10,2,collecting,11,16425,2808,2793,7909,10152,2780,9878,16813,15537,15098,,
373173,D-BAR,dark,Arabika Jawa Barat,B10,2,collecting,12,16579,2811,2796,7908,10195,2782,9872,16908,15701,15150,,
374173,D-BAR,dark,Arabika Jawa Barat,B10,2,collecting,13,16686,2811,2790,7908,10226,2784,9867,16978,15827,15196,,
375174,D-BAR,dark,Arabika Jawa Barat,B10,2,collecting,14,16765,2810,2795,7907,10250,2782,9863,17035,15926,15232,,
376173,D-BAR,dark,Arabika Jawa Barat,B10,2,collecting,15,16814,2807,2789,7907,10261,2783,9850,17075,16006,15250,,
377174,D-BAR,dark,Arabika Jawa Barat,B10,2,collecting,16,16836,2808,2794,7906,10261,2782,9830,17095,16062,15259,,
378173,D-BAR,dark,Arabika Jawa Barat,B10,2,collecting,17,16837,2809,2790,7906,10253,2783,9808,17102,16100,15263,,
379173,D-BAR,dark,Arabika Jawa Barat,B10,2,collecting,18,16828,2808,2789,7905,10244,2783,9790,17105,16124,15268,,
380173,D-BAR,dark,Arabika Jawa Barat,B10,2,collecting,19,16812,2811,2790,7905,10233,2782,9772,17106,16141,15268,,
381173,D-BAR,dark,Arabika Jawa Barat,B10,2,collecting,20,16791,2807,2790,7904,10220,2780,9754,17103,16152,15267,,
382173,D-BAR,dark,Arabika Jawa Barat,B10,2,collecting,21,16762,2809,2793,7904,10205,2782,9734,17098,16157,15264,,
383173,D-BAR,dark,Arabika Jawa Barat,B10,2,collecting,22,16733,2807,2791,7903,10193,2782,9720,17092,16158,15265,,
384174,D-BAR,dark,Arabika Jawa Barat,B10,2,collecting,23,16708,2811,2790,7903,10184,2780,9711,17092,16160,15267,,
385173,D-BAR,dark,Arabika Jawa Barat,B10,2,collecting,24,16682,2808,2790,7902,10172,2782,9702,17088,16161,15263,,
386173,D-BAR,dark,Arabika Jawa Barat,B10,2,collecting,25,16653,2811,2795,7902,10161,2782,9692,17083,16158,15262,,
387173,D-BAR,dark,Arabika Jawa Barat,B10,2,collecting,26,16630,2807,2793,7902,10154,2780,9687,17081,16156,15268,,
388173,D-BAR,dark,Arabika Jawa Barat,B10,2,collecting,27,16619,2809,2790,7901,10153,2782,9688,17088,16158,15277,,
389173,D-BAR,dark,Arabika Jawa Barat,B10,2,collecting,28,16614,2807,2790,7900,10153,2782,9692,17098,16164,15283,,
390173,D-BAR,dark,Arabika Jawa Barat,B10,2,collecting,29,16604,2810,2792,7900,10149,2782,9688,17104,16170,15284,,
391174,D-BAR,dark,Arabika Jawa Barat,B10,2,collecting,30,16590,2808,2790,7899,10145,2779,9682,17105,16173,15287,,
392173,D-BAR,dark,Arabika Jawa Barat,B10,2,collecting,31,16579,2807,2789,7899,10143,2780,9682,17108,16175,15291,,
393174,D-BAR,dark,Arabika Jawa Barat,B10,2,collecting,32,16565,2811,2790,7899,10138,2782,9676,17108,16177,15287,,
394173,D-BAR,dark,Arabika Jawa Barat,B10,2,collecting,33,16546,2812,2790,7898,10131,2780,9669,17103,16175,15287,,
395173,D-BAR,dark,Arabika Jawa Barat,B10,2,collecting,34,16535,2807,2789,7898,10129,2782,9668,17103,16172,15292,,
396173,D-BAR,dark,Arabika Jawa Barat,B10,2,collecting,35,16529,2808,2791,7897,10129,2782,9670,17107,16173,15296,,
397173,D-BAR,dark,Arabika Jawa Barat,B10,2,collecting,36,16524,2809,2790,7897,10129,2780,9669,17113,16176,15298,,
398173,D-BAR,dark,Arabika Jawa Barat,B10,2,collecting,37,16516,2811,2790,7896,10127,2780,9666,17116,16179,15299,,
399173,D-BAR,dark,Arabika Jawa Barat,B10,2,collecting,38,16503,2807,2792,7896,10121,2782,9661,17113,16178,15296,,
400174,D-BAR,dark,Arabika Jawa Barat,B10,2,collecting,39,16486,2811,2789,7895,10115,2780,9657,17109,16175,15292,,
401173,D-BAR,dark,Arabika Jawa Barat,B10,2,collecting,40,16466,2810,2789,7894,10107,2780,9649,17102,16170,15286,,
402173,D-BAR,dark,Arabika Jawa Barat,B10,2,collecting,41,16444,2809,2789,7894,10100,2780,9643,17093,16163,15283,,
403173,D-BAR,dark,Arabika Jawa Barat,B10,2,collecting,42,16424,2806,2790,7894,10093,2780,9638,17087,16155,15277,,
404173,D-BAR,dark,Arabika Jawa Barat,B10,2,collecting,43,16398,2811,2789,7894,10083,2782,9630,17076,16147,15269,,
405173,D-BAR,dark,Arabika Jawa Barat,B10,2,collecting,44,16367,2809,2789,7893,10072,2782,9620,17061,16135,15258,,
406173,D-BAR,dark,Arabika Jawa Barat,B10,2,collecting,45,16332,2811,2789,7893,10060,2779,9610,17046,16121,15247,,
407174,D-BAR,dark,Arabika Jawa Barat,B10,2,collecting,46,16292,2806,2790,7892,10046,2779,9599,17028,16105,15235,,
408173,D-BAR,dark,Arabika Jawa Barat,B10,2,collecting,47,16254,2806,2790,7892,10035,2782,9592,17012,16088,15228,,
409174,D-BAR,dark,Arabika Jawa Barat,B10,2,collecting,48,16223,2805,2789,7892,10027,2782,9587,17002,16073,15220,,
410173,D-BAR,dark,Arabika Jawa Barat,B10,2,collecting,49,16189,2807,2789,7891,10016,2780,9579,16988,16059,15209,,
411173,D-BAR,dark,Arabika Jawa Barat,B10,2,collecting,50,16155,2806,2789,7891,10007,2782,9576,16974,16044,15204,,
412173,D-BAR,dark,Arabika Jawa Barat,B10,2,collecting,51,16132,2806,2789,7891,10002,2782,9576,16967,16031,15203,,
413173,D-BAR,dark,Arabika Jawa Barat,B10,2,collecting,52,16116,2807,2792,7890,10000,2780,9577,16963,16022,15200,,
414173,D-BAR,dark,Arabika Jawa Barat,B10,2,collecting,53,16099,2811,2790,7891,9996,2780,9578,16958,16015,15196,,
415173,D-BAR,dark,Arabika Jawa Barat,B10,2,collecting,54,16085,2809,2788,7890,9993,2782,9579,16954,16007,15196,,
416174,D-BAR,dark,Arabika Jawa Barat,B10,2,collecting,55,16075,2809,2790,7890,9992,2780,9581,16951,16002,15195,,
417173,D-BAR,dark,Arabika Jawa Barat,B10,2,collecting,56,16069,2809,2789,7890,9992,2782,9581,16950,15998,15195,,
418173,D-BAR,dark,Arabika Jawa Barat,B10,2,collecting,57,16066,2807,2792,7890,9993,2782,9581,16951,15996,15195,,
419173,D-BAR,dark,Arabika Jawa Barat,B10,2,collecting,58,16061,2807,2789,7889,9992,2782,9580,16950,15994,15193,,
420173,D-BAR,dark,Arabika Jawa Barat,B10,2,collecting,59,16053,2807,2789,7889,9990,2780,9580,16947,15992,15191,,
421173,D-BAR,dark,Arabika Jawa Barat,B10,2,collecting,60,16047,2805,2789,7889,9990,2780,9581,16945,15989,15193,,
422173,D-BAR,dark,Arabika Jawa Barat,B10,2,collecting,61,16048,2808,2790,7889,9992,2779,9585,16949,15988,15197,,
423174,D-BAR,dark,Arabika Jawa Barat,B10,2,collecting,62,16054,2807,2794,7888,9995,2780,9590,16953,15989,15200,,
424173,D-BAR,dark,Arabika Jawa Barat,B10,2,collecting,63,16060,2804,2789,7888,9999,2779,9593,16959,15991,15205,,
425174,D-BAR,dark,Arabika Jawa Barat,B10,2,collecting,64,16074,2807,2792,7888,10006,2779,9598,16967,15996,15214,,
426173,D-BAR,dark,Arabika Jawa Barat,B10,2,collecting,65,16090,2806,2794,7888,10014,2782,9605,16975,16004,15220,,
427173,D-BAR,dark,Arabika Jawa Barat,B10,2,collecting,66,16109,2808,2790,7888,10024,2783,9611,16988,16013,15232,,
428173,D-BAR,dark,Arabika Jawa Barat,B10,2,collecting,67,16135,2807,2792,7888,10034,2780,9620,17003,16024,15243,,
429173,D-BAR,dark,Arabika Jawa Barat,B10,2,collecting,68,16163,2806,2788,7888,10045,2780,9631,17017,16038,15254,,
430173,D-BAR,dark,Arabika Jawa Barat,B10,2,collecting,69,16189,2807,2789,7887,10056,2780,9640,17032,16052,15267,,
431173,D-BAR,dark,Arabika Jawa Barat,B10,2,collecting,70,16221,2807,2792,7887,10070,2780,9654,17049,16068,15281,,
432174,D-BAR,dark,Arabika Jawa Barat,B10,2,collecting,71,16252,2805,2790,7887,10081,2782,9662,17066,16085,15288,,
433173,D-BAR,dark,Arabika Jawa Barat,B10,2,collecting,72,16270,2807,2789,7887,10087,2779,9664,17075,16099,15292,,
434173,D-BAR,dark,Arabika Jawa Barat,B10,2,collecting,73,16277,2805,2789,7886,10089,2780,9659,17078,16109,15293,,
435173,D-BAR,dark,Arabika Jawa Barat,B10,2,collecting,74,16277,2807,2790,7886,10091,2780,9658,17079,16115,15294,,
436173,D-BAR,dark,Arabika Jawa Barat,B10,2,collecting,75,16275,2808,2788,7886,10091,2782,9658,17079,16118,15294,,
437173,D-BAR,dark,Arabika Jawa Barat,B10,2,collecting,76,16269,2808,2788,7886,10090,2780,9658,17075,16119,15292,,
438173,D-BAR,dark,Arabika Jawa Barat,B10,2,collecting,77,16262,2807,2792,7886,10090,2782,9657,17074,16119,15295,,
439174,D-BAR,dark,Arabika Jawa Barat,B10,2,collecting,78,16255,2809,2789,7885,10090,2780,9654,17073,16120,15292,,
440173,D-BAR,dark,Arabika Jawa Barat,B10,2,collecting,79,16236,2807,2790,7886,10084,2779,9646,17065,16118,15283,,
441174,D-BAR,dark,Arabika Jawa Barat,B10,2,collecting,80,16208,2807,2791,7885,10076,2782,9639,17052,16111,15275,,
442173,D-BAR,dark,Arabika Jawa Barat,B10,2,collecting,81,16178,2807,2788,7885,10069,2782,9634,17038,16101,15268,,
443173,D-BAR,dark,Arabika Jawa Barat,B10,2,collecting,82,16144,2805,2789,7885,10060,2782,9627,17024,16091,15258,,
444173,D-BAR,dark,Arabika Jawa Barat,B10,2,collecting,83,16106,2806,2789,7885,10051,2780,9620,17007,16077,15249,,
445173,D-BAR,dark,Arabika Jawa Barat,B10,2,collecting,84,16070,2806,2789,7885,10042,2782,9616,16991,16063,15239,,
446173,D-BAR,dark,Arabika Jawa Barat,B10,2,collecting,85,16033,2807,2790,7885,10034,2780,9611,16976,16049,15231,,
447173,D-BAR,dark,Arabika Jawa Barat,B10,2,collecting,86,15999,2805,2793,7885,10026,2779,9610,16962,16035,15224,,
448174,D-BAR,dark,Arabika Jawa Barat,B10,2,collecting,87,15973,2806,2789,7885,10024,2780,9612,16954,16023,15224,,
449173,D-BAR,dark,Arabika Jawa Barat,B10,2,collecting,88,15961,2807,2792,7885,10024,2780,9618,16952,16016,15225,,
450173,D-BAR,dark,Arabika Jawa Barat,B10,2,collecting,89,15950,2804,2789,7885,10024,2780,9619,16951,16012,15222,,
451173,D-BAR,dark,Arabika Jawa Barat,B10,2,collecting,90,15939,2806,2788,7885,10023,2782,9619,16948,16009,15220,,
452173,D-BAR,dark,Arabika Jawa Barat,B10,2,collecting,91,15931,2805,2789,7885,10022,2782,9619,16944,16005,15219,,
453173,D-BAR,dark,Arabika Jawa Barat,B10,2,collecting,92,15920,2806,2790,7886,10018,2779,9616,16939,16001,15214,,
454173,D-BAR,dark,Arabika Jawa Barat,B10,2,collecting,93,15909,2805,2788,7885,10015,2779,9616,16934,15996,15212,,
455174,D-BAR,dark,Arabika Jawa Barat,B10,2,collecting,94,15899,2805,2793,7885,10014,2780,9615,16929,15991,15209,,
456173,D-BAR,dark,Arabika Jawa Barat,B10,2,collecting,95,15893,2807,2790,7885,10013,2779,9616,16927,15987,15211,,
457174,D-BAR,dark,Arabika Jawa Barat,B10,2,collecting,96,15894,2806,2791,7885,10016,2780,9619,16928,15985,15213,,
458173,D-BAR,dark,Arabika Jawa Barat,B10,2,collecting,97,15901,2805,2793,7885,10021,2779,9624,16934,15987,15219,,
459173,D-BAR,dark,Arabika Jawa Barat,B10,2,collecting,98,15917,2803,2789,7885,10029,2780,9632,16942,15992,15228,,
460173,D-BAR,dark,Arabika Jawa Barat,B10,2,collecting,99,15943,2805,2789,7886,10040,2780,9642,16956,16001,15241,,
461173,D-BAR,dark,Arabika Jawa Barat,B10,2,collecting,100,15975,2805,2789,7885,10053,2780,9654,16972,16014,15252,,
462173,D-BAR,dark,Arabika Jawa Barat,B10,2,collecting,101,16001,2807,2789,7886,10063,2782,9663,16984,16028,15260,,
463173,D-BAR,dark,Arabika Jawa Barat,B10,2,collecting,102,16030,2810,2789,7886,10073,2782,9670,16997,16042,15271,,
464174,D-BAR,dark,Arabika Jawa Barat,B10,2,collecting,103,16057,2805,2789,7886,10083,2782,9678,17011,16056,15280,,
465173,D-BAR,dark,Arabika Jawa Barat,B10,2,collecting,104,16081,2804,2789,7885,10092,2780,9685,17022,16069,15287,,
466173,D-BAR,dark,Arabika Jawa Barat,B10,2,collecting,105,16101,2804,2792,7885,10099,2782,9688,17031,16082,15292,,
467173,D-BAR,dark,Arabika Jawa Barat,B10,2,collecting,106,16115,2808,2788,7886,10104,2782,9689,17038,16091,15296,,
468173,D-BAR,dark,Arabika Jawa Barat,B10,2,collecting,107,16122,2806,2789,7885,10106,2780,9688,17040,16099,15297,,
469173,D-BAR,dark,Arabika Jawa Barat,B10,2,collecting,108,16126,2805,2789,7885,10108,2782,9686,17042,16103,15299,,
470173,D-BAR,dark,Arabika Jawa Barat,B10,2,collecting,109,16131,2808,2793,7885,10111,2780,9686,17045,16108,15302,,
471174,D-BAR,dark,Arabika Jawa Barat,B10,2,collecting,110,16133,2807,2790,7886,10112,2782,9684,17046,16112,15301,,
472173,D-BAR,dark,Arabika Jawa Barat,B10,2,collecting,111,16122,2809,2790,7886,10108,2782,9680,17040,16114,15296,,
473174,D-BAR,dark,Arabika Jawa Barat,B10,2,collecting,112,16102,2806,2789,7886,10104,2782,9676,17031,16111,15292,,
474173,D-BAR,dark,Arabika Jawa Barat,B10,2,collecting,113,16082,2807,2789,7886,10103,2780,9676,17023,16106,15293,,
475173,D-BAR,dark,Arabika Jawa Barat,B10,2,collecting,114,16063,2808,2789,7886,10103,2780,9679,17016,16102,15292,,
476173,D-BAR,dark,Arabika Jawa Barat,B10,2,collecting,115,16040,2805,2788,7886,10104,2782,9681,17011,16099,15292,,
477173,D-BAR,dark,Arabika Jawa Barat,B10,2,collecting,116,16014,2805,2790,7886,10107,2780,9687,17005,16096,15296,,
478173,D-BAR,dark,Arabika Jawa Barat,B10,2,collecting,117,15990,2805,2792,7886,10113,2782,9697,16999,16093,15300,,
479173,D-BAR,dark,Arabika Jawa Barat,B10,2,collecting,118,15964,2809,2787,7886,10119,2782,9709,16993,16092,15302,,
480174,D-BAR,dark,Arabika Jawa Barat,B10,2,collecting,119,15937,2805,2792,7887,10124,2782,9716,16987,16090,15302,,
481173,D-BAR,dark,Arabika Jawa Barat,B10,2,collecting,120,15909,2805,2789,7887,10128,2782,9721,16978,16086,15299,,
482177,D-BAR,dark,Arabika Jawa Barat,B10,3,purging,1,15882,2809,2786,7888,10130,2780,9725,16969,16082,15298,,
483173,D-BAR,dark,Arabika Jawa Barat,B10,3,purging,2,15854,2806,2789,7888,10129,2782,9727,16960,16078,15294,,
484173,D-BAR,dark,Arabika Jawa Barat,B10,3,purging,3,15787,2806,2792,7889,10112,2780,9709,16932,16067,15255,,
485173,D-BAR,dark,Arabika Jawa Barat,B10,3,purging,4,15662,2805,2789,7889,10071,2780,9665,16871,16036,15201,,
486173,D-BAR,dark,Arabika Jawa Barat,B10,3,purging,5,15494,2804,2788,7890,10018,2779,9613,16794,15983,15144,,
487174,D-BAR,dark,Arabika Jawa Barat,B10,3,purging,6,15294,2807,2789,7890,9961,2779,9564,16709,15915,15084,,
488173,D-BAR,dark,Arabika Jawa Barat,B10,3,purging,7,15075,2806,2789,7891,9904,2782,9518,16626,15839,15028,,
489174,D-BAR,dark,Arabika Jawa Barat,B10,3,purging,8,14844,2803,2788,7891,9848,2779,9478,16545,15759,14973,,
490173,D-BAR,dark,Arabika Jawa Barat,B10,3,purging,9,14607,2808,2789,7891,9795,2780,9445,16468,15679,14923,,
491173,D-BAR,dark,Arabika Jawa Barat,B10,3,purging,10,14369,2807,2789,7891,9747,2782,9417,16396,15600,14875,,
492173,D-BAR,dark,Arabika Jawa Barat,B10,3,purging,11,14132,2803,2789,7892,9703,2780,9392,16331,15524,14833,,
493173,D-BAR,dark,Arabika Jawa Barat,B10,3,purging,12,13902,2803,2789,7893,9665,2779,9372,16270,15452,14794,,
494173,D-BAR,dark,Arabika Jawa Barat,B10,3,purging,13,13679,2801,2789,7893,9630,2779,9356,16214,15382,14759,,
495173,D-BAR,dark,Arabika Jawa Barat,B10,3,purging,14,13467,2805,2789,7894,9598,2782,9344,16162,15317,14725,,
496174,D-BAR,dark,Arabika Jawa Barat,B10,3,purging,15,13266,2801,2789,7894,9570,2782,9332,16113,15255,14694,,
497173,D-BAR,dark,Arabika Jawa Barat,B10,3,purging,16,13078,2804,2789,7894,9545,2780,9323,16068,15197,14666,,
498173,D-BAR,dark,Arabika Jawa Barat,B10,3,purging,17,12902,2800,2790,7895,9522,2779,9315,16024,15142,14639,,
499173,D-BAR,dark,Arabika Jawa Barat,B10,3,purging,18,12738,2800,2787,7895,9503,2782,9308,15984,15089,14613,,
500173,D-BAR,dark,Arabika Jawa Barat,B10,3,purging,19,12586,2801,2789,7895,9484,2779,9302,15945,15039,14589,,
501173,D-BAR,dark,Arabika Jawa Barat,B10,3,purging,20,12447,2798,2789,7896,9467,2779,9297,15909,14992,14565,,
502173,D-BAR,dark,Arabika Jawa Barat,B10,3,purging,21,12318,2802,2788,7897,9452,2779,9292,15874,14947,14544,,
503174,D-BAR,dark,Arabika Jawa Barat,B10,3,purging,22,12201,2798,2789,7897,9438,2782,9288,15841,14905,14523,,
504173,D-BAR,dark,Arabika Jawa Barat,B10,3,purging,23,12093,2800,2792,7897,9425,2780,9285,15810,14864,14503,,
505174,D-BAR,dark,Arabika Jawa Barat,B10,3,purging,24,11993,2799,2789,7898,9413,2780,9282,15780,14825,14485,,
506173,D-BAR,dark,Arabika Jawa Barat,B10,3,purging,25,11902,2799,2792,7898,9403,2783,9279,15751,14789,14468,,
507173,D-BAR,dark,Arabika Jawa Barat,B10,3,purging,26,11818,2800,2789,7898,9394,2782,9277,15724,14754,14451,,
508173,D-BAR,dark,Arabika Jawa Barat,B10,3,purging,27,11740,2797,2792,7899,9385,2783,9276,15697,14720,14435,,
509173,D-BAR,dark,Arabika Jawa Barat,B10,3,purging,28,11669,2798,2787,7899,9377,2782,9274,15672,14688,14419,,
510173,D-BAR,dark,Arabika Jawa Barat,B10,3,purging,29,11603,2797,2793,7900,9369,2782,9272,15646,14658,14405,,
511173,D-BAR,dark,Arabika Jawa Barat,B10,3,purging,30,11541,2801,2789,7900,9363,2779,9270,15623,14628,14390,,
512174,D-BAR,dark,Arabika Jawa Barat,B10,3,purging,31,11484,2802,2789,7901,9356,2780,9269,15600,14600,14376,,
513173,D-BAR,dark,Arabika Jawa Barat,B10,3,purging,32,11430,2800,2789,7901,9350,2779,9267,15577,14573,14362,,
514173,D-BAR,dark,Arabika Jawa Barat,B10,3,purging,33,11379,2801,2786,7902,9343,2779,9266,15555,14546,14349,,
515173,D-BAR,dark,Arabika Jawa Barat,B10,3,purging,34,11332,2801,2790,7902,9337,2782,9265,15533,14521,14336,,
516173,D-BAR,dark,Arabika Jawa Barat,B10,3,purging,35,11289,2799,2789,7902,9331,2782,9264,15513,14496,14324,,
517173,D-BAR,dark,Arabika Jawa Barat,B10,3,purging,36,11248,2803,2788,7903,9325,2782,9263,15492,14472,14312,,
518173,D-BAR,dark,Arabika Jawa Barat,B10,3,purging,37,11209,2798,2789,7903,9319,2780,9262,15472,14449,14300,,
519174,D-BAR,dark,Arabika Jawa Barat,B10,3,purging,38,11172,2799,2789,7904,9314,2780,9260,15454,14426,14289,,
520173,D-BAR,dark,Arabika Jawa Barat,B10,3,purging,39,11137,2799,2789,7904,9310,2782,9259,15436,14406,14279,,
521174,D-BAR,dark,Arabika Jawa Barat,B10,3,purging,40,11104,2798,2788,7904,9306,2779,9259,15418,14384,14269,,
522173,D-BAR,dark,Arabika Jawa Barat,B10,3,purging,41,11073,2797,2792,7905,9302,2779,9258,15401,14365,14259,,
523173,D-BAR,dark,Arabika Jawa Barat,B10,3,purging,42,11042,2798,2787,7906,9298,2780,9258,15383,14346,14249,,
524173,D-BAR,dark,Arabika Jawa Barat,B10,3,purging,43,11013,2803,2787,7906,9294,2779,9258,15366,14327,14239,,
525173,D-BAR,dark,Arabika Jawa Barat,B10,3,purging,44,10987,2798,2788,7907,9290,2779,9257,15349,14308,14229,,
526173,D-BAR,dark,Arabika Jawa Barat,B10,3,purging,45,10961,2801,2789,7907,9285,2782,9255,15333,14290,14219,,
527173,D-BAR,dark,Arabika Jawa Barat,B10,3,purging,46,10937,2797,2788,7907,9282,2780,9254,15318,14273,14211,,
528174,D-BAR,dark,Arabika Jawa Barat,B10,3,purging,47,10914,2797,2789,7907,9278,2782,9253,15303,14255,14202,,
529173,D-BAR,dark,Arabika Jawa Barat,B10,3,purging,48,10892,2796,2792,7908,9275,2782,9252,15288,14239,14194,,
530173,D-BAR,dark,Arabika Jawa Barat,B10,3,purging,49,10870,2801,2791,7908,9272,2779,9253,15274,14223,14186,,
531173,D-BAR,dark,Arabika Jawa Barat,B10,3,purging,50,10849,2799,2791,7909,9270,2782,9252,15260,14208,14179,,
532173,D-BAR,dark,Arabika Jawa Barat,B10,3,purging,51,10829,2798,2789,7909,9268,2782,9252,15246,14193,14172,,
533173,D-BAR,dark,Arabika Jawa Barat,B10,3,purging,52,10809,2797,2789,7910,9265,2782,9251,15232,14178,14164,,
534173,D-BAR,dark,Arabika Jawa Barat,B10,3,purging,53,10791,2797,2787,7910,9263,2782,9252,15219,14165,14156,,
535174,D-BAR,dark,Arabika Jawa Barat,B10,3,purging,54,10774,2795,2787,7911,9260,2780,9251,15206,14151,14149,,
536173,D-BAR,dark,Arabika Jawa Barat,B10,3,purging,55,10757,2797,2789,7911,9257,2782,9250,15193,14137,14142,,
537174,D-BAR,dark,Arabika Jawa Barat,B10,3,purging,56,10741,2800,2789,7912,9254,2779,9249,15180,14124,14134,,
538173,D-BAR,dark,Arabika Jawa Barat,B10,3,purging,57,10726,2800,2792,7912,9251,2780,9247,15168,14111,14128,,
539173,D-BAR,dark,Arabika Jawa Barat,B10,3,purging,58,10711,2797,2789,7912,9248,2779,9247,15156,14098,14122,,
540173,D-BAR,dark,Arabika Jawa Barat,B10,3,purging,59,10697,2799,2788,7912,9246,2779,9247,15144,14086,14115,,
541173,D-BAR,dark,Arabika Jawa Barat,B10,3,purging,60,10683,2796,2786,7913,9243,2782,9246,15132,14074,14109,,
542173,D-BAR,dark,Arabika Jawa Barat,B10,3,purging,61,10670,2796,2788,7913,9241,2780,9245,15121,14062,14102,,
543173,D-BAR,dark,Arabika Jawa Barat,B10,3,purging,62,10656,2797,2788,7914,9238,2782,9245,15109,14049,14096,,
544174,D-BAR,dark,Arabika Jawa Barat,B10,3,purging,63,10643,2797,2792,7914,9236,2780,9245,15098,14038,14090,,
545173,D-BAR,dark,Arabika Jawa Barat,B10,3,purging,64,10631,2797,2789,7915,9234,2782,9244,15087,14027,14084,,
546173,D-BAR,dark,Arabika Jawa Barat,B10,3,purging,65,10618,2795,2786,7915,9231,2782,9243,15076,14016,14078,,
547173,D-BAR,dark,Arabika Jawa Barat,B10,3,purging,66,10606,2795,2790,7915,9229,2780,9242,15065,14005,14073,,
548173,D-BAR,dark,Arabika Jawa Barat,B10,3,purging,67,10595,2799,2786,7915,9227,2780,9241,15055,13995,14068,,
549173,D-BAR,dark,Arabika Jawa Barat,B10,3,purging,68,10584,2796,2788,7916,9225,2782,9241,15045,13985,14063,,
550173,D-BAR,dark,Arabika Jawa Barat,B10,3,purging,69,10573,2797,2787,7916,9223,2780,9242,15035,13974,14058,,
551174,D-BAR,dark,Arabika Jawa Barat,B10,3,purging,70,10562,2795,2789,7917,9222,2780,9241,15025,13965,14053,,
552173,D-BAR,dark,Arabika Jawa Barat,B10,3,purging,71,10552,2794,2786,7917,9221,2780,9241,15015,13955,14048,,
553174,D-BAR,dark,Arabika Jawa Barat,B10,3,purging,72,10541,2796,2788,7917,9219,2780,9240,15006,13945,14043,,
554173,D-BAR,dark,Arabika Jawa Barat,B10,3,purging,73,10531,2796,2789,7918,9216,2780,9240,14996,13936,14037,,
555173,D-BAR,dark,Arabika Jawa Barat,B10,3,purging,74,10522,2800,2787,7918,9215,2780,9239,14986,13927,14032,,
556173,D-BAR,dark,Arabika Jawa Barat,B10,3,purging,75,10514,2796,2786,7918,9212,2782,9238,14977,13918,14028,,
557173,D-BAR,dark,Arabika Jawa Barat,B10,3,purging,76,10505,2795,2792,7919,9211,2779,9238,14969,13909,14024,,
558173,D-BAR,dark,Arabika Jawa Barat,B10,3,purging,77,10496,2798,2786,7919,9210,2780,9238,14960,13901,14020,,
559173,D-BAR,dark,Arabika Jawa Barat,B10,3,purging,78,10486,2795,2787,7920,9208,2780,9239,14952,13893,14017,,
560174,D-BAR,dark,Arabika Jawa Barat,B10,3,purging,79,10477,2797,2788,7921,9208,2780,9239,14943,13885,14012,,
561173,D-BAR,dark,Arabika Jawa Barat,B10,3,purging,80,10468,2796,2789,7921,9206,2780,9238,14935,13877,14008,,
562173,D-BAR,dark,Arabika Jawa Barat,B10,3,purging,81,10459,2796,2789,7922,9204,2779,9238,14926,13869,14004,,
563173,D-BAR,dark,Arabika Jawa Barat,B10,3,purging,82,10451,2795,2788,7922,9203,2780,9238,14918,13861,14001,,
564173,D-BAR,dark,Arabika Jawa Barat,B10,3,purging,83,10444,2795,2786,7922,9203,2782,9238,14910,13854,13997,,
565173,D-BAR,dark,Arabika Jawa Barat,B10,3,purging,84,10436,2795,2788,7922,9202,2780,9239,14902,13846,13993,,
566173,D-BAR,dark,Arabika Jawa Barat,B10,3,purging,85,10429,2796,2786,7922,9200,2783,9238,14894,13839,13990,,
567174,D-BAR,dark,Arabika Jawa Barat,B10,3,purging,86,10421,2795,2789,7923,9200,2779,9238,14886,13832,13986,,
568173,D-BAR,dark,Arabika Jawa Barat,B10,3,purging,87,10413,2796,2788,7923,9199,2780,9238,14879,13825,13983,,
569174,D-BAR,dark,Arabika Jawa Barat,B10,3,purging,88,10406,2796,2785,7923,9198,2782,9239,14871,13818,13980,,
570173,D-BAR,dark,Arabika Jawa Barat,B10,3,purging,89,10399,2800,2789,7924,9197,2782,9240,14863,13811,13976,,
571173,D-BAR,dark,Arabika Jawa Barat,B10,3,purging,90,10393,2799,2789,7924,9196,2779,9240,14856,13805,13972,,
572173,D-BAR,dark,Arabika Jawa Barat,B10,3,purging,91,10386,2795,2785,7924,9195,2779,9239,14849,13798,13969,,
573173,D-BAR,dark,Arabika Jawa Barat,B10,3,purging,92,10380,2794,2786,7925,9194,2782,9240,14841,13792,13966,,
574173,D-BAR,dark,Arabika Jawa Barat,B10,3,purging,93,10373,2797,2785,7925,9194,2782,9240,14834,13785,13964,,
575173,D-BAR,dark,Arabika Jawa Barat,B10,3,purging,94,10366,2796,2786,7925,9193,2782,9241,14828,13780,13963,,
576174,D-BAR,dark,Arabika Jawa Barat,B10,3,purging,95,10360,2795,2789,7926,9194,2780,9243,14822,13774,13961,,
577173,D-BAR,dark,Arabika Jawa Barat,B10,3,purging,96,10352,2795,2784,7926,9194,2779,9244,14817,13768,13961,,
578173,D-BAR,dark,Arabika Jawa Barat,B10,3,purging,97,10344,2793,2785,7927,9195,2779,9247,14811,13762,13959,,
579173,D-BAR,dark,Arabika Jawa Barat,B10,3,purging,98,10336,2794,2787,7927,9195,2782,9249,14805,13756,13956,,
580173,D-BAR,dark,Arabika Jawa Barat,B10,3,purging,99,10328,2796,2785,7927,9195,2779,9251,14799,13751,13955,,
581173,D-BAR,dark,Arabika Jawa Barat,B10,3,purging,100,10320,2799,2784,7927,9195,2782,9254,14794,13745,13955,,
582173,D-BAR,dark,Arabika Jawa Barat,B10,3,purging,101,10312,2795,2787,7927,9196,2782,9256,14788,13738,13953,,
583174,D-BAR,dark,Arabika Jawa Barat,B10,3,purging,102,10305,2796,2787,7928,9197,2779,9259,14782,13733,13952,,
584173,D-BAR,dark,Arabika Jawa Barat,B10,3,purging,103,10297,2795,2789,7929,9198,2780,9261,14776,13728,13950,,
585174,D-BAR,dark,Arabika Jawa Barat,B10,3,purging,104,10291,2794,2786,7929,9199,2782,9262,14770,13723,13948,,
586173,D-BAR,dark,Arabika Jawa Barat,B10,3,purging,105,10284,2794,2786,7930,9200,2780,9264,14764,13717,13946,,
587173,D-BAR,dark,Arabika Jawa Barat,B10,3,purging,106,10279,2794,2789,7931,9200,2780,9265,14758,13712,13944,,
588173,D-BAR,dark,Arabika Jawa Barat,B10,3,purging,107,10273,2795,2788,7931,9201,2780,9266,14752,13707,13942,,
589173,D-BAR,dark,Arabika Jawa Barat,B10,3,purging,108,10268,2794,2789,7931,9200,2780,9268,14746,13703,13940,,
590173,D-BAR,dark,Arabika Jawa Barat,B10,3,purging,109,10263,2795,2789,7932,9201,2780,9270,14740,13698,13938,,
591173,D-BAR,dark,Arabika Jawa Barat,B10,3,purging,110,10259,2795,2786,7932,9201,2782,9270,14734,13693,13936,,
592174,D-BAR,dark,Arabika Jawa Barat,B10,3,purging,111,10254,2794,2787,7933,9203,2782,9269,14729,13690,13934,,
593173,D-BAR,dark,Arabika Jawa Barat,B10,3,purging,112,10250,2795,2789,7933,9203,2780,9270,14724,13686,13936,,
594173,D-BAR,dark,Arabika Jawa Barat,B10,3,purging,113,10246,2798,2787,7934,9205,2779,9273,14719,13682,13936,,
595173,D-BAR,dark,Arabika Jawa Barat,B10,3,purging,114,10241,2797,2790,7935,9207,2782,9274,14715,13679,13935,,
596173,D-BAR,dark,Arabika Jawa Barat,B10,3,purging,115,10236,2793,2788,7935,9208,2779,9277,14711,13675,13934,,
597173,D-BAR,dark,Arabika Jawa Barat,B10,3,purging,116,10233,2792,2787,7936,9209,2779,9279,14706,13672,13933,,
598173,D-BAR,dark,Arabika Jawa Barat,B10,3,purging,117,10229,2795,2785,7936,9211,2782,9281,14701,13670,13933,,
599174,D-BAR,dark,Arabika Jawa Barat,B10,3,purging,118,10225,2796,2787,7937,9212,2780,9283,14697,13668,13932,,
600173,D-BAR,dark,Arabika Jawa Barat,B10,3,purging,119,10221,2798,2783,7937,9213,2779,9286,14692,13664,13931,,
601174,D-BAR,dark,Arabika Jawa Barat,B10,3,purging,120,10218,2795,2783,7938,9214,2779,9287,14687,13661,13930,,
602176,D-BAR,dark,Arabika Jawa Barat,B10,3,collecting,1,10214,2799,2786,7938,9214,2779,9287,14681,13658,13928,,
603173,D-BAR,dark,Arabika Jawa Barat,B10,3,collecting,2,10211,2794,2786,7939,9215,2780,9288,14675,13654,13926,,
604173,D-BAR,dark,Arabika Jawa Barat,B10,3,collecting,3,10208,2799,2786,7940,9216,2782,9289,14671,13651,13927,,
605173,D-BAR,dark,Arabika Jawa Barat,B10,3,collecting,4,10350,2795,2785,7940,9249,2782,9317,14689,13654,13992,,
606173,D-BAR,dark,Arabika Jawa Barat,B10,3,collecting,5,11332,2801,2789,7941,9407,2782,9472,14892,13748,14207,,
607173,D-BAR,dark,Arabika Jawa Barat,B10,3,collecting,6,12759,2802,2786,7942,9637,2782,9676,15267,14001,14456,,
608174,D-BAR,dark,Arabika Jawa Barat,B10,3,collecting,7,14012,2800,2787,7942,9857,2781,9843,15687,14359,14690,,
609173,D-BAR,dark,Arabika Jawa Barat,B10,3,collecting,8,14950,2801,2788,7943,10044,2783,9968,16077,14746,14895,,
610173,D-BAR,dark,Arabika Jawa Barat,B10,3,collecting,9,15593,2801,2786,7943,10186,2783,10044,16388,15109,15048,,
611173,D-BAR,dark,Arabika Jawa Barat,B10,3,collecting,10,16000,2802,2785,7943,10286,2786,10079,16605,15411,15156,,
612173,D-BAR,dark,Arabika Jawa Barat,B10,3,collecting,11,16258,2802,2786,7943,10355,2784,10090,16750,15643,15234,,
613173,D-BAR,dark,Arabika Jawa Barat,B10,3,collecting,12,16424,2805,2786,7943,10402,2780,10088,16846,15815,15287,,
614173,D-BAR,dark,Arabika Jawa Barat,B10,3,collecting,13,16525,2803,2788,7943,10431,2783,10077,16909,15942,15321,,
615174,D-BAR,dark,Arabika Jawa Barat,B10,3,collecting,14,16580,2802,2789,7943,10444,2781,10058,16944,16032,15339,,
616173,D-BAR,dark,Arabika Jawa Barat,B10,3,collecting,15,16604,2804,2785,7943,10448,2780,10036,16964,16096,15353,,
617174,D-BAR,dark,Arabika Jawa Barat,B10,3,collecting,16,16609,2803,2785,7942,10445,2781,10015,16975,16140,15361,,
618173,D-BAR,dark,Arabika Jawa Barat,B10,3,collecting,17,16599,2802,2786,7942,10438,2783,9996,16978,16171,15363,,
619173,D-BAR,dark,Arabika Jawa Barat,B10,3,collecting,18,16576,2804,2787,7942,10427,2783,9978,16974,16189,15364,,
620173,D-BAR,dark,Arabika Jawa Barat,B10,3,collecting,19,16545,2806,2782,7942,10415,2781,9959,16969,16200,15363,,
621173,D-BAR,dark,Arabika Jawa Barat,B10,3,collecting,20,16509,2800,2784,7942,10403,2783,9945,16961,16206,15363,,
622173,D-BAR,dark,Arabika Jawa Barat,B10,3,collecting,21,16474,2803,2788,7942,10392,2780,9935,16956,16208,15363,,
623173,D-BAR,dark,Arabika Jawa Barat,B10,3,collecting,22,16436,2804,2785,7942,10380,2783,9924,16950,16208,15360,,
624174,D-BAR,dark,Arabika Jawa Barat,B10,3,collecting,23,16395,2803,2788,7942,10367,2783,9912,16941,16205,15356,,
625173,D-BAR,dark,Arabika Jawa Barat,B10,3,collecting,24,16353,2804,2787,7942,10354,2780,9901,16930,16200,15352,,
626173,D-BAR,dark,Arabika Jawa Barat,B10,3,collecting,25,16312,2802,2787,7943,10342,2784,9890,16922,16192,15349,,
627173,D-BAR,dark,Arabika Jawa Barat,B10,3,collecting,26,16276,2803,2785,7943,10333,2783,9885,16915,16186,15348,,
628173,D-BAR,dark,Arabika Jawa Barat,B10,3,collecting,27,16244,2806,2786,7943,10324,2784,9880,16909,16180,15347,,
629173,D-BAR,dark,Arabika Jawa Barat,B10,3,collecting,28,16213,2802,2787,7943,10316,2783,9874,16904,16175,15345,,
630173,D-BAR,dark,Arabika Jawa Barat,B10,3,collecting,29,16180,2805,2785,7943,10306,2786,9867,16899,16169,15342,,
631174,D-BAR,dark,Arabika Jawa Barat,B10,3,collecting,30,16148,2804,2786,7943,10297,2781,9860,16892,16163,15338,,
632173,D-BAR,dark,Arabika Jawa Barat,B10,3,collecting,31,16113,2801,2786,7943,10287,2779,9854,16881,16155,15331,,
633174,D-BAR,dark,Arabika Jawa Barat,B10,3,collecting,32,16076,2802,2783,7943,10276,2780,9845,16869,16144,15324,,
634173,D-BAR,dark,Arabika Jawa Barat,B10,3,collecting,33,16037,2803,2787,7944,10266,2779,9836,16857,16133,15318,,
635173,D-BAR,dark,Arabika Jawa Barat,B10,3,collecting,34,16002,2804,2786,7944,10256,2780,9831,16847,16122,15313,,
636173,D-BAR,dark,Arabika Jawa Barat,B10,3,collecting,35,15969,2802,2785,7944,10248,2780,9827,16837,16110,15308,,
637173,D-BAR,dark,Arabika Jawa Barat,B10,3,collecting,36,15935,2799,2783,7945,10240,2780,9822,16827,16099,15302,,
638173,D-BAR,dark,Arabika Jawa Barat,B10,3,collecting,37,15902,2805,2783,7945,10231,2781,9816,16815,16088,15295,,
639173,D-BAR,dark,Arabika Jawa Barat,B10,3,collecting,38,15865,2801,2786,7945,10221,2782,9811,16803,16076,15287,,
640174,D-BAR,dark,Arabika Jawa Barat,B10,3,collecting,39,15827,2802,2788,7945,10212,2782,9803,16790,16062,15280,,
641173,D-BAR,dark,Arabika Jawa Barat,B10,3,collecting,40,15791,2802,2784,7945,10202,2782,9795,16778,16049,15274,,
642173,D-BAR,dark,Arabika Jawa Barat,B10,3,collecting,41,15756,2801,2787,7946,10195,2780,9792,16767,16036,15268,,
643173,D-BAR,dark,Arabika Jawa Barat,B10,3,collecting,42,15722,2802,2786,7946,10188,2782,9788,16756,16024,15261,,
644173,D-BAR,dark,Arabika Jawa Barat,B10,3,collecting,43,15692,2801,2789,7947,10181,2777,9786,16746,16011,15257,,
645173,D-BAR,dark,Arabika Jawa Barat,B10,3,collecting,44,15665,2805,2787,7947,10176,2780,9787,16738,16000,15253,,
646173,D-BAR,dark,Arabika Jawa Barat,B10,3,collecting,45,15641,2805,2788,7947,10171,2780,9783,16731,15991,15250,,
647174,D-BAR,dark,Arabika Jawa Barat,B10,3,collecting,46,15620,2800,2788,7948,10168,2779,9781,16725,15982,15248,,
648173,D-BAR,dark,Arabika Jawa Barat,B10,3,collecting,47,15602,2804,2785,7948,10166,2780,9782,16720,15975,15245,,
649174,D-BAR,dark,Arabika Jawa Barat,B10,3,collecting,48,15588,2801,2786,7948,10164,2782,9781,16715,15969,15244,,
650173,D-BAR,dark,Arabika Jawa Barat,B10,3,collecting,49,15576,2803,2786,7949,10162,2782,9781,16713,15964,15243,,
651173,D-BAR,dark,Arabika Jawa Barat,B10,3,collecting,50,15566,2800,2785,7949,10162,2782,9781,16711,15960,15244,,
652173,D-BAR,dark,Arabika Jawa Barat,B10,3,collecting,51,15562,2802,2787,7949,10163,2782,9784,16712,15957,15245,,
653173,D-BAR,dark,Arabika Jawa Barat,B10,3,collecting,52,15558,2800,2787,7950,10162,2781,9785,16711,15956,15243,,
654173,D-BAR,dark,Arabika Jawa Barat,B10,3,collecting,53,15549,2802,2786,7950,10160,2780,9782,16707,15953,15239,,
655173,D-BAR,dark,Arabika Jawa Barat,B10,3,collecting,54,15535,2800,2785,7950,10156,2782,9779,16701,15949,15236,,
656174,D-BAR,dark,Arabika Jawa Barat,B10,3,collecting,55,15520,2803,2784,7951,10153,2782,9775,16695,15943,15233,,
657173,D-BAR,dark,Arabika Jawa Barat,B10,3,collecting,56,15507,2802,2789,7952,10149,2779,9773,16690,15937,15230,,
658173,D-BAR,dark,Arabika Jawa Barat,B10,3,collecting,57,15497,2803,2785,7952,10147,2780,9771,16686,15932,15227,,
659173,D-BAR,dark,Arabika Jawa Barat,B10,3,collecting,58,15486,2804,2786,7952,10144,2780,9770,16683,15928,15225,,
660173,D-BAR,dark,Arabika Jawa Barat,B10,3,collecting,59,15475,2802,2787,7952,10141,2779,9767,16678,15923,15222,,
661173,D-BAR,dark,Arabika Jawa Barat,B10,3,collecting,60,15462,2804,2785,7952,10138,2780,9766,16674,15917,15219,,
662173,D-BAR,dark,Arabika Jawa Barat,B10,3,collecting,61,15449,2800,2786,7953,10136,2779,9766,16669,15912,15217,,
663174,D-BAR,dark,Arabika Jawa Barat,B10,3,collecting,62,15439,2807,2784,7953,10134,2779,9765,16665,15908,15215,,
664173,D-BAR,dark,Arabika Jawa Barat,B10,3,collecting,63,15431,2803,2788,7953,10133,2780,9765,16663,15904,15213,,
665174,D-BAR,dark,Arabika Jawa Barat,B10,3,collecting,64,15425,2803,2787,7954,10132,2780,9766,16660,15900,15214,,
666173,D-BAR,dark,Arabika Jawa Barat,B10,3,collecting,65,15422,2803,2788,7954,10132,2779,9769,16660,15898,15214,,
667173,D-BAR,dark,Arabika Jawa Barat,B10,3,collecting,66,15422,2801,2787,7954,10133,2779,9769,16661,15896,15215,,
668173,D-BAR,dark,Arabika Jawa Barat,B10,3,collecting,67,15421,2804,2786,7955,10134,2782,9768,16661,15896,15215,,
669173,D-BAR,dark,Arabika Jawa Barat,B10,3,collecting,68,15420,2803,2786,7955,10134,2780,9769,16661,15895,15215,,
670173,D-BAR,dark,Arabika Jawa Barat,B10,3,collecting,69,15417,2803,2786,7955,10134,2779,9768,16660,15895,15214,,
671173,D-BAR,dark,Arabika Jawa Barat,B10,3,collecting,70,15412,2806,2786,7956,10134,2782,9770,16658,15894,15213,,
672174,D-BAR,dark,Arabika Jawa Barat,B10,3,collecting,71,15411,2803,2784,7956,10135,2782,9771,16658,15893,15214,,
673173,D-BAR,dark,Arabika Jawa Barat,B10,3,collecting,72,15414,2801,2785,7956,10137,2780,9771,16661,15894,15217,,
674173,D-BAR,dark,Arabika Jawa Barat,B10,3,collecting,73,15417,2803,2787,7957,10138,2782,9773,16663,15896,15219,,
675173,D-BAR,dark,Arabika Jawa Barat,B10,3,collecting,74,15422,2802,2786,7957,10140,2782,9776,16666,15897,15222,,
676173,D-BAR,dark,Arabika Jawa Barat,B10,3,collecting,75,15429,2803,2789,7957,10143,2780,9780,16669,15900,15223,,
677173,D-BAR,dark,Arabika Jawa Barat,B10,3,collecting,76,15433,2806,2785,7958,10145,2779,9780,16670,15903,15225,,
678173,D-BAR,dark,Arabika Jawa Barat,B10,3,collecting,77,15436,2803,2784,7958,10146,2782,9781,16672,15905,15227,,
679174,D-BAR,dark,Arabika Jawa Barat,B10,3,collecting,78,15436,2799,2785,7959,10147,2782,9780,16672,15907,15227,,
680173,D-BAR,dark,Arabika Jawa Barat,B10,3,collecting,79,15433,2803,2785,7959,10147,2780,9781,16672,15908,15227,,
681174,D-BAR,dark,Arabika Jawa Barat,B10,3,collecting,80,15428,2799,2786,7959,10147,2782,9781,16671,15908,15227,,
682173,D-BAR,dark,Arabika Jawa Barat,B10,3,collecting,81,15422,2804,2787,7960,10147,2779,9779,16670,15907,15225,,
683173,D-BAR,dark,Arabika Jawa Barat,B10,3,collecting,82,15414,2803,2785,7960,10145,2780,9780,16666,15906,15224,,
684173,D-BAR,dark,Arabika Jawa Barat,B10,3,collecting,83,15408,2801,2784,7960,10144,2779,9780,16665,15904,15224,,
685173,D-BAR,dark,Arabika Jawa Barat,B10,3,collecting,84,15402,2801,2786,7961,10144,2780,9780,16662,15902,15223,,
686173,D-BAR,dark,Arabika Jawa Barat,B10,3,collecting,85,15395,2805,2788,7961,10144,2780,9780,16660,15901,15222,,
687173,D-BAR,dark,Arabika Jawa Barat,B10,3,collecting,86,15386,2801,2787,7962,10141,2780,9778,16657,15899,15220,,
688174,D-BAR,dark,Arabika Jawa Barat,B10,3,collecting,87,15373,2802,2785,7962,10138,2782,9774,16651,15895,15215,,
689173,D-BAR,dark,Arabika Jawa Barat,B10,3,collecting,88,15357,2800,2783,7962,10135,2779,9772,16645,15891,15212,,
690173,D-BAR,dark,Arabika Jawa Barat,B10,3,collecting,89,15344,2801,2787,7962,10134,2780,9772,16641,15887,15211,,
691173,D-BAR,dark,Arabika Jawa Barat,B10,3,collecting,90,15335,2804,2784,7963,10133,2779,9774,16638,15883,15211,,
692173,D-BAR,dark,Arabika Jawa Barat,B10,3,collecting,91,15328,2802,2786,7963,10131,2779,9773,16636,15880,15209,,
693173,D-BAR,dark,Arabika Jawa Barat,B10,3,collecting,92,15315,2801,2784,7964,10128,2780,9770,16632,15877,15205,,
694173,D-BAR,dark,Arabika Jawa Barat,B10,3,collecting,93,15299,2800,2785,7964,10124,2782,9767,16624,15872,15201,,
695174,D-BAR,dark,Arabika Jawa Barat,B10,3,collecting,94,15281,2801,2785,7964,10120,2777,9764,16618,15866,15197,,
696173,D-BAR,dark,Arabika Jawa Barat,B10,3,collecting,95,15267,2801,2786,7964,10117,2780,9764,16613,15860,15195,,
697174,D-BAR,dark,Arabika Jawa Barat,B10,3,collecting,96,15258,2801,2787,7965,10116,2779,9764,16610,15855,15193,,
698173,D-BAR,dark,Arabika Jawa Barat,B10,3,collecting,97,15247,2802,2788,7965,10114,2779,9763,16606,15851,15190,,
699173,D-BAR,dark,Arabika Jawa Barat,B10,3,collecting,98,15231,2799,2784,7966,10111,2779,9759,16600,15846,15186,,
700173,D-BAR,dark,Arabika Jawa Barat,B10,3,collecting,99,15215,2801,2783,7966,10107,2778,9756,16594,15840,15182,,
701173,D-BAR,dark,Arabika Jawa Barat,B10,3,collecting,100,15200,2802,2784,7966,10104,2782,9756,16588,15834,15179,,
702173,D-BAR,dark,Arabika Jawa Barat,B10,3,collecting,101,15190,2804,2784,7966,10102,2780,9756,16584,15829,15177,,
703173,D-BAR,dark,Arabika Jawa Barat,B10,3,collecting,102,15182,2800,2784,7967,10100,2782,9757,16581,15824,15175,,
704174,D-BAR,dark,Arabika Jawa Barat,B10,3,collecting,103,15175,2799,2785,7967,10099,2782,9756,16578,15820,15173,,
705173,D-BAR,dark,Arabika Jawa Barat,B10,3,collecting,104,15166,2803,2786,7968,10097,2780,9754,16574,15817,15171,,
706173,D-BAR,dark,Arabika Jawa Barat,B10,3,collecting,105,15158,2804,2787,7968,10095,2781,9753,16569,15814,15168,,
707173,D-BAR,dark,Arabika Jawa Barat,B10,3,collecting,106,15148,2801,2786,7969,10094,2780,9751,16565,15810,15165,,
708173,D-BAR,dark,Arabika Jawa Barat,B10,3,collecting,107,15136,2800,2785,7969,10091,2779,9749,16560,15805,15161,,
709173,D-BAR,dark,Arabika Jawa Barat,B10,3,collecting,108,15122,2805,2785,7969,10088,2780,9745,16554,15800,15159,,
710173,D-BAR,dark,Arabika Jawa Barat,B10,3,collecting,109,15111,2801,2786,7970,10086,2779,9745,16550,15795,15157,,
711174,D-BAR,dark,Arabika Jawa Barat,B10,3,collecting,110,15109,2799,2785,7970,10087,2782,9748,16550,15791,15159,,
712173,D-BAR,dark,Arabika Jawa Barat,B10,3,collecting,111,15112,2801,2785,7970,10089,2780,9753,16552,15790,15161,,
713174,D-BAR,dark,Arabika Jawa Barat,B10,3,collecting,112,15119,2801,2783,7971,10092,2782,9757,16554,15791,15164,,
714173,D-BAR,dark,Arabika Jawa Barat,B10,3,collecting,113,15128,2805,2786,7971,10096,2782,9762,16557,15793,15167,,
715173,D-BAR,dark,Arabika Jawa Barat,B10,3,collecting,114,15139,2801,2787,7972,10100,2780,9764,16562,15796,15171,,
716173,D-BAR,dark,Arabika Jawa Barat,B10,3,collecting,115,15158,2803,2783,7972,10106,2779,9769,16568,15802,15177,,
717173,D-BAR,dark,Arabika Jawa Barat,B10,3,collecting,116,15180,2802,2783,7973,10113,2782,9776,16577,15809,15183,,
718173,D-BAR,dark,Arabika Jawa Barat,B10,3,collecting,117,15198,2799,2783,7973,10117,2780,9780,16582,15816,15185,,
719173,D-BAR,dark,Arabika Jawa Barat,B10,3,collecting,118,15208,2801,2782,7973,10119,2782,9780,16586,15822,15185,,
720174,D-BAR,dark,Arabika Jawa Barat,B10,3,collecting,119,15206,2799,2783,7974,10118,2782,9776,16584,15825,15182,,
721173,D-BAR,dark,Arabika Jawa Barat,B10,3,collecting,120,15197,2801,2786,7974,10115,2780,9772,16578,15825,15178,,
722177,D-BAR,dark,Arabika Jawa Barat,B10,4,purging,1,15181,2803,2784,7974,10110,2780,9767,16571,15821,15173,,
723172,D-BAR,dark,Arabika Jawa Barat,B10,4,purging,2,15164,2801,2786,7975,10107,2782,9761,16564,15816,15169,,
724172,D-BAR,dark,Arabika Jawa Barat,B10,4,purging,3,15133,2801,2781,7975,10096,2782,9753,16552,15810,15153,,
725173,D-BAR,dark,Arabika Jawa Barat,B10,4,purging,4,15045,2801,2783,7976,10070,2779,9727,16515,15791,15117,,
726173,D-BAR,dark,Arabika Jawa Barat,B10,4,purging,5,14899,2798,2783,7975,10034,2782,9691,16457,15754,15076,,
727174,D-BAR,dark,Arabika Jawa Barat,B10,4,purging,6,14716,2800,2785,7976,9994,2781,9654,16389,15704,15031,,
728173,D-BAR,dark,Arabika Jawa Barat,B10,4,purging,7,14509,2797,2787,7976,9952,2782,9622,16320,15645,14988,,
729174,D-BAR,dark,Arabika Jawa Barat,B10,4,purging,8,14286,2797,2788,7977,9910,2779,9594,16252,15581,14945,,
730173,D-BAR,dark,Arabika Jawa Barat,B10,4,purging,9,14057,2795,2785,7977,9871,2780,9572,16187,15515,14905,,
731173,D-BAR,dark,Arabika Jawa Barat,B10,4,purging,10,13828,2799,2782,7978,9835,2779,9552,16126,15450,14869,,
732173,D-BAR,dark,Arabika Jawa Barat,B10,4,purging,11,13602,2801,2782,7979,9803,2780,9536,16070,15386,14836,,
733173,D-BAR,dark,Arabika Jawa Barat,B10,4,purging,12,13382,2795,2788,7980,9773,2781,9522,16018,15325,14805,,
734173,D-BAR,dark,Arabika Jawa Barat,B10,4,purging,13,13171,2796,2781,7980,9746,2779,9512,15969,15267,14777,,
735173,D-BAR,dark,Arabika Jawa Barat,B10,4,purging,14,12970,2796,2781,7981,9723,2782,9505,15924,15211,14750,,
736174,D-BAR,dark,Arabika Jawa Barat,B10,4,purging,15,12781,2796,2782,7981,9702,2780,9499,15882,15159,14725,,
737173,D-BAR,dark,Arabika Jawa Barat,B10,4,purging,16,12604,2795,2786,7982,9683,2780,9494,15843,15109,14702,,
738173,D-BAR,dark,Arabika Jawa Barat,B10,4,purging,17,12441,2792,2783,7983,9665,2780,9488,15806,15062,14679,,
739173,D-BAR,dark,Arabika Jawa Barat,B10,4,purging,18,12290,2794,2783,7983,9650,2782,9484,15770,15017,14658,,
740173,D-BAR,dark,Arabika Jawa Barat,B10,4,purging,19,12151,2791,2783,7985,9636,2779,9480,15736,14975,14638,,
741173,D-BAR,dark,Arabika Jawa Barat,B10,4,purging,20,12023,2795,2786,7985,9623,2782,9476,15704,14934,14619,,
742173,D-BAR,dark,Arabika Jawa Barat,B10,4,purging,21,11904,2792,2783,7986,9610,2783,9473,15673,14896,14602,,
743174,D-BAR,dark,Arabika Jawa Barat,B10,4,purging,22,11797,2792,2788,7987,9600,2782,9470,15644,14859,14585,,
744173,D-BAR,dark,Arabika Jawa Barat,B10,4,purging,23,11698,2795,2782,7988,9589,2782,9468,15617,14824,14568,,
745174,D-BAR,dark,Arabika Jawa Barat,B10,4,purging,24,11608,2792,2782,7989,9580,2779,9465,15590,14791,14553,,
746173,D-BAR,dark,Arabika Jawa Barat,B10,4,purging,25,11524,2793,2783,7989,9571,2782,9463,15565,14759,14538,,
747173,D-BAR,dark,Arabika Jawa Barat,B10,4,purging,26,11447,2797,2782,7990,9564,2782,9462,15540,14729,14524,,
748173,D-BAR,dark,Arabika Jawa Barat,B10,4,purging,27,11377,2795,2783,7991,9556,2779,9459,15517,14700,14510,,
749173,D-BAR,dark,Arabika Jawa Barat,B10,4,purging,28,11312,2797,2782,7992,9549,2782,9458,15495,14672,14497,,
750173,D-BAR,dark,Arabika Jawa Barat,B10,4,purging,29,11253,2791,2788,7993,9542,2782,9456,15472,14645,14483,,
751173,D-BAR,dark,Arabika Jawa Barat,B10,4,purging,30,11198,2794,2783,7993,9535,2780,9453,15450,14619,14469,,
752174,D-BAR,dark,Arabika Jawa Barat,B10,4,purging,31,11149,2791,2784,7994,9528,2780,9450,15429,14594,14456,,
753173,D-BAR,dark,Arabika Jawa Barat,B10,4,purging,32,11104,2794,2787,7995,9521,2782,9448,15408,14569,14443,,
754173,D-BAR,dark,Arabika Jawa Barat,B10,4,purging,33,11061,2794,2783,7995,9515,2782,9445,15389,14546,14432,,
755173,D-BAR,dark,Arabika Jawa Barat,B10,4,purging,34,11021,2792,2783,7996,9508,2780,9443,15371,14523,14422,,
756173,D-BAR,dark,Arabika Jawa Barat,B10,4,purging,35,10984,2794,2788,7996,9504,2782,9442,15353,14502,14411,,
757173,D-BAR,dark,Arabika Jawa Barat,B10,4,purging,36,10949,2792,2783,7997,9499,2781,9440,15335,14481,14401,,
758173,D-BAR,dark,Arabika Jawa Barat,B10,4,purging,37,10915,2791,2783,7998,9494,2781,9440,15317,14461,14390,,
759174,D-BAR,dark,Arabika Jawa Barat,B10,4,purging,38,10884,2791,2788,7999,9489,2782,9439,15301,14441,14381,,
760173,D-BAR,dark,Arabika Jawa Barat,B10,4,purging,39,10854,2796,2782,8000,9485,2782,9438,15284,14423,14372,,
761174,D-BAR,dark,Arabika Jawa Barat,B10,4,purging,40,10824,2795,2781,8000,9480,2781,9437,15269,14404,14363,,
762173,D-BAR,dark,Arabika Jawa Barat,B10,4,purging,41,10797,2794,2782,8000,9476,2780,9435,15253,14386,14354,,
763173,D-BAR,dark,Arabika Jawa Barat,B10,4,purging,42,10772,2791,2786,8001,9472,2782,9435,15238,14369,14345,,
764173,D-BAR,dark,Arabika Jawa Barat,B10,4,purging,43,10748,2795,2785,8002,9469,2779,9433,15224,14352,14338,,
765173,D-BAR,dark,Arabika Jawa Barat,B10,4,purging,44,10725,2791,2784,8003,9466,2780,9433,15210,14336,14330,,
766173,D-BAR,dark,Arabika Jawa Barat,B10,4,purging,45,10702,2791,2787,8003,9463,2782,9434,15196,14320,14323,,
767173,D-BAR,dark,Arabika Jawa Barat,B10,4,purging,46,10681,2794,2783,8004,9461,2780,9433,15183,14305,14315,,
768174,D-BAR,dark,Arabika Jawa Barat,B10,4,purging,47,10661,2792,2783,8005,9458,2780,9433,15169,14290,14308,,
769173,D-BAR,dark,Arabika Jawa Barat,B10,4,purging,48,10641,2794,2783,8005,9455,2780,9432,15156,14275,14300,,
770173,D-BAR,dark,Arabika Jawa Barat,B10,4,purging,49,10623,2796,2784,8006,9452,2782,9432,15144,14262,14294,,
771173,D-BAR,dark,Arabika Jawa Barat,B10,4,purging,50,10606,2792,2782,8006,9450,2780,9432,15131,14248,14287,,
772173,D-BAR,dark,Arabika Jawa Barat,B10,4,purging,51,10589,2794,2783,8007,9448,2782,9431,15119,14234,14281,,
773173,D-BAR,dark,Arabika Jawa Barat,B10,4,purging,52,10573,2789,2786,8008,9445,2780,9431,15107,14222,14274,,
774173,D-BAR,dark,Arabika Jawa Barat,B10,4,purging,53,10557,2796,2783,8009,9443,2782,9431,15096,14210,14267,,
775174,D-BAR,dark,Arabika Jawa Barat,B10,4,purging,54,10542,2790,2783,8010,9441,2780,9429,15084,14197,14261,,
776173,D-BAR,dark,Arabika Jawa Barat,B10,4,purging,55,10527,2791,2781,8010,9438,2780,9428,15073,14185,14256,,
777174,D-BAR,dark,Arabika Jawa Barat,B10,4,purging,56,10514,2793,2783,8011,9436,2779,9428,15062,14174,14250,,
778173,D-BAR,dark,Arabika Jawa Barat,B10,4,purging,57,10500,2791,2783,8012,9434,2780,9429,15052,14163,14245,,
779173,D-BAR,dark,Arabika Jawa Barat,B10,4,purging,58,10486,2789,2781,8012,9432,2782,9430,15042,14151,14241,,
780173,D-BAR,dark,Arabika Jawa Barat,B10,4,purging,59,10472,2788,2783,8013,9431,2782,9431,15032,14140,14236,,
781173,D-BAR,dark,Arabika Jawa Barat,B10,4,purging,60,10460,2794,2784,8013,9429,2780,9432,15021,14129,14230,,
782173,D-BAR,dark,Arabika Jawa Barat,B10,4,purging,61,10446,2789,2783,8014,9428,2781,9431,15011,14119,14225,,
783173,D-BAR,dark,Arabika Jawa Barat,B10,4,purging,62,10434,2793,2783,8015,9426,2781,9430,15001,14109,14220,,
784174,D-BAR,dark,Arabika Jawa Barat,B10,4,purging,63,10422,2789,2783,8016,9425,2779,9431,14992,14099,14215,,
785173,D-BAR,dark,Arabika Jawa Barat,B10,4,purging,64,10411,2789,2782,8017,9423,2782,9431,14982,14090,14211,,
786173,D-BAR,dark,Arabika Jawa Barat,B10,4,purging,65,10399,2792,2786,8017,9421,2782,9430,14973,14081,14206,,
787173,D-BAR,dark,Arabika Jawa Barat,B10,4,purging,66,10388,2792,2782,8018,9420,2780,9430,14964,14071,14202,,
788173,D-BAR,dark,Arabika Jawa Barat,B10,4,purging,67,10378,2789,2784,8019,9419,2777,9431,14956,14062,14198,,
789173,D-BAR,dark,Arabika Jawa Barat,B10,4,purging,68,10368,2789,2782,8020,9418,2782,9432,14947,14054,14195,,
790173,D-BAR,dark,Arabika Jawa Barat,B10,4,purging,69,10358,2792,2782,8020,9417,2781,9434,14938,14045,14191,,
791174,D-BAR,dark,Arabika Jawa Barat,B10,4,purging,70,10349,2789,2782,8021,9416,2780,9434,14930,14037,14186,,
792173,D-BAR,dark,Arabika Jawa Barat,B10,4,purging,71,10339,2791,2784,8022,9416,2780,9433,14922,14028,14182,,
793174,D-BAR,dark,Arabika Jawa Barat,B10,4,purging,72,10331,2789,2783,8022,9414,2782,9433,14913,14021,14178,,
794173,D-BAR,dark,Arabika Jawa Barat,B10,4,purging,73,10323,2795,2782,8023,9413,2779,9433,14904,14013,14174,,
795173,D-BAR,dark,Arabika Jawa Barat,B10,4,purging,74,10316,2793,2786,8024,9411,2781,9433,14896,14005,14170,,
796173,D-BAR,dark,Arabika Jawa Barat,B10,4,purging,75,10308,2793,2782,8025,9410,2782,9432,14888,13998,14166,,
797173,D-BAR,dark,Arabika Jawa Barat,B10,4,purging,76,10301,2789,2784,8026,9409,2780,9430,14880,13991,14162,,
798173,D-BAR,dark,Arabika Jawa Barat,B10,4,purging,77,10294,2789,2784,8026,9408,2780,9431,14872,13984,14158,,
799173,D-BAR,dark,Arabika Jawa Barat,B10,4,purging,78,10287,2789,2781,8027,9407,2780,9430,14864,13976,14155,,
800174,D-BAR,dark,Arabika Jawa Barat,B10,4,purging,79,10280,2788,2781,8027,9406,2781,9430,14857,13969,14151,,
801173,D-BAR,dark,Arabika Jawa Barat,B10,4,purging,80,10274,2795,2784,8028,9404,2781,9431,14849,13962,14148,,
802173,D-BAR,dark,Arabika Jawa Barat,B10,4,purging,81,10268,2795,2786,8029,9403,2782,9430,14842,13955,14145,,
803173,D-BAR,dark,Arabika Jawa Barat,B10,4,purging,82,10262,2791,2782,8030,9403,2779,9431,14835,13949,14143,,
804173,D-BAR,dark,Arabika Jawa Barat,B10,4,purging,83,10256,2789,2786,8031,9401,2779,9432,14828,13943,14140,,
805173,D-BAR,dark,Arabika Jawa Barat,B10,4,purging,84,10250,2789,2786,8031,9402,2780,9432,14821,13937,14137,,
806173,D-BAR,dark,Arabika Jawa Barat,B10,4,purging,85,10244,2794,2781,8032,9401,2780,9433,14814,13931,14134,,
807174,D-BAR,dark,Arabika Jawa Barat,B10,4,purging,86,10238,2788,2782,8033,9401,2780,9434,14808,13925,14131,,
808173,D-BAR,dark,Arabika Jawa Barat,B10,4,purging,87,10232,2788,2782,8033,9401,2779,9434,14802,13918,14129,,
809174,D-BAR,dark,Arabika Jawa Barat,B10,4,purging,88,10227,2792,2783,8034,9400,2779,9435,14795,13913,14126,,
810173,D-BAR,dark,Arabika Jawa Barat,B10,4,purging,89,10221,2788,2781,8035,9400,2782,9436,14789,13907,14124,,
811173,D-BAR,dark,Arabika Jawa Barat,B10,4,purging,90,10215,2789,2781,8036,9399,2782,9436,14783,13902,14122,,
812173,D-BAR,dark,Arabika Jawa Barat,B10,4,purging,91,10210,2786,2781,8037,9399,2779,9436,14776,13897,14120,,
813173,D-BAR,dark,Arabika Jawa Barat,B10,4,purging,92,10204,2788,2783,8038,9399,2782,9435,14770,13891,14117,,
814173,D-BAR,dark,Arabika Jawa Barat,B10,4,purging,93,10199,2791,2786,8038,9399,2782,9437,14764,13887,14115,,
815173,D-BAR,dark,Arabika Jawa Barat,B10,4,purging,94,10195,2791,2786,8039,9398,2780,9437,14759,13881,14112,,
816174,D-BAR,dark,Arabika Jawa Barat,B10,4,purging,95,10190,2788,2781,8040,9397,2779,9438,14753,13876,14110,,
817173,D-BAR,dark,Arabika Jawa Barat,B10,4,purging,96,10184,2789,2783,8041,9397,2779,9439,14747,13871,14108,,
818173,D-BAR,dark,Arabika Jawa Barat,B10,4,purging,97,10179,2788,2782,8041,9397,2779,9439,14741,13866,14106,,
819173,D-BAR,dark,Arabika Jawa Barat,B10,4,purging,98,10175,2788,2787,8042,9397,2780,9439,14735,13861,14104,,
820173,D-BAR,dark,Arabika Jawa Barat,B10,4,purging,99,10170,2793,2780,8042,9397,2781,9438,14729,13856,14102,,
821173,D-BAR,dark,Arabika Jawa Barat,B10,4,purging,100,10164,2788,2784,8043,9397,2782,9439,14724,13851,14100,,
822173,D-BAR,dark,Arabika Jawa Barat,B10,4,purging,101,10159,2788,2783,8044,9397,2781,9439,14718,13847,14098,,
823174,D-BAR,dark,Arabika Jawa Barat,B10,4,purging,102,10155,2792,2783,8045,9397,2782,9441,14712,13842,14096,,
824173,D-BAR,dark,Arabika Jawa Barat,B10,4,purging,103,10151,2794,2785,8046,9397,2779,9443,14707,13837,14095,,
825174,D-BAR,dark,Arabika Jawa Barat,B10,4,purging,104,10145,2788,2785,8046,9397,2780,9444,14703,13833,14096,,
826173,D-BAR,dark,Arabika Jawa Barat,B10,4,purging,105,10139,2788,2782,8047,9398,2779,9446,14699,13830,14097,,
827173,D-BAR,dark,Arabika Jawa Barat,B10,4,purging,106,10133,2788,2783,8048,9401,2782,9450,14696,13826,14097,,
828173,D-BAR,dark,Arabika Jawa Barat,B10,4,purging,107,10128,2788,2784,8049,9403,2779,9452,14691,13823,14095,,
829173,D-BAR,dark,Arabika Jawa Barat,B10,4,purging,108,10123,2789,2781,8050,9404,2779,9454,14686,13820,14092,,
830173,D-BAR,dark,Arabika Jawa Barat,B10,4,purging,109,10119,2791,2782,8051,9405,2778,9454,14680,13816,14090,,
831173,D-BAR,dark,Arabika Jawa Barat,B10,4,purging,110,10114,2790,2786,8052,9404,2780,9453,14674,13813,14087,,
832174,D-BAR,dark,Arabika Jawa Barat,B10,4,purging,111,10109,2791,2782,8053,9403,2781,9452,14668,13808,14084,,
833173,D-BAR,dark,Arabika Jawa Barat,B10,4,purging,112,10106,2789,2781,8053,9402,2781,9453,14662,13804,14082,,
834173,D-BAR,dark,Arabika Jawa Barat,B10,4,purging,113,10101,2788,2786,8054,9402,2780,9452,14656,13800,14080,,
835173,D-BAR,dark,Arabika Jawa Barat,B10,4,purging,114,10098,2787,2784,8055,9400,2781,9451,14651,13796,14078,,
836173,D-BAR,dark,Arabika Jawa Barat,B10,4,purging,115,10092,2791,2786,8056,9399,2780,9449,14645,13792,14075,,
837173,D-BAR,dark,Arabika Jawa Barat,B10,4,purging,116,10088,2791,2781,8057,9398,2780,9448,14640,13788,14073,,
838173,D-BAR,dark,Arabika Jawa Barat,B10,4,purging,117,10084,2791,2781,8057,9396,2781,9446,14635,13783,14071,,
839174,D-BAR,dark,Arabika Jawa Barat,B10,4,purging,118,10079,2791,2786,8059,9395,2782,9446,14629,13778,14068,,
840173,D-BAR,dark,Arabika Jawa Barat,B10,4,purging,119,10075,2791,2784,8059,9394,2778,9445,14624,13774,14066,,
841174,D-BAR,dark,Arabika Jawa Barat,B10,4,purging,120,10071,2791,2780,8060,9393,2778,9444,14618,13770,14064,,
842176,D-BAR,dark,Arabika Jawa Barat,B10,4,collecting,1,10067,2791,2786,8060,9392,2779,9443,14612,13766,14061,,
843173,D-BAR,dark,Arabika Jawa Barat,B10,4,collecting,2,10063,2789,2782,8061,9390,2781,9442,14607,13762,14059,,
844173,D-BAR,dark,Arabika Jawa Barat,B10,4,collecting,3,10059,2790,2783,8062,9389,2779,9442,14602,13757,14057,,
845173,D-BAR,dark,Arabika Jawa Barat,B10,4,collecting,4,10056,2788,2780,8063,9388,2779,9441,14597,13753,14056,,
846173,D-BAR,dark,Arabika Jawa Barat,B10,4,collecting,5,10138,2788,2781,8063,9405,2782,9458,14607,13752,14089,,
847173,D-BAR,dark,Arabika Jawa Barat,B10,4,collecting,6,10937,2793,2781,8065,9523,2782,9579,14760,13814,14278,,
848174,D-BAR,dark,Arabika Jawa Barat,B10,4,collecting,7,12378,2794,2783,8065,9741,2779,9775,15106,14026,14526,,
849173,D-BAR,dark,Arabika Jawa Barat,B10,4,collecting,8,13711,2798,2780,8066,9967,2781,9959,15530,14365,14758,,
850173,D-BAR,dark,Arabika Jawa Barat,B10,4,collecting,9,14678,2794,2784,8067,10147,2783,10081,15911,14745,14944,,
851173,D-BAR,dark,Arabika Jawa Barat,B10,4,collecting,10,15325,2796,2786,8067,10282,2783,10148,16207,15096,15088,,
852173,D-BAR,dark,Arabika Jawa Barat,B10,4,collecting,11,15754,2797,2780,8067,10380,2783,10183,16422,15389,15196,,
853173,D-BAR,dark,Arabika Jawa Barat,B10,4,collecting,12,16039,2797,2785,8067,10452,2781,10200,16577,15620,15277,,
854173,D-BAR,dark,Arabika Jawa Barat,B10,4,collecting,13,16226,2801,2781,8067,10502,2784,10199,16686,15799,15334,,
855174,D-BAR,dark,Arabika Jawa Barat,B10,4,collecting,14,16347,2797,2781,8068,10536,2784,10192,16762,15935,15375,,
856173,D-BAR,dark,Arabika Jawa Barat,B10,4,collecting,15,16421,2800,2781,8067,10556,2784,10179,16810,16037,15404,,
857174,D-BAR,dark,Arabika Jawa Barat,B10,4,collecting,16,16462,2801,2781,8068,10568,2783,10164,16844,16113,15424,,
858173,D-BAR,dark,Arabika Jawa Barat,B10,4,collecting,17,16478,2802,2780,8068,10571,2783,10148,16864,16168,15436,,
859173,D-BAR,dark,Arabika Jawa Barat,B10,4,collecting,18,16474,2801,2786,8068,10569,2783,10130,16873,16208,15442,,
860173,D-BAR,dark,Arabika Jawa Barat,B10,4,collecting,19,16455,2801,2785,8069,10561,2783,10112,16873,16233,15442,,
861173,D-BAR,dark,Arabika Jawa Barat,B10,4,collecting,20,16426,2801,2784,8068,10552,2783,10094,16870,16249,15446,,
862173,D-BAR,dark,Arabika Jawa Barat,B10,4,collecting,21,16396,2797,2783,8069,10545,2783,10082,16869,16260,15448,,
863173,D-BAR,dark,Arabika Jawa Barat,B10,4,collecting,22,16359,2798,2782,8070,10538,2780,10071,16863,16269,15447,,
864174,D-BAR,dark,Arabika Jawa Barat,B10,4,collecting,23,16316,2795,2786,8071,10532,2784,10062,16854,16274,15446,,
865173,D-BAR,dark,Arabika Jawa Barat,B10,4,collecting,24,16269,2797,2781,8072,10523,2783,10053,16842,16276,15443,,
866173,D-BAR,dark,Arabika Jawa Barat,B10,4,collecting,25,16221,2796,2781,8073,10515,2778,10043,16831,16275,15439,,
867173,D-BAR,dark,Arabika Jawa Barat,B10,4,collecting,26,16172,2797,2783,8073,10505,2783,10033,16820,16270,15435,,
868173,D-BAR,dark,Arabika Jawa Barat,B10,4,collecting,27,16125,2796,2783,8074,10493,2783,10023,16808,16262,15431,,
869173,D-BAR,dark,Arabika Jawa Barat,B10,4,collecting,28,16078,2797,2781,8074,10480,2783,10012,16796,16253,15425,,
870173,D-BAR,dark,Arabika Jawa Barat,B10,4,collecting,29,16032,2796,2783,8074,10467,2782,10002,16784,16243,15419,,
871174,D-BAR,dark,Arabika Jawa Barat,B10,4,collecting,30,15987,2796,2783,8074,10454,2781,9993,16773,16231,15412,,
872173,D-BAR,dark,Arabika Jawa Barat,B10,4,collecting,31,15944,2800,2783,8074,10441,2783,9984,16761,16219,15407,,
873174,D-BAR,dark,Arabika Jawa Barat,B10,4,collecting,32,15906,2797,2784,8075,10429,2783,9978,16752,16207,15403,,
874173,D-BAR,dark,Arabika Jawa Barat,B10,4,collecting,33,15872,2800,2780,8075,10419,2783,9971,16745,16195,15398,,
875173,D-BAR,dark,Arabika Jawa Barat,B10,4,collecting,34,15840,2800,2779,8075,10410,2783,9965,16739,16185,15395,,
876173,D-BAR,dark,Arabika Jawa Barat,B10,4,collecting,35,15808,2797,2779,8075,10399,2783,9957,16732,16175,15388,,
877173,D-BAR,dark,Arabika Jawa Barat,B10,4,collecting,36,15773,2798,2782,8076,10387,2783,9949,16721,16163,15382,,
878173,D-BAR,dark,Arabika Jawa Barat,B10,4,collecting,37,15741,2795,2783,8075,10378,2780,9942,16713,16150,15378,,
879173,D-BAR,dark,Arabika Jawa Barat,B10,4,collecting,38,15712,2797,2783,8076,10369,2783,9939,16705,16139,15373,,
880174,D-BAR,dark,Arabika Jawa Barat,B10,4,collecting,39,15682,2799,2785,8075,10360,2783,9933,16696,16128,15367,,
881173,D-BAR,dark,Arabika Jawa Barat,B10,4,collecting,40,15650,2799,2784,8076,10350,2780,9925,16686,16116,15359,,
882173,D-BAR,dark,Arabika Jawa Barat,B10,4,collecting,41,15620,2798,2783,8076,10340,2780,9920,16675,16103,15352,,
883173,D-BAR,dark,Arabika Jawa Barat,B10,4,collecting,42,15589,2796,2780,8076,10330,2783,9914,16664,16091,15345,,
884173,D-BAR,dark,Arabika Jawa Barat,B10,4,collecting,43,15562,2799,2783,8076,10321,2783,9909,16655,16078,15339,,
885173,D-BAR,dark,Arabika Jawa Barat,B10,4,collecting,44,15536,2798,2779,8077,10314,2781,9904,16647,16066,15334,,
886173,D-BAR,dark,Arabika Jawa Barat,B10,4,collecting,45,15513,2796,2781,8077,10305,2784,9899,16640,16055,15328,,
887174,D-BAR,dark,Arabika Jawa Barat,B10,4,collecting,46,15490,2799,2786,8077,10298,2784,9894,16634,16044,15323,,
888173,D-BAR,dark,Arabika Jawa Barat,B10,4,collecting,47,15468,2796,2785,8077,10290,2782,9891,16626,16034,15318,,
889174,D-BAR,dark,Arabika Jawa Barat,B10,4,collecting,48,15447,2796,2783,8078,10284,2782,9887,16619,16023,15312,,
890173,D-BAR,dark,Arabika Jawa Barat,B10,4,collecting,49,15429,2800,2783,8078,10278,2783,9883,16613,16014,15309,,
891173,D-BAR,dark,Arabika Jawa Barat,B10,4,collecting,50,15414,2795,2782,8078,10273,2782,9881,16609,16005,15305,,
892173,D-BAR,dark,Arabika Jawa Barat,B10,4,collecting,51,15401,2798,2783,8078,10269,2783,9880,16604,15998,15303,,
893173,D-BAR,dark,Arabika Jawa Barat,B10,4,collecting,52,15389,2796,2780,8078,10264,2783,9877,16600,15990,15299,,
894173,D-BAR,dark,Arabika Jawa Barat,B10,4,collecting,53,15379,2796,2780,8079,10260,2780,9873,16596,15983,15295,,
895173,D-BAR,dark,Arabika Jawa Barat,B10,4,collecting,54,15371,2796,2784,8079,10255,2780,9869,16593,15977,15291,,
896174,D-BAR,dark,Arabika Jawa Barat,B10,4,collecting,55,15362,2796,2780,8079,10250,2783,9865,16589,15970,15286,,
897173,D-BAR,dark,Arabika Jawa Barat,B10,4,collecting,56,15353,2796,2779,8079,10244,2784,9860,16585,15964,15282,,
898173,D-BAR,dark,Arabika Jawa Barat,B10,4,collecting,57,15346,2795,2779,8080,10238,2783,9857,16582,15957,15278,,
899173,D-BAR,dark,Arabika Jawa Barat,B10,4,collecting,58,15335,2796,2783,8080,10232,2783,9850,16578,15950,15273,,
900173,D-BAR,dark,Arabika Jawa Barat,B10,4,collecting,59,15325,2796,2782,8080,10226,2782,9845,16574,15943,15268,,
901173,D-BAR,dark,Arabika Jawa Barat,B10,4,collecting,60,15313,2798,2781,8080,10219,2780,9841,16568,15935,15263,,
902173,D-BAR,dark,Arabika Jawa Barat,B10,4,collecting,61,15301,2796,2778,8081,10213,2781,9835,16562,15928,15258,,
903174,D-BAR,dark,Arabika Jawa Barat,B10,4,collecting,62,15288,2796,2780,8081,10208,2782,9832,16557,15919,15254,,
904173,D-BAR,dark,Arabika Jawa Barat,B10,4,collecting,63,15275,2796,2782,8081,10202,2781,9831,16552,15912,15249,,
905174,D-BAR,dark,Arabika Jawa Barat,B10,4,collecting,64,15264,2798,2779,8081,10200,2779,9829,16547,15905,15246,,
906173,D-BAR,dark,Arabika Jawa Barat,B10,4,collecting,65,15256,2796,2784,8082,10196,2779,9828,16545,15899,15243,,
907173,D-BAR,dark,Arabika Jawa Barat,B10,4,collecting,66,15243,2797,2780,8082,10191,2781,9823,16539,15892,15236,,
908173,D-BAR,dark,Arabika Jawa Barat,B10,4,collecting,67,15227,2796,2782,8082,10184,2781,9817,16532,15884,15231,,
909173,D-BAR,dark,Arabika Jawa Barat,B10,4,collecting,68,15213,2795,2780,8082,10179,2780,9814,16525,15877,15226,,
910173,D-BAR,dark,Arabika Jawa Barat,B10,4,collecting,69,15202,2795,2780,8083,10175,2779,9812,16521,15869,15224,,
911173,D-BAR,dark,Arabika Jawa Barat,B10,4,collecting,70,15198,2795,2779,8083,10173,2782,9810,16519,15864,15223,,
912174,D-BAR,dark,Arabika Jawa Barat,B10,4,collecting,71,15198,2798,2779,8084,10173,2781,9810,16520,15861,15222,,
913173,D-BAR,dark,Arabika Jawa Barat,B10,4,collecting,72,15202,2797,2780,8084,10173,2781,9811,16523,15859,15223,,
914173,D-BAR,dark,Arabika Jawa Barat,B10,4,collecting,73,15208,2795,2782,8084,10173,2782,9812,16525,15859,15223,,
915173,D-BAR,dark,Arabika Jawa Barat,B10,4,collecting,74,15211,2795,2779,8084,10172,2782,9811,16526,15858,15221,,
916173,D-BAR,dark,Arabika Jawa Barat,B10,4,collecting,75,15208,2795,2779,8084,10170,2782,9808,16525,15857,15219,,
917173,D-BAR,dark,Arabika Jawa Barat,B10,4,collecting,76,15210,2797,2783,8085,10170,2782,9810,16526,15855,15221,,
918173,D-BAR,dark,Arabika Jawa Barat,B10,4,collecting,77,15220,2796,2782,8084,10171,2781,9813,16530,15855,15224,,
919174,D-BAR,dark,Arabika Jawa Barat,B10,4,collecting,78,15230,2795,2784,8085,10173,2781,9814,16534,15857,15224,,
920173,D-BAR,dark,Arabika Jawa Barat,B10,4,collecting,79,15238,2795,2779,8085,10173,2781,9817,16536,15859,15225,,
921174,D-BAR,dark,Arabika Jawa Barat,B10,4,collecting,80,15246,2799,2783,8085,10174,2777,9816,16538,15861,15225,,
922173,D-BAR,dark,Arabika Jawa Barat,B10,4,collecting,81,15252,2797,2779,8086,10174,2781,9814,16540,15862,15225,,
923173,D-BAR,dark,Arabika Jawa Barat,B10,4,collecting,82,15254,2798,2779,8086,10174,2781,9813,16541,15863,15224,,
924173,D-BAR,dark,Arabika Jawa Barat,B10,4,collecting,83,15252,2795,2779,8086,10172,2778,9810,16541,15864,15222,,
925173,D-BAR,dark,Arabika Jawa Barat,B10,4,collecting,84,15249,2796,2779,8086,10171,2777,9808,16540,15863,15221,,
926173,D-BAR,dark,Arabika Jawa Barat,B10,4,collecting,85,15249,2795,2780,8087,10170,2780,9809,16540,15862,15221,,
927173,D-BAR,dark,Arabika Jawa Barat,B10,4,collecting,86,15251,2796,2780,8087,10170,2781,9810,16540,15861,15222,,
928174,D-BAR,dark,Arabika Jawa Barat,B10,4,collecting,87,15255,2799,2782,8087,10171,2781,9812,16542,15862,15223,,
929173,D-BAR,dark,Arabika Jawa Barat,B10,4,collecting,88,15261,2795,2779,8088,10173,2779,9814,16546,15864,15225,,
930173,D-BAR,dark,Arabika Jawa Barat,B10,4,collecting,89,15268,2798,2781,8088,10177,2780,9818,16548,15867,15228,,
931173,D-BAR,dark,Arabika Jawa Barat,B10,4,collecting,90,15277,2798,2780,8089,10182,2782,9821,16553,15873,15231,,
932173,D-BAR,dark,Arabika Jawa Barat,B10,4,collecting,91,15286,2798,2780,8089,10186,2781,9822,16558,15878,15234,,
933173,D-BAR,dark,Arabika Jawa Barat,B10,4,collecting,92,15295,2795,2783,8090,10189,2783,9824,16563,15883,15236,,
934173,D-BAR,dark,Arabika Jawa Barat,B10,4,collecting,93,15305,2797,2779,8090,10192,2783,9826,16567,15887,15239,,
935174,D-BAR,dark,Arabika Jawa Barat,B10,4,collecting,94,15312,2795,2779,8090,10193,2782,9825,16570,15891,15239,,
936173,D-BAR,dark,Arabika Jawa Barat,B10,4,collecting,95,15315,2795,2779,8090,10193,2779,9823,16571,15894,15239,,
937174,D-BAR,dark,Arabika Jawa Barat,B10,4,collecting,96,15315,2795,2779,8090,10191,2781,9821,16570,15896,15238,,
938173,D-BAR,dark,Arabika Jawa Barat,B10,4,collecting,97,15312,2798,2782,8090,10190,2780,9817,16568,15895,15236,,
939173,D-BAR,dark,Arabika Jawa Barat,B10,4,collecting,98,15307,2795,2783,8090,10186,2781,9813,16567,15894,15234,,
940173,D-BAR,dark,Arabika Jawa Barat,B10,4,collecting,99,15302,2796,2784,8090,10185,2781,9813,16565,15893,15232,,
941173,D-BAR,dark,Arabika Jawa Barat,B10,4,collecting,100,15296,2798,2780,8090,10182,2782,9811,16563,15891,15230,,
942173,D-BAR,dark,Arabika Jawa Barat,B10,4,collecting,101,15288,2795,2783,8091,10179,2781,9808,16562,15889,15228,,
943173,D-BAR,dark,Arabika Jawa Barat,B10,4,collecting,102,15282,2797,2780,8091,10178,2781,9808,16559,15888,15227,,
944174,D-BAR,dark,Arabika Jawa Barat,B10,4,collecting,103,15279,2795,2780,8091,10178,2782,9808,16558,15887,15227,,
945173,D-BAR,dark,Arabika Jawa Barat,B10,4,collecting,104,15277,2798,2778,8092,10179,2781,9809,16558,15887,15226,,
946173,D-BAR,dark,Arabika Jawa Barat,B10,4,collecting,105,15275,2795,2782,8092,10179,2781,9809,16558,15887,15225,,
947173,D-BAR,dark,Arabika Jawa Barat,B10,4,collecting,106,15271,2795,2779,8092,10177,2782,9808,16557,15887,15224,,
948173,D-BAR,dark,Arabika Jawa Barat,B10,4,collecting,107,15266,2796,2781,8093,10176,2779,9804,16555,15886,15222,,
949173,D-BAR,dark,Arabika Jawa Barat,B10,4,collecting,108,15257,2796,2779,8093,10174,2779,9802,16553,15883,15220,,
950173,D-BAR,dark,Arabika Jawa Barat,B10,4,collecting,109,15248,2795,2780,8093,10170,2781,9800,16550,15881,15217,,
951174,D-BAR,dark,Arabika Jawa Barat,B10,4,collecting,110,15229,2795,2782,8093,10163,2782,9793,16542,15877,15206,,
952173,D-BAR,dark,Arabika Jawa Barat,B10,4,collecting,111,15189,2796,2778,8093,10151,2777,9782,16524,15866,15196,,
953174,D-BAR,dark,Arabika Jawa Barat,B10,4,collecting,112,15144,2795,2779,8093,10141,2782,9774,16508,15852,15188,,
954173,D-BAR,dark,Arabika Jawa Barat,B10,4,collecting,113,15097,2795,2782,8093,10133,2778,9772,16492,15836,15181,,
955173,D-BAR,dark,Arabika Jawa Barat,B10,4,collecting,114,15060,2795,2783,8094,10130,2778,9772,16482,15822,15179,,
956173,D-BAR,dark,Arabika Jawa Barat,B10,4,collecting,115,15036,2795,2784,8093,10130,2778,9779,16477,15812,15180,,
957173,D-BAR,dark,Arabika Jawa Barat,B10,4,collecting,116,15025,2795,2783,8094,10133,2781,9788,16476,15807,15183,,
958173,D-BAR,dark,Arabika Jawa Barat,B10,4,collecting,117,15014,2799,2779,8094,10136,2780,9796,16475,15804,15183,,
959173,D-BAR,dark,Arabika Jawa Barat,B10,4,collecting,118,15001,2795,2780,8094,10139,2781,9801,16473,15802,15183,,
960174,D-BAR,dark,Arabika Jawa Barat,B10,4,collecting,119,14986,2794,2779,8095,10140,2781,9803,16470,15799,15182,,
961173,D-BAR,dark,Arabika Jawa Barat,B10,4,collecting,120,14969,2799,2780,8095,10140,2782,9803,16465,15796,15179,,
962177,D-BAR,dark,Arabika Jawa Barat,B10,5,purging,1,14951,2795,2780,8095,10140,2780,9803,16460,15791,15177,,
963173,D-BAR,dark,Arabika Jawa Barat,B10,5,purging,2,14931,2794,2783,8096,10138,2779,9804,16453,15786,15173,,
964173,D-BAR,dark,Arabika Jawa Barat,B10,5,purging,3,14908,2794,2778,8096,10134,2781,9801,16444,15780,15167,,
965173,D-BAR,dark,Arabika Jawa Barat,B10,5,purging,4,14892,2798,2779,8097,10133,2779,9802,16438,15773,15167,,
966173,D-BAR,dark,Arabika Jawa Barat,B10,5,purging,5,14897,2795,2779,8097,10138,2782,9810,16440,15770,15173,,
967174,D-BAR,dark,Arabika Jawa Barat,B10,5,purging,6,14916,2795,2779,8097,10141,2782,9816,16448,15773,15170,,
968173,D-BAR,dark,Arabika Jawa Barat,B10,5,purging,7,14891,2797,2778,8098,10123,2780,9794,16431,15770,15137,,
969174,D-BAR,dark,Arabika Jawa Barat,B10,5,purging,8,14796,2798,2779,8098,10088,2779,9752,16385,15747,15092,,
970173,D-BAR,dark,Arabika Jawa Barat,B10,5,purging,9,14652,2795,2779,8099,10041,2779,9702,16323,15704,15043,,
971173,D-BAR,dark,Arabika Jawa Barat,B10,5,purging,10,14474,2795,2779,8099,9990,2781,9655,16254,15648,14993,,
972173,D-BAR,dark,Arabika Jawa Barat,B10,5,purging,11,14274,2794,2783,8099,9939,2781,9612,16184,15585,14945,,
973173,D-BAR,dark,Arabika Jawa Barat,B10,5,purging,12,14063,2793,2783,8099,9891,2778,9576,16117,15517,14901,,
974173,D-BAR,dark,Arabika Jawa Barat,B10,5,purging,13,13848,2794,2778,8100,9846,2781,9546,16054,15449,14860,,
975173,D-BAR,dark,Arabika Jawa Barat,B10,5,purging,14,13632,2792,2780,8100,9804,2782,9521,15995,15382,14821,,
976174,D-BAR,dark,Arabika Jawa Barat,B10,5,purging,15,13421,2793,2779,8100,9767,2779,9500,15940,15316,14785,,
977173,D-BAR,dark,Arabika Jawa Barat,B10,5,purging,16,13216,2791,2779,8100,9733,2781,9481,15889,15254,14751,,
978173,D-BAR,dark,Arabika Jawa Barat,B10,5,purging,17,13020,2791,2784,8100,9702,2781,9467,15841,15193,14719,,
979173,D-BAR,dark,Arabika Jawa Barat,B10,5,purging,18,12835,2794,2780,8100,9673,2778,9453,15796,15135,14689,,
980173,D-BAR,dark,Arabika Jawa Barat,B10,5,purging,19,12661,2794,2780,8101,9647,2780,9440,15754,15080,14661,,
981173,D-BAR,dark,Arabika Jawa Barat,B10,5,purging,20,12499,2795,2780,8101,9623,2777,9428,15714,15028,14635,,
982173,D-BAR,dark,Arabika Jawa Barat,B10,5,purging,21,12349,2792,2780,8101,9601,2781,9418,15678,14979,14610,,
983174,D-BAR,dark,Arabika Jawa Barat,B10,5,purging,22,12211,2790,2782,8101,9582,2782,9410,15642,14931,14587,,
984173,D-BAR,dark,Arabika Jawa Barat,B10,5,purging,23,12083,2789,2779,8101,9564,2781,9402,15609,14886,14564,,
985174,D-BAR,dark,Arabika Jawa Barat,B10,5,purging,24,11966,2789,2779,8101,9548,2782,9396,15578,14843,14543,,
986173,D-BAR,dark,Arabika Jawa Barat,B10,5,purging,25,11859,2788,2779,8102,9532,2782,9390,15548,14802,14523,,
987173,D-BAR,dark,Arabika Jawa Barat,B10,5,purging,26,11762,2788,2780,8102,9518,2782,9385,15518,14763,14504,,
988173,D-BAR,dark,Arabika Jawa Barat,B10,5,purging,27,11674,2788,2783,8102,9504,2781,9379,15491,14727,14485,,
989173,D-BAR,dark,Arabika Jawa Barat,B10,5,purging,28,11593,2788,2779,8102,9492,2781,9374,15465,14690,14467,,
990173,D-BAR,dark,Arabika Jawa Barat,B10,5,purging,29,11519,2789,2782,8102,9480,2777,9370,15440,14657,14450,,
991173,D-BAR,dark,Arabika Jawa Barat,B10,5,purging,30,11452,2788,2779,8102,9469,2780,9366,15416,14624,14434,,
992174,D-BAR,dark,Arabika Jawa Barat,B10,5,purging,31,11390,2791,2784,8103,9459,2782,9362,15393,14593,14419,,
993173,D-BAR,dark,Arabika Jawa Barat,B10,5,purging,32,11334,2790,2782,8103,9450,2781,9360,15371,14564,14404,,
994173,D-BAR,dark,Arabika Jawa Barat,B10,5,purging,33,11282,2788,2780,8103,9441,2781,9357,15349,14535,14390,,
995173,D-BAR,dark,Arabika Jawa Barat,B10,5,purging,34,11234,2791,2784,8103,9434,2782,9354,15329,14507,14376,,
996173,D-BAR,dark,Arabika Jawa Barat,B10,5,purging,35,11189,2789,2779,8103,9426,2781,9351,15309,14481,14363,,
997173,D-BAR,dark,Arabika Jawa Barat,B10,5,purging,36,11148,2790,2780,8103,9419,2779,9349,15289,14456,14350,,
998173,D-BAR,dark,Arabika Jawa Barat,B10,5,purging,37,11109,2790,2778,8104,9414,2778,9347,15271,14433,14339,,
999174,D-BAR,dark,Arabika Jawa Barat,B10,5,purging,38,11072,2788,2783,8104,9410,2780,9346,15253,14413,14327,,
1000173,D-BAR,dark,Arabika Jawa Barat,B10,5,purging,39,11039,2788,2779,8105,9405,2781,9345,15235,14392,14316,,
1001174,D-BAR,dark,Arabika Jawa Barat,B10,5,purging,40,11007,2786,2779,8104,9399,2781,9342,15218,14371,14304,,
1002173,D-BAR,dark,Arabika Jawa Barat,B10,5,purging,41,10976,2791,2782,8105,9393,2781,9339,15201,14350,14293,,
1003173,D-BAR,dark,Arabika Jawa Barat,B10,5,purging,42,10948,2788,2778,8105,9386,2780,9336,15185,14330,14282,,
1004173,D-BAR,dark,Arabika Jawa Barat,B10,5,purging,43,10921,2787,2779,8105,9379,2781,9334,15168,14309,14271,,
1005173,D-BAR,dark,Arabika Jawa Barat,B10,5,purging,44,10895,2789,2779,8105,9373,2782,9330,15152,14290,14261,,
1006173,D-BAR,dark,Arabika Jawa Barat,B10,5,purging,45,10870,2791,2782,8105,9367,2781,9328,15138,14270,14250,,
1007173,D-BAR,dark,Arabika Jawa Barat,B10,5,purging,46,10846,2786,2780,8105,9361,2781,9326,15122,14251,14240,,
1008174,D-BAR,dark,Arabika Jawa Barat,B10,5,purging,47,10822,2786,2779,8106,9356,2781,9324,15107,14232,14230,,
1009173,D-BAR,dark,Arabika Jawa Barat,B10,5,purging,48,10801,2785,2779,8105,9350,2781,9322,15093,14215,14220,,
1010173,D-BAR,dark,Arabika Jawa Barat,B10,5,purging,49,10779,2785,2779,8106,9344,2781,9319,15078,14197,14210,,
1011173,D-BAR,dark,Arabika Jawa Barat,B10,5,purging,50,10758,2791,2780,8105,9338,2778,9315,15064,14180,14201,,
1012173,D-BAR,dark,Arabika Jawa Barat,B10,5,purging,51,10738,2789,2779,8105,9334,2781,9313,15050,14163,14192,,
1013173,D-BAR,dark,Arabika Jawa Barat,B10,5,purging,52,10719,2785,2780,8106,9330,2779,9312,15037,14147,14184,,
1014173,D-BAR,dark,Arabika Jawa Barat,B10,5,purging,53,10700,2785,2782,8106,9325,2782,9311,15024,14132,14176,,
1015174,D-BAR,dark,Arabika Jawa Barat,B10,5,purging,54,10683,2789,2780,8106,9321,2780,9310,15011,14116,14168,,
1016173,D-BAR,dark,Arabika Jawa Barat,B10,5,purging,55,10666,2789,2778,8106,9317,2781,9308,14999,14102,14160,,
1017174,D-BAR,dark,Arabika Jawa Barat,B10,5,purging,56,10650,2788,2779,8106,9313,2782,9306,14987,14088,14153,,
1018173,D-BAR,dark,Arabika Jawa Barat,B10,5,purging,57,10634,2789,2779,8106,9309,2778,9305,14976,14073,14146,,
1019173,D-BAR,dark,Arabika Jawa Barat,B10,5,purging,58,10619,2790,2782,8106,9305,2781,9303,14964,14060,14138,,
1020173,D-BAR,dark,Arabika Jawa Barat,B10,5,purging,59,10604,2789,2779,8107,9301,2781,9302,14953,14046,14130,,
1021173,D-BAR,dark,Arabika Jawa Barat,B10,5,purging,60,10591,2787,2781,8107,9298,2782,9301,14942,14033,14123,,
1022173,D-BAR,dark,Arabika Jawa Barat,B10,5,purging,61,10578,2786,2778,8107,9294,2781,9299,14930,14020,14116,,
1023173,D-BAR,dark,Arabika Jawa Barat,B10,5,purging,62,10565,2785,2780,8107,9290,2781,9297,14919,14008,14109,,
1024174,D-BAR,dark,Arabika Jawa Barat,B10,5,purging,63,10553,2789,2780,8107,9286,2781,9296,14909,13996,14102,,
1025173,D-BAR,dark,Arabika Jawa Barat,B10,5,purging,64,10541,2786,2780,8107,9283,2781,9295,14898,13983,14095,,
1026173,D-BAR,dark,Arabika Jawa Barat,B10,5,purging,65,10530,2787,2780,8107,9279,2781,9293,14888,13971,14088,,
1027173,D-BAR,dark,Arabika Jawa Barat,B10,5,purging,66,10519,2785,2782,8108,9275,2781,9291,14877,13960,14082,,
1028173,D-BAR,dark,Arabika Jawa Barat,B10,5,purging,67,10507,2785,2779,8107,9271,2781,9289,14867,13949,14075,,
1029173,D-BAR,dark,Arabika Jawa Barat,B10,5,purging,68,10497,2785,2779,8108,9268,2781,9286,14857,13937,14066,,
1030173,D-BAR,dark,Arabika Jawa Barat,B10,5,purging,69,10486,2786,2781,8108,9263,2781,9281,14845,13926,14058,,
1031174,D-BAR,dark,Arabika Jawa Barat,B10,5,purging,70,10475,2789,2778,8108,9259,2781,9278,14833,13914,14050,,
1032173,D-BAR,dark,Arabika Jawa Barat,B10,5,purging,71,10465,2786,2781,8108,9253,2780,9275,14822,13903,14043,,
1033174,D-BAR,dark,Arabika Jawa Barat,B10,5,purging,72,10456,2787,2779,8108,9248,2782,9270,14812,13891,14035,,
1034173,D-BAR,dark,Arabika Jawa Barat,B10,5,purging,73,10445,2786,2780,8108,9243,2781,9267,14802,13880,14030,,
1035173,D-BAR,dark,Arabika Jawa Barat,B10,5,purging,74,10436,2785,2780,8108,9239,2780,9265,14793,13869,14024,,
1036173,D-BAR,dark,Arabika Jawa Barat,B10,5,purging,75,10428,2786,2779,8108,9235,2780,9263,14784,13858,14017,,
1037173,D-BAR,dark,Arabika Jawa Barat,B10,5,purging,76,10420,2786,2779,8108,9230,2782,9261,14775,13847,14011,,
1038173,D-BAR,dark,Arabika Jawa Barat,B10,5,purging,77,10412,2786,2778,8108,9225,2782,9258,14765,13836,14005,,
1039173,D-BAR,dark,Arabika Jawa Barat,B10,5,purging,78,10404,2785,2778,8108,9221,2780,9256,14757,13825,13999,,
1040174,D-BAR,dark,Arabika Jawa Barat,B10,5,purging,79,10396,2786,2779,8108,9218,2782,9254,14749,13815,13995,,
1041173,D-BAR,dark,Arabika Jawa Barat,B10,5,purging,80,10389,2789,2782,8108,9216,2782,9254,14742,13806,13991,,
1042173,D-BAR,dark,Arabika Jawa Barat,B10,5,purging,81,10382,2791,2778,8108,9215,2780,9255,14734,13798,13988,,
1043173,D-BAR,dark,Arabika Jawa Barat,B10,5,purging,82,10375,2789,2778,8108,9217,2779,9257,14728,13790,13987,,
1044173,D-BAR,dark,Arabika Jawa Barat,B10,5,purging,83,10370,2789,2782,8109,9228,2781,9265,14722,13791,13989,,
1045173,D-BAR,dark,Arabika Jawa Barat,B10,5,purging,84,10364,2788,2778,8110,9240,2782,9273,14718,13793,13991,,
1046173,D-BAR,dark,Arabika Jawa Barat,B10,5,purging,85,10361,2785,2782,8112,9255,2782,9283,14715,13802,13994,,
1047174,D-BAR,dark,Arabika Jawa Barat,B10,5,purging,86,10356,2791,2778,8114,9265,2782,9290,14710,13809,13995,,
1048173,D-BAR,dark,Arabika Jawa Barat,B10,5,purging,87,10351,2788,2781,8114,9270,2780,9292,14704,13812,13992,,
1049174,D-BAR,dark,Arabika Jawa Barat,B10,5,purging,88,10346,2787,2779,8113,9270,2782,9290,14697,13811,13989,,
1050173,D-BAR,dark,Arabika Jawa Barat,B10,5,purging,89,10341,2786,2782,8113,9267,2781,9289,14690,13807,13984,,
1051173,D-BAR,dark,Arabika Jawa Barat,B10,5,purging,90,10335,2785,2780,8113,9261,2781,9285,14682,13800,13978,,
1052173,D-BAR,dark,Arabika Jawa Barat,B10,5,purging,91,10330,2789,2779,8112,9255,2782,9281,14674,13791,13973,,
1053173,D-BAR,dark,Arabika Jawa Barat,B10,5,purging,92,10324,2788,2779,8112,9249,2781,9278,14667,13783,13968,,
1054173,D-BAR,dark,Arabika Jawa Barat,B10,5,purging,93,10318,2788,2778,8112,9244,2780,9275,14659,13774,13963,,
1055173,D-BAR,dark,Arabika Jawa Barat,B10,5,purging,94,10313,2785,2780,8112,9238,2780,9271,14651,13765,13958,,
1056174,D-BAR,dark,Arabika Jawa Barat,B10,5,purging,95,10307,2786,2779,8111,9232,2782,9267,14644,13754,13953,,
1057173,D-BAR,dark,Arabika Jawa Barat,B10,5,purging,96,10301,2785,2778,8111,9225,2779,9264,14636,13744,13948,,
1058173,D-BAR,dark,Arabika Jawa Barat,B10,5,purging,97,10296,2788,2778,8111,9220,2780,9261,14629,13734,13943,,
1059173,D-BAR,dark,Arabika Jawa Barat,B10,5,purging,98,10291,2785,2778,8111,9216,2782,9259,14622,13724,13939,,
1060173,D-BAR,dark,Arabika Jawa Barat,B10,5,purging,99,10285,2786,2782,8111,9212,2781,9257,14616,13715,13934,,
1061173,D-BAR,dark,Arabika Jawa Barat,B10,5,purging,100,10280,2788,2776,8111,9208,2781,9255,14610,13706,13930,,
1062173,D-BAR,dark,Arabika Jawa Barat,B10,5,purging,101,10275,2788,2778,8111,9205,2782,9254,14603,13698,13926,,
1063174,D-BAR,dark,Arabika Jawa Barat,B10,5,purging,102,10270,2785,2778,8111,9201,2782,9253,14597,13689,13922,,
1064173,D-BAR,dark,Arabika Jawa Barat,B10,5,purging,103,10265,2786,2778,8111,9198,2782,9252,14590,13681,13918,,
1065174,D-BAR,dark,Arabika Jawa Barat,B10,5,purging,104,10260,2786,2778,8111,9195,2782,9252,14584,13673,13914,,
1066173,D-BAR,dark,Arabika Jawa Barat,B10,5,purging,105,10256,2789,2780,8111,9192,2780,9250,14578,13665,13910,,
1067173,D-BAR,dark,Arabika Jawa Barat,B10,5,purging,106,10251,2788,2779,8111,9189,2781,9249,14572,13658,13907,,
1068173,D-BAR,dark,Arabika Jawa Barat,B10,5,purging,107,10247,2786,2778,8110,9187,2780,9248,14566,13650,13904,,
1069173,D-BAR,dark,Arabika Jawa Barat,B10,5,purging,108,10244,2788,2782,8110,9185,2781,9247,14560,13643,13900,,
1070173,D-BAR,dark,Arabika Jawa Barat,B10,5,purging,109,10240,2786,2782,8111,9183,2782,9246,14555,13636,13896,,
1071173,D-BAR,dark,Arabika Jawa Barat,B10,5,purging,110,10236,2786,2779,8111,9181,2781,9246,14549,13630,13892,,
1072174,D-BAR,dark,Arabika Jawa Barat,B10,5,purging,111,10231,2786,2778,8111,9179,2782,9245,14543,13622,13889,,
1073173,D-BAR,dark,Arabika Jawa Barat,B10,5,purging,112,10228,2785,2779,8111,9177,2782,9243,14537,13616,13885,,
1074173,D-BAR,dark,Arabika Jawa Barat,B10,5,purging,113,10224,2789,2778,8112,9175,2782,9242,14532,13609,13882,,
1075173,D-BAR,dark,Arabika Jawa Barat,B10,5,purging,114,10220,2786,2779,8112,9172,2781,9241,14526,13603,13879,,
1076173,D-BAR,dark,Arabika Jawa Barat,B10,5,purging,115,10216,2785,2778,8111,9170,2780,9239,14521,13597,13875,,
1077173,D-BAR,dark,Arabika Jawa Barat,B10,5,purging,116,10212,2785,2778,8112,9168,2782,9238,14515,13591,13872,,
1078173,D-BAR,dark,Arabika Jawa Barat,B10,5,purging,117,10208,2786,2781,8112,9165,2780,9237,14509,13585,13868,,
1079174,D-BAR,dark,Arabika Jawa Barat,B10,5,purging,118,10204,2788,2779,8112,9163,2780,9236,14503,13578,13865,,
1080173,D-BAR,dark,Arabika Jawa Barat,B10,5,purging,119,10201,2786,2778,8112,9161,2781,9235,14498,13572,13862,,
1081174,D-BAR,dark,Arabika Jawa Barat,B10,5,purging,120,10198,2785,2778,8111,9159,2781,9234,14492,13566,13859,,
1082176,D-BAR,dark,Arabika Jawa Barat,B10,5,collecting,1,10194,2783,2779,8112,9158,2781,9233,14488,13560,13856,,
1083173,D-BAR,dark,Arabika Jawa Barat,B10,5,collecting,2,10192,2786,2776,8112,9158,2780,9233,14483,13554,13855,,
1084173,D-BAR,dark,Arabika Jawa Barat,B10,5,collecting,3,10248,2788,2779,8112,9169,2781,9243,14489,13553,13878,,
1085173,D-BAR,dark,Arabika Jawa Barat,B10,5,collecting,4,10816,2789,2778,8112,9262,2782,9333,14591,13591,14028,,
1086173,D-BAR,dark,Arabika Jawa Barat,B10,5,collecting,5,11993,2789,2778,8112,9449,2780,9503,14862,13755,14244,,
1087173,D-BAR,dark,Arabika Jawa Barat,B10,5,collecting,6,13224,2791,2778,8112,9659,2781,9675,15238,14039,14464,,
1088174,D-BAR,dark,Arabika Jawa Barat,B10,5,collecting,7,14185,2794,2779,8113,9837,2780,9806,15595,14376,14646,,
1089173,D-BAR,dark,Arabika Jawa Barat,B10,5,collecting,8,14851,2797,2781,8112,9975,2784,9888,15880,14701,14788,,
1090173,D-BAR,dark,Arabika Jawa Barat,B10,5,collecting,9,15311,2796,2778,8112,10080,2783,9943,16100,14981,14904,,
1091173,D-BAR,dark,Arabika Jawa Barat,B10,5,collecting,10,15634,2795,2778,8112,10162,2781,9975,16265,15214,14993,,
1092173,D-BAR,dark,Arabika Jawa Barat,B10,5,collecting,11,15868,2798,2778,8112,10225,2783,9993,16394,15406,15063,,
1093173,D-BAR,dark,Arabika Jawa Barat,B10,5,collecting,12,16025,2795,2776,8112,10267,2783,9996,16486,15558,15109,,
1094173,D-BAR,dark,Arabika Jawa Barat,B10,5,collecting,13,16125,2795,2779,8111,10292,2783,9988,16547,15675,15139,,
1095174,D-BAR,dark,Arabika Jawa Barat,B10,5,collecting,14,16184,2795,2782,8111,10305,2782,9972,16587,15762,15161,,
1096173,D-BAR,dark,Arabika Jawa Barat,B10,5,collecting,15,16214,2793,2782,8111,10308,2781,9952,16615,15826,15173,,
1097174,D-BAR,dark,Arabika Jawa Barat,B10,5,collecting,16,16221,2794,2778,8111,10305,2781,9931,16628,15871,15180,,
1098173,D-BAR,dark,Arabika Jawa Barat,B10,5,collecting,17,16212,2795,2778,8110,10297,2781,9911,16633,15903,15183,,
1099173,D-BAR,dark,Arabika Jawa Barat,B10,5,collecting,18,16196,2793,2779,8110,10289,2781,9896,16635,15924,15186,,
1100173,D-BAR,dark,Arabika Jawa Barat,B10,5,collecting,19,16173,2795,2779,8110,10279,2780,9880,16636,15939,15186,,
1101173,D-BAR,dark,Arabika Jawa Barat,B10,5,collecting,20,16145,2794,2777,8110,10267,2780,9866,16634,15949,15184,,
1102173,D-BAR,dark,Arabika Jawa Barat,B10,5,collecting,21,16112,2794,2778,8110,10254,2782,9851,16630,15953,15181,,
1103173,D-BAR,dark,Arabika Jawa Barat,B10,5,collecting,22,16078,2795,2778,8110,10241,2781,9835,16626,15954,15181,,
1104174,D-BAR,dark,Arabika Jawa Barat,B10,5,collecting,23,16054,2795,2777,8110,10234,2780,9831,16628,15955,15188,,
1105173,D-BAR,dark,Arabika Jawa Barat,B10,5,collecting,24,16037,2795,2778,8109,10228,2780,9827,16634,15960,15190,,
1106173,D-BAR,dark,Arabika Jawa Barat,B10,5,collecting,25,16013,2794,2778,8109,10218,2782,9818,16633,15962,15186,,
1107173,D-BAR,dark,Arabika Jawa Barat,B10,5,collecting,26,15984,2795,2778,8109,10206,2781,9806,16629,15960,15182,,
1108173,D-BAR,dark,Arabika Jawa Barat,B10,5,collecting,27,15952,2794,2778,8109,10194,2780,9794,16623,15956,15177,,
1109173,D-BAR,dark,Arabika Jawa Barat,B10,5,collecting,28,15916,2798,2779,8108,10181,2780,9783,16613,15949,15169,,
1110173,D-BAR,dark,Arabika Jawa Barat,B10,5,collecting,29,15875,2792,2780,8109,10166,2780,9768,16601,15939,15158,,
1111174,D-BAR,dark,Arabika Jawa Barat,B10,5,collecting,30,15829,2796,2778,8108,10150,2782,9754,16587,15925,15149,,
1112173,D-BAR,dark,Arabika Jawa Barat,B10,5,collecting,31,15786,2798,2778,8108,10136,2780,9744,16573,15910,15142,,
1113174,D-BAR,dark,Arabika Jawa Barat,B10,5,collecting,32,15749,2794,2778,8108,10125,2782,9739,16564,15897,15138,,
1114173,D-BAR,dark,Arabika Jawa Barat,B10,5,collecting,33,15716,2795,2780,8108,10115,2782,9731,16556,15885,15131,,
1115173,D-BAR,dark,Arabika Jawa Barat,B10,5,collecting,34,15680,2795,2778,8107,10104,2780,9723,16546,15873,15123,,
1116173,D-BAR,dark,Arabika Jawa Barat,B10,5,collecting,35,15642,2797,2781,8107,10091,2782,9716,16534,15860,15115,,
1117173,D-BAR,dark,Arabika Jawa Barat,B10,5,collecting,36,15607,2794,2778,8107,10081,2781,9709,16523,15846,15109,,
1118173,D-BAR,dark,Arabika Jawa Barat,B10,5,collecting,37,15575,2792,2779,8107,10072,2778,9703,16514,15833,15103,,
1119173,D-BAR,dark,Arabika Jawa Barat,B10,5,collecting,38,15545,2794,2780,8106,10061,2781,9697,16506,15821,15095,,
1120174,D-BAR,dark,Arabika Jawa Barat,B10,5,collecting,39,15513,2794,2779,8106,10051,2782,9691,16495,15809,15088,,
1121173,D-BAR,dark,Arabika Jawa Barat,B10,5,collecting,40,15487,2794,2778,8106,10044,2780,9688,16488,15796,15086,,
1122173,D-BAR,dark,Arabika Jawa Barat,B10,5,collecting,41,15469,2798,2780,8106,10039,2780,9688,16485,15787,15083,,
1123173,D-BAR,dark,Arabika Jawa Barat,B10,5,collecting,42,15449,2794,2782,8106,10031,2778,9681,16480,15779,15074,,
1124173,D-BAR,dark,Arabika Jawa Barat,B10,5,collecting,43,15422,2792,2778,8105,10023,2781,9673,16470,15768,15067,,
1125173,D-BAR,dark,Arabika Jawa Barat,B10,5,collecting,44,15399,2794,2778,8105,10015,2781,9669,16461,15756,15064,,
1126173,D-BAR,dark,Arabika Jawa Barat,B10,5,collecting,45,15382,2794,2780,8105,10010,2780,9666,16457,15747,15060,,
1127174,D-BAR,dark,Arabika Jawa Barat,B10,5,collecting,46,15364,2795,2780,8105,10004,2780,9663,16451,15737,15054,,
1128173,D-BAR,dark,Arabika Jawa Barat,B10,5,collecting,47,15344,2794,2778,8104,9998,2778,9659,16445,15729,15050,,
1129174,D-BAR,dark,Arabika Jawa Barat,B10,5,collecting,48,15327,2795,2779,8104,9992,2780,9654,16441,15720,15046,,
1130173,D-BAR,dark,Arabika Jawa Barat,B10,5,collecting,49,15310,2795,2778,8104,9986,2778,9649,16435,15712,15041,,
1131173,D-BAR,dark,Arabika Jawa Barat,B10,5,collecting,50,15290,2795,2779,8103,9980,2780,9645,16429,15703,15034,,
1132173,D-BAR,dark,Arabika Jawa Barat,B10,5,collecting,51,15267,2792,2780,8103,9974,2780,9642,16421,15694,15030,,
1133173,D-BAR,dark,Arabika Jawa Barat,B10,5,collecting,52,15251,2797,2776,8103,9970,2781,9641,16416,15685,15028,,
1134173,D-BAR,dark,Arabika Jawa Barat,B10,5,collecting,53,15243,2793,2778,8103,9969,2781,9640,16415,15680,15029,,
1135173,D-BAR,dark,Arabika Jawa Barat,B10,5,collecting,54,15239,2795,2777,8103,9969,2782,9641,16416,15676,15029,,
1136174,D-BAR,dark,Arabika Jawa Barat,B10,5,collecting,55,15242,2795,2779,8102,9971,2781,9645,16420,15674,15034,,
1137173,D-BAR,dark,Arabika Jawa Barat,B10,5,collecting,56,15257,2794,2781,8102,9976,2777,9653,16429,15676,15040,,
1138173,D-BAR,dark,Arabika Jawa Barat,B10,5,collecting,57,15276,2793,2783,8102,9981,2783,9657,16438,15681,15044,,
1139173,D-BAR,dark,Arabika Jawa Barat,B10,5,collecting,58,15291,2798,2780,8102,9984,2780,9659,16445,15687,15047,,
1140173,D-BAR,dark,Arabika Jawa Barat,B10,5,collecting,59,15303,2795,2778,8101,9987,2782,9661,16450,15691,15049,,
1141173,D-BAR,dark,Arabika Jawa Barat,B10,5,collecting,60,15315,2793,2778,8101,9990,2779,9661,16455,15696,15052,,
1142173,D-BAR,dark,Arabika Jawa Barat,B10,5,collecting,61,15327,2793,2781,8100,9992,2780,9663,16460,15700,15054,,
1143174,D-BAR,dark,Arabika Jawa Barat,B10,5,collecting,62,15332,2794,2778,8101,9991,2782,9662,16462,15703,15053,,
1144173,D-BAR,dark,Arabika Jawa Barat,B10,5,collecting,63,15339,2795,2778,8100,9993,2781,9665,16463,15704,15058,,
1145174,D-BAR,dark,Arabika Jawa Barat,B10,5,collecting,64,15354,2794,2776,8100,9997,2782,9666,16470,15709,15061,,
1146173,D-BAR,dark,Arabika Jawa Barat,B10,5,collecting,65,15366,2794,2778,8100,9999,2781,9668,16476,15714,15063,,
1147173,D-BAR,dark,Arabika Jawa Barat,B10,5,collecting,66,15374,2795,2778,8100,10001,2781,9668,16482,15718,15064,,
1148173,D-BAR,dark,Arabika Jawa Barat,B10,5,collecting,67,15375,2795,2778,8100,9999,2782,9664,16482,15721,15060,,
1149173,D-BAR,dark,Arabika Jawa Barat,B10,5,collecting,68,15368,2795,2776,8100,9996,2782,9658,16479,15721,15057,,
1150173,D-BAR,dark,Arabika Jawa Barat,B10,5,collecting,69,15358,2796,2778,8099,9992,2781,9655,16475,15719,15055,,
1151173,D-BAR,dark,Arabika Jawa Barat,B10,5,collecting,70,15347,2796,2778,8099,9989,2781,9652,16471,15715,15052,,
1152174,D-BAR,dark,Arabika Jawa Barat,B10,5,collecting,71,15339,2797,2780,8099,9986,2782,9652,16469,15713,15051,,
1153173,D-BAR,dark,Arabika Jawa Barat,B10,5,collecting,72,15334,2796,2779,8099,9985,2782,9650,16468,15710,15050,,
1154173,D-BAR,dark,Arabika Jawa Barat,B10,5,collecting,73,15337,2796,2779,8099,9988,2781,9653,16471,15710,15057,,
1155173,D-BAR,dark,Arabika Jawa Barat,B10,5,collecting,74,15352,2796,2779,8098,9994,2780,9659,16481,15714,15062,,
1156173,D-BAR,dark,Arabika Jawa Barat,B10,5,collecting,75,15363,2795,2778,8098,9996,2778,9660,16487,15719,15061,,
1157173,D-BAR,dark,Arabika Jawa Barat,B10,5,collecting,76,15364,2793,2779,8098,9996,2780,9660,16487,15723,15062,,
1158173,D-BAR,dark,Arabika Jawa Barat,B10,5,collecting,77,15367,2795,2780,8098,9996,2780,9662,16490,15725,15062,,
1159174,D-BAR,dark,Arabika Jawa Barat,B10,5,collecting,78,15362,2795,2778,8098,9993,2782,9656,16488,15725,15056,,
1160173,D-BAR,dark,Arabika Jawa Barat,B10,5,collecting,79,15346,2793,2782,8098,9987,2782,9648,16481,15722,15050,,
1161174,D-BAR,dark,Arabika Jawa Barat,B10,5,collecting,80,15327,2795,2778,8098,9980,2781,9642,16473,15717,15045,,
1162173,D-BAR,dark,Arabika Jawa Barat,B10,5,collecting,81,15309,2795,2778,8098,9975,2782,9637,16465,15710,15040,,
1163173,D-BAR,dark,Arabika Jawa Barat,B10,5,collecting,82,15293,2794,2778,8098,9972,2782,9633,16459,15703,15037,,
1164173,D-BAR,dark,Arabika Jawa Barat,B10,5,collecting,83,15283,2794,2778,8097,9969,2780,9632,16457,15698,15035,,
1165173,D-BAR,dark,Arabika Jawa Barat,B10,5,collecting,84,15273,2793,2778,8097,9966,2782,9631,16454,15694,15032,,
1166173,D-BAR,dark,Arabika Jawa Barat,B10,5,collecting,85,15259,2793,2778,8097,9962,2780,9628,16448,15688,15027,,
1167173,D-BAR,dark,Arabika Jawa Barat,B10,5,collecting,86,15243,2790,2781,8096,9957,2780,9624,16443,15683,15023,,
1168174,D-BAR,dark,Arabika Jawa Barat,B10,5,collecting,87,15229,2793,2778,8096,9952,2783,9621,16438,15677,15019,,
1169173,D-BAR,dark,Arabika Jawa Barat,B10,5,collecting,88,15219,2795,2780,8096,9950,2782,9620,16435,15671,15019,,
1170173,D-BAR,dark,Arabika Jawa Barat,B10,5,collecting,89,15214,2794,2779,8095,9949,2782,9620,16434,15667,15017,,
1171173,D-BAR,dark,Arabika Jawa Barat,B10,5,collecting,90,15212,2795,2781,8095,9947,2780,9621,16435,15665,15017,,
1172173,D-BAR,dark,Arabika Jawa Barat,B10,5,collecting,91,15218,2797,2778,8095,9950,2782,9626,16438,15664,15023,,
1173173,D-BAR,dark,Arabika Jawa Barat,B10,5,collecting,92,15233,2796,2778,8095,9953,2782,9629,16446,15667,15026,,
1174173,D-BAR,dark,Arabika Jawa Barat,B10,5,collecting,93,15247,2796,2778,8094,9956,2782,9633,16453,15671,15029,,
1175174,D-BAR,dark,Arabika Jawa Barat,B10,5,collecting,94,15261,2793,2778,8094,9959,2781,9635,16459,15675,15031,,
1176173,D-BAR,dark,Arabika Jawa Barat,B10,5,collecting,95,15268,2795,2778,8094,9959,2780,9633,16461,15679,15030,,
1177174,D-BAR,dark,Arabika Jawa Barat,B10,5,collecting,96,15267,2794,2779,8094,9957,2780,9628,16459,15680,15026,,
1178173,D-BAR,dark,Arabika Jawa Barat,B10,5,collecting,97,15263,2795,2778,8094,9954,2780,9625,16456,15679,15025,,
1179173,D-BAR,dark,Arabika Jawa Barat,B10,5,collecting,98,15261,2795,2778,8094,9953,2780,9624,16455,15678,15024,,
1180173,D-BAR,dark,Arabika Jawa Barat,B10,5,collecting,99,15263,2794,2779,8093,9952,2782,9624,16457,15677,15025,,
1181173,D-BAR,dark,Arabika Jawa Barat,B10,5,collecting,100,15271,2797,2778,8093,9955,2782,9628,16461,15677,15030,,
1182173,D-BAR,dark,Arabika Jawa Barat,B10,5,collecting,101,15290,2795,2778,8093,9959,2782,9634,16469,15681,15035,,
1183173,D-BAR,dark,Arabika Jawa Barat,B10,5,collecting,102,15304,2794,2779,8092,9961,2783,9635,16476,15686,15036,,
1184174,D-BAR,dark,Arabika Jawa Barat,B10,5,collecting,103,15309,2793,2779,8093,9960,2780,9632,16478,15690,15034,,
1185173,D-BAR,dark,Arabika Jawa Barat,B10,5,collecting,104,15306,2793,2775,8092,9957,2782,9626,16476,15691,15031,,
1186173,D-BAR,dark,Arabika Jawa Barat,B10,5,collecting,105,15297,2795,2776,8091,9953,2778,9620,16472,15689,15025,,
1187173,D-BAR,dark,Arabika Jawa Barat,B10,5,collecting,106,15281,2795,2778,8091,9947,2782,9613,16464,15685,15019,,
1188173,D-BAR,dark,Arabika Jawa Barat,B10,5,collecting,107,15263,2796,2779,8091,9941,2782,9609,16456,15678,15015,,
1189173,D-BAR,dark,Arabika Jawa Barat,B10,5,collecting,108,15251,2794,2778,8091,9937,2782,9607,16452,15672,15012,,
1190173,D-BAR,dark,Arabika Jawa Barat,B10,5,collecting,109,15239,2796,2779,8090,9933,2781,9607,16449,15667,15009,,
1191174,D-BAR,dark,Arabika Jawa Barat,B10,5,collecting,110,15234,2796,2778,8090,9931,2780,9607,16448,15663,15008,,
1192173,D-BAR,dark,Arabika Jawa Barat,B10,5,collecting,111,15232,2795,2778,8090,9931,2782,9609,16447,15660,15008,,
1193174,D-BAR,dark,Arabika Jawa Barat,B10,5,collecting,112,15232,2796,2778,8090,9930,2780,9607,16448,15659,15008,,
1194173,D-BAR,dark,Arabika Jawa Barat,B10,5,collecting,113,15233,2792,2777,8090,9930,2781,9606,16450,15658,15009,,
1195173,D-BAR,dark,Arabika Jawa Barat,B10,5,collecting,114,15242,2794,2779,8089,9933,2781,9608,16454,15659,15014,,
1196173,D-BAR,dark,Arabika Jawa Barat,B10,5,collecting,115,15258,2793,2778,8089,9937,2782,9612,16462,15663,15017,,
1197173,D-BAR,dark,Arabika Jawa Barat,B10,5,collecting,116,15271,2793,2780,8089,9939,2782,9614,16467,15667,15019,,
1198173,D-BAR,dark,Arabika Jawa Barat,B10,5,collecting,117,15282,2796,2779,8088,9940,2779,9614,16471,15671,15019,,
1199173,D-BAR,dark,Arabika Jawa Barat,B10,5,collecting,118,15288,2795,2778,8088,9940,2782,9614,16473,15673,15019,,
1200174,D-BAR,dark,Arabika Jawa Barat,B10,5,collecting,119,15287,2792,2778,8088,9938,2780,9612,16471,15675,15016,,
1201173,D-BAR,dark,Arabika Jawa Barat,B10,5,collecting,120,15285,2794,2778,8088,9935,2781,9609,16470,15674,15014,,
