sample_id,roast_level,origin,batch_id,run_id,MQ135_slope,MQ135_std,MQ8_max,MQ8_mean,MQ8_min,MQ8_range,MQ8_slope,MQ8_std,MQ9_slope,MQ9_std,TGS2602_delta,TGS2602_max,TGS2602_mean,TGS2602_min,TGS2602_range,TGS2602_slope,TGS2602_std,TGS2611_delta,TGS2611_max,TGS2611_range,TGS2611_slope,TGS2611_std,TGS2620_max,TGS2620_mean,TGS2620_min,TGS2620_range,TGS2620_slope,TGS2620_std,TGS813_max,TGS813_mean,TGS813_range,TGS813_slope,TGS813_std,TGS816_max,TGS816_mean,TGS816_min,TGS816_range,TGS816_slope,TGS816_std,TGS822_max,TGS822_mean,TGS822_min,TGS822_range,TGS822_slope,TGS822_std,is_outlier_run,n_outlier_feats
D-BAR,dark,Arabika Jawa Barat,B05,1,-0.1368992870150313,7.365091214026973,19852.0,18692.616666666665,16138.0,3714.0,-1.285386380238073,592.4040339037833,-0.1397913515849254,7.500736566355645,839.0,12119.0,10871.05,9332.0,2787.0,-4.555234215047789,528.6079566065096,468.0,9859.0,468.0,2.1222969844748296,112.89455688628205,14251.0,13327.005555555555,12365.0,1886.0,-7.107415866744858,533.0729875212486,19732.0,18811.31111111111,1913.0,-7.348121855612827,532.8786197057831,17534.0,16288.422222222222,13467.0,4067.0,-2.136613269956892,650.1741490434848,19741.0,18358.88888888889,12339.0,7402.0,-2.025231231416607,1064.947953662493,True,19
D-BAR,dark,Arabika Jawa Barat,B05,2,-0.1110322335051493,6.167333498598066,19411.0,18631.45555555556,16180.0,3231.0,6.29161393870181,774.9177308810064,-0.1153965657376256,6.514616140931647,949.0,11284.0,10595.25,9275.0,2009.0,-0.4560541992036791,429.584701034765,270.0,10233.0,270.0,1.4537537166784982,75.83301000606374,13093.0,12486.677777777775,11132.0,1961.0,0.4139963167587493,443.275071989784,18702.0,17930.105555555554,2646.0,1.8899482494315736,612.2147950484584,16854.0,16014.255555555555,13519.0,3335.0,4.639836620471824,763.6721057918078,19406.0,18246.555555555555,12632.0,6774.0,10.567435208905628,1411.792601217206,True,6
D-BAR,dark,Arabika Jawa Barat,B05,3,-0.0020062347603321,1.8173588792776687,17476.0,17379.477777777778,16503.0,973.0,1.310063067790158,190.3844230857487,-0.0101453748572486,1.515275007664168,522.0,10098.0,9816.177777777775,9263.0,835.0,-0.0750290646830665,140.89740931025457,152.0,10454.0,152.0,0.7942024959618095,41.49137017359973,11568.0,11273.916666666666,10696.0,872.0,-0.358273403500108,157.7057536953023,16486.0,16135.133333333331,1267.0,-0.322032573021801,230.8440524170221,14801.0,14630.16111111111,13681.0,1120.0,1.1964083253598357,199.910599121749,16838.0,16569.67777777778,13536.0,3302.0,4.997199502042244,638.0414309900561,False,0
D-BAR,dark,Arabika Jawa Barat,B05,4,-0.0253505766638888,2.264370619328024,16758.0,16443.227777777778,15782.0,976.0,-1.1866034959926746,206.9243197026865,-0.0452030412461289,3.288695533430801,296.0,9660.0,9402.672222222222,9090.0,570.0,-0.8064744796650101,108.89381997410916,109.0,10599.0,109.0,0.5885346255542866,30.679842930814797,10844.0,10560.427777777775,10196.0,648.0,-1.186457400948589,135.71873769084823,15279.0,14773.055555555557,1352.0,-1.8238176075393275,290.191628504131,14085.0,13791.644444444444,13176.0,909.0,-0.892815621881334,176.43944700826822,16074.0,15261.738888888887,12768.0,3306.0,-0.4524944185520124,638.9824956633175,False,0
D-BAR,dark,Arabika Jawa Barat,B05,5,-0.0930563700525736,5.2586602037423305,16630.0,16351.233333333334,15202.0,1428.0,1.463578093974094,282.83038919161305,-0.078939679208206,4.45520848912419,481.0,10013.0,9705.6,9208.0,805.0,-0.1036060783769046,141.15990378203787,87.0,10724.0,87.0,0.4532855952344208,23.685255112527283,11175.0,10869.972222222224,10199.0,976.0,0.4615914071421955,176.8306146095482,15438.0,14983.183333333332,2060.0,2.583189810385094,417.6615597485841,14388.0,14136.883333333331,13049.0,1339.0,1.8412965420743437,259.2019396739273,15963.0,15213.355555555556,12085.0,3878.0,2.688233175921072,736.01180782232,False,0
D-BAR,dark,Arabika Jawa Barat,B05,6,-0.0527670607117503,3.3057518107293364,16951.0,16678.71111111111,15143.0,1808.0,1.9406915851312283,336.0633667450713,-0.0565274648394497,3.300861388997281,494.0,10169.0,9944.683333333332,9416.0,753.0,-0.5584647674310935,109.99865286122788,54.0,10807.0,54.0,0.2783429529717995,14.55349408025901,11328.0,11197.111111111111,10463.0,865.0,0.1972447709291439,144.84138459534267,15931.0,15641.883333333331,2206.0,2.739079395454592,434.7908413229561,14852.0,14662.872222222222,13420.0,1432.0,1.4987365865201598,247.3267585221374,16369.0,15804.633333333331,11980.0,4389.0,2.167455785672397,776.7987228786629,False,0
D-BAR,dark,Arabika Jawa Barat,B05,7,-0.0139314999434138,1.9929344468640229,16830.0,16668.655555555557,15243.0,1587.0,3.8183050917209385,350.626164897691,-0.0316450096196384,2.03076890521022,369.0,10294.0,9919.944444444443,9464.0,830.0,-0.9430373365433088,144.46997028909533,-8.0,10829.0,17.0,-0.0729106865438233,4.7319555001467775,11538.0,11238.733333333334,10608.0,930.0,-0.0510139201827217,161.70822058062464,16076.0,15826.977777777778,1881.0,3.879720567507228,418.4186104628071,14949.0,14761.944444444443,13699.0,1250.0,1.7956603598876506,242.5988417401372,16287.0,15835.344444444445,12232.0,4055.0,7.428846569338558,843.5389293849797,False,0
D-BAR,dark,Arabika Jawa Barat,B05,8,-0.0245357366996923,2.274217896136196,16400.0,16285.227777777778,15277.0,1123.0,1.174066071998107,214.59164365314973,-0.0295811599123429,2.2387036241588234,242.0,9955.0,9681.18888888889,9359.0,596.0,-1.0421350453203289,104.54764431453934,-79.0,10799.0,79.0,-0.4570511435538133,23.94741031058449,11186.0,10968.711111111112,10539.0,647.0,-0.7243659783738181,113.41817067868496,15656.0,15465.2,1314.0,1.1263454633373455,258.03887368998403,14589.0,14463.988888888887,13739.0,850.0,0.1887301048386267,148.35161270836238,15673.0,15315.122222222222,12470.0,3203.0,2.723756906077348,591.0176306396263,False,0
D-BAR,dark,Arabika Jawa Barat,B05,9,0.0027902095743695,1.629416121295502,16217.0,16074.755555555555,15019.0,1198.0,0.8122843297632645,212.0410159074511,-0.0033149171270718,1.35613647736922,327.0,9820.0,9609.005555555555,9263.0,557.0,-0.6098490694157227,89.71945705670521,-153.0,10681.0,153.0,-0.8765291109807916,45.73604402605587,11059.0,10859.577777777778,10400.0,659.0,-0.5159171579369733,107.9100574969758,15555.0,15319.022222222222,1384.0,0.7280451042727656,250.0723907606205,14515.0,14368.977777777778,13617.0,898.0,0.2558474026976141,142.67245589465333,15552.0,15075.555555555557,12372.0,3180.0,0.5182937744992129,528.7222736999015,False,0
D-BAR,dark,Arabika Jawa Barat,B05,10,0.0241632972211076,2.4119246482841503,16031.0,15740.483333333334,14823.0,1208.0,4.041160735413644,377.9881390205564,-0.0050207310925234,1.3431205038162326,118.0,9884.0,9668.08888888889,9462.0,422.0,-0.2122514069364281,110.74255660013432,-214.0,10471.0,214.0,-1.2075537310822344,63.02573641991421,11077.0,10838.616666666669,10553.0,524.0,0.1038869512433511,149.19651751293938,15507.0,15085.516666666666,1374.0,3.69241951912096,415.5968646544564,14567.0,14329.266666666666,13771.0,796.0,1.9721946150601355,243.35737336925783,15397.0,14372.572222222225,11892.0,3505.0,10.36715433603918,1051.2955616206616,False,0
D-MAN,dark,Arabika Manglayang Jawa Barat,B01,1,-0.0067862176816156,2.6198402631353552,18604.0,17843.844444444443,14458.0,4146.0,2.8561601695525574,814.6327741214897,-0.0069765527742625,1.5452114614458077,790.0,11064.0,10043.361111111111,9129.0,1935.0,-3.4798183071493973,367.7866421196718,-95.0,8162.0,122.0,-0.7109272919946086,37.71834591906526,12112.0,11151.65,9682.0,2430.0,-2.453945080609484,446.2762688072923,18381.0,17409.577777777777,3459.0,-0.5571283064292111,661.6156790509002,16526.0,15789.75,13663.0,2863.0,-0.7449376009547619,539.5666984414801,18232.0,16809.12222222222,10571.0,7661.0,3.111733901252096,1448.3525322254843,True,2
D-MAN,dark,Arabika Manglayang Jawa Barat,B01,2,0.0007273887054127,1.8242027586130185,17346.0,16729.744444444445,15749.0,1597.0,0.3090342294515261,196.19780015231012,0.0021513009660792,1.6557463468898197,495.0,10308.0,9728.044444444444,9260.0,1048.0,-0.0155560356801136,126.3014847607195,47.0,8090.0,48.0,0.2212125888659115,11.77156354337612,11108.0,10595.961111111112,9949.0,1159.0,0.2975657684907969,140.6759564964415,16996.0,16446.605555555554,1424.0,0.081851291706534,184.05833108747453,15407.0,14982.788888888888,14186.0,1221.0,0.5544594997787997,142.62424707428656,16141.0,14649.933333333332,11120.0,5021.0,1.489941047563197,624.8727924177132,False,0
D-MAN,dark,Arabika Manglayang Jawa Barat,B01,3,-0.0013282302951737,2.1851808891511952,17713.0,16953.716666666667,15312.0,2401.0,2.2649701122462624,416.928369917973,-0.0134654361760136,1.4407822552830194,428.0,10722.0,9933.2,9405.0,1317.0,-0.7465909441649433,191.5971507001724,78.0,8170.0,78.0,0.3947241169994958,20.88805550591355,11575.0,10865.05,10029.0,1546.0,0.1074385011883084,234.2756881212661,17357.0,16636.01111111111,2033.0,1.1756000699610067,349.7963012809312,15858.0,15280.55,14138.0,1720.0,1.1288218772184324,281.30951313236983,16841.0,15078.738888888887,10566.0,6275.0,4.029526631480397,1084.940434808546,False,0
D-MAN,dark,Arabika Manglayang Jawa Barat,B01,4,0.0003004207948805,2.1903801868918764,17198.0,16807.76111111111,15336.0,1862.0,4.803943537351976,424.5254249959975,-0.0126361924750763,2.10166792560624,375.0,10653.0,9886.516666666666,9480.0,1173.0,-1.1809284237167812,188.00530347327495,14.0,8207.0,31.0,0.0313106371595831,7.582075222544469,11345.0,10774.85,10100.0,1245.0,0.0641635029887753,214.49179836125623,16895.0,16475.18888888889,1576.0,2.5332222187927607,332.1494882690891,15532.0,15173.394444444444,14214.0,1318.0,1.635841641202918,257.9769704593786,15989.0,14843.166666666666,10428.0,5561.0,11.94314022037718,1219.2129776688737,False,0
D-MAN,dark,Arabika Manglayang Jawa Barat,B01,5,-0.0086422420445075,2.4921976321842294,18022.0,17127.916666666668,15355.0,2667.0,-1.8941500252065395,423.96339405331526,-0.003792298116197,1.8165047849559453,340.0,10754.0,9791.994444444445,9263.0,1491.0,-3.2394857865983515,275.58014979924945,-47.0,8192.0,61.0,-0.3251057131392943,17.427828478110683,11643.0,10735.85,9873.0,1770.0,-3.142453985205304,308.6650744938444,17438.0,16591.422222222223,2291.0,-2.2384456310379948,389.5930544898946,15993.0,15193.55,14012.0,1981.0,-2.9937271726493613,333.1444781113584,17315.0,15489.127777777778,10629.0,6686.0,-2.8838019691965804,1031.227429578261,False,0
D-MAN,dark,Arabika Manglayang Jawa Barat,B01,6,-0.0039692583104416,1.929257889055512,17188.0,16725.733333333334,15368.0,1820.0,-0.5684537588608704,270.1092392298317,-0.0084683683652787,2.2908543506984933,254.0,10117.0,9541.116666666669,9156.0,961.0,-2.163115116721709,176.55617033940274,-62.0,8127.0,69.0,-0.3976172104077285,20.992656337675133,10932.0,10382.083333333334,9752.0,1180.0,-2.0350761854789754,195.6468393667272,16701.0,16184.922222222222,1595.0,-1.253022212619731,254.1572437121299,15223.0,14754.038888888888,13868.0,1355.0,-1.7176857310410814,208.0522432211993,16104.0,14905.394444444444,10751.0,5353.0,-1.044496229307487,764.284859419365,False,0
D-MAN,dark,Arabika Manglayang Jawa Barat,B01,7,0.0032511291500766,1.632422883101601,17152.0,17022.827777777777,15255.0,1897.0,3.002608105188432,377.9523754479736,-0.0077594987499614,1.6971513724124434,661.0,10004.0,9744.316666666668,9122.0,882.0,0.395930944370711,126.23957338437164,32.0,8070.0,33.0,0.1518287601469181,8.528949860513503,10772.0,10632.966666666667,9647.0,1125.0,1.6460775538339654,200.8363490659628,16591.0,16471.87222222222,1639.0,2.9818132246880045,339.01622430409265,15126.0,15026.694444444443,13718.0,1408.0,2.4707439530026645,266.36779078740614,16103.0,15425.327777777778,10725.0,5378.0,3.8055732172803696,931.1645908825516,False,0
D-MAN,dark,Arabika Manglayang Jawa Barat,B01,8,-0.0060814634196528,2.292804440766863,17246.0,16187.377777777778,15414.0,1832.0,-1.0969741864460838,329.98104153355604,-0.0122225994629463,1.4731193757534926,295.0,10330.0,9675.094444444445,9380.0,950.0,-0.2750156897846641,152.27432967294015,92.0,8157.0,92.0,0.5123059353683755,26.8157703028196,11080.0,10425.488888888887,9971.0,1109.0,-0.1306336615327634,191.56866379572415,16755.0,15954.033333333333,1472.0,-0.4534275749251521,277.1582630795916,15310.0,14636.416666666666,14053.0,1257.0,-0.2164398078129983,223.94150460786295,16213.0,13432.583333333334,10689.0,5524.0,-0.1205994012160879,1033.284457229989,False,0
D-MAN,dark,Arabika Manglayang Jawa Barat,B01,9,-0.0029826023436937,2.296861810716849,17643.0,16835.12777777778,15077.0,2566.0,0.0959011080588905,429.2083140827024,-0.0088099426937045,1.851694075629306,413.0,10607.0,9969.122222222222,9467.0,1140.0,-1.535384836980565,193.44098620993464,51.0,8213.0,51.0,0.2412265810673169,12.685924545110844,11499.0,10880.727777777778,10041.0,1458.0,-1.015555006841775,239.3143565172336,17243.0,16549.87222222222,2095.0,-0.0464160416473757,361.7221537900605,15788.0,15207.888888888889,14030.0,1758.0,-0.4716030330154223,284.806979405898,16937.0,14953.044444444444,10354.0,6583.0,-0.6518781443871727,1070.171989634905,False,0
D-MAN,dark,Arabika Manglayang Jawa Barat,B01,10,0.0014290564523596,2.171502982207957,17143.0,16726.533333333333,15293.0,1850.0,0.3822895768387915,294.63010423923475,0.0006697737584493,1.3734536477101955,239.0,10337.0,9770.927777777775,9395.0,942.0,-1.993282714487072,170.72684022346272,-12.0,8234.0,27.0,-0.1125363951562291,7.355232242477604,11164.0,10673.494444444445,10039.0,1125.0,-1.5951407965266415,187.6608880601146,16816.0,16374.25,1539.0,-0.5457380371822176,257.18362622407625,15376.0,14984.744444444445,14090.0,1286.0,-1.152362727244668,205.42396878700305,16114.0,14885.533333333333,10627.0,5487.0,0.8519172402440406,843.1843632273203,False,0
D-MAN,dark,Arabika Manglayang Jawa Barat,B02,1,-0.192708622694116,10.330135565758672,18445.0,17447.63888888889,17088.0,1357.0,-6.51895737522763,416.5174822313526,-0.1589555233186209,8.52003881754737,567.0,10536.0,9509.433333333332,8824.0,1712.0,-3.454855602539173,323.8925109650081,1141.0,8261.0,1141.0,5.5577342922106645,296.94554605961525,11962.0,10428.466666666667,9971.0,1991.0,-8.985172381863636,549.8528843367177,18751.0,16898.416666666668,2485.0,-10.411270923999716,679.6769432654781,16644.0,15441.15,14961.0,1683.0,-8.678326491558378,515.0708198309635,17340.0,14415.93888888889,13588.0,3752.0,-17.23023035690402,1132.675130631829,True,18
D-MAN,dark,Arabika Manglayang Jawa Barat,B02,2,-0.0383365741741,2.856184551534978,18583.0,17506.244444444445,17128.0,1455.0,-5.814809099046267,443.83383853188417,-0.0041873720382316,1.4342186863318522,358.0,11158.0,9756.5,9195.0,1963.0,-3.950387357634495,432.74562566976095,479.0,8609.0,485.0,2.1828451495416523,125.43002678829232,12190.0,10477.044444444444,10103.0,2087.0,-7.006107184378118,553.4827751350515,19196.0,16564.216666666667,3648.0,-11.700411535335451,998.4650189836788,16768.0,15511.294444444444,15060.0,1708.0,-6.888835046349167,510.4894758923991,17383.0,14481.144444444444,13695.0,3688.0,-15.017903844768869,1138.4577783551988,True,4
D-MAN,dark,Arabika Manglayang Jawa Barat,B02,3,-0.0320328816733026,2.7953750488195683,18539.0,17462.05,17092.0,1447.0,-6.518457359795057,442.386661620678,-0.0157669475395331,1.689517467723556,356.0,10936.0,9696.627777777778,9148.0,1788.0,-4.278766834367316,379.38590530734285,318.0,8672.0,327.0,1.1832330215953166,71.92425213161924,11996.0,10385.505555555555,10025.0,1971.0,-7.470443532207784,533.6678344353,18962.0,16294.33888888889,3958.0,-13.600186219739292,1024.5349628486658,16605.0,15390.616666666669,14959.0,1646.0,-7.500522649876026,493.1773200324741,17347.0,14463.416666666666,13683.0,3664.0,-16.119066432091525,1111.4662411910056,True,2
D-MAN,dark,Arabika Manglayang Jawa Barat,B02,4,-0.0761865078140271,4.441337756539109,18520.0,17428.794444444444,17050.0,1470.0,-6.758592343385083,447.62052086027103,-0.0587939956994557,3.4454334696692115,336.0,10751.0,9614.133333333331,9093.0,1658.0,-4.08774962190191,346.88745941184834,237.0,8618.0,250.0,0.8846456166342581,55.25534063915991,11793.0,10268.805555555557,9911.0,1882.0,-7.349462431968064,508.6670728781409,18724.0,16142.627777777778,3764.0,-13.520443017788612,981.7540967506344,16439.0,15258.972222222224,14827.0,1612.0,-7.547108449849275,480.8954686187539,17355.0,14475.072222222225,13700.0,3655.0,-16.35285965616223,1106.0277357718974,True,1
D-MAN,dark,Arabika Manglayang Jawa Barat,B02,5,-0.0649299875510561,3.8769080322792138,18529.0,17438.644444444446,17067.0,1462.0,-6.774990997664537,445.5609686503137,-0.035606037223371,2.3902086634846125,409.0,10606.0,9610.455555555556,9107.0,1499.0,-3.0499398129571897,295.1545248583907,228.0,8521.0,240.0,0.949006656584051,56.55259084008669,11624.0,10254.083333333334,9999.0,1625.0,-6.15127936047409,448.81355543465867,18481.0,16094.966666666667,3426.0,-12.445480827597558,898.4898808121256,16309.0,15220.25,14884.0,1425.0,-6.5940975544512686,430.8112637479051,17391.0,14491.705555555556,13635.0,3756.0,-17.120109674166898,1129.500916617315,False,0
D-MAN,dark,Arabika Manglayang Jawa Barat,B02,6,-0.0495190180766896,3.127990809653415,18454.0,17335.25,16923.0,1531.0,-7.314488101484613,466.39853812883575,-0.0331841517742317,2.2012072755409644,218.0,10648.0,9618.827777777778,9224.0,1424.0,-3.918074631933084,312.2624206269724,229.0,8445.0,245.0,1.0909966356986325,64.60414820457726,11647.0,10224.422222222222,9866.0,1781.0,-7.387822669423956,487.4665776316191,18301.0,15891.238888888887,3092.0,-13.876925213741163,929.9028564863922,16298.0,15159.011111111113,14719.0,1579.0,-7.740232723232197,473.1991441702439,17225.0,14195.222222222224,13340.0,3885.0,-17.982756669444534,1181.4484082696354,True,1
D-MAN,dark,Arabika Manglayang Jawa Barat,B02,7,-0.0372964186137432,2.704084548683859,18392.0,17285.772222222222,16883.0,1509.0,-7.181553957426669,457.4652025177295,-0.00909904626686,1.542648411551888,215.0,10468.0,9531.855555555556,9149.0,1319.0,-3.5927754971861257,283.8855328808061,207.0,8331.0,223.0,1.0174501270615348,61.23293413043524,11429.0,10096.455555555556,9757.0,1672.0,-6.975361379466444,457.62318086749866,18062.0,15799.31111111111,2896.0,-12.921534615265902,864.0691913693132,16131.0,15027.388888888889,14603.0,1528.0,-7.496040001234604,456.365657432365,17200.0,14205.572222222225,13380.0,3820.0,-17.588679691760035,1156.0473015711314,False,0
D-MAN,dark,Arabika Manglayang Jawa Barat,B02,8,-0.0279895470024794,2.095034180746898,18319.0,17226.216666666667,16811.0,1508.0,-7.1307622663250925,455.79489500525256,-0.0048180499398129,1.5436841949876756,112.0,10375.0,9457.538888888888,9186.0,1189.0,-3.550701153327777,278.19930486579005,200.0,8209.0,219.0,1.0583886333940344,63.69177603077233,11296.0,9994.011111111113,9649.0,1647.0,-7.008395320843236,452.4650668807061,17879.0,15693.572222222225,2851.0,-12.71231107956007,842.3768383399264,15992.0,14909.95,14481.0,1511.0,-7.4344177289422495,451.1553792841035,17080.0,14163.06111111111,13277.0,3803.0,-17.419762955646775,1138.099126589109,False,0
D-MAN,dark,Arabika Manglayang Jawa Barat,B02,9,-0.0324361863020463,2.513643713330656,18384.0,17254.966666666667,16825.0,1559.0,-7.408292437009373,470.2587650913605,-0.0094406205952858,1.49545141091526,163.0,10495.0,9578.405555555555,9268.0,1227.0,-3.31012171157546,270.8390789248738,251.0,8167.0,261.0,1.3608619607601056,77.35852086930231,11411.0,10122.544444444444,9789.0,1622.0,-6.738526909266747,442.65358187230606,17893.0,15819.7,2695.0,-12.076839820159062,795.7838333977429,16100.0,15017.127777777778,14598.0,1502.0,-7.280118727944278,444.50090058483846,17167.0,14120.122222222222,13196.0,3971.0,-18.48650061215881,1197.573364196075,False,0
D-MAN,dark,Arabika Manglayang Jawa Barat,B02,10,-0.0339835591633486,2.2442076624675558,18262.0,17175.12777777778,16756.0,1506.0,-6.941165879605337,453.7075576044952,-0.0118120929658322,1.470282912767274,178.0,10396.0,9513.722222222224,9170.0,1226.0,-3.329106865438234,269.43958092969643,209.0,8115.0,231.0,1.2569554615883205,72.39520369687212,11281.0,10025.644444444444,9668.0,1613.0,-6.843882012819327,442.2358078508565,17723.0,15726.383333333331,2615.0,-11.505000154325746,772.1263702038973,15963.0,14907.288888888888,14469.0,1494.0,-7.219510890253814,442.5605218705252,16965.0,14044.1,13184.0,3781.0,-16.957404035103963,1134.0844415961233,False,0
D-RAT,dark,Arabika Ratawali Aceh,B02,1,-0.0465158389662232,2.921696912611233,15786.0,15495.011111111113,14834.0,952.0,-0.3966521600460919,170.45892668296776,-0.0503585501610132,3.119286832178608,307.0,10066.0,9750.261111111113,9459.0,607.0,-0.2245738037182217,92.69240077142088,20.0,10058.0,21.0,0.0787874111340884,4.570772529298216,10315.0,10017.972222222224,9575.0,740.0,-0.0956994557445188,116.79224885103542,14540.0,14159.522222222222,1440.0,0.6244431412492155,262.30287529132346,14538.0,14357.083333333334,13736.0,802.0,0.4868041194687078,138.47355696180276,13056.0,11873.68888888889,8917.0,4139.0,0.3258228134613194,700.9332987248704,False,0
D-RAT,dark,Arabika Ratawali Aceh,B02,2,-0.0399045238021749,2.7317477346763503,15461.0,15301.605555555556,14513.0,948.0,2.2234194471022763,173.9618046186291,-0.0524872166836424,3.1225536669295804,313.0,10104.0,9865.522222222222,9573.0,531.0,-0.2227949422307272,83.21624623528896,-30.0,10058.0,39.0,-0.2254349414076566,12.408468104291536,10336.0,10136.694444444443,9646.0,690.0,0.5362974165869316,103.2128622848452,14641.0,14364.816666666668,1565.0,3.929247816290626,292.0062461067625,14606.0,14469.305555555557,13801.0,805.0,1.6465045217444982,137.807374964701,12551.0,11862.538888888888,8913.0,3638.0,5.273939524882455,571.1102718506153,False,0
D-RAT,dark,Arabika Ratawali Aceh,B02,3,-0.0356615944936572,2.4610939112970605,15670.0,15426.922222222222,14547.0,1123.0,0.8800806609257485,193.31684287213804,-0.0330617200119345,2.1597511754053533,274.0,10277.0,9981.261111111113,9698.0,579.0,-0.383883247425332,88.21566791561258,-54.0,10020.0,59.0,-0.3487288702326203,18.253368863317675,10567.0,10298.5,9824.0,743.0,-0.0040433346708231,114.3438653932629,15101.0,14793.41111111111,1545.0,1.796217990267189,282.09265463255366,14872.0,14699.011111111113,14028.0,844.0,0.6614895521466712,140.70512725820396,13502.0,12117.477777777778,9192.0,4310.0,0.0112246262744734,680.0622831775195,False,0
D-RAT,dark,Arabika Ratawali Aceh,B02,4,-0.0090301140981717,1.9069851018744088,15786.0,15315.122222222222,14567.0,1219.0,0.1938166815848227,225.29741127176848,-0.0085105507371626,1.4133793604816898,479.0,10405.0,10039.761111111113,9775.0,630.0,-0.1056236303589617,108.77784053260714,-71.0,9941.0,72.0,-0.4289144726689095,22.39105356945808,10718.0,10342.505555555555,9921.0,797.0,0.0355268166712964,141.4378082418145,15463.0,14885.772222222222,1622.0,0.7413099169727461,307.377987430859,15026.0,14731.855555555556,14163.0,863.0,0.40065434118337,159.48573506628662,13872.0,11834.511111111113,9290.0,4582.0,-0.0476681379054909,823.7112601508596,False,0
D-RAT,dark,Arabika Ratawali Aceh,B02,5,-0.0322129283825632,2.5092009456149302,15912.0,15642.483333333334,14628.0,1284.0,1.1437935327222029,242.2297370900737,-0.0217681615687726,1.9704206195005545,117.0,10427.0,10088.961111111112,9846.0,581.0,-1.4867156393715857,116.87668925144418,-127.0,9842.0,127.0,-0.7182989186909061,37.47348783477184,10789.0,10460.93888888889,10019.0,770.0,-1.123564513308024,141.0020469715074,15722.0,15300.772222222222,1609.0,0.5876837762482381,302.134710984399,15185.0,14950.205555555556,14303.0,882.0,-0.2805096865129581,163.11063857360975,14100.0,12679.305555555557,9506.0,4594.0,0.2018879183513889,764.2404861294345,False,0
D-RAT,dark,Arabika Ratawali Aceh,B02,6,-0.0163019434756216,2.35356353820488,16024.0,15769.533333333333,14916.0,1108.0,2.2797596633640955,199.87027636520065,-0.0244997273578402,2.340975778978792,207.0,10215.0,9946.222222222224,9730.0,485.0,-0.8217743345988043,88.138385068076,-163.0,9673.0,163.0,-0.9497391894811568,49.57857659921242,10585.0,10371.205555555556,9971.0,614.0,0.0697994794078006,99.66450409641644,15640.0,15373.855555555556,1236.0,2.1869049456258938,232.24067948829904,15061.0,14913.072222222225,14341.0,720.0,0.91817545809027,126.9495140296038,13604.0,12782.483333333334,10171.0,3433.0,2.450088994516292,564.1400384309678,False,0
D-RAT,dark,Arabika Ratawali Aceh,B02,7,-0.0050032408407666,1.8475326207149452,17446.0,17218.37777777778,16479.0,967.0,3.4007387059271377,233.73862486720225,-0.0075516734055577,1.6044630491157017,-4.0,10474.0,10309.844444444445,10191.0,283.0,-0.8577816187742419,74.61909398297779,-176.0,9462.0,176.0,-0.9677212259637644,50.445102635322975,11301.0,11180.716666666667,10946.0,355.0,0.0964937189419426,93.32422458212416,17066.0,16871.855555555554,739.0,1.5704435322077837,172.1790065721106,16235.0,16069.344444444445,15594.0,641.0,1.74457030566787,146.7886909859394,14891.0,14607.41111111111,12991.0,1900.0,3.443264709816146,410.68017961878735,False,0
D-RAT,dark,Arabika Ratawali Aceh,B02,8,-0.025411278125868,1.951578647627888,18305.0,18104.64444444445,17928.0,377.0,1.5295965924874224,116.82449340556188,-0.0082667160509069,1.6152112898512128,10.0,10985.0,10794.111111111111,10649.0,336.0,0.0557980184573597,102.3441935532534,-73.0,9245.0,82.0,-0.5181363622334022,27.233940079262204,12153.0,11951.494444444445,11788.0,365.0,1.0437081391400969,121.71261587369702,17948.0,17744.583333333332,373.0,1.129634659505952,121.81646029991184,17140.0,16932.338888888888,16806.0,334.0,1.365327119149768,111.32754852331496,16373.0,15623.138888888889,15135.0,1238.0,-0.3673991995637721,284.8249048313127,False,0
D-RAT,dark,Arabika Ratawali Aceh,B02,9,-0.0131526693210695,1.594761754232355,19120.0,18998.005555555555,18866.0,254.0,1.004375649454201,71.63076468536619,-0.0155087091165365,1.6494454798693567,-304.0,11591.0,11436.366666666669,11287.0,304.0,-0.3938989886519132,64.54515547252224,-81.0,9168.0,81.0,-0.4172340710104221,23.07234930163615,13099.0,12970.277777777776,12824.0,275.0,0.3717172340710104,74.13252933529697,18777.0,18665.63333333333,257.0,0.2910789427657232,59.84784244908128,18003.0,17902.272222222222,17809.0,194.0,0.5057079951027295,54.06367346315111,17026.0,16823.03888888889,16206.0,820.0,1.9208627838307768,174.58721832719544,True,2
D-RAT,dark,Arabika Ratawali Aceh,B02,10,-0.0165725279586818,1.8296136295730727,19297.0,19196.20555555556,18990.0,307.0,1.1612899575089766,77.62362259393615,-0.0162556457503832,1.7252641284305317,93.0,11746.0,11653.133333333331,11466.0,280.0,0.6806506373653509,57.858081042318034,25.0,9121.0,25.0,0.1090825848534419,5.850111545090932,13445.0,13309.377777777778,12984.0,461.0,1.5609905655524343,106.30971699706022,18945.0,18834.494444444445,335.0,0.9926139695669618,78.03326158182455,18231.0,18128.466666666667,17916.0,315.0,1.259491548093048,81.69628999460552,17198.0,17028.28888888889,16499.0,699.0,1.797292097492721,138.31372681947187,True,6
D-RAT,dark,Arabika Ratawali Aceh,B04,1,-0.0126545645882662,3.241090162108975,18645.0,17258.18232044199,13918.0,4727.0,-1.1004776071074425,889.6874513103072,-0.0312933843320583,2.5306470200496043,530.0,11186.0,9787.977900552489,8964.0,2222.0,-4.637977860077307,447.2874908924921,300.0,8054.0,300.0,1.5065792402808975,79.87409406305719,11918.0,10544.872928176796,9276.0,2642.0,-4.637042883451723,526.3699906875183,18287.0,16616.91712707182,4033.0,-5.124301297229479,804.9014424032371,17086.0,15912.182320441989,13912.0,3174.0,-3.846631453261288,612.7348755258646,18724.0,16512.022099447513,9604.0,9120.0,-0.346198368850304,1682.8651888827414,True,12
D-RAT,dark,Arabika Ratawali Aceh,B04,2,-0.085635359116022,5.0267163332509694,17053.0,16769.172222222223,14906.0,2147.0,4.491316604421946,521.559209754703,-0.0865890922559338,4.798419458381304,462.0,9713.0,9483.111111111111,8946.0,767.0,-0.122376205026904,152.85940847240994,64.0,8173.0,65.0,0.3369805652437832,17.886908507767323,10273.0,10111.094444444445,9293.0,980.0,0.8940183338991942,222.5386212723315,16118.0,15804.055555555557,1990.0,3.126551231005072,480.67064093073367,15543.0,15327.983333333334,14077.0,1466.0,2.322113851250552,341.55466897619965,16523.0,15808.377777777778,10574.0,5949.0,9.937996028684015,1402.011349086412,False,0
D-RAT,dark,Arabika Ratawali Aceh,B04,3,-0.0495622292869121,3.2295721947561646,16762.0,16430.744444444445,14910.0,1852.0,1.316935707892219,324.3655969300022,-0.0526713787462575,3.0814466521253414,440.0,9882.0,9404.361111111111,8962.0,920.0,-0.9495056431782872,151.06263320092273,-5.0,8198.0,16.0,-0.0944422152947107,5.696969584409409,10394.0,9970.711111111112,9276.0,1118.0,-0.3871065979402656,174.66816068276563,15913.0,15459.555555555557,1960.0,1.0773254318548928,348.0831664287808,15404.0,15073.45,14016.0,1388.0,0.2450600327170591,222.76789220819657,16313.0,15346.022222222222,10683.0,5630.0,3.155099437225428,958.4383536335056,False,0
D-RAT,dark,Arabika Ratawali Aceh,B04,4,-0.0325246663991687,2.778268733770244,16780.0,16607.67777777778,14977.0,1803.0,4.350755681759725,392.56218459902254,-0.056666358015165,3.3163253242277384,566.0,9841.0,9735.344444444445,9209.0,632.0,0.5957591283681595,90.31764690947752,16.0,8216.0,17.0,0.0396524584092101,3.173343935321788,10446.0,10363.388888888889,9548.0,898.0,1.7816146588886488,163.19732679679186,16035.0,15866.105555555556,1839.0,4.472898340483759,404.01102779935167,15535.0,15420.238888888887,14254.0,1281.0,2.9984742327438085,260.72049641360223,16015.0,15565.522222222222,10733.0,5282.0,7.084887393643835,1004.1775558880132,False,0
D-RAT,dark,Arabika Ratawali Aceh,B04,5,-0.0268207866497937,2.6730080559248424,16222.0,16001.577777777778,15091.0,1131.0,0.5159768305606139,208.9718634813733,-0.0301933187238289,2.1162593634425253,59.0,9942.0,9589.494444444445,9399.0,543.0,-2.0742584647674303,136.9983279766754,-16.0,8254.0,32.0,-0.169591654063397,9.574407226717316,10473.0,10137.094444444445,9777.0,696.0,-1.7043519861724126,137.73120519753138,15812.0,15420.066666666668,1316.0,-0.4786629216951145,244.2974558348373,15318.0,15054.43888888889,14486.0,832.0,-0.9647880078603248,148.40169569002484,15209.0,14473.933333333332,10781.0,4428.0,3.231118244390258,790.9048604756595,False,0
D-RAT,dark,Arabika Ratawali Aceh,B04,6,0.0102678066195458,2.285245362912938,16043.0,15879.866666666669,14627.0,1416.0,4.014782349249463,362.3800807233034,-0.014931530808564,1.4037614628449488,282.0,9753.0,9507.272222222222,9181.0,572.0,-0.4858411267837484,110.92021545305192,-45.0,8229.0,59.0,-0.3399467061740588,18.80153790083074,10216.0,10028.666666666666,9506.0,710.0,0.3342798646048746,149.0444798818132,15458.0,15252.577777777778,1415.0,3.135018570532012,355.21992488336053,15046.0,14931.766666666666,14114.0,932.0,1.7555438953877174,223.24696598437583,15026.0,14502.633333333331,10789.0,4237.0,8.976375814068339,1040.197214326561,False,0
D-RAT,dark,Arabika Ratawali Aceh,B04,7,0.0035320020165231,2.2050320533498904,16228.0,16013.511111111113,14548.0,1680.0,5.62126608845952,444.2774246385374,-0.0298208792452441,2.239888653346787,308.0,9657.0,9464.08888888889,9131.0,526.0,-0.1198020515036471,102.53737778163608,-83.0,8156.0,83.0,-0.5091206518719713,26.618954056908372,10116.0,10009.7,9427.0,689.0,1.0710721524326885,160.37062172620384,15518.0,15337.727777777778,1569.0,4.66048231941315,418.4852283831801,15077.0,14949.783333333333,14031.0,1046.0,2.6998559626325918,260.8374196644468,15339.0,14882.477777777778,10785.0,4554.0,11.320616891467845,1165.8866980969908,False,0
D-RAT,dark,Arabika Ratawali Aceh,B04,8,-0.0009084642530119,1.8158126740628835,15684.0,15581.572222222225,14687.0,997.0,2.3484233052460453,202.44767668194373,-0.008568165684126,1.6172947962880977,386.0,9695.0,9436.327777777778,9099.0,596.0,0.1231406319125076,99.79979011383732,-29.0,8067.0,38.0,-0.242265707789335,13.422600385816397,10135.0,9928.488888888887,9426.0,709.0,0.7999506157597457,118.3476315226743,15269.0,15093.75,1158.0,2.9169161599637845,240.4199044316576,14843.0,14737.905555555555,14051.0,792.0,1.5893093408232764,147.73624002596,14291.0,14037.25,11021.0,3270.0,4.834026770373571,622.3611184287171,False,0
D-RAT,dark,Arabika Ratawali Aceh,B04,9,-0.0156013045670133,2.4164756233484166,15826.0,15646.238888888887,14840.0,986.0,2.925832073006368,228.9926290899545,-0.0411381009701945,2.8309443318539254,376.0,9805.0,9669.116666666669,9369.0,436.0,0.3687593238474438,76.21963815332282,47.0,8084.0,47.0,0.2118563330143934,11.431799224949373,10312.0,10212.18888888889,9768.0,544.0,1.0302025782688766,111.77205399662502,15501.0,15358.394444444444,1001.0,2.6947693858863944,241.81595331207157,15143.0,14998.75,14405.0,738.0,1.932204697675854,159.00661856854686,14334.0,13988.283333333333,11223.0,3111.0,6.784348282354393,718.7709892004553,False,0
D-RAT,dark,Arabika Ratawali Aceh,B04,10,0.0040237867423891,2.1084427253916536,15913.0,15679.783333333333,14498.0,1415.0,5.8759292982293685,414.03997155430864,-0.0154881323497638,1.898707456720841,193.0,9821.0,9617.305555555557,9358.0,463.0,-0.2684290667407432,103.44172770413248,-12.0,8112.0,25.0,-0.1102482586911118,7.240859303375014,10312.0,10173.83888888889,9717.0,595.0,0.7542506455960577,149.88405812974273,15569.0,15353.761111111113,1317.0,4.363308538329372,376.8042386085849,15122.0,14988.15,14275.0,847.0,2.514556004814964,232.65310871426888,14770.0,14259.755555555555,10875.0,3895.0,13.023027459695257,1116.790066057601,False,0
L-GAY,light,Arabika Gayo Aceh,B03,1,-0.0595069806681276,3.917123274624294,16530.0,16190.138888888889,14668.0,1862.0,2.4098449540623688,410.35851288078646,-0.0786289700299392,4.480217223384942,405.0,8770.0,8590.805555555555,8028.0,742.0,-1.0391051164130578,149.24791333136906,508.0,8672.0,508.0,2.778291511054868,145.38327136503534,10079.0,9379.738888888887,8668.0,1411.0,-8.152320544872783,439.78063810539663,16272.0,15602.394444444444,1689.0,-8.939453892609858,525.9026663690754,13893.0,13539.127777777778,12514.0,1379.0,-1.3221838122575795,309.6275295339765,15208.0,14191.6,7955.0,7253.0,7.125713756597422,1437.0094513010315,True,28
L-GAY,light,Arabika Gayo Aceh,B03,2,-0.0850911036348858,4.941105659633762,15884.0,15751.055555555557,14393.0,1491.0,2.787664228319804,320.8519337276692,-0.1013066246900624,5.531903407260701,609.0,8938.0,8627.43888888889,8047.0,891.0,0.2964319886416248,132.33279378751018,252.0,9031.0,252.0,1.3908906653497537,72.5429806885247,8856.0,8519.377777777778,7743.0,1113.0,0.0089179707192608,190.38849301983493,14173.0,13430.022222222222,1640.0,-4.062193277570295,395.5629883036386,13153.0,13001.68888888889,11815.0,1338.0,1.844462277642314,255.40895652146625,14046.0,13356.388888888889,7851.0,6195.0,7.957733263372326,1274.9499207555225,True,5
L-GAY,light,Arabika Gayo Aceh,B03,3,-0.1132473224482236,6.315742993447402,15509.0,15321.55,14291.0,1218.0,4.161722069611202,285.88874022547566,-0.1209841867547352,6.657206975719377,437.0,8948.0,8770.894444444444,8359.0,589.0,0.4601798409415929,92.38851032716003,124.0,9222.0,124.0,0.6603495992674672,34.565475073244784,8455.0,8377.277777777777,7709.0,746.0,1.4815251499531876,159.7391048751653,12153.0,11967.2,1562.0,4.469800508246139,374.4731330473545,12970.0,12828.433333333332,11921.0,1049.0,3.143967406401432,227.06731460764777,12922.0,12372.594444444445,7853.0,5069.0,13.59999691348498,1160.1220158194892,True,1
L-GAY,light,Arabika Gayo Aceh,B03,4,0.0061596551333888,1.882282051965996,15202.0,15070.344444444445,14050.0,1152.0,2.4650287560315647,248.9402863541389,-0.0092122184841095,1.6460173329011605,153.0,9011.0,8704.155555555555,8470.0,541.0,-1.0724487381297776,97.6485444700524,49.0,9307.0,49.0,0.2555521260944267,13.456224863807485,8376.0,8159.977777777778,7654.0,722.0,-0.5811516816362644,139.29350691134115,11736.0,11521.111111111111,1838.0,4.172820148770023,423.08217156741534,12724.0,12613.722222222224,11890.0,834.0,0.6409621696142884,162.2853909221837,12606.0,12156.5,7733.0,4873.0,8.298433079210264,1039.3487029178336,False,0
L-GAY,light,Arabika Gayo Aceh,B03,5,-0.0155159109849069,2.503101738165609,14757.0,14578.977777777778,13786.0,971.0,0.3123738386987252,179.49917774373398,-0.0017089004804675,1.6629287693309067,130.0,9027.0,8559.783333333333,8314.0,713.0,-1.8873987880284369,147.26714504998452,-26.0,9325.0,38.0,-0.1938917867835426,10.854736056114886,8205.0,7818.955555555555,7336.0,869.0,-1.5359630441268757,166.43534561696728,11242.0,10965.916666666666,1632.0,1.5256489397820916,340.59823930038914,12500.0,12196.072222222225,11585.0,915.0,-1.0844377912898542,157.02414256091146,11927.0,11309.555555555557,7791.0,4136.0,4.1197979361502925,809.7170222455587,False,0
L-GAY,light,Arabika Gayo Aceh,B03,6,-0.0147483975842875,2.255629552990203,14678.0,14583.772222222222,13447.0,1231.0,2.540178194800251,228.7471544666696,-0.0441597991707563,2.9909028218305203,181.0,8750.0,8490.533333333333,8264.0,486.0,-1.054170396205644,85.01714582246856,-95.0,9266.0,95.0,-0.5726699383725835,29.96946304296757,7875.0,7718.138888888889,7172.0,703.0,-0.3831219070547444,110.6741032871888,11328.0,11139.716666666667,1924.0,4.673073243001327,399.08896636292224,12191.0,12137.072222222225,11339.0,852.0,0.8237651367840574,132.44056453631924,12148.0,11866.33888888889,7699.0,4449.0,5.612993199378581,786.2693765863056,False,0
L-GAY,light,Arabika Gayo Aceh,B03,7,-0.0663621305184316,4.274765358504126,14767.0,14596.477777777778,13508.0,1259.0,3.536784057121104,248.31032250631583,-0.0658096443305863,3.8419868321124406,379.0,8869.0,8674.483333333334,8337.0,532.0,0.1416494336244945,68.92109284613925,-112.0,9136.0,112.0,-0.6789880346101217,35.432584329654645,7966.0,7876.2555555555555,7198.0,768.0,1.4539255326810498,129.3054986461773,11883.0,11497.522222222222,2138.0,7.07326563577065,469.14040560775095,12497.0,12333.361111111111,11460.0,1037.0,2.6869152340092795,176.11495623261075,12046.0,11765.0,7810.0,4236.0,7.714485014969597,837.1409711551527,False,0
L-GAY,light,Arabika Gayo Aceh,B03,8,-0.0333261314649629,2.360022935427064,14964.0,14735.888888888889,13514.0,1450.0,5.277732851836991,363.29253012646143,-0.0442986923464715,2.775586348486014,363.0,8964.0,8864.9,8528.0,436.0,0.4300791176682408,73.18378945576777,-119.0,8989.0,119.0,-0.6940636027860941,36.1976688344744,8211.0,8118.288888888889,7418.0,793.0,2.195460765249956,182.57210984936316,12498.0,12056.361111111111,2300.0,9.23998374435425,606.4942557667699,12809.0,12633.388888888889,11701.0,1108.0,3.791090259987449,260.12911252513834,12448.0,11991.83888888889,7763.0,4685.0,11.543205037192504,1103.013622812742,False,0
L-GAY,light,Arabika Gayo Aceh,B03,9,-0.0225006944658785,2.0188743168256966,14474.0,14398.016666666666,13580.0,894.0,1.1519707398376495,171.58786777833416,-0.02911715382162,2.1106201853314914,89.0,9005.0,8718.572222222223,8544.0,461.0,-1.3861405187402902,99.8798177563122,-157.0,8826.0,157.0,-0.9206127761144892,48.03199585378817,8125.0,7881.883333333333,7467.0,658.0,-0.9068109098017428,118.54811978226654,11896.0,11748.266666666666,1316.0,1.9207835632787011,280.8742854833992,12524.0,12357.58888888889,11806.0,718.0,-0.3448501496959781,114.67295195194488,11861.0,11347.261111111113,7912.0,3949.0,4.463247836867391,726.0466254930327,False,0
L-GAY,light,Arabika Gayo Aceh,B03,10,-0.0057275430311635,1.7608315145392708,14190.0,14033.322222222225,13272.0,918.0,1.5068078232867257,162.13625057100612,-0.0109098017428521,1.67005242691006,103.0,8854.0,8574.18888888889,8382.0,472.0,-1.342671070094756,95.18214170377335,-191.0,8609.0,191.0,-1.1290338179161907,58.91239880079835,7801.0,7634.611111111111,7225.0,576.0,-0.7174336656481166,101.92545139079168,11539.0,11319.905555555555,1317.0,2.554044877928331,270.4780724540542,12135.0,12048.333333333334,11500.0,635.0,-0.0507546529213866,97.9556392586452,11419.0,10873.977777777778,7848.0,3571.0,5.2571025854707445,648.4067017698553,False,0
L-GAY,light,Arabika Gayo Aceh,B04,1,-0.025618074631933,2.703171918938849,18466.0,17650.88888888889,14243.0,4223.0,-1.272788254781526,730.8510680533594,-0.0138738849964505,1.8741519911440945,658.0,10745.0,9988.15,9204.0,1541.0,-2.661453542804819,267.928187556201,-67.0,8019.0,72.0,-0.4246365628568782,22.799245307513555,11555.0,10842.3,9536.0,2019.0,-3.060228196343508,370.2062674333424,17816.0,16933.477777777778,3783.0,-1.8053232095640808,674.588055183422,16693.0,16061.255555555555,14116.0,2577.0,-2.314256612858421,441.5708010221374,18439.0,17056.03888888889,11220.0,7219.0,-3.3563247836867345,1208.0645093762175,True,2
L-GAY,light,Arabika Gayo Aceh,B04,2,-0.0014969597827093,1.898241533283909,16918.0,16745.133333333335,15543.0,1375.0,3.214617735115281,310.19392744813416,-0.0164254040762574,2.2231988853169966,373.0,10063.0,9949.0,9512.0,551.0,0.1202712017860633,100.03267622556724,64.0,8040.0,64.0,0.3340288280502484,17.571229517765225,10726.0,10627.716666666667,9976.0,750.0,0.9286943012644424,157.83968512740174,16433.0,16264.844444444445,1331.0,2.989958537814953,313.0580081221535,15720.0,15604.694444444443,14758.0,962.0,1.9436001111145405,211.1668592063251,15869.0,15450.983333333334,11811.0,4058.0,7.129375392244617,855.3905865665066,False,0
L-GAY,light,Arabika Gayo Aceh,B04,3,0.0069878699959875,2.073778835656753,16491.0,16349.211111111112,15309.0,1182.0,3.279525088222886,286.94279477557694,-0.0085527331090465,1.5977463178143725,277.0,9924.0,9775.155555555555,9456.0,468.0,-0.1045423212650595,86.48032825832294,19.0,8074.0,20.0,0.0610965359013138,4.275592967105268,10494.0,10378.238888888887,9890.0,604.0,0.5024280584791713,127.8304727524766,15969.0,15835.68888888889,1112.0,2.806638064960852,280.09940950573684,15387.0,15303.08888888889,14631.0,756.0,1.5614823502783002,174.29200082571538,15200.0,14857.066666666668,11739.0,3461.0,7.261907260512155,815.7121411421458,False,0
L-GAY,light,Arabika Gayo Aceh,B04,4,0.0194903134870417,2.349346489160941,16567.0,16421.344444444443,15163.0,1404.0,3.631533895079065,340.9925427553709,0.0060464829161393,1.7908225242803637,300.0,9955.0,9753.744444444445,9410.0,545.0,-0.5258660246715431,111.45373177469328,-31.0,8078.0,37.0,-0.2160210706091751,11.81108276059624,10551.0,10378.0,9804.0,747.0,0.4316059137627704,157.72240659430557,16064.0,15872.422222222222,1399.0,3.251927528627427,342.79017729314444,15455.0,15315.622222222222,14520.0,935.0,1.5010854244472565,208.15124377609885,15561.0,15120.0,11645.0,3916.0,7.239509449880139,891.0794408089563,False,0
L-GAY,light,Arabika Gayo Aceh,B04,5,0.0009074354146732,1.5918398367290727,16350.0,16166.988888888887,15316.0,1034.0,3.602421885449139,232.1333172356471,-0.0226097513297735,2.1584933936897075,175.0,9721.0,9647.383333333331,9430.0,291.0,-0.2744148481949031,48.86571212239775,-22.0,8047.0,26.0,-0.1515931561673714,8.063712773105875,10282.0,10235.011111111113,9869.0,413.0,0.4821362799263352,76.8828455696888,15740.0,15614.322222222225,912.0,2.915059106762553,211.87449261469035,15208.0,15136.844444444445,14615.0,593.0,1.603333436217167,123.10266516237856,14862.0,14544.961111111112,11865.0,2997.0,7.425392759035775,600.9959737721864,False,0
L-GAY,light,Arabika Gayo Aceh,B04,6,0.0014835848843071,2.1739670735195973,16571.0,16423.694444444445,15403.0,1168.0,3.5313219543813075,278.9065860962162,-0.0126999804520715,1.4357326936005943,255.0,9771.0,9661.216666666667,9364.0,407.0,0.0390927703529943,78.18716085717033,-17.0,8018.0,19.0,-0.094374311964361,5.300817429906611,10342.0,10272.1,9809.0,533.0,0.7412862536909575,122.16488079869214,15918.0,15774.305555555557,1114.0,3.2659042974577406,276.94678304568635,15343.0,15245.91111111111,14606.0,737.0,1.7137298476290423,168.55810757730836,15312.0,15024.522222222222,12093.0,3219.0,7.278638229574985,744.71337859823,False,0
L-GAY,light,Arabika Gayo Aceh,B04,7,0.0011183472740928,1.87156679268098,16415.0,16315.883333333331,15422.0,993.0,2.185475889173534,207.34701636515229,-0.0066730454643661,1.7675606465845628,450.0,9814.0,9746.08888888889,9364.0,450.0,0.8281243248248402,71.65305054489879,52.0,8052.0,52.0,0.238040268732574,12.77563148249574,10441.0,10348.866666666669,9786.0,655.0,1.567712995257055,121.43864809605157,15860.0,15748.58888888889,1072.0,2.9252425486383324,242.3397538589872,15346.0,15253.144444444444,14584.0,762.0,1.9355391627313605,149.77689636271404,15054.0,14700.427777777775,12079.0,2975.0,3.1800930069858118,556.2386553289738,False,0
L-GAY,light,Arabika Gayo Aceh,B04,8,0.0091576900521621,1.9757295205628072,16357.0,16223.655555555555,15444.0,913.0,0.4799016430548268,174.87896284270738,-0.0012130004012469,1.3856025676510084,98.0,10043.0,9858.988888888887,9649.0,394.0,-1.2099180015844109,86.00552073282213,62.0,8152.0,63.0,0.3105291315575583,16.665567002828325,10648.0,10483.305555555557,10127.0,521.0,-0.968979495251911,106.19651317394636,15966.0,15784.266666666666,934.0,0.1326625307365458,190.6137572927876,15459.0,15336.6,14851.0,608.0,-0.3899050382213442,115.93036823597866,14995.0,14439.666666666666,11894.0,3101.0,1.1155261993682928,547.0270080042059,False,0
L-GAY,light,Arabika Gayo Aceh,B04,9,0.0103264504048478,1.4333419946903867,15980.0,15863.833333333334,15290.0,690.0,1.333345679393397,156.31158897907093,0.0035618383283434,1.81858807040858,83.0,9844.0,9673.988888888887,9522.0,322.0,-0.6763974196734467,59.95202820513559,0.0,8176.0,13.0,-0.0316583845180406,3.594166423259799,10374.0,10244.85,9984.0,390.0,-0.2603814932559646,71.65610571356443,15508.0,15390.227777777778,681.0,1.086625101597786,158.9572104524066,15123.0,15045.488888888887,14695.0,428.0,0.2488348405814993,87.72904508037144,14216.0,13847.827777777778,11852.0,2364.0,3.758351595213843,538.7838864693862,False,0
L-GAY,light,Arabika Gayo Aceh,B04,10,0.009032171774849,1.959007273393007,16086.0,16002.738888888887,15182.0,904.0,1.9871364342520856,187.1275179561044,0.0008539358210644,1.850528805259116,147.0,9769.0,9615.005555555555,9396.0,373.0,-0.7618126073850016,65.75827557769595,-35.0,8160.0,42.0,-0.2471609206045453,13.155465145351757,10317.0,10204.566666666668,9846.0,471.0,-0.4133954751689866,80.81727095687035,15564.0,15462.43888888889,895.0,1.4966295256026418,188.44924820650397,15120.0,15050.572222222225,14554.0,566.0,0.3728685041719395,96.55779700589645,14553.0,14307.41111111111,11887.0,2666.0,3.6783501548401696,528.5877863898733,False,0
L-MAN,light,Arabika Manglayang Jawa Barat,B01,1,-0.0065660462771484,2.512143072781761,16362.0,16068.083333333334,14193.0,2169.0,1.9174820210500323,347.715382791972,-0.0126711729785898,1.9837953079166155,326.0,9993.0,9450.272222222222,9009.0,984.0,-1.8504182227846535,166.3358596890575,-74.0,8314.0,74.0,-0.4464180993240532,23.562225947904665,10582.0,10124.05,9320.0,1262.0,-0.9711976707100012,180.7833443593888,16280.0,15881.494444444445,1831.0,0.5641583587970824,287.1507983178002,14947.0,14573.827777777778,13339.0,1608.0,-0.4065074024918463,234.4280292543152,15524.0,14200.627777777778,10434.0,5090.0,-1.2278022984248482,745.8669435952413,False,0
L-MAN,light,Arabika Manglayang Jawa Barat,B01,2,-0.0148183585913145,2.153015294960813,16330.0,16169.822222222225,15053.0,1277.0,0.7804170910624816,233.8264446279005,-0.0177443748263835,1.9270607163099789,403.0,9816.0,9557.722222222224,9157.0,659.0,-0.189942076401535,95.07833028029516,-16.0,8231.0,17.0,-0.0880932539070135,5.12404780635268,10425.0,10251.022222222222,9638.0,787.0,0.3339074251262898,124.96493164198324,16205.0,16022.922222222222,1070.0,0.6908567136845785,193.602958780762,14807.0,14672.461111111112,13812.0,995.0,0.5083644556930765,172.0500889743361,14883.0,13934.194444444443,11047.0,3836.0,-1.1302787123059357,653.785061097464,False,0
L-MAN,light,Arabika Manglayang Jawa Barat,B01,3,-0.012192763151126,1.7724265754154618,16191.0,16102.266666666666,15229.0,962.0,1.2608475570233653,169.49476681494812,-0.0148636274782143,1.9418214107021925,304.0,9840.0,9684.144444444444,9374.0,466.0,-0.0432811712295646,57.37392028387038,60.0,8269.0,60.0,0.3008292437009373,15.943579721207694,10441.0,10376.616666666669,9896.0,545.0,0.6132997932034938,83.81532472774818,16118.0,16062.605555555556,738.0,0.98516312231859,135.05469602603253,14810.0,14753.483333333334,14087.0,723.0,0.8715587929668608,119.28537094158024,14156.0,13669.355555555556,11084.0,3072.0,0.4641480704136935,490.6046505622637,False,0
L-MAN,light,Arabika Manglayang Jawa Barat,B01,4,-0.0085959443192691,2.149379538898293,16119.0,15895.733333333334,15175.0,944.0,1.4917600337458974,232.8693402080629,-0.0172505324238402,1.7569494894219035,118.0,10068.0,9667.355555555556,9466.0,602.0,-1.5224893772441532,153.5139111568852,30.0,8319.0,39.0,0.1292673642190602,11.014949493873134,10683.0,10334.494444444445,9992.0,691.0,-0.9161733386832924,163.42016646348213,16268.0,15929.555555555557,876.0,-0.0002695556447214,206.98889998636815,14977.0,14663.816666666668,14157.0,820.0,-0.3370690453409059,194.59063103641665,14019.0,13188.81111111111,10950.0,3069.0,4.798395012191734,748.2185829826377,False,0
L-MAN,light,Arabika Manglayang Jawa Barat,B01,5,-0.0051966624484294,2.023534713670652,15935.0,15725.922222222222,15122.0,813.0,-0.3137133862156239,107.5340899854582,0.0088459520355566,1.6776176540475318,63.0,9849.0,9457.844444444445,9298.0,551.0,-1.5231313723674595,111.00514972312214,-53.0,8298.0,61.0,-0.3466825107770815,18.519889655426187,10411.0,10088.166666666666,9823.0,588.0,-1.3532084323590234,103.26710498540685,15959.0,15659.566666666668,746.0,-1.0710495179892383,118.42509831372118,14657.0,14377.222222222224,13981.0,676.0,-1.3460436021687912,108.2883361642614,13875.0,13071.383333333331,11070.0,2805.0,-0.8620770188380296,368.8207430484263,False,0
L-MAN,light,Arabika Manglayang Jawa Barat,B01,6,0.0098778768892043,2.020772019074053,15810.0,15601.644444444444,14928.0,882.0,1.2814922271263516,183.63756575264105,0.0138049528277621,1.761862340681264,119.0,9795.0,9368.794444444444,9140.0,655.0,-1.275686492381452,130.40511425443395,-77.0,8189.0,82.0,-0.4812699980452071,25.66830147880752,10304.0,9950.505555555555,9595.0,709.0,-0.7124324824840272,131.1972585054827,15805.0,15491.777777777776,869.0,0.2170540243011617,171.10415513846726,14518.0,14212.18888888889,13712.0,806.0,-0.3200633764416596,149.7715127155525,13786.0,13014.738888888887,10969.0,2817.0,3.44290152988261,582.820452663984,False,0
L-MAN,light,Arabika Manglayang Jawa Barat,B01,7,0.011010627900038,2.0117593462657006,15865.0,15731.861111111111,14986.0,879.0,2.2776515736082388,204.23405796906823,0.0028725166414601,1.5995809507108716,404.0,9651.0,9511.716666666667,9119.0,532.0,0.8756967807648384,98.57732551730774,31.0,8102.0,36.0,0.1688303136928094,9.258921243571614,10291.0,10165.605555555556,9614.0,677.0,2.115681553957426,151.0453517755039,15900.0,15736.327777777778,899.0,2.9849943928310547,214.6209034203758,14521.0,14386.65,13712.0,809.0,2.381082749467576,177.04869370919988,13600.0,13166.283333333333,11076.0,2524.0,2.776366554523287,574.5652743329289,False,0
L-MAN,light,Arabika Manglayang Jawa Barat,B01,8,0.000452688868998,1.6548557296735928,15714.0,15631.888888888889,15029.0,685.0,0.7045958208586685,112.13314556345088,0.0027181908906653,1.5405143159159216,221.0,9869.0,9634.466666666667,9442.0,427.0,-0.3081658898937209,64.48856812640838,66.0,8161.0,66.0,0.3012747307015648,16.0429087888837,10471.0,10329.777777777776,10007.0,464.0,0.2811239030011214,64.1176080327285,15962.0,15841.405555555555,599.0,0.5991429776639197,95.54791697487244,14622.0,14525.116666666669,14069.0,553.0,0.4560253917301973,77.06880586844994,13457.0,12847.183333333332,10838.0,2619.0,0.307541385022172,395.94251423786966,False,0
L-MAN,light,Arabika Manglayang Jawa Barat,B01,9,-0.0001995946376945,1.5682685261397984,15612.0,15429.583333333334,14957.0,655.0,0.1252929617169254,96.82679779353296,0.0009177237980596,1.5632733964281922,51.0,9855.0,9631.327777777778,9488.0,367.0,-0.9538761484407954,68.0930870046838,51.0,8213.0,52.0,0.2807648384209389,15.86587462617902,10521.0,10358.077777777778,10120.0,401.0,-0.5156208524954474,61.28762263109551,15972.0,15800.822222222225,522.0,-0.1926191137586551,80.87980982601432,14651.0,14506.844444444445,14167.0,484.0,-0.3456012016831795,71.4597845431415,13308.0,12436.761111111113,10744.0,2564.0,0.5343858349537538,367.3067821620263,False,0
L-MAN,light,Arabika Manglayang Jawa Barat,B01,10,-0.022200273670998,2.180382030205078,15605.0,15431.172222222222,14767.0,838.0,0.1319371997078098,144.61448773229205,-0.0044672160663394,1.6241886672476331,102.0,9786.0,9505.25,9351.0,435.0,-1.1387398788028436,93.83676990111532,5.0,8202.0,15.0,-0.0249997427904153,3.766999540341568,10474.0,10258.144444444444,9971.0,503.0,-0.7398129571900364,87.625097946835,15950.0,15736.783333333333,695.0,-0.2321728036873567,118.9813973065871,14619.0,14407.816666666668,14003.0,616.0,-0.776790435918804,104.96668665468376,13536.0,12697.277777777776,10657.0,2879.0,-1.165243783244338,480.81391719364905,False,0
L-MAN,light,Arabika Manglayang Jawa Barat,B03,1,-0.0308542286442838,3.0112842818964403,16748.0,14912.53038674033,12446.0,4302.0,-1.790308218485014,576.7109958052017,-0.0177240807075061,1.5969584349925714,500.0,10228.0,8852.46961325967,8320.0,1908.0,-1.629569141723838,272.3335687766519,-117.0,8180.0,132.0,-0.7208265031469453,38.03857045466482,10018.0,8229.961325966851,7009.0,3009.0,-2.437652034889604,418.19923965923874,15353.0,12944.414364640885,5965.0,-1.6914860461821792,837.2802727437474,14366.0,12874.104972375691,11067.0,3299.0,-1.923651670612996,428.8307812174664,16691.0,12638.270718232045,7384.0,9307.0,-8.578665533361665,1350.662750353829,True,5
L-MAN,light,Arabika Manglayang Jawa Barat,B03,2,-0.0248371863329115,3.044237262271228,16711.0,16414.53888888889,13323.0,3388.0,3.521527413397535,652.9590177998408,-0.0242867578217434,2.0049906696418103,703.0,10087.0,9350.9,8566.0,1521.0,-1.6244451989258926,225.1479488751376,-54.0,8026.0,62.0,-0.3697500951675463,19.545550739064844,9827.0,9203.044444444444,7413.0,2414.0,-0.2834717120898793,384.6990526920332,15270.0,14861.05,4386.0,4.396326018292746,869.720909932137,14425.0,14163.711111111112,11742.0,2683.0,1.4628167536035064,486.6091486634878,16103.0,14859.516666666666,7533.0,8570.0,2.584854470817003,1492.9170181843187,True,1
L-MAN,light,Arabika Manglayang Jawa Barat,B03,3,0.0248361574945728,3.0819753917466786,16669.0,16280.55,14213.0,2456.0,6.908249225799153,587.1227568100609,-0.0143008529069827,1.8002344836580202,436.0,9542.0,9235.133333333331,8674.0,868.0,-0.8970997047233965,166.88340692944848,-69.0,7960.0,71.0,-0.439241951912096,23.16234234790577,9343.0,9033.055555555557,7755.0,1588.0,2.0731524635534018,322.2017259475812,15196.0,14713.266666666666,3014.0,7.954243443727686,706.425557406033,14286.0,13915.461111111112,12277.0,2009.0,3.592210664938217,429.5719106414738,15577.0,14554.58888888889,7926.0,7651.0,13.597113079621796,1502.900814417376,False,0
L-MAN,light,Arabika Manglayang Jawa Barat,B03,4,0.0084025227116063,2.6917523523268225,16156.0,15913.8,14346.0,1810.0,2.88054569585481,386.9852017438329,0.0013097112050783,1.2092520427079276,464.0,9356.0,8977.722222222223,8520.0,836.0,-0.921151887403932,150.50009950276245,-88.0,7863.0,88.0,-0.548838955934854,28.74807364069635,8899.0,8614.538888888888,7649.0,1250.0,0.2041945739066018,242.27896945022837,14571.0,14231.077777777778,2181.0,2.7419261911375865,473.36440491296935,13651.0,13396.772222222222,12126.0,1525.0,1.086884368859121,304.2132968006846,14694.0,13934.472222222224,8387.0,6307.0,7.598356945173201,1321.8196972633016,False,0
L-MAN,light,Arabika Manglayang Jawa Barat,B03,5,0.014537485724868,2.368319773064025,15502.0,15392.261111111113,14147.0,1355.0,1.8301727419570564,251.01826958124585,0.015029270450734,1.8628985644560776,344.0,9098.0,8778.844444444445,8402.0,696.0,-0.7623218823626243,108.23230871845811,-108.0,7737.0,108.0,-0.6519594226159243,34.08525250364327,8438.0,8216.538888888888,7444.0,994.0,0.0562908320215644,155.56199661888706,13724.0,13527.672222222222,1693.0,1.806853092173627,322.2052129064401,13002.0,12880.677777777775,11882.0,1120.0,0.6433058633496928,184.23302148997243,13720.0,13171.488888888887,8315.0,5405.0,4.609883021080898,935.1598584037428,False,0
L-MAN,light,Arabika Manglayang Jawa Barat,B03,6,0.0095733407409693,2.1654917312788613,15652.0,15500.211111111112,13934.0,1718.0,3.8922065495848632,348.80336521506024,-0.0029044106299577,1.7569494894219035,533.0,9071.0,8934.9,8429.0,642.0,0.3004413716472729,94.82056562162276,-28.0,7597.0,29.0,-0.1918042737944586,10.212764496414175,8503.0,8416.622222222222,7393.0,1110.0,2.0192310462257064,205.0730393267757,13974.0,13747.105555555556,2211.0,5.536377665977344,466.0124977011412,13220.0,13099.744444444445,11776.0,1444.0,3.1158142741031103,276.19971161321,13852.0,13425.877777777778,8238.0,5614.0,6.174126773460086,1027.6301133105935,False,0
L-MAN,light,Arabika Manglayang Jawa Barat,B03,7,0.0137812895459736,2.1931202740189257,15330.0,15134.861111111111,14029.0,1301.0,4.763479325493584,324.2425253401873,-0.0033138882887331,1.6655396561981692,376.0,9099.0,9000.044444444444,8645.0,454.0,0.5140199800405362,73.65265166614842,29.0,7608.0,29.0,0.1344712285358601,7.173897439277603,8479.0,8383.33888888889,7664.0,815.0,2.3942889183822538,182.5953233532841,13751.0,13497.6,1620.0,6.017447040546518,408.7944751400488,13149.0,12999.955555555556,12082.0,1067.0,3.644379970575223,252.45456081486415,13113.0,12554.133333333331,8196.0,4917.0,11.268300461948416,1035.9161028128867,False,0
L-MAN,light,Arabika Manglayang Jawa Barat,B03,8,-0.0066925933928001,2.275629939184254,15513.0,15341.444444444443,13914.0,1599.0,2.252287622045948,312.3271136911059,-0.0066648147576571,1.549153269856517,167.0,9295.0,9041.444444444443,8747.0,548.0,-1.5784376060989538,117.749246980582,4.0,7645.0,13.0,-0.0109149459345453,3.0099926687488443,8731.0,8514.544444444444,7745.0,986.0,-0.6005452843194748,178.05354546529608,14057.0,13788.605555555556,1970.0,2.426265213946933,394.4172916708437,13393.0,13187.494444444445,12165.0,1228.0,0.2943105239873657,221.7649492286677,13857.0,13112.366666666669,8101.0,5756.0,3.1849048838955927,974.0664856341964,False,0
L-MAN,light,Arabika Manglayang Jawa Barat,B03,9,0.0056298033889934,1.5405143159159214,14868.0,14646.138888888889,13849.0,1019.0,-0.6894873298558595,197.98453085243577,0.0043283228906241,1.5137995491836518,100.0,8972.0,8742.177777777777,8536.0,436.0,-1.3366791156105646,95.50174209739576,-41.0,7628.0,41.0,-0.2475467349815323,13.11968493664186,8205.0,7980.766666666666,7525.0,680.0,-1.353041760548165,140.46384055262516,13184.0,12871.055555555557,1245.0,-1.2291552208401493,262.35147907399977,12734.0,12529.038888888888,11954.0,780.0,-1.2884687799006145,161.76113032392774,12701.0,11756.955555555556,8244.0,4457.0,-1.407759498749961,763.0696595175475,False,0
L-MAN,light,Arabika Manglayang Jawa Barat,B03,10,0.0088706441556838,2.2766457952371124,15059.0,14891.466666666667,13370.0,1689.0,3.685379178369703,374.6407351676101,0.0051956336100908,1.5942946072943736,251.0,8943.0,8732.827777777778,8391.0,552.0,-0.9716503595789991,107.47424431260202,-61.0,7565.0,61.0,-0.3725125261067728,19.59388657365997,8237.0,8059.261111111111,7256.0,981.0,0.3144016790641686,188.6238420414239,13307.0,13086.255555555555,2063.0,4.543206066030844,472.9350779523445,12818.0,12656.705555555556,11570.0,1248.0,1.4483626037840671,252.49022763814492,13366.0,12712.472222222224,7949.0,5417.0,5.562362007057829,1055.2797951972068,False,0
L-MAN,light,Arabika Manglayang Jawa Barat,B04,1,-0.0162204278226377,2.438400083299899,17421.0,16999.955801104974,12869.0,4552.0,0.726231963248538,629.5433426364119,-0.0266771902131017,2.2837133880045584,658.0,11050.0,9943.773480662983,8976.0,2074.0,-4.7262157731771,330.1833473214136,192.0,8120.0,192.0,0.9311881488677068,49.1325808118968,11870.0,10990.20994475138,9445.0,2425.0,-3.8576407018395966,335.8015950436892,17835.0,16776.944751381216,3943.0,-4.237623702264586,564.31274547755,16602.0,16047.878453038677,13756.0,2846.0,-3.530285552385,394.18403292234825,17473.0,16314.53038674033,9662.0,7811.0,-3.518383826118632,991.5003028039906,True,2
L-MAN,light,Arabika Manglayang Jawa Barat,B04,2,-0.0823152977972571,5.004454874503047,16654.0,16227.083333333334,15015.0,1639.0,1.446973672026913,393.6644471213705,-0.0848987108655617,4.738143096192854,121.0,9986.0,9494.977777777778,9277.0,709.0,-1.9643548669197608,174.5720371407137,39.0,8210.0,39.0,0.151949134232538,8.698937198295448,10814.0,10372.066666666668,10011.0,803.0,-1.750895603773779,195.1864199873701,16397.0,15828.56111111111,1442.0,-0.6828225150982025,337.2186957428889,15634.0,15187.872222222222,14506.0,1128.0,-1.082487113799809,267.679267567619,15977.0,14728.1,10878.0,5099.0,6.217416175396356,1232.2255475358395,False,0
L-MAN,light,Arabika Manglayang Jawa Barat,B04,3,-0.0611726699383725,3.761165871785476,16047.0,15835.172222222222,14804.0,1243.0,-0.1704589647828638,198.63148637743464,-0.0568803563896005,3.3139286209916974,265.0,9777.0,9408.083333333334,9169.0,608.0,-1.2026286819552043,116.80862804858286,-3.0,8231.0,17.0,-0.0970863298249945,5.8077491630926055,10432.0,10158.466666666667,9725.0,707.0,-0.9946294638723416,114.72358814113883,15714.0,15390.683333333332,1264.0,-0.8340350010802803,208.1490783712857,15091.0,14862.972222222224,14187.0,904.0,-0.8764251983085897,138.1119467627966,14957.0,14219.85,10787.0,4170.0,-1.048479891354671,644.3718215544561,False,0
L-MAN,light,Arabika Manglayang Jawa Barat,B04,4,-0.0403088572692572,2.9574837477049924,16102.0,15913.366666666669,14588.0,1514.0,2.171735753161105,323.33698110787657,-0.0435147175324341,2.701696135980726,475.0,9796.0,9635.68888888889,9186.0,610.0,0.2662613043612459,102.83611135025096,13.0,8237.0,13.0,0.0521939977571324,2.906034091383915,10506.0,10392.66111111111,9742.0,764.0,0.9730639834562798,149.1685396717713,15765.0,15555.744444444445,1441.0,2.1887836044322357,307.29973943567137,15203.0,15064.711111111112,14136.0,1067.0,1.3873576344948917,217.36285058491708,15130.0,14302.994444444445,10638.0,4492.0,2.5262724158153027,868.8638474719867,False,0
L-MAN,light,Arabika Manglayang Jawa Barat,B04,5,-0.0237795405207979,2.6112669499304126,16047.0,15925.283333333333,14770.0,1277.0,2.5856549070444568,275.5224042639666,-0.0305019702254184,2.235727891641209,211.0,9920.0,9681.2,9371.0,549.0,-1.2868092636604012,111.00432323354038,-16.0,8262.0,28.0,-0.1429673755362819,8.377210372867863,10598.0,10430.583333333334,9949.0,649.0,-0.569351934730496,121.38699713159436,15775.0,15616.56111111111,1189.0,1.4752934761360947,248.8652271260522,15242.0,15096.177777777775,14366.0,876.0,0.2280358447277197,166.65124844884684,14752.0,14354.633333333331,10737.0,4015.0,5.537989855653983,811.0917733551914,False,0
L-MAN,light,Arabika Manglayang Jawa Barat,B04,6,-0.0103048447997366,2.1523592933389613,15904.0,15778.388888888889,14695.0,1209.0,2.240122637529965,259.1285436043092,-0.011759622210562,1.3974793305109965,354.0,9764.0,9548.983333333334,9201.0,563.0,-0.6799294216899697,101.1919728196288,-51.0,8224.0,52.0,-0.3144860438079364,16.52796193607661,10390.0,10241.616666666669,9734.0,656.0,-0.1427091371132854,123.52500821141962,15560.0,15412.494444444445,1132.0,1.4957797051349322,242.730981907753,15001.0,14880.3,14149.0,852.0,0.5335905429179915,166.69850012562824,14592.0,14172.83888888889,10899.0,3693.0,4.197089416340009,746.5883533975909,False,0
L-MAN,light,Arabika Manglayang Jawa Barat,B04,7,-0.0065094601685237,2.035646027334652,15642.0,15550.7,14563.0,1079.0,2.2280934596746813,232.7143908517417,-0.0222085043777071,2.0724314384411144,248.0,9685.0,9441.18888888889,9136.0,549.0,-0.6831692336183215,96.80209546238848,-66.0,8154.0,66.0,-0.4068613228803358,21.33276521007954,10241.0,10071.905555555555,9610.0,631.0,-0.1380052882290605,111.72520645169054,15304.0,15179.283333333333,1040.0,1.6609761618156944,222.5243260821702,14778.0,14671.9,14001.0,777.0,0.5565110034260315,147.2270735061468,14234.0,13884.355555555556,10885.0,3349.0,4.482959350597241,682.8663759471036,False,0
L-MAN,light,Arabika Manglayang Jawa Barat,B04,8,-0.0113542599051411,1.967772627198726,15555.0,15450.06111111111,14510.0,1045.0,2.6542496167577188,237.04463346750077,-0.0150776258526497,1.6034084582685646,429.0,9757.0,9599.35,9211.0,546.0,0.5133481486054096,91.93989261875718,13.0,8084.0,13.0,0.0157967838513534,3.0194075329081937,10305.0,10219.416666666666,9675.0,630.0,1.267204749117771,129.8181312710359,15374.0,15253.772222222222,1062.0,2.862280728829079,247.236092141912,14845.0,14763.18888888889,14031.0,814.0,1.9437410619669329,176.16751134821783,13908.0,13595.066666666668,10815.0,3093.0,4.257771330390855,659.6353114669333,False,0
L-MAN,light,Arabika Manglayang Jawa Barat,B04,9,-0.0311758593372223,2.785548411056861,15579.0,15459.027777777776,14566.0,1013.0,1.091079971604062,192.01226190348137,-0.0364507134993878,2.6499651567694,100.0,9900.0,9710.794444444444,9508.0,392.0,-1.3910172124654052,92.06626816769813,26.0,8136.0,30.0,0.1298774653538689,7.824524545142784,10477.0,10346.91111111111,9987.0,490.0,-0.9584699116227868,100.34200114752176,15530.0,15390.58888888889,948.0,0.4957498688231119,184.0733030111648,15012.0,14890.416666666666,14334.0,678.0,-0.3132452647715464,124.53636362894892,14010.0,13567.344444444445,10669.0,3341.0,1.5806763583238164,568.9741559969373,False,0
L-MAN,light,Arabika Manglayang Jawa Barat,B04,10,-0.009325390701359,1.884827854135989,15267.0,15176.538888888888,14387.0,880.0,2.0471238824243545,198.0374481794797,-0.0207907651470724,2.057069082259232,135.0,9745.0,9524.255555555555,9304.0,441.0,-0.801069991872177,85.16983507646475,-29.0,8137.0,39.0,-0.2254143646408839,12.191269988620702,10267.0,10103.655555555555,9752.0,515.0,-0.4546313157813512,98.842311197836,15205.0,15089.522222222222,836.0,1.1320020165231437,182.46951090097755,14716.0,14624.716666666667,14119.0,597.0,0.3455939998148092,119.5450068351576,13495.0,13213.655555555555,10744.0,2751.0,4.393028591417431,597.7904877859794,False,0
L-MER,light,Arabika Merapi,B01,1,-0.0972365402224348,5.643833393123491,16393.0,15699.227777777778,13318.0,3075.0,0.8501198596664505,526.1939212871082,-0.0760928835252116,4.697675640631334,615.0,9591.0,8910.427777777777,8301.0,1290.0,-0.982339989917384,199.11199595599865,355.0,8341.0,355.0,1.9009362428881549,99.46771729865844,10247.0,9530.955555555556,8865.0,1382.0,-1.9631017418233072,242.21839773972636,17027.0,15816.455555555556,1988.0,-6.553589102544317,477.559745856807,14665.0,14034.083333333334,12570.0,2095.0,-0.99393911334712,343.4915834152199,16186.0,13898.044444444444,8572.0,7614.0,-4.664979371791311,1250.315874378612,False,0
L-MER,light,Arabika Merapi,B01,2,-0.0002438346862557,2.05446479020146,15659.0,15471.472222222224,14194.0,1465.0,3.0876374785229994,305.239908037467,-0.0067707851065362,1.5407862753700512,384.0,9244.0,9099.733333333334,8724.0,520.0,-0.0890541889152957,73.66128126459584,146.0,8585.0,146.0,0.7223803203802586,38.09806354246774,9738.0,9612.711111111112,9022.0,716.0,0.5627622251715586,120.1064001703782,15149.0,14825.644444444444,1162.0,-0.4546971614350241,220.2317373254544,14140.0,13985.483333333334,13051.0,1089.0,1.750176445775075,203.4581882292819,13930.0,13074.983333333334,9147.0,4783.0,4.26628085228968,820.8307310926812,True,2
L-MER,light,Arabika Merapi,B01,3,-0.0929339382902764,5.324582555626515,15460.0,15176.216666666667,14357.0,1103.0,-0.4797462884656933,163.2269310058441,-0.1080424292930851,5.952908516126013,245.0,9422.0,9187.805555555557,8936.0,486.0,-0.4712480837885942,72.61977947637968,52.0,8698.0,52.0,0.2407018735146146,13.059995018929966,9869.0,9644.883333333331,9257.0,612.0,-0.4977365556550098,90.61258159954431,14761.0,14475.761111111113,1081.0,-0.275155611798718,172.28550307147418,14125.0,13921.56111111111,13314.0,811.0,-0.2996790024383468,115.96571270810266,13476.0,12300.083333333334,9329.0,4147.0,-1.8860921633383736,576.8006818098544,False,0
L-MER,light,Arabika Merapi,B01,4,-0.0576283218617858,3.705696287915992,15555.0,15436.43888888889,13979.0,1576.0,2.7751237178102204,306.470922620999,-0.056303178081628,3.271279948514316,243.0,9510.0,9219.58888888889,8962.0,548.0,-1.1180262765311682,100.20826295889466,29.0,8747.0,29.0,0.052019095239565,4.638284936357187,9946.0,9721.522222222222,9217.0,729.0,-0.5751905923022315,122.46036666144428,14905.0,14777.005555555555,1440.0,2.1067800446515834,288.95559375878867,14179.0,14051.577777777778,13164.0,1015.0,0.4722573741987922,180.565157324792,13912.0,13138.961111111112,9041.0,4871.0,3.3503739827360883,806.0328421431001,False,0
L-MER,light,Arabika Merapi,B01,5,-0.0405238844820313,2.839269714903197,15408.0,15209.844444444445,14116.0,1292.0,1.6775661800261323,256.1414985655373,-0.0324855705423006,2.257885004320953,218.0,9244.0,9063.511111111113,8791.0,453.0,-0.9363251952220748,87.899669118608,-55.0,8714.0,61.0,-0.3457761042007469,18.53054250653748,9713.0,9518.077777777778,9050.0,663.0,-0.4516929534862188,118.98154664468568,14852.0,14622.694444444443,1265.0,1.5510797658363942,256.56741623812763,13952.0,13751.877777777778,13028.0,924.0,0.2018375052727966,169.44189213614382,13512.0,12763.533333333333,9451.0,4061.0,2.46268506229616,713.1152633136874,False,0
L-MER,light,Arabika Merapi,B01,6,-0.0413469551529368,3.0314920639972343,15261.0,15157.766666666666,13995.0,1266.0,1.886101422883422,247.48839146637675,-0.0396133625523421,2.4965463419476595,251.0,9231.0,8991.233333333334,8723.0,508.0,-0.8283794767328209,86.06637038781084,-100.0,8634.0,112.0,-0.6608691626284762,34.755677786850015,9636.0,9426.633333333331,8958.0,678.0,-0.6508554790785723,114.53222327187125,14793.0,14633.727777777778,1202.0,1.149546796711833,231.30044865522152,13753.0,13634.277777777776,12870.0,883.0,0.3310390238381842,156.21436552069767,13464.0,12860.211111111112,9559.0,3905.0,2.0788604586561283,668.6275444310853,False,0
L-MER,light,Arabika Merapi,B01,7,-0.027303311830612,2.10214043617638,15067.0,14931.711111111112,14044.0,1023.0,1.1708653559266229,169.28718413938586,-0.028711791516199,2.1726460966877497,376.0,9363.0,9170.488888888887,8865.0,498.0,0.1263536940440548,69.41265874672474,-46.0,8527.0,68.0,-0.3950749508729693,21.59941934870281,9714.0,9564.994444444445,9083.0,631.0,0.5282333816887352,91.80855093524404,14837.0,14707.68888888889,998.0,1.58088418366822,178.54265061363913,13792.0,13691.55,12987.0,805.0,1.1594339331460846,127.35856543611088,13055.0,12209.58888888889,9566.0,3489.0,0.9523318620945096,510.2339236655024,False,0
L-MER,light,Arabika Merapi,B01,8,-0.0016389394734405,1.1793142596038717,14793.0,14701.333333333334,13955.0,838.0,1.0434478430404228,143.49153713390305,-0.0017161023488379,1.2008170196109034,239.0,9451.0,9277.461111111112,9057.0,394.0,0.01170097842526,56.49505479805848,-10.0,8452.0,26.0,-0.1152010864532856,7.779782485282709,9772.0,9651.044444444444,9279.0,493.0,0.3648260748788542,73.70618268240067,14857.0,14738.122222222222,835.0,1.321736267580275,148.5022677461876,13813.0,13725.127777777778,13178.0,635.0,0.8945821373087647,100.98946405334937,12397.0,11752.35,9396.0,3001.0,0.9847762791032648,455.1922238071792,False,0
L-MER,light,Arabika Merapi,B01,9,-0.0095980328610965,1.3036143233943494,14652.0,14541.022222222222,13859.0,793.0,0.4948979906787246,120.7174065362746,-0.0136876652571581,1.7690700773421857,35.0,9529.0,9364.394444444444,9218.0,311.0,-0.8892980236015514,61.5845240320025,6.0,8447.0,15.0,0.049190818646666,3.3308929614363545,9844.0,9725.866666666669,9447.0,397.0,-0.6444375855221867,70.48272501215929,14880.0,14791.85,693.0,0.3051729991666408,117.53865286024474,13837.0,13771.777777777776,13303.0,534.0,-0.0828502937333456,86.62482874977586,12329.0,11495.983333333334,9333.0,2996.0,0.9204491908186464,397.8825024478834,False,0
L-MER,light,Arabika Merapi,B01,10,-0.0138018663127462,1.6727542455435171,15017.0,14839.716666666667,13684.0,1333.0,2.7127431916622937,230.1128767225328,-0.008193668528864,1.6314719755338132,130.0,9607.0,9285.505555555555,9094.0,513.0,-1.122910172124654,92.95337313891264,-50.0,8426.0,53.0,-0.3278866631686162,17.367696206128777,9940.0,9683.95,9284.0,656.0,-0.4451978970544358,95.53783508621542,15122.0,14978.138888888889,1072.0,1.5989824788830929,190.6559615797769,13984.0,13830.255555555555,13145.0,839.0,0.559268290173565,124.20712212607,13229.0,12368.444444444443,9327.0,3902.0,2.577756515118779,568.0963430589009,False,0
L-MER,light,Arabika Merapi,B02,1,-0.0338940502278876,2.5471104354646923,19580.0,19189.51111111111,18925.0,655.0,-1.4480920193010072,121.42383818346984,-0.0237126660287868,2.034036878010058,196.0,11990.0,11584.805555555557,11416.0,574.0,-1.2485436793316664,107.25863365763637,131.0,9284.0,131.0,0.6681625976110372,34.98441792007842,13472.0,13202.072222222225,12997.0,475.0,-1.0153780466475302,92.42608585777852,18794.0,18341.98888888889,699.0,-1.9960410300729448,150.96001871407935,18132.0,17851.411111111112,17706.0,426.0,-1.3696369229502967,96.7966704312693,18556.0,17280.93888888889,16152.0,2404.0,-4.661253948167124,434.4074390019248,True,6
L-MER,light,Arabika Merapi,B02,2,-0.0276150498472175,2.248187075679014,19247.0,19095.716666666667,18853.0,394.0,-0.1220191981233988,69.14766605367377,-0.0151486156980153,1.6358036273154624,141.0,11826.0,11562.655555555555,11410.0,416.0,-0.6610841898412502,74.31634948896246,39.0,9357.0,39.0,0.1868771669907507,9.883170743007724,13377.0,13224.0,13009.0,368.0,-0.1818019074662798,63.02362774096144,18384.0,18255.70555555556,424.0,0.2094869183205243,79.62872626870073,17926.0,17789.327777777777,17608.0,318.0,-0.2803635914688724,55.30442217718738,17628.0,16997.494444444445,15972.0,1656.0,-0.6144953033529837,297.281021182913,True,6
L-MER,light,Arabika Merapi,B02,3,0.0003796413469551,1.3061830709259068,19222.0,19163.283333333333,18852.0,370.0,0.4311768881755609,77.48427665334187,0.0022901941417944,1.372108437495306,-110.0,11769.0,11563.883333333331,11381.0,388.0,-1.929739601016492,113.943594543222,-26.0,9397.0,36.0,-0.1669465106947745,9.862334533876885,13402.0,13287.538888888888,13123.0,279.0,-1.2556076833647127,96.62745159111448,18455.0,18362.911111111112,405.0,0.0446042573330452,91.59507005889418,17911.0,17823.533333333333,17654.0,257.0,-0.8287889543915963,75.59576412122986,17396.0,17246.43888888889,15908.0,1488.0,2.5823502783007704,324.4099958487404,True,5
L-MER,light,Arabika Merapi,B02,4,-0.0102801526796094,1.5823749917529473,19060.0,19011.62222222222,18814.0,246.0,-0.0300667716081771,43.891200624280536,0.0009043488996573,1.3826426895449897,-65.0,11416.0,11197.0,11087.0,329.0,-1.320894677819274,78.55333028156109,-107.0,9348.0,107.0,-0.6314361554368961,32.93068308231938,13075.0,12931.244444444445,12838.0,237.0,-0.9391791927734394,62.0577872903698,18154.0,18086.12222222222,245.0,-0.2334187269154397,48.65436823253146,17626.0,17506.044444444444,17422.0,204.0,-0.8794839346893422,56.05462441836576,17147.0,16998.8,16027.0,1120.0,0.7185015998436167,204.0690101261207,False,0
L-MER,light,Arabika Merapi,B02,5,-0.0020309268804592,1.0077908801435735,18944.0,18828.25,18742.0,202.0,-0.5183853411113512,39.02582943549684,0.0013498359002849,1.1041932377956063,-112.0,11153.0,10932.266666666666,10817.0,336.0,-1.4560305359218904,81.61564095908341,-126.0,9205.0,126.0,-0.7335751103429118,38.26419114553902,12834.0,12656.572222222225,12542.0,292.0,-1.3603125610872755,77.02890921835345,17960.0,17817.088888888888,242.0,-1.0207989958537815,62.85962803538818,17395.0,17248.433333333334,17149.0,246.0,-1.1395084210418016,63.95329126547867,16909.0,16526.12777777778,16019.0,890.0,-0.5768130703622539,128.6968648529058,False,0
L-MER,light,Arabika Merapi,B02,6,0.0008559934977416,1.032975849739601,18750.0,18703.73888888889,18582.0,168.0,0.6539944648497381,56.194232580353386,-0.0049651738222373,1.3143905791893449,-18.0,10952.0,10726.427777777775,10658.0,294.0,-0.5686194018333898,66.93163614332052,-125.0,9040.0,125.0,-0.7191713736020658,37.59606400347905,12606.0,12444.011111111113,12352.0,254.0,-0.1319670360196302,61.18777663824466,17679.0,17610.088888888888,217.0,0.676290420486229,67.10862443545442,17150.0,17037.916666666668,16962.0,188.0,-0.1048766937251149,48.17251064790899,16540.0,16369.761111111113,15832.0,708.0,3.493950430568844,258.56821850117285,False,0
L-MER,light,Arabika Merapi,B02,7,0.0019218700165642,0.9977628607324404,18838.0,18797.244444444445,18562.0,276.0,0.065810673168925,51.82713232411214,-0.0014095085239256,1.412456774660923,-27.0,10846.0,10620.255555555555,10510.0,336.0,-1.2824346430445384,83.04297347653028,-148.0,8880.0,148.0,-0.8627272446680453,44.97961846181919,12560.0,12385.933333333332,12235.0,325.0,-1.035731555500684,77.01611236777542,17764.0,17689.983333333334,327.0,-0.0862773542393283,63.702825683010325,17111.0,16984.95,16858.0,253.0,-0.9005679187629247,64.0493241321695,16986.0,16860.183333333334,15931.0,1055.0,0.8651388417337985,201.74452773067665,False,0
L-MER,light,Arabika Merapi,B02,8,0.0076597014311141,1.5660405262499535,18811.0,18781.81111111111,18515.0,296.0,0.4825107770815972,54.76591005165958,0.0063355864892949,1.462377340508776,50.0,10763.0,10507.711111111112,10374.0,389.0,-1.1534491805302631,83.12677864784291,-128.0,8693.0,130.0,-0.786009856271284,41.07077961942635,12445.0,12277.58888888889,12071.0,374.0,-0.7812689692068685,67.37967043244832,17683.0,17651.205555555556,330.0,0.3299535993909276,60.41252018134735,16963.0,16872.055555555555,16685.0,278.0,-0.5261170612261694,49.39937825838836,17031.0,16915.32222222222,15916.0,1115.0,1.9824397872362307,227.98247152937677,False,0
L-MER,light,Arabika Merapi,B02,9,-0.0062049240202886,1.909912396715748,18702.0,18584.227777777774,18515.0,187.0,-0.5794942230727286,40.592240026160205,-0.0031533895079066,1.5150291977036203,-10.0,10603.0,10310.844444444445,10225.0,378.0,-1.1645462308507464,88.29494897023338,-96.0,8531.0,96.0,-0.6020453306172,31.441528402031317,12293.0,12032.794444444444,11940.0,353.0,-1.261671656532609,88.0334939574072,17586.0,17393.316666666666,279.0,-1.1461269380742205,74.07051411629674,16838.0,16639.61111111111,16557.0,281.0,-1.127744683477885,71.5963537107884,16619.0,16369.455555555556,15960.0,659.0,-0.8106752266016439,114.53224386680154,False,0
L-MER,light,Arabika Merapi,B02,10,0.0032850808152514,1.159247492386053,18634.0,18593.65555555556,18368.0,266.0,0.91651388417338,75.40225995918296,0.0063767400228402,0.9687225296960208,205.0,10382.0,10248.605555555556,10100.0,282.0,0.2038118460446309,62.52521254342322,-84.0,8396.0,84.0,-0.5235562826013148,27.4680170655726,12063.0,11968.172222222222,11758.0,305.0,0.6293414405794417,74.30450940514424,17455.0,17357.216666666667,383.0,1.4213041554780497,100.89184845069931,16622.0,16566.544444444444,16384.0,238.0,0.5178863545171146,60.30076592546742,16784.0,16598.294444444444,15793.0,991.0,2.8249174357233247,273.993346924533,False,0
M-RAT,medium,Arabika Ratawali Aceh,B04,1,-0.0240346924287786,2.4267992167126478,17117.0,16921.033333333333,14911.0,2206.0,2.1209522927662383,390.5559409569387,-0.0261540994063602,2.1388415272836423,139.0,10332.0,9824.722222222224,9515.0,817.0,-2.5838636994968978,182.81944738293805,-51.0,8285.0,61.0,-0.3606212125888658,19.08172091941476,10886.0,10430.761111111113,9655.0,1231.0,-1.8371338621562392,208.88141469881845,16898.0,16532.727777777778,1945.0,0.4538895233391984,339.73515532013647,15922.0,15602.444444444443,14467.0,1455.0,-0.7340864429972117,239.55378030019529,16829.0,16183.227777777778,10913.0,5916.0,3.061747790569667,946.2465151219892,False,0
M-RAT,medium,Arabika Ratawali Aceh,B04,2,0.0061905202835478,1.873887006723319,16602.0,16451.838888888888,15180.0,1422.0,1.4965163533853925,266.7911568703757,0.0021574739961109,1.5472989621312008,226.0,9805.0,9550.877777777778,9240.0,565.0,-1.0922662222085042,104.88864302857066,-87.0,8223.0,87.0,-0.5303023755877239,27.686674688507875,10255.0,10014.522222222222,9436.0,819.0,-0.6964042100064816,143.3541325691139,16232.0,15995.505555555555,1286.0,0.5245295636696605,245.4042497167057,15298.0,15119.455555555556,14315.0,983.0,-0.0230233443419035,173.83888778840847,15942.0,15396.472222222224,11471.0,4471.0,3.4835344712285363,786.7594979432868,False,0
M-RAT,medium,Arabika Ratawali Aceh,B04,3,-0.003663693323868,2.511865078000945,16492.0,16344.877777777778,14936.0,1556.0,3.649410990051133,374.4021328001664,-0.0204214121835036,2.051562212281855,413.0,9839.0,9515.711111111112,9125.0,714.0,-0.2583289607703941,133.03057526022278,-47.0,8125.0,52.0,-0.3598660452483101,19.71104972008492,10211.0,9933.527777777776,9245.0,966.0,0.642234842639176,188.4602541134576,16066.0,15838.83888888889,1473.0,2.822855643692707,345.9013513242187,15176.0,15009.761111111113,14067.0,1109.0,1.6895943290430775,241.6477967974932,15780.0,15256.655555555555,11301.0,4479.0,7.5217074601067955,1027.04894990438,False,0
M-RAT,medium,Arabika Ratawali Aceh,B04,4,-0.0094550243320267,2.1678767570523574,16255.0,16061.472222222224,14962.0,1293.0,2.6155611798718064,322.5479468157163,-0.0201281932569935,2.134200242854073,388.0,9903.0,9671.016666666666,9311.0,592.0,0.3079446896509152,113.53100996407848,59.0,8151.0,59.0,0.2756340216261818,14.662649695378578,10226.0,10021.238888888887,9425.0,801.0,1.0716246386205337,178.3913958107767,15953.0,15720.227777777778,1273.0,2.588815498420733,321.1343169195937,15144.0,14999.25,14210.0,934.0,1.8418870952807185,228.22621520601567,15308.0,14536.15,11153.0,4155.0,6.314920213586841,995.0922669945749,False,0
M-RAT,medium,Arabika Ratawali Aceh,B04,5,-0.0190417399713982,2.252221470422294,15993.0,15696.488888888887,14905.0,1088.0,-0.5957262055413233,181.2099769377373,-0.0182659958640698,1.8799804534292968,71.0,9974.0,9715.594444444445,9493.0,481.0,-1.416608537300534,102.2006842307405,74.0,8263.0,74.0,0.4015782380114612,21.40366374828811,10279.0,9993.083333333334,9589.0,690.0,-1.377438604072142,129.7245416407806,15810.0,15486.127777777778,1087.0,-0.8156023334053519,198.21761729243445,15137.0,14896.433333333332,14354.0,783.0,-0.984590059363972,136.91717922335548,14820.0,13817.244444444445,10961.0,3859.0,-0.4315647602292253,595.4214846496313,False,0
M-RAT,medium,Arabika Ratawali Aceh,B04,6,0.0112647509696801,2.197700677561989,16453.0,16206.033333333333,14626.0,1827.0,5.4718108583598255,433.8374550798577,-0.0081411977735938,1.40976245076884,127.0,9752.0,9647.055555555557,9333.0,419.0,-0.5791948311161866,85.9773077910497,-42.0,8270.0,46.0,-0.2736205849974793,14.477289091585508,10122.0,10012.988888888887,9367.0,755.0,0.7206580450013887,154.6620026748142,15984.0,15781.766666666666,1600.0,4.381314238093768,385.2917359452568,15193.0,15047.605555555556,14116.0,1077.0,2.170360196302354,237.87052243568075,15606.0,15148.016666666666,10880.0,4726.0,8.883775219399777,981.837397789636,False,0
M-RAT,medium,Arabika Ratawali Aceh,B04,7,-0.0025782688766114,1.7496652158266215,15968.0,15649.733333333334,14814.0,1154.0,-0.6158050145580626,221.40010547402775,-7.71628753973888e-05,1.0437214370880383,450.0,9647.0,9389.183333333332,9189.0,458.0,-0.4911684517011841,96.30621988649963,-50.0,8211.0,61.0,-0.3638970338590697,19.099025652672445,9816.0,9607.75,9229.0,587.0,-0.633635811804891,124.81767149453812,15522.0,15188.544444444444,1107.0,-0.5536878710248259,222.4112734327308,14776.0,14548.794444444444,14020.0,756.0,-0.5232826116032387,146.23692023723606,14978.0,14001.416666666666,11148.0,3830.0,-1.828682984042718,731.485363211171,False,0
M-RAT,medium,Arabika Ratawali Aceh,B04,8,0.0301830303404425,2.548907094089872,15985.0,15806.238888888887,14497.0,1488.0,4.196943321295924,314.35992188950974,0.0129479304916818,1.848540283410584,459.0,9874.0,9526.644444444444,9081.0,793.0,-0.3422718808193668,122.69864169123468,-22.0,8163.0,45.0,-0.2080290543946829,12.673334518635142,9989.0,9804.111111111111,9079.0,910.0,0.8674712182474766,153.0327269518243,15595.0,15422.111111111111,1463.0,3.812697922775394,316.5707823079209,14850.0,14749.494444444445,13816.0,1034.0,2.016555037706925,191.48748802342683,14819.0,14482.072222222225,10978.0,3841.0,7.59438357150941,775.1572198110534,False,0
M-RAT,medium,Arabika Ratawali Aceh,B04,9,0.0230336327252898,2.4604632852172217,15953.0,15738.477777777778,14667.0,1286.0,4.277113491157135,359.336453277777,0.0067028817761865,1.46020032128279,792.0,10140.0,9725.622222222222,9344.0,796.0,1.3703632828173709,164.058517818421,81.0,8218.0,81.0,0.2460919575707069,15.463454845350372,10408.0,10019.5,9424.0,984.0,2.30434684198072,212.12804449805745,15833.0,15552.716666666667,1322.0,4.368882784448079,363.3304707915186,15234.0,14902.794444444444,14133.0,1101.0,3.23092173626758,253.7651379137017,14807.0,14031.58888888889,10857.0,3950.0,8.582159943208124,1080.5027269251168,False,0
M-RAT,medium,Arabika Ratawali Aceh,B04,10,0.0075917981007644,1.7887416034458972,15897.0,15726.483333333334,14612.0,1285.0,2.3347418130189204,300.76599554838685,2.880747348169182e-05,1.371701223229773,79.0,9935.0,9690.06111111111,9490.0,445.0,-1.11267117297859,103.43206357457464,7.0,8259.0,15.0,0.0368468162597611,3.8308590508735554,10249.0,10009.694444444443,9588.0,661.0,-0.6443912877969483,145.61282930548683,15804.0,15556.983333333334,1202.0,1.3020659073839729,278.1068978792952,15081.0,14904.466666666667,14275.0,806.0,0.303972344825458,179.8857924462695,14885.0,14144.638888888889,10750.0,4135.0,5.214482957292922,901.0184539426076,False,0
M-TEM,medium,Arabika Temanggung,B01,1,0.0025762111999341,2.6697142734150363,17683.0,16702.994444444445,14468.0,3215.0,1.597651162072904,637.5880747328866,0.001573093819768,1.3931084258886,494.0,10458.0,9618.611111111111,9087.0,1371.0,-1.513081679475704,257.3724425371323,-46.0,8122.0,53.0,-0.3330113069333415,18.179820293990467,11354.0,10530.894444444444,9601.0,1753.0,-0.8704702820045883,330.16511016302644,17263.0,16336.027777777776,2669.0,0.6289010977705075,533.4881256688577,15540.0,14781.144444444444,13428.0,2112.0,-0.1734950667201649,406.82898445742745,17353.0,15126.9,10297.0,7056.0,1.2866261304361275,1383.623391052694,False,0
M-TEM,medium,Arabika Temanggung,B01,2,-0.0026060475117544,1.8913619841751912,16853.0,16487.9,15190.0,1663.0,0.0294309495149029,298.7378309155232,-0.0007870613290533,1.0085143426802032,422.0,10083.0,9769.166666666666,9304.0,779.0,-1.0155560356801137,135.62973339576243,37.0,8083.0,37.0,0.1044867639947734,7.52953217328961,10909.0,10656.93888888889,9947.0,962.0,-0.5680905789273331,173.79549286313687,16652.0,16320.483333333334,1407.0,-0.0234873504326266,264.09752462673043,15102.0,14834.055555555557,13898.0,1204.0,-0.1186559255944114,208.05217228749228,15560.0,14467.316666666668,10631.0,4929.0,-0.8911087790775432,857.238195452709,False,0
M-TEM,medium,Arabika Temanggung,B01,3,-0.0046040515653775,1.6961910079480504,16713.0,16328.283333333333,15158.0,1555.0,0.7735557681821454,286.97895266681667,-0.0015946994248793,1.2367736003600198,360.0,10255.0,9839.711111111112,9458.0,797.0,-0.7617457328929905,128.69093758984332,82.0,8191.0,82.0,0.400480467504141,21.014164919171908,11058.0,10701.355555555556,10107.0,951.0,-0.2455343271911684,156.58523023103194,16626.0,16255.388888888889,1306.0,0.4381308065063737,243.7829511064201,15145.0,14853.355555555556,14058.0,1087.0,0.1803574184388411,183.9076651436049,15490.0,14112.961111111112,10476.0,5014.0,1.422349455230096,899.6975988791601,False,0
M-TEM,medium,Arabika Temanggung,B01,4,0.0212383098243772,2.1964010402212053,16166.0,15980.394444444444,15091.0,1075.0,2.612176301737708,193.9709849068235,0.0125909235881765,1.6355000260457138,94.0,9997.0,9753.133333333331,9537.0,460.0,-1.2219327757029537,92.3030834689562,19.0,8244.0,40.0,0.0547918145621778,10.001744106129395,10707.0,10559.144444444444,10171.0,536.0,-0.494223072728582,92.29531920209718,16091.0,15990.355555555556,787.0,1.051976912867681,144.58264429182324,14740.0,14658.072222222225,14111.0,629.0,0.4535129685072586,102.96834847821069,14045.0,13554.511111111113,10369.0,3676.0,7.0919616860602686,628.5125518307605,False,0
M-TEM,medium,Arabika Temanggung,B01,5,0.0199934154346327,2.3920193713417106,16626.0,16201.977777777778,14884.0,1742.0,0.83533648157865,331.07051613553875,0.0186013971624638,1.7233922058603957,270.0,10110.0,9624.66111111111,9283.0,827.0,-1.5117575645338843,155.67550278176813,-48.0,8188.0,50.0,-0.3112915007664845,16.563370773989455,10899.0,10469.0,9881.0,1018.0,-0.8845211271952836,181.25321033566064,16447.0,16025.544444444444,1462.0,0.3488687922466743,281.01228272370776,14997.0,14614.577777777778,13814.0,1183.0,-0.6102410568227415,212.81843588902728,15609.0,14183.488888888887,10392.0,5217.0,1.270802596787966,953.146799346724,False,0
M-TEM,medium,Arabika Temanggung,B01,6,0.0314886261921664,2.9169127323710176,16149.0,15933.08888888889,14916.0,1233.0,1.1698488636480546,246.3140405656245,0.0160303301542228,2.1855217400488023,134.0,9962.0,9483.005555555555,9198.0,764.0,-2.4506713170159573,185.5419209726932,-78.0,8143.0,103.0,-0.5932940317087975,32.21920382275246,10718.0,10300.494444444445,9828.0,890.0,-1.8780631089436917,188.4441294206255,16165.0,15806.533333333333,1170.0,-0.2852310256489399,230.58202772197987,14726.0,14383.522222222222,13752.0,974.0,-1.1815179480848172,191.1675814466236,14319.0,13747.266666666666,10482.0,3837.0,3.674452915213432,757.9466277402342,False,0
M-TEM,medium,Arabika Temanggung,B01,7,0.0373622642674156,3.0808019706113705,15917.0,15731.355555555556,14773.0,1144.0,4.3533113161928885,282.70363940764275,0.0183174377810014,1.7496652158266215,479.0,9561.0,9461.81111111111,9082.0,479.0,1.495978270934288,99.3421821262072,-9.0,8020.0,20.0,-0.1152422399868308,7.081033146080504,10371.0,10225.238888888887,9676.0,695.0,2.587613815241211,162.14082312575758,15850.0,15655.616666666669,1019.0,4.025989485272179,255.14971560693863,14451.0,14263.233333333334,13557.0,894.0,3.53833554533576,216.45516650370172,13876.0,13409.372222222222,10457.0,3419.0,7.831927940162762,681.6947336151349,False,0
M-TEM,medium,Arabika Temanggung,B01,8,0.0284113707213185,2.5166053120642733,15883.0,15720.83888888889,14809.0,1074.0,3.619073633959895,244.66374516849828,0.0040124695206642,1.3732841559780011,327.0,9719.0,9637.444444444443,9356.0,363.0,0.4200582322499665,58.4672206518412,48.0,8070.0,48.0,0.1895840406596911,10.814019454383118,10514.0,10418.461111111112,9970.0,544.0,1.3218010843956087,105.42255299660876,15919.0,15782.327777777778,874.0,2.8201971254256817,198.1633215743532,14579.0,14455.177777777775,13849.0,730.0,2.262028663436114,154.5405211838357,13814.0,13279.633333333331,10260.0,3554.0,7.035616325606759,648.9587181609436,False,0
M-TEM,medium,Arabika Temanggung,B01,9,0.0034620410094961,2.4363976521809967,15960.0,15688.83888888889,14763.0,1197.0,1.070066977375845,229.01572642174423,-0.000433140940564,1.532383723436629,244.0,9971.0,9720.211111111112,9438.0,533.0,-0.6714960338282046,96.34974633526684,65.0,8161.0,65.0,0.3170375628877434,16.84967954612052,10744.0,10498.805555555557,10047.0,697.0,-0.1753438892146877,122.40445354762622,16097.0,15824.638888888889,1027.0,0.7002078253444034,200.82613631370668,14757.0,14537.55,13930.0,827.0,0.2877362470035082,146.6532136838429,14188.0,13124.272222222222,10122.0,4066.0,1.6909030114098167,748.8166294063461,False,0
M-TEM,medium,Arabika Temanggung,B01,10,0.0008673107194666,1.6725315802778409,15434.0,15334.455555555556,14650.0,784.0,1.074463203596819,149.42737337281096,0.0007088696153173,1.673644610367607,54.0,9789.0,9525.955555555556,9388.0,401.0,-1.44621747584802,101.5137287257313,9.0,8197.0,24.0,-0.0382563247836867,5.948005627916023,10479.0,10247.983333333334,9987.0,492.0,-1.0840674094879472,100.90199210705994,15679.0,15500.211111111112,707.0,0.0983384260831094,131.13611798470822,14417.0,14234.31111111111,13867.0,550.0,-0.6149078675267755,99.51122386312105,13050.0,12607.172222222222,10042.0,3008.0,3.4494655184830805,534.0285162866536,False,0
M-TIM,medium,Arabika Timor Leste,B01,1,0.0286058211673199,2.4030293316901843,16027.0,15344.677777777775,14942.0,1085.0,7.012146465425887,433.97992713608926,-0.0052697099704723,1.310843853285769,-41.0,9243.0,9014.288888888888,8909.0,334.0,0.9440270790250728,91.61965884583226,141.0,10807.0,141.0,0.8216045762729303,42.85541171018151,10803.0,10638.016666666666,10510.0,293.0,0.7625513133121393,89.73713785615477,15496.0,15080.377777777778,721.0,3.068921880304948,249.4294977819368,13884.0,13446.644444444444,13155.0,729.0,3.9031657355679705,264.1492430325359,14284.0,12630.95,11706.0,2578.0,15.276682407893242,1012.9727823694124,False,0
M-TIM,medium,Arabika Timor Leste,B01,2,0.0159356770270687,2.006592177388395,16631.0,16356.216666666667,14584.0,2047.0,6.93724600553515,557.6622521115873,-0.0103789211601181,1.7372038150349738,536.0,9589.0,9317.227777777778,8775.0,814.0,0.3933300410506497,142.25446672177543,116.0,11000.0,116.0,0.5902887949216539,31.09173218165669,11133.0,10925.566666666668,10236.0,897.0,1.4127184995421664,183.7005122809692,15963.0,15691.888888888889,1759.0,4.689943105239874,441.8337725405537,14355.0,14150.705555555556,12778.0,1577.0,4.104072142144304,391.2192186791639,15227.0,14385.95,9841.0,5386.0,10.851150755681756,1247.8183521427045,False,0
M-TIM,medium,Arabika Timor Leste,B01,3,-0.074979680442812,4.438265412957353,16634.0,15873.25,15172.0,1462.0,5.835376606273856,325.71874756293425,-0.0922415300883772,5.083791993228665,626.0,9734.0,9401.138888888889,9105.0,629.0,1.4300266469129703,112.35805515145655,132.0,11184.0,132.0,0.6630513287447143,34.68340270705198,11299.0,10909.33888888889,10568.0,731.0,1.874700865253043,126.05023224507704,16116.0,15448.816666666668,1292.0,4.469118388427626,261.4988271334668,14667.0,14005.144444444444,13387.0,1280.0,4.544512690720907,257.78944511685523,14903.0,13158.75,10423.0,4480.0,16.36984371945636,992.3839862961228,False,0
M-TIM,medium,Arabika Timor Leste,B01,4,-0.0164223175612416,2.067303319970192,16760.0,16159.183333333332,15092.0,1668.0,8.677091885552025,469.2257913798957,-0.052312314166075,3.0758061526234792,408.0,9748.0,9585.66111111111,9224.0,524.0,1.4868946572425068,102.25251708469176,71.0,11335.0,71.0,0.3459859872218278,18.452361197631216,11292.0,11087.15,10613.0,679.0,2.6512742162823955,157.84040008642066,16267.0,15793.3,1414.0,6.786596294124304,377.8161726755428,14761.0,14351.677777777775,13517.0,1244.0,5.821689969855036,323.65205911493257,15164.0,13833.255555555555,10461.0,4703.0,19.783357511034293,1169.777805011471,False,0
M-TIM,medium,Arabika Timor Leste,B01,5,-0.0457966809675195,3.0529112196327706,16082.0,15578.244444444445,15105.0,977.0,-1.4533329217979976,252.2196130541533,-0.0342541436464088,2.262039312165627,85.0,9556.0,9347.816666666668,9104.0,452.0,-0.7465816846198956,108.8448475491092,88.0,11444.0,88.0,0.4741339753284566,24.754388785055134,10962.0,10703.244444444445,10426.0,536.0,-0.9093840344866608,143.19337326753055,15723.0,15302.205555555556,921.0,-0.9516620883360596,233.6218999745836,14241.0,13835.15,13399.0,842.0,-0.9310770908567136,206.7265885227022,13873.0,12475.31111111111,10629.0,3244.0,-3.169927055361791,741.0927632049419,False,0
M-TIM,medium,Arabika Timor Leste,B01,6,-0.0267888926612961,2.1962950576223954,15915.0,15709.222222222224,14431.0,1484.0,3.394094467936253,357.9137025846139,-0.0340699815837937,2.207564164561921,214.0,9500.0,9272.5,8939.0,561.0,-1.0379661923721926,115.71157071687068,49.0,11507.0,50.0,0.2408078438634937,13.685883750366788,10774.0,10597.7,10099.0,675.0,-0.489220860726154,147.42231739056496,15554.0,15330.605555555556,1304.0,1.86707100013375,302.1619769331656,13992.0,13802.255555555555,12908.0,1084.0,1.0456289803183223,235.13298560321996,13935.0,13328.572222222225,10112.0,3823.0,4.622353570583454,843.0692267019322,False,0
M-TIM,medium,Arabika Timor Leste,B01,7,-0.0043211210222537,2.361469100549309,16222.0,15958.777777777776,14601.0,1621.0,6.470037141064026,478.71847730059534,-0.0191775466320976,1.8597637729355645,466.0,9401.0,9310.744444444445,8864.0,537.0,1.0234225336172924,115.9901807740745,35.0,11538.0,35.0,0.189095342448841,9.970501183729365,10742.0,10637.094444444445,9990.0,752.0,2.403490848482978,194.58558448568013,15748.0,15527.45,1414.0,5.422972931263311,406.9361098330222,14097.0,13918.761111111113,12894.0,1203.0,4.421983188781546,330.41376403298585,14429.0,13786.744444444445,10420.0,4009.0,10.415772091731226,1095.8655471612367,False,0
M-TIM,medium,Arabika Timor Leste,B01,8,0.0170344763727275,2.140002088444655,15940.0,15495.25,15047.0,893.0,4.701570007304752,288.00059890921585,-0.0168184203216148,1.5221415701742036,424.0,9670.0,9496.56111111111,9175.0,495.0,2.0652252641542432,125.72943211244213,46.0,11575.0,47.0,0.2335545335761391,12.44301224355896,10991.0,10752.205555555556,10351.0,640.0,3.1287025319711512,177.1427381792259,15789.0,15435.266666666666,884.0,4.805078346039487,275.68133170028887,14270.0,13920.694444444443,13410.0,860.0,4.5975400475323305,260.5350767669233,13781.0,12500.05,10770.0,3011.0,12.602132781875984,846.6018915931869,False,0
M-TIM,medium,Arabika Timor Leste,B01,9,0.0237815981974752,2.002318643558363,16106.0,15275.833333333334,14653.0,1453.0,6.166630657324812,344.6531816804512,-0.0142380937683261,1.3473541214141218,490.0,9789.0,9566.922222222222,9287.0,502.0,1.7127503935306645,117.86491915840988,56.0,11608.0,57.0,0.2872856158111875,17.5888724980935,11139.0,10796.366666666669,10431.0,708.0,2.690198257147854,161.11770568065722,16085.0,15422.927777777775,1251.0,5.2730526662345545,295.6048440149281,14545.0,13961.43888888889,13431.0,1114.0,4.686586005740917,262.53708785912863,14193.0,12254.211111111112,10256.0,3937.0,16.11000133748984,924.9082575001992,False,0
M-TIM,medium,Arabika Timor Leste,B01,10,-0.0023591263104828,2.1012470064223194,16022.0,15717.472222222224,14782.0,1240.0,4.483849295760157,291.56590198742043,-0.0219132277745197,1.9256428948949016,262.0,9823.0,9632.05,9374.0,449.0,-0.1850808152514994,76.46303192652412,28.0,11600.0,43.0,0.1410979762749879,12.193366280641271,10996.0,10916.638888888889,10524.0,472.0,0.6481506630863092,99.30758964896404,15984.0,15761.027777777776,955.0,2.733206786217681,213.10884334619385,14387.0,14245.95,13625.0,762.0,2.033956809366544,165.42419739505732,13783.0,13195.327777777778,10407.0,3376.0,9.44589544944803,768.1990171500751,False,0
M-TIM,medium,Arabika Timor Leste,B02,1,-0.0029846600203709,1.5950244642603686,17723.0,17429.411111111112,16803.0,920.0,-0.1549718612714383,167.1119381607835,-0.0053201230490653,1.6523688392370028,244.0,9539.0,9220.788888888888,8967.0,572.0,-0.9421895737522764,123.62251014891386,-78.0,7655.0,79.0,-0.5099869337530993,26.81347854914853,10595.0,10235.944444444443,9821.0,774.0,-0.8060145889276418,150.26151215797904,16166.0,15742.105555555556,1160.0,-0.650031379569328,224.34882798224749,15415.0,15103.283333333333,14612.0,803.0,-0.4750280358447278,144.01727375445213,16457.0,15455.544444444444,13733.0,2724.0,-1.944062059528586,491.1078835866094,False,0
M-TIM,medium,Arabika Timor Leste,B02,2,-0.0030494768357048,1.616334988725734,17354.0,17294.494444444445,17043.0,311.0,0.3567527804356101,70.01951022778435,-0.0033056575820241,1.49423680770226,-66.0,9482.0,9313.677777777775,9204.0,278.0,-1.3120857639639087,77.77719614928398,3.0,7600.0,17.0,-0.0344259596489603,4.649139071165927,10434.0,10315.1,10189.0,245.0,-1.2287539738880828,81.53472715256719,15865.0,15749.55,383.0,-0.241922075784232,91.00999239140612,15253.0,15157.25,14996.0,257.0,-0.6795775589781577,66.2117708821623,15040.0,14876.505555555555,13773.0,1267.0,2.614910954041791,316.62353616892443,False,0
M-TIM,medium,Arabika Timor Leste,B02,3,0.0073397327077996,1.838143343083088,17402.0,17226.883333333335,16943.0,459.0,-0.1491928763233433,85.75059815417548,-0.0033961953558237,1.632337324104551,-26.0,9576.0,9240.56111111111,9104.0,472.0,-2.119442986923465,135.84686432245894,-17.0,7605.0,37.0,-0.1844110414930501,11.60360182956113,10489.0,10209.244444444445,10030.0,459.0,-2.112540510509584,139.5038543838764,15905.0,15623.011111111113,606.0,-1.141712192763151,132.43929731623794,15308.0,15056.594444444445,14845.0,463.0,-1.6090897867218124,114.82562428007849,15279.0,14779.0,13674.0,1605.0,1.3102297396010163,349.05257243576125,False,0
M-TIM,medium,Arabika Timor Leste,B02,4,0.0142113439715217,2.0551897941567847,17158.0,17094.522222222222,16870.0,288.0,0.9744333672849984,81.06659484339659,-0.0034003107091782,1.5189573836053425,21.0,9357.0,9077.06111111111,8997.0,360.0,-0.7598516415115691,77.13256120963788,-47.0,7559.0,52.0,-0.3126948362603783,16.788692952372376,10211.0,9998.116666666669,9871.0,340.0,-0.4996296181980924,70.31670375391356,15472.0,15397.5,295.0,0.4223834068952745,75.74468287107831,14960.0,14840.294444444444,14691.0,269.0,-0.1955914277189625,58.35603468884632,14887.0,14612.65,13631.0,1256.0,4.672316017984096,388.2572215834907,False,0
M-TIM,medium,Arabika Timor Leste,B02,5,0.0062306449787544,1.975800209543536,17239.0,17163.56111111111,16911.0,328.0,1.1569688364867228,75.4412097784543,-0.0062985483091041,1.7753746948919178,-88.0,9439.0,9231.566666666668,9160.0,279.0,0.4006666872434334,54.2102363089333,14.0,7516.0,15.0,0.0012850190849511,4.132275199453971,10319.0,10181.233333333334,10118.0,201.0,0.7805549553998581,51.89687884179119,15751.0,15601.133333333331,346.0,1.5568093665442346,82.41551624806918,15119.0,14984.533333333333,14876.0,243.0,1.0324557342304803,54.53648258698845,14872.0,14701.16111111111,13463.0,1409.0,2.503189398849759,291.0808823049897,False,0
M-TIM,medium,Arabika Timor Leste,B02,6,0.0006306779015813,1.9164014876066044,17123.0,17099.31111111111,16882.0,241.0,0.3994197351770116,44.693279822903655,-0.0007922055207465,1.4935823814673466,-42.0,9392.0,9241.677777777775,9160.0,232.0,-0.9736226426741564,55.7784579826514,5.0,7556.0,13.0,0.0024414333775733,3.0229568565271623,10314.0,10188.33888888889,10100.0,214.0,-0.9186219739292364,54.14548618985879,15655.0,15598.466666666667,202.0,-0.2840108233793224,41.29136152166515,15068.0,14985.033333333333,14903.0,165.0,-0.6206817082831775,41.65579895515364,14637.0,14525.366666666669,13521.0,1116.0,2.160056380340957,209.71843054851388,False,0
M-TIM,medium,Arabika Timor Leste,B02,7,0.0011862506044425,1.631652690615652,16994.0,16957.0,16754.0,240.0,0.6711791516199058,65.96359246376942,-0.0011646449993312,1.366487248067458,51.0,9196.0,9080.3,9032.0,164.0,-0.4934246941778037,42.49954321147885,-43.0,7543.0,43.0,-0.2544883072522814,13.475520947424233,10058.0,9973.733333333334,9883.0,175.0,-0.3179069312838873,46.05226566830732,15407.0,15350.305555555557,235.0,0.266752060248773,61.47771519965654,14821.0,14763.261111111113,14648.0,173.0,-0.1239595872300585,44.654397756346455,14455.0,14330.466666666667,13486.0,969.0,3.0145416010782227,280.6695386822982,False,0
M-TIM,medium,Arabika Timor Leste,B02,8,0.0110116567383766,1.7305359894196355,16947.0,16771.86111111111,16612.0,335.0,2.292828996779736,143.37682366060542,0.0039044414951078,1.4103787500164011,90.0,9177.0,8997.844444444445,8911.0,266.0,0.8328055392656151,70.10533353599016,-34.0,7490.0,34.0,-0.1715721678652633,9.16699847037884,9999.0,9834.166666666666,9715.0,284.0,1.4026214800868335,96.7590164406906,15307.0,15124.172222222222,362.0,2.2934401267528832,149.89101554969923,14731.0,14588.655555555555,14464.0,267.0,1.638134921859728,106.69233804213091,14616.0,13899.855555555556,13332.0,1284.0,8.851452205314983,547.8613281526307,False,0
M-TIM,medium,Arabika Timor Leste,B02,9,-0.0132195438130806,1.8034641470950372,16964.0,16924.87222222222,16699.0,265.0,0.7686934781937714,62.90473692811246,-0.0076957107729662,1.23265117780045,244.0,9309.0,9254.788888888888,9065.0,244.0,0.6090578927333148,43.68641286658354,69.0,7529.0,69.0,0.3764005061884625,19.696379410618253,10216.0,10153.111111111111,9899.0,317.0,0.9223268207866496,64.27341117626631,15574.0,15487.366666666669,413.0,1.5207424097451565,99.08750717528568,14940.0,14875.9,14616.0,324.0,1.0540572239883943,70.0343969758899,14310.0,14129.094444444445,13409.0,901.0,1.4981480909904623,198.45441048661297,False,0
M-TIM,medium,Arabika Timor Leste,B02,10,0.0005082461392841,1.502160661930679,16946.0,16909.355555555554,16685.0,261.0,0.6424292930851775,55.10656230601615,0.0013498359002849,1.2484627418858345,-59.0,9401.0,9232.205555555556,9145.0,256.0,-1.196188153955369,70.25577351349948,6.0,7575.0,19.0,-0.0314865685154891,4.268007819942025,10280.0,10128.855555555556,10025.0,255.0,-1.1865366215006636,71.9769611046287,15556.0,15494.955555555556,247.0,-0.2760311532248937,51.85872754507829,14948.0,14863.594444444445,14751.0,197.0,-0.7084570511435537,50.5440454220138,14337.0,14192.722222222224,13246.0,1091.0,3.275389158101587,254.3367989981848,False,0
M-TIM,medium,Arabika Timor Leste,B03,1,0.0025340288280502,2.5993063583160745,15484.0,15205.05,12835.0,2649.0,5.341468358076897,583.1990784318841,0.001514450034466,1.6689370011604194,411.0,9138.0,8939.85,8544.0,594.0,-0.5582487113799809,103.94957280889057,14.0,7506.0,14.0,0.0156362850705268,2.4944631423845665,8599.0,8355.316666666668,7286.0,1313.0,0.2222218792761091,245.98770180913675,14124.0,13668.022222222222,3389.0,4.902519625091308,730.502589333513,13265.0,13075.3,11468.0,1797.0,3.1103099889914296,376.72287133609166,14373.0,13365.394444444444,7452.0,6921.0,3.3179017870921927,1329.9462941112924,False,0
M-TIM,medium,Arabika Timor Leste,B03,2,-0.0076113460291984,2.016690136373273,14959.0,14656.638888888889,13686.0,1273.0,0.9206138049528276,276.3439231145385,-0.0102081339959052,1.719425654399046,175.0,9048.0,8936.038888888888,8715.0,333.0,-0.5178235953784581,71.53585372017042,59.0,7600.0,59.0,0.3086226941160735,16.172740704637583,8376.0,8174.344444444445,7623.0,753.0,0.0111772997108965,156.57380226447702,13456.0,13083.31111111111,1606.0,1.7478481846147518,364.46037693595775,13056.0,12824.383333333331,12114.0,942.0,0.5777349095136681,195.69281808558875,12887.0,11725.483333333334,7961.0,4926.0,2.113792606767699,1037.4181934497576,False,0
M-TIM,medium,Arabika Timor Leste,B03,3,0.0009238968280914,1.6859591040587725,14823.0,14608.372222222222,13470.0,1353.0,4.084351368869409,322.3626645445171,-0.0048756648867763,1.1438307792872775,266.0,9196.0,9079.327777777778,8781.0,415.0,0.1187474922065495,77.17323113601431,83.0,7717.0,83.0,0.4598156321697171,24.192392394774508,8517.0,8353.355555555556,7678.0,839.0,1.746216447009681,175.01685863639594,13536.0,13245.81111111111,1782.0,6.393514203113265,456.58777893834775,13185.0,12978.383333333331,12107.0,1078.0,2.9902929102750084,241.2902532487568,12292.0,11783.172222222222,7848.0,4444.0,8.384922374147347,978.942844643564,False,0
M-TIM,medium,Arabika Timor Leste,B03,4,0.0005874666913587,1.4200283261003543,14767.0,14578.45,13535.0,1232.0,3.09808224533679,292.36130312379885,-0.005209008508493,1.3947115687570777,192.0,9237.0,9110.727777777778,8859.0,378.0,-0.629421689969855,78.574579777514,66.0,7816.0,66.0,0.3084220706400403,16.646224894185732,8584.0,8406.905555555555,7820.0,764.0,0.3745784334907456,154.2403876281024,13670.0,13389.388888888889,1583.0,3.70474603125611,381.5919372572802,13199.0,13033.972222222224,12279.0,920.0,1.5778480817309175,201.68342997875416,12400.0,11704.177777777775,8030.0,4370.0,5.889196168606026,895.0554063905768,False,0
M-TIM,medium,Arabika Timor Leste,B03,5,0.0218782472710063,2.1121489493777523,14694.0,14391.31111111111,13382.0,1312.0,6.931864152185766,438.9971976455636,-0.0050289617992324,1.0748522049890548,205.0,9230.0,9123.255555555555,8894.0,336.0,0.5997839439488873,93.37753741721316,57.0,7903.0,57.0,0.3040217290657119,16.343777301672166,8545.0,8369.005555555555,7820.0,725.0,2.9288836075187503,226.41143883153927,13598.0,13222.177777777775,1618.0,8.769151311254461,554.4290853450948,13162.0,12964.072222222225,12247.0,915.0,4.554456413263783,305.09612059071384,12173.0,11313.394444444444,7904.0,4269.0,18.355559327962798,1386.5297724985312,False,0
M-TIM,medium,Arabika Timor Leste,B03,6,0.0065135755218782,1.4231721590915865,14589.0,14351.611111111111,13548.0,1041.0,4.231046225706554,278.6916236719428,-0.0047748387295904,1.3124410660411236,66.0,9237.0,9165.966666666667,9062.0,175.0,-0.2111958188009917,37.11087118051174,52.0,7984.0,52.0,0.2283270059775507,12.405034670023865,8505.0,8413.066666666668,7982.0,523.0,1.2309145343992098,120.23615496552549,13585.0,13299.966666666667,1297.0,5.282759755959545,353.7358623820824,13153.0,13005.922222222222,12466.0,687.0,2.470247024085105,175.46390087137758,11880.0,11245.56111111111,8099.0,3781.0,10.220407008446765,873.4180730456525,False,0
M-TIM,medium,Arabika Timor Leste,B03,7,0.0131146023025401,1.7502238927452076,14940.0,14596.816666666668,13435.0,1505.0,6.418783501548402,399.2778603636023,-0.0068500056586108,1.458764900229055,332.0,9315.0,9250.644444444444,8982.0,333.0,0.8555675586695064,61.348862498478574,45.0,8053.0,45.0,0.2090537773799602,11.051338917452703,8735.0,8575.33888888889,7937.0,798.0,2.820283547846126,187.83914323325183,14131.0,13661.255555555555,1882.0,8.369439385989278,510.0845161893411,13467.0,13216.705555555556,12405.0,1062.0,4.434841610337768,271.43328855643546,12380.0,11874.544444444444,8095.0,4285.0,12.32317458357768,1026.320766841152,False,0
M-TIM,medium,Arabika Timor Leste,B03,8,0.006282086895686,1.7654523074223056,14667.0,14353.672222222222,13611.0,1056.0,6.23259874275955,354.5369602838676,-0.0119314382131135,1.7151151890563627,259.0,9320.0,9249.027777777776,9026.0,294.0,0.955277426258012,68.7056250334371,49.0,8122.0,49.0,0.2299186188874142,12.239874392315668,8645.0,8500.611111111111,8014.0,631.0,3.1849213453090117,191.8636733454161,13909.0,13474.305555555557,1388.0,8.225503873576345,459.8889603316057,13330.0,13108.06111111111,12555.0,775.0,4.35291727110919,248.0021887605903,11965.0,11139.416666666666,8269.0,3696.0,17.146050804037163,1097.49807841422,False,0
M-TIM,medium,Arabika Timor Leste,B03,9,0.0053479016842083,1.80903999356676,14575.0,14368.083333333334,13475.0,1100.0,4.782626006975522,315.55774644394666,-0.0100887887486239,1.664244049333443,215.0,9409.0,9293.15,9049.0,360.0,0.1379085774252292,72.98989560435881,43.0,8183.0,43.0,0.1998168667757235,11.240390060628847,8675.0,8565.883333333333,8029.0,646.0,1.7387954360731297,167.42396840216975,13819.0,13565.2,1359.0,5.742469417780384,397.7686562697148,13314.0,13179.783333333333,12527.0,787.0,2.9535428048190786,215.45856709371805,11767.0,11218.494444444445,8166.0,3601.0,11.524795003961026,964.3735425538706,False,0
M-TIM,medium,Arabika Timor Leste,B03,10,0.0080702079282282,1.741557626695476,14423.0,14301.65,13495.0,928.0,2.8651758799139904,231.3195442764096,-0.0059960698375464,2.175023277342852,162.0,9355.0,9274.366666666669,9085.0,270.0,-0.1532886817494365,49.675921800243536,22.0,8221.0,22.0,0.0812607385001594,4.749919140740757,8638.0,8538.08888888889,8077.0,561.0,0.7471074210109369,120.78441429335452,13711.0,13531.41111111111,1166.0,3.493504943568217,304.29034188806634,13228.0,13145.9,12586.0,642.0,1.6892784756731174,153.9768937174753,11527.0,11112.766666666666,8246.0,3281.0,5.75586489294937,707.7364586991877,False,0
M-TIM,medium,Arabika Timor Leste,B04,1,-0.1775167957858781,9.587408654979026,17097.0,16476.555555555555,15384.0,1713.0,-4.234795312612529,378.3192501008855,-0.1664218031420722,8.90903578868371,82.0,10386.0,9712.5,9373.0,1013.0,-3.491613938701812,228.1643899183561,441.0,9698.0,441.0,2.28265892980236,119.21212439223828,12344.0,11453.361111111111,10844.0,1500.0,-7.893005956973982,424.2028971147489,18264.0,17084.155555555557,2195.0,-11.138994001872485,606.1478037779476,15363.0,14755.294444444444,13916.0,1447.0,-4.755347387265039,348.11772710430967,16475.0,14553.65,10160.0,6315.0,-9.97902507279031,1133.1809012809615,True,11
M-TIM,medium,Arabika Timor Leste,B04,2,-0.0235007253310287,2.393893535014296,15751.0,15490.144444444444,14813.0,938.0,-0.8799860077985945,212.04953891061308,-0.0071936376637139,1.3927184943373423,97.0,9565.0,9392.933333333332,9186.0,379.0,-1.136827268331327,87.70013663889269,218.0,10032.0,218.0,1.1914554975976623,62.251825088729056,10703.0,10467.611111111111,10237.0,466.0,-2.3017953229009125,142.46341837179654,15534.0,14965.716666666667,1170.0,-6.121126166445467,361.34239592797866,14195.0,13989.85,13429.0,766.0,-0.8522084014938732,168.6360490497395,13733.0,12971.027777777776,9979.0,3754.0,-1.7315277220490346,745.6665978852332,False,0
M-TIM,medium,Arabika Timor Leste,B04,3,0.0091155076802781,1.8818615399038623,15527.0,15333.205555555556,14335.0,1192.0,4.66964103830365,335.1118332006291,-0.0160467915676409,1.7151151890563625,140.0,9395.0,9315.772222222222,9130.0,265.0,-0.1754817535520643,57.98254703268277,125.0,10215.0,125.0,0.6844038396246798,35.695320813729,10253.0,10166.405555555555,9936.0,317.0,-0.1049445970554646,75.69482224178067,14354.0,14185.33888888889,1025.0,2.6363807524923604,269.2465000864717,14036.0,13910.955555555556,13231.0,805.0,2.5654310318219693,212.44574258944888,13634.0,13155.505555555555,9876.0,3758.0,10.131274627817731,957.3992092011669,False,0
M-TIM,medium,Arabika Timor Leste,B04,4,-0.0795765301398191,4.657333044380852,15133.0,15037.666666666666,14433.0,700.0,1.7663899091535746,169.30284260450702,-0.1024064528740598,5.6691417532548805,318.0,9366.0,9304.677777777775,9044.0,322.0,0.8819510890253813,63.18012341737028,81.0,10334.0,81.0,0.4447935635873534,23.189605218554863,10101.0,10040.877777777778,9720.0,381.0,1.1371420928629483,83.33841995648943,13955.0,13843.511111111113,877.0,2.835647190756916,224.0621544077997,13935.0,13824.283333333333,13282.0,653.0,2.225366009238968,153.23331883112107,12918.0,12529.372222222222,10311.0,2607.0,3.867474304762493,579.8188508342444,False,0
M-TIM,medium,Arabika Timor Leste,B04,5,-0.0659495663446402,3.7750980929535434,14802.0,14737.95,14237.0,565.0,0.974917950142494,119.70243716686451,-0.0539594843462246,3.142838903749667,131.0,9522.0,9464.022222222222,9300.0,222.0,-0.0146568309721493,34.22142090365952,41.0,10401.0,41.0,0.2201981542640204,11.568783313809927,10215.0,10163.91111111111,9941.0,274.0,0.1729230326038869,49.5354157926725,13935.0,13853.611111111111,741.0,1.954154963630564,169.4552358908558,14003.0,13951.027777777776,13528.0,475.0,1.113251437801578,99.26598941355502,12225.0,11983.172222222222,10069.0,2156.0,2.495849666141959,401.6671518808353,False,0
M-TIM,medium,Arabika Timor Leste,B04,6,-0.0351708386061298,2.600022680510349,14766.0,14612.25,13957.0,809.0,1.2650791691101575,172.74319348053848,-0.0302365299340514,2.2107673420883067,60.0,9519.0,9381.283333333333,9241.0,278.0,-1.1219245449962447,77.60523761337203,-24.0,10409.0,29.0,-0.1622128254987293,8.790167183060015,10197.0,10051.05,9833.0,364.0,-0.9700680062141837,88.63775221269115,14071.0,13865.538888888888,960.0,1.3167926993631491,208.3824739810085,14068.0,13915.955555555556,13479.0,589.0,0.0361081103326234,112.21193148114304,12652.0,12162.488888888887,10059.0,2593.0,2.72813975739992,512.9376941580175,False,0
M-TIM,medium,Arabika Timor Leste,B04,7,-0.0045124849532392,1.7436948576723146,14685.0,14505.655555555555,13783.0,902.0,4.31951397676883,282.25245885133154,-0.036827268331327,2.304631937527904,117.0,9355.0,9281.705555555556,9135.0,220.0,0.0276479726740537,55.061641153395314,-98.0,10361.0,98.0,-0.5504871549533421,28.847256624737,9997.0,9927.511111111113,9695.0,302.0,0.6027696328075969,82.12597551023146,14005.0,13831.255555555555,932.0,4.341107235820035,297.37685817665647,13931.0,13837.833333333334,13380.0,551.0,2.250863709785281,167.0576958509148,12618.0,12248.066666666668,10166.0,2452.0,9.543891272364371,752.3995476670683,False,0
M-TIM,medium,Arabika Timor Leste,B04,8,-0.0310482833832319,2.3419632906227323,14517.0,14436.405555555555,13818.0,699.0,1.976057903021698,161.32450025452178,-0.0182022078870747,1.737596819286207,200.0,9293.0,9228.905555555555,9066.0,227.0,0.0763819870983672,40.28109295203277,-164.0,10218.0,164.0,-0.9246890336121484,48.205982613950894,9918.0,9862.272222222222,9618.0,300.0,0.4360618126073849,56.92215899786546,13971.0,13847.855555555556,798.0,2.3798018457359795,185.47915066683876,13884.0,13804.183333333332,13384.0,500.0,1.2082770044342932,100.2103639306142,12449.0,12232.394444444444,10384.0,2065.0,3.1989042871693565,437.5789218165397,False,0
M-TIM,medium,Arabika Timor Leste,B04,9,-0.0211066185170324,1.8169745865159184,14649.0,14425.894444444444,13840.0,809.0,3.3301511363519447,196.82517828507665,-0.0115713447945924,1.4787025198286958,256.0,9565.0,9446.483333333334,9309.0,256.0,1.3241488934843666,69.69370137374815,-183.0,10002.0,183.0,-1.0218185746473656,53.26133262576731,10264.0,10108.15,9885.0,379.0,1.843506486825725,98.0485841832262,14399.0,14104.772222222222,936.0,4.023300101854995,229.09130259005568,14268.0,14048.8,13635.0,633.0,2.882453162134633,158.34378128813808,12288.0,12017.3,10273.0,2015.0,4.586476948877023,423.8331718281374,False,0
M-TIM,medium,Arabika Timor Leste,B04,10,0.0135981563216971,1.9726481648086425,14619.0,14464.888888888889,13909.0,710.0,2.899745876930357,209.8480399619056,-0.0111752420342191,1.3314232127954106,-20.0,9644.0,9564.388888888889,9461.0,183.0,-0.4488451289648857,59.30504315831775,-216.0,9760.0,216.0,-1.1931746864615165,62.274770087472405,10340.0,10254.166666666666,10098.0,242.0,-0.049838986800004,75.58002898995808,14518.0,14343.788888888888,732.0,2.742555840200829,217.63510512322856,14354.0,14233.68888888889,13909.0,445.0,1.1563463892918506,123.90392245106098,12284.0,11940.75,10249.0,2035.0,6.782455219811311,601.5077134414894,False,0
