timestamp,sample_id,roast_level,origin,batch_id,run_id,phase,sample_idx,adc_tgs822,adc_mq135,adc_mq3,adc_tgs2611,adc_tgs2620,adc_tgs2600,adc_tgs2602,adc_mq8,adc_tgs813,adc_tgs816,temperature,humidity
2180,M-MUK,medium,Temanggung,B16,1,purging,1,9739,2950,2943,6341,10996,2943,8853,15008,16841,16271,,
3179,M-MUK,medium,Temanggung,B16,1,purging,2,9672,2951,2947,6330,10926,2943,8833,14947,16710,16214,,
4179,M-MUK,medium,Temanggung,B16,1,purging,3,9610,2953,2941,6322,10860,2946,8819,14889,16583,16159,,
5179,M-MUK,medium,Temanggung,B16,1,purging,4,9551,2947,2946,6316,10797,2942,8808,14833,16461,16106,,
6179,M-MUK,medium,Temanggung,B16,1,purging,5,9497,2950,2947,6312,10739,2941,8800,14780,16343,16055,,
7179,M-MUK,medium,Temanggung,B16,1,purging,6,9447,2950,2940,6311,10683,2942,8795,14729,16231,16006,,
8179,M-MUK,medium,Temanggung,B16,1,purging,7,9399,2950,2946,6310,10630,2939,8791,14681,16125,15959,,
9179,M-MUK,medium,Temanggung,B16,1,purging,8,9354,2951,2941,6312,10581,2945,8791,14635,16024,15914,,
10179,M-MUK,medium,Temanggung,B16,1,purging,9,9313,2950,2943,6315,10533,2940,8790,14591,15929,15869,,
11181,M-MUK,medium,Temanggung,B16,1,purging,10,9273,2948,2943,6320,10488,2940,8791,14548,15840,15826,,
12180,M-MUK,medium,Temanggung,B16,1,purging,11,9236,2948,2941,6325,10445,2943,8792,14506,15756,15785,,
13180,M-MUK,medium,Temanggung,B16,1,purging,12,9200,2947,2946,6332,10403,2943,8794,14467,15677,15744,,
14180,M-MUK,medium,Temanggung,B16,1,purging,13,9167,2944,2941,6340,10363,2941,8796,14428,15603,15705,,
15180,M-MUK,medium,Temanggung,B16,1,purging,14,9135,2946,2945,6348,10324,2939,8799,14391,15533,15666,,
16180,M-MUK,medium,Temanggung,B16,1,purging,15,9105,2948,2941,6358,10287,2939,8802,14355,15468,15629,,
17180,M-MUK,medium,Temanggung,B16,1,purging,16,9076,2948,2941,6368,10251,2941,8806,14320,15407,15592,,
18181,M-MUK,medium,Temanggung,B16,1,purging,17,9050,2948,2941,6380,10217,2937,8810,14287,15350,15557,,
19180,M-MUK,medium,Temanggung,B16,1,purging,18,9023,2948,2944,6391,10183,2939,8814,14254,15296,15523,,
20180,M-MUK,medium,Temanggung,B16,1,purging,19,8999,2944,2942,6403,10151,2937,8818,14223,15246,15490,,
21180,M-MUK,medium,Temanggung,B16,1,purging,20,8975,2948,2945,6415,10121,2936,8822,14193,15199,15458,,
22180,M-MUK,medium,Temanggung,B16,1,purging,21,8952,2947,2941,6428,10090,2939,8827,14163,15155,15427,,
23180,M-MUK,medium,Temanggung,B16,1,purging,22,8930,2948,2941,6441,10061,2937,8832,14135,15114,15397,,
24180,M-MUK,medium,Temanggung,B16,1,purging,23,8909,2949,2942,6455,10032,2940,8836,14108,15075,15367,,
25180,M-MUK,medium,Temanggung,B16,1,purging,24,8889,2949,2942,6469,10004,2939,8841,14081,15038,15339,,
26180,M-MUK,medium,Temanggung,B16,1,purging,25,8870,2944,2943,6483,9978,2936,8846,14055,15004,15311,,
27181,M-MUK,medium,Temanggung,B16,1,purging,26,8851,2950,2941,6498,9951,2934,8850,14030,14972,15284,,
28180,M-MUK,medium,Temanggung,B16,1,purging,27,8832,2945,2944,6512,9926,2935,8855,14006,14942,15258,,
29180,M-MUK,medium,Temanggung,B16,1,purging,28,8815,2947,2941,6527,9902,2935,8860,13982,14913,15233,,
30180,M-MUK,medium,Temanggung,B16,1,purging,29,8798,2945,2942,6542,9878,2937,8865,13959,14886,15209,,
31180,M-MUK,medium,Temanggung,B16,1,purging,30,8781,2948,2942,6557,9854,2938,8870,13937,14860,15185,,
32180,M-MUK,medium,Temanggung,B16,1,purging,31,8765,2946,2944,6573,9831,2935,8875,13915,14836,15161,,
33180,M-MUK,medium,Temanggung,B16,1,purging,32,8750,2944,2940,6587,9810,2932,8880,13894,14814,15139,,
34181,M-MUK,medium,Temanggung,B16,1,purging,33,8735,2945,2940,6603,9788,2933,8886,13873,14792,15117,,
35180,M-MUK,medium,Temanggung,B16,1,purging,34,8722,2943,2940,6618,9767,2933,8891,13852,14772,15095,,
36180,M-MUK,medium,Temanggung,B16,1,purging,35,8707,2942,2942,6634,9746,2933,8895,13833,14753,15074,,
37180,M-MUK,medium,Temanggung,B16,1,purging,36,8695,2942,2940,6649,9726,2934,8901,13814,14735,15054,,
38180,M-MUK,medium,Temanggung,B16,1,purging,37,8681,2947,2940,6664,9707,2935,8906,13795,14718,15035,,
39180,M-MUK,medium,Temanggung,B16,1,purging,38,8670,2943,2939,6680,9688,2934,8910,13777,14702,15015,,
40180,M-MUK,medium,Temanggung,B16,1,purging,39,8658,2942,2938,6695,9669,2931,8915,13759,14686,14996,,
41180,M-MUK,medium,Temanggung,B16,1,purging,40,8645,2946,2942,6710,9650,2927,8920,13742,14672,14979,,
42180,M-MUK,medium,Temanggung,B16,1,purging,41,8634,2947,2942,6726,9633,2928,8925,13725,14657,14961,,
43181,M-MUK,medium,Temanggung,B16,1,purging,42,8623,2944,2938,6741,9616,2931,8930,13708,14644,14944,,
44180,M-MUK,medium,Temanggung,B16,1,purging,43,8611,2946,2942,6757,9599,2927,8935,13692,14632,14928,,
45180,M-MUK,medium,Temanggung,B16,1,purging,44,8601,2947,2940,6772,9582,2931,8940,13676,14620,14911,,
46180,M-MUK,medium,Temanggung,B16,1,purging,45,8590,2942,2942,6787,9566,2930,8944,13661,14608,14895,,
47180,M-MUK,medium,Temanggung,B16,1,purging,46,8580,2946,2942,6802,9549,2930,8949,13646,14597,14880,,
48180,M-MUK,medium,Temanggung,B16,1,purging,47,8570,2947,2940,6818,9533,2929,8954,13631,14587,14865,,
49180,M-MUK,medium,Temanggung,B16,1,purging,48,8559,2944,2940,6832,9518,2930,8958,13617,14577,14850,,
50181,M-MUK,medium,Temanggung,B16,1,purging,49,8549,2947,2941,6848,9503,2930,8963,13602,14568,14836,,
51180,M-MUK,medium,Temanggung,B16,1,purging,50,8539,2942,2942,6862,9488,2929,8967,13588,14558,14821,,
52180,M-MUK,medium,Temanggung,B16,1,purging,51,8529,2942,2942,6877,9473,2930,8972,13574,14549,14808,,
53180,M-MUK,medium,Temanggung,B16,1,purging,52,8520,2946,2941,6891,9459,2932,8976,13561,14541,14795,,
54180,M-MUK,medium,Temanggung,B16,1,purging,53,8510,2944,2941,6906,9445,2929,8981,13548,14532,14781,,
55180,M-MUK,medium,Temanggung,B16,1,purging,54,8502,2944,2942,6920,9431,2929,8986,13535,14524,14769,,
56180,M-MUK,medium,Temanggung,B16,1,purging,55,8493,2943,2939,6934,9418,2928,8990,13522,14516,14757,,
57180,M-MUK,medium,Temanggung,B16,1,purging,56,8484,2947,2941,6948,9404,2931,8993,13510,14509,14745,,
58180,M-MUK,medium,Temanggung,B16,1,purging,57,8476,2946,2937,6962,9392,2929,8998,13498,14501,14732,,
59181,M-MUK,medium,Temanggung,B16,1,purging,58,8468,2942,2941,6976,9379,2931,9003,13486,14495,14721,,
60180,M-MUK,medium,Temanggung,B16,1,purging,59,8460,2944,2941,6990,9366,2927,9007,13474,14488,14709,,
61180,M-MUK,medium,Temanggung,B16,1,purging,60,8452,2942,2941,7004,9354,2930,9011,13462,14481,14698,,
62180,M-MUK,medium,Temanggung,B16,1,purging,61,8445,2946,2940,7017,9341,2931,9014,13450,14475,14687,,
63180,M-MUK,medium,Temanggung,B16,1,purging,62,8438,2942,2938,7030,9330,2931,9018,13439,14469,14676,,
64180,M-MUK,medium,Temanggung,B16,1,purging,63,8431,2942,2937,7043,9317,2927,9022,13427,14462,14664,,
65180,M-MUK,medium,Temanggung,B16,1,purging,64,8425,2941,2937,7057,9306,2928,9024,13416,14456,14654,,
66181,M-MUK,medium,Temanggung,B16,1,purging,65,8419,2946,2939,7070,9294,2928,9027,13404,14450,14643,,
67180,M-MUK,medium,Temanggung,B16,1,purging,66,8413,2940,2935,7083,9283,2928,9030,13394,14445,14633,,
68180,M-MUK,medium,Temanggung,B16,1,purging,67,8408,2944,2935,7096,9272,2928,9033,13383,14439,14623,,
69180,M-MUK,medium,Temanggung,B16,1,purging,68,8403,2944,2935,7108,9260,2926,9036,13373,14433,14613,,
70180,M-MUK,medium,Temanggung,B16,1,purging,69,8398,2941,2935,7121,9249,2925,9040,13362,14428,14604,,
71180,M-MUK,medium,Temanggung,B16,1,purging,70,8393,2942,2935,7133,9238,2927,9043,13353,14423,14595,,
72180,M-MUK,medium,Temanggung,B16,1,purging,71,8387,2943,2935,7145,9227,2925,9046,13342,14417,14586,,
73180,M-MUK,medium,Temanggung,B16,1,purging,72,8383,2944,2935,7158,9216,2926,9049,13333,14412,14576,,
74180,M-MUK,medium,Temanggung,B16,1,purging,73,8377,2944,2937,7169,9207,2926,9051,13323,14406,14567,,
75181,M-MUK,medium,Temanggung,B16,1,purging,74,8372,2940,2934,7182,9196,2924,9055,13313,14401,14559,,
76180,M-MUK,medium,Temanggung,B16,1,purging,75,8368,2941,2938,7194,9187,2928,9057,13304,14396,14550,,
77180,M-MUK,medium,Temanggung,B16,1,purging,76,8364,2940,2937,7205,9177,2926,9060,13294,14392,14541,,
78180,M-MUK,medium,Temanggung,B16,1,purging,77,8360,2941,2936,7217,9167,2926,9063,13285,14387,14534,,
79180,M-MUK,medium,Temanggung,B16,1,purging,78,8356,2938,2935,7228,9158,2924,9065,13276,14382,14525,,
80180,M-MUK,medium,Temanggung,B16,1,purging,79,8352,2938,2934,7240,9149,2927,9068,13267,14377,14518,,
81180,M-MUK,medium,Temanggung,B16,1,purging,80,8348,2938,2936,7251,9140,2927,9070,13259,14373,14511,,
82181,M-MUK,medium,Temanggung,B16,1,purging,81,8344,2938,2933,7262,9131,2925,9073,13250,14368,14503,,
83180,M-MUK,medium,Temanggung,B16,1,purging,82,8339,2937,2934,7272,9123,2925,9075,13242,14363,14496,,
84180,M-MUK,medium,Temanggung,B16,1,purging,83,8335,2937,2934,7283,9115,2924,9079,13234,14358,14489,,
85180,M-MUK,medium,Temanggung,B16,1,purging,84,8331,2940,2933,7294,9106,2920,9082,13225,14353,14482,,
86180,M-MUK,medium,Temanggung,B16,1,purging,85,8327,2936,2932,7305,9098,2923,9084,13217,14349,14476,,
87180,M-MUK,medium,Temanggung,B16,1,purging,86,8322,2937,2932,7316,9090,2922,9087,13210,14344,14469,,
88180,M-MUK,medium,Temanggung,B16,1,purging,87,8318,2937,2934,7326,9082,2920,9090,13202,14339,14463,,
89180,M-MUK,medium,Temanggung,B16,1,purging,88,8315,2940,2936,7336,9074,2921,9093,13194,14335,14455,,
90180,M-MUK,medium,Temanggung,B16,1,purging,89,8311,2935,2934,7346,9067,2919,9096,13186,14330,14449,,
91181,M-MUK,medium,Temanggung,B16,1,purging,90,8307,2935,2935,7356,9059,2920,9099,13178,14325,14442,,
92180,M-MUK,medium,Temanggung,B16,1,purging,91,8304,2937,2937,7366,9052,2922,9101,13170,14321,14436,,
93180,M-MUK,medium,Temanggung,B16,1,purging,92,8302,2935,2932,7376,9045,2923,9104,13162,14317,14429,,
94180,M-MUK,medium,Temanggung,B16,1,purging,93,8299,2940,2933,7385,9037,2919,9106,13155,14312,14423,,
95180,M-MUK,medium,Temanggung,B16,1,purging,94,8297,2938,2933,7395,9030,2921,9108,13147,14307,14417,,
96180,M-MUK,medium,Temanggung,B16,1,purging,95,8294,2939,2934,7404,9023,2919,9110,13141,14303,14411,,
97180,M-MUK,medium,Temanggung,B16,1,purging,96,8292,2937,2932,7414,9016,2919,9112,13133,14298,14405,,
98181,M-MUK,medium,Temanggung,B16,1,purging,97,8290,2938,2933,7424,9009,2920,9114,13126,14294,14400,,
99180,M-MUK,medium,Temanggung,B16,1,purging,98,8288,2936,2932,7433,9004,2919,9117,13120,14289,14395,,
100180,M-MUK,medium,Temanggung,B16,1,purging,99,8286,2936,2927,7442,8997,2919,9119,13113,14286,14389,,
101180,M-MUK,medium,Temanggung,B16,1,purging,100,8285,2934,2928,7451,8992,2919,9121,13106,14281,14384,,
102180,M-MUK,medium,Temanggung,B16,1,purging,101,8283,2935,2929,7460,8986,2917,9123,13099,14277,14378,,
103180,M-MUK,medium,Temanggung,B16,1,purging,102,8281,2932,2927,7469,8980,2919,9126,13093,14273,14374,,
104180,M-MUK,medium,Temanggung,B16,1,purging,103,8279,2930,2930,7477,8973,2917,9128,13086,14268,14368,,
105180,M-MUK,medium,Temanggung,B16,1,purging,104,8277,2932,2932,7486,8967,2918,9130,13079,14264,14363,,
106180,M-MUK,medium,Temanggung,B16,1,purging,105,8276,2932,2929,7494,8961,2917,9132,13073,14259,14357,,
107181,M-MUK,medium,Temanggung,B16,1,purging,106,8274,2933,2926,7503,8955,2917,9133,13066,14255,14353,,
108180,M-MUK,medium,Temanggung,B16,1,purging,107,8272,2936,2924,7511,8950,2915,9135,13060,14250,14348,,
109180,M-MUK,medium,Temanggung,B16,1,purging,108,8270,2933,2926,7519,8944,2917,9137,13054,14246,14343,,
110180,M-MUK,medium,Temanggung,B16,1,purging,109,8269,2932,2924,7528,8939,2916,9139,13048,14242,14339,,
111180,M-MUK,medium,Temanggung,B16,1,purging,110,8267,2931,2927,7536,8934,2918,9141,13042,14237,14334,,
112180,M-MUK,medium,Temanggung,B16,1,purging,111,8265,2930,2927,7544,8928,2915,9143,13036,14233,14330,,
113180,M-MUK,medium,Temanggung,B16,1,purging,112,8263,2930,2926,7552,8923,2915,9145,13030,14229,14325,,
114181,M-MUK,medium,Temanggung,B16,1,purging,113,8262,2932,2927,7560,8918,2916,9146,13024,14224,14320,,
115180,M-MUK,medium,Temanggung,B16,1,purging,114,8261,2928,2926,7569,8913,2914,9148,13018,14219,14316,,
116180,M-MUK,medium,Temanggung,B16,1,purging,115,8258,2931,2926,7576,8908,2917,9149,13012,14214,14311,,
117180,M-MUK,medium,Temanggung,B16,1,purging,116,8257,2931,2926,7583,8903,2916,9151,13007,14210,14306,,
118180,M-MUK,medium,Temanggung,B16,1,purging,117,8255,2929,2926,7591,8898,2914,9153,13000,14205,14302,,
119180,M-MUK,medium,Temanggung,B16,1,purging,118,8253,2930,2923,7599,8893,2917,9155,12994,14200,14297,,
120180,M-MUK,medium,Temanggung,B16,1,purging,119,8251,2930,2923,7607,8888,2915,9156,12988,14195,14293,,
121180,M-MUK,medium,Temanggung,B16,1,purging,120,8250,2929,2924,7614,8883,2915,9157,12983,14190,14289,,
122183,M-MUK,medium,Temanggung,B16,1,collecting,1,8248,2929,2925,7622,8878,2914,9159,12978,14184,14285,,
123181,M-MUK,medium,Temanggung,B16,1,collecting,2,8251,2931,2923,7629,8875,2915,9160,12972,14179,14277,,
124180,M-MUK,medium,Temanggung,B16,1,collecting,3,9012,2929,2923,7636,8992,2915,9295,13058,14200,14474,,
125180,M-MUK,medium,Temanggung,B16,1,collecting,4,11173,2932,2926,7644,9296,2914,9639,13474,14398,14860,,
126180,M-MUK,medium,Temanggung,B16,1,collecting,5,13142,2939,2921,7653,9604,2917,9949,14066,14799,15198,,
127180,M-MUK,medium,Temanggung,B16,1,collecting,6,14394,2940,2924,7663,9817,2915,10109,14607,15278,15430,,
128180,M-MUK,medium,Temanggung,B16,1,collecting,7,15144,2938,2922,7672,9946,2916,10167,15011,15699,15590,,
129180,M-MUK,medium,Temanggung,B16,1,collecting,8,15601,2940,2920,7679,10022,2914,10175,15295,16017,15706,,
130181,M-MUK,medium,Temanggung,B16,1,collecting,9,15889,2937,2923,7687,10067,2914,10158,15489,16242,15792,,
131180,M-MUK,medium,Temanggung,B16,1,collecting,10,16073,2936,2920,7694,10092,2914,10135,15623,16397,15855,,
132180,M-MUK,medium,Temanggung,B16,1,collecting,11,16191,2937,2920,7700,10106,2913,10110,15718,16502,15904,,
133180,M-MUK,medium,Temanggung,B16,1,collecting,12,16265,2941,2920,7706,10112,2912,10085,15785,16572,15941,,
134180,M-MUK,medium,Temanggung,B16,1,collecting,13,16305,2941,2924,7713,10112,2911,10061,15833,16620,15969,,
135180,M-MUK,medium,Temanggung,B16,1,collecting,14,16322,2942,2919,7718,10108,2912,10038,15868,16650,15989,,
136180,M-MUK,medium,Temanggung,B16,1,collecting,15,16319,2935,2923,7724,10102,2913,10016,15890,16666,16003,,
137180,M-MUK,medium,Temanggung,B16,1,collecting,16,16301,2941,2920,7730,10093,2910,9995,15905,16674,16013,,
138180,M-MUK,medium,Temanggung,B16,1,collecting,17,16271,2938,2921,7734,10082,2911,9975,15913,16673,16019,,
139181,M-MUK,medium,Temanggung,B16,1,collecting,18,16231,2936,2919,7740,10070,2912,9954,15916,16668,16022,,
140180,M-MUK,medium,Temanggung,B16,1,collecting,19,16184,2939,2923,7746,10055,2910,9934,15914,16658,16022,,
141180,M-MUK,medium,Temanggung,B16,1,collecting,20,16132,2938,2919,7751,10041,2910,9915,15909,16645,16020,,
142180,M-MUK,medium,Temanggung,B16,1,collecting,21,16075,2935,2918,7756,10027,2912,9898,15901,16628,16017,,
143180,M-MUK,medium,Temanggung,B16,1,collecting,22,16015,2935,2918,7762,10011,2909,9881,15892,16610,16013,,
144180,M-MUK,medium,Temanggung,B16,1,collecting,23,15952,2934,2919,7768,9996,2911,9867,15882,16591,16007,,
145180,M-MUK,medium,Temanggung,B16,1,collecting,24,15888,2934,2922,7773,9981,2912,9853,15870,16570,16001,,
146181,M-MUK,medium,Temanggung,B16,1,collecting,25,15823,2933,2918,7778,9965,2908,9839,15858,16549,15994,,
147180,M-MUK,medium,Temanggung,B16,1,collecting,26,15757,2932,2921,7784,9951,2907,9825,15845,16529,15986,,
148180,M-MUK,medium,Temanggung,B16,1,collecting,27,15692,2937,2919,7789,9936,2907,9814,15832,16507,15979,,
149180,M-MUK,medium,Temanggung,B16,1,collecting,28,15627,2933,2921,7795,9922,2907,9802,15817,16485,15970,,
150180,M-MUK,medium,Temanggung,B16,1,collecting,29,15562,2934,2919,7800,9908,2909,9790,15804,16463,15961,,
151180,M-MUK,medium,Temanggung,B16,1,collecting,30,15499,2933,2919,7805,9895,2907,9781,15790,16442,15953,,
152180,M-MUK,medium,Temanggung,B16,1,collecting,31,15434,2937,2919,7811,9882,2908,9772,15775,16421,15943,,
153180,M-MUK,medium,Temanggung,B16,1,collecting,32,15372,2933,2919,7816,9869,2908,9762,15761,16399,15934,,
154180,M-MUK,medium,Temanggung,B16,1,collecting,33,15309,2933,2918,7820,9856,2908,9753,15747,16378,15924,,
155181,M-MUK,medium,Temanggung,B16,1,collecting,34,15248,2932,2917,7826,9843,2908,9746,15733,16357,15914,,
156180,M-MUK,medium,Temanggung,B16,1,collecting,35,15190,2933,2917,7831,9832,2907,9739,15718,16336,15904,,
157180,M-MUK,medium,Temanggung,B16,1,collecting,36,15131,2933,2917,7836,9820,2905,9732,15704,16317,15895,,
158180,M-MUK,medium,Temanggung,B16,1,collecting,37,15075,2930,2917,7840,9810,2906,9725,15691,16297,15885,,
159180,M-MUK,medium,Temanggung,B16,1,collecting,38,15019,2932,2917,7846,9798,2905,9717,15677,16278,15876,,
160180,M-MUK,medium,Temanggung,B16,1,collecting,39,14965,2935,2917,7851,9788,2906,9710,15663,16259,15865,,
161180,M-MUK,medium,Temanggung,B16,1,collecting,40,14912,2931,2916,7856,9778,2905,9704,15650,16241,15855,,
162181,M-MUK,medium,Temanggung,B16,1,collecting,41,14860,2931,2916,7861,9768,2904,9698,15636,16222,15846,,
163180,M-MUK,medium,Temanggung,B16,1,collecting,42,14809,2933,2915,7866,9759,2907,9692,15622,16204,15836,,
164180,M-MUK,medium,Temanggung,B16,1,collecting,43,14759,2933,2916,7871,9748,2905,9686,15608,16187,15826,,
165180,M-MUK,medium,Temanggung,B16,1,collecting,44,14710,2933,2918,7875,9739,2906,9680,15595,16169,15816,,
166180,M-MUK,medium,Temanggung,B16,1,collecting,45,14663,2933,2916,7880,9730,2905,9675,15581,16152,15806,,
167180,M-MUK,medium,Temanggung,B16,1,collecting,46,14615,2931,2916,7885,9721,2905,9669,15569,16135,15796,,
168180,M-MUK,medium,Temanggung,B16,1,collecting,47,14569,2930,2916,7889,9711,2904,9666,15556,16119,15787,,
169180,M-MUK,medium,Temanggung,B16,1,collecting,48,14524,2931,2915,7894,9703,2903,9661,15544,16102,15777,,
170180,M-MUK,medium,Temanggung,B16,1,collecting,49,14480,2931,2917,7898,9694,2907,9656,15532,16086,15767,,
171181,M-MUK,medium,Temanggung,B16,1,collecting,50,14437,2930,2917,7903,9686,2903,9652,15519,16070,15758,,
172180,M-MUK,medium,Temanggung,B16,1,collecting,51,14396,2930,2915,7908,9678,2906,9648,15506,16055,15748,,
173180,M-MUK,medium,Temanggung,B16,1,collecting,52,14355,2929,2914,7912,9670,2902,9644,15494,16039,15739,,
174180,M-MUK,medium,Temanggung,B16,1,collecting,53,14314,2929,2917,7917,9662,2900,9640,15482,16024,15730,,
175180,M-MUK,medium,Temanggung,B16,1,collecting,54,14275,2930,2915,7921,9654,2902,9636,15470,16009,15720,,
176180,M-MUK,medium,Temanggung,B16,1,collecting,55,14237,2929,2918,7926,9647,2901,9632,15458,15995,15711,,
177180,M-MUK,medium,Temanggung,B16,1,collecting,56,14199,2930,2917,7930,9640,2901,9629,15446,15980,15702,,
178181,M-MUK,medium,Temanggung,B16,1,collecting,57,14162,2928,2915,7935,9633,2901,9626,15435,15966,15693,,
179180,M-MUK,medium,Temanggung,B16,1,collecting,58,14126,2932,2913,7939,9626,2901,9623,15423,15952,15684,,
180180,M-MUK,medium,Temanggung,B16,1,collecting,59,14090,2930,2914,7943,9619,2900,9621,15412,15938,15674,,
181180,M-MUK,medium,Temanggung,B16,1,collecting,60,14056,2928,2913,7947,9613,2899,9617,15400,15924,15665,,
182183,M-MUK,medium,Temanggung,B16,2,purging,1,14020,2929,2913,7952,9605,2899,9614,15389,15911,15657,,
183179,M-MUK,medium,Temanggung,B16,2,purging,2,13985,2931,2913,7958,9599,2899,9611,15378,15898,15648,,
184179,M-MUK,medium,Temanggung,B16,2,purging,3,13892,2928,2915,7963,9578,2899,9591,15349,15881,15619,,
185179,M-MUK,medium,Temanggung,B16,2,purging,4,13726,2928,2915,7967,9544,2901,9557,15292,15847,15578,,
186179,M-MUK,medium,Temanggung,B16,2,purging,5,13507,2927,2912,7972,9503,2899,9520,15220,15798,15531,,
187180,M-MUK,medium,Temanggung,B16,2,purging,6,13260,2926,2913,7976,9460,2896,9486,15144,15737,15483,,
188179,M-MUK,medium,Temanggung,B16,2,purging,7,12992,2924,2915,7980,9416,2901,9456,15068,15670,15436,,
189179,M-MUK,medium,Temanggung,B16,2,purging,8,12713,2924,2916,7984,9376,2898,9429,14995,15602,15391,,
190179,M-MUK,medium,Temanggung,B16,2,purging,9,12434,2924,2911,7988,9338,2899,9407,14926,15534,15348,,
191180,M-MUK,medium,Temanggung,B16,2,purging,10,12157,2923,2914,7992,9303,2901,9390,14863,15468,15307,,
192180,M-MUK,medium,Temanggung,B16,2,purging,11,11890,2922,2915,7996,9272,2896,9375,14804,15404,15269,,
193180,M-MUK,medium,Temanggung,B16,2,purging,12,11633,2924,2914,8000,9244,2894,9363,14748,15343,15232,,
194181,M-MUK,medium,Temanggung,B16,2,purging,13,11389,2923,2909,8004,9219,2896,9352,14696,15286,15199,,
195180,M-MUK,medium,Temanggung,B16,2,purging,14,11162,2924,2913,8009,9196,2898,9344,14649,15232,15166,,
196180,M-MUK,medium,Temanggung,B16,2,purging,15,10951,2923,2911,8012,9176,2897,9337,14604,15181,15136,,
197180,M-MUK,medium,Temanggung,B16,2,purging,16,10757,2921,2910,8017,9158,2894,9331,14561,15133,15107,,
198180,M-MUK,medium,Temanggung,B16,2,purging,17,10579,2921,2909,8021,9141,2895,9326,14521,15088,15079,,
199180,M-MUK,medium,Temanggung,B16,2,purging,18,10417,2918,2911,8025,9125,2896,9321,14483,15045,15053,,
200180,M-MUK,medium,Temanggung,B16,2,purging,19,10269,2918,2912,8029,9111,2900,9318,14447,15005,15027,,
201180,M-MUK,medium,Temanggung,B16,2,purging,20,10134,2919,2910,8034,9097,2894,9314,14412,14967,15004,,
202180,M-MUK,medium,Temanggung,B16,2,purging,21,10013,2917,2911,8038,9084,2895,9312,14379,14930,14980,,
203181,M-MUK,medium,Temanggung,B16,2,purging,22,9903,2917,2909,8042,9073,2891,9309,14348,14895,14958,,
204180,M-MUK,medium,Temanggung,B16,2,purging,23,9803,2921,2911,8046,9063,2889,9307,14317,14863,14937,,
205180,M-MUK,medium,Temanggung,B16,2,purging,24,9712,2919,2909,8050,9052,2894,9304,14288,14831,14916,,
206180,M-MUK,medium,Temanggung,B16,2,purging,25,9630,2919,2914,8054,9042,2893,9303,14260,14801,14896,,
207180,M-MUK,medium,Temanggung,B16,2,purging,26,9554,2917,2908,8058,9032,2894,9301,14232,14772,14877,,
208180,M-MUK,medium,Temanggung,B16,2,purging,27,9486,2919,2909,8062,9024,2892,9300,14206,14745,14858,,
209180,M-MUK,medium,Temanggung,B16,2,purging,28,9424,2917,2913,8065,9016,2892,9298,14180,14718,14840,,
210181,M-MUK,medium,Temanggung,B16,2,purging,29,9367,2919,2908,8069,9008,2892,9297,14155,14692,14822,,
211180,M-MUK,medium,Temanggung,B16,2,purging,30,9315,2919,2908,8073,9001,2892,9296,14132,14668,14806,,
212180,M-MUK,medium,Temanggung,B16,2,purging,31,9267,2917,2908,8077,8993,2893,9295,14109,14644,14789,,
213180,M-MUK,medium,Temanggung,B16,2,purging,32,9223,2916,2908,8081,8986,2892,9294,14086,14621,14773,,
214180,M-MUK,medium,Temanggung,B16,2,purging,33,9182,2914,2912,8085,8980,2891,9293,14064,14598,14758,,
215180,M-MUK,medium,Temanggung,B16,2,purging,34,9144,2913,2912,8089,8974,2893,9293,14043,14577,14743,,
216180,M-MUK,medium,Temanggung,B16,2,purging,35,9108,2916,2908,8093,8967,2891,9293,14022,14556,14728,,
217180,M-MUK,medium,Temanggung,B16,2,purging,36,9075,2915,2912,8097,8963,2892,9292,14002,14535,14714,,
218180,M-MUK,medium,Temanggung,B16,2,purging,37,9045,2915,2908,8101,8957,2891,9291,13981,14516,14700,,
219181,M-MUK,medium,Temanggung,B16,2,purging,38,9016,2913,2907,8104,8951,2891,9291,13961,14496,14685,,
220180,M-MUK,medium,Temanggung,B16,2,purging,39,8989,2915,2912,8108,8946,2891,9290,13942,14478,14673,,
221180,M-MUK,medium,Temanggung,B16,2,purging,40,8964,2913,2907,8111,8940,2892,9289,13924,14460,14659,,
222180,M-MUK,medium,Temanggung,B16,2,purging,41,8941,2911,2910,8115,8935,2891,9288,13906,14442,14647,,
223180,M-MUK,medium,Temanggung,B16,2,purging,42,8919,2913,2906,8119,8930,2889,9288,13888,14425,14635,,
224180,M-MUK,medium,Temanggung,B16,2,purging,43,8898,2912,2909,8122,8926,2894,9288,13871,14408,14623,,
225180,M-MUK,medium,Temanggung,B16,2,purging,44,8879,2912,2907,8127,8921,2889,9288,13854,14392,14611,,
226181,M-MUK,medium,Temanggung,B16,2,purging,45,8860,2913,2907,8130,8917,2888,9288,13837,14376,14599,,
227180,M-MUK,medium,Temanggung,B16,2,purging,46,8842,2916,2906,8134,8912,2889,9287,13821,14361,14588,,
228180,M-MUK,medium,Temanggung,B16,2,purging,47,8824,2915,2910,8137,8908,2891,9286,13805,14346,14577,,
229180,M-MUK,medium,Temanggung,B16,2,purging,48,8809,2912,2906,8141,8904,2889,9287,13789,14330,14567,,
230180,M-MUK,medium,Temanggung,B16,2,purging,49,8794,2914,2909,8144,8900,2889,9286,13774,14315,14556,,
231180,M-MUK,medium,Temanggung,B16,2,purging,50,8779,2914,2906,8147,8896,2886,9286,13759,14301,14546,,
232180,M-MUK,medium,Temanggung,B16,2,purging,51,8766,2912,2906,8150,8892,2887,9285,13744,14287,14536,,
233180,M-MUK,medium,Temanggung,B16,2,purging,52,8753,2912,2906,8154,8889,2889,9285,13730,14273,14526,,
234180,M-MUK,medium,Temanggung,B16,2,purging,53,8740,2913,2905,8157,8885,2888,9285,13716,14259,14517,,
235181,M-MUK,medium,Temanggung,B16,2,purging,54,8729,2912,2908,8161,8882,2887,9285,13701,14246,14508,,
236180,M-MUK,medium,Temanggung,B16,2,purging,55,8717,2911,2907,8164,8878,2887,9285,13688,14234,14499,,
237180,M-MUK,medium,Temanggung,B16,2,purging,56,8706,2912,2905,8168,8875,2887,9285,13675,14221,14490,,
238180,M-MUK,medium,Temanggung,B16,2,purging,57,8695,2911,2904,8171,8872,2890,9285,13662,14208,14481,,
239180,M-MUK,medium,Temanggung,B16,2,purging,58,8686,2914,2905,8175,8869,2887,9285,13649,14196,14473,,
240180,M-MUK,medium,Temanggung,B16,2,purging,59,8676,2912,2908,8177,8865,2887,9286,13636,14184,14465,,
241180,M-MUK,medium,Temanggung,B16,2,purging,60,8667,2910,2908,8181,8863,2887,9285,13624,14172,14457,,
242181,M-MUK,medium,Temanggung,B16,2,purging,61,8658,2912,2906,8184,8860,2887,9285,13611,14160,14448,,
243180,M-MUK,medium,Temanggung,B16,2,purging,62,8650,2911,2908,8187,8857,2885,9285,13599,14148,14441,,
244180,M-MUK,medium,Temanggung,B16,2,purging,63,8642,2911,2903,8191,8853,2886,9285,13588,14137,14433,,
245180,M-MUK,medium,Temanggung,B16,2,purging,64,8634,2909,2901,8194,8850,2886,9285,13576,14126,14425,,
246180,M-MUK,medium,Temanggung,B16,2,purging,65,8626,2910,2908,8197,8847,2885,9285,13564,14115,14418,,
247180,M-MUK,medium,Temanggung,B16,2,purging,66,8618,2912,2903,8200,8844,2887,9285,13553,14104,14410,,
248180,M-MUK,medium,Temanggung,B16,2,purging,67,8611,2910,2904,8203,8841,2885,9285,13541,14093,14403,,
249180,M-MUK,medium,Temanggung,B16,2,purging,68,8604,2911,2907,8206,8839,2885,9285,13530,14082,14397,,
250180,M-MUK,medium,Temanggung,B16,2,purging,69,8596,2908,2902,8209,8836,2885,9285,13520,14072,14390,,
251181,M-MUK,medium,Temanggung,B16,2,purging,70,8589,2909,2903,8212,8833,2885,9285,13509,14061,14383,,
252180,M-MUK,medium,Temanggung,B16,2,purging,71,8582,2911,2902,8215,8831,2885,9285,13498,14050,14376,,
253180,M-MUK,medium,Temanggung,B16,2,purging,72,8576,2912,2905,8218,8828,2883,9285,13488,14040,14370,,
254180,M-MUK,medium,Temanggung,B16,2,purging,73,8570,2911,2904,8221,8826,2885,9285,13478,14030,14364,,
255180,M-MUK,medium,Temanggung,B16,2,purging,74,8564,2911,2902,8224,8824,2885,9286,13468,14020,14358,,
256180,M-MUK,medium,Temanggung,B16,2,purging,75,8557,2911,2906,8227,8821,2885,9286,13458,14010,14352,,
257180,M-MUK,medium,Temanggung,B16,2,purging,76,8551,2908,2906,8230,8819,2885,9286,13448,14000,14346,,
258181,M-MUK,medium,Temanggung,B16,2,purging,77,8546,2912,2903,8233,8817,2883,9286,13438,13990,14340,,
259180,M-MUK,medium,Temanggung,B16,2,purging,78,8539,2910,2902,8236,8815,2883,9286,13429,13981,14335,,
260180,M-MUK,medium,Temanggung,B16,2,purging,79,8533,2912,2901,8239,8813,2885,9287,13420,13971,14329,,
261180,M-MUK,medium,Temanggung,B16,2,purging,80,8527,2908,2906,8242,8810,2885,9286,13411,13962,14324,,
262180,M-MUK,medium,Temanggung,B16,2,purging,81,8520,2911,2902,8245,8809,2885,9286,13401,13952,14319,,
263180,M-MUK,medium,Temanggung,B16,2,purging,82,8514,2912,2902,8248,8807,2883,9287,13392,13943,14313,,
264180,M-MUK,medium,Temanggung,B16,2,purging,83,8509,2906,2903,8251,8804,2887,9287,13383,13934,14307,,
265180,M-MUK,medium,Temanggung,B16,2,purging,84,8503,2910,2902,8253,8802,2883,9287,13374,13925,14302,,
266180,M-MUK,medium,Temanggung,B16,2,purging,85,8498,2908,2900,8256,8800,2885,9287,13365,13915,14296,,
267181,M-MUK,medium,Temanggung,B16,2,purging,86,8494,2908,2902,8259,8797,2883,9287,13356,13906,14291,,
268180,M-MUK,medium,Temanggung,B16,2,purging,87,8489,2911,2900,8262,8795,2883,9286,13347,13897,14286,,
269180,M-MUK,medium,Temanggung,B16,2,purging,88,8485,2909,2904,8264,8792,2885,9286,13339,13888,14281,,
270180,M-MUK,medium,Temanggung,B16,2,purging,89,8481,2908,2905,8267,8790,2885,9287,13330,13879,14276,,
271180,M-MUK,medium,Temanggung,B16,2,purging,90,8477,2908,2902,8270,8787,2885,9286,13322,13869,14271,,
272180,M-MUK,medium,Temanggung,B16,2,purging,91,8472,2910,2905,8273,8786,2885,9286,13314,13861,14267,,
273180,M-MUK,medium,Temanggung,B16,2,purging,92,8467,2907,2902,8276,8784,2883,9287,13306,13852,14262,,
274181,M-MUK,medium,Temanggung,B16,2,purging,93,8463,2908,2901,8279,8783,2883,9286,13298,13843,14258,,
275180,M-MUK,medium,Temanggung,B16,2,purging,94,8458,2910,2903,8281,8781,2885,9287,13290,13834,14253,,
276180,M-MUK,medium,Temanggung,B16,2,purging,95,8454,2908,2906,8284,8778,2885,9287,13282,13826,14249,,
277180,M-MUK,medium,Temanggung,B16,2,purging,96,8450,2911,2900,8287,8777,2883,9287,13275,13817,14244,,
278180,M-MUK,medium,Temanggung,B16,2,purging,97,8446,2908,2901,8290,8775,2883,9287,13267,13809,14240,,
279180,M-MUK,medium,Temanggung,B16,2,purging,98,8442,2909,2901,8292,8774,2885,9287,13259,13801,14235,,
280180,M-MUK,medium,Temanggung,B16,2,purging,99,8438,2908,2903,8295,8772,2885,9288,13252,13793,14231,,
281180,M-MUK,medium,Temanggung,B16,2,purging,100,8435,2908,2902,8298,8770,2885,9287,13244,13784,14227,,
282180,M-MUK,medium,Temanggung,B16,2,purging,101,8432,2908,2902,8300,8769,2885,9288,13237,13776,14223,,
283181,M-MUK,medium,Temanggung,B16,2,purging,102,8430,2906,2905,8303,8768,2885,9287,13229,13768,14218,,
284180,M-MUK,medium,Temanggung,B16,2,purging,103,8427,2908,2903,8306,8766,2885,9287,13222,13761,14215,,
285180,M-MUK,medium,Temanggung,B16,2,purging,104,8424,2912,2901,8309,8764,2885,9287,13215,13752,14210,,
286180,M-MUK,medium,Temanggung,B16,2,purging,105,8423,2907,2905,8311,8763,2885,9287,13207,13745,14206,,
287180,M-MUK,medium,Temanggung,B16,2,purging,106,8422,2907,2903,8314,8761,2885,9287,13201,13738,14202,,
288180,M-MUK,medium,Temanggung,B16,2,purging,107,8422,2910,2900,8316,8760,2885,9286,13194,13731,14199,,
289180,M-MUK,medium,Temanggung,B16,2,purging,108,8421,2907,2904,8319,8759,2885,9286,13187,13723,14195,,
290181,M-MUK,medium,Temanggung,B16,2,purging,109,8421,2905,2901,8322,8758,2885,9285,13181,13717,14191,,
291180,M-MUK,medium,Temanggung,B16,2,purging,110,8421,2907,2900,8324,8756,2885,9285,13174,13711,14187,,
292180,M-MUK,medium,Temanggung,B16,2,purging,111,8421,2906,2903,8327,8755,2885,9285,13168,13703,14184,,
293180,M-MUK,medium,Temanggung,B16,2,purging,112,8420,2905,2900,8330,8753,2885,9284,13161,13696,14180,,
294180,M-MUK,medium,Temanggung,B16,2,purging,113,8420,2905,2898,8332,8752,2887,9284,13155,13689,14177,,
295180,M-MUK,medium,Temanggung,B16,2,purging,114,8419,2909,2900,8335,8751,2885,9284,13148,13682,14174,,
296180,M-MUK,medium,Temanggung,B16,2,purging,115,8419,2905,2899,8337,8749,2887,9284,13143,13675,14170,,
297180,M-MUK,medium,Temanggung,B16,2,purging,116,8417,2906,2900,8340,8748,2885,9284,13136,13668,14167,,
298180,M-MUK,medium,Temanggung,B16,2,purging,117,8415,2908,2899,8342,8747,2885,9284,13130,13661,14164,,
299181,M-MUK,medium,Temanggung,B16,2,purging,118,8412,2904,2901,8345,8745,2884,9283,13123,13653,14161,,
300180,M-MUK,medium,Temanggung,B16,2,purging,119,8410,2909,2899,8347,8743,2887,9284,13118,13646,14158,,
301180,M-MUK,medium,Temanggung,B16,2,purging,120,8407,2906,2901,8350,8742,2885,9284,13111,13638,14155,,
302183,M-MUK,medium,Temanggung,B16,2,collecting,1,8403,2908,2900,8352,8740,2885,9283,13105,13631,14152,,
303180,M-MUK,medium,Temanggung,B16,2,collecting,2,8406,2908,2900,8352,8739,2885,9283,13100,13622,14147,,
304180,M-MUK,medium,Temanggung,B16,2,collecting,3,8870,2904,2899,8354,8803,2887,9348,13155,13634,14253,,
305180,M-MUK,medium,Temanggung,B16,2,collecting,4,10228,2906,2899,8357,8978,2885,9523,13385,13761,14477,,
306181,M-MUK,medium,Temanggung,B16,2,collecting,5,11735,2908,2899,8360,9187,2887,9709,13752,14022,14699,,
307180,M-MUK,medium,Temanggung,B16,2,collecting,6,12864,2909,2899,8363,9352,2887,9823,14102,14346,14869,,
308180,M-MUK,medium,Temanggung,B16,2,collecting,7,13607,2913,2899,8365,9461,2887,9872,14382,14654,14991,,
309180,M-MUK,medium,Temanggung,B16,2,collecting,8,14087,2913,2898,8368,9528,2885,9882,14585,14909,15081,,
310180,M-MUK,medium,Temanggung,B16,2,collecting,9,14396,2913,2899,8370,9568,2887,9873,14729,15107,15149,,
311180,M-MUK,medium,Temanggung,B16,2,collecting,10,14597,2913,2898,8372,9591,2887,9858,14830,15254,15201,,
312180,M-MUK,medium,Temanggung,B16,2,collecting,11,14724,2914,2899,8374,9603,2882,9840,14902,15361,15240,,
313180,M-MUK,medium,Temanggung,B16,2,collecting,12,14801,2913,2899,8376,9609,2887,9821,14954,15440,15271,,
314180,M-MUK,medium,Temanggung,B16,2,collecting,13,14843,2912,2899,8378,9608,2887,9802,14991,15497,15293,,
315181,M-MUK,medium,Temanggung,B16,2,collecting,14,14858,2913,2898,8379,9605,2887,9784,15017,15537,15311,,
316180,M-MUK,medium,Temanggung,B16,2,collecting,15,14854,2911,2897,8381,9600,2884,9770,15036,15565,15324,,
317180,M-MUK,medium,Temanggung,B16,2,collecting,16,14834,2912,2901,8382,9593,2887,9755,15048,15583,15334,,
318180,M-MUK,medium,Temanggung,B16,2,collecting,17,14802,2917,2900,8384,9585,2884,9742,15056,15593,15340,,
319180,M-MUK,medium,Temanggung,B16,2,collecting,18,14760,2913,2898,8385,9575,2884,9728,15060,15597,15345,,
320180,M-MUK,medium,Temanggung,B16,2,collecting,19,14713,2912,2900,8387,9566,2887,9716,15061,15596,15348,,
321180,M-MUK,medium,Temanggung,B16,2,collecting,20,14659,2911,2900,8388,9556,2884,9705,15061,15592,15348,,
322181,M-MUK,medium,Temanggung,B16,2,collecting,21,14603,2912,2895,8390,9547,2887,9694,15058,15585,15348,,
323180,M-MUK,medium,Temanggung,B16,2,collecting,22,14543,2913,2898,8392,9536,2884,9684,15054,15576,15347,,
324180,M-MUK,medium,Temanggung,B16,2,collecting,23,14482,2912,2896,8393,9526,2884,9675,15048,15565,15345,,
325180,M-MUK,medium,Temanggung,B16,2,collecting,24,14420,2912,2900,8395,9517,2884,9665,15042,15553,15342,,
326180,M-MUK,medium,Temanggung,B16,2,collecting,25,14357,2913,2899,8397,9508,2884,9658,15034,15539,15338,,
327180,M-MUK,medium,Temanggung,B16,2,collecting,26,14295,2915,2897,8399,9498,2884,9650,15027,15525,15335,,
328180,M-MUK,medium,Temanggung,B16,2,collecting,27,14233,2915,2897,8400,9490,2884,9642,15019,15511,15331,,
329180,M-MUK,medium,Temanggung,B16,2,collecting,28,14171,2914,2898,8402,9481,2884,9635,15011,15496,15326,,
330180,M-MUK,medium,Temanggung,B16,2,collecting,29,14110,2913,2895,8404,9473,2884,9629,15002,15481,15322,,
331181,M-MUK,medium,Temanggung,B16,2,collecting,30,14051,2914,2900,8406,9465,2884,9624,14994,15465,15317,,
332180,M-MUK,medium,Temanggung,B16,2,collecting,31,13994,2911,2897,8407,9457,2884,9619,14985,15450,15312,,
333180,M-MUK,medium,Temanggung,B16,2,collecting,32,13938,2910,2894,8408,9449,2884,9614,14977,15434,15307,,
334180,M-MUK,medium,Temanggung,B16,2,collecting,33,13884,2909,2899,8410,9442,2884,9609,14968,15419,15302,,
335180,M-MUK,medium,Temanggung,B16,2,collecting,34,13831,2911,2898,8411,9436,2887,9604,14959,15404,15296,,
336180,M-MUK,medium,Temanggung,B16,2,collecting,35,13780,2911,2895,8413,9429,2884,9600,14951,15389,15291,,
337180,M-MUK,medium,Temanggung,B16,2,collecting,36,13730,2908,2895,8415,9423,2884,9595,14943,15373,15285,,
338181,M-MUK,medium,Temanggung,B16,2,collecting,37,13681,2912,2897,8416,9416,2884,9591,14934,15359,15279,,
339180,M-MUK,medium,Temanggung,B16,2,collecting,38,13634,2908,2896,8418,9410,2884,9587,14926,15344,15274,,
340180,M-MUK,medium,Temanggung,B16,2,collecting,39,13589,2908,2895,8419,9404,2884,9584,14917,15329,15268,,
341180,M-MUK,medium,Temanggung,B16,2,collecting,40,13546,2908,2895,8421,9398,2882,9582,14908,15315,15262,,
342180,M-MUK,medium,Temanggung,B16,2,collecting,41,13504,2912,2895,8423,9392,2884,9577,14900,15301,15256,,
343180,M-MUK,medium,Temanggung,B16,2,collecting,42,13462,2909,2894,8425,9386,2884,9573,14892,15287,15250,,
344180,M-MUK,medium,Temanggung,B16,2,collecting,43,13422,2909,2893,8426,9381,2882,9570,14883,15274,15245,,
345180,M-MUK,medium,Temanggung,B16,2,collecting,44,13383,2906,2893,8427,9376,2884,9567,14875,15260,15239,,
346180,M-MUK,medium,Temanggung,B16,2,collecting,45,13346,2908,2893,8429,9372,2882,9565,14867,15247,15233,,
347181,M-MUK,medium,Temanggung,B16,2,collecting,46,13311,2906,2894,8431,9366,2884,9562,14859,15234,15228,,
348180,M-MUK,medium,Temanggung,B16,2,collecting,47,13275,2906,2891,8432,9363,2884,9559,14851,15220,15222,,
349180,M-MUK,medium,Temanggung,B16,2,collecting,48,13242,2906,2894,8434,9358,2884,9556,14844,15208,15217,,
350180,M-MUK,medium,Temanggung,B16,2,collecting,49,13209,2906,2892,8436,9353,2884,9554,14836,15196,15212,,
351180,M-MUK,medium,Temanggung,B16,2,collecting,50,13177,2908,2896,8437,9349,2882,9552,14828,15184,15206,,
352180,M-MUK,medium,Temanggung,B16,2,collecting,51,13146,2906,2897,8438,9345,2882,9549,14821,15171,15201,,
353180,M-MUK,medium,Temanggung,B16,2,collecting,52,13116,2906,2897,8439,9341,2882,9547,14813,15159,15196,,
354181,M-MUK,medium,Temanggung,B16,2,collecting,53,13086,2907,2891,8441,9337,2884,9544,14806,15148,15190,,
355180,M-MUK,medium,Temanggung,B16,2,collecting,54,13056,2905,2891,8443,9333,2882,9543,14799,15136,15184,,
356180,M-MUK,medium,Temanggung,B16,2,collecting,55,13028,2905,2891,8444,9329,2882,9540,14791,15124,15179,,
357180,M-MUK,medium,Temanggung,B16,2,collecting,56,12999,2905,2892,8445,9326,2882,9538,14784,15113,15174,,
358180,M-MUK,medium,Temanggung,B16,2,collecting,57,12973,2903,2895,8447,9322,2882,9537,14777,15102,15169,,
359180,M-MUK,medium,Temanggung,B16,2,collecting,58,12946,2904,2890,8448,9318,2884,9535,14770,15091,15163,,
360180,M-MUK,medium,Temanggung,B16,2,collecting,59,12920,2901,2891,8450,9315,2884,9534,14763,15080,15158,,
361180,M-MUK,medium,Temanggung,B16,2,collecting,60,12895,2903,2892,8451,9311,2884,9533,14757,15069,15153,,
362183,M-MUK,medium,Temanggung,B16,3,purging,1,12872,2905,2892,8452,9308,2884,9531,14749,15059,15148,,
363180,M-MUK,medium,Temanggung,B16,3,purging,2,12847,2904,2891,8456,9306,2882,9530,14742,15049,15145,,
364179,M-MUK,medium,Temanggung,B16,3,purging,3,12773,2903,2890,8458,9294,2882,9520,14722,15036,15127,,
365179,M-MUK,medium,Temanggung,B16,3,purging,4,12631,2902,2895,8459,9272,2882,9501,14682,15010,15098,,
366179,M-MUK,medium,Temanggung,B16,3,purging,5,12441,2899,2890,8461,9244,2882,9479,14630,14971,15066,,
367180,M-MUK,medium,Temanggung,B16,3,purging,6,12223,2899,2890,8462,9214,2882,9457,14573,14921,15031,,
368179,M-MUK,medium,Temanggung,B16,3,purging,7,11992,2901,2893,8464,9184,2884,9438,14516,14866,14997,,
369179,M-MUK,medium,Temanggung,B16,3,purging,8,11755,2900,2894,8465,9155,2882,9421,14461,14810,14964,,
370180,M-MUK,medium,Temanggung,B16,3,purging,9,11520,2898,2890,8467,9129,2882,9408,14408,14752,14932,,
371180,M-MUK,medium,Temanggung,B16,3,purging,10,11291,2898,2895,8468,9105,2886,9396,14359,14696,14902,,
372180,M-MUK,medium,Temanggung,B16,3,purging,11,11072,2900,2889,8469,9083,2884,9388,14313,14641,14873,,
373180,M-MUK,medium,Temanggung,B16,3,purging,12,10866,2902,2889,8471,9064,2882,9381,14270,14589,14846,,
374180,M-MUK,medium,Temanggung,B16,3,purging,13,10674,2897,2893,8472,9046,2884,9375,14230,14538,14821,,
375180,M-MUK,medium,Temanggung,B16,3,purging,14,10497,2898,2890,8474,9030,2882,9369,14192,14490,14796,,
376180,M-MUK,medium,Temanggung,B16,3,purging,15,10333,2895,2890,8476,9016,2884,9364,14157,14445,14773,,
377180,M-MUK,medium,Temanggung,B16,3,purging,16,10185,2897,2889,8477,9004,2884,9360,14124,14403,14751,,
378180,M-MUK,medium,Temanggung,B16,3,purging,17,10049,2896,2893,8479,8991,2884,9357,14092,14362,14730,,
379181,M-MUK,medium,Temanggung,B16,3,purging,18,9927,2899,2891,8480,8980,2884,9354,14062,14324,14711,,
380180,M-MUK,medium,Temanggung,B16,3,purging,19,9817,2900,2889,8481,8971,2884,9351,14034,14287,14692,,
381180,M-MUK,medium,Temanggung,B16,3,purging,20,9717,2895,2889,8483,8962,2884,9349,14006,14252,14674,,
382180,M-MUK,medium,Temanggung,B16,3,purging,21,9627,2896,2889,8485,8953,2884,9347,13980,14219,14656,,
383180,M-MUK,medium,Temanggung,B16,3,purging,22,9546,2895,2888,8487,8946,2884,9345,13954,14188,14640,,
384180,M-MUK,medium,Temanggung,B16,3,purging,23,9472,2895,2888,8488,8939,2884,9343,13931,14157,14623,,
385180,M-MUK,medium,Temanggung,B16,3,purging,24,9405,2895,2889,8490,8932,2886,9342,13907,14128,14608,,
386181,M-MUK,medium,Temanggung,B16,3,purging,25,9344,2895,2889,8491,8926,2882,9340,13885,14099,14593,,
387180,M-MUK,medium,Temanggung,B16,3,purging,26,9289,2895,2889,8493,8919,2884,9339,13863,14073,14578,,
388180,M-MUK,medium,Temanggung,B16,3,purging,27,9238,2893,2887,8495,8914,2884,9337,13842,14047,14564,,
389180,M-MUK,medium,Temanggung,B16,3,purging,28,9192,2897,2887,8496,8908,2884,9337,13822,14022,14550,,
390180,M-MUK,medium,Temanggung,B16,3,purging,29,9150,2893,2889,8498,8902,2886,9336,13802,13997,14537,,
391180,M-MUK,medium,Temanggung,B16,3,purging,30,9112,2896,2891,8499,8897,2884,9335,13782,13974,14525,,
392180,M-MUK,medium,Temanggung,B16,3,purging,31,9077,2891,2887,8501,8892,2884,9334,13764,13952,14512,,
393180,M-MUK,medium,Temanggung,B16,3,purging,32,9044,2893,2887,8502,8887,2884,9333,13746,13929,14500,,
394180,M-MUK,medium,Temanggung,B16,3,purging,33,9015,2891,2886,8503,8883,2884,9331,13728,13909,14488,,
395181,M-MUK,medium,Temanggung,B16,3,purging,34,8987,2892,2889,8505,8879,2884,9330,13711,13888,14476,,
396180,M-MUK,medium,Temanggung,B16,3,purging,35,8961,2893,2885,8506,8874,2884,9329,13694,13868,14465,,
397180,M-MUK,medium,Temanggung,B16,3,purging,36,8937,2889,2884,8508,8870,2882,9328,13678,13849,14455,,
398180,M-MUK,medium,Temanggung,B16,3,purging,37,8915,2894,2884,8509,8866,2884,9327,13662,13830,14444,,
399180,M-MUK,medium,Temanggung,B16,3,purging,38,8894,2893,2884,8511,8863,2886,9326,13647,13812,14435,,
400180,M-MUK,medium,Temanggung,B16,3,purging,39,8875,2889,2885,8513,8859,2882,9326,13632,13794,14425,,
401180,M-MUK,medium,Temanggung,B16,3,purging,40,8857,2891,2887,8514,8856,2886,9326,13617,13778,14415,,
402181,M-MUK,medium,Temanggung,B16,3,purging,41,8841,2891,2884,8516,8854,2884,9326,13603,13762,14407,,
403180,M-MUK,medium,Temanggung,B16,3,purging,42,8825,2893,2883,8518,8852,2884,9326,13589,13746,14398,,
404180,M-MUK,medium,Temanggung,B16,3,purging,43,8810,2891,2884,8519,8848,2884,9327,13576,13730,14390,,
405180,M-MUK,medium,Temanggung,B16,3,purging,44,8796,2891,2884,8520,8845,2886,9326,13564,13715,14382,,
406180,M-MUK,medium,Temanggung,B16,3,purging,45,8782,2889,2886,8522,8843,2886,9326,13551,13700,14373,,
407180,M-MUK,medium,Temanggung,B16,3,purging,46,8769,2892,2886,8523,8840,2886,9326,13538,13686,14366,,
408180,M-MUK,medium,Temanggung,B16,3,purging,47,8757,2889,2886,8524,8837,2884,9326,13525,13672,14358,,
409180,M-MUK,medium,Temanggung,B16,3,purging,48,8745,2891,2884,8526,8835,2884,9325,13513,13658,14350,,
410180,M-MUK,medium,Temanggung,B16,3,purging,49,8734,2893,2884,8528,8833,2884,9325,13501,13644,14342,,
411181,M-MUK,medium,Temanggung,B16,3,purging,50,8723,2893,2884,8529,8831,2882,9324,13489,13632,14335,,
412180,M-MUK,medium,Temanggung,B16,3,purging,51,8712,2893,2882,8530,8829,2884,9325,13478,13618,14329,,
413180,M-MUK,medium,Temanggung,B16,3,purging,52,8701,2889,2886,8532,8827,2886,9325,13467,13605,14322,,
414180,M-MUK,medium,Temanggung,B16,3,purging,53,8691,2889,2888,8533,8825,2882,9324,13455,13593,14315,,
415180,M-MUK,medium,Temanggung,B16,3,purging,54,8681,2889,2882,8535,8823,2884,9324,13445,13581,14309,,
416180,M-MUK,medium,Temanggung,B16,3,purging,55,8672,2891,2886,8536,8821,2886,9324,13434,13569,14303,,
417180,M-MUK,medium,Temanggung,B16,3,purging,56,8663,2889,2884,8538,8818,2884,9325,13423,13557,14296,,
418181,M-MUK,medium,Temanggung,B16,3,purging,57,8654,2889,2885,8538,8816,2884,9324,13413,13546,14289,,
419180,M-MUK,medium,Temanggung,B16,3,purging,58,8646,2889,2886,8540,8814,2884,9324,13402,13534,14283,,
420180,M-MUK,medium,Temanggung,B16,3,purging,59,8638,2889,2888,8541,8811,2884,9323,13392,13522,14277,,
421180,M-MUK,medium,Temanggung,B16,3,purging,60,8630,2891,2886,8543,8809,2886,9322,13382,13511,14270,,
422180,M-MUK,medium,Temanggung,B16,3,purging,61,8622,2891,2887,8544,8806,2884,9321,13371,13500,14264,,
423180,M-MUK,medium,Temanggung,B16,3,purging,62,8614,2889,2884,8545,8804,2884,9321,13362,13489,14258,,
424180,M-MUK,medium,Temanggung,B16,3,purging,63,8607,2889,2884,8547,8802,2886,9320,13352,13478,14252,,
425180,M-MUK,medium,Temanggung,B16,3,purging,64,8600,2889,2884,8548,8800,2884,9320,13342,13467,14247,,
426180,M-MUK,medium,Temanggung,B16,3,purging,65,8593,2889,2888,8549,8797,2884,9320,13333,13456,14241,,
427181,M-MUK,medium,Temanggung,B16,3,purging,66,8586,2888,2886,8551,8795,2884,9320,13325,13446,14236,,
428180,M-MUK,medium,Temanggung,B16,3,purging,67,8580,2892,2884,8552,8792,2884,9320,13315,13435,14230,,
429180,M-MUK,medium,Temanggung,B16,3,purging,68,8574,2888,2883,8553,8790,2884,9320,13306,13424,14225,,
430180,M-MUK,medium,Temanggung,B16,3,purging,69,8568,2888,2884,8555,8787,2884,9319,13297,13415,14220,,
431180,M-MUK,medium,Temanggung,B16,3,purging,70,8563,2888,2886,8556,8785,2886,9319,13289,13404,14215,,
432180,M-MUK,medium,Temanggung,B16,3,purging,71,8557,2890,2886,8557,8782,2884,9318,13280,13394,14211,,
433180,M-MUK,medium,Temanggung,B16,3,purging,72,8551,2891,2883,8558,8781,2884,9318,13272,13385,14207,,
434181,M-MUK,medium,Temanggung,B16,3,purging,73,8547,2888,2886,8560,8779,2884,9318,13264,13375,14202,,
435180,M-MUK,medium,Temanggung,B16,3,purging,74,8542,2891,2883,8562,8778,2884,9318,13256,13366,14197,,
436180,M-MUK,medium,Temanggung,B16,3,purging,75,8538,2888,2883,8562,8777,2884,9319,13248,13357,14193,,
437180,M-MUK,medium,Temanggung,B16,3,purging,76,8533,2888,2883,8564,8775,2884,9318,13240,13348,14188,,
438180,M-MUK,medium,Temanggung,B16,3,purging,77,8530,2888,2883,8565,8773,2884,9319,13232,13339,14183,,
439180,M-MUK,medium,Temanggung,B16,3,purging,78,8527,2888,2883,8566,8772,2884,9319,13224,13331,14179,,
440180,M-MUK,medium,Temanggung,B16,3,purging,79,8524,2888,2883,8568,8772,2884,9318,13216,13322,14174,,
441180,M-MUK,medium,Temanggung,B16,3,purging,80,8522,2888,2884,8569,8771,2884,9318,13209,13314,14170,,
442180,M-MUK,medium,Temanggung,B16,3,purging,81,8520,2888,2883,8570,8769,2884,9318,13201,13306,14166,,
443181,M-MUK,medium,Temanggung,B16,3,purging,82,8518,2888,2886,8572,8768,2882,9316,13193,13299,14162,,
444180,M-MUK,medium,Temanggung,B16,3,purging,83,8516,2888,2883,8573,8767,2884,9316,13186,13291,14158,,
445180,M-MUK,medium,Temanggung,B16,3,purging,84,8513,2888,2883,8574,8766,2884,9316,13179,13284,14154,,
446180,M-MUK,medium,Temanggung,B16,3,purging,85,8511,2888,2884,8575,8765,2884,9315,13172,13277,14150,,
447180,M-MUK,medium,Temanggung,B16,3,purging,86,8508,2888,2883,8577,8762,2882,9314,13165,13269,14146,,
448180,M-MUK,medium,Temanggung,B16,3,purging,87,8506,2890,2882,8578,8761,2884,9314,13158,13261,14143,,
449180,M-MUK,medium,Temanggung,B16,3,purging,88,8503,2886,2883,8579,8759,2884,9314,13151,13254,14139,,
450181,M-MUK,medium,Temanggung,B16,3,purging,89,8499,2888,2882,8580,8757,2884,9313,13145,13245,14135,,
451180,M-MUK,medium,Temanggung,B16,3,purging,90,8496,2886,2882,8581,8756,2884,9313,13138,13238,14132,,
452180,M-MUK,medium,Temanggung,B16,3,purging,91,8493,2888,2882,8582,8754,2884,9312,13131,13230,14128,,
453180,M-MUK,medium,Temanggung,B16,3,purging,92,8490,2886,2883,8583,8752,2884,9312,13124,13223,14125,,
454180,M-MUK,medium,Temanggung,B16,3,purging,93,8486,2886,2883,8584,8751,2881,9312,13118,13215,14121,,
455180,M-MUK,medium,Temanggung,B16,3,purging,94,8484,2888,2884,8585,8749,2884,9311,13111,13207,14117,,
456180,M-MUK,medium,Temanggung,B16,3,purging,95,8481,2888,2882,8586,8748,2881,9311,13104,13199,14114,,
457180,M-MUK,medium,Temanggung,B16,3,purging,96,8478,2888,2882,8588,8747,2884,9311,13098,13192,14111,,
458180,M-MUK,medium,Temanggung,B16,3,purging,97,8475,2884,2882,8589,8745,2881,9311,13092,13185,14109,,
459181,M-MUK,medium,Temanggung,B16,3,purging,98,8472,2888,2882,8590,8744,2882,9311,13087,13177,14106,,
460180,M-MUK,medium,Temanggung,B16,3,purging,99,8469,2888,2882,8590,8743,2881,9312,13081,13171,14103,,
461180,M-MUK,medium,Temanggung,B16,3,purging,100,8467,2886,2882,8592,8742,2881,9312,13075,13164,14100,,
462180,M-MUK,medium,Temanggung,B16,3,purging,101,8464,2886,2881,8592,8740,2882,9313,13069,13156,14097,,
463180,M-MUK,medium,Temanggung,B16,3,purging,102,8460,2889,2882,8593,8739,2881,9313,13064,13150,14095,,
464180,M-MUK,medium,Temanggung,B16,3,purging,103,8457,2886,2881,8595,8739,2883,9314,13058,13143,14093,,
465180,M-MUK,medium,Temanggung,B16,3,purging,104,8454,2889,2879,8596,8738,2881,9314,13053,13136,14091,,
466181,M-MUK,medium,Temanggung,B16,3,purging,105,8451,2889,2879,8597,8737,2883,9315,13047,13130,14088,,
467180,M-MUK,medium,Temanggung,B16,3,purging,106,8448,2882,2877,8598,8736,2882,9315,13042,13123,14086,,
468180,M-MUK,medium,Temanggung,B16,3,purging,107,8445,2887,2877,8599,8736,2881,9316,13036,13117,14083,,
469180,M-MUK,medium,Temanggung,B16,3,purging,108,8443,2886,2881,8600,8735,2881,9316,13031,13110,14081,,
470180,M-MUK,medium,Temanggung,B16,3,purging,109,8441,2888,2882,8601,8734,2881,9315,13025,13103,14078,,
471180,M-MUK,medium,Temanggung,B16,3,purging,110,8438,2882,2879,8602,8734,2881,9316,13019,13097,14075,,
472180,M-MUK,medium,Temanggung,B16,3,purging,111,8435,2885,2882,8603,8733,2882,9315,13014,13091,14073,,
473180,M-MUK,medium,Temanggung,B16,3,purging,112,8433,2884,2883,8604,8732,2881,9316,13009,13085,14070,,
474180,M-MUK,medium,Temanggung,B16,3,purging,113,8431,2886,2879,8605,8731,2881,9315,13003,13079,14068,,
475181,M-MUK,medium,Temanggung,B16,3,purging,114,8430,2884,2881,8605,8730,2881,9316,12998,13072,14065,,
476180,M-MUK,medium,Temanggung,B16,3,purging,115,8429,2884,2879,8606,8729,2884,9314,12993,13066,14062,,
477180,M-MUK,medium,Temanggung,B16,3,purging,116,8427,2885,2879,8607,8728,2881,9314,12987,13059,14058,,
478180,M-MUK,medium,Temanggung,B16,3,purging,117,8426,2884,2881,8608,8727,2881,9313,12982,13053,14056,,
479180,M-MUK,medium,Temanggung,B16,3,purging,118,8424,2882,2879,8609,8725,2883,9313,12977,13047,14054,,
480180,M-MUK,medium,Temanggung,B16,3,purging,119,8423,2882,2879,8609,8724,2886,9313,12971,13041,14052,,
481180,M-MUK,medium,Temanggung,B16,3,purging,120,8422,2882,2882,8610,8723,2881,9312,12967,13036,14050,,
482184,M-MUK,medium,Temanggung,B16,3,collecting,1,8419,2886,2882,8611,8722,2883,9312,12962,13030,14048,,
483180,M-MUK,medium,Temanggung,B16,3,collecting,2,8420,2885,2884,8610,8721,2886,9311,12957,13022,14044,,
484180,M-MUK,medium,Temanggung,B16,3,collecting,3,8771,2886,2879,8609,8772,2881,9359,13002,13034,14121,,
485180,M-MUK,medium,Temanggung,B16,3,collecting,4,9848,2889,2883,8610,8910,2883,9494,13191,13144,14295,,
486180,M-MUK,medium,Temanggung,B16,3,collecting,5,11163,2888,2879,8612,9084,2883,9641,13481,13367,14483,,
487180,M-MUK,medium,Temanggung,B16,3,collecting,6,12243,2888,2881,8613,9233,2883,9739,13792,13658,14640,,
488180,M-MUK,medium,Temanggung,B16,3,collecting,7,13003,2890,2879,8614,9338,2883,9787,14049,13951,14759,,
489180,M-MUK,medium,Temanggung,B16,3,collecting,8,13510,2893,2879,8615,9406,2883,9801,14242,14208,14848,,
490180,M-MUK,medium,Temanggung,B16,3,collecting,9,13843,2895,2879,8615,9447,2883,9797,14382,14416,14915,,
491181,M-MUK,medium,Temanggung,B16,3,collecting,10,14059,2893,2879,8615,9471,2883,9783,14481,14578,14965,,
492180,M-MUK,medium,Temanggung,B16,3,collecting,11,14196,2893,2879,8616,9483,2881,9766,14551,14701,15002,,
493180,M-MUK,medium,Temanggung,B16,3,collecting,12,14276,2895,2882,8616,9487,2883,9748,14600,14792,15031,,
494180,M-MUK,medium,Temanggung,B16,3,collecting,13,14320,2893,2879,8616,9486,2883,9731,14635,14860,15053,,
495180,M-MUK,medium,Temanggung,B16,3,collecting,14,14334,2893,2879,8616,9483,2883,9715,14659,14910,15069,,
496180,M-MUK,medium,Temanggung,B16,3,collecting,15,14328,2898,2881,8615,9477,2883,9700,14677,14947,15082,,
497180,M-MUK,medium,Temanggung,B16,3,collecting,16,14305,2895,2884,8615,9470,2883,9686,14689,14974,15091,,
498181,M-MUK,medium,Temanggung,B16,3,collecting,17,14272,2893,2879,8616,9464,2883,9675,14697,14991,15098,,
499180,M-MUK,medium,Temanggung,B16,3,collecting,18,14231,2895,2879,8616,9456,2886,9663,14701,15003,15103,,
500180,M-MUK,medium,Temanggung,B16,3,collecting,19,14183,2893,2877,8616,9448,2883,9653,14703,15010,15107,,
501180,M-MUK,medium,Temanggung,B16,3,collecting,20,14129,2893,2882,8616,9439,2883,9644,14703,15013,15109,,
502180,M-MUK,medium,Temanggung,B16,3,collecting,21,14072,2895,2879,8616,9431,2883,9636,14702,15013,15111,,
503180,M-MUK,medium,Temanggung,B16,3,collecting,22,14013,2893,2882,8617,9424,2883,9628,14700,15011,15111,,
504180,M-MUK,medium,Temanggung,B16,3,collecting,23,13953,2895,2879,8617,9417,2883,9621,14697,15007,15111,,
505180,M-MUK,medium,Temanggung,B16,3,collecting,24,13892,2893,2879,8617,9410,2883,9613,14693,15001,15110,,
506180,M-MUK,medium,Temanggung,B16,3,collecting,25,13831,2893,2882,8618,9404,2883,9607,14688,14995,15109,,
507181,M-MUK,medium,Temanggung,B16,3,collecting,26,13771,2893,2879,8619,9398,2883,9602,14683,14987,15107,,
508180,M-MUK,medium,Temanggung,B16,3,collecting,27,13711,2895,2879,8619,9393,2881,9597,14678,14979,15105,,
509180,M-MUK,medium,Temanggung,B16,3,collecting,28,13652,2893,2879,8619,9387,2883,9593,14671,14971,15103,,
510180,M-MUK,medium,Temanggung,B16,3,collecting,29,13594,2892,2882,8620,9383,2886,9589,14665,14962,15101,,
511180,M-MUK,medium,Temanggung,B16,3,collecting,30,13538,2891,2879,8620,9379,2883,9584,14659,14954,15098,,
512180,M-MUK,medium,Temanggung,B16,3,collecting,31,13484,2891,2878,8621,9375,2883,9582,14653,14945,15095,,
513180,M-MUK,medium,Temanggung,B16,3,collecting,32,13430,2888,2877,8621,9372,2883,9579,14646,14936,15093,,
514181,M-MUK,medium,Temanggung,B16,3,collecting,33,13380,2893,2879,8622,9369,2883,9575,14640,14928,15090,,
515180,M-MUK,medium,Temanggung,B16,3,collecting,34,13329,2888,2882,8623,9366,2883,9572,14634,14919,15087,,
516180,M-MUK,medium,Temanggung,B16,3,collecting,35,13281,2891,2879,8623,9362,2883,9568,14627,14910,15084,,
517180,M-MUK,medium,Temanggung,B16,3,collecting,36,13234,2895,2882,8623,9359,2886,9566,14620,14901,15081,,
518180,M-MUK,medium,Temanggung,B16,3,collecting,37,13189,2891,2879,8624,9355,2883,9563,14613,14893,15077,,
519180,M-MUK,medium,Temanggung,B16,3,collecting,38,13145,2888,2879,8624,9352,2886,9560,14607,14884,15074,,
520180,M-MUK,medium,Temanggung,B16,3,collecting,39,13103,2891,2877,8625,9350,2886,9559,14600,14875,15071,,
521180,M-MUK,medium,Temanggung,B16,3,collecting,40,13061,2891,2882,8626,9347,2883,9557,14594,14865,15067,,
522180,M-MUK,medium,Temanggung,B16,3,collecting,41,13021,2886,2879,8626,9344,2886,9554,14588,14856,15064,,
523181,M-MUK,medium,Temanggung,B16,3,collecting,42,12982,2886,2877,8627,9340,2886,9551,14582,14848,15061,,
524180,M-MUK,medium,Temanggung,B16,3,collecting,43,12946,2886,2877,8627,9337,2883,9549,14576,14838,15057,,
525180,M-MUK,medium,Temanggung,B16,3,collecting,44,12910,2888,2882,8628,9335,2881,9547,14570,14829,15053,,
526180,M-MUK,medium,Temanggung,B16,3,collecting,45,12876,2886,2879,8629,9332,2883,9546,14563,14820,15050,,
527180,M-MUK,medium,Temanggung,B16,3,collecting,46,12844,2886,2879,8629,9329,2883,9544,14557,14811,15046,,
528180,M-MUK,medium,Temanggung,B16,3,collecting,47,12812,2889,2882,8629,9326,2881,9543,14550,14802,15042,,
529180,M-MUK,medium,Temanggung,B16,3,collecting,48,12781,2888,2882,8630,9324,2883,9541,14544,14793,15038,,
530181,M-MUK,medium,Temanggung,B16,3,collecting,49,12751,2888,2877,8630,9321,2883,9539,14538,14784,15035,,
531180,M-MUK,medium,Temanggung,B16,3,collecting,50,12721,2886,2877,8630,9318,2886,9538,14532,14775,15031,,
532180,M-MUK,medium,Temanggung,B16,3,collecting,51,12692,2888,2879,8631,9316,2886,9536,14526,14766,15027,,
533180,M-MUK,medium,Temanggung,B16,3,collecting,52,12665,2888,2877,8632,9313,2883,9534,14520,14757,15023,,
534180,M-MUK,medium,Temanggung,B16,3,collecting,53,12638,2886,2877,8633,9310,2886,9532,14514,14748,15020,,
535180,M-MUK,medium,Temanggung,B16,3,collecting,54,12611,2888,2877,8633,9306,2885,9530,14509,14739,15015,,
536180,M-MUK,medium,Temanggung,B16,3,collecting,55,12585,2886,2877,8634,9304,2881,9529,14503,14730,15012,,
537180,M-MUK,medium,Temanggung,B16,3,collecting,56,12561,2886,2877,8634,9300,2886,9528,14497,14721,15008,,
538180,M-MUK,medium,Temanggung,B16,3,collecting,57,12537,2890,2877,8635,9298,2881,9526,14492,14712,15004,,
539181,M-MUK,medium,Temanggung,B16,3,collecting,58,12513,2888,2879,8635,9294,2881,9524,14486,14703,15000,,
540180,M-MUK,medium,Temanggung,B16,3,collecting,59,12490,2888,2879,8636,9291,2886,9523,14481,14694,14996,,
541180,M-MUK,medium,Temanggung,B16,3,collecting,60,12468,2888,2877,8637,9288,2886,9523,14476,14685,14992,,
542180,M-MUK,medium,Temanggung,B16,3,collecting,61,12446,2886,2877,8637,9285,2881,9522,14471,14676,14989,,
543183,M-MUK,medium,Temanggung,B16,4,purging,1,12426,2886,2882,8638,9282,2886,9520,14466,14668,14985,,
544179,M-MUK,medium,Temanggung,B16,4,purging,2,12406,2886,2877,8641,9281,2883,9520,14461,14661,14983,,
545179,M-MUK,medium,Temanggung,B16,4,purging,3,12340,2886,2877,8642,9269,2886,9513,14445,14648,14969,,
546180,M-MUK,medium,Temanggung,B16,4,purging,4,12211,2886,2879,8643,9248,2886,9497,14410,14623,14945,,
547180,M-MUK,medium,Temanggung,B16,4,purging,5,12038,2884,2877,8643,9222,2886,9478,14364,14585,14917,,
548179,M-MUK,medium,Temanggung,B16,4,purging,6,11840,2886,2877,8643,9194,2886,9461,14315,14538,14887,,
549179,M-MUK,medium,Temanggung,B16,4,purging,7,11628,2886,2877,8644,9167,2883,9445,14266,14487,14858,,
550179,M-MUK,medium,Temanggung,B16,4,purging,8,11413,2886,2877,8645,9142,2883,9432,14218,14433,14829,,
551179,M-MUK,medium,Temanggung,B16,4,purging,9,11200,2886,2877,8645,9118,2883,9422,14171,14378,14801,,
552180,M-MUK,medium,Temanggung,B16,4,purging,10,10993,2886,2877,8646,9097,2886,9413,14128,14325,14774,,
553180,M-MUK,medium,Temanggung,B16,4,purging,11,10796,2884,2879,8647,9077,2886,9405,14087,14273,14749,,
554180,M-MUK,medium,Temanggung,B16,4,purging,12,10613,2884,2877,8648,9059,2886,9398,14049,14222,14725,,
555181,M-MUK,medium,Temanggung,B16,4,purging,13,10442,2884,2875,8649,9043,2883,9392,14012,14174,14701,,
556180,M-MUK,medium,Temanggung,B16,4,purging,14,10284,2886,2877,8650,9029,2886,9387,13979,14128,14680,,
557180,M-MUK,medium,Temanggung,B16,4,purging,15,10140,2884,2879,8651,9016,2883,9384,13947,14085,14660,,
558180,M-MUK,medium,Temanggung,B16,4,purging,16,10009,2884,2877,8653,9004,2883,9381,13918,14043,14640,,
559180,M-MUK,medium,Temanggung,B16,4,purging,17,9890,2884,2877,8654,8993,2886,9378,13888,14003,14621,,
560180,M-MUK,medium,Temanggung,B16,4,purging,18,9782,2882,2877,8655,8983,2885,9375,13861,13966,14604,,
561180,M-MUK,medium,Temanggung,B16,4,purging,19,9684,2884,2877,8656,8974,2883,9373,13836,13930,14587,,
562181,M-MUK,medium,Temanggung,B16,4,purging,20,9596,2884,2877,8658,8965,2883,9371,13811,13895,14570,,
563180,M-MUK,medium,Temanggung,B16,4,purging,21,9516,2881,2877,8659,8957,2885,9369,13787,13863,14554,,
564180,M-MUK,medium,Temanggung,B16,4,purging,22,9444,2881,2877,8660,8950,2883,9368,13765,13831,14540,,
565180,M-MUK,medium,Temanggung,B16,4,purging,23,9380,2884,2875,8661,8943,2886,9366,13743,13801,14525,,
566180,M-MUK,medium,Temanggung,B16,4,purging,24,9322,2884,2879,8662,8936,2883,9365,13722,13772,14511,,
567180,M-MUK,medium,Temanggung,B16,4,purging,25,9268,2882,2877,8663,8930,2883,9364,13702,13745,14498,,
568180,M-MUK,medium,Temanggung,B16,4,purging,26,9219,2881,2875,8664,8924,2883,9363,13682,13718,14485,,
569180,M-MUK,medium,Temanggung,B16,4,purging,27,9175,2881,2877,8665,8918,2883,9362,13663,13693,14472,,
570180,M-MUK,medium,Temanggung,B16,4,purging,28,9135,2884,2877,8667,8914,2883,9361,13645,13668,14460,,
571181,M-MUK,medium,Temanggung,B16,4,purging,29,9097,2881,2875,8668,8909,2883,9359,13627,13644,14448,,
572180,M-MUK,medium,Temanggung,B16,4,purging,30,9062,2884,2877,8669,8904,2883,9358,13610,13621,14437,,
573180,M-MUK,medium,Temanggung,B16,4,purging,31,9031,2884,2877,8670,8899,2883,9357,13593,13599,14426,,
574180,M-MUK,medium,Temanggung,B16,4,purging,32,9001,2881,2877,8671,8895,2883,9356,13577,13578,14415,,
575180,M-MUK,medium,Temanggung,B16,4,purging,33,8974,2881,2877,8672,8891,2883,9356,13561,13557,14405,,
576180,M-MUK,medium,Temanggung,B16,4,purging,34,8948,2882,2875,8673,8887,2883,9354,13546,13537,14395,,
577180,M-MUK,medium,Temanggung,B16,4,purging,35,8925,2882,2877,8674,8883,2883,9354,13530,13518,14385,,
578181,M-MUK,medium,Temanggung,B16,4,purging,36,8903,2881,2875,8675,8880,2883,9353,13516,13499,14375,,
579180,M-MUK,medium,Temanggung,B16,4,purging,37,8883,2884,2875,8676,8875,2883,9351,13501,13480,14366,,
580180,M-MUK,medium,Temanggung,B16,4,purging,38,8865,2881,2879,8677,8872,2883,9350,13487,13463,14357,,
581180,M-MUK,medium,Temanggung,B16,4,purging,39,8847,2884,2877,8678,8868,2883,9350,13473,13446,14348,,
582180,M-MUK,medium,Temanggung,B16,4,purging,40,8831,2884,2877,8679,8865,2883,9349,13460,13429,14339,,
583180,M-MUK,medium,Temanggung,B16,4,purging,41,8815,2881,2877,8679,8862,2883,9348,13447,13413,14331,,
584180,M-MUK,medium,Temanggung,B16,4,purging,42,8801,2881,2875,8680,8858,2885,9348,13435,13397,14323,,
585180,M-MUK,medium,Temanggung,B16,4,purging,43,8788,2884,2879,8681,8855,2883,9348,13423,13382,14315,,
586180,M-MUK,medium,Temanggung,B16,4,purging,44,8776,2884,2879,8682,8852,2883,9348,13410,13367,14307,,
587181,M-MUK,medium,Temanggung,B16,4,purging,45,8764,2884,2879,8683,8850,2883,9347,13399,13353,14300,,
588180,M-MUK,medium,Temanggung,B16,4,purging,46,8754,2884,2875,8684,8847,2883,9346,13387,13339,14293,,
589180,M-MUK,medium,Temanggung,B16,4,purging,47,8744,2884,2875,8685,8845,2883,9346,13375,13325,14286,,
590180,M-MUK,medium,Temanggung,B16,4,purging,48,8733,2881,2879,8686,8842,2883,9345,13365,13311,14279,,
591180,M-MUK,medium,Temanggung,B16,4,purging,49,8724,2881,2879,8687,8840,2883,9345,13354,13298,14272,,
592180,M-MUK,medium,Temanggung,B16,4,purging,50,8714,2884,2879,8687,8837,2881,9344,13343,13285,14265,,
593180,M-MUK,medium,Temanggung,B16,4,purging,51,8705,2881,2879,8688,8835,2883,9344,13332,13273,14259,,
594181,M-MUK,medium,Temanggung,B16,4,purging,52,8696,2884,2877,8689,8833,2883,9343,13322,13261,14252,,
595180,M-MUK,medium,Temanggung,B16,4,purging,53,8688,2884,2879,8689,8830,2883,9343,13312,13248,14245,,
596180,M-MUK,medium,Temanggung,B16,4,purging,54,8681,2881,2879,8690,8827,2883,9342,13302,13236,14239,,
597180,M-MUK,medium,Temanggung,B16,4,purging,55,8673,2884,2879,8691,8824,2883,9341,13292,13225,14233,,
598180,M-MUK,medium,Temanggung,B16,4,purging,56,8665,2884,2879,8691,8822,2881,9340,13282,13213,14226,,
599180,M-MUK,medium,Temanggung,B16,4,purging,57,8658,2884,2879,8692,8820,2883,9339,13272,13202,14220,,
600180,M-MUK,medium,Temanggung,B16,4,purging,58,8651,2884,2877,8693,8817,2883,9338,13263,13190,14214,,
601180,M-MUK,medium,Temanggung,B16,4,purging,59,8645,2884,2879,8694,8814,2883,9337,13253,13180,14209,,
602180,M-MUK,medium,Temanggung,B16,4,purging,60,8639,2884,2876,8694,8812,2883,9337,13244,13169,14203,,
603181,M-MUK,medium,Temanggung,B16,4,purging,61,8633,2884,2877,8695,8809,2883,9336,13235,13158,14198,,
604180,M-MUK,medium,Temanggung,B16,4,purging,62,8628,2884,2879,8696,8807,2883,9335,13226,13148,14192,,
605180,M-MUK,medium,Temanggung,B16,4,purging,63,8622,2881,2877,8696,8804,2883,9334,13218,13138,14187,,
606180,M-MUK,medium,Temanggung,B16,4,purging,64,8617,2884,2877,8697,8802,2883,9333,13210,13128,14182,,
607180,M-MUK,medium,Temanggung,B16,4,purging,65,8611,2881,2879,8698,8800,2883,9333,13201,13118,14177,,
608180,M-MUK,medium,Temanggung,B16,4,purging,66,8606,2884,2877,8698,8798,2883,9333,13193,13108,14173,,
609180,M-MUK,medium,Temanggung,B16,4,purging,67,8600,2884,2877,8698,8796,2881,9333,13185,13099,14168,,
610181,M-MUK,medium,Temanggung,B16,4,purging,68,8595,2884,2877,8699,8795,2883,9333,13177,13089,14164,,
611180,M-MUK,medium,Temanggung,B16,4,purging,69,8589,2884,2877,8699,8793,2881,9333,13170,13080,14160,,
612180,M-MUK,medium,Temanggung,B16,4,purging,70,8584,2884,2877,8700,8792,2881,9333,13162,13071,14156,,
613180,M-MUK,medium,Temanggung,B16,4,purging,71,8578,2881,2879,8701,8790,2881,9333,13155,13063,14152,,
614180,M-MUK,medium,Temanggung,B16,4,purging,72,8573,2884,2877,8701,8788,2881,9332,13147,13054,14147,,
615180,M-MUK,medium,Temanggung,B16,4,purging,73,8568,2881,2877,8702,8787,2881,9332,13140,13045,14143,,
616180,M-MUK,medium,Temanggung,B16,4,purging,74,8563,2884,2875,8702,8784,2881,9333,13133,13037,14140,,
617180,M-MUK,medium,Temanggung,B16,4,purging,75,8558,2884,2877,8702,8783,2881,9332,13125,13029,14136,,
618180,M-MUK,medium,Temanggung,B16,4,purging,76,8554,2884,2875,8703,8781,2881,9332,13118,13020,14132,,
619181,M-MUK,medium,Temanggung,B16,4,purging,77,8552,2881,2875,8704,8779,2881,9332,13112,13012,14128,,
620180,M-MUK,medium,Temanggung,B16,4,purging,78,8550,2881,2879,8704,8778,2883,9332,13105,13004,14125,,
621180,M-MUK,medium,Temanggung,B16,4,purging,79,8549,2884,2875,8704,8777,2881,9332,13099,12997,14121,,
622180,M-MUK,medium,Temanggung,B16,4,purging,80,8549,2884,2877,8705,8777,2883,9332,13092,12990,14118,,
623180,M-MUK,medium,Temanggung,B16,4,purging,81,8551,2881,2875,8705,8777,2883,9332,13087,12984,14116,,
624180,M-MUK,medium,Temanggung,B16,4,purging,82,8554,2884,2879,8706,8776,2881,9332,13082,12977,14112,,
625180,M-MUK,medium,Temanggung,B16,4,purging,83,8557,2881,2877,8707,8776,2881,9332,13076,12971,14109,,
626181,M-MUK,medium,Temanggung,B16,4,purging,84,8559,2886,2879,8708,8775,2883,9332,13071,12966,14107,,
627180,M-MUK,medium,Temanggung,B16,4,purging,85,8560,2884,2879,8708,8774,2881,9332,13065,12960,14104,,
628180,M-MUK,medium,Temanggung,B16,4,purging,86,8561,2884,2877,8709,8772,2881,9332,13060,12954,14101,,
629180,M-MUK,medium,Temanggung,B16,4,purging,87,8560,2884,2879,8709,8771,2881,9332,13054,12948,14098,,
630180,M-MUK,medium,Temanggung,B16,4,purging,88,8559,2884,2879,8709,8770,2881,9331,13049,12942,14095,,
631180,M-MUK,medium,Temanggung,B16,4,purging,89,8557,2884,2879,8710,8769,2881,9332,13043,12936,14093,,
632180,M-MUK,medium,Temanggung,B16,4,purging,90,8556,2884,2879,8710,8768,2881,9331,13038,12930,14090,,
633180,M-MUK,medium,Temanggung,B16,4,purging,91,8555,2884,2879,8711,8767,2881,9332,13032,12923,14087,,
634180,M-MUK,medium,Temanggung,B16,4,purging,92,8553,2884,2879,8712,8766,2883,9332,13027,12918,14084,,
635181,M-MUK,medium,Temanggung,B16,4,purging,93,8551,2884,2879,8712,8764,2883,9331,13022,12912,14082,,
636180,M-MUK,medium,Temanggung,B16,4,purging,94,8549,2884,2875,8712,8763,2881,9331,13016,12906,14078,,
637180,M-MUK,medium,Temanggung,B16,4,purging,95,8546,2884,2875,8713,8762,2881,9330,13011,12901,14076,,
638180,M-MUK,medium,Temanggung,B16,4,purging,96,8543,2884,2875,8713,8761,2881,9330,13005,12895,14073,,
639180,M-MUK,medium,Temanggung,B16,4,purging,97,8539,2884,2879,8714,8760,2883,9330,13000,12889,14071,,
640180,M-MUK,medium,Temanggung,B16,4,purging,98,8535,2884,2877,8713,8758,2883,9330,12994,12883,14068,,
641180,M-MUK,medium,Temanggung,B16,4,purging,99,8532,2881,2879,8714,8757,2881,9329,12989,12877,14065,,
642181,M-MUK,medium,Temanggung,B16,4,purging,100,8527,2884,2879,8714,8756,2883,9329,12984,12872,14062,,
643180,M-MUK,medium,Temanggung,B16,4,purging,101,8524,2884,2879,8715,8754,2883,9329,12978,12865,14059,,
644180,M-MUK,medium,Temanggung,B16,4,purging,102,8519,2884,2879,8715,8753,2881,9328,12973,12859,14056,,
645180,M-MUK,medium,Temanggung,B16,4,purging,103,8515,2884,2879,8715,8752,2883,9328,12967,12853,14054,,
646180,M-MUK,medium,Temanggung,B16,4,purging,104,8510,2884,2875,8716,8750,2881,9327,12961,12847,14050,,
647180,M-MUK,medium,Temanggung,B16,4,purging,105,8505,2884,2875,8716,8749,2883,9327,12956,12841,14048,,
648180,M-MUK,medium,Temanggung,B16,4,purging,106,8501,2884,2877,8716,8748,2883,9326,12951,12836,14045,,
649180,M-MUK,medium,Temanggung,B16,4,purging,107,8496,2884,2877,8717,8746,2883,9326,12946,12830,14043,,
650180,M-MUK,medium,Temanggung,B16,4,purging,108,8492,2884,2877,8717,8745,2881,9325,12941,12824,14040,,
651181,M-MUK,medium,Temanggung,B16,4,purging,109,8488,2884,2879,8718,8744,2881,9325,12935,12818,14037,,
652180,M-MUK,medium,Temanggung,B16,4,purging,110,8484,2884,2877,8718,8742,2881,9325,12930,12813,14035,,
653180,M-MUK,medium,Temanggung,B16,4,purging,111,8481,2884,2877,8718,8741,2881,9325,12925,12807,14033,,
654180,M-MUK,medium,Temanggung,B16,4,purging,112,8476,2884,2877,8718,8739,2881,9325,12920,12801,14030,,
655180,M-MUK,medium,Temanggung,B16,4,purging,113,8472,2884,2877,8718,8739,2881,9325,12915,12796,14028,,
656180,M-MUK,medium,Temanggung,B16,4,purging,114,8469,2881,2877,8719,8737,2881,9325,12911,12790,14026,,
657180,M-MUK,medium,Temanggung,B16,4,purging,115,8465,2881,2877,8719,8737,2881,9324,12906,12784,14024,,
658181,M-MUK,medium,Temanggung,B16,4,purging,116,8462,2884,2875,8719,8735,2881,9325,12901,12779,14022,,
659180,M-MUK,medium,Temanggung,B16,4,purging,117,8458,2883,2877,8720,8735,2881,9325,12896,12774,14020,,
660180,M-MUK,medium,Temanggung,B16,4,purging,118,8454,2884,2877,8720,8734,2881,9325,12892,12769,14018,,
661180,M-MUK,medium,Temanggung,B16,4,purging,119,8452,2881,2877,8720,8733,2881,9325,12887,12764,14016,,
662180,M-MUK,medium,Temanggung,B16,4,purging,120,8449,2884,2879,8720,8733,2883,9325,12882,12759,14014,,
663183,M-MUK,medium,Temanggung,B16,4,collecting,1,8446,2881,2877,8720,8733,2881,9325,12879,12753,14012,,
664180,M-MUK,medium,Temanggung,B16,4,collecting,2,8448,2884,2877,8719,8733,2883,9326,12874,12748,14009,,
665180,M-MUK,medium,Temanggung,B16,4,collecting,3,8757,2883,2877,8719,8779,2883,9362,12914,12761,14074,,
666180,M-MUK,medium,Temanggung,B16,4,collecting,4,9729,2883,2877,8720,8906,2881,9475,13079,12866,14229,,
667181,M-MUK,medium,Temanggung,B16,4,collecting,5,10957,2883,2876,8721,9070,2881,9609,13349,13080,14403,,
668180,M-MUK,medium,Temanggung,B16,4,collecting,6,12005,2888,2877,8722,9213,2881,9703,13639,13358,14552,,
669180,M-MUK,medium,Temanggung,B16,4,collecting,7,12758,2888,2879,8722,9315,2881,9752,13882,13642,14666,,
670180,M-MUK,medium,Temanggung,B16,4,collecting,8,13266,2890,2877,8723,9381,2883,9769,14072,13895,14752,,
671180,M-MUK,medium,Temanggung,B16,4,collecting,9,13603,2890,2879,8722,9421,2881,9768,14209,14104,14818,,
672180,M-MUK,medium,Temanggung,B16,4,collecting,10,13823,2890,2879,8722,9444,2883,9757,14306,14268,14868,,
673180,M-MUK,medium,Temanggung,B16,4,collecting,11,13962,2890,2877,8721,9455,2881,9742,14376,14395,14905,,
674181,M-MUK,medium,Temanggung,B16,4,collecting,12,14044,2890,2877,8720,9459,2883,9725,14424,14491,14932,,
675180,M-MUK,medium,Temanggung,B16,4,collecting,13,14085,2890,2877,8720,9458,2883,9707,14458,14563,14953,,
676180,M-MUK,medium,Temanggung,B16,4,collecting,14,14097,2890,2877,8719,9453,2885,9691,14482,14617,14969,,
677180,M-MUK,medium,Temanggung,B16,4,collecting,15,14087,2888,2877,8719,9446,2883,9677,14499,14657,14981,,
678180,M-MUK,medium,Temanggung,B16,4,collecting,16,14062,2893,2877,8718,9438,2881,9662,14511,14686,14990,,
679180,M-MUK,medium,Temanggung,B16,4,collecting,17,14026,2890,2877,8717,9429,2881,9650,14517,14706,14997,,
680180,M-MUK,medium,Temanggung,B16,4,collecting,18,13980,2890,2877,8717,9421,2883,9639,14521,14719,15001,,
681180,M-MUK,medium,Temanggung,B16,4,collecting,19,13930,2890,2877,8716,9411,2883,9629,14523,14728,15005,,
682180,M-MUK,medium,Temanggung,B16,4,collecting,20,13874,2890,2877,8715,9402,2881,9621,14523,14732,15006,,
683181,M-MUK,medium,Temanggung,B16,4,collecting,21,13815,2890,2879,8715,9393,2881,9613,14521,14733,15007,,
684180,M-MUK,medium,Temanggung,B16,4,collecting,22,13754,2888,2879,8714,9385,2883,9606,14518,14731,15007,,
685180,M-MUK,medium,Temanggung,B16,4,collecting,23,13692,2890,2877,8714,9376,2881,9599,14514,14727,15006,,
686180,M-MUK,medium,Temanggung,B16,4,collecting,24,13629,2890,2879,8713,9368,2881,9592,14511,14721,15004,,
687180,M-MUK,medium,Temanggung,B16,4,collecting,25,13567,2890,2877,8713,9360,2883,9585,14506,14714,15003,,
688180,M-MUK,medium,Temanggung,B16,4,collecting,26,13505,2888,2877,8712,9353,2881,9579,14501,14707,15000,,
689180,M-MUK,medium,Temanggung,B16,4,collecting,27,13444,2890,2877,8712,9346,2883,9575,14495,14698,14998,,
690181,M-MUK,medium,Temanggung,B16,4,collecting,28,13385,2888,2876,8711,9340,2883,9572,14490,14689,14995,,
691180,M-MUK,medium,Temanggung,B16,4,collecting,29,13327,2886,2879,8711,9334,2883,9568,14485,14680,14993,,
692180,M-MUK,medium,Temanggung,B16,4,collecting,30,13271,2888,2877,8711,9328,2883,9563,14479,14670,14990,,
693180,M-MUK,medium,Temanggung,B16,4,collecting,31,13215,2888,2877,8711,9322,2883,9560,14473,14660,14986,,
694180,M-MUK,medium,Temanggung,B16,4,collecting,32,13162,2888,2879,8711,9316,2883,9556,14468,14650,14983,,
695180,M-MUK,medium,Temanggung,B16,4,collecting,33,13111,2890,2877,8711,9311,2883,9552,14461,14640,14980,,
696180,M-MUK,medium,Temanggung,B16,4,collecting,34,13061,2886,2879,8711,9306,2883,9548,14455,14629,14976,,
697180,M-MUK,medium,Temanggung,B16,4,collecting,35,13013,2886,2879,8711,9301,2883,9545,14450,14619,14973,,
698180,M-MUK,medium,Temanggung,B16,4,collecting,36,12967,2886,2877,8711,9297,2883,9543,14444,14609,14969,,
699181,M-MUK,medium,Temanggung,B16,4,collecting,37,12922,2886,2876,8711,9292,2883,9541,14438,14599,14965,,
700180,M-MUK,medium,Temanggung,B16,4,collecting,38,12880,2886,2876,8710,9288,2883,9539,14432,14588,14960,,
701180,M-MUK,medium,Temanggung,B16,4,collecting,39,12840,2888,2877,8710,9283,2883,9536,14425,14578,14957,,
702180,M-MUK,medium,Temanggung,B16,4,collecting,40,12800,2886,2879,8711,9279,2883,9534,14420,14568,14953,,
703180,M-MUK,medium,Temanggung,B16,4,collecting,41,12762,2886,2877,8711,9276,2883,9531,14414,14558,14949,,
704180,M-MUK,medium,Temanggung,B16,4,collecting,42,12726,2886,2879,8711,9272,2883,9530,14408,14548,14946,,
705180,M-MUK,medium,Temanggung,B16,4,collecting,43,12692,2886,2876,8711,9268,2881,9528,14403,14539,14942,,
706181,M-MUK,medium,Temanggung,B16,4,collecting,44,12658,2886,2877,8711,9265,2883,9526,14398,14529,14938,,
707180,M-MUK,medium,Temanggung,B16,4,collecting,45,12626,2886,2876,8711,9262,2883,9525,14392,14519,14935,,
708180,M-MUK,medium,Temanggung,B16,4,collecting,46,12596,2886,2877,8711,9258,2883,9522,14387,14511,14931,,
709180,M-MUK,medium,Temanggung,B16,4,collecting,47,12567,2886,2879,8711,9255,2883,9522,14381,14502,14927,,
710180,M-MUK,medium,Temanggung,B16,4,collecting,48,12538,2886,2876,8711,9252,2883,9520,14376,14492,14924,,
711180,M-MUK,medium,Temanggung,B16,4,collecting,49,12510,2886,2879,8711,9249,2883,9518,14370,14484,14920,,
712180,M-MUK,medium,Temanggung,B16,4,collecting,50,12482,2888,2879,8711,9245,2883,9516,14366,14475,14916,,
713180,M-MUK,medium,Temanggung,B16,4,collecting,51,12456,2886,2879,8711,9242,2881,9514,14361,14467,14912,,
714180,M-MUK,medium,Temanggung,B16,4,collecting,52,12430,2888,2876,8711,9239,2881,9512,14356,14458,14909,,
715181,M-MUK,medium,Temanggung,B16,4,collecting,53,12405,2888,2879,8711,9236,2883,9511,14350,14449,14905,,
716180,M-MUK,medium,Temanggung,B16,4,collecting,54,12381,2886,2879,8711,9234,2885,9510,14345,14441,14902,,
717180,M-MUK,medium,Temanggung,B16,4,collecting,55,12358,2888,2879,8711,9231,2883,9509,14340,14433,14898,,
718180,M-MUK,medium,Temanggung,B16,4,collecting,56,12337,2888,2876,8712,9229,2883,9508,14335,14425,14894,,
719180,M-MUK,medium,Temanggung,B16,4,collecting,57,12315,2888,2876,8712,9227,2883,9507,14330,14417,14891,,
720180,M-MUK,medium,Temanggung,B16,4,collecting,58,12294,2888,2879,8712,9224,2883,9506,14325,14409,14887,,
721180,M-MUK,medium,Temanggung,B16,4,collecting,59,12274,2886,2879,8712,9222,2883,9505,14321,14402,14884,,
722181,M-MUK,medium,Temanggung,B16,4,collecting,60,12253,2888,2879,8712,9219,2883,9504,14316,14394,14880,,
723183,M-MUK,medium,Temanggung,B16,5,purging,1,12233,2886,2879,8712,9217,2883,9502,14311,14387,14877,,
724180,M-MUK,medium,Temanggung,B16,5,purging,2,12213,2888,2876,8714,9217,2881,9503,14306,14380,14876,,
725179,M-MUK,medium,Temanggung,B16,5,purging,3,12152,2888,2879,8715,9208,2883,9497,14292,14371,14865,,
726179,M-MUK,medium,Temanggung,B16,5,purging,4,12029,2886,2879,8715,9191,2883,9485,14261,14349,14844,,
727180,M-MUK,medium,Temanggung,B16,5,purging,5,11864,2888,2879,8715,9169,2881,9470,14220,14316,14818,,
728179,M-MUK,medium,Temanggung,B16,5,purging,6,11671,2888,2876,8715,9145,2883,9456,14173,14274,14791,,
729180,M-MUK,medium,Temanggung,B16,5,purging,7,11468,2886,2879,8715,9122,2881,9443,14126,14227,14764,,
730179,M-MUK,medium,Temanggung,B16,5,purging,8,11262,2885,2879,8715,9099,2883,9432,14080,14177,14738,,
731180,M-MUK,medium,Temanggung,B16,5,purging,9,11059,2885,2879,8715,9078,2883,9422,14037,14126,14712,,
732180,M-MUK,medium,Temanggung,B16,5,purging,10,10863,2883,2879,8715,9058,2881,9414,13995,14076,14687,,
733180,M-MUK,medium,Temanggung,B16,5,purging,11,10677,2885,2876,8716,9040,2883,9407,13957,14027,14664,,
734180,M-MUK,medium,Temanggung,B16,5,purging,12,10503,2883,2876,8716,9026,2883,9402,13921,13981,14642,,
735180,M-MUK,medium,Temanggung,B16,5,purging,13,10341,2881,2879,8717,9011,2885,9397,13887,13935,14621,,
736180,M-MUK,medium,Temanggung,B16,5,purging,14,10193,2881,2876,8718,8998,2881,9394,13855,13892,14601,,
737180,M-MUK,medium,Temanggung,B16,5,purging,15,10057,2886,2879,8718,8987,2883,9391,13825,13852,14582,,
738181,M-MUK,medium,Temanggung,B16,5,purging,16,9933,2883,2876,8719,8976,2881,9388,13796,13812,14564,,
739180,M-MUK,medium,Temanggung,B16,5,purging,17,9820,2881,2876,8719,8966,2883,9386,13769,13775,14547,,
740180,M-MUK,medium,Temanggung,B16,5,purging,18,9718,2881,2879,8720,8958,2885,9383,13744,13739,14530,,
741180,M-MUK,medium,Temanggung,B16,5,purging,19,9627,2881,2879,8720,8950,2881,9381,13719,13705,14514,,
742180,M-MUK,medium,Temanggung,B16,5,purging,20,9543,2879,2879,8721,8942,2883,9379,13696,13673,14499,,
743180,M-MUK,medium,Temanggung,B16,5,purging,21,9468,2879,2876,8721,8935,2883,9378,13674,13642,14485,,
744180,M-MUK,medium,Temanggung,B16,5,purging,22,9399,2879,2879,8721,8929,2885,9377,13652,13612,14471,,
745180,M-MUK,medium,Temanggung,B16,5,purging,23,9338,2883,2879,8722,8923,2881,9376,13631,13584,14458,,
746180,M-MUK,medium,Temanggung,B16,5,purging,24,9281,2881,2876,8722,8917,2883,9375,13612,13557,14445,,
747181,M-MUK,medium,Temanggung,B16,5,purging,25,9231,2881,2879,8723,8912,2881,9373,13592,13531,14433,,
748180,M-MUK,medium,Temanggung,B16,5,purging,26,9184,2881,2879,8724,8908,2880,9373,13574,13506,14422,,
749180,M-MUK,medium,Temanggung,B16,5,purging,27,9142,2883,2879,8724,8904,2881,9372,13556,13483,14409,,
750180,M-MUK,medium,Temanggung,B16,5,purging,28,9104,2881,2876,8724,8900,2883,9371,13539,13460,14399,,
751180,M-MUK,medium,Temanggung,B16,5,purging,29,9069,2883,2879,8725,8896,2883,9370,13522,13438,14388,,
752180,M-MUK,medium,Temanggung,B16,5,purging,30,9038,2883,2876,8725,8892,2885,9370,13506,13417,14378,,
753180,M-MUK,medium,Temanggung,B16,5,purging,31,9008,2883,2879,8726,8888,2885,9369,13490,13397,14367,,
754181,M-MUK,medium,Temanggung,B16,5,purging,32,8980,2883,2879,8727,8885,2881,9369,13475,13377,14358,,
755180,M-MUK,medium,Temanggung,B16,5,purging,33,8956,2883,2879,8727,8881,2885,9368,13460,13358,14348,,
756180,M-MUK,medium,Temanggung,B16,5,purging,34,8932,2883,2879,8727,8878,2881,9368,13445,13340,14339,,
757180,M-MUK,medium,Temanggung,B16,5,purging,35,8910,2879,2879,8728,8875,2885,9367,13431,13322,14330,,
758180,M-MUK,medium,Temanggung,B16,5,purging,36,8890,2883,2879,8728,8872,2883,9366,13417,13305,14321,,
759180,M-MUK,medium,Temanggung,B16,5,purging,37,8872,2881,2879,8729,8869,2883,9365,13404,13289,14313,,
760180,M-MUK,medium,Temanggung,B16,5,purging,38,8853,2879,2879,8729,8866,2885,9364,13391,13273,14305,,
761180,M-MUK,medium,Temanggung,B16,5,purging,39,8836,2883,2876,8729,8863,2885,9364,13378,13257,14297,,
762180,M-MUK,medium,Temanggung,B16,5,purging,40,8821,2883,2876,8729,8859,2885,9364,13366,13241,14289,,
763181,M-MUK,medium,Temanggung,B16,5,purging,41,8805,2883,2879,8730,8856,2881,9363,13353,13226,14281,,
764180,M-MUK,medium,Temanggung,B16,5,purging,42,8791,2883,2876,8731,8854,2880,9362,13341,13211,14274,,
765180,M-MUK,medium,Temanggung,B16,5,purging,43,8777,2883,2879,8731,8851,2883,9361,13329,13197,14266,,
766180,M-MUK,medium,Temanggung,B16,5,purging,44,8765,2879,2879,8731,8848,2883,9361,13318,13183,14259,,
767180,M-MUK,medium,Temanggung,B16,5,purging,45,8752,2881,2879,8732,8846,2885,9360,13307,13169,14252,,
768180,M-MUK,medium,Temanggung,B16,5,purging,46,8740,2879,2879,8732,8843,2885,9360,13295,13156,14246,,
769180,M-MUK,medium,Temanggung,B16,5,purging,47,8728,2881,2876,8732,8840,2883,9360,13284,13143,14239,,
770181,M-MUK,medium,Temanggung,B16,5,purging,48,8718,2881,2876,8732,8838,2885,9359,13274,13130,14232,,
771180,M-MUK,medium,Temanggung,B16,5,purging,49,8708,2881,2876,8732,8836,2885,9358,13264,13118,14226,,
772180,M-MUK,medium,Temanggung,B16,5,purging,50,8699,2883,2879,8733,8834,2885,9358,13253,13106,14220,,
773180,M-MUK,medium,Temanggung,B16,5,purging,51,8690,2881,2876,8733,8831,2885,9357,13244,13094,14214,,
774180,M-MUK,medium,Temanggung,B16,5,purging,52,8682,2881,2876,8734,8829,2883,9357,13234,13083,14208,,
775180,M-MUK,medium,Temanggung,B16,5,purging,53,8674,2883,2879,8734,8826,2881,9356,13224,13072,14202,,
776180,M-MUK,medium,Temanggung,B16,5,purging,54,8667,2883,2879,8734,8824,2881,9355,13214,13061,14196,,
777180,M-MUK,medium,Temanggung,B16,5,purging,55,8660,2883,2876,8735,8822,2885,9355,13205,13050,14190,,
778180,M-MUK,medium,Temanggung,B16,5,purging,56,8652,2883,2876,8735,8820,2885,9354,13196,13039,14185,,
779181,M-MUK,medium,Temanggung,B16,5,purging,57,8646,2881,2876,8735,8818,2883,9353,13187,13030,14180,,
780180,M-MUK,medium,Temanggung,B16,5,purging,58,8640,2883,2876,8736,8816,2883,9353,13178,13019,14174,,
781180,M-MUK,medium,Temanggung,B16,5,purging,59,8634,2883,2879,8736,8814,2883,9352,13169,13009,14169,,
782180,M-MUK,medium,Temanggung,B16,5,purging,60,8627,2883,2879,8736,8811,2885,9351,13161,13000,14164,,
783180,M-MUK,medium,Temanggung,B16,5,purging,61,8621,2883,2876,8737,8809,2881,9351,13153,12990,14159,,
784180,M-MUK,medium,Temanggung,B16,5,purging,62,8616,2883,2876,8737,8806,2883,9349,13144,12980,14154,,
785180,M-MUK,medium,Temanggung,B16,5,purging,63,8610,2883,2876,8737,8804,2885,9349,13137,12971,14150,,
786181,M-MUK,medium,Temanggung,B16,5,purging,64,8604,2879,2879,8738,8803,2885,9349,13128,12962,14145,,
787180,M-MUK,medium,Temanggung,B16,5,purging,65,8598,2883,2876,8738,8801,2885,9348,13121,12953,14141,,
788180,M-MUK,medium,Temanggung,B16,5,purging,66,8592,2881,2879,8738,8799,2885,9348,13113,12944,14137,,
789180,M-MUK,medium,Temanggung,B16,5,purging,67,8587,2883,2876,8738,8797,2885,9348,13105,12936,14132,,
790180,M-MUK,medium,Temanggung,B16,5,purging,68,8581,2881,2876,8739,8795,2883,9348,13097,12927,14128,,
791180,M-MUK,medium,Temanggung,B16,5,purging,69,8576,2883,2876,8739,8794,2881,9348,13090,12918,14124,,
792180,M-MUK,medium,Temanggung,B16,5,purging,70,8572,2881,2879,8739,8793,2883,9348,13083,12910,14120,,
793180,M-MUK,medium,Temanggung,B16,5,purging,71,8567,2883,2876,8739,8791,2880,9347,13075,12902,14116,,
794180,M-MUK,medium,Temanggung,B16,5,purging,72,8563,2883,2876,8740,8789,2885,9347,13068,12894,14112,,
795181,M-MUK,medium,Temanggung,B16,5,purging,73,8557,2883,2876,8740,8788,2885,9346,13061,12886,14108,,
796180,M-MUK,medium,Temanggung,B16,5,purging,74,8553,2883,2876,8741,8786,2882,9346,13055,12879,14104,,
797180,M-MUK,medium,Temanggung,B16,5,purging,75,8549,2883,2876,8741,8785,2883,9346,13048,12872,14101,,
798180,M-MUK,medium,Temanggung,B16,5,purging,76,8544,2879,2876,8741,8784,2882,9346,13041,12864,14097,,
799180,M-MUK,medium,Temanggung,B16,5,purging,77,8540,2883,2879,8742,8783,2882,9345,13035,12857,14093,,
800180,M-MUK,medium,Temanggung,B16,5,purging,78,8535,2883,2876,8742,8781,2881,9346,13028,12850,14090,,
801180,M-MUK,medium,Temanggung,B16,5,purging,79,8531,2879,2879,8742,8780,2883,9345,13021,12843,14087,,
802181,M-MUK,medium,Temanggung,B16,5,purging,80,8528,2883,2876,8742,8779,2885,9345,13015,12836,14083,,
803180,M-MUK,medium,Temanggung,B16,5,purging,81,8524,2879,2876,8743,8777,2885,9344,13009,12829,14080,,
804180,M-MUK,medium,Temanggung,B16,5,purging,82,8520,2881,2876,8743,8777,2885,9345,13003,12822,14078,,
805180,M-MUK,medium,Temanggung,B16,5,purging,83,8517,2881,2879,8743,8775,2881,9344,12997,12816,14074,,
806180,M-MUK,medium,Temanggung,B16,5,purging,84,8513,2881,2876,8743,8774,2885,9345,12992,12810,14071,,
807180,M-MUK,medium,Temanggung,B16,5,purging,85,8509,2879,2876,8744,8773,2885,9344,12985,12803,14068,,
808180,M-MUK,medium,Temanggung,B16,5,purging,86,8506,2879,2876,8744,8772,2881,9344,12980,12797,14066,,
809180,M-MUK,medium,Temanggung,B16,5,purging,87,8502,2883,2879,8744,8770,2882,9344,12974,12791,14063,,
810180,M-MUK,medium,Temanggung,B16,5,purging,88,8499,2883,2879,8745,8769,2883,9343,12969,12784,14060,,
811181,M-MUK,medium,Temanggung,B16,5,purging,89,8496,2883,2879,8745,8768,2885,9344,12963,12778,14056,,
812180,M-MUK,medium,Temanggung,B16,5,purging,90,8494,2883,2876,8745,8767,2881,9344,12957,12772,14054,,
813180,M-MUK,medium,Temanggung,B16,5,purging,91,8492,2883,2876,8745,8766,2882,9344,12952,12767,14051,,
814180,M-MUK,medium,Temanggung,B16,5,purging,92,8490,2883,2879,8745,8765,2885,9343,12946,12761,14048,,
815180,M-MUK,medium,Temanggung,B16,5,purging,93,8488,2881,2876,8745,8763,2885,9343,12940,12756,14046,,
816180,M-MUK,medium,Temanggung,B16,5,purging,94,8486,2883,2876,8746,8763,2882,9343,12935,12751,14043,,
817180,M-MUK,medium,Temanggung,B16,5,purging,95,8483,2879,2874,8746,8762,2885,9342,12930,12745,14040,,
818181,M-MUK,medium,Temanggung,B16,5,purging,96,8481,2881,2876,8747,8761,2885,9342,12925,12740,14038,,
819180,M-MUK,medium,Temanggung,B16,5,purging,97,8478,2883,2876,8747,8760,2885,9342,12920,12735,14035,,
820180,M-MUK,medium,Temanggung,B16,5,purging,98,8476,2883,2876,8747,8759,2883,9342,12915,12730,14033,,
821180,M-MUK,medium,Temanggung,B16,5,purging,99,8474,2883,2876,8747,8759,2882,9342,12910,12725,14031,,
822180,M-MUK,medium,Temanggung,B16,5,purging,100,8472,2883,2876,8747,8758,2883,9343,12905,12719,14029,,
823180,M-MUK,medium,Temanggung,B16,5,purging,101,8469,2881,2876,8748,8758,2882,9343,12900,12715,14027,,
824180,M-MUK,medium,Temanggung,B16,5,purging,102,8467,2881,2876,8748,8757,2885,9343,12895,12710,14025,,
825180,M-MUK,medium,Temanggung,B16,5,purging,103,8465,2881,2876,8748,8757,2883,9344,12891,12706,14023,,
826180,M-MUK,medium,Temanggung,B16,5,purging,104,8462,2883,2876,8749,8756,2885,9344,12886,12701,14020,,
827181,M-MUK,medium,Temanggung,B16,5,purging,105,8460,2881,2876,8749,8755,2882,9344,12881,12697,14019,,
828180,M-MUK,medium,Temanggung,B16,5,purging,106,8458,2881,2874,8749,8755,2885,9344,12877,12692,14017,,
829180,M-MUK,medium,Temanggung,B16,5,purging,107,8456,2881,2876,8749,8755,2885,9344,12873,12688,14015,,
830180,M-MUK,medium,Temanggung,B16,5,purging,108,8453,2881,2874,8750,8754,2882,9344,12869,12684,14013,,
831180,M-MUK,medium,Temanggung,B16,5,purging,109,8450,2881,2876,8750,8754,2882,9343,12863,12680,14011,,
832180,M-MUK,medium,Temanggung,B16,5,purging,110,8448,2881,2876,8750,8753,2880,9344,12859,12676,14009,,
833180,M-MUK,medium,Temanggung,B16,5,purging,111,8446,2881,2876,8751,8752,2885,9344,12855,12672,14007,,
834181,M-MUK,medium,Temanggung,B16,5,purging,112,8445,2881,2876,8751,8752,2882,9344,12851,12668,14006,,
835180,M-MUK,medium,Temanggung,B16,5,purging,113,8443,2883,2876,8751,8751,2885,9344,12846,12665,14004,,
836180,M-MUK,medium,Temanggung,B16,5,purging,114,8440,2881,2879,8751,8750,2883,9344,12842,12660,14003,,
837180,M-MUK,medium,Temanggung,B16,5,purging,115,8438,2883,2876,8752,8750,2885,9344,12838,12657,14001,,
838180,M-MUK,medium,Temanggung,B16,5,purging,116,8436,2883,2876,8752,8750,2882,9344,12834,12653,13999,,
839180,M-MUK,medium,Temanggung,B16,5,purging,117,8435,2883,2874,8752,8749,2882,9345,12830,12649,13998,,
840180,M-MUK,medium,Temanggung,B16,5,purging,118,8433,2879,2876,8753,8750,2882,9345,12826,12646,13997,,
841180,M-MUK,medium,Temanggung,B16,5,purging,119,8432,2881,2876,8753,8749,2885,9345,12822,12643,13995,,
842180,M-MUK,medium,Temanggung,B16,5,purging,120,8431,2879,2879,8753,8748,2882,9346,12819,12639,13993,,
843184,M-MUK,medium,Temanggung,B16,5,collecting,1,8429,2883,2876,8753,8748,2882,9345,12814,12635,13991,,
844180,M-MUK,medium,Temanggung,B16,5,collecting,2,8431,2881,2876,8752,8747,2882,9345,12811,12631,13988,,
845180,M-MUK,medium,Temanggung,B16,5,collecting,3,8722,2883,2876,8752,8788,2882,9385,12846,12642,14044,,
846180,M-MUK,medium,Temanggung,B16,5,collecting,4,9645,2883,2879,8752,8902,2885,9486,13002,12736,14184,,
847180,M-MUK,medium,Temanggung,B16,5,collecting,5,10812,2883,2876,8752,9049,2882,9601,13261,12928,14343,,
848180,M-MUK,medium,Temanggung,B16,5,collecting,6,11809,2885,2876,8753,9178,2885,9683,13528,13180,14476,,
849180,M-MUK,medium,Temanggung,B16,5,collecting,7,12524,2886,2879,8753,9269,2882,9724,13751,13439,14582,,
850181,M-MUK,medium,Temanggung,B16,5,collecting,8,13007,2885,2876,8754,9328,2882,9736,13922,13672,14661,,
851180,M-MUK,medium,Temanggung,B16,5,collecting,9,13327,2886,2876,8753,9364,2882,9733,14045,13863,14720,,
852180,M-MUK,medium,Temanggung,B16,5,collecting,10,13536,2890,2876,8753,9384,2882,9721,14134,14016,14766,,
853180,M-MUK,medium,Temanggung,B16,5,collecting,11,13668,2890,2876,8752,9394,2882,9708,14196,14135,14801,,
854180,M-MUK,medium,Temanggung,B16,5,collecting,12,13746,2888,2876,8752,9398,2882,9694,14241,14226,14828,,
855180,M-MUK,medium,Temanggung,B16,5,collecting,13,13786,2890,2876,8752,9397,2882,9679,14274,14297,14848,,
856180,M-MUK,medium,Temanggung,B16,5,collecting,14,13798,2888,2876,8751,9394,2882,9665,14298,14351,14864,,
857180,M-MUK,medium,Temanggung,B16,5,collecting,15,13790,2892,2876,8750,9389,2882,9652,14316,14392,14877,,
858180,M-MUK,medium,Temanggung,B16,5,collecting,16,13767,2892,2874,8750,9383,2882,9642,14328,14423,14887,,
859181,M-MUK,medium,Temanggung,B16,5,collecting,17,13734,2890,2874,8749,9378,2882,9633,14338,14447,14894,,
860180,M-MUK,medium,Temanggung,B16,5,collecting,18,13692,2887,2874,8749,9370,2882,9623,14344,14464,14899,,
861180,M-MUK,medium,Temanggung,B16,5,collecting,19,13645,2890,2876,8748,9364,2885,9615,14348,14477,14904,,
862180,M-MUK,medium,Temanggung,B16,5,collecting,20,13594,2887,2876,8748,9357,2882,9608,14350,14485,14907,,
863180,M-MUK,medium,Temanggung,B16,5,collecting,21,13540,2890,2876,8748,9350,2882,9601,14351,14491,14909,,
864180,M-MUK,medium,Temanggung,B16,5,collecting,22,13483,2887,2878,8747,9343,2885,9594,14351,14493,14910,,
865180,M-MUK,medium,Temanggung,B16,5,collecting,23,13426,2887,2874,8747,9337,2882,9588,14349,14494,14911,,
866181,M-MUK,medium,Temanggung,B16,5,collecting,24,13368,2887,2876,8746,9331,2882,9583,14347,14492,14911,,
867180,M-MUK,medium,Temanggung,B16,5,collecting,25,13310,2887,2874,8746,9324,2882,9578,14344,14490,14910,,
868180,M-MUK,medium,Temanggung,B16,5,collecting,26,13252,2887,2876,8746,9317,2882,9574,14341,14486,14909,,
869180,M-MUK,medium,Temanggung,B16,5,collecting,27,13196,2887,2874,8746,9312,2882,9570,14338,14481,14908,,
870180,M-MUK,medium,Temanggung,B16,5,collecting,28,13141,2887,2874,8745,9306,2885,9567,14335,14476,14907,,
871180,M-MUK,medium,Temanggung,B16,5,collecting,29,13088,2887,2876,8746,9301,2880,9564,14331,14470,14905,,
872180,M-MUK,medium,Temanggung,B16,5,collecting,30,13037,2885,2876,8745,9297,2882,9560,14327,14463,14904,,
873180,M-MUK,medium,Temanggung,B16,5,collecting,31,12987,2885,2876,8745,9292,2882,9558,14323,14457,14901,,
874180,M-MUK,medium,Temanggung,B16,5,collecting,32,12939,2883,2878,8745,9287,2882,9554,14319,14450,14900,,
875181,M-MUK,medium,Temanggung,B16,5,collecting,33,12891,2888,2878,8744,9284,2882,9551,14315,14443,14898,,
876180,M-MUK,medium,Temanggung,B16,5,collecting,34,12846,2888,2876,8745,9280,2882,9550,14311,14436,14896,,
877180,M-MUK,medium,Temanggung,B16,5,collecting,35,12803,2885,2874,8745,9277,2882,9547,14307,14429,14893,,
878180,M-MUK,medium,Temanggung,B16,5,collecting,36,12761,2888,2878,8745,9273,2882,9545,14302,14422,14890,,
879180,M-MUK,medium,Temanggung,B16,5,collecting,37,12720,2885,2876,8745,9270,2882,9542,14297,14415,14888,,
880180,M-MUK,medium,Temanggung,B16,5,collecting,38,12681,2885,2876,8745,9267,2882,9541,14293,14407,14885,,
881180,M-MUK,medium,Temanggung,B16,5,collecting,39,12642,2888,2876,8745,9264,2882,9540,14288,14400,14882,,
882181,M-MUK,medium,Temanggung,B16,5,collecting,40,12606,2883,2874,8745,9261,2880,9538,14284,14393,14880,,
883180,M-MUK,medium,Temanggung,B16,5,collecting,41,12571,2888,2874,8745,9258,2882,9537,14280,14385,14877,,
884180,M-MUK,medium,Temanggung,B16,5,collecting,42,12537,2888,2878,8745,9255,2882,9535,14275,14379,14874,,
885180,M-MUK,medium,Temanggung,B16,5,collecting,43,12505,2888,2874,8745,9252,2882,9535,14271,14371,14871,,
886180,M-MUK,medium,Temanggung,B16,5,collecting,44,12473,2885,2874,8746,9250,2882,9532,14266,14364,14868,,
887180,M-MUK,medium,Temanggung,B16,5,collecting,45,12441,2883,2874,8745,9247,2882,9530,14262,14358,14865,,
888180,M-MUK,medium,Temanggung,B16,5,collecting,46,12411,2883,2874,8746,9244,2880,9529,14258,14351,14862,,
889180,M-MUK,medium,Temanggung,B16,5,collecting,47,12383,2885,2874,8746,9242,2882,9529,14253,14344,14859,,
890180,M-MUK,medium,Temanggung,B16,5,collecting,48,12357,2885,2878,8746,9240,2880,9528,14249,14337,14856,,
891181,M-MUK,medium,Temanggung,B16,5,collecting,49,12332,2883,2874,8746,9237,2882,9526,14244,14330,14854,,
892180,M-MUK,medium,Temanggung,B16,5,collecting,50,12307,2888,2878,8746,9235,2880,9525,14240,14323,14851,,
893180,M-MUK,medium,Temanggung,B16,5,collecting,51,12283,2885,2876,8746,9233,2880,9524,14235,14317,14848,,
894180,M-MUK,medium,Temanggung,B16,5,collecting,52,12259,2885,2876,8747,9231,2880,9523,14232,14310,14845,,
895180,M-MUK,medium,Temanggung,B16,5,collecting,53,12237,2883,2874,8747,9230,2882,9522,14227,14304,14843,,
896180,M-MUK,medium,Temanggung,B16,5,collecting,54,12215,2883,2878,8747,9228,2882,9521,14223,14298,14840,,
897180,M-MUK,medium,Temanggung,B16,5,collecting,55,12194,2888,2878,8747,9226,2880,9519,14220,14292,14837,,
898181,M-MUK,medium,Temanggung,B16,5,collecting,56,12173,2883,2878,8747,9223,2880,9519,14216,14286,14834,,
899180,M-MUK,medium,Temanggung,B16,5,collecting,57,12153,2888,2878,8747,9221,2882,9518,14212,14280,14831,,
900180,M-MUK,medium,Temanggung,B16,5,collecting,58,12133,2885,2874,8748,9219,2880,9517,14207,14274,14829,,
901180,M-MUK,medium,Temanggung,B16,5,collecting,59,12114,2885,2878,8747,9217,2880,9516,14204,14268,14826,,
902180,M-MUK,medium,Temanggung,B16,5,collecting,60,12096,2888,2876,8748,9215,2882,9515,14200,14262,14823,,
903180,M-MUK,medium,Temanggung,B16,5,collecting,61,12078,2888,2878,8748,9214,2882,9514,14196,14256,14820,,
904183,M-MUK,medium,Temanggung,B16,6,purging,1,12062,2888,2874,8748,9212,2882,9513,14192,14251,14817,,
905179,M-MUK,medium,Temanggung,B16,6,purging,2,12044,2888,2876,8750,9212,2882,9515,14189,14246,14818,,
906179,M-MUK,medium,Temanggung,B16,6,purging,3,11985,2888,2876,8751,9205,2880,9510,14176,14239,14807,,
907180,M-MUK,medium,Temanggung,B16,6,purging,4,11867,2888,2878,8751,9191,2882,9499,14147,14222,14788,,
908179,M-MUK,medium,Temanggung,B16,6,purging,5,11708,2885,2874,8752,9171,2880,9486,14107,14193,14765,,
909179,M-MUK,medium,Temanggung,B16,6,purging,6,11523,2883,2876,8752,9150,2882,9472,14062,14155,14740,,
910180,M-MUK,medium,Temanggung,B16,6,purging,7,11327,2885,2876,8752,9128,2880,9459,14018,14113,14715,,
911179,M-MUK,medium,Temanggung,B16,6,purging,8,11130,2885,2878,8752,9107,2880,9449,13974,14068,14689,,
912179,M-MUK,medium,Temanggung,B16,6,purging,9,10936,2885,2878,8753,9088,2880,9439,13933,14022,14665,,
913180,M-MUK,medium,Temanggung,B16,6,purging,10,10748,2883,2878,8753,9070,2880,9432,13894,13976,14642,,
914181,M-MUK,medium,Temanggung,B16,6,purging,11,10571,2883,2876,8753,9054,2880,9426,13857,13931,14620,,
915180,M-MUK,medium,Temanggung,B16,6,purging,12,10406,2885,2876,8754,9040,2882,9421,13822,13888,14599,,
916180,M-MUK,medium,Temanggung,B16,6,purging,13,10253,2885,2874,8754,9026,2880,9416,13790,13846,14580,,
917180,M-MUK,medium,Temanggung,B16,6,purging,14,10112,2885,2878,8754,9015,2880,9412,13759,13807,14561,,
918180,M-MUK,medium,Temanggung,B16,6,purging,15,9984,2883,2878,8755,9004,2880,9409,13730,13769,14543,,
919180,M-MUK,medium,Temanggung,B16,6,purging,16,9867,2885,2878,8755,8993,2880,9405,13703,13732,14525,,
920180,M-MUK,medium,Temanggung,B16,6,purging,17,9762,2885,2878,8755,8984,2880,9403,13677,13697,14510,,
921180,M-MUK,medium,Temanggung,B16,6,purging,18,9666,2883,2878,8755,8976,2882,9401,13653,13664,14494,,
922180,M-MUK,medium,Temanggung,B16,6,purging,19,9580,2883,2876,8756,8968,2882,9399,13629,13633,14479,,
923181,M-MUK,medium,Temanggung,B16,6,purging,20,9502,2881,2876,8756,8962,2880,9398,13607,13603,14465,,
924180,M-MUK,medium,Temanggung,B16,6,purging,21,9432,2881,2876,8757,8956,2880,9396,13585,13575,14451,,
925180,M-MUK,medium,Temanggung,B16,6,purging,22,9368,2881,2876,8757,8950,2880,9396,13565,13548,14438,,
926180,M-MUK,medium,Temanggung,B16,6,purging,23,9311,2883,2876,8757,8943,2880,9394,13545,13522,14425,,
927180,M-MUK,medium,Temanggung,B16,6,purging,24,9259,2883,2876,8758,8939,2880,9392,13526,13497,14413,,
928180,M-MUK,medium,Temanggung,B16,6,purging,25,9212,2883,2876,8757,8934,2882,9391,13507,13473,14401,,
929180,M-MUK,medium,Temanggung,B16,6,purging,26,9170,2883,2876,8758,8929,2880,9389,13489,13450,14390,,
930181,M-MUK,medium,Temanggung,B16,6,purging,27,9130,2880,2878,8758,8924,2880,9388,13472,13428,14379,,
931180,M-MUK,medium,Temanggung,B16,6,purging,28,9095,2883,2876,8758,8920,2880,9387,13455,13406,14368,,
932180,M-MUK,medium,Temanggung,B16,6,purging,29,9062,2881,2876,8759,8916,2880,9386,13440,13386,14358,,
933180,M-MUK,medium,Temanggung,B16,6,purging,30,9032,2883,2876,8759,8912,2880,9384,13424,13366,14348,,
934180,M-MUK,medium,Temanggung,B16,6,purging,31,9004,2883,2876,8759,8908,2880,9383,13409,13347,14339,,
935180,M-MUK,medium,Temanggung,B16,6,purging,32,8978,2883,2878,8759,8905,2880,9383,13394,13328,14330,,
936180,M-MUK,medium,Temanggung,B16,6,purging,33,8953,2881,2876,8759,8901,2880,9381,13380,13310,14321,,
937180,M-MUK,medium,Temanggung,B16,6,purging,34,8931,2883,2876,8759,8898,2880,9380,13366,13293,14312,,
938180,M-MUK,medium,Temanggung,B16,6,purging,35,8910,2883,2876,8759,8894,2880,9380,13353,13276,14304,,
939181,M-MUK,medium,Temanggung,B16,6,purging,36,8890,2881,2878,8759,8891,2882,9379,13339,13260,14295,,
940180,M-MUK,medium,Temanggung,B16,6,purging,37,8872,2881,2878,8759,8888,2882,9379,13327,13243,14288,,
941180,M-MUK,medium,Temanggung,B16,6,purging,38,8854,2883,2876,8759,8885,2880,9378,13314,13228,14280,,
942180,M-MUK,medium,Temanggung,B16,6,purging,39,8839,2883,2876,8759,8883,2880,9378,13302,13213,14272,,
943180,M-MUK,medium,Temanggung,B16,6,purging,40,8823,2883,2876,8759,8880,2880,9377,13290,13199,14265,,
944180,M-MUK,medium,Temanggung,B16,6,purging,41,8808,2883,2878,8759,8877,2882,9376,13279,13185,14258,,
945180,M-MUK,medium,Temanggung,B16,6,purging,42,8795,2883,2876,8759,8875,2880,9376,13267,13171,14251,,
946181,M-MUK,medium,Temanggung,B16,6,purging,43,8781,2883,2876,8759,8872,2880,9375,13256,13158,14244,,
947180,M-MUK,medium,Temanggung,B16,6,purging,44,8769,2883,2876,8758,8870,2882,9375,13245,13145,14237,,
948180,M-MUK,medium,Temanggung,B16,6,purging,45,8757,2883,2876,8758,8868,2880,9374,13234,13133,14231,,
949180,M-MUK,medium,Temanggung,B16,6,purging,46,8746,2883,2876,8758,8865,2882,9373,13224,13120,14225,,
950180,M-MUK,medium,Temanggung,B16,6,purging,47,8735,2883,2878,8758,8863,2880,9373,13213,13109,14219,,
951180,M-MUK,medium,Temanggung,B16,6,purging,48,8724,2881,2878,8759,8861,2882,9372,13204,13097,14213,,
952180,M-MUK,medium,Temanggung,B16,6,purging,49,8714,2881,2876,8758,8859,2880,9372,13194,13085,14207,,
953180,M-MUK,medium,Temanggung,B16,6,purging,50,8704,2883,2876,8758,8857,2880,9372,13185,13075,14202,,
954180,M-MUK,medium,Temanggung,B16,6,purging,51,8694,2883,2878,8759,8854,2882,9371,13175,13063,14196,,
955181,M-MUK,medium,Temanggung,B16,6,purging,52,8685,2883,2878,8758,8852,2880,9371,13166,13052,14191,,
956180,M-MUK,medium,Temanggung,B16,6,purging,53,8677,2883,2876,8759,8850,2880,9371,13157,13042,14185,,
957180,M-MUK,medium,Temanggung,B16,6,purging,54,8669,2883,2878,8759,8849,2882,9371,13148,13032,14180,,
958180,M-MUK,medium,Temanggung,B16,6,purging,55,8660,2883,2876,8759,8847,2880,9370,13139,13022,14176,,
959180,M-MUK,medium,Temanggung,B16,6,purging,56,8652,2883,2874,8759,8846,2880,9370,13131,13012,14171,,
960180,M-MUK,medium,Temanggung,B16,6,purging,57,8645,2883,2878,8759,8844,2880,9371,13122,13003,14166,,
961180,M-MUK,medium,Temanggung,B16,6,purging,58,8638,2883,2876,8759,8843,2880,9371,13114,12994,14162,,
962181,M-MUK,medium,Temanggung,B16,6,purging,59,8632,2883,2876,8759,8842,2880,9371,13106,12986,14158,,
963180,M-MUK,medium,Temanggung,B16,6,purging,60,8625,2881,2878,8759,8840,2882,9371,13098,12977,14153,,
964180,M-MUK,medium,Temanggung,B16,6,purging,61,8619,2883,2878,8759,8839,2880,9371,13090,12969,14149,,
965180,M-MUK,medium,Temanggung,B16,6,purging,62,8613,2881,2878,8758,8837,2882,9372,13083,12961,14145,,
966180,M-MUK,medium,Temanggung,B16,6,purging,63,8608,2883,2878,8758,8836,2882,9372,13075,12953,14141,,
967180,M-MUK,medium,Temanggung,B16,6,purging,64,8602,2883,2876,8759,8835,2882,9371,13068,12945,14137,,
968180,M-MUK,medium,Temanggung,B16,6,purging,65,8596,2881,2878,8759,8834,2882,9371,13060,12937,14133,,
969180,M-MUK,medium,Temanggung,B16,6,purging,66,8591,2883,2876,8759,8833,2880,9370,13053,12930,14129,,
970180,M-MUK,medium,Temanggung,B16,6,purging,67,8586,2883,2876,8759,8831,2880,9370,13046,12923,14125,,
971181,M-MUK,medium,Temanggung,B16,6,purging,68,8581,2883,2876,8758,8830,2882,9370,13039,12915,14121,,
972180,M-MUK,medium,Temanggung,B16,6,purging,69,8576,2883,2874,8758,8829,2880,9370,13032,12909,14118,,
973180,M-MUK,medium,Temanggung,B16,6,purging,70,8571,2883,2876,8758,8827,2880,9370,13025,12902,14115,,
974180,M-MUK,medium,Temanggung,B16,6,purging,71,8566,2883,2876,8758,8826,2880,9370,13018,12895,14111,,
975180,M-MUK,medium,Temanggung,B16,6,purging,72,8562,2883,2878,8758,8825,2880,9370,13011,12889,14108,,
976180,M-MUK,medium,Temanggung,B16,6,purging,73,8557,2883,2878,8758,8824,2882,9370,13005,12882,14104,,
977180,M-MUK,medium,Temanggung,B16,6,purging,74,8553,2881,2876,8758,8823,2882,9370,12998,12875,14101,,
978181,M-MUK,medium,Temanggung,B16,6,purging,75,8549,2883,2876,8758,8822,2880,9370,12991,12869,14097,,
979180,M-MUK,medium,Temanggung,B16,6,purging,76,8545,2881,2876,8758,8821,2880,9369,12985,12863,14094,,
980180,M-MUK,medium,Temanggung,B16,6,purging,77,8541,2881,2876,8758,8820,2880,9369,12979,12857,14091,,
981180,M-MUK,medium,Temanggung,B16,6,purging,78,8537,2883,2876,8758,8819,2880,9368,12972,12850,14087,,
982180,M-MUK,medium,Temanggung,B16,6,purging,79,8533,2883,2876,8757,8817,2880,9367,12966,12845,14084,,
983180,M-MUK,medium,Temanggung,B16,6,purging,80,8530,2883,2876,8757,8816,2882,9367,12960,12839,14081,,
984180,M-MUK,medium,Temanggung,B16,6,purging,81,8526,2883,2878,8757,8814,2882,9367,12954,12832,14078,,
985180,M-MUK,medium,Temanggung,B16,6,purging,82,8522,2881,2876,8757,8812,2880,9367,12948,12826,14075,,
986180,M-MUK,medium,Temanggung,B16,6,purging,83,8519,2883,2878,8756,8811,2880,9367,12942,12820,14072,,
987181,M-MUK,medium,Temanggung,B16,6,purging,84,8515,2883,2876,8757,8809,2880,9367,12937,12814,14070,,
988180,M-MUK,medium,Temanggung,B16,6,purging,85,8511,2883,2876,8757,8808,2880,9367,12931,12807,14066,,
989180,M-MUK,medium,Temanggung,B16,6,purging,86,8507,2883,2876,8756,8806,2880,9366,12925,12802,14064,,
990180,M-MUK,medium,Temanggung,B16,6,purging,87,8504,2883,2876,8756,8805,2882,9367,12919,12796,14062,,
991180,M-MUK,medium,Temanggung,B16,6,purging,88,8501,2883,2876,8756,8804,2882,9366,12914,12791,14058,,
992180,M-MUK,medium,Temanggung,B16,6,purging,89,8498,2883,2878,8755,8803,2880,9366,12908,12785,14055,,
993180,M-MUK,medium,Temanggung,B16,6,purging,90,8495,2883,2876,8756,8803,2880,9365,12903,12781,14053,,
994181,M-MUK,medium,Temanggung,B16,6,purging,91,8494,2881,2876,8756,8802,2882,9365,12898,12776,14050,,
995180,M-MUK,medium,Temanggung,B16,6,purging,92,8491,2883,2876,8756,8801,2882,9364,12893,12771,14048,,
996180,M-MUK,medium,Temanggung,B16,6,purging,93,8489,2881,2878,8755,8800,2880,9364,12888,12766,14046,,
997180,M-MUK,medium,Temanggung,B16,6,purging,94,8487,2883,2876,8755,8800,2880,9365,12883,12761,14044,,
998180,M-MUK,medium,Temanggung,B16,6,purging,95,8484,2883,2876,8754,8799,2880,9365,12878,12756,14042,,
999180,M-MUK,medium,Temanggung,B16,6,purging,96,8482,2883,2878,8754,8798,2880,9365,12873,12752,14039,,
1000180,M-MUK,medium,Temanggung,B16,6,purging,97,8480,2881,2876,8754,8797,2882,9364,12868,12747,14037,,
1001180,M-MUK,medium,Temanggung,B16,6,purging,98,8478,2883,2878,8754,8797,2882,9364,12863,12742,14036,,
1002180,M-MUK,medium,Temanggung,B16,6,purging,99,8476,2883,2876,8754,8796,2882,9364,12859,12738,14033,,
1003181,M-MUK,medium,Temanggung,B16,6,purging,100,8474,2883,2876,8754,8795,2880,9364,12854,12733,14031,,
1004180,M-MUK,medium,Temanggung,B16,6,purging,101,8472,2883,2876,8754,8794,2882,9364,12850,12728,14029,,
1005180,M-MUK,medium,Temanggung,B16,6,purging,102,8469,2883,2878,8753,8793,2882,9363,12845,12724,14027,,
1006180,M-MUK,medium,Temanggung,B16,6,purging,103,8466,2881,2876,8753,8792,2880,9363,12840,12719,14025,,
1007180,M-MUK,medium,Temanggung,B16,6,purging,104,8463,2881,2876,8753,8791,2880,9362,12836,12714,14023,,
1008180,M-MUK,medium,Temanggung,B16,6,purging,105,8460,2881,2878,8753,8790,2880,9363,12832,12710,14021,,
1009180,M-MUK,medium,Temanggung,B16,6,purging,106,8459,2881,2876,8753,8789,2880,9364,12827,12706,14019,,
1010181,M-MUK,medium,Temanggung,B16,6,purging,107,8455,2883,2876,8753,8788,2882,9364,12823,12701,14017,,
1011180,M-MUK,medium,Temanggung,B16,6,purging,108,8453,2881,2876,8752,8787,2882,9363,12818,12697,14015,,
1012180,M-MUK,medium,Temanggung,B16,6,purging,109,8451,2883,2876,8752,8787,2882,9363,12814,12692,14013,,
1013180,M-MUK,medium,Temanggung,B16,6,purging,110,8449,2883,2876,8753,8786,2882,9363,12810,12688,14012,,
1014180,M-MUK,medium,Temanggung,B16,6,purging,111,8447,2881,2876,8752,8786,2880,9363,12806,12684,14010,,
1015180,M-MUK,medium,Temanggung,B16,6,purging,112,8445,2883,2876,8752,8785,2880,9363,12802,12680,14009,,
1016180,M-MUK,medium,Temanggung,B16,6,purging,113,8442,2881,2878,8752,8784,2882,9364,12798,12676,14007,,
1017180,M-MUK,medium,Temanggung,B16,6,purging,114,8440,2881,2876,8752,8784,2882,9364,12794,12673,14005,,
1018180,M-MUK,medium,Temanggung,B16,6,purging,115,8437,2883,2876,8753,8784,2880,9363,12790,12669,14004,,
1019181,M-MUK,medium,Temanggung,B16,6,purging,116,8436,2881,2874,8753,8783,2882,9364,12786,12666,14002,,
1020180,M-MUK,medium,Temanggung,B16,6,purging,117,8434,2881,2876,8753,8783,2882,9364,12782,12662,14001,,
1021180,M-MUK,medium,Temanggung,B16,6,purging,118,8432,2881,2876,8753,8783,2882,9364,12778,12659,13999,,
1022180,M-MUK,medium,Temanggung,B16,6,purging,119,8430,2880,2876,8753,8782,2882,9364,12774,12655,13998,,
1023180,M-MUK,medium,Temanggung,B16,6,purging,120,8429,2881,2876,8753,8782,2880,9365,12770,12652,13996,,
1024183,M-MUK,medium,Temanggung,B16,6,collecting,1,8427,2881,2876,8753,8782,2880,9365,12766,12649,13994,,
1025180,M-MUK,medium,Temanggung,B16,6,collecting,2,8428,2881,2876,8751,8780,2880,9363,12763,12645,13991,,
1026181,M-MUK,medium,Temanggung,B16,6,collecting,3,8692,2881,2876,8751,8820,2882,9398,12798,12657,14045,,
1027180,M-MUK,medium,Temanggung,B16,6,collecting,4,9558,2881,2876,8750,8929,2880,9498,12960,12752,14182,,
1028180,M-MUK,medium,Temanggung,B16,6,collecting,5,10693,2883,2876,8751,9074,2880,9614,13204,12944,14333,,
1029180,M-MUK,medium,Temanggung,B16,6,collecting,6,11680,2885,2876,8751,9201,2882,9695,13463,13193,14465,,
1030180,M-MUK,medium,Temanggung,B16,6,collecting,7,12397,2887,2876,8751,9291,2882,9733,13684,13448,14567,,
1031180,M-MUK,medium,Temanggung,B16,6,collecting,8,12886,2887,2876,8751,9349,2880,9744,13851,13676,14645,,
1032180,M-MUK,medium,Temanggung,B16,6,collecting,9,13209,2890,2876,8751,9384,2880,9740,13971,13866,14704,,
1033180,M-MUK,medium,Temanggung,B16,6,collecting,10,13419,2889,2876,8750,9404,2882,9729,14058,14017,14748,,
1034180,M-MUK,medium,Temanggung,B16,6,collecting,11,13552,2890,2876,8749,9413,2880,9714,14119,14134,14783,,
1035181,M-MUK,medium,Temanggung,B16,6,collecting,12,13629,2889,2874,8748,9416,2882,9699,14163,14225,14808,,
1036180,M-MUK,medium,Temanggung,B16,6,collecting,13,13667,2890,2876,8748,9415,2880,9685,14194,14294,14828,,
1037180,M-MUK,medium,Temanggung,B16,6,collecting,14,13678,2890,2878,8746,9412,2882,9672,14216,14348,14844,,
1038180,M-MUK,medium,Temanggung,B16,6,collecting,15,13668,2890,2876,8745,9407,2882,9661,14233,14388,14856,,
1039180,M-MUK,medium,Temanggung,B16,6,collecting,16,13644,2887,2876,8744,9401,2882,9650,14244,14418,14865,,
1040180,M-MUK,medium,Temanggung,B16,6,collecting,17,13610,2887,2876,8744,9395,2882,9640,14253,14442,14872,,
1041180,M-MUK,medium,Temanggung,B16,6,collecting,18,13567,2887,2876,8743,9388,2882,9631,14258,14459,14877,,
1042181,M-MUK,medium,Temanggung,B16,6,collecting,19,13518,2887,2876,8742,9381,2882,9622,14262,14471,14881,,
1043180,M-MUK,medium,Temanggung,B16,6,collecting,20,13465,2890,2878,8741,9373,2882,9615,14263,14480,14884,,
1044180,M-MUK,medium,Temanggung,B16,6,collecting,21,13410,2890,2878,8740,9366,2880,9609,14264,14484,14886,,
1045180,M-MUK,medium,Temanggung,B16,6,collecting,22,13353,2890,2878,8739,9360,2882,9603,14264,14487,14887,,
1046180,M-MUK,medium,Temanggung,B16,6,collecting,23,13295,2887,2876,8739,9354,2882,9597,14262,14488,14888,,
1047180,M-MUK,medium,Temanggung,B16,6,collecting,24,13238,2890,2878,8738,9348,2882,9592,14261,14487,14888,,
1048180,M-MUK,medium,Temanggung,B16,6,collecting,25,13180,2887,2876,8737,9342,2882,9587,14259,14486,14888,,
1049180,M-MUK,medium,Temanggung,B16,6,collecting,26,13123,2885,2874,8736,9337,2882,9583,14256,14482,14887,,
1050180,M-MUK,medium,Temanggung,B16,6,collecting,27,13068,2885,2876,8736,9331,2882,9579,14254,14478,14886,,
1051181,M-MUK,medium,Temanggung,B16,6,collecting,28,13015,2885,2874,8735,9326,2882,9575,14250,14474,14885,,
1052180,M-MUK,medium,Temanggung,B16,6,collecting,29,12962,2885,2876,8734,9321,2880,9571,14247,14469,14883,,
1053180,M-MUK,medium,Temanggung,B16,6,collecting,30,12911,2887,2876,8734,9316,2880,9569,14243,14463,14881,,
1054180,M-MUK,medium,Temanggung,B16,6,collecting,31,12862,2885,2876,8733,9311,2880,9565,14239,14457,14880,,
1055180,M-MUK,medium,Temanggung,B16,6,collecting,32,12813,2885,2876,8732,9307,2882,9561,14235,14451,14878,,
1056180,M-MUK,medium,Temanggung,B16,6,collecting,33,12767,2887,2878,8732,9303,2880,9559,14231,14445,14876,,
1057180,M-MUK,medium,Temanggung,B16,6,collecting,34,12722,2885,2874,8731,9300,2882,9557,14227,14439,14873,,
1058181,M-MUK,medium,Temanggung,B16,6,collecting,35,12678,2885,2876,8730,9295,2882,9555,14222,14433,14871,,
1059180,M-MUK,medium,Temanggung,B16,6,collecting,36,12636,2885,2876,8730,9292,2882,9552,14218,14426,14869,,
1060180,M-MUK,medium,Temanggung,B16,6,collecting,37,12596,2885,2878,8729,9289,2882,9550,14214,14419,14867,,
1061180,M-MUK,medium,Temanggung,B16,6,collecting,38,12558,2885,2876,8729,9286,2880,9550,14209,14413,14864,,
1062180,M-MUK,medium,Temanggung,B16,6,collecting,39,12521,2885,2876,8728,9283,2882,9548,14206,14406,14862,,
1063180,M-MUK,medium,Temanggung,B16,6,collecting,40,12485,2885,2876,8727,9280,2880,9546,14202,14400,14859,,
1064180,M-MUK,medium,Temanggung,B16,6,collecting,41,12450,2885,2876,8727,9277,2880,9545,14198,14394,14857,,
1065180,M-MUK,medium,Temanggung,B16,6,collecting,42,12418,2887,2878,8727,9274,2880,9543,14194,14387,14855,,
1066180,M-MUK,medium,Temanggung,B16,6,collecting,43,12387,2887,2878,8726,9272,2880,9543,14190,14381,14852,,
1067181,M-MUK,medium,Temanggung,B16,6,collecting,44,12356,2885,2878,8725,9269,2882,9541,14186,14375,14850,,
1068180,M-MUK,medium,Temanggung,B16,6,collecting,45,12327,2887,2878,8725,9268,2882,9540,14182,14368,14847,,
1069180,M-MUK,medium,Temanggung,B16,6,collecting,46,12299,2885,2876,8725,9266,2880,9540,14178,14362,14845,,
1070180,M-MUK,medium,Temanggung,B16,6,collecting,47,12272,2885,2878,8724,9264,2882,9538,14173,14356,14842,,
1071180,M-MUK,medium,Temanggung,B16,6,collecting,48,12245,2887,2878,8724,9262,2880,9536,14169,14351,14840,,
1072180,M-MUK,medium,Temanggung,B16,6,collecting,49,12221,2887,2878,8724,9260,2880,9535,14165,14345,14837,,
1073180,M-MUK,medium,Temanggung,B16,6,collecting,50,12196,2885,2878,8723,9258,2882,9535,14161,14339,14834,,
1074181,M-MUK,medium,Temanggung,B16,6,collecting,51,12173,2887,2878,8723,9256,2882,9535,14157,14333,14832,,
1075180,M-MUK,medium,Temanggung,B16,6,collecting,52,12151,2883,2874,8723,9254,2882,9535,14153,14328,14829,,
1076180,M-MUK,medium,Temanggung,B16,6,collecting,53,12129,2885,2878,8722,9252,2882,9534,14149,14323,14827,,
1077180,M-MUK,medium,Temanggung,B16,6,collecting,54,12108,2885,2878,8722,9251,2882,9533,14146,14318,14824,,
1078180,M-MUK,medium,Temanggung,B16,6,collecting,55,12086,2887,2878,8722,9249,2882,9531,14142,14312,14822,,
1079180,M-MUK,medium,Temanggung,B16,6,collecting,56,12067,2887,2878,8722,9248,2882,9530,14138,14307,14819,,
1080180,M-MUK,medium,Temanggung,B16,6,collecting,57,12047,2885,2878,8722,9246,2882,9531,14135,14302,14817,,
1081180,M-MUK,medium,Temanggung,B16,6,collecting,58,12028,2887,2878,8722,9244,2882,9530,14131,14296,14814,,
1082180,M-MUK,medium,Temanggung,B16,6,collecting,59,12011,2887,2878,8721,9243,2882,9529,14128,14292,14812,,
1083181,M-MUK,medium,Temanggung,B16,6,collecting,60,11993,2887,2878,8721,9241,2882,9528,14124,14287,14809,,
1084183,M-MUK,medium,Temanggung,B16,7,purging,1,11976,2885,2878,8721,9240,2882,9527,14120,14282,14807,,
1085179,M-MUK,medium,Temanggung,B16,7,purging,2,11959,2887,2878,8723,9239,2880,9527,14117,14278,14807,,
1086179,M-MUK,medium,Temanggung,B16,7,purging,3,11901,2887,2878,8723,9232,2882,9523,14105,14270,14797,,
1087179,M-MUK,medium,Temanggung,B16,7,purging,4,11785,2885,2878,8723,9217,2882,9512,14076,14252,14778,,
1088179,M-MUK,medium,Temanggung,B16,7,purging,5,11628,2887,2878,8723,9197,2882,9498,14038,14222,14755,,
1089179,M-MUK,medium,Temanggung,B16,7,purging,6,11446,2885,2878,8722,9175,2880,9484,13994,14183,14730,,
1090180,M-MUK,medium,Temanggung,B16,7,purging,7,11254,2880,2876,8723,9153,2882,9473,13950,14139,14706,,
1091180,M-MUK,medium,Temanggung,B16,7,purging,8,11060,2880,2878,8722,9131,2882,9463,13908,14093,14681,,
1092179,M-MUK,medium,Temanggung,B16,7,purging,9,10868,2883,2878,8722,9111,2882,9454,13867,14047,14658,,
1093180,M-MUK,medium,Temanggung,B16,7,purging,10,10685,2883,2878,8722,9094,2882,9447,13829,14000,14635,,
1094180,M-MUK,medium,Temanggung,B16,7,purging,11,10512,2885,2878,8722,9077,2880,9441,13792,13955,14613,,
1095180,M-MUK,medium,Temanggung,B16,7,purging,12,10350,2885,2878,8723,9063,2882,9436,13758,13911,14593,,
1096180,M-MUK,medium,Temanggung,B16,7,purging,13,10199,2880,2878,8723,9049,2882,9431,13726,13869,14573,,
1097180,M-MUK,medium,Temanggung,B16,7,purging,14,10061,2885,2878,8723,9038,2882,9427,13696,13828,14554,,
1098180,M-MUK,medium,Temanggung,B16,7,purging,15,9936,2880,2878,8724,9027,2882,9424,13668,13791,14537,,
1099181,M-MUK,medium,Temanggung,B16,7,purging,16,9821,2883,2878,8724,9017,2882,9421,13642,13754,14520,,
1100180,M-MUK,medium,Temanggung,B16,7,purging,17,9718,2885,2878,8724,9008,2880,9419,13617,13719,14504,,
1101180,M-MUK,medium,Temanggung,B16,7,purging,18,9624,2883,2878,8725,8999,2882,9417,13592,13686,14489,,
1102180,M-MUK,medium,Temanggung,B16,7,purging,19,9540,2883,2878,8725,8991,2882,9415,13569,13654,14475,,
1103180,M-MUK,medium,Temanggung,B16,7,purging,20,9462,2880,2878,8725,8984,2882,9413,13547,13624,14461,,
1104180,M-MUK,medium,Temanggung,B16,7,purging,21,9393,2878,2876,8726,8978,2884,9411,13527,13595,14448,,
1105180,M-MUK,medium,Temanggung,B16,7,purging,22,9329,2878,2878,8727,8972,2882,9409,13506,13567,14435,,
1106181,M-MUK,medium,Temanggung,B16,7,purging,23,9272,2880,2878,8727,8966,2880,9408,13487,13541,14422,,
1107180,M-MUK,medium,Temanggung,B16,7,purging,24,9220,2880,2878,8727,8961,2880,9407,13468,13515,14410,,
1108180,M-MUK,medium,Temanggung,B16,7,purging,25,9172,2880,2874,8728,8956,2882,9405,13450,13491,14399,,
1109180,M-MUK,medium,Temanggung,B16,7,purging,26,9129,2880,2878,8728,8952,2882,9404,13432,13468,14388,,
1110180,M-MUK,medium,Temanggung,B16,7,purging,27,9090,2880,2878,8728,8948,2884,9403,13415,13445,14377,,
1111180,M-MUK,medium,Temanggung,B16,7,purging,28,9053,2878,2878,8729,8944,2882,9402,13399,13424,14366,,
1112180,M-MUK,medium,Temanggung,B16,7,purging,29,9020,2878,2878,8729,8940,2882,9401,13383,13402,14357,,
1113180,M-MUK,medium,Temanggung,B16,7,purging,30,8989,2878,2878,8729,8936,2882,9401,13367,13382,14347,,
1114180,M-MUK,medium,Temanggung,B16,7,purging,31,8961,2880,2876,8729,8932,2884,9399,13353,13363,14338,,
1115181,M-MUK,medium,Temanggung,B16,7,purging,32,8934,2880,2878,8730,8928,2882,9398,13338,13345,14329,,
1116180,M-MUK,medium,Temanggung,B16,7,purging,33,8911,2883,2876,8730,8925,2880,9398,13324,13327,14320,,
1117180,M-MUK,medium,Temanggung,B16,7,purging,34,8888,2878,2878,8730,8923,2882,9398,13311,13309,14311,,
1118180,M-MUK,medium,Temanggung,B16,7,purging,35,8867,2880,2878,8731,8920,2882,9397,13297,13292,14303,,
1119180,M-MUK,medium,Temanggung,B16,7,purging,36,8848,2878,2878,8731,8917,2882,9397,13284,13276,14295,,
1120180,M-MUK,medium,Temanggung,B16,7,purging,37,8830,2878,2876,8732,8914,2882,9396,13272,13261,14288,,
1121180,M-MUK,medium,Temanggung,B16,7,purging,38,8812,2878,2878,8732,8911,2882,9396,13259,13245,14280,,
1122181,M-MUK,medium,Temanggung,B16,7,purging,39,8796,2880,2878,8731,8907,2880,9396,13247,13230,14273,,
1123180,M-MUK,medium,Temanggung,B16,7,purging,40,8781,2878,2878,8731,8905,2880,9396,13236,13216,14265,,
1124180,M-MUK,medium,Temanggung,B16,7,purging,41,8767,2880,2878,8732,8903,2882,9395,13225,13202,14259,,
1125180,M-MUK,medium,Temanggung,B16,7,purging,42,8753,2880,2876,8732,8900,2882,9395,13213,13189,14252,,
1126180,M-MUK,medium,Temanggung,B16,7,purging,43,8741,2878,2878,8732,8898,2882,9394,13202,13175,14245,,
1127180,M-MUK,medium,Temanggung,B16,7,purging,44,8728,2880,2876,8732,8896,2882,9394,13191,13163,14239,,
1128180,M-MUK,medium,Temanggung,B16,7,purging,45,8717,2878,2878,8733,8894,2882,9393,13181,13150,14233,,
1129180,M-MUK,medium,Temanggung,B16,7,purging,46,8706,2878,2876,8732,8892,2882,9393,13171,13138,14227,,
1130180,M-MUK,medium,Temanggung,B16,7,purging,47,8695,2880,2876,8733,8891,2882,9392,13161,13126,14221,,
1131181,M-MUK,medium,Temanggung,B16,7,purging,48,8685,2880,2878,8733,8888,2884,9392,13152,13115,14216,,
1132180,M-MUK,medium,Temanggung,B16,7,purging,49,8676,2883,2876,8733,8887,2884,9392,13142,13104,14210,,
1133180,M-MUK,medium,Temanggung,B16,7,purging,50,8667,2880,2876,8734,8885,2882,9392,13132,13093,14205,,
1134180,M-MUK,medium,Temanggung,B16,7,purging,51,8658,2880,2878,8733,8884,2882,9391,13123,13083,14200,,
1135180,M-MUK,medium,Temanggung,B16,7,purging,52,8650,2883,2878,8734,8883,2884,9392,13114,13073,14195,,
1136180,M-MUK,medium,Temanggung,B16,7,purging,53,8642,2880,2876,8734,8881,2880,9392,13106,13063,14189,,
1137180,M-MUK,medium,Temanggung,B16,7,purging,54,8635,2878,2876,8734,8880,2880,9391,13097,13054,14185,,
1138181,M-MUK,medium,Temanggung,B16,7,purging,55,8627,2878,2876,8734,8879,2882,9392,13088,13045,14180,,
1139180,M-MUK,medium,Temanggung,B16,7,purging,56,8621,2880,2878,8734,8877,2882,9391,13080,13035,14176,,
1140180,M-MUK,medium,Temanggung,B16,7,purging,57,8613,2878,2878,8734,8875,2882,9391,13072,13026,14171,,
1141180,M-MUK,medium,Temanggung,B16,7,purging,58,8607,2878,2878,8734,8873,2880,9392,13064,13018,14167,,
1142180,M-MUK,medium,Temanggung,B16,7,purging,59,8600,2880,2878,8734,8872,2880,9392,13057,13009,14162,,
1143180,M-MUK,medium,Temanggung,B16,7,purging,60,8594,2878,2876,8734,8870,2882,9391,13048,13000,14158,,
1144180,M-MUK,medium,Temanggung,B16,7,purging,61,8588,2878,2878,8734,8869,2882,9390,13040,12992,14154,,
1145180,M-MUK,medium,Temanggung,B16,7,purging,62,8582,2878,2878,8734,8867,2882,9390,13033,12984,14150,,
1146180,M-MUK,medium,Temanggung,B16,7,purging,63,8577,2883,2878,8734,8866,2882,9390,13026,12976,14146,,
1147181,M-MUK,medium,Temanggung,B16,7,purging,64,8571,2880,2878,8734,8865,2880,9390,13018,12969,14142,,
1148180,M-MUK,medium,Temanggung,B16,7,purging,65,8566,2880,2876,8734,8863,2882,9389,13011,12961,14138,,
1149180,M-MUK,medium,Temanggung,B16,7,purging,66,8562,2880,2878,8734,8862,2882,9389,13004,12954,14134,,
1150180,M-MUK,medium,Temanggung,B16,7,purging,67,8556,2880,2878,8734,8861,2882,9389,12997,12947,14130,,
1151180,M-MUK,medium,Temanggung,B16,7,purging,68,8552,2880,2878,8734,8860,2882,9389,12990,12941,14127,,
1152180,M-MUK,medium,Temanggung,B16,7,purging,69,8547,2880,2878,8734,8858,2882,9388,12983,12934,14123,,
1153180,M-MUK,medium,Temanggung,B16,7,purging,70,8543,2880,2878,8734,8857,2880,9387,12976,12927,14120,,
1154181,M-MUK,medium,Temanggung,B16,7,purging,71,8538,2883,2876,8733,8855,2880,9387,12970,12921,14116,,
1155180,M-MUK,medium,Temanggung,B16,7,purging,72,8534,2880,2878,8733,8854,2882,9387,12963,12914,14112,,
1156180,M-MUK,medium,Temanggung,B16,7,purging,73,8530,2880,2878,8733,8853,2880,9387,12957,12908,14109,,
1157180,M-MUK,medium,Temanggung,B16,7,purging,74,8526,2880,2878,8733,8852,2884,9387,12950,12902,14106,,
1158180,M-MUK,medium,Temanggung,B16,7,purging,75,8522,2880,2878,8733,8851,2882,9386,12944,12895,14103,,
1159180,M-MUK,medium,Temanggung,B16,7,purging,76,8519,2880,2878,8733,8850,2882,9386,12938,12889,14100,,
1160180,M-MUK,medium,Temanggung,B16,7,purging,77,8515,2878,2878,8733,8850,2882,9386,12932,12884,14097,,
1161180,M-MUK,medium,Temanggung,B16,7,purging,78,8512,2878,2878,8733,8848,2882,9385,12926,12878,14094,,
1162180,M-MUK,medium,Temanggung,B16,7,purging,79,8508,2883,2876,8733,8847,2882,9385,12921,12872,14091,,
1163181,M-MUK,medium,Temanggung,B16,7,purging,80,8505,2883,2876,8733,8846,2880,9384,12914,12866,14088,,
1164180,M-MUK,medium,Temanggung,B16,7,purging,81,8502,2880,2878,8733,8845,2884,9384,12908,12860,14085,,
1165180,M-MUK,medium,Temanggung,B16,7,purging,82,8498,2880,2878,8733,8843,2880,9384,12903,12855,14082,,
1166180,M-MUK,medium,Temanggung,B16,7,purging,83,8496,2878,2876,8733,8842,2882,9383,12897,12850,14079,,
1167180,M-MUK,medium,Temanggung,B16,7,purging,84,8493,2878,2878,8733,8842,2882,9384,12891,12845,14077,,
1168180,M-MUK,medium,Temanggung,B16,7,purging,85,8491,2880,2878,8733,8841,2882,9384,12885,12839,14074,,
1169180,M-MUK,medium,Temanggung,B16,7,purging,86,8488,2878,2876,8732,8840,2882,9383,12880,12834,14072,,
1170181,M-MUK,medium,Temanggung,B16,7,purging,87,8485,2878,2874,8732,8839,2882,9383,12875,12830,14068,,
1171180,M-MUK,medium,Temanggung,B16,7,purging,88,8483,2883,2876,8732,8838,2882,9383,12869,12825,14066,,
1172180,M-MUK,medium,Temanggung,B16,7,purging,89,8480,2883,2878,8732,8837,2880,9383,12864,12820,14064,,
1173180,M-MUK,medium,Temanggung,B16,7,purging,90,8478,2883,2876,8732,8837,2882,9383,12859,12816,14061,,
1174180,M-MUK,medium,Temanggung,B16,7,purging,91,8476,2883,2876,8732,8836,2882,9382,12854,12811,14059,,
1175180,M-MUK,medium,Temanggung,B16,7,purging,92,8474,2883,2876,8732,8836,2880,9382,12849,12807,14057,,
1176180,M-MUK,medium,Temanggung,B16,7,purging,93,8472,2883,2878,8731,8834,2882,9381,12844,12803,14054,,
1177180,M-MUK,medium,Temanggung,B16,7,purging,94,8469,2878,2876,8730,8833,2880,9381,12839,12799,14051,,
1178180,M-MUK,medium,Temanggung,B16,7,purging,95,8468,2883,2878,8731,8833,2884,9381,12834,12795,14049,,
1179181,M-MUK,medium,Temanggung,B16,7,purging,96,8466,2878,2878,8730,8832,2882,9381,12829,12790,14047,,
1180180,M-MUK,medium,Temanggung,B16,7,purging,97,8464,2883,2878,8730,8831,2882,9380,12824,12786,14045,,
1181180,M-MUK,medium,Temanggung,B16,7,purging,98,8462,2883,2878,8730,8830,2882,9380,12819,12782,14043,,
1182180,M-MUK,medium,Temanggung,B16,7,purging,99,8460,2883,2878,8730,8829,2882,9379,12814,12777,14041,,
1183180,M-MUK,medium,Temanggung,B16,7,purging,100,8458,2880,2878,8730,8829,2880,9378,12810,12773,14038,,
1184180,M-MUK,medium,Temanggung,B16,7,purging,101,8455,2880,2876,8730,8828,2882,9378,12805,12770,14037,,
1185180,M-MUK,medium,Temanggung,B16,7,purging,102,8453,2878,2878,8729,8827,2882,9377,12801,12765,14034,,
1186181,M-MUK,medium,Temanggung,B16,7,purging,103,8451,2878,2878,8729,8826,2884,9377,12796,12761,14032,,
1187180,M-MUK,medium,Temanggung,B16,7,purging,104,8449,2880,2878,8729,8825,2880,9377,12792,12758,14030,,
1188180,M-MUK,medium,Temanggung,B16,7,purging,105,8447,2883,2878,8729,8824,2882,9377,12787,12754,14029,,
1189180,M-MUK,medium,Temanggung,B16,7,purging,106,8445,2878,2876,8728,8824,2882,9376,12783,12750,14027,,
1190180,M-MUK,medium,Temanggung,B16,7,purging,107,8443,2878,2878,8728,8823,2884,9376,12778,12747,14025,,
1191180,M-MUK,medium,Temanggung,B16,7,purging,108,8441,2883,2876,8728,8823,2880,9376,12774,12743,14023,,
1192180,M-MUK,medium,Temanggung,B16,7,purging,109,8440,2880,2878,8728,8822,2882,9376,12770,12740,14021,,
1193180,M-MUK,medium,Temanggung,B16,7,purging,110,8437,2880,2878,8727,8822,2882,9376,12766,12737,14019,,
1194180,M-MUK,medium,Temanggung,B16,7,purging,111,8436,2880,2878,8727,8821,2880,9376,12761,12733,14018,,
1195181,M-MUK,medium,Temanggung,B16,7,purging,112,8434,2878,2878,8727,8820,2882,9376,12757,12730,14016,,
1196180,M-MUK,medium,Temanggung,B16,7,purging,113,8433,2880,2878,8727,8820,2882,9376,12753,12726,14015,,
1197180,M-MUK,medium,Temanggung,B16,7,purging,114,8431,2878,2878,8727,8819,2882,9376,12749,12723,14013,,
1198180,M-MUK,medium,Temanggung,B16,7,purging,115,8429,2878,2878,8726,8817,2882,9375,12745,12719,14012,,
1199180,M-MUK,medium,Temanggung,B16,7,purging,116,8427,2880,2878,8726,8817,2880,9376,12741,12715,14010,,
1200180,M-MUK,medium,Temanggung,B16,7,purging,117,8425,2883,2876,8726,8816,2880,9376,12738,12712,14009,,
1201180,M-MUK,medium,Temanggung,B16,7,purging,118,8424,2883,2878,8726,8815,2884,9376,12734,12708,14008,,
1202181,M-MUK,medium,Temanggung,B16,7,purging,119,8422,2878,2876,8724,8814,2882,9376,12730,12705,14006,,
1203180,M-MUK,medium,Temanggung,B16,7,purging,120,8420,2878,2876,8724,8815,2882,9376,12727,12701,14004,,
1204184,M-MUK,medium,Temanggung,B16,7,collecting,1,8418,2878,2878,8724,8815,2882,9376,12723,12699,14003,,
1205180,M-MUK,medium,Temanggung,B16,7,collecting,2,8420,2878,2876,8722,8813,2882,9375,12719,12695,13999,,
1206180,M-MUK,medium,Temanggung,B16,7,collecting,3,8677,2883,2876,8721,8854,2882,9410,12757,12706,14050,,
1207180,M-MUK,medium,Temanggung,B16,7,collecting,4,9502,2878,2876,8721,8960,2882,9502,12901,12799,14178,,
1208180,M-MUK,medium,Temanggung,B16,7,collecting,5,10597,2882,2876,8721,9103,2880,9608,13134,12988,14328,,
1209180,M-MUK,medium,Temanggung,B16,7,collecting,6,11573,2887,2878,8721,9231,2882,9690,13385,13237,14460,,
1210180,M-MUK,medium,Temanggung,B16,7,collecting,7,12300,2887,2878,8721,9324,2882,9736,13608,13494,14565,,
1211181,M-MUK,medium,Temanggung,B16,7,collecting,8,12803,2887,2876,8721,9386,2884,9753,13779,13725,14644,,
1212180,M-MUK,medium,Temanggung,B16,7,collecting,9,13140,2887,2878,8721,9423,2880,9754,13907,13919,14705,,
1213180,M-MUK,medium,Temanggung,B16,7,collecting,10,13358,2885,2878,8719,9443,2880,9743,13998,14073,14751,,
1214180,M-MUK,medium,Temanggung,B16,7,collecting,11,13496,2887,2876,8718,9453,2882,9728,14063,14194,14785,,
1215180,M-MUK,medium,Temanggung,B16,7,collecting,12,13577,2889,2876,8717,9455,2880,9713,14108,14286,14811,,
1216180,M-MUK,medium,Temanggung,B16,7,collecting,13,13616,2887,2876,8716,9453,2882,9698,14141,14356,14830,,
1217180,M-MUK,medium,Temanggung,B16,7,collecting,14,13626,2889,2876,8714,9448,2884,9684,14163,14409,14845,,
1218181,M-MUK,medium,Temanggung,B16,7,collecting,15,13615,2887,2878,8713,9441,2882,9671,14179,14448,14857,,
1219180,M-MUK,medium,Temanggung,B16,7,collecting,16,13588,2887,2876,8711,9433,2884,9658,14190,14478,14865,,
1220180,M-MUK,medium,Temanggung,B16,7,collecting,17,13550,2887,2876,8710,9425,2880,9648,14198,14499,14872,,
1221180,M-MUK,medium,Temanggung,B16,7,collecting,18,13504,2889,2876,8709,9418,2880,9640,14203,14514,14877,,
1222180,M-MUK,medium,Temanggung,B16,7,collecting,19,13453,2885,2876,8708,9410,2882,9631,14206,14524,14880,,
1223180,M-MUK,medium,Temanggung,B16,7,collecting,20,13399,2885,2876,8707,9402,2880,9624,14207,14531,14883,,
1224180,M-MUK,medium,Temanggung,B16,7,collecting,21,13341,2887,2878,8706,9393,2884,9617,14207,14534,14884,,
1225180,M-MUK,medium,Temanggung,B16,7,collecting,22,13282,2887,2878,8705,9386,2880,9611,14206,14535,14885,,
1226180,M-MUK,medium,Temanggung,B16,7,collecting,23,13222,2885,2876,8704,9379,2882,9605,14204,14534,14885,,
1227181,M-MUK,medium,Temanggung,B16,7,collecting,24,13163,2885,2878,8703,9372,2882,9599,14202,14532,14885,,
1228180,M-MUK,medium,Temanggung,B16,7,collecting,25,13104,2887,2876,8702,9365,2880,9594,14200,14528,14884,,
1229180,M-MUK,medium,Temanggung,B16,7,collecting,26,13046,2885,2876,8701,9359,2884,9588,14197,14523,14883,,
1230180,M-MUK,medium,Temanggung,B16,7,collecting,27,12988,2887,2876,8700,9353,2882,9584,14193,14518,14882,,
1231180,M-MUK,medium,Temanggung,B16,7,collecting,28,12933,2887,2876,8699,9348,2880,9580,14191,14512,14881,,
1232180,M-MUK,medium,Temanggung,B16,7,collecting,29,12880,2887,2878,8698,9343,2884,9577,14186,14505,14879,,
1233180,M-MUK,medium,Temanggung,B16,7,collecting,30,12828,2885,2878,8697,9338,2882,9574,14182,14499,14876,,
1234181,M-MUK,medium,Temanggung,B16,7,collecting,31,12778,2885,2876,8696,9333,2884,9572,14178,14491,14874,,
1235180,M-MUK,medium,Temanggung,B16,7,collecting,32,12728,2887,2876,8695,9328,2882,9568,14174,14483,14872,,
1236180,M-MUK,medium,Temanggung,B16,7,collecting,33,12682,2885,2878,8695,9323,2880,9565,14170,14475,14869,,
1237180,M-MUK,medium,Temanggung,B16,7,collecting,34,12637,2885,2876,8694,9319,2882,9563,14166,14467,14867,,
1238180,M-MUK,medium,Temanggung,B16,7,collecting,35,12593,2887,2878,8693,9315,2880,9561,14161,14459,14864,,
1239180,M-MUK,medium,Temanggung,B16,7,collecting,36,12551,2885,2878,8692,9311,2884,9559,14157,14451,14861,,
1240180,M-MUK,medium,Temanggung,B16,7,collecting,37,12511,2887,2876,8692,9307,2880,9557,14153,14443,14859,,
1241180,M-MUK,medium,Temanggung,B16,7,collecting,38,12472,2887,2876,8691,9303,2880,9554,14149,14435,14856,,
1242180,M-MUK,medium,Temanggung,B16,7,collecting,39,12435,2887,2878,8690,9300,2880,9552,14145,14427,14853,,
1243181,M-MUK,medium,Temanggung,B16,7,collecting,40,12399,2887,2876,8689,9297,2884,9551,14141,14419,14851,,
1244180,M-MUK,medium,Temanggung,B16,7,collecting,41,12365,2887,2878,8689,9294,2880,9550,14137,14411,14848,,
1245180,M-MUK,medium,Temanggung,B16,7,collecting,42,12332,2885,2874,8688,9291,2884,9549,14132,14404,14845,,
1246180,M-MUK,medium,Temanggung,B16,7,collecting,43,12301,2887,2878,8688,9288,2880,9547,14128,14396,14842,,
1247180,M-MUK,medium,Temanggung,B16,7,collecting,44,12271,2887,2876,8687,9285,2880,9547,14124,14388,14840,,
1248180,M-MUK,medium,Temanggung,B16,7,collecting,45,12242,2887,2878,8687,9282,2880,9545,14120,14381,14837,,
1249180,M-MUK,medium,Temanggung,B16,7,collecting,46,12214,2887,2876,8686,9280,2882,9544,14116,14374,14833,,
1250181,M-MUK,medium,Temanggung,B16,7,collecting,47,12186,2887,2876,8685,9277,2884,9543,14112,14366,14831,,
1251180,M-MUK,medium,Temanggung,B16,7,collecting,48,12161,2885,2876,8685,9274,2884,9542,14108,14359,14828,,
1252180,M-MUK,medium,Temanggung,B16,7,collecting,49,12136,2885,2876,8685,9272,2882,9540,14105,14353,14825,,
1253180,M-MUK,medium,Temanggung,B16,7,collecting,50,12112,2885,2878,8684,9270,2882,9540,14100,14345,14822,,
1254180,M-MUK,medium,Temanggung,B16,7,collecting,51,12088,2885,2878,8683,9267,2884,9538,14096,14339,14819,,
1255180,M-MUK,medium,Temanggung,B16,7,collecting,52,12065,2885,2876,8683,9266,2880,9536,14092,14332,14817,,
1256180,M-MUK,medium,Temanggung,B16,7,collecting,53,12043,2887,2878,8683,9263,2882,9535,14089,14325,14814,,
1257180,M-MUK,medium,Temanggung,B16,7,collecting,54,12021,2887,2876,8683,9262,2880,9534,14085,14319,14811,,
1258180,M-MUK,medium,Temanggung,B16,7,collecting,55,12001,2887,2876,8682,9259,2884,9534,14082,14313,14809,,
1259181,M-MUK,medium,Temanggung,B16,7,collecting,56,11980,2885,2876,8682,9258,2884,9533,14077,14306,14806,,
1260180,M-MUK,medium,Temanggung,B16,7,collecting,57,11961,2887,2876,8681,9255,2884,9532,14073,14300,14803,,
1261180,M-MUK,medium,Temanggung,B16,7,collecting,58,11942,2887,2876,8681,9253,2884,9532,14069,14294,14801,,
1262180,M-MUK,medium,Temanggung,B16,7,collecting,59,11925,2887,2876,8680,9252,2884,9532,14066,14288,14798,,
1263180,M-MUK,medium,Temanggung,B16,7,collecting,60,11906,2887,2876,8680,9250,2880,9531,14062,14282,14795,,
1264183,M-MUK,medium,Temanggung,B16,8,purging,1,11890,2885,2876,8680,9249,2884,9531,14059,14276,14793,,
1265179,M-MUK,medium,Temanggung,B16,8,purging,2,11873,2885,2878,8681,9248,2880,9531,14056,14271,14794,,
1266180,M-MUK,medium,Temanggung,B16,8,purging,3,11816,2885,2878,8681,9242,2884,9527,14044,14263,14784,,
1267179,M-MUK,medium,Temanggung,B16,8,purging,4,11702,2887,2878,8681,9227,2882,9517,14016,14246,14766,,
1268179,M-MUK,medium,Temanggung,B16,8,purging,5,11548,2885,2878,8681,9208,2884,9504,13979,14217,14744,,
1269179,M-MUK,medium,Temanggung,B16,8,purging,6,11370,2882,2878,8681,9187,2880,9492,13937,14180,14720,,
1270179,M-MUK,medium,Temanggung,B16,8,purging,7,11182,2885,2876,8681,9166,2882,9480,13893,14138,14696,,
1271179,M-MUK,medium,Temanggung,B16,8,purging,8,10992,2885,2878,8681,9146,2884,9471,13852,14094,14673,,
1272179,M-MUK,medium,Temanggung,B16,8,purging,9,10804,2882,2878,8681,9127,2882,9462,13812,14047,14649,,
1273180,M-MUK,medium,Temanggung,B16,8,purging,10,10625,2882,2876,8681,9110,2882,9455,13774,14003,14627,,
1274180,M-MUK,medium,Temanggung,B16,8,purging,11,10455,2882,2876,8681,9094,2884,9448,13739,13958,14606,,
1275181,M-MUK,medium,Temanggung,B16,8,purging,12,10296,2880,2876,8681,9080,2884,9443,13706,13916,14586,,
1276180,M-MUK,medium,Temanggung,B16,8,purging,13,10150,2885,2876,8682,9067,2880,9439,13674,13875,14567,,
1277180,M-MUK,medium,Temanggung,B16,8,purging,14,10015,2882,2876,8682,9055,2880,9435,13645,13836,14549,,
1278180,M-MUK,medium,Temanggung,B16,8,purging,15,9892,2882,2876,8682,9044,2882,9432,13617,13798,14532,,
1279180,M-MUK,medium,Temanggung,B16,8,purging,16,9779,2882,2876,8683,9035,2882,9429,13591,13762,14516,,
1280180,M-MUK,medium,Temanggung,B16,8,purging,17,9678,2882,2876,8683,9025,2884,9427,13566,13728,14500,,
1281180,M-MUK,medium,Temanggung,B16,8,purging,18,9587,2880,2876,8684,9017,2884,9425,13542,13696,14484,,
1282181,M-MUK,medium,Temanggung,B16,8,purging,19,9504,2880,2876,8684,9010,2880,9422,13518,13664,14469,,
1283180,M-MUK,medium,Temanggung,B16,8,purging,20,9429,2880,2876,8685,9003,2884,9420,13497,13634,14455,,
1284180,M-MUK,medium,Temanggung,B16,8,purging,21,9360,2880,2878,8685,8996,2884,9417,13476,13605,14441,,
1285180,M-MUK,medium,Temanggung,B16,8,purging,22,9298,2880,2876,8685,8989,2884,9414,13455,13578,14427,,
1286180,M-MUK,medium,Temanggung,B16,8,purging,23,9243,2880,2876,8685,8982,2882,9413,13435,13551,14414,,
1287180,M-MUK,medium,Temanggung,B16,8,purging,24,9193,2883,2876,8686,8976,2884,9410,13416,13526,14402,,
1288180,M-MUK,medium,Temanggung,B16,8,purging,25,9147,2880,2876,8686,8971,2882,9408,13398,13501,14390,,
1289180,M-MUK,medium,Temanggung,B16,8,purging,26,9106,2883,2876,8686,8965,2884,9405,13380,13478,14378,,
1290180,M-MUK,medium,Temanggung,B16,8,purging,27,9069,2880,2876,8686,8960,2880,9403,13363,13455,14366,,
1291181,M-MUK,medium,Temanggung,B16,8,purging,28,9035,2883,2873,8687,8955,2882,9401,13346,13434,14354,,
1292180,M-MUK,medium,Temanggung,B16,8,purging,29,9005,2880,2876,8688,8950,2880,9398,13329,13413,14343,,
1293180,M-MUK,medium,Temanggung,B16,8,purging,30,8977,2883,2876,8687,8945,2882,9395,13313,13393,14332,,
1294180,M-MUK,medium,Temanggung,B16,8,purging,31,8951,2883,2873,8688,8940,2884,9392,13297,13373,14321,,
1295180,M-MUK,medium,Temanggung,B16,8,purging,32,8928,2880,2876,8688,8935,2884,9389,13282,13354,14310,,
1296180,M-MUK,medium,Temanggung,B16,8,purging,33,8906,2883,2876,8688,8930,2884,9386,13268,13336,14300,,
1297180,M-MUK,medium,Temanggung,B16,8,purging,34,8886,2883,2876,8688,8925,2884,9383,13253,13318,14290,,
1298181,M-MUK,medium,Temanggung,B16,8,purging,35,8867,2880,2873,8688,8920,2880,9380,13239,13300,14280,,
1299180,M-MUK,medium,Temanggung,B16,8,purging,36,8849,2883,2876,8688,8915,2880,9377,13225,13284,14270,,
1300180,M-MUK,medium,Temanggung,B16,8,purging,37,8834,2880,2876,8688,8912,2884,9375,13211,13268,14261,,
1301180,M-MUK,medium,Temanggung,B16,8,purging,38,8819,2880,2876,8689,8907,2884,9372,13199,13252,14252,,
1302180,M-MUK,medium,Temanggung,B16,8,purging,39,8805,2883,2876,8688,8902,2884,9369,13186,13236,14243,,
1303180,M-MUK,medium,Temanggung,B16,8,purging,40,8792,2883,2876,8688,8898,2884,9367,13174,13220,14234,,
1304180,M-MUK,medium,Temanggung,B16,8,purging,41,8779,2883,2873,8688,8894,2884,9364,13162,13206,14225,,
1305180,M-MUK,medium,Temanggung,B16,8,purging,42,8767,2883,2876,8688,8889,2884,9361,13150,13191,14216,,
1306180,M-MUK,medium,Temanggung,B16,8,purging,43,8756,2880,2873,8688,8884,2884,9357,13137,13177,14207,,
1307181,M-MUK,medium,Temanggung,B16,8,purging,44,8746,2880,2876,8688,8879,2884,9352,13124,13163,14197,,
1308180,M-MUK,medium,Temanggung,B16,8,purging,45,8737,2878,2873,8688,8873,2882,9347,13112,13149,14186,,
1309180,M-MUK,medium,Temanggung,B16,8,purging,46,8728,2880,2876,8688,8868,2882,9342,13099,13134,14176,,
1310180,M-MUK,medium,Temanggung,B16,8,purging,47,8720,2880,2876,8688,8862,2882,9337,13087,13121,14167,,
1311180,M-MUK,medium,Temanggung,B16,8,purging,48,8712,2883,2876,8688,8856,2884,9332,13075,13107,14159,,
1312180,M-MUK,medium,Temanggung,B16,8,purging,49,8705,2880,2876,8688,8850,2884,9329,13065,13094,14152,,
1313180,M-MUK,medium,Temanggung,B16,8,purging,50,8698,2883,2876,8687,8846,2884,9326,13055,13082,14145,,
1314181,M-MUK,medium,Temanggung,B16,8,purging,51,8690,2880,2876,8687,8842,2880,9323,13045,13069,14138,,
1315180,M-MUK,medium,Temanggung,B16,8,purging,52,8683,2880,2876,8687,8837,2884,9321,13036,13057,14132,,
1316180,M-MUK,medium,Temanggung,B16,8,purging,53,8676,2880,2876,8686,8833,2884,9320,13026,13046,14126,,
1317180,M-MUK,medium,Temanggung,B16,8,purging,54,8669,2878,2876,8686,8829,2882,9317,13016,13034,14116,,
1318180,M-MUK,medium,Temanggung,B16,8,purging,55,8663,2880,2876,8686,8824,2884,9314,13005,13022,14107,,
1319180,M-MUK,medium,Temanggung,B16,8,purging,56,8657,2880,2876,8685,8818,2880,9309,12994,13011,14098,,
1320180,M-MUK,medium,Temanggung,B16,8,purging,57,8652,2880,2876,8685,8813,2882,9303,12983,12999,14089,,
1321180,M-MUK,medium,Temanggung,B16,8,purging,58,8647,2880,2876,8685,8807,2882,9298,12972,12987,14081,,
1322180,M-MUK,medium,Temanggung,B16,8,purging,59,8642,2878,2876,8684,8801,2882,9293,12962,12975,14073,,
1323181,M-MUK,medium,Temanggung,B16,8,purging,60,8637,2883,2876,8683,8794,2882,9289,12953,12963,14066,,
1324180,M-MUK,medium,Temanggung,B16,8,purging,61,8632,2883,2876,8683,8788,2884,9285,12943,12952,14059,,
1325180,M-MUK,medium,Temanggung,B16,8,purging,62,8627,2883,2876,8683,8783,2884,9282,12935,12941,14054,,
1326180,M-MUK,medium,Temanggung,B16,8,purging,63,8622,2880,2876,8682,8778,2880,9280,12928,12930,14049,,
1327180,M-MUK,medium,Temanggung,B16,8,purging,64,8617,2878,2878,8681,8774,2884,9278,12920,12919,14044,,
1328180,M-MUK,medium,Temanggung,B16,8,purging,65,8612,2880,2876,8681,8771,2884,9276,12912,12909,14038,,
1329180,M-MUK,medium,Temanggung,B16,8,purging,66,8607,2883,2876,8680,8767,2880,9274,12904,12899,14030,,
1330181,M-MUK,medium,Temanggung,B16,8,purging,67,8603,2880,2878,8679,8763,2884,9272,12895,12888,14023,,
1331180,M-MUK,medium,Temanggung,B16,8,purging,68,8598,2883,2876,8678,8758,2882,9268,12886,12878,14016,,
1332180,M-MUK,medium,Temanggung,B16,8,purging,69,8593,2883,2876,8678,8754,2882,9264,12878,12867,14010,,
1333180,M-MUK,medium,Temanggung,B16,8,purging,70,8589,2883,2878,8677,8749,2882,9260,12870,12857,14003,,
1334180,M-MUK,medium,Temanggung,B16,8,purging,71,8585,2883,2876,8676,8745,2880,9257,12861,12846,13997,,
1335180,M-MUK,medium,Temanggung,B16,8,purging,72,8582,2880,2878,8676,8740,2882,9254,12853,12837,13992,,
1336180,M-MUK,medium,Temanggung,B16,8,purging,73,8578,2878,2878,8675,8736,2880,9252,12846,12828,13987,,
1337180,M-MUK,medium,Temanggung,B16,8,purging,74,8574,2883,2878,8674,8732,2882,9250,12839,12818,13982,,
1338180,M-MUK,medium,Temanggung,B16,8,purging,75,8571,2883,2878,8673,8728,2880,9248,12832,12809,13977,,
1339181,M-MUK,medium,Temanggung,B16,8,purging,76,8567,2878,2878,8672,8725,2880,9247,12826,12799,13973,,
1340180,M-MUK,medium,Temanggung,B16,8,purging,77,8563,2883,2876,8671,8722,2880,9246,12819,12791,13969,,
1341180,M-MUK,medium,Temanggung,B16,8,purging,78,8560,2878,2874,8670,8719,2882,9245,12812,12782,13964,,
1342180,M-MUK,medium,Temanggung,B16,8,purging,79,8557,2880,2878,8669,8716,2882,9243,12806,12773,13959,,
1343180,M-MUK,medium,Temanggung,B16,8,purging,80,8554,2878,2878,8668,8713,2880,9242,12800,12765,13955,,
1344180,M-MUK,medium,Temanggung,B16,8,purging,81,8550,2878,2878,8667,8711,2882,9241,12793,12757,13951,,
1345180,M-MUK,medium,Temanggung,B16,8,purging,82,8546,2883,2878,8666,8708,2882,9239,12787,12749,13947,,
1346181,M-MUK,medium,Temanggung,B16,8,purging,83,8544,2878,2878,8665,8706,2882,9239,12782,12741,13943,,
1347180,M-MUK,medium,Temanggung,B16,8,purging,84,8541,2878,2878,8664,8704,2882,9238,12776,12734,13939,,
1348180,M-MUK,medium,Temanggung,B16,8,purging,85,8538,2880,2878,8663,8701,2882,9237,12770,12726,13935,,
1349180,M-MUK,medium,Temanggung,B16,8,purging,86,8535,2880,2876,8662,8698,2880,9235,12764,12719,13931,,
1350180,M-MUK,medium,Temanggung,B16,8,purging,87,8533,2880,2878,8661,8696,2882,9234,12758,12712,13926,,
1351180,M-MUK,medium,Temanggung,B16,8,purging,88,8530,2880,2876,8659,8694,2884,9231,12752,12705,13921,,
1352180,M-MUK,medium,Temanggung,B16,8,purging,89,8528,2878,2876,8658,8691,2882,9229,12745,12698,13916,,
1353180,M-MUK,medium,Temanggung,B16,8,purging,90,8526,2881,2876,8657,8688,2882,9227,12739,12691,13913,,
1354180,M-MUK,medium,Temanggung,B16,8,purging,91,8525,2880,2876,8656,8686,2882,9226,12734,12685,13911,,
1355181,M-MUK,medium,Temanggung,B16,8,purging,92,8527,2880,2878,8655,8685,2882,9226,12731,12679,13909,,
1356180,M-MUK,medium,Temanggung,B16,8,purging,93,8529,2883,2876,8654,8684,2882,9226,12727,12674,13907,,
1357180,M-MUK,medium,Temanggung,B16,8,purging,94,8532,2881,2878,8652,8683,2882,9226,12724,12670,13904,,
1358180,M-MUK,medium,Temanggung,B16,8,purging,95,8534,2883,2876,8651,8682,2882,9226,12719,12665,13902,,
1359180,M-MUK,medium,Temanggung,B16,8,purging,96,8535,2883,2878,8650,8680,2880,9224,12716,12660,13898,,
1360180,M-MUK,medium,Temanggung,B16,8,purging,97,8535,2883,2876,8649,8677,2885,9222,12711,12655,13895,,
1361180,M-MUK,medium,Temanggung,B16,8,purging,98,8534,2881,2878,8647,8675,2882,9221,12706,12649,13892,,
1362181,M-MUK,medium,Temanggung,B16,8,purging,99,8532,2881,2878,8646,8674,2882,9219,12702,12644,13889,,
1363180,M-MUK,medium,Temanggung,B16,8,purging,100,8531,2881,2878,8645,8672,2882,9219,12697,12638,13887,,
1364180,M-MUK,medium,Temanggung,B16,8,purging,101,8528,2883,2878,8643,8669,2882,9219,12693,12632,13884,,
1365180,M-MUK,medium,Temanggung,B16,8,purging,102,8526,2881,2878,8642,8668,2882,9218,12688,12627,13881,,
1366180,M-MUK,medium,Temanggung,B16,8,purging,103,8523,2881,2876,8641,8666,2880,9217,12683,12621,13878,,
1367180,M-MUK,medium,Temanggung,B16,8,purging,104,8520,2880,2878,8640,8664,2882,9216,12678,12615,13875,,
1368180,M-MUK,medium,Temanggung,B16,8,purging,105,8517,2880,2874,8639,8662,2882,9215,12674,12610,13871,,
1369180,M-MUK,medium,Temanggung,B16,8,purging,106,8513,2881,2878,8638,8660,2882,9214,12669,12605,13869,,
1370180,M-MUK,medium,Temanggung,B16,8,purging,107,8509,2881,2878,8636,8658,2880,9214,12664,12599,13866,,
1371181,M-MUK,medium,Temanggung,B16,8,purging,108,8506,2881,2876,8635,8656,2882,9213,12659,12593,13863,,
1372180,M-MUK,medium,Temanggung,B16,8,purging,109,8503,2880,2876,8634,8653,2880,9211,12654,12588,13859,,
1373180,M-MUK,medium,Temanggung,B16,8,purging,110,8501,2883,2876,8633,8651,2880,9209,12650,12582,13857,,
1374180,M-MUK,medium,Temanggung,B16,8,purging,111,8497,2881,2876,8632,8649,2882,9209,12645,12576,13855,,
1375180,M-MUK,medium,Temanggung,B16,8,purging,112,8494,2881,2876,8630,8649,2882,9209,12641,12571,13854,,
1376180,M-MUK,medium,Temanggung,B16,8,purging,113,8493,2881,2876,8629,8648,2880,9209,12638,12566,13854,,
1377180,M-MUK,medium,Temanggung,B16,8,purging,114,8494,2883,2874,8627,8649,2882,9211,12637,12562,13854,,
1378181,M-MUK,medium,Temanggung,B16,8,purging,115,8494,2881,2876,8626,8649,2882,9212,12634,12559,13852,,
1379180,M-MUK,medium,Temanggung,B16,8,purging,116,8495,2883,2876,8624,8649,2880,9213,12631,12556,13849,,
1380180,M-MUK,medium,Temanggung,B16,8,purging,117,8494,2883,2878,8623,8648,2880,9212,12627,12552,13847,,
1381180,M-MUK,medium,Temanggung,B16,8,purging,118,8493,2881,2876,8622,8647,2880,9212,12623,12548,13845,,
1382180,M-MUK,medium,Temanggung,B16,8,purging,119,8492,2881,2876,8620,8646,2882,9211,12619,12544,13842,,
1383180,M-MUK,medium,Temanggung,B16,8,purging,120,8491,2881,2878,8619,8643,2880,9209,12615,12539,13838,,
1384183,M-MUK,medium,Temanggung,B16,8,collecting,1,8489,2883,2876,8618,8641,2882,9205,12609,12535,13833,,
1385180,M-MUK,medium,Temanggung,B16,8,collecting,2,8489,2881,2876,8615,8638,2880,9201,12604,12529,13834,,
1386180,M-MUK,medium,Temanggung,B16,8,collecting,3,8729,2883,2876,8613,8674,2880,9236,12642,12539,13896,,
1387181,M-MUK,medium,Temanggung,B16,8,collecting,4,9531,2881,2876,8612,8781,2880,9329,12798,12626,14032,,
1388180,M-MUK,medium,Temanggung,B16,8,collecting,5,10605,2885,2876,8611,8923,2880,9446,13037,12809,14187,,
1389180,M-MUK,medium,Temanggung,B16,8,collecting,6,11571,2885,2878,8610,9056,2880,9540,13300,13049,14324,,
1390180,M-MUK,medium,Temanggung,B16,8,collecting,7,12294,2888,2876,8609,9156,2882,9595,13521,13299,14431,,
1391180,M-MUK,medium,Temanggung,B16,8,collecting,8,12793,2885,2876,8607,9224,2880,9617,13697,13527,14512,,
1392180,M-MUK,medium,Temanggung,B16,8,collecting,9,13127,2890,2874,8606,9266,2882,9622,13826,13718,14572,,
1393180,M-MUK,medium,Temanggung,B16,8,collecting,10,13342,2890,2876,8604,9291,2880,9615,13916,13872,14617,,
1394181,M-MUK,medium,Temanggung,B16,8,collecting,11,13475,2890,2876,8602,9304,2880,9601,13979,13992,14649,,
1395180,M-MUK,medium,Temanggung,B16,8,collecting,12,13550,2890,2876,8600,9307,2885,9586,14022,14083,14673,,
1396180,M-MUK,medium,Temanggung,B16,8,collecting,13,13583,2885,2876,8598,9305,2880,9569,14050,14151,14690,,
1397180,M-MUK,medium,Temanggung,B16,8,collecting,14,13586,2887,2876,8596,9300,2880,9552,14069,14202,14701,,
1398180,M-MUK,medium,Temanggung,B16,8,collecting,15,13567,2890,2876,8594,9292,2880,9537,14081,14240,14709,,
1399180,M-MUK,medium,Temanggung,B16,8,collecting,16,13534,2890,2876,8592,9283,2882,9524,14089,14267,14715,,
1400180,M-MUK,medium,Temanggung,B16,8,collecting,17,13490,2887,2876,8589,9273,2880,9511,14092,14285,14718,,
1401180,M-MUK,medium,Temanggung,B16,8,collecting,18,13439,2890,2876,8587,9263,2882,9499,14094,14298,14721,,
1402180,M-MUK,medium,Temanggung,B16,8,collecting,19,13383,2890,2876,8585,9253,2880,9488,14095,14307,14722,,
1403181,M-MUK,medium,Temanggung,B16,8,collecting,20,13325,2890,2876,8583,9243,2880,9479,14094,14311,14722,,
1404180,M-MUK,medium,Temanggung,B16,8,collecting,21,13264,2887,2876,8581,9234,2880,9470,14092,14314,14722,,
1405180,M-MUK,medium,Temanggung,B16,8,collecting,22,13204,2890,2876,8579,9226,2880,9463,14090,14313,14721,,
1406180,M-MUK,medium,Temanggung,B16,8,collecting,23,13145,2888,2876,8577,9218,2882,9456,14087,14311,14719,,
1407180,M-MUK,medium,Temanggung,B16,8,collecting,24,13088,2883,2876,8575,9211,2880,9448,14085,14309,14717,,
1408180,M-MUK,medium,Temanggung,B16,8,collecting,25,13032,2888,2876,8573,9204,2882,9441,14082,14305,14716,,
1409180,M-MUK,medium,Temanggung,B16,8,collecting,26,12978,2888,2878,8571,9197,2882,9435,14080,14301,14714,,
1410181,M-MUK,medium,Temanggung,B16,8,collecting,27,12926,2885,2876,8569,9190,2880,9431,14077,14296,14712,,
1411180,M-MUK,medium,Temanggung,B16,8,collecting,28,12876,2883,2876,8567,9184,2880,9426,14074,14290,14710,,
1412180,M-MUK,medium,Temanggung,B16,8,collecting,29,12828,2887,2878,8566,9178,2880,9422,14071,14285,14708,,
1413180,M-MUK,medium,Temanggung,B16,8,collecting,30,12782,2885,2878,8564,9173,2880,9418,14069,14278,14706,,
1414180,M-MUK,medium,Temanggung,B16,8,collecting,31,12738,2887,2876,8562,9167,2882,9414,14065,14272,14704,,
1415180,M-MUK,medium,Temanggung,B16,8,collecting,32,12695,2888,2878,8560,9163,2880,9410,14062,14266,14701,,
1416180,M-MUK,medium,Temanggung,B16,8,collecting,33,12655,2888,2878,8558,9158,2880,9405,14059,14259,14698,,
1417180,M-MUK,medium,Temanggung,B16,8,collecting,34,12617,2883,2876,8557,9154,2880,9402,14057,14253,14696,,
1418180,M-MUK,medium,Temanggung,B16,8,collecting,35,12580,2885,2876,8555,9149,2880,9399,14054,14246,14693,,
1419181,M-MUK,medium,Temanggung,B16,8,collecting,36,12545,2888,2878,8554,9145,2882,9396,14050,14240,14691,,
1420180,M-MUK,medium,Temanggung,B16,8,collecting,37,12511,2888,2876,8552,9141,2882,9393,14048,14233,14688,,
1421180,M-MUK,medium,Temanggung,B16,8,collecting,38,12478,2888,2876,8550,9137,2882,9390,14045,14227,14686,,
1422180,M-MUK,medium,Temanggung,B16,8,collecting,39,12447,2883,2876,8549,9133,2882,9388,14042,14220,14683,,
1423180,M-MUK,medium,Temanggung,B16,8,collecting,40,12417,2883,2876,8547,9130,2885,9386,14038,14213,14680,,
1424180,M-MUK,medium,Temanggung,B16,8,collecting,41,12388,2888,2874,8545,9126,2882,9384,14035,14206,14677,,
1425180,M-MUK,medium,Temanggung,B16,8,collecting,42,12361,2883,2878,8544,9123,2882,9381,14032,14200,14674,,
1426181,M-MUK,medium,Temanggung,B16,8,collecting,43,12334,2888,2876,8542,9120,2880,9379,14031,14194,14672,,
1427180,M-MUK,medium,Temanggung,B16,8,collecting,44,12309,2885,2876,8541,9117,2880,9377,14028,14187,14669,,
1428180,M-MUK,medium,Temanggung,B16,8,collecting,45,12286,2888,2874,8540,9114,2882,9375,14025,14181,14667,,
1429180,M-MUK,medium,Temanggung,B16,8,collecting,46,12264,2883,2876,8538,9112,2882,9374,14023,14175,14665,,
1430180,M-MUK,medium,Temanggung,B16,8,collecting,47,12243,2888,2878,8537,9110,2882,9372,14020,14170,14662,,
1431180,M-MUK,medium,Temanggung,B16,8,collecting,48,12223,2885,2876,8535,9107,2882,9371,14017,14164,14660,,
1432180,M-MUK,medium,Temanggung,B16,8,collecting,49,12204,2888,2876,8533,9105,2882,9369,14015,14159,14657,,
1433180,M-MUK,medium,Temanggung,B16,8,collecting,50,12186,2885,2878,8532,9104,2882,9367,14012,14153,14654,,
1434180,M-MUK,medium,Temanggung,B16,8,collecting,51,12170,2883,2876,8530,9101,2882,9366,14011,14148,14653,,
1435181,M-MUK,medium,Temanggung,B16,8,collecting,52,12154,2888,2874,8529,9098,2882,9364,14009,14143,14650,,
1436180,M-MUK,medium,Temanggung,B16,8,collecting,53,12138,2888,2878,8527,9096,2882,9361,14008,14138,14648,,
1437180,M-MUK,medium,Temanggung,B16,8,collecting,54,12125,2888,2874,8526,9094,2882,9360,14005,14134,14645,,
1438180,M-MUK,medium,Temanggung,B16,8,collecting,55,12111,2885,2876,8525,9092,2882,9359,14004,14129,14643,,
1439180,M-MUK,medium,Temanggung,B16,8,collecting,56,12098,2885,2878,8523,9090,2882,9357,14003,14124,14641,,
1440180,M-MUK,medium,Temanggung,B16,8,collecting,57,12086,2885,2878,8521,9088,2880,9356,14001,14121,14639,,
1441180,M-MUK,medium,Temanggung,B16,8,collecting,58,12076,2885,2874,8520,9086,2880,9355,13999,14117,14637,,
1442181,M-MUK,medium,Temanggung,B16,8,collecting,59,12064,2883,2878,8518,9085,2882,9354,13999,14112,14635,,
1443180,M-MUK,medium,Temanggung,B16,8,collecting,60,12054,2885,2874,8517,9083,2882,9352,13997,14109,14633,,
1444184,M-MUK,medium,Temanggung,B16,9,purging,1,12044,2883,2876,8515,9081,2882,9350,13995,14105,14630,,
1445179,M-MUK,medium,Temanggung,B16,9,purging,2,12033,2888,2876,8516,9081,2882,9351,13995,14102,14629,,
1446179,M-MUK,medium,Temanggung,B16,9,purging,3,11986,2885,2876,8515,9072,2885,9343,13982,14096,14614,,
1447180,M-MUK,medium,Temanggung,B16,9,purging,4,11885,2883,2878,8513,9056,2882,9326,13953,14078,14592,,
1448179,M-MUK,medium,Temanggung,B16,9,purging,5,11745,2883,2874,8512,9033,2882,9307,13916,14050,14567,,
1449179,M-MUK,medium,Temanggung,B16,9,purging,6,11583,2883,2878,8511,9009,2882,9289,13876,14014,14542,,
1450179,M-MUK,medium,Temanggung,B16,9,purging,7,11411,2885,2878,8509,8985,2882,9273,13834,13975,14517,,
1451180,M-MUK,medium,Temanggung,B16,9,purging,8,11236,2883,2878,8508,8963,2882,9259,13795,13932,14493,,
1452179,M-MUK,medium,Temanggung,B16,9,purging,9,11065,2883,2874,8506,8942,2882,9247,13758,13890,14469,,
1453180,M-MUK,medium,Temanggung,B16,9,purging,10,10901,2881,2878,8505,8924,2882,9237,13724,13847,14448,,
1454180,M-MUK,medium,Temanggung,B16,9,purging,11,10749,2885,2878,8504,8908,2882,9229,13691,13807,14426,,
1455180,M-MUK,medium,Temanggung,B16,9,purging,12,10607,2885,2876,8502,8893,2882,9222,13662,13767,14407,,
1456180,M-MUK,medium,Temanggung,B16,9,purging,13,10476,2885,2878,8501,8879,2882,9217,13634,13729,14388,,
1457180,M-MUK,medium,Temanggung,B16,9,purging,14,10357,2885,2874,8500,8867,2882,9210,13609,13693,14371,,
1458181,M-MUK,medium,Temanggung,B16,9,purging,15,10248,2881,2874,8499,8855,2882,9205,13584,13659,14355,,
1459180,M-MUK,medium,Temanggung,B16,9,purging,16,10148,2883,2876,8498,8845,2880,9202,13561,13626,14339,,
1460180,M-MUK,medium,Temanggung,B16,9,purging,17,10057,2885,2878,8497,8834,2882,9198,13539,13595,14323,,
1461180,M-MUK,medium,Temanggung,B16,9,purging,18,9973,2885,2874,8496,8825,2882,9195,13517,13564,14309,,
1462180,M-MUK,medium,Temanggung,B16,9,purging,19,9897,2885,2874,8494,8816,2882,9192,13497,13535,14295,,
1463180,M-MUK,medium,Temanggung,B16,9,purging,20,9826,2883,2876,8493,8807,2885,9190,13476,13506,14281,,
1464180,M-MUK,medium,Temanggung,B16,9,purging,21,9762,2885,2876,8492,8800,2882,9188,13457,13479,14267,,
1465180,M-MUK,medium,Temanggung,B16,9,purging,22,9705,2885,2874,8491,8792,2880,9186,13438,13453,14255,,
1466180,M-MUK,medium,Temanggung,B16,9,purging,23,9656,2881,2874,8491,8788,2882,9184,13422,13429,14243,,
1467181,M-MUK,medium,Temanggung,B16,9,purging,24,9616,2885,2878,8490,8783,2882,9183,13406,13407,14232,,
1468180,M-MUK,medium,Temanggung,B16,9,purging,25,9581,2883,2876,8489,8779,2882,9181,13393,13386,14222,,
1469180,M-MUK,medium,Temanggung,B16,9,purging,26,9552,2881,2874,8488,8775,2882,9178,13380,13367,14213,,
1470180,M-MUK,medium,Temanggung,B16,9,purging,27,9527,2883,2876,8487,8772,2882,9177,13368,13349,14204,,
1471180,M-MUK,medium,Temanggung,B16,9,purging,28,9504,2883,2876,8486,8769,2882,9175,13357,13333,14195,,
1472180,M-MUK,medium,Temanggung,B16,9,purging,29,9486,2881,2876,8485,8765,2882,9174,13346,13317,14188,,
1473180,M-MUK,medium,Temanggung,B16,9,purging,30,9470,2881,2876,8484,8762,2882,9174,13337,13302,14180,,
1474181,M-MUK,medium,Temanggung,B16,9,purging,31,9455,2883,2876,8483,8759,2885,9172,13327,13288,14173,,
1475180,M-MUK,medium,Temanggung,B16,9,purging,32,9442,2881,2876,8482,8757,2882,9171,13318,13275,14165,,
1476180,M-MUK,medium,Temanggung,B16,9,purging,33,9434,2881,2874,8481,8754,2880,9170,13309,13262,14158,,
1477180,M-MUK,medium,Temanggung,B16,9,purging,34,9429,2881,2876,8480,8752,2885,9168,13301,13251,14151,,
1478180,M-MUK,medium,Temanggung,B16,9,purging,35,9425,2881,2876,8479,8749,2882,9165,13294,13240,14145,,
1479180,M-MUK,medium,Temanggung,B16,9,purging,36,9422,2881,2876,8478,8748,2885,9163,13287,13230,14139,,
1480180,M-MUK,medium,Temanggung,B16,9,purging,37,9420,2881,2876,8477,8745,2885,9162,13281,13221,14134,,
1481180,M-MUK,medium,Temanggung,B16,9,purging,38,9419,2881,2878,8475,8743,2885,9161,13274,13212,14128,,
1482180,M-MUK,medium,Temanggung,B16,9,purging,39,9417,2881,2874,8475,8740,2882,9160,13269,13203,14123,,
1483181,M-MUK,medium,Temanggung,B16,9,purging,40,9414,2881,2874,8473,8737,2885,9159,13262,13194,14118,,
1484180,M-MUK,medium,Temanggung,B16,9,purging,41,9409,2881,2876,8472,8734,2882,9158,13255,13186,14112,,
1485180,M-MUK,medium,Temanggung,B16,9,purging,42,9404,2881,2874,8471,8731,2882,9156,13249,13177,14107,,
1486180,M-MUK,medium,Temanggung,B16,9,purging,43,9400,2883,2876,8470,8729,2885,9155,13243,13168,14102,,
1487180,M-MUK,medium,Temanggung,B16,9,purging,44,9397,2881,2876,8469,8727,2882,9155,13237,13160,14098,,
1488180,M-MUK,medium,Temanggung,B16,9,purging,45,9396,2881,2876,8467,8725,2885,9155,13231,13153,14094,,
1489180,M-MUK,medium,Temanggung,B16,9,purging,46,9396,2881,2876,8466,8724,2882,9155,13227,13146,14090,,
1490181,M-MUK,medium,Temanggung,B16,9,purging,47,9398,2881,2876,8465,8723,2885,9154,13223,13140,14086,,
1491180,M-MUK,medium,Temanggung,B16,9,purging,48,9398,2881,2876,8463,8722,2882,9153,13219,13135,14083,,
1492180,M-MUK,medium,Temanggung,B16,9,purging,49,9399,2881,2876,8462,8721,2885,9153,13216,13129,14079,,
1493180,M-MUK,medium,Temanggung,B16,9,purging,50,9399,2881,2876,8460,8718,2882,9153,13211,13124,14076,,
1494180,M-MUK,medium,Temanggung,B16,9,purging,51,9398,2881,2876,8459,8717,2885,9152,13207,13119,14072,,
1495180,M-MUK,medium,Temanggung,B16,9,purging,52,9397,2881,2876,8457,8716,2885,9152,13203,13113,14068,,
1496180,M-MUK,medium,Temanggung,B16,9,purging,53,9396,2883,2874,8455,8714,2885,9151,13199,13107,14064,,
1497180,M-MUK,medium,Temanggung,B16,9,purging,54,9396,2881,2876,8454,8711,2885,9149,13194,13102,14061,,
1498180,M-MUK,medium,Temanggung,B16,9,purging,55,9396,2881,2876,8453,8710,2885,9148,13191,13097,14057,,
1499181,M-MUK,medium,Temanggung,B16,9,purging,56,9397,2883,2874,8452,8708,2885,9147,13186,13092,14053,,
1500180,M-MUK,medium,Temanggung,B16,9,purging,57,9397,2883,2876,8450,8706,2880,9145,13183,13087,14050,,
1501180,M-MUK,medium,Temanggung,B16,9,purging,58,9398,2883,2876,8448,8704,2885,9144,13179,13083,14046,,
1502180,M-MUK,medium,Temanggung,B16,9,purging,59,9398,2879,2876,8447,8702,2885,9143,13175,13078,14043,,
1503180,M-MUK,medium,Temanggung,B16,9,purging,60,9399,2881,2876,8445,8700,2885,9141,13172,13074,14040,,
1504180,M-MUK,medium,Temanggung,B16,9,purging,61,9398,2881,2876,8444,8698,2885,9141,13169,13070,14038,,
1505180,M-MUK,medium,Temanggung,B16,9,purging,62,9397,2881,2879,8442,8697,2883,9140,13165,13065,14035,,
1506181,M-MUK,medium,Temanggung,B16,9,purging,63,9395,2881,2874,8441,8695,2885,9140,13162,13061,14033,,
1507180,M-MUK,medium,Temanggung,B16,9,purging,64,9391,2883,2876,8439,8692,2883,9140,13159,13056,14030,,
1508180,M-MUK,medium,Temanggung,B16,9,purging,65,9388,2881,2876,8438,8691,2885,9140,13154,13051,14027,,
1509180,M-MUK,medium,Temanggung,B16,9,purging,66,9383,2883,2876,8437,8689,2885,9140,13151,13046,14024,,
1510180,M-MUK,medium,Temanggung,B16,9,purging,67,9378,2881,2879,8435,8687,2885,9140,13146,13040,14022,,
1511180,M-MUK,medium,Temanggung,B16,9,purging,68,9374,2881,2876,8434,8687,2883,9140,13142,13036,14019,,
1512180,M-MUK,medium,Temanggung,B16,9,purging,69,9370,2883,2876,8432,8685,2885,9140,13138,13031,14016,,
1513180,M-MUK,medium,Temanggung,B16,9,purging,70,9366,2883,2876,8430,8684,2883,9140,13135,13026,14013,,
1514180,M-MUK,medium,Temanggung,B16,9,purging,71,9364,2883,2876,8429,8682,2885,9140,13131,13022,14011,,
1515181,M-MUK,medium,Temanggung,B16,9,purging,72,9363,2883,2879,8427,8682,2883,9139,13128,13018,14008,,
1516180,M-MUK,medium,Temanggung,B16,9,purging,73,9364,2883,2879,8426,8682,2885,9138,13125,13014,14006,,
1517180,M-MUK,medium,Temanggung,B16,9,purging,74,9363,2883,2879,8425,8681,2881,9136,13122,13011,14004,,
1518180,M-MUK,medium,Temanggung,B16,9,purging,75,9364,2883,2876,8423,8680,2883,9136,13120,13008,14002,,
1519180,M-MUK,medium,Temanggung,B16,9,purging,76,9363,2883,2879,8422,8679,2883,9135,13118,13004,14000,,
1520180,M-MUK,medium,Temanggung,B16,9,purging,77,9363,2881,2879,8420,8678,2885,9135,13115,13001,13998,,
1521180,M-MUK,medium,Temanggung,B16,9,purging,78,9362,2879,2876,8419,8676,2881,9135,13112,12998,13996,,
1522181,M-MUK,medium,Temanggung,B16,9,purging,79,9361,2883,2879,8418,8675,2881,9135,13109,12994,13994,,
1523180,M-MUK,medium,Temanggung,B16,9,purging,80,9358,2881,2876,8416,8673,2883,9134,13106,12991,13992,,
1524180,M-MUK,medium,Temanggung,B16,9,purging,81,9355,2879,2879,8415,8672,2883,9134,13104,12987,13990,,
1525180,M-MUK,medium,Temanggung,B16,9,purging,82,9353,2881,2879,8413,8671,2885,9134,13100,12984,13989,,
1526180,M-MUK,medium,Temanggung,B16,9,purging,83,9350,2883,2879,8412,8671,2881,9134,13098,12980,13987,,
1527180,M-MUK,medium,Temanggung,B16,9,purging,84,9347,2883,2879,8410,8670,2883,9134,13095,12977,13985,,
1528180,M-MUK,medium,Temanggung,B16,9,purging,85,9344,2881,2879,8409,8670,2881,9133,13092,12973,13983,,
1529180,M-MUK,medium,Temanggung,B16,9,purging,86,9342,2879,2879,8407,8669,2883,9134,13089,12970,13982,,
1530180,M-MUK,medium,Temanggung,B16,9,purging,87,9341,2881,2879,8406,8668,2883,9134,13086,12966,13979,,
1531181,M-MUK,medium,Temanggung,B16,9,purging,88,9341,2883,2879,8405,8668,2885,9134,13084,12964,13977,,
1532180,M-MUK,medium,Temanggung,B16,9,purging,89,9344,2881,2879,8403,8667,2883,9133,13081,12961,13974,,
1533180,M-MUK,medium,Temanggung,B16,9,purging,90,9349,2881,2879,8402,8666,2883,9130,13079,12960,13971,,
1534180,M-MUK,medium,Temanggung,B16,9,purging,91,9355,2881,2879,8400,8665,2885,9127,13078,12958,13969,,
1535180,M-MUK,medium,Temanggung,B16,9,purging,92,9363,2881,2876,8399,8664,2883,9124,13077,12957,13967,,
1536180,M-MUK,medium,Temanggung,B16,9,purging,93,9372,2879,2879,8397,8662,2883,9122,13077,12957,13966,,
1537180,M-MUK,medium,Temanggung,B16,9,purging,94,9381,2881,2879,8396,8662,2883,9120,13077,12956,13965,,
1538181,M-MUK,medium,Temanggung,B16,9,purging,95,9389,2881,2876,8394,8659,2883,9118,13077,12955,13965,,
1539180,M-MUK,medium,Temanggung,B16,9,purging,96,9398,2881,2876,8392,8658,2883,9116,13078,12955,13963,,
1540180,M-MUK,medium,Temanggung,B16,9,purging,97,9405,2881,2876,8391,8657,2883,9115,13077,12954,13963,,
1541180,M-MUK,medium,Temanggung,B16,9,purging,98,9410,2881,2879,8390,8656,2883,9115,13077,12953,13963,,
1542180,M-MUK,medium,Temanggung,B16,9,purging,99,9414,2881,2876,8388,8654,2885,9114,13077,12952,13962,,
1543180,M-MUK,medium,Temanggung,B16,9,purging,100,9417,2881,2879,8386,8653,2883,9115,13076,12952,13961,,
1544180,M-MUK,medium,Temanggung,B16,9,purging,101,9419,2881,2876,8385,8652,2883,9114,13076,12950,13960,,
1545180,M-MUK,medium,Temanggung,B16,9,purging,102,9421,2881,2876,8383,8651,2883,9114,13075,12949,13960,,
1546180,M-MUK,medium,Temanggung,B16,9,purging,103,9422,2881,2879,8382,8650,2881,9114,13075,12947,13959,,
1547181,M-MUK,medium,Temanggung,B16,9,purging,104,9424,2879,2876,8381,8650,2883,9114,13074,12946,13959,,
1548180,M-MUK,medium,Temanggung,B16,9,purging,105,9427,2881,2879,8379,8649,2883,9115,13075,12945,13959,,
1549180,M-MUK,medium,Temanggung,B16,9,purging,106,9430,2881,2877,8378,8650,2883,9115,13074,12945,13960,,
1550180,M-MUK,medium,Temanggung,B16,9,purging,107,9433,2881,2879,8376,8650,2883,9115,13075,12944,13960,,
1551180,M-MUK,medium,Temanggung,B16,9,purging,108,9436,2881,2877,8374,8650,2883,9116,13076,12944,13960,,
1552180,M-MUK,medium,Temanggung,B16,9,purging,109,9438,2881,2877,8373,8651,2883,9118,13077,12944,13961,,
1553180,M-MUK,medium,Temanggung,B16,9,purging,110,9441,2881,2877,8371,8652,2883,9119,13077,12944,13961,,
1554181,M-MUK,medium,Temanggung,B16,9,purging,111,9443,2881,2877,8370,8652,2883,9119,13077,12944,13961,,
1555180,M-MUK,medium,Temanggung,B16,9,purging,112,9445,2881,2876,8369,8652,2883,9119,13078,12944,13962,,
1556180,M-MUK,medium,Temanggung,B16,9,purging,113,9446,2881,2879,8367,8652,2883,9120,13078,12943,13962,,
1557180,M-MUK,medium,Temanggung,B16,9,purging,114,9447,2883,2876,8366,8652,2883,9121,13078,12943,13962,,
1558180,M-MUK,medium,Temanggung,B16,9,purging,115,9447,2881,2877,8365,8652,2883,9121,13078,12942,13962,,
1559180,M-MUK,medium,Temanggung,B16,9,purging,116,9447,2883,2877,8364,8653,2881,9122,13077,12941,13962,,
1560180,M-MUK,medium,Temanggung,B16,9,purging,117,9447,2881,2879,8362,8653,2881,9123,13077,12941,13962,,
1561180,M-MUK,medium,Temanggung,B16,9,purging,118,9449,2881,2879,8361,8653,2883,9125,13078,12941,13963,,
1562180,M-MUK,medium,Temanggung,B16,9,purging,119,9451,2881,2879,8360,8655,2883,9126,13079,12941,13965,,
1563181,M-MUK,medium,Temanggung,B16,9,purging,120,9453,2881,2879,8358,8656,2883,9127,13080,12941,13965,,
1564183,M-MUK,medium,Temanggung,B16,9,collecting,1,9456,2881,2876,8357,8657,2883,9129,13080,12942,13967,,
1565180,M-MUK,medium,Temanggung,B16,9,collecting,2,9461,2881,2877,8355,8659,2883,9130,13081,12942,13969,,
1566180,M-MUK,medium,Temanggung,B16,9,collecting,3,9655,2881,2876,8353,8695,2883,9159,13119,12954,14027,,
1567180,M-MUK,medium,Temanggung,B16,9,collecting,4,10312,2881,2879,8353,8790,2883,9244,13265,13034,14153,,
1568180,M-MUK,medium,Temanggung,B16,9,collecting,5,11214,2886,2879,8352,8911,2883,9349,13483,13192,14290,,
1569180,M-MUK,medium,Temanggung,B16,9,collecting,6,12035,2888,2876,8351,9023,2885,9432,13712,13397,14407,,
1570181,M-MUK,medium,Temanggung,B16,9,collecting,7,12653,2888,2879,8350,9108,2881,9481,13912,13608,14499,,
1571180,M-MUK,medium,Temanggung,B16,9,collecting,8,13083,2890,2879,8349,9166,2883,9501,14061,13798,14568,,
1572180,M-MUK,medium,Temanggung,B16,9,collecting,9,13371,2888,2879,8348,9203,2883,9504,14170,13957,14620,,
1573180,M-MUK,medium,Temanggung,B16,9,collecting,10,13560,2890,2877,8347,9226,2883,9498,14246,14084,14659,,
1574180,M-MUK,medium,Temanggung,B16,9,collecting,11,13677,2890,2877,8346,9239,2883,9487,14300,14182,14688,,
1575180,M-MUK,medium,Temanggung,B16,9,collecting,12,13744,2890,2876,8344,9244,2883,9475,14337,14259,14710,,
1576180,M-MUK,medium,Temanggung,B16,9,collecting,13,13775,2892,2879,8342,9245,2883,9463,14362,14317,14727,,
1577180,M-MUK,medium,Temanggung,B16,9,collecting,14,13779,2888,2876,8341,9244,2883,9451,14381,14361,14740,,
1578180,M-MUK,medium,Temanggung,B16,9,collecting,15,13766,2890,2876,8339,9241,2883,9440,14394,14394,14749,,
1579181,M-MUK,medium,Temanggung,B16,9,collecting,16,13740,2890,2879,8338,9237,2883,9428,14403,14419,14757,,
1580180,M-MUK,medium,Temanggung,B16,9,collecting,17,13704,2890,2879,8337,9232,2883,9419,14410,14438,14764,,
1581180,M-MUK,medium,Temanggung,B16,9,collecting,18,13664,2888,2876,8335,9229,2883,9412,14416,14453,14769,,
1582180,M-MUK,medium,Temanggung,B16,9,collecting,19,13619,2888,2877,8334,9224,2881,9405,14420,14463,14773,,
1583180,M-MUK,medium,Temanggung,B16,9,collecting,20,13572,2890,2876,8332,9220,2883,9399,14423,14471,14777,,
1584180,M-MUK,medium,Temanggung,B16,9,collecting,21,13524,2890,2879,8331,9216,2883,9393,14427,14477,14780,,
1585180,M-MUK,medium,Temanggung,B16,9,collecting,22,13476,2888,2876,8330,9213,2881,9389,14429,14481,14784,,
1586181,M-MUK,medium,Temanggung,B16,9,collecting,23,13429,2888,2877,8329,9211,2883,9386,14432,14484,14786,,
1587180,M-MUK,medium,Temanggung,B16,9,collecting,24,13383,2890,2877,8328,9208,2883,9383,14434,14486,14789,,
1588180,M-MUK,medium,Temanggung,B16,9,collecting,25,13340,2888,2877,8327,9206,2883,9380,14436,14488,14791,,
1589180,M-MUK,medium,Temanggung,B16,9,collecting,26,13298,2888,2876,8326,9204,2881,9377,14439,14490,14793,,
1590180,M-MUK,medium,Temanggung,B16,9,collecting,27,13258,2888,2877,8325,9202,2883,9374,14441,14490,14795,,
1591180,M-MUK,medium,Temanggung,B16,9,collecting,28,13220,2890,2876,8324,9200,2883,9373,14444,14492,14797,,
1592180,M-MUK,medium,Temanggung,B16,9,collecting,29,13184,2888,2876,8324,9198,2883,9371,14446,14492,14798,,
1593180,M-MUK,medium,Temanggung,B16,9,collecting,30,13149,2890,2876,8323,9197,2883,9370,14448,14493,14799,,
1594180,M-MUK,medium,Temanggung,B16,9,collecting,31,13117,2888,2879,8322,9195,2881,9368,14450,14493,14800,,
1595181,M-MUK,medium,Temanggung,B16,9,collecting,32,13086,2888,2876,8321,9194,2883,9367,14452,14492,14801,,
1596180,M-MUK,medium,Temanggung,B16,9,collecting,33,13056,2888,2877,8321,9192,2883,9364,14454,14492,14802,,
1597180,M-MUK,medium,Temanggung,B16,9,collecting,34,13028,2888,2876,8320,9190,2883,9363,14455,14491,14803,,
1598180,M-MUK,medium,Temanggung,B16,9,collecting,35,12999,2888,2877,8319,9189,2881,9361,14456,14491,14803,,
1599180,M-MUK,medium,Temanggung,B16,9,collecting,36,12973,2888,2877,8318,9187,2883,9361,14457,14490,14804,,
1600180,M-MUK,medium,Temanggung,B16,9,collecting,37,12948,2886,2876,8317,9187,2883,9360,14458,14488,14804,,
1601180,M-MUK,medium,Temanggung,B16,9,collecting,38,12924,2886,2877,8317,9186,2883,9360,14459,14487,14805,,
1602181,M-MUK,medium,Temanggung,B16,9,collecting,39,12902,2886,2877,8316,9185,2885,9360,14460,14486,14805,,
1603180,M-MUK,medium,Temanggung,B16,9,collecting,40,12880,2886,2879,8315,9184,2883,9359,14462,14485,14806,,
1604180,M-MUK,medium,Temanggung,B16,9,collecting,41,12859,2884,2877,8314,9183,2883,9358,14462,14483,14806,,
1605180,M-MUK,medium,Temanggung,B16,9,collecting,42,12840,2886,2877,8314,9183,2883,9357,14462,14482,14806,,
1606180,M-MUK,medium,Temanggung,B16,9,collecting,43,12821,2888,2879,8314,9182,2883,9357,14462,14481,14806,,
1607180,M-MUK,medium,Temanggung,B16,9,collecting,44,12804,2884,2879,8313,9181,2883,9357,14463,14480,14806,,
1608180,M-MUK,medium,Temanggung,B16,9,collecting,45,12788,2884,2877,8313,9181,2883,9357,14465,14478,14806,,
1609180,M-MUK,medium,Temanggung,B16,9,collecting,46,12772,2888,2877,8312,9181,2883,9356,14466,14477,14807,,
1610180,M-MUK,medium,Temanggung,B16,9,collecting,47,12757,2888,2877,8312,9180,2881,9357,14467,14475,14807,,
1611181,M-MUK,medium,Temanggung,B16,9,collecting,48,12743,2886,2879,8312,9180,2883,9356,14468,14475,14807,,
1612180,M-MUK,medium,Temanggung,B16,9,collecting,49,12729,2884,2877,8312,9180,2883,9356,14469,14473,14807,,
1613180,M-MUK,medium,Temanggung,B16,9,collecting,50,12716,2886,2879,8311,9179,2883,9356,14470,14472,14807,,
1614180,M-MUK,medium,Temanggung,B16,9,collecting,51,12703,2886,2877,8311,9179,2883,9355,14470,14472,14807,,
1615180,M-MUK,medium,Temanggung,B16,9,collecting,52,12690,2884,2877,8310,9179,2883,9354,14471,14471,14807,,
1616180,M-MUK,medium,Temanggung,B16,9,collecting,53,12677,2886,2877,8309,9179,2883,9355,14472,14470,14807,,
1617180,M-MUK,medium,Temanggung,B16,9,collecting,54,12664,2886,2877,8309,9178,2883,9354,14473,14470,14807,,
1618181,M-MUK,medium,Temanggung,B16,9,collecting,55,12653,2888,2877,8308,9179,2883,9354,14474,14469,14807,,
1619180,M-MUK,medium,Temanggung,B16,9,collecting,56,12642,2888,2879,8308,9179,2883,9354,14474,14468,14807,,
1620180,M-MUK,medium,Temanggung,B16,9,collecting,57,12631,2888,2875,8308,9179,2883,9354,14475,14467,14808,,
1621180,M-MUK,medium,Temanggung,B16,9,collecting,58,12621,2886,2877,8307,9179,2883,9354,14475,14466,14808,,
1622180,M-MUK,medium,Temanggung,B16,9,collecting,59,12610,2888,2875,8307,9179,2883,9355,14476,14465,14808,,
1623180,M-MUK,medium,Temanggung,B16,9,collecting,60,12601,2888,2877,8306,9179,2883,9356,14477,14464,14808,,
1624183,M-MUK,medium,Temanggung,B16,10,purging,1,12591,2888,2876,8306,9180,2881,9356,14478,14464,14808,,
1625180,M-MUK,medium,Temanggung,B16,10,purging,2,12581,2886,2877,8307,9181,2881,9358,14479,14463,14812,,
1626180,M-MUK,medium,Temanggung,B16,10,purging,3,12537,2888,2877,8307,9179,2883,9359,14473,14461,14810,,
1627181,M-MUK,medium,Temanggung,B16,10,purging,4,12445,2886,2877,8306,9172,2883,9355,14454,14451,14800,,
1628180,M-MUK,medium,Temanggung,B16,10,purging,5,12320,2886,2876,8306,9162,2883,9350,14428,14432,14787,,
1629180,M-MUK,medium,Temanggung,B16,10,purging,6,12176,2886,2877,8306,9150,2883,9345,14398,14408,14773,,
1630180,M-MUK,medium,Temanggung,B16,10,purging,7,12023,2886,2879,8305,9139,2883,9341,14368,14381,14757,,
1631180,M-MUK,medium,Temanggung,B16,10,purging,8,11870,2886,2877,8305,9128,2881,9336,14338,14352,14743,,
1632180,M-MUK,medium,Temanggung,B16,10,purging,9,11721,2886,2877,8305,9119,2883,9334,14310,14322,14728,,
1633180,M-MUK,medium,Temanggung,B16,10,purging,10,11579,2886,2876,8306,9110,2881,9332,14283,14293,14713,,
1634181,M-MUK,medium,Temanggung,B16,10,purging,11,11446,2886,2877,8305,9102,2881,9331,14258,14264,14699,,
1635180,M-MUK,medium,Temanggung,B16,10,purging,12,11323,2886,2877,8305,9094,2883,9329,14234,14236,14685,,
1636180,M-MUK,medium,Temanggung,B16,10,purging,13,11210,2883,2876,8306,9086,2881,9328,14212,14210,14672,,
1637180,M-MUK,medium,Temanggung,B16,10,purging,14,11105,2883,2877,8306,9079,2883,9327,14192,14184,14660,,
1638180,M-MUK,medium,Temanggung,B16,10,purging,15,11012,2883,2877,8306,9073,2883,9326,14172,14160,14649,,
1639180,M-MUK,medium,Temanggung,B16,10,purging,16,10926,2883,2877,8307,9068,2883,9326,14154,14137,14638,,
1640180,M-MUK,medium,Temanggung,B16,10,purging,17,10850,2883,2879,8306,9062,2883,9326,14137,14115,14627,,
1641180,M-MUK,medium,Temanggung,B16,10,purging,18,10781,2886,2876,8306,9058,2883,9325,14121,14095,14618,,
1642180,M-MUK,medium,Temanggung,B16,10,purging,19,10718,2883,2879,8307,9054,2883,9325,14105,14076,14609,,
1643181,M-MUK,medium,Temanggung,B16,10,purging,20,10662,2883,2877,8307,9051,2883,9325,14090,14057,14600,,
1644180,M-MUK,medium,Temanggung,B16,10,purging,21,10612,2881,2877,8307,9048,2883,9324,14077,14040,14592,,
1645180,M-MUK,medium,Temanggung,B16,10,purging,22,10566,2883,2876,8308,9045,2881,9325,14065,14025,14584,,
1646180,M-MUK,medium,Temanggung,B16,10,purging,23,10525,2883,2877,8308,9043,2881,9325,14053,14009,14578,,
1647180,M-MUK,medium,Temanggung,B16,10,purging,24,10488,2883,2877,8308,9041,2881,9326,14042,13995,14570,,
1648180,M-MUK,medium,Temanggung,B16,10,purging,25,10455,2883,2876,8308,9039,2883,9327,14031,13982,14564,,
1649180,M-MUK,medium,Temanggung,B16,10,purging,26,10425,2883,2877,8308,9037,2883,9329,14021,13968,14558,,
1650181,M-MUK,medium,Temanggung,B16,10,purging,27,10397,2883,2879,8309,9036,2883,9330,14012,13957,14553,,
1651180,M-MUK,medium,Temanggung,B16,10,purging,28,10373,2883,2877,8309,9034,2883,9331,14003,13945,14547,,
1652180,M-MUK,medium,Temanggung,B16,10,purging,29,10351,2883,2877,8309,9033,2883,9333,13995,13935,14543,,
1653180,M-MUK,medium,Temanggung,B16,10,purging,30,10331,2883,2876,8309,9032,2883,9334,13987,13925,14538,,
1654180,M-MUK,medium,Temanggung,B16,10,purging,31,10313,2883,2876,8309,9031,2881,9335,13979,13916,14533,,
1655180,M-MUK,medium,Temanggung,B16,10,purging,32,10297,2883,2876,8309,9032,2883,9336,13972,13908,14529,,
1656180,M-MUK,medium,Temanggung,B16,10,purging,33,10283,2883,2879,8309,9031,2881,9337,13965,13900,14524,,
1657180,M-MUK,medium,Temanggung,B16,10,purging,34,10270,2883,2876,8310,9030,2883,9338,13958,13892,14520,,
1658180,M-MUK,medium,Temanggung,B16,10,purging,35,10257,2883,2876,8310,9030,2881,9339,13952,13885,14516,,
1659181,M-MUK,medium,Temanggung,B16,10,purging,36,10246,2883,2877,8310,9029,2881,9340,13945,13878,14512,,
1660180,M-MUK,medium,Temanggung,B16,10,purging,37,10237,2883,2879,8310,9028,2883,9340,13939,13872,14509,,
1661180,M-MUK,medium,Temanggung,B16,10,purging,38,10229,2881,2879,8310,9029,2883,9342,13935,13866,14507,,
1662180,M-MUK,medium,Temanggung,B16,10,purging,39,10222,2883,2879,8309,9030,2883,9344,13930,13861,14504,,
1663180,M-MUK,medium,Temanggung,B16,10,purging,40,10216,2883,2877,8310,9030,2883,9345,13926,13856,14502,,
1664180,M-MUK,medium,Temanggung,B16,10,purging,41,10209,2883,2877,8310,9031,2883,9345,13922,13851,14499,,
1665180,M-MUK,medium,Temanggung,B16,10,purging,42,10203,2883,2876,8310,9030,2883,9347,13918,13847,14497,,
1666181,M-MUK,medium,Temanggung,B16,10,purging,43,10196,2881,2879,8310,9031,2883,9348,13913,13843,14494,,
1667180,M-MUK,medium,Temanggung,B16,10,purging,44,10190,2883,2876,8310,9030,2883,9349,13909,13838,14491,,
1668180,M-MUK,medium,Temanggung,B16,10,purging,45,10185,2883,2879,8310,9031,2883,9351,13905,13834,14489,,
1669180,M-MUK,medium,Temanggung,B16,10,purging,46,10179,2883,2879,8311,9031,2883,9352,13902,13830,14488,,
1670180,M-MUK,medium,Temanggung,B16,10,purging,47,10175,2881,2879,8311,9031,2881,9354,13898,13826,14486,,
1671180,M-MUK,medium,Temanggung,B16,10,purging,48,10170,2881,2876,8311,9032,2883,9354,13894,13822,14484,,
1672180,M-MUK,medium,Temanggung,B16,10,purging,49,10166,2881,2879,8311,9032,2883,9355,13891,13819,14481,,
1673180,M-MUK,medium,Temanggung,B16,10,purging,50,10161,2883,2879,8311,9031,2883,9356,13887,13816,14478,,
1674180,M-MUK,medium,Temanggung,B16,10,purging,51,10156,2883,2876,8311,9031,2883,9356,13883,13812,14476,,
1675181,M-MUK,medium,Temanggung,B16,10,purging,52,10151,2881,2879,8311,9030,2883,9356,13879,13808,14473,,
1676180,M-MUK,medium,Temanggung,B16,10,purging,53,10146,2883,2879,8312,9029,2883,9355,13875,13804,14470,,
1677180,M-MUK,medium,Temanggung,B16,10,purging,54,10141,2883,2877,8312,9028,2883,9355,13871,13801,14468,,
1678180,M-MUK,medium,Temanggung,B16,10,purging,55,10136,2883,2879,8312,9028,2883,9356,13868,13797,14467,,
1679180,M-MUK,medium,Temanggung,B16,10,purging,56,10133,2883,2879,8312,9027,2883,9357,13865,13793,14465,,
1680180,M-MUK,medium,Temanggung,B16,10,purging,57,10129,2886,2879,8312,9026,2883,9357,13861,13790,14463,,
1681180,M-MUK,medium,Temanggung,B16,10,purging,58,10126,2881,2879,8312,9026,2883,9358,13859,13787,14462,,
1682181,M-MUK,medium,Temanggung,B16,10,purging,59,10123,2881,2879,8312,9027,2883,9358,13856,13784,14460,,
1683180,M-MUK,medium,Temanggung,B16,10,purging,60,10120,2881,2879,8313,9026,2883,9360,13853,13782,14459,,
1684180,M-MUK,medium,Temanggung,B16,10,purging,61,10118,2881,2877,8313,9026,2883,9361,13851,13779,14457,,
1685180,M-MUK,medium,Temanggung,B16,10,purging,62,10116,2883,2879,8313,9025,2883,9362,13849,13777,14455,,
1686180,M-MUK,medium,Temanggung,B16,10,purging,63,10115,2881,2876,8314,9025,2883,9362,13846,13774,14454,,
1687180,M-MUK,medium,Temanggung,B16,10,purging,64,10113,2883,2879,8313,9025,2883,9362,13843,13772,14453,,
1688180,M-MUK,medium,Temanggung,B16,10,purging,65,10111,2881,2876,8314,9025,2883,9363,13841,13769,14452,,
1689180,M-MUK,medium,Temanggung,B16,10,purging,66,10109,2881,2879,8314,9025,2883,9363,13839,13768,14451,,
1690180,M-MUK,medium,Temanggung,B16,10,purging,67,10107,2883,2876,8314,9025,2881,9364,13837,13765,14450,,
1691181,M-MUK,medium,Temanggung,B16,10,purging,68,10105,2886,2879,8315,9025,2883,9364,13836,13763,14449,,
1692180,M-MUK,medium,Temanggung,B16,10,purging,69,10105,2883,2879,8315,9026,2883,9365,13834,13762,14449,,
1693180,M-MUK,medium,Temanggung,B16,10,purging,70,10104,2881,2879,8315,9026,2883,9367,13833,13760,14448,,
1694180,M-MUK,medium,Temanggung,B16,10,purging,71,10103,2883,2876,8316,9026,2883,9369,13832,13759,14448,,
1695180,M-MUK,medium,Temanggung,B16,10,purging,72,10104,2881,2876,8317,9027,2883,9370,13831,13758,14448,,
1696180,M-MUK,medium,Temanggung,B16,10,purging,73,10105,2881,2876,8316,9028,2883,9372,13831,13758,14449,,
1697180,M-MUK,medium,Temanggung,B16,10,purging,74,10106,2886,2879,8316,9029,2883,9373,13831,13757,14450,,
1698181,M-MUK,medium,Temanggung,B16,10,purging,75,10109,2883,2876,8316,9030,2881,9375,13831,13758,14450,,
1699180,M-MUK,medium,Temanggung,B16,10,purging,76,10111,2881,2879,8317,9031,2881,9376,13831,13758,14450,,
1700180,M-MUK,medium,Temanggung,B16,10,purging,77,10113,2883,2879,8317,9033,2883,9377,13831,13758,14449,,
1701180,M-MUK,medium,Temanggung,B16,10,purging,78,10114,2881,2879,8318,9034,2883,9378,13830,13758,14450,,
1702180,M-MUK,medium,Temanggung,B16,10,purging,79,10115,2881,2877,8318,9035,2883,9379,13830,13758,14450,,
1703180,M-MUK,medium,Temanggung,B16,10,purging,80,10116,2886,2879,8317,9036,2881,9379,13830,13758,14450,,
1704180,M-MUK,medium,Temanggung,B16,10,purging,81,10118,2883,2876,8318,9036,2883,9380,13830,13759,14450,,
1705180,M-MUK,medium,Temanggung,B16,10,purging,82,10119,2883,2879,8318,9036,2883,9382,13829,13759,14450,,
1706180,M-MUK,medium,Temanggung,B16,10,purging,83,10121,2881,2879,8318,9036,2883,9382,13829,13759,14449,,
1707181,M-MUK,medium,Temanggung,B16,10,purging,84,10123,2883,2879,8318,9037,2883,9382,13828,13759,14449,,
1708180,M-MUK,medium,Temanggung,B16,10,purging,85,10125,2885,2879,8318,9038,2883,9382,13828,13759,14449,,
1709180,M-MUK,medium,Temanggung,B16,10,purging,86,10126,2886,2879,8318,9037,2883,9384,13827,13759,14448,,
1710180,M-MUK,medium,Temanggung,B16,10,purging,87,10128,2883,2879,8318,9038,2883,9383,13826,13759,14447,,
1711180,M-MUK,medium,Temanggung,B16,10,purging,88,10129,2883,2879,8318,9036,2881,9382,13825,13759,14445,,
1712180,M-MUK,medium,Temanggung,B16,10,purging,89,10130,2885,2876,8318,9035,2883,9381,13823,13758,14442,,
1713180,M-MUK,medium,Temanggung,B16,10,purging,90,10130,2881,2877,8319,9032,2883,9379,13820,13757,14439,,
1714181,M-MUK,medium,Temanggung,B16,10,purging,91,10130,2881,2879,8319,9029,2883,9376,13817,13755,14435,,
1715180,M-MUK,medium,Temanggung,B16,10,purging,92,10129,2883,2876,8319,9026,2883,9372,13814,13752,14432,,
1716180,M-MUK,medium,Temanggung,B16,10,purging,93,10128,2883,2879,8319,9023,2883,9368,13811,13750,14431,,
1717180,M-MUK,medium,Temanggung,B16,10,purging,94,10126,2881,2879,8318,9021,2883,9366,13809,13748,14431,,
1718180,M-MUK,medium,Temanggung,B16,10,purging,95,10125,2885,2879,8319,9019,2883,9366,13808,13745,14431,,
1719180,M-MUK,medium,Temanggung,B16,10,purging,96,10124,2885,2879,8319,9018,2885,9367,13808,13743,14431,,
1720180,M-MUK,medium,Temanggung,B16,10,purging,97,10123,2883,2879,8319,9019,2883,9369,13807,13742,14432,,
1721180,M-MUK,medium,Temanggung,B16,10,purging,98,10121,2883,2877,8319,9019,2883,9370,13807,13740,14433,,
1722180,M-MUK,medium,Temanggung,B16,10,purging,99,10119,2881,2879,8319,9020,2883,9373,13807,13739,14434,,
1723181,M-MUK,medium,Temanggung,B16,10,purging,100,10118,2881,2876,8319,9021,2883,9375,13808,13738,14434,,
1724180,M-MUK,medium,Temanggung,B16,10,purging,101,10117,2883,2879,8319,9022,2881,9376,13808,13737,14435,,
1725180,M-MUK,medium,Temanggung,B16,10,purging,102,10115,2881,2876,8319,9023,2883,9378,13808,13736,14437,,
1726180,M-MUK,medium,Temanggung,B16,10,purging,103,10115,2886,2876,8319,9024,2883,9381,13809,13736,14438,,
1727180,M-MUK,medium,Temanggung,B16,10,purging,104,10114,2881,2879,8319,9026,2883,9383,13810,13736,14439,,
1728180,M-MUK,medium,Temanggung,B16,10,purging,105,10115,2881,2879,8319,9028,2883,9386,13810,13735,14440,,
1729180,M-MUK,medium,Temanggung,B16,10,purging,106,10116,2881,2876,8319,9029,2883,9389,13812,13736,14443,,
1730181,M-MUK,medium,Temanggung,B16,10,purging,107,10117,2883,2876,8319,9032,2883,9392,13813,13737,14444,,
1731180,M-MUK,medium,Temanggung,B16,10,purging,108,10119,2881,2879,8319,9034,2883,9393,13814,13738,14445,,
1732180,M-MUK,medium,Temanggung,B16,10,purging,109,10121,2881,2876,8319,9035,2883,9395,13815,13739,14446,,
1733180,M-MUK,medium,Temanggung,B16,10,purging,110,10122,2883,2879,8319,9037,2883,9397,13815,13740,14447,,
1734180,M-MUK,medium,Temanggung,B16,10,purging,111,10124,2881,2879,8319,9038,2883,9397,13817,13741,14448,,
1735180,M-MUK,medium,Temanggung,B16,10,purging,112,10125,2885,2879,8320,9040,2883,9399,13818,13742,14449,,
1736180,M-MUK,medium,Temanggung,B16,10,purging,113,10128,2881,2879,8320,9041,2883,9400,13819,13743,14449,,
1737180,M-MUK,medium,Temanggung,B16,10,purging,114,10131,2881,2876,8320,9041,2881,9401,13819,13744,14450,,
1738180,M-MUK,medium,Temanggung,B16,10,purging,115,10134,2881,2879,8320,9042,2883,9402,13820,13746,14450,,
1739181,M-MUK,medium,Temanggung,B16,10,purging,116,10137,2886,2879,8319,9042,2883,9403,13821,13747,14451,,
1740180,M-MUK,medium,Temanggung,B16,10,purging,117,10141,2883,2876,8319,9043,2883,9402,13821,13748,14450,,
1741180,M-MUK,medium,Temanggung,B16,10,purging,118,10144,2881,2879,8320,9043,2883,9401,13821,13749,14449,,
1742180,M-MUK,medium,Temanggung,B16,10,purging,119,10146,2883,2876,8319,9042,2883,9400,13820,13749,14448,,
1743180,M-MUK,medium,Temanggung,B16,10,purging,120,10148,2883,2879,8320,9041,2883,9398,13820,13750,14447,,
1744183,M-MUK,medium,Temanggung,B16,10,collecting,1,10150,2881,2879,8320,9040,2883,9397,13819,13750,14446,,
1745180,M-MUK,medium,Temanggung,B16,10,collecting,2,10152,2883,2879,8319,9036,2883,9394,13818,13749,14439,,
1746181,M-MUK,medium,Temanggung,B16,10,collecting,3,10321,2883,2879,8318,9060,2883,9414,13838,13757,14470,,
1747180,M-MUK,medium,Temanggung,B16,10,collecting,4,10891,2881,2879,8318,9132,2883,9476,13947,13819,14563,,
1748180,M-MUK,medium,Temanggung,B16,10,collecting,5,11665,2888,2879,8319,9225,2883,9552,14123,13944,14669,,
1749180,M-MUK,medium,Temanggung,B16,10,collecting,6,12378,2886,2879,8319,9310,2883,9610,14314,14106,14761,,
1750180,M-MUK,medium,Temanggung,B16,10,collecting,7,12925,2888,2879,8319,9373,2883,9640,14477,14275,14836,,
1751180,M-MUK,medium,Temanggung,B16,10,collecting,8,13310,2888,2876,8318,9415,2883,9650,14603,14427,14893,,
1752180,M-MUK,medium,Temanggung,B16,10,collecting,9,13573,2888,2876,8318,9442,2883,9647,14694,14552,14937,,
1753180,M-MUK,medium,Temanggung,B16,10,collecting,10,13745,2888,2879,8317,9458,2883,9639,14758,14653,14970,,
1754180,M-MUK,medium,Temanggung,B16,10,collecting,11,13851,2892,2879,8317,9467,2883,9628,14804,14730,14995,,
1755181,M-MUK,medium,Temanggung,B16,10,collecting,12,13912,2892,2879,8315,9471,2881,9615,14835,14789,15015,,
1756180,M-MUK,medium,Temanggung,B16,10,collecting,13,13939,2888,2876,8315,9472,2881,9604,14856,14833,15030,,
1757180,M-MUK,medium,Temanggung,B16,10,collecting,14,13942,2893,2876,8314,9470,2881,9592,14871,14864,15041,,
1758180,M-MUK,medium,Temanggung,B16,10,collecting,15,13929,2890,2879,8313,9467,2883,9582,14880,14887,15049,,
1759180,M-MUK,medium,Temanggung,B16,10,collecting,16,13904,2892,2879,8312,9464,2883,9574,14887,14904,15056,,
1760180,M-MUK,medium,Temanggung,B16,10,collecting,17,13871,2892,2879,8311,9460,2883,9566,14891,14916,15061,,
1761180,M-MUK,medium,Temanggung,B16,10,collecting,18,13832,2890,2879,8310,9456,2881,9561,14894,14924,15065,,
1762181,M-MUK,medium,Temanggung,B16,10,collecting,19,13788,2892,2879,8309,9452,2883,9556,14896,14928,15069,,
1763180,M-MUK,medium,Temanggung,B16,10,collecting,20,13743,2890,2876,8308,9448,2883,9550,14896,14931,15071,,
1764180,M-MUK,medium,Temanggung,B16,10,collecting,21,13696,2890,2879,8307,9445,2883,9545,14897,14932,15073,,
1765180,M-MUK,medium,Temanggung,B16,10,collecting,22,13648,2888,2879,8306,9441,2885,9541,14896,14932,15074,,
1766180,M-MUK,medium,Temanggung,B16,10,collecting,23,13601,2888,2879,8306,9438,2883,9538,14896,14930,15075,,
1767180,M-MUK,medium,Temanggung,B16,10,collecting,24,13554,2888,2879,8305,9435,2883,9534,14896,14929,15076,,
1768180,M-MUK,medium,Temanggung,B16,10,collecting,25,13508,2888,2876,8305,9431,2880,9530,14894,14926,15076,,
1769180,M-MUK,medium,Temanggung,B16,10,collecting,26,13462,2888,2879,8304,9428,2883,9527,14892,14923,15076,,
1770180,M-MUK,medium,Temanggung,B16,10,collecting,27,13418,2888,2879,8304,9425,2883,9526,14891,14920,15075,,
1771181,M-MUK,medium,Temanggung,B16,10,collecting,28,13376,2888,2876,8303,9421,2881,9523,14889,14916,15074,,
1772180,M-MUK,medium,Temanggung,B16,10,collecting,29,13335,2888,2879,8302,9418,2881,9522,14886,14912,15074,,
1773180,M-MUK,medium,Temanggung,B16,10,collecting,30,13296,2888,2879,8302,9415,2883,9520,14884,14908,15074,,
1774180,M-MUK,medium,Temanggung,B16,10,collecting,31,13259,2888,2879,8301,9414,2883,9517,14882,14903,15073,,
1775180,M-MUK,medium,Temanggung,B16,10,collecting,32,13223,2888,2876,8301,9412,2883,9516,14881,14899,15072,,
1776180,M-MUK,medium,Temanggung,B16,10,collecting,33,13190,2888,2877,8301,9410,2883,9515,14879,14895,15072,,
1777180,M-MUK,medium,Temanggung,B16,10,collecting,34,13157,2890,2877,8300,9408,2881,9513,14878,14891,15071,,
1778181,M-MUK,medium,Temanggung,B16,10,collecting,35,13127,2890,2876,8300,9407,2883,9513,14875,14887,15070,,
1779180,M-MUK,medium,Temanggung,B16,10,collecting,36,13098,2888,2879,8299,9405,2883,9513,14873,14883,15070,,
1780180,M-MUK,medium,Temanggung,B16,10,collecting,37,13070,2888,2879,8298,9403,2881,9512,14872,14879,15069,,
1781180,M-MUK,medium,Temanggung,B16,10,collecting,38,13044,2888,2879,8298,9402,2883,9511,14871,14875,15069,,
1782180,M-MUK,medium,Temanggung,B16,10,collecting,39,13018,2886,2879,8297,9401,2883,9512,14870,14871,15069,,
1783180,M-MUK,medium,Temanggung,B16,10,collecting,40,12993,2888,2879,8297,9400,2883,9513,14868,14868,15068,,
1784180,M-MUK,medium,Temanggung,B16,10,collecting,41,12969,2888,2879,8297,9399,2883,9511,14868,14865,15067,,
1785180,M-MUK,medium,Temanggung,B16,10,collecting,42,12946,2888,2876,8297,9398,2883,9512,14866,14861,15066,,
1786180,M-MUK,medium,Temanggung,B16,10,collecting,43,12925,2888,2879,8296,9397,2881,9512,14865,14858,15066,,
1787181,M-MUK,medium,Temanggung,B16,10,collecting,44,12904,2888,2879,8296,9396,2883,9512,14864,14855,15066,,
1788180,M-MUK,medium,Temanggung,B16,10,collecting,45,12886,2886,2879,8296,9397,2883,9511,14863,14852,15065,,
1789180,M-MUK,medium,Temanggung,B16,10,collecting,46,12868,2886,2879,8296,9396,2883,9512,14862,14849,15065,,
1790180,M-MUK,medium,Temanggung,B16,10,collecting,47,12852,2888,2879,8295,9397,2881,9512,14861,14847,15065,,
1791180,M-MUK,medium,Temanggung,B16,10,collecting,48,12836,2888,2876,8295,9396,2883,9514,14861,14845,15065,,
1792180,M-MUK,medium,Temanggung,B16,10,collecting,49,12821,2888,2876,8295,9396,2883,9515,14861,14843,15065,,
1793180,M-MUK,medium,Temanggung,B16,10,collecting,50,12806,2888,2876,8295,9396,2883,9516,14861,14841,15065,,
1794181,M-MUK,medium,Temanggung,B16,10,collecting,51,12791,2888,2876,8294,9397,2883,9517,14860,14839,15065,,
1795180,M-MUK,medium,Temanggung,B16,10,collecting,52,12776,2886,2876,8295,9397,2883,9518,14860,14837,15065,,
1796180,M-MUK,medium,Temanggung,B16,10,collecting,53,12763,2888,2876,8295,9398,2883,9518,14859,14836,15065,,
1797180,M-MUK,medium,Temanggung,B16,10,collecting,54,12749,2888,2876,8295,9398,2883,9519,14859,14834,15065,,
1798180,M-MUK,medium,Temanggung,B16,10,collecting,55,12736,2888,2876,8295,9399,2883,9519,14858,14833,15065,,
1799180,M-MUK,medium,Temanggung,B16,10,collecting,56,12724,2885,2876,8295,9399,2885,9520,14858,14831,15065,,
1800180,M-MUK,medium,Temanggung,B16,10,collecting,57,12713,2888,2879,8294,9400,2885,9522,14858,14830,15066,,
1801180,M-MUK,medium,Temanggung,B16,10,collecting,58,12703,2888,2876,8295,9401,2881,9523,14858,14829,15066,,
1802180,M-MUK,medium,Temanggung,B16,10,collecting,59,12692,2888,2876,8295,9402,2883,9524,14858,14828,15066,,
1803181,M-MUK,medium,Temanggung,B16,10,collecting,60,12681,2888,2879,8295,9402,2883,9527,14859,14828,15067,,
1804183,M-MUK,medium,Temanggung,B16,11,purging,1,12671,2888,2879,8294,9403,2885,9529,14858,14827,15067,,
1805180,M-MUK,medium,Temanggung,B16,11,purging,2,12661,2888,2879,8296,9406,2883,9532,14860,14827,15071,,
1806180,M-MUK,medium,Temanggung,B16,11,purging,3,12619,2886,2879,8297,9405,2881,9533,14854,14825,15069,,
1807180,M-MUK,medium,Temanggung,B16,11,purging,4,12533,2888,2879,8297,9398,2883,9530,14837,14817,15060,,
1808180,M-MUK,medium,Temanggung,B16,11,purging,5,12416,2885,2879,8297,9388,2883,9526,14811,14799,15046,,
1809180,M-MUK,medium,Temanggung,B16,11,purging,6,12284,2886,2876,8297,9377,2881,9520,14782,14777,15031,,
1810181,M-MUK,medium,Temanggung,B16,11,purging,7,12145,2885,2879,8298,9365,2883,9513,14752,14750,15015,,
1811180,M-MUK,medium,Temanggung,B16,11,purging,8,12007,2888,2879,8299,9354,2883,9508,14723,14722,14999,,
1812180,M-MUK,medium,Temanggung,B16,11,purging,9,11875,2888,2879,8298,9343,2883,9501,14696,14693,14983,,
1813180,M-MUK,medium,Temanggung,B16,11,purging,10,11749,2888,2876,8299,9333,2883,9496,14670,14665,14968,,
1814180,M-MUK,medium,Temanggung,B16,11,purging,11,11631,2888,2876,8300,9323,2883,9491,14646,14638,14953,,
1815180,M-MUK,medium,Temanggung,B16,11,purging,12,11523,2888,2876,8301,9314,2885,9488,14623,14611,14939,,
1816180,M-MUK,medium,Temanggung,B16,11,purging,13,11424,2888,2879,8302,9305,2883,9484,14601,14586,14925,,
1817180,M-MUK,medium,Temanggung,B16,11,purging,14,11333,2888,2879,8302,9297,2883,9481,14581,14562,14912,,
1818180,M-MUK,medium,Temanggung,B16,11,purging,15,11251,2885,2879,8303,9289,2883,9478,14563,14539,14900,,
1819181,M-MUK,medium,Temanggung,B16,11,purging,16,11176,2881,2876,8303,9282,2883,9475,14544,14517,14889,,
1820180,M-MUK,medium,Temanggung,B16,11,purging,17,11107,2886,2879,8304,9274,2883,9472,14528,14496,14879,,
1821180,M-MUK,medium,Temanggung,B16,11,purging,18,11044,2885,2879,8305,9268,2883,9471,14512,14475,14869,,
1822180,M-MUK,medium,Temanggung,B16,11,purging,19,10988,2885,2879,8305,9262,2883,9471,14497,14456,14859,,
1823180,M-MUK,medium,Temanggung,B16,11,purging,20,10938,2881,2876,8306,9258,2883,9470,14483,14437,14850,,
1824180,M-MUK,medium,Temanggung,B16,11,purging,21,10891,2885,2876,8307,9254,2883,9470,14469,14420,14841,,
1825180,M-MUK,medium,Temanggung,B16,11,purging,22,10850,2886,2879,8307,9249,2883,9469,14456,14404,14833,,
1826181,M-MUK,medium,Temanggung,B16,11,purging,23,10812,2881,2879,8308,9246,2883,9469,14444,14389,14824,,
1827180,M-MUK,medium,Temanggung,B16,11,purging,24,10778,2883,2879,8308,9242,2883,9468,14432,14374,14815,,
1828180,M-MUK,medium,Temanggung,B16,11,purging,25,10746,2885,2879,8309,9238,2883,9467,14420,14359,14807,,
1829180,M-MUK,medium,Temanggung,B16,11,purging,26,10716,2881,2879,8309,9234,2883,9466,14408,14345,14799,,
1830180,M-MUK,medium,Temanggung,B16,11,purging,27,10690,2883,2876,8310,9230,2883,9464,14397,14332,14791,,
1831180,M-MUK,medium,Temanggung,B16,11,purging,28,10664,2883,2879,8310,9225,2883,9463,14386,14318,14784,,
1832180,M-MUK,medium,Temanggung,B16,11,purging,29,10640,2886,2879,8310,9222,2883,9462,14376,14305,14778,,
1833180,M-MUK,medium,Temanggung,B16,11,purging,30,10618,2883,2879,8310,9219,2883,9461,14366,14293,14771,,
1834180,M-MUK,medium,Temanggung,B16,11,purging,31,10597,2883,2876,8311,9216,2881,9461,14357,14281,14765,,
1835181,M-MUK,medium,Temanggung,B16,11,purging,32,10577,2881,2879,8311,9214,2883,9461,14348,14269,14759,,
1836180,M-MUK,medium,Temanggung,B16,11,purging,33,10558,2886,2879,8311,9210,2883,9461,14339,14258,14753,,
1837180,M-MUK,medium,Temanggung,B16,11,purging,34,10541,2881,2879,8312,9208,2883,9461,14329,14248,14747,,
1838180,M-MUK,medium,Temanggung,B16,11,purging,35,10525,2881,2876,8312,9205,2883,9461,14321,14237,14741,,
1839180,M-MUK,medium,Temanggung,B16,11,purging,36,10511,2881,2876,8312,9203,2883,9460,14313,14226,14735,,
1840180,M-MUK,medium,Temanggung,B16,11,purging,37,10498,2881,2876,8313,9201,2881,9460,14306,14217,14730,,
1841180,M-MUK,medium,Temanggung,B16,11,purging,38,10486,2883,2876,8313,9198,2883,9460,14298,14208,14725,,
1842181,M-MUK,medium,Temanggung,B16,11,purging,39,10475,2883,2876,8313,9196,2883,9459,14292,14200,14721,,
1843180,M-MUK,medium,Temanggung,B16,11,purging,40,10464,2881,2879,8313,9195,2883,9460,14285,14192,14718,,
1844180,M-MUK,medium,Temanggung,B16,11,purging,41,10454,2885,2879,8314,9194,2885,9460,14279,14184,14714,,
1845180,M-MUK,medium,Temanggung,B16,11,purging,42,10444,2883,2879,8314,9192,2883,9460,14273,14176,14710,,
1846180,M-MUK,medium,Temanggung,B16,11,purging,43,10434,2886,2879,8314,9191,2881,9460,14267,14169,14706,,
1847180,M-MUK,medium,Temanggung,B16,11,purging,44,10424,2881,2879,8314,9190,2881,9460,14260,14162,14702,,
1848180,M-MUK,medium,Temanggung,B16,11,purging,45,10414,2881,2877,8314,9188,2883,9461,14255,14155,14698,,
1849180,M-MUK,medium,Temanggung,B16,11,purging,46,10405,2881,2879,8314,9187,2883,9462,14249,14147,14695,,
1850180,M-MUK,medium,Temanggung,B16,11,purging,47,10396,2881,2876,8314,9185,2883,9464,14243,14141,14691,,
1851181,M-MUK,medium,Temanggung,B16,11,purging,48,10388,2883,2879,8315,9184,2883,9465,14237,14134,14688,,
1852180,M-MUK,medium,Temanggung,B16,11,purging,49,10379,2881,2879,8315,9183,2883,9466,14231,14127,14684,,
1853180,M-MUK,medium,Temanggung,B16,11,purging,50,10372,2886,2879,8315,9182,2883,9466,14226,14121,14681,,
1854180,M-MUK,medium,Temanggung,B16,11,purging,51,10364,2886,2879,8315,9180,2883,9466,14221,14114,14677,,
1855180,M-MUK,medium,Temanggung,B16,11,purging,52,10357,2881,2879,8315,9178,2881,9466,14215,14108,14674,,
1856180,M-MUK,medium,Temanggung,B16,11,purging,53,10349,2885,2879,8315,9177,2883,9466,14210,14102,14671,,
1857180,M-MUK,medium,Temanggung,B16,11,purging,54,10343,2883,2879,8315,9176,2883,9465,14205,14096,14668,,
1858181,M-MUK,medium,Temanggung,B16,11,purging,55,10337,2881,2879,8315,9175,2883,9466,14201,14089,14665,,
1859180,M-MUK,medium,Temanggung,B16,11,purging,56,10332,2881,2879,8315,9174,2883,9466,14196,14084,14662,,
1860180,M-MUK,medium,Temanggung,B16,11,purging,57,10326,2881,2876,8316,9173,2883,9466,14192,14079,14659,,
1861180,M-MUK,medium,Temanggung,B16,11,purging,58,10323,2881,2879,8316,9172,2883,9467,14187,14074,14656,,
1862180,M-MUK,medium,Temanggung,B16,11,purging,59,10319,2881,2876,8315,9172,2883,9467,14183,14069,14653,,
1863180,M-MUK,medium,Temanggung,B16,11,purging,60,10316,2883,2879,8316,9171,2883,9467,14180,14064,14651,,
1864180,M-MUK,medium,Temanggung,B16,11,purging,61,10313,2883,2879,8316,9170,2885,9467,14176,14060,14649,,
1865180,M-MUK,medium,Temanggung,B16,11,purging,62,10310,2883,2879,8316,9169,2883,9467,14172,14057,14647,,
1866180,M-MUK,medium,Temanggung,B16,11,purging,63,10307,2883,2876,8316,9168,2883,9467,14168,14052,14644,,
1867181,M-MUK,medium,Temanggung,B16,11,purging,64,10304,2885,2876,8316,9167,2883,9467,14165,14048,14642,,
1868180,M-MUK,medium,Temanggung,B16,11,purging,65,10301,2885,2876,8316,9166,2883,9466,14161,14044,14640,,
1869180,M-MUK,medium,Temanggung,B16,11,purging,66,10297,2881,2876,8316,9166,2883,9466,14158,14041,14637,,
1870180,M-MUK,medium,Temanggung,B16,11,purging,67,10294,2886,2876,8316,9165,2881,9467,14155,14036,14636,,
1871180,M-MUK,medium,Temanggung,B16,11,purging,68,10292,2881,2879,8316,9163,2885,9467,14151,14033,14633,,
1872180,M-MUK,medium,Temanggung,B16,11,purging,69,10289,2886,2879,8316,9163,2885,9466,14148,14029,14632,,
1873180,M-MUK,medium,Temanggung,B16,11,purging,70,10286,2886,2879,8316,9162,2881,9466,14144,14026,14629,,
1874181,M-MUK,medium,Temanggung,B16,11,purging,71,10285,2881,2876,8316,9161,2883,9467,14140,14022,14627,,
1875180,M-MUK,medium,Temanggung,B16,11,purging,72,10283,2886,2876,8316,9160,2885,9468,14137,14019,14625,,
1876180,M-MUK,medium,Temanggung,B16,11,purging,73,10281,2886,2879,8316,9159,2881,9467,14135,14015,14623,,
1877180,M-MUK,medium,Temanggung,B16,11,purging,74,10281,2883,2876,8316,9159,2881,9467,14132,14012,14622,,
1878180,M-MUK,medium,Temanggung,B16,11,purging,75,10280,2881,2879,8316,9159,2885,9468,14130,14009,14621,,
1879180,M-MUK,medium,Temanggung,B16,11,purging,76,10278,2883,2876,8316,9158,2881,9468,14128,14006,14619,,
1880180,M-MUK,medium,Temanggung,B16,11,purging,77,10277,2881,2876,8315,9157,2883,9469,14125,14004,14618,,
1881180,M-MUK,medium,Temanggung,B16,11,purging,78,10276,2883,2876,8316,9156,2883,9469,14123,14000,14616,,
1882180,M-MUK,medium,Temanggung,B16,11,purging,79,10274,2881,2879,8316,9155,2881,9469,14121,13998,14616,,
1883181,M-MUK,medium,Temanggung,B16,11,purging,80,10271,2883,2876,8316,9155,2883,9469,14118,13995,14614,,
1884180,M-MUK,medium,Temanggung,B16,11,purging,81,10268,2881,2879,8316,9155,2883,9469,14115,13992,14613,,
1885180,M-MUK,medium,Temanggung,B16,11,purging,82,10265,2883,2879,8316,9154,2883,9469,14113,13989,14612,,
1886180,M-MUK,medium,Temanggung,B16,11,purging,83,10262,2883,2879,8316,9153,2883,9469,14111,13986,14610,,
1887180,M-MUK,medium,Temanggung,B16,11,purging,84,10259,2883,2876,8316,9153,2885,9469,14108,13983,14609,,
1888180,M-MUK,medium,Temanggung,B16,11,purging,85,10255,2883,2876,8316,9152,2881,9470,14106,13980,14607,,
1889180,M-MUK,medium,Temanggung,B16,11,purging,86,10252,2881,2879,8316,9151,2881,9471,14103,13977,14606,,
1890181,M-MUK,medium,Temanggung,B16,11,purging,87,10250,2883,2879,8316,9150,2883,9471,14100,13974,14604,,
1891180,M-MUK,medium,Temanggung,B16,11,purging,88,10247,2883,2876,8316,9149,2881,9471,14098,13971,14603,,
1892180,M-MUK,medium,Temanggung,B16,11,purging,89,10245,2883,2879,8316,9149,2881,9472,14096,13969,14602,,
1893180,M-MUK,medium,Temanggung,B16,11,purging,90,10243,2883,2879,8316,9148,2881,9471,14094,13966,14601,,
1894180,M-MUK,medium,Temanggung,B16,11,purging,91,10242,2881,2879,8316,9148,2883,9472,14092,13964,14600,,
1895180,M-MUK,medium,Temanggung,B16,11,purging,92,10241,2883,2879,8316,9148,2883,9473,14090,13962,14599,,
1896180,M-MUK,medium,Temanggung,B16,11,purging,93,10239,2881,2876,8315,9148,2883,9474,14089,13960,14599,,
1897180,M-MUK,medium,Temanggung,B16,11,purging,94,10239,2885,2876,8315,9148,2883,9474,14087,13957,14598,,
1898180,M-MUK,medium,Temanggung,B16,11,purging,95,10238,2885,2879,8315,9148,2881,9475,14086,13955,14597,,
1899181,M-MUK,medium,Temanggung,B16,11,purging,96,10237,2886,2876,8316,9148,2883,9475,14084,13954,14596,,
1900180,M-MUK,medium,Temanggung,B16,11,purging,97,10237,2883,2879,8315,9148,2881,9475,14082,13952,14595,,
1901180,M-MUK,medium,Temanggung,B16,11,purging,98,10237,2886,2879,8315,9147,2885,9475,14081,13950,14593,,
1902180,M-MUK,medium,Temanggung,B16,11,purging,99,10237,2886,2876,8316,9147,2883,9474,14078,13949,14592,,
1903180,M-MUK,medium,Temanggung,B16,11,purging,100,10236,2881,2879,8316,9146,2883,9473,14076,13947,14591,,
1904180,M-MUK,medium,Temanggung,B16,11,purging,101,10236,2885,2879,8316,9145,2885,9473,14074,13945,14590,,
1905180,M-MUK,medium,Temanggung,B16,11,purging,102,10235,2885,2876,8315,9145,2881,9474,14072,13942,14591,,
1906181,M-MUK,medium,Temanggung,B16,11,purging,103,10234,2881,2876,8315,9144,2881,9475,14071,13940,14590,,
1907180,M-MUK,medium,Temanggung,B16,11,purging,104,10232,2885,2876,8315,9145,2883,9476,14071,13939,14591,,
1908180,M-MUK,medium,Temanggung,B16,11,purging,105,10230,2885,2876,8316,9145,2883,9478,14069,13938,14591,,
1909180,M-MUK,medium,Temanggung,B16,11,purging,106,10229,2883,2876,8315,9145,2883,9480,14068,13936,14590,,
1910180,M-MUK,medium,Temanggung,B16,11,purging,107,10227,2883,2876,8315,9145,2885,9480,14067,13934,14590,,
1911180,M-MUK,medium,Temanggung,B16,11,purging,108,10226,2883,2876,8316,9145,2883,9481,14066,13933,14589,,
1912180,M-MUK,medium,Temanggung,B16,11,purging,109,10224,2883,2879,8316,9144,2885,9482,14064,13931,14588,,
1913180,M-MUK,medium,Temanggung,B16,11,purging,110,10223,2885,2876,8315,9144,2885,9482,14062,13929,14587,,
1914180,M-MUK,medium,Temanggung,B16,11,purging,111,10221,2883,2876,8315,9144,2883,9483,14060,13928,14587,,
1915181,M-MUK,medium,Temanggung,B16,11,purging,112,10219,2883,2876,8315,9144,2885,9483,14059,13926,14586,,
1916180,M-MUK,medium,Temanggung,B16,11,purging,113,10217,2881,2876,8315,9144,2885,9483,14058,13924,14585,,
1917180,M-MUK,medium,Temanggung,B16,11,purging,114,10216,2883,2879,8315,9144,2883,9483,14056,13922,14585,,
1918180,M-MUK,medium,Temanggung,B16,11,purging,115,10215,2883,2876,8315,9144,2883,9483,14055,13921,14584,,
1919180,M-MUK,medium,Temanggung,B16,11,purging,116,10214,2883,2876,8315,9144,2883,9483,14053,13919,14583,,
1920180,M-MUK,medium,Temanggung,B16,11,purging,117,10214,2886,2879,8314,9144,2883,9484,14052,13917,14582,,
1921180,M-MUK,medium,Temanggung,B16,11,purging,118,10213,2883,2876,8315,9144,2885,9484,14050,13916,14581,,
1922181,M-MUK,medium,Temanggung,B16,11,purging,119,10213,2883,2876,8314,9144,2883,9484,14048,13914,14580,,
1923180,M-MUK,medium,Temanggung,B16,11,purging,120,10214,2883,2879,8314,9144,2881,9483,14047,13913,14579,,
1924184,M-MUK,medium,Temanggung,B16,11,collecting,1,10215,2883,2876,8315,9143,2885,9483,14045,13912,14579,,
1925180,M-MUK,medium,Temanggung,B16,11,collecting,2,10215,2885,2879,8312,9141,2881,9481,14044,13910,14572,,
1926180,M-MUK,medium,Temanggung,B16,11,collecting,3,10375,2883,2876,8312,9165,2883,9502,14066,13916,14603,,
1927180,M-MUK,medium,Temanggung,B16,11,collecting,4,10915,2885,2876,8312,9238,2881,9571,14175,13976,14693,,
1928180,M-MUK,medium,Temanggung,B16,11,collecting,5,11655,2888,2876,8313,9334,2881,9647,14342,14099,14796,,
1929180,M-MUK,medium,Temanggung,B16,11,collecting,6,12340,2885,2876,8314,9420,2883,9701,14524,14260,14888,,
1930180,M-MUK,medium,Temanggung,B16,11,collecting,7,12875,2888,2876,8313,9484,2885,9731,14677,14429,14960,,
1931181,M-MUK,medium,Temanggung,B16,11,collecting,8,13258,2890,2879,8313,9527,2881,9741,14793,14580,15014,,
1932180,M-MUK,medium,Temanggung,B16,11,collecting,9,13517,2890,2876,8313,9554,2883,9738,14879,14706,15056,,
1933180,M-MUK,medium,Temanggung,B16,11,collecting,10,13686,2886,2876,8313,9569,2881,9727,14938,14806,15087,,
1934180,M-MUK,medium,Temanggung,B16,11,collecting,11,13790,2890,2876,8312,9576,2885,9715,14978,14882,15110,,
1935180,M-MUK,medium,Temanggung,B16,11,collecting,12,13848,2890,2876,8311,9579,2885,9701,15005,14938,15128,,
1936180,M-MUK,medium,Temanggung,B16,11,collecting,13,13873,2892,2879,8310,9578,2885,9690,15023,14980,15141,,
1937180,M-MUK,medium,Temanggung,B16,11,collecting,14,13876,2890,2876,8310,9576,2883,9680,15034,15010,15151,,
1938181,M-MUK,medium,Temanggung,B16,11,collecting,15,13862,2890,2879,8309,9573,2883,9670,15042,15031,15159,,
1939180,M-MUK,medium,Temanggung,B16,11,collecting,16,13837,2890,2876,8308,9569,2881,9662,15047,15046,15165,,
1940180,M-MUK,medium,Temanggung,B16,11,collecting,17,13802,2890,2876,8307,9564,2883,9654,15050,15056,15169,,
1941180,M-MUK,medium,Temanggung,B16,11,collecting,18,13761,2890,2876,8306,9560,2885,9646,15050,15062,15173,,
1942180,M-MUK,medium,Temanggung,B16,11,collecting,19,13717,2888,2876,8305,9555,2883,9641,15050,15065,15175,,
1943180,M-MUK,medium,Temanggung,B16,11,collecting,20,13670,2885,2879,8304,9551,2883,9637,15049,15067,15177,,
1944180,M-MUK,medium,Temanggung,B16,11,collecting,21,13621,2886,2876,8304,9546,2885,9632,15047,15066,15178,,
1945180,M-MUK,medium,Temanggung,B16,11,collecting,22,13571,2886,2876,8303,9542,2885,9628,15045,15064,15179,,
1946180,M-MUK,medium,Temanggung,B16,11,collecting,23,13521,2886,2876,8303,9538,2885,9625,15042,15061,15179,,
1947181,M-MUK,medium,Temanggung,B16,11,collecting,24,13471,2888,2876,8302,9535,2880,9623,15039,15057,15179,,
1948180,M-MUK,medium,Temanggung,B16,11,collecting,25,13423,2888,2876,8302,9531,2883,9619,15035,15053,15179,,
1949180,M-MUK,medium,Temanggung,B16,11,collecting,26,13376,2886,2876,8302,9528,2883,9617,15032,15048,15178,,
1950180,M-MUK,medium,Temanggung,B16,11,collecting,27,13330,2888,2876,8301,9525,2885,9616,15030,15043,15177,,
1951180,M-MUK,medium,Temanggung,B16,11,collecting,28,13286,2886,2876,8301,9522,2885,9614,15027,15038,15177,,
1952180,M-MUK,medium,Temanggung,B16,11,collecting,29,13244,2885,2879,8300,9520,2885,9613,15024,15033,15176,,
1953180,M-MUK,medium,Temanggung,B16,11,collecting,30,13204,2888,2876,8300,9517,2883,9612,15020,15028,15175,,
1954181,M-MUK,medium,Temanggung,B16,11,collecting,31,13166,2890,2876,8300,9515,2883,9610,15017,15022,15174,,
1955180,M-MUK,medium,Temanggung,B16,11,collecting,32,13130,2886,2876,8300,9513,2881,9609,15014,15017,15173,,
1956180,M-MUK,medium,Temanggung,B16,11,collecting,33,13095,2886,2879,8300,9511,2885,9607,15011,15012,15172,,
1957180,M-MUK,medium,Temanggung,B16,11,collecting,34,13061,2888,2876,8299,9509,2882,9605,15007,15006,15171,,
1958180,M-MUK,medium,Temanggung,B16,11,collecting,35,13029,2888,2879,8299,9507,2885,9604,15005,15001,15169,,
1959180,M-MUK,medium,Temanggung,B16,11,collecting,36,12999,2888,2876,8298,9505,2883,9604,15002,14995,15168,,
1960180,M-MUK,medium,Temanggung,B16,11,collecting,37,12970,2886,2876,8298,9503,2881,9604,14998,14990,15167,,
1961180,M-MUK,medium,Temanggung,B16,11,collecting,38,12942,2885,2876,8297,9501,2880,9603,14996,14985,15165,,
1962180,M-MUK,medium,Temanggung,B16,11,collecting,39,12915,2885,2876,8297,9500,2883,9602,14993,14980,15164,,
1963181,M-MUK,medium,Temanggung,B16,11,collecting,40,12890,2885,2876,8297,9498,2881,9601,14990,14975,15162,,
1964180,M-MUK,medium,Temanggung,B16,11,collecting,41,12865,2885,2876,8297,9497,2881,9600,14987,14970,15161,,
1965180,M-MUK,medium,Temanggung,B16,11,collecting,42,12841,2885,2876,8297,9495,2883,9600,14985,14965,15159,,
1966180,M-MUK,medium,Temanggung,B16,11,collecting,43,12819,2885,2876,8296,9494,2881,9601,14981,14960,15158,,
1967180,M-MUK,medium,Temanggung,B16,11,collecting,44,12798,2885,2876,8296,9493,2881,9600,14979,14955,15156,,
1968180,M-MUK,medium,Temanggung,B16,11,collecting,45,12779,2885,2879,8296,9491,2885,9600,14976,14951,15154,,
1969180,M-MUK,medium,Temanggung,B16,11,collecting,46,12760,2886,2876,8296,9490,2885,9599,14973,14947,15153,,
1970181,M-MUK,medium,Temanggung,B16,11,collecting,47,12742,2885,2876,8296,9489,2881,9598,14971,14942,15151,,
1971180,M-MUK,medium,Temanggung,B16,11,collecting,48,12724,2885,2876,8295,9487,2885,9596,14969,14938,15150,,
1972180,M-MUK,medium,Temanggung,B16,11,collecting,49,12707,2885,2876,8295,9486,2881,9595,14966,14934,15148,,
1973180,M-MUK,medium,Temanggung,B16,11,collecting,50,12691,2888,2879,8295,9485,2881,9597,14963,14931,15147,,
1974180,M-MUK,medium,Temanggung,B16,11,collecting,51,12676,2888,2876,8295,9483,2885,9596,14961,14927,15146,,
1975180,M-MUK,medium,Temanggung,B16,11,collecting,52,12660,2885,2876,8294,9483,2885,9595,14959,14923,15145,,
1976180,M-MUK,medium,Temanggung,B16,11,collecting,53,12646,2885,2879,8294,9481,2885,9596,14957,14919,15143,,
1977180,M-MUK,medium,Temanggung,B16,11,collecting,54,12632,2885,2876,8294,9480,2885,9596,14955,14915,15142,,
1978180,M-MUK,medium,Temanggung,B16,11,collecting,55,12619,2885,2876,8294,9480,2885,9596,14952,14912,15140,,
1979181,M-MUK,medium,Temanggung,B16,11,collecting,56,12606,2888,2878,8294,9479,2885,9596,14950,14909,15139,,
1980180,M-MUK,medium,Temanggung,B16,11,collecting,57,12595,2885,2876,8294,9478,2882,9595,14948,14906,15137,,
1981180,M-MUK,medium,Temanggung,B16,11,collecting,58,12582,2885,2876,8293,9477,2885,9595,14947,14903,15136,,
1982180,M-MUK,medium,Temanggung,B16,11,collecting,59,12571,2885,2879,8293,9477,2881,9595,14944,14899,15135,,
1983180,M-MUK,medium,Temanggung,B16,11,collecting,60,12559,2885,2879,8293,9477,2882,9596,14943,14896,15133,,
1984183,M-MUK,medium,Temanggung,B16,12,purging,1,12548,2885,2876,8293,9476,2885,9596,14941,14894,15132,,
1985180,M-MUK,medium,Temanggung,B16,12,purging,2,12537,2885,2876,8295,9477,2885,9598,14940,14891,15134,,
1986181,M-MUK,medium,Temanggung,B16,12,purging,3,12497,2883,2874,8295,9474,2885,9598,14934,14887,15130,,
1987180,M-MUK,medium,Temanggung,B16,12,purging,4,12414,2885,2876,8295,9466,2885,9592,14917,14875,15120,,
1988180,M-MUK,medium,Temanggung,B16,12,purging,5,12302,2888,2876,8295,9455,2885,9585,14892,14856,15106,,
1989180,M-MUK,medium,Temanggung,B16,12,purging,6,12173,2885,2879,8295,9442,2880,9580,14863,14831,15091,,
1990180,M-MUK,medium,Temanggung,B16,12,purging,7,12038,2885,2876,8295,9430,2881,9574,14834,14804,15075,,
1991180,M-MUK,medium,Temanggung,B16,12,purging,8,11904,2885,2876,8295,9417,2882,9569,14806,14774,15059,,
1992180,M-MUK,medium,Temanggung,B16,12,purging,9,11774,2885,2876,8295,9405,2883,9565,14779,14744,15044,,
1993180,M-MUK,medium,Temanggung,B16,12,purging,10,11651,2885,2876,8296,9394,2885,9561,14754,14715,15030,,
1994180,M-MUK,medium,Temanggung,B16,12,purging,11,11536,2885,2876,8295,9384,2882,9557,14729,14685,15016,,
1995181,M-MUK,medium,Temanggung,B16,12,purging,12,11429,2885,2876,8296,9376,2885,9554,14708,14658,15002,,
1996180,M-MUK,medium,Temanggung,B16,12,purging,13,11331,2883,2876,8296,9367,2883,9553,14687,14631,14989,,
1997180,M-MUK,medium,Temanggung,B16,12,purging,14,11242,2883,2876,8296,9359,2883,9551,14667,14606,14977,,
1998180,M-MUK,medium,Temanggung,B16,12,purging,15,11161,2883,2876,8297,9353,2885,9549,14649,14582,14966,,
1999180,M-MUK,medium,Temanggung,B16,12,purging,16,11087,2883,2874,8297,9347,2883,9548,14631,14560,14955,,
2000180,M-MUK,medium,Temanggung,B16,12,purging,17,11021,2883,2876,8298,9341,2882,9547,14615,14538,14945,,
2001180,M-MUK,medium,Temanggung,B16,12,purging,18,10960,2883,2878,8298,9335,2885,9546,14599,14517,14935,,
2002181,M-MUK,medium,Temanggung,B16,12,purging,19,10906,2885,2874,8299,9330,2882,9545,14584,14498,14925,,
2003180,M-MUK,medium,Temanggung,B16,12,purging,20,10857,2883,2874,8300,9325,2882,9543,14570,14479,14916,,
2004180,M-MUK,medium,Temanggung,B16,12,purging,21,10812,2883,2876,8300,9321,2885,9543,14557,14462,14907,,
2005180,M-MUK,medium,Temanggung,B16,12,purging,22,10772,2883,2876,8301,9318,2885,9544,14544,14446,14899,,
2006180,M-MUK,medium,Temanggung,B16,12,purging,23,10735,2883,2876,8301,9314,2885,9544,14532,14430,14892,,
2007180,M-MUK,medium,Temanggung,B16,12,purging,24,10702,2885,2876,8302,9311,2885,9544,14520,14414,14884,,
2008180,M-MUK,medium,Temanggung,B16,12,purging,25,10671,2883,2876,8303,9307,2881,9543,14509,14400,14877,,
2009180,M-MUK,medium,Temanggung,B16,12,purging,26,10643,2885,2876,8303,9304,2882,9542,14498,14386,14869,,
2010180,M-MUK,medium,Temanggung,B16,12,purging,27,10617,2883,2876,8304,9300,2882,9542,14487,14373,14862,,
2011181,M-MUK,medium,Temanggung,B16,12,purging,28,10594,2883,2876,8305,9298,2885,9543,14477,14360,14855,,
2012180,M-MUK,medium,Temanggung,B16,12,purging,29,10572,2885,2876,8305,9295,2882,9543,14467,14348,14848,,
2013180,M-MUK,medium,Temanggung,B16,12,purging,30,10552,2883,2876,8306,9292,2885,9541,14458,14336,14842,,
2014180,M-MUK,medium,Temanggung,B16,12,purging,31,10534,2883,2874,8307,9289,2885,9540,14449,14324,14836,,
2015180,M-MUK,medium,Temanggung,B16,12,purging,32,10517,2883,2876,8308,9287,2885,9540,14440,14314,14830,,
2016180,M-MUK,medium,Temanggung,B16,12,purging,33,10501,2883,2876,8308,9285,2882,9539,14432,14303,14824,,
2017180,M-MUK,medium,Temanggung,B16,12,purging,34,10486,2883,2876,8309,9283,2885,9539,14424,14294,14818,,
2018181,M-MUK,medium,Temanggung,B16,12,purging,35,10473,2883,2876,8310,9281,2880,9538,14416,14284,14814,,
2019180,M-MUK,medium,Temanggung,B16,12,purging,36,10460,2885,2876,8310,9279,2882,9538,14408,14275,14808,,
2020180,M-MUK,medium,Temanggung,B16,12,purging,37,10448,2883,2878,8311,9277,2882,9537,14401,14265,14803,,
2021180,M-MUK,medium,Temanggung,B16,12,purging,38,10436,2883,2876,8312,9274,2880,9537,14393,14256,14797,,
2022180,M-MUK,medium,Temanggung,B16,12,purging,39,10426,2883,2876,8312,9271,2885,9536,14386,14247,14792,,
2023180,M-MUK,medium,Temanggung,B16,12,purging,40,10416,2881,2874,8312,9268,2885,9536,14378,14239,14787,,
2024180,M-MUK,medium,Temanggung,B16,12,purging,41,10406,2883,2876,8313,9266,2885,9534,14371,14231,14782,,
2025180,M-MUK,medium,Temanggung,B16,12,purging,42,10397,2883,2876,8313,9264,2885,9534,14365,14223,14778,,
2026180,M-MUK,medium,Temanggung,B16,12,purging,43,10389,2885,2874,8314,9262,2882,9534,14358,14215,14773,,
2027181,M-MUK,medium,Temanggung,B16,12,purging,44,10381,2885,2876,8314,9260,2883,9534,14352,14207,14769,,
2028180,M-MUK,medium,Temanggung,B16,12,purging,45,10373,2885,2876,8315,9257,2882,9533,14345,14199,14765,,
2029180,M-MUK,medium,Temanggung,B16,12,purging,46,10366,2885,2876,8315,9256,2882,9533,14340,14192,14761,,
2030180,M-MUK,medium,Temanggung,B16,12,purging,47,10359,2883,2878,8316,9254,2882,9532,14333,14185,14757,,
2031180,M-MUK,medium,Temanggung,B16,12,purging,48,10352,2883,2876,8316,9253,2882,9533,14328,14179,14754,,
2032180,M-MUK,medium,Temanggung,B16,12,purging,49,10346,2883,2876,8316,9251,2885,9533,14322,14172,14750,,
2033180,M-MUK,medium,Temanggung,B16,12,purging,50,10340,2885,2876,8317,9249,2883,9533,14317,14165,14747,,
2034181,M-MUK,medium,Temanggung,B16,12,purging,51,10334,2881,2874,8317,9249,2882,9534,14312,14160,14744,,
2035180,M-MUK,medium,Temanggung,B16,12,purging,52,10328,2883,2874,8317,9247,2885,9534,14308,14154,14740,,
2036180,M-MUK,medium,Temanggung,B16,12,purging,53,10322,2883,2876,8318,9246,2885,9535,14303,14148,14737,,
2037180,M-MUK,medium,Temanggung,B16,12,purging,54,10318,2883,2878,8318,9245,2882,9535,14298,14142,14734,,
2038180,M-MUK,medium,Temanggung,B16,12,purging,55,10313,2883,2874,8319,9243,2885,9534,14294,14136,14731,,
2039180,M-MUK,medium,Temanggung,B16,12,purging,56,10308,2885,2876,8319,9242,2882,9535,14289,14131,14728,,
2040180,M-MUK,medium,Temanggung,B16,12,purging,57,10303,2883,2876,8320,9240,2882,9534,14285,14126,14725,,
2041180,M-MUK,medium,Temanggung,B16,12,purging,58,10299,2883,2874,8320,9239,2882,9533,14280,14121,14723,,
2042180,M-MUK,medium,Temanggung,B16,12,purging,59,10295,2883,2878,8320,9237,2882,9533,14276,14116,14720,,
2043181,M-MUK,medium,Temanggung,B16,12,purging,60,10291,2885,2878,8320,9236,2881,9533,14272,14111,14718,,
2044180,M-MUK,medium,Temanggung,B16,12,purging,61,10286,2883,2876,8321,9235,2882,9534,14268,14107,14716,,
2045180,M-MUK,medium,Temanggung,B16,12,purging,62,10283,2883,2876,8321,9234,2882,9535,14264,14102,14713,,
2046180,M-MUK,medium,Temanggung,B16,12,purging,63,10280,2883,2874,8321,9233,2882,9535,14260,14098,14710,,
2047180,M-MUK,medium,Temanggung,B16,12,purging,64,10276,2883,2874,8321,9232,2885,9535,14256,14093,14708,,
2048180,M-MUK,medium,Temanggung,B16,12,purging,65,10273,2883,2874,8321,9232,2882,9535,14253,14089,14706,,
2049180,M-MUK,medium,Temanggung,B16,12,purging,66,10270,2885,2876,8322,9230,2885,9534,14249,14085,14704,,
2050181,M-MUK,medium,Temanggung,B16,12,purging,67,10267,2883,2876,8321,9229,2882,9536,14246,14080,14701,,
2051180,M-MUK,medium,Temanggung,B16,12,purging,68,10263,2883,2874,8321,9228,2885,9536,14242,14076,14699,,
2052180,M-MUK,medium,Temanggung,B16,12,purging,69,10260,2883,2874,8322,9228,2882,9536,14239,14073,14697,,
2053180,M-MUK,medium,Temanggung,B16,12,purging,70,10257,2885,2876,8322,9227,2883,9536,14235,14069,14696,,
2054180,M-MUK,medium,Temanggung,B16,12,purging,71,10253,2883,2876,8322,9227,2882,9537,14232,14065,14693,,
2055180,M-MUK,medium,Temanggung,B16,12,purging,72,10250,2885,2874,8322,9226,2885,9537,14229,14061,14691,,
2056180,M-MUK,medium,Temanggung,B16,12,purging,73,10247,2883,2878,8323,9225,2882,9537,14226,14056,14689,,
2057180,M-MUK,medium,Temanggung,B16,12,purging,74,10245,2883,2876,8322,9224,2882,9537,14222,14053,14687,,
2058180,M-MUK,medium,Temanggung,B16,12,purging,75,10242,2885,2876,8323,9223,2882,9537,14219,14049,14686,,
2059181,M-MUK,medium,Temanggung,B16,12,purging,76,10239,2883,2878,8323,9222,2885,9537,14216,14046,14683,,
2060180,M-MUK,medium,Temanggung,B16,12,purging,77,10236,2885,2876,8323,9221,2885,9537,14213,14042,14681,,
2061180,M-MUK,medium,Temanggung,B16,12,purging,78,10233,2885,2874,8324,9220,2885,9537,14210,14039,14680,,
2062180,M-MUK,medium,Temanggung,B16,12,purging,79,10230,2881,2874,8324,9219,2882,9537,14206,14035,14678,,
2063180,M-MUK,medium,Temanggung,B16,12,purging,80,10228,2885,2876,8324,9218,2885,9538,14204,14032,14676,,
2064180,M-MUK,medium,Temanggung,B16,12,purging,81,10226,2883,2874,8324,9217,2885,9538,14201,14029,14675,,
2065180,M-MUK,medium,Temanggung,B16,12,purging,82,10223,2883,2874,8324,9216,2882,9537,14198,14025,14673,,
2066181,M-MUK,medium,Temanggung,B16,12,purging,83,10221,2885,2874,8325,9216,2882,9537,14195,14022,14671,,
2067180,M-MUK,medium,Temanggung,B16,12,purging,84,10218,2883,2876,8325,9215,2885,9537,14192,14019,14669,,
2068180,M-MUK,medium,Temanggung,B16,12,purging,85,10217,2881,2878,8325,9214,2885,9538,14189,14015,14668,,
2069180,M-MUK,medium,Temanggung,B16,12,purging,86,10215,2885,2874,8325,9213,2885,9538,14187,14012,14666,,
2070180,M-MUK,medium,Temanggung,B16,12,purging,87,10213,2885,2874,8326,9212,2885,9537,14183,14010,14665,,
2071180,M-MUK,medium,Temanggung,B16,12,purging,88,10210,2885,2874,8326,9211,2885,9538,14181,14007,14663,,
2072180,M-MUK,medium,Temanggung,B16,12,purging,89,10209,2883,2874,8327,9211,2882,9537,14178,14004,14662,,
2073180,M-MUK,medium,Temanggung,B16,12,purging,90,10208,2883,2874,8327,9210,2882,9536,14176,14002,14660,,
2074180,M-MUK,medium,Temanggung,B16,12,purging,91,10206,2883,2876,8327,9210,2885,9537,14173,13998,14659,,
2075181,M-MUK,medium,Temanggung,B16,12,purging,92,10205,2885,2874,8328,9210,2883,9537,14171,13995,14657,,
2076180,M-MUK,medium,Temanggung,B16,12,purging,93,10204,2883,2876,8328,9209,2882,9537,14169,13993,14656,,
2077180,M-MUK,medium,Temanggung,B16,12,purging,94,10203,2883,2874,8328,9209,2882,9536,14166,13990,14654,,
2078180,M-MUK,medium,Temanggung,B16,12,purging,95,10201,2883,2876,8328,9208,2882,9535,14163,13987,14653,,
2079180,M-MUK,medium,Temanggung,B16,12,purging,96,10199,2885,2874,8328,9207,2882,9534,14161,13985,14652,,
2080180,M-MUK,medium,Temanggung,B16,12,purging,97,10198,2885,2874,8328,9206,2882,9534,14159,13982,14650,,
2081180,M-MUK,medium,Temanggung,B16,12,purging,98,10196,2883,2874,8328,9205,2882,9534,14156,13979,14649,,
2082181,M-MUK,medium,Temanggung,B16,12,purging,99,10194,2883,2876,8328,9204,2882,9535,14154,13976,14648,,
2083180,M-MUK,medium,Temanggung,B16,12,purging,100,10193,2881,2878,8328,9203,2882,9536,14152,13974,14646,,
2084180,M-MUK,medium,Temanggung,B16,12,purging,101,10191,2883,2878,8328,9202,2882,9535,14149,13971,14644,,
2085180,M-MUK,medium,Temanggung,B16,12,purging,102,10190,2883,2876,8328,9201,2885,9534,14146,13968,14642,,
2086180,M-MUK,medium,Temanggung,B16,12,purging,103,10190,2883,2876,8328,9200,2885,9533,14144,13965,14640,,
2087180,M-MUK,medium,Temanggung,B16,12,purging,104,10188,2883,2876,8328,9198,2882,9532,14141,13962,14638,,
2088180,M-MUK,medium,Temanggung,B16,12,purging,105,10188,2885,2876,8329,9197,2882,9532,14139,13960,14637,,
2089180,M-MUK,medium,Temanggung,B16,12,purging,106,10187,2883,2874,8329,9196,2882,9531,14137,13957,14636,,
2090180,M-MUK,medium,Temanggung,B16,12,purging,107,10186,2883,2874,8329,9195,2881,9531,14135,13955,14635,,
2091181,M-MUK,medium,Temanggung,B16,12,purging,108,10185,2883,2876,8329,9195,2882,9531,14133,13952,14634,,
2092180,M-MUK,medium,Temanggung,B16,12,purging,109,10183,2883,2874,8328,9194,2882,9531,14132,13950,14634,,
2093180,M-MUK,medium,Temanggung,B16,12,purging,110,10181,2885,2874,8328,9194,2882,9531,14131,13947,14633,,
2094180,M-MUK,medium,Temanggung,B16,12,purging,111,10180,2885,2874,8328,9193,2882,9532,14129,13945,14632,,
2095180,M-MUK,medium,Temanggung,B16,12,purging,112,10177,2885,2874,8329,9193,2885,9533,14127,13943,14632,,
2096180,M-MUK,medium,Temanggung,B16,12,purging,113,10176,2883,2876,8329,9192,2882,9533,14126,13940,14631,,
2097180,M-MUK,medium,Temanggung,B16,12,purging,114,10174,2883,2876,8329,9192,2882,9533,14124,13938,14630,,
2098181,M-MUK,medium,Temanggung,B16,12,purging,115,10172,2883,2878,8329,9192,2882,9534,14122,13936,14629,,
2099180,M-MUK,medium,Temanggung,B16,12,purging,116,10170,2885,2874,8330,9192,2882,9534,14120,13933,14628,,
2100180,M-MUK,medium,Temanggung,B16,12,purging,117,10169,2885,2874,8330,9191,2882,9534,14119,13932,14627,,
2101180,M-MUK,medium,Temanggung,B16,12,purging,118,10167,2883,2878,8330,9191,2882,9534,14117,13929,14626,,
2102180,M-MUK,medium,Temanggung,B16,12,purging,119,10166,2885,2874,8330,9191,2882,9535,14115,13927,14626,,
2103180,M-MUK,medium,Temanggung,B16,12,purging,120,10165,2883,2876,8330,9191,2882,9535,14114,13925,14626,,
2104183,M-MUK,medium,Temanggung,B16,12,collecting,1,10164,2883,2874,8330,9190,2885,9536,14113,13924,14625,,
2105180,M-MUK,medium,Temanggung,B16,12,collecting,2,10164,2885,2878,8329,9189,2882,9535,14110,13921,14618,,
2106180,M-MUK,medium,Temanggung,B16,12,collecting,3,10312,2883,2876,8329,9218,2882,9557,14134,13928,14650,,
2107181,M-MUK,medium,Temanggung,B16,12,collecting,4,10847,2883,2876,8329,9293,2882,9625,14235,13991,14739,,
2108180,M-MUK,medium,Temanggung,B16,12,collecting,5,11578,2885,2874,8330,9390,2885,9697,14403,14119,14840,,
2109180,M-MUK,medium,Temanggung,B16,12,collecting,6,12260,2885,2876,8330,9477,2882,9752,14579,14285,14930,,
2110180,M-MUK,medium,Temanggung,B16,12,collecting,7,12795,2885,2879,8330,9541,2882,9782,14731,14457,15003,,
2111180,M-MUK,medium,Temanggung,B16,12,collecting,8,13180,2888,2876,8331,9585,2885,9793,14847,14611,15057,,
2112180,M-MUK,medium,Temanggung,B16,12,collecting,9,13442,2888,2879,8331,9611,2882,9790,14931,14737,15097,,
2113180,M-MUK,medium,Temanggung,B16,12,collecting,10,13612,2885,2876,8330,9626,2885,9780,14989,14836,15127,,
2114181,M-MUK,medium,Temanggung,B16,12,collecting,11,13717,2892,2876,8330,9632,2882,9767,15029,14912,15150,,
2115180,M-MUK,medium,Temanggung,B16,12,collecting,12,13775,2890,2876,8329,9634,2882,9754,15054,14968,15167,,
2116180,M-MUK,medium,Temanggung,B16,12,collecting,13,13801,2890,2879,8328,9631,2882,9741,15071,15009,15179,,
2117180,M-MUK,medium,Temanggung,B16,12,collecting,14,13802,2892,2876,8327,9628,2882,9729,15082,15038,15188,,
2118180,M-MUK,medium,Temanggung,B16,12,collecting,15,13786,2892,2876,8326,9623,2882,9720,15087,15058,15195,,
2119180,M-MUK,medium,Temanggung,B16,12,collecting,16,13759,2892,2876,8326,9618,2882,9711,15090,15073,15200,,
2120180,M-MUK,medium,Temanggung,B16,12,collecting,17,13724,2888,2876,8324,9613,2882,9703,15092,15081,15204,,
2121180,M-MUK,medium,Temanggung,B16,12,collecting,18,13682,2886,2876,8324,9608,2885,9696,15092,15087,15207,,
2122180,M-MUK,medium,Temanggung,B16,12,collecting,19,13635,2890,2876,8323,9603,2885,9691,15091,15089,15208,,
2123181,M-MUK,medium,Temanggung,B16,12,collecting,20,13587,2886,2876,8322,9598,2882,9685,15089,15089,15210,,
2124180,M-MUK,medium,Temanggung,B16,12,collecting,21,13538,2890,2874,8322,9593,2885,9679,15086,15088,15210,,
2125180,M-MUK,medium,Temanggung,B16,12,collecting,22,13488,2886,2874,8321,9588,2882,9674,15083,15085,15210,,
2126180,M-MUK,medium,Temanggung,B16,12,collecting,23,13438,2887,2876,8321,9584,2885,9671,15080,15081,15209,,
2127180,M-MUK,medium,Temanggung,B16,12,collecting,24,13388,2886,2876,8321,9580,2882,9667,15077,15077,15209,,
2128180,M-MUK,medium,Temanggung,B16,12,collecting,25,13340,2887,2876,8320,9576,2885,9664,15073,15072,15208,,
2129180,M-MUK,medium,Temanggung,B16,12,collecting,26,13293,2887,2876,8319,9572,2885,9663,15070,15067,15207,,
2130181,M-MUK,medium,Temanggung,B16,12,collecting,27,13247,2887,2876,8318,9568,2882,9661,15067,15061,15206,,
2131180,M-MUK,medium,Temanggung,B16,12,collecting,28,13202,2887,2876,8318,9564,2885,9657,15063,15056,15205,,
2132180,M-MUK,medium,Temanggung,B16,12,collecting,29,13160,2890,2876,8317,9561,2882,9655,15060,15050,15204,,
2133180,M-MUK,medium,Temanggung,B16,12,collecting,30,13119,2885,2874,8317,9558,2882,9651,15057,15043,15202,,
2134180,M-MUK,medium,Temanggung,B16,12,collecting,31,13079,2883,2876,8316,9554,2882,9650,15053,15038,15200,,
2135180,M-MUK,medium,Temanggung,B16,12,collecting,32,13041,2888,2876,8316,9552,2885,9649,15049,15031,15199,,
2136180,M-MUK,medium,Temanggung,B16,12,collecting,33,13005,2888,2876,8316,9549,2882,9647,15045,15025,15197,,
2137180,M-MUK,medium,Temanggung,B16,12,collecting,34,12971,2883,2876,8316,9547,2882,9645,15041,15020,15196,,
2138180,M-MUK,medium,Temanggung,B16,12,collecting,35,12938,2885,2876,8315,9545,2882,9644,15038,15013,15194,,
2139181,M-MUK,medium,Temanggung,B16,12,collecting,36,12906,2883,2874,8315,9543,2882,9643,15035,15008,15192,,
2140180,M-MUK,medium,Temanggung,B16,12,collecting,37,12876,2885,2876,8314,9540,2882,9643,15032,15002,15190,,
2141180,M-MUK,medium,Temanggung,B16,12,collecting,38,12847,2885,2876,8314,9537,2882,9642,15028,14995,15188,,
2142180,M-MUK,medium,Temanggung,B16,12,collecting,39,12819,2883,2876,8313,9535,2882,9643,15024,14990,15186,,
2143180,M-MUK,medium,Temanggung,B16,12,collecting,40,12793,2885,2874,8313,9534,2882,9642,15020,14984,15185,,
2144180,M-MUK,medium,Temanggung,B16,12,collecting,41,12768,2885,2876,8313,9531,2882,9642,15016,14979,15183,,
2145180,M-MUK,medium,Temanggung,B16,12,collecting,42,12744,2885,2874,8312,9529,2882,9641,15013,14973,15181,,
2146181,M-MUK,medium,Temanggung,B16,12,collecting,43,12722,2885,2876,8312,9528,2882,9641,15010,14967,15179,,
2147180,M-MUK,medium,Temanggung,B16,12,collecting,44,12700,2883,2878,8312,9526,2882,9640,15007,14962,15177,,
2148180,M-MUK,medium,Temanggung,B16,12,collecting,45,12678,2885,2876,8312,9524,2882,9640,15003,14957,15175,,
2149180,M-MUK,medium,Temanggung,B16,12,collecting,46,12658,2885,2878,8312,9523,2882,9639,15000,14952,15174,,
2150180,M-MUK,medium,Temanggung,B16,12,collecting,47,12639,2885,2876,8311,9522,2885,9638,14997,14947,15171,,
2151180,M-MUK,medium,Temanggung,B16,12,collecting,48,12621,2888,2874,8311,9521,2882,9638,14993,14942,15169,,
2152180,M-MUK,medium,Temanggung,B16,12,collecting,49,12603,2883,2874,8311,9520,2885,9639,14992,14937,15168,,
2153180,M-MUK,medium,Temanggung,B16,12,collecting,50,12587,2883,2876,8311,9519,2882,9638,14989,14933,15166,,
2154180,M-MUK,medium,Temanggung,B16,12,collecting,51,12572,2883,2874,8311,9518,2882,9636,14986,14928,15164,,
2155181,M-MUK,medium,Temanggung,B16,12,collecting,52,12556,2885,2876,8311,9517,2882,9636,14983,14925,15163,,
2156180,M-MUK,medium,Temanggung,B16,12,collecting,53,12542,2885,2876,8311,9516,2882,9636,14981,14920,15161,,
2157180,M-MUK,medium,Temanggung,B16,12,collecting,54,12528,2885,2876,8311,9515,2882,9637,14978,14916,15159,,
2158180,M-MUK,medium,Temanggung,B16,12,collecting,55,12514,2885,2878,8311,9513,2882,9635,14976,14912,15158,,
2159180,M-MUK,medium,Temanggung,B16,12,collecting,56,12500,2885,2876,8310,9511,2882,9634,14974,14908,15156,,
2160180,M-MUK,medium,Temanggung,B16,12,collecting,57,12486,2883,2876,8310,9511,2882,9634,14971,14903,15154,,
2161180,M-MUK,medium,Temanggung,B16,12,collecting,58,12472,2888,2874,8310,9509,2882,9632,14968,14900,15152,,
2162181,M-MUK,medium,Temanggung,B16,12,collecting,59,12460,2885,2878,8310,9508,2885,9633,14966,14896,15150,,
2163180,M-MUK,medium,Temanggung,B16,12,collecting,60,12448,2885,2878,8310,9507,2882,9634,14963,14892,15149,,
2164184,M-MUK,medium,Temanggung,B16,13,purging,1,12438,2883,2874,8310,9506,2885,9634,14960,14888,15147,,
2165180,M-MUK,medium,Temanggung,B16,13,purging,2,12427,2885,2876,8312,9507,2882,9635,14959,14885,15149,,
2166180,M-MUK,medium,Temanggung,B16,13,purging,3,12386,2883,2876,8313,9504,2885,9635,14952,14880,15146,,
2167180,M-MUK,medium,Temanggung,B16,13,purging,4,12302,2885,2878,8313,9495,2882,9630,14934,14868,15135,,
2168180,M-MUK,medium,Temanggung,B16,13,purging,5,12191,2888,2874,8313,9484,2880,9624,14910,14848,15122,,
2169180,M-MUK,medium,Temanggung,B16,13,purging,6,12063,2885,2874,8313,9472,2880,9620,14882,14823,15106,,
2170180,M-MUK,medium,Temanggung,B16,13,purging,7,11930,2885,2874,8313,9459,2882,9615,14853,14794,15091,,
2171181,M-MUK,medium,Temanggung,B16,13,purging,8,11796,2883,2876,8314,9447,2882,9609,14824,14764,15075,,
2172180,M-MUK,medium,Temanggung,B16,13,purging,9,11667,2883,2874,8313,9435,2885,9604,14798,14734,15059,,
2173180,M-MUK,medium,Temanggung,B16,13,purging,10,11545,2888,2876,8314,9424,2882,9600,14772,14703,15044,,
2174180,M-MUK,medium,Temanggung,B16,13,purging,11,11430,2888,2876,8315,9414,2880,9597,14747,14673,15030,,
2175180,M-MUK,medium,Temanggung,B16,13,purging,12,11325,2885,2876,8315,9405,2882,9594,14725,14645,15017,,
2176180,M-MUK,medium,Temanggung,B16,13,purging,13,11228,2881,2874,8315,9396,2885,9592,14704,14618,15004,,
2177180,M-MUK,medium,Temanggung,B16,13,purging,14,11140,2883,2874,8315,9388,2882,9590,14684,14592,14992,,
2178181,M-MUK,medium,Temanggung,B16,13,purging,15,11061,2883,2874,8316,9381,2882,9588,14665,14567,14980,,
2179180,M-MUK,medium,Temanggung,B16,13,purging,16,10989,2883,2878,8316,9374,2882,9587,14647,14544,14969,,
2180180,M-MUK,medium,Temanggung,B16,13,purging,17,10925,2881,2874,8317,9368,2882,9585,14631,14522,14958,,
2181180,M-MUK,medium,Temanggung,B16,13,purging,18,10866,2881,2874,8318,9363,2882,9584,14615,14501,14948,,
2182180,M-MUK,medium,Temanggung,B16,13,purging,19,10814,2883,2878,8318,9358,2882,9583,14600,14482,14938,,
2183180,M-MUK,medium,Temanggung,B16,13,purging,20,10767,2885,2876,8319,9353,2882,9582,14587,14463,14929,,
2184180,M-MUK,medium,Temanggung,B16,13,purging,21,10724,2885,2874,8319,9349,2882,9581,14574,14445,14920,,
2185180,M-MUK,medium,Temanggung,B16,13,purging,22,10685,2883,2878,8320,9344,2882,9579,14561,14428,14912,,
2186180,M-MUK,medium,Temanggung,B16,13,purging,23,10650,2883,2876,8320,9340,2882,9580,14549,14412,14904,,
2187181,M-MUK,medium,Temanggung,B16,13,purging,24,10618,2883,2878,8321,9337,2882,9580,14537,14397,14897,,
2188180,M-MUK,medium,Temanggung,B16,13,purging,25,10589,2885,2874,8321,9334,2882,9580,14526,14382,14889,,
2189180,M-MUK,medium,Temanggung,B16,13,purging,26,10563,2883,2874,8322,9331,2882,9579,14515,14368,14882,,
2190180,M-MUK,medium,Temanggung,B16,13,purging,27,10538,2885,2878,8323,9328,2882,9578,14505,14354,14875,,
2191180,M-MUK,medium,Temanggung,B16,13,purging,28,10515,2885,2878,8323,9325,2882,9578,14495,14341,14868,,
2192180,M-MUK,medium,Temanggung,B16,13,purging,29,10494,2885,2878,8324,9322,2882,9577,14485,14329,14861,,
2193180,M-MUK,medium,Temanggung,B16,13,purging,30,10475,2885,2876,8325,9319,2882,9577,14476,14316,14855,,
2194181,M-MUK,medium,Temanggung,B16,13,purging,31,10456,2881,2878,8325,9316,2880,9576,14466,14304,14849,,
2195180,M-MUK,medium,Temanggung,B16,13,purging,32,10439,2883,2874,8326,9313,2882,9575,14458,14293,14843,,
2196180,M-MUK,medium,Temanggung,B16,13,purging,33,10424,2885,2878,8327,9312,2882,9576,14450,14283,14837,,
2197180,M-MUK,medium,Temanggung,B16,13,purging,34,10411,2885,2878,8327,9309,2882,9575,14441,14272,14832,,
2198180,M-MUK,medium,Temanggung,B16,13,purging,35,10398,2883,2874,8328,9307,2880,9576,14433,14262,14826,,
2199180,M-MUK,medium,Temanggung,B16,13,purging,36,10387,2885,2878,8329,9305,2882,9574,14426,14253,14822,,
2200180,M-MUK,medium,Temanggung,B16,13,purging,37,10375,2883,2878,8329,9304,2882,9573,14418,14244,14817,,
2201180,M-MUK,medium,Temanggung,B16,13,purging,38,10364,2883,2878,8330,9302,2882,9574,14412,14236,14812,,
2202180,M-MUK,medium,Temanggung,B16,13,purging,39,10353,2885,2874,8330,9301,2882,9575,14404,14227,14808,,
2203181,M-MUK,medium,Temanggung,B16,13,purging,40,10343,2885,2876,8331,9299,2882,9575,14397,14218,14803,,
2204180,M-MUK,medium,Temanggung,B16,13,purging,41,10333,2885,2878,8332,9298,2880,9575,14390,14210,14799,,
2205180,M-MUK,medium,Temanggung,B16,13,purging,42,10324,2885,2878,8332,9296,2882,9576,14384,14202,14794,,
2206180,M-MUK,medium,Temanggung,B16,13,purging,43,10315,2885,2876,8333,9294,2882,9576,14377,14195,14791,,
2207180,M-MUK,medium,Temanggung,B16,13,purging,44,10306,2885,2874,8333,9292,2882,9576,14371,14187,14787,,
2208180,M-MUK,medium,Temanggung,B16,13,purging,45,10298,2885,2876,8334,9291,2882,9577,14365,14180,14783,,
2209180,M-MUK,medium,Temanggung,B16,13,purging,46,10290,2883,2878,8335,9288,2882,9577,14359,14172,14779,,
2210181,M-MUK,medium,Temanggung,B16,13,purging,47,10282,2885,2874,8335,9287,2885,9577,14353,14165,14775,,
2211180,M-MUK,medium,Temanggung,B16,13,purging,48,10275,2883,2878,8336,9286,2882,9576,14347,14159,14771,,
2212180,M-MUK,medium,Temanggung,B16,13,purging,49,10267,2881,2876,8337,9284,2882,9575,14341,14152,14767,,
2213180,M-MUK,medium,Temanggung,B16,13,purging,50,10259,2885,2876,8337,9282,2882,9575,14335,14145,14764,,
2214180,M-MUK,medium,Temanggung,B16,13,purging,51,10252,2885,2876,8337,9280,2880,9574,14329,14138,14760,,
2215180,M-MUK,medium,Temanggung,B16,13,purging,52,10245,2885,2878,8338,9278,2882,9574,14324,14131,14756,,
2216180,M-MUK,medium,Temanggung,B16,13,purging,53,10239,2885,2876,8338,9277,2882,9575,14318,14124,14753,,
2217180,M-MUK,medium,Temanggung,B16,13,purging,54,10232,2885,2878,8339,9276,2882,9573,14313,14118,14750,,
2218180,M-MUK,medium,Temanggung,B16,13,purging,55,10226,2885,2874,8339,9274,2882,9573,14307,14112,14746,,
2219181,M-MUK,medium,Temanggung,B16,13,purging,56,10220,2883,2878,8340,9272,2880,9573,14302,14105,14743,,
2220180,M-MUK,medium,Temanggung,B16,13,purging,57,10214,2883,2876,8340,9271,2882,9573,14297,14099,14739,,
2221180,M-MUK,medium,Temanggung,B16,13,purging,58,10209,2883,2878,8341,9269,2882,9573,14292,14093,14736,,
2222180,M-MUK,medium,Temanggung,B16,13,purging,59,10204,2883,2878,8342,9267,2885,9572,14288,14087,14733,,
2223180,M-MUK,medium,Temanggung,B16,13,purging,60,10199,2885,2874,8342,9266,2882,9572,14282,14081,14730,,
2224180,M-MUK,medium,Temanggung,B16,13,purging,61,10194,2883,2874,8342,9265,2882,9573,14278,14076,14727,,
2225180,M-MUK,medium,Temanggung,B16,13,purging,62,10190,2885,2878,8343,9264,2882,9574,14274,14070,14724,,
2226181,M-MUK,medium,Temanggung,B16,13,purging,63,10187,2885,2878,8343,9262,2882,9573,14269,14065,14721,,
2227180,M-MUK,medium,Temanggung,B16,13,purging,64,10183,2881,2878,8344,9260,2882,9573,14265,14060,14719,,
2228180,M-MUK,medium,Temanggung,B16,13,purging,65,10180,2881,2878,8344,9259,2882,9573,14261,14055,14717,,
2229180,M-MUK,medium,Temanggung,B16,13,purging,66,10175,2885,2874,8344,9258,2882,9575,14258,14050,14715,,
2230180,M-MUK,medium,Temanggung,B16,13,purging,67,10172,2885,2876,8345,9258,2882,9575,14254,14046,14713,,
2231180,M-MUK,medium,Temanggung,B16,13,purging,68,10167,2885,2876,8345,9257,2880,9576,14250,14041,14711,,
2232180,M-MUK,medium,Temanggung,B16,13,purging,69,10162,2885,2874,8346,9256,2882,9575,14246,14037,14708,,
2233180,M-MUK,medium,Temanggung,B16,13,purging,70,10157,2885,2876,8346,9255,2880,9574,14241,14032,14706,,
2234180,M-MUK,medium,Temanggung,B16,13,purging,71,10153,2885,2876,8346,9253,2882,9575,14237,14027,14703,,
2235181,M-MUK,medium,Temanggung,B16,13,purging,72,10149,2885,2878,8347,9252,2882,9574,14232,14022,14700,,
2236180,M-MUK,medium,Temanggung,B16,13,purging,73,10145,2885,2874,8347,9250,2882,9573,14228,14018,14698,,
2237180,M-MUK,medium,Temanggung,B16,13,purging,74,10141,2883,2874,8347,9248,2882,9573,14224,14013,14695,,
2238180,M-MUK,medium,Temanggung,B16,13,purging,75,10138,2883,2876,8348,9247,2882,9573,14220,14008,14692,,
2239180,M-MUK,medium,Temanggung,B16,13,purging,76,10135,2881,2878,8348,9245,2882,9571,14216,14004,14690,,
2240180,M-MUK,medium,Temanggung,B16,13,purging,77,10131,2885,2874,8349,9244,2882,9570,14212,13999,14688,,
2241180,M-MUK,medium,Temanggung,B16,13,purging,78,10127,2885,2878,8349,9243,2882,9570,14209,13995,14685,,
2242181,M-MUK,medium,Temanggung,B16,13,purging,79,10124,2885,2874,8350,9242,2882,9569,14204,13990,14683,,
2243180,M-MUK,medium,Temanggung,B16,13,purging,80,10121,2883,2876,8350,9241,2882,9568,14201,13986,14680,,
2244180,M-MUK,medium,Temanggung,B16,13,purging,81,10117,2885,2878,8350,9239,2882,9568,14197,13981,14678,,
2245180,M-MUK,medium,Temanggung,B16,13,purging,82,10113,2885,2878,8351,9238,2882,9568,14194,13977,14676,,
2246180,M-MUK,medium,Temanggung,B16,13,purging,83,10110,2885,2876,8351,9235,2882,9567,14190,13973,14674,,
2247180,M-MUK,medium,Temanggung,B16,13,purging,84,10107,2885,2874,8351,9234,2882,9567,14186,13968,14672,,
2248180,M-MUK,medium,Temanggung,B16,13,purging,85,10104,2883,2874,8352,9233,2882,9567,14183,13964,14670,,
2249180,M-MUK,medium,Temanggung,B16,13,purging,86,10103,2885,2878,8352,9232,2882,9566,14180,13960,14668,,
2250180,M-MUK,medium,Temanggung,B16,13,purging,87,10100,2883,2878,8353,9231,2882,9566,14177,13956,14666,,
2251181,M-MUK,medium,Temanggung,B16,13,purging,88,10098,2885,2878,8353,9231,2882,9567,14174,13953,14664,,
2252180,M-MUK,medium,Temanggung,B16,13,purging,89,10096,2885,2878,8353,9229,2882,9568,14171,13949,14663,,
2253180,M-MUK,medium,Temanggung,B16,13,purging,90,10093,2885,2874,8354,9228,2882,9569,14168,13945,14661,,
2254180,M-MUK,medium,Temanggung,B16,13,purging,91,10091,2883,2874,8354,9228,2882,9569,14165,13941,14659,,
2255180,M-MUK,medium,Temanggung,B16,13,purging,92,10088,2885,2874,8355,9227,2882,9568,14162,13938,14658,,
2256180,M-MUK,medium,Temanggung,B16,13,purging,93,10086,2885,2878,8355,9226,2882,9569,14159,13934,14656,,
2257180,M-MUK,medium,Temanggung,B16,13,purging,94,10082,2883,2876,8356,9225,2882,9569,14156,13931,14654,,
2258181,M-MUK,medium,Temanggung,B16,13,purging,95,10079,2885,2876,8356,9224,2882,9569,14153,13926,14652,,
2259180,M-MUK,medium,Temanggung,B16,13,purging,96,10076,2885,2878,8356,9223,2882,9569,14150,13923,14650,,
2260180,M-MUK,medium,Temanggung,B16,13,purging,97,10073,2885,2878,8357,9222,2882,9568,14146,13919,14649,,
2261180,M-MUK,medium,Temanggung,B16,13,purging,98,10070,2885,2878,8357,9221,2882,9568,14142,13916,14647,,
2262180,M-MUK,medium,Temanggung,B16,13,purging,99,10067,2885,2876,8357,9219,2882,9567,14139,13912,14645,,
2263180,M-MUK,medium,Temanggung,B16,13,purging,100,10065,2885,2878,8357,9219,2882,9567,14136,13908,14643,,
2264180,M-MUK,medium,Temanggung,B16,13,purging,101,10063,2883,2874,8358,9217,2882,9567,14133,13905,14642,,
2265180,M-MUK,medium,Temanggung,B16,13,purging,102,10061,2885,2876,8358,9216,2882,9566,14129,13901,14640,,
2266180,M-MUK,medium,Temanggung,B16,13,purging,103,10058,2883,2878,8359,9216,2882,9565,14127,13898,14638,,
2267181,M-MUK,medium,Temanggung,B16,13,purging,104,10056,2885,2876,8359,9215,2882,9565,14124,13894,14637,,
2268180,M-MUK,medium,Temanggung,B16,13,purging,105,10055,2885,2878,8359,9215,2882,9566,14122,13892,14635,,
2269180,M-MUK,medium,Temanggung,B16,13,purging,106,10054,2885,2876,8360,9215,2882,9566,14119,13888,14634,,
2270180,M-MUK,medium,Temanggung,B16,13,purging,107,10052,2885,2874,8360,9213,2880,9566,14117,13886,14633,,
2271180,M-MUK,medium,Temanggung,B16,13,purging,108,10051,2883,2876,8359,9212,2882,9566,14115,13882,14631,,
2272180,M-MUK,medium,Temanggung,B16,13,purging,109,10050,2883,2876,8360,9211,2882,9565,14113,13880,14630,,
2273180,M-MUK,medium,Temanggung,B16,13,purging,110,10050,2885,2878,8360,9211,2882,9565,14110,13877,14629,,
2274181,M-MUK,medium,Temanggung,B16,13,purging,111,10048,2885,2878,8360,9210,2882,9565,14108,13874,14627,,
2275180,M-MUK,medium,Temanggung,B16,13,purging,112,10047,2885,2878,8360,9209,2882,9566,14105,13871,14626,,
2276180,M-MUK,medium,Temanggung,B16,13,purging,113,10046,2883,2876,8360,9207,2882,9565,14103,13868,14625,,
2277180,M-MUK,medium,Temanggung,B16,13,purging,114,10043,2885,2878,8360,9207,2880,9564,14100,13866,14624,,
2278180,M-MUK,medium,Temanggung,B16,13,purging,115,10042,2883,2874,8361,9206,2880,9564,14098,13863,14623,,
2279180,M-MUK,medium,Temanggung,B16,13,purging,116,10041,2885,2876,8361,9206,2882,9564,14096,13860,14622,,
2280180,M-MUK,medium,Temanggung,B16,13,purging,117,10040,2885,2878,8362,9206,2880,9564,14095,13857,14621,,
2281180,M-MUK,medium,Temanggung,B16,13,purging,118,10038,2885,2878,8362,9205,2880,9565,14092,13855,14620,,
2282180,M-MUK,medium,Temanggung,B16,13,purging,119,10038,2883,2878,8362,9205,2882,9565,14090,13853,14619,,
2283181,M-MUK,medium,Temanggung,B16,13,purging,120,10037,2885,2876,8362,9205,2882,9565,14089,13850,14618,,
2284183,M-MUK,medium,Temanggung,B16,13,collecting,1,10036,2883,2878,8362,9205,2880,9565,14087,13848,14617,,
2285180,M-MUK,medium,Temanggung,B16,13,collecting,2,10036,2885,2878,8360,9202,2882,9563,14084,13846,14610,,
2286180,M-MUK,medium,Temanggung,B16,13,collecting,3,10199,2883,2876,8359,9228,2880,9581,14101,13851,14642,,
2287180,M-MUK,medium,Temanggung,B16,13,collecting,4,10744,2883,2878,8359,9301,2880,9649,14206,13911,14730,,
2288180,M-MUK,medium,Temanggung,B16,13,collecting,5,11485,2888,2876,8360,9398,2880,9723,14368,14034,14830,,
2289180,M-MUK,medium,Temanggung,B16,13,collecting,6,12171,2888,2876,8360,9485,2882,9778,14543,14196,14918,,
2290181,M-MUK,medium,Temanggung,B16,13,collecting,7,12706,2885,2876,8361,9550,2880,9809,14697,14364,14989,,
2291180,M-MUK,medium,Temanggung,B16,13,collecting,8,13090,2888,2876,8360,9593,2880,9820,14815,14517,15044,,
2292180,M-MUK,medium,Temanggung,B16,13,collecting,9,13354,2890,2876,8360,9621,2880,9817,14901,14645,15084,,
2293180,M-MUK,medium,Temanggung,B16,13,collecting,10,13526,2890,2876,8359,9635,2882,9807,14961,14747,15115,,
2294180,M-MUK,medium,Temanggung,B16,13,collecting,11,13633,2890,2876,8358,9642,2880,9794,15001,14825,15137,,
2295180,M-MUK,medium,Temanggung,B16,13,collecting,12,13693,2890,2876,8357,9644,2882,9782,15027,14883,15154,,
2296180,M-MUK,medium,Temanggung,B16,13,collecting,13,13720,2890,2878,8356,9642,2880,9769,15044,14927,15166,,
2297180,M-MUK,medium,Temanggung,B16,13,collecting,14,13722,2890,2876,8355,9639,2882,9757,15055,14958,15175,,
2298180,M-MUK,medium,Temanggung,B16,13,collecting,15,13707,2885,2876,8355,9634,2880,9746,15061,14980,15182,,
2299181,M-MUK,medium,Temanggung,B16,13,collecting,16,13681,2890,2876,8354,9629,2880,9737,15065,14995,15187,,
2300180,M-MUK,medium,Temanggung,B16,13,collecting,17,13646,2890,2876,8353,9623,2880,9729,15066,15005,15191,,
2301180,M-MUK,medium,Temanggung,B16,13,collecting,18,13604,2890,2878,8352,9619,2882,9724,15066,15011,15194,,
2302180,M-MUK,medium,Temanggung,B16,13,collecting,19,13558,2889,2876,8352,9613,2880,9718,15065,15014,15195,,
2303180,M-MUK,medium,Temanggung,B16,13,collecting,20,13510,2887,2874,8351,9608,2880,9712,15064,15016,15196,,
2304180,M-MUK,medium,Temanggung,B16,13,collecting,21,13460,2890,2876,8350,9603,2880,9707,15061,15015,15197,,
2305180,M-MUK,medium,Temanggung,B16,13,collecting,22,13409,2890,2878,8349,9597,2880,9702,15059,15013,15197,,
2306181,M-MUK,medium,Temanggung,B16,13,collecting,23,13358,2887,2876,8349,9593,2882,9698,15055,15009,15196,,
2307180,M-MUK,medium,Temanggung,B16,13,collecting,24,13307,2890,2876,8348,9589,2882,9694,15051,15006,15196,,
2308180,M-MUK,medium,Temanggung,B16,13,collecting,25,13258,2887,2876,8348,9584,2880,9691,15047,15000,15195,,
2309180,M-MUK,medium,Temanggung,B16,13,collecting,26,13209,2889,2876,8347,9581,2880,9689,15044,14996,15194,,
2310180,M-MUK,medium,Temanggung,B16,13,collecting,27,13162,2890,2876,8347,9577,2880,9687,15040,14990,15193,,
2311180,M-MUK,medium,Temanggung,B16,13,collecting,28,13117,2885,2878,8346,9573,2882,9685,15037,14984,15191,,
2312180,M-MUK,medium,Temanggung,B16,13,collecting,29,13074,2885,2876,8346,9569,2880,9683,15032,14978,15190,,
2313180,M-MUK,medium,Temanggung,B16,13,collecting,30,13032,2885,2876,8345,9566,2880,9680,15027,14973,15188,,
2314180,M-MUK,medium,Temanggung,B16,13,collecting,31,12991,2885,2878,8345,9564,2880,9679,15023,14966,15186,,
2315181,M-MUK,medium,Temanggung,B16,13,collecting,32,12952,2885,2876,8345,9561,2880,9677,15020,14960,15185,,
2316180,M-MUK,medium,Temanggung,B16,13,collecting,33,12915,2885,2876,8345,9559,2880,9676,15016,14954,15183,,
2317180,M-MUK,medium,Temanggung,B16,13,collecting,34,12879,2888,2876,8345,9557,2880,9675,15012,14948,15180,,
2318180,M-MUK,medium,Temanggung,B16,13,collecting,35,12846,2887,2876,8345,9554,2880,9674,15008,14942,15179,,
2319180,M-MUK,medium,Temanggung,B16,13,collecting,36,12814,2885,2878,8344,9552,2880,9673,15004,14936,15177,,
2320180,M-MUK,medium,Temanggung,B16,13,collecting,37,12783,2885,2876,8344,9549,2880,9673,15000,14931,15175,,
2321180,M-MUK,medium,Temanggung,B16,13,collecting,38,12754,2885,2876,8344,9546,2880,9670,14997,14925,15172,,
2322181,M-MUK,medium,Temanggung,B16,13,collecting,39,12727,2885,2878,8344,9544,2880,9669,14993,14919,15170,,
2323180,M-MUK,medium,Temanggung,B16,13,collecting,40,12699,2885,2876,8344,9542,2880,9669,14990,14914,15169,,
2324180,M-MUK,medium,Temanggung,B16,13,collecting,41,12674,2883,2876,8344,9540,2880,9667,14986,14908,15166,,
2325180,M-MUK,medium,Temanggung,B16,13,collecting,42,12650,2887,2876,8343,9539,2880,9665,14982,14903,15164,,
2326180,M-MUK,medium,Temanggung,B16,13,collecting,43,12627,2885,2876,8343,9537,2880,9665,14979,14898,15162,,
2327180,M-MUK,medium,Temanggung,B16,13,collecting,44,12604,2885,2878,8343,9535,2882,9665,14976,14893,15160,,
2328180,M-MUK,medium,Temanggung,B16,13,collecting,45,12583,2888,2876,8343,9533,2882,9664,14973,14888,15158,,
2329180,M-MUK,medium,Temanggung,B16,13,collecting,46,12563,2885,2878,8343,9532,2882,9663,14970,14884,15156,,
2330180,M-MUK,medium,Temanggung,B16,13,collecting,47,12544,2888,2876,8343,9531,2882,9662,14966,14879,15154,,
2331181,M-MUK,medium,Temanggung,B16,13,collecting,48,12525,2885,2878,8343,9530,2880,9661,14964,14874,15152,,
2332180,M-MUK,medium,Temanggung,B16,13,collecting,49,12507,2885,2878,8343,9528,2880,9659,14961,14870,15150,,
2333180,M-MUK,medium,Temanggung,B16,13,collecting,50,12490,2885,2878,8344,9526,2880,9659,14959,14865,15148,,
2334180,M-MUK,medium,Temanggung,B16,13,collecting,51,12473,2885,2876,8343,9525,2882,9659,14956,14861,15146,,
2335180,M-MUK,medium,Temanggung,B16,13,collecting,52,12457,2885,2878,8343,9524,2882,9659,14952,14857,15145,,
2336180,M-MUK,medium,Temanggung,B16,13,collecting,53,12442,2888,2876,8343,9522,2880,9659,14950,14852,15142,,
2337180,M-MUK,medium,Temanggung,B16,13,collecting,54,12428,2885,2876,8343,9521,2880,9658,14948,14848,15140,,
2338181,M-MUK,medium,Temanggung,B16,13,collecting,55,12414,2883,2878,8343,9520,2880,9658,14945,14844,15139,,
2339180,M-MUK,medium,Temanggung,B16,13,collecting,56,12399,2885,2874,8343,9518,2880,9658,14942,14840,15137,,
2340180,M-MUK,medium,Temanggung,B16,13,collecting,57,12386,2885,2878,8343,9516,2882,9657,14940,14837,15136,,
2341180,M-MUK,medium,Temanggung,B16,13,collecting,58,12373,2885,2874,8343,9516,2880,9656,14938,14834,15134,,
2342180,M-MUK,medium,Temanggung,B16,13,collecting,59,12361,2885,2876,8344,9514,2880,9655,14936,14829,15132,,
2343180,M-MUK,medium,Temanggung,B16,13,collecting,60,12349,2883,2876,8344,9513,2880,9655,14934,14826,15130,,
2344183,M-MUK,medium,Temanggung,B16,14,purging,1,12337,2883,2876,8344,9512,2880,9654,14931,14823,15129,,
2345180,M-MUK,medium,Temanggung,B16,14,purging,2,12326,2885,2874,8345,9512,2880,9655,14929,14820,15130,,
2346180,M-MUK,medium,Temanggung,B16,14,purging,3,12286,2885,2876,8346,9509,2880,9654,14922,14816,15126,,
2347181,M-MUK,medium,Temanggung,B16,14,purging,4,12203,2885,2878,8346,9500,2880,9650,14905,14804,15114,,
2348180,M-MUK,medium,Temanggung,B16,14,purging,5,12092,2885,2876,8346,9488,2880,9643,14880,14785,15101,,
2349180,M-MUK,medium,Temanggung,B16,14,purging,6,11965,2885,2876,8346,9474,2880,9636,14851,14760,15085,,
2350180,M-MUK,medium,Temanggung,B16,14,purging,7,11833,2888,2874,8347,9462,2880,9630,14822,14730,15069,,
2351180,M-MUK,medium,Temanggung,B16,14,purging,8,11700,2885,2876,8346,9448,2880,9625,14794,14700,15053,,
2352180,M-MUK,medium,Temanggung,B16,14,purging,9,11572,2885,2876,8347,9436,2880,9620,14767,14670,15037,,
2353180,M-MUK,medium,Temanggung,B16,14,purging,10,11450,2885,2874,8347,9426,2880,9615,14741,14639,15023,,
2354181,M-MUK,medium,Temanggung,B16,14,purging,11,11337,2888,2876,8348,9415,2880,9611,14718,14609,15008,,
2355180,M-MUK,medium,Temanggung,B16,14,purging,12,11231,2883,2876,8348,9406,2882,9608,14695,14581,14995,,
2356180,M-MUK,medium,Temanggung,B16,14,purging,13,11135,2885,2879,8349,9397,2882,9605,14674,14553,14982,,
2357180,M-MUK,medium,Temanggung,B16,14,purging,14,11049,2881,2876,8349,9389,2880,9604,14655,14528,14969,,
2358180,M-MUK,medium,Temanggung,B16,14,purging,15,10970,2883,2876,8349,9383,2880,9602,14636,14503,14957,,
2359180,M-MUK,medium,Temanggung,B16,14,purging,16,10898,2883,2876,8350,9376,2882,9600,14619,14480,14947,,
2360180,M-MUK,medium,Temanggung,B16,14,purging,17,10835,2883,2876,8351,9371,2882,9598,14603,14458,14936,,
2361180,M-MUK,medium,Temanggung,B16,14,purging,18,10778,2883,2876,8352,9365,2880,9596,14588,14438,14926,,
2362180,M-MUK,medium,Temanggung,B16,14,purging,19,10726,2883,2876,8352,9360,2880,9595,14573,14418,14917,,
2363181,M-MUK,medium,Temanggung,B16,14,purging,20,10679,2883,2876,8353,9355,2882,9594,14560,14400,14908,,
2364180,M-MUK,medium,Temanggung,B16,14,purging,21,10636,2883,2876,8354,9351,2880,9594,14546,14382,14899,,
2365180,M-MUK,medium,Temanggung,B16,14,purging,22,10597,2883,2876,8354,9346,2882,9593,14533,14365,14891,,
2366180,M-MUK,medium,Temanggung,B16,14,purging,23,10563,2881,2876,8355,9343,2880,9593,14521,14349,14883,,
2367180,M-MUK,medium,Temanggung,B16,14,purging,24,10532,2883,2876,8356,9340,2880,9592,14510,14334,14875,,
2368180,M-MUK,medium,Temanggung,B16,14,purging,25,10503,2883,2874,8356,9337,2882,9592,14499,14320,14868,,
2369180,M-MUK,medium,Temanggung,B16,14,purging,26,10477,2883,2876,8357,9334,2882,9592,14488,14306,14861,,
2370181,M-MUK,medium,Temanggung,B16,14,purging,27,10453,2883,2878,8358,9331,2880,9592,14478,14293,14854,,
2371180,M-MUK,medium,Temanggung,B16,14,purging,28,10431,2883,2874,8358,9328,2882,9591,14468,14281,14848,,
2372180,M-MUK,medium,Temanggung,B16,14,purging,29,10411,2885,2876,8359,9326,2880,9590,14458,14268,14841,,
2373180,M-MUK,medium,Temanggung,B16,14,purging,30,10393,2885,2876,8360,9324,2880,9590,14450,14257,14836,,
2374180,M-MUK,medium,Temanggung,B16,14,purging,31,10376,2881,2874,8361,9323,2882,9589,14441,14246,14831,,
2375180,M-MUK,medium,Temanggung,B16,14,purging,32,10360,2883,2876,8361,9321,2880,9590,14433,14235,14825,,
2376180,M-MUK,medium,Temanggung,B16,14,purging,33,10345,2883,2874,8362,9320,2882,9591,14424,14226,14820,,
2377180,M-MUK,medium,Temanggung,B16,14,purging,34,10332,2883,2874,8363,9318,2880,9591,14417,14216,14815,,
2378180,M-MUK,medium,Temanggung,B16,14,purging,35,10320,2883,2876,8364,9316,2882,9591,14409,14207,14810,,
2379181,M-MUK,medium,Temanggung,B16,14,purging,36,10310,2883,2876,8365,9315,2880,9591,14402,14199,14805,,
2380180,M-MUK,medium,Temanggung,B16,14,purging,37,10301,2883,2874,8365,9314,2882,9591,14395,14191,14800,,
2381180,M-MUK,medium,Temanggung,B16,14,purging,38,10293,2883,2874,8365,9312,2882,9591,14389,14183,14796,,
2382180,M-MUK,medium,Temanggung,B16,14,purging,39,10285,2883,2874,8366,9311,2880,9590,14383,14176,14792,,
2383180,M-MUK,medium,Temanggung,B16,14,purging,40,10278,2883,2876,8367,9310,2880,9589,14376,14169,14787,,
2384180,M-MUK,medium,Temanggung,B16,14,purging,41,10270,2885,2879,8368,9307,2880,9589,14370,14161,14782,,
2385180,M-MUK,medium,Temanggung,B16,14,purging,42,10263,2883,2876,8368,9305,2882,9587,14363,14154,14777,,
2386181,M-MUK,medium,Temanggung,B16,14,purging,43,10255,2885,2874,8369,9302,2882,9585,14357,14146,14772,,
2387180,M-MUK,medium,Temanggung,B16,14,purging,44,10247,2883,2876,8369,9300,2882,9585,14350,14138,14768,,
2388180,M-MUK,medium,Temanggung,B16,14,purging,45,10239,2883,2878,8370,9298,2880,9583,14344,14131,14765,,
2389180,M-MUK,medium,Temanggung,B16,14,purging,46,10232,2885,2876,8370,9295,2880,9582,14338,14124,14760,,
2390180,M-MUK,medium,Temanggung,B16,14,purging,47,10224,2883,2876,8371,9292,2880,9582,14332,14116,14756,,
2391180,M-MUK,medium,Temanggung,B16,14,purging,48,10216,2885,2874,8372,9289,2882,9581,14326,14109,14751,,
2392180,M-MUK,medium,Temanggung,B16,14,purging,49,10209,2883,2879,8372,9287,2880,9580,14320,14102,14748,,
2393180,M-MUK,medium,Temanggung,B16,14,purging,50,10201,2883,2874,8373,9285,2882,9580,14314,14095,14744,,
2394180,M-MUK,medium,Temanggung,B16,14,purging,51,10193,2881,2874,8373,9282,2882,9579,14309,14087,14739,,
2395181,M-MUK,medium,Temanggung,B16,14,purging,52,10186,2885,2878,8373,9280,2880,9579,14303,14080,14736,,
2396180,M-MUK,medium,Temanggung,B16,14,purging,53,10179,2883,2876,8373,9278,2880,9579,14298,14072,14732,,
2397180,M-MUK,medium,Temanggung,B16,14,purging,54,10173,2883,2878,8374,9276,2882,9579,14292,14066,14729,,
2398180,M-MUK,medium,Temanggung,B16,14,purging,55,10166,2885,2874,8374,9274,2880,9578,14287,14059,14725,,
2399180,M-MUK,medium,Temanggung,B16,14,purging,56,10160,2883,2876,8375,9273,2882,9578,14282,14053,14722,,
2400180,M-MUK,medium,Temanggung,B16,14,purging,57,10155,2883,2874,8375,9271,2882,9578,14277,14047,14719,,
2401180,M-MUK,medium,Temanggung,B16,14,purging,58,10150,2885,2876,8376,9270,2880,9578,14272,14041,14716,,
2402181,M-MUK,medium,Temanggung,B16,14,purging,59,10145,2883,2876,8376,9268,2880,9578,14268,14034,14713,,
2403180,M-MUK,medium,Temanggung,B16,14,purging,60,10139,2885,2876,8377,9267,2882,9578,14263,14029,14710,,
2404180,M-MUK,medium,Temanggung,B16,14,purging,61,10135,2883,2876,8377,9266,2880,9577,14258,14023,14707,,
2405180,M-MUK,medium,Temanggung,B16,14,purging,62,10131,2881,2876,8377,9264,2880,9577,14254,14018,14704,,
2406180,M-MUK,medium,Temanggung,B16,14,purging,63,10127,2881,2876,8378,9263,2880,9576,14249,14013,14701,,
2407180,M-MUK,medium,Temanggung,B16,14,purging,64,10123,2883,2878,8378,9262,2882,9577,14245,14007,14699,,
2408180,M-MUK,medium,Temanggung,B16,14,purging,65,10121,2885,2874,8379,9261,2882,9578,14240,14003,14696,,
2409180,M-MUK,medium,Temanggung,B16,14,purging,66,10118,2885,2878,8380,9260,2880,9579,14236,13998,14693,,
2410180,M-MUK,medium,Temanggung,B16,14,purging,67,10116,2885,2878,8380,9259,2882,9578,14233,13994,14691,,
2411181,M-MUK,medium,Temanggung,B16,14,purging,68,10114,2885,2874,8381,9258,2880,9578,14229,13990,14689,,
2412180,M-MUK,medium,Temanggung,B16,14,purging,69,10111,2883,2874,8381,9257,2882,9578,14225,13986,14687,,
2413180,M-MUK,medium,Temanggung,B16,14,purging,70,10108,2885,2878,8381,9256,2880,9578,14222,13982,14684,,
2414180,M-MUK,medium,Temanggung,B16,14,purging,71,10105,2881,2878,8382,9254,2880,9578,14218,13978,14682,,
2415180,M-MUK,medium,Temanggung,B16,14,purging,72,10102,2885,2878,8382,9253,2882,9579,14214,13973,14679,,
2416180,M-MUK,medium,Temanggung,B16,14,purging,73,10098,2883,2876,8382,9251,2882,9578,14210,13969,14677,,
2417180,M-MUK,medium,Temanggung,B16,14,purging,74,10095,2885,2874,8383,9250,2880,9579,14206,13965,14674,,
2418181,M-MUK,medium,Temanggung,B16,14,purging,75,10091,2885,2878,8382,9249,2882,9578,14202,13960,14672,,
2419180,M-MUK,medium,Temanggung,B16,14,purging,76,10087,2883,2878,8383,9248,2880,9577,14199,13956,14670,,
2420180,M-MUK,medium,Temanggung,B16,14,purging,77,10084,2885,2876,8383,9246,2880,9577,14195,13952,14668,,
2421180,M-MUK,medium,Temanggung,B16,14,purging,78,10081,2883,2878,8383,9245,2880,9577,14191,13947,14665,,
2422180,M-MUK,medium,Temanggung,B16,14,purging,79,10078,2885,2878,8383,9244,2882,9576,14187,13943,14663,,
2423180,M-MUK,medium,Temanggung,B16,14,purging,80,10074,2885,2874,8384,9242,2880,9576,14184,13939,14661,,
2424180,M-MUK,medium,Temanggung,B16,14,purging,81,10070,2885,2878,8384,9240,2880,9576,14180,13935,14659,,
2425180,M-MUK,medium,Temanggung,B16,14,purging,82,10067,2881,2878,8384,9239,2880,9574,14176,13930,14656,,
2426180,M-MUK,medium,Temanggung,B16,14,purging,83,10064,2885,2878,8384,9237,2880,9573,14173,13925,14654,,
2427181,M-MUK,medium,Temanggung,B16,14,purging,84,10060,2883,2878,8384,9236,2880,9573,14169,13921,14652,,
2428180,M-MUK,medium,Temanggung,B16,14,purging,85,10056,2885,2876,8384,9235,2882,9573,14165,13917,14649,,
2429180,M-MUK,medium,Temanggung,B16,14,purging,86,10052,2885,2876,8385,9234,2880,9573,14162,13913,14647,,
2430180,M-MUK,medium,Temanggung,B16,14,purging,87,10049,2885,2874,8384,9232,2882,9573,14159,13908,14645,,
2431180,M-MUK,medium,Temanggung,B16,14,purging,88,10045,2883,2878,8385,9231,2880,9572,14155,13904,14643,,
2432180,M-MUK,medium,Temanggung,B16,14,purging,89,10042,2885,2878,8385,9229,2882,9572,14151,13900,14641,,
2433180,M-MUK,medium,Temanggung,B16,14,purging,90,10039,2883,2878,8385,9228,2880,9571,14148,13896,14639,,
2434181,M-MUK,medium,Temanggung,B16,14,purging,91,10036,2885,2878,8385,9227,2880,9570,14145,13893,14637,,
2435180,M-MUK,medium,Temanggung,B16,14,purging,92,10034,2885,2874,8385,9226,2880,9570,14142,13889,14635,,
2436180,M-MUK,medium,Temanggung,B16,14,purging,93,10032,2885,2876,8385,9225,2880,9571,14139,13885,14634,,
2437180,M-MUK,medium,Temanggung,B16,14,purging,94,10030,2885,2876,8385,9224,2880,9570,14136,13881,14632,,
2438180,M-MUK,medium,Temanggung,B16,14,purging,95,10028,2885,2876,8385,9223,2880,9570,14134,13878,14630,,
2439180,M-MUK,medium,Temanggung,B16,14,purging,96,10026,2883,2876,8386,9222,2880,9570,14131,13875,14628,,
2440180,M-MUK,medium,Temanggung,B16,14,purging,97,10024,2885,2874,8385,9221,2880,9569,14128,13872,14627,,
2441180,M-MUK,medium,Temanggung,B16,14,purging,98,10023,2885,2876,8386,9221,2880,9570,14125,13868,14626,,
2442180,M-MUK,medium,Temanggung,B16,14,purging,99,10022,2885,2876,8386,9220,2882,9570,14123,13865,14624,,
2443181,M-MUK,medium,Temanggung,B16,14,purging,100,10020,2885,2876,8386,9219,2880,9570,14120,13862,14622,,
2444180,M-MUK,medium,Temanggung,B16,14,purging,101,10020,2883,2876,8386,9218,2880,9569,14117,13859,14621,,
2445180,M-MUK,medium,Temanggung,B16,14,purging,102,10018,2883,2878,8387,9217,2880,9569,14115,13856,14620,,
2446180,M-MUK,medium,Temanggung,B16,14,purging,103,10018,2885,2876,8387,9217,2882,9569,14112,13853,14618,,
2447180,M-MUK,medium,Temanggung,B16,14,purging,104,10017,2885,2876,8387,9216,2880,9568,14110,13850,14617,,
2448180,M-MUK,medium,Temanggung,B16,14,purging,105,10016,2883,2876,8387,9215,2880,9568,14108,13848,14616,,
2449180,M-MUK,medium,Temanggung,B16,14,purging,106,10015,2883,2876,8387,9214,2880,9569,14105,13844,14615,,
2450181,M-MUK,medium,Temanggung,B16,14,purging,107,10014,2883,2874,8387,9213,2880,9569,14103,13842,14613,,
2451180,M-MUK,medium,Temanggung,B16,14,purging,108,10013,2883,2878,8388,9212,2880,9569,14101,13839,14612,,
2452180,M-MUK,medium,Temanggung,B16,14,purging,109,10011,2883,2878,8388,9211,2880,9568,14098,13837,14611,,
2453180,M-MUK,medium,Temanggung,B16,14,purging,110,10010,2883,2876,8387,9210,2880,9568,14096,13834,14609,,
2454180,M-MUK,medium,Temanggung,B16,14,purging,111,10009,2885,2876,8388,9209,2880,9567,14093,13831,14608,,
2455180,M-MUK,medium,Temanggung,B16,14,purging,112,10008,2883,2876,8388,9209,2880,9568,14092,13828,14607,,
2456180,M-MUK,medium,Temanggung,B16,14,purging,113,10006,2883,2878,8388,9208,2880,9567,14089,13826,14606,,
2457180,M-MUK,medium,Temanggung,B16,14,purging,114,10004,2883,2878,8388,9208,2882,9567,14087,13823,14605,,
2458180,M-MUK,medium,Temanggung,B16,14,purging,115,10003,2885,2876,8388,9207,2880,9567,14085,13821,14603,,
2459181,M-MUK,medium,Temanggung,B16,14,purging,116,10002,2885,2878,8389,9207,2882,9567,14083,13818,14603,,
2460180,M-MUK,medium,Temanggung,B16,14,purging,117,10001,2885,2876,8389,9206,2880,9567,14082,13816,14601,,
2461180,M-MUK,medium,Temanggung,B16,14,purging,118,9999,2883,2876,8389,9205,2880,9567,14079,13814,14601,,
2462180,M-MUK,medium,Temanggung,B16,14,purging,119,9998,2883,2878,8389,9206,2880,9566,14077,13811,14600,,
2463180,M-MUK,medium,Temanggung,B16,14,purging,120,9997,2883,2876,8390,9205,2882,9567,14075,13809,14599,,
2464183,M-MUK,medium,Temanggung,B16,14,collecting,1,9997,2885,2876,8390,9205,2882,9568,14073,13808,14598,,
2465180,M-MUK,medium,Temanggung,B16,14,collecting,2,9998,2883,2876,8389,9204,2880,9567,14071,13805,14592,,
2466181,M-MUK,medium,Temanggung,B16,14,collecting,3,10148,2883,2876,8388,9227,2885,9585,14092,13811,14624,,
2467180,M-MUK,medium,Temanggung,B16,14,collecting,4,10663,2883,2876,8388,9297,2880,9646,14189,13871,14710,,
2468180,M-MUK,medium,Temanggung,B16,14,collecting,5,11379,2885,2876,8388,9389,2880,9723,14351,13994,14809,,
2469180,M-MUK,medium,Temanggung,B16,14,collecting,6,12051,2885,2876,8389,9473,2880,9778,14521,14153,14895,,
2470180,M-MUK,medium,Temanggung,B16,14,collecting,7,12571,2888,2876,8389,9535,2880,9805,14663,14314,14960,,
2471180,M-MUK,medium,Temanggung,B16,14,collecting,8,12939,2885,2878,8389,9576,2882,9813,14772,14458,15010,,
2472180,M-MUK,medium,Temanggung,B16,14,collecting,9,13190,2890,2876,8389,9601,2885,9810,14851,14577,15048,,
2473180,M-MUK,medium,Temanggung,B16,14,collecting,10,13354,2887,2876,8388,9616,2882,9802,14905,14671,15077,,
2474180,M-MUK,medium,Temanggung,B16,14,collecting,11,13457,2890,2876,8387,9624,2880,9792,14943,14744,15099,,
2475181,M-MUK,medium,Temanggung,B16,14,collecting,12,13516,2890,2876,8386,9626,2880,9781,14968,14799,15115,,
2476180,M-MUK,medium,Temanggung,B16,14,collecting,13,13543,2890,2876,8386,9627,2880,9771,14985,14841,15128,,
2477180,M-MUK,medium,Temanggung,B16,14,collecting,14,13547,2887,2878,8385,9625,2880,9760,14997,14872,15137,,
2478180,M-MUK,medium,Temanggung,B16,14,collecting,15,13536,2890,2876,8384,9621,2880,9752,15004,14895,15143,,
2479180,M-MUK,medium,Temanggung,B16,14,collecting,16,13511,2885,2876,8384,9617,2880,9744,15008,14910,15149,,
2480180,M-MUK,medium,Temanggung,B16,14,collecting,17,13477,2890,2876,8383,9613,2880,9737,15009,14922,15152,,
2481180,M-MUK,medium,Temanggung,B16,14,collecting,18,13435,2890,2876,8382,9608,2882,9730,15010,14929,15154,,
2482181,M-MUK,medium,Temanggung,B16,14,collecting,19,13391,2890,2876,8382,9604,2882,9724,15008,14933,15156,,
2483180,M-MUK,medium,Temanggung,B16,14,collecting,20,13345,2890,2878,8382,9599,2882,9718,15007,14935,15157,,
2484180,M-MUK,medium,Temanggung,B16,14,collecting,21,13299,2890,2876,8381,9594,2880,9713,15005,14935,15158,,
2485180,M-MUK,medium,Temanggung,B16,14,collecting,22,13253,2890,2876,8381,9592,2882,9709,15004,14935,15159,,
2486180,M-MUK,medium,Temanggung,B16,14,collecting,23,13209,2890,2876,8380,9588,2882,9707,15002,14934,15160,,
2487180,M-MUK,medium,Temanggung,B16,14,collecting,24,13164,2889,2876,8380,9584,2880,9704,15000,14933,15159,,
2488180,M-MUK,medium,Temanggung,B16,14,collecting,25,13119,2887,2878,8380,9580,2882,9700,14997,14930,15159,,
2489180,M-MUK,medium,Temanggung,B16,14,collecting,26,13076,2885,2876,8380,9577,2882,9698,14995,14927,15158,,
2490180,M-MUK,medium,Temanggung,B16,14,collecting,27,13033,2885,2878,8380,9574,2882,9694,14992,14923,15157,,
2491181,M-MUK,medium,Temanggung,B16,14,collecting,28,12991,2885,2876,8379,9571,2882,9693,14988,14919,15157,,
2492180,M-MUK,medium,Temanggung,B16,14,collecting,29,12951,2885,2876,8379,9568,2882,9692,14985,14915,15155,,
2493180,M-MUK,medium,Temanggung,B16,14,collecting,30,12913,2885,2876,8379,9565,2880,9690,14982,14910,15154,,
2494180,M-MUK,medium,Temanggung,B16,14,collecting,31,12876,2885,2876,8379,9562,2880,9688,14979,14905,15153,,
2495180,M-MUK,medium,Temanggung,B16,14,collecting,32,12841,2885,2876,8379,9560,2880,9686,14975,14900,15151,,
2496180,M-MUK,medium,Temanggung,B16,14,collecting,33,12808,2885,2878,8379,9557,2882,9684,14972,14895,15149,,
2497180,M-MUK,medium,Temanggung,B16,14,collecting,34,12775,2885,2876,8378,9554,2882,9682,14969,14891,15148,,
2498181,M-MUK,medium,Temanggung,B16,14,collecting,35,12744,2888,2876,8379,9551,2882,9679,14965,14886,15146,,
2499180,M-MUK,medium,Temanggung,B16,14,collecting,36,12714,2887,2876,8379,9549,2882,9678,14962,14881,15144,,
2500180,M-MUK,medium,Temanggung,B16,14,collecting,37,12684,2885,2878,8379,9547,2882,9676,14960,14876,15142,,
2501180,M-MUK,medium,Temanggung,B16,14,collecting,38,12657,2885,2876,8379,9544,2882,9675,14957,14871,15141,,
2502180,M-MUK,medium,Temanggung,B16,14,collecting,39,12630,2888,2876,8379,9543,2880,9674,14954,14866,15139,,
2503180,M-MUK,medium,Temanggung,B16,14,collecting,40,12605,2885,2876,8379,9540,2882,9674,14951,14861,15137,,
2504180,M-MUK,medium,Temanggung,B16,14,collecting,41,12580,2885,2874,8379,9539,2882,9674,14948,14856,15135,,
2505180,M-MUK,medium,Temanggung,B16,14,collecting,42,12558,2885,2876,8379,9536,2880,9674,14945,14852,15134,,
2506180,M-MUK,medium,Temanggung,B16,14,collecting,43,12536,2887,2876,8379,9535,2880,9672,14942,14847,15133,,
2507181,M-MUK,medium,Temanggung,B16,14,collecting,44,12515,2885,2876,8379,9533,2882,9671,14940,14843,15131,,
2508180,M-MUK,medium,Temanggung,B16,14,collecting,45,12495,2888,2876,8379,9532,2882,9671,14937,14839,15129,,
2509180,M-MUK,medium,Temanggung,B16,14,collecting,46,12476,2885,2876,8379,9531,2882,9671,14935,14835,15128,,
2510180,M-MUK,medium,Temanggung,B16,14,collecting,47,12457,2888,2878,8379,9529,2882,9670,14932,14831,15126,,
2511180,M-MUK,medium,Temanggung,B16,14,collecting,48,12440,2887,2876,8379,9529,2882,9670,14930,14827,15125,,
2512180,M-MUK,medium,Temanggung,B16,14,collecting,49,12424,2888,2876,8379,9527,2882,9669,14928,14823,15123,,
2513180,M-MUK,medium,Temanggung,B16,14,collecting,50,12408,2888,2876,8379,9526,2882,9668,14925,14819,15121,,
2514181,M-MUK,medium,Temanggung,B16,14,collecting,51,12393,2888,2876,8380,9525,2882,9668,14922,14816,15120,,
2515180,M-MUK,medium,Temanggung,B16,14,collecting,52,12378,2885,2876,8380,9524,2882,9667,14920,14812,15118,,
2516180,M-MUK,medium,Temanggung,B16,14,collecting,53,12365,2885,2876,8380,9524,2882,9667,14917,14809,15117,,
2517180,M-MUK,medium,Temanggung,B16,14,collecting,54,12351,2885,2876,8380,9523,2882,9666,14915,14806,15115,,
2518180,M-MUK,medium,Temanggung,B16,14,collecting,55,12337,2885,2876,8379,9522,2882,9665,14912,14803,15113,,
2519180,M-MUK,medium,Temanggung,B16,14,collecting,56,12324,2885,2876,8380,9520,2882,9665,14911,14800,15112,,
2520180,M-MUK,medium,Temanggung,B16,14,collecting,57,12312,2885,2876,8380,9518,2882,9665,14908,14796,15110,,
2521180,M-MUK,medium,Temanggung,B16,14,collecting,58,12300,2885,2876,8380,9517,2880,9665,14906,14792,15108,,
2522180,M-MUK,medium,Temanggung,B16,14,collecting,59,12288,2885,2878,8380,9516,2882,9664,14904,14789,15106,,
2523181,M-MUK,medium,Temanggung,B16,14,collecting,60,12276,2888,2876,8380,9515,2882,9663,14901,14786,15105,,
2524183,M-MUK,medium,Temanggung,B16,15,purging,1,12264,2883,2878,8380,9513,2882,9663,14898,14782,15102,,
2525180,M-MUK,medium,Temanggung,B16,15,purging,2,12253,2888,2876,8381,9513,2882,9664,14896,14779,15104,,
2526180,M-MUK,medium,Temanggung,B16,15,purging,3,12214,2885,2876,8382,9510,2882,9663,14889,14774,15100,,
2527180,M-MUK,medium,Temanggung,B16,15,purging,4,12133,2885,2876,8382,9500,2880,9657,14871,14762,15088,,
2528180,M-MUK,medium,Temanggung,B16,15,purging,5,12023,2885,2876,8383,9489,2882,9651,14846,14743,15074,,
2529180,M-MUK,medium,Temanggung,B16,15,purging,6,11897,2885,2876,8383,9475,2882,9644,14818,14718,15058,,
2530181,M-MUK,medium,Temanggung,B16,15,purging,7,11766,2885,2878,8383,9463,2882,9638,14789,14690,15043,,
2531180,M-MUK,medium,Temanggung,B16,15,purging,8,11635,2887,2876,8383,9451,2882,9633,14761,14661,15027,,
2532180,M-MUK,medium,Temanggung,B16,15,purging,9,11508,2885,2876,8384,9440,2882,9629,14734,14631,15012,,
2533180,M-MUK,medium,Temanggung,B16,15,purging,10,11389,2885,2878,8385,9430,2882,9625,14709,14602,14998,,
2534180,M-MUK,medium,Temanggung,B16,15,purging,11,11277,2883,2876,8385,9421,2882,9622,14686,14574,14984,,
2535180,M-MUK,medium,Temanggung,B16,15,purging,12,11173,2883,2876,8386,9412,2882,9619,14663,14546,14970,,
2536180,M-MUK,medium,Temanggung,B16,15,purging,13,11079,2883,2878,8386,9403,2882,9615,14643,14519,14957,,
2537180,M-MUK,medium,Temanggung,B16,15,purging,14,10992,2883,2878,8387,9394,2882,9612,14623,14493,14944,,
2538180,M-MUK,medium,Temanggung,B16,15,purging,15,10914,2883,2878,8387,9386,2882,9610,14605,14469,14933,,
2539181,M-MUK,medium,Temanggung,B16,15,purging,16,10843,2883,2876,8388,9379,2882,9608,14587,14445,14921,,
2540180,M-MUK,medium,Temanggung,B16,15,purging,17,10779,2883,2876,8389,9373,2882,9606,14570,14423,14910,,
2541180,M-MUK,medium,Temanggung,B16,15,purging,18,10721,2883,2874,8389,9366,2882,9604,14555,14401,14900,,
2542180,M-MUK,medium,Temanggung,B16,15,purging,19,10668,2883,2876,8390,9361,2882,9604,14539,14380,14890,,
2543180,M-MUK,medium,Temanggung,B16,15,purging,20,10621,2883,2876,8391,9355,2880,9601,14524,14361,14880,,
2544180,M-MUK,medium,Temanggung,B16,15,purging,21,10578,2883,2876,8390,9349,2882,9599,14511,14342,14871,,
2545180,M-MUK,medium,Temanggung,B16,15,purging,22,10539,2883,2876,8391,9345,2882,9598,14497,14324,14862,,
2546181,M-MUK,medium,Temanggung,B16,15,purging,23,10503,2883,2876,8392,9340,2882,9597,14485,14306,14853,,
2547180,M-MUK,medium,Temanggung,B16,15,purging,24,10471,2883,2876,8393,9336,2880,9595,14472,14290,14845,,
2548180,M-MUK,medium,Temanggung,B16,15,purging,25,10442,2883,2876,8394,9332,2882,9594,14461,14274,14837,,
2549180,M-MUK,medium,Temanggung,B16,15,purging,26,10415,2883,2876,8394,9328,2882,9593,14450,14258,14830,,
2550180,M-MUK,medium,Temanggung,B16,15,purging,27,10391,2883,2876,8394,9325,2882,9592,14439,14244,14823,,
2551180,M-MUK,medium,Temanggung,B16,15,purging,28,10368,2883,2876,8395,9321,2882,9590,14429,14230,14816,,
2552180,M-MUK,medium,Temanggung,B16,15,purging,29,10347,2883,2876,8395,9319,2882,9589,14419,14217,14809,,
2553180,M-MUK,medium,Temanggung,B16,15,purging,30,10328,2883,2876,8396,9315,2882,9589,14409,14204,14802,,
2554180,M-MUK,medium,Temanggung,B16,15,purging,31,10310,2883,2876,8396,9311,2882,9588,14400,14191,14796,,
2555181,M-MUK,medium,Temanggung,B16,15,purging,32,10293,2883,2876,8396,9308,2882,9587,14391,14179,14789,,
2556180,M-MUK,medium,Temanggung,B16,15,purging,33,10278,2883,2876,8397,9305,2882,9587,14382,14167,14783,,
2557180,M-MUK,medium,Temanggung,B16,15,purging,34,10263,2883,2876,8398,9302,2882,9586,14374,14155,14777,,
2558180,M-MUK,medium,Temanggung,B16,15,purging,35,10249,2883,2876,8398,9299,2882,9586,14366,14144,14772,,
2559180,M-MUK,medium,Temanggung,B16,15,purging,36,10236,2883,2876,8398,9297,2880,9585,14358,14134,14767,,
2560180,M-MUK,medium,Temanggung,B16,15,purging,37,10224,2883,2878,8399,9295,2882,9584,14349,14123,14761,,
2561180,M-MUK,medium,Temanggung,B16,15,purging,38,10212,2883,2876,8399,9293,2882,9584,14342,14113,14756,,
2562181,M-MUK,medium,Temanggung,B16,15,purging,39,10202,2883,2876,8399,9290,2882,9585,14335,14104,14751,,
2563180,M-MUK,medium,Temanggung,B16,15,purging,40,10192,2883,2876,8399,9288,2882,9585,14328,14095,14747,,
2564180,M-MUK,medium,Temanggung,B16,15,purging,41,10183,2883,2876,8400,9286,2882,9584,14321,14086,14742,,
2565180,M-MUK,medium,Temanggung,B16,15,purging,42,10174,2883,2876,8400,9284,2882,9583,14315,14077,14738,,
2566180,M-MUK,medium,Temanggung,B16,15,purging,43,10166,2883,2876,8401,9283,2880,9583,14308,14069,14734,,
2567180,M-MUK,medium,Temanggung,B16,15,purging,44,10159,2885,2876,8401,9280,2882,9583,14302,14061,14730,,
2568180,M-MUK,medium,Temanggung,B16,15,purging,45,10151,2883,2876,8401,9279,2882,9583,14296,14053,14726,,
2569180,M-MUK,medium,Temanggung,B16,15,purging,46,10145,2883,2876,8402,9277,2882,9583,14289,14046,14722,,
2570180,M-MUK,medium,Temanggung,B16,15,purging,47,10137,2885,2876,8402,9276,2882,9583,14284,14040,14718,,
2571181,M-MUK,medium,Temanggung,B16,15,purging,48,10131,2883,2878,8402,9274,2882,9583,14278,14032,14714,,
2572180,M-MUK,medium,Temanggung,B16,15,purging,49,10125,2883,2878,8403,9273,2882,9584,14272,14026,14710,,
2573180,M-MUK,medium,Temanggung,B16,15,purging,50,10120,2883,2876,8403,9271,2882,9583,14267,14019,14706,,
2574180,M-MUK,medium,Temanggung,B16,15,purging,51,10114,2881,2876,8403,9270,2882,9583,14261,14012,14703,,
2575180,M-MUK,medium,Temanggung,B16,15,purging,52,10109,2883,2878,8403,9269,2882,9582,14256,14006,14700,,
2576180,M-MUK,medium,Temanggung,B16,15,purging,53,10105,2883,2878,8403,9268,2882,9583,14252,14000,14697,,
2577180,M-MUK,medium,Temanggung,B16,15,purging,54,10101,2883,2876,8404,9266,2882,9583,14247,13994,14694,,
2578181,M-MUK,medium,Temanggung,B16,15,purging,55,10097,2881,2878,8404,9266,2882,9583,14242,13988,14691,,
2579180,M-MUK,medium,Temanggung,B16,15,purging,56,10094,2883,2876,8404,9265,2882,9584,14238,13984,14688,,
2580180,M-MUK,medium,Temanggung,B16,15,purging,57,10091,2881,2876,8404,9264,2882,9584,14234,13978,14686,,
2581180,M-MUK,medium,Temanggung,B16,15,purging,58,10087,2880,2878,8405,9263,2882,9584,14230,13974,14683,,
2582180,M-MUK,medium,Temanggung,B16,15,purging,59,10083,2881,2874,8405,9262,2882,9584,14226,13969,14680,,
2583180,M-MUK,medium,Temanggung,B16,15,purging,60,10079,2883,2878,8405,9261,2882,9584,14221,13964,14678,,
2584180,M-MUK,medium,Temanggung,B16,15,purging,61,10075,2881,2878,8405,9260,2882,9584,14217,13960,14676,,
2585180,M-MUK,medium,Temanggung,B16,15,purging,62,10071,2881,2878,8405,9259,2882,9584,14213,13954,14673,,
2586180,M-MUK,medium,Temanggung,B16,15,purging,63,10067,2883,2876,8406,9258,2882,9584,14208,13950,14671,,
2587181,M-MUK,medium,Temanggung,B16,15,purging,64,10063,2881,2876,8406,9256,2880,9584,14204,13945,14667,,
2588180,M-MUK,medium,Temanggung,B16,15,purging,65,10059,2883,2878,8406,9255,2882,9583,14199,13940,14664,,
2589180,M-MUK,medium,Temanggung,B16,15,purging,66,10055,2883,2876,8406,9254,2882,9582,14195,13936,14663,,
2590180,M-MUK,medium,Temanggung,B16,15,purging,67,10051,2883,2874,8406,9253,2882,9581,14191,13930,14660,,
2591180,M-MUK,medium,Temanggung,B16,15,purging,68,10047,2883,2876,8406,9251,2882,9581,14187,13925,14657,,
2592180,M-MUK,medium,Temanggung,B16,15,purging,69,10043,2883,2878,8406,9250,2882,9581,14183,13921,14654,,
2593180,M-MUK,medium,Temanggung,B16,15,purging,70,10039,2883,2876,8406,9248,2882,9580,14179,13916,14652,,
2594181,M-MUK,medium,Temanggung,B16,15,purging,71,10035,2883,2878,8406,9246,2882,9580,14175,13911,14649,,
2595180,M-MUK,medium,Temanggung,B16,15,purging,72,10031,2881,2876,8406,9245,2882,9580,14171,13907,14647,,
2596180,M-MUK,medium,Temanggung,B16,15,purging,73,10028,2883,2876,8406,9243,2882,9580,14167,13902,14644,,
2597180,M-MUK,medium,Temanggung,B16,15,purging,74,10025,2883,2874,8406,9242,2882,9579,14163,13897,14642,,
2598180,M-MUK,medium,Temanggung,B16,15,purging,75,10022,2883,2876,8406,9241,2882,9578,14159,13893,14640,,
2599180,M-MUK,medium,Temanggung,B16,15,purging,76,10019,2883,2878,8406,9240,2882,9579,14156,13889,14638,,
2600180,M-MUK,medium,Temanggung,B16,15,purging,77,10017,2883,2876,8406,9240,2882,9579,14152,13885,14636,,
2601180,M-MUK,medium,Temanggung,B16,15,purging,78,10015,2883,2876,8406,9238,2882,9579,14149,13881,14635,,
2602180,M-MUK,medium,Temanggung,B16,15,purging,79,10012,2883,2874,8406,9238,2882,9579,14146,13877,14633,,
2603181,M-MUK,medium,Temanggung,B16,15,purging,80,10010,2883,2878,8406,9238,2880,9580,14143,13874,14632,,
2604180,M-MUK,medium,Temanggung,B16,15,purging,81,10007,2883,2876,8406,9237,2882,9581,14140,13871,14630,,
2605180,M-MUK,medium,Temanggung,B16,15,purging,82,10005,2883,2878,8406,9237,2882,9580,14137,13867,14629,,
2606180,M-MUK,medium,Temanggung,B16,15,purging,83,10002,2883,2876,8406,9237,2880,9581,14135,13864,14628,,
2607180,M-MUK,medium,Temanggung,B16,15,purging,84,9999,2883,2878,8406,9236,2882,9581,14132,13861,14627,,
2608180,M-MUK,medium,Temanggung,B16,15,purging,85,9996,2881,2876,8406,9235,2882,9581,14130,13858,14626,,
2609180,M-MUK,medium,Temanggung,B16,15,purging,86,9993,2883,2876,8406,9235,2882,9583,14127,13855,14625,,
2610181,M-MUK,medium,Temanggung,B16,15,purging,87,9990,2883,2874,8407,9234,2880,9584,14124,13852,14624,,
2611180,M-MUK,medium,Temanggung,B16,15,purging,88,9987,2883,2878,8406,9234,2882,9585,14121,13849,14622,,
2612180,M-MUK,medium,Temanggung,B16,15,purging,89,9984,2883,2878,8406,9234,2880,9586,14118,13846,14621,,
2613180,M-MUK,medium,Temanggung,B16,15,purging,90,9981,2881,2876,8406,9233,2880,9586,14115,13842,14619,,
2614180,M-MUK,medium,Temanggung,B16,15,purging,91,9979,2881,2878,8406,9232,2882,9586,14112,13839,14618,,
2615180,M-MUK,medium,Temanggung,B16,15,purging,92,9976,2881,2878,8406,9232,2882,9587,14109,13836,14616,,
2616180,M-MUK,medium,Temanggung,B16,15,purging,93,9973,2883,2876,8406,9231,2882,9587,14106,13833,14615,,
2617180,M-MUK,medium,Temanggung,B16,15,purging,94,9970,2885,2878,8406,9231,2882,9587,14103,13830,14614,,
2618180,M-MUK,medium,Temanggung,B16,15,purging,95,9967,2881,2876,8406,9231,2880,9587,14101,13827,14613,,
2619181,M-MUK,medium,Temanggung,B16,15,purging,96,9964,2881,2876,8406,9231,2882,9587,14098,13824,14612,,
2620180,M-MUK,medium,Temanggung,B16,15,purging,97,9962,2880,2878,8406,9229,2880,9586,14095,13821,14609,,
2621180,M-MUK,medium,Temanggung,B16,15,purging,98,9959,2883,2874,8406,9228,2880,9585,14092,13818,14607,,
2622180,M-MUK,medium,Temanggung,B16,15,purging,99,9957,2881,2878,8406,9226,2882,9584,14089,13814,14605,,
2623180,M-MUK,medium,Temanggung,B16,15,purging,100,9955,2881,2876,8406,9225,2882,9584,14085,13811,14603,,
2624180,M-MUK,medium,Temanggung,B16,15,purging,101,9953,2883,2876,8406,9224,2882,9584,14083,13807,14602,,
2625180,M-MUK,medium,Temanggung,B16,15,purging,102,9951,2883,2878,8406,9222,2882,9583,14079,13804,14601,,
2626181,M-MUK,medium,Temanggung,B16,15,purging,103,9949,2883,2878,8406,9222,2882,9583,14078,13801,14600,,
2627180,M-MUK,medium,Temanggung,B16,15,purging,104,9948,2881,2878,8406,9221,2882,9584,14075,13798,14598,,
2628180,M-MUK,medium,Temanggung,B16,15,purging,105,9946,2883,2876,8406,9221,2880,9584,14072,13795,14597,,
2629180,M-MUK,medium,Temanggung,B16,15,purging,106,9944,2883,2876,8407,9220,2880,9583,14070,13793,14596,,
2630180,M-MUK,medium,Temanggung,B16,15,purging,107,9943,2883,2878,8407,9220,2882,9584,14068,13790,14595,,
2631180,M-MUK,medium,Temanggung,B16,15,purging,108,9941,2883,2876,8407,9219,2882,9583,14066,13787,14594,,
2632180,M-MUK,medium,Temanggung,B16,15,purging,109,9940,2885,2876,8407,9219,2880,9584,14063,13784,14593,,
2633180,M-MUK,medium,Temanggung,B16,15,purging,110,9938,2881,2878,8406,9219,2880,9584,14061,13781,14592,,
2634180,M-MUK,medium,Temanggung,B16,15,purging,111,9936,2883,2874,8406,9218,2882,9584,14058,13778,14591,,
2635181,M-MUK,medium,Temanggung,B16,15,purging,112,9935,2883,2878,8406,9217,2882,9584,14056,13776,14589,,
2636180,M-MUK,medium,Temanggung,B16,15,purging,113,9932,2883,2878,8406,9217,2882,9583,14053,13773,14588,,
2637180,M-MUK,medium,Temanggung,B16,15,purging,114,9931,2881,2878,8406,9216,2882,9583,14050,13770,14587,,
2638180,M-MUK,medium,Temanggung,B16,15,purging,115,9930,2883,2878,8406,9215,2882,9582,14048,13767,14585,,
2639180,M-MUK,medium,Temanggung,B16,15,purging,116,9928,2881,2878,8406,9214,2882,9582,14045,13765,14584,,
2640180,M-MUK,medium,Temanggung,B16,15,purging,117,9926,2883,2878,8407,9213,2880,9582,14043,13762,14582,,
2641180,M-MUK,medium,Temanggung,B16,15,purging,118,9924,2881,2874,8406,9212,2882,9581,14040,13759,14580,,
2642181,M-MUK,medium,Temanggung,B16,15,purging,119,9922,2883,2874,8406,9210,2882,9580,14037,13756,14578,,
2643180,M-MUK,medium,Temanggung,B16,15,purging,120,9921,2883,2878,8406,9209,2882,9579,14034,13753,14577,,
2644184,M-MUK,medium,Temanggung,B16,15,collecting,1,9920,2883,2878,8407,9208,2882,9580,14032,13750,14575,,
2645180,M-MUK,medium,Temanggung,B16,15,collecting,2,9919,2881,2878,8404,9204,2882,9578,14029,13746,14569,,
2646180,M-MUK,medium,Temanggung,B16,15,collecting,3,10072,2883,2876,8404,9228,2880,9598,14049,13751,14600,,
2647180,M-MUK,medium,Temanggung,B16,15,collecting,4,10596,2883,2878,8404,9299,2882,9663,14148,13810,14685,,
2648180,M-MUK,medium,Temanggung,B16,15,collecting,5,11321,2880,2878,8404,9393,2882,9739,14310,13928,14782,,
2649180,M-MUK,medium,Temanggung,B16,15,collecting,6,11994,2885,2874,8404,9477,2882,9792,14479,14085,14867,,
2650180,M-MUK,medium,Temanggung,B16,15,collecting,7,12519,2887,2878,8404,9540,2884,9820,14624,14248,14935,,
2651181,M-MUK,medium,Temanggung,B16,15,collecting,8,12895,2887,2878,8404,9581,2882,9827,14736,14395,14987,,
2652180,M-MUK,medium,Temanggung,B16,15,collecting,9,13151,2887,2878,8403,9607,2882,9824,14817,14517,15025,,
2653180,M-MUK,medium,Temanggung,B16,15,collecting,10,13320,2890,2878,8403,9620,2884,9812,14872,14615,15054,,
2654180,M-MUK,medium,Temanggung,B16,15,collecting,11,13425,2887,2878,8403,9627,2884,9800,14910,14689,15076,,
2655180,M-MUK,medium,Temanggung,B16,15,collecting,12,13484,2887,2876,8401,9628,2882,9787,14936,14747,15091,,
2656180,M-MUK,medium,Temanggung,B16,15,collecting,13,13511,2887,2878,8400,9628,2884,9776,14952,14789,15103,,
2657180,M-MUK,medium,Temanggung,B16,15,collecting,14,13515,2887,2878,8399,9624,2882,9765,14963,14820,15112,,
2658181,M-MUK,medium,Temanggung,B16,15,collecting,15,13501,2887,2878,8398,9620,2882,9755,14969,14843,15118,,
2659180,M-MUK,medium,Temanggung,B16,15,collecting,16,13476,2889,2874,8397,9615,2884,9745,14974,14860,15123,,
2660180,M-MUK,medium,Temanggung,B16,15,collecting,17,13442,2887,2878,8397,9610,2880,9737,14976,14871,15126,,
2661180,M-MUK,medium,Temanggung,B16,15,collecting,18,13403,2887,2878,8396,9605,2882,9730,14976,14879,15129,,
2662180,M-MUK,medium,Temanggung,B16,15,collecting,19,13360,2890,2878,8395,9599,2882,9724,14975,14884,15131,,
2663180,M-MUK,medium,Temanggung,B16,15,collecting,20,13315,2887,2876,8394,9594,2882,9718,14974,14886,15132,,
2664180,M-MUK,medium,Temanggung,B16,15,collecting,21,13268,2890,2876,8393,9589,2882,9713,14972,14887,15132,,
2665180,M-MUK,medium,Temanggung,B16,15,collecting,22,13220,2887,2878,8392,9584,2882,9708,14970,14886,15132,,
2666180,M-MUK,medium,Temanggung,B16,15,collecting,23,13173,2887,2876,8391,9579,2880,9706,14968,14884,15132,,
2667181,M-MUK,medium,Temanggung,B16,15,collecting,24,13126,2883,2878,8390,9575,2882,9703,14965,14881,15132,,
2668180,M-MUK,medium,Temanggung,B16,15,collecting,25,13081,2887,2878,8389,9571,2880,9699,14963,14877,15131,,
2669180,M-MUK,medium,Temanggung,B16,15,collecting,26,13035,2885,2878,8389,9568,2880,9695,14959,14873,15130,,
2670180,M-MUK,medium,Temanggung,B16,15,collecting,27,12992,2887,2876,8388,9565,2880,9693,14956,14869,15129,,
2671180,M-MUK,medium,Temanggung,B16,15,collecting,28,12950,2885,2876,8388,9561,2884,9691,14952,14865,15128,,
2672180,M-MUK,medium,Temanggung,B16,15,collecting,29,12908,2885,2878,8387,9557,2880,9689,14948,14859,15126,,
2673180,M-MUK,medium,Temanggung,B16,15,collecting,30,12869,2887,2878,8387,9554,2880,9687,14945,14854,15124,,
2674181,M-MUK,medium,Temanggung,B16,15,collecting,31,12831,2887,2878,8387,9551,2882,9686,14941,14849,15123,,
2675180,M-MUK,medium,Temanggung,B16,15,collecting,32,12795,2887,2878,8386,9548,2884,9684,14937,14843,15121,,
2676180,M-MUK,medium,Temanggung,B16,15,collecting,33,12760,2885,2878,8386,9545,2880,9682,14933,14838,15120,,
2677180,M-MUK,medium,Temanggung,B16,15,collecting,34,12726,2885,2878,8385,9543,2882,9681,14930,14833,15118,,
2678180,M-MUK,medium,Temanggung,B16,15,collecting,35,12694,2887,2876,8385,9540,2880,9680,14927,14827,15116,,
2679180,M-MUK,medium,Temanggung,B16,15,collecting,36,12663,2887,2878,8385,9538,2884,9678,14923,14822,15113,,
2680180,M-MUK,medium,Temanggung,B16,15,collecting,37,12633,2887,2878,8385,9535,2882,9676,14920,14816,15112,,
2681180,M-MUK,medium,Temanggung,B16,15,collecting,38,12604,2887,2878,8384,9532,2882,9677,14917,14811,15110,,
2682180,M-MUK,medium,Temanggung,B16,15,collecting,39,12577,2887,2878,8384,9530,2880,9675,14913,14806,15107,,
2683181,M-MUK,medium,Temanggung,B16,15,collecting,40,12550,2885,2878,8384,9527,2880,9673,14909,14800,15105,,
2684180,M-MUK,medium,Temanggung,B16,15,collecting,41,12524,2885,2876,8384,9525,2880,9672,14905,14795,15103,,
2685180,M-MUK,medium,Temanggung,B16,15,collecting,42,12499,2887,2878,8384,9523,2882,9671,14901,14789,15101,,
2686180,M-MUK,medium,Temanggung,B16,15,collecting,43,12475,2887,2876,8384,9520,2882,9670,14898,14783,15098,,
2687180,M-MUK,medium,Temanggung,B16,15,collecting,44,12453,2883,2878,8384,9518,2882,9669,14894,14777,15096,,
2688180,M-MUK,medium,Temanggung,B16,15,collecting,45,12432,2887,2876,8383,9517,2882,9667,14891,14773,15094,,
2689180,M-MUK,medium,Temanggung,B16,15,collecting,46,12411,2887,2878,8383,9515,2884,9666,14888,14767,15093,,
2690181,M-MUK,medium,Temanggung,B16,15,collecting,47,12392,2887,2878,8383,9514,2882,9667,14886,14763,15091,,
2691180,M-MUK,medium,Temanggung,B16,15,collecting,48,12373,2887,2878,8383,9512,2884,9666,14883,14758,15089,,
2692180,M-MUK,medium,Temanggung,B16,15,collecting,49,12356,2885,2876,8383,9512,2880,9665,14880,14754,15087,,
2693180,M-MUK,medium,Temanggung,B16,15,collecting,50,12338,2887,2878,8383,9510,2884,9664,14878,14750,15086,,
2694180,M-MUK,medium,Temanggung,B16,15,collecting,51,12322,2885,2876,8383,9508,2880,9665,14875,14745,15084,,
2695180,M-MUK,medium,Temanggung,B16,15,collecting,52,12306,2887,2874,8383,9507,2884,9665,14873,14742,15082,,
2696180,M-MUK,medium,Temanggung,B16,15,collecting,53,12291,2887,2876,8383,9506,2880,9665,14869,14737,15080,,
2697180,M-MUK,medium,Temanggung,B16,15,collecting,54,12276,2887,2878,8383,9505,2882,9664,14867,14732,15078,,
2698180,M-MUK,medium,Temanggung,B16,15,collecting,55,12262,2887,2878,8383,9503,2884,9664,14864,14729,15076,,
2699181,M-MUK,medium,Temanggung,B16,15,collecting,56,12247,2887,2878,8384,9502,2882,9663,14862,14725,15074,,
2700180,M-MUK,medium,Temanggung,B16,15,collecting,57,12233,2887,2878,8384,9500,2882,9662,14859,14721,15072,,
2701180,M-MUK,medium,Temanggung,B16,15,collecting,58,12219,2885,2878,8384,9499,2884,9661,14857,14717,15070,,
2702180,M-MUK,medium,Temanggung,B16,15,collecting,59,12206,2887,2878,8384,9497,2882,9661,14853,14713,15068,,
2703180,M-MUK,medium,Temanggung,B16,15,collecting,60,12193,2885,2878,8384,9497,2882,9660,14851,14709,15066,,
2704183,M-MUK,medium,Temanggung,B16,16,purging,1,12181,2887,2876,8385,9496,2880,9660,14849,14705,15065,,
2705180,M-MUK,medium,Temanggung,B16,16,purging,2,12170,2883,2878,8386,9496,2880,9662,14847,14702,15066,,
2706181,M-MUK,medium,Temanggung,B16,16,purging,3,12131,2885,2878,8387,9493,2880,9662,14840,14698,15062,,
2707180,M-MUK,medium,Temanggung,B16,16,purging,4,12051,2883,2878,8387,9485,2880,9657,14822,14686,15051,,
2708180,M-MUK,medium,Temanggung,B16,16,purging,5,11942,2887,2878,8387,9473,2884,9650,14797,14667,15036,,
2709180,M-MUK,medium,Temanggung,B16,16,purging,6,11818,2887,2876,8388,9461,2882,9643,14770,14644,15021,,
2710180,M-MUK,medium,Temanggung,B16,16,purging,7,11688,2887,2878,8388,9447,2880,9636,14742,14616,15005,,
2711180,M-MUK,medium,Temanggung,B16,16,purging,8,11558,2887,2876,8389,9434,2880,9630,14714,14587,14989,,
2712180,M-MUK,medium,Temanggung,B16,16,purging,9,11433,2887,2878,8389,9422,2880,9625,14687,14557,14974,,
2713180,M-MUK,medium,Temanggung,B16,16,purging,10,11314,2885,2878,8390,9411,2884,9620,14663,14527,14960,,
2714180,M-MUK,medium,Temanggung,B16,16,purging,11,11203,2885,2876,8391,9400,2882,9616,14639,14498,14946,,
2715181,M-MUK,medium,Temanggung,B16,16,purging,12,11100,2885,2878,8391,9390,2880,9613,14617,14470,14932,,
2716180,M-MUK,medium,Temanggung,B16,16,purging,13,11006,2881,2876,8391,9382,2884,9611,14597,14443,14920,,
2717180,M-MUK,medium,Temanggung,B16,16,purging,14,10919,2882,2878,8393,9375,2880,9609,14577,14417,14908,,
2718180,M-MUK,medium,Temanggung,B16,16,purging,15,10841,2882,2878,8393,9367,2884,9607,14559,14392,14896,,
2719180,M-MUK,medium,Temanggung,B16,16,purging,16,10770,2885,2878,8394,9361,2880,9606,14541,14369,14886,,
2720180,M-MUK,medium,Temanggung,B16,16,purging,17,10707,2880,2876,8395,9355,2882,9605,14525,14347,14875,,
2721180,M-MUK,medium,Temanggung,B16,16,purging,18,10650,2880,2878,8395,9350,2882,9603,14510,14326,14866,,
2722181,M-MUK,medium,Temanggung,B16,16,purging,19,10599,2880,2878,8396,9345,2880,9604,14495,14307,14856,,
2723180,M-MUK,medium,Temanggung,B16,16,purging,20,10552,2885,2878,8397,9341,2880,9603,14481,14289,14847,,
2724180,M-MUK,medium,Temanggung,B16,16,purging,21,10510,2880,2878,8398,9337,2884,9601,14468,14271,14839,,
2725180,M-MUK,medium,Temanggung,B16,16,purging,22,10472,2880,2876,8399,9334,2880,9601,14455,14254,14831,,
2726180,M-MUK,medium,Temanggung,B16,16,purging,23,10437,2883,2876,8399,9331,2880,9601,14443,14238,14824,,
2727180,M-MUK,medium,Temanggung,B16,16,purging,24,10405,2883,2876,8400,9328,2880,9601,14431,14224,14817,,
2728180,M-MUK,medium,Temanggung,B16,16,purging,25,10376,2880,2876,8401,9326,2882,9600,14420,14210,14810,,
2729180,M-MUK,medium,Temanggung,B16,16,purging,26,10350,2880,2878,8401,9324,2880,9601,14410,14197,14803,,
2730180,M-MUK,medium,Temanggung,B16,16,purging,27,10325,2883,2878,8402,9322,2884,9602,14399,14185,14797,,
2731181,M-MUK,medium,Temanggung,B16,16,purging,28,10303,2881,2876,8403,9320,2884,9603,14389,14172,14791,,
2732180,M-MUK,medium,Temanggung,B16,16,purging,29,10282,2885,2876,8403,9319,2882,9603,14379,14160,14785,,
2733180,M-MUK,medium,Temanggung,B16,16,purging,30,10262,2882,2876,8403,9316,2884,9603,14370,14149,14779,,
2734180,M-MUK,medium,Temanggung,B16,16,purging,31,10244,2882,2878,8404,9314,2882,9602,14360,14138,14772,,
2735180,M-MUK,medium,Temanggung,B16,16,purging,32,10227,2880,2876,8404,9310,2884,9602,14351,14127,14767,,
2736180,M-MUK,medium,Temanggung,B16,16,purging,33,10211,2885,2878,8405,9308,2880,9601,14342,14115,14761,,
2737180,M-MUK,medium,Temanggung,B16,16,purging,34,10197,2885,2876,8405,9305,2882,9601,14334,14104,14754,,
2738181,M-MUK,medium,Temanggung,B16,16,purging,35,10183,2885,2876,8406,9302,2880,9600,14325,14093,14750,,
2739180,M-MUK,medium,Temanggung,B16,16,purging,36,10170,2882,2876,8406,9300,2884,9598,14317,14082,14744,,
2740180,M-MUK,medium,Temanggung,B16,16,purging,37,10157,2885,2876,8406,9297,2884,9597,14309,14073,14739,,
2741180,M-MUK,medium,Temanggung,B16,16,purging,38,10146,2885,2878,8407,9296,2884,9596,14302,14063,14734,,
2742180,M-MUK,medium,Temanggung,B16,16,purging,39,10136,2882,2876,8407,9294,2884,9596,14294,14054,14729,,
2743180,M-MUK,medium,Temanggung,B16,16,purging,40,10125,2882,2876,8407,9293,2880,9595,14287,14045,14725,,
2744180,M-MUK,medium,Temanggung,B16,16,purging,41,10116,2882,2876,8408,9292,2884,9596,14280,14037,14721,,
2745180,M-MUK,medium,Temanggung,B16,16,purging,42,10106,2882,2876,8408,9290,2882,9596,14274,14029,14717,,
2746180,M-MUK,medium,Temanggung,B16,16,purging,43,10098,2882,2876,8409,9289,2884,9596,14267,14021,14713,,
2747181,M-MUK,medium,Temanggung,B16,16,purging,44,10090,2880,2876,8409,9287,2884,9596,14261,14014,14709,,
2748180,M-MUK,medium,Temanggung,B16,16,purging,45,10082,2882,2876,8410,9286,2882,9595,14254,14007,14705,,
2749180,M-MUK,medium,Temanggung,B16,16,purging,46,10074,2882,2878,8410,9284,2882,9595,14248,13999,14700,,
2750180,M-MUK,medium,Temanggung,B16,16,purging,47,10067,2883,2873,8410,9282,2882,9594,14241,13992,14696,,
2751180,M-MUK,medium,Temanggung,B16,16,purging,48,10060,2882,2876,8411,9280,2884,9593,14235,13985,14692,,
2752180,M-MUK,medium,Temanggung,B16,16,purging,49,10053,2882,2876,8411,9278,2880,9592,14230,13978,14688,,
2753180,M-MUK,medium,Temanggung,B16,16,purging,50,10047,2882,2876,8412,9277,2882,9592,14224,13971,14685,,
2754181,M-MUK,medium,Temanggung,B16,16,purging,51,10041,2883,2876,8411,9277,2880,9592,14218,13966,14682,,
2755180,M-MUK,medium,Temanggung,B16,16,purging,52,10036,2885,2876,8412,9276,2880,9592,14213,13960,14679,,
2756180,M-MUK,medium,Temanggung,B16,16,purging,53,10030,2882,2876,8412,9275,2880,9593,14207,13955,14676,,
2757180,M-MUK,medium,Temanggung,B16,16,purging,54,10026,2882,2876,8412,9276,2884,9594,14202,13950,14674,,
2758180,M-MUK,medium,Temanggung,B16,16,purging,55,10021,2882,2876,8413,9276,2880,9596,14198,13945,14672,,
2759180,M-MUK,medium,Temanggung,B16,16,purging,56,10017,2882,2878,8414,9276,2882,9597,14194,13942,14669,,
2760180,M-MUK,medium,Temanggung,B16,16,purging,57,10012,2882,2876,8414,9277,2884,9597,14189,13938,14668,,
2761180,M-MUK,medium,Temanggung,B16,16,purging,58,10008,2882,2876,8415,9278,2880,9598,14184,13935,14666,,
2762180,M-MUK,medium,Temanggung,B16,16,purging,59,10004,2882,2876,8415,9279,2880,9599,14180,13932,14664,,
2763181,M-MUK,medium,Temanggung,B16,16,purging,60,9999,2882,2873,8416,9281,2880,9600,14175,13930,14662,,
2764180,M-MUK,medium,Temanggung,B16,16,purging,61,9995,2882,2876,8417,9282,2884,9600,14171,13927,14660,,
2765180,M-MUK,medium,Temanggung,B16,16,purging,62,9991,2882,2876,8417,9282,2884,9600,14167,13924,14658,,
2766180,M-MUK,medium,Temanggung,B16,16,purging,63,9986,2882,2876,8417,9279,2882,9598,14162,13921,14654,,
2767180,M-MUK,medium,Temanggung,B16,16,purging,64,9982,2882,2873,8417,9277,2880,9596,14157,13915,14651,,
2768180,M-MUK,medium,Temanggung,B16,16,purging,65,9977,2882,2876,8417,9273,2880,9594,14153,13909,14647,,
2769180,M-MUK,medium,Temanggung,B16,16,purging,66,9974,2882,2876,8416,9270,2884,9593,14148,13903,14644,,
2770181,M-MUK,medium,Temanggung,B16,16,purging,67,9970,2882,2876,8416,9266,2884,9591,14144,13896,14640,,
2771180,M-MUK,medium,Temanggung,B16,16,purging,68,9967,2880,2876,8416,9262,2880,9590,14139,13889,14637,,
2772180,M-MUK,medium,Temanggung,B16,16,purging,69,9964,2882,2875,8416,9259,2884,9589,14135,13883,14634,,
2773180,M-MUK,medium,Temanggung,B16,16,purging,70,9962,2882,2876,8416,9256,2880,9587,14131,13876,14632,,
2774180,M-MUK,medium,Temanggung,B16,16,purging,71,9958,2882,2876,8416,9254,2880,9587,14127,13870,14629,,
2775180,M-MUK,medium,Temanggung,B16,16,purging,72,9956,2882,2873,8416,9251,2880,9586,14122,13864,14626,,
2776180,M-MUK,medium,Temanggung,B16,16,purging,73,9954,2882,2876,8416,9250,2884,9585,14118,13859,14624,,
2777180,M-MUK,medium,Temanggung,B16,16,purging,74,9951,2882,2876,8416,9247,2884,9585,14115,13853,14622,,
2778180,M-MUK,medium,Temanggung,B16,16,purging,75,9948,2882,2876,8416,9245,2884,9584,14112,13848,14619,,
2779181,M-MUK,medium,Temanggung,B16,16,purging,76,9946,2882,2876,8416,9244,2884,9584,14108,13843,14617,,
2780180,M-MUK,medium,Temanggung,B16,16,purging,77,9944,2882,2876,8416,9243,2884,9585,14105,13838,14615,,
2781180,M-MUK,medium,Temanggung,B16,16,purging,78,9942,2885,2876,8416,9241,2882,9585,14102,13833,14613,,
2782180,M-MUK,medium,Temanggung,B16,16,purging,79,9939,2882,2873,8416,9238,2884,9584,14098,13828,14610,,
2783180,M-MUK,medium,Temanggung,B16,16,purging,80,9937,2882,2878,8415,9237,2884,9584,14094,13824,14608,,
2784180,M-MUK,medium,Temanggung,B16,16,purging,81,9935,2882,2876,8415,9234,2884,9583,14091,13819,14606,,
2785180,M-MUK,medium,Temanggung,B16,16,purging,82,9934,2885,2876,8415,9233,2884,9582,14088,13814,14603,,
2786181,M-MUK,medium,Temanggung,B16,16,purging,83,9932,2882,2873,8415,9232,2884,9582,14084,13809,14602,,
2787180,M-MUK,medium,Temanggung,B16,16,purging,84,9931,2882,2876,8415,9231,2884,9583,14082,13806,14600,,
2788180,M-MUK,medium,Temanggung,B16,16,purging,85,9930,2882,2876,8415,9230,2884,9582,14079,13802,14598,,
2789180,M-MUK,medium,Temanggung,B16,16,purging,86,9928,2882,2878,8415,9229,2882,9582,14076,13798,14597,,
2790180,M-MUK,medium,Temanggung,B16,16,purging,87,9927,2882,2878,8415,9228,2884,9582,14073,13794,14595,,
2791180,M-MUK,medium,Temanggung,B16,16,purging,88,9926,2882,2876,8415,9227,2884,9583,14070,13790,14593,,
2792180,M-MUK,medium,Temanggung,B16,16,purging,89,9924,2882,2876,8415,9226,2882,9582,14067,13786,14592,,
2793180,M-MUK,medium,Temanggung,B16,16,purging,90,9923,2882,2876,8414,9225,2884,9582,14065,13783,14590,,
2794180,M-MUK,medium,Temanggung,B16,16,purging,91,9921,2882,2876,8414,9223,2882,9581,14061,13779,14588,,
2795181,M-MUK,medium,Temanggung,B16,16,purging,92,9918,2882,2873,8415,9222,2884,9581,14059,13775,14587,,
2796180,M-MUK,medium,Temanggung,B16,16,purging,93,9916,2882,2876,8415,9221,2882,9582,14056,13771,14585,,
2797180,M-MUK,medium,Temanggung,B16,16,purging,94,9913,2882,2876,8415,9220,2884,9582,14054,13768,14584,,
2798180,M-MUK,medium,Temanggung,B16,16,purging,95,9911,2883,2876,8415,9219,2882,9582,14051,13764,14582,,
2799180,M-MUK,medium,Temanggung,B16,16,purging,96,9909,2882,2873,8415,9218,2882,9583,14048,13760,14581,,
2800180,M-MUK,medium,Temanggung,B16,16,purging,97,9907,2882,2876,8415,9217,2882,9582,14045,13756,14579,,
2801180,M-MUK,medium,Temanggung,B16,16,purging,98,9906,2882,2876,8416,9216,2884,9581,14043,13753,14577,,
2802181,M-MUK,medium,Temanggung,B16,16,purging,99,9904,2882,2876,8415,9215,2882,9580,14041,13749,14576,,
2803180,M-MUK,medium,Temanggung,B16,16,purging,100,9902,2880,2875,8415,9214,2884,9580,14038,13746,14575,,
2804180,M-MUK,medium,Temanggung,B16,16,purging,101,9901,2880,2876,8415,9212,2884,9580,14035,13743,14573,,
2805180,M-MUK,medium,Temanggung,B16,16,purging,102,9901,2882,2876,8415,9213,2882,9581,14033,13739,14572,,
2806180,M-MUK,medium,Temanggung,B16,16,purging,103,9901,2882,2876,8415,9213,2884,9582,14031,13737,14572,,
2807180,M-MUK,medium,Temanggung,B16,16,purging,104,9902,2882,2876,8415,9213,2882,9583,14030,13735,14571,,
2808180,M-MUK,medium,Temanggung,B16,16,purging,105,9902,2885,2876,8415,9212,2882,9582,14028,13733,14570,,
2809180,M-MUK,medium,Temanggung,B16,16,purging,106,9901,2885,2873,8415,9212,2884,9582,14026,13730,14568,,
2810180,M-MUK,medium,Temanggung,B16,16,purging,107,9900,2882,2876,8415,9211,2882,9581,14024,13728,14567,,
2811181,M-MUK,medium,Temanggung,B16,16,purging,108,9898,2882,2876,8415,9210,2884,9582,14022,13725,14566,,
2812180,M-MUK,medium,Temanggung,B16,16,purging,109,9897,2882,2876,8415,9209,2882,9583,14020,13722,14565,,
2813180,M-MUK,medium,Temanggung,B16,16,purging,110,9895,2885,2876,8415,9208,2882,9582,14017,13719,14564,,
2814180,M-MUK,medium,Temanggung,B16,16,purging,111,9893,2882,2876,8415,9207,2882,9582,14015,13716,14562,,
2815180,M-MUK,medium,Temanggung,B16,16,purging,112,9893,2880,2878,8414,9206,2882,9582,14012,13714,14560,,
2816180,M-MUK,medium,Temanggung,B16,16,purging,113,9891,2882,2873,8415,9205,2884,9581,14010,13710,14559,,
2817180,M-MUK,medium,Temanggung,B16,16,purging,114,9890,2885,2876,8414,9204,2882,9581,14007,13707,14558,,
2818181,M-MUK,medium,Temanggung,B16,16,purging,115,9889,2882,2873,8414,9203,2884,9581,14005,13704,14556,,
2819180,M-MUK,medium,Temanggung,B16,16,purging,116,9888,2882,2873,8414,9202,2884,9581,14002,13701,14555,,
2820180,M-MUK,medium,Temanggung,B16,16,purging,117,9887,2882,2875,8414,9201,2884,9581,14000,13698,14554,,
2821180,M-MUK,medium,Temanggung,B16,16,purging,118,9886,2882,2876,8414,9200,2882,9580,13998,13696,14553,,
2822180,M-MUK,medium,Temanggung,B16,16,purging,119,9885,2880,2878,8414,9199,2880,9580,13996,13693,14551,,
2823180,M-MUK,medium,Temanggung,B16,16,purging,120,9885,2882,2876,8415,9198,2882,9579,13994,13691,14549,,
2824183,M-MUK,medium,Temanggung,B16,16,collecting,1,9883,2882,2878,8414,9198,2882,9579,13992,13688,14549,,
2825180,M-MUK,medium,Temanggung,B16,16,collecting,2,9883,2882,2873,8412,9196,2884,9578,13989,13685,14543,,
2826180,M-MUK,medium,Temanggung,B16,16,collecting,3,10032,2882,2876,8412,9223,2882,9596,14010,13692,14575,,
2827181,M-MUK,medium,Temanggung,B16,16,collecting,4,10551,2885,2876,8412,9296,2884,9658,14109,13750,14661,,
2828180,M-MUK,medium,Temanggung,B16,16,collecting,5,11273,2885,2876,8412,9390,2882,9736,14264,13873,14760,,
2829180,M-MUK,medium,Temanggung,B16,16,collecting,6,11962,2883,2873,8412,9479,2882,9795,14436,14035,14850,,
2830180,M-MUK,medium,Temanggung,B16,16,collecting,7,12503,2885,2873,8412,9546,2882,9830,14589,14203,14921,,
2831180,M-MUK,medium,Temanggung,B16,16,collecting,8,12894,2885,2876,8412,9591,2882,9840,14706,14357,14976,,
2832180,M-MUK,medium,Temanggung,B16,16,collecting,9,13161,2887,2878,8412,9619,2884,9838,14792,14487,15017,,
2833180,M-MUK,medium,Temanggung,B16,16,collecting,10,13338,2887,2878,8410,9635,2882,9829,14852,14590,15047,,
2834181,M-MUK,medium,Temanggung,B16,16,collecting,11,13448,2887,2878,8410,9642,2882,9819,14893,14670,15070,,
2835180,M-MUK,medium,Temanggung,B16,16,collecting,12,13510,2887,2875,8408,9645,2882,9806,14920,14731,15086,,
2836180,M-MUK,medium,Temanggung,B16,16,collecting,13,13536,2887,2875,8408,9643,2884,9793,14938,14776,15098,,
2837180,M-MUK,medium,Temanggung,B16,16,collecting,14,13539,2889,2873,8406,9640,2884,9781,14948,14809,15106,,
2838180,M-MUK,medium,Temanggung,B16,16,collecting,15,13524,2889,2878,8405,9635,2884,9770,14953,14833,15112,,
2839180,M-MUK,medium,Temanggung,B16,16,collecting,16,13496,2887,2873,8404,9628,2882,9760,14957,14850,15117,,
2840180,M-MUK,medium,Temanggung,B16,16,collecting,17,13458,2887,2873,8403,9622,2882,9751,14958,14861,15120,,
2841180,M-MUK,medium,Temanggung,B16,16,collecting,18,13415,2887,2876,8402,9615,2882,9743,14958,14868,15122,,
2842180,M-MUK,medium,Temanggung,B16,16,collecting,19,13368,2887,2878,8401,9610,2884,9737,14956,14872,15123,,
2843181,M-MUK,medium,Temanggung,B16,16,collecting,20,13319,2889,2873,8400,9603,2882,9731,14954,14874,15123,,
2844180,M-MUK,medium,Temanggung,B16,16,collecting,21,13268,2887,2878,8399,9597,2882,9725,14951,14873,15123,,
2845180,M-MUK,medium,Temanggung,B16,16,collecting,22,13217,2889,2878,8399,9592,2882,9721,14948,14872,15123,,
2846180,M-MUK,medium,Temanggung,B16,16,collecting,23,13166,2887,2878,8398,9587,2882,9716,14944,14869,15122,,
2847180,M-MUK,medium,Temanggung,B16,16,collecting,24,13115,2887,2873,8397,9582,2882,9712,14940,14865,15122,,
2848180,M-MUK,medium,Temanggung,B16,16,collecting,25,13066,2885,2873,8397,9578,2882,9710,14937,14861,15121,,
2849180,M-MUK,medium,Temanggung,B16,16,collecting,26,13018,2887,2873,8396,9574,2882,9709,14934,14856,15120,,
2850181,M-MUK,medium,Temanggung,B16,16,collecting,27,12972,2887,2873,8395,9570,2882,9707,14930,14851,15118,,
2851180,M-MUK,medium,Temanggung,B16,16,collecting,28,12927,2883,2878,8395,9566,2882,9704,14926,14846,15117,,
2852180,M-MUK,medium,Temanggung,B16,16,collecting,29,12883,2885,2878,8394,9562,2882,9702,14922,14841,15115,,
2853180,M-MUK,medium,Temanggung,B16,16,collecting,30,12842,2885,2875,8394,9560,2882,9699,14918,14835,15113,,
2854180,M-MUK,medium,Temanggung,B16,16,collecting,31,12802,2887,2878,8393,9556,2882,9697,14915,14829,15112,,
2855180,M-MUK,medium,Temanggung,B16,16,collecting,32,12764,2883,2873,8392,9553,2882,9696,14910,14823,15110,,
2856180,M-MUK,medium,Temanggung,B16,16,collecting,33,12728,2887,2873,8392,9550,2882,9694,14906,14817,15108,,
2857180,M-MUK,medium,Temanggung,B16,16,collecting,34,12693,2883,2878,8392,9547,2882,9691,14902,14811,15106,,
2858180,M-MUK,medium,Temanggung,B16,16,collecting,35,12660,2887,2878,8391,9545,2882,9689,14899,14806,15104,,
2859181,M-MUK,medium,Temanggung,B16,16,collecting,36,12630,2883,2875,8391,9542,2882,9689,14895,14799,15102,,
2860180,M-MUK,medium,Temanggung,B16,16,collecting,37,12601,2887,2878,8391,9539,2880,9689,14891,14794,15100,,
2861180,M-MUK,medium,Temanggung,B16,16,collecting,38,12573,2883,2878,8390,9537,2882,9687,14888,14789,15098,,
2862180,M-MUK,medium,Temanggung,B16,16,collecting,39,12546,2887,2873,8389,9535,2880,9686,14885,14783,15096,,
2863180,M-MUK,medium,Temanggung,B16,16,collecting,40,12520,2887,2873,8389,9533,2880,9685,14881,14777,15094,,
2864180,M-MUK,medium,Temanggung,B16,16,collecting,41,12496,2885,2878,8389,9531,2882,9684,14878,14772,15092,,
2865180,M-MUK,medium,Temanggung,B16,16,collecting,42,12472,2887,2873,8389,9530,2882,9683,14875,14767,15090,,
2866181,M-MUK,medium,Temanggung,B16,16,collecting,43,12449,2887,2875,8388,9528,2882,9681,14872,14762,15087,,
2867180,M-MUK,medium,Temanggung,B16,16,collecting,44,12428,2887,2878,8388,9526,2882,9680,14869,14757,15085,,
2868180,M-MUK,medium,Temanggung,B16,16,collecting,45,12407,2885,2875,8388,9525,2882,9679,14866,14752,15084,,
2869180,M-MUK,medium,Temanggung,B16,16,collecting,46,12387,2887,2873,8387,9522,2882,9678,14863,14747,15082,,
2870180,M-MUK,medium,Temanggung,B16,16,collecting,47,12369,2885,2878,8387,9520,2882,9677,14860,14743,15080,,
2871180,M-MUK,medium,Temanggung,B16,16,collecting,48,12351,2887,2875,8387,9520,2882,9677,14858,14738,15078,,
2872180,M-MUK,medium,Temanggung,B16,16,collecting,49,12334,2883,2873,8387,9518,2882,9676,14855,14733,15076,,
2873180,M-MUK,medium,Temanggung,B16,16,collecting,50,12317,2883,2878,8386,9516,2882,9675,14852,14729,15074,,
2874180,M-MUK,medium,Temanggung,B16,16,collecting,51,12301,2883,2873,8386,9513,2882,9674,14849,14725,15072,,
2875181,M-MUK,medium,Temanggung,B16,16,collecting,52,12287,2883,2873,8386,9513,2882,9674,14847,14720,15070,,
2876180,M-MUK,medium,Temanggung,B16,16,collecting,53,12271,2883,2873,8385,9511,2882,9674,14845,14716,15068,,
2877180,M-MUK,medium,Temanggung,B16,16,collecting,54,12258,2883,2875,8385,9509,2882,9672,14842,14712,15067,,
2878180,M-MUK,medium,Temanggung,B16,16,collecting,55,12244,2883,2875,8385,9508,2880,9672,14840,14707,15065,,
2879180,M-MUK,medium,Temanggung,B16,16,collecting,56,12231,2883,2876,8384,9506,2880,9671,14837,14703,15063,,
2880180,M-MUK,medium,Temanggung,B16,16,collecting,57,12218,2885,2873,8384,9505,2882,9670,14834,14700,15061,,
2881180,M-MUK,medium,Temanggung,B16,16,collecting,58,12206,2885,2875,8384,9504,2882,9670,14832,14696,15060,,
2882181,M-MUK,medium,Temanggung,B16,16,collecting,59,12194,2885,2873,8384,9503,2882,9670,14830,14692,15059,,
2883180,M-MUK,medium,Temanggung,B16,16,collecting,60,12182,2887,2878,8384,9501,2882,9671,14828,14688,15057,,
2884184,M-MUK,medium,Temanggung,B16,17,purging,1,12172,2883,2876,8383,9501,2880,9672,14826,14685,15055,,
2885180,M-MUK,medium,Temanggung,B16,17,purging,2,12162,2883,2875,8385,9501,2882,9673,14824,14682,15057,,
2886180,M-MUK,medium,Temanggung,B16,17,purging,3,12125,2887,2873,8385,9497,2880,9672,14818,14676,15051,,
2887180,M-MUK,medium,Temanggung,B16,17,purging,4,12045,2885,2876,8385,9488,2882,9666,14800,14664,15040,,
2888180,M-MUK,medium,Temanggung,B16,17,purging,5,11934,2885,2876,8385,9475,2880,9657,14774,14644,15025,,
2889180,M-MUK,medium,Temanggung,B16,17,purging,6,11808,2883,2876,8385,9461,2882,9649,14746,14619,15009,,
2890180,M-MUK,medium,Temanggung,B16,17,purging,7,11675,2887,2873,8385,9446,2880,9640,14717,14590,14992,,
2891181,M-MUK,medium,Temanggung,B16,17,purging,8,11543,2883,2878,8385,9432,2882,9634,14689,14559,14976,,
2892180,M-MUK,medium,Temanggung,B16,17,purging,9,11414,2885,2878,8385,9419,2882,9628,14661,14528,14959,,
2893180,M-MUK,medium,Temanggung,B16,17,purging,10,11293,2880,2873,8386,9407,2882,9623,14635,14496,14944,,
2894180,M-MUK,medium,Temanggung,B16,17,purging,11,11179,2885,2875,8386,9396,2882,9619,14611,14465,14929,,
2895180,M-MUK,medium,Temanggung,B16,17,purging,12,11075,2885,2878,8386,9386,2882,9616,14588,14436,14916,,
2896180,M-MUK,medium,Temanggung,B16,17,purging,13,10979,2885,2878,8387,9378,2882,9613,14568,14408,14903,,
2897180,M-MUK,medium,Temanggung,B16,17,purging,14,10892,2882,2873,8387,9370,2882,9610,14548,14381,14890,,
2898181,M-MUK,medium,Temanggung,B16,17,purging,15,10813,2885,2878,8388,9362,2880,9608,14530,14356,14878,,
2899180,M-MUK,medium,Temanggung,B16,17,purging,16,10742,2882,2878,8388,9355,2882,9606,14512,14332,14867,,
2900180,M-MUK,medium,Temanggung,B16,17,purging,17,10678,2885,2878,8389,9348,2882,9605,14496,14309,14856,,
2901180,M-MUK,medium,Temanggung,B16,17,purging,18,10621,2882,2873,8389,9342,2882,9603,14480,14288,14845,,
2902180,M-MUK,medium,Temanggung,B16,17,purging,19,10568,2885,2878,8390,9336,2882,9601,14465,14267,14836,,
2903180,M-MUK,medium,Temanggung,B16,17,purging,20,10520,2885,2873,8390,9331,2882,9600,14450,14247,14826,,
2904180,M-MUK,medium,Temanggung,B16,17,purging,21,10478,2882,2878,8391,9327,2882,9598,14437,14228,14817,,
2905180,M-MUK,medium,Temanggung,B16,17,purging,22,10439,2880,2873,8391,9322,2882,9597,14424,14210,14809,,
2906180,M-MUK,medium,Temanggung,B16,17,purging,23,10404,2885,2873,8392,9318,2882,9596,14412,14193,14801,,
2907181,M-MUK,medium,Temanggung,B16,17,purging,24,10372,2885,2878,8392,9314,2882,9596,14400,14177,14792,,
2908180,M-MUK,medium,Temanggung,B16,17,purging,25,10343,2885,2875,8393,9311,2882,9595,14389,14161,14785,,
2909180,M-MUK,medium,Temanggung,B16,17,purging,26,10317,2885,2878,8393,9308,2882,9594,14378,14145,14777,,
2910180,M-MUK,medium,Temanggung,B16,17,purging,27,10292,2885,2873,8394,9304,2882,9594,14368,14131,14770,,
2911180,M-MUK,medium,Temanggung,B16,17,purging,28,10269,2882,2878,8394,9301,2882,9594,14357,14117,14763,,
2912180,M-MUK,medium,Temanggung,B16,17,purging,29,10248,2882,2878,8394,9297,2882,9593,14347,14103,14756,,
2913180,M-MUK,medium,Temanggung,B16,17,purging,30,10228,2885,2878,8394,9294,2880,9591,14338,14090,14750,,
2914181,M-MUK,medium,Temanggung,B16,17,purging,31,10210,2882,2873,8395,9291,2882,9590,14328,14077,14743,,
2915180,M-MUK,medium,Temanggung,B16,17,purging,32,10192,2882,2873,8395,9288,2882,9590,14319,14065,14737,,
2916180,M-MUK,medium,Temanggung,B16,17,purging,33,10176,2880,2873,8396,9285,2882,9589,14310,14053,14731,,
2917180,M-MUK,medium,Temanggung,B16,17,purging,34,10162,2885,2875,8396,9282,2882,9589,14302,14042,14725,,
2918180,M-MUK,medium,Temanggung,B16,17,purging,35,10148,2880,2873,8397,9280,2881,9589,14293,14030,14720,,
2919180,M-MUK,medium,Temanggung,B16,17,purging,36,10135,2885,2878,8397,9278,2882,9588,14285,14020,14714,,
2920180,M-MUK,medium,Temanggung,B16,17,purging,37,10124,2882,2875,8397,9276,2882,9587,14277,14009,14709,,
2921180,M-MUK,medium,Temanggung,B16,17,purging,38,10113,2885,2873,8398,9273,2882,9586,14269,13999,14703,,
2922180,M-MUK,medium,Temanggung,B16,17,purging,39,10102,2885,2873,8398,9270,2882,9585,14262,13989,14698,,
2923181,M-MUK,medium,Temanggung,B16,17,purging,40,10092,2885,2878,8398,9269,2882,9585,14255,13980,14693,,
2924180,M-MUK,medium,Temanggung,B16,17,purging,41,10083,2885,2873,8398,9265,2882,9585,14248,13970,14688,,
2925180,M-MUK,medium,Temanggung,B16,17,purging,42,10074,2885,2878,8399,9263,2882,9585,14241,13961,14684,,
2926180,M-MUK,medium,Temanggung,B16,17,purging,43,10066,2885,2878,8399,9261,2882,9584,14234,13952,14679,,
2927180,M-MUK,medium,Temanggung,B16,17,purging,44,10058,2885,2878,8400,9259,2882,9583,14228,13944,14675,,
2928180,M-MUK,medium,Temanggung,B16,17,purging,45,10051,2882,2878,8400,9258,2882,9583,14221,13936,14671,,
2929180,M-MUK,medium,Temanggung,B16,17,purging,46,10044,2885,2875,8401,9255,2882,9582,14215,13927,14666,,
2930181,M-MUK,medium,Temanggung,B16,17,purging,47,10037,2882,2873,8401,9253,2882,9582,14208,13919,14662,,
2931180,M-MUK,medium,Temanggung,B16,17,purging,48,10030,2885,2873,8402,9251,2882,9582,14203,13912,14658,,
2932180,M-MUK,medium,Temanggung,B16,17,purging,49,10023,2885,2878,8402,9249,2882,9582,14197,13904,14654,,
2933180,M-MUK,medium,Temanggung,B16,17,purging,50,10017,2885,2873,8403,9248,2882,9581,14191,13896,14650,,
2934180,M-MUK,medium,Temanggung,B16,17,purging,51,10010,2885,2873,8403,9245,2882,9581,14185,13889,14646,,
2935180,M-MUK,medium,Temanggung,B16,17,purging,52,10004,2885,2876,8403,9244,2882,9581,14179,13881,14642,,
2936180,M-MUK,medium,Temanggung,B16,17,purging,53,9996,2882,2873,8404,9242,2882,9580,14174,13874,14639,,
2937180,M-MUK,medium,Temanggung,B16,17,purging,54,9990,2882,2873,8404,9239,2882,9579,14168,13866,14635,,
2938180,M-MUK,medium,Temanggung,B16,17,purging,55,9983,2882,2873,8404,9238,2880,9579,14162,13859,14631,,
2939181,M-MUK,medium,Temanggung,B16,17,purging,56,9977,2885,2878,8405,9236,2882,9578,14157,13851,14627,,
2940180,M-MUK,medium,Temanggung,B16,17,purging,57,9971,2880,2878,8405,9234,2882,9578,14151,13845,14625,,
2941180,M-MUK,medium,Temanggung,B16,17,purging,58,9966,2885,2876,8405,9231,2882,9577,14146,13838,14620,,
2942180,M-MUK,medium,Temanggung,B16,17,purging,59,9960,2882,2873,8405,9229,2882,9576,14141,13831,14617,,
2943180,M-MUK,medium,Temanggung,B16,17,purging,60,9954,2882,2873,8405,9227,2880,9576,14135,13824,14613,,
2944180,M-MUK,medium,Temanggung,B16,17,purging,61,9950,2882,2873,8406,9226,2882,9575,14131,13818,14609,,
2945180,M-MUK,medium,Temanggung,B16,17,purging,62,9945,2882,2873,8406,9223,2882,9575,14125,13811,14605,,
2946181,M-MUK,medium,Temanggung,B16,17,purging,63,9941,2882,2876,8406,9222,2882,9574,14120,13805,14602,,
2947180,M-MUK,medium,Temanggung,B16,17,purging,64,9937,2885,2878,8406,9220,2882,9572,14115,13798,14598,,
2948180,M-MUK,medium,Temanggung,B16,17,purging,65,9934,2885,2876,8406,9217,2882,9571,14110,13791,14594,,
2949180,M-MUK,medium,Temanggung,B16,17,purging,66,9930,2885,2873,8407,9215,2882,9569,14104,13786,14590,,
2950180,M-MUK,medium,Temanggung,B16,17,purging,67,9927,2885,2876,8407,9213,2882,9567,14099,13779,14586,,
2951180,M-MUK,medium,Temanggung,B16,17,purging,68,9924,2882,2875,8407,9210,2882,9566,14094,13774,14581,,
2952180,M-MUK,medium,Temanggung,B16,17,purging,69,9923,2882,2878,8408,9207,2882,9562,14089,13768,14575,,
2953180,M-MUK,medium,Temanggung,B16,17,purging,70,9921,2882,2876,8408,9204,2882,9559,14083,13762,14571,,
2954180,M-MUK,medium,Temanggung,B16,17,purging,71,9921,2882,2873,8409,9201,2882,9555,14078,13757,14566,,
2955181,M-MUK,medium,Temanggung,B16,17,purging,72,9919,2882,2878,8409,9197,2882,9552,14073,13751,14561,,
2956180,M-MUK,medium,Temanggung,B16,17,purging,73,9918,2882,2873,8409,9193,2880,9549,14068,13745,14556,,
2957180,M-MUK,medium,Temanggung,B16,17,purging,74,9917,2885,2876,8409,9188,2882,9544,14062,13739,14550,,
2958180,M-MUK,medium,Temanggung,B16,17,purging,75,9917,2885,2878,8409,9184,2882,9540,14057,13733,14544,,
2959180,M-MUK,medium,Temanggung,B16,17,purging,76,9916,2885,2873,8409,9179,2882,9535,14051,13726,14538,,
2960180,M-MUK,medium,Temanggung,B16,17,purging,77,9914,2885,2876,8409,9174,2880,9530,14045,13720,14533,,
2961180,M-MUK,medium,Temanggung,B16,17,purging,78,9913,2882,2873,8409,9169,2882,9525,14041,13713,14529,,
2962181,M-MUK,medium,Temanggung,B16,17,purging,79,9912,2885,2875,8409,9165,2882,9523,14036,13707,14526,,
2963180,M-MUK,medium,Temanggung,B16,17,purging,80,9911,2885,2876,8409,9161,2882,9520,14032,13700,14521,,
2964180,M-MUK,medium,Temanggung,B16,17,purging,81,9910,2880,2876,8409,9157,2882,9516,14027,13694,14515,,
2965180,M-MUK,medium,Temanggung,B16,17,purging,82,9909,2885,2878,8409,9152,2882,9512,14022,13688,14511,,
2966180,M-MUK,medium,Temanggung,B16,17,purging,83,9908,2880,2876,8409,9147,2882,9509,14017,13681,14506,,
2967180,M-MUK,medium,Temanggung,B16,17,purging,84,9908,2882,2873,8409,9143,2880,9505,14013,13674,14500,,
2968180,M-MUK,medium,Temanggung,B16,17,purging,85,9907,2885,2873,8409,9137,2882,9500,14007,13668,14493,,
2969180,M-MUK,medium,Temanggung,B16,17,purging,86,9907,2885,2878,8409,9132,2882,9495,14001,13660,14487,,
2970180,M-MUK,medium,Temanggung,B16,17,purging,87,9907,2885,2875,8409,9126,2882,9491,13995,13653,14481,,
2971181,M-MUK,medium,Temanggung,B16,17,purging,88,9906,2880,2873,8409,9121,2882,9486,13991,13646,14477,,
2972180,M-MUK,medium,Temanggung,B16,17,purging,89,9906,2885,2873,8409,9115,2882,9480,13986,13638,14473,,
2973180,M-MUK,medium,Temanggung,B16,17,purging,90,9905,2880,2873,8409,9111,2882,9475,13982,13632,14467,,
2974180,M-MUK,medium,Temanggung,B16,17,purging,91,9904,2885,2873,8408,9106,2882,9473,13978,13625,14463,,
2975180,M-MUK,medium,Temanggung,B16,17,purging,92,9903,2885,2876,8408,9101,2882,9469,13974,13618,14458,,
2976180,M-MUK,medium,Temanggung,B16,17,purging,93,9902,2882,2876,8408,9097,2884,9467,13969,13612,14454,,
2977180,M-MUK,medium,Temanggung,B16,17,purging,94,9902,2885,2878,8407,9092,2882,9465,13966,13605,14451,,
2978181,M-MUK,medium,Temanggung,B16,17,purging,95,9901,2882,2873,8407,9089,2882,9463,13962,13599,14448,,
2979180,M-MUK,medium,Temanggung,B16,17,purging,96,9900,2882,2876,8407,9085,2880,9461,13959,13593,14445,,
2980180,M-MUK,medium,Temanggung,B16,17,purging,97,9899,2882,2876,8407,9082,2882,9459,13956,13587,14440,,
2981180,M-MUK,medium,Temanggung,B16,17,purging,98,9898,2882,2878,8406,9079,2882,9455,13952,13581,14435,,
2982180,M-MUK,medium,Temanggung,B16,17,purging,99,9897,2882,2876,8406,9074,2882,9451,13947,13575,14429,,
2983180,M-MUK,medium,Temanggung,B16,17,purging,100,9896,2882,2876,8405,9069,2884,9446,13941,13569,14424,,
2984180,M-MUK,medium,Temanggung,B16,17,purging,101,9895,2882,2876,8404,9065,2880,9442,13937,13562,14420,,
2985180,M-MUK,medium,Temanggung,B16,17,purging,102,9895,2882,2873,8403,9059,2884,9438,13933,13555,14416,,
2986180,M-MUK,medium,Temanggung,B16,17,purging,103,9893,2882,2873,8403,9055,2884,9435,13929,13549,14412,,
2987181,M-MUK,medium,Temanggung,B16,17,purging,104,9893,2882,2876,8402,9050,2884,9432,13926,13543,14409,,
2988180,M-MUK,medium,Temanggung,B16,17,purging,105,9892,2885,2876,8401,9047,2884,9430,13923,13537,14406,,
2989180,M-MUK,medium,Temanggung,B16,17,purging,106,9891,2885,2876,8400,9044,2880,9428,13919,13531,14401,,
2990180,M-MUK,medium,Temanggung,B16,17,purging,107,9890,2882,2876,8399,9041,2880,9426,13916,13525,14397,,
2991180,M-MUK,medium,Temanggung,B16,17,purging,108,9890,2880,2876,8399,9037,2882,9424,13912,13519,14394,,
2992180,M-MUK,medium,Temanggung,B16,17,purging,109,9890,2882,2878,8398,9034,2882,9421,13910,13514,14392,,
2993180,M-MUK,medium,Temanggung,B16,17,purging,110,9889,2882,2874,8398,9031,2884,9419,13907,13508,14390,,
2994181,M-MUK,medium,Temanggung,B16,17,purging,111,9888,2882,2878,8397,9028,2884,9419,13905,13502,14388,,
2995180,M-MUK,medium,Temanggung,B16,17,purging,112,9887,2882,2876,8396,9025,2882,9419,13903,13497,14386,,
2996180,M-MUK,medium,Temanggung,B16,17,purging,113,9887,2882,2876,8395,9024,2882,9418,13901,13492,14384,,
2997180,M-MUK,medium,Temanggung,B16,17,purging,114,9886,2882,2876,8394,9023,2880,9418,13899,13488,14383,,
2998180,M-MUK,medium,Temanggung,B16,17,purging,115,9885,2883,2878,8394,9021,2882,9418,13897,13484,14381,,
2999180,M-MUK,medium,Temanggung,B16,17,purging,116,9884,2885,2873,8393,9020,2884,9419,13895,13479,14379,,
3000180,M-MUK,medium,Temanggung,B16,17,purging,117,9883,2882,2873,8392,9019,2880,9419,13894,13475,14378,,
3001180,M-MUK,medium,Temanggung,B16,17,purging,118,9882,2882,2876,8392,9017,2884,9419,13892,13471,14376,,
3002180,M-MUK,medium,Temanggung,B16,17,purging,119,9881,2882,2878,8391,9017,2880,9419,13890,13467,14374,,
3003181,M-MUK,medium,Temanggung,B16,17,purging,120,9880,2882,2878,8390,9015,2884,9418,13888,13464,14372,,
3004183,M-MUK,medium,Temanggung,B16,17,collecting,1,9879,2882,2876,8389,9014,2882,9417,13885,13460,14371,,
3005180,M-MUK,medium,Temanggung,B16,17,collecting,2,9879,2885,2876,8386,9012,2884,9415,13883,13456,14371,,
3006180,M-MUK,medium,Temanggung,B16,17,collecting,3,10028,2882,2876,8385,9040,2884,9440,13911,13462,14417,,
3007180,M-MUK,medium,Temanggung,B16,17,collecting,4,10547,2885,2876,8384,9116,2884,9518,14017,13524,14515,,
3008180,M-MUK,medium,Temanggung,B16,17,collecting,5,11272,2882,2876,8384,9219,2882,9605,14185,13651,14623,,
3009180,M-MUK,medium,Temanggung,B16,17,collecting,6,11960,2887,2876,8383,9318,2884,9678,14366,13820,14719,,
3010181,M-MUK,medium,Temanggung,B16,17,collecting,7,12502,2885,2876,8383,9396,2884,9719,14524,13997,14796,,
3011180,M-MUK,medium,Temanggung,B16,17,collecting,8,12895,2885,2876,8382,9449,2882,9736,14645,14158,14853,,
3012180,M-MUK,medium,Temanggung,B16,17,collecting,9,13164,2885,2876,8380,9485,2880,9740,14733,14295,14897,,
3013180,M-MUK,medium,Temanggung,B16,17,collecting,10,13341,2887,2878,8379,9506,2884,9735,14796,14406,14929,,
3014180,M-MUK,medium,Temanggung,B16,17,collecting,11,13452,2889,2876,8377,9517,2880,9725,14838,14492,14953,,
3015180,M-MUK,medium,Temanggung,B16,17,collecting,12,13514,2887,2876,8376,9521,2882,9713,14865,14557,14969,,
3016180,M-MUK,medium,Temanggung,B16,17,collecting,13,13542,2887,2878,8374,9521,2882,9699,14883,14607,14980,,
3017180,M-MUK,medium,Temanggung,B16,17,collecting,14,13545,2889,2876,8372,9518,2880,9687,14893,14643,14988,,
3018180,M-MUK,medium,Temanggung,B16,17,collecting,15,13530,2887,2878,8370,9513,2880,9674,14898,14669,14993,,
3019181,M-MUK,medium,Temanggung,B16,17,collecting,16,13502,2885,2878,8369,9508,2880,9663,14901,14687,14997,,
3020180,M-MUK,medium,Temanggung,B16,17,collecting,17,13465,2885,2878,8367,9501,2882,9653,14901,14699,14999,,
3021180,M-MUK,medium,Temanggung,B16,17,collecting,18,13423,2885,2876,8365,9494,2884,9644,14900,14708,14999,,
3022180,M-MUK,medium,Temanggung,B16,17,collecting,19,13376,2887,2878,8364,9487,2880,9635,14897,14712,15000,,
3023180,M-MUK,medium,Temanggung,B16,17,collecting,20,13328,2887,2878,8362,9480,2882,9628,14894,14714,14999,,
3024180,M-MUK,medium,Temanggung,B16,17,collecting,21,13278,2887,2876,8360,9474,2884,9621,14891,14713,14998,,
3025180,M-MUK,medium,Temanggung,B16,17,collecting,22,13228,2885,2876,8359,9467,2882,9614,14888,14712,14996,,
3026181,M-MUK,medium,Temanggung,B16,17,collecting,23,13178,2889,2878,8357,9461,2880,9609,14884,14709,14995,,
3027180,M-MUK,medium,Temanggung,B16,17,collecting,24,13130,2887,2876,8356,9454,2882,9603,14880,14705,14993,,
3028180,M-MUK,medium,Temanggung,B16,17,collecting,25,13082,2887,2876,8355,9449,2884,9598,14876,14701,14991,,
3029180,M-MUK,medium,Temanggung,B16,17,collecting,26,13037,2887,2878,8353,9443,2880,9593,14872,14696,14988,,
3030180,M-MUK,medium,Temanggung,B16,17,collecting,27,12994,2887,2878,8351,9438,2884,9589,14868,14691,14987,,
3031180,M-MUK,medium,Temanggung,B16,17,collecting,28,12952,2887,2878,8350,9434,2880,9585,14864,14686,14985,,
3032180,M-MUK,medium,Temanggung,B16,17,collecting,29,12913,2887,2878,8349,9429,2882,9582,14861,14680,14982,,
3033180,M-MUK,medium,Temanggung,B16,17,collecting,30,12876,2887,2878,8347,9425,2882,9578,14857,14675,14980,,
3034180,M-MUK,medium,Temanggung,B16,17,collecting,31,12841,2887,2878,8346,9421,2880,9575,14853,14670,14978,,
3035181,M-MUK,medium,Temanggung,B16,17,collecting,32,12808,2887,2878,8345,9417,2882,9571,14850,14664,14975,,
3036180,M-MUK,medium,Temanggung,B16,17,collecting,33,12777,2885,2878,8344,9412,2882,9568,14847,14659,14973,,
3037180,M-MUK,medium,Temanggung,B16,17,collecting,34,12748,2887,2878,8342,9409,2880,9566,14843,14654,14970,,
3038180,M-MUK,medium,Temanggung,B16,17,collecting,35,12720,2885,2874,8341,9406,2882,9562,14840,14648,14967,,
3039180,M-MUK,medium,Temanggung,B16,17,collecting,36,12695,2887,2878,8340,9402,2882,9559,14837,14643,14965,,
3040180,M-MUK,medium,Temanggung,B16,17,collecting,37,12671,2887,2876,8338,9399,2880,9557,14834,14637,14962,,
3041180,M-MUK,medium,Temanggung,B16,17,collecting,38,12648,2885,2878,8337,9395,2882,9553,14832,14632,14960,,
3042181,M-MUK,medium,Temanggung,B16,17,collecting,39,12627,2887,2878,8335,9391,2882,9551,14829,14627,14957,,
3043180,M-MUK,medium,Temanggung,B16,17,collecting,40,12607,2887,2878,8334,9388,2880,9549,14826,14622,14955,,
3044180,M-MUK,medium,Temanggung,B16,17,collecting,41,12588,2887,2878,8332,9385,2880,9545,14824,14617,14953,,
3045180,M-MUK,medium,Temanggung,B16,17,collecting,42,12569,2883,2878,8331,9382,2880,9543,14822,14611,14950,,
3046180,M-MUK,medium,Temanggung,B16,17,collecting,43,12552,2887,2876,8330,9379,2882,9542,14819,14607,14948,,
3047180,M-MUK,medium,Temanggung,B16,17,collecting,44,12536,2887,2878,8328,9376,2882,9541,14817,14602,14945,,
3048180,M-MUK,medium,Temanggung,B16,17,collecting,45,12521,2887,2878,8327,9374,2882,9539,14815,14596,14943,,
3049180,M-MUK,medium,Temanggung,B16,17,collecting,46,12506,2887,2876,8326,9371,2880,9538,14813,14592,14940,,
3050180,M-MUK,medium,Temanggung,B16,17,collecting,47,12492,2887,2878,8325,9369,2882,9536,14810,14587,14938,,
3051181,M-MUK,medium,Temanggung,B16,17,collecting,48,12480,2885,2876,8323,9367,2882,9533,14808,14584,14936,,
3052180,M-MUK,medium,Temanggung,B16,17,collecting,49,12467,2887,2876,8323,9365,2882,9531,14806,14579,14934,,
3053180,M-MUK,medium,Temanggung,B16,17,collecting,50,12456,2887,2876,8321,9363,2882,9529,14804,14575,14932,,
3054180,M-MUK,medium,Temanggung,B16,17,collecting,51,12444,2885,2878,8320,9361,2882,9528,14803,14571,14930,,
3055180,M-MUK,medium,Temanggung,B16,17,collecting,52,12434,2887,2878,8319,9360,2882,9526,14801,14567,14927,,
3056180,M-MUK,medium,Temanggung,B16,17,collecting,53,12424,2887,2876,8318,9357,2882,9524,14799,14563,14925,,
3057180,M-MUK,medium,Temanggung,B16,17,collecting,54,12413,2887,2878,8317,9354,2882,9521,14798,14559,14924,,
3058181,M-MUK,medium,Temanggung,B16,17,collecting,55,12401,2885,2878,8315,9352,2882,9519,14797,14555,14921,,
3059180,M-MUK,medium,Temanggung,B16,17,collecting,56,12392,2887,2878,8314,9350,2882,9518,14794,14551,14918,,
3060180,M-MUK,medium,Temanggung,B16,17,collecting,57,12382,2887,2878,8314,9349,2882,9517,14792,14547,14916,,
3061180,M-MUK,medium,Temanggung,B16,17,collecting,58,12372,2885,2878,8312,9347,2882,9515,14790,14542,14914,,
3062180,M-MUK,medium,Temanggung,B16,17,collecting,59,12363,2887,2878,8311,9344,2882,9512,14788,14539,14911,,
3063180,M-MUK,medium,Temanggung,B16,17,collecting,60,12353,2887,2878,8310,9342,2882,9511,14786,14534,14909,,
3064183,M-MUK,medium,Temanggung,B16,18,purging,1,12344,2887,2878,8309,9340,2882,9510,14784,14530,14906,,
3065180,M-MUK,medium,Temanggung,B16,18,purging,2,12336,2887,2878,8310,9338,2880,9511,14782,14527,14906,,
3066180,M-MUK,medium,Temanggung,B16,18,purging,3,12298,2885,2876,8310,9332,2880,9506,14772,14521,14894,,
3067181,M-MUK,medium,Temanggung,B16,18,purging,4,12215,2887,2878,8309,9317,2882,9493,14749,14506,14876,,
3068180,M-MUK,medium,Temanggung,B16,18,purging,5,12102,2885,2876,8308,9299,2882,9478,14719,14482,14856,,
3069180,M-MUK,medium,Temanggung,B16,18,purging,6,11971,2887,2876,8307,9278,2882,9462,14686,14452,14834,,
3070180,M-MUK,medium,Temanggung,B16,18,purging,7,11834,2887,2876,8306,9259,2882,9449,14652,14417,14814,,
3071180,M-MUK,medium,Temanggung,B16,18,purging,8,11696,2887,2878,8306,9240,2882,9437,14620,14381,14793,,
3072180,M-MUK,medium,Temanggung,B16,18,purging,9,11562,2885,2878,8305,9222,2880,9428,14589,14344,14774,,
3073180,M-MUK,medium,Temanggung,B16,18,purging,10,11433,2887,2876,8303,9206,2884,9421,14560,14308,14754,,
3074181,M-MUK,medium,Temanggung,B16,18,purging,11,11312,2887,2874,8303,9190,2880,9412,14532,14271,14735,,
3075180,M-MUK,medium,Temanggung,B16,18,purging,12,11202,2880,2878,8302,9176,2882,9405,14506,14237,14717,,
3076180,M-MUK,medium,Temanggung,B16,18,purging,13,11099,2883,2878,8302,9163,2882,9399,14481,14203,14701,,
3077180,M-MUK,medium,Temanggung,B16,18,purging,14,11005,2883,2876,8301,9151,2882,9392,14458,14171,14685,,
3078180,M-MUK,medium,Temanggung,B16,18,purging,15,10919,2885,2876,8301,9140,2882,9388,14438,14141,14671,,
3079180,M-MUK,medium,Temanggung,B16,18,purging,16,10842,2881,2878,8300,9131,2882,9384,14418,14111,14656,,
3080180,M-MUK,medium,Temanggung,B16,18,purging,17,10772,2881,2876,8299,9121,2880,9381,14400,14084,14643,,
3081180,M-MUK,medium,Temanggung,B16,18,purging,18,10709,2885,2876,8299,9112,2882,9377,14382,14057,14631,,
3082180,M-MUK,medium,Temanggung,B16,18,purging,19,10651,2883,2876,8298,9105,2882,9375,14366,14032,14619,,
3083181,M-MUK,medium,Temanggung,B16,18,purging,20,10599,2881,2878,8297,9098,2880,9373,14350,14008,14609,,
3084180,M-MUK,medium,Temanggung,B16,18,purging,21,10552,2883,2876,8297,9092,2882,9371,14335,13985,14598,,
3085180,M-MUK,medium,Temanggung,B16,18,purging,22,10509,2881,2878,8296,9086,2880,9370,14321,13964,14588,,
3086180,M-MUK,medium,Temanggung,B16,18,purging,23,10470,2881,2876,8296,9079,2880,9368,14307,13943,14577,,
3087180,M-MUK,medium,Temanggung,B16,18,purging,24,10435,2881,2876,8295,9074,2882,9366,14294,13923,14566,,
3088180,M-MUK,medium,Temanggung,B16,18,purging,25,10404,2883,2878,8295,9067,2880,9362,14280,13904,14555,,
3089180,M-MUK,medium,Temanggung,B16,18,purging,26,10375,2883,2876,8294,9062,2880,9358,14267,13885,14544,,
3090181,M-MUK,medium,Temanggung,B16,18,purging,27,10348,2883,2876,8293,9055,2880,9353,14254,13866,14534,,
3091180,M-MUK,medium,Temanggung,B16,18,purging,28,10323,2883,2878,8292,9048,2880,9350,14241,13848,14524,,
3092180,M-MUK,medium,Temanggung,B16,18,purging,29,10300,2883,2878,8292,9042,2882,9346,14229,13830,14514,,
3093180,M-MUK,medium,Temanggung,B16,18,purging,30,10279,2881,2876,8291,9036,2882,9343,14218,13813,14505,,
3094180,M-MUK,medium,Temanggung,B16,18,purging,31,10259,2883,2876,8290,9031,2882,9340,14207,13797,14496,,
3095180,M-MUK,medium,Temanggung,B16,18,purging,32,10241,2883,2878,8290,9025,2882,9338,14196,13781,14488,,
3096180,M-MUK,medium,Temanggung,B16,18,purging,33,10224,2881,2876,8288,9020,2882,9336,14185,13766,14478,,
3097180,M-MUK,medium,Temanggung,B16,18,purging,34,10208,2880,2876,8288,9015,2880,9332,14175,13750,14470,,
3098180,M-MUK,medium,Temanggung,B16,18,purging,35,10193,2885,2878,8287,9009,2882,9329,14164,13735,14461,,
3099181,M-MUK,medium,Temanggung,B16,18,purging,36,10179,2883,2874,8286,9002,2880,9326,14155,13721,14454,,
3100180,M-MUK,medium,Temanggung,B16,18,purging,37,10166,2883,2876,8285,8998,2882,9323,14146,13706,14446,,
3101180,M-MUK,medium,Temanggung,B16,18,purging,38,10154,2883,2874,8284,8993,2880,9322,14137,13693,14440,,
3102180,M-MUK,medium,Temanggung,B16,18,purging,39,10143,2883,2876,8283,8990,2882,9319,14129,13680,14434,,
3103180,M-MUK,medium,Temanggung,B16,18,purging,40,10132,2883,2876,8282,8986,2880,9318,14120,13668,14427,,
3104180,M-MUK,medium,Temanggung,B16,18,purging,41,10122,2883,2876,8281,8982,2880,9318,14113,13656,14421,,
3105180,M-MUK,medium,Temanggung,B16,18,purging,42,10112,2885,2878,8280,8979,2882,9317,14105,13644,14415,,
3106181,M-MUK,medium,Temanggung,B16,18,purging,43,10103,2883,2876,8279,8976,2880,9316,14098,13632,14410,,
3107180,M-MUK,medium,Temanggung,B16,18,purging,44,10094,2883,2876,8278,8973,2880,9315,14090,13621,14404,,
3108180,M-MUK,medium,Temanggung,B16,18,purging,45,10086,2885,2876,8277,8970,2882,9314,14084,13611,14399,,
3109180,M-MUK,medium,Temanggung,B16,18,purging,46,10078,2883,2876,8276,8968,2882,9313,14077,13600,14393,,
3110180,M-MUK,medium,Temanggung,B16,18,purging,47,10070,2883,2876,8275,8965,2882,9312,14070,13591,14387,,
3111180,M-MUK,medium,Temanggung,B16,18,purging,48,10063,2883,2874,8274,8960,2880,9311,14063,13581,14382,,
3112180,M-MUK,medium,Temanggung,B16,18,purging,49,10057,2883,2878,8273,8958,2882,9309,14057,13571,14377,,
3113180,M-MUK,medium,Temanggung,B16,18,purging,50,10050,2883,2876,8273,8956,2880,9308,14050,13561,14372,,
3114180,M-MUK,medium,Temanggung,B16,18,purging,51,10044,2883,2878,8272,8954,2880,9307,14045,13552,14369,,
3115181,M-MUK,medium,Temanggung,B16,18,purging,52,10039,2883,2876,8271,8952,2880,9307,14040,13544,14365,,
3116180,M-MUK,medium,Temanggung,B16,18,purging,53,10034,2883,2876,8270,8950,2880,9307,14033,13536,14360,,
3117180,M-MUK,medium,Temanggung,B16,18,purging,54,10029,2883,2876,8269,8947,2880,9307,14028,13527,14355,,
3118180,M-MUK,medium,Temanggung,B16,18,purging,55,10025,2885,2876,8268,8945,2880,9307,14022,13519,14351,,
3119180,M-MUK,medium,Temanggung,B16,18,purging,56,10020,2885,2876,8267,8943,2885,9306,14016,13512,14346,,
3120180,M-MUK,medium,Temanggung,B16,18,purging,57,10015,2883,2876,8266,8940,2880,9304,14010,13504,14340,,
3121180,M-MUK,medium,Temanggung,B16,18,purging,58,10011,2883,2876,8265,8936,2880,9302,14004,13495,14334,,
3122181,M-MUK,medium,Temanggung,B16,18,purging,59,10007,2883,2878,8264,8932,2880,9298,13997,13488,14328,,
3123180,M-MUK,medium,Temanggung,B16,18,purging,60,10002,2885,2878,8263,8928,2880,9294,13990,13479,14321,,
3124180,M-MUK,medium,Temanggung,B16,18,purging,61,9999,2883,2876,8262,8924,2880,9291,13983,13471,14316,,
3125180,M-MUK,medium,Temanggung,B16,18,purging,62,9994,2883,2878,8261,8919,2880,9287,13977,13462,14311,,
3126180,M-MUK,medium,Temanggung,B16,18,purging,63,9991,2883,2878,8260,8916,2880,9284,13971,13454,14307,,
3127180,M-MUK,medium,Temanggung,B16,18,purging,64,9987,2883,2876,8259,8912,2880,9282,13966,13446,14303,,
3128180,M-MUK,medium,Temanggung,B16,18,purging,65,9983,2883,2876,8258,8909,2882,9281,13962,13438,14300,,
3129180,M-MUK,medium,Temanggung,B16,18,purging,66,9979,2883,2876,8257,8907,2880,9281,13957,13431,14297,,
3130180,M-MUK,medium,Temanggung,B16,18,purging,67,9976,2883,2876,8256,8905,2880,9280,13953,13424,14293,,
3131181,M-MUK,medium,Temanggung,B16,18,purging,68,9972,2883,2876,8255,8904,2880,9281,13949,13417,14290,,
3132180,M-MUK,medium,Temanggung,B16,18,purging,69,9969,2883,2876,8253,8901,2880,9280,13945,13410,14288,,
3133180,M-MUK,medium,Temanggung,B16,18,purging,70,9965,2885,2876,8253,8900,2880,9281,13941,13404,14284,,
3134180,M-MUK,medium,Temanggung,B16,18,purging,71,9962,2885,2878,8251,8898,2880,9281,13937,13398,14281,,
3135180,M-MUK,medium,Temanggung,B16,18,purging,72,9960,2883,2876,8250,8896,2882,9279,13933,13392,14276,,
3136180,M-MUK,medium,Temanggung,B16,18,purging,73,9957,2883,2876,8249,8894,2880,9277,13927,13385,14271,,
3137180,M-MUK,medium,Temanggung,B16,18,purging,74,9954,2885,2878,8247,8890,2880,9274,13922,13379,14266,,
3138181,M-MUK,medium,Temanggung,B16,18,purging,75,9951,2885,2876,8245,8886,2880,9271,13916,13372,14262,,
3139180,M-MUK,medium,Temanggung,B16,18,purging,76,9949,2885,2876,8244,8883,2880,9269,13911,13365,14258,,
3140180,M-MUK,medium,Temanggung,B16,18,purging,77,9945,2883,2878,8243,8879,2882,9267,13906,13358,14253,,
3141180,M-MUK,medium,Temanggung,B16,18,purging,78,9943,2883,2878,8242,8876,2882,9265,13902,13352,14249,,
3142180,M-MUK,medium,Temanggung,B16,18,purging,79,9941,2883,2878,8240,8873,2880,9262,13897,13345,14245,,
3143180,M-MUK,medium,Temanggung,B16,18,purging,80,9938,2885,2878,8239,8870,2882,9259,13892,13338,14241,,
3144180,M-MUK,medium,Temanggung,B16,18,purging,81,9936,2885,2876,8237,8867,2882,9257,13888,13332,14237,,
3145180,M-MUK,medium,Temanggung,B16,18,purging,82,9935,2885,2876,8236,8864,2882,9256,13883,13325,14234,,
3146180,M-MUK,medium,Temanggung,B16,18,purging,83,9933,2885,2878,8234,8861,2880,9254,13879,13320,14231,,
3147181,M-MUK,medium,Temanggung,B16,18,purging,84,9930,2885,2874,8233,8858,2882,9253,13876,13314,14229,,
3148180,M-MUK,medium,Temanggung,B16,18,purging,85,9928,2885,2878,8231,8857,2882,9253,13873,13308,14227,,
3149180,M-MUK,medium,Temanggung,B16,18,purging,86,9925,2883,2874,8230,8855,2885,9253,13870,13303,14225,,
3150180,M-MUK,medium,Temanggung,B16,18,purging,87,9923,2883,2874,8229,8855,2882,9254,13868,13298,14224,,
3151180,M-MUK,medium,Temanggung,B16,18,purging,88,9921,2885,2876,8227,8854,2882,9256,13865,13293,14222,,
3152180,M-MUK,medium,Temanggung,B16,18,purging,89,9919,2885,2876,8226,8853,2880,9256,13862,13289,14218,,
3153180,M-MUK,medium,Temanggung,B16,18,purging,90,9918,2885,2878,8224,8851,2880,9254,13858,13284,14214,,
3154181,M-MUK,medium,Temanggung,B16,18,purging,91,9916,2885,2878,8223,8849,2882,9252,13853,13278,14209,,
3155180,M-MUK,medium,Temanggung,B16,18,purging,92,9915,2885,2876,8221,8846,2882,9249,13848,13273,14207,,
3156180,M-MUK,medium,Temanggung,B16,18,purging,93,9913,2885,2876,8220,8843,2885,9247,13845,13269,14204,,
3157180,M-MUK,medium,Temanggung,B16,18,purging,94,9911,2883,2874,8218,8841,2880,9246,13842,13264,14203,,
3158180,M-MUK,medium,Temanggung,B16,18,purging,95,9909,2885,2876,8217,8840,2882,9246,13839,13259,14200,,
3159180,M-MUK,medium,Temanggung,B16,18,purging,96,9907,2885,2876,8215,8839,2882,9245,13837,13254,14198,,
3160180,M-MUK,medium,Temanggung,B16,18,purging,97,9906,2885,2874,8214,8838,2882,9244,13833,13250,14196,,
3161180,M-MUK,medium,Temanggung,B16,18,purging,98,9903,2885,2876,8213,8836,2882,9244,13830,13245,14193,,
3162180,M-MUK,medium,Temanggung,B16,18,purging,99,9901,2885,2874,8211,8834,2882,9242,13828,13241,14191,,
3163181,M-MUK,medium,Temanggung,B16,18,purging,100,9899,2885,2876,8210,8832,2882,9241,13825,13236,14188,,
3164180,M-MUK,medium,Temanggung,B16,18,purging,101,9898,2885,2874,8208,8831,2882,9240,13821,13231,14185,,
3165180,M-MUK,medium,Temanggung,B16,18,purging,102,9895,2885,2878,8207,8828,2882,9239,13818,13227,14182,,
3166180,M-MUK,medium,Temanggung,B16,18,purging,103,9894,2885,2876,8206,8827,2882,9237,13814,13222,14179,,
3167180,M-MUK,medium,Temanggung,B16,18,purging,104,9893,2885,2874,8204,8825,2882,9235,13811,13217,14176,,
3168180,M-MUK,medium,Temanggung,B16,18,purging,105,9892,2883,2878,8202,8822,2882,9233,13807,13213,14172,,
3169180,M-MUK,medium,Temanggung,B16,18,purging,106,9891,2881,2878,8201,8819,2882,9230,13803,13208,14168,,
3170181,M-MUK,medium,Temanggung,B16,18,purging,107,9890,2885,2876,8200,8816,2882,9228,13799,13203,14165,,
3171180,M-MUK,medium,Temanggung,B16,18,purging,108,9889,2885,2874,8198,8813,2882,9226,13796,13198,14163,,
3172180,M-MUK,medium,Temanggung,B16,18,purging,109,9888,2883,2878,8196,8811,2882,9224,13793,13193,14161,,
3173180,M-MUK,medium,Temanggung,B16,18,purging,110,9886,2883,2876,8196,8809,2882,9223,13790,13189,14158,,
3174180,M-MUK,medium,Temanggung,B16,18,purging,111,9885,2883,2876,8194,8808,2882,9222,13787,13184,14156,,
3175180,M-MUK,medium,Temanggung,B16,18,purging,112,9885,2883,2876,8193,8806,2882,9221,13784,13180,14154,,
3176180,M-MUK,medium,Temanggung,B16,18,purging,113,9884,2883,2876,8192,8804,2882,9220,13782,13176,14152,,
3177180,M-MUK,medium,Temanggung,B16,18,purging,114,9884,2883,2878,8190,8803,2882,9220,13779,13172,14150,,
3178180,M-MUK,medium,Temanggung,B16,18,purging,115,9884,2883,2876,8189,8802,2885,9219,13776,13168,14146,,
3179181,M-MUK,medium,Temanggung,B16,18,purging,116,9883,2883,2876,8188,8799,2885,9215,13773,13164,14143,,
3180180,M-MUK,medium,Temanggung,B16,18,purging,117,9882,2883,2874,8186,8796,2885,9212,13769,13160,14139,,
3181180,M-MUK,medium,Temanggung,B16,18,purging,118,9881,2883,2876,8185,8793,2885,9210,13766,13155,14137,,
3182180,M-MUK,medium,Temanggung,B16,18,purging,119,9881,2885,2878,8183,8790,2885,9208,13762,13151,14134,,
3183180,M-MUK,medium,Temanggung,B16,18,purging,120,9880,2883,2874,8182,8787,2882,9207,13760,13146,14132,,
3184183,M-MUK,medium,Temanggung,B16,18,collecting,1,9879,2885,2876,8180,8785,2882,9206,13757,13142,14130,,
3185180,M-MUK,medium,Temanggung,B16,18,collecting,2,9879,2883,2876,8178,8783,2885,9203,13755,13137,14133,,
3186181,M-MUK,medium,Temanggung,B16,18,collecting,3,10033,2885,2876,8176,8813,2885,9235,13784,13145,14186,,
3187180,M-MUK,medium,Temanggung,B16,18,collecting,4,10567,2883,2874,8174,8899,2883,9314,13893,13211,14295,,
3188180,M-MUK,medium,Temanggung,B16,18,collecting,5,11305,2885,2876,8174,9010,2885,9404,14071,13347,14412,,
3189180,M-MUK,medium,Temanggung,B16,18,collecting,6,12003,2885,2876,8173,9115,2885,9482,14261,13527,14515,,
3190180,M-MUK,medium,Temanggung,B16,18,collecting,7,12554,2885,2876,8171,9197,2885,9529,14426,13715,14597,,
3191180,M-MUK,medium,Temanggung,B16,18,collecting,8,12949,2885,2876,8170,9256,2882,9551,14555,13888,14659,,
3192180,M-MUK,medium,Temanggung,B16,18,collecting,9,13222,2890,2876,8169,9294,2885,9557,14649,14034,14705,,
3193180,M-MUK,medium,Temanggung,B16,18,collecting,10,13403,2888,2876,8168,9317,2885,9553,14715,14153,14739,,
3194180,M-MUK,medium,Temanggung,B16,18,collecting,11,13517,2886,2876,8165,9330,2885,9544,14760,14246,14763,,
3195181,M-MUK,medium,Temanggung,B16,18,collecting,12,13584,2885,2876,8164,9336,2883,9533,14789,14317,14781,,
3196180,M-MUK,medium,Temanggung,B16,18,collecting,13,13616,2890,2876,8162,9336,2885,9521,14809,14371,14793,,
3197180,M-MUK,medium,Temanggung,B16,18,collecting,14,13623,2888,2876,8160,9333,2883,9507,14821,14411,14802,,
3198180,M-MUK,medium,Temanggung,B16,18,collecting,15,13612,2888,2876,8158,9329,2885,9495,14828,14440,14808,,
3199180,M-MUK,medium,Temanggung,B16,18,collecting,16,13589,2885,2879,8156,9323,2885,9481,14832,14462,14813,,
3200180,M-MUK,medium,Temanggung,B16,18,collecting,17,13557,2888,2876,8154,9316,2885,9471,14834,14477,14816,,
3201180,M-MUK,medium,Temanggung,B16,18,collecting,18,13518,2886,2876,8152,9310,2885,9463,14834,14488,14818,,
3202181,M-MUK,medium,Temanggung,B16,18,collecting,19,13477,2886,2876,8151,9304,2885,9456,14834,14495,14819,,
3203180,M-MUK,medium,Temanggung,B16,18,collecting,20,13432,2886,2876,8149,9297,2881,9448,14833,14499,14820,,
3204180,M-MUK,medium,Temanggung,B16,18,collecting,21,13388,2890,2876,8148,9291,2882,9442,14831,14501,14821,,
3205180,M-MUK,medium,Temanggung,B16,18,collecting,22,13343,2890,2876,8146,9286,2885,9438,14829,14503,14821,,
3206180,M-MUK,medium,Temanggung,B16,18,collecting,23,13301,2888,2876,8144,9280,2885,9434,14827,14503,14821,,
3207180,M-MUK,medium,Temanggung,B16,18,collecting,24,13259,2886,2876,8142,9276,2885,9428,14826,14502,14820,,
3208180,M-MUK,medium,Temanggung,B16,18,collecting,25,13218,2885,2876,8141,9271,2880,9423,14824,14501,14820,,
3209180,M-MUK,medium,Temanggung,B16,18,collecting,26,13180,2886,2876,8140,9268,2883,9419,14823,14499,14820,,
3210180,M-MUK,medium,Temanggung,B16,18,collecting,27,13143,2888,2876,8138,9264,2885,9416,14821,14497,14819,,
3211181,M-MUK,medium,Temanggung,B16,18,collecting,28,13108,2888,2876,8137,9260,2885,9413,14820,14495,14818,,
3212180,M-MUK,medium,Temanggung,B16,18,collecting,29,13075,2888,2879,8135,9257,2885,9410,14818,14492,14818,,
3213180,M-MUK,medium,Temanggung,B16,18,collecting,30,13043,2885,2876,8134,9254,2885,9407,14816,14489,14817,,
3214180,M-MUK,medium,Temanggung,B16,18,collecting,31,13014,2885,2879,8133,9251,2885,9404,14814,14486,14815,,
3215180,M-MUK,medium,Temanggung,B16,18,collecting,32,12986,2885,2876,8131,9248,2885,9401,14812,14483,14815,,
3216180,M-MUK,medium,Temanggung,B16,18,collecting,33,12960,2885,2876,8130,9246,2885,9399,14811,14480,14814,,
3217180,M-MUK,medium,Temanggung,B16,18,collecting,34,12936,2885,2876,8129,9244,2881,9397,14809,14477,14813,,
3218181,M-MUK,medium,Temanggung,B16,18,collecting,35,12912,2888,2879,8128,9241,2885,9395,14808,14474,14812,,
3219180,M-MUK,medium,Temanggung,B16,18,collecting,36,12890,2885,2876,8127,9239,2883,9393,14806,14471,14811,,
3220180,M-MUK,medium,Temanggung,B16,18,collecting,37,12869,2888,2876,8126,9236,2885,9392,14805,14468,14810,,
3221180,M-MUK,medium,Temanggung,B16,18,collecting,38,12850,2885,2876,8124,9234,2885,9390,14805,14465,14809,,
3222180,M-MUK,medium,Temanggung,B16,18,collecting,39,12832,2885,2879,8123,9232,2885,9389,14804,14462,14808,,
3223180,M-MUK,medium,Temanggung,B16,18,collecting,40,12815,2888,2876,8122,9230,2881,9387,14803,14459,14807,,
3224180,M-MUK,medium,Temanggung,B16,18,collecting,41,12800,2888,2876,8121,9229,2885,9385,14802,14456,14807,,
3225180,M-MUK,medium,Temanggung,B16,18,collecting,42,12784,2888,2879,8119,9227,2885,9383,14803,14453,14806,,
3226180,M-MUK,medium,Temanggung,B16,18,collecting,43,12769,2888,2876,8118,9225,2883,9381,14801,14450,14805,,
3227181,M-MUK,medium,Temanggung,B16,18,collecting,44,12755,2888,2876,8117,9223,2881,9380,14800,14447,14804,,
3228180,M-MUK,medium,Temanggung,B16,18,collecting,45,12741,2888,2879,8116,9222,2883,9379,14799,14444,14803,,
3229180,M-MUK,medium,Temanggung,B16,18,collecting,46,12728,2888,2876,8115,9220,2885,9377,14797,14441,14801,,
3230180,M-MUK,medium,Temanggung,B16,18,collecting,47,12714,2886,2879,8113,9219,2883,9376,14796,14437,14800,,
3231180,M-MUK,medium,Temanggung,B16,18,collecting,48,12701,2885,2879,8112,9217,2885,9373,14795,14434,14799,,
3232180,M-MUK,medium,Temanggung,B16,18,collecting,49,12688,2888,2876,8111,9215,2885,9372,14792,14431,14797,,
3233180,M-MUK,medium,Temanggung,B16,18,collecting,50,12675,2885,2879,8110,9214,2883,9371,14791,14428,14795,,
3234181,M-MUK,medium,Temanggung,B16,18,collecting,51,12663,2888,2879,8109,9212,2883,9368,14789,14425,14794,,
3235180,M-MUK,medium,Temanggung,B16,18,collecting,52,12651,2886,2879,8107,9210,2885,9367,14789,14421,14792,,
3236180,M-MUK,medium,Temanggung,B16,18,collecting,53,12639,2888,2879,8107,9209,2883,9367,14786,14417,14790,,
3237180,M-MUK,medium,Temanggung,B16,18,collecting,54,12628,2888,2879,8105,9207,2883,9365,14786,14414,14789,,
3238180,M-MUK,medium,Temanggung,B16,18,collecting,55,12618,2888,2876,8105,9206,2883,9365,14784,14411,14787,,
3239180,M-MUK,medium,Temanggung,B16,18,collecting,56,12607,2888,2879,8103,9204,2883,9363,14782,14407,14785,,
3240180,M-MUK,medium,Temanggung,B16,18,collecting,57,12596,2888,2879,8102,9202,2885,9362,14780,14404,14784,,
3241180,M-MUK,medium,Temanggung,B16,18,collecting,58,12586,2888,2879,8101,9201,2883,9360,14779,14400,14782,,
3242180,M-MUK,medium,Temanggung,B16,18,collecting,59,12575,2888,2879,8100,9199,2883,9359,14777,14397,14780,,
3243181,M-MUK,medium,Temanggung,B16,18,collecting,60,12565,2886,2879,8099,9198,2883,9358,14775,14394,14779,,
3244183,M-MUK,medium,Temanggung,B16,19,purging,1,12555,2886,2879,8098,9195,2883,9356,14774,14390,14777,,
3245180,M-MUK,medium,Temanggung,B16,19,purging,2,12545,2886,2876,8098,9195,2883,9357,14773,14387,14775,,
3246180,M-MUK,medium,Temanggung,B16,19,purging,3,12505,2888,2879,8098,9188,2883,9350,14761,14381,14761,,
3247180,M-MUK,medium,Temanggung,B16,19,purging,4,12418,2888,2879,8097,9171,2885,9334,14735,14366,14740,,
3248180,M-MUK,medium,Temanggung,B16,19,purging,5,12299,2886,2879,8096,9150,2881,9316,14702,14340,14717,,
3249180,M-MUK,medium,Temanggung,B16,19,purging,6,12163,2888,2876,8095,9128,2883,9299,14665,14307,14694,,
3250181,M-MUK,medium,Temanggung,B16,19,purging,7,12017,2888,2876,8094,9106,2883,9284,14629,14270,14671,,
3251180,M-MUK,medium,Temanggung,B16,19,purging,8,11871,2888,2879,8093,9085,2883,9272,14593,14230,14649,,
3252180,M-MUK,medium,Temanggung,B16,19,purging,9,11728,2886,2879,8092,9067,2883,9260,14560,14190,14627,,
3253180,M-MUK,medium,Temanggung,B16,19,purging,10,11591,2886,2876,8091,9049,2883,9253,14529,14151,14608,,
3254180,M-MUK,medium,Temanggung,B16,19,purging,11,11462,2888,2879,8090,9033,2883,9245,14499,14113,14587,,
3255180,M-MUK,medium,Temanggung,B16,19,purging,12,11343,2888,2879,8089,9017,2883,9236,14470,14075,14566,,
3256180,M-MUK,medium,Temanggung,B16,19,purging,13,11233,2881,2879,8089,9002,2883,9227,14443,14038,14547,,
3257180,M-MUK,medium,Temanggung,B16,19,purging,14,11131,2883,2876,8088,8988,2883,9219,14417,14003,14528,,
3258180,M-MUK,medium,Temanggung,B16,19,purging,15,11039,2886,2876,8087,8974,2883,9212,14394,13969,14511,,
3259181,M-MUK,medium,Temanggung,B16,19,purging,16,10955,2881,2877,8087,8962,2883,9205,14371,13937,14495,,
3260180,M-MUK,medium,Temanggung,B16,19,purging,17,10878,2881,2879,8086,8950,2883,9199,14350,13906,14480,,
3261180,M-MUK,medium,Temanggung,B16,19,purging,18,10809,2881,2879,8086,8939,2883,9194,14331,13876,14466,,
3262180,M-MUK,medium,Temanggung,B16,19,purging,19,10746,2883,2879,8085,8930,2883,9190,14312,13848,14452,,
3263180,M-MUK,medium,Temanggung,B16,19,purging,20,10689,2881,2879,8084,8922,2883,9187,14294,13822,14439,,
3264180,M-MUK,medium,Temanggung,B16,19,purging,21,10637,2881,2879,8084,8913,2883,9183,14277,13796,14425,,
3265180,M-MUK,medium,Temanggung,B16,19,purging,22,10590,2881,2879,8083,8905,2883,9180,14261,13771,14413,,
3266181,M-MUK,medium,Temanggung,B16,19,purging,23,10548,2886,2879,8082,8897,2883,9177,14245,13749,14402,,
3267180,M-MUK,medium,Temanggung,B16,19,purging,24,10509,2883,2879,8082,8890,2883,9173,14231,13725,14391,,
3268180,M-MUK,medium,Temanggung,B16,19,purging,25,10473,2883,2879,8081,8884,2883,9171,14217,13704,14382,,
3269180,M-MUK,medium,Temanggung,B16,19,purging,26,10441,2881,2879,8080,8879,2883,9169,14204,13684,14372,,
3270180,M-MUK,medium,Temanggung,B16,19,purging,27,10411,2883,2879,8079,8873,2883,9168,14192,13664,14362,,
3271180,M-MUK,medium,Temanggung,B16,19,purging,28,10384,2881,2879,8078,8868,2883,9166,14179,13646,14352,,
3272180,M-MUK,medium,Temanggung,B16,19,purging,29,10358,2883,2879,8077,8863,2883,9164,14167,13627,14343,,
3273180,M-MUK,medium,Temanggung,B16,19,purging,30,10335,2881,2876,8076,8857,2881,9163,14156,13610,14334,,
3274180,M-MUK,medium,Temanggung,B16,19,purging,31,10314,2883,2876,8075,8852,2883,9161,14144,13593,14326,,
3275181,M-MUK,medium,Temanggung,B16,19,purging,32,10294,2883,2879,8074,8848,2883,9160,14133,13576,14319,,
3276180,M-MUK,medium,Temanggung,B16,19,purging,33,10275,2883,2877,8074,8846,2881,9158,14124,13561,14311,,
3277180,M-MUK,medium,Temanggung,B16,19,purging,34,10258,2883,2879,8073,8842,2883,9158,14113,13546,14303,,
3278180,M-MUK,medium,Temanggung,B16,19,purging,35,10242,2883,2879,8072,8838,2883,9156,14103,13531,14296,,
3279180,M-MUK,medium,Temanggung,B16,19,purging,36,10226,2883,2877,8071,8834,2883,9154,14094,13517,14289,,
3280180,M-MUK,medium,Temanggung,B16,19,purging,37,10212,2883,2879,8070,8831,2883,9153,14085,13503,14282,,
3281180,M-MUK,medium,Temanggung,B16,19,purging,38,10198,2886,2876,8070,8827,2883,9153,14076,13489,14276,,
3282181,M-MUK,medium,Temanggung,B16,19,purging,39,10186,2883,2879,8068,8824,2881,9151,14067,13477,14269,,
3283180,M-MUK,medium,Temanggung,B16,19,purging,40,10173,2883,2876,8068,8820,2881,9150,14058,13465,14262,,
3284180,M-MUK,medium,Temanggung,B16,19,purging,41,10162,2883,2877,8067,8817,2881,9149,14050,13452,14255,,
3285180,M-MUK,medium,Temanggung,B16,19,purging,42,10151,2883,2877,8066,8814,2883,9148,14042,13441,14249,,
3286180,M-MUK,medium,Temanggung,B16,19,purging,43,10141,2883,2876,8066,8811,2881,9147,14034,13429,14244,,
3287180,M-MUK,medium,Temanggung,B16,19,purging,44,10131,2883,2877,8065,8808,2883,9146,14027,13418,14238,,
3288180,M-MUK,medium,Temanggung,B16,19,purging,45,10122,2883,2876,8064,8805,2881,9146,14019,13407,14233,,
3289180,M-MUK,medium,Temanggung,B16,19,purging,46,10114,2883,2877,8063,8802,2883,9145,14012,13397,14228,,
3290180,M-MUK,medium,Temanggung,B16,19,purging,47,10105,2883,2879,8062,8800,2883,9144,14006,13387,14223,,
3291181,M-MUK,medium,Temanggung,B16,19,purging,48,10097,2883,2877,8062,8798,2883,9144,13999,13377,14218,,
3292180,M-MUK,medium,Temanggung,B16,19,purging,49,10089,2883,2877,8061,8797,2881,9143,13992,13368,14214,,
3293180,M-MUK,medium,Temanggung,B16,19,purging,50,10082,2883,2877,8060,8794,2881,9143,13986,13358,14209,,
3294180,M-MUK,medium,Temanggung,B16,19,purging,51,10075,2883,2877,8059,8792,2881,9143,13980,13349,14205,,
3295180,M-MUK,medium,Temanggung,B16,19,purging,52,10068,2886,2877,8058,8790,2883,9143,13973,13340,14201,,
3296180,M-MUK,medium,Temanggung,B16,19,purging,53,10062,2883,2877,8058,8789,2881,9142,13968,13332,14197,,
3297180,M-MUK,medium,Temanggung,B16,19,purging,54,10055,2883,2877,8056,8787,2883,9142,13962,13324,14192,,
3298181,M-MUK,medium,Temanggung,B16,19,purging,55,10049,2886,2877,8055,8784,2881,9142,13956,13315,14188,,
3299180,M-MUK,medium,Temanggung,B16,19,purging,56,10044,2883,2879,8055,8783,2881,9141,13951,13308,14184,,
3300180,M-MUK,medium,Temanggung,B16,19,purging,57,10038,2883,2877,8054,8781,2881,9140,13945,13300,14180,,
3301180,M-MUK,medium,Temanggung,B16,19,purging,58,10032,2883,2875,8052,8779,2881,9140,13939,13292,14176,,
3302180,M-MUK,medium,Temanggung,B16,19,purging,59,10027,2886,2877,8051,8777,2881,9140,13934,13285,14173,,
3303180,M-MUK,medium,Temanggung,B16,19,purging,60,10022,2886,2877,8050,8776,2883,9139,13929,13277,14169,,
3304180,M-MUK,medium,Temanggung,B16,19,purging,61,10018,2886,2877,8050,8774,2881,9139,13924,13271,14165,,
3305180,M-MUK,medium,Temanggung,B16,19,purging,62,10012,2883,2875,8048,8773,2883,9138,13918,13264,14162,,
3306180,M-MUK,medium,Temanggung,B16,19,purging,63,10008,2886,2877,8047,8771,2881,9137,13913,13257,14157,,
3307181,M-MUK,medium,Temanggung,B16,19,purging,64,10004,2886,2877,8046,8769,2881,9135,13907,13250,14151,,
3308180,M-MUK,medium,Temanggung,B16,19,purging,65,10000,2883,2879,8045,8765,2881,9133,13901,13243,14145,,
3309180,M-MUK,medium,Temanggung,B16,19,purging,66,9996,2886,2876,8044,8761,2881,9129,13894,13236,14139,,
3310180,M-MUK,medium,Temanggung,B16,19,purging,67,9992,2883,2879,8043,8758,2883,9125,13888,13228,14134,,
3311180,M-MUK,medium,Temanggung,B16,19,purging,68,9988,2883,2877,8042,8753,2881,9122,13881,13220,14128,,
3312180,M-MUK,medium,Temanggung,B16,19,purging,69,9984,2883,2877,8041,8749,2881,9119,13875,13212,14123,,
3313180,M-MUK,medium,Temanggung,B16,19,purging,70,9981,2886,2877,8041,8745,2881,9116,13869,13205,14117,,
3314181,M-MUK,medium,Temanggung,B16,19,purging,71,9977,2886,2877,8040,8741,2881,9113,13863,13196,14112,,
3315180,M-MUK,medium,Temanggung,B16,19,purging,72,9974,2886,2877,8039,8736,2881,9110,13858,13189,14108,,
3316180,M-MUK,medium,Temanggung,B16,19,purging,73,9970,2883,2877,8038,8733,2881,9107,13852,13181,14104,,
3317180,M-MUK,medium,Temanggung,B16,19,purging,74,9967,2883,2877,8037,8729,2883,9106,13847,13173,14100,,
3318180,M-MUK,medium,Temanggung,B16,19,purging,75,9963,2886,2879,8036,8726,2881,9104,13843,13166,14097,,
3319180,M-MUK,medium,Temanggung,B16,19,purging,76,9960,2883,2877,8034,8724,2881,9103,13838,13159,14093,,
3320180,M-MUK,medium,Temanggung,B16,19,purging,77,9958,2883,2879,8034,8721,2881,9102,13834,13152,14090,,
3321180,M-MUK,medium,Temanggung,B16,19,purging,78,9954,2883,2877,8032,8718,2881,9101,13830,13146,14087,,
3322180,M-MUK,medium,Temanggung,B16,19,purging,79,9951,2886,2879,8031,8717,2881,9101,13826,13139,14083,,
3323181,M-MUK,medium,Temanggung,B16,19,purging,80,9949,2886,2879,8031,8714,2883,9099,13822,13133,14080,,
3324180,M-MUK,medium,Temanggung,B16,19,purging,81,9946,2883,2877,8030,8712,2881,9099,13818,13127,14077,,
3325180,M-MUK,medium,Temanggung,B16,19,purging,82,9944,2883,2879,8029,8710,2881,9098,13813,13121,14074,,
3326180,M-MUK,medium,Temanggung,B16,19,purging,83,9941,2883,2879,8028,8708,2881,9098,13809,13115,14071,,
3327180,M-MUK,medium,Temanggung,B16,19,purging,84,9938,2886,2879,8027,8706,2883,9097,13806,13110,14068,,
3328180,M-MUK,medium,Temanggung,B16,19,purging,85,9935,2886,2875,8026,8704,2883,9096,13803,13104,14066,,
3329180,M-MUK,medium,Temanggung,B16,19,purging,86,9933,2883,2879,8025,8702,2881,9096,13799,13098,14064,,
3330181,M-MUK,medium,Temanggung,B16,19,purging,87,9931,2886,2877,8024,8701,2881,9096,13796,13093,14062,,
3331180,M-MUK,medium,Temanggung,B16,19,purging,88,9929,2883,2879,8023,8701,2881,9097,13793,13088,14061,,
3332180,M-MUK,medium,Temanggung,B16,19,purging,89,9927,2886,2879,8022,8699,2883,9098,13790,13084,14060,,
3333180,M-MUK,medium,Temanggung,B16,19,purging,90,9925,2886,2879,8022,8700,2883,9099,13788,13079,14058,,
3334180,M-MUK,medium,Temanggung,B16,19,purging,91,9923,2886,2879,8021,8700,2881,9099,13785,13075,14057,,
3335180,M-MUK,medium,Temanggung,B16,19,purging,92,9921,2883,2875,8020,8700,2881,9101,13783,13071,14056,,
3336180,M-MUK,medium,Temanggung,B16,19,purging,93,9919,2886,2877,8019,8700,2883,9101,13780,13067,14053,,
3337180,M-MUK,medium,Temanggung,B16,19,purging,94,9918,2884,2877,8018,8699,2883,9100,13776,13063,14050,,
3338180,M-MUK,medium,Temanggung,B16,19,purging,95,9916,2886,2879,8017,8697,2883,9099,13772,13059,14046,,
3339181,M-MUK,medium,Temanggung,B16,19,purging,96,9914,2884,2875,8017,8694,2883,9096,13767,13054,14041,,
3340180,M-MUK,medium,Temanggung,B16,19,purging,97,9912,2886,2879,8015,8690,2883,9092,13762,13049,14035,,
3341180,M-MUK,medium,Temanggung,B16,19,purging,98,9910,2884,2879,8014,8687,2883,9089,13757,13043,14031,,
3342180,M-MUK,medium,Temanggung,B16,19,purging,99,9907,2883,2879,8013,8683,2883,9086,13752,13037,14027,,
3343180,M-MUK,medium,Temanggung,B16,19,purging,100,9905,2886,2877,8012,8679,2883,9082,13747,13031,14024,,
3344180,M-MUK,medium,Temanggung,B16,19,purging,101,9903,2886,2877,8011,8676,2883,9079,13743,13026,14021,,
3345180,M-MUK,medium,Temanggung,B16,19,purging,102,9900,2886,2875,8010,8672,2883,9077,13739,13020,14018,,
3346181,M-MUK,medium,Temanggung,B16,19,purging,103,9898,2884,2875,8009,8670,2883,9075,13736,13014,14015,,
3347180,M-MUK,medium,Temanggung,B16,19,purging,104,9895,2886,2877,8009,8667,2881,9073,13732,13009,14012,,
3348180,M-MUK,medium,Temanggung,B16,19,purging,105,9893,2884,2875,8008,8664,2883,9072,13728,13004,14009,,
3349180,M-MUK,medium,Temanggung,B16,19,purging,106,9891,2882,2877,8007,8662,2883,9071,13725,12999,14007,,
3350180,M-MUK,medium,Temanggung,B16,19,purging,107,9888,2884,2877,8006,8661,2883,9070,13722,12993,14004,,
3351180,M-MUK,medium,Temanggung,B16,19,purging,108,9886,2884,2877,8004,8658,2883,9069,13719,12988,14002,,
3352180,M-MUK,medium,Temanggung,B16,19,purging,109,9884,2884,2877,8004,8655,2883,9068,13716,12983,14000,,
3353180,M-MUK,medium,Temanggung,B16,19,purging,110,9882,2884,2875,8002,8653,2883,9067,13713,12978,13998,,
3354180,M-MUK,medium,Temanggung,B16,19,purging,111,9879,2884,2877,8001,8651,2883,9067,13709,12973,13995,,
3355181,M-MUK,medium,Temanggung,B16,19,purging,112,9877,2884,2877,8000,8649,2881,9065,13707,12968,13994,,
3356180,M-MUK,medium,Temanggung,B16,19,purging,113,9875,2884,2877,7999,8648,2883,9066,13705,12963,13992,,
3357180,M-MUK,medium,Temanggung,B16,19,purging,114,9874,2886,2875,7999,8647,2883,9065,13702,12959,13991,,
3358180,M-MUK,medium,Temanggung,B16,19,purging,115,9873,2884,2877,7997,8646,2883,9067,13699,12955,13989,,
3359180,M-MUK,medium,Temanggung,B16,19,purging,116,9872,2886,2877,7996,8646,2883,9067,13697,12951,13987,,
3360180,M-MUK,medium,Temanggung,B16,19,purging,117,9871,2884,2877,7995,8644,2883,9066,13694,12947,13984,,
3361180,M-MUK,medium,Temanggung,B16,19,purging,118,9870,2884,2877,7994,8643,2883,9064,13691,12942,13981,,
3362181,M-MUK,medium,Temanggung,B16,19,purging,119,9869,2884,2877,7992,8641,2883,9062,13687,12939,13977,,
3363180,M-MUK,medium,Temanggung,B16,19,purging,120,9868,2884,2877,7991,8638,2886,9060,13683,12934,13974,,
3364184,M-MUK,medium,Temanggung,B16,19,collecting,1,9867,2886,2875,7990,8636,2886,9057,13680,12930,13972,,
3365180,M-MUK,medium,Temanggung,B16,19,collecting,2,9867,2884,2875,7988,8634,2883,9056,13678,12925,13975,,
3366180,M-MUK,medium,Temanggung,B16,19,collecting,3,10020,2886,2877,7987,8665,2885,9087,13706,12932,14029,,
3367180,M-MUK,medium,Temanggung,B16,19,collecting,4,10541,2884,2877,7986,8746,2883,9166,13819,12998,14135,,
3368180,M-MUK,medium,Temanggung,B16,19,collecting,5,11273,2886,2875,7985,8855,2883,9256,13986,13133,14255,,
3369180,M-MUK,medium,Temanggung,B16,19,collecting,6,11979,2886,2875,7985,8959,2883,9330,14182,13310,14360,,
3370180,M-MUK,medium,Temanggung,B16,19,collecting,7,12543,2884,2877,7984,9043,2883,9377,14354,13498,14444,,
3371181,M-MUK,medium,Temanggung,B16,19,collecting,8,12955,2888,2875,7983,9103,2883,9401,14489,13673,14509,,
3372180,M-MUK,medium,Temanggung,B16,19,collecting,9,13245,2890,2877,7982,9145,2883,9410,14588,13823,14558,,
3373180,M-MUK,medium,Temanggung,B16,19,collecting,10,13443,2891,2879,7980,9171,2883,9409,14660,13947,14596,,
3374180,M-MUK,medium,Temanggung,B16,19,collecting,11,13573,2888,2877,7979,9186,2883,9401,14712,14046,14625,,
3375180,M-MUK,medium,Temanggung,B16,19,collecting,12,13654,2893,2877,7978,9194,2885,9392,14748,14124,14647,,
3376180,M-MUK,medium,Temanggung,B16,19,collecting,13,13702,2893,2877,7976,9198,2883,9381,14774,14184,14663,,
3377180,M-MUK,medium,Temanggung,B16,19,collecting,14,13724,2890,2877,7975,9199,2886,9372,14792,14232,14676,,
3378181,M-MUK,medium,Temanggung,B16,19,collecting,15,13728,2893,2877,7974,9197,2883,9361,14806,14269,14686,,
3379180,M-MUK,medium,Temanggung,B16,19,collecting,16,13719,2891,2877,7972,9194,2883,9351,14815,14297,14693,,
3380180,M-MUK,medium,Temanggung,B16,19,collecting,17,13700,2891,2877,7971,9191,2883,9343,14821,14319,14700,,
3381180,M-MUK,medium,Temanggung,B16,19,collecting,18,13675,2891,2877,7970,9187,2883,9336,14826,14336,14704,,
3382180,M-MUK,medium,Temanggung,B16,19,collecting,19,13644,2891,2879,7968,9183,2885,9329,14829,14349,14708,,
3383180,M-MUK,medium,Temanggung,B16,19,collecting,20,13610,2893,2877,7966,9179,2883,9322,14830,14358,14711,,
3384180,M-MUK,medium,Temanggung,B16,19,collecting,21,13574,2893,2877,7965,9175,2883,9315,14832,14365,14714,,
3385180,M-MUK,medium,Temanggung,B16,19,collecting,22,13537,2891,2879,7964,9170,2886,9310,14833,14371,14715,,
3386180,M-MUK,medium,Temanggung,B16,19,collecting,23,13502,2886,2877,7962,9166,2885,9306,14834,14375,14717,,
3387181,M-MUK,medium,Temanggung,B16,19,collecting,24,13467,2886,2881,7961,9163,2883,9301,14835,14378,14719,,
3388180,M-MUK,medium,Temanggung,B16,19,collecting,25,13432,2888,2877,7960,9160,2886,9297,14836,14380,14719,,
3389180,M-MUK,medium,Temanggung,B16,19,collecting,26,13399,2886,2877,7959,9157,2886,9293,14835,14381,14720,,
3390180,M-MUK,medium,Temanggung,B16,19,collecting,27,13367,2886,2877,7958,9154,2886,9291,14835,14382,14721,,
3391180,M-MUK,medium,Temanggung,B16,19,collecting,28,13336,2888,2877,7956,9151,2886,9286,14835,14382,14721,,
3392180,M-MUK,medium,Temanggung,B16,19,collecting,29,13307,2888,2879,7955,9148,2883,9283,14835,14381,14721,,
3393180,M-MUK,medium,Temanggung,B16,19,collecting,30,13280,2888,2877,7954,9145,2886,9281,14835,14381,14722,,
3394181,M-MUK,medium,Temanggung,B16,19,collecting,31,13254,2890,2877,7953,9143,2885,9277,14835,14380,14722,,
3395180,M-MUK,medium,Temanggung,B16,19,collecting,32,13228,2886,2877,7952,9140,2885,9274,14835,14380,14722,,
3396180,M-MUK,medium,Temanggung,B16,19,collecting,33,13204,2890,2881,7951,9138,2885,9273,14834,14378,14721,,
3397180,M-MUK,medium,Temanggung,B16,19,collecting,34,13181,2888,2881,7949,9135,2881,9271,14835,14377,14722,,
3398180,M-MUK,medium,Temanggung,B16,19,collecting,35,13159,2888,2877,7948,9133,2885,9270,14835,14375,14721,,
3399180,M-MUK,medium,Temanggung,B16,19,collecting,36,13138,2886,2881,7947,9130,2885,9268,14834,14373,14721,,
3400180,M-MUK,medium,Temanggung,B16,19,collecting,37,13118,2886,2876,7946,9129,2881,9266,14833,14371,14720,,
3401180,M-MUK,medium,Temanggung,B16,19,collecting,38,13098,2891,2877,7945,9127,2883,9264,14832,14369,14719,,
3402180,M-MUK,medium,Temanggung,B16,19,collecting,39,13080,2886,2877,7944,9125,2886,9261,14830,14367,14718,,
3403181,M-MUK,medium,Temanggung,B16,19,collecting,40,13061,2888,2877,7943,9123,2883,9258,14830,14365,14717,,
3404180,M-MUK,medium,Temanggung,B16,19,collecting,41,13043,2888,2876,7942,9121,2886,9257,14829,14362,14716,,
3405180,M-MUK,medium,Temanggung,B16,19,collecting,42,13027,2886,2877,7940,9118,2881,9255,14828,14359,14715,,
3406180,M-MUK,medium,Temanggung,B16,19,collecting,43,13011,2890,2877,7939,9116,2881,9253,14827,14357,14713,,
3407180,M-MUK,medium,Temanggung,B16,19,collecting,44,12996,2888,2877,7939,9114,2883,9251,14826,14354,14712,,
3408180,M-MUK,medium,Temanggung,B16,19,collecting,45,12981,2891,2881,7937,9111,2881,9249,14825,14351,14711,,
3409180,M-MUK,medium,Temanggung,B16,19,collecting,46,12966,2886,2877,7937,9109,2886,9248,14825,14348,14710,,
3410181,M-MUK,medium,Temanggung,B16,19,collecting,47,12952,2890,2877,7936,9107,2881,9246,14823,14345,14708,,
3411180,M-MUK,medium,Temanggung,B16,19,collecting,48,12937,2886,2877,7935,9105,2886,9245,14822,14342,14707,,
3412180,M-MUK,medium,Temanggung,B16,19,collecting,49,12923,2888,2877,7934,9104,2886,9243,14820,14339,14705,,
3413180,M-MUK,medium,Temanggung,B16,19,collecting,50,12910,2888,2877,7933,9102,2886,9242,14819,14336,14704,,
3414180,M-MUK,medium,Temanggung,B16,19,collecting,51,12897,2886,2879,7932,9100,2886,9240,14818,14333,14702,,
3415180,M-MUK,medium,Temanggung,B16,19,collecting,52,12884,2886,2877,7931,9097,2886,9238,14816,14330,14700,,
3416180,M-MUK,medium,Temanggung,B16,19,collecting,53,12870,2886,2881,7930,9095,2885,9235,14814,14326,14698,,
3417180,M-MUK,medium,Temanggung,B16,19,collecting,54,12857,2886,2877,7929,9093,2886,9232,14812,14322,14696,,
3418180,M-MUK,medium,Temanggung,B16,19,collecting,55,12844,2886,2881,7928,9091,2886,9231,14811,14318,14694,,
3419181,M-MUK,medium,Temanggung,B16,19,collecting,56,12831,2888,2877,7928,9090,2881,9231,14809,14315,14693,,
3420180,M-MUK,medium,Temanggung,B16,19,collecting,57,12820,2888,2877,7927,9088,2883,9229,14806,14312,14690,,
3421180,M-MUK,medium,Temanggung,B16,19,collecting,58,12808,2886,2879,7927,9086,2886,9228,14805,14308,14689,,
3422180,M-MUK,medium,Temanggung,B16,19,collecting,59,12796,2888,2877,7925,9084,2886,9227,14804,14305,14687,,
3423180,M-MUK,medium,Temanggung,B16,19,collecting,60,12786,2886,2877,7925,9082,2883,9226,14801,14301,14685,,
3424183,M-MUK,medium,Temanggung,B16,20,purging,1,12775,2886,2879,7924,9080,2886,9225,14800,14297,14683,,
3425180,M-MUK,medium,Temanggung,B16,20,purging,2,12764,2888,2877,7925,9080,2881,9225,14798,14294,14681,,
3426181,M-MUK,medium,Temanggung,B16,20,purging,3,12723,2888,2879,7925,9071,2881,9216,14785,14288,14665,,
3427180,M-MUK,medium,Temanggung,B16,20,purging,4,12635,2886,2877,7924,9054,2886,9201,14758,14271,14644,,
3428180,M-MUK,medium,Temanggung,B16,20,purging,5,12513,2886,2877,7924,9032,2886,9182,14722,14244,14619,,
3429180,M-MUK,medium,Temanggung,B16,20,purging,6,12371,2886,2879,7923,9010,2886,9164,14683,14209,14595,,
3430180,M-MUK,medium,Temanggung,B16,20,purging,7,12220,2886,2879,7922,8987,2886,9149,14643,14170,14570,,
3431180,M-MUK,medium,Temanggung,B16,20,purging,8,12067,2886,2877,7921,8965,2886,9136,14605,14129,14546,,
3432180,M-MUK,medium,Temanggung,B16,20,purging,9,11916,2888,2882,7920,8945,2886,9124,14569,14086,14523,,
3433180,M-MUK,medium,Temanggung,B16,20,purging,10,11770,2888,2877,7920,8926,2886,9115,14534,14045,14501,,
3434180,M-MUK,medium,Temanggung,B16,20,purging,11,11632,2886,2879,7920,8908,2883,9105,14502,14004,14480,,
3435181,M-MUK,medium,Temanggung,B16,20,purging,12,11503,2886,2879,7919,8892,2881,9098,14473,13965,14459,,
3436180,M-MUK,medium,Temanggung,B16,20,purging,13,11384,2886,2879,7919,8878,2886,9091,14444,13926,14441,,
3437180,M-MUK,medium,Temanggung,B16,20,purging,14,11274,2888,2877,7918,8865,2886,9084,14417,13890,14420,,
3438180,M-MUK,medium,Temanggung,B16,20,purging,15,11173,2886,2882,7918,8850,2881,9077,14391,13854,14400,,
3439180,M-MUK,medium,Temanggung,B16,20,purging,16,11081,2886,2879,7917,8837,2883,9069,14365,13819,14382,,
3440180,M-MUK,medium,Temanggung,B16,20,purging,17,10997,2886,2879,7917,8823,2886,9061,14341,13786,14364,,
3441180,M-MUK,medium,Temanggung,B16,20,purging,18,10921,2886,2877,7916,8811,2881,9055,14320,13754,14347,,
3442181,M-MUK,medium,Temanggung,B16,20,purging,19,10851,2886,2877,7916,8799,2883,9048,14299,13723,14331,,
3443180,M-MUK,medium,Temanggung,B16,20,purging,20,10788,2884,2877,7915,8788,2883,9042,14279,13694,14317,,
3444180,M-MUK,medium,Temanggung,B16,20,purging,21,10730,2886,2879,7915,8779,2883,9038,14260,13665,14304,,
3445180,M-MUK,medium,Temanggung,B16,20,purging,22,10678,2884,2879,7914,8770,2881,9035,14243,13639,14290,,
3446180,M-MUK,medium,Temanggung,B16,20,purging,23,10630,2888,2877,7914,8761,2886,9032,14226,13613,14278,,
3447180,M-MUK,medium,Temanggung,B16,20,purging,24,10585,2884,2879,7913,8753,2883,9029,14210,13589,14266,,
3448180,M-MUK,medium,Temanggung,B16,20,purging,25,10545,2884,2879,7913,8746,2883,9026,14195,13565,14255,,
3449180,M-MUK,medium,Temanggung,B16,20,purging,26,10508,2888,2879,7912,8740,2881,9024,14180,13542,14245,,
3450180,M-MUK,medium,Temanggung,B16,20,purging,27,10474,2886,2879,7911,8733,2881,9023,14166,13521,14235,,
3451181,M-MUK,medium,Temanggung,B16,20,purging,28,10444,2889,2879,7911,8729,2886,9023,14154,13501,14226,,
3452180,M-MUK,medium,Temanggung,B16,20,purging,29,10415,2884,2879,7911,8724,2883,9022,14141,13481,14217,,
3453180,M-MUK,medium,Temanggung,B16,20,purging,30,10389,2888,2882,7910,8720,2883,9022,14129,13463,14208,,
3454180,M-MUK,medium,Temanggung,B16,20,purging,31,10365,2886,2882,7910,8717,2883,9020,14117,13445,14199,,
3455180,M-MUK,medium,Temanggung,B16,20,purging,32,10341,2889,2882,7909,8713,2886,9018,14105,13427,14190,,
3456180,M-MUK,medium,Temanggung,B16,20,purging,33,10320,2886,2879,7909,8708,2881,9017,14094,13411,14182,,
3457180,M-MUK,medium,Temanggung,B16,20,purging,34,10300,2886,2879,7908,8704,2883,9016,14083,13395,14174,,
3458181,M-MUK,medium,Temanggung,B16,20,purging,35,10281,2888,2879,7908,8701,2881,9015,14072,13379,14167,,
3459180,M-MUK,medium,Temanggung,B16,20,purging,36,10264,2888,2879,7907,8697,2883,9014,14062,13364,14160,,
3460180,M-MUK,medium,Temanggung,B16,20,purging,37,10248,2886,2879,7907,8694,2883,9014,14053,13351,14154,,
3461180,M-MUK,medium,Temanggung,B16,20,purging,38,10233,2882,2879,7907,8692,2881,9014,14044,13337,14148,,
3462180,M-MUK,medium,Temanggung,B16,20,purging,39,10218,2884,2882,7906,8690,2886,9015,14035,13324,14142,,
3463180,M-MUK,medium,Temanggung,B16,20,purging,40,10204,2882,2879,7905,8689,2881,9016,14027,13311,14137,,
3464180,M-MUK,medium,Temanggung,B16,20,purging,41,10191,2888,2879,7905,8687,2883,9017,14019,13299,14132,,
3465180,M-MUK,medium,Temanggung,B16,20,purging,42,10178,2888,2879,7904,8685,2883,9018,14012,13288,14127,,
3466180,M-MUK,medium,Temanggung,B16,20,purging,43,10167,2889,2879,7904,8683,2883,9018,14004,13277,14122,,
3467181,M-MUK,medium,Temanggung,B16,20,purging,44,10155,2882,2879,7904,8682,2883,9019,13996,13266,14116,,
3468180,M-MUK,medium,Temanggung,B16,20,purging,45,10145,2884,2879,7903,8680,2886,9019,13989,13256,14112,,
3469180,M-MUK,medium,Temanggung,B16,20,purging,46,10135,2886,2879,7903,8678,2883,9018,13981,13245,14106,,
3470180,M-MUK,medium,Temanggung,B16,20,purging,47,10125,2889,2879,7902,8677,2883,9018,13973,13236,14101,,
3471180,M-MUK,medium,Temanggung,B16,20,purging,48,10115,2884,2881,7902,8675,2883,9018,13966,13226,14095,,
3472180,M-MUK,medium,Temanggung,B16,20,purging,49,10107,2886,2879,7901,8672,2883,9017,13959,13217,14090,,
3473180,M-MUK,medium,Temanggung,B16,20,purging,50,10098,2886,2882,7901,8669,2883,9017,13952,13207,14085,,
3474181,M-MUK,medium,Temanggung,B16,20,purging,51,10090,2889,2879,7900,8667,2881,9017,13945,13198,14080,,
3475180,M-MUK,medium,Temanggung,B16,20,purging,52,10083,2888,2881,7900,8664,2883,9015,13937,13188,14075,,
3476180,M-MUK,medium,Temanggung,B16,20,purging,53,10075,2886,2879,7899,8661,2883,9013,13929,13180,14067,,
3477180,M-MUK,medium,Temanggung,B16,20,purging,54,10069,2889,2884,7899,8658,2883,9010,13921,13170,14060,,
3478180,M-MUK,medium,Temanggung,B16,20,purging,55,10063,2886,2879,7898,8654,2883,9006,13913,13160,14053,,
3479180,M-MUK,medium,Temanggung,B16,20,purging,56,10056,2891,2883,7898,8649,2881,9002,13905,13151,14045,,
3480180,M-MUK,medium,Temanggung,B16,20,purging,57,10051,2887,2879,7898,8645,2883,8997,13897,13141,14039,,
3481180,M-MUK,medium,Temanggung,B16,20,purging,58,10045,2890,2883,7897,8640,2883,8994,13889,13131,14034,,
3482180,M-MUK,medium,Temanggung,B16,20,purging,59,10040,2888,2882,7896,8636,2883,8991,13882,13122,14028,,
3483181,M-MUK,medium,Temanggung,B16,20,purging,60,10034,2886,2882,7896,8631,2883,8990,13876,13112,14023,,
3484180,M-MUK,medium,Temanggung,B16,20,purging,61,10029,2889,2882,7895,8628,2883,8988,13869,13103,14018,,
3485180,M-MUK,medium,Temanggung,B16,20,purging,62,10024,2888,2882,7895,8624,2883,8985,13863,13094,14013,,
3486180,M-MUK,medium,Temanggung,B16,20,purging,63,10018,2888,2879,7895,8621,2883,8983,13857,13085,14007,,
3487180,M-MUK,medium,Temanggung,B16,20,purging,64,10014,2890,2882,7894,8618,2883,8981,13851,13077,14003,,
3488180,M-MUK,medium,Temanggung,B16,20,purging,65,10010,2886,2879,7894,8614,2883,8980,13845,13068,13998,,
3489180,M-MUK,medium,Temanggung,B16,20,purging,66,10006,2888,2881,7893,8611,2883,8980,13839,13060,13994,,
3490181,M-MUK,medium,Temanggung,B16,20,purging,67,10002,2889,2879,7892,8608,2883,8978,13833,13052,13990,,
3491180,M-MUK,medium,Temanggung,B16,20,purging,68,9998,2891,2882,7892,8605,2883,8977,13828,13044,13986,,
3492180,M-MUK,medium,Temanggung,B16,20,purging,69,9994,2891,2886,7891,8603,2883,8976,13822,13036,13981,,
3493180,M-MUK,medium,Temanggung,B16,20,purging,70,9990,2891,2884,7890,8600,2883,8975,13817,13029,13977,,
3494180,M-MUK,medium,Temanggung,B16,20,purging,71,9986,2888,2882,7890,8598,2883,8973,13812,13021,13974,,
3495180,M-MUK,medium,Temanggung,B16,20,purging,72,9982,2888,2882,7889,8596,2883,8972,13806,13014,13969,,
3496180,M-MUK,medium,Temanggung,B16,20,purging,73,9978,2888,2882,7889,8594,2883,8971,13801,13007,13966,,
3497180,M-MUK,medium,Temanggung,B16,20,purging,74,9975,2888,2883,7888,8592,2881,8970,13797,13000,13963,,
3498180,M-MUK,medium,Temanggung,B16,20,purging,75,9973,2888,2884,7888,8590,2881,8970,13792,12993,13960,,
3499181,M-MUK,medium,Temanggung,B16,20,purging,76,9969,2886,2882,7887,8587,2883,8970,13788,12986,13957,,
3500180,M-MUK,medium,Temanggung,B16,20,purging,77,9966,2888,2885,7886,8585,2883,8970,13784,12980,13953,,
3501180,M-MUK,medium,Temanggung,B16,20,purging,78,9962,2888,2882,7885,8583,2886,8969,13779,12974,13950,,
3502180,M-MUK,medium,Temanggung,B16,20,purging,79,9958,2889,2882,7885,8582,2883,8968,13776,12968,13947,,
3503180,M-MUK,medium,Temanggung,B16,20,purging,80,9955,2888,2884,7884,8580,2883,8967,13772,12961,13944,,
3504180,M-MUK,medium,Temanggung,B16,20,purging,81,9952,2889,2882,7883,8578,2881,8967,13767,12955,13941,,
3505180,M-MUK,medium,Temanggung,B16,20,purging,82,9948,2890,2884,7883,8576,2883,8966,13762,12949,13936,,
3506181,M-MUK,medium,Temanggung,B16,20,purging,83,9946,2888,2882,7882,8574,2881,8964,13757,12943,13932,,
3507180,M-MUK,medium,Temanggung,B16,20,purging,84,9943,2891,2881,7882,8572,2881,8962,13752,12938,13930,,
3508180,M-MUK,medium,Temanggung,B16,20,purging,85,9940,2894,2884,7881,8569,2883,8961,13749,12932,13928,,
3509180,M-MUK,medium,Temanggung,B16,20,purging,86,9937,2888,2882,7880,8568,2883,8961,13745,12926,13926,,
3510180,M-MUK,medium,Temanggung,B16,20,purging,87,9935,2888,2884,7880,8567,2881,8962,13742,12921,13925,,
3511180,M-MUK,medium,Temanggung,B16,20,purging,88,9932,2889,2884,7879,8566,2881,8963,13739,12916,13921,,
3512180,M-MUK,medium,Temanggung,B16,20,purging,89,9929,2888,2882,7878,8565,2881,8961,13735,12911,13918,,
3513180,M-MUK,medium,Temanggung,B16,20,purging,90,9927,2891,2885,7877,8563,2881,8959,13730,12906,13914,,
3514180,M-MUK,medium,Temanggung,B16,20,purging,91,9924,2889,2883,7876,8561,2883,8958,13725,12900,13910,,
3515181,M-MUK,medium,Temanggung,B16,20,purging,92,9922,2895,2883,7876,8559,2881,8957,13721,12895,13907,,
3516180,M-MUK,medium,Temanggung,B16,20,purging,93,9919,2888,2880,7875,8556,2883,8955,13716,12889,13904,,
3517180,M-MUK,medium,Temanggung,B16,20,purging,94,9917,2890,2883,7874,8554,2881,8952,13712,12884,13900,,
3518180,M-MUK,medium,Temanggung,B16,20,purging,95,9914,2891,2883,7873,8551,2881,8950,13708,12879,13896,,
3519180,M-MUK,medium,Temanggung,B16,20,purging,96,9912,2888,2883,7872,8548,2881,8947,13704,12873,13893,,
3520180,M-MUK,medium,Temanggung,B16,20,purging,97,9910,2890,2886,7871,8545,2881,8945,13700,12868,13890,,
3521180,M-MUK,medium,Temanggung,B16,20,purging,98,9908,2889,2884,7870,8542,2883,8944,13695,12862,13887,,
3522181,M-MUK,medium,Temanggung,B16,20,purging,99,9905,2892,2884,7869,8539,2883,8943,13691,12856,13883,,
3523180,M-MUK,medium,Temanggung,B16,20,purging,100,9903,2893,2883,7868,8536,2881,8941,13687,12850,13881,,
3524180,M-MUK,medium,Temanggung,B16,20,purging,101,9901,2891,2883,7867,8534,2883,8941,13684,12845,13878,,
3525180,M-MUK,medium,Temanggung,B16,20,purging,102,9899,2890,2883,7865,8532,2883,8940,13681,12839,13876,,
3526180,M-MUK,medium,Temanggung,B16,20,purging,103,9897,2893,2886,7865,8531,2881,8939,13678,12834,13874,,
3527180,M-MUK,medium,Temanggung,B16,20,purging,104,9894,2891,2883,7863,8530,2882,8938,13674,12830,13873,,
3528180,M-MUK,medium,Temanggung,B16,20,purging,105,9893,2893,2886,7862,8528,2881,8940,13672,12825,13871,,
3529180,M-MUK,medium,Temanggung,B16,20,purging,106,9891,2891,2886,7861,8528,2881,8940,13669,12821,13870,,
3530180,M-MUK,medium,Temanggung,B16,20,purging,107,9890,2891,2883,7860,8527,2881,8940,13666,12816,13869,,
3531181,M-MUK,medium,Temanggung,B16,20,purging,108,9888,2893,2883,7859,8527,2883,8941,13664,12813,13867,,
3532180,M-MUK,medium,Temanggung,B16,20,purging,109,9887,2891,2886,7858,8526,2883,8941,13661,12809,13865,,
3533180,M-MUK,medium,Temanggung,B16,20,purging,110,9885,2894,2884,7857,8525,2881,8941,13659,12804,13864,,
3534180,M-MUK,medium,Temanggung,B16,20,purging,111,9884,2891,2886,7856,8524,2884,8942,13656,12801,13862,,
3535180,M-MUK,medium,Temanggung,B16,20,purging,112,9883,2893,2884,7855,8523,2883,8941,13653,12797,13859,,
3536180,M-MUK,medium,Temanggung,B16,20,purging,113,9882,2893,2884,7854,8522,2884,8941,13650,12793,13857,,
3537180,M-MUK,medium,Temanggung,B16,20,purging,114,9880,2891,2886,7853,8520,2884,8938,13646,12789,13854,,
3538181,M-MUK,medium,Temanggung,B16,20,purging,115,9878,2895,2882,7852,8519,2884,8938,13643,12785,13851,,
3539180,M-MUK,medium,Temanggung,B16,20,purging,116,9877,2891,2883,7851,8517,2884,8937,13640,12781,13850,,
3540180,M-MUK,medium,Temanggung,B16,20,purging,117,9875,2891,2886,7850,8516,2884,8936,13638,12777,13849,,
3541180,M-MUK,medium,Temanggung,B16,20,purging,118,9873,2891,2881,7849,8515,2882,8935,13635,12773,13848,,
3542180,M-MUK,medium,Temanggung,B16,20,purging,119,9871,2893,2886,7849,8514,2881,8935,13633,12770,13846,,
3543180,M-MUK,medium,Temanggung,B16,20,purging,120,9870,2891,2886,7848,8513,2884,8935,13629,12766,13843,,
3544183,M-MUK,medium,Temanggung,B16,20,collecting,1,9868,2891,2883,7846,8511,2884,8932,13626,12762,13838,,
3545180,M-MUK,medium,Temanggung,B16,20,collecting,2,9868,2893,2884,7845,8508,2882,8929,13621,12757,13840,,
3546180,M-MUK,medium,Temanggung,B16,20,collecting,3,10006,2889,2886,7843,8535,2881,8952,13648,12764,13890,,
3547181,M-MUK,medium,Temanggung,B16,20,collecting,4,10485,2889,2886,7842,8611,2881,9020,13760,12824,13991,,
3548180,M-MUK,medium,Temanggung,B16,20,collecting,5,11185,2893,2886,7841,8713,2881,9104,13920,12949,14103,,
3549180,M-MUK,medium,Temanggung,B16,20,collecting,6,11875,2893,2886,7840,8813,2884,9175,14101,13116,14205,,
3550180,M-MUK,medium,Temanggung,B16,20,collecting,7,12437,2896,2886,7840,8894,2882,9221,14264,13295,14289,,
3551180,M-MUK,medium,Temanggung,B16,20,collecting,8,12860,2898,2886,7840,8953,2884,9247,14398,13466,14356,,
3552180,M-MUK,medium,Temanggung,B16,20,collecting,9,13165,2897,2884,7839,8996,2884,9260,14502,13616,14408,,
3553180,M-MUK,medium,Temanggung,B16,20,collecting,10,13383,2897,2886,7837,9024,2881,9264,14581,13742,14450,,
3554181,M-MUK,medium,Temanggung,B16,20,collecting,11,13535,2897,2886,7836,9044,2881,9265,14639,13846,14483,,
3555180,M-MUK,medium,Temanggung,B16,20,collecting,12,13639,2900,2884,7834,9057,2884,9261,14685,13931,14510,,
3556180,M-MUK,medium,Temanggung,B16,20,collecting,13,13708,2897,2883,7833,9064,2882,9253,14719,14001,14531,,
3557180,M-MUK,medium,Temanggung,B16,20,collecting,14,13751,2900,2886,7832,9068,2884,9244,14745,14056,14548,,
3558180,M-MUK,medium,Temanggung,B16,20,collecting,15,13776,2897,2884,7830,9069,2884,9236,14766,14102,14561,,
3559180,M-MUK,medium,Temanggung,B16,20,collecting,16,13785,2899,2884,7829,9070,2884,9229,14782,14138,14573,,
3560180,M-MUK,medium,Temanggung,B16,20,collecting,17,13785,2898,2884,7828,9070,2884,9221,14795,14169,14583,,
3561180,M-MUK,medium,Temanggung,B16,20,collecting,18,13777,2898,2884,7827,9069,2884,9214,14806,14193,14590,,
3562180,M-MUK,medium,Temanggung,B16,20,collecting,19,13762,2900,2886,7825,9066,2884,9207,14814,14214,14597,,
3563181,M-MUK,medium,Temanggung,B16,20,collecting,20,13744,2898,2884,7824,9064,2884,9201,14822,14230,14603,,
3564180,M-MUK,medium,Temanggung,B16,20,collecting,21,13722,2898,2884,7822,9061,2884,9196,14827,14243,14608,,
3565180,M-MUK,medium,Temanggung,B16,20,collecting,22,13698,2898,2886,7821,9059,2884,9191,14832,14254,14612,,
3566180,M-MUK,medium,Temanggung,B16,20,collecting,23,13672,2898,2886,7820,9056,2884,9186,14836,14264,14615,,
3567180,M-MUK,medium,Temanggung,B16,20,collecting,24,13647,2897,2884,7818,9054,2884,9182,14838,14272,14619,,
3568180,M-MUK,medium,Temanggung,B16,20,collecting,25,13620,2900,2886,7817,9052,2884,9177,14842,14277,14621,,
3569180,M-MUK,medium,Temanggung,B16,20,collecting,26,13592,2898,2884,7816,9049,2884,9174,14844,14282,14623,,
3570181,M-MUK,medium,Temanggung,B16,20,collecting,27,13565,2897,2886,7815,9047,2882,9170,14846,14287,14624,,
3571180,M-MUK,medium,Temanggung,B16,20,collecting,28,13538,2900,2886,7814,9043,2884,9166,14848,14289,14625,,
3572180,M-MUK,medium,Temanggung,B16,20,collecting,29,13511,2897,2886,7812,9040,2884,9162,14848,14291,14625,,
3573180,M-MUK,medium,Temanggung,B16,20,collecting,30,13483,2898,2886,7811,9036,2884,9158,14848,14292,14626,,
3574180,M-MUK,medium,Temanggung,B16,20,collecting,31,13456,2899,2886,7810,9033,2884,9155,14849,14293,14626,,
3575180,M-MUK,medium,Temanggung,B16,20,collecting,32,13430,2898,2884,7809,9029,2884,9151,14849,14292,14625,,
3576180,M-MUK,medium,Temanggung,B16,20,collecting,33,13404,2897,2884,7808,9026,2884,9146,14848,14291,14625,,
3577180,M-MUK,medium,Temanggung,B16,20,collecting,34,13379,2897,2884,7807,9023,2884,9144,14847,14289,14625,,
3578180,M-MUK,medium,Temanggung,B16,20,collecting,35,13354,2897,2883,7806,9019,2884,9141,14846,14288,14623,,
3579181,M-MUK,medium,Temanggung,B16,20,collecting,36,13329,2897,2884,7805,9016,2884,9138,14845,14285,14622,,
3580180,M-MUK,medium,Temanggung,B16,20,collecting,37,13304,2897,2886,7803,9012,2884,9136,14843,14282,14621,,
3581180,M-MUK,medium,Temanggung,B16,20,collecting,38,13280,2897,2882,7802,9009,2884,9133,14841,14279,14619,,
3582180,M-MUK,medium,Temanggung,B16,20,collecting,39,13257,2900,2885,7801,9006,2884,9132,14838,14275,14618,,
3583180,M-MUK,medium,Temanggung,B16,20,collecting,40,13234,2901,2886,7800,9003,2884,9129,14836,14272,14616,,
3584180,M-MUK,medium,Temanggung,B16,20,collecting,41,13212,2900,2886,7799,8999,2884,9126,14835,14268,14613,,
3585180,M-MUK,medium,Temanggung,B16,20,collecting,42,13190,2900,2884,7798,8996,2884,9123,14832,14264,14612,,
3586181,M-MUK,medium,Temanggung,B16,20,collecting,43,13168,2900,2884,7797,8994,2884,9120,14829,14259,14609,,
3587180,M-MUK,medium,Temanggung,B16,20,collecting,44,13149,2897,2884,7796,8991,2884,9117,14827,14255,14607,,
3588180,M-MUK,medium,Temanggung,B16,20,collecting,45,13129,2902,2884,7795,8987,2884,9114,14824,14251,14605,,
3589180,M-MUK,medium,Temanggung,B16,20,collecting,46,13109,2895,2886,7794,8985,2884,9111,14821,14246,14603,,
3590180,M-MUK,medium,Temanggung,B16,20,collecting,47,13091,2899,2882,7793,8981,2884,9108,14818,14242,14600,,
3591180,M-MUK,medium,Temanggung,B16,20,collecting,48,13072,2896,2889,7792,8978,2884,9107,14816,14236,14597,,
3592180,M-MUK,medium,Temanggung,B16,20,collecting,49,13054,2899,2886,7790,8976,2884,9105,14814,14232,14595,,
3593180,M-MUK,medium,Temanggung,B16,20,collecting,50,13037,2899,2884,7790,8972,2884,9102,14811,14227,14592,,
3594180,M-MUK,medium,Temanggung,B16,20,collecting,51,13020,2900,2884,7788,8969,2884,9100,14808,14221,14590,,
3595181,M-MUK,medium,Temanggung,B16,20,collecting,52,13002,2896,2883,7787,8966,2886,9098,14805,14216,14588,,
3596180,M-MUK,medium,Temanggung,B16,20,collecting,53,12985,2898,2885,7786,8963,2884,9096,14802,14211,14586,,
3597180,M-MUK,medium,Temanggung,B16,20,collecting,54,12969,2899,2884,7785,8962,2884,9094,14800,14206,14583,,
3598180,M-MUK,medium,Temanggung,B16,20,collecting,55,12952,2898,2886,7784,8959,2886,9092,14796,14200,14580,,
3599180,M-MUK,medium,Temanggung,B16,20,collecting,56,12935,2898,2888,7783,8957,2884,9090,14793,14195,14577,,
3600180,M-MUK,medium,Temanggung,B16,20,collecting,57,12918,2898,2889,7781,8953,2886,9088,14789,14190,14574,,
3601180,M-MUK,medium,Temanggung,B16,20,collecting,58,12902,2896,2888,7781,8951,2884,9087,14786,14184,14571,,
3602181,M-MUK,medium,Temanggung,B16,20,collecting,59,12887,2898,2889,7780,8949,2886,9085,14783,14179,14568,,
3603180,M-MUK,medium,Temanggung,B16,20,collecting,60,12872,2899,2887,7778,8946,2886,9082,14779,14174,14565,,
3604184,M-MUK,medium,Temanggung,B16,21,purging,1,12857,2896,2885,7777,8943,2886,9081,14776,14168,14562,,
3605180,M-MUK,medium,Temanggung,B16,21,purging,2,12843,2898,2891,7778,8941,2886,9081,14773,14163,14559,,
3606180,M-MUK,medium,Temanggung,B16,21,purging,3,12798,2896,2889,7777,8932,2886,9072,14758,14155,14543,,
3607180,M-MUK,medium,Temanggung,B16,21,purging,4,12710,2899,2889,7777,8915,2886,9056,14731,14137,14521,,
3608180,M-MUK,medium,Temanggung,B16,21,purging,5,12590,2898,2887,7776,8893,2884,9038,14694,14108,14496,,
3609180,M-MUK,medium,Temanggung,B16,21,purging,6,12451,2899,2888,7775,8870,2884,9021,14655,14072,14470,,
3610180,M-MUK,medium,Temanggung,B16,21,purging,7,12301,2898,2887,7774,8847,2886,9004,14614,14032,14444,,
3611181,M-MUK,medium,Temanggung,B16,21,purging,8,12148,2898,2884,7773,8825,2884,8991,14576,13990,14419,,
3612180,M-MUK,medium,Temanggung,B16,21,purging,9,11998,2898,2888,7772,8804,2884,8979,14538,13946,14395,,
3613180,M-MUK,medium,Temanggung,B16,21,purging,10,11852,2899,2886,7771,8784,2886,8967,14503,13904,14371,,
3614180,M-MUK,medium,Temanggung,B16,21,purging,11,11713,2897,2889,7771,8766,2886,8958,14470,13862,14349,,
3615180,M-MUK,medium,Temanggung,B16,21,purging,12,11583,2898,2889,7770,8749,2886,8951,14439,13821,14329,,
3616180,M-MUK,medium,Temanggung,B16,21,purging,13,11462,2898,2888,7769,8734,2886,8944,14411,13782,14310,,
3617180,M-MUK,medium,Temanggung,B16,21,purging,14,11350,2896,2889,7768,8720,2886,8939,14384,13744,14291,,
3618181,M-MUK,medium,Temanggung,B16,21,purging,15,11245,2900,2886,7767,8708,2886,8933,14358,13708,14274,,
3619180,M-MUK,medium,Temanggung,B16,21,purging,16,11150,2897,2887,7766,8696,2884,8928,14334,13674,14257,,
3620180,M-MUK,medium,Temanggung,B16,21,purging,17,11063,2896,2891,7765,8685,2884,8923,14311,13641,14240,,
3621180,M-MUK,medium,Temanggung,B16,21,purging,18,10984,2896,2888,7764,8675,2886,8919,14290,13610,14224,,
3622180,M-MUK,medium,Temanggung,B16,21,purging,19,10911,2901,2890,7763,8665,2884,8914,14268,13579,14209,,
3623180,M-MUK,medium,Temanggung,B16,21,purging,20,10846,2898,2889,7763,8655,2886,8909,14248,13551,14195,,
3624180,M-MUK,medium,Temanggung,B16,21,purging,21,10785,2898,2891,7762,8646,2886,8906,14229,13522,14181,,
3625180,M-MUK,medium,Temanggung,B16,21,purging,22,10730,2896,2889,7761,8638,2886,8903,14211,13496,14169,,
3626180,M-MUK,medium,Temanggung,B16,21,purging,23,10680,2897,2893,7760,8630,2884,8901,14194,13470,14157,,
3627181,M-MUK,medium,Temanggung,B16,21,purging,24,10634,2896,2889,7760,8624,2886,8899,14178,13446,14146,,
3628180,M-MUK,medium,Temanggung,B16,21,purging,25,10591,2896,2889,7759,8619,2886,8898,14163,13423,14135,,
3629180,M-MUK,medium,Temanggung,B16,21,purging,26,10553,2899,2889,7758,8613,2886,8896,14148,13401,14125,,
3630180,M-MUK,medium,Temanggung,B16,21,purging,27,10517,2897,2888,7758,8608,2884,8896,14134,13379,14116,,
3631180,M-MUK,medium,Temanggung,B16,21,purging,28,10483,2899,2889,7757,8603,2882,8894,14121,13359,14107,,
3632180,M-MUK,medium,Temanggung,B16,21,purging,29,10452,2897,2893,7756,8599,2886,8894,14107,13340,14097,,
3633180,M-MUK,medium,Temanggung,B16,21,purging,30,10423,2898,2889,7755,8594,2886,8894,14094,13321,14088,,
3634181,M-MUK,medium,Temanggung,B16,21,purging,31,10397,2896,2892,7755,8590,2884,8893,14082,13303,14079,,
3635180,M-MUK,medium,Temanggung,B16,21,purging,32,10372,2898,2890,7754,8587,2884,8892,14070,13285,14072,,
3636180,M-MUK,medium,Temanggung,B16,21,purging,33,10349,2898,2891,7753,8584,2886,8893,14060,13269,14066,,
3637180,M-MUK,medium,Temanggung,B16,21,purging,34,10327,2901,2891,7753,8581,2882,8894,14049,13253,14059,,
3638180,M-MUK,medium,Temanggung,B16,21,purging,35,10307,2902,2891,7753,8579,2884,8895,14039,13238,14052,,
3639180,M-MUK,medium,Temanggung,B16,21,purging,36,10288,2901,2890,7752,8577,2882,8895,14029,13224,14045,,
3640180,M-MUK,medium,Temanggung,B16,21,purging,37,10270,2900,2893,7751,8574,2884,8894,14019,13210,14037,,
3641180,M-MUK,medium,Temanggung,B16,21,purging,38,10252,2900,2891,7750,8571,2886,8893,14007,13196,14028,,
3642180,M-MUK,medium,Temanggung,B16,21,purging,39,10237,2901,2889,7750,8568,2884,8891,13997,13182,14021,,
3643181,M-MUK,medium,Temanggung,B16,21,purging,40,10221,2901,2889,7749,8564,2884,8890,13986,13168,14013,,
3644180,M-MUK,medium,Temanggung,B16,21,purging,41,10207,2898,2895,7749,8560,2886,8887,13976,13154,14006,,
3645180,M-MUK,medium,Temanggung,B16,21,purging,42,10194,2898,2890,7748,8556,2884,8885,13966,13142,13998,,
3646180,M-MUK,medium,Temanggung,B16,21,purging,43,10182,2897,2888,7748,8553,2882,8883,13957,13129,13991,,
3647180,M-MUK,medium,Temanggung,B16,21,purging,44,10170,2901,2895,7748,8548,2886,8881,13947,13117,13984,,
3648180,M-MUK,medium,Temanggung,B16,21,purging,45,10159,2902,2892,7747,8545,2884,8879,13939,13104,13977,,
3649180,M-MUK,medium,Temanggung,B16,21,purging,46,10148,2898,2890,7746,8541,2884,8877,13930,13092,13970,,
3650181,M-MUK,medium,Temanggung,B16,21,purging,47,10138,2900,2890,7746,8536,2884,8875,13922,13081,13964,,
3651180,M-MUK,medium,Temanggung,B16,21,purging,48,10128,2898,2895,7745,8533,2884,8874,13913,13069,13958,,
3652180,M-MUK,medium,Temanggung,B16,21,purging,49,10118,2902,2890,7744,8530,2884,8872,13905,13058,13952,,
3653180,M-MUK,medium,Temanggung,B16,21,purging,50,10109,2901,2891,7744,8528,2886,8871,13897,13048,13946,,
3654180,M-MUK,medium,Temanggung,B16,21,purging,51,10100,2898,2894,7744,8525,2882,8869,13890,13036,13941,,
3655180,M-MUK,medium,Temanggung,B16,21,purging,52,10093,2900,2893,7743,8522,2884,8869,13882,13026,13935,,
3656180,M-MUK,medium,Temanggung,B16,21,purging,53,10086,2899,2893,7743,8519,2886,8868,13875,13016,13931,,
3657180,M-MUK,medium,Temanggung,B16,21,purging,54,10078,2901,2892,7743,8516,2884,8867,13868,13006,13925,,
3658180,M-MUK,medium,Temanggung,B16,21,purging,55,10070,2898,2891,7742,8513,2882,8865,13860,12997,13918,,
3659181,M-MUK,medium,Temanggung,B16,21,purging,56,10064,2898,2894,7742,8509,2884,8863,13852,12987,13912,,
3660180,M-MUK,medium,Temanggung,B16,21,purging,57,10057,2901,2890,7741,8506,2884,8860,13845,12977,13906,,
3661180,M-MUK,medium,Temanggung,B16,21,purging,58,10051,2897,2893,7741,8502,2884,8858,13837,12967,13901,,
3662180,M-MUK,medium,Temanggung,B16,21,purging,59,10044,2897,2892,7740,8499,2884,8857,13830,12957,13895,,
3663180,M-MUK,medium,Temanggung,B16,21,purging,60,10038,2899,2893,7739,8494,2884,8854,13823,12948,13888,,
3664180,M-MUK,medium,Temanggung,B16,21,purging,61,10032,2901,2897,7739,8490,2884,8850,13815,12938,13882,,
3665180,M-MUK,medium,Temanggung,B16,21,purging,62,10026,2901,2894,7738,8486,2884,8847,13807,12928,13875,,
3666181,M-MUK,medium,Temanggung,B16,21,purging,63,10019,2901,2894,7737,8481,2884,8843,13800,12918,13869,,
3667180,M-MUK,medium,Temanggung,B16,21,purging,64,10014,2897,2891,7737,8477,2884,8840,13793,12909,13864,,
3668180,M-MUK,medium,Temanggung,B16,21,purging,65,10009,2898,2891,7736,8473,2882,8839,13787,12899,13860,,
3669180,M-MUK,medium,Temanggung,B16,21,purging,66,10004,2900,2895,7735,8470,2884,8838,13780,12890,13856,,
3670180,M-MUK,medium,Temanggung,B16,21,purging,67,9998,2898,2890,7734,8467,2884,8837,13775,12881,13851,,
3671180,M-MUK,medium,Temanggung,B16,21,purging,68,9994,2899,2890,7734,8465,2884,8836,13769,12874,13846,,
3672180,M-MUK,medium,Temanggung,B16,21,purging,69,9989,2899,2893,7734,8461,2884,8834,13762,12865,13841,,
3673180,M-MUK,medium,Temanggung,B16,21,purging,70,9984,2899,2890,7733,8459,2882,8833,13756,12857,13836,,
3674180,M-MUK,medium,Temanggung,B16,21,purging,71,9980,2902,2890,7733,8455,2884,8831,13751,12849,13832,,
3675181,M-MUK,medium,Temanggung,B16,21,purging,72,9976,2898,2894,7732,8452,2884,8830,13745,12841,13828,,
3676180,M-MUK,medium,Temanggung,B16,21,purging,73,9972,2898,2890,7732,8450,2882,8829,13740,12833,13824,,
3677180,M-MUK,medium,Temanggung,B16,21,purging,74,9968,2898,2894,7731,8447,2884,8829,13735,12825,13821,,
3678180,M-MUK,medium,Temanggung,B16,21,purging,75,9964,2901,2890,7730,8445,2884,8828,13731,12818,13819,,
3679180,M-MUK,medium,Temanggung,B16,21,purging,76,9960,2898,2891,7730,8444,2884,8828,13726,12812,13816,,
3680180,M-MUK,medium,Temanggung,B16,21,purging,77,9957,2899,2890,7729,8443,2882,8828,13721,12805,13812,,
3681180,M-MUK,medium,Temanggung,B16,21,purging,78,9953,2898,2890,7728,8441,2884,8827,13716,12799,13808,,
3682181,M-MUK,medium,Temanggung,B16,21,purging,79,9950,2899,2890,7728,8440,2884,8827,13712,12792,13806,,
3683180,M-MUK,medium,Temanggung,B16,21,purging,80,9947,2900,2890,7727,8438,2884,8827,13708,12786,13803,,
3684180,M-MUK,medium,Temanggung,B16,21,purging,81,9943,2900,2897,7727,8437,2884,8827,13704,12780,13800,,
3685180,M-MUK,medium,Temanggung,B16,21,purging,82,9939,2898,2894,7726,8434,2884,8827,13699,12773,13798,,
3686180,M-MUK,medium,Temanggung,B16,21,purging,83,9937,2900,2895,7726,8434,2884,8827,13695,12768,13795,,
3687180,M-MUK,medium,Temanggung,B16,21,purging,84,9934,2900,2891,7725,8432,2884,8827,13691,12761,13791,,
3688180,M-MUK,medium,Temanggung,B16,21,purging,85,9931,2900,2894,7724,8431,2884,8826,13687,12756,13788,,
3689180,M-MUK,medium,Temanggung,B16,21,purging,86,9928,2900,2896,7724,8429,2884,8827,13682,12749,13786,,
3690180,M-MUK,medium,Temanggung,B16,21,purging,87,9924,2898,2891,7722,8428,2884,8825,13679,12744,13783,,
3691181,M-MUK,medium,Temanggung,B16,21,purging,88,9921,2901,2893,7722,8427,2884,8825,13675,12738,13781,,
3692180,M-MUK,medium,Temanggung,B16,21,purging,89,9918,2903,2897,7720,8426,2880,8825,13671,12733,13778,,
3693180,M-MUK,medium,Temanggung,B16,21,purging,90,9915,2899,2894,7720,8424,2884,8824,13667,12727,13776,,
3694180,M-MUK,medium,Temanggung,B16,21,purging,91,9912,2903,2896,7719,8423,2882,8824,13663,12722,13773,,
3695180,M-MUK,medium,Temanggung,B16,21,purging,92,9909,2901,2894,7718,8421,2884,8824,13659,12717,13769,,
3696180,M-MUK,medium,Temanggung,B16,21,purging,93,9907,2904,2897,7718,8420,2884,8823,13654,12711,13767,,
3697180,M-MUK,medium,Temanggung,B16,21,purging,94,9904,2904,2898,7717,8417,2880,8822,13650,12706,13764,,
3698181,M-MUK,medium,Temanggung,B16,21,purging,95,9903,2901,2894,7717,8415,2882,8820,13646,12701,13759,,
3699180,M-MUK,medium,Temanggung,B16,21,purging,96,9900,2902,2894,7716,8412,2884,8817,13641,12696,13755,,
3700180,M-MUK,medium,Temanggung,B16,21,purging,97,9899,2903,2899,7715,8409,2884,8815,13637,12690,13752,,
3701180,M-MUK,medium,Temanggung,B16,21,purging,98,9896,2901,2895,7714,8406,2880,8813,13633,12684,13749,,
3702180,M-MUK,medium,Temanggung,B16,21,purging,99,9894,2901,2896,7714,8404,2884,8811,13628,12679,13746,,
3703180,M-MUK,medium,Temanggung,B16,21,purging,100,9892,2902,2894,7713,8402,2882,8810,13625,12674,13744,,
3704180,M-MUK,medium,Temanggung,B16,21,purging,101,9890,2906,2899,7712,8401,2880,8810,13622,12669,13743,,
3705180,M-MUK,medium,Temanggung,B16,21,purging,102,9888,2906,2892,7712,8400,2884,8810,13619,12664,13740,,
3706180,M-MUK,medium,Temanggung,B16,21,purging,103,9886,2902,2897,7711,8399,2882,8811,13616,12660,13739,,
3707181,M-MUK,medium,Temanggung,B16,21,purging,104,9883,2903,2895,7711,8399,2882,8811,13613,12656,13739,,
3708180,M-MUK,medium,Temanggung,B16,21,purging,105,9881,2903,2897,7710,8399,2882,8813,13611,12652,13739,,
3709180,M-MUK,medium,Temanggung,B16,21,purging,106,9879,2902,2893,7709,8400,2882,8814,13609,12649,13738,,
3710180,M-MUK,medium,Temanggung,B16,21,purging,107,9877,2902,2898,7709,8400,2884,8816,13607,12645,13737,,
3711180,M-MUK,medium,Temanggung,B16,21,purging,108,9874,2904,2896,7708,8400,2884,8817,13604,12642,13737,,
3712180,M-MUK,medium,Temanggung,B16,21,purging,109,9872,2903,2896,7707,8400,2884,8818,13602,12639,13736,,
3713180,M-MUK,medium,Temanggung,B16,21,purging,110,9870,2902,2896,7707,8401,2884,8819,13600,12636,13735,,
3714181,M-MUK,medium,Temanggung,B16,21,purging,111,9867,2907,2892,7706,8401,2882,8820,13598,12632,13734,,
3715180,M-MUK,medium,Temanggung,B16,21,purging,112,9865,2904,2896,7705,8401,2884,8821,13595,12629,13733,,
3716180,M-MUK,medium,Temanggung,B16,21,purging,113,9864,2902,2897,7705,8401,2884,8822,13592,12626,13732,,
3717180,M-MUK,medium,Temanggung,B16,21,purging,114,9861,2902,2897,7705,8401,2880,8822,13590,12623,13730,,
3718180,M-MUK,medium,Temanggung,B16,21,purging,115,9860,2903,2896,7704,8400,2882,8822,13588,12620,13729,,
3719180,M-MUK,medium,Temanggung,B16,21,purging,116,9858,2908,2896,7704,8399,2882,8822,13585,12616,13727,,
3720180,M-MUK,medium,Temanggung,B16,21,purging,117,9856,2903,2895,7702,8398,2882,8822,13583,12613,13725,,
3721180,M-MUK,medium,Temanggung,B16,21,purging,118,9854,2902,2894,7702,8398,2882,8821,13580,12610,13724,,
3722180,M-MUK,medium,Temanggung,B16,21,purging,119,9852,2905,2897,7701,8396,2884,8821,13577,12607,13723,,
3723181,M-MUK,medium,Temanggung,B16,21,purging,120,9851,2905,2895,7701,8395,2884,8821,13575,12603,13721,,
3724183,M-MUK,medium,Temanggung,B16,21,collecting,1,9849,2906,2898,7701,8394,2884,8820,13572,12600,13719,,
3725180,M-MUK,medium,Temanggung,B16,21,collecting,2,9849,2907,2897,7699,8393,2882,8818,13569,12595,13722,,
3726180,M-MUK,medium,Temanggung,B16,21,collecting,3,9979,2904,2896,7698,8420,2882,8842,13597,12601,13766,,
3727180,M-MUK,medium,Temanggung,B16,21,collecting,4,10420,2907,2898,7697,8489,2882,8903,13692,12655,13857,,
3728180,M-MUK,medium,Temanggung,B16,21,collecting,5,11065,2906,2895,7697,8580,2884,8975,13840,12766,13959,,
3729180,M-MUK,medium,Temanggung,B16,21,collecting,6,11720,2910,2897,7697,8670,2884,9038,14009,12917,14055,,
3730181,M-MUK,medium,Temanggung,B16,21,collecting,7,12272,2907,2898,7697,8746,2882,9082,14165,13082,14135,,
3731180,M-MUK,medium,Temanggung,B16,21,collecting,8,12697,2908,2896,7697,8804,2884,9109,14295,13241,14201,,
3732180,M-MUK,medium,Temanggung,B16,21,collecting,9,13013,2906,2895,7696,8846,2884,9121,14398,13385,14255,,
3733180,M-MUK,medium,Temanggung,B16,21,collecting,10,13246,2908,2897,7696,8876,2882,9127,14481,13509,14299,,
3734180,M-MUK,medium,Temanggung,B16,21,collecting,11,13416,2910,2897,7695,8898,2882,9126,14546,13615,14335,,
3735180,M-MUK,medium,Temanggung,B16,21,collecting,12,13540,2909,2898,7694,8914,2882,9125,14597,13703,14365,,
3736180,M-MUK,medium,Temanggung,B16,21,collecting,13,13630,2910,2894,7694,8925,2882,9123,14637,13778,14390,,
3737180,M-MUK,medium,Temanggung,B16,21,collecting,14,13692,2908,2899,7693,8934,2882,9120,14669,13840,14411,,
3738180,M-MUK,medium,Temanggung,B16,21,collecting,15,13735,2911,2897,7692,8939,2884,9115,14696,13893,14428,,
3739181,M-MUK,medium,Temanggung,B16,21,collecting,16,13760,2908,2896,7691,8942,2882,9110,14717,13936,14443,,
3740180,M-MUK,medium,Temanggung,B16,21,collecting,17,13771,2911,2894,7690,8944,2884,9104,14734,13973,14455,,
3741180,M-MUK,medium,Temanggung,B16,21,collecting,18,13773,2909,2894,7689,8945,2884,9098,14749,14003,14465,,
3742180,M-MUK,medium,Temanggung,B16,21,collecting,19,13767,2908,2899,7688,8944,2884,9094,14760,14029,14473,,
3743180,M-MUK,medium,Temanggung,B16,21,collecting,20,13755,2910,2895,7688,8944,2882,9088,14770,14050,14480,,
3744180,M-MUK,medium,Temanggung,B16,21,collecting,21,13739,2910,2895,7687,8943,2884,9083,14777,14068,14486,,
3745180,M-MUK,medium,Temanggung,B16,21,collecting,22,13720,2911,2896,7687,8941,2882,9079,14783,14082,14491,,
3746181,M-MUK,medium,Temanggung,B16,21,collecting,23,13698,2914,2898,7686,8939,2884,9075,14788,14094,14496,,
3747180,M-MUK,medium,Temanggung,B16,21,collecting,24,13673,2909,2895,7685,8936,2882,9070,14792,14104,14499,,
3748180,M-MUK,medium,Temanggung,B16,21,collecting,25,13649,2909,2896,7684,8934,2882,9065,14796,14112,14501,,
3749180,M-MUK,medium,Temanggung,B16,21,collecting,26,13623,2909,2895,7683,8930,2882,9060,14799,14119,14504,,
3750180,M-MUK,medium,Temanggung,B16,21,collecting,27,13595,2912,2895,7683,8927,2882,9056,14801,14124,14505,,
3751180,M-MUK,medium,Temanggung,B16,21,collecting,28,13567,2910,2898,7682,8923,2882,9052,14803,14128,14506,,
3752180,M-MUK,medium,Temanggung,B16,21,collecting,29,13540,2910,2895,7681,8919,2882,9047,14803,14131,14507,,
3753180,M-MUK,medium,Temanggung,B16,21,collecting,30,13512,2909,2895,7680,8915,2882,9043,14803,14132,14507,,
3754180,M-MUK,medium,Temanggung,B16,21,collecting,31,13484,2909,2896,7679,8911,2882,9040,14803,14132,14507,,
3755181,M-MUK,medium,Temanggung,B16,21,collecting,32,13456,2911,2900,7678,8908,2884,9035,14803,14132,14506,,
3756180,M-MUK,medium,Temanggung,B16,21,collecting,33,13429,2912,2898,7678,8904,2882,9031,14801,14131,14506,,
3757180,M-MUK,medium,Temanggung,B16,21,collecting,34,13401,2909,2896,7676,8900,2882,9028,14800,14130,14504,,
3758180,M-MUK,medium,Temanggung,B16,21,collecting,35,13373,2910,2897,7676,8897,2882,9025,14798,14127,14503,,
3759180,M-MUK,medium,Temanggung,B16,21,collecting,36,13345,2909,2900,7675,8894,2882,9022,14795,14124,14501,,
3760180,M-MUK,medium,Temanggung,B16,21,collecting,37,13318,2910,2896,7675,8890,2882,9019,14792,14121,14499,,
3761180,M-MUK,medium,Temanggung,B16,21,collecting,38,13291,2911,2895,7674,8887,2884,9015,14789,14117,14497,,
3762181,M-MUK,medium,Temanggung,B16,21,collecting,39,13265,2910,2898,7673,8884,2882,9012,14787,14113,14495,,
3763180,M-MUK,medium,Temanggung,B16,21,collecting,40,13239,2914,2898,7672,8880,2886,9009,14784,14108,14493,,
3764180,M-MUK,medium,Temanggung,B16,21,collecting,41,13214,2909,2896,7671,8876,2882,9005,14780,14104,14490,,
3765180,M-MUK,medium,Temanggung,B16,21,collecting,42,13188,2910,2896,7671,8872,2882,9003,14776,14099,14488,,
3766180,M-MUK,medium,Temanggung,B16,21,collecting,43,13164,2911,2901,7670,8869,2882,8999,14774,14093,14486,,
3767180,M-MUK,medium,Temanggung,B16,21,collecting,44,13141,2912,2898,7669,8865,2882,8997,14771,14088,14484,,
3768180,M-MUK,medium,Temanggung,B16,21,collecting,45,13117,2913,2897,7668,8862,2882,8994,14767,14083,14480,,
3769180,M-MUK,medium,Temanggung,B16,21,collecting,46,13095,2909,2897,7668,8858,2884,8991,14763,14077,14477,,
3770180,M-MUK,medium,Temanggung,B16,21,collecting,47,13072,2913,2902,7667,8854,2882,8989,14760,14072,14474,,
3771181,M-MUK,medium,Temanggung,B16,21,collecting,48,13051,2907,2898,7666,8851,2882,8987,14755,14065,14471,,
3772180,M-MUK,medium,Temanggung,B16,21,collecting,49,13030,2909,2898,7665,8848,2882,8983,14751,14060,14467,,
3773180,M-MUK,medium,Temanggung,B16,21,collecting,50,13009,2906,2899,7664,8845,2882,8981,14748,14054,14464,,
3774180,M-MUK,medium,Temanggung,B16,21,collecting,51,12989,2909,2898,7664,8841,2884,8979,14744,14048,14461,,
3775180,M-MUK,medium,Temanggung,B16,21,collecting,52,12970,2909,2898,7663,8838,2882,8976,14740,14042,14458,,
3776180,M-MUK,medium,Temanggung,B16,21,collecting,53,12950,2911,2900,7662,8835,2884,8973,14736,14036,14454,,
3777180,M-MUK,medium,Temanggung,B16,21,collecting,54,12931,2909,2898,7661,8832,2882,8970,14732,14029,14450,,
3778181,M-MUK,medium,Temanggung,B16,21,collecting,55,12912,2913,2897,7661,8828,2884,8969,14727,14023,14446,,
3779180,M-MUK,medium,Temanggung,B16,21,collecting,56,12894,2909,2899,7660,8824,2882,8966,14722,14017,14443,,
3780180,M-MUK,medium,Temanggung,B16,21,collecting,57,12876,2910,2898,7659,8820,2884,8963,14719,14010,14439,,
3781180,M-MUK,medium,Temanggung,B16,21,collecting,58,12858,2914,2899,7658,8816,2884,8961,14715,14004,14436,,
3782180,M-MUK,medium,Temanggung,B16,21,collecting,59,12841,2911,2897,7657,8813,2882,8959,14711,13998,14433,,
3783180,M-MUK,medium,Temanggung,B16,21,collecting,60,12824,2909,2898,7656,8810,2882,8957,14707,13991,14429,,
3784183,M-MUK,medium,Temanggung,B16,22,purging,1,12808,2911,2898,7656,8808,2882,8956,14703,13985,14426,,
3785180,M-MUK,medium,Temanggung,B16,22,purging,2,12792,2910,2896,7657,8806,2884,8955,14700,13980,14423,,
3786180,M-MUK,medium,Temanggung,B16,22,purging,3,12748,2906,2899,7656,8797,2884,8948,14685,13972,14407,,
3787181,M-MUK,medium,Temanggung,B16,22,purging,4,12662,2912,2898,7656,8781,2882,8934,14658,13954,14385,,
3788180,M-MUK,medium,Temanggung,B16,22,purging,5,12545,2911,2900,7655,8760,2884,8916,14622,13926,14359,,
3789180,M-MUK,medium,Temanggung,B16,22,purging,6,12409,2908,2898,7654,8737,2884,8899,14583,13891,14333,,
3790180,M-MUK,medium,Temanggung,B16,22,purging,7,12264,2912,2898,7654,8715,2882,8884,14543,13852,14308,,
3791180,M-MUK,medium,Temanggung,B16,22,purging,8,12116,2908,2901,7653,8693,2884,8870,14504,13810,14282,,
3792180,M-MUK,medium,Temanggung,B16,22,purging,9,11971,2908,2899,7652,8671,2882,8857,14468,13768,14258,,
3793180,M-MUK,medium,Temanggung,B16,22,purging,10,11829,2908,2899,7651,8652,2884,8845,14433,13726,14234,,
3794181,M-MUK,medium,Temanggung,B16,22,purging,11,11694,2910,2898,7651,8634,2884,8835,14400,13684,14212,,
3795180,M-MUK,medium,Temanggung,B16,22,purging,12,11568,2910,2901,7650,8617,2884,8827,14370,13644,14192,,
3796180,M-MUK,medium,Temanggung,B16,22,purging,13,11450,2910,2897,7649,8602,2884,8820,14341,13605,14172,,
3797180,M-MUK,medium,Temanggung,B16,22,purging,14,11341,2911,2898,7649,8588,2884,8814,14314,13568,14154,,
3798180,M-MUK,medium,Temanggung,B16,22,purging,15,11240,2912,2899,7648,8576,2880,8809,14289,13533,14136,,
3799180,M-MUK,medium,Temanggung,B16,22,purging,16,11147,2908,2898,7647,8564,2884,8804,14265,13499,14120,,
3800180,M-MUK,medium,Temanggung,B16,22,purging,17,11063,2911,2899,7647,8553,2880,8800,14243,13467,14105,,
3801180,M-MUK,medium,Temanggung,B16,22,purging,18,10984,2908,2898,7646,8544,2882,8796,14221,13436,14090,,
3802180,M-MUK,medium,Temanggung,B16,22,purging,19,10913,2909,2898,7646,8535,2880,8793,14201,13406,14075,,
3803181,M-MUK,medium,Temanggung,B16,22,purging,20,10848,2907,2898,7645,8526,2880,8790,14182,13378,14062,,
3804180,M-MUK,medium,Temanggung,B16,22,purging,21,10788,2909,2898,7645,8518,2884,8788,14163,13351,14048,,
3805180,M-MUK,medium,Temanggung,B16,22,purging,22,10734,2906,2899,7644,8510,2880,8785,14145,13325,14035,,
3806180,M-MUK,medium,Temanggung,B16,22,purging,23,10684,2906,2900,7643,8502,2880,8782,14127,13299,14023,,
3807180,M-MUK,medium,Temanggung,B16,22,purging,24,10638,2908,2901,7643,8495,2882,8780,14111,13275,14011,,
3808180,M-MUK,medium,Temanggung,B16,22,purging,25,10596,2909,2898,7642,8489,2884,8777,14095,13252,14000,,
3809180,M-MUK,medium,Temanggung,B16,22,purging,26,10557,2908,2899,7642,8483,2880,8775,14080,13230,13989,,
3810181,M-MUK,medium,Temanggung,B16,22,purging,27,10521,2910,2899,7641,8478,2880,8773,14066,13209,13979,,
3811180,M-MUK,medium,Temanggung,B16,22,purging,28,10488,2906,2899,7641,8472,2884,8771,14052,13188,13969,,
3812180,M-MUK,medium,Temanggung,B16,22,purging,29,10457,2908,2899,7640,8467,2882,8769,14038,13169,13958,,
3813180,M-MUK,medium,Temanggung,B16,22,purging,30,10428,2909,2899,7640,8462,2880,8767,14024,13149,13949,,
3814180,M-MUK,medium,Temanggung,B16,22,purging,31,10401,2907,2899,7639,8456,2882,8765,14012,13130,13939,,
3815180,M-MUK,medium,Temanggung,B16,22,purging,32,10376,2908,2899,7639,8451,2880,8764,13999,13112,13930,,
3816180,M-MUK,medium,Temanggung,B16,22,purging,33,10353,2908,2899,7638,8446,2880,8762,13987,13095,13921,,
3817180,M-MUK,medium,Temanggung,B16,22,purging,34,10331,2908,2899,7637,8442,2882,8761,13976,13077,13914,,
3818180,M-MUK,medium,Temanggung,B16,22,purging,35,10310,2911,2900,7636,8438,2882,8760,13964,13062,13906,,
3819181,M-MUK,medium,Temanggung,B16,22,purging,36,10290,2906,2899,7637,8434,2880,8759,13953,13046,13898,,
3820180,M-MUK,medium,Temanggung,B16,22,purging,37,10272,2911,2899,7635,8431,2880,8758,13943,13031,13890,,
3821180,M-MUK,medium,Temanggung,B16,22,purging,38,10254,2907,2899,7635,8428,2880,8756,13932,13016,13883,,
3822180,M-MUK,medium,Temanggung,B16,22,purging,39,10238,2906,2899,7634,8424,2880,8755,13922,13001,13876,,
3823180,M-MUK,medium,Temanggung,B16,22,purging,40,10222,2906,2899,7634,8421,2880,8754,13913,12987,13870,,
3824180,M-MUK,medium,Temanggung,B16,22,purging,41,10208,2910,2899,7633,8418,2880,8755,13903,12974,13864,,
3825180,M-MUK,medium,Temanggung,B16,22,purging,42,10195,2906,2900,7632,8415,2882,8755,13895,12961,13858,,
3826181,M-MUK,medium,Temanggung,B16,22,purging,43,10183,2908,2899,7631,8413,2882,8755,13886,12949,13852,,
3827180,M-MUK,medium,Temanggung,B16,22,purging,44,10171,2906,2900,7631,8411,2880,8755,13878,12937,13845,,
3828180,M-MUK,medium,Temanggung,B16,22,purging,45,10160,2906,2900,7630,8407,2880,8754,13869,12925,13839,,
3829180,M-MUK,medium,Temanggung,B16,22,purging,46,10149,2906,2899,7629,8405,2880,8753,13860,12913,13832,,
3830180,M-MUK,medium,Temanggung,B16,22,purging,47,10138,2911,2899,7628,8401,2882,8751,13851,12901,13825,,
3831180,M-MUK,medium,Temanggung,B16,22,purging,48,10128,2908,2902,7628,8396,2880,8748,13841,12889,13818,,
3832180,M-MUK,medium,Temanggung,B16,22,purging,49,10118,2909,2899,7627,8393,2880,8746,13833,12877,13812,,
3833180,M-MUK,medium,Temanggung,B16,22,purging,50,10108,2908,2901,7626,8390,2880,8744,13824,12867,13806,,
3834180,M-MUK,medium,Temanggung,B16,22,purging,51,10098,2906,2900,7625,8386,2880,8743,13817,12855,13799,,
3835181,M-MUK,medium,Temanggung,B16,22,purging,52,10089,2907,2900,7625,8383,2882,8741,13809,12844,13793,,
3836180,M-MUK,medium,Temanggung,B16,22,purging,53,10081,2908,2899,7624,8380,2880,8739,13800,12834,13786,,
3837180,M-MUK,medium,Temanggung,B16,22,purging,54,10072,2907,2899,7623,8376,2882,8736,13791,12823,13778,,
3838180,M-MUK,medium,Temanggung,B16,22,purging,55,10064,2906,2901,7623,8371,2882,8732,13782,12812,13771,,
3839180,M-MUK,medium,Temanggung,B16,22,purging,56,10055,2911,2899,7622,8366,2880,8729,13774,12801,13765,,
3840180,M-MUK,medium,Temanggung,B16,22,purging,57,10048,2911,2902,7621,8361,2882,8725,13765,12790,13758,,
3841180,M-MUK,medium,Temanggung,B16,22,purging,58,10040,2912,2904,7620,8357,2880,8722,13759,12779,13753,,
3842181,M-MUK,medium,Temanggung,B16,22,purging,59,10033,2906,2902,7619,8354,2882,8721,13751,12769,13748,,
3843180,M-MUK,medium,Temanggung,B16,22,purging,60,10026,2908,2900,7618,8351,2882,8720,13745,12759,13743,,
3844180,M-MUK,medium,Temanggung,B16,22,purging,61,10019,2908,2901,7617,8347,2882,8719,13738,12749,13738,,
3845180,M-MUK,medium,Temanggung,B16,22,purging,62,10012,2907,2901,7616,8344,2882,8717,13731,12740,13733,,
3846180,M-MUK,medium,Temanggung,B16,22,purging,63,10006,2909,2901,7615,8342,2882,8717,13724,12731,13729,,
3847180,M-MUK,medium,Temanggung,B16,22,purging,64,10000,2907,2899,7614,8339,2882,8717,13719,12721,13725,,
3848180,M-MUK,medium,Temanggung,B16,22,purging,65,9995,2912,2902,7613,8337,2882,8717,13713,12713,13722,,
3849180,M-MUK,medium,Temanggung,B16,22,purging,66,9989,2909,2901,7612,8335,2882,8717,13707,12704,13718,,
3850180,M-MUK,medium,Temanggung,B16,22,purging,67,9984,2908,2899,7612,8333,2882,8718,13702,12696,13715,,
3851181,M-MUK,medium,Temanggung,B16,22,purging,68,9978,2908,2899,7611,8332,2882,8718,13696,12689,13711,,
3852180,M-MUK,medium,Temanggung,B16,22,purging,69,9974,2906,2899,7611,8331,2882,8718,13692,12681,13707,,
3853180,M-MUK,medium,Temanggung,B16,22,purging,70,9970,2906,2901,7610,8329,2882,8718,13687,12674,13704,,
3854180,M-MUK,medium,Temanggung,B16,22,purging,71,9965,2906,2899,7609,8328,2885,8719,13682,12667,13701,,
3855180,M-MUK,medium,Temanggung,B16,22,purging,72,9960,2908,2900,7609,8326,2882,8718,13677,12660,13698,,
3856180,M-MUK,medium,Temanggung,B16,22,purging,73,9956,2911,2900,7608,8325,2882,8717,13672,12653,13695,,
3857180,M-MUK,medium,Temanggung,B16,22,purging,74,9952,2909,2902,7607,8324,2882,8718,13667,12646,13693,,
3858181,M-MUK,medium,Temanggung,B16,22,purging,75,9948,2911,2899,7607,8323,2882,8719,13663,12639,13690,,
3859180,M-MUK,medium,Temanggung,B16,22,purging,76,9944,2911,2900,7606,8323,2882,8719,13659,12634,13688,,
3860180,M-MUK,medium,Temanggung,B16,22,purging,77,9940,2909,2902,7605,8322,2882,8720,13655,12628,13686,,
3861180,M-MUK,medium,Temanggung,B16,22,purging,78,9936,2909,2901,7604,8322,2882,8720,13651,12623,13683,,
3862180,M-MUK,medium,Temanggung,B16,22,purging,79,9932,2908,2899,7604,8321,2882,8720,13646,12617,13679,,
3863180,M-MUK,medium,Temanggung,B16,22,purging,80,9928,2907,2900,7603,8319,2882,8718,13640,12611,13674,,
3864180,M-MUK,medium,Temanggung,B16,22,purging,81,9925,2909,2904,7602,8317,2882,8716,13635,12605,13670,,
3865180,M-MUK,medium,Temanggung,B16,22,purging,82,9922,2909,2900,7602,8314,2882,8715,13629,12600,13666,,
3866180,M-MUK,medium,Temanggung,B16,22,purging,83,9919,2909,2904,7601,8312,2880,8713,13624,12594,13663,,
3867181,M-MUK,medium,Temanggung,B16,22,purging,84,9916,2912,2900,7600,8309,2882,8711,13619,12587,13660,,
3868180,M-MUK,medium,Temanggung,B16,22,purging,85,9912,2909,2900,7600,8307,2882,8711,13614,12581,13657,,
3869180,M-MUK,medium,Temanggung,B16,22,purging,86,9909,2911,2902,7599,8306,2882,8710,13610,12576,13655,,
3870180,M-MUK,medium,Temanggung,B16,22,purging,87,9905,2908,2900,7598,8304,2882,8709,13606,12570,13653,,
3871180,M-MUK,medium,Temanggung,B16,22,purging,88,9902,2908,2902,7598,8303,2882,8711,13603,12565,13652,,
3872180,M-MUK,medium,Temanggung,B16,22,purging,89,9898,2909,2900,7597,8303,2882,8711,13600,12560,13651,,
3873180,M-MUK,medium,Temanggung,B16,22,purging,90,9895,2909,2902,7596,8302,2882,8713,13597,12555,13650,,
3874181,M-MUK,medium,Temanggung,B16,22,purging,91,9891,2909,2901,7595,8302,2882,8715,13594,12550,13649,,
3875180,M-MUK,medium,Temanggung,B16,22,purging,92,9888,2908,2901,7595,8302,2882,8717,13591,12546,13647,,
3876180,M-MUK,medium,Temanggung,B16,22,purging,93,9885,2907,2901,7594,8302,2882,8717,13588,12542,13646,,
3877180,M-MUK,medium,Temanggung,B16,22,purging,94,9882,2909,2900,7593,8301,2880,8718,13585,12537,13643,,
3878180,M-MUK,medium,Temanggung,B16,22,purging,95,9879,2912,2900,7592,8301,2885,8718,13581,12532,13642,,
3879180,M-MUK,medium,Temanggung,B16,22,purging,96,9877,2911,2904,7591,8300,2882,8718,13577,12528,13639,,
3880180,M-MUK,medium,Temanggung,B16,22,purging,97,9875,2909,2904,7591,8300,2882,8718,13574,12524,13637,,
3881180,M-MUK,medium,Temanggung,B16,22,purging,98,9872,2913,2905,7591,8299,2882,8717,13570,12520,13634,,
3882180,M-MUK,medium,Temanggung,B16,22,purging,99,9870,2910,2900,7590,8298,2882,8716,13566,12516,13631,,
3883181,M-MUK,medium,Temanggung,B16,22,purging,100,9868,2908,2905,7589,8296,2882,8715,13562,12511,13628,,
3884180,M-MUK,medium,Temanggung,B16,22,purging,101,9865,2910,2903,7589,8295,2882,8714,13558,12508,13626,,
3885180,M-MUK,medium,Temanggung,B16,22,purging,102,9865,2909,2901,7588,8293,2882,8712,13554,12503,13623,,
3886180,M-MUK,medium,Temanggung,B16,22,purging,103,9862,2910,2905,7587,8293,2882,8711,13550,12499,13620,,
3887180,M-MUK,medium,Temanggung,B16,22,purging,104,9860,2915,2902,7587,8290,2882,8710,13546,12494,13617,,
3888180,M-MUK,medium,Temanggung,B16,22,purging,105,9858,2911,2902,7586,8287,2882,8708,13542,12489,13614,,
3889180,M-MUK,medium,Temanggung,B16,22,purging,106,9855,2910,2904,7586,8285,2882,8707,13539,12484,13612,,
3890181,M-MUK,medium,Temanggung,B16,22,purging,107,9851,2912,2900,7586,8283,2882,8706,13535,12480,13609,,
3891180,M-MUK,medium,Temanggung,B16,22,purging,108,9848,2911,2907,7585,8282,2885,8706,13530,12475,13607,,
3892180,M-MUK,medium,Temanggung,B16,22,purging,109,9844,2910,2905,7585,8278,2882,8705,13526,12469,13605,,
3893180,M-MUK,medium,Temanggung,B16,22,purging,110,9841,2910,2906,7584,8277,2882,8705,13523,12465,13603,,
3894180,M-MUK,medium,Temanggung,B16,22,purging,111,9838,2911,2903,7584,8276,2882,8705,13519,12459,13602,,
3895180,M-MUK,medium,Temanggung,B16,22,purging,112,9834,2911,2905,7583,8274,2882,8705,13516,12455,13600,,
3896180,M-MUK,medium,Temanggung,B16,22,purging,113,9831,2913,2907,7583,8275,2885,8707,13513,12450,13600,,
3897180,M-MUK,medium,Temanggung,B16,22,purging,114,9827,2911,2902,7582,8275,2885,8707,13510,12446,13598,,
3898180,M-MUK,medium,Temanggung,B16,22,purging,115,9824,2910,2906,7582,8275,2882,8707,13507,12442,13596,,
3899181,M-MUK,medium,Temanggung,B16,22,purging,116,9821,2910,2902,7582,8275,2882,8707,13503,12438,13595,,
3900180,M-MUK,medium,Temanggung,B16,22,purging,117,9818,2911,2902,7581,8274,2882,8707,13501,12434,13593,,
3901180,M-MUK,medium,Temanggung,B16,22,purging,118,9816,2913,2903,7581,8273,2882,8708,13497,12430,13592,,
3902180,M-MUK,medium,Temanggung,B16,22,purging,119,9813,2911,2903,7580,8272,2882,8708,13495,12426,13591,,
3903180,M-MUK,medium,Temanggung,B16,22,purging,120,9811,2911,2906,7580,8271,2885,8708,13492,12422,13589,,
3904183,M-MUK,medium,Temanggung,B16,22,collecting,1,9808,2912,2902,7580,8271,2882,8708,13489,12418,13588,,
3905180,M-MUK,medium,Temanggung,B16,22,collecting,2,9807,2911,2903,7579,8270,2882,8708,13487,12414,13592,,
3906181,M-MUK,medium,Temanggung,B16,22,collecting,3,9926,2912,2902,7578,8295,2885,8733,13512,12420,13633,,
3907180,M-MUK,medium,Temanggung,B16,22,collecting,4,10332,2911,2905,7577,8357,2885,8791,13602,12471,13717,,
3908180,M-MUK,medium,Temanggung,B16,22,collecting,5,10939,2915,2905,7577,8442,2887,8856,13746,12576,13816,,
3909180,M-MUK,medium,Temanggung,B16,22,collecting,6,11566,2916,2900,7577,8529,2885,8915,13903,12719,13909,,
3910180,M-MUK,medium,Temanggung,B16,22,collecting,7,12109,2913,2902,7577,8603,2885,8959,14053,12876,13988,,
3911180,M-MUK,medium,Temanggung,B16,22,collecting,8,12538,2916,2902,7577,8660,2885,8986,14179,13030,14053,,
3912180,M-MUK,medium,Temanggung,B16,22,collecting,9,12865,2914,2902,7577,8704,2887,9000,14283,13170,14108,,
3913180,M-MUK,medium,Temanggung,B16,22,collecting,10,13109,2918,2901,7576,8736,2882,9008,14367,13293,14154,,
3914180,M-MUK,medium,Temanggung,B16,22,collecting,11,13291,2915,2905,7576,8761,2885,9013,14436,13399,14193,,
3915181,M-MUK,medium,Temanggung,B16,22,collecting,12,13428,2917,2903,7575,8779,2885,9014,14490,13490,14226,,
3916180,M-MUK,medium,Temanggung,B16,22,collecting,13,13530,2917,2906,7575,8794,2885,9014,14535,13568,14253,,
3917180,M-MUK,medium,Temanggung,B16,22,collecting,14,13602,2915,2901,7574,8805,2887,9012,14571,13634,14277,,
3918180,M-MUK,medium,Temanggung,B16,22,collecting,15,13654,2916,2903,7574,8813,2885,9009,14602,13690,14296,,
3919180,M-MUK,medium,Temanggung,B16,22,collecting,16,13687,2920,2900,7573,8818,2885,9005,14627,13738,14313,,
3920180,M-MUK,medium,Temanggung,B16,22,collecting,17,13704,2921,2902,7572,8822,2885,9000,14646,13777,14326,,
3921180,M-MUK,medium,Temanggung,B16,22,collecting,18,13711,2917,2902,7572,8824,2885,8996,14662,13811,14337,,
3922181,M-MUK,medium,Temanggung,B16,22,collecting,19,13707,2921,2905,7571,8826,2887,8991,14675,13839,14346,,
3923180,M-MUK,medium,Temanggung,B16,22,collecting,20,13697,2918,2906,7571,8825,2885,8986,14686,13862,14353,,
3924180,M-MUK,medium,Temanggung,B16,22,collecting,21,13682,2918,2905,7570,8824,2885,8981,14695,13882,14359,,
3925180,M-MUK,medium,Temanggung,B16,22,collecting,22,13662,2919,2902,7569,8822,2885,8976,14701,13898,14365,,
3926180,M-MUK,medium,Temanggung,B16,22,collecting,23,13641,2919,2901,7569,8820,2885,8971,14705,13910,14369,,
3927180,M-MUK,medium,Temanggung,B16,22,collecting,24,13616,2915,2905,7568,8818,2885,8967,14709,13921,14373,,
3928180,M-MUK,medium,Temanggung,B16,22,collecting,25,13590,2916,2900,7568,8815,2885,8963,14712,13930,14375,,
3929180,M-MUK,medium,Temanggung,B16,22,collecting,26,13562,2920,2902,7567,8812,2885,8959,14713,13937,14377,,
3930180,M-MUK,medium,Temanggung,B16,22,collecting,27,13535,2916,2905,7567,8809,2885,8955,14715,13941,14379,,
3931181,M-MUK,medium,Temanggung,B16,22,collecting,28,13507,2919,2905,7567,8806,2885,8951,14716,13945,14380,,
3932180,M-MUK,medium,Temanggung,B16,22,collecting,29,13479,2916,2906,7566,8802,2885,8947,14716,13948,14381,,
3933180,M-MUK,medium,Temanggung,B16,22,collecting,30,13450,2917,2901,7565,8799,2885,8943,14716,13949,14381,,
3934180,M-MUK,medium,Temanggung,B16,22,collecting,31,13421,2919,2903,7565,8796,2885,8940,14716,13951,14381,,
3935180,M-MUK,medium,Temanggung,B16,22,collecting,32,13392,2916,2902,7565,8792,2885,8937,14715,13950,14381,,
3936180,M-MUK,medium,Temanggung,B16,22,collecting,33,13363,2915,2902,7564,8788,2885,8933,14713,13949,14379,,
3937180,M-MUK,medium,Temanggung,B16,22,collecting,34,13334,2916,2903,7564,8784,2885,8928,14711,13948,14378,,
3938181,M-MUK,medium,Temanggung,B16,22,collecting,35,13305,2921,2902,7563,8780,2885,8926,14709,13946,14377,,
3939180,M-MUK,medium,Temanggung,B16,22,collecting,36,13277,2917,2902,7563,8777,2887,8923,14706,13943,14375,,
3940180,M-MUK,medium,Temanggung,B16,22,collecting,37,13249,2919,2902,7562,8773,2887,8919,14704,13940,14374,,
3941180,M-MUK,medium,Temanggung,B16,22,collecting,38,13221,2917,2902,7562,8769,2885,8916,14701,13936,14372,,
3942180,M-MUK,medium,Temanggung,B16,22,collecting,39,13194,2917,2901,7562,8766,2885,8914,14697,13932,14370,,
3943180,M-MUK,medium,Temanggung,B16,22,collecting,40,13167,2916,2903,7561,8763,2885,8912,14694,13927,14367,,
3944180,M-MUK,medium,Temanggung,B16,22,collecting,41,13140,2917,2903,7560,8759,2885,8909,14691,13923,14365,,
3945180,M-MUK,medium,Temanggung,B16,22,collecting,42,13115,2919,2902,7560,8755,2885,8906,14687,13917,14362,,
3946180,M-MUK,medium,Temanggung,B16,22,collecting,43,13090,2921,2902,7559,8752,2885,8903,14683,13912,14359,,
3947181,M-MUK,medium,Temanggung,B16,22,collecting,44,13065,2915,2903,7559,8748,2885,8900,14680,13907,14356,,
3948180,M-MUK,medium,Temanggung,B16,22,collecting,45,13041,2917,2903,7558,8744,2887,8897,14676,13901,14353,,
3949180,M-MUK,medium,Temanggung,B16,22,collecting,46,13018,2914,2902,7558,8740,2885,8894,14672,13895,14351,,
3950180,M-MUK,medium,Temanggung,B16,22,collecting,47,12995,2918,2906,7557,8737,2887,8891,14668,13890,14347,,
3951180,M-MUK,medium,Temanggung,B16,22,collecting,48,12972,2915,2906,7557,8733,2885,8889,14664,13884,14343,,
3952180,M-MUK,medium,Temanggung,B16,22,collecting,49,12950,2915,2904,7557,8730,2885,8885,14660,13878,14340,,
3953180,M-MUK,medium,Temanggung,B16,22,collecting,50,12928,2914,2907,7556,8727,2885,8883,14656,13871,14337,,
3954181,M-MUK,medium,Temanggung,B16,22,collecting,51,12907,2914,2904,7556,8723,2885,8880,14652,13865,14333,,
3955180,M-MUK,medium,Temanggung,B16,22,collecting,52,12886,2917,2905,7555,8721,2885,8878,14647,13858,14330,,
3956180,M-MUK,medium,Temanggung,B16,22,collecting,53,12865,2918,2903,7554,8717,2885,8876,14642,13852,14326,,
3957180,M-MUK,medium,Temanggung,B16,22,collecting,54,12845,2916,2907,7554,8712,2885,8873,14637,13846,14322,,
3958180,M-MUK,medium,Temanggung,B16,22,collecting,55,12825,2915,2909,7553,8709,2885,8871,14632,13839,14318,,
3959180,M-MUK,medium,Temanggung,B16,22,collecting,56,12805,2917,2908,7553,8706,2885,8868,14627,13833,14314,,
3960180,M-MUK,medium,Temanggung,B16,22,collecting,57,12786,2915,2904,7552,8702,2885,8866,14623,13826,14310,,
3961180,M-MUK,medium,Temanggung,B16,22,collecting,58,12767,2917,2905,7552,8699,2885,8863,14619,13819,14308,,
3962180,M-MUK,medium,Temanggung,B16,22,collecting,59,12749,2916,2904,7551,8696,2885,8862,14615,13812,14305,,
3963181,M-MUK,medium,Temanggung,B16,22,collecting,60,12732,2915,2906,7551,8693,2885,8862,14611,13807,14302,,
3964183,M-MUK,medium,Temanggung,B16,23,purging,1,12716,2918,2908,7551,8690,2885,8860,14608,13800,14298,,
3965180,M-MUK,medium,Temanggung,B16,23,purging,2,12699,2919,2908,7552,8688,2885,8859,14605,13795,14296,,
3966180,M-MUK,medium,Temanggung,B16,23,purging,3,12657,2917,2907,7552,8681,2885,8854,14592,13787,14282,,
3967180,M-MUK,medium,Temanggung,B16,23,purging,4,12573,2917,2906,7551,8666,2883,8840,14566,13771,14261,,
3968180,M-MUK,medium,Temanggung,B16,23,purging,5,12461,2917,2904,7551,8647,2885,8826,14532,13743,14238,,
3969180,M-MUK,medium,Temanggung,B16,23,purging,6,12329,2915,2908,7550,8626,2883,8811,14494,13710,14214,,
3970181,M-MUK,medium,Temanggung,B16,23,purging,7,12187,2914,2905,7550,8605,2885,8797,14456,13672,14189,,
3971180,M-MUK,medium,Temanggung,B16,23,purging,8,12043,2918,2907,7550,8585,2882,8785,14418,13633,14166,,
3972180,M-MUK,medium,Temanggung,B16,23,purging,9,11899,2915,2906,7549,8566,2885,8774,14383,13592,14145,,
3973180,M-MUK,medium,Temanggung,B16,23,purging,10,11761,2918,2906,7549,8549,2882,8767,14351,13553,14125,,
3974180,M-MUK,medium,Temanggung,B16,23,purging,11,11628,2918,2907,7548,8534,2882,8761,14321,13513,14106,,
3975180,M-MUK,medium,Temanggung,B16,23,purging,12,11502,2919,2908,7548,8521,2880,8757,14292,13476,14089,,
3976180,M-MUK,medium,Temanggung,B16,23,purging,13,11385,2917,2908,7548,8510,2885,8753,14265,13440,14072,,
3977180,M-MUK,medium,Temanggung,B16,23,purging,14,11277,2917,2907,7548,8499,2882,8750,14240,13406,14056,,
3978180,M-MUK,medium,Temanggung,B16,23,purging,15,11177,2914,2908,7547,8489,2882,8747,14216,13373,14040,,
3979181,M-MUK,medium,Temanggung,B16,23,purging,16,11085,2913,2904,7546,8479,2882,8745,14193,13341,14024,,
3980180,M-MUK,medium,Temanggung,B16,23,purging,17,11000,2915,2907,7546,8470,2885,8742,14171,13311,14010,,
3981180,M-MUK,medium,Temanggung,B16,23,purging,18,10923,2913,2907,7546,8462,2880,8738,14150,13281,13996,,
3982180,M-MUK,medium,Temanggung,B16,23,purging,19,10852,2915,2908,7546,8455,2880,8735,14131,13254,13982,,
3983180,M-MUK,medium,Temanggung,B16,23,purging,20,10787,2918,2908,7546,8446,2880,8732,14111,13227,13969,,
3984180,M-MUK,medium,Temanggung,B16,23,purging,21,10728,2914,2908,7546,8440,2880,8730,14093,13202,13956,,
3985180,M-MUK,medium,Temanggung,B16,23,purging,22,10674,2915,2907,7546,8432,2882,8726,14075,13177,13943,,
3986181,M-MUK,medium,Temanggung,B16,23,purging,23,10624,2912,2906,7546,8425,2882,8723,14057,13153,13930,,
3987180,M-MUK,medium,Temanggung,B16,23,purging,24,10578,2912,2905,7545,8419,2880,8720,14041,13130,13919,,
3988180,M-MUK,medium,Temanggung,B16,23,purging,25,10536,2914,2906,7545,8412,2882,8718,14026,13107,13908,,
3989180,M-MUK,medium,Temanggung,B16,23,purging,26,10497,2914,2905,7545,8405,2882,8716,14010,13086,13898,,
3990180,M-MUK,medium,Temanggung,B16,23,purging,27,10462,2914,2907,7545,8399,2882,8714,13996,13065,13888,,
3991180,M-MUK,medium,Temanggung,B16,23,purging,28,10429,2915,2903,7545,8394,2882,8713,13982,13045,13878,,
3992180,M-MUK,medium,Temanggung,B16,23,purging,29,10398,2916,2907,7545,8389,2882,8711,13969,13025,13870,,
3993180,M-MUK,medium,Temanggung,B16,23,purging,30,10369,2915,2907,7545,8385,2882,8709,13956,13007,13861,,
3994180,M-MUK,medium,Temanggung,B16,23,purging,31,10342,2915,2909,7545,8380,2882,8708,13944,12989,13852,,
3995181,M-MUK,medium,Temanggung,B16,23,purging,32,10317,2914,2909,7545,8376,2880,8707,13932,12971,13844,,
3996180,M-MUK,medium,Temanggung,B16,23,purging,33,10294,2914,2906,7545,8372,2885,8707,13920,12955,13836,,
3997180,M-MUK,medium,Temanggung,B16,23,purging,34,10272,2914,2907,7545,8368,2885,8706,13909,12939,13828,,
3998180,M-MUK,medium,Temanggung,B16,23,purging,35,10253,2913,2906,7544,8364,2882,8704,13897,12923,13820,,
3999180,M-MUK,medium,Temanggung,B16,23,purging,36,10234,2914,2904,7544,8360,2885,8703,13887,12909,13812,,
4000180,M-MUK,medium,Temanggung,B16,23,purging,37,10216,2917,2910,7544,8357,2885,8702,13876,12894,13805,,
4001180,M-MUK,medium,Temanggung,B16,23,purging,38,10199,2914,2907,7544,8355,2882,8701,13866,12880,13797,,
4002181,M-MUK,medium,Temanggung,B16,23,purging,39,10183,2914,2908,7544,8351,2882,8700,13856,12866,13790,,
4003180,M-MUK,medium,Temanggung,B16,23,purging,40,10168,2914,2911,7544,8348,2882,8698,13846,12853,13783,,
4004180,M-MUK,medium,Temanggung,B16,23,purging,41,10153,2917,2909,7544,8345,2882,8696,13836,12839,13776,,
4005180,M-MUK,medium,Temanggung,B16,23,purging,42,10139,2916,2908,7544,8342,2882,8695,13827,12826,13770,,
4006180,M-MUK,medium,Temanggung,B16,23,purging,43,10126,2916,2906,7544,8339,2880,8694,13818,12814,13763,,
4007180,M-MUK,medium,Temanggung,B16,23,purging,44,10114,2913,2906,7544,8335,2880,8693,13809,12802,13757,,
4008180,M-MUK,medium,Temanggung,B16,23,purging,45,10102,2915,2906,7544,8332,2880,8692,13800,12789,13750,,
4009180,M-MUK,medium,Temanggung,B16,23,purging,46,10090,2916,2905,7543,8327,2882,8691,13791,12778,13742,,
4010180,M-MUK,medium,Temanggung,B16,23,purging,47,10079,2914,2909,7544,8323,2885,8688,13781,12766,13735,,
4011181,M-MUK,medium,Temanggung,B16,23,purging,48,10068,2917,2907,7544,8319,2882,8685,13772,12754,13727,,
4012180,M-MUK,medium,Temanggung,B16,23,purging,49,10058,2914,2905,7543,8315,2882,8684,13763,12742,13722,,
4013180,M-MUK,medium,Temanggung,B16,23,purging,50,10048,2916,2908,7543,8311,2885,8682,13755,12731,13716,,
4014180,M-MUK,medium,Temanggung,B16,23,purging,51,10039,2913,2908,7543,8308,2882,8681,13747,12720,13710,,
4015180,M-MUK,medium,Temanggung,B16,23,purging,52,10031,2916,2908,7543,8305,2882,8681,13739,12709,13704,,
4016180,M-MUK,medium,Temanggung,B16,23,purging,53,10022,2915,2903,7543,8302,2882,8679,13731,12698,13698,,
4017180,M-MUK,medium,Temanggung,B16,23,purging,54,10014,2916,2907,7543,8298,2882,8678,13723,12687,13691,,
4018181,M-MUK,medium,Temanggung,B16,23,purging,55,10006,2912,2905,7543,8295,2882,8675,13714,12677,13684,,
4019180,M-MUK,medium,Temanggung,B16,23,purging,56,9998,2912,2909,7543,8290,2882,8671,13706,12666,13677,,
4020180,M-MUK,medium,Temanggung,B16,23,purging,57,9991,2915,2908,7543,8286,2882,8667,13697,12656,13670,,
4021180,M-MUK,medium,Temanggung,B16,23,purging,58,9983,2915,2908,7543,8280,2882,8663,13688,12645,13663,,
4022180,M-MUK,medium,Temanggung,B16,23,purging,59,9976,2916,2905,7543,8275,2880,8660,13680,12635,13656,,
4023180,M-MUK,medium,Temanggung,B16,23,purging,60,9969,2916,2905,7543,8270,2882,8656,13673,12624,13649,,
4024180,M-MUK,medium,Temanggung,B16,23,purging,61,9964,2916,2908,7542,8265,2882,8653,13664,12613,13643,,
4025180,M-MUK,medium,Temanggung,B16,23,purging,62,9958,2916,2908,7542,8261,2882,8650,13657,12603,13637,,
4026180,M-MUK,medium,Temanggung,B16,23,purging,63,9952,2915,2905,7542,8256,2882,8647,13650,12593,13632,,
4027181,M-MUK,medium,Temanggung,B16,23,purging,64,9946,2912,2907,7541,8253,2882,8646,13643,12583,13628,,
4028180,M-MUK,medium,Temanggung,B16,23,purging,65,9941,2916,2907,7541,8250,2882,8646,13638,12573,13624,,
4029180,M-MUK,medium,Temanggung,B16,23,purging,66,9936,2914,2904,7541,8247,2882,8646,13632,12565,13620,,
4030180,M-MUK,medium,Temanggung,B16,23,purging,67,9931,2913,2910,7540,8245,2882,8645,13626,12556,13616,,
4031180,M-MUK,medium,Temanggung,B16,23,purging,68,9926,2914,2904,7540,8242,2880,8645,13620,12548,13612,,
4032180,M-MUK,medium,Temanggung,B16,23,purging,69,9921,2915,2906,7540,8240,2880,8644,13615,12539,13607,,
4033180,M-MUK,medium,Temanggung,B16,23,purging,70,9916,2916,2906,7539,8238,2882,8643,13609,12531,13604,,
4034181,M-MUK,medium,Temanggung,B16,23,purging,71,9912,2916,2906,7539,8236,2882,8643,13604,12523,13600,,
4035180,M-MUK,medium,Temanggung,B16,23,purging,72,9907,2916,2906,7538,8234,2880,8643,13598,12515,13596,,
4036180,M-MUK,medium,Temanggung,B16,23,purging,73,9903,2916,2908,7538,8232,2882,8641,13592,12507,13591,,
4037180,M-MUK,medium,Temanggung,B16,23,purging,74,9899,2916,2906,7537,8229,2880,8640,13587,12500,13587,,
4038180,M-MUK,medium,Temanggung,B16,23,purging,75,9895,2915,2907,7537,8227,2882,8639,13581,12492,13582,,
4039180,M-MUK,medium,Temanggung,B16,23,purging,76,9891,2915,2908,7536,8224,2882,8638,13576,12485,13579,,
4040180,M-MUK,medium,Temanggung,B16,23,purging,77,9888,2916,2906,7536,8222,2882,8637,13571,12478,13575,,
4041180,M-MUK,medium,Temanggung,B16,23,purging,78,9885,2915,2907,7535,8220,2882,8636,13566,12471,13571,,
4042180,M-MUK,medium,Temanggung,B16,23,purging,79,9881,2914,2907,7535,8217,2882,8634,13560,12463,13567,,
4043181,M-MUK,medium,Temanggung,B16,23,purging,80,9877,2916,2908,7534,8214,2882,8633,13555,12457,13563,,
4044180,M-MUK,medium,Temanggung,B16,23,purging,81,9873,2916,2905,7534,8212,2882,8631,13551,12450,13561,,
4045180,M-MUK,medium,Temanggung,B16,23,purging,82,9869,2916,2905,7533,8210,2882,8632,13546,12443,13559,,
4046180,M-MUK,medium,Temanggung,B16,23,purging,83,9866,2916,2908,7533,8208,2882,8632,13542,12437,13556,,
4047180,M-MUK,medium,Temanggung,B16,23,purging,84,9862,2915,2908,7532,8207,2882,8633,13539,12430,13555,,
4048180,M-MUK,medium,Temanggung,B16,23,purging,85,9858,2915,2908,7531,8206,2882,8633,13535,12424,13551,,
4049180,M-MUK,medium,Temanggung,B16,23,purging,86,9854,2916,2908,7531,8205,2882,8633,13530,12418,13548,,
4050181,M-MUK,medium,Temanggung,B16,23,purging,87,9850,2916,2906,7530,8203,2882,8633,13526,12412,13544,,
4051180,M-MUK,medium,Temanggung,B16,23,purging,88,9847,2916,2908,7529,8201,2882,8632,13521,12406,13540,,
4052180,M-MUK,medium,Temanggung,B16,23,purging,89,9844,2916,2909,7529,8199,2882,8630,13516,12400,13537,,
4053180,M-MUK,medium,Temanggung,B16,23,purging,90,9841,2916,2908,7528,8195,2882,8629,13511,12394,13533,,
4054180,M-MUK,medium,Temanggung,B16,23,purging,91,9839,2913,2910,7528,8193,2882,8627,13506,12388,13529,,
4055180,M-MUK,medium,Temanggung,B16,23,purging,92,9836,2913,2906,7526,8191,2882,8625,13501,12381,13526,,
4056180,M-MUK,medium,Temanggung,B16,23,purging,93,9833,2915,2907,7526,8189,2882,8624,13497,12375,13523,,
4057180,M-MUK,medium,Temanggung,B16,23,purging,94,9830,2914,2906,7525,8187,2882,8622,13492,12369,13520,,
4058180,M-MUK,medium,Temanggung,B16,23,purging,95,9828,2913,2906,7524,8185,2882,8622,13488,12363,13517,,
4059181,M-MUK,medium,Temanggung,B16,23,purging,96,9826,2918,2906,7524,8184,2882,8621,13484,12358,13515,,
4060180,M-MUK,medium,Temanggung,B16,23,purging,97,9823,2916,2910,7523,8183,2882,8621,13481,12353,13512,,
4061180,M-MUK,medium,Temanggung,B16,23,purging,98,9822,2916,2906,7523,8181,2882,8621,13477,12348,13511,,
4062180,M-MUK,medium,Temanggung,B16,23,purging,99,9819,2916,2906,7522,8180,2882,8621,13474,12342,13509,,
4063180,M-MUK,medium,Temanggung,B16,23,purging,100,9818,2914,2905,7521,8179,2882,8621,13470,12338,13506,,
4064180,M-MUK,medium,Temanggung,B16,23,purging,101,9816,2914,2907,7520,8178,2880,8621,13467,12333,13504,,
4065180,M-MUK,medium,Temanggung,B16,23,purging,102,9814,2915,2908,7520,8176,2882,8621,13463,12328,13501,,
4066181,M-MUK,medium,Temanggung,B16,23,purging,103,9811,2916,2906,7520,8174,2882,8619,13459,12323,13496,,
4067180,M-MUK,medium,Temanggung,B16,23,purging,104,9809,2913,2906,7518,8172,2882,8616,13454,12318,13492,,
4068180,M-MUK,medium,Temanggung,B16,23,purging,105,9807,2914,2911,7517,8169,2882,8613,13449,12313,13488,,
4069180,M-MUK,medium,Temanggung,B16,23,purging,106,9805,2914,2906,7517,8166,2882,8610,13444,12307,13485,,
4070180,M-MUK,medium,Temanggung,B16,23,purging,107,9804,2917,2912,7516,8163,2881,8608,13439,12301,13481,,
4071180,M-MUK,medium,Temanggung,B16,23,purging,108,9801,2914,2907,7515,8160,2882,8606,13435,12296,13478,,
4072180,M-MUK,medium,Temanggung,B16,23,purging,109,9799,2916,2907,7514,8157,2882,8605,13431,12290,13475,,
4073180,M-MUK,medium,Temanggung,B16,23,purging,110,9797,2915,2912,7513,8154,2882,8603,13428,12285,13472,,
4074180,M-MUK,medium,Temanggung,B16,23,purging,111,9795,2915,2911,7512,8152,2882,8601,13424,12280,13469,,
4075181,M-MUK,medium,Temanggung,B16,23,purging,112,9793,2916,2910,7512,8150,2882,8600,13420,12274,13467,,
4076180,M-MUK,medium,Temanggung,B16,23,purging,113,9791,2917,2909,7511,8148,2880,8599,13417,12269,13464,,
4077180,M-MUK,medium,Temanggung,B16,23,purging,114,9789,2917,2907,7510,8145,2880,8598,13414,12264,13462,,
4078180,M-MUK,medium,Temanggung,B16,23,purging,115,9787,2919,2907,7509,8144,2882,8599,13411,12259,13460,,
4079180,M-MUK,medium,Temanggung,B16,23,purging,116,9785,2914,2910,7508,8142,2880,8598,13407,12255,13458,,
4080180,M-MUK,medium,Temanggung,B16,23,purging,117,9783,2914,2910,7507,8140,2883,8598,13404,12250,13455,,
4081180,M-MUK,medium,Temanggung,B16,23,purging,118,9781,2918,2909,7506,8139,2880,8597,13401,12245,13453,,
4082181,M-MUK,medium,Temanggung,B16,23,purging,119,9780,2914,2907,7505,8138,2882,8596,13398,12240,13451,,
4083180,M-MUK,medium,Temanggung,B16,23,purging,120,9778,2917,2910,7504,8136,2880,8596,13395,12235,13449,,
4084184,M-MUK,medium,Temanggung,B16,23,collecting,1,9777,2915,2907,7503,8135,2882,8595,13392,12231,13448,,
4085180,M-MUK,medium,Temanggung,B16,23,collecting,2,9776,2916,2907,7500,8134,2882,8595,13389,12226,13454,,
4086180,M-MUK,medium,Temanggung,B16,23,collecting,3,9880,2914,2912,7500,8158,2882,8614,13415,12231,13497,,
4087180,M-MUK,medium,Temanggung,B16,23,collecting,4,10256,2916,2908,7499,8219,2880,8668,13496,12279,13578,,
4088180,M-MUK,medium,Temanggung,B16,23,collecting,5,10831,2917,2907,7498,8302,2882,8737,13631,12378,13673,,
4089180,M-MUK,medium,Temanggung,B16,23,collecting,6,11436,2921,2907,7498,8387,2883,8796,13783,12513,13761,,
4090180,M-MUK,medium,Temanggung,B16,23,collecting,7,11965,2920,2912,7497,8459,2883,8839,13928,12663,13838,,
4091181,M-MUK,medium,Temanggung,B16,23,collecting,8,12390,2922,2908,7496,8516,2885,8868,14053,12811,13903,,
4092180,M-MUK,medium,Temanggung,B16,23,collecting,9,12717,2920,2907,7496,8560,2883,8885,14158,12948,13958,,
4093180,M-MUK,medium,Temanggung,B16,23,collecting,10,12967,2924,2908,7494,8593,2885,8894,14244,13070,14005,,
4094180,M-MUK,medium,Temanggung,B16,23,collecting,11,13158,2921,2911,7493,8620,2885,8901,14314,13176,14045,,
4095180,M-MUK,medium,Temanggung,B16,23,collecting,12,13304,2926,2908,7493,8640,2885,8905,14372,13268,14079,,
4096180,M-MUK,medium,Temanggung,B16,23,collecting,13,13416,2925,2909,7491,8656,2883,8906,14421,13348,14109,,
4097180,M-MUK,medium,Temanggung,B16,23,collecting,14,13500,2924,2909,7490,8668,2885,8905,14460,13418,14134,,
4098181,M-MUK,medium,Temanggung,B16,23,collecting,15,13560,2922,2910,7490,8677,2883,8904,14492,13477,14154,,
4099180,M-MUK,medium,Temanggung,B16,23,collecting,16,13600,2922,2912,7489,8685,2885,8901,14519,13528,14171,,
4100180,M-MUK,medium,Temanggung,B16,23,collecting,17,13625,2928,2911,7488,8689,2885,8897,14542,13571,14185,,
4101180,M-MUK,medium,Temanggung,B16,23,collecting,18,13637,2923,2909,7487,8692,2885,8893,14559,13607,14197,,
4102180,M-MUK,medium,Temanggung,B16,23,collecting,19,13638,2929,2908,7486,8693,2883,8887,14572,13638,14207,,
4103180,M-MUK,medium,Temanggung,B16,23,collecting,20,13631,2924,2909,7485,8693,2883,8882,14584,13663,14214,,
4104180,M-MUK,medium,Temanggung,B16,23,collecting,21,13618,2922,2911,7484,8692,2885,8876,14593,13684,14221,,
4105180,M-MUK,medium,Temanggung,B16,23,collecting,22,13600,2924,2910,7483,8690,2885,8872,14600,13702,14227,,
4106180,M-MUK,medium,Temanggung,B16,23,collecting,23,13578,2922,2909,7483,8689,2885,8868,14606,13717,14231,,
4107181,M-MUK,medium,Temanggung,B16,23,collecting,24,13553,2924,2908,7482,8686,2885,8863,14611,13728,14234,,
4108180,M-MUK,medium,Temanggung,B16,23,collecting,25,13527,2924,2909,7481,8684,2885,8858,14613,13737,14238,,
4109180,M-MUK,medium,Temanggung,B16,23,collecting,26,13500,2926,2908,7481,8680,2885,8854,14616,13745,14239,,
4110180,M-MUK,medium,Temanggung,B16,23,collecting,27,13470,2923,2909,7480,8677,2885,8850,14616,13751,14241,,
4111180,M-MUK,medium,Temanggung,B16,23,collecting,28,13440,2925,2911,7479,8674,2885,8845,14616,13755,14241,,
4112180,M-MUK,medium,Temanggung,B16,23,collecting,29,13409,2924,2911,7479,8670,2885,8841,14616,13757,14242,,
4113180,M-MUK,medium,Temanggung,B16,23,collecting,30,13378,2924,2908,7478,8667,2885,8838,14616,13759,14241,,
4114181,M-MUK,medium,Temanggung,B16,23,collecting,31,13347,2922,2909,7478,8662,2885,8834,14615,13760,14240,,
4115180,M-MUK,medium,Temanggung,B16,23,collecting,32,13317,2926,2913,7477,8659,2887,8831,14613,13759,14240,,
4116180,M-MUK,medium,Temanggung,B16,23,collecting,33,13287,2924,2909,7477,8655,2885,8828,14610,13758,14238,,
4117180,M-MUK,medium,Temanggung,B16,23,collecting,34,13257,2924,2909,7476,8651,2887,8823,14608,13756,14236,,
4118180,M-MUK,medium,Temanggung,B16,23,collecting,35,13227,2924,2909,7475,8647,2885,8820,14605,13753,14235,,
4119180,M-MUK,medium,Temanggung,B16,23,collecting,36,13199,2924,2910,7475,8643,2885,8816,14602,13750,14233,,
4120180,M-MUK,medium,Temanggung,B16,23,collecting,37,13170,2925,2913,7474,8639,2885,8812,14599,13747,14230,,
4121180,M-MUK,medium,Temanggung,B16,23,collecting,38,13142,2922,2910,7474,8635,2885,8809,14595,13743,14227,,
4122180,M-MUK,medium,Temanggung,B16,23,collecting,39,13114,2925,2910,7473,8631,2883,8806,14592,13739,14224,,
4123181,M-MUK,medium,Temanggung,B16,23,collecting,40,13086,2920,2910,7473,8626,2885,8802,14588,13733,14221,,
4124180,M-MUK,medium,Temanggung,B16,23,collecting,41,13059,2920,2908,7472,8622,2885,8799,14584,13728,14218,,
4125180,M-MUK,medium,Temanggung,B16,23,collecting,42,13031,2924,2909,7471,8618,2881,8795,14579,13722,14215,,
4126180,M-MUK,medium,Temanggung,B16,23,collecting,43,13005,2921,2909,7471,8614,2885,8792,14575,13717,14211,,
4127180,M-MUK,medium,Temanggung,B16,23,collecting,44,12979,2922,2910,7471,8610,2886,8788,14571,13711,14208,,
4128180,M-MUK,medium,Temanggung,B16,23,collecting,45,12953,2925,2908,7470,8606,2887,8786,14566,13705,14205,,
4129180,M-MUK,medium,Temanggung,B16,23,collecting,46,12927,2920,2909,7469,8601,2885,8783,14562,13699,14201,,
4130181,M-MUK,medium,Temanggung,B16,23,collecting,47,12903,2920,2908,7469,8598,2881,8779,14558,13692,14198,,
4131180,M-MUK,medium,Temanggung,B16,23,collecting,48,12879,2920,2911,7468,8594,2883,8777,14554,13685,14194,,
4132180,M-MUK,medium,Temanggung,B16,23,collecting,49,12856,2921,2911,7467,8590,2888,8775,14548,13679,14191,,
4133180,M-MUK,medium,Temanggung,B16,23,collecting,50,12834,2924,2908,7467,8586,2886,8773,14543,13673,14187,,
4134180,M-MUK,medium,Temanggung,B16,23,collecting,51,12813,2920,2908,7466,8583,2887,8770,14539,13666,14183,,
4135180,M-MUK,medium,Temanggung,B16,23,collecting,52,12791,2925,2912,7465,8579,2887,8767,14534,13660,14180,,
4136180,M-MUK,medium,Temanggung,B16,23,collecting,53,12771,2921,2909,7464,8575,2886,8764,14531,13653,14176,,
4137180,M-MUK,medium,Temanggung,B16,23,collecting,54,12750,2925,2913,7463,8572,2883,8762,14527,13646,14173,,
4138180,M-MUK,medium,Temanggung,B16,23,collecting,55,12731,2920,2909,7463,8568,2885,8760,14522,13640,14169,,
4139181,M-MUK,medium,Temanggung,B16,23,collecting,56,12712,2923,2911,7462,8565,2883,8758,14518,13633,14166,,
4140180,M-MUK,medium,Temanggung,B16,23,collecting,57,12693,2925,2908,7461,8562,2885,8758,14514,13627,14163,,
4141180,M-MUK,medium,Temanggung,B16,23,collecting,58,12674,2922,2909,7460,8559,2885,8756,14510,13620,14160,,
4142180,M-MUK,medium,Temanggung,B16,23,collecting,59,12656,2922,2909,7459,8556,2884,8755,14505,13614,14157,,
4143180,M-MUK,medium,Temanggung,B16,23,collecting,60,12638,2921,2908,7459,8553,2885,8753,14501,13607,14153,,
4144183,M-MUK,medium,Temanggung,B16,24,purging,1,12621,2924,2910,7458,8552,2884,8751,14497,13601,14150,,
4145180,M-MUK,medium,Temanggung,B16,24,purging,2,12605,2921,2911,7459,8551,2885,8752,14494,13596,14148,,
4146181,M-MUK,medium,Temanggung,B16,24,purging,3,12564,2921,2909,7459,8545,2887,8748,14482,13589,14137,,
4147180,M-MUK,medium,Temanggung,B16,24,purging,4,12483,2921,2911,7459,8534,2885,8738,14458,13573,14120,,
4148180,M-MUK,medium,Temanggung,B16,24,purging,5,12373,2920,2908,7459,8519,2881,8727,14427,13549,14100,,
4149180,M-MUK,medium,Temanggung,B16,24,purging,6,12245,2923,2910,7458,8501,2885,8716,14393,13519,14078,,
4150180,M-MUK,medium,Temanggung,B16,24,purging,7,12108,2921,2909,7458,8484,2885,8705,14358,13484,14056,,
4151180,M-MUK,medium,Temanggung,B16,24,purging,8,11968,2923,2910,7457,8467,2884,8695,14322,13447,14035,,
4152180,M-MUK,medium,Temanggung,B16,24,purging,9,11830,2921,2908,7456,8451,2881,8687,14288,13410,14013,,
4153180,M-MUK,medium,Temanggung,B16,24,purging,10,11696,2920,2911,7455,8436,2883,8679,14258,13372,13996,,
4154180,M-MUK,medium,Temanggung,B16,24,purging,11,11569,2920,2909,7455,8423,2884,8676,14229,13336,13981,,
4155181,M-MUK,medium,Temanggung,B16,24,purging,12,11448,2923,2913,7454,8412,2881,8674,14203,13301,13966,,
4156180,M-MUK,medium,Temanggung,B16,24,purging,13,11335,2919,2908,7454,8403,2885,8673,14178,13268,13952,,
4157180,M-MUK,medium,Temanggung,B16,24,purging,14,11230,2920,2908,7453,8395,2886,8673,14155,13237,13939,,
4158180,M-MUK,medium,Temanggung,B16,24,purging,15,11132,2922,2911,7452,8389,2885,8674,14135,13207,13928,,
4159180,M-MUK,medium,Temanggung,B16,24,purging,16,11043,2918,2909,7452,8383,2885,8675,14114,13178,13916,,
4160180,M-MUK,medium,Temanggung,B16,24,purging,17,10960,2920,2909,7451,8377,2885,8675,14094,13151,13904,,
4161180,M-MUK,medium,Temanggung,B16,24,purging,18,10885,2917,2908,7451,8371,2882,8675,14075,13126,13892,,
4162181,M-MUK,medium,Temanggung,B16,24,purging,19,10816,2920,2908,7451,8366,2884,8674,14057,13101,13881,,
4163180,M-MUK,medium,Temanggung,B16,24,purging,20,10752,2921,2908,7451,8361,2881,8674,14040,13077,13870,,
4164180,M-MUK,medium,Temanggung,B16,24,purging,21,10694,2921,2911,7450,8358,2884,8674,14023,13054,13861,,
4165180,M-MUK,medium,Temanggung,B16,24,purging,22,10641,2918,2908,7451,8354,2884,8675,14008,13033,13852,,
4166180,M-MUK,medium,Temanggung,B16,24,purging,23,10592,2921,2913,7450,8350,2884,8676,13993,13012,13843,,
4167180,M-MUK,medium,Temanggung,B16,24,purging,24,10547,2918,2910,7450,8347,2883,8677,13978,12993,13835,,
4168180,M-MUK,medium,Temanggung,B16,24,purging,25,10505,2921,2908,7449,8345,2881,8677,13964,12973,13826,,
4169180,M-MUK,medium,Temanggung,B16,24,purging,26,10466,2918,2910,7449,8343,2881,8676,13950,12956,13817,,
4170180,M-MUK,medium,Temanggung,B16,24,purging,27,10431,2921,2908,7449,8340,2883,8676,13937,12938,13808,,
4171181,M-MUK,medium,Temanggung,B16,24,purging,28,10400,2919,2908,7448,8336,2883,8675,13923,12921,13800,,
4172180,M-MUK,medium,Temanggung,B16,24,purging,29,10369,2915,2910,7449,8333,2885,8675,13911,12905,13793,,
4173180,M-MUK,medium,Temanggung,B16,24,purging,30,10341,2919,2908,7448,8330,2881,8676,13900,12889,13787,,
4174180,M-MUK,medium,Temanggung,B16,24,purging,31,10315,2915,2912,7448,8328,2885,8676,13889,12874,13780,,
4175180,M-MUK,medium,Temanggung,B16,24,purging,32,10290,2917,2909,7448,8326,2882,8677,13878,12860,13774,,
4176180,M-MUK,medium,Temanggung,B16,24,purging,33,10266,2918,2908,7447,8324,2885,8679,13868,12845,13769,,
4177180,M-MUK,medium,Temanggung,B16,24,purging,34,10245,2918,2910,7447,8323,2885,8681,13857,12832,13764,,
4178181,M-MUK,medium,Temanggung,B16,24,purging,35,10223,2917,2912,7447,8322,2881,8682,13848,12819,13758,,
4179180,M-MUK,medium,Temanggung,B16,24,purging,36,10204,2916,2908,7447,8321,2881,8683,13838,12807,13752,,
4180180,M-MUK,medium,Temanggung,B16,24,purging,37,10185,2916,2910,7446,8319,2881,8684,13828,12795,13745,,
4181180,M-MUK,medium,Temanggung,B16,24,purging,38,10168,2916,2910,7446,8317,2881,8683,13817,12783,13737,,
4182180,M-MUK,medium,Temanggung,B16,24,purging,39,10152,2916,2908,7446,8314,2881,8680,13806,12771,13729,,
4183180,M-MUK,medium,Temanggung,B16,24,purging,40,10137,2918,2907,7446,8311,2881,8677,13796,12759,13722,,
4184180,M-MUK,medium,Temanggung,B16,24,purging,41,10123,2917,2910,7446,8308,2883,8676,13786,12748,13717,,
4185180,M-MUK,medium,Temanggung,B16,24,purging,42,10110,2917,2912,7446,8306,2883,8676,13778,12736,13713,,
4186180,M-MUK,medium,Temanggung,B16,24,purging,43,10096,2917,2908,7446,8305,2883,8676,13770,12726,13709,,
4187181,M-MUK,medium,Temanggung,B16,24,purging,44,10084,2915,2908,7446,8303,2883,8677,13762,12716,13705,,
4188180,M-MUK,medium,Temanggung,B16,24,purging,45,10071,2916,2908,7446,8302,2883,8678,13755,12706,13702,,
4189180,M-MUK,medium,Temanggung,B16,24,purging,46,10059,2917,2907,7446,8301,2885,8680,13748,12696,13698,,
4190180,M-MUK,medium,Temanggung,B16,24,purging,47,10047,2915,2908,7446,8301,2882,8681,13741,12688,13695,,
4191180,M-MUK,medium,Temanggung,B16,24,purging,48,10037,2919,2912,7447,8301,2883,8682,13734,12679,13692,,
4192180,M-MUK,medium,Temanggung,B16,24,purging,49,10026,2917,2908,7446,8301,2880,8684,13728,12671,13688,,
4193180,M-MUK,medium,Temanggung,B16,24,purging,50,10015,2915,2910,7446,8301,2883,8686,13721,12663,13686,,
4194181,M-MUK,medium,Temanggung,B16,24,purging,51,10005,2918,2910,7446,8301,2885,8689,13715,12655,13684,,
4195180,M-MUK,medium,Temanggung,B16,24,purging,52,9994,2920,2908,7446,8301,2882,8691,13710,12648,13681,,
4196180,M-MUK,medium,Temanggung,B16,24,purging,53,9985,2917,2912,7446,8301,2883,8694,13704,12641,13679,,
4197180,M-MUK,medium,Temanggung,B16,24,purging,54,9976,2917,2908,7446,8302,2881,8697,13698,12634,13678,,
4198180,M-MUK,medium,Temanggung,B16,24,purging,55,9967,2917,2908,7445,8304,2883,8701,13693,12627,13677,,
4199180,M-MUK,medium,Temanggung,B16,24,purging,56,9958,2917,2907,7446,8305,2883,8704,13688,12621,13676,,
4200180,M-MUK,medium,Temanggung,B16,24,purging,57,9949,2915,2909,7446,8306,2883,8706,13683,12615,13674,,
4201180,M-MUK,medium,Temanggung,B16,24,purging,58,9941,2914,2906,7446,8307,2883,8709,13678,12609,13674,,
4202180,M-MUK,medium,Temanggung,B16,24,purging,59,9932,2917,2911,7446,8309,2881,8712,13674,12604,13673,,
4203181,M-MUK,medium,Temanggung,B16,24,purging,60,9924,2914,2910,7447,8310,2881,8715,13669,12599,13672,,
4204180,M-MUK,medium,Temanggung,B16,24,purging,61,9916,2914,2906,7447,8313,2881,8718,13665,12594,13671,,
4205180,M-MUK,medium,Temanggung,B16,24,purging,62,9909,2917,2908,7446,8314,2880,8722,13661,12590,13670,,
4206180,M-MUK,medium,Temanggung,B16,24,purging,63,9900,2915,2908,7446,8316,2881,8725,13656,12585,13669,,
4207180,M-MUK,medium,Temanggung,B16,24,purging,64,9893,2917,2912,7447,8318,2883,8727,13652,12580,13668,,
4208180,M-MUK,medium,Temanggung,B16,24,purging,65,9886,2914,2907,7447,8319,2880,8729,13647,12576,13667,,
4209180,M-MUK,medium,Temanggung,B16,24,purging,66,9880,2917,2907,7447,8320,2883,8732,13643,12571,13665,,
4210181,M-MUK,medium,Temanggung,B16,24,purging,67,9873,2915,2906,7447,8321,2881,8733,13638,12567,13664,,
4211180,M-MUK,medium,Temanggung,B16,24,purging,68,9867,2918,2910,7448,8321,2885,8735,13634,12563,13661,,
4212180,M-MUK,medium,Temanggung,B16,24,purging,69,9861,2917,2906,7448,8321,2880,8736,13629,12559,13659,,
4213180,M-MUK,medium,Temanggung,B16,24,purging,70,9856,2914,2908,7448,8321,2883,8737,13623,12555,13656,,
4214180,M-MUK,medium,Temanggung,B16,24,purging,71,9851,2914,2907,7448,8321,2884,8735,13617,12550,13653,,
4215180,M-MUK,medium,Temanggung,B16,24,purging,72,9846,2916,2909,7448,8319,2881,8734,13611,12546,13649,,
4216180,M-MUK,medium,Temanggung,B16,24,purging,73,9842,2917,2907,7448,8319,2883,8733,13606,12541,13646,,
4217180,M-MUK,medium,Temanggung,B16,24,purging,74,9838,2917,2911,7449,8318,2881,8732,13601,12536,13644,,
4218180,M-MUK,medium,Temanggung,B16,24,purging,75,9834,2914,2907,7449,8316,2885,8731,13596,12532,13642,,
4219181,M-MUK,medium,Temanggung,B16,24,purging,76,9830,2914,2907,7449,8315,2883,8731,13592,12528,13641,,
4220180,M-MUK,medium,Temanggung,B16,24,purging,77,9826,2917,2907,7450,8316,2880,8732,13588,12524,13640,,
4221180,M-MUK,medium,Temanggung,B16,24,purging,78,9822,2914,2907,7450,8315,2884,8733,13585,12520,13638,,
4222180,M-MUK,medium,Temanggung,B16,24,purging,79,9817,2917,2911,7451,8316,2880,8733,13580,12516,13636,,
4223180,M-MUK,medium,Temanggung,B16,24,purging,80,9812,2916,2907,7451,8315,2881,8732,13575,12512,13633,,
4224180,M-MUK,medium,Temanggung,B16,24,purging,81,9808,2915,2911,7451,8314,2881,8731,13571,12507,13630,,
4225180,M-MUK,medium,Temanggung,B16,24,purging,82,9805,2914,2907,7452,8313,2883,8731,13566,12503,13629,,
4226181,M-MUK,medium,Temanggung,B16,24,purging,83,9801,2914,2907,7452,8313,2883,8731,13562,12499,13627,,
4227180,M-MUK,medium,Temanggung,B16,24,purging,84,9797,2914,2907,7452,8312,2883,8731,13558,12495,13626,,
4228180,M-MUK,medium,Temanggung,B16,24,purging,85,9794,2914,2906,7452,8311,2881,8732,13555,12491,13625,,
4229180,M-MUK,medium,Temanggung,B16,24,purging,86,9790,2914,2911,7452,8311,2883,8734,13551,12488,13625,,
4230180,M-MUK,medium,Temanggung,B16,24,purging,87,9787,2915,2906,7452,8311,2881,8736,13548,12484,13624,,
4231180,M-MUK,medium,Temanggung,B16,24,purging,88,9783,2914,2911,7453,8312,2881,8737,13545,12481,13624,,
4232180,M-MUK,medium,Temanggung,B16,24,purging,89,9780,2917,2906,7453,8312,2883,8738,13541,12478,13621,,
4233180,M-MUK,medium,Temanggung,B16,24,purging,90,9777,2914,2906,7453,8312,2885,8739,13537,12475,13620,,
4234180,M-MUK,medium,Temanggung,B16,24,purging,91,9774,2913,2910,7454,8312,2880,8740,13534,12471,13619,,
4235181,M-MUK,medium,Temanggung,B16,24,purging,92,9771,2917,2909,7454,8312,2881,8742,13531,12468,13619,,
4236180,M-MUK,medium,Temanggung,B16,24,purging,93,9768,2914,2906,7455,8313,2885,8744,13528,12466,13619,,
4237180,M-MUK,medium,Temanggung,B16,24,purging,94,9765,2914,2908,7455,8314,2883,8745,13525,12463,13619,,
4238180,M-MUK,medium,Temanggung,B16,24,purging,95,9761,2914,2907,7455,8315,2881,8747,13523,12460,13619,,
4239180,M-MUK,medium,Temanggung,B16,24,purging,96,9757,2916,2906,7455,8316,2885,8749,13521,12457,13619,,
4240180,M-MUK,medium,Temanggung,B16,24,purging,97,9753,2916,2906,7456,8317,2883,8752,13518,12455,13620,,
4241180,M-MUK,medium,Temanggung,B16,24,purging,98,9750,2916,2904,7457,8319,2883,8756,13516,12452,13621,,
4242181,M-MUK,medium,Temanggung,B16,24,purging,99,9746,2916,2906,7457,8321,2882,8759,13514,12450,13623,,
4243180,M-MUK,medium,Temanggung,B16,24,purging,100,9742,2916,2908,7457,8323,2881,8763,13513,12449,13624,,
4244180,M-MUK,medium,Temanggung,B16,24,purging,101,9738,2913,2905,7458,8325,2885,8766,13511,12447,13625,,
4245180,M-MUK,medium,Temanggung,B16,24,purging,102,9734,2914,2908,7458,8327,2883,8769,13509,12446,13625,,
4246180,M-MUK,medium,Temanggung,B16,24,purging,103,9731,2913,2905,7459,8329,2881,8771,13507,12444,13625,,
4247180,M-MUK,medium,Temanggung,B16,24,purging,104,9727,2917,2906,7459,8331,2883,8773,13505,12442,13625,,
4248180,M-MUK,medium,Temanggung,B16,24,purging,105,9723,2913,2906,7460,8331,2881,8775,13501,12440,13624,,
4249180,M-MUK,medium,Temanggung,B16,24,purging,106,9721,2914,2907,7460,8332,2885,8775,13498,12439,13623,,
4250180,M-MUK,medium,Temanggung,B16,24,purging,107,9718,2913,2905,7461,8333,2883,8775,13495,12437,13622,,
4251181,M-MUK,medium,Temanggung,B16,24,purging,108,9716,2914,2905,7461,8333,2881,8775,13492,12435,13621,,
4252180,M-MUK,medium,Temanggung,B16,24,purging,109,9713,2913,2909,7462,8333,2883,8775,13488,12433,13620,,
4253180,M-MUK,medium,Temanggung,B16,24,purging,110,9712,2913,2904,7462,8334,2880,8775,13486,12431,13619,,
4254180,M-MUK,medium,Temanggung,B16,24,purging,111,9709,2916,2906,7463,8333,2885,8776,13483,12429,13619,,
4255180,M-MUK,medium,Temanggung,B16,24,purging,112,9707,2914,2909,7463,8334,2880,8776,13480,12426,13618,,
4256180,M-MUK,medium,Temanggung,B16,24,purging,113,9705,2916,2907,7463,8334,2880,8776,13478,12424,13617,,
4257180,M-MUK,medium,Temanggung,B16,24,purging,114,9703,2916,2905,7464,8334,2885,8776,13475,12422,13616,,
4258181,M-MUK,medium,Temanggung,B16,24,purging,115,9702,2916,2905,7464,8334,2885,8776,13471,12420,13615,,
4259180,M-MUK,medium,Temanggung,B16,24,purging,116,9700,2916,2910,7465,8334,2880,8776,13468,12418,13614,,
4260180,M-MUK,medium,Temanggung,B16,24,purging,117,9698,2914,2905,7465,8333,2881,8776,13465,12416,13612,,
4261180,M-MUK,medium,Temanggung,B16,24,purging,118,9697,2913,2907,7466,8333,2880,8776,13463,12414,13610,,
4262180,M-MUK,medium,Temanggung,B16,24,purging,119,9696,2913,2906,7466,8332,2885,8775,13460,12412,13608,,
4263180,M-MUK,medium,Temanggung,B16,24,purging,120,9695,2915,2905,7466,8330,2883,8773,13456,12410,13605,,
4264183,M-MUK,medium,Temanggung,B16,24,collecting,1,9694,2912,2906,7467,8329,2885,8770,13451,12407,13602,,
4265180,M-MUK,medium,Temanggung,B16,24,collecting,2,9694,2913,2907,7465,8326,2881,8765,13447,12403,13599,,
4266180,M-MUK,medium,Temanggung,B16,24,collecting,3,9798,2915,2907,7465,8341,2881,8775,13462,12407,13620,,
4267181,M-MUK,medium,Temanggung,B16,24,collecting,4,10159,2914,2906,7465,8386,2885,8808,13531,12449,13680,,
4268180,M-MUK,medium,Temanggung,B16,24,collecting,5,10705,2915,2904,7466,8449,2885,8850,13648,12537,13757,,
4269180,M-MUK,medium,Temanggung,B16,24,collecting,6,11283,2918,2909,7466,8514,2885,8890,13785,12657,13832,,
4270180,M-MUK,medium,Temanggung,B16,24,collecting,7,11793,2917,2906,7466,8569,2885,8918,13916,12790,13898,,
4271180,M-MUK,medium,Temanggung,B16,24,collecting,8,12206,2914,2906,7467,8613,2886,8935,14028,12922,13955,,
4272180,M-MUK,medium,Temanggung,B16,24,collecting,9,12526,2920,2908,7468,8646,2885,8945,14123,13044,14004,,
4273180,M-MUK,medium,Temanggung,B16,24,collecting,10,12772,2919,2908,7467,8671,2885,8950,14200,13152,14046,,
4274181,M-MUK,medium,Temanggung,B16,24,collecting,11,12960,2917,2908,7468,8690,2885,8954,14263,13247,14082,,
4275180,M-MUK,medium,Temanggung,B16,24,collecting,12,13102,2921,2907,7468,8705,2885,8955,14316,13329,14113,,
4276180,M-MUK,medium,Temanggung,B16,24,collecting,13,13209,2920,2905,7468,8718,2885,8955,14360,13400,14139,,
4277180,M-MUK,medium,Temanggung,B16,24,collecting,14,13287,2919,2906,7468,8728,2885,8954,14395,13461,14162,,
4278180,M-MUK,medium,Temanggung,B16,24,collecting,15,13342,2921,2908,7468,8735,2885,8953,14425,13513,14181,,
4279180,M-MUK,medium,Temanggung,B16,24,collecting,16,13378,2920,2905,7468,8739,2885,8951,14449,13557,14196,,
4280180,M-MUK,medium,Temanggung,B16,24,collecting,17,13400,2920,2907,7468,8744,2885,8950,14470,13595,14211,,
4281180,M-MUK,medium,Temanggung,B16,24,collecting,18,13409,2921,2908,7468,8746,2885,8948,14486,13627,14222,,
4282180,M-MUK,medium,Temanggung,B16,24,collecting,19,13408,2919,2905,7468,8748,2885,8945,14501,13653,14232,,
4283181,M-MUK,medium,Temanggung,B16,24,collecting,20,13401,2921,2908,7469,8750,2883,8943,14511,13676,14242,,
4284180,M-MUK,medium,Temanggung,B16,24,collecting,21,13388,2921,2905,7469,8750,2883,8940,14521,13696,14249,,
4285180,M-MUK,medium,Temanggung,B16,24,collecting,22,13371,2919,2905,7469,8750,2885,8938,14529,13712,14256,,
4286180,M-MUK,medium,Temanggung,B16,24,collecting,23,13352,2920,2906,7469,8751,2885,8936,14536,13727,14262,,
4287180,M-MUK,medium,Temanggung,B16,24,collecting,24,13331,2921,2906,7469,8750,2885,8934,14542,13739,14267,,
4288180,M-MUK,medium,Temanggung,B16,24,collecting,25,13307,2920,2908,7469,8750,2885,8932,14546,13749,14272,,
4289180,M-MUK,medium,Temanggung,B16,24,collecting,26,13281,2920,2904,7469,8750,2885,8931,14550,13758,14276,,
4290181,M-MUK,medium,Temanggung,B16,24,collecting,27,13254,2922,2908,7469,8748,2885,8931,14554,13764,14280,,
4291180,M-MUK,medium,Temanggung,B16,24,collecting,28,13225,2919,2908,7469,8749,2885,8930,14556,13770,14284,,
4292180,M-MUK,medium,Temanggung,B16,24,collecting,29,13196,2920,2905,7469,8748,2885,8929,14558,13774,14286,,
4293180,M-MUK,medium,Temanggung,B16,24,collecting,30,13167,2919,2905,7470,8747,2887,8928,14559,13778,14288,,
4294180,M-MUK,medium,Temanggung,B16,24,collecting,31,13138,2919,2908,7470,8746,2885,8927,14560,13781,14290,,
4295180,M-MUK,medium,Temanggung,B16,24,collecting,32,13109,2921,2907,7470,8744,2885,8925,14559,13783,14291,,
4296180,M-MUK,medium,Temanggung,B16,24,collecting,33,13080,2919,2905,7471,8743,2885,8924,14560,13784,14292,,
4297180,M-MUK,medium,Temanggung,B16,24,collecting,34,13051,2917,2905,7471,8742,2885,8923,14558,13784,14293,,
4298180,M-MUK,medium,Temanggung,B16,24,collecting,35,13022,2917,2904,7471,8741,2885,8922,14557,13785,14294,,
4299181,M-MUK,medium,Temanggung,B16,24,collecting,36,12994,2917,2908,7472,8740,2883,8922,14556,13784,14294,,
4300180,M-MUK,medium,Temanggung,B16,24,collecting,37,12966,2917,2909,7472,8738,2885,8921,14554,13783,14294,,
4301180,M-MUK,medium,Temanggung,B16,24,collecting,38,12938,2918,2909,7473,8737,2885,8921,14552,13782,14294,,
4302180,M-MUK,medium,Temanggung,B16,24,collecting,39,12911,2918,2910,7473,8735,2883,8920,14551,13780,14294,,
4303180,M-MUK,medium,Temanggung,B16,24,collecting,40,12884,2918,2907,7473,8734,2885,8920,14548,13778,14293,,
4304180,M-MUK,medium,Temanggung,B16,24,collecting,41,12857,2915,2908,7474,8732,2885,8918,14546,13776,14292,,
4305180,M-MUK,medium,Temanggung,B16,24,collecting,42,12830,2920,2905,7474,8730,2885,8917,14543,13773,14292,,
4306181,M-MUK,medium,Temanggung,B16,24,collecting,43,12804,2917,2908,7475,8729,2885,8916,14541,13770,14291,,
4307180,M-MUK,medium,Temanggung,B16,24,collecting,44,12778,2920,2905,7475,8728,2885,8917,14537,13767,14290,,
4308180,M-MUK,medium,Temanggung,B16,24,collecting,45,12754,2917,2905,7475,8727,2883,8917,14534,13764,14290,,
4309180,M-MUK,medium,Temanggung,B16,24,collecting,46,12730,2919,2905,7476,8727,2885,8918,14531,13760,14288,,
4310180,M-MUK,medium,Temanggung,B16,24,collecting,47,12706,2919,2906,7476,8725,2883,8917,14528,13757,14288,,
4311180,M-MUK,medium,Temanggung,B16,24,collecting,48,12683,2918,2904,7476,8724,2885,8917,14524,13753,14287,,
4312180,M-MUK,medium,Temanggung,B16,24,collecting,49,12660,2917,2908,7476,8723,2885,8917,14522,13749,14285,,
4313180,M-MUK,medium,Temanggung,B16,24,collecting,50,12637,2919,2908,7477,8721,2883,8917,14519,13746,14284,,
4314180,M-MUK,medium,Temanggung,B16,24,collecting,51,12615,2916,2906,7478,8720,2885,8917,14517,13742,14283,,
4315181,M-MUK,medium,Temanggung,B16,24,collecting,52,12594,2919,2909,7478,8718,2885,8916,14513,13738,14281,,
4316180,M-MUK,medium,Temanggung,B16,24,collecting,53,12574,2919,2904,7478,8717,2885,8916,14510,13734,14279,,
4317180,M-MUK,medium,Temanggung,B16,24,collecting,54,12554,2919,2907,7478,8716,2885,8916,14507,13730,14278,,
4318180,M-MUK,medium,Temanggung,B16,24,collecting,55,12535,2918,2904,7479,8714,2885,8915,14504,13726,14276,,
4319180,M-MUK,medium,Temanggung,B16,24,collecting,56,12515,2916,2904,7479,8713,2885,8914,14500,13723,14275,,
4320180,M-MUK,medium,Temanggung,B16,24,collecting,57,12496,2919,2908,7480,8712,2885,8914,14498,13718,14273,,
4321180,M-MUK,medium,Temanggung,B16,24,collecting,58,12478,2915,2910,7480,8711,2885,8914,14494,13714,14271,,
4322181,M-MUK,medium,Temanggung,B16,24,collecting,59,12460,2919,2908,7481,8710,2883,8914,14489,13710,14269,,
4323180,M-MUK,medium,Temanggung,B16,24,collecting,60,12443,2916,2908,7481,8709,2883,8912,14487,13706,14267,,
4324184,M-MUK,medium,Temanggung,B16,25,purging,1,12425,2919,2908,7482,8708,2885,8912,14483,13702,14266,,
4325180,M-MUK,medium,Temanggung,B16,25,purging,2,12409,2916,2908,7484,8708,2885,8913,14481,13699,14266,,
4326180,M-MUK,medium,Temanggung,B16,25,purging,3,12368,2919,2905,7485,8705,2885,8913,14471,13694,14259,,
4327180,M-MUK,medium,Temanggung,B16,25,purging,4,12289,2916,2906,7486,8695,2885,8908,14451,13680,14245,,
4328180,M-MUK,medium,Temanggung,B16,25,purging,5,12180,2916,2904,7486,8682,2885,8899,14421,13659,14227,,
4329180,M-MUK,medium,Temanggung,B16,25,purging,6,12053,2919,2906,7486,8667,2883,8890,14388,13631,14207,,
4330180,M-MUK,medium,Temanggung,B16,25,purging,7,11918,2916,2906,7487,8652,2885,8879,14354,13600,14186,,
4331181,M-MUK,medium,Temanggung,B16,25,purging,8,11780,2915,2908,7488,8636,2883,8871,14320,13565,14166,,
4332180,M-MUK,medium,Temanggung,B16,25,purging,9,11644,2915,2908,7488,8621,2885,8862,14288,13530,14145,,
4333180,M-MUK,medium,Temanggung,B16,25,purging,10,11512,2919,2904,7488,8606,2883,8854,14257,13495,14126,,
4334180,M-MUK,medium,Temanggung,B16,25,purging,11,11387,2918,2905,7489,8591,2885,8848,14227,13460,14107,,
4335180,M-MUK,medium,Temanggung,B16,25,purging,12,11269,2915,2908,7489,8578,2885,8841,14199,13426,14090,,
4336180,M-MUK,medium,Temanggung,B16,25,purging,13,11159,2915,2908,7490,8566,2883,8835,14173,13392,14072,,
4337180,M-MUK,medium,Temanggung,B16,25,purging,14,11057,2915,2908,7491,8555,2883,8830,14148,13361,14057,,
4338181,M-MUK,medium,Temanggung,B16,25,purging,15,10963,2915,2906,7491,8544,2885,8824,14124,13330,14042,,
4339180,M-MUK,medium,Temanggung,B16,25,purging,16,10877,2915,2908,7491,8534,2885,8820,14102,13301,14027,,
4340180,M-MUK,medium,Temanggung,B16,25,purging,17,10798,2917,2908,7492,8524,2885,8816,14080,13272,14012,,
4341180,M-MUK,medium,Temanggung,B16,25,purging,18,10726,2914,2906,7492,8516,2885,8812,14060,13244,13998,,
4342180,M-MUK,medium,Temanggung,B16,25,purging,19,10659,2914,2905,7493,8507,2885,8806,14041,13219,13984,,
4343180,M-MUK,medium,Temanggung,B16,25,purging,20,10599,2915,2905,7493,8498,2885,8802,14022,13193,13971,,
4344180,M-MUK,medium,Temanggung,B16,25,purging,21,10544,2915,2910,7494,8491,2885,8798,14004,13169,13959,,
4345180,M-MUK,medium,Temanggung,B16,25,purging,22,10493,2914,2906,7494,8484,2885,8795,13988,13145,13948,,
4346180,M-MUK,medium,Temanggung,B16,25,purging,23,10447,2916,2911,7495,8478,2880,8793,13972,13123,13938,,
4347181,M-MUK,medium,Temanggung,B16,25,purging,24,10405,2913,2905,7495,8472,2880,8792,13957,13101,13929,,
4348180,M-MUK,medium,Temanggung,B16,25,purging,25,10365,2916,2906,7495,8467,2885,8791,13944,13081,13920,,
4349180,M-MUK,medium,Temanggung,B16,25,purging,26,10329,2916,2906,7496,8463,2883,8790,13930,13062,13911,,
4350180,M-MUK,medium,Temanggung,B16,25,purging,27,10295,2914,2909,7496,8459,2885,8790,13917,13044,13902,,
4351180,M-MUK,medium,Temanggung,B16,25,purging,28,10264,2914,2905,7496,8454,2885,8789,13904,13026,13893,,
4352180,M-MUK,medium,Temanggung,B16,25,purging,29,10235,2916,2906,7497,8450,2887,8787,13891,13008,13884,,
4353180,M-MUK,medium,Temanggung,B16,25,purging,30,10209,2914,2910,7497,8445,2883,8784,13878,12992,13874,,
4354181,M-MUK,medium,Temanggung,B16,25,purging,31,10184,2914,2910,7498,8440,2880,8782,13865,12976,13864,,
4355180,M-MUK,medium,Temanggung,B16,25,purging,32,10161,2913,2909,7498,8435,2883,8779,13852,12959,13855,,
4356180,M-MUK,medium,Temanggung,B16,25,purging,33,10140,2916,2907,7498,8430,2885,8775,13839,12943,13846,,
4357180,M-MUK,medium,Temanggung,B16,25,purging,34,10121,2916,2906,7498,8425,2880,8772,13828,12928,13836,,
4358180,M-MUK,medium,Temanggung,B16,25,purging,35,10102,2914,2905,7497,8419,2881,8768,13816,12912,13827,,
4359180,M-MUK,medium,Temanggung,B16,25,purging,36,10085,2914,2906,7498,8414,2885,8764,13804,12897,13817,,
4360180,M-MUK,medium,Temanggung,B16,25,purging,37,10068,2915,2908,7498,8407,2881,8760,13792,12882,13808,,
4361180,M-MUK,medium,Temanggung,B16,25,purging,38,10054,2915,2906,7498,8401,2880,8756,13781,12867,13799,,
4362180,M-MUK,medium,Temanggung,B16,25,purging,39,10040,2916,2909,7498,8396,2881,8752,13770,12853,13791,,
4363181,M-MUK,medium,Temanggung,B16,25,purging,40,10026,2916,2908,7498,8390,2883,8749,13760,12839,13784,,
4364180,M-MUK,medium,Temanggung,B16,25,purging,41,10013,2914,2908,7499,8385,2881,8747,13751,12825,13778,,
4365180,M-MUK,medium,Temanggung,B16,25,purging,42,10001,2915,2908,7498,8381,2881,8745,13742,12812,13772,,
4366180,M-MUK,medium,Temanggung,B16,25,purging,43,9989,2916,2903,7499,8378,2881,8744,13734,12800,13768,,
4367180,M-MUK,medium,Temanggung,B16,25,purging,44,9977,2916,2905,7499,8375,2880,8745,13727,12788,13763,,
4368180,M-MUK,medium,Temanggung,B16,25,purging,45,9966,2913,2905,7499,8373,2881,8745,13719,12777,13757,,
4369180,M-MUK,medium,Temanggung,B16,25,purging,46,9956,2914,2906,7499,8370,2881,8745,13712,12766,13751,,
4370181,M-MUK,medium,Temanggung,B16,25,purging,47,9946,2916,2909,7499,8367,2885,8745,13703,12755,13746,,
4371180,M-MUK,medium,Temanggung,B16,25,purging,48,9937,2914,2908,7498,8365,2880,8744,13696,12745,13741,,
4372180,M-MUK,medium,Temanggung,B16,25,purging,49,9927,2916,2906,7499,8362,2883,8743,13689,12734,13736,,
4373180,M-MUK,medium,Temanggung,B16,25,purging,50,9919,2915,2906,7499,8360,2881,8742,13681,12724,13731,,
4374180,M-MUK,medium,Temanggung,B16,25,purging,51,9911,2918,2909,7498,8357,2881,8742,13674,12715,13726,,
4375180,M-MUK,medium,Temanggung,B16,25,purging,52,9903,2914,2909,7498,8355,2883,8741,13667,12705,13722,,
4376180,M-MUK,medium,Temanggung,B16,25,purging,53,9895,2914,2908,7498,8352,2881,8741,13660,12695,13716,,
4377180,M-MUK,medium,Temanggung,B16,25,purging,54,9889,2914,2910,7498,8350,2885,8740,13654,12687,13711,,
4378180,M-MUK,medium,Temanggung,B16,25,purging,55,9883,2913,2906,7498,8349,2880,8739,13646,12677,13707,,
4379181,M-MUK,medium,Temanggung,B16,25,purging,56,9877,2914,2906,7498,8346,2882,8738,13640,12669,13703,,
4380180,M-MUK,medium,Temanggung,B16,25,purging,57,9870,2915,2906,7499,8343,2881,8737,13634,12661,13698,,
4381180,M-MUK,medium,Temanggung,B16,25,purging,58,9864,2916,2906,7498,8341,2880,8736,13628,12653,13696,,
4382180,M-MUK,medium,Temanggung,B16,25,purging,59,9857,2914,2908,7498,8340,2883,8737,13622,12645,13692,,
4383180,M-MUK,medium,Temanggung,B16,25,purging,60,9851,2913,2906,7498,8339,2881,8739,13617,12638,13690,,
4384180,M-MUK,medium,Temanggung,B16,25,purging,61,9846,2914,2906,7498,8337,2883,8740,13612,12630,13687,,
4385180,M-MUK,medium,Temanggung,B16,25,purging,62,9840,2913,2907,7498,8337,2883,8740,13606,12623,13683,,
4386181,M-MUK,medium,Temanggung,B16,25,purging,63,9834,2916,2908,7498,8335,2883,8738,13600,12616,13676,,
4387180,M-MUK,medium,Temanggung,B16,25,purging,64,9829,2913,2907,7498,8332,2881,8735,13592,12609,13668,,
4388180,M-MUK,medium,Temanggung,B16,25,purging,65,9824,2915,2908,7497,8328,2882,8730,13583,12601,13661,,
4389180,M-MUK,medium,Temanggung,B16,25,purging,66,9819,2916,2907,7497,8324,2883,8726,13576,12592,13655,,
4390180,M-MUK,medium,Temanggung,B16,25,purging,67,9815,2914,2906,7497,8320,2880,8722,13569,12584,13650,,
4391180,M-MUK,medium,Temanggung,B16,25,purging,68,9811,2914,2907,7497,8315,2883,8718,13563,12576,13645,,
4392180,M-MUK,medium,Temanggung,B16,25,purging,69,9806,2914,2906,7496,8311,2880,8715,13556,12568,13640,,
4393180,M-MUK,medium,Temanggung,B16,25,purging,70,9802,2917,2909,7497,8307,2882,8713,13549,12560,13634,,
4394180,M-MUK,medium,Temanggung,B16,25,purging,71,9798,2914,2910,7496,8303,2883,8710,13543,12552,13629,,
4395181,M-MUK,medium,Temanggung,B16,25,purging,72,9795,2914,2906,7496,8299,2881,8706,13537,12544,13624,,
4396180,M-MUK,medium,Temanggung,B16,25,purging,73,9792,2914,2906,7495,8296,2881,8704,13531,12536,13621,,
4397180,M-MUK,medium,Temanggung,B16,25,purging,74,9788,2916,2906,7495,8293,2880,8704,13526,12529,13618,,
4398180,M-MUK,medium,Temanggung,B16,25,purging,75,9784,2914,2906,7495,8291,2883,8704,13522,12523,13616,,
4399180,M-MUK,medium,Temanggung,B16,25,purging,76,9781,2914,2911,7496,8291,2880,8705,13518,12517,13614,,
4400180,M-MUK,medium,Temanggung,B16,25,purging,77,9779,2915,2906,7495,8290,2883,8705,13514,12511,13611,,
4401180,M-MUK,medium,Temanggung,B16,25,purging,78,9776,2914,2906,7496,8291,2880,8706,13510,12506,13610,,
4402181,M-MUK,medium,Temanggung,B16,25,purging,79,9772,2914,2906,7495,8291,2883,8707,13506,12502,13609,,
4403180,M-MUK,medium,Temanggung,B16,25,purging,80,9769,2913,2910,7495,8291,2880,8710,13503,12498,13608,,
4404180,M-MUK,medium,Temanggung,B16,25,purging,81,9766,2914,2910,7495,8292,2883,8713,13500,12495,13609,,
4405180,M-MUK,medium,Temanggung,B16,25,purging,82,9762,2916,2910,7495,8293,2883,8715,13497,12492,13607,,
4406180,M-MUK,medium,Temanggung,B16,25,purging,83,9759,2915,2911,7495,8295,2882,8718,13495,12489,13607,,
4407180,M-MUK,medium,Temanggung,B16,25,purging,84,9757,2914,2909,7495,8296,2880,8719,13491,12486,13607,,
4408180,M-MUK,medium,Temanggung,B16,25,purging,85,9753,2914,2908,7495,8298,2880,8722,13488,12484,13606,,
4409180,M-MUK,medium,Temanggung,B16,25,purging,86,9750,2914,2906,7495,8299,2880,8723,13486,12482,13605,,
4410180,M-MUK,medium,Temanggung,B16,25,purging,87,9747,2914,2906,7495,8300,2881,8724,13482,12480,13603,,
4411181,M-MUK,medium,Temanggung,B16,25,purging,88,9744,2914,2906,7494,8300,2883,8725,13478,12477,13601,,
4412180,M-MUK,medium,Temanggung,B16,25,purging,89,9741,2917,2906,7494,8299,2883,8725,13474,12474,13599,,
4413180,M-MUK,medium,Temanggung,B16,25,purging,90,9739,2913,2907,7494,8299,2880,8724,13471,12470,13597,,
4414180,M-MUK,medium,Temanggung,B16,25,purging,91,9736,2914,2905,7493,8298,2883,8725,13467,12467,13595,,
4415180,M-MUK,medium,Temanggung,B16,25,purging,92,9734,2914,2907,7494,8297,2883,8725,13463,12464,13594,,
4416180,M-MUK,medium,Temanggung,B16,25,purging,93,9732,2916,2911,7494,8297,2883,8725,13461,12461,13592,,
4417180,M-MUK,medium,Temanggung,B16,25,purging,94,9729,2915,2910,7494,8296,2880,8725,13457,12457,13590,,
4418181,M-MUK,medium,Temanggung,B16,25,purging,95,9727,2914,2906,7494,8295,2883,8724,13454,12453,13588,,
4419180,M-MUK,medium,Temanggung,B16,25,purging,96,9724,2916,2906,7493,8293,2881,8723,13450,12449,13585,,
4420180,M-MUK,medium,Temanggung,B16,25,purging,97,9722,2913,2910,7493,8291,2880,8722,13447,12445,13583,,
4421180,M-MUK,medium,Temanggung,B16,25,purging,98,9720,2914,2908,7493,8290,2883,8722,13443,12440,13582,,
4422180,M-MUK,medium,Temanggung,B16,25,purging,99,9718,2914,2906,7492,8290,2881,8722,13440,12437,13582,,
4423180,M-MUK,medium,Temanggung,B16,25,purging,100,9716,2916,2906,7493,8291,2880,8724,13438,12435,13582,,
4424180,M-MUK,medium,Temanggung,B16,25,purging,101,9715,2916,2906,7493,8294,2880,8726,13436,12433,13583,,
4425180,M-MUK,medium,Temanggung,B16,25,purging,102,9714,2914,2909,7494,8297,2880,8730,13434,12433,13584,,
4426180,M-MUK,medium,Temanggung,B16,25,purging,103,9712,2914,2906,7494,8300,2880,8733,13432,12433,13584,,
4427181,M-MUK,medium,Temanggung,B16,25,purging,104,9711,2914,2906,7494,8302,2882,8734,13430,12434,13583,,
4428180,M-MUK,medium,Temanggung,B16,25,purging,105,9708,2914,2909,7494,8300,2883,8734,13426,12433,13579,,
4429180,M-MUK,medium,Temanggung,B16,25,purging,106,9706,2916,2909,7494,8300,2883,8732,13422,12430,13576,,
4430180,M-MUK,medium,Temanggung,B16,25,purging,107,9704,2914,2906,7493,8297,2883,8729,13417,12427,13572,,
4431180,M-MUK,medium,Temanggung,B16,25,purging,108,9702,2916,2906,7493,8292,2880,8725,13413,12423,13568,,
4432180,M-MUK,medium,Temanggung,B16,25,purging,109,9700,2914,2905,7493,8288,2882,8721,13408,12418,13564,,
4433180,M-MUK,medium,Temanggung,B16,25,purging,110,9698,2914,2907,7493,8284,2883,8717,13404,12413,13560,,
4434181,M-MUK,medium,Temanggung,B16,25,purging,111,9695,2915,2908,7493,8280,2881,8713,13400,12407,13556,,
4435180,M-MUK,medium,Temanggung,B16,25,purging,112,9693,2914,2906,7493,8275,2883,8710,13396,12400,13552,,
4436180,M-MUK,medium,Temanggung,B16,25,purging,113,9692,2914,2906,7493,8271,2880,8706,13391,12395,13549,,
4437180,M-MUK,medium,Temanggung,B16,25,purging,114,9690,2918,2909,7493,8267,2880,8703,13387,12388,13546,,
4438180,M-MUK,medium,Temanggung,B16,25,purging,115,9689,2918,2906,7493,8263,2883,8701,13383,12382,13543,,
4439180,M-MUK,medium,Temanggung,B16,25,purging,116,9688,2914,2906,7493,8259,2883,8700,13380,12377,13540,,
4440180,M-MUK,medium,Temanggung,B16,25,purging,117,9687,2916,2906,7493,8257,2883,8699,13377,12371,13538,,
4441180,M-MUK,medium,Temanggung,B16,25,purging,118,9686,2914,2906,7494,8254,2880,8697,13374,12365,13536,,
4442180,M-MUK,medium,Temanggung,B16,25,purging,119,9683,2913,2910,7494,8252,2880,8696,13371,12361,13534,,
4443181,M-MUK,medium,Temanggung,B16,25,purging,120,9682,2918,2909,7494,8250,2881,8696,13369,12356,13532,,
4444183,M-MUK,medium,Temanggung,B16,25,collecting,1,9681,2914,2906,7494,8249,2883,8696,13366,12352,13531,,
4445180,M-MUK,medium,Temanggung,B16,25,collecting,2,9680,2914,2909,7492,8246,2881,8694,13363,12346,13535,,
4446180,M-MUK,medium,Temanggung,B16,25,collecting,3,9777,2913,2906,7492,8267,2881,8711,13387,12349,13568,,
4447180,M-MUK,medium,Temanggung,B16,25,collecting,4,10131,2914,2905,7492,8318,2880,8757,13464,12392,13637,,
4448180,M-MUK,medium,Temanggung,B16,25,collecting,5,10668,2914,2908,7492,8390,2885,8813,13585,12479,13719,,
4449180,M-MUK,medium,Temanggung,B16,25,collecting,6,11238,2915,2906,7493,8464,2883,8859,13724,12600,13797,,
4450181,M-MUK,medium,Temanggung,B16,25,collecting,7,11739,2916,2909,7494,8527,2885,8894,13854,12736,13866,,
4451180,M-MUK,medium,Temanggung,B16,25,collecting,8,12144,2916,2906,7494,8577,2885,8919,13967,12869,13924,,
4452180,M-MUK,medium,Temanggung,B16,25,collecting,9,12457,2916,2906,7495,8616,2885,8934,14059,12993,13973,,
4453180,M-MUK,medium,Temanggung,B16,25,collecting,10,12696,2919,2908,7495,8646,2885,8943,14136,13103,14015,,
4454180,M-MUK,medium,Temanggung,B16,25,collecting,11,12879,2918,2906,7496,8669,2883,8949,14199,13200,14052,,
4455180,M-MUK,medium,Temanggung,B16,25,collecting,12,13018,2919,2907,7496,8688,2883,8951,14251,13285,14083,,
4456180,M-MUK,medium,Temanggung,B16,25,collecting,13,13121,2919,2907,7496,8703,2885,8952,14295,13358,14110,,
4457180,M-MUK,medium,Temanggung,B16,25,collecting,14,13197,2920,2909,7496,8715,2883,8952,14330,13421,14132,,
4458180,M-MUK,medium,Temanggung,B16,25,collecting,15,13249,2919,2905,7496,8724,2883,8951,14360,13476,14151,,
4459181,M-MUK,medium,Temanggung,B16,25,collecting,16,13284,2920,2909,7496,8730,2885,8949,14384,13522,14167,,
4460180,M-MUK,medium,Temanggung,B16,25,collecting,17,13305,2921,2908,7496,8736,2885,8947,14403,13562,14180,,
4461180,M-MUK,medium,Temanggung,B16,25,collecting,18,13315,2919,2905,7496,8740,2885,8945,14418,13595,14192,,
4462180,M-MUK,medium,Temanggung,B16,25,collecting,19,13317,2921,2906,7496,8745,2883,8944,14432,13626,14202,,
4463180,M-MUK,medium,Temanggung,B16,25,collecting,20,13313,2922,2910,7496,8748,2883,8942,14442,13653,14212,,
4464180,M-MUK,medium,Temanggung,B16,25,collecting,21,13302,2919,2909,7496,8751,2883,8941,14452,13677,14221,,
4465180,M-MUK,medium,Temanggung,B16,25,collecting,22,13289,2919,2909,7496,8753,2883,8939,14461,13697,14229,,
4466181,M-MUK,medium,Temanggung,B16,25,collecting,23,13272,2920,2908,7496,8755,2883,8937,14469,13716,14236,,
4467180,M-MUK,medium,Temanggung,B16,25,collecting,24,13253,2920,2910,7496,8757,2885,8937,14475,13732,14242,,
4468180,M-MUK,medium,Temanggung,B16,25,collecting,25,13233,2920,2906,7497,8758,2885,8935,14481,13745,14247,,
4469180,M-MUK,medium,Temanggung,B16,25,collecting,26,13210,2922,2909,7497,8758,2885,8933,14484,13756,14251,,
4470180,M-MUK,medium,Temanggung,B16,25,collecting,27,13187,2920,2908,7496,8757,2883,8931,14488,13766,14254,,
4471180,M-MUK,medium,Temanggung,B16,25,collecting,28,13163,2920,2905,7495,8755,2885,8928,14490,13774,14257,,
4472180,M-MUK,medium,Temanggung,B16,25,collecting,29,13138,2919,2906,7495,8753,2885,8926,14492,13779,14258,,
4473180,M-MUK,medium,Temanggung,B16,25,collecting,30,13113,2919,2906,7494,8750,2883,8922,14493,13783,14258,,
4474180,M-MUK,medium,Temanggung,B16,25,collecting,31,13086,2921,2908,7494,8747,2885,8917,14493,13785,14258,,
4475181,M-MUK,medium,Temanggung,B16,25,collecting,32,13060,2917,2905,7493,8743,2883,8913,14492,13786,14257,,
4476180,M-MUK,medium,Temanggung,B16,25,collecting,33,13034,2917,2905,7493,8738,2885,8909,14491,13786,14255,,
4477180,M-MUK,medium,Temanggung,B16,25,collecting,34,13007,2917,2906,7492,8732,2883,8904,14489,13784,14254,,
4478180,M-MUK,medium,Temanggung,B16,25,collecting,35,12980,2919,2908,7491,8728,2885,8899,14486,13782,14252,,
4479180,M-MUK,medium,Temanggung,B16,25,collecting,36,12953,2918,2908,7491,8723,2885,8896,14484,13778,14249,,
4480180,M-MUK,medium,Temanggung,B16,25,collecting,37,12926,2917,2910,7490,8718,2885,8892,14481,13775,14247,,
4481180,M-MUK,medium,Temanggung,B16,25,collecting,38,12899,2918,2906,7490,8713,2885,8888,14478,13770,14244,,
4482181,M-MUK,medium,Temanggung,B16,25,collecting,39,12872,2917,2908,7489,8708,2885,8884,14474,13765,14240,,
4483180,M-MUK,medium,Temanggung,B16,25,collecting,40,12844,2918,2904,7489,8702,2885,8879,14470,13760,14237,,
4484180,M-MUK,medium,Temanggung,B16,25,collecting,41,12817,2918,2906,7488,8697,2885,8875,14466,13754,14233,,
4485180,M-MUK,medium,Temanggung,B16,25,collecting,42,12790,2917,2906,7488,8692,2885,8870,14461,13748,14230,,
4486180,M-MUK,medium,Temanggung,B16,25,collecting,43,12764,2917,2906,7487,8687,2885,8865,14456,13741,14226,,
4487180,M-MUK,medium,Temanggung,B16,25,collecting,44,12738,2915,2910,7486,8680,2885,8860,14452,13735,14222,,
4488180,M-MUK,medium,Temanggung,B16,25,collecting,45,12712,2919,2906,7486,8675,2883,8857,14448,13727,14218,,
4489180,M-MUK,medium,Temanggung,B16,25,collecting,46,12688,2916,2907,7484,8669,2885,8853,14444,13720,14214,,
4490180,M-MUK,medium,Temanggung,B16,25,collecting,47,12663,2917,2907,7484,8664,2885,8849,14439,13713,14210,,
4491181,M-MUK,medium,Temanggung,B16,25,collecting,48,12640,2920,2906,7483,8657,2883,8846,14434,13704,14205,,
4492180,M-MUK,medium,Temanggung,B16,25,collecting,49,12618,2921,2906,7482,8653,2885,8843,14429,13697,14201,,
4493180,M-MUK,medium,Temanggung,B16,25,collecting,50,12596,2916,2906,7481,8648,2883,8840,14424,13689,14197,,
4494180,M-MUK,medium,Temanggung,B16,25,collecting,51,12576,2917,2906,7480,8645,2883,8836,14420,13681,14193,,
4495180,M-MUK,medium,Temanggung,B16,25,collecting,52,12556,2917,2905,7479,8640,2885,8832,14416,13674,14189,,
4496180,M-MUK,medium,Temanggung,B16,25,collecting,53,12536,2921,2909,7478,8635,2883,8830,14412,13667,14186,,
4497180,M-MUK,medium,Temanggung,B16,25,collecting,54,12518,2917,2906,7478,8632,2883,8828,14408,13659,14182,,
4498181,M-MUK,medium,Temanggung,B16,25,collecting,55,12500,2917,2906,7477,8629,2885,8825,14404,13653,14178,,
4499180,M-MUK,medium,Temanggung,B16,25,collecting,56,12482,2917,2909,7477,8625,2885,8823,14399,13646,14174,,
4500180,M-MUK,medium,Temanggung,B16,25,collecting,57,12465,2916,2906,7476,8621,2883,8820,14395,13639,14170,,
4501180,M-MUK,medium,Temanggung,B16,25,collecting,58,12449,2917,2906,7475,8617,2885,8817,14390,13632,14166,,
4502180,M-MUK,medium,Temanggung,B16,25,collecting,59,12433,2917,2910,7475,8613,2885,8814,14386,13624,14162,,
4503180,M-MUK,medium,Temanggung,B16,25,collecting,60,12418,2917,2909,7474,8609,2885,8812,14384,13617,14158,,
4504183,M-MUK,medium,Temanggung,B16,26,purging,1,12404,2916,2908,7473,8604,2885,8810,14380,13611,14154,,
4505180,M-MUK,medium,Temanggung,B16,26,purging,2,12390,2917,2908,7473,8602,2885,8809,14377,13605,14151,,
4506180,M-MUK,medium,Temanggung,B16,26,purging,3,12352,2916,2906,7474,8595,2885,8803,14366,13597,14138,,
4507181,M-MUK,medium,Temanggung,B16,26,purging,4,12275,2917,2905,7474,8581,2880,8791,14342,13581,14120,,
4508180,M-MUK,medium,Temanggung,B16,26,purging,5,12169,2919,2906,7473,8564,2882,8779,14311,13557,14099,,
4509180,M-MUK,medium,Temanggung,B16,26,purging,6,12046,2917,2909,7472,8546,2880,8765,14277,13526,14077,,
4510180,M-MUK,medium,Temanggung,B16,26,purging,7,11913,2917,2908,7472,8527,2881,8753,14243,13492,14056,,
4511180,M-MUK,medium,Temanggung,B16,26,purging,8,11778,2916,2908,7471,8509,2881,8743,14209,13455,14035,,
4512180,M-MUK,medium,Temanggung,B16,26,purging,9,11644,2917,2906,7470,8492,2881,8734,14177,13418,14016,,
4513180,M-MUK,medium,Temanggung,B16,26,purging,10,11514,2916,2909,7469,8477,2883,8727,14147,13381,13997,,
4514181,M-MUK,medium,Temanggung,B16,26,purging,11,11392,2919,2912,7468,8462,2880,8722,14118,13345,13980,,
4515180,M-MUK,medium,Temanggung,B16,26,purging,12,11275,2917,2911,7468,8450,2880,8717,14092,13310,13962,,
4516180,M-MUK,medium,Temanggung,B16,26,purging,13,11167,2918,2906,7467,8437,2880,8712,14066,13276,13946,,
4517180,M-MUK,medium,Temanggung,B16,26,purging,14,11067,2917,2907,7467,8426,2881,8707,14042,13243,13930,,
4518180,M-MUK,medium,Temanggung,B16,26,purging,15,10974,2916,2912,7466,8416,2883,8703,14019,13212,13915,,
4519180,M-MUK,medium,Temanggung,B16,26,purging,16,10888,2919,2907,7465,8406,2880,8699,13997,13182,13900,,
4520180,M-MUK,medium,Temanggung,B16,26,purging,17,10810,2916,2909,7465,8397,2880,8696,13977,13153,13886,,
4521180,M-MUK,medium,Temanggung,B16,26,purging,18,10739,2918,2912,7464,8388,2881,8693,13958,13125,13873,,
4522180,M-MUK,medium,Temanggung,B16,26,purging,19,10673,2916,2910,7463,8381,2880,8691,13939,13099,13861,,
4523181,M-MUK,medium,Temanggung,B16,26,purging,20,10613,2916,2907,7462,8374,2881,8689,13922,13073,13850,,
4524180,M-MUK,medium,Temanggung,B16,26,purging,21,10558,2915,2911,7462,8368,2883,8686,13905,13050,13839,,
4525180,M-MUK,medium,Temanggung,B16,26,purging,22,10507,2917,2911,7461,8362,2881,8685,13889,13027,13828,,
4526180,M-MUK,medium,Temanggung,B16,26,purging,23,10460,2916,2907,7461,8357,2881,8684,13873,13005,13817,,
4527180,M-MUK,medium,Temanggung,B16,26,purging,24,10418,2915,2912,7460,8351,2880,8682,13858,12985,13807,,
4528180,M-MUK,medium,Temanggung,B16,26,purging,25,10379,2918,2912,7459,8347,2883,8681,13843,12965,13797,,
4529180,M-MUK,medium,Temanggung,B16,26,purging,26,10343,2917,2910,7459,8343,2881,8679,13829,12946,13788,,
4530181,M-MUK,medium,Temanggung,B16,26,purging,27,10310,2914,2911,7458,8340,2883,8678,13815,12928,13778,,
4531180,M-MUK,medium,Temanggung,B16,26,purging,28,10279,2917,2910,7458,8335,2881,8676,13802,12911,13769,,
4532180,M-MUK,medium,Temanggung,B16,26,purging,29,10250,2917,2909,7457,8331,2881,8674,13789,12893,13760,,
4533180,M-MUK,medium,Temanggung,B16,26,purging,30,10224,2916,2906,7457,8327,2881,8672,13776,12877,13750,,
4534180,M-MUK,medium,Temanggung,B16,26,purging,31,10199,2914,2907,7456,8321,2881,8668,13764,12860,13741,,
4535180,M-MUK,medium,Temanggung,B16,26,purging,32,10176,2917,2907,7456,8316,2880,8665,13751,12844,13732,,
4536180,M-MUK,medium,Temanggung,B16,26,purging,33,10153,2916,2907,7455,8310,2881,8662,13739,12828,13723,,
4537180,M-MUK,medium,Temanggung,B16,26,purging,34,10133,2917,2911,7454,8304,2883,8660,13728,12812,13715,,
4538180,M-MUK,medium,Temanggung,B16,26,purging,35,10114,2917,2908,7453,8300,2883,8657,13716,12796,13707,,
4539181,M-MUK,medium,Temanggung,B16,26,purging,36,10095,2917,2907,7452,8295,2881,8655,13706,12781,13699,,
4540180,M-MUK,medium,Temanggung,B16,26,purging,37,10079,2916,2908,7452,8290,2881,8653,13696,12767,13692,,
4541180,M-MUK,medium,Temanggung,B16,26,purging,38,10062,2917,2908,7451,8286,2880,8652,13686,12752,13685,,
4542180,M-MUK,medium,Temanggung,B16,26,purging,39,10047,2917,2907,7450,8283,2880,8650,13677,12739,13678,,
4543180,M-MUK,medium,Temanggung,B16,26,purging,40,10033,2915,2907,7450,8279,2883,8649,13667,12725,13671,,
4544180,M-MUK,medium,Temanggung,B16,26,purging,41,10020,2917,2907,7449,8275,2881,8648,13658,12713,13665,,
4545180,M-MUK,medium,Temanggung,B16,26,purging,42,10008,2915,2909,7448,8272,2881,8647,13649,12700,13659,,
4546181,M-MUK,medium,Temanggung,B16,26,purging,43,9996,2918,2905,7447,8269,2881,8646,13640,12688,13652,,
4547180,M-MUK,medium,Temanggung,B16,26,purging,44,9984,2915,2910,7447,8266,2881,8645,13632,12676,13646,,
4548180,M-MUK,medium,Temanggung,B16,26,purging,45,9973,2915,2908,7446,8263,2883,8644,13624,12664,13641,,
4549180,M-MUK,medium,Temanggung,B16,26,purging,46,9962,2917,2908,7446,8260,2881,8644,13616,12653,13634,,
4550180,M-MUK,medium,Temanggung,B16,26,purging,47,9952,2917,2910,7444,8256,2881,8642,13607,12642,13627,,
4551180,M-MUK,medium,Temanggung,B16,26,purging,48,9943,2914,2908,7444,8253,2885,8638,13598,12631,13620,,
4552180,M-MUK,medium,Temanggung,B16,26,purging,49,9933,2915,2908,7443,8249,2880,8636,13589,12620,13614,,
4553180,M-MUK,medium,Temanggung,B16,26,purging,50,9925,2916,2908,7443,8245,2884,8635,13581,12609,13610,,
4554180,M-MUK,medium,Temanggung,B16,26,purging,51,9916,2917,2907,7442,8242,2883,8633,13574,12599,13604,,
4555181,M-MUK,medium,Temanggung,B16,26,purging,52,9908,2917,2909,7441,8239,2883,8631,13566,12588,13597,,
4556180,M-MUK,medium,Temanggung,B16,26,purging,53,9900,2917,2909,7440,8235,2883,8630,13558,12578,13590,,
4557180,M-MUK,medium,Temanggung,B16,26,purging,54,9893,2917,2908,7439,8230,2883,8626,13550,12568,13583,,
4558180,M-MUK,medium,Temanggung,B16,26,purging,55,9886,2916,2908,7438,8226,2883,8624,13541,12557,13576,,
4559180,M-MUK,medium,Temanggung,B16,26,purging,56,9879,2918,2909,7438,8221,2885,8621,13534,12547,13570,,
4560180,M-MUK,medium,Temanggung,B16,26,purging,57,9872,2918,2908,7437,8216,2883,8618,13526,12537,13565,,
4561180,M-MUK,medium,Temanggung,B16,26,purging,58,9865,2917,2910,7436,8213,2884,8615,13519,12527,13560,,
4562181,M-MUK,medium,Temanggung,B16,26,purging,59,9858,2920,2908,7435,8210,2885,8613,13512,12518,13555,,
4563180,M-MUK,medium,Temanggung,B16,26,purging,60,9852,2920,2910,7435,8206,2883,8611,13505,12509,13550,,
4564180,M-MUK,medium,Temanggung,B16,26,purging,61,9846,2917,2908,7434,8204,2884,8610,13499,12501,13546,,
4565180,M-MUK,medium,Temanggung,B16,26,purging,62,9841,2920,2908,7433,8201,2885,8609,13493,12492,13542,,
4566180,M-MUK,medium,Temanggung,B16,26,purging,63,9835,2917,2909,7432,8199,2881,8610,13486,12484,13537,,
4567180,M-MUK,medium,Temanggung,B16,26,purging,64,9829,2917,2908,7431,8197,2881,8609,13481,12476,13533,,
4568180,M-MUK,medium,Temanggung,B16,26,purging,65,9825,2915,2912,7430,8194,2885,8608,13475,12468,13529,,
4569180,M-MUK,medium,Temanggung,B16,26,purging,66,9820,2916,2912,7429,8192,2885,8607,13470,12460,13525,,
4570180,M-MUK,medium,Temanggung,B16,26,purging,67,9814,2918,2908,7428,8190,2883,8607,13465,12453,13522,,
4571181,M-MUK,medium,Temanggung,B16,26,purging,68,9810,2917,2910,7427,8188,2885,8607,13460,12445,13520,,
4572180,M-MUK,medium,Temanggung,B16,26,purging,69,9806,2916,2912,7426,8187,2884,8608,13455,12438,13517,,
4573180,M-MUK,medium,Temanggung,B16,26,purging,70,9801,2916,2908,7425,8185,2885,8608,13451,12431,13514,,
4574180,M-MUK,medium,Temanggung,B16,26,purging,71,9797,2920,2909,7425,8184,2885,8609,13447,12424,13512,,
4575180,M-MUK,medium,Temanggung,B16,26,purging,72,9793,2919,2908,7423,8184,2885,8610,13443,12418,13510,,
4576180,M-MUK,medium,Temanggung,B16,26,purging,73,9789,2917,2908,7423,8183,2885,8611,13439,12412,13508,,
4577180,M-MUK,medium,Temanggung,B16,26,purging,74,9785,2915,2910,7422,8183,2881,8612,13435,12406,13507,,
4578181,M-MUK,medium,Temanggung,B16,26,purging,75,9782,2920,2908,7422,8183,2883,8614,13431,12401,13505,,
4579180,M-MUK,medium,Temanggung,B16,26,purging,76,9779,2920,2908,7421,8183,2884,8616,13428,12396,13504,,
4580180,M-MUK,medium,Temanggung,B16,26,purging,77,9776,2916,2909,7421,8184,2885,8617,13425,12391,13502,,
4581180,M-MUK,medium,Temanggung,B16,26,purging,78,9772,2917,2908,7419,8185,2885,8619,13421,12388,13501,,
4582180,M-MUK,medium,Temanggung,B16,26,purging,79,9770,2918,2908,7419,8188,2883,8622,13417,12385,13501,,
4583180,M-MUK,medium,Temanggung,B16,26,purging,80,9766,2917,2908,7419,8192,2883,8625,13414,12384,13501,,
4584180,M-MUK,medium,Temanggung,B16,26,purging,81,9763,2920,2908,7419,8197,2885,8628,13411,12385,13501,,
4585180,M-MUK,medium,Temanggung,B16,26,purging,82,9761,2917,2911,7419,8202,2885,8630,13408,12386,13501,,
4586180,M-MUK,medium,Temanggung,B16,26,purging,83,9758,2920,2910,7419,8205,2885,8632,13405,12386,13499,,
4587181,M-MUK,medium,Temanggung,B16,26,purging,84,9755,2918,2911,7418,8206,2885,8633,13401,12386,13498,,
4588180,M-MUK,medium,Temanggung,B16,26,purging,85,9752,2917,2908,7418,8205,2884,8632,13396,12384,13494,,
4589180,M-MUK,medium,Temanggung,B16,26,purging,86,9748,2919,2909,7417,8205,2885,8630,13391,12382,13490,,
4590180,M-MUK,medium,Temanggung,B16,26,purging,87,9745,2916,2909,7416,8202,2885,8628,13386,12379,13487,,
4591180,M-MUK,medium,Temanggung,B16,26,purging,88,9742,2920,2908,7415,8199,2884,8625,13381,12375,13483,,
4592180,M-MUK,medium,Temanggung,B16,26,purging,89,9739,2918,2908,7415,8196,2885,8622,13376,12370,13479,,
4593180,M-MUK,medium,Temanggung,B16,26,purging,90,9736,2918,2911,7414,8193,2883,8619,13371,12365,13477,,
4594181,M-MUK,medium,Temanggung,B16,26,purging,91,9733,2917,2911,7413,8191,2885,8619,13367,12361,13476,,
4595180,M-MUK,medium,Temanggung,B16,26,purging,92,9730,2917,2911,7412,8188,2885,8618,13364,12356,13474,,
4596180,M-MUK,medium,Temanggung,B16,26,purging,93,9727,2920,2909,7412,8186,2885,8618,13361,12350,13472,,
4597180,M-MUK,medium,Temanggung,B16,26,purging,94,9725,2916,2909,7411,8185,2884,8618,13358,12345,13471,,
4598180,M-MUK,medium,Temanggung,B16,26,purging,95,9723,2916,2909,7410,8183,2886,8618,13354,12340,13469,,
4599180,M-MUK,medium,Temanggung,B16,26,purging,96,9720,2915,2910,7409,8182,2882,8618,13351,12336,13467,,
4600180,M-MUK,medium,Temanggung,B16,26,purging,97,9718,2916,2908,7409,8180,2885,8618,13348,12332,13464,,
4601180,M-MUK,medium,Temanggung,B16,26,purging,98,9715,2916,2908,7408,8178,2885,8617,13344,12327,13461,,
4602180,M-MUK,medium,Temanggung,B16,26,purging,99,9713,2917,2909,7407,8175,2885,8615,13339,12322,13457,,
4603181,M-MUK,medium,Temanggung,B16,26,purging,100,9710,2918,2912,7406,8172,2885,8613,13335,12317,13454,,
4604180,M-MUK,medium,Temanggung,B16,26,purging,101,9709,2920,2909,7406,8169,2885,8611,13331,12311,13452,,
4605180,M-MUK,medium,Temanggung,B16,26,purging,102,9707,2918,2909,7405,8167,2885,8609,13328,12306,13450,,
4606180,M-MUK,medium,Temanggung,B16,26,purging,103,9705,2918,2909,7404,8163,2885,8608,13324,12301,13448,,
4607180,M-MUK,medium,Temanggung,B16,26,purging,104,9704,2917,2908,7404,8163,2884,8608,13321,12296,13446,,
4608180,M-MUK,medium,Temanggung,B16,26,purging,105,9703,2916,2909,7403,8160,2884,8607,13318,12291,13443,,
4609180,M-MUK,medium,Temanggung,B16,26,purging,106,9703,2918,2912,7403,8158,2885,8605,13314,12286,13440,,
4610181,M-MUK,medium,Temanggung,B16,26,purging,107,9702,2918,2912,7402,8156,2883,8604,13311,12281,13437,,
4611180,M-MUK,medium,Temanggung,B16,26,purging,108,9702,2918,2911,7401,8153,2885,8602,13307,12276,13434,,
4612180,M-MUK,medium,Temanggung,B16,26,purging,109,9701,2918,2911,7401,8151,2886,8601,13304,12271,13432,,
4613180,M-MUK,medium,Temanggung,B16,26,purging,110,9700,2920,2909,7400,8149,2886,8600,13301,12266,13430,,
4614180,M-MUK,medium,Temanggung,B16,26,purging,111,9700,2919,2911,7399,8147,2885,8600,13298,12261,13428,,
4615180,M-MUK,medium,Temanggung,B16,26,purging,112,9698,2920,2909,7399,8145,2885,8599,13295,12256,13426,,
4616180,M-MUK,medium,Temanggung,B16,26,purging,113,9697,2918,2911,7398,8144,2885,8598,13292,12252,13423,,
4617180,M-MUK,medium,Temanggung,B16,26,purging,114,9695,2918,2913,7398,8142,2885,8597,13288,12247,13421,,
4618180,M-MUK,medium,Temanggung,B16,26,purging,115,9694,2922,2912,7397,8141,2889,8596,13285,12243,13418,,
4619181,M-MUK,medium,Temanggung,B16,26,purging,116,9692,2921,2911,7396,8139,2885,8595,13282,12238,13415,,
4620180,M-MUK,medium,Temanggung,B16,26,purging,117,9690,2921,2912,7396,8136,2885,8593,13278,12234,13412,,
4621180,M-MUK,medium,Temanggung,B16,26,purging,118,9687,2920,2915,7395,8133,2886,8591,13274,12228,13409,,
4622180,M-MUK,medium,Temanggung,B16,26,purging,119,9685,2922,2914,7394,8131,2885,8590,13270,12224,13407,,
4623180,M-MUK,medium,Temanggung,B16,26,purging,120,9682,2919,2914,7393,8128,2886,8588,13267,12219,13404,,
4624183,M-MUK,medium,Temanggung,B16,26,collecting,1,9680,2921,2912,7393,8126,2886,8587,13263,12214,13401,,
4625180,M-MUK,medium,Temanggung,B16,26,collecting,2,9678,2922,2913,7391,8123,2886,8585,13259,12209,13405,,
4626181,M-MUK,medium,Temanggung,B16,26,collecting,3,9775,2918,2909,7389,8142,2888,8604,13277,12212,13441,,
4627180,M-MUK,medium,Temanggung,B16,26,collecting,4,10122,2917,2912,7389,8196,2885,8650,13350,12254,13510,,
4628180,M-MUK,medium,Temanggung,B16,26,collecting,5,10652,2918,2911,7389,8267,2885,8704,13468,12342,13592,,
4629180,M-MUK,medium,Temanggung,B16,26,collecting,6,11216,2922,2909,7389,8340,2885,8753,13608,12463,13670,,
4630180,M-MUK,medium,Temanggung,B16,26,collecting,7,11715,2919,2910,7388,8403,2889,8788,13740,12597,13739,,
4631180,M-MUK,medium,Temanggung,B16,26,collecting,8,12119,2921,2909,7388,8454,2892,8812,13856,12729,13798,,
4632180,M-MUK,medium,Temanggung,B16,26,collecting,9,12435,2922,2909,7388,8493,2891,8828,13954,12851,13847,,
4633180,M-MUK,medium,Temanggung,B16,26,collecting,10,12677,2925,2910,7387,8522,2891,8837,14034,12961,13890,,
4634180,M-MUK,medium,Temanggung,B16,26,collecting,11,12865,2922,2910,7386,8546,2889,8842,14100,13058,13927,,
4635181,M-MUK,medium,Temanggung,B16,26,collecting,12,13012,2923,2912,7386,8565,2892,8846,14155,13142,13959,,
4636180,M-MUK,medium,Temanggung,B16,26,collecting,13,13124,2923,2911,7385,8579,2889,8848,14201,13216,13986,,
4637180,M-MUK,medium,Temanggung,B16,26,collecting,14,13210,2926,2909,7384,8590,2889,8847,14240,13280,14010,,
4638180,M-MUK,medium,Temanggung,B16,26,collecting,15,13271,2926,2909,7383,8598,2891,8845,14272,13335,14029,,
4639180,M-MUK,medium,Temanggung,B16,26,collecting,16,13316,2923,2911,7382,8604,2890,8843,14298,13383,14046,,
4640180,M-MUK,medium,Temanggung,B16,26,collecting,17,13344,2926,2911,7381,8609,2889,8839,14320,13423,14059,,
4641180,M-MUK,medium,Temanggung,B16,26,collecting,18,13360,2925,2911,7381,8611,2891,8834,14339,13458,14069,,
4642181,M-MUK,medium,Temanggung,B16,26,collecting,19,13365,2926,2911,7380,8611,2888,8830,14353,13487,14079,,
4643180,M-MUK,medium,Temanggung,B16,26,collecting,20,13363,2924,2911,7379,8612,2892,8824,14365,13512,14087,,
4644180,M-MUK,medium,Temanggung,B16,26,collecting,21,13354,2924,2911,7378,8611,2892,8820,14375,13533,14094,,
4645180,M-MUK,medium,Temanggung,B16,26,collecting,22,13340,2926,2910,7377,8610,2886,8815,14384,13550,14099,,
4646180,M-MUK,medium,Temanggung,B16,26,collecting,23,13322,2927,2909,7377,8607,2889,8811,14391,13565,14104,,
4647180,M-MUK,medium,Temanggung,B16,26,collecting,24,13301,2926,2911,7376,8605,2889,8806,14396,13576,14107,,
4648180,M-MUK,medium,Temanggung,B16,26,collecting,25,13278,2926,2914,7375,8603,2892,8802,14400,13585,14110,,
4649180,M-MUK,medium,Temanggung,B16,26,collecting,26,13252,2926,2908,7375,8600,2890,8797,14403,13593,14112,,
4650180,M-MUK,medium,Temanggung,B16,26,collecting,27,13225,2924,2909,7374,8597,2888,8794,14405,13599,14114,,
4651181,M-MUK,medium,Temanggung,B16,26,collecting,28,13197,2924,2908,7374,8594,2885,8790,14406,13604,14116,,
4652180,M-MUK,medium,Temanggung,B16,26,collecting,29,13168,2925,2912,7374,8591,2894,8787,14407,13607,14117,,
4653180,M-MUK,medium,Temanggung,B16,26,collecting,30,13138,2924,2913,7373,8588,2885,8784,14408,13609,14117,,
4654180,M-MUK,medium,Temanggung,B16,26,collecting,31,13108,2925,2913,7373,8585,2889,8782,14406,13610,14117,,
4655180,M-MUK,medium,Temanggung,B16,26,collecting,32,13077,2925,2911,7372,8581,2889,8778,14405,13610,14117,,
4656180,M-MUK,medium,Temanggung,B16,26,collecting,33,13045,2925,2911,7371,8578,2889,8775,14403,13609,14116,,
4657180,M-MUK,medium,Temanggung,B16,26,collecting,34,13015,2925,2911,7371,8575,2889,8773,14402,13608,14115,,
4658181,M-MUK,medium,Temanggung,B16,26,collecting,35,12984,2922,2909,7370,8572,2887,8771,14400,13605,14114,,
4659180,M-MUK,medium,Temanggung,B16,26,collecting,36,12954,2925,2911,7370,8569,2887,8769,14398,13602,14113,,
4660180,M-MUK,medium,Temanggung,B16,26,collecting,37,12924,2924,2910,7369,8566,2886,8766,14395,13599,14111,,
4661180,M-MUK,medium,Temanggung,B16,26,collecting,38,12895,2922,2909,7369,8563,2893,8763,14391,13596,14109,,
4662180,M-MUK,medium,Temanggung,B16,26,collecting,39,12866,2925,2911,7368,8559,2889,8761,14388,13592,14106,,
4663180,M-MUK,medium,Temanggung,B16,26,collecting,40,12837,2922,2914,7368,8555,2889,8758,14384,13587,14104,,
4664180,M-MUK,medium,Temanggung,B16,26,collecting,41,12809,2925,2910,7367,8551,2888,8755,14380,13582,14100,,
4665180,M-MUK,medium,Temanggung,B16,26,collecting,42,12782,2924,2912,7367,8548,2890,8753,14376,13577,14097,,
4666180,M-MUK,medium,Temanggung,B16,26,collecting,43,12754,2924,2914,7366,8544,2886,8750,14371,13571,14094,,
4667181,M-MUK,medium,Temanggung,B16,26,collecting,44,12726,2926,2914,7366,8540,2889,8747,14366,13565,14090,,
4668180,M-MUK,medium,Temanggung,B16,26,collecting,45,12699,2925,2915,7366,8536,2887,8743,14362,13559,14087,,
4669180,M-MUK,medium,Temanggung,B16,26,collecting,46,12673,2923,2915,7366,8531,2885,8740,14357,13553,14083,,
4670180,M-MUK,medium,Temanggung,B16,26,collecting,47,12648,2923,2913,7365,8527,2886,8738,14352,13546,14079,,
4671180,M-MUK,medium,Temanggung,B16,26,collecting,48,12623,2926,2911,7364,8523,2889,8736,14347,13540,14076,,
4672180,M-MUK,medium,Temanggung,B16,26,collecting,49,12598,2922,2914,7364,8520,2889,8733,14342,13533,14073,,
4673180,M-MUK,medium,Temanggung,B16,26,collecting,50,12575,2922,2913,7364,8517,2886,8731,14338,13526,14070,,
4674181,M-MUK,medium,Temanggung,B16,26,collecting,51,12554,2925,2913,7363,8514,2886,8728,14333,13520,14066,,
4675180,M-MUK,medium,Temanggung,B16,26,collecting,52,12532,2927,2911,7363,8510,2890,8726,14329,13513,14063,,
4676180,M-MUK,medium,Temanggung,B16,26,collecting,53,12511,2925,2914,7362,8508,2889,8724,14325,13506,14060,,
4677180,M-MUK,medium,Temanggung,B16,26,collecting,54,12490,2928,2914,7362,8505,2890,8721,14321,13501,14057,,
4678180,M-MUK,medium,Temanggung,B16,26,collecting,55,12472,2923,2915,7361,8502,2890,8720,14317,13494,14053,,
4679180,M-MUK,medium,Temanggung,B16,26,collecting,56,12452,2925,2915,7361,8499,2887,8718,14313,13489,14050,,
4680180,M-MUK,medium,Temanggung,B16,26,collecting,57,12434,2923,2912,7361,8496,2889,8717,14309,13482,14047,,
4681180,M-MUK,medium,Temanggung,B16,26,collecting,58,12416,2924,2914,7360,8493,2891,8715,14304,13476,14044,,
4682180,M-MUK,medium,Temanggung,B16,26,collecting,59,12399,2922,2915,7359,8490,2886,8713,14301,13470,14040,,
4683181,M-MUK,medium,Temanggung,B16,26,collecting,60,12383,2926,2910,7359,8487,2889,8711,14296,13464,14036,,
4684183,M-MUK,medium,Temanggung,B16,27,purging,1,12366,2923,2915,7358,8484,2887,8709,14292,13458,14033,,
4685180,M-MUK,medium,Temanggung,B16,27,purging,2,12350,2923,2912,7360,8484,2885,8710,14288,13453,14030,,
4686180,M-MUK,medium,Temanggung,B16,27,purging,3,12311,2926,2912,7361,8477,2890,8705,14276,13445,14017,,
4687180,M-MUK,medium,Temanggung,B16,27,purging,4,12236,2923,2915,7360,8464,2889,8694,14252,13431,13998,,
4688180,M-MUK,medium,Temanggung,B16,27,purging,5,12131,2923,2914,7360,8446,2890,8681,14221,13407,13976,,
4689180,M-MUK,medium,Temanggung,B16,27,purging,6,12010,2927,2914,7359,8428,2889,8665,14186,13377,13952,,
4690181,M-MUK,medium,Temanggung,B16,27,purging,7,11881,2923,2912,7359,8407,2890,8651,14150,13342,13927,,
4691180,M-MUK,medium,Temanggung,B16,27,purging,8,11748,2924,2917,7358,8387,2888,8636,14114,13305,13904,,
4692180,M-MUK,medium,Temanggung,B16,27,purging,9,11618,2925,2915,7358,8368,2887,8624,14080,13267,13881,,
4693180,M-MUK,medium,Temanggung,B16,27,purging,10,11491,2923,2915,7357,8349,2890,8613,14049,13229,13861,,
4694180,M-MUK,medium,Temanggung,B16,27,purging,11,11370,2926,2912,7357,8333,2889,8604,14020,13193,13842,,
4695180,M-MUK,medium,Temanggung,B16,27,purging,12,11256,2926,2912,7356,8318,2890,8597,13993,13157,13825,,
4696180,M-MUK,medium,Temanggung,B16,27,purging,13,11149,2924,2912,7355,8306,2887,8592,13967,13122,13808,,
4697180,M-MUK,medium,Temanggung,B16,27,purging,14,11050,2926,2912,7355,8295,2890,8588,13943,13089,13794,,
4698180,M-MUK,medium,Temanggung,B16,27,purging,15,10959,2925,2912,7355,8286,2888,8585,13921,13059,13779,,
4699181,M-MUK,medium,Temanggung,B16,27,purging,16,10875,2921,2916,7354,8277,2890,8584,13900,13029,13766,,
4700180,M-MUK,medium,Temanggung,B16,27,purging,17,10798,2922,2915,7354,8269,2888,8582,13880,13000,13753,,
4701180,M-MUK,medium,Temanggung,B16,27,purging,18,10727,2922,2915,7353,8261,2890,8580,13861,12974,13741,,
4702180,M-MUK,medium,Temanggung,B16,27,purging,19,10662,2921,2915,7353,8254,2891,8578,13844,12948,13729,,
4703180,M-MUK,medium,Temanggung,B16,27,purging,20,10603,2923,2913,7352,8248,2889,8577,13826,12923,13718,,
4704180,M-MUK,medium,Temanggung,B16,27,purging,21,10548,2925,2912,7352,8242,2889,8575,13810,12899,13708,,
4705180,M-MUK,medium,Temanggung,B16,27,purging,22,10497,2925,2917,7352,8237,2889,8574,13794,12877,13696,,
4706181,M-MUK,medium,Temanggung,B16,27,purging,23,10451,2921,2912,7351,8231,2890,8572,13777,12855,13684,,
4707180,M-MUK,medium,Temanggung,B16,27,purging,24,10408,2922,2913,7351,8225,2891,8569,13762,12833,13673,,
4708180,M-MUK,medium,Temanggung,B16,27,purging,25,10369,2925,2915,7350,8219,2889,8567,13747,12813,13663,,
4709180,M-MUK,medium,Temanggung,B16,27,purging,26,10333,2922,2915,7350,8213,2887,8565,13733,12793,13654,,
4710180,M-MUK,medium,Temanggung,B16,27,purging,27,10300,2925,2915,7349,8209,2889,8564,13720,12774,13645,,
4711180,M-MUK,medium,Temanggung,B16,27,purging,28,10269,2925,2915,7349,8204,2886,8562,13707,12756,13636,,
4712180,M-MUK,medium,Temanggung,B16,27,purging,29,10240,2923,2915,7348,8200,2887,8562,13695,12738,13628,,
4713180,M-MUK,medium,Temanggung,B16,27,purging,30,10213,2922,2913,7347,8196,2887,8560,13683,12721,13618,,
4714180,M-MUK,medium,Temanggung,B16,27,purging,31,10188,2921,2914,7347,8191,2887,8558,13670,12704,13609,,
4715181,M-MUK,medium,Temanggung,B16,27,purging,32,10166,2925,2912,7347,8187,2888,8555,13657,12688,13599,,
4716180,M-MUK,medium,Temanggung,B16,27,purging,33,10145,2921,2916,7346,8181,2891,8552,13645,12671,13590,,
4717180,M-MUK,medium,Temanggung,B16,27,purging,34,10125,2921,2913,7346,8176,2889,8548,13633,12656,13582,,
4718180,M-MUK,medium,Temanggung,B16,27,purging,35,10106,2922,2912,7345,8171,2889,8547,13622,12640,13575,,
4719180,M-MUK,medium,Temanggung,B16,27,purging,36,10088,2921,2913,7344,8167,2889,8546,13612,12625,13568,,
4720180,M-MUK,medium,Temanggung,B16,27,purging,37,10071,2923,2918,7344,8163,2889,8544,13602,12611,13561,,
4721180,M-MUK,medium,Temanggung,B16,27,purging,38,10055,2921,2917,7343,8160,2891,8543,13592,12597,13555,,
4722181,M-MUK,medium,Temanggung,B16,27,purging,39,10040,2925,2917,7342,8157,2889,8542,13582,12584,13548,,
4723180,M-MUK,medium,Temanggung,B16,27,purging,40,10026,2922,2917,7342,8153,2890,8541,13573,12571,13541,,
4724180,M-MUK,medium,Temanggung,B16,27,purging,41,10013,2922,2915,7341,8150,2889,8539,13563,12559,13533,,
4725180,M-MUK,medium,Temanggung,B16,27,purging,42,9999,2922,2915,7341,8146,2889,8537,13554,12546,13526,,
4726180,M-MUK,medium,Temanggung,B16,27,purging,43,9987,2925,2913,7340,8142,2889,8535,13544,12533,13519,,
4727180,M-MUK,medium,Temanggung,B16,27,purging,44,9976,2922,2917,7339,8139,2889,8532,13535,12521,13513,,
4728180,M-MUK,medium,Temanggung,B16,27,purging,45,9965,2922,2917,7338,8135,2891,8531,13527,12509,13508,,
4729180,M-MUK,medium,Temanggung,B16,27,purging,46,9954,2922,2917,7337,8132,2889,8530,13519,12498,13503,,
4730180,M-MUK,medium,Temanggung,B16,27,purging,47,9944,2921,2913,7336,8129,2887,8529,13511,12487,13497,,
4731181,M-MUK,medium,Temanggung,B16,27,purging,48,9934,2925,2915,7335,8126,2889,8528,13503,12477,13491,,
4732180,M-MUK,medium,Temanggung,B16,27,purging,49,9924,2925,2915,7335,8123,2889,8528,13495,12466,13486,,
4733180,M-MUK,medium,Temanggung,B16,27,purging,50,9915,2925,2914,7333,8121,2889,8528,13487,12456,13481,,
4734180,M-MUK,medium,Temanggung,B16,27,purging,51,9906,2925,2914,7333,8119,2889,8527,13480,12446,13476,,
4735180,M-MUK,medium,Temanggung,B16,27,purging,52,9898,2922,2914,7332,8117,2892,8526,13473,12436,13471,,
4736180,M-MUK,medium,Temanggung,B16,27,purging,53,9889,2923,2917,7331,8115,2890,8525,13466,12428,13468,,
4737180,M-MUK,medium,Temanggung,B16,27,purging,54,9882,2922,2915,7330,8113,2887,8526,13460,12419,13465,,
4738181,M-MUK,medium,Temanggung,B16,27,purging,55,9874,2922,2913,7330,8112,2889,8527,13455,12410,13462,,
4739180,M-MUK,medium,Temanggung,B16,27,purging,56,9867,2922,2919,7329,8112,2889,8528,13450,12402,13459,,
4740180,M-MUK,medium,Temanggung,B16,27,purging,57,9860,2925,2917,7328,8111,2889,8530,13444,12395,13456,,
4741180,M-MUK,medium,Temanggung,B16,27,purging,58,9854,2925,2913,7327,8110,2889,8532,13439,12387,13453,,
4742180,M-MUK,medium,Temanggung,B16,27,purging,59,9847,2921,2915,7326,8110,2892,8532,13433,12380,13450,,
4743180,M-MUK,medium,Temanggung,B16,27,purging,60,9840,2922,2915,7326,8109,2893,8533,13428,12373,13447,,
4744180,M-MUK,medium,Temanggung,B16,27,purging,61,9834,2924,2916,7325,8108,2892,8534,13423,12366,13444,,
4745180,M-MUK,medium,Temanggung,B16,27,purging,62,9828,2923,2915,7325,8107,2889,8534,13418,12359,13441,,
4746180,M-MUK,medium,Temanggung,B16,27,purging,63,9823,2925,2913,7323,8106,2889,8534,13412,12352,13437,,
4747181,M-MUK,medium,Temanggung,B16,27,purging,64,9817,2925,2913,7323,8105,2889,8533,13406,12346,13433,,
4748180,M-MUK,medium,Temanggung,B16,27,purging,65,9812,2923,2913,7322,8103,2889,8532,13401,12339,13428,,
4749180,M-MUK,medium,Temanggung,B16,27,purging,66,9807,2925,2918,7321,8101,2887,8530,13394,12333,13424,,
4750180,M-MUK,medium,Temanggung,B16,27,purging,67,9802,2923,2915,7321,8099,2889,8528,13389,12326,13420,,
4751180,M-MUK,medium,Temanggung,B16,27,purging,68,9797,2923,2915,7320,8096,2889,8527,13382,12319,13414,,
4752180,M-MUK,medium,Temanggung,B16,27,purging,69,9792,2925,2913,7319,8094,2890,8524,13376,12313,13411,,
4753180,M-MUK,medium,Temanggung,B16,27,purging,70,9788,2921,2914,7318,8092,2891,8522,13370,12306,13406,,
4754181,M-MUK,medium,Temanggung,B16,27,purging,71,9785,2925,2916,7318,8089,2892,8520,13364,12299,13403,,
4755180,M-MUK,medium,Temanggung,B16,27,purging,72,9781,2922,2913,7317,8087,2889,8519,13360,12293,13399,,
4756180,M-MUK,medium,Temanggung,B16,27,purging,73,9778,2925,2917,7317,8086,2889,8519,13355,12287,13396,,
4757180,M-MUK,medium,Temanggung,B16,27,purging,74,9775,2922,2918,7316,8084,2890,8518,13349,12281,13392,,
4758180,M-MUK,medium,Temanggung,B16,27,purging,75,9771,2921,2913,7316,8082,2892,8516,13344,12276,13388,,
4759180,M-MUK,medium,Temanggung,B16,27,purging,76,9768,2921,2916,7315,8079,2889,8515,13339,12270,13384,,
4760180,M-MUK,medium,Temanggung,B16,27,purging,77,9765,2923,2914,7315,8077,2889,8513,13333,12264,13380,,
4761180,M-MUK,medium,Temanggung,B16,27,purging,78,9761,2922,2917,7314,8075,2892,8511,13329,12258,13377,,
4762180,M-MUK,medium,Temanggung,B16,27,purging,79,9757,2922,2914,7313,8072,2892,8509,13324,12252,13373,,
4763181,M-MUK,medium,Temanggung,B16,27,purging,80,9754,2921,2917,7312,8070,2890,8508,13319,12246,13370,,
4764180,M-MUK,medium,Temanggung,B16,27,purging,81,9752,2922,2914,7312,8067,2889,8507,13314,12240,13366,,
4765180,M-MUK,medium,Temanggung,B16,27,purging,82,9749,2922,2915,7311,8064,2891,8505,13309,12234,13361,,
4766180,M-MUK,medium,Temanggung,B16,27,purging,83,9747,2924,2916,7310,8062,2889,8503,13303,12228,13357,,
4767180,M-MUK,medium,Temanggung,B16,27,purging,84,9745,2925,2916,7310,8058,2889,8501,13298,12222,13353,,
4768180,M-MUK,medium,Temanggung,B16,27,purging,85,9742,2921,2915,7309,8056,2889,8498,13293,12216,13351,,
4769180,M-MUK,medium,Temanggung,B16,27,purging,86,9739,2922,2915,7309,8053,2889,8497,13289,12211,13347,,
4770181,M-MUK,medium,Temanggung,B16,27,purging,87,9737,2922,2916,7308,8051,2890,8496,13284,12205,13344,,
4771180,M-MUK,medium,Temanggung,B16,27,purging,88,9734,2922,2914,7307,8048,2887,8495,13280,12199,13342,,
4772180,M-MUK,medium,Temanggung,B16,27,purging,89,9731,2922,2914,7306,8046,2892,8495,13276,12193,13339,,
4773180,M-MUK,medium,Temanggung,B16,27,purging,90,9729,2925,2917,7305,8044,2889,8494,13272,12188,13336,,
4774180,M-MUK,medium,Temanggung,B16,27,purging,91,9727,2921,2914,7304,8042,2889,8493,13268,12182,13333,,
4775180,M-MUK,medium,Temanggung,B16,27,purging,92,9725,2924,2914,7303,8040,2889,8492,13264,12177,13330,,
4776180,M-MUK,medium,Temanggung,B16,27,purging,93,9723,2922,2917,7303,8038,2890,8490,13260,12172,13328,,
4777180,M-MUK,medium,Temanggung,B16,27,purging,94,9720,2922,2917,7302,8037,2889,8490,13257,12166,13326,,
4778180,M-MUK,medium,Temanggung,B16,27,purging,95,9717,2922,2915,7301,8035,2892,8490,13254,12161,13324,,
4779181,M-MUK,medium,Temanggung,B16,27,purging,96,9714,2926,2917,7300,8034,2890,8491,13250,12157,13321,,
4780180,M-MUK,medium,Temanggung,B16,27,purging,97,9712,2924,2916,7299,8033,2889,8490,13246,12152,13318,,
4781180,M-MUK,medium,Temanggung,B16,27,purging,98,9710,2921,2912,7298,8031,2890,8488,13242,12147,13316,,
4782180,M-MUK,medium,Temanggung,B16,27,purging,99,9708,2925,2916,7298,8030,2891,8487,13238,12143,13313,,
4783180,M-MUK,medium,Temanggung,B16,27,purging,100,9706,2925,2917,7297,8028,2889,8486,13234,12138,13311,,
4784180,M-MUK,medium,Temanggung,B16,27,purging,101,9704,2925,2913,7296,8027,2889,8485,13231,12133,13309,,
4785180,M-MUK,medium,Temanggung,B16,27,purging,102,9702,2922,2914,7296,8026,2890,8486,13228,12129,13308,,
4786181,M-MUK,medium,Temanggung,B16,27,purging,103,9700,2922,2916,7295,8025,2890,8486,13225,12125,13306,,
4787180,M-MUK,medium,Temanggung,B16,27,purging,104,9698,2922,2913,7294,8024,2889,8486,13222,12121,13305,,
4788180,M-MUK,medium,Temanggung,B16,27,purging,105,9695,2921,2917,7293,8023,2887,8486,13220,12116,13304,,
4789180,M-MUK,medium,Temanggung,B16,27,purging,106,9693,2922,2917,7293,8023,2890,8487,13217,12113,13303,,
4790180,M-MUK,medium,Temanggung,B16,27,purging,107,9691,2923,2915,7292,8023,2889,8487,13214,12109,13301,,
4791180,M-MUK,medium,Temanggung,B16,27,purging,108,9689,2922,2917,7291,8022,2888,8489,13211,12106,13299,,
4792180,M-MUK,medium,Temanggung,B16,27,purging,109,9688,2923,2913,7290,8021,2891,8488,13208,12102,13296,,
4793180,M-MUK,medium,Temanggung,B16,27,purging,110,9686,2921,2914,7290,8020,2891,8485,13204,12098,13293,,
4794180,M-MUK,medium,Temanggung,B16,27,purging,111,9685,2922,2915,7289,8018,2895,8483,13200,12094,13290,,
4795181,M-MUK,medium,Temanggung,B16,27,purging,112,9684,2925,2917,7288,8015,2890,8481,13196,12090,13287,,
4796180,M-MUK,medium,Temanggung,B16,27,purging,113,9682,2923,2916,7287,8013,2890,8478,13193,12085,13284,,
4797180,M-MUK,medium,Temanggung,B16,27,purging,114,9680,2920,2916,7287,8011,2893,8478,13189,12081,13282,,
4798180,M-MUK,medium,Temanggung,B16,27,purging,115,9679,2922,2914,7286,8009,2891,8477,13186,12077,13280,,
4799180,M-MUK,medium,Temanggung,B16,27,purging,116,9677,2922,2915,7285,8008,2891,8477,13183,12073,13279,,
4800180,M-MUK,medium,Temanggung,B16,27,purging,117,9675,2923,2916,7284,8007,2891,8477,13180,12070,13277,,
4801180,M-MUK,medium,Temanggung,B16,27,purging,118,9674,2922,2913,7284,8006,2892,8477,13177,12067,13275,,
4802181,M-MUK,medium,Temanggung,B16,27,purging,119,9672,2922,2916,7283,8005,2893,8475,13174,12063,13273,,
4803180,M-MUK,medium,Temanggung,B16,27,purging,120,9670,2922,2917,7282,8004,2891,8476,13171,12061,13272,,
4804184,M-MUK,medium,Temanggung,B16,27,collecting,1,9668,2922,2918,7281,8003,2891,8475,13168,12057,13270,,
4805180,M-MUK,medium,Temanggung,B16,27,collecting,2,9667,2923,2914,7280,8003,2891,8475,13166,12054,13277,,
4806180,M-MUK,medium,Temanggung,B16,27,collecting,3,9759,2923,2917,7279,8023,2896,8491,13189,12059,13314,,
4807180,M-MUK,medium,Temanggung,B16,27,collecting,4,10091,2921,2917,7278,8074,2891,8537,13258,12100,13384,,
4808180,M-MUK,medium,Temanggung,B16,27,collecting,5,10609,2924,2916,7277,8145,2891,8594,13375,12186,13466,,
4809180,M-MUK,medium,Temanggung,B16,27,collecting,6,11164,2925,2914,7277,8219,2892,8645,13513,12304,13545,,
4810180,M-MUK,medium,Temanggung,B16,27,collecting,7,11659,2924,2914,7277,8284,2895,8682,13644,12435,13614,,
4811181,M-MUK,medium,Temanggung,B16,27,collecting,8,12064,2924,2917,7277,8336,2894,8709,13759,12565,13674,,
4812180,M-MUK,medium,Temanggung,B16,27,collecting,9,12384,2928,2916,7275,8376,2895,8727,13859,12688,13725,,
4813180,M-MUK,medium,Temanggung,B16,27,collecting,10,12635,2928,2915,7275,8408,2891,8738,13941,12798,13769,,
4814180,M-MUK,medium,Temanggung,B16,27,collecting,11,12832,2929,2915,7274,8433,2889,8744,14010,12897,13808,,
4815180,M-MUK,medium,Temanggung,B16,27,collecting,12,12986,2929,2917,7274,8453,2892,8748,14069,12985,13841,,
4816180,M-MUK,medium,Temanggung,B16,27,collecting,13,13105,2927,2917,7273,8470,2892,8750,14119,13063,13870,,
4817180,M-MUK,medium,Temanggung,B16,27,collecting,14,13196,2931,2919,7272,8483,2893,8750,14160,13130,13894,,
4818181,M-MUK,medium,Temanggung,B16,27,collecting,15,13262,2931,2917,7271,8491,2893,8749,14194,13189,13914,,
4819180,M-MUK,medium,Temanggung,B16,27,collecting,16,13309,2927,2919,7270,8498,2891,8745,14221,13240,13931,,
4820180,M-MUK,medium,Temanggung,B16,27,collecting,17,13339,2931,2918,7270,8502,2892,8741,14244,13283,13945,,
4821180,M-MUK,medium,Temanggung,B16,27,collecting,18,13355,2931,2915,7269,8505,2891,8736,14261,13319,13956,,
4822180,M-MUK,medium,Temanggung,B16,27,collecting,19,13360,2931,2917,7268,8506,2893,8731,14276,13349,13965,,
4823180,M-MUK,medium,Temanggung,B16,27,collecting,20,13356,2932,2919,7267,8506,2892,8727,14289,13375,13974,,
4824180,M-MUK,medium,Temanggung,B16,27,collecting,21,13346,2928,2917,7266,8505,2891,8722,14298,13397,13980,,
4825180,M-MUK,medium,Temanggung,B16,27,collecting,22,13331,2931,2914,7266,8504,2892,8718,14306,13414,13986,,
4826180,M-MUK,medium,Temanggung,B16,27,collecting,23,13311,2931,2916,7265,8502,2892,8712,14311,13429,13990,,
4827181,M-MUK,medium,Temanggung,B16,27,collecting,24,13288,2928,2914,7265,8499,2891,8708,14316,13441,13993,,
4828180,M-MUK,medium,Temanggung,B16,27,collecting,25,13263,2931,2918,7264,8497,2893,8705,14320,13451,13996,,
4829180,M-MUK,medium,Temanggung,B16,27,collecting,26,13236,2932,2918,7263,8494,2894,8701,14321,13458,13998,,
4830180,M-MUK,medium,Temanggung,B16,27,collecting,27,13208,2933,2915,7263,8490,2895,8697,14322,13464,13999,,
4831180,M-MUK,medium,Temanggung,B16,27,collecting,28,13178,2931,2918,7262,8487,2891,8692,14323,13468,14000,,
4832180,M-MUK,medium,Temanggung,B16,27,collecting,29,13147,2930,2915,7261,8483,2891,8688,14322,13471,14000,,
4833180,M-MUK,medium,Temanggung,B16,27,collecting,30,13116,2931,2917,7260,8479,2894,8684,14321,13472,14000,,
4834181,M-MUK,medium,Temanggung,B16,27,collecting,31,13083,2929,2914,7260,8475,2892,8680,14320,13472,13998,,
4835180,M-MUK,medium,Temanggung,B16,27,collecting,32,13051,2927,2917,7259,8470,2891,8676,14318,13471,13997,,
4836180,M-MUK,medium,Temanggung,B16,27,collecting,33,13019,2929,2917,7258,8467,2894,8673,14317,13470,13996,,
4837180,M-MUK,medium,Temanggung,B16,27,collecting,34,12987,2931,2914,7257,8463,2891,8670,14313,13467,13995,,
4838180,M-MUK,medium,Temanggung,B16,27,collecting,35,12955,2929,2916,7256,8459,2894,8667,14311,13465,13993,,
4839180,M-MUK,medium,Temanggung,B16,27,collecting,36,12924,2929,2915,7255,8454,2891,8664,14308,13462,13990,,
4840180,M-MUK,medium,Temanggung,B16,27,collecting,37,12894,2929,2915,7254,8451,2896,8662,14305,13458,13988,,
4841180,M-MUK,medium,Temanggung,B16,27,collecting,38,12865,2929,2915,7254,8447,2892,8658,14302,13454,13986,,
4842180,M-MUK,medium,Temanggung,B16,27,collecting,39,12836,2927,2913,7253,8443,2890,8656,14298,13449,13984,,
4843181,M-MUK,medium,Temanggung,B16,27,collecting,40,12808,2928,2919,7252,8440,2893,8653,14294,13445,13981,,
4844180,M-MUK,medium,Temanggung,B16,27,collecting,41,12780,2928,2916,7252,8436,2894,8650,14291,13440,13978,,
4845180,M-MUK,medium,Temanggung,B16,27,collecting,42,12752,2928,2915,7251,8433,2892,8647,14287,13435,13976,,
4846180,M-MUK,medium,Temanggung,B16,27,collecting,43,12725,2928,2914,7250,8430,2892,8645,14282,13430,13973,,
4847180,M-MUK,medium,Temanggung,B16,27,collecting,44,12700,2929,2916,7250,8427,2895,8643,14278,13424,13970,,
4848180,M-MUK,medium,Temanggung,B16,27,collecting,45,12675,2930,2914,7249,8424,2892,8641,14274,13418,13968,,
4849180,M-MUK,medium,Temanggung,B16,27,collecting,46,12650,2929,2914,7249,8421,2891,8638,14270,13413,13965,,
4850181,M-MUK,medium,Temanggung,B16,27,collecting,47,12627,2927,2914,7249,8418,2890,8636,14266,13408,13962,,
4851180,M-MUK,medium,Temanggung,B16,27,collecting,48,12602,2925,2915,7248,8415,2893,8635,14263,13402,13959,,
4852180,M-MUK,medium,Temanggung,B16,27,collecting,49,12580,2929,2914,7248,8412,2896,8633,14258,13396,13956,,
4853180,M-MUK,medium,Temanggung,B16,27,collecting,50,12557,2925,2915,7247,8409,2891,8631,14254,13391,13953,,
4854180,M-MUK,medium,Temanggung,B16,27,collecting,51,12536,2925,2917,7247,8406,2894,8628,14250,13385,13950,,
4855180,M-MUK,medium,Temanggung,B16,27,collecting,52,12514,2929,2917,7246,8404,2895,8626,14246,13379,13946,,
4856180,M-MUK,medium,Temanggung,B16,27,collecting,53,12493,2928,2916,7246,8400,2894,8624,14242,13373,13943,,
4857180,M-MUK,medium,Temanggung,B16,27,collecting,54,12473,2925,2918,7244,8397,2894,8621,14236,13367,13940,,
4858180,M-MUK,medium,Temanggung,B16,27,collecting,55,12454,2924,2918,7244,8394,2895,8619,14232,13361,13936,,
4859181,M-MUK,medium,Temanggung,B16,27,collecting,56,12436,2925,2914,7243,8391,2891,8617,14227,13355,13933,,
4860180,M-MUK,medium,Temanggung,B16,27,collecting,57,12417,2925,2917,7242,8388,2893,8615,14223,13349,13929,,
4861180,M-MUK,medium,Temanggung,B16,27,collecting,58,12400,2924,2916,7242,8385,2891,8613,14219,13343,13926,,
4862180,M-MUK,medium,Temanggung,B16,27,collecting,59,12383,2928,2915,7241,8381,2891,8611,14216,13337,13923,,
4863180,M-MUK,medium,Temanggung,B16,27,collecting,60,12367,2928,2914,7241,8378,2892,8610,14211,13331,13920,,
4864183,M-MUK,medium,Temanggung,B16,28,purging,1,12351,2926,2919,7240,8376,2895,8609,14207,13324,13917,,
4865180,M-MUK,medium,Temanggung,B16,28,purging,2,12336,2926,2915,7241,8375,2894,8609,14204,13320,13914,,
4866181,M-MUK,medium,Temanggung,B16,28,purging,3,12299,2927,2915,7242,8369,2898,8604,14193,13313,13902,,
4867180,M-MUK,medium,Temanggung,B16,28,purging,4,12226,2926,2915,7241,8357,2896,8595,14171,13298,13884,,
4868180,M-MUK,medium,Temanggung,B16,28,purging,5,12124,2925,2916,7241,8341,2892,8582,14141,13275,13864,,
4869180,M-MUK,medium,Temanggung,B16,28,purging,6,12004,2925,2916,7240,8323,2895,8570,14108,13246,13842,,
4870180,M-MUK,medium,Temanggung,B16,28,purging,7,11875,2924,2914,7239,8305,2892,8558,14074,13213,13821,,
4871180,M-MUK,medium,Temanggung,B16,28,purging,8,11745,2924,2917,7239,8287,2894,8547,14040,13178,13798,,
4872180,M-MUK,medium,Temanggung,B16,28,purging,9,11615,2925,2917,7238,8270,2894,8537,14007,13142,13777,,
4873180,M-MUK,medium,Temanggung,B16,28,purging,10,11489,2925,2914,7238,8253,2892,8527,13975,13105,13756,,
4874180,M-MUK,medium,Temanggung,B16,28,purging,11,11370,2924,2915,7237,8238,2894,8520,13946,13069,13738,,
4875181,M-MUK,medium,Temanggung,B16,28,purging,12,11257,2925,2915,7237,8224,2894,8512,13918,13035,13720,,
4876180,M-MUK,medium,Temanggung,B16,28,purging,13,11151,2924,2916,7236,8212,2895,8506,13893,13001,13703,,
4877180,M-MUK,medium,Temanggung,B16,28,purging,14,11053,2925,2916,7236,8200,2894,8501,13869,12968,13687,,
4878180,M-MUK,medium,Temanggung,B16,28,purging,15,10962,2924,2915,7235,8188,2895,8496,13846,12938,13672,,
4879180,M-MUK,medium,Temanggung,B16,28,purging,16,10879,2927,2914,7235,8180,2894,8492,13824,12908,13659,,
4880180,M-MUK,medium,Temanggung,B16,28,purging,17,10802,2927,2916,7234,8171,2894,8489,13803,12879,13645,,
4881180,M-MUK,medium,Temanggung,B16,28,purging,18,10731,2922,2915,7234,8163,2894,8487,13784,12853,13632,,
4882181,M-MUK,medium,Temanggung,B16,28,purging,19,10667,2924,2917,7233,8156,2896,8485,13765,12827,13620,,
4883180,M-MUK,medium,Temanggung,B16,28,purging,20,10607,2924,2917,7233,8149,2896,8483,13748,12803,13608,,
4884180,M-MUK,medium,Temanggung,B16,28,purging,21,10553,2926,2915,7232,8143,2896,8480,13731,12780,13597,,
4885180,M-MUK,medium,Temanggung,B16,28,purging,22,10502,2927,2916,7232,8137,2896,8478,13714,12757,13586,,
4886180,M-MUK,medium,Temanggung,B16,28,purging,23,10456,2928,2915,7231,8131,2896,8476,13699,12735,13576,,
4887180,M-MUK,medium,Temanggung,B16,28,purging,24,10413,2926,2916,7231,8126,2896,8475,13685,12714,13568,,
4888180,M-MUK,medium,Temanggung,B16,28,purging,25,10374,2928,2917,7230,8122,2898,8474,13670,12694,13559,,
4889180,M-MUK,medium,Temanggung,B16,28,purging,26,10337,2926,2917,7230,8118,2896,8474,13657,12675,13549,,
4890180,M-MUK,medium,Temanggung,B16,28,purging,27,10303,2928,2916,7230,8113,2894,8473,13643,12656,13539,,
4891181,M-MUK,medium,Temanggung,B16,28,purging,28,10272,2926,2917,7229,8107,2896,8470,13629,12637,13528,,
4892180,M-MUK,medium,Temanggung,B16,28,purging,29,10242,2926,2917,7229,8101,2898,8467,13615,12619,13518,,
4893180,M-MUK,medium,Temanggung,B16,28,purging,30,10214,2928,2917,7228,8096,2896,8464,13602,12602,13509,,
4894180,M-MUK,medium,Temanggung,B16,28,purging,31,10189,2925,2917,7228,8092,2896,8461,13589,12585,13500,,
4895180,M-MUK,medium,Temanggung,B16,28,purging,32,10165,2926,2916,7228,8087,2896,8459,13577,12569,13493,,
4896180,M-MUK,medium,Temanggung,B16,28,purging,33,10142,2926,2917,7227,8083,2894,8457,13566,12553,13484,,
4897180,M-MUK,medium,Temanggung,B16,28,purging,34,10121,2923,2917,7226,8079,2896,8455,13555,12538,13477,,
4898181,M-MUK,medium,Temanggung,B16,28,purging,35,10102,2924,2916,7226,8075,2896,8453,13545,12523,13469,,
4899180,M-MUK,medium,Temanggung,B16,28,purging,36,10084,2927,2917,7226,8071,2896,8453,13534,12508,13463,,
4900180,M-MUK,medium,Temanggung,B16,28,purging,37,10066,2927,2918,7225,8067,2896,8451,13524,12494,13455,,
4901180,M-MUK,medium,Temanggung,B16,28,purging,38,10050,2922,2916,7225,8063,2896,8450,13513,12480,13448,,
4902180,M-MUK,medium,Temanggung,B16,28,purging,39,10034,2926,2917,7224,8059,2894,8448,13503,12466,13441,,
4903180,M-MUK,medium,Temanggung,B16,28,purging,40,10019,2928,2915,7223,8056,2896,8447,13494,12453,13434,,
4904180,M-MUK,medium,Temanggung,B16,28,purging,41,10005,2923,2916,7223,8053,2896,8446,13485,12441,13429,,
4905180,M-MUK,medium,Temanggung,B16,28,purging,42,9992,2929,2917,7222,8049,2898,8446,13476,12429,13423,,
4906180,M-MUK,medium,Temanggung,B16,28,purging,43,9979,2923,2918,7222,8046,2896,8444,13467,12417,13416,,
4907181,M-MUK,medium,Temanggung,B16,28,purging,44,9967,2923,2918,7221,8042,2896,8443,13458,12405,13410,,
4908180,M-MUK,medium,Temanggung,B16,28,purging,45,9955,2928,2918,7220,8039,2894,8442,13449,12393,13404,,
4909180,M-MUK,medium,Temanggung,B16,28,purging,46,9944,2928,2918,7220,8036,2896,8441,13441,12383,13398,,
4910180,M-MUK,medium,Temanggung,B16,28,purging,47,9934,2926,2918,7219,8033,2894,8439,13433,12371,13392,,
4911180,M-MUK,medium,Temanggung,B16,28,purging,48,9924,2923,2917,7218,8030,2897,8437,13424,12361,13386,,
4912180,M-MUK,medium,Temanggung,B16,28,purging,49,9914,2929,2917,7218,8027,2896,8436,13417,12350,13382,,
4913180,M-MUK,medium,Temanggung,B16,28,purging,50,9905,2929,2917,7217,8025,2897,8436,13409,12340,13377,,
4914181,M-MUK,medium,Temanggung,B16,28,purging,51,9895,2929,2918,7217,8023,2896,8436,13402,12330,13373,,
4915180,M-MUK,medium,Temanggung,B16,28,purging,52,9887,2925,2918,7216,8020,2895,8436,13395,12320,13368,,
4916180,M-MUK,medium,Temanggung,B16,28,purging,53,9879,2925,2919,7216,8019,2896,8435,13389,12310,13364,,
4917180,M-MUK,medium,Temanggung,B16,28,purging,54,9871,2928,2919,7215,8016,2896,8435,13382,12302,13359,,
4918180,M-MUK,medium,Temanggung,B16,28,purging,55,9864,2925,2918,7215,8014,2896,8434,13376,12293,13356,,
4919180,M-MUK,medium,Temanggung,B16,28,purging,56,9856,2924,2921,7214,8012,2897,8434,13369,12284,13352,,
4920180,M-MUK,medium,Temanggung,B16,28,purging,57,9849,2927,2919,7213,8010,2896,8433,13363,12276,13348,,
4921180,M-MUK,medium,Temanggung,B16,28,purging,58,9842,2926,2919,7213,8009,2897,8433,13357,12268,13345,,
4922180,M-MUK,medium,Temanggung,B16,28,purging,59,9835,2929,2921,7212,8008,2895,8433,13352,12260,13341,,
4923181,M-MUK,medium,Temanggung,B16,28,purging,60,9829,2924,2921,7212,8006,2896,8433,13346,12252,13338,,
4924180,M-MUK,medium,Temanggung,B16,28,purging,61,9822,2924,2918,7211,8006,2895,8433,13340,12245,13335,,
4925180,M-MUK,medium,Temanggung,B16,28,purging,62,9817,2924,2920,7211,8005,2897,8434,13335,12238,13333,,
4926180,M-MUK,medium,Temanggung,B16,28,purging,63,9810,2929,2918,7210,8004,2898,8435,13331,12231,13331,,
4927180,M-MUK,medium,Temanggung,B16,28,purging,64,9805,2924,2921,7209,8004,2899,8436,13326,12225,13329,,
4928180,M-MUK,medium,Temanggung,B16,28,purging,65,9799,2925,2919,7209,8004,2899,8438,13321,12219,13326,,
4929180,M-MUK,medium,Temanggung,B16,28,purging,66,9793,2926,2918,7209,8005,2898,8440,13317,12213,13324,,
4930181,M-MUK,medium,Temanggung,B16,28,purging,67,9787,2925,2918,7208,8004,2899,8441,13312,12207,13322,,
4931180,M-MUK,medium,Temanggung,B16,28,purging,68,9782,2925,2917,7208,8004,2896,8442,13307,12201,13318,,
4932180,M-MUK,medium,Temanggung,B16,28,purging,69,9776,2929,2917,7208,8003,2895,8441,13302,12196,13315,,
4933180,M-MUK,medium,Temanggung,B16,28,purging,70,9770,2925,2921,7207,8002,2901,8441,13296,12190,13310,,
4934180,M-MUK,medium,Temanggung,B16,28,purging,71,9766,2924,2921,7207,8000,2897,8439,13291,12183,13306,,
4935180,M-MUK,medium,Temanggung,B16,28,purging,72,9762,2926,2922,7207,7998,2899,8437,13285,12177,13301,,
4936180,M-MUK,medium,Temanggung,B16,28,purging,73,9757,2924,2918,7206,7995,2899,8434,13278,12170,13296,,
4937180,M-MUK,medium,Temanggung,B16,28,purging,74,9753,2925,2920,7206,7992,2896,8432,13272,12164,13293,,
4938180,M-MUK,medium,Temanggung,B16,28,purging,75,9748,2924,2917,7205,7989,2896,8429,13266,12157,13289,,
4939181,M-MUK,medium,Temanggung,B16,28,purging,76,9744,2925,2917,7205,7987,2897,8428,13261,12151,13285,,
4940180,M-MUK,medium,Temanggung,B16,28,purging,77,9740,2926,2919,7204,7985,2898,8427,13257,12145,13283,,
4941180,M-MUK,medium,Temanggung,B16,28,purging,78,9737,2925,2921,7203,7982,2898,8426,13252,12138,13281,,
4942180,M-MUK,medium,Temanggung,B16,28,purging,79,9733,2928,2918,7203,7981,2901,8427,13248,12133,13278,,
4943180,M-MUK,medium,Temanggung,B16,28,purging,80,9729,2929,2918,7203,7979,2901,8426,13243,12127,13275,,
4944180,M-MUK,medium,Temanggung,B16,28,purging,81,9725,2926,2917,7202,7978,2899,8426,13239,12122,13272,,
4945180,M-MUK,medium,Temanggung,B16,28,purging,82,9721,2925,2920,7202,7976,2900,8426,13234,12116,13268,,
4946181,M-MUK,medium,Temanggung,B16,28,purging,83,9717,2924,2919,7202,7974,2901,8424,13229,12111,13264,,
4947180,M-MUK,medium,Temanggung,B16,28,purging,84,9714,2927,2921,7201,7971,2901,8422,13224,12105,13260,,
4948180,M-MUK,medium,Temanggung,B16,28,purging,85,9710,2928,2921,7202,7968,2897,8420,13218,12099,13256,,
4949180,M-MUK,medium,Temanggung,B16,28,purging,86,9706,2929,2921,7201,7966,2899,8417,13214,12093,13252,,
4950180,M-MUK,medium,Temanggung,B16,28,purging,87,9702,2929,2921,7201,7963,2899,8415,13208,12087,13249,,
4951180,M-MUK,medium,Temanggung,B16,28,purging,88,9699,2924,2921,7200,7960,2899,8414,13204,12081,13245,,
4952180,M-MUK,medium,Temanggung,B16,28,purging,89,9696,2925,2920,7200,7957,2896,8413,13199,12075,13242,,
4953180,M-MUK,medium,Temanggung,B16,28,purging,90,9692,2930,2920,7199,7955,2902,8411,13194,12069,13239,,
4954180,M-MUK,medium,Temanggung,B16,28,purging,91,9689,2927,2918,7199,7952,2899,8410,13190,12063,13237,,
4955181,M-MUK,medium,Temanggung,B16,28,purging,92,9686,2925,2921,7198,7951,2899,8410,13186,12058,13235,,
4956180,M-MUK,medium,Temanggung,B16,28,purging,93,9683,2925,2919,7198,7950,2899,8410,13183,12053,13234,,
4957180,M-MUK,medium,Temanggung,B16,28,purging,94,9680,2928,2919,7198,7950,2898,8411,13180,12048,13233,,
4958180,M-MUK,medium,Temanggung,B16,28,purging,95,9678,2926,2922,7197,7950,2899,8412,13177,12044,13232,,
4959180,M-MUK,medium,Temanggung,B16,28,purging,96,9675,2926,2919,7197,7949,2900,8413,13174,12040,13231,,
4960180,M-MUK,medium,Temanggung,B16,28,purging,97,9672,2929,2919,7196,7948,2896,8415,13171,12036,13229,,
4961180,M-MUK,medium,Temanggung,B16,28,purging,98,9670,2925,2922,7196,7948,2899,8415,13168,12032,13226,,
4962181,M-MUK,medium,Temanggung,B16,28,purging,99,9667,2925,2921,7195,7947,2902,8415,13164,12027,13225,,
4963180,M-MUK,medium,Temanggung,B16,28,purging,100,9665,2927,2918,7195,7946,2901,8415,13161,12023,13224,,
4964180,M-MUK,medium,Temanggung,B16,28,purging,101,9662,2926,2921,7194,7945,2900,8416,13159,12020,13222,,
4965180,M-MUK,medium,Temanggung,B16,28,purging,102,9660,2930,2921,7194,7945,2900,8416,13155,12016,13220,,
4966180,M-MUK,medium,Temanggung,B16,28,purging,103,9658,2924,2918,7194,7945,2901,8417,13153,12012,13219,,
4967180,M-MUK,medium,Temanggung,B16,28,purging,104,9656,2925,2921,7193,7944,2897,8417,13150,12009,13218,,
4968180,M-MUK,medium,Temanggung,B16,28,purging,105,9654,2924,2918,7193,7944,2899,8417,13147,12006,13216,,
4969180,M-MUK,medium,Temanggung,B16,28,purging,106,9653,2927,2918,7193,7943,2898,8416,13144,12001,13215,,
4970180,M-MUK,medium,Temanggung,B16,28,purging,107,9651,2930,2918,7192,7943,2899,8417,13140,11998,13213,,
4971181,M-MUK,medium,Temanggung,B16,28,purging,108,9650,2925,2920,7192,7942,2901,8417,13138,11994,13212,,
4972180,M-MUK,medium,Temanggung,B16,28,purging,109,9648,2925,2921,7191,7941,2900,8417,13134,11991,13209,,
4973180,M-MUK,medium,Temanggung,B16,28,purging,110,9645,2926,2921,7191,7940,2897,8416,13131,11987,13207,,
4974180,M-MUK,medium,Temanggung,B16,28,purging,111,9643,2925,2919,7191,7939,2901,8414,13128,11984,13206,,
4975180,M-MUK,medium,Temanggung,B16,28,purging,112,9641,2926,2919,7191,7938,2898,8415,13126,11980,13205,,
4976180,M-MUK,medium,Temanggung,B16,28,purging,113,9638,2926,2918,7190,7938,2899,8417,13123,11976,13205,,
4977180,M-MUK,medium,Temanggung,B16,28,purging,114,9636,2926,2920,7190,7938,2900,8417,13121,11974,13204,,
4978181,M-MUK,medium,Temanggung,B16,28,purging,115,9634,2930,2921,7189,7937,2899,8419,13119,11971,13204,,
4979180,M-MUK,medium,Temanggung,B16,28,purging,116,9631,2929,2918,7189,7937,2902,8420,13116,11968,13203,,
4980180,M-MUK,medium,Temanggung,B16,28,purging,117,9628,2925,2918,7189,7938,2898,8421,13114,11965,13202,,
4981180,M-MUK,medium,Temanggung,B16,28,purging,118,9625,2924,2922,7188,7937,2901,8422,13112,11962,13202,,
4982180,M-MUK,medium,Temanggung,B16,28,purging,119,9623,2929,2919,7188,7938,2900,8423,13109,11960,13201,,
4983180,M-MUK,medium,Temanggung,B16,28,purging,120,9621,2928,2919,7188,7938,2903,8424,13108,11958,13201,,
4984183,M-MUK,medium,Temanggung,B16,28,collecting,1,9619,2926,2920,7187,7938,2902,8425,13105,11955,13200,,
4985180,M-MUK,medium,Temanggung,B16,28,collecting,2,9619,2926,2919,7186,7938,2899,8425,13103,11952,13207,,
4986180,M-MUK,medium,Temanggung,B16,28,collecting,3,9715,2924,2921,7185,7958,2901,8445,13124,11957,13239,,
4987181,M-MUK,medium,Temanggung,B16,28,collecting,4,10041,2926,2919,7185,8010,2902,8488,13196,11998,13305,,
4988180,M-MUK,medium,Temanggung,B16,28,collecting,5,10539,2925,2919,7185,8079,2902,8539,13307,12081,13382,,
4989180,M-MUK,medium,Temanggung,B16,28,collecting,6,11074,2929,2921,7185,8148,2902,8582,13436,12194,13457,,
4990180,M-MUK,medium,Temanggung,B16,28,collecting,7,11558,2928,2921,7185,8209,2902,8616,13562,12321,13524,,
4991180,M-MUK,medium,Temanggung,B16,28,collecting,8,11959,2931,2918,7186,8259,2899,8639,13673,12448,13582,,
4992180,M-MUK,medium,Temanggung,B16,28,collecting,9,12278,2928,2920,7186,8298,2900,8655,13771,12567,13634,,
4993180,M-MUK,medium,Temanggung,B16,28,collecting,10,12532,2929,2919,7186,8329,2901,8666,13852,12676,13678,,
4994181,M-MUK,medium,Temanggung,B16,28,collecting,11,12734,2930,2921,7186,8354,2901,8672,13922,12774,13717,,
4995180,M-MUK,medium,Temanggung,B16,28,collecting,12,12893,2931,2918,7186,8374,2900,8677,13982,12861,13751,,
4996180,M-MUK,medium,Temanggung,B16,28,collecting,13,13016,2930,2921,7185,8391,2899,8680,14032,12939,13780,,
4997180,M-MUK,medium,Temanggung,B16,28,collecting,14,13110,2932,2920,7185,8402,2902,8680,14074,13006,13805,,
4998180,M-MUK,medium,Temanggung,B16,28,collecting,15,13180,2932,2918,7185,8411,2902,8679,14109,13065,13826,,
4999180,M-MUK,medium,Temanggung,B16,28,collecting,16,13228,2933,2918,7184,8419,2902,8677,14138,13116,13843,,
5000180,M-MUK,medium,Temanggung,B16,28,collecting,17,13260,2930,2917,7184,8423,2901,8674,14161,13160,13858,,
5001180,M-MUK,medium,Temanggung,B16,28,collecting,18,13277,2934,2919,7183,8426,2901,8671,14181,13197,13870,,
5002180,M-MUK,medium,Temanggung,B16,28,collecting,19,13284,2931,2921,7183,8428,2903,8666,14196,13228,13880,,
5003181,M-MUK,medium,Temanggung,B16,28,collecting,20,13282,2934,2922,7183,8427,2902,8663,14210,13254,13890,,
5004180,M-MUK,medium,Temanggung,B16,28,collecting,21,13275,2935,2922,7183,8427,2902,8661,14220,13277,13897,,
5005180,M-MUK,medium,Temanggung,B16,28,collecting,22,13260,2934,2920,7183,8427,2903,8657,14228,13296,13903,,
5006180,M-MUK,medium,Temanggung,B16,28,collecting,23,13241,2934,2918,7183,8425,2902,8654,14235,13310,13908,,
5007180,M-MUK,medium,Temanggung,B16,28,collecting,24,13219,2930,2921,7182,8423,2903,8651,14240,13323,13912,,
5008180,M-MUK,medium,Temanggung,B16,28,collecting,25,13195,2934,2920,7182,8422,2899,8648,14244,13333,13916,,
5009180,M-MUK,medium,Temanggung,B16,28,collecting,26,13169,2934,2916,7182,8421,2903,8645,14247,13341,13919,,
5010181,M-MUK,medium,Temanggung,B16,28,collecting,27,13140,2933,2921,7182,8419,2900,8642,14250,13349,13922,,
5011180,M-MUK,medium,Temanggung,B16,28,collecting,28,13110,2931,2918,7182,8417,2899,8640,14250,13354,13923,,
5012180,M-MUK,medium,Temanggung,B16,28,collecting,29,13079,2934,2918,7182,8414,2899,8637,14252,13358,13925,,
5013180,M-MUK,medium,Temanggung,B16,28,collecting,30,13049,2928,2918,7182,8412,2898,8635,14251,13360,13925,,
5014180,M-MUK,medium,Temanggung,B16,28,collecting,31,13017,2932,2919,7182,8410,2902,8632,14251,13362,13926,,
5015180,M-MUK,medium,Temanggung,B16,28,collecting,32,12986,2930,2917,7182,8408,2903,8629,14250,13363,13926,,
5016180,M-MUK,medium,Temanggung,B16,28,collecting,33,12955,2929,2921,7182,8405,2899,8628,14249,13363,13926,,
5017180,M-MUK,medium,Temanggung,B16,28,collecting,34,12923,2929,2920,7182,8402,2900,8626,14248,13362,13925,,
5018180,M-MUK,medium,Temanggung,B16,28,collecting,35,12892,2929,2917,7182,8399,2900,8624,14245,13360,13925,,
5019181,M-MUK,medium,Temanggung,B16,28,collecting,36,12862,2928,2919,7182,8397,2900,8623,14243,13359,13925,,
5020180,M-MUK,medium,Temanggung,B16,28,collecting,37,12831,2930,2918,7182,8395,2900,8622,14241,13356,13924,,
5021180,M-MUK,medium,Temanggung,B16,28,collecting,38,12801,2928,2918,7182,8393,2903,8621,14239,13353,13924,,
5022180,M-MUK,medium,Temanggung,B16,28,collecting,39,12770,2931,2916,7182,8390,2897,8621,14236,13351,13923,,
5023180,M-MUK,medium,Temanggung,B16,28,collecting,40,12740,2931,2919,7182,8388,2899,8619,14233,13348,13922,,
5024180,M-MUK,medium,Temanggung,B16,28,collecting,41,12712,2927,2918,7182,8387,2898,8618,14230,13344,13920,,
5025180,M-MUK,medium,Temanggung,B16,28,collecting,42,12684,2928,2916,7182,8384,2902,8617,14227,13341,13919,,
5026181,M-MUK,medium,Temanggung,B16,28,collecting,43,12657,2927,2917,7183,8382,2897,8616,14223,13336,13917,,
5027180,M-MUK,medium,Temanggung,B16,28,collecting,44,12631,2929,2918,7182,8380,2899,8615,14220,13333,13916,,
5028180,M-MUK,medium,Temanggung,B16,28,collecting,45,12605,2927,2917,7183,8379,2898,8615,14217,13329,13914,,
5029180,M-MUK,medium,Temanggung,B16,28,collecting,46,12579,2926,2916,7183,8377,2896,8615,14213,13325,13913,,
5030180,M-MUK,medium,Temanggung,B16,28,collecting,47,12553,2927,2916,7184,8376,2900,8614,14210,13320,13911,,
5031180,M-MUK,medium,Temanggung,B16,28,collecting,48,12528,2925,2916,7183,8375,2899,8615,14205,13316,13910,,
5032180,M-MUK,medium,Temanggung,B16,28,collecting,49,12503,2929,2916,7183,8372,2895,8613,14202,13311,13908,,
5033180,M-MUK,medium,Temanggung,B16,28,collecting,50,12478,2928,2915,7184,8370,2899,8612,14197,13306,13906,,
5034180,M-MUK,medium,Temanggung,B16,28,collecting,51,12455,2928,2917,7184,8369,2898,8612,14193,13302,13904,,
5035181,M-MUK,medium,Temanggung,B16,28,collecting,52,12431,2926,2916,7184,8368,2898,8613,14190,13297,13903,,
5036180,M-MUK,medium,Temanggung,B16,28,collecting,53,12409,2929,2917,7184,8367,2899,8613,14186,13292,13901,,
5037180,M-MUK,medium,Temanggung,B16,28,collecting,54,12387,2926,2917,7185,8366,2896,8614,14183,13288,13899,,
5038180,M-MUK,medium,Temanggung,B16,28,collecting,55,12366,2926,2917,7185,8365,2899,8613,14179,13282,13897,,
5039180,M-MUK,medium,Temanggung,B16,28,collecting,56,12346,2927,2917,7185,8364,2898,8613,14176,13278,13895,,
5040180,M-MUK,medium,Temanggung,B16,28,collecting,57,12326,2926,2917,7185,8362,2896,8613,14171,13273,13894,,
5041180,M-MUK,medium,Temanggung,B16,28,collecting,58,12307,2924,2916,7186,8362,2896,8613,14167,13269,13891,,
5042181,M-MUK,medium,Temanggung,B16,28,collecting,59,12289,2926,2916,7186,8361,2898,8613,14165,13265,13891,,
5043180,M-MUK,medium,Temanggung,B16,28,collecting,60,12271,2924,2916,7186,8361,2896,8613,14161,13261,13889,,
5044184,M-MUK,medium,Temanggung,B16,29,purging,1,12254,2926,2916,7186,8359,2898,8612,14159,13256,13887,,
5045180,M-MUK,medium,Temanggung,B16,29,purging,2,12238,2929,2919,7188,8360,2896,8614,14156,13253,13887,,
5046180,M-MUK,medium,Temanggung,B16,29,purging,3,12200,2926,2916,7190,8356,2898,8613,14147,13249,13879,,
5047180,M-MUK,medium,Temanggung,B16,29,purging,4,12128,2926,2916,7190,8348,2898,8608,14127,13237,13866,,
5048180,M-MUK,medium,Temanggung,B16,29,purging,5,12027,2926,2915,7191,8337,2896,8600,14099,13217,13850,,
5049180,M-MUK,medium,Temanggung,B16,29,purging,6,11910,2926,2916,7191,8324,2896,8594,14070,13193,13833,,
5050180,M-MUK,medium,Temanggung,B16,29,purging,7,11785,2924,2916,7192,8311,2894,8588,14039,13164,13818,,
5051181,M-MUK,medium,Temanggung,B16,29,purging,8,11655,2928,2914,7192,8300,2897,8583,14010,13134,13804,,
5052180,M-MUK,medium,Temanggung,B16,29,purging,9,11525,2925,2915,7193,8289,2898,8583,13982,13103,13790,,
5053180,M-MUK,medium,Temanggung,B16,29,purging,10,11399,2925,2914,7193,8280,2895,8582,13955,13072,13776,,
5054180,M-MUK,medium,Temanggung,B16,29,purging,11,11279,2924,2914,7193,8273,2896,8582,13931,13042,13765,,
5055180,M-MUK,medium,Temanggung,B16,29,purging,12,11164,2925,2915,7193,8267,2896,8583,13907,13014,13754,,
5056180,M-MUK,medium,Temanggung,B16,29,purging,13,11058,2923,2915,7194,8261,2896,8584,13885,12986,13743,,
5057180,M-MUK,medium,Temanggung,B16,29,purging,14,10957,2926,2916,7194,8256,2896,8586,13864,12960,13733,,
5058181,M-MUK,medium,Temanggung,B16,29,purging,15,10865,2926,2917,7195,8252,2896,8588,13844,12934,13723,,
5059180,M-MUK,medium,Temanggung,B16,29,purging,16,10780,2926,2918,7195,8249,2896,8591,13825,12910,13713,,
5060180,M-MUK,medium,Temanggung,B16,29,purging,17,10701,2924,2915,7196,8247,2898,8593,13807,12888,13705,,
5061180,M-MUK,medium,Temanggung,B16,29,purging,18,10629,2926,2918,7196,8244,2896,8596,13790,12866,13695,,
5062180,M-MUK,medium,Temanggung,B16,29,purging,19,10563,2926,2917,7197,8241,2896,8597,13773,12845,13686,,
5063180,M-MUK,medium,Temanggung,B16,29,purging,20,10503,2924,2914,7197,8239,2894,8598,13756,12825,13676,,
5064180,M-MUK,medium,Temanggung,B16,29,purging,21,10447,2923,2915,7198,8235,2896,8596,13739,12806,13666,,
5065180,M-MUK,medium,Temanggung,B16,29,purging,22,10397,2923,2917,7198,8231,2896,8595,13723,12787,13657,,
5066180,M-MUK,medium,Temanggung,B16,29,purging,23,10351,2923,2919,7199,8228,2894,8594,13708,12769,13647,,
5067181,M-MUK,medium,Temanggung,B16,29,purging,24,10309,2922,2917,7200,8224,2894,8592,13694,12751,13640,,
5068180,M-MUK,medium,Temanggung,B16,29,purging,25,10270,2922,2916,7200,8221,2896,8592,13680,12734,13632,,
5069180,M-MUK,medium,Temanggung,B16,29,purging,26,10234,2924,2916,7201,8218,2892,8591,13667,12718,13625,,
5070180,M-MUK,medium,Temanggung,B16,29,purging,27,10200,2923,2917,7201,8216,2892,8592,13654,12702,13619,,
5071180,M-MUK,medium,Temanggung,B16,29,purging,28,10169,2922,2917,7202,8214,2896,8592,13643,12687,13613,,
5072180,M-MUK,medium,Temanggung,B16,29,purging,29,10141,2925,2915,7203,8212,2892,8593,13633,12673,13607,,
5073180,M-MUK,medium,Temanggung,B16,29,purging,30,10114,2922,2915,7203,8210,2896,8594,13621,12659,13601,,
5074181,M-MUK,medium,Temanggung,B16,29,purging,31,10088,2923,2915,7204,8209,2891,8595,13611,12646,13595,,
5075180,M-MUK,medium,Temanggung,B16,29,purging,32,10064,2922,2916,7204,8207,2895,8596,13601,12634,13590,,
5076180,M-MUK,medium,Temanggung,B16,29,purging,33,10041,2922,2914,7205,8205,2894,8597,13590,12622,13584,,
5077180,M-MUK,medium,Temanggung,B16,29,purging,34,10020,2921,2917,7205,8204,2892,8597,13580,12609,13579,,
5078180,M-MUK,medium,Temanggung,B16,29,purging,35,10000,2925,2915,7206,8202,2896,8597,13570,12598,13573,,
5079180,M-MUK,medium,Temanggung,B16,29,purging,36,9981,2925,2917,7207,8201,2894,8596,13560,12587,13567,,
5080180,M-MUK,medium,Temanggung,B16,29,purging,37,9965,2923,2913,7207,8199,2894,8596,13551,12576,13561,,
5081180,M-MUK,medium,Temanggung,B16,29,purging,38,9949,2921,2916,7208,8197,2896,8596,13542,12566,13557,,
5082180,M-MUK,medium,Temanggung,B16,29,purging,39,9933,2925,2913,7208,8196,2891,8595,13532,12556,13552,,
5083181,M-MUK,medium,Temanggung,B16,29,purging,40,9918,2926,2915,7209,8195,2895,8596,13524,12546,13548,,
5084180,M-MUK,medium,Temanggung,B16,29,purging,41,9904,2921,2917,7209,8193,2894,8596,13516,12536,13543,,
5085180,M-MUK,medium,Temanggung,B16,29,purging,42,9891,2922,2917,7210,8192,2895,8596,13507,12527,13538,,
5086180,M-MUK,medium,Temanggung,B16,29,purging,43,9879,2923,2913,7210,8191,2894,8597,13499,12518,13533,,
5087180,M-MUK,medium,Temanggung,B16,29,purging,44,9868,2925,2913,7211,8190,2893,8596,13491,12509,13528,,
5088180,M-MUK,medium,Temanggung,B16,29,purging,45,9857,2921,2913,7212,8188,2890,8595,13483,12501,13523,,
5089180,M-MUK,medium,Temanggung,B16,29,purging,46,9846,2925,2912,7213,8186,2891,8594,13475,12492,13518,,
5090181,M-MUK,medium,Temanggung,B16,29,purging,47,9836,2925,2915,7213,8185,2892,8593,13467,12484,13515,,
5091180,M-MUK,medium,Temanggung,B16,29,purging,48,9826,2921,2912,7213,8184,2892,8593,13460,12475,13511,,
5092180,M-MUK,medium,Temanggung,B16,29,purging,49,9817,2925,2914,7214,8182,2891,8594,13453,12468,13508,,
5093180,M-MUK,medium,Temanggung,B16,29,purging,50,9807,2922,2917,7215,8181,2895,8595,13447,12460,13505,,
5094180,M-MUK,medium,Temanggung,B16,29,purging,51,9799,2925,2916,7215,8180,2893,8596,13440,12453,13502,,
5095180,M-MUK,medium,Temanggung,B16,29,purging,52,9790,2922,2915,7216,8179,2893,8597,13435,12446,13500,,
5096180,M-MUK,medium,Temanggung,B16,29,purging,53,9781,2921,2914,7217,8179,2889,8598,13429,12439,13499,,
5097180,M-MUK,medium,Temanggung,B16,29,purging,54,9773,2925,2914,7217,8178,2891,8601,13424,12432,13497,,
5098180,M-MUK,medium,Temanggung,B16,29,purging,55,9764,2921,2912,7218,8179,2891,8603,13419,12425,13496,,
5099181,M-MUK,medium,Temanggung,B16,29,purging,56,9755,2921,2914,7218,8180,2892,8606,13414,12419,13495,,
5100180,M-MUK,medium,Temanggung,B16,29,purging,57,9746,2925,2912,7219,8181,2893,8609,13410,12413,13494,,
5101180,M-MUK,medium,Temanggung,B16,29,purging,58,9737,2924,2913,7219,8182,2892,8613,13406,12407,13494,,
5102180,M-MUK,medium,Temanggung,B16,29,purging,59,9729,2921,2912,7219,8183,2891,8617,13401,12402,13493,,
5103180,M-MUK,medium,Temanggung,B16,29,purging,60,9721,2925,2915,7220,8185,2890,8620,13396,12397,13491,,
5104180,M-MUK,medium,Temanggung,B16,29,purging,61,9713,2925,2916,7221,8186,2893,8621,13392,12392,13488,,
5105180,M-MUK,medium,Temanggung,B16,29,purging,62,9705,2925,2917,7222,8186,2890,8622,13386,12387,13485,,
5106181,M-MUK,medium,Temanggung,B16,29,purging,63,9699,2925,2916,7222,8186,2891,8623,13380,12382,13482,,
5107180,M-MUK,medium,Temanggung,B16,29,purging,64,9693,2925,2915,7224,8187,2890,8624,13374,12378,13480,,
5108180,M-MUK,medium,Temanggung,B16,29,purging,65,9686,2923,2913,7224,8186,2891,8624,13369,12373,13478,,
5109180,M-MUK,medium,Temanggung,B16,29,purging,66,9681,2923,2916,7226,8186,2891,8625,13364,12368,13478,,
5110180,M-MUK,medium,Temanggung,B16,29,purging,67,9675,2922,2916,7226,8187,2891,8627,13361,12364,13477,,
5111180,M-MUK,medium,Temanggung,B16,29,purging,68,9670,2920,2916,7227,8187,2893,8628,13357,12360,13476,,
5112180,M-MUK,medium,Temanggung,B16,29,purging,69,9665,2921,2913,7227,8188,2892,8630,13352,12357,13474,,
5113180,M-MUK,medium,Temanggung,B16,29,purging,70,9660,2923,2913,7228,8188,2889,8631,13348,12352,13473,,
5114180,M-MUK,medium,Temanggung,B16,29,purging,71,9655,2922,2915,7229,8188,2890,8632,13344,12348,13472,,
5115181,M-MUK,medium,Temanggung,B16,29,purging,72,9650,2921,2915,7230,8189,2889,8633,13340,12345,13471,,
5116180,M-MUK,medium,Temanggung,B16,29,purging,73,9645,2925,2915,7231,8189,2890,8634,13336,12341,13470,,
5117180,M-MUK,medium,Temanggung,B16,29,purging,74,9641,2921,2912,7231,8190,2889,8635,13333,12338,13469,,
5118180,M-MUK,medium,Temanggung,B16,29,purging,75,9636,2920,2916,7233,8190,2889,8636,13329,12336,13468,,
5119180,M-MUK,medium,Temanggung,B16,29,purging,76,9631,2920,2912,7234,8191,2889,8637,13326,12332,13466,,
5120180,M-MUK,medium,Temanggung,B16,29,purging,77,9627,2921,2913,7234,8191,2889,8639,13321,12329,13465,,
5121180,M-MUK,medium,Temanggung,B16,29,purging,78,9622,2920,2915,7236,8192,2889,8641,13317,12326,13464,,
5122181,M-MUK,medium,Temanggung,B16,29,purging,79,9618,2922,2912,7236,8192,2889,8641,13314,12323,13463,,
5123180,M-MUK,medium,Temanggung,B16,29,purging,80,9614,2924,2914,7238,8192,2891,8641,13310,12320,13461,,
5124180,M-MUK,medium,Temanggung,B16,29,purging,81,9610,2922,2912,7239,8193,2889,8643,13306,12317,13460,,
5125180,M-MUK,medium,Temanggung,B16,29,purging,82,9606,2920,2916,7240,8192,2890,8643,13302,12314,13458,,
5126180,M-MUK,medium,Temanggung,B16,29,purging,83,9603,2919,2914,7240,8192,2889,8643,13298,12310,13456,,
5127180,M-MUK,medium,Temanggung,B16,29,purging,84,9599,2919,2915,7241,8191,2889,8643,13294,12307,13455,,
5128180,M-MUK,medium,Temanggung,B16,29,purging,85,9596,2920,2915,7242,8191,2889,8643,13290,12304,13453,,
5129180,M-MUK,medium,Temanggung,B16,29,purging,86,9591,2919,2912,7243,8190,2889,8643,13286,12301,13452,,
5130180,M-MUK,medium,Temanggung,B16,29,purging,87,9588,2924,2913,7244,8190,2892,8644,13283,12297,13452,,
5131181,M-MUK,medium,Temanggung,B16,29,purging,88,9584,2919,2914,7245,8189,2892,8645,13280,12294,13451,,
5132180,M-MUK,medium,Temanggung,B16,29,purging,89,9580,2923,2914,7245,8190,2891,8646,13276,12291,13451,,
5133180,M-MUK,medium,Temanggung,B16,29,purging,90,9576,2922,2914,7246,8190,2890,8649,13274,12288,13451,,
5134180,M-MUK,medium,Temanggung,B16,29,purging,91,9572,2918,2914,7247,8190,2887,8650,13271,12286,13451,,
5135180,M-MUK,medium,Temanggung,B16,29,purging,92,9568,2920,2914,7248,8191,2889,8652,13269,12282,13451,,
5136180,M-MUK,medium,Temanggung,B16,29,purging,93,9564,2919,2909,7249,8192,2891,8654,13265,12280,13450,,
5137180,M-MUK,medium,Temanggung,B16,29,purging,94,9559,2920,2912,7251,8193,2890,8656,13263,12277,13450,,
5138181,M-MUK,medium,Temanggung,B16,29,purging,95,9555,2920,2914,7252,8193,2891,8658,13260,12275,13451,,
5139180,M-MUK,medium,Temanggung,B16,29,purging,96,9551,2920,2914,7253,8195,2887,8661,13257,12272,13451,,
5140180,M-MUK,medium,Temanggung,B16,29,purging,97,9546,2924,2909,7254,8196,2891,8664,13255,12269,13451,,
5141180,M-MUK,medium,Temanggung,B16,29,purging,98,9542,2917,2912,7255,8196,2892,8667,13253,12267,13452,,
5142180,M-MUK,medium,Temanggung,B16,29,purging,99,9537,2921,2913,7256,8198,2888,8670,13250,12265,13452,,
5143180,M-MUK,medium,Temanggung,B16,29,purging,100,9534,2918,2910,7257,8199,2891,8672,13247,12263,13453,,
5144180,M-MUK,medium,Temanggung,B16,29,purging,101,9530,2920,2914,7258,8201,2888,8674,13245,12261,13452,,
5145180,M-MUK,medium,Temanggung,B16,29,purging,102,9526,2919,2912,7259,8202,2890,8675,13243,12258,13452,,
5146180,M-MUK,medium,Temanggung,B16,29,purging,103,9522,2918,2911,7260,8203,2891,8677,13240,12257,13452,,
5147181,M-MUK,medium,Temanggung,B16,29,purging,104,9519,2918,2912,7261,8205,2889,8678,13237,12255,13451,,
5148180,M-MUK,medium,Temanggung,B16,29,purging,105,9515,2923,2911,7262,8205,2891,8679,13234,12253,13451,,
5149180,M-MUK,medium,Temanggung,B16,29,purging,106,9512,2921,2914,7264,8205,2889,8680,13231,12251,13450,,
5150180,M-MUK,medium,Temanggung,B16,29,purging,107,9510,2918,2909,7264,8206,2891,8681,13228,12249,13448,,
5151180,M-MUK,medium,Temanggung,B16,29,purging,108,9507,2917,2911,7265,8206,2887,8681,13225,12246,13447,,
5152180,M-MUK,medium,Temanggung,B16,29,purging,109,9504,2920,2912,7267,8206,2891,8680,13221,12244,13446,,
5153180,M-MUK,medium,Temanggung,B16,29,purging,110,9502,2920,2912,7268,8206,2891,8680,13218,12242,13444,,
5154181,M-MUK,medium,Temanggung,B16,29,purging,111,9499,2918,2911,7269,8205,2891,8680,13215,12240,13443,,
5155180,M-MUK,medium,Temanggung,B16,29,purging,112,9497,2917,2911,7270,8204,2891,8680,13212,12238,13442,,
5156180,M-MUK,medium,Temanggung,B16,29,purging,113,9495,2920,2911,7271,8204,2892,8680,13209,12236,13442,,
5157180,M-MUK,medium,Temanggung,B16,29,purging,114,9493,2920,2913,7273,8204,2889,8679,13206,12234,13440,,
5158180,M-MUK,medium,Temanggung,B16,29,purging,115,9490,2917,2909,7273,8204,2889,8679,13203,12231,13439,,
5159180,M-MUK,medium,Temanggung,B16,29,purging,116,9488,2917,2912,7275,8203,2891,8680,13200,12229,13438,,
5160180,M-MUK,medium,Temanggung,B16,29,purging,117,9485,2917,2908,7276,8203,2891,8680,13197,12226,13437,,
5161180,M-MUK,medium,Temanggung,B16,29,purging,118,9483,2917,2909,7277,8203,2889,8680,13194,12224,13436,,
5162180,M-MUK,medium,Temanggung,B16,29,purging,119,9480,2917,2912,7277,8202,2885,8679,13191,12221,13434,,
5163181,M-MUK,medium,Temanggung,B16,29,purging,120,9478,2918,2909,7278,8200,2892,8679,13187,12218,13432,,
5164183,M-MUK,medium,Temanggung,B16,29,collecting,1,9476,2917,2908,7279,8199,2887,8678,13184,12216,13430,,
5165180,M-MUK,medium,Temanggung,B16,29,collecting,2,9473,2918,2909,7278,8196,2891,8675,13180,12211,13428,,
5166180,M-MUK,medium,Temanggung,B16,29,collecting,3,9560,2921,2913,7278,8210,2890,8682,13190,12213,13439,,
5167180,M-MUK,medium,Temanggung,B16,29,collecting,4,9875,2918,2911,7279,8248,2887,8706,13244,12249,13486,,
5168180,M-MUK,medium,Temanggung,B16,29,collecting,5,10365,2919,2911,7279,8301,2889,8737,13343,12323,13548,,
5169180,M-MUK,medium,Temanggung,B16,29,collecting,6,10905,2923,2909,7281,8357,2890,8765,13463,12426,13612,,
5170181,M-MUK,medium,Temanggung,B16,29,collecting,7,11405,2921,2910,7281,8407,2891,8787,13584,12543,13674,,
5171180,M-MUK,medium,Temanggung,B16,29,collecting,8,11830,2924,2911,7282,8448,2891,8802,13695,12664,13730,,
5172180,M-MUK,medium,Temanggung,B16,29,collecting,9,12179,2924,2912,7283,8480,2888,8813,13792,12780,13780,,
5173180,M-MUK,medium,Temanggung,B16,29,collecting,10,12460,2926,2911,7283,8507,2892,8818,13878,12888,13825,,
5174180,M-MUK,medium,Temanggung,B16,29,collecting,11,12685,2922,2911,7283,8528,2891,8823,13953,12987,13866,,
5175180,M-MUK,medium,Temanggung,B16,29,collecting,12,12866,2925,2911,7284,8546,2892,8826,14016,13076,13901,,
5176180,M-MUK,medium,Temanggung,B16,29,collecting,13,13011,2924,2913,7285,8562,2892,8829,14071,13156,13933,,
5177180,M-MUK,medium,Temanggung,B16,29,collecting,14,13125,2923,2910,7285,8574,2892,8830,14121,13227,13961,,
5178180,M-MUK,medium,Temanggung,B16,29,collecting,15,13215,2924,2911,7285,8584,2892,8831,14163,13289,13984,,
5179181,M-MUK,medium,Temanggung,B16,29,collecting,16,13284,2927,2909,7285,8592,2891,8831,14198,13344,14006,,
5180180,M-MUK,medium,Temanggung,B16,29,collecting,17,13334,2927,2911,7285,8598,2891,8830,14230,13391,14024,,
5181180,M-MUK,medium,Temanggung,B16,29,collecting,18,13370,2926,2909,7285,8603,2891,8828,14256,13434,14040,,
5182180,M-MUK,medium,Temanggung,B16,29,collecting,19,13392,2922,2911,7285,8606,2890,8825,14277,13469,14053,,
5183180,M-MUK,medium,Temanggung,B16,29,collecting,20,13404,2924,2911,7285,8608,2890,8823,14296,13499,14064,,
5184180,M-MUK,medium,Temanggung,B16,29,collecting,21,13405,2928,2909,7285,8608,2893,8821,14311,13526,14074,,
5185180,M-MUK,medium,Temanggung,B16,29,collecting,22,13399,2924,2909,7284,8608,2892,8818,14323,13548,14083,,
5186181,M-MUK,medium,Temanggung,B16,29,collecting,23,13387,2924,2909,7284,8608,2891,8815,14333,13566,14089,,
5187180,M-MUK,medium,Temanggung,B16,29,collecting,24,13370,2924,2911,7284,8606,2891,8811,14340,13580,14093,,
5188180,M-MUK,medium,Temanggung,B16,29,collecting,25,13347,2924,2910,7284,8604,2891,8808,14345,13592,14096,,
5189180,M-MUK,medium,Temanggung,B16,29,collecting,26,13319,2925,2912,7284,8601,2892,8804,14348,13601,14099,,
5190180,M-MUK,medium,Temanggung,B16,29,collecting,27,13289,2926,2909,7284,8597,2891,8800,14350,13607,14100,,
5191180,M-MUK,medium,Temanggung,B16,29,collecting,28,13255,2924,2911,7284,8594,2892,8797,14350,13611,14100,,
5192180,M-MUK,medium,Temanggung,B16,29,collecting,29,13218,2923,2909,7284,8589,2896,8792,14348,13613,14100,,
5193180,M-MUK,medium,Temanggung,B16,29,collecting,30,13181,2923,2910,7284,8584,2889,8788,14346,13613,14099,,
5194180,M-MUK,medium,Temanggung,B16,29,collecting,31,13142,2926,2911,7283,8579,2891,8784,14343,13612,14097,,
5195181,M-MUK,medium,Temanggung,B16,29,collecting,32,13101,2921,2911,7283,8575,2891,8780,14340,13609,14095,,
5196180,M-MUK,medium,Temanggung,B16,29,collecting,33,13061,2922,2908,7283,8570,2892,8776,14336,13606,14093,,
5197180,M-MUK,medium,Temanggung,B16,29,collecting,34,13019,2922,2911,7284,8565,2894,8773,14332,13601,14090,,
5198180,M-MUK,medium,Temanggung,B16,29,collecting,35,12977,2922,2906,7283,8559,2892,8770,14327,13596,14087,,
5199180,M-MUK,medium,Temanggung,B16,29,collecting,36,12936,2924,2910,7283,8555,2889,8767,14322,13590,14083,,
5200180,M-MUK,medium,Temanggung,B16,29,collecting,37,12894,2921,2908,7283,8549,2892,8764,14316,13583,14080,,
5201180,M-MUK,medium,Temanggung,B16,29,collecting,38,12853,2925,2909,7284,8545,2893,8760,14310,13576,14077,,
5202181,M-MUK,medium,Temanggung,B16,29,collecting,39,12813,2922,2913,7284,8541,2892,8757,14305,13570,14073,,
5203180,M-MUK,medium,Temanggung,B16,29,collecting,40,12774,2922,2909,7284,8536,2889,8755,14299,13562,14070,,
5204180,M-MUK,medium,Temanggung,B16,29,collecting,41,12735,2921,2913,7285,8531,2892,8752,14293,13554,14066,,
5205180,M-MUK,medium,Temanggung,B16,29,collecting,42,12697,2924,2908,7285,8527,2889,8750,14287,13546,14062,,
5206180,M-MUK,medium,Temanggung,B16,29,collecting,43,12659,2924,2911,7285,8523,2892,8748,14280,13538,14058,,
5207180,M-MUK,medium,Temanggung,B16,29,collecting,44,12622,2922,2909,7285,8519,2889,8745,14274,13529,14054,,
5208180,M-MUK,medium,Temanggung,B16,29,collecting,45,12585,2921,2911,7285,8515,2889,8743,14267,13521,14051,,
5209180,M-MUK,medium,Temanggung,B16,29,collecting,46,12549,2925,2910,7286,8512,2890,8741,14260,13513,14046,,
5210180,M-MUK,medium,Temanggung,B16,29,collecting,47,12516,2922,2909,7285,8507,2894,8739,14255,13504,14042,,
5211181,M-MUK,medium,Temanggung,B16,29,collecting,48,12482,2924,2909,7286,8504,2893,8737,14248,13495,14038,,
5212180,M-MUK,medium,Temanggung,B16,29,collecting,49,12450,2925,2914,7286,8500,2889,8734,14242,13487,14034,,
5213180,M-MUK,medium,Temanggung,B16,29,collecting,50,12419,2922,2911,7286,8497,2889,8732,14235,13479,14029,,
5214180,M-MUK,medium,Temanggung,B16,29,collecting,51,12390,2926,2909,7286,8493,2891,8730,14229,13470,14025,,
5215180,M-MUK,medium,Temanggung,B16,29,collecting,52,12361,2923,2911,7286,8488,2889,8728,14222,13462,14020,,
5216180,M-MUK,medium,Temanggung,B16,29,collecting,53,12333,2924,2912,7287,8485,2891,8726,14216,13454,14016,,
5217180,M-MUK,medium,Temanggung,B16,29,collecting,54,12306,2922,2912,7287,8482,2889,8724,14210,13445,14011,,
5218181,M-MUK,medium,Temanggung,B16,29,collecting,55,12281,2922,2915,7287,8479,2893,8723,14204,13438,14007,,
5219180,M-MUK,medium,Temanggung,B16,29,collecting,56,12257,2922,2912,7287,8475,2889,8720,14198,13430,14003,,
5220180,M-MUK,medium,Temanggung,B16,29,collecting,57,12234,2927,2912,7287,8472,2890,8719,14193,13422,13999,,
5221180,M-MUK,medium,Temanggung,B16,29,collecting,58,12212,2922,2914,7288,8469,2893,8718,14187,13414,13996,,
5222180,M-MUK,medium,Temanggung,B16,29,collecting,59,12189,2923,2913,7288,8466,2889,8717,14182,13406,13992,,
5223180,M-MUK,medium,Temanggung,B16,29,collecting,60,12166,2923,2914,7288,8463,2889,8716,14176,13399,13987,,
5224183,M-MUK,medium,Temanggung,B16,30,purging,1,12145,2924,2911,7289,8460,2891,8715,14170,13391,13984,,
5225180,M-MUK,medium,Temanggung,B16,30,purging,2,12125,2921,2915,7290,8459,2890,8715,14165,13385,13981,,
5226180,M-MUK,medium,Temanggung,B16,30,purging,3,12085,2922,2911,7291,8454,2889,8713,14155,13377,13972,,
5227181,M-MUK,medium,Temanggung,B16,30,purging,4,12011,2925,2914,7292,8446,2889,8707,14134,13363,13958,,
5228180,M-MUK,medium,Temanggung,B16,30,purging,5,11912,2926,2913,7292,8433,2889,8700,14108,13342,13942,,
5229180,M-MUK,medium,Temanggung,B16,30,purging,6,11796,2922,2913,7292,8421,2892,8693,14078,13315,13925,,
5230180,M-MUK,medium,Temanggung,B16,30,purging,7,11670,2926,2913,7293,8408,2889,8686,14049,13286,13908,,
5231180,M-MUK,medium,Temanggung,B16,30,purging,8,11543,2926,2912,7293,8394,2889,8680,14019,13255,13892,,
5232180,M-MUK,medium,Temanggung,B16,30,purging,9,11417,2923,2914,7293,8382,2889,8676,13990,13224,13875,,
5233180,M-MUK,medium,Temanggung,B16,30,purging,10,11295,2925,2915,7293,8371,2892,8671,13963,13192,13859,,
5234181,M-MUK,medium,Temanggung,B16,30,purging,11,11178,2924,2914,7294,8361,2889,8667,13938,13161,13843,,
5235180,M-MUK,medium,Temanggung,B16,30,purging,12,11069,2925,2912,7294,8351,2886,8663,13913,13131,13828,,
5236180,M-MUK,medium,Temanggung,B16,30,purging,13,10967,2924,2915,7294,8341,2889,8660,13889,13102,13812,,
5237180,M-MUK,medium,Temanggung,B16,30,purging,14,10872,2924,2916,7295,8332,2892,8657,13866,13073,13798,,
5238180,M-MUK,medium,Temanggung,B16,30,purging,15,10785,2925,2911,7295,8323,2889,8653,13845,13045,13784,,
5239180,M-MUK,medium,Temanggung,B16,30,purging,16,10705,2923,2912,7295,8314,2891,8649,13825,13019,13772,,
5240180,M-MUK,medium,Temanggung,B16,30,purging,17,10632,2925,2913,7295,8309,2892,8648,13809,12994,13764,,
5241180,M-MUK,medium,Temanggung,B16,30,purging,18,10568,2924,2914,7296,8306,2892,8648,13796,12973,13756,,
5242180,M-MUK,medium,Temanggung,B16,30,purging,19,10510,2923,2911,7296,8303,2889,8648,13785,12954,13748,,
5243181,M-MUK,medium,Temanggung,B16,30,purging,20,10458,2920,2914,7297,8300,2889,8647,13774,12937,13739,,
5244180,M-MUK,medium,Temanggung,B16,30,purging,21,10411,2920,2914,7298,8296,2891,8644,13762,12920,13729,,
5245180,M-MUK,medium,Temanggung,B16,30,purging,22,10367,2920,2914,7298,8290,2887,8640,13749,12903,13718,,
5246180,M-MUK,medium,Temanggung,B16,30,purging,23,10326,2920,2914,7298,8284,2891,8635,13735,12886,13706,,
5247180,M-MUK,medium,Temanggung,B16,30,purging,24,10288,2924,2910,7299,8275,2892,8629,13720,12868,13693,,
5248180,M-MUK,medium,Temanggung,B16,30,purging,25,10251,2919,2914,7299,8267,2891,8623,13704,12849,13680,,
5249180,M-MUK,medium,Temanggung,B16,30,purging,26,10217,2922,2915,7299,8257,2891,8617,13687,12830,13667,,
5250181,M-MUK,medium,Temanggung,B16,30,purging,27,10184,2924,2915,7299,8248,2889,8610,13671,12810,13654,,
5251180,M-MUK,medium,Temanggung,B16,30,purging,28,10153,2921,2914,7300,8238,2889,8604,13656,12790,13643,,
5252180,M-MUK,medium,Temanggung,B16,30,purging,29,10125,2920,2912,7300,8229,2889,8600,13641,12771,13632,,
5253180,M-MUK,medium,Temanggung,B16,30,purging,30,10097,2920,2914,7300,8222,2887,8596,13627,12751,13622,,
5254180,M-MUK,medium,Temanggung,B16,30,purging,31,10073,2920,2915,7301,8215,2889,8592,13614,12733,13614,,
5255180,M-MUK,medium,Temanggung,B16,30,purging,32,10049,2919,2916,7301,8209,2892,8590,13603,12716,13606,,
5256180,M-MUK,medium,Temanggung,B16,30,purging,33,10028,2924,2912,7301,8205,2890,8589,13593,12699,13600,,
5257180,M-MUK,medium,Temanggung,B16,30,purging,34,10010,2921,2914,7301,8202,2889,8589,13584,12685,13595,,
5258180,M-MUK,medium,Temanggung,B16,30,purging,35,9993,2920,2915,7301,8200,2889,8591,13577,12673,13590,,
5259181,M-MUK,medium,Temanggung,B16,30,purging,36,9979,2921,2912,7301,8199,2892,8591,13571,12661,13585,,
5260180,M-MUK,medium,Temanggung,B16,30,purging,37,9966,2923,2914,7301,8197,2888,8591,13565,12650,13581,,
5261180,M-MUK,medium,Temanggung,B16,30,purging,38,9953,2925,2914,7301,8196,2888,8592,13560,12640,13576,,
5262180,M-MUK,medium,Temanggung,B16,30,purging,39,9942,2921,2914,7302,8194,2889,8592,13554,12631,13572,,
5263180,M-MUK,medium,Temanggung,B16,30,purging,40,9931,2920,2912,7302,8194,2889,8592,13548,12622,13568,,
5264180,M-MUK,medium,Temanggung,B16,30,purging,41,9921,2921,2912,7302,8193,2892,8591,13543,12613,13563,,
5265180,M-MUK,medium,Temanggung,B16,30,purging,42,9911,2920,2915,7303,8191,2889,8592,13538,12605,13560,,
5266181,M-MUK,medium,Temanggung,B16,30,purging,43,9903,2925,2912,7303,8190,2889,8591,13533,12597,13555,,
5267180,M-MUK,medium,Temanggung,B16,30,purging,44,9894,2922,2915,7303,8188,2892,8591,13527,12589,13551,,
5268180,M-MUK,medium,Temanggung,B16,30,purging,45,9885,2923,2912,7303,8185,2887,8590,13521,12582,13546,,
5269180,M-MUK,medium,Temanggung,B16,30,purging,46,9877,2920,2914,7303,8183,2890,8589,13514,12574,13541,,
5270180,M-MUK,medium,Temanggung,B16,30,purging,47,9869,2924,2916,7303,8180,2889,8587,13509,12565,13536,,
5271180,M-MUK,medium,Temanggung,B16,30,purging,48,9861,2919,2913,7303,8177,2889,8586,13503,12558,13533,,
5272180,M-MUK,medium,Temanggung,B16,30,purging,49,9854,2920,2914,7303,8176,2889,8587,13498,12551,13529,,
5273180,M-MUK,medium,Temanggung,B16,30,purging,50,9846,2920,2913,7303,8174,2891,8586,13494,12544,13526,,
5274180,M-MUK,medium,Temanggung,B16,30,purging,51,9839,2923,2915,7303,8173,2889,8586,13489,12537,13523,,
5275181,M-MUK,medium,Temanggung,B16,30,purging,52,9831,2924,2912,7303,8171,2887,8586,13484,12530,13519,,
5276180,M-MUK,medium,Temanggung,B16,30,purging,53,9824,2921,2915,7303,8169,2889,8585,13478,12523,13515,,
5277180,M-MUK,medium,Temanggung,B16,30,purging,54,9817,2920,2915,7303,8167,2889,8585,13473,12516,13512,,
5278180,M-MUK,medium,Temanggung,B16,30,purging,55,9809,2921,2909,7304,8166,2891,8585,13468,12509,13509,,
5279180,M-MUK,medium,Temanggung,B16,30,purging,56,9801,2924,2916,7303,8165,2887,8586,13464,12503,13508,,
5280180,M-MUK,medium,Temanggung,B16,30,purging,57,9794,2922,2912,7303,8164,2892,8587,13458,12496,13504,,
5281180,M-MUK,medium,Temanggung,B16,30,purging,58,9787,2919,2912,7303,8163,2891,8588,13453,12490,13501,,
5282181,M-MUK,medium,Temanggung,B16,30,purging,59,9780,2920,2911,7303,8162,2891,8587,13448,12483,13498,,
5283180,M-MUK,medium,Temanggung,B16,30,purging,60,9772,2922,2911,7303,8161,2891,8588,13442,12476,13493,,
5284180,M-MUK,medium,Temanggung,B16,30,purging,61,9765,2919,2915,7303,8159,2889,8588,13436,12469,13489,,
5285180,M-MUK,medium,Temanggung,B16,30,purging,62,9758,2921,2912,7303,8157,2887,8587,13430,12462,13485,,
5286180,M-MUK,medium,Temanggung,B16,30,purging,63,9751,2924,2917,7303,8154,2891,8586,13424,12455,13481,,
5287180,M-MUK,medium,Temanggung,B16,30,purging,64,9745,2920,2913,7303,8152,2889,8584,13418,12448,13477,,
5288180,M-MUK,medium,Temanggung,B16,30,purging,65,9738,2921,2914,7303,8150,2890,8583,13412,12442,13473,,
5289180,M-MUK,medium,Temanggung,B16,30,purging,66,9733,2920,2917,7304,8147,2887,8582,13407,12434,13468,,
5290180,M-MUK,medium,Temanggung,B16,30,purging,67,9728,2922,2912,7304,8144,2887,8581,13401,12427,13465,,
5291181,M-MUK,medium,Temanggung,B16,30,purging,68,9723,2920,2916,7303,8142,2891,8580,13395,12420,13461,,
5292180,M-MUK,medium,Temanggung,B16,30,purging,69,9718,2922,2916,7303,8140,2887,8579,13390,12413,13457,,
5293180,M-MUK,medium,Temanggung,B16,30,purging,70,9714,2920,2915,7303,8137,2887,8577,13385,12406,13453,,
5294180,M-MUK,medium,Temanggung,B16,30,purging,71,9708,2920,2915,7303,8134,2891,8576,13379,12400,13449,,
5295180,M-MUK,medium,Temanggung,B16,30,purging,72,9704,2920,2911,7303,8131,2886,8574,13374,12393,13445,,
5296180,M-MUK,medium,Temanggung,B16,30,purging,73,9700,2920,2912,7303,8130,2889,8573,13368,12387,13442,,
5297180,M-MUK,medium,Temanggung,B16,30,purging,74,9696,2922,2910,7303,8129,2889,8573,13364,12382,13441,,
5298181,M-MUK,medium,Temanggung,B16,30,purging,75,9693,2921,2914,7303,8127,2887,8573,13361,12377,13438,,
5299180,M-MUK,medium,Temanggung,B16,30,purging,76,9690,2920,2914,7303,8127,2890,8574,13358,12372,13436,,
5300180,M-MUK,medium,Temanggung,B16,30,purging,77,9687,2919,2914,7303,8126,2887,8575,13354,12367,13434,,
5301180,M-MUK,medium,Temanggung,B16,30,purging,78,9684,2920,2913,7303,8125,2891,8575,13350,12362,13432,,
5302180,M-MUK,medium,Temanggung,B16,30,purging,79,9682,2921,2914,7303,8124,2890,8575,13346,12358,13428,,
5303180,M-MUK,medium,Temanggung,B16,30,purging,80,9679,2920,2911,7303,8121,2888,8574,13341,12353,13424,,
5304180,M-MUK,medium,Temanggung,B16,30,purging,81,9675,2919,2914,7303,8118,2891,8573,13337,12347,13421,,
5305180,M-MUK,medium,Temanggung,B16,30,purging,82,9672,2921,2915,7302,8115,2889,8571,13331,12341,13416,,
5306180,M-MUK,medium,Temanggung,B16,30,purging,83,9668,2920,2913,7302,8114,2891,8568,13326,12335,13413,,
5307181,M-MUK,medium,Temanggung,B16,30,purging,84,9664,2923,2913,7302,8112,2887,8567,13322,12330,13410,,
5308180,M-MUK,medium,Temanggung,B16,30,purging,85,9660,2922,2910,7302,8110,2890,8565,13318,12324,13408,,
5309180,M-MUK,medium,Temanggung,B16,30,purging,86,9657,2920,2915,7302,8108,2890,8565,13315,12319,13405,,
5310180,M-MUK,medium,Temanggung,B16,30,purging,87,9655,2919,2913,7301,8107,2889,8564,13311,12314,13403,,
5311180,M-MUK,medium,Temanggung,B16,30,purging,88,9653,2924,2911,7301,8106,2890,8564,13309,12310,13401,,
5312180,M-MUK,medium,Temanggung,B16,30,purging,89,9650,2922,2914,7300,8104,2892,8562,13306,12306,13399,,
5313180,M-MUK,medium,Temanggung,B16,30,purging,90,9648,2918,2910,7300,8102,2891,8562,13303,12302,13395,,
5314181,M-MUK,medium,Temanggung,B16,30,purging,91,9647,2918,2911,7300,8100,2886,8559,13299,12297,13391,,
5315180,M-MUK,medium,Temanggung,B16,30,purging,92,9645,2922,2913,7300,8097,2889,8556,13294,12293,13387,,
5316180,M-MUK,medium,Temanggung,B16,30,purging,93,9642,2922,2915,7299,8093,2892,8553,13289,12287,13383,,
5317180,M-MUK,medium,Temanggung,B16,30,purging,94,9640,2922,2915,7299,8090,2886,8551,13284,12281,13379,,
5318180,M-MUK,medium,Temanggung,B16,30,purging,95,9637,2919,2912,7299,8087,2887,8549,13280,12276,13376,,
5319180,M-MUK,medium,Temanggung,B16,30,purging,96,9635,2921,2910,7298,8084,2890,8548,13276,12270,13373,,
5320180,M-MUK,medium,Temanggung,B16,30,purging,97,9632,2920,2909,7298,8081,2889,8546,13272,12265,13370,,
5321180,M-MUK,medium,Temanggung,B16,30,purging,98,9630,2923,2911,7298,8079,2887,8545,13268,12259,13367,,
5322180,M-MUK,medium,Temanggung,B16,30,purging,99,9627,2919,2914,7297,8076,2887,8543,13264,12254,13364,,
5323181,M-MUK,medium,Temanggung,B16,30,purging,100,9625,2919,2914,7296,8074,2886,8543,13260,12248,13362,,
5324180,M-MUK,medium,Temanggung,B16,30,purging,101,9622,2919,2912,7296,8072,2891,8542,13256,12243,13358,,
5325180,M-MUK,medium,Temanggung,B16,30,purging,102,9619,2919,2911,7295,8069,2887,8541,13253,12238,13355,,
5326180,M-MUK,medium,Temanggung,B16,30,purging,103,9616,2920,2915,7295,8066,2890,8539,13248,12232,13351,,
5327180,M-MUK,medium,Temanggung,B16,30,purging,104,9612,2920,2911,7294,8063,2889,8537,13243,12226,13347,,
5328180,M-MUK,medium,Temanggung,B16,30,purging,105,9609,2924,2912,7294,8060,2887,8534,13237,12219,13343,,
5329180,M-MUK,medium,Temanggung,B16,30,purging,106,9604,2919,2913,7293,8057,2889,8531,13232,12213,13339,,
5330181,M-MUK,medium,Temanggung,B16,30,purging,107,9601,2919,2911,7293,8053,2889,8529,13226,12205,13334,,
5331180,M-MUK,medium,Temanggung,B16,30,purging,108,9596,2921,2914,7292,8050,2889,8527,13221,12199,13331,,
5332180,M-MUK,medium,Temanggung,B16,30,purging,109,9592,2922,2914,7292,8046,2887,8525,13215,12192,13328,,
5333180,M-MUK,medium,Temanggung,B16,30,purging,110,9587,2918,2914,7291,8043,2892,8524,13210,12184,13324,,
5334180,M-MUK,medium,Temanggung,B16,30,purging,111,9583,2919,2914,7290,8041,2889,8522,13205,12178,13321,,
5335180,M-MUK,medium,Temanggung,B16,30,purging,112,9579,2923,2914,7290,8038,2892,8522,13201,12172,13318,,
5336180,M-MUK,medium,Temanggung,B16,30,purging,113,9574,2918,2914,7289,8036,2889,8522,13196,12165,13316,,
5337180,M-MUK,medium,Temanggung,B16,30,purging,114,9571,2919,2911,7288,8034,2887,8521,13192,12159,13313,,
5338180,M-MUK,medium,Temanggung,B16,30,purging,115,9567,2919,2914,7288,8032,2891,8521,13188,12153,13311,,
5339181,M-MUK,medium,Temanggung,B16,30,purging,116,9565,2923,2910,7287,8031,2889,8520,13184,12148,13308,,
5340180,M-MUK,medium,Temanggung,B16,30,purging,117,9562,2918,2911,7287,8029,2889,8519,13180,12142,13305,,
5341180,M-MUK,medium,Temanggung,B16,30,purging,118,9559,2919,2911,7286,8027,2889,8518,13175,12136,13302,,
5342180,M-MUK,medium,Temanggung,B16,30,purging,119,9556,2919,2912,7285,8024,2889,8517,13171,12130,13298,,
5343180,M-MUK,medium,Temanggung,B16,30,purging,120,9553,2919,2914,7284,8021,2894,8515,13166,12124,13295,,
5344183,M-MUK,medium,Temanggung,B16,30,collecting,1,9549,2920,2912,7283,8019,2889,8513,13161,12118,13291,,
5345180,M-MUK,medium,Temanggung,B16,30,collecting,2,9546,2919,2914,7280,8015,2889,8511,13157,12111,13296,,
5346181,M-MUK,medium,Temanggung,B16,30,collecting,3,9630,2922,2914,7279,8029,2887,8527,13172,12111,13322,,
5347180,M-MUK,medium,Temanggung,B16,30,collecting,4,9924,2920,2911,7278,8069,2889,8561,13230,12143,13376,,
5348180,M-MUK,medium,Temanggung,B16,30,collecting,5,10379,2919,2914,7278,8127,2889,8605,13324,12211,13441,,
5349180,M-MUK,medium,Temanggung,B16,30,collecting,6,10887,2923,2912,7277,8189,2889,8646,13439,12310,13509,,
5350180,M-MUK,medium,Temanggung,B16,30,collecting,7,11362,2926,2916,7276,8245,2889,8677,13556,12423,13572,,
5351180,M-MUK,medium,Temanggung,B16,30,collecting,8,11769,2922,2910,7276,8294,2889,8700,13661,12539,13629,,
5352180,M-MUK,medium,Temanggung,B16,30,collecting,9,12105,2921,2910,7275,8334,2888,8717,13758,12652,13679,,
5353180,M-MUK,medium,Temanggung,B16,30,collecting,10,12379,2925,2912,7274,8365,2889,8729,13840,12756,13723,,
5354180,M-MUK,medium,Temanggung,B16,30,collecting,11,12598,2923,2915,7273,8392,2889,8737,13913,12852,13762,,
5355181,M-MUK,medium,Temanggung,B16,30,collecting,12,12775,2923,2915,7272,8413,2890,8742,13974,12939,13796,,
5356180,M-MUK,medium,Temanggung,B16,30,collecting,13,12917,2925,2915,7271,8431,2889,8745,14030,13016,13828,,
5357180,M-MUK,medium,Temanggung,B16,30,collecting,14,13029,2924,2914,7270,8445,2889,8747,14076,13086,13854,,
5358180,M-MUK,medium,Temanggung,B16,30,collecting,15,13117,2924,2915,7269,8457,2890,8748,14116,13147,13878,,
5359180,M-MUK,medium,Temanggung,B16,30,collecting,16,13185,2926,2915,7268,8466,2887,8748,14151,13201,13898,,
5360180,M-MUK,medium,Temanggung,B16,30,collecting,17,13235,2926,2913,7267,8474,2890,8747,14180,13248,13915,,
5361180,M-MUK,medium,Temanggung,B16,30,collecting,18,13270,2930,2914,7267,8479,2894,8744,14204,13289,13930,,
5362181,M-MUK,medium,Temanggung,B16,30,collecting,19,13292,2927,2916,7265,8482,2889,8742,14224,13325,13942,,
5363180,M-MUK,medium,Temanggung,B16,30,collecting,20,13303,2927,2915,7265,8484,2889,8739,14240,13354,13952,,
5364180,M-MUK,medium,Temanggung,B16,30,collecting,21,13305,2930,2913,7264,8485,2892,8736,14254,13380,13960,,
5365180,M-MUK,medium,Temanggung,B16,30,collecting,22,13299,2930,2913,7263,8485,2889,8732,14265,13401,13967,,
5366180,M-MUK,medium,Temanggung,B16,30,collecting,23,13287,2928,2915,7262,8484,2892,8729,14273,13419,13972,,
5367180,M-MUK,medium,Temanggung,B16,30,collecting,24,13268,2931,2917,7261,8482,2889,8724,14279,13432,13976,,
5368180,M-MUK,medium,Temanggung,B16,30,collecting,25,13246,2929,2918,7260,8480,2889,8719,14283,13443,13979,,
5369180,M-MUK,medium,Temanggung,B16,30,collecting,26,13219,2926,2915,7260,8477,2889,8715,14286,13452,13981,,
5370180,M-MUK,medium,Temanggung,B16,30,collecting,27,13188,2930,2913,7259,8473,2889,8710,14287,13458,13982,,
5371181,M-MUK,medium,Temanggung,B16,30,collecting,28,13155,2926,2916,7258,8470,2892,8707,14287,13462,13983,,
5372180,M-MUK,medium,Temanggung,B16,30,collecting,29,13120,2927,2913,7257,8466,2890,8703,14285,13464,13982,,
5373180,M-MUK,medium,Temanggung,B16,30,collecting,30,13082,2924,2912,7256,8462,2889,8699,14283,13464,13981,,
5374180,M-MUK,medium,Temanggung,B16,30,collecting,31,13044,2925,2913,7255,8457,2890,8695,14281,13462,13980,,
5375180,M-MUK,medium,Temanggung,B16,30,collecting,32,13005,2924,2912,7254,8452,2891,8691,14278,13460,13977,,
5376180,M-MUK,medium,Temanggung,B16,30,collecting,33,12964,2925,2912,7253,8447,2889,8687,14274,13457,13975,,
5377180,M-MUK,medium,Temanggung,B16,30,collecting,34,12924,2928,2912,7252,8442,2889,8683,14269,13453,13972,,
5378181,M-MUK,medium,Temanggung,B16,30,collecting,35,12883,2925,2915,7251,8437,2889,8680,14264,13448,13969,,
5379180,M-MUK,medium,Temanggung,B16,30,collecting,36,12843,2925,2913,7251,8432,2889,8676,14258,13442,13965,,
5380180,M-MUK,medium,Temanggung,B16,30,collecting,37,12803,2925,2912,7250,8428,2889,8673,14252,13436,13961,,
5381180,M-MUK,medium,Temanggung,B16,30,collecting,38,12763,2924,2914,7248,8423,2889,8669,14246,13429,13957,,
5382180,M-MUK,medium,Temanggung,B16,30,collecting,39,12722,2926,2912,7248,8419,2889,8666,14240,13421,13953,,
5383180,M-MUK,medium,Temanggung,B16,30,collecting,40,12684,2925,2912,7247,8414,2890,8663,14234,13413,13950,,
5384180,M-MUK,medium,Temanggung,B16,30,collecting,41,12646,2924,2917,7246,8410,2889,8660,14227,13406,13945,,
5385180,M-MUK,medium,Temanggung,B16,30,collecting,42,12608,2926,2916,7246,8406,2889,8658,14221,13398,13941,,
5386180,M-MUK,medium,Temanggung,B16,30,collecting,43,12572,2925,2912,7245,8401,2890,8655,14215,13390,13937,,
5387181,M-MUK,medium,Temanggung,B16,30,collecting,44,12536,2925,2915,7245,8397,2889,8653,14209,13382,13933,,
5388180,M-MUK,medium,Temanggung,B16,30,collecting,45,12503,2926,2912,7244,8394,2892,8652,14203,13374,13929,,
5389180,M-MUK,medium,Temanggung,B16,30,collecting,46,12470,2925,2915,7243,8390,2890,8650,14197,13366,13925,,
5390180,M-MUK,medium,Temanggung,B16,30,collecting,47,12438,2926,2913,7242,8387,2887,8648,14191,13357,13922,,
5391180,M-MUK,medium,Temanggung,B16,30,collecting,48,12407,2926,2916,7242,8383,2890,8646,14185,13349,13918,,
5392180,M-MUK,medium,Temanggung,B16,30,collecting,49,12377,2925,2915,7241,8380,2890,8644,14179,13342,13914,,
5393180,M-MUK,medium,Temanggung,B16,30,collecting,50,12348,2924,2913,7241,8377,2889,8643,14173,13334,13910,,
5394181,M-MUK,medium,Temanggung,B16,30,collecting,51,12320,2927,2914,7240,8373,2890,8641,14168,13326,13906,,
5395180,M-MUK,medium,Temanggung,B16,30,collecting,52,12293,2925,2915,7239,8370,2892,8639,14162,13318,13902,,
5396180,M-MUK,medium,Temanggung,B16,30,collecting,53,12266,2925,2916,7239,8367,2889,8637,14156,13310,13898,,
5397180,M-MUK,medium,Temanggung,B16,30,collecting,54,12239,2926,2914,7238,8363,2889,8635,14150,13302,13894,,
5398180,M-MUK,medium,Temanggung,B16,30,collecting,55,12215,2926,2914,7238,8361,2889,8634,14144,13294,13890,,
5399180,M-MUK,medium,Temanggung,B16,30,collecting,56,12191,2928,2914,7237,8358,2892,8632,14138,13286,13886,,
5400180,M-MUK,medium,Temanggung,B16,30,collecting,57,12167,2928,2917,7237,8355,2894,8630,14133,13279,13882,,
5401180,M-MUK,medium,Temanggung,B16,30,collecting,58,12145,2927,2916,7237,8352,2887,8628,14127,13272,13878,,
5402180,M-MUK,medium,Temanggung,B16,30,collecting,59,12124,2923,2915,7236,8350,2890,8626,14121,13265,13875,,
5403181,M-MUK,medium,Temanggung,B16,30,collecting,60,12105,2926,2914,7236,8347,2888,8625,14116,13258,13871,,
5404183,M-MUK,medium,Temanggung,B16,31,purging,1,12085,2927,2912,7236,8345,2890,8624,14112,13251,13868,,
5405180,M-MUK,medium,Temanggung,B16,31,purging,2,12068,2927,2915,7237,8345,2893,8624,14108,13246,13865,,
5406180,M-MUK,medium,Temanggung,B16,31,purging,3,12029,2925,2913,7238,8339,2890,8621,14097,13238,13853,,
5407180,M-MUK,medium,Temanggung,B16,31,purging,4,11958,2927,2914,7238,8328,2890,8613,14076,13223,13836,,
5408180,M-MUK,medium,Temanggung,B16,31,purging,5,11861,2923,2915,7237,8313,2889,8601,14047,13201,13817,,
5409180,M-MUK,medium,Temanggung,B16,31,purging,6,11749,2925,2914,7237,8297,2893,8590,14016,13173,13796,,
5410181,M-MUK,medium,Temanggung,B16,31,purging,7,11629,2924,2917,7236,8280,2890,8579,13984,13142,13776,,
5411180,M-MUK,medium,Temanggung,B16,31,purging,8,11506,2922,2915,7236,8264,2890,8570,13953,13109,13756,,
5412180,M-MUK,medium,Temanggung,B16,31,purging,9,11383,2923,2915,7235,8248,2894,8561,13922,13074,13738,,
5413180,M-MUK,medium,Temanggung,B16,31,purging,10,11265,2923,2917,7235,8234,2891,8554,13894,13041,13720,,
5414180,M-MUK,medium,Temanggung,B16,31,purging,11,11152,2923,2918,7235,8220,2893,8548,13867,13008,13703,,
5415180,M-MUK,medium,Temanggung,B16,31,purging,12,11046,2924,2918,7235,8208,2891,8543,13841,12976,13688,,
5416180,M-MUK,medium,Temanggung,B16,31,purging,13,10947,2926,2915,7234,8197,2890,8538,13818,12945,13673,,
5417180,M-MUK,medium,Temanggung,B16,31,purging,14,10855,2924,2915,7234,8188,2891,8535,13796,12915,13659,,
5418180,M-MUK,medium,Temanggung,B16,31,purging,15,10769,2925,2917,7234,8179,2892,8533,13774,12886,13646,,
5419181,M-MUK,medium,Temanggung,B16,31,purging,16,10690,2923,2914,7233,8171,2893,8530,13754,12859,13632,,
5420180,M-MUK,medium,Temanggung,B16,31,purging,17,10618,2923,2915,7232,8163,2891,8527,13735,12833,13619,,
5421180,M-MUK,medium,Temanggung,B16,31,purging,18,10552,2924,2918,7233,8156,2893,8524,13716,12807,13607,,
5422180,M-MUK,medium,Temanggung,B16,31,purging,19,10490,2924,2914,7232,8149,2892,8521,13698,12782,13595,,
5423180,M-MUK,medium,Temanggung,B16,31,purging,20,10435,2924,2914,7232,8142,2891,8518,13681,12759,13583,,
5424180,M-MUK,medium,Temanggung,B16,31,purging,21,10383,2923,2914,7231,8135,2894,8516,13664,12735,13573,,
5425180,M-MUK,medium,Temanggung,B16,31,purging,22,10335,2924,2914,7231,8129,2893,8514,13647,12714,13562,,
5426181,M-MUK,medium,Temanggung,B16,31,purging,23,10292,2924,2916,7230,8123,2891,8512,13632,12693,13551,,
5427180,M-MUK,medium,Temanggung,B16,31,purging,24,10252,2923,2915,7230,8117,2891,8510,13618,12673,13541,,
5428180,M-MUK,medium,Temanggung,B16,31,purging,25,10214,2923,2915,7229,8111,2893,8507,13603,12653,13532,,
5429180,M-MUK,medium,Temanggung,B16,31,purging,26,10179,2922,2916,7230,8106,2891,8506,13589,12633,13523,,
5430180,M-MUK,medium,Temanggung,B16,31,purging,27,10148,2924,2919,7229,8102,2896,8504,13575,12615,13514,,
5431180,M-MUK,medium,Temanggung,B16,31,purging,28,10118,2924,2914,7228,8098,2895,8503,13563,12597,13505,,
5432180,M-MUK,medium,Temanggung,B16,31,purging,29,10090,2924,2918,7228,8094,2895,8502,13551,12580,13498,,
5433180,M-MUK,medium,Temanggung,B16,31,purging,30,10063,2922,2918,7228,8090,2893,8500,13538,12563,13490,,
5434180,M-MUK,medium,Temanggung,B16,31,purging,31,10039,2922,2917,7227,8087,2891,8499,13527,12548,13481,,
5435181,M-MUK,medium,Temanggung,B16,31,purging,32,10017,2922,2916,7226,8083,2891,8498,13515,12532,13473,,
5436180,M-MUK,medium,Temanggung,B16,31,purging,33,9996,2924,2914,7226,8079,2895,8497,13504,12517,13466,,
5437180,M-MUK,medium,Temanggung,B16,31,purging,34,9976,2922,2915,7225,8075,2894,8495,13494,12502,13459,,
5438180,M-MUK,medium,Temanggung,B16,31,purging,35,9957,2924,2916,7225,8071,2891,8494,13483,12487,13452,,
5439180,M-MUK,medium,Temanggung,B16,31,purging,36,9939,2924,2918,7224,8069,2895,8493,13473,12474,13446,,
5440180,M-MUK,medium,Temanggung,B16,31,purging,37,9922,2926,2917,7223,8065,2892,8492,13464,12461,13441,,
5441180,M-MUK,medium,Temanggung,B16,31,purging,38,9905,2924,2916,7223,8062,2896,8492,13455,12448,13436,,
5442181,M-MUK,medium,Temanggung,B16,31,purging,39,9889,2923,2916,7223,8061,2892,8493,13447,12436,13431,,
5443180,M-MUK,medium,Temanggung,B16,31,purging,40,9874,2924,2915,7222,8059,2898,8493,13438,12424,13425,,
5444180,M-MUK,medium,Temanggung,B16,31,purging,41,9859,2923,2916,7222,8057,2891,8493,13429,12413,13419,,
5445180,M-MUK,medium,Temanggung,B16,31,purging,42,9845,2925,2917,7221,8055,2895,8492,13420,12401,13413,,
5446180,M-MUK,medium,Temanggung,B16,31,purging,43,9832,2925,2915,7221,8053,2893,8491,13411,12390,13407,,
5447180,M-MUK,medium,Temanggung,B16,31,purging,44,9819,2925,2916,7220,8050,2896,8490,13403,12378,13401,,
5448180,M-MUK,medium,Temanggung,B16,31,purging,45,9808,2925,2913,7219,8046,2896,8489,13394,12367,13394,,
5449180,M-MUK,medium,Temanggung,B16,31,purging,46,9797,2925,2918,7218,8043,2896,8487,13385,12356,13389,,
5450180,M-MUK,medium,Temanggung,B16,31,purging,47,9785,2923,2915,7218,8039,2896,8485,13376,12345,13383,,
5451181,M-MUK,medium,Temanggung,B16,31,purging,48,9775,2925,2916,7218,8036,2895,8483,13368,12334,13377,,
5452180,M-MUK,medium,Temanggung,B16,31,purging,49,9766,2925,2916,7217,8034,2894,8482,13360,12324,13373,,
5453180,M-MUK,medium,Temanggung,B16,31,purging,50,9756,2925,2919,7217,8032,2894,8482,13353,12315,13369,,
5454180,M-MUK,medium,Temanggung,B16,31,purging,51,9747,2923,2917,7216,8030,2894,8483,13347,12306,13366,,
5455180,M-MUK,medium,Temanggung,B16,31,purging,52,9738,2922,2916,7216,8028,2894,8485,13340,12297,13363,,
5456180,M-MUK,medium,Temanggung,B16,31,purging,53,9729,2925,2916,7215,8028,2894,8486,13335,12288,13360,,
5457180,M-MUK,medium,Temanggung,B16,31,purging,54,9721,2925,2916,7215,8026,2898,8487,13329,12280,13357,,
5458181,M-MUK,medium,Temanggung,B16,31,purging,55,9712,2925,2915,7214,8026,2896,8488,13323,12271,13354,,
5459180,M-MUK,medium,Temanggung,B16,31,purging,56,9704,2925,2917,7214,8026,2896,8489,13318,12263,13351,,
5460180,M-MUK,medium,Temanggung,B16,31,purging,57,9697,2925,2914,7214,8025,2894,8489,13311,12256,13347,,
5461180,M-MUK,medium,Temanggung,B16,31,purging,58,9690,2926,2916,7213,8024,2896,8490,13305,12249,13344,,
5462180,M-MUK,medium,Temanggung,B16,31,purging,59,9683,2926,2917,7213,8023,2896,8491,13300,12242,13340,,
5463180,M-MUK,medium,Temanggung,B16,31,purging,60,9677,2925,2916,7212,8021,2896,8490,13293,12235,13336,,
5464180,M-MUK,medium,Temanggung,B16,31,purging,61,9671,2922,2917,7212,8021,2894,8489,13287,12228,13332,,
5465180,M-MUK,medium,Temanggung,B16,31,purging,62,9665,2923,2919,7211,8019,2894,8489,13281,12221,13329,,
5466180,M-MUK,medium,Temanggung,B16,31,purging,63,9659,2927,2917,7211,8018,2898,8488,13276,12214,13325,,
5467181,M-MUK,medium,Temanggung,B16,31,purging,64,9654,2922,2919,7210,8015,2898,8488,13271,12208,13323,,
5468180,M-MUK,medium,Temanggung,B16,31,purging,65,9649,2926,2916,7210,8014,2896,8488,13265,12201,13319,,
5469180,M-MUK,medium,Temanggung,B16,31,purging,66,9643,2926,2917,7209,8012,2896,8488,13260,12194,13316,,
5470180,M-MUK,medium,Temanggung,B16,31,purging,67,9637,2924,2919,7209,8011,2897,8488,13254,12188,13313,,
5471180,M-MUK,medium,Temanggung,B16,31,purging,68,9632,2923,2919,7208,8010,2901,8487,13249,12182,13309,,
5472180,M-MUK,medium,Temanggung,B16,31,purging,69,9627,2923,2916,7208,8008,2896,8486,13243,12176,13306,,
5473180,M-MUK,medium,Temanggung,B16,31,purging,70,9623,2925,2917,7208,8007,2896,8485,13238,12170,13303,,
5474181,M-MUK,medium,Temanggung,B16,31,purging,71,9618,2927,2917,7207,8006,2896,8485,13234,12164,13300,,
5475180,M-MUK,medium,Temanggung,B16,31,purging,72,9614,2926,2918,7207,8005,2896,8485,13228,12158,13296,,
5476180,M-MUK,medium,Temanggung,B16,31,purging,73,9610,2925,2916,7207,8003,2896,8484,13223,12153,13292,,
5477180,M-MUK,medium,Temanggung,B16,31,purging,74,9606,2925,2916,7207,8001,2896,8482,13217,12146,13289,,
5478180,M-MUK,medium,Temanggung,B16,31,purging,75,9602,2925,2917,7207,7998,2896,8480,13212,12140,13285,,
5479180,M-MUK,medium,Temanggung,B16,31,purging,76,9598,2922,2916,7206,7996,2896,8478,13207,12134,13281,,
5480180,M-MUK,medium,Temanggung,B16,31,purging,77,9594,2923,2916,7206,7994,2896,8476,13201,12128,13277,,
5481180,M-MUK,medium,Temanggung,B16,31,purging,78,9590,2923,2916,7206,7991,2894,8475,13196,12122,13274,,
5482180,M-MUK,medium,Temanggung,B16,31,purging,79,9586,2925,2917,7206,7989,2896,8473,13191,12116,13270,,
5483181,M-MUK,medium,Temanggung,B16,31,purging,80,9583,2923,2918,7205,7986,2896,8472,13186,12110,13267,,
5484180,M-MUK,medium,Temanggung,B16,31,purging,81,9580,2926,2917,7205,7984,2896,8471,13181,12103,13263,,
5485180,M-MUK,medium,Temanggung,B16,31,purging,82,9577,2926,2914,7204,7981,2896,8470,13177,12098,13260,,
5486180,M-MUK,medium,Temanggung,B16,31,purging,83,9574,2926,2917,7204,7979,2896,8468,13171,12091,13255,,
5487180,M-MUK,medium,Temanggung,B16,31,purging,84,9571,2925,2915,7203,7976,2896,8465,13166,12085,13251,,
5488180,M-MUK,medium,Temanggung,B16,31,purging,85,9569,2925,2917,7204,7974,2896,8463,13161,12080,13248,,
5489180,M-MUK,medium,Temanggung,B16,31,purging,86,9566,2926,2915,7203,7971,2896,8461,13156,12073,13244,,
5490181,M-MUK,medium,Temanggung,B16,31,purging,87,9563,2925,2916,7203,7969,2896,8459,13151,12067,13241,,
5491180,M-MUK,medium,Temanggung,B16,31,purging,88,9559,2922,2916,7202,7966,2896,8457,13146,12061,13238,,
5492180,M-MUK,medium,Temanggung,B16,31,purging,89,9556,2926,2917,7202,7964,2896,8456,13142,12056,13234,,
5493180,M-MUK,medium,Temanggung,B16,31,purging,90,9553,2924,2914,7202,7962,2896,8454,13138,12050,13232,,
5494180,M-MUK,medium,Temanggung,B16,31,purging,91,9550,2925,2914,7201,7960,2894,8454,13133,12044,13229,,
5495180,M-MUK,medium,Temanggung,B16,31,purging,92,9547,2925,2916,7201,7957,2896,8453,13129,12038,13226,,
5496180,M-MUK,medium,Temanggung,B16,31,purging,93,9544,2923,2917,7200,7955,2896,8452,13125,12033,13223,,
5497180,M-MUK,medium,Temanggung,B16,31,purging,94,9542,2923,2916,7200,7953,2896,8452,13122,12028,13221,,
5498180,M-MUK,medium,Temanggung,B16,31,purging,95,9540,2922,2915,7200,7951,2896,8451,13117,12023,13219,,
5499181,M-MUK,medium,Temanggung,B16,31,purging,96,9538,2922,2916,7199,7951,2897,8451,13114,12018,13218,,
5500180,M-MUK,medium,Temanggung,B16,31,purging,97,9536,2923,2916,7199,7950,2896,8452,13110,12014,13215,,
5501180,M-MUK,medium,Temanggung,B16,31,purging,98,9533,2925,2916,7199,7949,2896,8452,13106,12009,13213,,
5502180,M-MUK,medium,Temanggung,B16,31,purging,99,9531,2924,2916,7198,7948,2897,8451,13102,12005,13209,,
5503180,M-MUK,medium,Temanggung,B16,31,purging,100,9528,2925,2917,7198,7946,2895,8450,13098,12000,13206,,
5504180,M-MUK,medium,Temanggung,B16,31,purging,101,9525,2925,2916,7198,7943,2896,8448,13094,11995,13203,,
5505180,M-MUK,medium,Temanggung,B16,31,purging,102,9523,2923,2917,7197,7942,2894,8447,13090,11990,13200,,
5506181,M-MUK,medium,Temanggung,B16,31,purging,103,9522,2923,2916,7197,7940,2896,8446,13086,11984,13197,,
5507180,M-MUK,medium,Temanggung,B16,31,purging,104,9519,2923,2919,7196,7938,2896,8444,13082,11980,13195,,
5508180,M-MUK,medium,Temanggung,B16,31,purging,105,9517,2923,2917,7196,7936,2896,8443,13077,11974,13191,,
5509180,M-MUK,medium,Temanggung,B16,31,purging,106,9515,2922,2917,7195,7932,2896,8441,13073,11970,13187,,
5510180,M-MUK,medium,Temanggung,B16,31,purging,107,9512,2925,2916,7195,7930,2896,8438,13069,11965,13184,,
5511180,M-MUK,medium,Temanggung,B16,31,purging,108,9510,2923,2917,7195,7927,2896,8436,13065,11959,13181,,
5512180,M-MUK,medium,Temanggung,B16,31,purging,109,9507,2922,2916,7194,7925,2898,8435,13061,11954,13179,,
5513180,M-MUK,medium,Temanggung,B16,31,purging,110,9505,2923,2916,7194,7924,2902,8434,13058,11950,13178,,
5514180,M-MUK,medium,Temanggung,B16,31,purging,111,9503,2926,2920,7193,7923,2898,8434,13054,11945,13175,,
5515181,M-MUK,medium,Temanggung,B16,31,purging,112,9500,2925,2916,7192,7921,2897,8433,13050,11940,13172,,
5516180,M-MUK,medium,Temanggung,B16,31,purging,113,9498,2926,2919,7191,7919,2894,8431,13047,11935,13170,,
5517180,M-MUK,medium,Temanggung,B16,31,purging,114,9496,2923,2916,7191,7917,2894,8430,13043,11931,13167,,
5518180,M-MUK,medium,Temanggung,B16,31,purging,115,9495,2926,2917,7190,7915,2898,8429,13040,11926,13165,,
5519180,M-MUK,medium,Temanggung,B16,31,purging,116,9492,2923,2917,7191,7914,2894,8429,13037,11921,13164,,
5520180,M-MUK,medium,Temanggung,B16,31,purging,117,9490,2923,2917,7190,7912,2894,8430,13034,11917,13162,,
5521180,M-MUK,medium,Temanggung,B16,31,purging,118,9488,2927,2916,7190,7912,2896,8431,13032,11912,13162,,
5522181,M-MUK,medium,Temanggung,B16,31,purging,119,9486,2925,2917,7189,7911,2897,8432,13029,11909,13162,,
5523180,M-MUK,medium,Temanggung,B16,31,purging,120,9483,2924,2917,7189,7911,2897,8434,13028,11905,13163,,
5524184,M-MUK,medium,Temanggung,B16,31,collecting,1,9480,2926,2916,7188,7912,2896,8437,13027,11902,13165,,
5525180,M-MUK,medium,Temanggung,B16,31,collecting,2,9477,2926,2917,7186,7912,2894,8440,13026,11898,13172,,
5526180,M-MUK,medium,Temanggung,B16,31,collecting,3,9559,2925,2917,7185,7931,2895,8458,13043,11902,13199,,
5527180,M-MUK,medium,Temanggung,B16,31,collecting,4,9846,2926,2917,7184,7974,2896,8492,13103,11937,13254,,
5528180,M-MUK,medium,Temanggung,B16,31,collecting,5,10293,2928,2917,7184,8033,2899,8535,13199,12011,13319,,
5529180,M-MUK,medium,Temanggung,B16,31,collecting,6,10789,2924,2917,7184,8096,2900,8574,13313,12111,13386,,
5530180,M-MUK,medium,Temanggung,B16,31,collecting,7,11255,2928,2918,7183,8152,2898,8603,13431,12225,13449,,
5531181,M-MUK,medium,Temanggung,B16,31,collecting,8,11658,2926,2919,7183,8200,2899,8626,13539,12342,13505,,
5532180,M-MUK,medium,Temanggung,B16,31,collecting,9,11991,2927,2916,7182,8239,2898,8643,13635,12456,13556,,
5533180,M-MUK,medium,Temanggung,B16,31,collecting,10,12266,2926,2919,7182,8270,2898,8654,13720,12562,13602,,
5534180,M-MUK,medium,Temanggung,B16,31,collecting,11,12490,2930,2916,7182,8297,2896,8662,13793,12659,13643,,
5535180,M-MUK,medium,Temanggung,B16,31,collecting,12,12673,2928,2917,7182,8320,2899,8669,13857,12749,13680,,
5536180,M-MUK,medium,Temanggung,B16,31,collecting,13,12822,2927,2917,7181,8339,2899,8673,13913,12830,13712,,
5537180,M-MUK,medium,Temanggung,B16,31,collecting,14,12943,2928,2919,7180,8355,2899,8676,13962,12904,13740,,
5538181,M-MUK,medium,Temanggung,B16,31,collecting,15,13039,2928,2917,7179,8368,2902,8678,14005,12969,13766,,
5539180,M-MUK,medium,Temanggung,B16,31,collecting,16,13112,2930,2918,7179,8379,2900,8678,14042,13027,13787,,
5540180,M-MUK,medium,Temanggung,B16,31,collecting,17,13167,2929,2918,7179,8387,2899,8678,14073,13078,13806,,
5541180,M-MUK,medium,Temanggung,B16,31,collecting,18,13207,2933,2917,7178,8392,2898,8676,14100,13122,13821,,
5542180,M-MUK,medium,Temanggung,B16,31,collecting,19,13233,2929,2921,7178,8397,2898,8674,14122,13161,13835,,
5543180,M-MUK,medium,Temanggung,B16,31,collecting,20,13247,2933,2918,7177,8398,2898,8671,14140,13193,13845,,
5544180,M-MUK,medium,Temanggung,B16,31,collecting,21,13251,2931,2919,7177,8398,2899,8667,14154,13221,13854,,
5545180,M-MUK,medium,Temanggung,B16,31,collecting,22,13246,2931,2917,7175,8398,2899,8664,14166,13243,13862,,
5546180,M-MUK,medium,Temanggung,B16,31,collecting,23,13235,2934,2921,7175,8397,2899,8659,14174,13262,13867,,
5547181,M-MUK,medium,Temanggung,B16,31,collecting,24,13217,2933,2918,7174,8395,2899,8656,14181,13278,13872,,
5548180,M-MUK,medium,Temanggung,B16,31,collecting,25,13194,2930,2917,7174,8392,2895,8652,14185,13290,13874,,
5549180,M-MUK,medium,Temanggung,B16,31,collecting,26,13165,2933,2917,7173,8389,2894,8646,14188,13299,13876,,
5550180,M-MUK,medium,Temanggung,B16,31,collecting,27,13135,2934,2917,7173,8385,2897,8643,14190,13306,13878,,
5551180,M-MUK,medium,Temanggung,B16,31,collecting,28,13102,2933,2917,7172,8380,2898,8638,14189,13310,13878,,
5552180,M-MUK,medium,Temanggung,B16,31,collecting,29,13066,2929,2919,7172,8377,2899,8635,14188,13312,13877,,
5553180,M-MUK,medium,Temanggung,B16,31,collecting,30,13029,2929,2917,7171,8372,2899,8631,14186,13313,13876,,
5554181,M-MUK,medium,Temanggung,B16,31,collecting,31,12990,2927,2918,7171,8368,2895,8626,14183,13312,13875,,
5555180,M-MUK,medium,Temanggung,B16,31,collecting,32,12949,2927,2917,7171,8364,2896,8623,14180,13310,13873,,
5556180,M-MUK,medium,Temanggung,B16,31,collecting,33,12909,2927,2917,7170,8359,2901,8619,14175,13307,13871,,
5557180,M-MUK,medium,Temanggung,B16,31,collecting,34,12868,2927,2918,7170,8355,2897,8615,14171,13303,13868,,
5558180,M-MUK,medium,Temanggung,B16,31,collecting,35,12827,2927,2917,7170,8350,2900,8612,14167,13299,13866,,
5559180,M-MUK,medium,Temanggung,B16,31,collecting,36,12786,2928,2918,7170,8344,2897,8610,14162,13293,13863,,
5560180,M-MUK,medium,Temanggung,B16,31,collecting,37,12745,2931,2916,7169,8340,2900,8607,14155,13287,13859,,
5561180,M-MUK,medium,Temanggung,B16,31,collecting,38,12704,2929,2917,7169,8336,2903,8604,14149,13281,13855,,
5562180,M-MUK,medium,Temanggung,B16,31,collecting,39,12664,2929,2918,7168,8331,2898,8601,14143,13274,13851,,
5563181,M-MUK,medium,Temanggung,B16,31,collecting,40,12625,2926,2916,7168,8327,2900,8598,14137,13266,13847,,
5564180,M-MUK,medium,Temanggung,B16,31,collecting,41,12586,2927,2917,7168,8322,2899,8595,14130,13258,13843,,
5565180,M-MUK,medium,Temanggung,B16,31,collecting,42,12547,2927,2918,7167,8318,2901,8591,14124,13250,13839,,
5566180,M-MUK,medium,Temanggung,B16,31,collecting,43,12510,2928,2917,7167,8314,2897,8589,14117,13242,13834,,
5567180,M-MUK,medium,Temanggung,B16,31,collecting,44,12474,2929,2918,7167,8309,2898,8586,14110,13234,13830,,
5568180,M-MUK,medium,Temanggung,B16,31,collecting,45,12438,2928,2917,7166,8305,2899,8583,14103,13226,13826,,
5569180,M-MUK,medium,Temanggung,B16,31,collecting,46,12404,2928,2919,7166,8302,2897,8581,14097,13217,13821,,
5570181,M-MUK,medium,Temanggung,B16,31,collecting,47,12371,2926,2920,7165,8298,2897,8578,14090,13208,13817,,
5571180,M-MUK,medium,Temanggung,B16,31,collecting,48,12340,2928,2917,7165,8294,2900,8576,14083,13200,13813,,
5572180,M-MUK,medium,Temanggung,B16,31,collecting,49,12309,2928,2918,7165,8290,2899,8574,14077,13192,13808,,
5573180,M-MUK,medium,Temanggung,B16,31,collecting,50,12281,2926,2918,7164,8286,2898,8572,14071,13184,13804,,
5574180,M-MUK,medium,Temanggung,B16,31,collecting,51,12253,2928,2917,7164,8283,2899,8570,14065,13175,13800,,
5575180,M-MUK,medium,Temanggung,B16,31,collecting,52,12226,2927,2917,7164,8280,2900,8568,14059,13167,13796,,
5576180,M-MUK,medium,Temanggung,B16,31,collecting,53,12200,2926,2917,7163,8277,2899,8566,14053,13160,13793,,
5577180,M-MUK,medium,Temanggung,B16,31,collecting,54,12176,2926,2916,7163,8273,2898,8565,14047,13152,13788,,
5578180,M-MUK,medium,Temanggung,B16,31,collecting,55,12152,2927,2916,7163,8271,2899,8563,14043,13144,13785,,
5579181,M-MUK,medium,Temanggung,B16,31,collecting,56,12129,2927,2917,7162,8268,2900,8562,14037,13137,13781,,
5580180,M-MUK,medium,Temanggung,B16,31,collecting,57,12106,2928,2921,7162,8265,2900,8561,14031,13129,13777,,
5581180,M-MUK,medium,Temanggung,B16,31,collecting,58,12085,2928,2918,7162,8262,2899,8559,14026,13121,13773,,
5582180,M-MUK,medium,Temanggung,B16,31,collecting,59,12064,2928,2921,7161,8259,2899,8558,14021,13114,13769,,
5583180,M-MUK,medium,Temanggung,B16,31,collecting,60,12044,2928,2921,7161,8256,2898,8556,14016,13107,13765,,
5584183,M-MUK,medium,Temanggung,B16,32,purging,1,12025,2928,2920,7161,8254,2898,8555,14011,13100,13762,,
5585180,M-MUK,medium,Temanggung,B16,32,purging,2,12007,2928,2921,7162,8253,2898,8555,14007,13094,13759,,
5586181,M-MUK,medium,Temanggung,B16,32,purging,3,11970,2927,2918,7162,8247,2900,8551,13996,13085,13748,,
5587180,M-MUK,medium,Temanggung,B16,32,purging,4,11901,2929,2921,7162,8237,2899,8543,13975,13070,13732,,
5588180,M-MUK,medium,Temanggung,B16,32,purging,5,11805,2928,2918,7162,8223,2901,8533,13947,13048,13714,,
5589180,M-MUK,medium,Temanggung,B16,32,purging,6,11694,2928,2918,7162,8208,2900,8523,13917,13021,13695,,
5590180,M-MUK,medium,Temanggung,B16,32,purging,7,11575,2927,2918,7162,8192,2899,8515,13887,12991,13677,,
5591180,M-MUK,medium,Temanggung,B16,32,purging,8,11454,2929,2919,7162,8178,2896,8507,13857,12960,13659,,
5592180,M-MUK,medium,Temanggung,B16,32,purging,9,11333,2928,2920,7161,8165,2898,8500,13827,12927,13641,,
5593180,M-MUK,medium,Temanggung,B16,32,purging,10,11217,2927,2919,7162,8152,2899,8495,13800,12895,13624,,
5594180,M-MUK,medium,Temanggung,B16,32,purging,11,11105,2930,2918,7161,8140,2899,8488,13774,12862,13607,,
5595181,M-MUK,medium,Temanggung,B16,32,purging,12,11000,2929,2920,7160,8127,2899,8483,13748,12831,13591,,
5596180,M-MUK,medium,Temanggung,B16,32,purging,13,10901,2925,2921,7161,8116,2897,8478,13724,12800,13576,,
5597180,M-MUK,medium,Temanggung,B16,32,purging,14,10810,2927,2919,7160,8106,2899,8473,13701,12770,13561,,
5598180,M-MUK,medium,Temanggung,B16,32,purging,15,10725,2925,2920,7160,8097,2899,8470,13680,12742,13547,,
5599180,M-MUK,medium,Temanggung,B16,32,purging,16,10647,2926,2918,7160,8088,2898,8466,13659,12714,13533,,
5600180,M-MUK,medium,Temanggung,B16,32,purging,17,10575,2927,2918,7159,8079,2900,8462,13639,12688,13519,,
5601180,M-MUK,medium,Temanggung,B16,32,purging,18,10508,2926,2921,7158,8071,2901,8459,13619,12661,13507,,
5602181,M-MUK,medium,Temanggung,B16,32,purging,19,10446,2924,2921,7158,8063,2899,8455,13601,12636,13495,,
5603180,M-MUK,medium,Temanggung,B16,32,purging,20,10389,2924,2921,7158,8056,2897,8452,13584,12612,13483,,
5604180,M-MUK,medium,Temanggung,B16,32,purging,21,10337,2929,2918,7158,8050,2900,8449,13567,12589,13472,,
5605180,M-MUK,medium,Temanggung,B16,32,purging,22,10289,2929,2918,7158,8043,2899,8447,13551,12567,13461,,
5606180,M-MUK,medium,Temanggung,B16,32,purging,23,10244,2928,2918,7157,8037,2900,8445,13536,12546,13451,,
5607180,M-MUK,medium,Temanggung,B16,32,purging,24,10203,2929,2920,7157,8031,2898,8443,13520,12525,13440,,
5608180,M-MUK,medium,Temanggung,B16,32,purging,25,10165,2925,2918,7157,8025,2899,8441,13506,12505,13431,,
5609180,M-MUK,medium,Temanggung,B16,32,purging,26,10130,2924,2919,7157,8021,2899,8439,13492,12485,13422,,
5610180,M-MUK,medium,Temanggung,B16,32,purging,27,10097,2929,2917,7156,8016,2898,8437,13478,12467,13412,,
5611181,M-MUK,medium,Temanggung,B16,32,purging,28,10066,2924,2917,7156,8010,2897,8435,13464,12449,13403,,
5612180,M-MUK,medium,Temanggung,B16,32,purging,29,10037,2924,2920,7156,8005,2900,8432,13451,12431,13393,,
5613180,M-MUK,medium,Temanggung,B16,32,purging,30,10011,2925,2919,7156,8000,2898,8429,13438,12414,13384,,
5614180,M-MUK,medium,Temanggung,B16,32,purging,31,9986,2924,2917,7155,7995,2903,8427,13426,12397,13375,,
5615180,M-MUK,medium,Temanggung,B16,32,purging,32,9963,2924,2919,7155,7990,2899,8425,13414,12380,13367,,
5616180,M-MUK,medium,Temanggung,B16,32,purging,33,9941,2929,2918,7154,7986,2898,8423,13402,12364,13360,,
5617180,M-MUK,medium,Temanggung,B16,32,purging,34,9921,2924,2919,7154,7982,2903,8422,13392,12349,13352,,
5618181,M-MUK,medium,Temanggung,B16,32,purging,35,9901,2923,2919,7154,7978,2901,8420,13380,12334,13345,,
5619180,M-MUK,medium,Temanggung,B16,32,purging,36,9883,2928,2917,7154,7974,2900,8419,13370,12320,13338,,
5620180,M-MUK,medium,Temanggung,B16,32,purging,37,9865,2924,2920,7153,7970,2899,8418,13360,12306,13331,,
5621180,M-MUK,medium,Temanggung,B16,32,purging,38,9849,2929,2920,7152,7967,2898,8417,13351,12293,13325,,
5622180,M-MUK,medium,Temanggung,B16,32,purging,39,9833,2925,2921,7152,7963,2899,8416,13341,12280,13317,,
5623180,M-MUK,medium,Temanggung,B16,32,purging,40,9818,2929,2917,7152,7959,2901,8414,13331,12266,13311,,
5624180,M-MUK,medium,Temanggung,B16,32,purging,41,9804,2924,2921,7151,7956,2899,8412,13321,12253,13304,,
5625180,M-MUK,medium,Temanggung,B16,32,purging,42,9791,2923,2919,7151,7952,2899,8411,13312,12240,13297,,
5626180,M-MUK,medium,Temanggung,B16,32,purging,43,9779,2923,2918,7150,7949,2901,8409,13302,12228,13291,,
5627181,M-MUK,medium,Temanggung,B16,32,purging,44,9766,2929,2918,7150,7946,2899,8408,13293,12216,13285,,
5628180,M-MUK,medium,Temanggung,B16,32,purging,45,9755,2925,2917,7149,7942,2901,8406,13284,12204,13280,,
5629180,M-MUK,medium,Temanggung,B16,32,purging,46,9745,2924,2918,7149,7940,2898,8405,13277,12192,13274,,
5630180,M-MUK,medium,Temanggung,B16,32,purging,47,9734,2926,2919,7148,7937,2901,8405,13269,12182,13269,,
5631180,M-MUK,medium,Temanggung,B16,32,purging,48,9723,2924,2919,7148,7935,2899,8404,13261,12171,13264,,
5632180,M-MUK,medium,Temanggung,B16,32,purging,49,9714,2923,2919,7147,7933,2902,8404,13253,12161,13260,,
5633180,M-MUK,medium,Temanggung,B16,32,purging,50,9705,2923,2918,7147,7930,2899,8404,13247,12151,13255,,
5634181,M-MUK,medium,Temanggung,B16,32,purging,51,9696,2924,2918,7146,7929,2899,8404,13239,12141,13252,,
5635180,M-MUK,medium,Temanggung,B16,32,purging,52,9688,2929,2918,7145,7927,2899,8405,13233,12132,13248,,
5636180,M-MUK,medium,Temanggung,B16,32,purging,53,9680,2924,2917,7144,7926,2897,8405,13227,12123,13245,,
5637180,M-MUK,medium,Temanggung,B16,32,purging,54,9673,2927,2919,7144,7925,2901,8405,13221,12115,13241,,
5638180,M-MUK,medium,Temanggung,B16,32,purging,55,9665,2924,2919,7144,7923,2896,8406,13215,12107,13238,,
5639180,M-MUK,medium,Temanggung,B16,32,purging,56,9658,2924,2917,7142,7922,2903,8406,13210,12099,13234,,
5640180,M-MUK,medium,Temanggung,B16,32,purging,57,9650,2924,2920,7142,7920,2902,8406,13203,12090,13230,,
5641180,M-MUK,medium,Temanggung,B16,32,purging,58,9643,2929,2919,7142,7919,2903,8406,13197,12083,13225,,
5642180,M-MUK,medium,Temanggung,B16,32,purging,59,9637,2923,2919,7141,7917,2902,8404,13190,12075,13219,,
5643181,M-MUK,medium,Temanggung,B16,32,purging,60,9630,2925,2917,7140,7914,2902,8402,13183,12067,13214,,
5644180,M-MUK,medium,Temanggung,B16,32,purging,61,9623,2924,2919,7140,7911,2903,8400,13176,12058,13209,,
5645180,M-MUK,medium,Temanggung,B16,32,purging,62,9618,2927,2918,7140,7909,2905,8397,13168,12050,13204,,
5646180,M-MUK,medium,Temanggung,B16,32,purging,63,9612,2929,2918,7139,7907,2901,8395,13162,12042,13199,,
5647180,M-MUK,medium,Temanggung,B16,32,purging,64,9606,2925,2919,7138,7904,2900,8393,13155,12035,13194,,
5648180,M-MUK,medium,Temanggung,B16,32,purging,65,9601,2929,2918,7138,7901,2903,8391,13149,12027,13191,,
5649180,M-MUK,medium,Temanggung,B16,32,purging,66,9595,2925,2918,7137,7897,2903,8390,13143,12019,13186,,
5650181,M-MUK,medium,Temanggung,B16,32,purging,67,9590,2929,2917,7137,7895,2901,8389,13137,12012,13183,,
5651180,M-MUK,medium,Temanggung,B16,32,purging,68,9585,2929,2918,7136,7894,2900,8388,13132,12004,13179,,
5652180,M-MUK,medium,Temanggung,B16,32,purging,69,9579,2923,2919,7135,7891,2901,8387,13126,11997,13176,,
5653180,M-MUK,medium,Temanggung,B16,32,purging,70,9573,2929,2919,7135,7888,2903,8386,13121,11990,13172,,
5654180,M-MUK,medium,Temanggung,B16,32,purging,71,9569,2928,2918,7134,7886,2901,8385,13115,11982,13168,,
5655180,M-MUK,medium,Temanggung,B16,32,purging,72,9565,2925,2919,7134,7884,2904,8385,13110,11975,13164,,
5656180,M-MUK,medium,Temanggung,B16,32,purging,73,9560,2925,2917,7133,7882,2900,8384,13104,11968,13161,,
5657180,M-MUK,medium,Temanggung,B16,32,purging,74,9556,2928,2919,7132,7881,2902,8383,13100,11961,13157,,
5658180,M-MUK,medium,Temanggung,B16,32,purging,75,9552,2926,2919,7132,7879,2901,8382,13095,11955,13155,,
5659181,M-MUK,medium,Temanggung,B16,32,purging,76,9548,2930,2918,7131,7877,2901,8382,13090,11949,13152,,
5660180,M-MUK,medium,Temanggung,B16,32,purging,77,9544,2926,2920,7130,7875,2901,8381,13085,11942,13149,,
5661180,M-MUK,medium,Temanggung,B16,32,purging,78,9540,2925,2921,7130,7873,2903,8381,13081,11936,13146,,
5662180,M-MUK,medium,Temanggung,B16,32,purging,79,9536,2924,2919,7129,7872,2903,8380,13077,11930,13143,,
5663180,M-MUK,medium,Temanggung,B16,32,purging,80,9533,2929,2917,7128,7871,2905,8380,13072,11925,13141,,
5664180,M-MUK,medium,Temanggung,B16,32,purging,81,9529,2926,2921,7127,7870,2901,8379,13068,11919,13138,,
5665180,M-MUK,medium,Temanggung,B16,32,purging,82,9525,2926,2921,7127,7868,2901,8378,13063,11914,13135,,
5666181,M-MUK,medium,Temanggung,B16,32,purging,83,9522,2930,2921,7126,7867,2904,8378,13059,11909,13133,,
5667180,M-MUK,medium,Temanggung,B16,32,purging,84,9519,2928,2919,7125,7865,2901,8378,13055,11903,13130,,
5668180,M-MUK,medium,Temanggung,B16,32,purging,85,9516,2926,2922,7125,7864,2900,8377,13050,11898,13126,,
5669180,M-MUK,medium,Temanggung,B16,32,purging,86,9513,2927,2919,7124,7862,2903,8376,13046,11892,13124,,
5670180,M-MUK,medium,Temanggung,B16,32,purging,87,9510,2928,2921,7123,7860,2901,8375,13042,11887,13122,,
5671180,M-MUK,medium,Temanggung,B16,32,purging,88,9506,2930,2919,7122,7860,2903,8374,13037,11882,13119,,
5672180,M-MUK,medium,Temanggung,B16,32,purging,89,9503,2928,2920,7121,7858,2905,8374,13033,11877,13117,,
5673180,M-MUK,medium,Temanggung,B16,32,purging,90,9500,2926,2923,7121,7857,2903,8375,13029,11872,13114,,
5674180,M-MUK,medium,Temanggung,B16,32,purging,91,9497,2927,2919,7121,7856,2902,8374,13025,11867,13111,,
5675181,M-MUK,medium,Temanggung,B16,32,purging,92,9494,2928,2919,7120,7854,2903,8373,13020,11862,13108,,
5676180,M-MUK,medium,Temanggung,B16,32,purging,93,9491,2928,2922,7119,7852,2905,8371,13016,11857,13105,,
5677180,M-MUK,medium,Temanggung,B16,32,purging,94,9489,2925,2920,7119,7851,2901,8371,13012,11852,13103,,
5678180,M-MUK,medium,Temanggung,B16,32,purging,95,9486,2926,2919,7118,7849,2903,8370,13008,11847,13101,,
5679180,M-MUK,medium,Temanggung,B16,32,purging,96,9482,2930,2921,7118,7848,2903,8369,13004,11842,13099,,
5680180,M-MUK,medium,Temanggung,B16,32,purging,97,9479,2930,2919,7117,7847,2902,8368,13001,11838,13096,,
5681180,M-MUK,medium,Temanggung,B16,32,purging,98,9476,2930,2921,7117,7846,2901,8368,12997,11833,13095,,
5682181,M-MUK,medium,Temanggung,B16,32,purging,99,9473,2926,2920,7116,7844,2903,8368,12993,11829,13093,,
5683180,M-MUK,medium,Temanggung,B16,32,purging,100,9471,2930,2918,7115,7843,2901,8367,12989,11824,13091,,
5684180,M-MUK,medium,Temanggung,B16,32,purging,101,9469,2928,2922,7114,7842,2901,8368,12986,11820,13089,,
5685180,M-MUK,medium,Temanggung,B16,32,purging,102,9466,2929,2923,7113,7841,2906,8368,12983,11816,13087,,
5686180,M-MUK,medium,Temanggung,B16,32,purging,103,9463,2928,2918,7113,7840,2901,8368,12979,11811,13084,,
5687180,M-MUK,medium,Temanggung,B16,32,purging,104,9460,2931,2919,7112,7839,2905,8366,12976,11807,13082,,
5688180,M-MUK,medium,Temanggung,B16,32,purging,105,9458,2930,2920,7112,7838,2904,8366,12972,11803,13080,,
5689180,M-MUK,medium,Temanggung,B16,32,purging,106,9455,2928,2920,7111,7836,2901,8365,12968,11798,13078,,
5690180,M-MUK,medium,Temanggung,B16,32,purging,107,9453,2930,2918,7110,7835,2903,8365,12965,11795,13077,,
5691181,M-MUK,medium,Temanggung,B16,32,purging,108,9450,2930,2921,7110,7834,2902,8365,12963,11791,13075,,
5692180,M-MUK,medium,Temanggung,B16,32,purging,109,9448,2930,2920,7109,7834,2903,8365,12960,11788,13074,,
5693180,M-MUK,medium,Temanggung,B16,32,purging,110,9445,2929,2921,7108,7832,2901,8366,12958,11784,13073,,
5694180,M-MUK,medium,Temanggung,B16,32,purging,111,9443,2929,2922,7108,7832,2903,8366,12955,11780,13072,,
5695180,M-MUK,medium,Temanggung,B16,32,purging,112,9441,2930,2922,7107,7831,2903,8368,12952,11777,13071,,
5696180,M-MUK,medium,Temanggung,B16,32,purging,113,9439,2928,2920,7107,7831,2904,8368,12950,11774,13070,,
5697180,M-MUK,medium,Temanggung,B16,32,purging,114,9437,2929,2920,7106,7831,2904,8369,12947,11770,13069,,
5698181,M-MUK,medium,Temanggung,B16,32,purging,115,9434,2930,2918,7105,7831,2901,8369,12944,11767,13068,,
5699180,M-MUK,medium,Temanggung,B16,32,purging,116,9432,2929,2921,7105,7830,2903,8369,12941,11764,13066,,
5700180,M-MUK,medium,Temanggung,B16,32,purging,117,9430,2931,2922,7105,7829,2901,8369,12939,11760,13064,,
5701180,M-MUK,medium,Temanggung,B16,32,purging,118,9429,2931,2921,7104,7829,2903,8368,12935,11757,13062,,
5702180,M-MUK,medium,Temanggung,B16,32,purging,119,9426,2927,2919,7104,7827,2903,8367,12932,11753,13059,,
5703180,M-MUK,medium,Temanggung,B16,32,purging,120,9425,2931,2919,7103,7826,2903,8365,12928,11749,13056,,
5704183,M-MUK,medium,Temanggung,B16,32,collecting,1,9424,2931,2918,7102,7824,2903,8363,12924,11746,13053,,
5705180,M-MUK,medium,Temanggung,B16,32,collecting,2,9424,2929,2920,7102,7823,2904,8361,12921,11742,13059,,
5706180,M-MUK,medium,Temanggung,B16,32,collecting,3,9505,2931,2920,7100,7838,2904,8377,12940,11745,13087,,
5707181,M-MUK,medium,Temanggung,B16,32,collecting,4,9788,2928,2924,7099,7879,2903,8413,13000,11779,13140,,
5708180,M-MUK,medium,Temanggung,B16,32,collecting,5,10224,2930,2920,7099,7937,2904,8454,13093,11850,13205,,
5709180,M-MUK,medium,Temanggung,B16,32,collecting,6,10711,2933,2920,7099,7998,2904,8493,13206,11949,13273,,
5710180,M-MUK,medium,Temanggung,B16,32,collecting,7,11173,2930,2921,7099,8054,2904,8525,13323,12062,13335,,
5711180,M-MUK,medium,Temanggung,B16,32,collecting,8,11574,2929,2920,7099,8101,2901,8547,13431,12179,13394,,
5712180,M-MUK,medium,Temanggung,B16,32,collecting,9,11908,2930,2922,7098,8142,2903,8565,13529,12291,13446,,
5713180,M-MUK,medium,Temanggung,B16,32,collecting,10,12186,2931,2921,7098,8176,2903,8578,13614,12398,13492,,
5714181,M-MUK,medium,Temanggung,B16,32,collecting,11,12414,2935,2922,7097,8203,2907,8587,13687,12495,13534,,
5715180,M-MUK,medium,Temanggung,B16,32,collecting,12,12601,2933,2923,7097,8227,2905,8595,13752,12585,13571,,
5716180,M-MUK,medium,Temanggung,B16,32,collecting,13,12752,2932,2919,7097,8246,2902,8599,13809,12667,13604,,
5717180,M-MUK,medium,Temanggung,B16,32,collecting,14,12873,2931,2920,7096,8263,2906,8604,13860,12740,13633,,
5718180,M-MUK,medium,Temanggung,B16,32,collecting,15,12970,2931,2920,7096,8276,2905,8605,13903,12806,13658,,
5719180,M-MUK,medium,Temanggung,B16,32,collecting,16,13045,2934,2917,7095,8286,2906,8607,13940,12865,13679,,
5720180,M-MUK,medium,Temanggung,B16,32,collecting,17,13102,2934,2919,7095,8294,2906,8606,13972,12916,13698,,
5721180,M-MUK,medium,Temanggung,B16,32,collecting,18,13142,2931,2922,7094,8300,2905,8605,14000,12962,13714,,
5722180,M-MUK,medium,Temanggung,B16,32,collecting,19,13168,2932,2922,7094,8304,2904,8603,14022,13000,13728,,
5723181,M-MUK,medium,Temanggung,B16,32,collecting,20,13183,2932,2923,7093,8306,2904,8599,14040,13034,13739,,
5724180,M-MUK,medium,Temanggung,B16,32,collecting,21,13188,2937,2923,7092,8307,2904,8595,14054,13062,13749,,
5725180,M-MUK,medium,Temanggung,B16,32,collecting,22,13185,2936,2923,7091,8307,2903,8592,14066,13086,13756,,
5726180,M-MUK,medium,Temanggung,B16,32,collecting,23,13174,2934,2923,7090,8307,2907,8589,14077,13106,13762,,
5727180,M-MUK,medium,Temanggung,B16,32,collecting,24,13158,2934,2921,7090,8305,2903,8585,14084,13122,13767,,
5728180,M-MUK,medium,Temanggung,B16,32,collecting,25,13137,2935,2922,7090,8302,2905,8581,14089,13136,13770,,
5729180,M-MUK,medium,Temanggung,B16,32,collecting,26,13111,2934,2921,7088,8299,2906,8577,14092,13146,13773,,
5730181,M-MUK,medium,Temanggung,B16,32,collecting,27,13082,2931,2919,7088,8295,2904,8571,14094,13153,13774,,
5731180,M-MUK,medium,Temanggung,B16,32,collecting,28,13049,2930,2919,7088,8291,2902,8567,14094,13159,13774,,
5732180,M-MUK,medium,Temanggung,B16,32,collecting,29,13014,2933,2918,7086,8287,2905,8563,14093,13161,13773,,
5733180,M-MUK,medium,Temanggung,B16,32,collecting,30,12978,2935,2919,7086,8282,2908,8559,14090,13163,13771,,
5734180,M-MUK,medium,Temanggung,B16,32,collecting,31,12939,2932,2918,7085,8276,2906,8555,14087,13162,13769,,
5735180,M-MUK,medium,Temanggung,B16,32,collecting,32,12899,2934,2921,7085,8272,2907,8550,14083,13160,13766,,
5736180,M-MUK,medium,Temanggung,B16,32,collecting,33,12858,2934,2920,7085,8267,2906,8545,14078,13157,13763,,
5737180,M-MUK,medium,Temanggung,B16,32,collecting,34,12817,2936,2919,7084,8261,2907,8541,14073,13153,13760,,
5738180,M-MUK,medium,Temanggung,B16,32,collecting,35,12776,2935,2920,7083,8256,2904,8537,14067,13149,13756,,
5739181,M-MUK,medium,Temanggung,B16,32,collecting,36,12734,2931,2920,7083,8251,2904,8533,14062,13142,13753,,
5740180,M-MUK,medium,Temanggung,B16,32,collecting,37,12693,2932,2922,7082,8245,2905,8529,14055,13136,13749,,
5741180,M-MUK,medium,Temanggung,B16,32,collecting,38,12652,2931,2922,7082,8240,2906,8525,14049,13129,13745,,
5742180,M-MUK,medium,Temanggung,B16,32,collecting,39,12612,2933,2919,7081,8235,2904,8521,14042,13122,13740,,
5743180,M-MUK,medium,Temanggung,B16,32,collecting,40,12572,2930,2918,7081,8230,2904,8518,14035,13113,13736,,
5744180,M-MUK,medium,Temanggung,B16,32,collecting,41,12534,2930,2920,7080,8224,2907,8515,14029,13105,13731,,
5745180,M-MUK,medium,Temanggung,B16,32,collecting,42,12496,2931,2917,7079,8219,2905,8511,14022,13096,13727,,
5746181,M-MUK,medium,Temanggung,B16,32,collecting,43,12458,2930,2920,7079,8214,2903,8508,14015,13088,13722,,
5747180,M-MUK,medium,Temanggung,B16,32,collecting,44,12421,2931,2920,7078,8209,2904,8505,14008,13079,13717,,
5748180,M-MUK,medium,Temanggung,B16,32,collecting,45,12386,2931,2920,7078,8205,2905,8502,14001,13071,13713,,
5749180,M-MUK,medium,Temanggung,B16,32,collecting,46,12351,2931,2922,7077,8200,2904,8499,13995,13061,13708,,
5750180,M-MUK,medium,Temanggung,B16,32,collecting,47,12317,2931,2919,7077,8196,2903,8496,13988,13052,13704,,
5751180,M-MUK,medium,Temanggung,B16,32,collecting,48,12285,2931,2923,7076,8192,2906,8495,13982,13043,13700,,
5752180,M-MUK,medium,Temanggung,B16,32,collecting,49,12253,2930,2924,7076,8187,2904,8492,13976,13035,13695,,
5753180,M-MUK,medium,Temanggung,B16,32,collecting,50,12223,2933,2923,7075,8183,2904,8490,13969,13026,13691,,
5754180,M-MUK,medium,Temanggung,B16,32,collecting,51,12194,2932,2923,7074,8180,2903,8488,13962,13017,13686,,
5755181,M-MUK,medium,Temanggung,B16,32,collecting,52,12165,2935,2921,7074,8176,2905,8484,13956,13009,13681,,
5756180,M-MUK,medium,Temanggung,B16,32,collecting,53,12138,2935,2924,7073,8172,2903,8482,13950,13000,13677,,
5757180,M-MUK,medium,Temanggung,B16,32,collecting,54,12112,2931,2920,7073,8169,2905,8480,13943,12992,13672,,
5758180,M-MUK,medium,Temanggung,B16,32,collecting,55,12087,2931,2922,7073,8165,2906,8477,13936,12983,13668,,
5759180,M-MUK,medium,Temanggung,B16,32,collecting,56,12064,2931,2920,7072,8161,2906,8476,13931,12975,13664,,
5760180,M-MUK,medium,Temanggung,B16,32,collecting,57,12040,2929,2922,7072,8158,2905,8474,13925,12967,13659,,
5761180,M-MUK,medium,Temanggung,B16,32,collecting,58,12018,2934,2918,7071,8155,2905,8472,13919,12959,13655,,
5762181,M-MUK,medium,Temanggung,B16,32,collecting,59,11997,2934,2923,7071,8152,2907,8470,13914,12950,13651,,
5763180,M-MUK,medium,Temanggung,B16,32,collecting,60,11976,2931,2922,7070,8149,2907,8469,13909,12943,13648,,
5764184,M-MUK,medium,Temanggung,B16,33,purging,1,11957,2929,2920,7069,8147,2906,8467,13903,12935,13644,,
5765180,M-MUK,medium,Temanggung,B16,33,purging,2,11940,2930,2920,7071,8146,2907,8468,13899,12929,13641,,
5766180,M-MUK,medium,Temanggung,B16,33,purging,3,11903,2929,2920,7072,8141,2904,8464,13888,12921,13629,,
5767180,M-MUK,medium,Temanggung,B16,33,purging,4,11835,2930,2922,7072,8130,2906,8456,13867,12907,13612,,
5768180,M-MUK,medium,Temanggung,B16,33,purging,5,11741,2930,2921,7072,8116,2903,8446,13840,12885,13594,,
5769180,M-MUK,medium,Temanggung,B16,33,purging,6,11632,2930,2920,7072,8100,2904,8436,13810,12858,13575,,
5770180,M-MUK,medium,Temanggung,B16,33,purging,7,11515,2931,2925,7071,8085,2905,8427,13780,12828,13557,,
5771181,M-MUK,medium,Temanggung,B16,33,purging,8,11396,2932,2920,7070,8069,2905,8418,13750,12796,13538,,
5772180,M-MUK,medium,Temanggung,B16,33,purging,9,11278,2929,2924,7070,8055,2906,8411,13721,12764,13518,,
5773180,M-MUK,medium,Temanggung,B16,33,purging,10,11163,2932,2921,7069,8040,2904,8404,13692,12731,13500,,
5774180,M-MUK,medium,Temanggung,B16,33,purging,11,11053,2932,2924,7069,8027,2905,8396,13665,12698,13483,,
5775180,M-MUK,medium,Temanggung,B16,33,purging,12,10950,2930,2921,7068,8015,2905,8390,13640,12666,13465,,
5776180,M-MUK,medium,Temanggung,B16,33,purging,13,10853,2929,2920,7068,8003,2907,8383,13615,12635,13449,,
5777180,M-MUK,medium,Temanggung,B16,33,purging,14,10764,2928,2924,7068,7991,2905,8378,13592,12605,13434,,
5778181,M-MUK,medium,Temanggung,B16,33,purging,15,10680,2929,2921,7067,7981,2904,8373,13570,12576,13419,,
5779180,M-MUK,medium,Temanggung,B16,33,purging,16,10604,2932,2920,7067,7971,2904,8369,13549,12548,13405,,
5780180,M-MUK,medium,Temanggung,B16,33,purging,17,10533,2932,2923,7067,7962,2907,8364,13529,12520,13392,,
5781180,M-MUK,medium,Temanggung,B16,33,purging,18,10467,2928,2920,7066,7954,2905,8362,13511,12494,13380,,
5782180,M-MUK,medium,Temanggung,B16,33,purging,19,10408,2933,2923,7066,7946,2905,8358,13493,12469,13367,,
5783180,M-MUK,medium,Temanggung,B16,33,purging,20,10352,2929,2923,7066,7938,2904,8355,13475,12445,13355,,
5784180,M-MUK,medium,Temanggung,B16,33,purging,21,10301,2930,2922,7065,7931,2906,8352,13458,12421,13343,,
5785180,M-MUK,medium,Temanggung,B16,33,purging,22,10253,2931,2922,7065,7924,2905,8348,13443,12399,13333,,
5786180,M-MUK,medium,Temanggung,B16,33,purging,23,10210,2932,2918,7064,7916,2903,8345,13427,12377,13322,,
5787181,M-MUK,medium,Temanggung,B16,33,purging,24,10169,2930,2922,7064,7910,2904,8343,13412,12356,13313,,
5788180,M-MUK,medium,Temanggung,B16,33,purging,25,10132,2932,2924,7063,7904,2905,8342,13398,12336,13304,,
5789180,M-MUK,medium,Temanggung,B16,33,purging,26,10098,2928,2918,7063,7900,2905,8341,13384,12316,13295,,
5790180,M-MUK,medium,Temanggung,B16,33,purging,27,10066,2929,2921,7063,7895,2904,8340,13372,12298,13287,,
5791180,M-MUK,medium,Temanggung,B16,33,purging,28,10036,2933,2920,7062,7891,2905,8339,13359,12280,13278,,
5792180,M-MUK,medium,Temanggung,B16,33,purging,29,10008,2931,2920,7062,7887,2906,8338,13348,12262,13270,,
5793180,M-MUK,medium,Temanggung,B16,33,purging,30,9982,2929,2923,7061,7883,2904,8337,13336,12246,13262,,
5794181,M-MUK,medium,Temanggung,B16,33,purging,31,9958,2927,2921,7060,7879,2906,8337,13324,12230,13255,,
5795180,M-MUK,medium,Temanggung,B16,33,purging,32,9936,2928,2920,7060,7875,2903,8336,13313,12214,13248,,
5796180,M-MUK,medium,Temanggung,B16,33,purging,33,9915,2931,2924,7060,7873,2905,8335,13302,12199,13241,,
5797180,M-MUK,medium,Temanggung,B16,33,purging,34,9895,2927,2922,7059,7869,2907,8334,13292,12184,13235,,
5798180,M-MUK,medium,Temanggung,B16,33,purging,35,9876,2930,2920,7059,7867,2904,8335,13283,12170,13228,,
5799180,M-MUK,medium,Temanggung,B16,33,purging,36,9858,2930,2919,7058,7864,2903,8334,13273,12157,13223,,
5800180,M-MUK,medium,Temanggung,B16,33,purging,37,9842,2928,2920,7058,7862,2904,8334,13264,12144,13216,,
5801180,M-MUK,medium,Temanggung,B16,33,purging,38,9825,2927,2922,7057,7859,2907,8333,13255,12130,13210,,
5802180,M-MUK,medium,Temanggung,B16,33,purging,39,9810,2932,2922,7057,7856,2904,8332,13245,12118,13203,,
5803181,M-MUK,medium,Temanggung,B16,33,purging,40,9796,2928,2920,7056,7853,2905,8330,13234,12106,13195,,
5804180,M-MUK,medium,Temanggung,B16,33,purging,41,9782,2928,2919,7056,7850,2904,8327,13225,12093,13188,,
5805180,M-MUK,medium,Temanggung,B16,33,purging,42,9769,2928,2922,7055,7846,2905,8326,13215,12081,13182,,
5806180,M-MUK,medium,Temanggung,B16,33,purging,43,9757,2928,2924,7056,7843,2906,8324,13206,12069,13176,,
5807180,M-MUK,medium,Temanggung,B16,33,purging,44,9745,2929,2920,7055,7840,2907,8323,13198,12058,13171,,
5808180,M-MUK,medium,Temanggung,B16,33,purging,45,9734,2927,2918,7055,7838,2906,8323,13190,12047,13166,,
5809180,M-MUK,medium,Temanggung,B16,33,purging,46,9723,2927,2919,7054,7835,2904,8322,13183,12037,13161,,
5810181,M-MUK,medium,Temanggung,B16,33,purging,47,9712,2928,2919,7054,7833,2904,8322,13175,12026,13157,,
5811180,M-MUK,medium,Temanggung,B16,33,purging,48,9701,2931,2923,7053,7831,2906,8322,13169,12016,13154,,
5812180,M-MUK,medium,Temanggung,B16,33,purging,49,9692,2927,2921,7053,7830,2907,8324,13162,12007,13150,,
5813180,M-MUK,medium,Temanggung,B16,33,purging,50,9683,2927,2921,7052,7829,2907,8325,13155,11997,13147,,
5814180,M-MUK,medium,Temanggung,B16,33,purging,51,9673,2928,2920,7052,7828,2906,8325,13149,11988,13143,,
5815180,M-MUK,medium,Temanggung,B16,33,purging,52,9664,2930,2921,7051,7827,2905,8326,13143,11980,13139,,
5816180,M-MUK,medium,Temanggung,B16,33,purging,53,9656,2929,2919,7051,7826,2906,8327,13136,11971,13135,,
5817180,M-MUK,medium,Temanggung,B16,33,purging,54,9648,2927,2924,7049,7824,2906,8327,13130,11963,13132,,
5818180,M-MUK,medium,Temanggung,B16,33,purging,55,9640,2927,2919,7049,7823,2906,8328,13124,11955,13129,,
5819181,M-MUK,medium,Temanggung,B16,33,purging,56,9633,2929,2922,7049,7822,2906,8328,13118,11948,13125,,
5820180,M-MUK,medium,Temanggung,B16,33,purging,57,9626,2930,2924,7049,7821,2904,8328,13112,11940,13122,,
5821180,M-MUK,medium,Temanggung,B16,33,purging,58,9620,2930,2918,7049,7821,2905,8328,13107,11933,13119,,
5822180,M-MUK,medium,Temanggung,B16,33,purging,59,9613,2928,2918,7049,7820,2907,8329,13101,11926,13116,,
5823180,M-MUK,medium,Temanggung,B16,33,purging,60,9606,2930,2919,7048,7820,2906,8330,13096,11919,13113,,
5824180,M-MUK,medium,Temanggung,B16,33,purging,61,9600,2926,2922,7048,7819,2906,8331,13091,11912,13110,,
5825180,M-MUK,medium,Temanggung,B16,33,purging,62,9594,2932,2919,7048,7819,2907,8331,13085,11906,13107,,
5826181,M-MUK,medium,Temanggung,B16,33,purging,63,9587,2926,2924,7048,7818,2905,8331,13080,11900,13104,,
5827180,M-MUK,medium,Temanggung,B16,33,purging,64,9582,2930,2919,7048,7816,2907,8332,13075,11893,13102,,
5828180,M-MUK,medium,Temanggung,B16,33,purging,65,9576,2927,2921,7048,7816,2905,8332,13071,11888,13100,,
5829180,M-MUK,medium,Temanggung,B16,33,purging,66,9570,2928,2922,7048,7814,2904,8333,13066,11881,13097,,
5830180,M-MUK,medium,Temanggung,B16,33,purging,67,9565,2930,2923,7048,7815,2904,8333,13061,11876,13094,,
5831180,M-MUK,medium,Temanggung,B16,33,purging,68,9560,2928,2922,7048,7814,2904,8334,13056,11870,13092,,
5832180,M-MUK,medium,Temanggung,B16,33,purging,69,9556,2928,2922,7048,7814,2905,8334,13051,11865,13090,,
5833180,M-MUK,medium,Temanggung,B16,33,purging,70,9551,2929,2920,7048,7813,2905,8335,13048,11859,13088,,
5834180,M-MUK,medium,Temanggung,B16,33,purging,71,9547,2930,2919,7047,7813,2907,8336,13044,11854,13086,,
5835181,M-MUK,medium,Temanggung,B16,33,purging,72,9543,2929,2918,7048,7813,2903,8337,13040,11849,13085,,
5836180,M-MUK,medium,Temanggung,B16,33,purging,73,9539,2929,2920,7047,7812,2905,8338,13036,11844,13083,,
5837180,M-MUK,medium,Temanggung,B16,33,purging,74,9535,2927,2921,7047,7812,2906,8340,13032,11840,13082,,
5838180,M-MUK,medium,Temanggung,B16,33,purging,75,9532,2926,2918,7048,7813,2906,8341,13029,11835,13081,,
5839180,M-MUK,medium,Temanggung,B16,33,purging,76,9529,2926,2922,7047,7813,2903,8343,13025,11831,13080,,
5840180,M-MUK,medium,Temanggung,B16,33,purging,77,9526,2925,2921,7048,7814,2903,8344,13022,11827,13078,,
5841180,M-MUK,medium,Temanggung,B16,33,purging,78,9523,2928,2923,7048,7815,2902,8345,13019,11824,13077,,
5842181,M-MUK,medium,Temanggung,B16,33,purging,79,9520,2926,2919,7048,7815,2905,8345,13015,11820,13075,,
5843180,M-MUK,medium,Temanggung,B16,33,purging,80,9517,2926,2922,7048,7815,2904,8346,13012,11816,13075,,
5844180,M-MUK,medium,Temanggung,B16,33,purging,81,9514,2929,2918,7048,7816,2906,8348,13009,11813,13076,,
5845180,M-MUK,medium,Temanggung,B16,33,purging,82,9510,2927,2921,7048,7817,2904,8352,13007,11809,13077,,
5846180,M-MUK,medium,Temanggung,B16,33,purging,83,9506,2927,2919,7048,7818,2904,8355,13005,11806,13077,,
5847180,M-MUK,medium,Temanggung,B16,33,purging,84,9502,2926,2917,7048,7820,2906,8358,13003,11804,13078,,
5848180,M-MUK,medium,Temanggung,B16,33,purging,85,9497,2926,2920,7048,7821,2904,8361,13001,11800,13077,,
5849180,M-MUK,medium,Temanggung,B16,33,purging,86,9493,2926,2919,7047,7823,2906,8364,12998,11798,13076,,
5850180,M-MUK,medium,Temanggung,B16,33,purging,87,9490,2927,2917,7048,7823,2906,8366,12994,11795,13075,,
5851181,M-MUK,medium,Temanggung,B16,33,purging,88,9486,2929,2921,7048,7824,2903,8366,12991,11792,13074,,
5852180,M-MUK,medium,Temanggung,B16,33,purging,89,9483,2928,2920,7048,7825,2899,8368,12988,11789,13072,,
5853180,M-MUK,medium,Temanggung,B16,33,purging,90,9480,2928,2921,7048,7825,2907,8367,12984,11786,13071,,
5854180,M-MUK,medium,Temanggung,B16,33,purging,91,9477,2926,2917,7049,7825,2903,8367,12980,11784,13068,,
5855180,M-MUK,medium,Temanggung,B16,33,purging,92,9473,2928,2919,7048,7825,2906,8367,12976,11780,13067,,
5856180,M-MUK,medium,Temanggung,B16,33,purging,93,9470,2929,2918,7049,7824,2903,8366,12973,11777,13066,,
5857180,M-MUK,medium,Temanggung,B16,33,purging,94,9469,2928,2917,7049,7824,2903,8366,12970,11774,13064,,
5858181,M-MUK,medium,Temanggung,B16,33,purging,95,9466,2925,2922,7049,7824,2903,8365,12965,11771,13061,,
5859180,M-MUK,medium,Temanggung,B16,33,purging,96,9464,2925,2922,7050,7823,2905,8366,12962,11768,13059,,
5860180,M-MUK,medium,Temanggung,B16,33,purging,97,9461,2926,2921,7050,7822,2903,8365,12958,11765,13058,,
5861180,M-MUK,medium,Temanggung,B16,33,purging,98,9460,2927,2921,7050,7820,2901,8364,12955,11762,13056,,
5862180,M-MUK,medium,Temanggung,B16,33,purging,99,9457,2926,2919,7050,7819,2906,8364,12952,11759,13055,,
5863180,M-MUK,medium,Temanggung,B16,33,purging,100,9456,2930,2922,7051,7819,2905,8363,12949,11755,13055,,
5864180,M-MUK,medium,Temanggung,B16,33,purging,101,9453,2928,2921,7051,7819,2903,8365,12947,11753,13055,,
5865180,M-MUK,medium,Temanggung,B16,33,purging,102,9450,2926,2918,7051,7820,2903,8368,12946,11750,13057,,
5866180,M-MUK,medium,Temanggung,B16,33,purging,103,9447,2927,2918,7051,7821,2903,8371,12946,11748,13059,,
5867181,M-MUK,medium,Temanggung,B16,33,purging,104,9444,2929,2918,7051,7823,2902,8375,12944,11746,13062,,
5868180,M-MUK,medium,Temanggung,B16,33,purging,105,9440,2926,2921,7051,7825,2901,8380,12944,11745,13063,,
5869180,M-MUK,medium,Temanggung,B16,33,purging,106,9437,2923,2921,7052,7829,2903,8384,12943,11743,13065,,
5870180,M-MUK,medium,Temanggung,B16,33,purging,107,9432,2926,2920,7052,7831,2903,8388,12942,11742,13067,,
5871180,M-MUK,medium,Temanggung,B16,33,purging,108,9428,2924,2917,7052,7834,2903,8393,12941,11741,13070,,
5872180,M-MUK,medium,Temanggung,B16,33,purging,109,9425,2928,2918,7053,7838,2901,8397,12941,11741,13072,,
5873180,M-MUK,medium,Temanggung,B16,33,purging,110,9420,2925,2920,7053,7841,2901,8402,12940,11740,13074,,
5874181,M-MUK,medium,Temanggung,B16,33,purging,111,9416,2925,2919,7053,7845,2903,8406,12939,11740,13075,,
5875180,M-MUK,medium,Temanggung,B16,33,purging,112,9412,2925,2917,7053,7848,2903,8410,12937,11739,13076,,
5876180,M-MUK,medium,Temanggung,B16,33,purging,113,9408,2926,2919,7053,7850,2903,8413,12936,11738,13078,,
5877180,M-MUK,medium,Temanggung,B16,33,purging,114,9405,2925,2921,7054,7853,2903,8417,12934,11738,13080,,
5878180,M-MUK,medium,Temanggung,B16,33,purging,115,9401,2926,2921,7055,7857,2904,8420,12934,11738,13082,,
5879180,M-MUK,medium,Temanggung,B16,33,purging,116,9397,2923,2921,7055,7860,2903,8424,12933,11738,13084,,
5880180,M-MUK,medium,Temanggung,B16,33,purging,117,9394,2925,2921,7055,7863,2903,8427,12931,11737,13085,,
5881180,M-MUK,medium,Temanggung,B16,33,purging,118,9391,2926,2921,7055,7864,2905,8431,12930,11737,13085,,
5882180,M-MUK,medium,Temanggung,B16,33,purging,119,9388,2926,2919,7056,7867,2903,8433,12927,11737,13085,,
5883181,M-MUK,medium,Temanggung,B16,33,purging,120,9386,2926,2921,7056,7869,2903,8433,12924,11737,13082,,
5884183,M-MUK,medium,Temanggung,B16,33,collecting,1,9384,2927,2918,7056,7869,2901,8431,12920,11736,13079,,
5885180,M-MUK,medium,Temanggung,B16,33,collecting,2,9382,2926,2921,7056,7867,2900,8429,12916,11734,13081,,
5886180,M-MUK,medium,Temanggung,B16,33,collecting,3,9458,2926,2921,7055,7882,2901,8437,12929,11737,13098,,
5887180,M-MUK,medium,Temanggung,B16,33,collecting,4,9726,2926,2921,7055,7918,2901,8462,12980,11770,13144,,
5888180,M-MUK,medium,Temanggung,B16,33,collecting,5,10152,2925,2921,7056,7969,2901,8492,13064,11838,13202,,
5889180,M-MUK,medium,Temanggung,B16,33,collecting,6,10630,2926,2921,7056,8023,2902,8521,13170,11932,13263,,
5890181,M-MUK,medium,Temanggung,B16,33,collecting,7,11085,2926,2918,7057,8072,2903,8543,13278,12039,13320,,
5891180,M-MUK,medium,Temanggung,B16,33,collecting,8,11482,2930,2921,7058,8113,2901,8560,13380,12148,13374,,
5892180,M-MUK,medium,Temanggung,B16,33,collecting,9,11818,2930,2921,7058,8147,2903,8573,13473,12256,13423,,
5893180,M-MUK,medium,Temanggung,B16,33,collecting,10,12095,2928,2921,7059,8176,2903,8583,13554,12358,13467,,
5894180,M-MUK,medium,Temanggung,B16,33,collecting,11,12323,2929,2919,7059,8200,2901,8590,13627,12453,13508,,
5895180,M-MUK,medium,Temanggung,B16,33,collecting,12,12509,2929,2921,7059,8221,2902,8597,13691,12540,13543,,
5896180,M-MUK,medium,Temanggung,B16,33,collecting,13,12661,2929,2923,7059,8238,2903,8601,13747,12620,13575,,
5897180,M-MUK,medium,Temanggung,B16,33,collecting,14,12783,2930,2918,7059,8252,2901,8605,13797,12691,13603,,
5898180,M-MUK,medium,Temanggung,B16,33,collecting,15,12879,2929,2922,7060,8264,2901,8607,13840,12756,13628,,
5899181,M-MUK,medium,Temanggung,B16,33,collecting,16,12954,2934,2921,7060,8273,2903,8606,13876,12813,13649,,
5900180,M-MUK,medium,Temanggung,B16,33,collecting,17,13008,2931,2921,7060,8281,2905,8606,13907,12863,13667,,
5901180,M-MUK,medium,Temanggung,B16,33,collecting,18,13048,2928,2920,7060,8286,2902,8605,13933,12907,13683,,
5902180,M-MUK,medium,Temanggung,B16,33,collecting,19,13074,2929,2919,7060,8290,2905,8604,13955,12944,13697,,
5903180,M-MUK,medium,Temanggung,B16,33,collecting,20,13088,2930,2921,7060,8294,2903,8603,13973,12978,13710,,
5904180,M-MUK,medium,Temanggung,B16,33,collecting,21,13093,2929,2921,7060,8295,2901,8602,13989,13006,13720,,
5905180,M-MUK,medium,Temanggung,B16,33,collecting,22,13088,2929,2917,7060,8297,2901,8600,14002,13030,13728,,
5906181,M-MUK,medium,Temanggung,B16,33,collecting,23,13077,2929,2918,7060,8297,2902,8599,14012,13051,13736,,
5907180,M-MUK,medium,Temanggung,B16,33,collecting,24,13060,2929,2921,7060,8297,2903,8598,14020,13067,13742,,
5908180,M-MUK,medium,Temanggung,B16,33,collecting,25,13038,2931,2920,7060,8296,2905,8596,14026,13081,13746,,
5909180,M-MUK,medium,Temanggung,B16,33,collecting,26,13011,2928,2921,7061,8294,2902,8594,14029,13092,13749,,
5910180,M-MUK,medium,Temanggung,B16,33,collecting,27,12981,2932,2921,7061,8292,2903,8591,14032,13100,13752,,
5911180,M-MUK,medium,Temanggung,B16,33,collecting,28,12947,2929,2919,7061,8289,2903,8588,14033,13106,13753,,
5912180,M-MUK,medium,Temanggung,B16,33,collecting,29,12911,2929,2921,7061,8287,2903,8584,14033,13109,13754,,
5913180,M-MUK,medium,Temanggung,B16,33,collecting,30,12872,2930,2919,7061,8283,2903,8582,14031,13112,13754,,
5914180,M-MUK,medium,Temanggung,B16,33,collecting,31,12833,2929,2917,7061,8280,2900,8580,14029,13113,13754,,
5915181,M-MUK,medium,Temanggung,B16,33,collecting,32,12792,2927,2920,7061,8277,2903,8577,14027,13112,13753,,
5916180,M-MUK,medium,Temanggung,B16,33,collecting,33,12750,2929,2921,7061,8273,2902,8575,14023,13111,13752,,
5917180,M-MUK,medium,Temanggung,B16,33,collecting,34,12708,2932,2919,7061,8269,2902,8574,14019,13108,13751,,
5918180,M-MUK,medium,Temanggung,B16,33,collecting,35,12666,2928,2921,7061,8265,2901,8572,14014,13104,13749,,
5919180,M-MUK,medium,Temanggung,B16,33,collecting,36,12624,2931,2916,7062,8262,2903,8570,14009,13100,13747,,
5920180,M-MUK,medium,Temanggung,B16,33,collecting,37,12581,2929,2921,7062,8259,2905,8568,14004,13096,13745,,
5921180,M-MUK,medium,Temanggung,B16,33,collecting,38,12539,2928,2919,7063,8256,2901,8567,13999,13090,13743,,
5922181,M-MUK,medium,Temanggung,B16,33,collecting,39,12498,2930,2917,7063,8254,2902,8565,13994,13084,13740,,
5923180,M-MUK,medium,Temanggung,B16,33,collecting,40,12456,2928,2921,7063,8250,2903,8564,13988,13079,13738,,
5924180,M-MUK,medium,Temanggung,B16,33,collecting,41,12417,2929,2917,7063,8248,2902,8564,13982,13073,13736,,
5925180,M-MUK,medium,Temanggung,B16,33,collecting,42,12378,2928,2919,7063,8245,2901,8562,13977,13066,13733,,
5926180,M-MUK,medium,Temanggung,B16,33,collecting,43,12339,2928,2918,7063,8242,2901,8562,13972,13060,13731,,
5927180,M-MUK,medium,Temanggung,B16,33,collecting,44,12303,2928,2921,7063,8239,2901,8562,13966,13053,13728,,
5928180,M-MUK,medium,Temanggung,B16,33,collecting,45,12267,2929,2918,7064,8238,2901,8561,13960,13046,13725,,
5929180,M-MUK,medium,Temanggung,B16,33,collecting,46,12233,2930,2920,7064,8236,2903,8560,13955,13040,13723,,
5930180,M-MUK,medium,Temanggung,B16,33,collecting,47,12199,2929,2921,7065,8233,2902,8559,13949,13034,13721,,
5931181,M-MUK,medium,Temanggung,B16,33,collecting,48,12167,2931,2919,7064,8232,2903,8558,13943,13028,13719,,
5932180,M-MUK,medium,Temanggung,B16,33,collecting,49,12136,2930,2918,7065,8230,2902,8559,13938,13021,13716,,
5933180,M-MUK,medium,Temanggung,B16,33,collecting,50,12107,2929,2919,7066,8228,2903,8559,13932,13014,13714,,
5934180,M-MUK,medium,Temanggung,B16,33,collecting,51,12079,2930,2918,7066,8227,2902,8560,13927,13008,13711,,
5935180,M-MUK,medium,Temanggung,B16,33,collecting,52,12052,2926,2918,7066,8226,2904,8559,13922,13002,13709,,
5936180,M-MUK,medium,Temanggung,B16,33,collecting,53,12026,2928,2919,7067,8225,2904,8559,13917,12997,13707,,
5937180,M-MUK,medium,Temanggung,B16,33,collecting,54,12000,2928,2918,7068,8224,2902,8559,13912,12991,13704,,
5938181,M-MUK,medium,Temanggung,B16,33,collecting,55,11975,2929,2918,7068,8223,2901,8559,13908,12985,13702,,
5939180,M-MUK,medium,Temanggung,B16,33,collecting,56,11952,2931,2917,7068,8221,2902,8559,13903,12980,13700,,
5940180,M-MUK,medium,Temanggung,B16,33,collecting,57,11929,2926,2918,7069,8220,2902,8559,13898,12975,13698,,
5941180,M-MUK,medium,Temanggung,B16,33,collecting,58,11908,2928,2917,7069,8220,2902,8560,13894,12970,13696,,
5942180,M-MUK,medium,Temanggung,B16,33,collecting,59,11888,2930,2919,7069,8219,2901,8560,13890,12964,13695,,
5943180,M-MUK,medium,Temanggung,B16,33,collecting,60,11868,2927,2917,7070,8218,2905,8560,13886,12960,13692,,
5944183,M-MUK,medium,Temanggung,B16,34,purging,1,11850,2928,2918,7070,8218,2902,8560,13883,12955,13690,,
5945180,M-MUK,medium,Temanggung,B16,34,purging,2,11834,2930,2918,7073,8218,2902,8562,13880,12952,13691,,
5946180,M-MUK,medium,Temanggung,B16,34,purging,3,11798,2928,2917,7074,8216,2901,8564,13872,12947,13686,,
5947181,M-MUK,medium,Temanggung,B16,34,purging,4,11729,2929,2919,7074,8210,2899,8562,13855,12936,13677,,
5948180,M-MUK,medium,Temanggung,B16,34,purging,5,11636,2930,2921,7075,8202,2899,8558,13832,12919,13663,,
5949180,M-MUK,medium,Temanggung,B16,34,purging,6,11527,2928,2920,7076,8191,2901,8554,13806,12896,13649,,
5950180,M-MUK,medium,Temanggung,B16,34,purging,7,11410,2927,2920,7076,8182,2905,8551,13779,12871,13636,,
5951180,M-MUK,medium,Temanggung,B16,34,purging,8,11289,2929,2921,7076,8173,2902,8549,13753,12845,13624,,
5952180,M-MUK,medium,Temanggung,B16,34,purging,9,11169,2925,2919,7076,8163,2901,8548,13727,12817,13611,,
5953180,M-MUK,medium,Temanggung,B16,34,purging,10,11052,2925,2917,7077,8156,2899,8548,13703,12789,13599,,
5954181,M-MUK,medium,Temanggung,B16,34,purging,11,10940,2930,2919,7077,8150,2901,8548,13680,12762,13588,,
5955180,M-MUK,medium,Temanggung,B16,34,purging,12,10835,2928,2917,7078,8145,2899,8548,13658,12736,13577,,
5956180,M-MUK,medium,Temanggung,B16,34,purging,13,10736,2928,2917,7078,8140,2900,8550,13637,12711,13568,,
5957180,M-MUK,medium,Temanggung,B16,34,purging,14,10644,2924,2916,7079,8136,2900,8553,13618,12686,13560,,
5958180,M-MUK,medium,Temanggung,B16,34,purging,15,10558,2926,2917,7079,8132,2900,8555,13599,12662,13551,,
5959180,M-MUK,medium,Temanggung,B16,34,purging,16,10479,2928,2916,7080,8129,2902,8557,13582,12640,13542,,
5960180,M-MUK,medium,Temanggung,B16,34,purging,17,10407,2924,2916,7081,8126,2902,8560,13564,12619,13534,,
5961180,M-MUK,medium,Temanggung,B16,34,purging,18,10340,2928,2917,7082,8123,2900,8561,13548,12598,13525,,
5962180,M-MUK,medium,Temanggung,B16,34,purging,19,10278,2928,2916,7082,8120,2900,8562,13532,12579,13516,,
5963181,M-MUK,medium,Temanggung,B16,34,purging,20,10222,2926,2917,7083,8117,2899,8561,13516,12560,13508,,
5964180,M-MUK,medium,Temanggung,B16,34,purging,21,10170,2928,2918,7083,8114,2899,8561,13501,12542,13500,,
5965180,M-MUK,medium,Temanggung,B16,34,purging,22,10123,2928,2916,7084,8111,2899,8562,13487,12525,13493,,
5966180,M-MUK,medium,Temanggung,B16,34,purging,23,10079,2925,2917,7084,8109,2899,8562,13474,12508,13487,,
5967180,M-MUK,medium,Temanggung,B16,34,purging,24,10038,2926,2917,7085,8108,2900,8564,13461,12492,13480,,
5968180,M-MUK,medium,Temanggung,B16,34,purging,25,10000,2926,2917,7085,8106,2899,8565,13449,12477,13474,,
5969180,M-MUK,medium,Temanggung,B16,34,purging,26,9965,2923,2916,7087,8106,2901,8566,13437,12463,13468,,
5970181,M-MUK,medium,Temanggung,B16,34,purging,27,9934,2925,2917,7087,8104,2899,8566,13425,12449,13462,,
5971180,M-MUK,medium,Temanggung,B16,34,purging,28,9903,2925,2917,7088,8102,2898,8567,13414,12435,13455,,
5972180,M-MUK,medium,Temanggung,B16,34,purging,29,9876,2924,2917,7089,8101,2902,8566,13402,12422,13449,,
5973180,M-MUK,medium,Temanggung,B16,34,purging,30,9850,2928,2916,7090,8099,2899,8566,13391,12409,13444,,
5974180,M-MUK,medium,Temanggung,B16,34,purging,31,9826,2925,2916,7091,8097,2900,8566,13381,12397,13437,,
5975180,M-MUK,medium,Temanggung,B16,34,purging,32,9803,2927,2915,7091,8096,2899,8567,13371,12385,13433,,
5976180,M-MUK,medium,Temanggung,B16,34,purging,33,9782,2925,2918,7091,8094,2903,8568,13361,12373,13428,,
5977180,M-MUK,medium,Temanggung,B16,34,purging,34,9762,2925,2918,7092,8092,2901,8569,13352,12361,13424,,
5978180,M-MUK,medium,Temanggung,B16,34,purging,35,9743,2925,2919,7093,8091,2898,8569,13342,12350,13419,,
5979181,M-MUK,medium,Temanggung,B16,34,purging,36,9725,2923,2915,7093,8091,2901,8571,13334,12340,13416,,
5980180,M-MUK,medium,Temanggung,B16,34,purging,37,9707,2925,2915,7093,8090,2899,8573,13326,12330,13412,,
5981180,M-MUK,medium,Temanggung,B16,34,purging,38,9690,2925,2916,7094,8089,2898,8574,13318,12320,13409,,
5982180,M-MUK,medium,Temanggung,B16,34,purging,39,9674,2925,2914,7095,8089,2900,8577,13310,12311,13405,,
5983180,M-MUK,medium,Temanggung,B16,34,purging,40,9659,2925,2916,7095,8090,2901,8577,13302,12302,13402,,
5984180,M-MUK,medium,Temanggung,B16,34,purging,41,9645,2925,2915,7096,8090,2899,8579,13295,12293,13399,,
5985180,M-MUK,medium,Temanggung,B16,34,purging,42,9632,2927,2919,7097,8090,2899,8581,13287,12284,13396,,
5986181,M-MUK,medium,Temanggung,B16,34,purging,43,9618,2925,2915,7097,8090,2900,8582,13280,12276,13392,,
5987180,M-MUK,medium,Temanggung,B16,34,purging,44,9606,2923,2916,7098,8089,2899,8583,13273,12268,13389,,
5988180,M-MUK,medium,Temanggung,B16,34,purging,45,9594,2924,2918,7099,8089,2900,8585,13266,12260,13386,,
5989180,M-MUK,medium,Temanggung,B16,34,purging,46,9583,2923,2915,7100,8090,2900,8585,13259,12253,13384,,
5990180,M-MUK,medium,Temanggung,B16,34,purging,47,9572,2925,2918,7101,8089,2900,8586,13252,12245,13381,,
5991180,M-MUK,medium,Temanggung,B16,34,purging,48,9561,2924,2919,7101,8089,2899,8588,13246,12239,13377,,
5992180,M-MUK,medium,Temanggung,B16,34,purging,49,9551,2923,2914,7102,8088,2900,8589,13239,12231,13374,,
5993180,M-MUK,medium,Temanggung,B16,34,purging,50,9541,2925,2914,7103,8088,2899,8589,13232,12225,13371,,
5994180,M-MUK,medium,Temanggung,B16,34,purging,51,9532,2925,2915,7104,8088,2899,8589,13225,12218,13367,,
5995181,M-MUK,medium,Temanggung,B16,34,purging,52,9524,2925,2919,7104,8087,2899,8588,13218,12212,13362,,
5996180,M-MUK,medium,Temanggung,B16,34,purging,53,9516,2925,2914,7105,8085,2898,8586,13210,12205,13358,,
5997180,M-MUK,medium,Temanggung,B16,34,purging,54,9508,2927,2918,7106,8084,2900,8584,13203,12198,13353,,
5998180,M-MUK,medium,Temanggung,B16,34,purging,55,9502,2925,2916,7107,8081,2899,8583,13196,12192,13349,,
5999180,M-MUK,medium,Temanggung,B16,34,purging,56,9496,2922,2914,7108,8079,2898,8583,13190,12184,13346,,
6000180,M-MUK,medium,Temanggung,B16,34,purging,57,9490,2925,2915,7108,8078,2897,8581,13183,12178,13343,,
6001180,M-MUK,medium,Temanggung,B16,34,purging,58,9483,2923,2915,7109,8076,2898,8581,13177,12172,13339,,
6002181,M-MUK,medium,Temanggung,B16,34,purging,59,9477,2925,2916,7110,8075,2903,8579,13171,12166,13335,,
6003180,M-MUK,medium,Temanggung,B16,34,purging,60,9471,2926,2916,7110,8072,2899,8578,13164,12160,13331,,
6004180,M-MUK,medium,Temanggung,B16,34,purging,61,9465,2926,2917,7111,8071,2899,8577,13159,12153,13327,,
6005180,M-MUK,medium,Temanggung,B16,34,purging,62,9459,2921,2916,7112,8069,2899,8574,13154,12147,13325,,
6006180,M-MUK,medium,Temanggung,B16,34,purging,63,9454,2920,2918,7112,8067,2901,8573,13148,12141,13322,,
6007180,M-MUK,medium,Temanggung,B16,34,purging,64,9448,2925,2916,7113,8064,2899,8573,13143,12135,13319,,
6008180,M-MUK,medium,Temanggung,B16,34,purging,65,9442,2922,2919,7113,8063,2901,8574,13138,12129,13316,,
6009180,M-MUK,medium,Temanggung,B16,34,purging,66,9436,2921,2915,7114,8061,2898,8573,13132,12122,13313,,
6010180,M-MUK,medium,Temanggung,B16,34,purging,67,9431,2922,2914,7114,8059,2894,8572,13126,12116,13309,,
6011181,M-MUK,medium,Temanggung,B16,34,purging,68,9426,2920,2917,7115,8057,2898,8570,13120,12110,13305,,
6012180,M-MUK,medium,Temanggung,B16,34,purging,69,9421,2920,2913,7115,8054,2897,8568,13114,12104,13301,,
6013180,M-MUK,medium,Temanggung,B16,34,purging,70,9415,2920,2917,7116,8051,2900,8567,13108,12098,13297,,
6014180,M-MUK,medium,Temanggung,B16,34,purging,71,9410,2921,2915,7117,8050,2896,8564,13102,12092,13293,,
6015180,M-MUK,medium,Temanggung,B16,34,purging,72,9405,2920,2916,7118,8047,2900,8563,13096,12085,13289,,
6016180,M-MUK,medium,Temanggung,B16,34,purging,73,9400,2921,2914,7118,8044,2895,8562,13091,12079,13286,,
6017180,M-MUK,medium,Temanggung,B16,34,purging,74,9396,2924,2916,7118,8042,2897,8560,13085,12073,13282,,
6018181,M-MUK,medium,Temanggung,B16,34,purging,75,9391,2921,2915,7119,8039,2900,8559,13080,12066,13279,,
6019180,M-MUK,medium,Temanggung,B16,34,purging,76,9386,2921,2916,7120,8038,2898,8558,13075,12061,13276,,
6020180,M-MUK,medium,Temanggung,B16,34,purging,77,9381,2920,2915,7120,8036,2899,8557,13070,12055,13273,,
6021180,M-MUK,medium,Temanggung,B16,34,purging,78,9376,2920,2914,7121,8034,2897,8556,13065,12049,13271,,
6022180,M-MUK,medium,Temanggung,B16,34,purging,79,9372,2920,2916,7122,8033,2900,8555,13060,12044,13268,,
6023180,M-MUK,medium,Temanggung,B16,34,purging,80,9369,2922,2914,7122,8031,2902,8555,13055,12039,13265,,
6024180,M-MUK,medium,Temanggung,B16,34,purging,81,9366,2922,2916,7123,8029,2898,8554,13051,12033,13262,,
6025180,M-MUK,medium,Temanggung,B16,34,purging,82,9363,2922,2914,7124,8028,2899,8552,13047,12028,13261,,
6026180,M-MUK,medium,Temanggung,B16,34,purging,83,9359,2922,2916,7124,8027,2897,8552,13042,12024,13258,,
6027181,M-MUK,medium,Temanggung,B16,34,purging,84,9357,2922,2916,7125,8025,2897,8552,13038,12019,13255,,
6028180,M-MUK,medium,Temanggung,B16,34,purging,85,9353,2922,2916,7125,8023,2898,8551,13033,12014,13252,,
6029180,M-MUK,medium,Temanggung,B16,34,purging,86,9351,2921,2917,7125,8021,2895,8550,13029,12009,13249,,
6030180,M-MUK,medium,Temanggung,B16,34,purging,87,9348,2922,2916,7125,8020,2898,8549,13024,12003,13246,,
6031180,M-MUK,medium,Temanggung,B16,34,purging,88,9346,2920,2918,7126,8017,2899,8549,13020,11999,13244,,
6032180,M-MUK,medium,Temanggung,B16,34,purging,89,9345,2922,2914,7127,8015,2897,8548,13015,11994,13241,,
6033180,M-MUK,medium,Temanggung,B16,34,purging,90,9342,2922,2917,7127,8014,2896,8546,13011,11989,13237,,
6034181,M-MUK,medium,Temanggung,B16,34,purging,91,9340,2920,2916,7128,8012,2900,8544,13006,11984,13234,,
6035180,M-MUK,medium,Temanggung,B16,34,purging,92,9337,2921,2915,7128,8009,2898,8542,13002,11979,13231,,
6036180,M-MUK,medium,Temanggung,B16,34,purging,93,9335,2922,2914,7129,8007,2896,8540,12997,11974,13227,,
6037180,M-MUK,medium,Temanggung,B16,34,purging,94,9333,2921,2916,7129,8005,2898,8538,12993,11969,13224,,
6038180,M-MUK,medium,Temanggung,B16,34,purging,95,9331,2922,2917,7129,8001,2896,8536,12988,11964,13220,,
6039180,M-MUK,medium,Temanggung,B16,34,purging,96,9329,2922,2916,7130,7999,2898,8533,12983,11959,13216,,
6040180,M-MUK,medium,Temanggung,B16,34,purging,97,9328,2923,2915,7130,7996,2897,8531,12978,11954,13211,,
6041180,M-MUK,medium,Temanggung,B16,34,purging,98,9326,2922,2914,7131,7991,2897,8527,12972,11948,13206,,
6042180,M-MUK,medium,Temanggung,B16,34,purging,99,9325,2921,2917,7131,7987,2897,8523,12967,11943,13202,,
6043181,M-MUK,medium,Temanggung,B16,34,purging,100,9323,2921,2916,7131,7983,2897,8519,12962,11937,13197,,
6044180,M-MUK,medium,Temanggung,B16,34,purging,101,9322,2924,2914,7132,7979,2900,8514,12957,11932,13192,,
6045180,M-MUK,medium,Temanggung,B16,34,purging,102,9321,2922,2916,7132,7974,2896,8510,12951,11925,13186,,
6046180,M-MUK,medium,Temanggung,B16,34,purging,103,9319,2921,2915,7132,7969,2899,8506,12945,11919,13181,,
6047180,M-MUK,medium,Temanggung,B16,34,purging,104,9317,2922,2916,7132,7964,2896,8501,12940,11913,13177,,
6048180,M-MUK,medium,Temanggung,B16,34,purging,105,9316,2922,2917,7133,7960,2899,8499,12935,11907,13174,,
6049180,M-MUK,medium,Temanggung,B16,34,purging,106,9314,2920,2915,7132,7957,2898,8496,12931,11901,13171,,
6050181,M-MUK,medium,Temanggung,B16,34,purging,107,9313,2920,2914,7132,7954,2899,8494,12928,11896,13168,,
6051180,M-MUK,medium,Temanggung,B16,34,purging,108,9312,2922,2916,7133,7950,2899,8493,12924,11890,13166,,
6052180,M-MUK,medium,Temanggung,B16,34,purging,109,9311,2923,2916,7133,7948,2898,8492,12921,11885,13164,,
6053180,M-MUK,medium,Temanggung,B16,34,purging,110,9309,2923,2915,7133,7946,2898,8492,12919,11880,13164,,
6054180,M-MUK,medium,Temanggung,B16,34,purging,111,9308,2923,2917,7133,7944,2901,8493,12916,11875,13163,,
6055180,M-MUK,medium,Temanggung,B16,34,purging,112,9307,2921,2917,7133,7944,2899,8494,12914,11871,13162,,
6056180,M-MUK,medium,Temanggung,B16,34,purging,113,9305,2922,2916,7133,7943,2899,8495,12912,11867,13160,,
6057180,M-MUK,medium,Temanggung,B16,34,purging,114,9303,2922,2915,7133,7942,2898,8495,12909,11862,13158,,
6058180,M-MUK,medium,Temanggung,B16,34,purging,115,9302,2923,2917,7134,7941,2897,8495,12906,11858,13156,,
6059181,M-MUK,medium,Temanggung,B16,34,purging,116,9301,2923,2918,7134,7940,2899,8495,12903,11854,13155,,
6060180,M-MUK,medium,Temanggung,B16,34,purging,117,9300,2922,2916,7133,7939,2899,8495,12900,11851,13153,,
6061180,M-MUK,medium,Temanggung,B16,34,purging,118,9297,2925,2917,7134,7938,2898,8495,12897,11847,13152,,
6062180,M-MUK,medium,Temanggung,B16,34,purging,119,9296,2925,2917,7133,7937,2897,8495,12894,11843,13150,,
6063180,M-MUK,medium,Temanggung,B16,34,purging,120,9295,2924,2919,7133,7936,2898,8495,12891,11839,13148,,
6064183,M-MUK,medium,Temanggung,B16,34,collecting,1,9293,2923,2917,7133,7935,2902,8493,12888,11836,13146,,
6065180,M-MUK,medium,Temanggung,B16,34,collecting,2,9291,2923,2916,7131,7932,2896,8492,12885,11831,13147,,
6066181,M-MUK,medium,Temanggung,B16,34,collecting,3,9369,2922,2917,7130,7947,2897,8501,12896,11833,13163,,
6067180,M-MUK,medium,Temanggung,B16,34,collecting,4,9640,2923,2918,7130,7982,2900,8525,12944,11862,13206,,
6068180,M-MUK,medium,Temanggung,B16,34,collecting,5,10062,2923,2917,7130,8031,2897,8554,13027,11928,13262,,
6069180,M-MUK,medium,Temanggung,B16,34,collecting,6,10536,2928,2917,7130,8083,2899,8583,13132,12019,13321,,
6070180,M-MUK,medium,Temanggung,B16,34,collecting,7,10988,2927,2916,7130,8130,2900,8606,13241,12123,13378,,
6071180,M-MUK,medium,Temanggung,B16,34,collecting,8,11383,2926,2916,7131,8170,2897,8624,13339,12230,13429,,
6072180,M-MUK,medium,Temanggung,B16,34,collecting,9,11715,2927,2917,7131,8204,2898,8636,13429,12334,13476,,
6073180,M-MUK,medium,Temanggung,B16,34,collecting,10,11988,2926,2917,7131,8232,2897,8644,13510,12432,13518,,
6074180,M-MUK,medium,Temanggung,B16,34,collecting,11,12211,2927,2916,7130,8254,2898,8652,13582,12523,13556,,
6075181,M-MUK,medium,Temanggung,B16,34,collecting,12,12393,2926,2919,7130,8274,2901,8657,13644,12606,13589,,
6076180,M-MUK,medium,Temanggung,B16,34,collecting,13,12542,2927,2919,7130,8289,2898,8661,13699,12681,13619,,
6077180,M-MUK,medium,Temanggung,B16,34,collecting,14,12663,2927,2919,7130,8301,2901,8663,13747,12750,13647,,
6078180,M-MUK,medium,Temanggung,B16,34,collecting,15,12759,2929,2918,7129,8312,2899,8665,13788,12811,13670,,
6079180,M-MUK,medium,Temanggung,B16,34,collecting,16,12834,2929,2919,7129,8321,2903,8666,13825,12866,13690,,
6080180,M-MUK,medium,Temanggung,B16,34,collecting,17,12890,2931,2917,7129,8329,2898,8665,13856,12914,13708,,
6081180,M-MUK,medium,Temanggung,B16,34,collecting,18,12930,2926,2917,7128,8334,2903,8664,13881,12956,13722,,
6082181,M-MUK,medium,Temanggung,B16,34,collecting,19,12957,2927,2917,7128,8337,2902,8662,13903,12992,13735,,
6083180,M-MUK,medium,Temanggung,B16,34,collecting,20,12972,2929,2917,7128,8339,2903,8659,13921,13023,13745,,
6084180,M-MUK,medium,Temanggung,B16,34,collecting,21,12977,2927,2918,7127,8340,2899,8657,13937,13050,13754,,
6085180,M-MUK,medium,Temanggung,B16,34,collecting,22,12974,2926,2917,7127,8340,2903,8653,13949,13072,13761,,
6086180,M-MUK,medium,Temanggung,B16,34,collecting,23,12963,2931,2916,7126,8338,2901,8650,13957,13091,13767,,
6087180,M-MUK,medium,Temanggung,B16,34,collecting,24,12947,2927,2917,7126,8336,2900,8647,13965,13107,13770,,
6088180,M-MUK,medium,Temanggung,B16,34,collecting,25,12927,2927,2916,7125,8333,2903,8642,13970,13118,13774,,
6089180,M-MUK,medium,Temanggung,B16,34,collecting,26,12902,2927,2917,7125,8330,2899,8639,13972,13128,13775,,
6090180,M-MUK,medium,Temanggung,B16,34,collecting,27,12873,2927,2919,7124,8326,2899,8635,13975,13135,13777,,
6091181,M-MUK,medium,Temanggung,B16,34,collecting,28,12840,2927,2917,7124,8323,2903,8631,13976,13139,13777,,
6092180,M-MUK,medium,Temanggung,B16,34,collecting,29,12808,2927,2917,7123,8318,2902,8628,13975,13142,13776,,
6093180,M-MUK,medium,Temanggung,B16,34,collecting,30,12772,2928,2917,7123,8314,2900,8623,13974,13143,13775,,
6094180,M-MUK,medium,Temanggung,B16,34,collecting,31,12735,2927,2917,7122,8308,2900,8618,13971,13142,13773,,
6095180,M-MUK,medium,Temanggung,B16,34,collecting,32,12697,2927,2916,7122,8303,2903,8615,13968,13141,13772,,
6096180,M-MUK,medium,Temanggung,B16,34,collecting,33,12659,2931,2916,7122,8298,2899,8611,13965,13138,13769,,
6097180,M-MUK,medium,Temanggung,B16,34,collecting,34,12620,2927,2916,7121,8294,2899,8607,13960,13134,13766,,
6098181,M-MUK,medium,Temanggung,B16,34,collecting,35,12579,2927,2917,7121,8288,2899,8603,13956,13129,13763,,
6099180,M-MUK,medium,Temanggung,B16,34,collecting,36,12539,2926,2917,7121,8283,2902,8599,13951,13124,13759,,
6100180,M-MUK,medium,Temanggung,B16,34,collecting,37,12500,2926,2917,7121,8279,2902,8596,13946,13118,13757,,
6101180,M-MUK,medium,Temanggung,B16,34,collecting,38,12462,2927,2917,7120,8274,2899,8593,13941,13112,13753,,
6102180,M-MUK,medium,Temanggung,B16,34,collecting,39,12424,2926,2916,7119,8268,2900,8590,13935,13105,13749,,
6103180,M-MUK,medium,Temanggung,B16,34,collecting,40,12385,2926,2918,7119,8263,2903,8586,13930,13098,13746,,
6104180,M-MUK,medium,Temanggung,B16,34,collecting,41,12347,2929,2916,7118,8258,2899,8583,13923,13090,13741,,
6105180,M-MUK,medium,Temanggung,B16,34,collecting,42,12310,2926,2916,7118,8254,2900,8580,13917,13082,13737,,
6106180,M-MUK,medium,Temanggung,B16,34,collecting,43,12273,2926,2915,7117,8250,2900,8578,13911,13074,13732,,
6107181,M-MUK,medium,Temanggung,B16,34,collecting,44,12237,2926,2917,7116,8245,2900,8576,13905,13066,13728,,
6108180,M-MUK,medium,Temanggung,B16,34,collecting,45,12203,2927,2918,7116,8240,2900,8573,13899,13058,13724,,
6109180,M-MUK,medium,Temanggung,B16,34,collecting,46,12170,2927,2914,7116,8236,2899,8571,13893,13049,13719,,
6110180,M-MUK,medium,Temanggung,B16,34,collecting,47,12138,2926,2916,7115,8231,2903,8568,13887,13040,13715,,
6111180,M-MUK,medium,Temanggung,B16,34,collecting,48,12107,2926,2917,7115,8228,2900,8566,13880,13031,13711,,
6112180,M-MUK,medium,Temanggung,B16,34,collecting,49,12077,2926,2916,7115,8225,2899,8563,13874,13023,13706,,
6113180,M-MUK,medium,Temanggung,B16,34,collecting,50,12047,2926,2917,7114,8221,2902,8562,13868,13015,13702,,
6114181,M-MUK,medium,Temanggung,B16,34,collecting,51,12018,2926,2917,7113,8217,2900,8560,13862,13007,13698,,
6115180,M-MUK,medium,Temanggung,B16,34,collecting,52,11990,2927,2919,7113,8213,2899,8558,13857,12998,13694,,
6116180,M-MUK,medium,Temanggung,B16,34,collecting,53,11963,2926,2916,7113,8210,2899,8557,13851,12990,13690,,
6117180,M-MUK,medium,Temanggung,B16,34,collecting,54,11938,2926,2916,7112,8206,2902,8556,13846,12982,13686,,
6118180,M-MUK,medium,Temanggung,B16,34,collecting,55,11913,2928,2918,7112,8203,2901,8554,13840,12974,13683,,
6119180,M-MUK,medium,Temanggung,B16,34,collecting,56,11889,2926,2918,7112,8200,2898,8552,13835,12966,13678,,
6120180,M-MUK,medium,Temanggung,B16,34,collecting,57,11866,2927,2918,7111,8197,2899,8551,13830,12958,13675,,
6121180,M-MUK,medium,Temanggung,B16,34,collecting,58,11843,2928,2920,7111,8194,2901,8550,13826,12951,13672,,
6122180,M-MUK,medium,Temanggung,B16,34,collecting,59,11823,2926,2915,7110,8192,2901,8550,13820,12944,13668,,
6123181,M-MUK,medium,Temanggung,B16,34,collecting,60,11803,2926,2916,7110,8190,2900,8548,13815,12936,13665,,
6124183,M-MUK,medium,Temanggung,B16,35,purging,1,11784,2926,2916,7109,8188,2899,8548,13810,12929,13661,,
6125180,M-MUK,medium,Temanggung,B16,35,purging,2,11766,2926,2919,7111,8187,2899,8549,13806,12923,13659,,
6126180,M-MUK,medium,Temanggung,B16,35,purging,3,11730,2926,2919,7111,8183,2902,8547,13797,12915,13651,,
6127180,M-MUK,medium,Temanggung,B16,35,purging,4,11662,2926,2917,7111,8174,2900,8542,13779,12902,13639,,
6128180,M-MUK,medium,Temanggung,B16,35,purging,5,11569,2926,2916,7111,8164,2899,8535,13754,12882,13624,,
6129180,M-MUK,medium,Temanggung,B16,35,purging,6,11461,2927,2916,7111,8151,2899,8528,13727,12858,13608,,
6130181,M-MUK,medium,Temanggung,B16,35,purging,7,11344,2926,2916,7111,8139,2899,8522,13700,12830,13591,,
6131180,M-MUK,medium,Temanggung,B16,35,purging,8,11226,2929,2916,7110,8127,2900,8516,13672,12800,13574,,
6132180,M-MUK,medium,Temanggung,B16,35,purging,9,11109,2925,2917,7110,8115,2898,8511,13644,12770,13559,,
6133180,M-MUK,medium,Temanggung,B16,35,purging,10,10995,2925,2916,7109,8103,2900,8507,13618,12740,13544,,
6134180,M-MUK,medium,Temanggung,B16,35,purging,11,10887,2924,2917,7109,8094,2900,8504,13594,12710,13529,,
6135180,M-MUK,medium,Temanggung,B16,35,purging,12,10784,2924,2916,7108,8084,2903,8500,13570,12682,13514,,
6136180,M-MUK,medium,Temanggung,B16,35,purging,13,10689,2924,2915,7108,8074,2903,8496,13547,12653,13500,,
6137180,M-MUK,medium,Temanggung,B16,35,purging,14,10600,2924,2918,7107,8066,2899,8493,13526,12626,13486,,
6138180,M-MUK,medium,Temanggung,B16,35,purging,15,10519,2926,2917,7107,8058,2899,8490,13505,12599,13472,,
6139181,M-MUK,medium,Temanggung,B16,35,purging,16,10443,2928,2919,7107,8050,2898,8486,13484,12573,13459,,
6140180,M-MUK,medium,Temanggung,B16,35,purging,17,10374,2926,2917,7107,8042,2898,8482,13465,12548,13446,,
6141180,M-MUK,medium,Temanggung,B16,35,purging,18,10311,2926,2916,7107,8034,2899,8477,13446,12524,13433,,
6142180,M-MUK,medium,Temanggung,B16,35,purging,19,10253,2926,2916,7106,8026,2899,8473,13429,12501,13422,,
6143180,M-MUK,medium,Temanggung,B16,35,purging,20,10200,2926,2916,7106,8019,2897,8470,13413,12478,13411,,
6144180,M-MUK,medium,Temanggung,B16,35,purging,21,10151,2924,2919,7106,8013,2900,8468,13397,12456,13401,,
6145180,M-MUK,medium,Temanggung,B16,35,purging,22,10106,2928,2917,7105,8007,2897,8465,13382,12435,13391,,
6146181,M-MUK,medium,Temanggung,B16,35,purging,23,10064,2923,2916,7105,8001,2899,8464,13367,12415,13382,,
6147180,M-MUK,medium,Temanggung,B16,35,purging,24,10025,2924,2916,7105,7996,2903,8462,13353,12395,13373,,
6148180,M-MUK,medium,Temanggung,B16,35,purging,25,9990,2926,2917,7105,7991,2901,8461,13341,12376,13365,,
6149180,M-MUK,medium,Temanggung,B16,35,purging,26,9956,2926,2918,7104,7987,2898,8460,13328,12358,13357,,
6150180,M-MUK,medium,Temanggung,B16,35,purging,27,9925,2924,2918,7104,7983,2899,8459,13315,12341,13348,,
6151180,M-MUK,medium,Temanggung,B16,35,purging,28,9896,2926,2919,7103,7979,2900,8457,13302,12324,13338,,
6152180,M-MUK,medium,Temanggung,B16,35,purging,29,9868,2923,2915,7103,7974,2897,8454,13290,12307,13329,,
6153180,M-MUK,medium,Temanggung,B16,35,purging,30,9843,2928,2917,7103,7969,2899,8451,13278,12291,13321,,
6154180,M-MUK,medium,Temanggung,B16,35,purging,31,9819,2927,2917,7103,7965,2900,8448,13266,12275,13312,,
6155181,M-MUK,medium,Temanggung,B16,35,purging,32,9797,2927,2917,7103,7959,2899,8444,13254,12260,13303,,
6156180,M-MUK,medium,Temanggung,B16,35,purging,33,9777,2923,2919,7102,7955,2897,8442,13242,12244,13296,,
6157180,M-MUK,medium,Temanggung,B16,35,purging,34,9758,2923,2918,7102,7950,2901,8439,13231,12230,13288,,
6158180,M-MUK,medium,Temanggung,B16,35,purging,35,9740,2923,2917,7102,7947,2900,8437,13221,12216,13282,,
6159180,M-MUK,medium,Temanggung,B16,35,purging,36,9722,2924,2918,7101,7942,2900,8436,13211,12202,13276,,
6160180,M-MUK,medium,Temanggung,B16,35,purging,37,9706,2927,2918,7101,7939,2899,8436,13202,12188,13270,,
6161180,M-MUK,medium,Temanggung,B16,35,purging,38,9690,2924,2919,7101,7936,2898,8436,13193,12175,13265,,
6162181,M-MUK,medium,Temanggung,B16,35,purging,39,9675,2924,2917,7101,7934,2900,8436,13185,12163,13260,,
6163180,M-MUK,medium,Temanggung,B16,35,purging,40,9661,2923,2919,7100,7931,2903,8436,13177,12151,13255,,
6164180,M-MUK,medium,Temanggung,B16,35,purging,41,9647,2928,2918,7100,7930,2900,8438,13170,12139,13251,,
6165180,M-MUK,medium,Temanggung,B16,35,purging,42,9634,2923,2918,7099,7929,2899,8439,13162,12128,13247,,
6166180,M-MUK,medium,Temanggung,B16,35,purging,43,9621,2923,2918,7099,7927,2898,8440,13154,12117,13243,,
6167180,M-MUK,medium,Temanggung,B16,35,purging,44,9609,2923,2917,7099,7927,2900,8441,13148,12107,13240,,
6168180,M-MUK,medium,Temanggung,B16,35,purging,45,9597,2924,2920,7099,7926,2903,8443,13141,12098,13236,,
6169180,M-MUK,medium,Temanggung,B16,35,purging,46,9586,2924,2917,7099,7926,2899,8443,13134,12088,13232,,
6170180,M-MUK,medium,Temanggung,B16,35,purging,47,9575,2923,2919,7099,7925,2899,8445,13128,12080,13228,,
6171181,M-MUK,medium,Temanggung,B16,35,purging,48,9564,2926,2917,7099,7925,2900,8445,13121,12071,13225,,
6172180,M-MUK,medium,Temanggung,B16,35,purging,49,9554,2928,2918,7098,7924,2900,8446,13115,12062,13223,,
6173180,M-MUK,medium,Temanggung,B16,35,purging,50,9544,2924,2921,7098,7924,2902,8448,13109,12054,13221,,
6174180,M-MUK,medium,Temanggung,B16,35,purging,51,9534,2925,2918,7098,7924,2900,8450,13103,12047,13219,,
6175180,M-MUK,medium,Temanggung,B16,35,purging,52,9525,2923,2919,7098,7925,2900,8452,13098,12039,13216,,
6176180,M-MUK,medium,Temanggung,B16,35,purging,53,9516,2923,2917,7097,7926,2899,8454,13093,12033,13214,,
6177180,M-MUK,medium,Temanggung,B16,35,purging,54,9507,2925,2920,7098,7926,2898,8457,13087,12026,13211,,
6178181,M-MUK,medium,Temanggung,B16,35,purging,55,9499,2923,2917,7097,7927,2901,8458,13081,12020,13209,,
6179180,M-MUK,medium,Temanggung,B16,35,purging,56,9491,2925,2919,7097,7927,2898,8457,13075,12014,13205,,
6180180,M-MUK,medium,Temanggung,B16,35,purging,57,9483,2924,2919,7097,7926,2897,8458,13069,12007,13201,,
6181180,M-MUK,medium,Temanggung,B16,35,purging,58,9477,2925,2922,7097,7925,2901,8458,13063,12001,13198,,
6182180,M-MUK,medium,Temanggung,B16,35,purging,59,9471,2926,2921,7097,7925,2900,8458,13058,11994,13195,,
6183180,M-MUK,medium,Temanggung,B16,35,purging,60,9464,2925,2921,7097,7924,2897,8458,13053,11988,13192,,
6184180,M-MUK,medium,Temanggung,B16,35,purging,61,9458,2926,2919,7097,7923,2901,8457,13047,11982,13189,,
6185180,M-MUK,medium,Temanggung,B16,35,purging,62,9453,2924,2922,7097,7922,2898,8457,13041,11976,13185,,
6186180,M-MUK,medium,Temanggung,B16,35,purging,63,9447,2926,2922,7097,7920,2899,8456,13036,11970,13182,,
6187181,M-MUK,medium,Temanggung,B16,35,purging,64,9442,2928,2921,7097,7917,2899,8455,13030,11963,13178,,
6188180,M-MUK,medium,Temanggung,B16,35,purging,65,9437,2928,2917,7097,7916,2896,8454,13024,11957,13175,,
6189180,M-MUK,medium,Temanggung,B16,35,purging,66,9431,2925,2919,7097,7914,2900,8453,13019,11951,13171,,
6190180,M-MUK,medium,Temanggung,B16,35,purging,67,9427,2926,2918,7097,7913,2898,8452,13014,11944,13168,,
6191180,M-MUK,medium,Temanggung,B16,35,purging,68,9423,2924,2921,7097,7911,2899,8451,13009,11938,13165,,
6192180,M-MUK,medium,Temanggung,B16,35,purging,69,9418,2927,2920,7097,7909,2902,8451,13003,11933,13161,,
6193180,M-MUK,medium,Temanggung,B16,35,purging,70,9414,2925,2918,7097,7907,2897,8449,12999,11927,13158,,
6194181,M-MUK,medium,Temanggung,B16,35,purging,71,9410,2927,2919,7098,7906,2900,8448,12994,11922,13154,,
6195180,M-MUK,medium,Temanggung,B16,35,purging,72,9407,2926,2920,7098,7904,2902,8447,12988,11915,13152,,
6196180,M-MUK,medium,Temanggung,B16,35,purging,73,9403,2925,2919,7097,7902,2900,8447,12983,11910,13149,,
6197180,M-MUK,medium,Temanggung,B16,35,purging,74,9401,2925,2919,7097,7900,2898,8445,12979,11905,13146,,
6198180,M-MUK,medium,Temanggung,B16,35,purging,75,9397,2923,2918,7097,7898,2899,8444,12974,11899,13142,,
6199180,M-MUK,medium,Temanggung,B16,35,purging,76,9394,2927,2919,7097,7896,2899,8443,12969,11894,13138,,
6200180,M-MUK,medium,Temanggung,B16,35,purging,77,9389,2928,2919,7097,7893,2901,8441,12964,11888,13135,,
6201180,M-MUK,medium,Temanggung,B16,35,purging,78,9386,2925,2919,7097,7891,2898,8440,12959,11882,13133,,
6202180,M-MUK,medium,Temanggung,B16,35,purging,79,9382,2925,2919,7097,7890,2901,8439,12955,11877,13130,,
6203181,M-MUK,medium,Temanggung,B16,35,purging,80,9379,2923,2919,7097,7888,2900,8438,12950,11872,13127,,
6204180,M-MUK,medium,Temanggung,B16,35,purging,81,9375,2923,2917,7097,7887,2898,8438,12946,11867,13123,,
6205180,M-MUK,medium,Temanggung,B16,35,purging,82,9372,2923,2917,7098,7884,2898,8437,12940,11861,13119,,
6206180,M-MUK,medium,Temanggung,B16,35,purging,83,9369,2924,2918,7098,7882,2899,8435,12935,11856,13114,,
6207180,M-MUK,medium,Temanggung,B16,35,purging,84,9367,2923,2918,7098,7879,2900,8433,12930,11850,13110,,
6208180,M-MUK,medium,Temanggung,B16,35,purging,85,9364,2924,2918,7098,7877,2898,8431,12924,11844,13106,,
6209180,M-MUK,medium,Temanggung,B16,35,purging,86,9361,2923,2919,7098,7873,2900,8428,12920,11838,13102,,
6210181,M-MUK,medium,Temanggung,B16,35,purging,87,9359,2923,2917,7098,7870,2900,8426,12915,11833,13099,,
6211180,M-MUK,medium,Temanggung,B16,35,purging,88,9357,2924,2919,7098,7868,2899,8424,12911,11827,13096,,
6212180,M-MUK,medium,Temanggung,B16,35,purging,89,9355,2926,2918,7098,7865,2900,8421,12905,11821,13092,,
6213180,M-MUK,medium,Temanggung,B16,35,purging,90,9352,2924,2919,7098,7862,2899,8419,12900,11815,13088,,
6214180,M-MUK,medium,Temanggung,B16,35,purging,91,9350,2924,2921,7098,7859,2899,8418,12896,11809,13084,,
6215180,M-MUK,medium,Temanggung,B16,35,purging,92,9348,2924,2921,7098,7856,2900,8416,12891,11803,13081,,
6216180,M-MUK,medium,Temanggung,B16,35,purging,93,9346,2924,2919,7098,7853,2901,8413,12887,11797,13078,,
6217180,M-MUK,medium,Temanggung,B16,35,purging,94,9344,2927,2917,7098,7850,2900,8412,12883,11792,13076,,
6218180,M-MUK,medium,Temanggung,B16,35,purging,95,9343,2927,2917,7098,7848,2903,8412,12881,11787,13073,,
6219181,M-MUK,medium,Temanggung,B16,35,purging,96,9340,2925,2918,7099,7846,2900,8411,12876,11782,13071,,
6220180,M-MUK,medium,Temanggung,B16,35,purging,97,9339,2925,2920,7099,7845,2899,8411,12874,11777,13069,,
6221180,M-MUK,medium,Temanggung,B16,35,purging,98,9337,2927,2920,7099,7844,2901,8411,12870,11773,13067,,
6222180,M-MUK,medium,Temanggung,B16,35,purging,99,9335,2927,2918,7099,7843,2900,8410,12867,11769,13065,,
6223180,M-MUK,medium,Temanggung,B16,35,purging,100,9333,2925,2918,7099,7841,2902,8411,12863,11763,13062,,
6224180,M-MUK,medium,Temanggung,B16,35,purging,101,9331,2924,2920,7099,7840,2901,8410,12860,11758,13059,,
6225180,M-MUK,medium,Temanggung,B16,35,purging,102,9329,2925,2921,7099,7838,2901,8408,12855,11754,13056,,
6226181,M-MUK,medium,Temanggung,B16,35,purging,103,9327,2929,2917,7098,7836,2900,8406,12851,11748,13052,,
6227180,M-MUK,medium,Temanggung,B16,35,purging,104,9325,2925,2921,7098,7834,2903,8404,12847,11744,13051,,
6228180,M-MUK,medium,Temanggung,B16,35,purging,105,9323,2929,2918,7098,7833,2901,8403,12844,11740,13048,,
6229180,M-MUK,medium,Temanggung,B16,35,purging,106,9321,2924,2920,7098,7831,2903,8403,12840,11735,13046,,
6230180,M-MUK,medium,Temanggung,B16,35,purging,107,9319,2925,2919,7098,7829,2899,8402,12836,11731,13043,,
6231180,M-MUK,medium,Temanggung,B16,35,purging,108,9317,2925,2919,7098,7828,2902,8401,12833,11727,13040,,
6232180,M-MUK,medium,Temanggung,B16,35,purging,109,9315,2926,2918,7098,7826,2901,8400,12830,11722,13039,,
6233180,M-MUK,medium,Temanggung,B16,35,purging,110,9313,2926,2921,7097,7824,2899,8399,12826,11718,13037,,
6234180,M-MUK,medium,Temanggung,B16,35,purging,111,9310,2925,2921,7098,7823,2903,8399,12823,11714,13035,,
6235181,M-MUK,medium,Temanggung,B16,35,purging,112,9307,2925,2918,7097,7821,2902,8399,12820,11711,13033,,
6236180,M-MUK,medium,Temanggung,B16,35,purging,113,9305,2924,2921,7097,7820,2903,8399,12817,11706,13032,,
6237180,M-MUK,medium,Temanggung,B16,35,purging,114,9303,2925,2920,7097,7818,2901,8398,12814,11702,13031,,
6238180,M-MUK,medium,Temanggung,B16,35,purging,115,9302,2925,2922,7096,7818,2900,8398,12812,11698,13029,,
6239180,M-MUK,medium,Temanggung,B16,35,purging,116,9300,2927,2921,7096,7817,2902,8398,12809,11694,13027,,
6240180,M-MUK,medium,Temanggung,B16,35,purging,117,9298,2927,2918,7096,7817,2903,8398,12806,11691,13026,,
6241180,M-MUK,medium,Temanggung,B16,35,purging,118,9296,2928,2921,7095,7816,2903,8399,12804,11687,13024,,
6242181,M-MUK,medium,Temanggung,B16,35,purging,119,9294,2928,2919,7095,7815,2898,8399,12801,11683,13023,,
6243180,M-MUK,medium,Temanggung,B16,35,purging,120,9293,2926,2922,7095,7814,2903,8398,12798,11679,13021,,
6244184,M-MUK,medium,Temanggung,B16,35,collecting,1,9291,2929,2921,7095,7813,2899,8398,12796,11676,13020,,
6245180,M-MUK,medium,Temanggung,B16,35,collecting,2,9289,2929,2920,7093,7811,2902,8397,12793,11672,13025,,
6246180,M-MUK,medium,Temanggung,B16,35,collecting,3,9363,2925,2919,7091,7825,2903,8410,12809,11674,13047,,
6247180,M-MUK,medium,Temanggung,B16,35,collecting,4,9628,2926,2918,7090,7863,2904,8440,12862,11706,13094,,
6248180,M-MUK,medium,Temanggung,B16,35,collecting,5,10042,2927,2920,7090,7916,2903,8474,12950,11772,13153,,
6249180,M-MUK,medium,Temanggung,B16,35,collecting,6,10509,2926,2920,7090,7973,2905,8506,13054,11864,13214,,
6250180,M-MUK,medium,Temanggung,B16,35,collecting,7,10957,2927,2920,7090,8025,2903,8533,13162,11970,13272,,
6251181,M-MUK,medium,Temanggung,B16,35,collecting,8,11351,2932,2922,7090,8069,2905,8554,13262,12078,13324,,
6252180,M-MUK,medium,Temanggung,B16,35,collecting,9,11684,2931,2921,7090,8105,2902,8568,13353,12184,13371,,
6253180,M-MUK,medium,Temanggung,B16,35,collecting,10,11959,2932,2921,7090,8134,2905,8578,13431,12284,13413,,
6254180,M-MUK,medium,Temanggung,B16,35,collecting,11,12182,2931,2919,7089,8159,2903,8585,13501,12377,13451,,
6255180,M-MUK,medium,Temanggung,B16,35,collecting,12,12364,2931,2918,7089,8179,2905,8591,13563,12461,13485,,
6256180,M-MUK,medium,Temanggung,B16,35,collecting,13,12513,2929,2922,7089,8196,2903,8595,13617,12538,13516,,
6257180,M-MUK,medium,Temanggung,B16,35,collecting,14,12632,2933,2919,7088,8210,2900,8597,13666,12607,13543,,
6258181,M-MUK,medium,Temanggung,B16,35,collecting,15,12728,2929,2918,7088,8220,2902,8597,13707,12669,13566,,
6259180,M-MUK,medium,Temanggung,B16,35,collecting,16,12800,2930,2922,7087,8228,2905,8596,13743,12725,13586,,
6260180,M-MUK,medium,Temanggung,B16,35,collecting,17,12856,2932,2918,7086,8235,2902,8595,13773,12774,13604,,
6261180,M-MUK,medium,Temanggung,B16,35,collecting,18,12895,2931,2917,7086,8241,2902,8593,13799,12815,13619,,
6262180,M-MUK,medium,Temanggung,B16,35,collecting,19,12922,2932,2919,7085,8244,2903,8591,13821,12853,13631,,
6263180,M-MUK,medium,Temanggung,B16,35,collecting,20,12938,2930,2917,7085,8245,2903,8588,13840,12885,13642,,
6264180,M-MUK,medium,Temanggung,B16,35,collecting,21,12944,2931,2920,7084,8247,2903,8586,13854,12912,13651,,
6265180,M-MUK,medium,Temanggung,B16,35,collecting,22,12943,2930,2918,7084,8247,2903,8583,13868,12936,13659,,
6266180,M-MUK,medium,Temanggung,B16,35,collecting,23,12935,2934,2920,7083,8247,2903,8580,13878,12956,13665,,
6267181,M-MUK,medium,Temanggung,B16,35,collecting,24,12920,2934,2919,7083,8245,2903,8577,13886,12972,13670,,
6268180,M-MUK,medium,Temanggung,B16,35,collecting,25,12900,2934,2924,7082,8243,2902,8575,13892,12986,13675,,
6269180,M-MUK,medium,Temanggung,B16,35,collecting,26,12875,2934,2922,7081,8241,2901,8572,13897,12996,13678,,
6270180,M-MUK,medium,Temanggung,B16,35,collecting,27,12846,2934,2921,7081,8238,2903,8569,13899,13004,13679,,
6271180,M-MUK,medium,Temanggung,B16,35,collecting,28,12814,2932,2918,7080,8235,2902,8564,13899,13010,13680,,
6272180,M-MUK,medium,Temanggung,B16,35,collecting,29,12779,2932,2922,7080,8231,2902,8561,13900,13013,13679,,
6273180,M-MUK,medium,Temanggung,B16,35,collecting,30,12744,2929,2919,7079,8227,2902,8557,13898,13015,13679,,
6274181,M-MUK,medium,Temanggung,B16,35,collecting,31,12706,2932,2922,7079,8223,2903,8554,13896,13016,13678,,
6275180,M-MUK,medium,Temanggung,B16,35,collecting,32,12666,2929,2922,7078,8218,2902,8551,13893,13014,13676,,
6276180,M-MUK,medium,Temanggung,B16,35,collecting,33,12627,2934,2921,7077,8213,2903,8547,13889,13012,13675,,
6277180,M-MUK,medium,Temanggung,B16,35,collecting,34,12587,2934,2918,7077,8209,2903,8544,13886,13008,13672,,
6278180,M-MUK,medium,Temanggung,B16,35,collecting,35,12546,2933,2919,7076,8204,2903,8541,13882,13005,13669,,
6279180,M-MUK,medium,Temanggung,B16,35,collecting,36,12505,2928,2919,7075,8199,2903,8538,13877,13000,13667,,
6280180,M-MUK,medium,Temanggung,B16,35,collecting,37,12465,2932,2924,7075,8194,2903,8535,13871,12994,13663,,
6281180,M-MUK,medium,Temanggung,B16,35,collecting,38,12425,2930,2919,7074,8190,2903,8532,13865,12988,13660,,
6282180,M-MUK,medium,Temanggung,B16,35,collecting,39,12385,2929,2920,7074,8185,2902,8529,13859,12981,13656,,
6283181,M-MUK,medium,Temanggung,B16,35,collecting,40,12345,2930,2918,7073,8181,2902,8526,13854,12973,13652,,
6284180,M-MUK,medium,Temanggung,B16,35,collecting,41,12307,2930,2919,7073,8176,2905,8524,13848,12966,13649,,
6285180,M-MUK,medium,Temanggung,B16,35,collecting,42,12268,2932,2919,7073,8173,2902,8521,13842,12958,13645,,
6286180,M-MUK,medium,Temanggung,B16,35,collecting,43,12231,2932,2922,7072,8168,2906,8519,13837,12950,13641,,
6287180,M-MUK,medium,Temanggung,B16,35,collecting,44,12194,2929,2920,7072,8163,2903,8517,13830,12942,13636,,
6288180,M-MUK,medium,Temanggung,B16,35,collecting,45,12159,2929,2922,7071,8159,2901,8515,13823,12934,13632,,
6289180,M-MUK,medium,Temanggung,B16,35,collecting,46,12126,2932,2920,7071,8155,2903,8512,13817,12925,13628,,
6290181,M-MUK,medium,Temanggung,B16,35,collecting,47,12093,2931,2923,7070,8152,2903,8510,13810,12917,13624,,
6291180,M-MUK,medium,Temanggung,B16,35,collecting,48,12062,2933,2923,7070,8148,2906,8508,13805,12909,13620,,
6292180,M-MUK,medium,Temanggung,B16,35,collecting,49,12032,2930,2922,7069,8144,2903,8505,13798,12900,13616,,
6293180,M-MUK,medium,Temanggung,B16,35,collecting,50,12002,2931,2920,7069,8141,2905,8503,13792,12893,13612,,
6294180,M-MUK,medium,Temanggung,B16,35,collecting,51,11973,2929,2923,7068,8138,2906,8502,13786,12884,13608,,
6295180,M-MUK,medium,Temanggung,B16,35,collecting,52,11946,2930,2920,7068,8134,2904,8500,13781,12876,13603,,
6296180,M-MUK,medium,Temanggung,B16,35,collecting,53,11920,2928,2920,7068,8131,2903,8498,13774,12868,13600,,
6297180,M-MUK,medium,Temanggung,B16,35,collecting,54,11895,2929,2920,7067,8128,2904,8496,13769,12860,13596,,
6298180,M-MUK,medium,Temanggung,B16,35,collecting,55,11871,2932,2921,7067,8125,2902,8495,13763,12852,13592,,
6299181,M-MUK,medium,Temanggung,B16,35,collecting,56,11848,2931,2920,7066,8122,2902,8493,13759,12844,13589,,
6300180,M-MUK,medium,Temanggung,B16,35,collecting,57,11826,2933,2924,7066,8119,2904,8492,13754,12837,13585,,
6301180,M-MUK,medium,Temanggung,B16,35,collecting,58,11805,2930,2920,7066,8116,2905,8490,13748,12829,13581,,
6302180,M-MUK,medium,Temanggung,B16,35,collecting,59,11785,2934,2920,7065,8113,2904,8488,13743,12822,13577,,
6303180,M-MUK,medium,Temanggung,B16,35,collecting,60,11765,2934,2921,7064,8110,2903,8486,13738,12815,13573,,
6304183,M-MUK,medium,Temanggung,B16,36,purging,1,11745,2930,2919,7063,8107,2906,8484,13732,12807,13569,,
6305180,M-MUK,medium,Temanggung,B16,36,purging,2,11727,2931,2919,7064,8106,2903,8484,13728,12802,13566,,
6306181,M-MUK,medium,Temanggung,B16,36,purging,3,11691,2928,2922,7065,8100,2904,8480,13718,12794,13555,,
6307180,M-MUK,medium,Temanggung,B16,36,purging,4,11623,2934,2920,7065,8090,2907,8472,13697,12779,13540,,
6308180,M-MUK,medium,Temanggung,B16,36,purging,5,11531,2931,2921,7065,8077,2903,8464,13672,12758,13523,,
6309180,M-MUK,medium,Temanggung,B16,36,purging,6,11424,2930,2923,7064,8063,2906,8455,13643,12732,13505,,
6310180,M-MUK,medium,Temanggung,B16,36,purging,7,11308,2932,2924,7064,8048,2906,8446,13614,12702,13487,,
6311180,M-MUK,medium,Temanggung,B16,36,purging,8,11190,2932,2920,7063,8034,2903,8439,13585,12672,13470,,
6312180,M-MUK,medium,Temanggung,B16,36,purging,9,11074,2931,2924,7062,8021,2905,8433,13557,12641,13453,,
6313180,M-MUK,medium,Temanggung,B16,36,purging,10,10961,2929,2919,7062,8008,2905,8428,13531,12609,13438,,
6314180,M-MUK,medium,Temanggung,B16,36,purging,11,10853,2931,2920,7061,7997,2905,8423,13507,12579,13423,,
6315181,M-MUK,medium,Temanggung,B16,36,purging,12,10751,2928,2919,7060,7986,2907,8419,13483,12548,13408,,
6316180,M-MUK,medium,Temanggung,B16,36,purging,13,10655,2930,2925,7060,7977,2903,8416,13460,12519,13394,,
6317180,M-MUK,medium,Temanggung,B16,36,purging,14,10567,2929,2925,7059,7968,2906,8413,13439,12491,13381,,
6318180,M-MUK,medium,Temanggung,B16,36,purging,15,10485,2929,2920,7059,7960,2905,8411,13418,12464,13369,,
6319180,M-MUK,medium,Temanggung,B16,36,purging,16,10409,2932,2922,7059,7952,2906,8408,13399,12437,13357,,
6320180,M-MUK,medium,Temanggung,B16,36,purging,17,10338,2930,2922,7058,7946,2903,8406,13381,12413,13345,,
6321180,M-MUK,medium,Temanggung,B16,36,purging,18,10274,2930,2920,7058,7940,2904,8404,13363,12389,13333,,
6322181,M-MUK,medium,Temanggung,B16,36,purging,19,10215,2927,2920,7057,7933,2903,8401,13345,12365,13322,,
6323180,M-MUK,medium,Temanggung,B16,36,purging,20,10160,2928,2923,7057,7926,2906,8398,13329,12342,13311,,
6324180,M-MUK,medium,Temanggung,B16,36,purging,21,10110,2927,2923,7056,7921,2905,8397,13313,12320,13301,,
6325180,M-MUK,medium,Temanggung,B16,36,purging,22,10064,2932,2922,7055,7916,2904,8396,13299,12299,13292,,
6326180,M-MUK,medium,Temanggung,B16,36,purging,23,10022,2933,2921,7055,7912,2904,8395,13285,12280,13284,,
6327180,M-MUK,medium,Temanggung,B16,36,purging,24,9983,2931,2924,7054,7908,2904,8394,13271,12262,13275,,
6328180,M-MUK,medium,Temanggung,B16,36,purging,25,9947,2930,2921,7054,7904,2905,8393,13258,12245,13267,,
6329180,M-MUK,medium,Temanggung,B16,36,purging,26,9913,2930,2920,7054,7901,2907,8392,13245,12228,13259,,
6330180,M-MUK,medium,Temanggung,B16,36,purging,27,9883,2931,2921,7053,7897,2903,8392,13232,12211,13251,,
6331181,M-MUK,medium,Temanggung,B16,36,purging,28,9853,2930,2920,7053,7893,2906,8391,13220,12194,13244,,
6332180,M-MUK,medium,Temanggung,B16,36,purging,29,9826,2928,2924,7052,7889,2907,8389,13208,12178,13236,,
6333180,M-MUK,medium,Temanggung,B16,36,purging,30,9800,2928,2920,7052,7886,2904,8387,13197,12163,13229,,
6334180,M-MUK,medium,Temanggung,B16,36,purging,31,9776,2930,2923,7052,7883,2907,8386,13186,12148,13222,,
6335180,M-MUK,medium,Temanggung,B16,36,purging,32,9754,2926,2921,7051,7879,2903,8385,13175,12133,13215,,
6336180,M-MUK,medium,Temanggung,B16,36,purging,33,9732,2931,2920,7050,7875,2906,8385,13164,12117,13207,,
6337180,M-MUK,medium,Temanggung,B16,36,purging,34,9713,2927,2923,7049,7871,2905,8383,13153,12102,13199,,
6338181,M-MUK,medium,Temanggung,B16,36,purging,35,9694,2930,2920,7050,7867,2907,8380,13142,12088,13190,,
6339180,M-MUK,medium,Temanggung,B16,36,purging,36,9676,2926,2924,7049,7862,2905,8377,13131,12073,13181,,
6340180,M-MUK,medium,Temanggung,B16,36,purging,37,9659,2930,2919,7048,7856,2905,8374,13120,12059,13174,,
6341180,M-MUK,medium,Temanggung,B16,36,purging,38,9643,2928,2919,7048,7852,2905,8371,13109,12045,13167,,
6342180,M-MUK,medium,Temanggung,B16,36,purging,39,9628,2931,2925,7047,7847,2904,8368,13099,12031,13159,,
6343180,M-MUK,medium,Temanggung,B16,36,purging,40,9614,2931,2919,7046,7842,2905,8365,13090,12018,13152,,
6344180,M-MUK,medium,Temanggung,B16,36,purging,41,9599,2927,2919,7046,7838,2905,8364,13080,12004,13146,,
6345180,M-MUK,medium,Temanggung,B16,36,purging,42,9586,2930,2920,7045,7835,2903,8362,13071,11992,13140,,
6346180,M-MUK,medium,Temanggung,B16,36,purging,43,9574,2929,2920,7045,7832,2905,8361,13063,11980,13134,,
6347181,M-MUK,medium,Temanggung,B16,36,purging,44,9563,2928,2920,7045,7829,2907,8360,13054,11968,13129,,
6348180,M-MUK,medium,Temanggung,B16,36,purging,45,9552,2927,2922,7044,7826,2905,8360,13046,11957,13124,,
6349180,M-MUK,medium,Temanggung,B16,36,purging,46,9541,2928,2921,7044,7824,2905,8359,13039,11945,13119,,
6350180,M-MUK,medium,Temanggung,B16,36,purging,47,9531,2929,2920,7043,7821,2906,8359,13032,11935,13114,,
6351180,M-MUK,medium,Temanggung,B16,36,purging,48,9522,2928,2920,7043,7819,2904,8358,13024,11925,13110,,
6352180,M-MUK,medium,Temanggung,B16,36,purging,49,9512,2927,2920,7043,7816,2904,8358,13017,11915,13104,,
6353180,M-MUK,medium,Temanggung,B16,36,purging,50,9503,2931,2921,7042,7814,2906,8357,13010,11905,13100,,
6354181,M-MUK,medium,Temanggung,B16,36,purging,51,9495,2928,2921,7041,7812,2905,8356,13003,11895,13095,,
6355180,M-MUK,medium,Temanggung,B16,36,purging,52,9488,2928,2919,7041,7811,2907,8356,12996,11886,13091,,
6356180,M-MUK,medium,Temanggung,B16,36,purging,53,9481,2928,2925,7040,7809,2906,8355,12989,11878,13087,,
6357180,M-MUK,medium,Temanggung,B16,36,purging,54,9475,2931,2920,7040,7807,2905,8355,12983,11869,13083,,
6358180,M-MUK,medium,Temanggung,B16,36,purging,55,9469,2931,2922,7039,7805,2903,8354,12976,11861,13079,,
6359180,M-MUK,medium,Temanggung,B16,36,purging,56,9464,2930,2922,7038,7804,2906,8354,12971,11853,13075,,
6360180,M-MUK,medium,Temanggung,B16,36,purging,57,9459,2930,2920,7038,7802,2904,8353,12965,11845,13071,,
6361180,M-MUK,medium,Temanggung,B16,36,purging,58,9453,2930,2918,7038,7801,2904,8352,12959,11838,13068,,
6362180,M-MUK,medium,Temanggung,B16,36,purging,59,9448,2931,2919,7037,7800,2904,8352,12954,11830,13065,,
6363181,M-MUK,medium,Temanggung,B16,36,purging,60,9443,2929,2922,7037,7798,2906,8352,12949,11824,13062,,
6364180,M-MUK,medium,Temanggung,B16,36,purging,61,9437,2928,2924,7037,7797,2904,8352,12943,11816,13058,,
6365180,M-MUK,medium,Temanggung,B16,36,purging,62,9431,2929,2921,7036,7795,2904,8351,12938,11809,13053,,
6366180,M-MUK,medium,Temanggung,B16,36,purging,63,9425,2927,2920,7036,7792,2907,8349,12930,11802,13048,,
6367180,M-MUK,medium,Temanggung,B16,36,purging,64,9419,2928,2920,7036,7789,2904,8347,12924,11794,13043,,
6368180,M-MUK,medium,Temanggung,B16,36,purging,65,9412,2928,2922,7035,7786,2906,8345,12918,11786,13037,,
6369180,M-MUK,medium,Temanggung,B16,36,purging,66,9406,2929,2922,7035,7782,2907,8343,12911,11778,13033,,
6370181,M-MUK,medium,Temanggung,B16,36,purging,67,9400,2930,2920,7034,7779,2906,8340,12905,11770,13029,,
6371180,M-MUK,medium,Temanggung,B16,36,purging,68,9394,2926,2920,7034,7776,2907,8339,12898,11761,13025,,
6372180,M-MUK,medium,Temanggung,B16,36,purging,69,9388,2928,2920,7033,7773,2906,8337,12893,11754,13022,,
6373180,M-MUK,medium,Temanggung,B16,36,purging,70,9382,2927,2920,7033,7771,2908,8336,12888,11746,13020,,
6374180,M-MUK,medium,Temanggung,B16,36,purging,71,9376,2928,2920,7033,7770,2905,8337,12884,11739,13018,,
6375180,M-MUK,medium,Temanggung,B16,36,purging,72,9370,2928,2924,7032,7769,2907,8338,12880,11732,13016,,
6376180,M-MUK,medium,Temanggung,B16,36,purging,73,9364,2930,2923,7032,7770,2905,8340,12876,11726,13016,,
6377180,M-MUK,medium,Temanggung,B16,36,purging,74,9358,2928,2921,7031,7770,2903,8343,12873,11721,13016,,
6378180,M-MUK,medium,Temanggung,B16,36,purging,75,9352,2930,2923,7032,7771,2904,8347,12871,11715,13017,,
6379181,M-MUK,medium,Temanggung,B16,36,purging,76,9346,2929,2927,7031,7772,2904,8350,12869,11711,13018,,
6380180,M-MUK,medium,Temanggung,B16,36,purging,77,9341,2928,2923,7031,7774,2905,8354,12867,11707,13018,,
6381180,M-MUK,medium,Temanggung,B16,36,purging,78,9335,2928,2926,7031,7776,2905,8358,12864,11704,13019,,
6382180,M-MUK,medium,Temanggung,B16,36,purging,79,9329,2929,2922,7031,7778,2906,8361,12862,11699,13018,,
6383180,M-MUK,medium,Temanggung,B16,36,purging,80,9324,2930,2923,7031,7780,2905,8364,12858,11697,13017,,
6384180,M-MUK,medium,Temanggung,B16,36,purging,81,9320,2932,2925,7031,7782,2903,8366,12855,11693,13017,,
6385180,M-MUK,medium,Temanggung,B16,36,purging,82,9316,2932,2926,7030,7784,2905,8368,12851,11690,13015,,
6386181,M-MUK,medium,Temanggung,B16,36,purging,83,9311,2932,2925,7031,7786,2906,8370,12848,11687,13014,,
6387180,M-MUK,medium,Temanggung,B16,36,purging,84,9308,2929,2921,7030,7788,2907,8372,12845,11685,13015,,
6388180,M-MUK,medium,Temanggung,B16,36,purging,85,9305,2928,2923,7031,7792,2904,8375,12842,11684,13016,,
6389180,M-MUK,medium,Temanggung,B16,36,purging,86,9302,2928,2921,7032,7797,2902,8379,12841,11684,13019,,
6390180,M-MUK,medium,Temanggung,B16,36,purging,87,9300,2931,2926,7032,7802,2907,8383,12838,11685,13019,,
6391180,M-MUK,medium,Temanggung,B16,36,purging,88,9296,2930,2922,7032,7805,2906,8386,12836,11687,13018,,
6392180,M-MUK,medium,Temanggung,B16,36,purging,89,9294,2931,2923,7032,7807,2904,8387,12832,11687,13016,,
6393180,M-MUK,medium,Temanggung,B16,36,purging,90,9291,2930,2922,7032,7807,2906,8386,12828,11686,13013,,
6394180,M-MUK,medium,Temanggung,B16,36,purging,91,9288,2932,2925,7032,7806,2907,8385,12823,11684,13012,,
6395181,M-MUK,medium,Temanggung,B16,36,purging,92,9286,2929,2926,7032,7806,2904,8384,12819,11682,13010,,
6396180,M-MUK,medium,Temanggung,B16,36,purging,93,9284,2930,2921,7032,7807,2904,8383,12815,11681,13007,,
6397180,M-MUK,medium,Temanggung,B16,36,purging,94,9281,2931,2924,7032,7806,2905,8382,12810,11679,13002,,
6398180,M-MUK,medium,Temanggung,B16,36,purging,95,9279,2929,2922,7032,7803,2906,8377,12804,11675,12997,,
6399180,M-MUK,medium,Temanggung,B16,36,purging,96,9276,2929,2924,7031,7799,2906,8371,12798,11671,12989,,
6400180,M-MUK,medium,Temanggung,B16,36,purging,97,9275,2929,2923,7032,7792,2903,8364,12791,11665,12982,,
6401180,M-MUK,medium,Temanggung,B16,36,purging,98,9272,2930,2925,7032,7786,2904,8357,12784,11659,12977,,
6402181,M-MUK,medium,Temanggung,B16,36,purging,99,9270,2929,2925,7031,7780,2906,8352,12778,11652,12972,,
6403180,M-MUK,medium,Temanggung,B16,36,purging,100,9268,2931,2925,7031,7774,2904,8347,12773,11645,12968,,
6404180,M-MUK,medium,Temanggung,B16,36,purging,101,9266,2928,2924,7031,7768,2907,8343,12769,11639,12966,,
6405180,M-MUK,medium,Temanggung,B16,36,purging,102,9264,2929,2920,7031,7764,2906,8340,12765,11632,12962,,
6406180,M-MUK,medium,Temanggung,B16,36,purging,103,9263,2931,2924,7031,7760,2905,8338,12761,11626,12959,,
6407180,M-MUK,medium,Temanggung,B16,36,purging,104,9260,2929,2923,7032,7757,2905,8337,12756,11619,12955,,
6408180,M-MUK,medium,Temanggung,B16,36,purging,105,9259,2928,2920,7031,7753,2904,8335,12752,11613,12953,,
6409180,M-MUK,medium,Temanggung,B16,36,purging,106,9257,2930,2923,7031,7750,2906,8333,12748,11607,12950,,
6410180,M-MUK,medium,Temanggung,B16,36,purging,107,9256,2928,2922,7031,7747,2904,8333,12745,11601,12949,,
6411181,M-MUK,medium,Temanggung,B16,36,purging,108,9254,2929,2924,7032,7745,2906,8332,12742,11595,12946,,
6412180,M-MUK,medium,Temanggung,B16,36,purging,109,9252,2926,2920,7032,7742,2906,8332,12739,11591,12944,,
6413180,M-MUK,medium,Temanggung,B16,36,purging,110,9250,2929,2923,7031,7741,2907,8331,12736,11585,12942,,
6414180,M-MUK,medium,Temanggung,B16,36,purging,111,9248,2929,2923,7031,7739,2904,8331,12733,11579,12940,,
6415180,M-MUK,medium,Temanggung,B16,36,purging,112,9246,2930,2925,7031,7737,2906,8331,12730,11575,12937,,
6416180,M-MUK,medium,Temanggung,B16,36,purging,113,9244,2932,2921,7031,7736,2907,8331,12727,11569,12936,,
6417180,M-MUK,medium,Temanggung,B16,36,purging,114,9241,2927,2925,7032,7735,2906,8330,12724,11566,12935,,
6418181,M-MUK,medium,Temanggung,B16,36,purging,115,9239,2926,2923,7032,7735,2906,8332,12722,11562,12933,,
6419180,M-MUK,medium,Temanggung,B16,36,purging,116,9236,2930,2921,7032,7735,2904,8334,12719,11558,12933,,
6420180,M-MUK,medium,Temanggung,B16,36,purging,117,9235,2928,2923,7033,7735,2905,8335,12717,11555,12932,,
6421180,M-MUK,medium,Temanggung,B16,36,purging,118,9232,2930,2923,7033,7734,2906,8335,12714,11552,12931,,
6422180,M-MUK,medium,Temanggung,B16,36,purging,119,9230,2929,2923,7034,7734,2904,8336,12711,11549,12928,,
6423180,M-MUK,medium,Temanggung,B16,36,purging,120,9228,2928,2920,7034,7733,2905,8337,12707,11545,12926,,
6424183,M-MUK,medium,Temanggung,B16,36,collecting,1,9227,2929,2925,7035,7732,2906,8337,12704,11542,12924,,
6425180,M-MUK,medium,Temanggung,B16,36,collecting,2,9225,2928,2921,7034,7730,2905,8335,12701,11538,12929,,
6426180,M-MUK,medium,Temanggung,B16,36,collecting,3,9301,2929,2924,7033,7745,2904,8350,12716,11540,12953,,
6427181,M-MUK,medium,Temanggung,B16,36,collecting,4,9567,2932,2921,7033,7783,2908,8380,12769,11571,13002,,
6428180,M-MUK,medium,Temanggung,B16,36,collecting,5,9985,2931,2922,7033,7837,2906,8415,12855,11637,13062,,
6429180,M-MUK,medium,Temanggung,B16,36,collecting,6,10461,2930,2921,7034,7894,2906,8448,12962,11729,13125,,
6430180,M-MUK,medium,Temanggung,B16,36,collecting,7,10914,2934,2920,7034,7948,2905,8474,13072,11836,13184,,
6431180,M-MUK,medium,Temanggung,B16,36,collecting,8,11312,2934,2923,7035,7994,2905,8494,13174,11946,13237,,
6432180,M-MUK,medium,Temanggung,B16,36,collecting,9,11643,2932,2920,7035,8032,2905,8509,13267,12053,13286,,
6433180,M-MUK,medium,Temanggung,B16,36,collecting,10,11913,2934,2924,7035,8062,2904,8519,13349,12155,13329,,
6434181,M-MUK,medium,Temanggung,B16,36,collecting,11,12135,2930,2922,7035,8088,2908,8527,13420,12249,13368,,
6435180,M-MUK,medium,Temanggung,B16,36,collecting,12,12317,2936,2920,7035,8109,2904,8534,13482,12335,13402,,
6436180,M-MUK,medium,Temanggung,B16,36,collecting,13,12464,2932,2920,7035,8127,2904,8539,13537,12414,13433,,
6437180,M-MUK,medium,Temanggung,B16,36,collecting,14,12582,2934,2920,7035,8142,2906,8543,13585,12485,13461,,
6438180,M-MUK,medium,Temanggung,B16,36,collecting,15,12677,2932,2920,7035,8155,2905,8546,13628,12548,13485,,
6439180,M-MUK,medium,Temanggung,B16,36,collecting,16,12750,2931,2922,7034,8164,2905,8546,13664,12604,13505,,
6440180,M-MUK,medium,Temanggung,B16,36,collecting,17,12804,2933,2923,7034,8171,2906,8545,13695,12654,13523,,
6441180,M-MUK,medium,Temanggung,B16,36,collecting,18,12842,2937,2922,7034,8177,2905,8544,13720,12698,13538,,
6442180,M-MUK,medium,Temanggung,B16,36,collecting,19,12867,2933,2924,7034,8181,2904,8542,13741,12735,13550,,
6443181,M-MUK,medium,Temanggung,B16,36,collecting,20,12882,2937,2924,7034,8183,2904,8540,13759,12768,13560,,
6444180,M-MUK,medium,Temanggung,B16,36,collecting,21,12885,2935,2924,7034,8183,2906,8537,13773,12795,13568,,
6445180,M-MUK,medium,Temanggung,B16,36,collecting,22,12881,2933,2920,7033,8182,2904,8533,13784,12817,13575,,
6446180,M-MUK,medium,Temanggung,B16,36,collecting,23,12869,2935,2920,7033,8180,2904,8529,13793,12836,13580,,
6447180,M-MUK,medium,Temanggung,B16,36,collecting,24,12853,2933,2922,7033,8178,2907,8524,13800,12852,13584,,
6448180,M-MUK,medium,Temanggung,B16,36,collecting,25,12832,2932,2924,7032,8176,2907,8520,13805,12865,13588,,
6449180,M-MUK,medium,Temanggung,B16,36,collecting,26,12807,2936,2921,7032,8174,2905,8518,13809,12876,13592,,
6450181,M-MUK,medium,Temanggung,B16,36,collecting,27,12778,2932,2920,7032,8172,2906,8516,13813,12885,13595,,
6451180,M-MUK,medium,Temanggung,B16,36,collecting,28,12747,2935,2924,7032,8170,2904,8513,13815,12892,13597,,
6452180,M-MUK,medium,Temanggung,B16,36,collecting,29,12714,2931,2920,7032,8167,2905,8511,13816,12898,13598,,
6453180,M-MUK,medium,Temanggung,B16,36,collecting,30,12678,2932,2924,7031,8164,2906,8508,13815,12900,13597,,
6454180,M-MUK,medium,Temanggung,B16,36,collecting,31,12641,2935,2920,7031,8160,2904,8503,13813,12902,13596,,
6455180,M-MUK,medium,Temanggung,B16,36,collecting,32,12603,2935,2922,7031,8156,2904,8500,13810,12902,13593,,
6456180,M-MUK,medium,Temanggung,B16,36,collecting,33,12564,2934,2920,7030,8150,2906,8496,13805,12900,13590,,
6457180,M-MUK,medium,Temanggung,B16,36,collecting,34,12524,2935,2924,7030,8145,2905,8491,13801,12897,13587,,
6458180,M-MUK,medium,Temanggung,B16,36,collecting,35,12485,2933,2923,7029,8139,2904,8487,13795,12893,13583,,
6459181,M-MUK,medium,Temanggung,B16,36,collecting,36,12445,2931,2923,7028,8133,2907,8483,13790,12887,13579,,
6460180,M-MUK,medium,Temanggung,B16,36,collecting,37,12406,2932,2925,7028,8128,2904,8478,13785,12881,13575,,
6461180,M-MUK,medium,Temanggung,B16,36,collecting,38,12367,2934,2920,7028,8121,2907,8474,13778,12875,13570,,
6462180,M-MUK,medium,Temanggung,B16,36,collecting,39,12328,2931,2920,7028,8116,2907,8470,13772,12867,13566,,
6463180,M-MUK,medium,Temanggung,B16,36,collecting,40,12289,2936,2925,7027,8111,2906,8466,13766,12860,13561,,
6464180,M-MUK,medium,Temanggung,B16,36,collecting,41,12251,2933,2922,7027,8105,2904,8462,13760,12852,13557,,
6465180,M-MUK,medium,Temanggung,B16,36,collecting,42,12215,2933,2924,7026,8100,2907,8458,13753,12843,13552,,
6466181,M-MUK,medium,Temanggung,B16,36,collecting,43,12178,2936,2922,7025,8094,2907,8455,13747,12834,13548,,
6467180,M-MUK,medium,Temanggung,B16,36,collecting,44,12143,2932,2921,7025,8089,2907,8451,13740,12825,13542,,
6468180,M-MUK,medium,Temanggung,B16,36,collecting,45,12109,2935,2924,7024,8085,2907,8448,13733,12816,13538,,
6469180,M-MUK,medium,Temanggung,B16,36,collecting,46,12076,2933,2921,7025,8080,2907,8444,13727,12807,13533,,
6470180,M-MUK,medium,Temanggung,B16,36,collecting,47,12043,2935,2923,7024,8074,2908,8440,13720,12798,13528,,
6471180,M-MUK,medium,Temanggung,B16,36,collecting,48,12011,2932,2923,7024,8069,2904,8438,13714,12790,13524,,
6472180,M-MUK,medium,Temanggung,B16,36,collecting,49,11980,2935,2924,7023,8065,2907,8435,13708,12781,13519,,
6473180,M-MUK,medium,Temanggung,B16,36,collecting,50,11952,2932,2922,7022,8060,2904,8433,13702,12772,13515,,
6474180,M-MUK,medium,Temanggung,B16,36,collecting,51,11923,2935,2924,7022,8056,2907,8430,13695,12763,13510,,
6475181,M-MUK,medium,Temanggung,B16,36,collecting,52,11895,2934,2924,7021,8051,2907,8427,13689,12754,13505,,
6476180,M-MUK,medium,Temanggung,B16,36,collecting,53,11869,2936,2923,7021,8047,2909,8424,13684,12745,13501,,
6477180,M-MUK,medium,Temanggung,B16,36,collecting,54,11843,2933,2925,7020,8043,2906,8421,13678,12736,13496,,
6478180,M-MUK,medium,Temanggung,B16,36,collecting,55,11820,2932,2924,7019,8039,2905,8420,13672,12728,13492,,
6479180,M-MUK,medium,Temanggung,B16,36,collecting,56,11797,2936,2925,7019,8035,2907,8417,13667,12719,13488,,
6480180,M-MUK,medium,Temanggung,B16,36,collecting,57,11775,2936,2923,7018,8031,2906,8416,13661,12711,13484,,
6481180,M-MUK,medium,Temanggung,B16,36,collecting,58,11753,2934,2922,7017,8028,2908,8414,13655,12703,13480,,
6482181,M-MUK,medium,Temanggung,B16,36,collecting,59,11733,2935,2923,7016,8027,2908,8413,13650,12695,13477,,
6483180,M-MUK,medium,Temanggung,B16,36,collecting,60,11714,2932,2925,7016,8024,2907,8411,13645,12687,13472,,
6484184,M-MUK,medium,Temanggung,B16,37,purging,1,11695,2932,2926,7016,8021,2907,8410,13640,12680,13469,,
6485180,M-MUK,medium,Temanggung,B16,37,purging,2,11678,2931,2923,7017,8019,2910,8410,13636,12673,13466,,
6486180,M-MUK,medium,Temanggung,B16,37,purging,3,11642,2932,2921,7017,8014,2908,8407,13626,12665,13455,,
6487180,M-MUK,medium,Temanggung,B16,37,purging,4,11575,2929,2923,7016,8003,2905,8399,13606,12651,13437,,
6488180,M-MUK,medium,Temanggung,B16,37,purging,5,11484,2933,2923,7016,7988,2907,8388,13580,12629,13418,,
6489180,M-MUK,medium,Temanggung,B16,37,purging,6,11378,2931,2922,7015,7971,2909,8377,13550,12602,13399,,
6490180,M-MUK,medium,Temanggung,B16,37,purging,7,11265,2932,2924,7015,7955,2907,8366,13520,12572,13381,,
6491181,M-MUK,medium,Temanggung,B16,37,purging,8,11147,2933,2926,7014,7940,2910,8357,13492,12540,13362,,
6492180,M-MUK,medium,Temanggung,B16,37,purging,9,11032,2936,2924,7013,7925,2907,8349,13463,12509,13345,,
6493180,M-MUK,medium,Temanggung,B16,37,purging,10,10920,2929,2923,7012,7912,2910,8343,13436,12476,13329,,
6494180,M-MUK,medium,Temanggung,B16,37,purging,11,10813,2930,2924,7011,7900,2911,8338,13412,12445,13315,,
6495180,M-MUK,medium,Temanggung,B16,37,purging,12,10712,2934,2924,7009,7890,2908,8335,13389,12414,13301,,
6496180,M-MUK,medium,Temanggung,B16,37,purging,13,10617,2931,2924,7008,7880,2905,8333,13367,12384,13288,,
6497180,M-MUK,medium,Temanggung,B16,37,purging,14,10528,2933,2924,7007,7872,2907,8331,13347,12356,13275,,
6498181,M-MUK,medium,Temanggung,B16,37,purging,15,10446,2932,2924,7007,7865,2907,8329,13326,12329,13263,,
6499180,M-MUK,medium,Temanggung,B16,37,purging,16,10370,2932,2922,7007,7857,2907,8327,13307,12303,13250,,
6500180,M-MUK,medium,Temanggung,B16,37,purging,17,10300,2929,2925,7006,7850,2907,8324,13288,12278,13237,,
6501180,M-MUK,medium,Temanggung,B16,37,purging,18,10236,2933,2924,7005,7843,2912,8320,13269,12253,13224,,
6502180,M-MUK,medium,Temanggung,B16,37,purging,19,10178,2933,2925,7005,7835,2905,8316,13251,12229,13213,,
6503180,M-MUK,medium,Temanggung,B16,37,purging,20,10124,2931,2926,7004,7828,2911,8314,13234,12206,13202,,
6504180,M-MUK,medium,Temanggung,B16,37,purging,21,10074,2930,2924,7003,7822,2911,8312,13219,12183,13192,,
6505180,M-MUK,medium,Temanggung,B16,37,purging,22,10028,2933,2921,7002,7815,2908,8310,13204,12161,13181,,
6506180,M-MUK,medium,Temanggung,B16,37,purging,23,9986,2931,2922,7001,7809,2910,8308,13189,12141,13171,,
6507181,M-MUK,medium,Temanggung,B16,37,purging,24,9947,2931,2926,7001,7804,2908,8306,13175,12120,13162,,
6508180,M-MUK,medium,Temanggung,B16,37,purging,25,9911,2930,2922,7000,7798,2906,8304,13161,12101,13153,,
6509180,M-MUK,medium,Temanggung,B16,37,purging,26,9878,2931,2924,6999,7794,2907,8302,13148,12082,13144,,
6510180,M-MUK,medium,Temanggung,B16,37,purging,27,9846,2932,2926,6999,7789,2908,8300,13135,12064,13135,,
6511180,M-MUK,medium,Temanggung,B16,37,purging,28,9818,2934,2925,6998,7785,2911,8298,13123,12046,13128,,
6512180,M-MUK,medium,Temanggung,B16,37,purging,29,9791,2933,2924,6998,7781,2909,8297,13111,12029,13120,,
6513180,M-MUK,medium,Temanggung,B16,37,purging,30,9767,2930,2927,6997,7778,2907,8296,13100,12013,13113,,
6514181,M-MUK,medium,Temanggung,B16,37,purging,31,9743,2933,2926,6996,7774,2909,8295,13089,11998,13106,,
6515180,M-MUK,medium,Temanggung,B16,37,purging,32,9721,2928,2924,6995,7771,2906,8294,13078,11983,13099,,
6516180,M-MUK,medium,Temanggung,B16,37,purging,33,9701,2930,2926,6995,7768,2908,8293,13068,11968,13093,,
6517180,M-MUK,medium,Temanggung,B16,37,purging,34,9682,2931,2924,6994,7766,2908,8294,13059,11955,13087,,
6518180,M-MUK,medium,Temanggung,B16,37,purging,35,9663,2932,2924,6994,7762,2908,8294,13049,11941,13081,,
6519180,M-MUK,medium,Temanggung,B16,37,purging,36,9646,2933,2924,6993,7760,2908,8294,13040,11928,13076,,
6520180,M-MUK,medium,Temanggung,B16,37,purging,37,9630,2932,2924,6993,7758,2910,8294,13031,11915,13071,,
6521180,M-MUK,medium,Temanggung,B16,37,purging,38,9614,2932,2924,6992,7757,2912,8295,13023,11903,13067,,
6522180,M-MUK,medium,Temanggung,B16,37,purging,39,9599,2931,2926,6992,7756,2907,8297,13016,11892,13063,,
6523181,M-MUK,medium,Temanggung,B16,37,purging,40,9584,2930,2925,6992,7755,2908,8297,13008,11881,13059,,
6524180,M-MUK,medium,Temanggung,B16,37,purging,41,9571,2930,2925,6991,7754,2908,8298,13000,11871,13054,,
6525180,M-MUK,medium,Temanggung,B16,37,purging,42,9557,2928,2927,6990,7753,2908,8299,12992,11860,13049,,
6526180,M-MUK,medium,Temanggung,B16,37,purging,43,9545,2931,2926,6989,7751,2908,8299,12984,11849,13044,,
6527180,M-MUK,medium,Temanggung,B16,37,purging,44,9533,2932,2924,6989,7750,2907,8300,12977,11839,13040,,
6528180,M-MUK,medium,Temanggung,B16,37,purging,45,9521,2930,2924,6988,7748,2907,8299,12969,11829,13035,,
6529180,M-MUK,medium,Temanggung,B16,37,purging,46,9508,2930,2926,6988,7745,2905,8299,12962,11819,13031,,
6530181,M-MUK,medium,Temanggung,B16,37,purging,47,9497,2928,2923,6987,7744,2908,8298,12955,11809,13026,,
6531180,M-MUK,medium,Temanggung,B16,37,purging,48,9487,2932,2922,6987,7742,2911,8297,12947,11799,13021,,
6532180,M-MUK,medium,Temanggung,B16,37,purging,49,9478,2928,2925,6987,7741,2907,8296,12939,11789,13016,,
6533180,M-MUK,medium,Temanggung,B16,37,purging,50,9469,2930,2924,6986,7739,2907,8294,12932,11780,13010,,
6534180,M-MUK,medium,Temanggung,B16,37,purging,51,9461,2931,2926,6986,7736,2907,8293,12924,11771,13005,,
6535180,M-MUK,medium,Temanggung,B16,37,purging,52,9453,2930,2926,6985,7733,2908,8290,12916,11761,12999,,
6536180,M-MUK,medium,Temanggung,B16,37,purging,53,9444,2933,2922,6985,7730,2909,8287,12909,11752,12992,,
6537180,M-MUK,medium,Temanggung,B16,37,purging,54,9437,2932,2924,6984,7726,2910,8285,12901,11742,12986,,
6538180,M-MUK,medium,Temanggung,B16,37,purging,55,9430,2932,2925,6984,7722,2907,8282,12892,11733,12979,,
6539181,M-MUK,medium,Temanggung,B16,37,purging,56,9424,2928,2924,6984,7718,2908,8278,12884,11723,12973,,
6540180,M-MUK,medium,Temanggung,B16,37,purging,57,9418,2934,2923,6983,7714,2911,8275,12877,11715,12968,,
6541180,M-MUK,medium,Temanggung,B16,37,purging,58,9411,2930,2923,6983,7710,2908,8272,12870,11705,12963,,
6542180,M-MUK,medium,Temanggung,B16,37,purging,59,9405,2934,2924,6982,7707,2912,8270,12864,11696,12960,,
6543180,M-MUK,medium,Temanggung,B16,37,purging,60,9399,2930,2924,6982,7703,2908,8268,12858,11688,12955,,
6544180,M-MUK,medium,Temanggung,B16,37,purging,61,9393,2933,2925,6981,7701,2908,8267,12852,11679,12950,,
6545180,M-MUK,medium,Temanggung,B16,37,purging,62,9387,2929,2926,6981,7698,2908,8265,12846,11671,12946,,
6546181,M-MUK,medium,Temanggung,B16,37,purging,63,9381,2933,2927,6980,7695,2908,8263,12839,11663,12940,,
6547180,M-MUK,medium,Temanggung,B16,37,purging,64,9375,2934,2926,6980,7691,2908,8261,12832,11655,12935,,
6548180,M-MUK,medium,Temanggung,B16,37,purging,65,9370,2929,2925,6979,7688,2907,8259,12826,11646,12930,,
6549180,M-MUK,medium,Temanggung,B16,37,purging,66,9365,2934,2922,6979,7685,2908,8257,12820,11638,12927,,
6550180,M-MUK,medium,Temanggung,B16,37,purging,67,9360,2932,2924,6979,7683,2909,8255,12814,11631,12924,,
6551180,M-MUK,medium,Temanggung,B16,37,purging,68,9354,2934,2926,6978,7680,2908,8254,12808,11623,12920,,
6552180,M-MUK,medium,Temanggung,B16,37,purging,69,9350,2934,2929,6978,7678,2908,8253,12803,11616,12915,,
6553180,M-MUK,medium,Temanggung,B16,37,purging,70,9345,2932,2926,6977,7676,2912,8252,12798,11609,12912,,
6554180,M-MUK,medium,Temanggung,B16,37,purging,71,9340,2929,2924,6977,7674,2909,8251,12792,11601,12908,,
6555181,M-MUK,medium,Temanggung,B16,37,purging,72,9336,2931,2927,6976,7672,2908,8250,12786,11594,12904,,
6556180,M-MUK,medium,Temanggung,B16,37,purging,73,9332,2932,2926,6975,7668,2908,8249,12782,11588,12901,,
6557180,M-MUK,medium,Temanggung,B16,37,purging,74,9328,2931,2927,6975,7666,2909,8248,12776,11581,12897,,
6558180,M-MUK,medium,Temanggung,B16,37,purging,75,9324,2935,2927,6975,7664,2908,8247,12772,11574,12894,,
6559180,M-MUK,medium,Temanggung,B16,37,purging,76,9320,2932,2926,6974,7662,2906,8246,12768,11567,12892,,
6560180,M-MUK,medium,Temanggung,B16,37,purging,77,9317,2934,2927,6973,7660,2907,8246,12764,11560,12889,,
6561180,M-MUK,medium,Temanggung,B16,37,purging,78,9313,2933,2928,6973,7658,2908,8246,12759,11554,12886,,
6562181,M-MUK,medium,Temanggung,B16,37,purging,79,9310,2936,2926,6972,7657,2910,8246,12754,11548,12884,,
6563180,M-MUK,medium,Temanggung,B16,37,purging,80,9306,2933,2926,6972,7656,2909,8246,12751,11543,12882,,
6564180,M-MUK,medium,Temanggung,B16,37,purging,81,9303,2935,2924,6971,7655,2913,8246,12748,11537,12881,,
6565180,M-MUK,medium,Temanggung,B16,37,purging,82,9300,2935,2927,6971,7654,2911,8247,12744,11532,12879,,
6566180,M-MUK,medium,Temanggung,B16,37,purging,83,9296,2936,2925,6970,7653,2908,8248,12740,11527,12878,,
6567180,M-MUK,medium,Temanggung,B16,37,purging,84,9293,2934,2926,6969,7653,2909,8249,12737,11521,12876,,
6568180,M-MUK,medium,Temanggung,B16,37,purging,85,9289,2935,2926,6968,7652,2908,8249,12733,11517,12874,,
6569180,M-MUK,medium,Temanggung,B16,37,purging,86,9286,2933,2927,6968,7652,2907,8249,12730,11512,12872,,
6570180,M-MUK,medium,Temanggung,B16,37,purging,87,9283,2932,2927,6967,7651,2909,8251,12726,11507,12871,,
6571181,M-MUK,medium,Temanggung,B16,37,purging,88,9279,2936,2924,6967,7651,2913,8251,12723,11502,12868,,
6572180,M-MUK,medium,Temanggung,B16,37,purging,89,9275,2934,2926,6966,7650,2910,8251,12719,11498,12866,,
6573180,M-MUK,medium,Temanggung,B16,37,purging,90,9272,2933,2927,6966,7650,2909,8250,12715,11493,12863,,
6574180,M-MUK,medium,Temanggung,B16,37,purging,91,9270,2934,2927,6965,7648,2908,8250,12711,11488,12861,,
6575180,M-MUK,medium,Temanggung,B16,37,purging,92,9267,2934,2926,6965,7647,2908,8250,12708,11483,12859,,
6576180,M-MUK,medium,Temanggung,B16,37,purging,93,9264,2931,2928,6964,7646,2908,8250,12704,11479,12857,,
6577180,M-MUK,medium,Temanggung,B16,37,purging,94,9262,2932,2923,6964,7644,2909,8250,12700,11474,12854,,
6578181,M-MUK,medium,Temanggung,B16,37,purging,95,9260,2931,2927,6963,7643,2908,8248,12696,11469,12852,,
6579180,M-MUK,medium,Temanggung,B16,37,purging,96,9257,2933,2927,6963,7642,2909,8248,12693,11464,12849,,
6580180,M-MUK,medium,Temanggung,B16,37,purging,97,9254,2932,2924,6963,7641,2910,8248,12689,11460,12847,,
6581180,M-MUK,medium,Temanggung,B16,37,purging,98,9252,2934,2926,6962,7640,2910,8247,12686,11456,12846,,
6582180,M-MUK,medium,Temanggung,B16,37,purging,99,9250,2932,2927,6963,7639,2909,8246,12683,11452,12844,,
6583180,M-MUK,medium,Temanggung,B16,37,purging,100,9247,2935,2924,6962,7639,2911,8246,12680,11448,12843,,
6584180,M-MUK,medium,Temanggung,B16,37,purging,101,9244,2938,2927,6962,7638,2910,8247,12677,11444,12842,,
6585180,M-MUK,medium,Temanggung,B16,37,purging,102,9241,2934,2923,6962,7638,2913,8248,12675,11440,12841,,
6586180,M-MUK,medium,Temanggung,B16,37,purging,103,9239,2936,2925,6961,7637,2910,8248,12672,11436,12840,,
6587181,M-MUK,medium,Temanggung,B16,37,purging,104,9236,2932,2927,6960,7637,2912,8249,12669,11432,12838,,
6588180,M-MUK,medium,Temanggung,B16,37,purging,105,9233,2936,2928,6961,7637,2911,8249,12666,11428,12837,,
6589180,M-MUK,medium,Temanggung,B16,37,purging,106,9230,2934,2924,6960,7637,2910,8250,12663,11425,12835,,
6590180,M-MUK,medium,Temanggung,B16,37,purging,107,9227,2934,2924,6960,7636,2909,8250,12660,11421,12834,,
6591180,M-MUK,medium,Temanggung,B16,37,purging,108,9225,2932,2924,6960,7636,2911,8250,12658,11417,12833,,
6592180,M-MUK,medium,Temanggung,B16,37,purging,109,9223,2935,2926,6960,7634,2911,8250,12655,11414,12831,,
6593180,M-MUK,medium,Temanggung,B16,37,purging,110,9220,2934,2926,6960,7633,2910,8251,12652,11410,12830,,
6594181,M-MUK,medium,Temanggung,B16,37,purging,111,9218,2933,2924,6960,7633,2911,8251,12649,11407,12828,,
6595180,M-MUK,medium,Temanggung,B16,37,purging,112,9216,2932,2924,6960,7633,2910,8250,12646,11404,12826,,
6596180,M-MUK,medium,Temanggung,B16,37,purging,113,9214,2932,2927,6959,7632,2909,8249,12642,11400,12823,,
6597180,M-MUK,medium,Temanggung,B16,37,purging,114,9212,2934,2927,6959,7630,2911,8248,12639,11397,12821,,
6598180,M-MUK,medium,Temanggung,B16,37,purging,115,9211,2934,2926,6959,7629,2910,8247,12636,11394,12819,,
6599180,M-MUK,medium,Temanggung,B16,37,purging,116,9210,2931,2924,6959,7627,2913,8246,12633,11390,12817,,
6600180,M-MUK,medium,Temanggung,B16,37,purging,117,9208,2934,2929,6958,7626,2907,8246,12629,11387,12815,,
6601180,M-MUK,medium,Temanggung,B16,37,purging,118,9207,2932,2928,6958,7625,2910,8244,12626,11384,12813,,
6602180,M-MUK,medium,Temanggung,B16,37,purging,119,9206,2929,2927,6958,7624,2909,8243,12623,11380,12811,,
6603181,M-MUK,medium,Temanggung,B16,37,purging,120,9205,2930,2926,6958,7622,2911,8242,12620,11376,12808,,
6604183,M-MUK,medium,Temanggung,B16,37,collecting,1,9204,2932,2927,6958,7620,2909,8240,12617,11372,12805,,
6605180,M-MUK,medium,Temanggung,B16,37,collecting,2,9201,2934,2923,6956,7618,2910,8238,12614,11368,12811,,
6606180,M-MUK,medium,Temanggung,B16,37,collecting,3,9275,2933,2928,6955,7632,2910,8251,12630,11371,12837,,
6607180,M-MUK,medium,Temanggung,B16,37,collecting,4,9539,2935,2923,6955,7671,2912,8281,12682,11403,12886,,
6608180,M-MUK,medium,Temanggung,B16,37,collecting,5,9949,2934,2926,6955,7726,2913,8318,12767,11469,12946,,
6609180,M-MUK,medium,Temanggung,B16,37,collecting,6,10413,2933,2924,6955,7784,2910,8353,12868,11560,13007,,
6610181,M-MUK,medium,Temanggung,B16,37,collecting,7,10858,2934,2925,6955,7836,2910,8382,12974,11665,13065,,
6611180,M-MUK,medium,Temanggung,B16,37,collecting,8,11248,2933,2925,6955,7881,2910,8404,13077,11772,13117,,
6612180,M-MUK,medium,Temanggung,B16,37,collecting,9,11577,2933,2927,6954,7917,2908,8420,13168,11878,13166,,
6613180,M-MUK,medium,Temanggung,B16,37,collecting,10,11849,2938,2923,6955,7948,2910,8431,13249,11978,13209,,
6614180,M-MUK,medium,Temanggung,B16,37,collecting,11,12073,2937,2924,6955,7973,2910,8439,13320,12071,13247,,
6615180,M-MUK,medium,Temanggung,B16,37,collecting,12,12256,2934,2924,6955,7995,2909,8445,13383,12155,13282,,
6616180,M-MUK,medium,Temanggung,B16,37,collecting,13,12405,2937,2926,6955,8013,2911,8450,13440,12234,13313,,
6617180,M-MUK,medium,Temanggung,B16,37,collecting,14,12525,2935,2927,6954,8027,2911,8453,13488,12305,13340,,
6618180,M-MUK,medium,Temanggung,B16,37,collecting,15,12620,2938,2927,6954,8040,2909,8455,13530,12368,13364,,
6619181,M-MUK,medium,Temanggung,B16,37,collecting,16,12695,2935,2923,6953,8049,2910,8456,13566,12425,13384,,
6620180,M-MUK,medium,Temanggung,B16,37,collecting,17,12750,2936,2924,6953,8056,2911,8455,13597,12474,13402,,
6621180,M-MUK,medium,Temanggung,B16,37,collecting,18,12790,2939,2924,6953,8061,2912,8454,13624,12518,13417,,
6622180,M-MUK,medium,Temanggung,B16,37,collecting,19,12817,2934,2926,6952,8064,2909,8451,13646,12556,13430,,
6623180,M-MUK,medium,Temanggung,B16,37,collecting,20,12831,2936,2926,6952,8065,2910,8448,13664,12589,13440,,
6624180,M-MUK,medium,Temanggung,B16,37,collecting,21,12837,2939,2926,6951,8066,2910,8445,13678,12616,13448,,
6625180,M-MUK,medium,Temanggung,B16,37,collecting,22,12835,2937,2922,6951,8066,2910,8441,13691,12640,13455,,
6626181,M-MUK,medium,Temanggung,B16,37,collecting,23,12826,2936,2923,6951,8064,2910,8437,13700,12660,13461,,
6627180,M-MUK,medium,Temanggung,B16,37,collecting,24,12811,2936,2927,6950,8062,2910,8434,13707,12676,13465,,
6628180,M-MUK,medium,Temanggung,B16,37,collecting,25,12791,2936,2926,6950,8059,2910,8430,13714,12689,13468,,
6629180,M-MUK,medium,Temanggung,B16,37,collecting,26,12767,2936,2924,6950,8057,2909,8426,13717,12699,13470,,
6630180,M-MUK,medium,Temanggung,B16,37,collecting,27,12739,2937,2927,6950,8053,2910,8422,13719,12707,13471,,
6631180,M-MUK,medium,Temanggung,B16,37,collecting,28,12708,2939,2927,6950,8049,2912,8417,13720,12713,13471,,
6632180,M-MUK,medium,Temanggung,B16,37,collecting,29,12674,2934,2924,6949,8044,2911,8413,13720,12716,13470,,
6633180,M-MUK,medium,Temanggung,B16,37,collecting,30,12639,2936,2925,6949,8040,2909,8409,13719,12718,13469,,
6634180,M-MUK,medium,Temanggung,B16,37,collecting,31,12602,2939,2927,6949,8035,2910,8405,13717,12718,13468,,
6635181,M-MUK,medium,Temanggung,B16,37,collecting,32,12563,2938,2925,6948,8030,2909,8401,13714,12717,13467,,
6636180,M-MUK,medium,Temanggung,B16,37,collecting,33,12525,2935,2927,6948,8024,2911,8397,13711,12715,13464,,
6637180,M-MUK,medium,Temanggung,B16,37,collecting,34,12485,2935,2927,6947,8019,2909,8394,13707,12711,13461,,
6638180,M-MUK,medium,Temanggung,B16,37,collecting,35,12445,2934,2926,6946,8014,2911,8390,13703,12707,13458,,
6639180,M-MUK,medium,Temanggung,B16,37,collecting,36,12405,2938,2926,6946,8009,2909,8387,13698,12702,13455,,
6640180,M-MUK,medium,Temanggung,B16,37,collecting,37,12365,2937,2926,6945,8004,2910,8383,13692,12696,13451,,
6641180,M-MUK,medium,Temanggung,B16,37,collecting,38,12325,2937,2927,6945,7999,2910,8379,13687,12690,13447,,
6642181,M-MUK,medium,Temanggung,B16,37,collecting,39,12286,2934,2927,6945,7994,2909,8377,13681,12684,13443,,
6643180,M-MUK,medium,Temanggung,B16,37,collecting,40,12248,2936,2926,6945,7989,2911,8374,13675,12676,13439,,
6644180,M-MUK,medium,Temanggung,B16,37,collecting,41,12210,2937,2925,6944,7985,2911,8371,13670,12670,13435,,
6645180,M-MUK,medium,Temanggung,B16,37,collecting,42,12175,2934,2926,6944,7980,2910,8368,13664,12663,13432,,
6646180,M-MUK,medium,Temanggung,B16,37,collecting,43,12139,2936,2923,6944,7976,2911,8366,13658,12655,13428,,
6647180,M-MUK,medium,Temanggung,B16,37,collecting,44,12105,2935,2924,6943,7972,2910,8363,13652,12647,13424,,
6648180,M-MUK,medium,Temanggung,B16,37,collecting,45,12071,2934,2923,6943,7968,2911,8361,13646,12639,13419,,
6649180,M-MUK,medium,Temanggung,B16,37,collecting,46,12039,2934,2927,6942,7964,2911,8358,13641,12631,13416,,
6650180,M-MUK,medium,Temanggung,B16,37,collecting,47,12007,2936,2923,6941,7961,2910,8357,13635,12624,13412,,
6651181,M-MUK,medium,Temanggung,B16,37,collecting,48,11977,2935,2924,6941,7957,2911,8354,13629,12615,13408,,
6652180,M-MUK,medium,Temanggung,B16,37,collecting,49,11948,2935,2926,6941,7953,2912,8352,13623,12607,13403,,
6653180,M-MUK,medium,Temanggung,B16,37,collecting,50,11920,2933,2926,6940,7950,2911,8350,13617,12599,13399,,
6654180,M-MUK,medium,Temanggung,B16,37,collecting,51,11891,2933,2926,6940,7946,2910,8348,13611,12591,13395,,
6655180,M-MUK,medium,Temanggung,B16,37,collecting,52,11864,2937,2926,6940,7942,2910,8346,13606,12584,13391,,
6656180,M-MUK,medium,Temanggung,B16,37,collecting,53,11839,2935,2926,6940,7938,2913,8344,13600,12576,13387,,
6657180,M-MUK,medium,Temanggung,B16,37,collecting,54,11813,2933,2926,6939,7935,2911,8343,13595,12568,13383,,
6658181,M-MUK,medium,Temanggung,B16,37,collecting,55,11789,2936,2927,6939,7932,2909,8341,13590,12561,13380,,
6659180,M-MUK,medium,Temanggung,B16,37,collecting,56,11766,2933,2926,6938,7929,2911,8339,13584,12553,13376,,
6660180,M-MUK,medium,Temanggung,B16,37,collecting,57,11744,2933,2926,6937,7926,2909,8338,13579,12545,13372,,
6661180,M-MUK,medium,Temanggung,B16,37,collecting,58,11722,2935,2924,6937,7923,2908,8336,13574,12538,13369,,
6662180,M-MUK,medium,Temanggung,B16,37,collecting,59,11702,2935,2925,6937,7921,2910,8335,13569,12531,13365,,
6663180,M-MUK,medium,Temanggung,B16,37,collecting,60,11682,2933,2923,6936,7917,2910,8334,13565,12524,13362,,
6664183,M-MUK,medium,Temanggung,B16,38,purging,1,11663,2935,2926,6936,7915,2913,8332,13560,12517,13358,,
6665180,M-MUK,medium,Temanggung,B16,38,purging,2,11646,2937,2924,6937,7915,2911,8333,13556,12511,13356,,
6666180,M-MUK,medium,Temanggung,B16,38,purging,3,11611,2933,2924,6937,7911,2911,8331,13546,12504,13347,,
6667181,M-MUK,medium,Temanggung,B16,38,purging,4,11545,2934,2927,6938,7901,2911,8324,13527,12490,13334,,
6668180,M-MUK,medium,Temanggung,B16,38,purging,5,11454,2933,2925,6937,7890,2911,8318,13504,12470,13320,,
6669180,M-MUK,medium,Temanggung,B16,38,purging,6,11348,2933,2925,6936,7878,2911,8313,13478,12446,13306,,
6670180,M-MUK,medium,Temanggung,B16,38,purging,7,11235,2934,2925,6936,7866,2910,8308,13452,12419,13291,,
6671180,M-MUK,medium,Temanggung,B16,38,purging,8,11119,2935,2927,6936,7855,2910,8305,13425,12391,13277,,
6672180,M-MUK,medium,Temanggung,B16,38,purging,9,11005,2937,2927,6935,7845,2909,8302,13399,12363,13261,,
6673180,M-MUK,medium,Temanggung,B16,38,purging,10,10893,2934,2925,6934,7835,2910,8299,13375,12333,13247,,
6674181,M-MUK,medium,Temanggung,B16,38,purging,11,10787,2933,2923,6934,7827,2912,8296,13351,12305,13233,,
6675180,M-MUK,medium,Temanggung,B16,38,purging,12,10687,2935,2922,6934,7817,2909,8293,13328,12277,13219,,
6676180,M-MUK,medium,Temanggung,B16,38,purging,13,10593,2932,2926,6934,7810,2910,8290,13306,12250,13207,,
6677180,M-MUK,medium,Temanggung,B16,38,purging,14,10505,2935,2926,6933,7804,2909,8287,13285,12223,13195,,
6678180,M-MUK,medium,Temanggung,B16,38,purging,15,10424,2933,2925,6933,7795,2910,8285,13266,12198,13184,,
6679180,M-MUK,medium,Temanggung,B16,38,purging,16,10349,2933,2922,6933,7789,2911,8285,13248,12174,13175,,
6680180,M-MUK,medium,Temanggung,B16,38,purging,17,10279,2932,2925,6932,7784,2909,8285,13232,12150,13165,,
6681180,M-MUK,medium,Temanggung,B16,38,purging,18,10215,2935,2926,6932,7780,2911,8286,13215,12128,13156,,
6682180,M-MUK,medium,Temanggung,B16,38,purging,19,10157,2933,2926,6931,7775,2911,8286,13200,12106,13147,,
6683181,M-MUK,medium,Temanggung,B16,38,purging,20,10103,2931,2926,6931,7772,2914,8285,13185,12086,13138,,
6684180,M-MUK,medium,Temanggung,B16,38,purging,21,10053,2934,2925,6931,7768,2911,8284,13170,12066,13128,,
6685180,M-MUK,medium,Temanggung,B16,38,purging,22,10007,2935,2922,6931,7763,2913,8283,13155,12047,13119,,
6686180,M-MUK,medium,Temanggung,B16,38,purging,23,9965,2933,2926,6930,7760,2909,8281,13141,12029,13110,,
6687180,M-MUK,medium,Temanggung,B16,38,purging,24,9926,2934,2926,6931,7756,2910,8279,13127,12011,13102,,
6688180,M-MUK,medium,Temanggung,B16,38,purging,25,9890,2932,2925,6930,7752,2910,8278,13114,11994,13095,,
6689180,M-MUK,medium,Temanggung,B16,38,purging,26,9856,2933,2926,6931,7749,2912,8277,13102,11977,13087,,
6690181,M-MUK,medium,Temanggung,B16,38,purging,27,9824,2933,2926,6931,7746,2910,8277,13090,11961,13081,,
6691180,M-MUK,medium,Temanggung,B16,38,purging,28,9793,2933,2927,6930,7743,2910,8279,13079,11945,13076,,
6692180,M-MUK,medium,Temanggung,B16,38,purging,29,9766,2931,2925,6930,7742,2910,8280,13069,11931,13071,,
6693180,M-MUK,medium,Temanggung,B16,38,purging,30,9740,2934,2923,6930,7741,2908,8282,13059,11916,13068,,
6694180,M-MUK,medium,Temanggung,B16,38,purging,31,9715,2931,2926,6930,7740,2909,8286,13051,11903,13065,,
6695180,M-MUK,medium,Temanggung,B16,38,purging,32,9693,2932,2925,6930,7740,2913,8289,13043,11891,13062,,
6696180,M-MUK,medium,Temanggung,B16,38,purging,33,9671,2935,2924,6930,7741,2913,8292,13034,11879,13058,,
6697180,M-MUK,medium,Temanggung,B16,38,purging,34,9651,2929,2927,6930,7742,2912,8295,13026,11868,13055,,
6698180,M-MUK,medium,Temanggung,B16,38,purging,35,9631,2934,2926,6930,7743,2910,8298,13019,11857,13052,,
6699181,M-MUK,medium,Temanggung,B16,38,purging,36,9613,2932,2925,6930,7743,2912,8301,13011,11847,13049,,
6700180,M-MUK,medium,Temanggung,B16,38,purging,37,9595,2929,2926,6931,7744,2908,8304,13004,11837,13046,,
6701180,M-MUK,medium,Temanggung,B16,38,purging,38,9579,2929,2925,6930,7745,2909,8309,12997,11828,13045,,
6702180,M-MUK,medium,Temanggung,B16,38,purging,39,9563,2928,2926,6931,7747,2910,8312,12991,11819,13044,,
6703180,M-MUK,medium,Temanggung,B16,38,purging,40,9547,2929,2926,6931,7748,2909,8316,12985,11811,13042,,
6704180,M-MUK,medium,Temanggung,B16,38,purging,41,9533,2936,2926,6931,7750,2909,8320,12978,11803,13039,,
6705180,M-MUK,medium,Temanggung,B16,38,purging,42,9519,2929,2926,6931,7751,2908,8322,12971,11795,13036,,
6706181,M-MUK,medium,Temanggung,B16,38,purging,43,9505,2934,2927,6931,7752,2909,8324,12964,11787,13033,,
6707180,M-MUK,medium,Temanggung,B16,38,purging,44,9493,2928,2924,6931,7753,2913,8326,12957,11780,13030,,
6708180,M-MUK,medium,Temanggung,B16,38,purging,45,9481,2932,2924,6931,7753,2909,8326,12951,11772,13026,,
6709180,M-MUK,medium,Temanggung,B16,38,purging,46,9469,2929,2922,6932,7754,2910,8327,12944,11765,13023,,
6710180,M-MUK,medium,Temanggung,B16,38,purging,47,9458,2932,2926,6932,7754,2908,8328,12937,11758,13021,,
6711180,M-MUK,medium,Temanggung,B16,38,purging,48,9447,2933,2923,6932,7754,2907,8329,12931,11751,13018,,
6712180,M-MUK,medium,Temanggung,B16,38,purging,49,9437,2929,2923,6933,7754,2908,8330,12924,11744,13015,,
6713180,M-MUK,medium,Temanggung,B16,38,purging,50,9428,2930,2922,6933,7754,2908,8331,12918,11737,13011,,
6714180,M-MUK,medium,Temanggung,B16,38,purging,51,9419,2927,2925,6933,7753,2909,8331,12911,11731,13006,,
6715181,M-MUK,medium,Temanggung,B16,38,purging,52,9411,2930,2925,6933,7752,2910,8331,12904,11724,13003,,
6716180,M-MUK,medium,Temanggung,B16,38,purging,53,9403,2930,2927,6934,7751,2907,8330,12897,11718,12998,,
6717180,M-MUK,medium,Temanggung,B16,38,purging,54,9395,2931,2927,6934,7750,2908,8328,12890,11711,12993,,
6718180,M-MUK,medium,Temanggung,B16,38,purging,55,9388,2929,2924,6934,7748,2909,8326,12883,11705,12990,,
6719180,M-MUK,medium,Temanggung,B16,38,purging,56,9382,2933,2926,6934,7746,2909,8325,12877,11698,12988,,
6720180,M-MUK,medium,Temanggung,B16,38,purging,57,9375,2932,2922,6935,7745,2912,8325,12872,11692,12986,,
6721180,M-MUK,medium,Temanggung,B16,38,purging,58,9369,2931,2926,6935,7744,2908,8325,12866,11686,12983,,
6722181,M-MUK,medium,Temanggung,B16,38,purging,59,9364,2930,2926,6935,7743,2909,8326,12861,11681,12980,,
6723180,M-MUK,medium,Temanggung,B16,38,purging,60,9358,2929,2924,6936,7742,2911,8325,12856,11675,12976,,
6724180,M-MUK,medium,Temanggung,B16,38,purging,61,9352,2930,2926,6936,7741,2910,8325,12850,11668,12973,,
6725180,M-MUK,medium,Temanggung,B16,38,purging,62,9346,2933,2926,6936,7739,2912,8323,12843,11663,12969,,
6726180,M-MUK,medium,Temanggung,B16,38,purging,63,9340,2932,2926,6936,7738,2908,8322,12837,11656,12965,,
6727180,M-MUK,medium,Temanggung,B16,38,purging,64,9335,2932,2922,6936,7736,2912,8320,12831,11651,12962,,
6728180,M-MUK,medium,Temanggung,B16,38,purging,65,9329,2932,2924,6936,7733,2908,8319,12826,11644,12959,,
6729180,M-MUK,medium,Temanggung,B16,38,purging,66,9323,2930,2924,6937,7733,2912,8318,12821,11638,12956,,
6730180,M-MUK,medium,Temanggung,B16,38,purging,67,9318,2931,2924,6937,7731,2912,8317,12816,11633,12952,,
6731181,M-MUK,medium,Temanggung,B16,38,purging,68,9313,2930,2926,6937,7729,2908,8316,12810,11627,12949,,
6732180,M-MUK,medium,Temanggung,B16,38,purging,69,9309,2930,2924,6937,7727,2911,8315,12805,11620,12946,,
6733180,M-MUK,medium,Temanggung,B16,38,purging,70,9305,2933,2923,6937,7725,2910,8314,12800,11615,12944,,
6734180,M-MUK,medium,Temanggung,B16,38,purging,71,9300,2932,2926,6937,7723,2909,8314,12795,11610,12942,,
6735180,M-MUK,medium,Temanggung,B16,38,purging,72,9297,2929,2923,6938,7722,2908,8315,12791,11604,12941,,
6736180,M-MUK,medium,Temanggung,B16,38,purging,73,9293,2929,2922,6938,7722,2909,8316,12788,11599,12940,,
6737180,M-MUK,medium,Temanggung,B16,38,purging,74,9289,2928,2921,6938,7722,2909,8318,12785,11595,12940,,
6738181,M-MUK,medium,Temanggung,B16,38,purging,75,9285,2929,2926,6938,7723,2911,8320,12781,11590,12939,,
6739180,M-MUK,medium,Temanggung,B16,38,purging,76,9280,2930,2927,6939,7723,2911,8322,12778,11587,12938,,
6740180,M-MUK,medium,Temanggung,B16,38,purging,77,9276,2932,2926,6939,7724,2908,8323,12774,11582,12936,,
6741180,M-MUK,medium,Temanggung,B16,38,purging,78,9272,2932,2926,6940,7724,2909,8323,12770,11578,12935,,
6742180,M-MUK,medium,Temanggung,B16,38,purging,79,9268,2928,2926,6940,7724,2908,8324,12767,11574,12935,,
6743180,M-MUK,medium,Temanggung,B16,38,purging,80,9264,2929,2927,6940,7726,2908,8326,12764,11571,12935,,
6744180,M-MUK,medium,Temanggung,B16,38,purging,81,9259,2931,2924,6941,7727,2912,8328,12762,11568,12936,,
6745180,M-MUK,medium,Temanggung,B16,38,purging,82,9254,2932,2926,6941,7729,2909,8332,12761,11564,12940,,
6746180,M-MUK,medium,Temanggung,B16,38,purging,83,9248,2932,2922,6942,7732,2909,8338,12761,11562,12944,,
6747181,M-MUK,medium,Temanggung,B16,38,purging,84,9242,2930,2924,6942,7735,2909,8346,12760,11560,12947,,
6748180,M-MUK,medium,Temanggung,B16,38,purging,85,9236,2929,2925,6942,7739,2909,8352,12759,11558,12948,,
6749180,M-MUK,medium,Temanggung,B16,38,purging,86,9230,2932,2924,6942,7742,2912,8357,12756,11556,12947,,
6750180,M-MUK,medium,Temanggung,B16,38,purging,87,9224,2930,2926,6943,7745,2910,8359,12754,11554,12947,,
6751180,M-MUK,medium,Temanggung,B16,38,purging,88,9219,2932,2924,6943,7747,2909,8361,12751,11552,12946,,
6752180,M-MUK,medium,Temanggung,B16,38,purging,89,9214,2931,2922,6943,7749,2909,8364,12747,11550,12946,,
6753180,M-MUK,medium,Temanggung,B16,38,purging,90,9210,2929,2925,6944,7750,2908,8365,12744,11548,12947,,
6754181,M-MUK,medium,Temanggung,B16,38,purging,91,9206,2928,2926,6944,7752,2910,8368,12742,11546,12947,,
6755180,M-MUK,medium,Temanggung,B16,38,purging,92,9201,2928,2924,6944,7754,2908,8370,12740,11544,12949,,
6756180,M-MUK,medium,Temanggung,B16,38,purging,93,9196,2930,2921,6945,7756,2908,8373,12738,11542,12950,,
6757180,M-MUK,medium,Temanggung,B16,38,purging,94,9192,2929,2924,6945,7758,2910,8377,12736,11540,12951,,
6758180,M-MUK,medium,Temanggung,B16,38,purging,95,9187,2929,2924,6945,7760,2908,8380,12734,11539,12952,,
6759180,M-MUK,medium,Temanggung,B16,38,purging,96,9183,2929,2923,6946,7763,2910,8382,12732,11538,12952,,
6760180,M-MUK,medium,Temanggung,B16,38,purging,97,9179,2931,2924,6947,7765,2908,8385,12730,11537,12953,,
6761180,M-MUK,medium,Temanggung,B16,38,purging,98,9175,2932,2924,6947,7767,2908,8387,12728,11536,12953,,
6762180,M-MUK,medium,Temanggung,B16,38,purging,99,9171,2931,2925,6948,7768,2908,8389,12724,11534,12953,,
6763181,M-MUK,medium,Temanggung,B16,38,purging,100,9168,2929,2924,6948,7769,2911,8390,12722,11533,12952,,
6764180,M-MUK,medium,Temanggung,B16,38,purging,101,9165,2933,2926,6949,7770,2910,8390,12719,11531,12950,,
6765180,M-MUK,medium,Temanggung,B16,38,purging,102,9162,2929,2925,6949,7771,2909,8390,12715,11530,12949,,
6766180,M-MUK,medium,Temanggung,B16,38,purging,103,9160,2932,2921,6950,7772,2907,8390,12711,11528,12947,,
6767180,M-MUK,medium,Temanggung,B16,38,purging,104,9158,2931,2923,6950,7771,2909,8389,12708,11527,12946,,
6768180,M-MUK,medium,Temanggung,B16,38,purging,105,9155,2930,2926,6951,7771,2910,8389,12705,11525,12946,,
6769180,M-MUK,medium,Temanggung,B16,38,purging,106,9153,2929,2924,6951,7770,2909,8389,12703,11523,12945,,
6770181,M-MUK,medium,Temanggung,B16,38,purging,107,9151,2930,2924,6952,7770,2906,8388,12700,11521,12944,,
6771180,M-MUK,medium,Temanggung,B16,38,purging,108,9148,2933,2927,6952,7770,2910,8387,12697,11519,12943,,
6772180,M-MUK,medium,Temanggung,B16,38,purging,109,9147,2929,2925,6953,7769,2908,8388,12694,11517,12942,,
6773180,M-MUK,medium,Temanggung,B16,38,purging,110,9146,2930,2924,6953,7770,2909,8388,12691,11515,12940,,
6774180,M-MUK,medium,Temanggung,B16,38,purging,111,9144,2931,2924,6954,7769,2908,8387,12688,11513,12939,,
6775180,M-MUK,medium,Temanggung,B16,38,purging,112,9142,2929,2925,6954,7768,2908,8386,12684,11511,12937,,
6776180,M-MUK,medium,Temanggung,B16,38,purging,113,9140,2932,2923,6954,7767,2912,8385,12681,11509,12935,,
6777180,M-MUK,medium,Temanggung,B16,38,purging,114,9140,2932,2923,6955,7765,2907,8383,12678,11506,12933,,
6778180,M-MUK,medium,Temanggung,B16,38,purging,115,9139,2932,2924,6956,7765,2908,8382,12674,11504,12930,,
6779181,M-MUK,medium,Temanggung,B16,38,purging,116,9138,2929,2925,6956,7763,2905,8379,12670,11501,12927,,
6780180,M-MUK,medium,Temanggung,B16,38,purging,117,9138,2931,2924,6957,7762,2907,8377,12666,11499,12926,,
6781180,M-MUK,medium,Temanggung,B16,38,purging,118,9137,2930,2924,6957,7760,2905,8377,12664,11497,12927,,
6782180,M-MUK,medium,Temanggung,B16,38,purging,119,9136,2931,2924,6958,7759,2910,8377,12662,11494,12928,,
6783180,M-MUK,medium,Temanggung,B16,38,purging,120,9134,2930,2924,6958,7759,2907,8379,12661,11492,12929,,
6784183,M-MUK,medium,Temanggung,B16,38,collecting,1,9131,2926,2923,6958,7760,2906,8381,12659,11490,12929,,
6785180,M-MUK,medium,Temanggung,B16,38,collecting,2,9129,2927,2922,6957,7759,2907,8381,12657,11488,12930,,
6786181,M-MUK,medium,Temanggung,B16,38,collecting,3,9198,2929,2921,6956,7772,2909,8388,12667,11490,12938,,
6787180,M-MUK,medium,Temanggung,B16,38,collecting,4,9448,2930,2926,6957,7805,2908,8406,12707,11519,12973,,
6788180,M-MUK,medium,Temanggung,B16,38,collecting,5,9848,2931,2923,6958,7849,2910,8428,12787,11581,13024,,
6789180,M-MUK,medium,Temanggung,B16,38,collecting,6,10304,2933,2922,6959,7897,2910,8449,12879,11667,13077,,
6790180,M-MUK,medium,Temanggung,B16,38,collecting,7,10745,2932,2922,6959,7939,2907,8465,12979,11766,13128,,
6791180,M-MUK,medium,Temanggung,B16,38,collecting,8,11135,2935,2921,6960,7974,2908,8476,13074,11867,13176,,
6792180,M-MUK,medium,Temanggung,B16,38,collecting,9,11463,2932,2923,6961,8003,2909,8485,13160,11967,13220,,
6793180,M-MUK,medium,Temanggung,B16,38,collecting,10,11733,2931,2922,6961,8027,2908,8491,13236,12060,13260,,
6794180,M-MUK,medium,Temanggung,B16,38,collecting,11,11954,2936,2923,6962,8046,2911,8496,13303,12146,13295,,
6795181,M-MUK,medium,Temanggung,B16,38,collecting,12,12134,2934,2922,6962,8062,2907,8499,13360,12225,13327,,
6796180,M-MUK,medium,Temanggung,B16,38,collecting,13,12278,2934,2922,6962,8075,2907,8502,13411,12297,13356,,
6797180,M-MUK,medium,Temanggung,B16,38,collecting,14,12393,2932,2922,6963,8087,2906,8506,13456,12361,13382,,
6798180,M-MUK,medium,Temanggung,B16,38,collecting,15,12483,2936,2925,6963,8096,2907,8507,13496,12419,13404,,
6799180,M-MUK,medium,Temanggung,B16,38,collecting,16,12552,2934,2920,6963,8103,2907,8509,13530,12470,13424,,
6800180,M-MUK,medium,Temanggung,B16,38,collecting,17,12604,2933,2922,6963,8110,2908,8511,13560,12515,13441,,
6801180,M-MUK,medium,Temanggung,B16,38,collecting,18,12641,2937,2922,6964,8115,2911,8511,13586,12555,13456,,
6802181,M-MUK,medium,Temanggung,B16,38,collecting,19,12664,2936,2927,6964,8118,2908,8511,13607,12590,13469,,
6803180,M-MUK,medium,Temanggung,B16,38,collecting,20,12677,2933,2920,6965,8121,2907,8510,13625,12621,13481,,
6804180,M-MUK,medium,Temanggung,B16,38,collecting,21,12682,2933,2924,6965,8123,2909,8509,13641,12648,13490,,
6805180,M-MUK,medium,Temanggung,B16,38,collecting,22,12678,2936,2922,6965,8125,2910,8509,13653,12670,13499,,
6806180,M-MUK,medium,Temanggung,B16,38,collecting,23,12668,2935,2920,6966,8125,2910,8508,13663,12690,13506,,
6807180,M-MUK,medium,Temanggung,B16,38,collecting,24,12652,2936,2923,6966,8124,2907,8506,13671,12706,13511,,
6808180,M-MUK,medium,Temanggung,B16,38,collecting,25,12633,2933,2922,6966,8124,2910,8505,13678,12720,13516,,
6809180,M-MUK,medium,Temanggung,B16,38,collecting,26,12609,2935,2925,6966,8122,2912,8504,13683,12731,13520,,
6810180,M-MUK,medium,Temanggung,B16,38,collecting,27,12581,2933,2922,6967,8121,2905,8503,13687,12740,13524,,
6811181,M-MUK,medium,Temanggung,B16,38,collecting,28,12551,2936,2923,6967,8119,2910,8501,13690,12746,13526,,
6812180,M-MUK,medium,Temanggung,B16,38,collecting,29,12517,2932,2922,6968,8117,2908,8500,13691,12752,13528,,
6813180,M-MUK,medium,Temanggung,B16,38,collecting,30,12483,2933,2925,6968,8115,2907,8497,13691,12755,13529,,
6814180,M-MUK,medium,Temanggung,B16,38,collecting,31,12447,2933,2920,6969,8112,2905,8496,13692,12757,13529,,
6815180,M-MUK,medium,Temanggung,B16,38,collecting,32,12411,2934,2920,6969,8110,2906,8495,13690,12758,13530,,
6816180,M-MUK,medium,Temanggung,B16,38,collecting,33,12374,2933,2925,6969,8107,2908,8494,13688,12758,13529,,
6817180,M-MUK,medium,Temanggung,B16,38,collecting,34,12336,2935,2926,6970,8104,2907,8492,13686,12757,13528,,
6818181,M-MUK,medium,Temanggung,B16,38,collecting,35,12297,2933,2924,6970,8101,2907,8490,13683,12755,13527,,
6819180,M-MUK,medium,Temanggung,B16,38,collecting,36,12258,2933,2925,6970,8098,2906,8489,13680,12752,13526,,
6820180,M-MUK,medium,Temanggung,B16,38,collecting,37,12220,2935,2927,6971,8096,2907,8488,13676,12749,13524,,
6821180,M-MUK,medium,Temanggung,B16,38,collecting,38,12183,2931,2920,6971,8093,2911,8487,13672,12745,13523,,
6822180,M-MUK,medium,Temanggung,B16,38,collecting,39,12146,2935,2925,6972,8091,2907,8486,13669,12741,13521,,
6823180,M-MUK,medium,Temanggung,B16,38,collecting,40,12109,2931,2921,6972,8088,2908,8484,13665,12737,13519,,
6824180,M-MUK,medium,Temanggung,B16,38,collecting,41,12073,2935,2924,6972,8085,2907,8483,13660,12732,13517,,
6825180,M-MUK,medium,Temanggung,B16,38,collecting,42,12038,2932,2921,6973,8083,2908,8482,13655,12726,13515,,
6826180,M-MUK,medium,Temanggung,B16,38,collecting,43,12003,2936,2924,6973,8080,2910,8481,13650,12721,13512,,
6827181,M-MUK,medium,Temanggung,B16,38,collecting,44,11969,2932,2925,6974,8078,2905,8481,13645,12716,13510,,
6828180,M-MUK,medium,Temanggung,B16,38,collecting,45,11936,2931,2921,6974,8076,2907,8480,13640,12710,13508,,
6829180,M-MUK,medium,Temanggung,B16,38,collecting,46,11903,2935,2921,6975,8074,2910,8479,13636,12704,13506,,
6830180,M-MUK,medium,Temanggung,B16,38,collecting,47,11872,2935,2924,6975,8072,2906,8479,13631,12699,13503,,
6831180,M-MUK,medium,Temanggung,B16,38,collecting,48,11842,2931,2923,6976,8070,2905,8479,13625,12693,13501,,
6832180,M-MUK,medium,Temanggung,B16,38,collecting,49,11812,2934,2921,6976,8069,2906,8479,13620,12687,13499,,
6833180,M-MUK,medium,Temanggung,B16,38,collecting,50,11783,2932,2925,6977,8067,2907,8478,13616,12681,13497,,
6834181,M-MUK,medium,Temanggung,B16,38,collecting,51,11755,2930,2921,6977,8065,2908,8477,13611,12676,13495,,
6835180,M-MUK,medium,Temanggung,B16,38,collecting,52,11727,2935,2922,6978,8063,2906,8477,13607,12670,13493,,
6836180,M-MUK,medium,Temanggung,B16,38,collecting,53,11700,2933,2920,6978,8062,2905,8478,13602,12665,13490,,
6837180,M-MUK,medium,Temanggung,B16,38,collecting,54,11675,2930,2924,6979,8061,2909,8479,13598,12659,13488,,
6838180,M-MUK,medium,Temanggung,B16,38,collecting,55,11651,2935,2921,6980,8059,2907,8479,13593,12653,13486,,
6839180,M-MUK,medium,Temanggung,B16,38,collecting,56,11628,2932,2924,6980,8057,2906,8479,13590,12648,13485,,
6840180,M-MUK,medium,Temanggung,B16,38,collecting,57,11606,2931,2919,6980,8056,2906,8479,13585,12642,13483,,
6841180,M-MUK,medium,Temanggung,B16,38,collecting,58,11584,2929,2920,6981,8056,2905,8479,13582,12637,13481,,
6842180,M-MUK,medium,Temanggung,B16,38,collecting,59,11562,2931,2920,6982,8055,2905,8479,13578,12632,13480,,
6843181,M-MUK,medium,Temanggung,B16,38,collecting,60,11542,2935,2921,6982,8055,2907,8480,13574,12627,13478,,
6844183,M-MUK,medium,Temanggung,B16,39,purging,1,11523,2931,2920,6983,8054,2907,8481,13570,12623,13476,,
6845180,M-MUK,medium,Temanggung,B16,39,purging,2,11504,2933,2918,6986,8056,2906,8483,13567,12619,13480,,
6846180,M-MUK,medium,Temanggung,B16,39,purging,3,11468,2929,2918,6987,8056,2907,8488,13564,12615,13483,,
6847180,M-MUK,medium,Temanggung,B16,39,purging,4,11401,2929,2923,6988,8056,2906,8494,13552,12606,13481,,
6848180,M-MUK,medium,Temanggung,B16,39,purging,5,11307,2931,2920,6989,8053,2907,8500,13534,12592,13474,,
6849180,M-MUK,medium,Temanggung,B16,39,purging,6,11198,2929,2920,6989,8048,2906,8504,13513,12573,13466,,
6850181,M-MUK,medium,Temanggung,B16,39,purging,7,11080,2930,2919,6990,8044,2907,8507,13490,12552,13456,,
6851180,M-MUK,medium,Temanggung,B16,39,purging,8,10961,2929,2919,6990,8039,2906,8511,13466,12528,13446,,
6852180,M-MUK,medium,Temanggung,B16,39,purging,9,10843,2929,2918,6990,8034,2907,8513,13443,12504,13436,,
6853180,M-MUK,medium,Temanggung,B16,39,purging,10,10728,2928,2921,6991,8029,2906,8515,13419,12479,13424,,
6854180,M-MUK,medium,Temanggung,B16,39,purging,11,10619,2933,2921,6992,8025,2907,8516,13398,12455,13414,,
6855180,M-MUK,medium,Temanggung,B16,39,purging,12,10517,2928,2921,6992,8021,2905,8516,13376,12432,13403,,
6856180,M-MUK,medium,Temanggung,B16,39,purging,13,10422,2933,2922,6993,8016,2907,8517,13356,12408,13394,,
6857180,M-MUK,medium,Temanggung,B16,39,purging,14,10333,2933,2920,6994,8012,2906,8517,13337,12386,13385,,
6858180,M-MUK,medium,Temanggung,B16,39,purging,15,10251,2930,2919,6994,8009,2906,8517,13319,12365,13376,,
6859181,M-MUK,medium,Temanggung,B16,39,purging,16,10175,2930,2920,6995,8005,2906,8517,13301,12344,13367,,
6860180,M-MUK,medium,Temanggung,B16,39,purging,17,10106,2930,2922,6995,8001,2904,8517,13285,12324,13358,,
6861180,M-MUK,medium,Temanggung,B16,39,purging,18,10042,2928,2920,6996,7998,2905,8517,13269,12304,13350,,
6862180,M-MUK,medium,Temanggung,B16,39,purging,19,9983,2930,2921,6997,7995,2906,8518,13253,12286,13342,,
6863180,M-MUK,medium,Temanggung,B16,39,purging,20,9930,2928,2922,6998,7993,2910,8518,13239,12268,13333,,
6864180,M-MUK,medium,Temanggung,B16,39,purging,21,9881,2927,2920,6999,7991,2909,8518,13224,12251,13326,,
6865180,M-MUK,medium,Temanggung,B16,39,purging,22,9835,2929,2920,7000,7988,2906,8517,13210,12235,13318,,
6866181,M-MUK,medium,Temanggung,B16,39,purging,23,9794,2928,2920,7001,7985,2906,8516,13196,12219,13309,,
6867180,M-MUK,medium,Temanggung,B16,39,purging,24,9756,2929,2922,7001,7981,2905,8514,13182,12203,13300,,
6868180,M-MUK,medium,Temanggung,B16,39,purging,25,9721,2928,2924,7002,7978,2907,8511,13169,12187,13292,,
6869180,M-MUK,medium,Temanggung,B16,39,purging,26,9689,2928,2920,7003,7974,2907,8508,13155,12172,13283,,
6870180,M-MUK,medium,Temanggung,B16,39,purging,27,9659,2931,2920,7004,7970,2906,8505,13143,12158,13276,,
6871180,M-MUK,medium,Temanggung,B16,39,purging,28,9632,2932,2924,7005,7966,2905,8503,13131,12144,13268,,
6872180,M-MUK,medium,Temanggung,B16,39,purging,29,9607,2930,2922,7006,7962,2904,8502,13119,12130,13261,,
6873180,M-MUK,medium,Temanggung,B16,39,purging,30,9583,2928,2920,7007,7959,2907,8500,13108,12116,13255,,
6874180,M-MUK,medium,Temanggung,B16,39,purging,31,9561,2930,2920,7008,7956,2909,8497,13097,12104,13248,,
6875181,M-MUK,medium,Temanggung,B16,39,purging,32,9540,2928,2921,7008,7952,2906,8496,13087,12090,13242,,
6876180,M-MUK,medium,Temanggung,B16,39,purging,33,9521,2930,2920,7009,7949,2906,8494,13077,12078,13236,,
6877180,M-MUK,medium,Temanggung,B16,39,purging,34,9503,2929,2923,7010,7947,2908,8493,13068,12066,13232,,
6878180,M-MUK,medium,Temanggung,B16,39,purging,35,9486,2930,2920,7011,7945,2904,8493,13058,12055,13227,,
6879180,M-MUK,medium,Temanggung,B16,39,purging,36,9468,2927,2922,7011,7943,2906,8493,13050,12044,13222,,
6880180,M-MUK,medium,Temanggung,B16,39,purging,37,9453,2927,2921,7012,7941,2904,8493,13042,12033,13218,,
6881180,M-MUK,medium,Temanggung,B16,39,purging,38,9438,2927,2920,7013,7940,2904,8493,13033,12023,13213,,
6882181,M-MUK,medium,Temanggung,B16,39,purging,39,9424,2930,2920,7014,7938,2904,8493,13025,12012,13209,,
6883180,M-MUK,medium,Temanggung,B16,39,purging,40,9411,2929,2922,7015,7937,2906,8494,13017,12003,13205,,
6884180,M-MUK,medium,Temanggung,B16,39,purging,41,9398,2929,2920,7016,7935,2903,8494,13010,11993,13201,,
6885180,M-MUK,medium,Temanggung,B16,39,purging,42,9386,2928,2922,7016,7933,2907,8494,13003,11985,13198,,
6886180,M-MUK,medium,Temanggung,B16,39,purging,43,9374,2930,2923,7017,7933,2906,8495,12996,11976,13195,,
6887180,M-MUK,medium,Temanggung,B16,39,purging,44,9363,2928,2922,7018,7933,2905,8497,12989,11967,13192,,
6888180,M-MUK,medium,Temanggung,B16,39,purging,45,9351,2930,2921,7019,7932,2906,8497,12983,11960,13189,,
6889180,M-MUK,medium,Temanggung,B16,39,purging,46,9341,2931,2920,7020,7932,2904,8498,12976,11952,13186,,
6890180,M-MUK,medium,Temanggung,B16,39,purging,47,9331,2929,2924,7020,7932,2904,8500,12969,11944,13183,,
6891181,M-MUK,medium,Temanggung,B16,39,purging,48,9322,2929,2920,7021,7931,2906,8501,12963,11937,13180,,
6892180,M-MUK,medium,Temanggung,B16,39,purging,49,9312,2930,2923,7022,7931,2904,8502,12958,11930,13178,,
6893180,M-MUK,medium,Temanggung,B16,39,purging,50,9303,2927,2919,7022,7931,2905,8504,12952,11923,13176,,
6894180,M-MUK,medium,Temanggung,B16,39,purging,51,9295,2931,2920,7023,7932,2905,8505,12947,11917,13174,,
6895180,M-MUK,medium,Temanggung,B16,39,purging,52,9286,2931,2919,7024,7931,2904,8507,12941,11910,13172,,
6896180,M-MUK,medium,Temanggung,B16,39,purging,53,9278,2926,2922,7025,7932,2906,8508,12936,11904,13170,,
6897180,M-MUK,medium,Temanggung,B16,39,purging,54,9270,2928,2922,7026,7932,2906,8511,12931,11898,13168,,
6898181,M-MUK,medium,Temanggung,B16,39,purging,55,9263,2926,2922,7026,7932,2906,8513,12926,11892,13167,,
6899180,M-MUK,medium,Temanggung,B16,39,purging,56,9255,2929,2919,7027,7932,2908,8514,12920,11886,13164,,
6900180,M-MUK,medium,Temanggung,B16,39,purging,57,9248,2926,2919,7028,7933,2903,8516,12916,11880,13163,,
6901180,M-MUK,medium,Temanggung,B16,39,purging,58,9241,2929,2919,7029,7932,2905,8517,12911,11875,13161,,
6902180,M-MUK,medium,Temanggung,B16,39,purging,59,9235,2928,2919,7030,7933,2905,8517,12906,11870,13159,,
6903180,M-MUK,medium,Temanggung,B16,39,purging,60,9229,2926,2922,7031,7933,2906,8519,12901,11865,13158,,
6904180,M-MUK,medium,Temanggung,B16,39,purging,61,9222,2926,2918,7031,7933,2904,8521,12897,11860,13156,,
6905180,M-MUK,medium,Temanggung,B16,39,purging,62,9216,2928,2921,7032,7934,2906,8522,12891,11855,13154,,
6906180,M-MUK,medium,Temanggung,B16,39,purging,63,9210,2926,2917,7033,7934,2905,8523,12887,11851,13151,,
6907181,M-MUK,medium,Temanggung,B16,39,purging,64,9205,2929,2924,7034,7934,2906,8523,12882,11846,13149,,
6908180,M-MUK,medium,Temanggung,B16,39,purging,65,9199,2926,2922,7034,7934,2904,8523,12876,11841,13146,,
6909180,M-MUK,medium,Temanggung,B16,39,purging,66,9194,2925,2922,7035,7933,2903,8522,12871,11836,13144,,
6910180,M-MUK,medium,Temanggung,B16,39,purging,67,9189,2925,2920,7036,7933,2907,8522,12866,11832,13142,,
6911180,M-MUK,medium,Temanggung,B16,39,purging,68,9184,2926,2920,7037,7932,2906,8522,12861,11827,13141,,
6912180,M-MUK,medium,Temanggung,B16,39,purging,69,9179,2926,2919,7037,7931,2904,8523,12857,11823,13139,,
6913180,M-MUK,medium,Temanggung,B16,39,purging,70,9174,2926,2922,7038,7931,2904,8524,12853,11819,13138,,
6914181,M-MUK,medium,Temanggung,B16,39,purging,71,9169,2924,2919,7039,7932,2904,8526,12849,11815,13137,,
6915180,M-MUK,medium,Temanggung,B16,39,purging,72,9165,2926,2923,7040,7932,2904,8527,12846,11811,13136,,
6916180,M-MUK,medium,Temanggung,B16,39,purging,73,9160,2929,2921,7040,7932,2906,8529,12842,11806,13134,,
6917180,M-MUK,medium,Temanggung,B16,39,purging,74,9155,2926,2921,7041,7931,2904,8530,12837,11802,13133,,
6918180,M-MUK,medium,Temanggung,B16,39,purging,75,9151,2929,2919,7041,7931,2904,8530,12833,11798,13131,,
6919180,M-MUK,medium,Temanggung,B16,39,purging,76,9147,2924,2919,7042,7931,2905,8530,12829,11794,13129,,
6920180,M-MUK,medium,Temanggung,B16,39,purging,77,9143,2926,2919,7043,7930,2903,8530,12824,11790,13127,,
6921180,M-MUK,medium,Temanggung,B16,39,purging,78,9139,2927,2919,7044,7929,2904,8530,12820,11786,13123,,
6922180,M-MUK,medium,Temanggung,B16,39,purging,79,9135,2927,2920,7045,7928,2904,8530,12816,11782,13121,,
6923181,M-MUK,medium,Temanggung,B16,39,purging,80,9131,2925,2918,7046,7927,2903,8528,12811,11777,13119,,
6924180,M-MUK,medium,Temanggung,B16,39,purging,81,9127,2929,2921,7046,7926,2905,8528,12807,11773,13116,,
6925180,M-MUK,medium,Temanggung,B16,39,purging,82,9123,2926,2918,7047,7925,2904,8526,12802,11768,13114,,
6926180,M-MUK,medium,Temanggung,B16,39,purging,83,9119,2923,2918,7048,7923,2906,8526,12798,11764,13111,,
6927180,M-MUK,medium,Temanggung,B16,39,purging,84,9116,2926,2919,7048,7921,2903,8525,12793,11760,13108,,
6928180,M-MUK,medium,Temanggung,B16,39,purging,85,9113,2927,2920,7049,7919,2904,8524,12788,11755,13105,,
6929180,M-MUK,medium,Temanggung,B16,39,purging,86,9109,2923,2921,7049,7917,2903,8522,12783,11751,13103,,
6930181,M-MUK,medium,Temanggung,B16,39,purging,87,9106,2924,2921,7050,7915,2906,8522,12779,11746,13100,,
6931180,M-MUK,medium,Temanggung,B16,39,purging,88,9103,2924,2921,7050,7913,2906,8520,12775,11742,13097,,
6932180,M-MUK,medium,Temanggung,B16,39,purging,89,9101,2924,2921,7051,7911,2905,8519,12770,11737,13094,,
6933180,M-MUK,medium,Temanggung,B16,39,purging,90,9098,2926,2918,7052,7910,2903,8517,12766,11733,13092,,
6934180,M-MUK,medium,Temanggung,B16,39,purging,91,9095,2925,2919,7052,7908,2906,8516,12762,11729,13090,,
6935180,M-MUK,medium,Temanggung,B16,39,purging,92,9093,2923,2921,7053,7907,2906,8515,12758,11724,13087,,
6936180,M-MUK,medium,Temanggung,B16,39,purging,93,9092,2922,2921,7054,7906,2903,8514,12754,11721,13085,,
6937180,M-MUK,medium,Temanggung,B16,39,purging,94,9090,2922,2918,7054,7904,2905,8512,12751,11717,13083,,
6938180,M-MUK,medium,Temanggung,B16,39,purging,95,9088,2923,2918,7055,7902,2906,8512,12747,11713,13080,,
6939181,M-MUK,medium,Temanggung,B16,39,purging,96,9087,2924,2918,7056,7901,2905,8511,12743,11709,13078,,
6940180,M-MUK,medium,Temanggung,B16,39,purging,97,9085,2924,2919,7056,7900,2905,8510,12739,11705,13074,,
6941180,M-MUK,medium,Temanggung,B16,39,purging,98,9083,2922,2918,7057,7897,2903,8508,12734,11702,13071,,
6942180,M-MUK,medium,Temanggung,B16,39,purging,99,9081,2924,2921,7058,7894,2903,8505,12730,11697,13068,,
6943180,M-MUK,medium,Temanggung,B16,39,purging,100,9079,2927,2918,7058,7891,2903,8504,12726,11692,13065,,
6944180,M-MUK,medium,Temanggung,B16,39,purging,101,9077,2923,2919,7059,7889,2902,8501,12721,11688,13061,,
6945180,M-MUK,medium,Temanggung,B16,39,purging,102,9076,2924,2918,7059,7886,2904,8499,12716,11683,13057,,
6946181,M-MUK,medium,Temanggung,B16,39,purging,103,9075,2924,2920,7060,7883,2904,8496,12711,11678,13053,,
6947180,M-MUK,medium,Temanggung,B16,39,purging,104,9073,2926,2918,7061,7880,2903,8493,12707,11674,13049,,
6948180,M-MUK,medium,Temanggung,B16,39,purging,105,9071,2927,2918,7061,7876,2906,8489,12702,11668,13046,,
6949180,M-MUK,medium,Temanggung,B16,39,purging,106,9069,2922,2917,7062,7873,2903,8487,12698,11664,13042,,
6950180,M-MUK,medium,Temanggung,B16,39,purging,107,9067,2924,2919,7063,7870,2904,8484,12694,11658,13040,,
6951180,M-MUK,medium,Temanggung,B16,39,purging,108,9066,2922,2919,7063,7868,2903,8483,12691,11654,13038,,
6952180,M-MUK,medium,Temanggung,B16,39,purging,109,9064,2922,2919,7064,7865,2904,8481,12687,11650,13035,,
6953180,M-MUK,medium,Temanggung,B16,39,purging,110,9062,2925,2921,7064,7862,2905,8480,12684,11645,13033,,
6954180,M-MUK,medium,Temanggung,B16,39,purging,111,9061,2925,2920,7064,7860,2903,8480,12681,11640,13031,,
6955181,M-MUK,medium,Temanggung,B16,39,purging,112,9059,2929,2922,7065,7858,2903,8479,12678,11636,13031,,
6956180,M-MUK,medium,Temanggung,B16,39,purging,113,9058,2924,2922,7065,7857,2904,8479,12676,11632,13030,,
6957180,M-MUK,medium,Temanggung,B16,39,purging,114,9057,2927,2921,7065,7856,2903,8481,12674,11628,13030,,
6958180,M-MUK,medium,Temanggung,B16,39,purging,115,9056,2926,2922,7066,7856,2904,8482,12672,11624,13029,,
6959180,M-MUK,medium,Temanggung,B16,39,purging,116,9055,2922,2922,7066,7856,2905,8482,12669,11622,13028,,
6960180,M-MUK,medium,Temanggung,B16,39,purging,117,9053,2923,2919,7066,7855,2903,8483,12668,11619,13027,,
6961180,M-MUK,medium,Temanggung,B16,39,purging,118,9051,2923,2920,7066,7855,2901,8483,12665,11616,13025,,
6962181,M-MUK,medium,Temanggung,B16,39,purging,119,9049,2927,2918,7067,7854,2903,8483,12662,11612,13023,,
6963180,M-MUK,medium,Temanggung,B16,39,purging,120,9048,2924,2919,7067,7853,2903,8483,12659,11609,13021,,
6964184,M-MUK,medium,Temanggung,B16,39,collecting,1,9046,2928,2919,7067,7852,2903,8482,12655,11606,13017,,
6965180,M-MUK,medium,Temanggung,B16,39,collecting,2,9045,2926,2920,7066,7848,2903,8478,12651,11601,13015,,
6966180,M-MUK,medium,Temanggung,B16,39,collecting,3,9119,2922,2921,7066,7858,2903,8484,12660,11602,13023,,
6967180,M-MUK,medium,Temanggung,B16,39,collecting,4,9377,2927,2921,7066,7887,2903,8500,12701,11630,13057,,
6968180,M-MUK,medium,Temanggung,B16,39,collecting,5,9781,2924,2921,7066,7929,2903,8521,12778,11692,13106,,
6969180,M-MUK,medium,Temanggung,B16,39,collecting,6,10241,2927,2919,7066,7975,2901,8541,12872,11775,13158,,
6970180,M-MUK,medium,Temanggung,B16,39,collecting,7,10683,2925,2918,7067,8016,2903,8555,12968,11873,13207,,
6971181,M-MUK,medium,Temanggung,B16,39,collecting,8,11067,2929,2921,7067,8051,2903,8566,13062,11972,13254,,
6972180,M-MUK,medium,Temanggung,B16,39,collecting,9,11388,2928,2918,7067,8078,2902,8573,13145,12069,13295,,
6973180,M-MUK,medium,Temanggung,B16,39,collecting,10,11650,2926,2921,7068,8100,2903,8578,13218,12159,13332,,
6974180,M-MUK,medium,Temanggung,B16,39,collecting,11,11860,2930,2919,7068,8118,2904,8581,13282,12241,13365,,
6975180,M-MUK,medium,Temanggung,B16,39,collecting,12,12029,2931,2918,7068,8132,2906,8584,13337,12316,13394,,
6976180,M-MUK,medium,Temanggung,B16,39,collecting,13,12163,2928,2919,7068,8143,2901,8586,13385,12382,13420,,
6977180,M-MUK,medium,Temanggung,B16,39,collecting,14,12269,2928,2916,7068,8153,2903,8588,13427,12442,13443,,
6978181,M-MUK,medium,Temanggung,B16,39,collecting,15,12353,2926,2921,7067,8160,2903,8589,13463,12495,13463,,
6979180,M-MUK,medium,Temanggung,B16,39,collecting,16,12417,2932,2920,7067,8166,2904,8589,13493,12541,13480,,
6980180,M-MUK,medium,Temanggung,B16,39,collecting,17,12464,2929,2921,7067,8170,2904,8588,13520,12583,13495,,
6981180,M-MUK,medium,Temanggung,B16,39,collecting,18,12498,2931,2921,7067,8173,2903,8587,13543,12620,13508,,
6982180,M-MUK,medium,Temanggung,B16,39,collecting,19,12519,2927,2922,7068,8176,2903,8586,13562,12651,13519,,
6983180,M-MUK,medium,Temanggung,B16,39,collecting,20,12532,2931,2918,7067,8177,2904,8585,13580,12679,13529,,
6984180,M-MUK,medium,Temanggung,B16,39,collecting,21,12535,2931,2921,7067,8177,2903,8583,13594,12702,13537,,
6985180,M-MUK,medium,Temanggung,B16,39,collecting,22,12531,2931,2919,7067,8178,2906,8581,13605,12723,13545,,
6986180,M-MUK,medium,Temanggung,B16,39,collecting,23,12520,2930,2921,7067,8177,2904,8579,13616,12740,13550,,
6987181,M-MUK,medium,Temanggung,B16,39,collecting,24,12505,2930,2920,7067,8175,2905,8578,13624,12755,13555,,
6988180,M-MUK,medium,Temanggung,B16,39,collecting,25,12486,2931,2918,7067,8174,2906,8575,13630,12767,13559,,
6989180,M-MUK,medium,Temanggung,B16,39,collecting,26,12462,2931,2920,7066,8172,2904,8573,13634,12776,13562,,
6990180,M-MUK,medium,Temanggung,B16,39,collecting,27,12436,2932,2921,7066,8170,2906,8570,13638,12783,13564,,
6991180,M-MUK,medium,Temanggung,B16,39,collecting,28,12407,2930,2918,7066,8167,2903,8568,13640,12789,13565,,
6992180,M-MUK,medium,Temanggung,B16,39,collecting,29,12376,2931,2921,7065,8164,2904,8566,13642,12793,13566,,
6993180,M-MUK,medium,Temanggung,B16,39,collecting,30,12345,2929,2917,7065,8161,2903,8564,13642,12796,13566,,
6994181,M-MUK,medium,Temanggung,B16,39,collecting,31,12312,2931,2921,7065,8158,2903,8561,13641,12797,13565,,
6995180,M-MUK,medium,Temanggung,B16,39,collecting,32,12278,2931,2921,7065,8155,2904,8558,13639,12798,13565,,
6996180,M-MUK,medium,Temanggung,B16,39,collecting,33,12243,2932,2920,7065,8151,2904,8556,13638,12798,13563,,
6997180,M-MUK,medium,Temanggung,B16,39,collecting,34,12208,2929,2917,7064,8148,2906,8553,13634,12796,13561,,
6998180,M-MUK,medium,Temanggung,B16,39,collecting,35,12172,2931,2921,7065,8144,2903,8551,13631,12793,13559,,
6999180,M-MUK,medium,Temanggung,B16,39,collecting,36,12136,2931,2920,7064,8140,2906,8548,13628,12790,13557,,
7000180,M-MUK,medium,Temanggung,B16,39,collecting,37,12100,2929,2921,7064,8135,2903,8545,13624,12786,13554,,
7001180,M-MUK,medium,Temanggung,B16,39,collecting,38,12065,2930,2921,7064,8131,2904,8543,13620,12782,13551,,
7002180,M-MUK,medium,Temanggung,B16,39,collecting,39,12030,2931,2919,7064,8127,2903,8541,13615,12776,13548,,
7003181,M-MUK,medium,Temanggung,B16,39,collecting,40,11995,2930,2921,7064,8124,2904,8539,13610,12771,13546,,
7004180,M-MUK,medium,Temanggung,B16,39,collecting,41,11961,2931,2919,7063,8120,2903,8536,13606,12765,13542,,
7005180,M-MUK,medium,Temanggung,B16,39,collecting,42,11928,2926,2922,7063,8116,2903,8534,13601,12759,13539,,
7006180,M-MUK,medium,Temanggung,B16,39,collecting,43,11895,2928,2917,7063,8112,2903,8532,13596,12753,13536,,
7007180,M-MUK,medium,Temanggung,B16,39,collecting,44,11864,2929,2917,7062,8107,2903,8530,13592,12746,13533,,
7008180,M-MUK,medium,Temanggung,B16,39,collecting,45,11832,2930,2922,7062,8103,2907,8528,13587,12739,13530,,
7009180,M-MUK,medium,Temanggung,B16,39,collecting,46,11802,2929,2917,7061,8100,2905,8527,13582,12732,13526,,
7010181,M-MUK,medium,Temanggung,B16,39,collecting,47,11772,2928,2921,7062,8097,2904,8526,13578,12725,13523,,
7011180,M-MUK,medium,Temanggung,B16,39,collecting,48,11745,2931,2922,7061,8094,2903,8524,13573,12718,13520,,
7012180,M-MUK,medium,Temanggung,B16,39,collecting,49,11716,2930,2919,7061,8091,2903,8522,13569,12712,13516,,
7013180,M-MUK,medium,Temanggung,B16,39,collecting,50,11690,2928,2922,7062,8088,2905,8520,13564,12705,13513,,
7014180,M-MUK,medium,Temanggung,B16,39,collecting,51,11663,2929,2917,7061,8085,2903,8519,13559,12698,13509,,
7015180,M-MUK,medium,Temanggung,B16,39,collecting,52,11638,2928,2921,7061,8082,2904,8517,13555,12691,13506,,
7016180,M-MUK,medium,Temanggung,B16,39,collecting,53,11614,2930,2922,7061,8079,2903,8515,13549,12684,13502,,
7017180,M-MUK,medium,Temanggung,B16,39,collecting,54,11591,2931,2922,7061,8076,2904,8514,13545,12678,13498,,
7018180,M-MUK,medium,Temanggung,B16,39,collecting,55,11569,2930,2922,7061,8073,2907,8512,13540,12671,13495,,
7019181,M-MUK,medium,Temanggung,B16,39,collecting,56,11548,2930,2921,7061,8070,2903,8510,13535,12664,13492,,
7020180,M-MUK,medium,Temanggung,B16,39,collecting,57,11527,2929,2920,7061,8067,2906,8509,13530,12657,13488,,
7021180,M-MUK,medium,Temanggung,B16,39,collecting,58,11507,2931,2920,7061,8065,2907,8507,13526,12651,13485,,
7022180,M-MUK,medium,Temanggung,B16,39,collecting,59,11487,2932,2918,7061,8062,2906,8506,13521,12644,13482,,
7023180,M-MUK,medium,Temanggung,B16,39,collecting,60,11469,2933,2919,7061,8060,2905,8505,13516,12638,13479,,
7024183,M-MUK,medium,Temanggung,B16,40,purging,1,11450,2931,2922,7060,8057,2904,8503,13512,12631,13475,,
7025180,M-MUK,medium,Temanggung,B16,40,purging,2,11433,2931,2922,7062,8057,2903,8504,13509,12626,13474,,
7026181,M-MUK,medium,Temanggung,B16,40,purging,3,11397,2929,2921,7063,8053,2904,8504,13501,12619,13466,,
7027180,M-MUK,medium,Temanggung,B16,40,purging,4,11330,2931,2922,7063,8045,2904,8499,13483,12607,13455,,
7028180,M-MUK,medium,Temanggung,B16,40,purging,5,11239,2932,2921,7063,8034,2904,8494,13460,12588,13440,,
7029180,M-MUK,medium,Temanggung,B16,40,purging,6,11133,2927,2922,7063,8022,2905,8487,13434,12564,13425,,
7030180,M-MUK,medium,Temanggung,B16,40,purging,7,11020,2927,2921,7063,8010,2905,8481,13408,12538,13410,,
7031180,M-MUK,medium,Temanggung,B16,40,purging,8,10905,2932,2921,7063,7998,2906,8476,13382,12510,13395,,
7032180,M-MUK,medium,Temanggung,B16,40,purging,9,10790,2930,2919,7063,7988,2903,8472,13355,12481,13380,,
7033180,M-MUK,medium,Temanggung,B16,40,purging,10,10680,2927,2918,7062,7977,2904,8468,13331,12452,13366,,
7034180,M-MUK,medium,Temanggung,B16,40,purging,11,10575,2930,2921,7062,7968,2904,8465,13308,12423,13352,,
7035181,M-MUK,medium,Temanggung,B16,40,purging,12,10476,2927,2920,7062,7959,2905,8463,13286,12396,13338,,
7036180,M-MUK,medium,Temanggung,B16,40,purging,13,10384,2930,2918,7061,7950,2903,8460,13265,12368,13325,,
7037180,M-MUK,medium,Temanggung,B16,40,purging,14,10299,2928,2921,7061,7942,2906,8458,13244,12341,13313,,
7038180,M-MUK,medium,Temanggung,B16,40,purging,15,10220,2926,2920,7061,7934,2903,8455,13225,12316,13300,,
7039180,M-MUK,medium,Temanggung,B16,40,purging,16,10147,2926,2920,7061,7927,2904,8452,13206,12291,13288,,
7040180,M-MUK,medium,Temanggung,B16,40,purging,17,10080,2930,2920,7061,7920,2903,8449,13188,12267,13278,,
7041180,M-MUK,medium,Temanggung,B16,40,purging,18,10019,2926,2918,7061,7913,2904,8447,13172,12245,13267,,
7042181,M-MUK,medium,Temanggung,B16,40,purging,19,9962,2924,2922,7060,7908,2906,8445,13155,12223,13257,,
7043180,M-MUK,medium,Temanggung,B16,40,purging,20,9910,2926,2919,7060,7903,2904,8443,13140,12201,13249,,
7044180,M-MUK,medium,Temanggung,B16,40,purging,21,9863,2929,2918,7060,7898,2905,8442,13126,12182,13239,,
7045180,M-MUK,medium,Temanggung,B16,40,purging,22,9819,2927,2920,7060,7893,2903,8440,13112,12162,13230,,
7046180,M-MUK,medium,Temanggung,B16,40,purging,23,9778,2926,2918,7060,7888,2905,8439,13098,12144,13221,,
7047180,M-MUK,medium,Temanggung,B16,40,purging,24,9741,2926,2917,7060,7885,2904,8438,13085,12125,13212,,
7048180,M-MUK,medium,Temanggung,B16,40,purging,25,9707,2925,2921,7060,7880,2906,8437,13071,12108,13204,,
7049180,M-MUK,medium,Temanggung,B16,40,purging,26,9675,2927,2920,7060,7876,2903,8435,13059,12091,13195,,
7050180,M-MUK,medium,Temanggung,B16,40,purging,27,9646,2928,2918,7059,7873,2904,8432,13046,12074,13187,,
7051181,M-MUK,medium,Temanggung,B16,40,purging,28,9619,2930,2919,7059,7868,2904,8429,13034,12058,13178,,
7052180,M-MUK,medium,Temanggung,B16,40,purging,29,9594,2924,2922,7059,7863,2905,8428,13022,12043,13171,,
7053180,M-MUK,medium,Temanggung,B16,40,purging,30,9570,2925,2922,7058,7860,2904,8425,13011,12027,13163,,
7054180,M-MUK,medium,Temanggung,B16,40,purging,31,9548,2928,2921,7058,7856,2906,8424,13000,12011,13155,,
7055180,M-MUK,medium,Temanggung,B16,40,purging,32,9528,2924,2920,7058,7852,2903,8422,12989,11997,13148,,
7056180,M-MUK,medium,Temanggung,B16,40,purging,33,9509,2924,2921,7057,7848,2906,8420,12979,11983,13141,,
7057180,M-MUK,medium,Temanggung,B16,40,purging,34,9491,2926,2921,7057,7844,2903,8418,12968,11969,13133,,
7058181,M-MUK,medium,Temanggung,B16,40,purging,35,9474,2925,2918,7057,7840,2907,8416,12959,11956,13127,,
7059180,M-MUK,medium,Temanggung,B16,40,purging,36,9458,2926,2918,7057,7837,2904,8414,12949,11943,13120,,
7060180,M-MUK,medium,Temanggung,B16,40,purging,37,9443,2924,2919,7057,7833,2907,8412,12939,11931,13113,,
7061180,M-MUK,medium,Temanggung,B16,40,purging,38,9428,2926,2922,7056,7829,2903,8409,12930,11918,13106,,
7062180,M-MUK,medium,Temanggung,B16,40,purging,39,9414,2929,2919,7055,7825,2904,8407,12921,11905,13100,,
7063180,M-MUK,medium,Temanggung,B16,40,purging,40,9401,2929,2919,7055,7822,2901,8406,12912,11893,13094,,
7064180,M-MUK,medium,Temanggung,B16,40,purging,41,9389,2926,2921,7055,7818,2905,8404,12903,11881,13088,,
7065180,M-MUK,medium,Temanggung,B16,40,purging,42,9377,2927,2922,7054,7814,2903,8403,12895,11869,13083,,
7066180,M-MUK,medium,Temanggung,B16,40,purging,43,9366,2926,2921,7054,7812,2904,8402,12887,11858,13077,,
7067181,M-MUK,medium,Temanggung,B16,40,purging,44,9356,2925,2921,7053,7809,2904,8401,12879,11847,13072,,
7068180,M-MUK,medium,Temanggung,B16,40,purging,45,9346,2927,2921,7053,7806,2903,8400,12872,11836,13067,,
7069180,M-MUK,medium,Temanggung,B16,40,purging,46,9336,2928,2922,7052,7804,2904,8399,12864,11826,13062,,
7070180,M-MUK,medium,Temanggung,B16,40,purging,47,9327,2925,2920,7052,7802,2904,8398,12857,11816,13058,,
7071180,M-MUK,medium,Temanggung,B16,40,purging,48,9318,2927,2922,7052,7799,2905,8398,12850,11806,13054,,
7072180,M-MUK,medium,Temanggung,B16,40,purging,49,9310,2927,2919,7052,7798,2904,8398,12844,11797,13050,,
7073180,M-MUK,medium,Temanggung,B16,40,purging,50,9302,2928,2919,7051,7797,2905,8398,12838,11788,13047,,
7074181,M-MUK,medium,Temanggung,B16,40,purging,51,9294,2927,2919,7051,7796,2905,8399,12832,11780,13045,,
7075180,M-MUK,medium,Temanggung,B16,40,purging,52,9286,2927,2921,7051,7795,2905,8400,12827,11772,13042,,
7076180,M-MUK,medium,Temanggung,B16,40,purging,53,9279,2925,2922,7050,7795,2906,8401,12821,11764,13038,,
7077180,M-MUK,medium,Temanggung,B16,40,purging,54,9272,2925,2920,7050,7793,2905,8400,12815,11757,13032,,
7078180,M-MUK,medium,Temanggung,B16,40,purging,55,9265,2927,2921,7050,7792,2903,8399,12808,11749,13027,,
7079180,M-MUK,medium,Temanggung,B16,40,purging,56,9258,2928,2921,7049,7789,2906,8396,12801,11741,13022,,
7080180,M-MUK,medium,Temanggung,B16,40,purging,57,9252,2928,2922,7049,7787,2904,8394,12794,11733,13017,,
7081180,M-MUK,medium,Temanggung,B16,40,purging,58,9245,2926,2922,7048,7784,2902,8392,12787,11725,13013,,
7082180,M-MUK,medium,Temanggung,B16,40,purging,59,9240,2924,2918,7048,7782,2907,8390,12782,11717,13009,,
7083181,M-MUK,medium,Temanggung,B16,40,purging,60,9234,2925,2918,7048,7779,2906,8390,12776,11710,13006,,
7084180,M-MUK,medium,Temanggung,B16,40,purging,61,9229,2927,2920,7047,7778,2905,8390,12771,11703,13003,,
7085180,M-MUK,medium,Temanggung,B16,40,purging,62,9223,2928,2921,7047,7775,2905,8389,12766,11695,12998,,
7086180,M-MUK,medium,Temanggung,B16,40,purging,63,9218,2929,2918,7046,7772,2905,8388,12759,11688,12994,,
7087180,M-MUK,medium,Temanggung,B16,40,purging,64,9214,2928,2918,7046,7770,2904,8386,12753,11681,12990,,
7088180,M-MUK,medium,Temanggung,B16,40,purging,65,9209,2926,2921,7045,7767,2906,8384,12747,11674,12985,,
7089180,M-MUK,medium,Temanggung,B16,40,purging,66,9205,2924,2918,7045,7764,2907,8382,12741,11666,12980,,
7090181,M-MUK,medium,Temanggung,B16,40,purging,67,9201,2926,2921,7044,7762,2904,8379,12735,11659,12976,,
7091180,M-MUK,medium,Temanggung,B16,40,purging,68,9197,2926,2917,7044,7759,2906,8377,12729,11652,12972,,
7092180,M-MUK,medium,Temanggung,B16,40,purging,69,9193,2924,2918,7043,7756,2906,8377,12724,11645,12969,,
7093180,M-MUK,medium,Temanggung,B16,40,purging,70,9189,2926,2917,7043,7753,2902,8376,12719,11638,12966,,
7094180,M-MUK,medium,Temanggung,B16,40,purging,71,9186,2925,2921,7042,7751,2903,8375,12715,11631,12963,,
7095180,M-MUK,medium,Temanggung,B16,40,purging,72,9182,2926,2918,7041,7750,2905,8375,12710,11625,12961,,
7096180,M-MUK,medium,Temanggung,B16,40,purging,73,9178,2925,2921,7041,7749,2906,8375,12706,11619,12959,,
7097180,M-MUK,medium,Temanggung,B16,40,purging,74,9173,2926,2922,7040,7748,2906,8376,12702,11613,12957,,
7098180,M-MUK,medium,Temanggung,B16,40,purging,75,9169,2925,2919,7040,7747,2907,8377,12699,11608,12955,,
7099181,M-MUK,medium,Temanggung,B16,40,purging,76,9165,2928,2921,7039,7746,2904,8377,12695,11602,12952,,
7100180,M-MUK,medium,Temanggung,B16,40,purging,77,9161,2927,2920,7038,7745,2905,8378,12691,11596,12951,,
7101180,M-MUK,medium,Temanggung,B16,40,purging,78,9157,2926,2922,7038,7745,2905,8378,12688,11591,12949,,
7102180,M-MUK,medium,Temanggung,B16,40,purging,79,9154,2928,2920,7038,7744,2905,8378,12684,11586,12946,,
7103180,M-MUK,medium,Temanggung,B16,40,purging,80,9150,2927,2922,7037,7744,2903,8378,12680,11581,12944,,
7104180,M-MUK,medium,Temanggung,B16,40,purging,81,9146,2925,2921,7037,7743,2906,8377,12676,11577,12942,,
7105180,M-MUK,medium,Temanggung,B16,40,purging,82,9143,2926,2919,7035,7741,2905,8376,12671,11572,12939,,
7106181,M-MUK,medium,Temanggung,B16,40,purging,83,9140,2928,2919,7035,7740,2907,8376,12667,11566,12936,,
7107180,M-MUK,medium,Temanggung,B16,40,purging,84,9137,2930,2922,7034,7739,2903,8375,12663,11562,12933,,
7108180,M-MUK,medium,Temanggung,B16,40,purging,85,9135,2927,2922,7034,7737,2904,8375,12658,11556,12931,,
7109180,M-MUK,medium,Temanggung,B16,40,purging,86,9132,2927,2923,7033,7736,2905,8374,12655,11551,12928,,
7110180,M-MUK,medium,Temanggung,B16,40,purging,87,9129,2926,2921,7032,7734,2903,8373,12650,11547,12924,,
7111180,M-MUK,medium,Temanggung,B16,40,purging,88,9127,2928,2922,7032,7732,2904,8371,12646,11541,12920,,
7112180,M-MUK,medium,Temanggung,B16,40,purging,89,9126,2926,2921,7031,7730,2907,8369,12641,11536,12917,,
7113180,M-MUK,medium,Temanggung,B16,40,purging,90,9123,2924,2917,7031,7729,2905,8367,12637,11532,12914,,
7114180,M-MUK,medium,Temanggung,B16,40,purging,91,9121,2926,2919,7031,7726,2904,8365,12633,11527,12911,,
7115181,M-MUK,medium,Temanggung,B16,40,purging,92,9120,2928,2918,7030,7724,2902,8364,12628,11522,12908,,
7116180,M-MUK,medium,Temanggung,B16,40,purging,93,9119,2927,2923,7029,7722,2905,8362,12623,11517,12905,,
7117180,M-MUK,medium,Temanggung,B16,40,purging,94,9116,2925,2919,7028,7719,2905,8360,12620,11512,12903,,
7118180,M-MUK,medium,Temanggung,B16,40,purging,95,9115,2926,2921,7028,7717,2904,8359,12616,11507,12901,,
7119180,M-MUK,medium,Temanggung,B16,40,purging,96,9112,2927,2919,7027,7716,2906,8359,12613,11502,12898,,
7120180,M-MUK,medium,Temanggung,B16,40,purging,97,9110,2924,2920,7026,7715,2904,8358,12609,11498,12896,,
7121180,M-MUK,medium,Temanggung,B16,40,purging,98,9108,2926,2919,7026,7713,2903,8358,12605,11493,12894,,
7122181,M-MUK,medium,Temanggung,B16,40,purging,99,9106,2926,2922,7025,7711,2903,8358,12603,11489,12893,,
7123180,M-MUK,medium,Temanggung,B16,40,purging,100,9104,2926,2921,7025,7710,2907,8358,12600,11485,12892,,
7124180,M-MUK,medium,Temanggung,B16,40,purging,101,9102,2926,2920,7024,7710,2906,8359,12598,11480,12890,,
7125180,M-MUK,medium,Temanggung,B16,40,purging,102,9101,2927,2921,7024,7709,2905,8359,12595,11476,12889,,
7126180,M-MUK,medium,Temanggung,B16,40,purging,103,9099,2926,2919,7023,7708,2905,8359,12592,11473,12887,,
7127180,M-MUK,medium,Temanggung,B16,40,purging,104,9097,2924,2918,7022,7708,2905,8359,12589,11469,12886,,
7128180,M-MUK,medium,Temanggung,B16,40,purging,105,9095,2925,2921,7022,7707,2906,8359,12587,11466,12884,,
7129180,M-MUK,medium,Temanggung,B16,40,purging,106,9094,2926,2921,7021,7707,2905,8359,12584,11462,12882,,
7130180,M-MUK,medium,Temanggung,B16,40,purging,107,9092,2926,2924,7021,7707,2905,8358,12581,11459,12880,,
7131181,M-MUK,medium,Temanggung,B16,40,purging,108,9090,2930,2918,7020,7706,2906,8358,12578,11455,12878,,
7132180,M-MUK,medium,Temanggung,B16,40,purging,109,9088,2929,2922,7020,7705,2905,8357,12575,11451,12876,,
7133180,M-MUK,medium,Temanggung,B16,40,purging,110,9086,2926,2922,7019,7704,2906,8356,12571,11447,12874,,
7134180,M-MUK,medium,Temanggung,B16,40,purging,111,9085,2928,2921,7018,7701,2907,8355,12568,11444,12872,,
7135180,M-MUK,medium,Temanggung,B16,40,purging,112,9083,2927,2921,7018,7700,2904,8355,12565,11440,12870,,
7136180,M-MUK,medium,Temanggung,B16,40,purging,113,9081,2925,2917,7017,7699,2905,8354,12562,11436,12868,,
7137180,M-MUK,medium,Temanggung,B16,40,purging,114,9080,2930,2917,7017,7698,2906,8353,12559,11432,12866,,
7138181,M-MUK,medium,Temanggung,B16,40,purging,115,9078,2927,2918,7017,7697,2907,8352,12556,11428,12865,,
7139180,M-MUK,medium,Temanggung,B16,40,purging,116,9076,2929,2922,7016,7696,2906,8352,12554,11425,12863,,
7140180,M-MUK,medium,Temanggung,B16,40,purging,117,9074,2925,2922,7016,7695,2908,8352,12551,11422,12861,,
7141180,M-MUK,medium,Temanggung,B16,40,purging,118,9073,2927,2918,7015,7693,2903,8351,12548,11418,12859,,
7142180,M-MUK,medium,Temanggung,B16,40,purging,119,9071,2927,2919,7015,7692,2904,8350,12545,11414,12858,,
7143180,M-MUK,medium,Temanggung,B16,40,purging,120,9069,2925,2922,7015,7691,2905,8350,12543,11411,12857,,
7144183,M-MUK,medium,Temanggung,B16,40,collecting,1,9068,2926,2919,7014,7690,2904,8350,12541,11407,12855,,
7145180,M-MUK,medium,Temanggung,B16,40,collecting,2,9066,2927,2921,7012,7688,2903,8348,12538,11403,12859,,
7146180,M-MUK,medium,Temanggung,B16,40,collecting,3,9135,2928,2920,7010,7700,2904,8360,12552,11406,12877,,
7147181,M-MUK,medium,Temanggung,B16,40,collecting,4,9381,2926,2918,7011,7735,2904,8387,12602,11436,12921,,
7148180,M-MUK,medium,Temanggung,B16,40,collecting,5,9773,2926,2919,7010,7785,2906,8417,12682,11499,12975,,
7149180,M-MUK,medium,Temanggung,B16,40,collecting,6,10224,2929,2918,7010,7838,2905,8445,12781,11587,13032,,
7150180,M-MUK,medium,Temanggung,B16,40,collecting,7,10658,2927,2921,7010,7886,2904,8468,12881,11687,13086,,
7151180,M-MUK,medium,Temanggung,B16,40,collecting,8,11036,2926,2920,7010,7925,2906,8483,12976,11788,13133,,
7152180,M-MUK,medium,Temanggung,B16,40,collecting,9,11351,2932,2922,7010,7956,2906,8495,13058,11885,13176,,
7153180,M-MUK,medium,Temanggung,B16,40,collecting,10,11610,2928,2919,7010,7982,2905,8502,13131,11977,13213,,
7154181,M-MUK,medium,Temanggung,B16,40,collecting,11,11818,2932,2921,7009,8002,2907,8507,13194,12061,13246,,
7155180,M-MUK,medium,Temanggung,B16,40,collecting,12,11983,2928,2921,7009,8018,2906,8511,13247,12136,13275,,
7156180,M-MUK,medium,Temanggung,B16,40,collecting,13,12116,2932,2917,7008,8031,2904,8513,13295,12204,13301,,
7157180,M-MUK,medium,Temanggung,B16,40,collecting,14,12220,2933,2922,7008,8042,2904,8514,13337,12264,13324,,
7158180,M-MUK,medium,Temanggung,B16,40,collecting,15,12303,2930,2918,7008,8050,2906,8516,13372,12318,13344,,
7159180,M-MUK,medium,Temanggung,B16,40,collecting,16,12366,2929,2920,7007,8057,2904,8515,13402,12366,13361,,
7160180,M-MUK,medium,Temanggung,B16,40,collecting,17,12413,2935,2923,7007,8062,2906,8513,13428,12409,13376,,
7161180,M-MUK,medium,Temanggung,B16,40,collecting,18,12446,2935,2920,7006,8067,2906,8513,13451,12447,13389,,
7162180,M-MUK,medium,Temanggung,B16,40,collecting,19,12468,2935,2919,7006,8069,2906,8511,13470,12479,13401,,
7163181,M-MUK,medium,Temanggung,B16,40,collecting,20,12480,2934,2920,7005,8071,2906,8509,13488,12508,13411,,
7164180,M-MUK,medium,Temanggung,B16,40,collecting,21,12485,2931,2920,7005,8072,2904,8506,13502,12533,13419,,
7165180,M-MUK,medium,Temanggung,B16,40,collecting,22,12482,2933,2918,7004,8072,2905,8504,13513,12555,13426,,
7166180,M-MUK,medium,Temanggung,B16,40,collecting,23,12473,2935,2924,7004,8072,2904,8503,13522,12573,13431,,
7167180,M-MUK,medium,Temanggung,B16,40,collecting,24,12461,2933,2920,7004,8071,2908,8501,13530,12589,13436,,
7168180,M-MUK,medium,Temanggung,B16,40,collecting,25,12444,2932,2924,7003,8068,2909,8498,13536,12602,13439,,
7169180,M-MUK,medium,Temanggung,B16,40,collecting,26,12423,2931,2918,7002,8066,2906,8495,13540,12613,13442,,
7170181,M-MUK,medium,Temanggung,B16,40,collecting,27,12400,2931,2920,7001,8064,2904,8491,13543,12621,13443,,
7171180,M-MUK,medium,Temanggung,B16,40,collecting,28,12373,2931,2922,7001,8061,2906,8488,13546,12629,13445,,
7172180,M-MUK,medium,Temanggung,B16,40,collecting,29,12346,2935,2921,7001,8057,2906,8484,13547,12634,13446,,
7173180,M-MUK,medium,Temanggung,B16,40,collecting,30,12317,2935,2920,6999,8054,2906,8481,13548,12638,13446,,
7174180,M-MUK,medium,Temanggung,B16,40,collecting,31,12287,2935,2919,6999,8051,2906,8479,13548,12640,13446,,
7175180,M-MUK,medium,Temanggung,B16,40,collecting,32,12256,2933,2923,6999,8047,2905,8476,13548,12641,13445,,
7176180,M-MUK,medium,Temanggung,B16,40,collecting,33,12224,2930,2919,6999,8044,2904,8473,13547,12642,13444,,
7177180,M-MUK,medium,Temanggung,B16,40,collecting,34,12191,2930,2922,6998,8040,2904,8470,13545,12641,13443,,
7178180,M-MUK,medium,Temanggung,B16,40,collecting,35,12158,2931,2924,6997,8036,2908,8467,13543,12639,13441,,
7179181,M-MUK,medium,Temanggung,B16,40,collecting,36,12124,2932,2921,6997,8032,2905,8464,13540,12637,13439,,
7180180,M-MUK,medium,Temanggung,B16,40,collecting,37,12090,2930,2924,6996,8028,2904,8461,13537,12634,13436,,
7181180,M-MUK,medium,Temanggung,B16,40,collecting,38,12057,2932,2922,6995,8024,2908,8458,13534,12630,13434,,
7182180,M-MUK,medium,Temanggung,B16,40,collecting,39,12023,2931,2921,6995,8020,2905,8456,13530,12625,13431,,
7183180,M-MUK,medium,Temanggung,B16,40,collecting,40,11991,2928,2920,6994,8016,2907,8453,13526,12621,13428,,
7184180,M-MUK,medium,Temanggung,B16,40,collecting,41,11958,2934,2924,6993,8013,2907,8450,13522,12615,13425,,
7185180,M-MUK,medium,Temanggung,B16,40,collecting,42,11926,2931,2920,6993,8009,2908,8448,13517,12610,13421,,
7186181,M-MUK,medium,Temanggung,B16,40,collecting,43,11893,2928,2920,6992,8005,2909,8445,13512,12604,13418,,
7187180,M-MUK,medium,Temanggung,B16,40,collecting,44,11862,2935,2920,6992,8001,2907,8444,13507,12597,13415,,
7188180,M-MUK,medium,Temanggung,B16,40,collecting,45,11830,2933,2924,6992,7998,2909,8440,13502,12591,13411,,
7189180,M-MUK,medium,Temanggung,B16,40,collecting,46,11800,2931,2922,6991,7993,2904,8438,13497,12584,13407,,
7190180,M-MUK,medium,Temanggung,B16,40,collecting,47,11770,2930,2924,6991,7989,2906,8435,13491,12577,13404,,
7191180,M-MUK,medium,Temanggung,B16,40,collecting,48,11740,2931,2919,6990,7985,2906,8433,13485,12570,13400,,
7192180,M-MUK,medium,Temanggung,B16,40,collecting,49,11711,2928,2920,6989,7982,2906,8431,13480,12563,13397,,
7193180,M-MUK,medium,Temanggung,B16,40,collecting,50,11684,2931,2923,6989,7978,2907,8429,13475,12556,13393,,
7194180,M-MUK,medium,Temanggung,B16,40,collecting,51,11657,2930,2924,6988,7975,2910,8427,13470,12548,13390,,
7195181,M-MUK,medium,Temanggung,B16,40,collecting,52,11632,2933,2921,6988,7971,2907,8425,13465,12541,13386,,
7196180,M-MUK,medium,Temanggung,B16,40,collecting,53,11608,2931,2923,6987,7968,2906,8424,13460,12535,13382,,
7197180,M-MUK,medium,Temanggung,B16,40,collecting,54,11585,2929,2920,6986,7965,2907,8421,13455,12528,13378,,
7198180,M-MUK,medium,Temanggung,B16,40,collecting,55,11561,2931,2922,6986,7962,2905,8420,13450,12521,13375,,
7199180,M-MUK,medium,Temanggung,B16,40,collecting,56,11539,2932,2920,6986,7959,2906,8418,13445,12514,13371,,
7200180,M-MUK,medium,Temanggung,B16,40,collecting,57,11517,2932,2923,6985,7956,2907,8417,13440,12507,13367,,
7201180,M-MUK,medium,Temanggung,B16,40,collecting,58,11496,2933,2920,6985,7953,2906,8415,13435,12500,13364,,
7202181,M-MUK,medium,Temanggung,B16,40,collecting,59,11476,2932,2921,6984,7950,2904,8414,13431,12494,13361,,
7203180,M-MUK,medium,Temanggung,B16,40,collecting,60,11456,2930,2923,6984,7948,2906,8413,13428,12487,13357,,
