timestamp,sample_id,roast_level,origin,batch_id,run_id,phase,sample_idx,adc_tgs822,adc_mq135,adc_mq3,adc_tgs2611,adc_tgs2620,adc_tgs2600,adc_tgs2602,adc_mq8,adc_tgs813,adc_tgs816,temperature,humidity
2182,M-MUK,medium,Temanggung,B16,1,purging,1,1873,2967,2968,2028,2040,2937,1865,2019,2020,2024,,
3183,M-MUK,medium,Temanggung,B16,1,purging,2,1880,2967,2970,2028,2039,2937,1878,2019,2021,2025,,
4183,M-MUK,medium,Temanggung,B16,1,purging,3,1884,2965,2972,2028,2039,2938,1883,2019,2021,2025,,
5182,M-MUK,medium,Temanggung,B16,1,purging,4,1885,2967,2974,2028,2039,2938,1886,2019,2021,2026,,
6182,M-MUK,medium,Temanggung,B16,1,purging,5,1886,2971,2969,2028,2039,2937,1887,2019,2021,2026,,
7182,M-MUK,medium,Temanggung,B16,1,purging,6,1886,2965,2971,2028,2039,2936,1888,2019,2022,2026,,
8182,M-MUK,medium,Temanggung,B16,1,purging,7,1886,2968,2970,2028,2039,2939,1888,2019,2022,2026,,
9182,M-MUK,medium,Temanggung,B16,1,purging,8,1887,2966,2970,2028,2039,2937,1888,2019,2022,2026,,
10182,M-MUK,medium,Temanggung,B16,1,purging,9,1887,2967,2970,2029,2039,2936,1888,2019,2022,2026,,
11184,M-MUK,medium,Temanggung,B16,1,purging,10,1887,2967,2969,2029,2039,2940,1888,2019,2021,2026,,
12183,M-MUK,medium,Temanggung,B16,1,purging,11,1887,2966,2968,2029,2039,2940,1888,2019,2022,2026,,
13184,M-MUK,medium,Temanggung,B16,1,purging,12,1887,2966,2970,2029,2039,2938,1888,2019,2021,2026,,
14183,M-MUK,medium,Temanggung,B16,1,purging,13,1887,2967,2968,2029,2039,2940,1888,2020,2021,2026,,
15183,M-MUK,medium,Temanggung,B16,1,purging,14,1887,2968,2970,2028,2039,2937,1888,2020,2021,2026,,
16183,M-MUK,medium,Temanggung,B16,1,purging,15,1887,2970,2969,2028,2039,2941,1888,2020,2021,2026,,
17183,M-MUK,medium,Temanggung,B16,1,purging,16,1887,2970,2971,2028,2039,2941,1889,2020,2021,2026,,
18183,M-MUK,medium,Temanggung,B16,1,purging,17,1887,2970,2971,2028,2039,2935,1888,2020,2021,2026,,
19183,M-MUK,medium,Temanggung,B16,1,purging,18,1887,2968,2968,2028,2039,2936,1888,2020,2022,2027,,
20184,M-MUK,medium,Temanggung,B16,1,purging,19,1887,2965,2970,2029,2039,2939,1888,2020,2021,2027,,
21183,M-MUK,medium,Temanggung,B16,1,purging,20,1887,2966,2970,2028,2039,2936,1888,2020,2021,2026,,
22183,M-MUK,medium,Temanggung,B16,1,purging,21,1887,2966,2971,2028,2040,2936,1888,2020,2021,2026,,
23183,M-MUK,medium,Temanggung,B16,1,purging,22,1887,2965,2969,2028,2040,2938,1888,2019,2021,2026,,
24183,M-MUK,medium,Temanggung,B16,1,purging,23,1887,2966,2970,2028,2040,2937,1889,2019,2021,2026,,
25183,M-MUK,medium,Temanggung,B16,1,purging,24,1886,2965,2970,2028,2040,2936,1889,2019,2022,2026,,
26183,M-MUK,medium,Temanggung,B16,1,purging,25,1887,2970,2969,2028,2040,2937,1888,2019,2021,2026,,
27184,M-MUK,medium,Temanggung,B16,1,purging,26,1887,2968,2969,2028,2040,2936,1889,2019,2022,2026,,
28183,M-MUK,medium,Temanggung,B16,1,purging,27,1886,2966,2973,2028,2040,2935,1888,2019,2022,2026,,
29184,M-MUK,medium,Temanggung,B16,1,purging,28,1886,2967,2970,2028,2040,2938,1888,2019,2021,2026,,
30183,M-MUK,medium,Temanggung,B16,1,purging,29,1887,2967,2970,2028,2039,2937,1888,2019,2021,2026,,
31183,M-MUK,medium,Temanggung,B16,1,purging,30,1887,2966,2969,2028,2039,2937,1888,2019,2021,2026,,
32183,M-MUK,medium,Temanggung,B16,1,purging,31,1887,2966,2969,2029,2039,2937,1888,2019,2022,2026,,
33183,M-MUK,medium,Temanggung,B16,1,purging,32,1887,2969,2968,2029,2038,2938,1888,2019,2021,2026,,
34183,M-MUK,medium,Temanggung,B16,1,purging,33,1887,2965,2974,2029,2038,2937,1888,2020,2021,2026,,
35183,M-MUK,medium,Temanggung,B16,1,purging,34,1887,2964,2971,2028,2038,2940,1888,2019,2021,2026,,
36184,M-MUK,medium,Temanggung,B16,1,purging,35,1887,2967,2970,2028,2039,2935,1888,2020,2021,2026,,
37183,M-MUK,medium,Temanggung,B16,1,purging,36,1887,2967,2968,2028,2038,2936,1888,2020,2021,2026,,
38183,M-MUK,medium,Temanggung,B16,1,purging,37,1887,2964,2970,2028,2039,2935,1888,2019,2021,2026,,
39183,M-MUK,medium,Temanggung,B16,1,purging,38,1887,2965,2969,2028,2039,2941,1888,2019,2021,2026,,
40183,M-MUK,medium,Temanggung,B16,1,purging,39,1887,2964,2969,2028,2040,2935,1889,2019,2021,2026,,
41183,M-MUK,medium,Temanggung,B16,1,purging,40,1886,2966,2969,2028,2040,2938,1888,2019,2021,2026,,
42183,M-MUK,medium,Temanggung,B16,1,purging,41,1886,2969,2973,2028,2040,2936,1888,2019,2022,2026,,
43184,M-MUK,medium,Temanggung,B16,1,purging,42,1886,2969,2970,2028,2039,2936,1888,2019,2022,2026,,
44183,M-MUK,medium,Temanggung,B16,1,purging,43,1886,2967,2967,2028,2040,2940,1889,2019,2021,2026,,
45184,M-MUK,medium,Temanggung,B16,1,purging,44,1887,2965,2975,2029,2040,2937,1888,2019,2022,2026,,
46183,M-MUK,medium,Temanggung,B16,1,purging,45,1886,2968,2968,2029,2039,2938,1888,2019,2022,2026,,
47183,M-MUK,medium,Temanggung,B16,1,purging,46,1886,2968,2968,2028,2039,2940,1888,2020,2022,2026,,
48183,M-MUK,medium,Temanggung,B16,1,purging,47,1886,2967,2968,2028,2039,2938,1888,2020,2021,2026,,
49183,M-MUK,medium,Temanggung,B16,1,purging,48,1887,2968,2969,2029,2039,2936,1888,2020,2021,2026,,
50183,M-MUK,medium,Temanggung,B16,1,purging,49,1887,2967,2968,2028,2039,2937,1888,2020,2021,2026,,
51183,M-MUK,medium,Temanggung,B16,1,purging,50,1887,2965,2971,2029,2038,2935,1888,2019,2021,2026,,
52184,M-MUK,medium,Temanggung,B16,1,purging,51,1887,2967,2969,2028,2039,2940,1888,2019,2021,2026,,
53183,M-MUK,medium,Temanggung,B16,1,purging,52,1886,2968,2975,2028,2039,2936,1888,2019,2021,2026,,
54183,M-MUK,medium,Temanggung,B16,1,purging,53,1886,2966,2970,2028,2039,2938,1888,2019,2021,2026,,
55183,M-MUK,medium,Temanggung,B16,1,purging,54,1886,2966,2969,2028,2040,2935,1888,2019,2022,2026,,
56183,M-MUK,medium,Temanggung,B16,1,purging,55,1886,2965,2969,2028,2040,2936,1888,2019,2022,2026,,
57183,M-MUK,medium,Temanggung,B16,1,purging,56,1886,2964,2967,2028,2040,2937,1888,2019,2022,2026,,
58183,M-MUK,medium,Temanggung,B16,1,purging,57,1886,2969,2970,2028,2040,2938,1888,2019,2021,2026,,
59184,M-MUK,medium,Temanggung,B16,1,purging,58,1886,2965,2972,2028,2039,2938,1888,2019,2022,2026,,
60183,M-MUK,medium,Temanggung,B16,1,purging,59,1886,2967,2967,2028,2039,2940,1888,2019,2021,2026,,
61184,M-MUK,medium,Temanggung,B16,1,purging,60,1887,2965,2970,2029,2039,2939,1888,2019,2021,2026,,
62183,M-MUK,medium,Temanggung,B16,1,purging,61,1886,2965,2969,2028,2038,2937,1888,2019,2021,2026,,
63183,M-MUK,medium,Temanggung,B16,1,purging,62,1886,2966,2971,2028,2039,2938,1888,2019,2021,2026,,
64183,M-MUK,medium,Temanggung,B16,1,purging,63,1886,2967,2967,2028,2039,2940,1888,2020,2021,2026,,
65183,M-MUK,medium,Temanggung,B16,1,purging,64,1887,2965,2970,2028,2039,2936,1887,2019,2021,2026,,
66183,M-MUK,medium,Temanggung,B16,1,purging,65,1887,2965,2967,2028,2038,2935,1888,2019,2021,2026,,
67183,M-MUK,medium,Temanggung,B16,1,purging,66,1887,2966,2969,2028,2039,2936,1888,2019,2021,2026,,
68184,M-MUK,medium,Temanggung,B16,1,purging,67,1886,2965,2969,2028,2040,2936,1888,2019,2021,2026,,
69183,M-MUK,medium,Temanggung,B16,1,purging,68,1886,2968,2968,2028,2040,2936,1888,2019,2021,2025,,
70183,M-MUK,medium,Temanggung,B16,1,purging,69,1886,2968,2972,2028,2039,2936,1889,2019,2021,2025,,
71183,M-MUK,medium,Temanggung,B16,1,purging,70,1886,2964,2970,2028,2039,2935,1888,2019,2021,2025,,
72183,M-MUK,medium,Temanggung,B16,1,purging,71,1886,2965,2970,2028,2039,2936,1888,2019,2022,2026,,
73183,M-MUK,medium,Temanggung,B16,1,purging,72,1886,2967,2970,2028,2039,2935,1888,2019,2021,2026,,
74183,M-MUK,medium,Temanggung,B16,1,purging,73,1887,2965,2971,2028,2038,2936,1888,2019,2021,2026,,
75184,M-MUK,medium,Temanggung,B16,1,purging,74,1886,2966,2972,2028,2038,2936,1888,2019,2021,2026,,
76183,M-MUK,medium,Temanggung,B16,1,purging,75,1887,2966,2968,2028,2038,2937,1888,2019,2021,2026,,
77184,M-MUK,medium,Temanggung,B16,1,purging,76,1886,2964,2971,2028,2038,2936,1888,2019,2021,2026,,
78183,M-MUK,medium,Temanggung,B16,1,purging,77,1886,2965,2971,2028,2038,2936,1888,2019,2021,2026,,
79183,M-MUK,medium,Temanggung,B16,1,purging,78,1886,2966,2969,2028,2039,2937,1888,2019,2021,2026,,
80183,M-MUK,medium,Temanggung,B16,1,purging,79,1887,2966,2970,2027,2039,2935,1888,2019,2021,2026,,
81183,M-MUK,medium,Temanggung,B16,1,purging,80,1886,2967,2970,2028,2039,2936,1889,2019,2021,2026,,
82183,M-MUK,medium,Temanggung,B16,1,purging,81,1886,2962,2970,2028,2039,2937,1888,2019,2021,2026,,
83183,M-MUK,medium,Temanggung,B16,1,purging,82,1886,2964,2971,2028,2039,2938,1888,2019,2021,2026,,
84184,M-MUK,medium,Temanggung,B16,1,purging,83,1886,2965,2967,2028,2039,2937,1888,2019,2021,2025,,
85183,M-MUK,medium,Temanggung,B16,1,purging,84,1886,2967,2969,2028,2039,2937,1888,2019,2021,2025,,
86183,M-MUK,medium,Temanggung,B16,1,purging,85,1887,2967,2966,2028,2038,2939,1888,2019,2021,2026,,
87183,M-MUK,medium,Temanggung,B16,1,purging,86,1886,2967,2970,2028,2038,2940,1887,2019,2021,2026,,
88183,M-MUK,medium,Temanggung,B16,1,purging,87,1887,2967,2969,2028,2038,2936,1887,2019,2021,2026,,
89183,M-MUK,medium,Temanggung,B16,1,purging,88,1887,2966,2967,2028,2038,2936,1888,2019,2021,2026,,
90183,M-MUK,medium,Temanggung,B16,1,purging,89,1887,2967,2971,2028,2039,2935,1888,2020,2021,2026,,
91184,M-MUK,medium,Temanggung,B16,1,purging,90,1886,2964,2971,2028,2039,2937,1887,2019,2021,2025,,
92183,M-MUK,medium,Temanggung,B16,1,purging,91,1886,2964,2972,2027,2039,2937,1888,2019,2021,2026,,
93184,M-MUK,medium,Temanggung,B16,1,purging,92,1886,2967,2969,2028,2039,2936,1888,2019,2022,2026,,
94183,M-MUK,medium,Temanggung,B16,1,purging,93,1886,2967,2971,2028,2039,2936,1888,2019,2021,2025,,
95183,M-MUK,medium,Temanggung,B16,1,purging,94,1886,2965,2973,2028,2040,2940,1888,2019,2021,2025,,
96183,M-MUK,medium,Temanggung,B16,1,purging,95,1886,2965,2967,2028,2039,2937,1888,2019,2022,2026,,
97183,M-MUK,medium,Temanggung,B16,1,purging,96,1886,2965,2971,2028,2039,2936,1888,2019,2021,2025,,
98183,M-MUK,medium,Temanggung,B16,1,purging,97,1886,2967,2972,2028,2039,2940,1888,2019,2021,2026,,
99183,M-MUK,medium,Temanggung,B16,1,purging,98,1886,2964,2967,2028,2038,2935,1887,2019,2021,2025,,
100184,M-MUK,medium,Temanggung,B16,1,purging,99,1886,2966,2969,2028,2038,2940,1888,2019,2021,2026,,
101183,M-MUK,medium,Temanggung,B16,1,purging,100,1886,2964,2969,2028,2038,2935,1888,2019,2021,2025,,
102183,M-MUK,medium,Temanggung,B16,1,purging,101,1886,2965,2971,2028,2038,2935,1887,2019,2021,2025,,
103183,M-MUK,medium,Temanggung,B16,1,purging,102,1887,2965,2970,2027,2038,2940,1887,2019,2021,2026,,
104183,M-MUK,medium,Temanggung,B16,1,purging,103,1886,2964,2970,2027,2039,2936,1888,2019,2021,2025,,
105183,M-MUK,medium,Temanggung,B16,1,purging,104,1886,2964,2966,2028,2039,2935,1888,2019,2021,2025,,
106183,M-MUK,medium,Temanggung,B16,1,purging,105,1886,2965,2968,2028,2039,2936,1888,2019,2021,2026,,
107184,M-MUK,medium,Temanggung,B16,1,purging,106,1886,2967,2967,2028,2039,2937,1888,2019,2021,2025,,
108183,M-MUK,medium,Temanggung,B16,1,purging,107,1886,2966,2966,2027,2039,2935,1888,2019,2021,2025,,
109184,M-MUK,medium,Temanggung,B16,1,purging,108,1886,2965,2972,2028,2039,2942,1888,2019,2021,2025,,
110183,M-MUK,medium,Temanggung,B16,1,purging,109,1886,2965,2971,2028,2039,2936,1888,2019,2021,2025,,
111183,M-MUK,medium,Temanggung,B16,1,purging,110,1886,2967,2970,2028,2038,2934,1887,2019,2021,2025,,
112183,M-MUK,medium,Temanggung,B16,1,purging,111,1886,2967,2970,2028,2038,2936,1887,2019,2021,2025,,
113183,M-MUK,medium,Temanggung,B16,1,purging,112,1886,2966,2968,2028,2038,2941,1887,2019,2021,2025,,
114183,M-MUK,medium,Temanggung,B16,1,purging,113,1886,2963,2967,2027,2038,2935,1888,2019,2021,2025,,
115183,M-MUK,medium,Temanggung,B16,1,purging,114,1886,2963,2967,2028,2038,2936,1887,2019,2021,2025,,
116184,M-MUK,medium,Temanggung,B16,1,purging,115,1886,2965,2971,2028,2039,2935,1888,2019,2021,2025,,
117183,M-MUK,medium,Temanggung,B16,1,purging,116,1886,2965,2967,2027,2039,2935,1888,2019,2021,2025,,
118183,M-MUK,medium,Temanggung,B16,1,purging,117,1886,2964,2970,2027,2039,2936,1888,2019,2021,2025,,
119183,M-MUK,medium,Temanggung,B16,1,purging,118,1886,2965,2967,2028,2038,2936,1888,2019,2021,2025,,
120183,M-MUK,medium,Temanggung,B16,1,purging,119,1886,2966,2972,2027,2039,2937,1888,2019,2021,2025,,
121183,M-MUK,medium,Temanggung,B16,1,purging,120,1886,2965,2966,2028,2039,2938,1888,2019,2021,2025,,
122186,M-MUK,medium,Temanggung,B16,1,collecting,1,1886,2963,2968,2028,2039,2936,1888,2019,2021,2025,,
123184,M-MUK,medium,Temanggung,B16,1,collecting,2,1886,2965,2970,2028,2038,2937,1887,2019,2021,2025,,
124183,M-MUK,medium,Temanggung,B16,1,collecting,3,1886,2970,2970,2028,2038,2938,1887,2019,2021,2025,,
125184,M-MUK,medium,Temanggung,B16,1,collecting,4,1886,2964,2971,2028,2038,2936,1887,2019,2021,2025,,
126183,M-MUK,medium,Temanggung,B16,1,collecting,5,1886,2967,2970,2027,2038,2940,1888,2019,2021,2025,,
127183,M-MUK,medium,Temanggung,B16,1,collecting,6,1886,2969,2969,2028,2038,2935,1888,2019,2021,2025,,
128183,M-MUK,medium,Temanggung,B16,1,collecting,7,1886,2966,2969,2028,2038,2934,1888,2019,2021,2025,,
129183,M-MUK,medium,Temanggung,B16,1,collecting,8,1886,2965,2967,2027,2039,2935,1888,2019,2021,2025,,
130183,M-MUK,medium,Temanggung,B16,1,collecting,9,1886,2964,2972,2028,2039,2936,1888,2019,2021,2025,,
131183,M-MUK,medium,Temanggung,B16,1,collecting,10,1886,2964,2969,2027,2040,2937,1888,2019,2021,2025,,
132184,M-MUK,medium,Temanggung,B16,1,collecting,11,1886,2968,2969,2027,2039,2936,1888,2019,2021,2025,,
133183,M-MUK,medium,Temanggung,B16,1,collecting,12,1885,2966,2967,2027,2039,2938,1887,2019,2021,2025,,
134183,M-MUK,medium,Temanggung,B16,1,collecting,13,1886,2964,2970,2028,2039,2938,1887,2019,2021,2025,,
135183,M-MUK,medium,Temanggung,B16,1,collecting,14,1886,2969,2967,2028,2038,2935,1887,2019,2021,2025,,
136183,M-MUK,medium,Temanggung,B16,1,collecting,15,1886,2965,2971,2028,2038,2936,1888,2019,2021,2025,,
137183,M-MUK,medium,Temanggung,B16,1,collecting,16,1886,2965,2968,2028,2038,2936,1887,2019,2021,2025,,
138183,M-MUK,medium,Temanggung,B16,1,collecting,17,1886,2967,2970,2027,2038,2935,1887,2019,2021,2025,,
139184,M-MUK,medium,Temanggung,B16,1,collecting,18,1886,2964,2969,2027,2037,2935,1887,2019,2021,2025,,
140183,M-MUK,medium,Temanggung,B16,1,collecting,19,1886,2965,2972,2028,2038,2935,1887,2019,2021,2025,,
141184,M-MUK,medium,Temanggung,B16,1,collecting,20,1886,2964,2968,2028,2038,2936,1888,2019,2021,2025,,
142183,M-MUK,medium,Temanggung,B16,1,collecting,21,1886,2962,2969,2027,2039,2934,1887,2019,2021,2025,,
143183,M-MUK,medium,Temanggung,B16,1,collecting,22,1886,2966,2969,2027,2039,2935,1887,2019,2021,2025,,
144183,M-MUK,medium,Temanggung,B16,1,collecting,23,1886,2966,2967,2027,2039,2935,1887,2019,2021,2025,,
145183,M-MUK,medium,Temanggung,B16,1,collecting,24,1886,2965,2971,2028,2039,2935,1888,2019,2021,2025,,
146183,M-MUK,medium,Temanggung,B16,1,collecting,25,1886,2965,2967,2027,2039,2939,1888,2019,2021,2025,,
147183,M-MUK,medium,Temanggung,B16,1,collecting,26,1885,2964,2967,2028,2039,2940,1888,2019,2021,2025,,
148184,M-MUK,medium,Temanggung,B16,1,collecting,27,1886,2967,2966,2028,2038,2937,1887,2019,2021,2025,,
149183,M-MUK,medium,Temanggung,B16,1,collecting,28,1886,2964,2973,2028,2038,2936,1887,2019,2021,2025,,
150183,M-MUK,medium,Temanggung,B16,1,collecting,29,1886,2967,2967,2027,2038,2938,1887,2019,2021,2025,,
151183,M-MUK,medium,Temanggung,B16,1,collecting,30,1886,2964,2969,2027,2037,2936,1887,2019,2021,2025,,
152183,M-MUK,medium,Temanggung,B16,1,collecting,31,1886,2970,2969,2027,2038,2936,1887,2019,2021,2025,,
153183,M-MUK,medium,Temanggung,B16,1,collecting,32,1886,2965,2969,2027,2038,2937,1887,2019,2021,2025,,
154183,M-MUK,medium,Temanggung,B16,1,collecting,33,1886,2963,2970,2027,2038,2935,1887,2019,2021,2025,,
155184,M-MUK,medium,Temanggung,B16,1,collecting,34,1886,2962,2968,2027,2038,2934,1887,2019,2021,2025,,
156183,M-MUK,medium,Temanggung,B16,1,collecting,35,1886,2967,2971,2027,2038,2935,1887,2019,2021,2025,,
157184,M-MUK,medium,Temanggung,B16,1,collecting,36,1886,2967,2971,2027,2038,2933,1887,2019,2021,2025,,
158183,M-MUK,medium,Temanggung,B16,1,collecting,37,1886,2966,2971,2027,2038,2935,1887,2019,2021,2025,,
159183,M-MUK,medium,Temanggung,B16,1,collecting,38,1886,2965,2971,2027,2039,2935,1888,2019,2021,2025,,
160183,M-MUK,medium,Temanggung,B16,1,collecting,39,1886,2967,2967,2027,2039,2935,1888,2019,2021,2025,,
161183,M-MUK,medium,Temanggung,B16,1,collecting,40,1886,2967,2967,2027,2038,2936,1887,2019,2021,2025,,
162183,M-MUK,medium,Temanggung,B16,1,collecting,41,1886,2966,2971,2027,2038,2936,1888,2019,2021,2025,,
163183,M-MUK,medium,Temanggung,B16,1,collecting,42,1885,2965,2970,2027,2038,2936,1887,2019,2021,2025,,
164184,M-MUK,medium,Temanggung,B16,1,collecting,43,1885,2965,2966,2027,2038,2937,1887,2019,2021,2025,,
165183,M-MUK,medium,Temanggung,B16,1,collecting,44,1886,2967,2966,2027,2039,2937,1887,2019,2021,2025,,
166183,M-MUK,medium,Temanggung,B16,1,collecting,45,1885,2965,2970,2027,2038,2937,1887,2019,2021,2025,,
167183,M-MUK,medium,Temanggung,B16,1,collecting,46,1885,2967,2968,2027,2038,2936,1888,2019,2021,2025,,
168183,M-MUK,medium,Temanggung,B16,1,collecting,47,1886,2963,2965,2027,2038,2937,1887,2019,2021,2025,,
169183,M-MUK,medium,Temanggung,B16,1,collecting,48,1885,2967,2967,2027,2038,2941,1888,2019,2021,2025,,
170183,M-MUK,medium,Temanggung,B16,1,collecting,49,1886,2968,2970,2027,2037,2938,1887,2019,2021,2024,,
171184,M-MUK,medium,Temanggung,B16,1,collecting,50,1886,2966,2968,2028,2038,2937,1887,2019,2021,2025,,
172183,M-MUK,medium,Temanggung,B16,1,collecting,51,1886,2968,2969,2027,2038,2937,1887,2019,2021,2025,,
173184,M-MUK,medium,Temanggung,B16,1,collecting,52,1886,2965,2966,2027,2038,2935,1887,2019,2021,2025,,
174183,M-MUK,medium,Temanggung,B16,1,collecting,53,1886,2965,2970,2027,2038,2935,1887,2019,2021,2024,,
175183,M-MUK,medium,Temanggung,B16,1,collecting,54,1886,2966,2968,2027,2038,2936,1887,2019,2021,2025,,
176183,M-MUK,medium,Temanggung,B16,1,collecting,55,1885,2965,2968,2027,2038,2936,1887,2019,2020,2025,,
177183,M-MUK,medium,Temanggung,B16,1,collecting,56,1885,2962,2971,2027,2038,2933,1887,2019,2021,2025,,
178183,M-MUK,medium,Temanggung,B16,1,collecting,57,1886,2967,2971,2027,2038,2935,1887,2019,2021,2024,,
179183,M-MUK,medium,Temanggung,B16,1,collecting,58,1885,2965,2972,2027,2038,2935,1887,2019,2021,2025,,
180184,M-MUK,medium,Temanggung,B16,1,collecting,59,1886,2963,2969,2027,2037,2934,1887,2019,2021,2024,,
181183,M-MUK,medium,Temanggung,B16,1,collecting,60,1886,2964,2974,2027,2038,2935,1887,2019,2021,2024,,
182187,M-MUK,medium,Temanggung,B16,2,purging,1,1886,2965,2972,2027,2038,2936,1887,2019,2021,2024,,
183182,M-MUK,medium,Temanggung,B16,2,purging,2,1886,2963,2970,2027,2038,2936,1887,2019,2021,2025,,
184182,M-MUK,medium,Temanggung,B16,2,purging,3,1886,2960,2972,2027,2039,2934,1887,2019,2021,2024,,
185182,M-MUK,medium,Temanggung,B16,2,purging,4,1886,2963,2967,2027,2038,2935,1888,2019,2021,2025,,
186183,M-MUK,medium,Temanggung,B16,2,purging,5,1886,2965,2967,2027,2038,2939,1887,2019,2021,2024,,
187183,M-MUK,medium,Temanggung,B16,2,purging,6,1886,2967,2970,2027,2039,2935,1887,2019,2021,2024,,
188182,M-MUK,medium,Temanggung,B16,2,purging,7,1886,2965,2970,2027,2039,2935,1887,2019,2021,2024,,
189182,M-MUK,medium,Temanggung,B16,2,purging,8,1885,2965,2968,2027,2038,2935,1888,2019,2021,2024,,
190182,M-MUK,medium,Temanggung,B16,2,purging,9,1886,2966,2968,2027,2038,2935,1887,2019,2020,2024,,
191183,M-MUK,medium,Temanggung,B16,2,purging,10,1885,2966,2968,2027,2038,2936,1887,2019,2021,2024,,
192183,M-MUK,medium,Temanggung,B16,2,purging,11,1885,2965,2967,2027,2038,2935,1887,2019,2021,2024,,
193183,M-MUK,medium,Temanggung,B16,2,purging,12,1885,2968,2966,2027,2039,2936,1887,2019,2021,2024,,
194183,M-MUK,medium,Temanggung,B16,2,purging,13,1885,2966,2970,2027,2038,2936,1887,2019,2020,2024,,
195183,M-MUK,medium,Temanggung,B16,2,purging,14,1885,2965,2970,2027,2038,2935,1887,2019,2021,2024,,
196184,M-MUK,medium,Temanggung,B16,2,purging,15,1885,2968,2969,2027,2038,2935,1887,2019,2021,2025,,
197183,M-MUK,medium,Temanggung,B16,2,purging,16,1885,2967,2967,2027,2038,2935,1887,2019,2020,2024,,
198183,M-MUK,medium,Temanggung,B16,2,purging,17,1885,2966,2968,2027,2039,2937,1887,2019,2021,2025,,
199183,M-MUK,medium,Temanggung,B16,2,purging,18,1885,2964,2970,2027,2038,2935,1887,2019,2021,2025,,
200183,M-MUK,medium,Temanggung,B16,2,purging,19,1886,2966,2969,2027,2038,2936,1887,2019,2020,2024,,
201183,M-MUK,medium,Temanggung,B16,2,purging,20,1885,2965,2967,2028,2038,2935,1887,2019,2021,2024,,
202183,M-MUK,medium,Temanggung,B16,2,purging,21,1885,2962,2966,2027,2037,2935,1887,2019,2021,2025,,
203184,M-MUK,medium,Temanggung,B16,2,purging,22,1885,2961,2966,2027,2037,2935,1887,2019,2021,2025,,
204183,M-MUK,medium,Temanggung,B16,2,purging,23,1885,2965,2968,2027,2038,2935,1887,2019,2021,2024,,
205184,M-MUK,medium,Temanggung,B16,2,purging,24,1885,2965,2968,2027,2037,2936,1887,2019,2021,2024,,
206183,M-MUK,medium,Temanggung,B16,2,purging,25,1885,2963,2966,2028,2037,2933,1887,2019,2021,2025,,
207183,M-MUK,medium,Temanggung,B16,2,purging,26,1885,2966,2971,2027,2037,2939,1887,2019,2021,2024,,
208183,M-MUK,medium,Temanggung,B16,2,purging,27,1886,2962,2968,2027,2037,2935,1886,2019,2020,2024,,
209183,M-MUK,medium,Temanggung,B16,2,purging,28,1885,2962,2972,2027,2037,2935,1887,2019,2020,2024,,
210183,M-MUK,medium,Temanggung,B16,2,purging,29,1886,2964,2967,2027,2037,2935,1887,2019,2021,2024,,
211183,M-MUK,medium,Temanggung,B16,2,purging,30,1885,2960,2967,2027,2037,2936,1886,2019,2021,2024,,
212184,M-MUK,medium,Temanggung,B16,2,purging,31,1885,2960,2970,2027,2037,2935,1887,2019,2021,2024,,
213183,M-MUK,medium,Temanggung,B16,2,purging,32,1885,2967,2968,2027,2037,2935,1887,2019,2020,2025,,
214183,M-MUK,medium,Temanggung,B16,2,purging,33,1885,2960,2969,2027,2038,2934,1887,2019,2021,2025,,
215183,M-MUK,medium,Temanggung,B16,2,purging,34,1885,2962,2969,2027,2037,2934,1887,2019,2021,2024,,
216183,M-MUK,medium,Temanggung,B16,2,purging,35,1885,2961,2968,2027,2037,2934,1887,2019,2020,2024,,
217183,M-MUK,medium,Temanggung,B16,2,purging,36,1885,2960,2967,2027,2037,2935,1887,2019,2021,2024,,
218183,M-MUK,medium,Temanggung,B16,2,purging,37,1885,2964,2967,2027,2037,2935,1887,2019,2021,2024,,
219184,M-MUK,medium,Temanggung,B16,2,purging,38,1885,2961,2969,2027,2037,2935,1887,2019,2021,2024,,
220183,M-MUK,medium,Temanggung,B16,2,purging,39,1885,2961,2970,2027,2038,2934,1887,2018,2021,2024,,
221184,M-MUK,medium,Temanggung,B16,2,purging,40,1886,2966,2971,2027,2038,2934,1886,2018,2021,2024,,
222183,M-MUK,medium,Temanggung,B16,2,purging,41,1885,2960,2968,2027,2038,2934,1887,2019,2021,2024,,
223183,M-MUK,medium,Temanggung,B16,2,purging,42,1885,2962,2969,2027,2038,2936,1887,2019,2020,2025,,
224183,M-MUK,medium,Temanggung,B16,2,purging,43,1885,2965,2968,2027,2038,2935,1887,2019,2021,2024,,
225183,M-MUK,medium,Temanggung,B16,2,purging,44,1885,2964,2971,2026,2038,2932,1887,2019,2020,2024,,
226183,M-MUK,medium,Temanggung,B16,2,purging,45,1885,2962,2970,2026,2038,2935,1887,2019,2021,2024,,
227183,M-MUK,medium,Temanggung,B16,2,purging,46,1885,2962,2968,2027,2039,2934,1887,2019,2020,2024,,
228184,M-MUK,medium,Temanggung,B16,2,purging,47,1885,2964,2970,2027,2038,2935,1887,2019,2021,2024,,
229183,M-MUK,medium,Temanggung,B16,2,purging,48,1885,2964,2970,2027,2038,2934,1887,2019,2020,2024,,
230183,M-MUK,medium,Temanggung,B16,2,purging,49,1885,2965,2970,2026,2038,2936,1887,2018,2021,2024,,
231183,M-MUK,medium,Temanggung,B16,2,purging,50,1885,2962,2967,2026,2038,2935,1887,2018,2020,2024,,
232183,M-MUK,medium,Temanggung,B16,2,purging,51,1885,2965,2966,2026,2038,2935,1887,2019,2021,2024,,
233183,M-MUK,medium,Temanggung,B16,2,purging,52,1885,2962,2967,2027,2038,2933,1887,2019,2020,2024,,
234183,M-MUK,medium,Temanggung,B16,2,purging,53,1885,2963,2970,2026,2038,2935,1887,2019,2020,2024,,
235184,M-MUK,medium,Temanggung,B16,2,purging,54,1885,2965,2971,2027,2038,2935,1887,2019,2020,2024,,
236183,M-MUK,medium,Temanggung,B16,2,purging,55,1885,2965,2969,2026,2038,2935,1887,2019,2021,2024,,
237184,M-MUK,medium,Temanggung,B16,2,purging,56,1885,2963,2962,2026,2037,2934,1887,2019,2020,2024,,
238183,M-MUK,medium,Temanggung,B16,2,purging,57,1885,2964,2967,2027,2037,2935,1887,2019,2020,2024,,
239183,M-MUK,medium,Temanggung,B16,2,purging,58,1885,2964,2968,2027,2037,2933,1887,2019,2020,2024,,
240183,M-MUK,medium,Temanggung,B16,2,purging,59,1885,2964,2970,2026,2037,2935,1886,2019,2020,2024,,
241183,M-MUK,medium,Temanggung,B16,2,purging,60,1885,2962,2966,2027,2037,2935,1886,2018,2020,2024,,
242183,M-MUK,medium,Temanggung,B16,2,purging,61,1885,2962,2970,2027,2037,2935,1887,2019,2020,2024,,
243183,M-MUK,medium,Temanggung,B16,2,purging,62,1885,2962,2966,2026,2037,2935,1886,2019,2020,2024,,
244184,M-MUK,medium,Temanggung,B16,2,purging,63,1885,2961,2971,2027,2037,2934,1886,2018,2020,2024,,
245183,M-MUK,medium,Temanggung,B16,2,purging,64,1885,2964,2964,2026,2037,2934,1886,2018,2020,2024,,
246183,M-MUK,medium,Temanggung,B16,2,purging,65,1885,2960,2968,2026,2037,2934,1887,2018,2020,2024,,
247183,M-MUK,medium,Temanggung,B16,2,purging,66,1885,2961,2964,2026,2037,2934,1886,2019,2020,2024,,
248183,M-MUK,medium,Temanggung,B16,2,purging,67,1885,2964,2970,2026,2037,2934,1886,2018,2020,2024,,
249183,M-MUK,medium,Temanggung,B16,2,purging,68,1885,2963,2967,2026,2037,2933,1887,2019,2020,2024,,
250183,M-MUK,medium,Temanggung,B16,2,purging,69,1885,2958,2973,2026,2037,2935,1886,2018,2020,2024,,
251184,M-MUK,medium,Temanggung,B16,2,purging,70,1885,2961,2972,2026,2037,2938,1886,2019,2020,2024,,
252183,M-MUK,medium,Temanggung,B16,2,purging,71,1885,2963,2970,2026,2037,2934,1886,2019,2020,2024,,
253184,M-MUK,medium,Temanggung,B16,2,purging,72,1885,2959,2967,2026,2038,2935,1887,2019,2021,2023,,
254183,M-MUK,medium,Temanggung,B16,2,purging,73,1886,2964,2965,2026,2038,2937,1887,2018,2020,2024,,
255183,M-MUK,medium,Temanggung,B16,2,purging,74,1885,2963,2971,2026,2038,2932,1886,2019,2020,2023,,
256183,M-MUK,medium,Temanggung,B16,2,purging,75,1885,2961,2966,2026,2038,2933,1887,2018,2020,2023,,
257183,M-MUK,medium,Temanggung,B16,2,purging,76,1885,2962,2968,2026,2038,2934,1886,2019,2020,2024,,
258183,M-MUK,medium,Temanggung,B16,2,purging,77,1885,2964,2970,2026,2038,2934,1887,2018,2020,2024,,
259183,M-MUK,medium,Temanggung,B16,2,purging,78,1885,2962,2970,2026,2038,2938,1887,2018,2020,2024,,
260184,M-MUK,medium,Temanggung,B16,2,purging,79,1885,2961,2970,2026,2038,2933,1887,2018,2020,2023,,
261183,M-MUK,medium,Temanggung,B16,2,purging,80,1885,2964,2966,2026,2038,2937,1887,2018,2020,2024,,
262183,M-MUK,medium,Temanggung,B16,2,purging,81,1885,2964,2970,2026,2038,2934,1886,2018,2020,2023,,
263183,M-MUK,medium,Temanggung,B16,2,purging,82,1885,2959,2970,2026,2038,2933,1887,2018,2020,2023,,
264183,M-MUK,medium,Temanggung,B16,2,purging,83,1885,2960,2964,2026,2038,2935,1887,2018,2020,2023,,
265183,M-MUK,medium,Temanggung,B16,2,purging,84,1885,2961,2966,2026,2038,2936,1886,2018,2020,2024,,
266183,M-MUK,medium,Temanggung,B16,2,purging,85,1885,2963,2970,2026,2038,2934,1886,2018,2020,2024,,
267184,M-MUK,medium,Temanggung,B16,2,purging,86,1885,2959,2968,2026,2038,2935,1887,2017,2020,2023,,
268183,M-MUK,medium,Temanggung,B16,2,purging,87,1885,2965,2967,2026,2037,2934,1886,2018,2020,2023,,
269184,M-MUK,medium,Temanggung,B16,2,purging,88,1885,2964,2970,2026,2038,2934,1886,2018,2020,2023,,
270183,M-MUK,medium,Temanggung,B16,2,purging,89,1885,2962,2970,2026,2038,2937,1886,2018,2020,2023,,
271183,M-MUK,medium,Temanggung,B16,2,purging,90,1885,2965,2969,2026,2038,2938,1887,2018,2020,2023,,
272183,M-MUK,medium,Temanggung,B16,2,purging,91,1885,2963,2966,2026,2038,2937,1886,2017,2020,2023,,
273183,M-MUK,medium,Temanggung,B16,2,purging,92,1885,2964,2969,2026,2038,2933,1886,2018,2020,2023,,
274183,M-MUK,medium,Temanggung,B16,2,purging,93,1885,2961,2968,2026,2037,2934,1886,2017,2020,2023,,
275183,M-MUK,medium,Temanggung,B16,2,purging,94,1885,2961,2969,2026,2038,2935,1886,2017,2020,2024,,
276184,M-MUK,medium,Temanggung,B16,2,purging,95,1885,2963,2970,2026,2038,2934,1886,2017,2020,2023,,
277183,M-MUK,medium,Temanggung,B16,2,purging,96,1885,2963,2968,2026,2037,2932,1886,2017,2020,2024,,
278183,M-MUK,medium,Temanggung,B16,2,purging,97,1885,2963,2970,2026,2037,2933,1886,2017,2020,2023,,
279183,M-MUK,medium,Temanggung,B16,2,purging,98,1885,2964,2970,2026,2038,2934,1886,2018,2020,2023,,
280183,M-MUK,medium,Temanggung,B16,2,purging,99,1885,2962,2966,2026,2037,2940,1886,2018,2020,2023,,
281183,M-MUK,medium,Temanggung,B16,2,purging,100,1885,2964,2968,2026,2038,2935,1886,2018,2020,2023,,
282183,M-MUK,medium,Temanggung,B16,2,purging,101,1884,2964,2967,2026,2037,2935,1886,2018,2020,2024,,
283184,M-MUK,medium,Temanggung,B16,2,purging,102,1885,2964,2967,2026,2037,2934,1886,2017,2020,2023,,
284183,M-MUK,medium,Temanggung,B16,2,purging,103,1885,2961,2968,2026,2037,2934,1886,2017,2020,2023,,
285184,M-MUK,medium,Temanggung,B16,2,purging,104,1885,2961,2965,2026,2037,2936,1886,2018,2020,2023,,
286183,M-MUK,medium,Temanggung,B16,2,purging,105,1885,2962,2965,2026,2037,2938,1887,2018,2020,2023,,
287183,M-MUK,medium,Temanggung,B16,2,purging,106,1885,2961,2967,2026,2037,2933,1886,2018,2020,2023,,
288183,M-MUK,medium,Temanggung,B16,2,purging,107,1884,2964,2967,2026,2037,2938,1886,2018,2020,2023,,
289183,M-MUK,medium,Temanggung,B16,2,purging,108,1885,2961,2966,2025,2037,2933,1886,2018,2020,2023,,
290183,M-MUK,medium,Temanggung,B16,2,purging,109,1885,2960,2967,2025,2038,2934,1886,2018,2020,2023,,
291183,M-MUK,medium,Temanggung,B16,2,purging,110,1885,2960,2967,2026,2037,2937,1887,2018,2020,2023,,
292184,M-MUK,medium,Temanggung,B16,2,purging,111,1885,2960,2966,2026,2037,2933,1886,2018,2020,2023,,
293183,M-MUK,medium,Temanggung,B16,2,purging,112,1884,2964,2966,2026,2037,2933,1886,2018,2020,2023,,
294183,M-MUK,medium,Temanggung,B16,2,purging,113,1885,2960,2969,2026,2038,2936,1886,2018,2020,2023,,
295183,M-MUK,medium,Temanggung,B16,2,purging,114,1885,2959,2966,2025,2037,2933,1886,2018,2020,2023,,
296183,M-MUK,medium,Temanggung,B16,2,purging,115,1885,2964,2968,2025,2037,2934,1886,2018,2020,2023,,
297183,M-MUK,medium,Temanggung,B16,2,purging,116,1885,2958,2970,2026,2037,2933,1886,2018,2020,2023,,
298183,M-MUK,medium,Temanggung,B16,2,purging,117,1884,2959,2970,2025,2037,2934,1886,2018,2020,2023,,
299184,M-MUK,medium,Temanggung,B16,2,purging,118,1885,2963,2970,2025,2037,2933,1886,2018,2020,2023,,
300183,M-MUK,medium,Temanggung,B16,2,purging,119,1885,2960,2969,2026,2037,2937,1886,2018,2020,2023,,
301184,M-MUK,medium,Temanggung,B16,2,purging,120,1885,2960,2965,2026,2037,2933,1886,2018,2020,2023,,
302186,M-MUK,medium,Temanggung,B16,2,collecting,1,1885,2959,2967,2026,2036,2937,1886,2018,2020,2023,,
303183,M-MUK,medium,Temanggung,B16,2,collecting,2,1884,2958,2964,2025,2036,2932,1886,2018,2020,2023,,
304183,M-MUK,medium,Temanggung,B16,2,collecting,3,1885,2958,2964,2026,2036,2934,1886,2018,2020,2023,,
305183,M-MUK,medium,Temanggung,B16,2,collecting,4,1885,2959,2965,2026,2036,2933,1886,2018,2020,2023,,
306183,M-MUK,medium,Temanggung,B16,2,collecting,5,1884,2960,2970,2026,2036,2933,1885,2018,2020,2023,,
307183,M-MUK,medium,Temanggung,B16,2,collecting,6,1885,2961,2966,2025,2037,2937,1885,2018,2020,2023,,
308184,M-MUK,medium,Temanggung,B16,2,collecting,7,1885,2960,2965,2026,2036,2933,1886,2018,2020,2022,,
309183,M-MUK,medium,Temanggung,B16,2,collecting,8,1884,2964,2970,2026,2036,2935,1885,2018,2020,2024,,
310183,M-MUK,medium,Temanggung,B16,2,collecting,9,1884,2958,2964,2026,2036,2934,1885,2018,2020,2023,,
311183,M-MUK,medium,Temanggung,B16,2,collecting,10,1884,2963,2964,2026,2036,2933,1886,2018,2020,2023,,
312183,M-MUK,medium,Temanggung,B16,2,collecting,11,1884,2960,2966,2026,2036,2937,1886,2018,2020,2023,,
313183,M-MUK,medium,Temanggung,B16,2,collecting,12,1884,2960,2967,2026,2036,2934,1886,2018,2020,2022,,
314183,M-MUK,medium,Temanggung,B16,2,collecting,13,1884,2962,2966,2025,2036,2933,1886,2018,2020,2022,,
315184,M-MUK,medium,Temanggung,B16,2,collecting,14,1884,2961,2967,2026,2036,2934,1885,2018,2020,2023,,
316183,M-MUK,medium,Temanggung,B16,2,collecting,15,1884,2963,2968,2026,2036,2935,1886,2018,2019,2023,,
317184,M-MUK,medium,Temanggung,B16,2,collecting,16,1884,2964,2966,2026,2036,2933,1885,2018,2020,2023,,
318183,M-MUK,medium,Temanggung,B16,2,collecting,17,1884,2959,2968,2026,2036,2938,1885,2018,2020,2023,,
319183,M-MUK,medium,Temanggung,B16,2,collecting,18,1884,2961,2964,2026,2036,2932,1885,2018,2019,2023,,
320183,M-MUK,medium,Temanggung,B16,2,collecting,19,1884,2960,2964,2026,2036,2933,1886,2018,2020,2023,,
321183,M-MUK,medium,Temanggung,B16,2,collecting,20,1884,2960,2967,2026,2037,2939,1886,2018,2020,2023,,
322183,M-MUK,medium,Temanggung,B16,2,collecting,21,1884,2960,2967,2026,2036,2935,1885,2018,2020,2023,,
323183,M-MUK,medium,Temanggung,B16,2,collecting,22,1884,2960,2965,2026,2036,2933,1885,2018,2020,2023,,
324184,M-MUK,medium,Temanggung,B16,2,collecting,23,1884,2958,2964,2026,2036,2937,1885,2018,2020,2022,,
325183,M-MUK,medium,Temanggung,B16,2,collecting,24,1884,2961,2961,2026,2036,2934,1886,2018,2020,2023,,
326183,M-MUK,medium,Temanggung,B16,2,collecting,25,1884,2960,2969,2025,2036,2933,1886,2018,2020,2023,,
327183,M-MUK,medium,Temanggung,B16,2,collecting,26,1884,2963,2962,2026,2036,2933,1885,2018,2020,2022,,
328183,M-MUK,medium,Temanggung,B16,2,collecting,27,1884,2960,2967,2026,2036,2933,1885,2018,2020,2023,,
329183,M-MUK,medium,Temanggung,B16,2,collecting,28,1884,2963,2967,2026,2036,2933,1885,2018,2019,2023,,
330183,M-MUK,medium,Temanggung,B16,2,collecting,29,1884,2960,2963,2026,2036,2937,1885,2018,2020,2023,,
331184,M-MUK,medium,Temanggung,B16,2,collecting,30,1884,2959,2963,2026,2036,2934,1886,2018,2020,2022,,
332183,M-MUK,medium,Temanggung,B16,2,collecting,31,1884,2960,2965,2026,2036,2933,1885,2018,2020,2023,,
333184,M-MUK,medium,Temanggung,B16,2,collecting,32,1884,2959,2965,2025,2036,2935,1885,2018,2020,2023,,
334183,M-MUK,medium,Temanggung,B16,2,collecting,33,1884,2962,2966,2026,2036,2933,1885,2018,2019,2022,,
335183,M-MUK,medium,Temanggung,B16,2,collecting,34,1884,2962,2964,2026,2036,2934,1885,2018,2020,2023,,
336183,M-MUK,medium,Temanggung,B16,2,collecting,35,1884,2959,2962,2025,2036,2935,1885,2018,2019,2022,,
337183,M-MUK,medium,Temanggung,B16,2,collecting,36,1884,2958,2970,2025,2036,2937,1885,2018,2019,2023,,
338183,M-MUK,medium,Temanggung,B16,2,collecting,37,1884,2958,2967,2026,2036,2933,1885,2018,2020,2022,,
339183,M-MUK,medium,Temanggung,B16,2,collecting,38,1884,2960,2963,2026,2036,2933,1885,2018,2019,2023,,
340184,M-MUK,medium,Temanggung,B16,2,collecting,39,1884,2958,2964,2026,2036,2933,1885,2018,2019,2023,,
341183,M-MUK,medium,Temanggung,B16,2,collecting,40,1884,2963,2966,2025,2036,2937,1885,2018,2019,2022,,
342183,M-MUK,medium,Temanggung,B16,2,collecting,41,1884,2960,2967,2025,2036,2933,1885,2018,2019,2022,,
343183,M-MUK,medium,Temanggung,B16,2,collecting,42,1884,2962,2961,2025,2036,2934,1885,2018,2019,2023,,
344183,M-MUK,medium,Temanggung,B16,2,collecting,43,1884,2964,2968,2025,2036,2934,1885,2018,2019,2023,,
345183,M-MUK,medium,Temanggung,B16,2,collecting,44,1884,2959,2966,2026,2036,2936,1884,2018,2019,2022,,
346183,M-MUK,medium,Temanggung,B16,2,collecting,45,1883,2964,2968,2025,2036,2933,1885,2018,2019,2022,,
347184,M-MUK,medium,Temanggung,B16,2,collecting,46,1884,2959,2963,2026,2036,2933,1885,2018,2019,2022,,
348183,M-MUK,medium,Temanggung,B16,2,collecting,47,1884,2962,2964,2025,2036,2933,1885,2017,2020,2023,,
349184,M-MUK,medium,Temanggung,B16,2,collecting,48,1884,2958,2966,2025,2036,2934,1885,2018,2019,2023,,
350183,M-MUK,medium,Temanggung,B16,2,collecting,49,1884,2959,2964,2025,2036,2934,1885,2018,2019,2022,,
351183,M-MUK,medium,Temanggung,B16,2,collecting,50,1884,2960,2965,2025,2036,2935,1885,2018,2020,2023,,
352183,M-MUK,medium,Temanggung,B16,2,collecting,51,1884,2958,2963,2025,2036,2937,1885,2018,2020,2023,,
353183,M-MUK,medium,Temanggung,B16,2,collecting,52,1884,2959,2966,2025,2036,2932,1885,2018,2019,2023,,
354183,M-MUK,medium,Temanggung,B16,2,collecting,53,1884,2958,2963,2025,2035,2933,1885,2018,2020,2022,,
355183,M-MUK,medium,Temanggung,B16,2,collecting,54,1884,2958,2965,2025,2036,2936,1885,2017,2020,2022,,
356184,M-MUK,medium,Temanggung,B16,2,collecting,55,1884,2957,2965,2025,2037,2936,1885,2017,2019,2022,,
357183,M-MUK,medium,Temanggung,B16,2,collecting,56,1884,2959,2966,2024,2036,2934,1885,2018,2019,2022,,
358183,M-MUK,medium,Temanggung,B16,2,collecting,57,1884,2961,2963,2025,2036,2934,1885,2017,2019,2022,,
359183,M-MUK,medium,Temanggung,B16,2,collecting,58,1884,2960,2968,2024,2036,2934,1886,2018,2019,2023,,
360183,M-MUK,medium,Temanggung,B16,2,collecting,59,1884,2957,2965,2025,2036,2933,1885,2017,2019,2022,,
361183,M-MUK,medium,Temanggung,B16,2,collecting,60,1884,2963,2965,2025,2036,2932,1885,2017,2019,2022,,
362186,M-MUK,medium,Temanggung,B16,3,purging,1,1884,2964,2966,2024,2036,2934,1885,2017,2019,2022,,
363183,M-MUK,medium,Temanggung,B16,3,purging,2,1883,2959,2966,2025,2036,2934,1885,2017,2019,2022,,
364182,M-MUK,medium,Temanggung,B16,3,purging,3,1883,2959,2963,2025,2036,2933,1885,2017,2019,2022,,
365182,M-MUK,medium,Temanggung,B16,3,purging,4,1884,2960,2963,2025,2036,2934,1885,2018,2019,2022,,
366182,M-MUK,medium,Temanggung,B16,3,purging,5,1884,2961,2963,2025,2036,2936,1885,2017,2019,2022,,
367182,M-MUK,medium,Temanggung,B16,3,purging,6,1883,2957,2962,2025,2035,2933,1885,2018,2019,2022,,
368182,M-MUK,medium,Temanggung,B16,3,purging,7,1883,2959,2964,2025,2035,2934,1884,2018,2019,2022,,
369182,M-MUK,medium,Temanggung,B16,3,purging,8,1884,2960,2961,2025,2036,2934,1884,2017,2019,2022,,
370182,M-MUK,medium,Temanggung,B16,3,purging,9,1884,2960,2963,2025,2035,2934,1885,2018,2020,2022,,
371183,M-MUK,medium,Temanggung,B16,3,purging,10,1884,2957,2964,2024,2036,2937,1885,2017,2019,2023,,
372184,M-MUK,medium,Temanggung,B16,3,purging,11,1884,2958,2965,2024,2036,2936,1885,2017,2019,2023,,
373183,M-MUK,medium,Temanggung,B16,3,purging,12,1883,2960,2967,2024,2036,2933,1885,2017,2019,2022,,
374183,M-MUK,medium,Temanggung,B16,3,purging,13,1884,2960,2964,2024,2036,2932,1885,2016,2019,2022,,
375183,M-MUK,medium,Temanggung,B16,3,purging,14,1884,2959,2962,2024,2036,2937,1885,2016,2019,2022,,
376183,M-MUK,medium,Temanggung,B16,3,purging,15,1883,2956,2967,2024,2036,2937,1885,2016,2019,2022,,
377183,M-MUK,medium,Temanggung,B16,3,purging,16,1883,2958,2965,2024,2036,2933,1886,2017,2019,2022,,
378183,M-MUK,medium,Temanggung,B16,3,purging,17,1884,2958,2964,2025,2036,2932,1885,2016,2019,2022,,
379184,M-MUK,medium,Temanggung,B16,3,purging,18,1883,2958,2963,2025,2035,2933,1885,2017,2019,2022,,
380183,M-MUK,medium,Temanggung,B16,3,purging,19,1884,2960,2962,2025,2035,2937,1885,2017,2019,2022,,
381184,M-MUK,medium,Temanggung,B16,3,purging,20,1884,2960,2963,2025,2036,2934,1885,2017,2019,2022,,
382183,M-MUK,medium,Temanggung,B16,3,purging,21,1884,2960,2964,2024,2035,2932,1885,2017,2019,2023,,
383183,M-MUK,medium,Temanggung,B16,3,purging,22,1884,2958,2963,2024,2035,2933,1885,2017,2019,2022,,
384183,M-MUK,medium,Temanggung,B16,3,purging,23,1884,2958,2964,2024,2036,2933,1885,2017,2019,2022,,
385183,M-MUK,medium,Temanggung,B16,3,purging,24,1883,2957,2963,2024,2036,2934,1885,2017,2019,2023,,
386183,M-MUK,medium,Temanggung,B16,3,purging,25,1884,2960,2964,2024,2036,2934,1885,2016,2019,2022,,
387183,M-MUK,medium,Temanggung,B16,3,purging,26,1883,2958,2963,2024,2036,2937,1885,2016,2019,2022,,
388184,M-MUK,medium,Temanggung,B16,3,purging,27,1883,2961,2967,2024,2036,2937,1885,2017,2019,2022,,
389183,M-MUK,medium,Temanggung,B16,3,purging,28,1883,2964,2961,2025,2035,2934,1885,2016,2018,2022,,
390183,M-MUK,medium,Temanggung,B16,3,purging,29,1883,2960,2961,2025,2035,2934,1885,2017,2019,2022,,
391183,M-MUK,medium,Temanggung,B16,3,purging,30,1883,2958,2963,2025,2035,2934,1885,2018,2019,2022,,
392183,M-MUK,medium,Temanggung,B16,3,purging,31,1884,2959,2966,2025,2035,2934,1884,2017,2019,2022,,
393183,M-MUK,medium,Temanggung,B16,3,purging,32,1884,2960,2964,2025,2035,2933,1885,2017,2019,2022,,
394183,M-MUK,medium,Temanggung,B16,3,purging,33,1884,2960,2963,2024,2035,2936,1885,2017,2019,2022,,
395184,M-MUK,medium,Temanggung,B16,3,purging,34,1884,2957,2963,2024,2036,2935,1885,2017,2019,2022,,
396183,M-MUK,medium,Temanggung,B16,3,purging,35,1884,2963,2964,2024,2036,2937,1885,2017,2019,2022,,
397184,M-MUK,medium,Temanggung,B16,3,purging,36,1884,2957,2966,2024,2036,2935,1885,2016,2019,2022,,
398183,M-MUK,medium,Temanggung,B16,3,purging,37,1883,2961,2963,2024,2036,2936,1885,2017,2019,2022,,
399183,M-MUK,medium,Temanggung,B16,3,purging,38,1883,2958,2966,2024,2036,2934,1885,2016,2019,2022,,
400183,M-MUK,medium,Temanggung,B16,3,purging,39,1883,2960,2967,2025,2036,2934,1885,2016,2019,2022,,
401183,M-MUK,medium,Temanggung,B16,3,purging,40,1883,2958,2963,2025,2035,2933,1885,2017,2019,2022,,
402183,M-MUK,medium,Temanggung,B16,3,purging,41,1884,2959,2965,2025,2035,2937,1884,2017,2019,2022,,
403183,M-MUK,medium,Temanggung,B16,3,purging,42,1884,2961,2964,2025,2035,2934,1884,2017,2019,2022,,
404184,M-MUK,medium,Temanggung,B16,3,purging,43,1884,2958,2964,2024,2036,2933,1885,2017,2019,2022,,
405183,M-MUK,medium,Temanggung,B16,3,purging,44,1884,2960,2966,2024,2035,2933,1884,2017,2019,2022,,
406183,M-MUK,medium,Temanggung,B16,3,purging,45,1884,2962,2968,2024,2035,2933,1885,2017,2019,2023,,
407183,M-MUK,medium,Temanggung,B16,3,purging,46,1883,2957,2962,2024,2036,2937,1885,2017,2019,2022,,
408183,M-MUK,medium,Temanggung,B16,3,purging,47,1883,2958,2963,2024,2036,2934,1885,2016,2019,2022,,
409183,M-MUK,medium,Temanggung,B16,3,purging,48,1883,2957,2963,2025,2036,2931,1885,2016,2019,2022,,
410183,M-MUK,medium,Temanggung,B16,3,purging,49,1883,2957,2963,2025,2036,2936,1885,2016,2019,2022,,
411184,M-MUK,medium,Temanggung,B16,3,purging,50,1883,2957,2966,2025,2036,2937,1885,2017,2019,2022,,
412183,M-MUK,medium,Temanggung,B16,3,purging,51,1883,2961,2966,2025,2035,2933,1885,2016,2019,2022,,
413184,M-MUK,medium,Temanggung,B16,3,purging,52,1883,2957,2966,2025,2035,2933,1884,2017,2019,2022,,
414183,M-MUK,medium,Temanggung,B16,3,purging,53,1884,2960,2967,2025,2035,2935,1885,2017,2019,2022,,
415183,M-MUK,medium,Temanggung,B16,3,purging,54,1883,2958,2966,2024,2035,2932,1884,2017,2019,2023,,
416183,M-MUK,medium,Temanggung,B16,3,purging,55,1884,2962,2968,2024,2035,2933,1884,2017,2018,2022,,
417183,M-MUK,medium,Temanggung,B16,3,purging,56,1884,2957,2966,2024,2035,2931,1885,2017,2018,2022,,
418183,M-MUK,medium,Temanggung,B16,3,purging,57,1883,2960,2961,2024,2036,2933,1885,2017,2019,2022,,
419183,M-MUK,medium,Temanggung,B16,3,purging,58,1884,2960,2965,2024,2036,2936,1885,2017,2019,2022,,
420184,M-MUK,medium,Temanggung,B16,3,purging,59,1883,2956,2964,2024,2036,2933,1885,2016,2019,2022,,
421183,M-MUK,medium,Temanggung,B16,3,purging,60,1883,2958,2962,2024,2036,2936,1885,2016,2019,2022,,
422183,M-MUK,medium,Temanggung,B16,3,purging,61,1883,2964,2964,2024,2036,2936,1885,2016,2019,2022,,
423183,M-MUK,medium,Temanggung,B16,3,purging,62,1883,2961,2966,2024,2036,2933,1885,2016,2019,2022,,
424183,M-MUK,medium,Temanggung,B16,3,purging,63,1883,2959,2964,2025,2036,2937,1885,2016,2019,2022,,
425183,M-MUK,medium,Temanggung,B16,3,purging,64,1883,2961,2966,2025,2035,2932,1885,2016,2019,2022,,
426183,M-MUK,medium,Temanggung,B16,3,purging,65,1883,2961,2963,2024,2035,2933,1884,2017,2019,2022,,
427184,M-MUK,medium,Temanggung,B16,3,purging,66,1883,2956,2963,2024,2035,2934,1884,2016,2018,2022,,
428183,M-MUK,medium,Temanggung,B16,3,purging,67,1883,2961,2966,2024,2035,2932,1884,2017,2019,2022,,
429184,M-MUK,medium,Temanggung,B16,3,purging,68,1884,2961,2963,2024,2035,2933,1884,2017,2018,2022,,
430183,M-MUK,medium,Temanggung,B16,3,purging,69,1884,2960,2966,2024,2035,2937,1885,2017,2019,2022,,
431183,M-MUK,medium,Temanggung,B16,3,purging,70,1884,2957,2963,2024,2036,2934,1884,2016,2019,2022,,
432183,M-MUK,medium,Temanggung,B16,3,purging,71,1883,2958,2964,2024,2036,2934,1884,2016,2018,2022,,
433183,M-MUK,medium,Temanggung,B16,3,purging,72,1883,2961,2963,2024,2035,2934,1885,2017,2018,2022,,
434183,M-MUK,medium,Temanggung,B16,3,purging,73,1883,2958,2965,2024,2036,2931,1885,2016,2019,2022,,
435183,M-MUK,medium,Temanggung,B16,3,purging,74,1883,2961,2964,2024,2035,2934,1884,2016,2019,2022,,
436184,M-MUK,medium,Temanggung,B16,3,purging,75,1883,2963,2965,2024,2036,2933,1885,2016,2019,2022,,
437183,M-MUK,medium,Temanggung,B16,3,purging,76,1883,2958,2963,2024,2036,2932,1885,2016,2019,2022,,
438183,M-MUK,medium,Temanggung,B16,3,purging,77,1883,2960,2960,2024,2036,2937,1885,2016,2018,2022,,
439183,M-MUK,medium,Temanggung,B16,3,purging,78,1883,2961,2963,2024,2035,2934,1884,2016,2018,2022,,
440183,M-MUK,medium,Temanggung,B16,3,purging,79,1883,2958,2961,2025,2035,2934,1884,2016,2019,2022,,
441183,M-MUK,medium,Temanggung,B16,3,purging,80,1883,2957,2966,2025,2034,2933,1884,2017,2019,2022,,
442183,M-MUK,medium,Temanggung,B16,3,purging,81,1883,2956,2965,2024,2035,2932,1884,2017,2018,2022,,
443184,M-MUK,medium,Temanggung,B16,3,purging,82,1883,2957,2964,2024,2035,2933,1884,2017,2019,2022,,
444183,M-MUK,medium,Temanggung,B16,3,purging,83,1883,2956,2963,2025,2035,2934,1884,2017,2018,2022,,
445184,M-MUK,medium,Temanggung,B16,3,purging,84,1883,2961,2963,2024,2035,2937,1884,2017,2018,2022,,
446183,M-MUK,medium,Temanggung,B16,3,purging,85,1884,2959,2963,2024,2035,2937,1884,2016,2018,2022,,
447183,M-MUK,medium,Temanggung,B16,3,purging,86,1883,2959,2963,2024,2035,2932,1884,2017,2018,2022,,
448183,M-MUK,medium,Temanggung,B16,3,purging,87,1883,2960,2961,2023,2034,2934,1885,2017,2018,2022,,
449183,M-MUK,medium,Temanggung,B16,3,purging,88,1884,2961,2963,2024,2036,2931,1884,2016,2019,2022,,
450183,M-MUK,medium,Temanggung,B16,3,purging,89,1883,2958,2967,2024,2036,2934,1884,2017,2018,2022,,
451183,M-MUK,medium,Temanggung,B16,3,purging,90,1883,2958,2966,2024,2036,2934,1885,2017,2018,2022,,
452184,M-MUK,medium,Temanggung,B16,3,purging,91,1883,2957,2962,2024,2035,2937,1884,2017,2018,2022,,
453183,M-MUK,medium,Temanggung,B16,3,purging,92,1883,2958,2966,2024,2035,2933,1884,2016,2019,2022,,
454183,M-MUK,medium,Temanggung,B16,3,purging,93,1883,2959,2965,2024,2036,2933,1884,2016,2019,2022,,
455183,M-MUK,medium,Temanggung,B16,3,purging,94,1883,2960,2962,2024,2035,2934,1884,2016,2018,2022,,
456183,M-MUK,medium,Temanggung,B16,3,purging,95,1883,2959,2966,2024,2035,2933,1885,2016,2018,2022,,
457183,M-MUK,medium,Temanggung,B16,3,purging,96,1883,2957,2966,2024,2035,2931,1885,2016,2018,2022,,
458183,M-MUK,medium,Temanggung,B16,3,purging,97,1882,2959,2961,2023,2035,2933,1884,2016,2018,2022,,
459184,M-MUK,medium,Temanggung,B16,3,purging,98,1883,2960,2966,2024,2035,2932,1884,2016,2018,2022,,
460183,M-MUK,medium,Temanggung,B16,3,purging,99,1882,2958,2961,2024,2035,2933,1885,2016,2019,2022,,
461184,M-MUK,medium,Temanggung,B16,3,purging,100,1883,2961,2964,2024,2035,2933,1885,2016,2018,2022,,
462183,M-MUK,medium,Temanggung,B16,3,purging,101,1883,2957,2962,2023,2035,2932,1885,2016,2018,2022,,
463183,M-MUK,medium,Temanggung,B16,3,purging,102,1882,2957,2962,2024,2035,2934,1885,2016,2018,2022,,
464183,M-MUK,medium,Temanggung,B16,3,purging,103,1883,2958,2965,2025,2035,2931,1885,2016,2018,2022,,
465183,M-MUK,medium,Temanggung,B16,3,purging,104,1883,2956,2961,2024,2034,2934,1884,2016,2018,2022,,
466183,M-MUK,medium,Temanggung,B16,3,purging,105,1883,2960,2961,2024,2035,2937,1884,2016,2018,2022,,
467183,M-MUK,medium,Temanggung,B16,3,purging,106,1883,2956,2961,2024,2034,2934,1884,2016,2019,2022,,
468184,M-MUK,medium,Temanggung,B16,3,purging,107,1883,2959,2960,2023,2034,2936,1884,2017,2019,2022,,
469183,M-MUK,medium,Temanggung,B16,3,purging,108,1883,2957,2961,2024,2034,2936,1884,2016,2018,2022,,
470183,M-MUK,medium,Temanggung,B16,3,purging,109,1883,2956,2962,2024,2034,2932,1884,2016,2018,2022,,
471183,M-MUK,medium,Temanggung,B16,3,purging,110,1883,2961,2963,2024,2034,2935,1884,2017,2018,2022,,
472183,M-MUK,medium,Temanggung,B16,3,purging,111,1883,2957,2963,2023,2034,2933,1884,2017,2018,2022,,
473183,M-MUK,medium,Temanggung,B16,3,purging,112,1883,2960,2967,2024,2035,2933,1884,2017,2018,2022,,
474183,M-MUK,medium,Temanggung,B16,3,purging,113,1883,2956,2965,2024,2035,2933,1884,2017,2018,2022,,
475184,M-MUK,medium,Temanggung,B16,3,purging,114,1883,2959,2962,2024,2035,2933,1884,2017,2018,2022,,
476183,M-MUK,medium,Temanggung,B16,3,purging,115,1883,2956,2962,2024,2034,2933,1884,2017,2018,2022,,
477184,M-MUK,medium,Temanggung,B16,3,purging,116,1883,2959,2962,2024,2035,2934,1884,2016,2018,2022,,
478183,M-MUK,medium,Temanggung,B16,3,purging,117,1883,2958,2963,2024,2034,2933,1884,2016,2018,2022,,
479183,M-MUK,medium,Temanggung,B16,3,purging,118,1882,2956,2962,2024,2034,2936,1884,2016,2018,2022,,
480183,M-MUK,medium,Temanggung,B16,3,purging,119,1883,2955,2961,2024,2034,2934,1884,2016,2018,2022,,
481183,M-MUK,medium,Temanggung,B16,3,purging,120,1883,2957,2964,2024,2034,2932,1884,2017,2018,2022,,
482186,M-MUK,medium,Temanggung,B16,3,collecting,1,1883,2957,2958,2023,2034,2934,1884,2015,2018,2022,,
483183,M-MUK,medium,Temanggung,B16,3,collecting,2,1882,2960,2964,2024,2034,2932,1884,2016,2018,2022,,
484184,M-MUK,medium,Temanggung,B16,3,collecting,3,1882,2958,2961,2023,2035,2937,1884,2016,2018,2022,,
485183,M-MUK,medium,Temanggung,B16,3,collecting,4,1883,2960,2962,2024,2034,2933,1884,2016,2018,2022,,
486183,M-MUK,medium,Temanggung,B16,3,collecting,5,1883,2960,2962,2024,2034,2932,1884,2016,2018,2022,,
487183,M-MUK,medium,Temanggung,B16,3,collecting,6,1882,2961,2962,2025,2034,2934,1884,2016,2018,2022,,
488183,M-MUK,medium,Temanggung,B16,3,collecting,7,1883,2956,2967,2024,2034,2934,1884,2016,2018,2022,,
489183,M-MUK,medium,Temanggung,B16,3,collecting,8,1883,2957,2964,2024,2034,2934,1884,2016,2018,2022,,
490183,M-MUK,medium,Temanggung,B16,3,collecting,9,1883,2960,2959,2023,2035,2931,1884,2016,2018,2022,,
491184,M-MUK,medium,Temanggung,B16,3,collecting,10,1882,2956,2967,2024,2035,2936,1884,2016,2018,2022,,
492183,M-MUK,medium,Temanggung,B16,3,collecting,11,1883,2958,2960,2024,2035,2932,1884,2016,2018,2022,,
493184,M-MUK,medium,Temanggung,B16,3,collecting,12,1883,2957,2964,2024,2034,2937,1884,2016,2018,2022,,
494183,M-MUK,medium,Temanggung,B16,3,collecting,13,1883,2961,2963,2024,2035,2936,1884,2016,2018,2022,,
495183,M-MUK,medium,Temanggung,B16,3,collecting,14,1883,2962,2966,2024,2035,2933,1884,2016,2018,2022,,
496183,M-MUK,medium,Temanggung,B16,3,collecting,15,1882,2961,2962,2024,2035,2936,1884,2016,2018,2022,,
497183,M-MUK,medium,Temanggung,B16,3,collecting,16,1883,2959,2962,2024,2034,2932,1884,2016,2018,2022,,
498183,M-MUK,medium,Temanggung,B16,3,collecting,17,1883,2962,2964,2023,2035,2934,1884,2015,2018,2022,,
499183,M-MUK,medium,Temanggung,B16,3,collecting,18,1883,2957,2964,2023,2035,2933,1884,2015,2017,2022,,
500184,M-MUK,medium,Temanggung,B16,3,collecting,19,1882,2959,2961,2023,2035,2936,1884,2015,2017,2022,,
501183,M-MUK,medium,Temanggung,B16,3,collecting,20,1882,2959,2962,2023,2036,2931,1884,2015,2017,2022,,
502183,M-MUK,medium,Temanggung,B16,3,collecting,21,1882,2960,2961,2024,2035,2934,1884,2016,2018,2022,,
503183,M-MUK,medium,Temanggung,B16,3,collecting,22,1882,2960,2962,2023,2035,2936,1884,2015,2018,2022,,
504183,M-MUK,medium,Temanggung,B16,3,collecting,23,1883,2957,2965,2024,2035,2932,1884,2015,2018,2022,,
505183,M-MUK,medium,Temanggung,B16,3,collecting,24,1882,2957,2966,2023,2035,2934,1884,2015,2017,2022,,
506183,M-MUK,medium,Temanggung,B16,3,collecting,25,1883,2961,2965,2023,2035,2937,1883,2015,2018,2022,,
507184,M-MUK,medium,Temanggung,B16,3,collecting,26,1882,2959,2965,2024,2035,2932,1885,2015,2017,2022,,
508183,M-MUK,medium,Temanggung,B16,3,collecting,27,1882,2959,2961,2023,2035,2933,1884,2015,2017,2022,,
509184,M-MUK,medium,Temanggung,B16,3,collecting,28,1882,2956,2962,2023,2035,2936,1884,2015,2018,2022,,
510183,M-MUK,medium,Temanggung,B16,3,collecting,29,1882,2961,2961,2023,2035,2933,1884,2015,2018,2022,,
511183,M-MUK,medium,Temanggung,B16,3,collecting,30,1882,2960,2963,2023,2035,2937,1884,2015,2017,2022,,
512183,M-MUK,medium,Temanggung,B16,3,collecting,31,1883,2957,2966,2023,2035,2934,1884,2015,2018,2022,,
513183,M-MUK,medium,Temanggung,B16,3,collecting,32,1882,2958,2960,2023,2035,2932,1884,2015,2017,2022,,
514183,M-MUK,medium,Temanggung,B16,3,collecting,33,1882,2955,2963,2023,2035,2933,1884,2016,2018,2022,,
515183,M-MUK,medium,Temanggung,B16,3,collecting,34,1882,2962,2966,2023,2035,2934,1884,2015,2017,2022,,
516184,M-MUK,medium,Temanggung,B16,3,collecting,35,1882,2960,2962,2023,2034,2936,1884,2015,2018,2022,,
517183,M-MUK,medium,Temanggung,B16,3,collecting,36,1882,2961,2964,2023,2035,2931,1884,2016,2018,2022,,
518183,M-MUK,medium,Temanggung,B16,3,collecting,37,1882,2959,2961,2024,2035,2937,1885,2015,2018,2022,,
519183,M-MUK,medium,Temanggung,B16,3,collecting,38,1882,2958,2967,2023,2034,2937,1883,2016,2017,2022,,
520183,M-MUK,medium,Temanggung,B16,3,collecting,39,1882,2960,2963,2023,2034,2932,1884,2016,2017,2022,,
521183,M-MUK,medium,Temanggung,B16,3,collecting,40,1883,2958,2960,2023,2034,2934,1884,2015,2017,2022,,
522183,M-MUK,medium,Temanggung,B16,3,collecting,41,1882,2960,2959,2023,2034,2937,1883,2016,2018,2022,,
523184,M-MUK,medium,Temanggung,B16,3,collecting,42,1883,2960,2960,2024,2034,2934,1883,2016,2017,2022,,
524183,M-MUK,medium,Temanggung,B16,3,collecting,43,1882,2956,2960,2023,2033,2934,1884,2016,2017,2022,,
525184,M-MUK,medium,Temanggung,B16,3,collecting,44,1882,2958,2961,2023,2034,2934,1884,2016,2017,2022,,
526183,M-MUK,medium,Temanggung,B16,3,collecting,45,1883,2959,2965,2023,2034,2934,1884,2016,2018,2022,,
527183,M-MUK,medium,Temanggung,B16,3,collecting,46,1883,2959,2966,2023,2033,2936,1884,2015,2017,2022,,
528183,M-MUK,medium,Temanggung,B16,3,collecting,47,1883,2959,2960,2023,2034,2934,1884,2016,2017,2022,,
529183,M-MUK,medium,Temanggung,B16,3,collecting,48,1883,2955,2966,2023,2034,2932,1884,2016,2017,2022,,
530183,M-MUK,medium,Temanggung,B16,3,collecting,49,1883,2955,2964,2023,2034,2933,1884,2016,2017,2022,,
531183,M-MUK,medium,Temanggung,B16,3,collecting,50,1882,2958,2963,2023,2035,2932,1884,2016,2018,2022,,
532184,M-MUK,medium,Temanggung,B16,3,collecting,51,1883,2959,2960,2023,2035,2934,1884,2015,2017,2022,,
533183,M-MUK,medium,Temanggung,B16,3,collecting,52,1882,2960,2966,2022,2034,2933,1884,2015,2018,2022,,
534183,M-MUK,medium,Temanggung,B16,3,collecting,53,1882,2960,2961,2023,2034,2934,1884,2015,2017,2022,,
535183,M-MUK,medium,Temanggung,B16,3,collecting,54,1882,2957,2964,2023,2034,2936,1884,2015,2017,2022,,
536183,M-MUK,medium,Temanggung,B16,3,collecting,55,1882,2957,2964,2023,2034,2932,1884,2015,2017,2022,,
537183,M-MUK,medium,Temanggung,B16,3,collecting,56,1882,2961,2962,2023,2034,2933,1884,2015,2017,2022,,
538183,M-MUK,medium,Temanggung,B16,3,collecting,57,1882,2959,2966,2023,2034,2933,1883,2016,2017,2022,,
539184,M-MUK,medium,Temanggung,B16,3,collecting,58,1882,2961,2961,2023,2034,2933,1884,2016,2017,2022,,
540183,M-MUK,medium,Temanggung,B16,3,collecting,59,1883,2959,2966,2023,2033,2933,1884,2016,2017,2022,,
541184,M-MUK,medium,Temanggung,B16,3,collecting,60,1882,2959,2963,2023,2034,2936,1884,2015,2017,2021,,
542186,M-MUK,medium,Temanggung,B16,4,purging,1,1882,2959,2964,2023,2034,2934,1884,2016,2017,2022,,
543182,M-MUK,medium,Temanggung,B16,4,purging,2,1882,2956,2961,2023,2034,2934,1884,2015,2017,2021,,
544182,M-MUK,medium,Temanggung,B16,4,purging,3,1882,2954,2965,2023,2035,2932,1884,2015,2017,2021,,
545182,M-MUK,medium,Temanggung,B16,4,purging,4,1882,2955,2965,2023,2034,2937,1883,2015,2017,2021,,
546182,M-MUK,medium,Temanggung,B16,4,purging,5,1882,2956,2964,2023,2034,2933,1884,2015,2017,2021,,
547183,M-MUK,medium,Temanggung,B16,4,purging,6,1882,2957,2962,2023,2034,2937,1884,2015,2017,2022,,
548183,M-MUK,medium,Temanggung,B16,4,purging,7,1882,2956,2960,2023,2033,2933,1884,2016,2017,2022,,
549182,M-MUK,medium,Temanggung,B16,4,purging,8,1882,2957,2960,2023,2033,2933,1883,2016,2017,2022,,
550182,M-MUK,medium,Temanggung,B16,4,purging,9,1882,2959,2962,2023,2033,2937,1883,2016,2017,2022,,
551183,M-MUK,medium,Temanggung,B16,4,purging,10,1883,2956,2965,2023,2034,2933,1883,2016,2017,2021,,
552183,M-MUK,medium,Temanggung,B16,4,purging,11,1882,2959,2960,2023,2033,2936,1884,2015,2017,2021,,
553183,M-MUK,medium,Temanggung,B16,4,purging,12,1882,2958,2964,2023,2034,2933,1883,2015,2017,2022,,
554183,M-MUK,medium,Temanggung,B16,4,purging,13,1882,2956,2962,2023,2034,2933,1883,2015,2017,2022,,
555184,M-MUK,medium,Temanggung,B16,4,purging,14,1882,2956,2964,2023,2034,2933,1884,2015,2017,2021,,
556183,M-MUK,medium,Temanggung,B16,4,purging,15,1882,2956,2963,2022,2034,2934,1883,2014,2017,2021,,
557184,M-MUK,medium,Temanggung,B16,4,purging,16,1882,2957,2960,2023,2034,2933,1884,2014,2017,2022,,
558183,M-MUK,medium,Temanggung,B16,4,purging,17,1882,2960,2962,2023,2034,2934,1883,2015,2017,2022,,
559183,M-MUK,medium,Temanggung,B16,4,purging,18,1882,2956,2963,2023,2033,2934,1883,2015,2017,2021,,
560183,M-MUK,medium,Temanggung,B16,4,purging,19,1882,2961,2964,2023,2033,2935,1883,2015,2017,2022,,
561183,M-MUK,medium,Temanggung,B16,4,purging,20,1882,2957,2965,2023,2033,2933,1884,2015,2017,2021,,
562183,M-MUK,medium,Temanggung,B16,4,purging,21,1882,2959,2964,2023,2033,2936,1883,2016,2017,2021,,
563183,M-MUK,medium,Temanggung,B16,4,purging,22,1882,2958,2963,2023,2034,2934,1883,2015,2017,2021,,
564184,M-MUK,medium,Temanggung,B16,4,purging,23,1882,2956,2966,2022,2034,2936,1883,2015,2017,2021,,
565183,M-MUK,medium,Temanggung,B16,4,purging,24,1882,2956,2962,2022,2034,2934,1884,2015,2017,2022,,
566183,M-MUK,medium,Temanggung,B16,4,purging,25,1882,2959,2964,2023,2034,2935,1884,2014,2017,2021,,
567183,M-MUK,medium,Temanggung,B16,4,purging,26,1882,2958,2965,2023,2034,2933,1884,2015,2017,2021,,
568183,M-MUK,medium,Temanggung,B16,4,purging,27,1882,2956,2960,2023,2034,2935,1884,2015,2017,2021,,
569183,M-MUK,medium,Temanggung,B16,4,purging,28,1882,2959,2960,2023,2033,2936,1883,2014,2017,2021,,
570183,M-MUK,medium,Temanggung,B16,4,purging,29,1882,2959,2960,2023,2033,2936,1883,2015,2017,2022,,
571184,M-MUK,medium,Temanggung,B16,4,purging,30,1882,2958,2960,2023,2033,2937,1883,2016,2017,2021,,
572183,M-MUK,medium,Temanggung,B16,4,purging,31,1882,2954,2964,2023,2033,2933,1883,2015,2017,2022,,
573184,M-MUK,medium,Temanggung,B16,4,purging,32,1882,2955,2964,2023,2033,2933,1884,2015,2017,2022,,
574183,M-MUK,medium,Temanggung,B16,4,purging,33,1882,2954,2961,2023,2034,2933,1883,2015,2017,2021,,
575183,M-MUK,medium,Temanggung,B16,4,purging,34,1882,2958,2964,2022,2034,2937,1883,2015,2017,2021,,
576183,M-MUK,medium,Temanggung,B16,4,purging,35,1882,2958,2966,2022,2034,2933,1883,2014,2017,2021,,
577183,M-MUK,medium,Temanggung,B16,4,purging,36,1882,2955,2960,2022,2034,2934,1884,2014,2017,2021,,
578183,M-MUK,medium,Temanggung,B16,4,purging,37,1882,2958,2960,2023,2034,2933,1884,2015,2017,2021,,
579183,M-MUK,medium,Temanggung,B16,4,purging,38,1882,2959,2958,2023,2034,2934,1884,2015,2017,2022,,
580184,M-MUK,medium,Temanggung,B16,4,purging,39,1882,2958,2960,2023,2033,2933,1883,2015,2017,2021,,
581183,M-MUK,medium,Temanggung,B16,4,purging,40,1882,2960,2960,2023,2033,2931,1883,2015,2017,2022,,
582183,M-MUK,medium,Temanggung,B16,4,purging,41,1882,2954,2964,2023,2033,2936,1883,2015,2016,2021,,
583183,M-MUK,medium,Temanggung,B16,4,purging,42,1882,2958,2961,2023,2033,2934,1884,2015,2016,2021,,
584183,M-MUK,medium,Temanggung,B16,4,purging,43,1882,2954,2961,2023,2033,2933,1883,2015,2017,2021,,
585183,M-MUK,medium,Temanggung,B16,4,purging,44,1882,2959,2963,2023,2034,2936,1883,2015,2017,2021,,
586183,M-MUK,medium,Temanggung,B16,4,purging,45,1882,2958,2960,2022,2035,2932,1883,2015,2017,2021,,
587184,M-MUK,medium,Temanggung,B16,4,purging,46,1882,2956,2962,2022,2034,2933,1883,2014,2017,2021,,
588183,M-MUK,medium,Temanggung,B16,4,purging,47,1882,2960,2965,2023,2034,2934,1884,2015,2017,2021,,
589184,M-MUK,medium,Temanggung,B16,4,purging,48,1882,2959,2965,2022,2034,2933,1883,2015,2017,2022,,
590183,M-MUK,medium,Temanggung,B16,4,purging,49,1882,2956,2962,2023,2034,2937,1883,2014,2017,2021,,
591183,M-MUK,medium,Temanggung,B16,4,purging,50,1882,2958,2962,2023,2033,2935,1883,2014,2017,2021,,
592183,M-MUK,medium,Temanggung,B16,4,purging,51,1882,2959,2960,2023,2033,2933,1883,2014,2017,2021,,
593183,M-MUK,medium,Temanggung,B16,4,purging,52,1882,2956,2960,2023,2033,2933,1883,2015,2017,2021,,
594183,M-MUK,medium,Temanggung,B16,4,purging,53,1882,2958,2963,2023,2033,2933,1883,2015,2017,2021,,
595183,M-MUK,medium,Temanggung,B16,4,purging,54,1882,2959,2962,2023,2033,2934,1883,2015,2016,2021,,
596184,M-MUK,medium,Temanggung,B16,4,purging,55,1882,2955,2964,2023,2033,2937,1883,2015,2016,2021,,
597183,M-MUK,medium,Temanggung,B16,4,purging,56,1882,2958,2962,2022,2034,2933,1883,2015,2016,2021,,
598183,M-MUK,medium,Temanggung,B16,4,purging,57,1882,2956,2961,2023,2034,2934,1883,2015,2017,2021,,
599183,M-MUK,medium,Temanggung,B16,4,purging,58,1882,2959,2961,2022,2034,2934,1884,2014,2016,2021,,
600183,M-MUK,medium,Temanggung,B16,4,purging,59,1882,2958,2962,2022,2034,2933,1883,2014,2017,2021,,
601183,M-MUK,medium,Temanggung,B16,4,purging,60,1881,2958,2964,2023,2034,2934,1884,2014,2017,2021,,
602183,M-MUK,medium,Temanggung,B16,4,purging,61,1882,2957,2961,2023,2034,2937,1883,2014,2017,2021,,
603184,M-MUK,medium,Temanggung,B16,4,purging,62,1881,2956,2959,2023,2033,2934,1884,2014,2017,2021,,
604183,M-MUK,medium,Temanggung,B16,4,purging,63,1882,2958,2965,2023,2033,2937,1883,2014,2017,2021,,
605184,M-MUK,medium,Temanggung,B16,4,purging,64,1882,2955,2961,2023,2033,2933,1883,2015,2017,2021,,
606183,M-MUK,medium,Temanggung,B16,4,purging,65,1882,2958,2959,2022,2033,2934,1882,2015,2016,2021,,
607183,M-MUK,medium,Temanggung,B16,4,purging,66,1882,2958,2961,2023,2033,2934,1883,2015,2016,2021,,
608183,M-MUK,medium,Temanggung,B16,4,purging,67,1882,2959,2961,2022,2033,2937,1883,2015,2016,2021,,
609183,M-MUK,medium,Temanggung,B16,4,purging,68,1882,2954,2959,2023,2033,2936,1883,2015,2016,2021,,
610183,M-MUK,medium,Temanggung,B16,4,purging,69,1882,2959,2964,2023,2033,2934,1883,2014,2016,2021,,
611183,M-MUK,medium,Temanggung,B16,4,purging,70,1881,2954,2964,2022,2034,2934,1883,2015,2016,2021,,
612184,M-MUK,medium,Temanggung,B16,4,purging,71,1882,2959,2960,2021,2034,2937,1883,2014,2017,2021,,
613183,M-MUK,medium,Temanggung,B16,4,purging,72,1881,2959,2963,2021,2034,2934,1883,2014,2017,2021,,
614183,M-MUK,medium,Temanggung,B16,4,purging,73,1882,2960,2964,2023,2034,2934,1883,2014,2017,2021,,
615183,M-MUK,medium,Temanggung,B16,4,purging,74,1882,2956,2960,2021,2034,2933,1883,2014,2017,2021,,
616183,M-MUK,medium,Temanggung,B16,4,purging,75,1882,2958,2960,2023,2034,2934,1883,2014,2017,2021,,
617183,M-MUK,medium,Temanggung,B16,4,purging,76,1881,2960,2960,2022,2034,2933,1883,2014,2017,2021,,
618183,M-MUK,medium,Temanggung,B16,4,purging,77,1881,2958,2962,2022,2033,2936,1883,2014,2016,2021,,
619184,M-MUK,medium,Temanggung,B16,4,purging,78,1882,2956,2958,2022,2033,2931,1883,2015,2016,2021,,
620183,M-MUK,medium,Temanggung,B16,4,purging,79,1882,2954,2963,2022,2033,2936,1883,2015,2017,2021,,
621184,M-MUK,medium,Temanggung,B16,4,purging,80,1882,2955,2960,2022,2032,2937,1883,2015,2016,2021,,
622183,M-MUK,medium,Temanggung,B16,4,purging,81,1882,2955,2965,2023,2033,2937,1883,2015,2016,2021,,
623183,M-MUK,medium,Temanggung,B16,4,purging,82,1882,2957,2961,2022,2033,2934,1883,2015,2016,2021,,
624183,M-MUK,medium,Temanggung,B16,4,purging,83,1881,2959,2964,2022,2033,2932,1883,2015,2016,2021,,
625183,M-MUK,medium,Temanggung,B16,4,purging,84,1882,2956,2960,2022,2032,2933,1883,2015,2016,2021,,
626183,M-MUK,medium,Temanggung,B16,4,purging,85,1882,2956,2962,2023,2033,2937,1883,2015,2017,2021,,
627183,M-MUK,medium,Temanggung,B16,4,purging,86,1882,2953,2960,2022,2033,2937,1883,2015,2016,2021,,
628184,M-MUK,medium,Temanggung,B16,4,purging,87,1882,2959,2961,2022,2034,2935,1883,2014,2016,2021,,
629183,M-MUK,medium,Temanggung,B16,4,purging,88,1881,2959,2960,2022,2033,2933,1883,2014,2016,2021,,
630183,M-MUK,medium,Temanggung,B16,4,purging,89,1882,2955,2966,2022,2033,2932,1883,2014,2016,2021,,
631183,M-MUK,medium,Temanggung,B16,4,purging,90,1881,2955,2960,2022,2034,2937,1883,2014,2017,2020,,
632183,M-MUK,medium,Temanggung,B16,4,purging,91,1881,2958,2960,2022,2033,2933,1883,2014,2017,2021,,
633183,M-MUK,medium,Temanggung,B16,4,purging,92,1881,2955,2960,2022,2034,2933,1883,2014,2016,2021,,
634183,M-MUK,medium,Temanggung,B16,4,purging,93,1881,2958,2960,2022,2034,2934,1883,2014,2016,2021,,
635184,M-MUK,medium,Temanggung,B16,4,purging,94,1881,2956,2963,2022,2033,2937,1883,2014,2016,2021,,
636183,M-MUK,medium,Temanggung,B16,4,purging,95,1881,2956,2960,2023,2033,2932,1883,2014,2017,2021,,
637184,M-MUK,medium,Temanggung,B16,4,purging,96,1882,2958,2960,2022,2033,2932,1883,2015,2016,2021,,
638183,M-MUK,medium,Temanggung,B16,4,purging,97,1881,2955,2961,2022,2033,2933,1882,2014,2016,2021,,
639183,M-MUK,medium,Temanggung,B16,4,purging,98,1881,2954,2965,2022,2033,2937,1883,2015,2016,2021,,
640183,M-MUK,medium,Temanggung,B16,4,purging,99,1881,2956,2960,2022,2033,2933,1883,2015,2016,2021,,
641183,M-MUK,medium,Temanggung,B16,4,purging,100,1882,2959,2960,2022,2033,2933,1883,2015,2016,2021,,
642183,M-MUK,medium,Temanggung,B16,4,purging,101,1881,2958,2960,2022,2033,2931,1882,2015,2016,2021,,
643183,M-MUK,medium,Temanggung,B16,4,purging,102,1882,2958,2963,2022,2033,2936,1883,2015,2016,2021,,
644184,M-MUK,medium,Temanggung,B16,4,purging,103,1882,2954,2960,2022,2033,2934,1883,2014,2016,2021,,
645183,M-MUK,medium,Temanggung,B16,4,purging,104,1881,2955,2963,2022,2033,2934,1883,2015,2016,2021,,
646183,M-MUK,medium,Temanggung,B16,4,purging,105,1882,2958,2964,2022,2033,2933,1883,2015,2016,2021,,
647183,M-MUK,medium,Temanggung,B16,4,purging,106,1882,2954,2961,2023,2033,2933,1883,2014,2016,2021,,
648183,M-MUK,medium,Temanggung,B16,4,purging,107,1882,2959,2963,2022,2034,2934,1883,2014,2016,2021,,
649183,M-MUK,medium,Temanggung,B16,4,purging,108,1882,2954,2963,2022,2034,2933,1883,2014,2016,2021,,
650183,M-MUK,medium,Temanggung,B16,4,purging,109,1881,2955,2960,2022,2034,2933,1883,2014,2016,2021,,
651184,M-MUK,medium,Temanggung,B16,4,purging,110,1881,2955,2960,2022,2033,2932,1883,2014,2017,2021,,
652183,M-MUK,medium,Temanggung,B16,4,purging,111,1881,2958,2964,2022,2033,2933,1883,2014,2016,2021,,
653184,M-MUK,medium,Temanggung,B16,4,purging,112,1881,2959,2963,2022,2034,2937,1883,2014,2016,2021,,
654183,M-MUK,medium,Temanggung,B16,4,purging,113,1881,2956,2964,2022,2034,2934,1883,2014,2017,2021,,
655183,M-MUK,medium,Temanggung,B16,4,purging,114,1882,2954,2960,2022,2033,2937,1883,2014,2017,2020,,
656183,M-MUK,medium,Temanggung,B16,4,purging,115,1881,2956,2960,2023,2034,2934,1883,2014,2016,2021,,
657183,M-MUK,medium,Temanggung,B16,4,purging,116,1882,2958,2960,2022,2034,2932,1883,2014,2017,2021,,
658183,M-MUK,medium,Temanggung,B16,4,purging,117,1881,2955,2960,2022,2034,2932,1883,2014,2016,2021,,
659183,M-MUK,medium,Temanggung,B16,4,purging,118,1881,2956,2963,2022,2033,2936,1883,2014,2016,2020,,
660184,M-MUK,medium,Temanggung,B16,4,purging,119,1881,2960,2962,2023,2033,2933,1883,2014,2016,2021,,
661183,M-MUK,medium,Temanggung,B16,4,purging,120,1881,2958,2963,2022,2033,2934,1883,2014,2016,2021,,
662187,M-MUK,medium,Temanggung,B16,4,collecting,1,1882,2955,2962,2022,2034,2933,1883,2014,2016,2021,,
663183,M-MUK,medium,Temanggung,B16,4,collecting,2,1881,2959,2959,2021,2034,2933,1883,2014,2016,2021,,
664183,M-MUK,medium,Temanggung,B16,4,collecting,3,1881,2956,2963,2022,2033,2932,1883,2014,2016,2021,,
665183,M-MUK,medium,Temanggung,B16,4,collecting,4,1881,2955,2963,2023,2033,2934,1883,2014,2016,2021,,
666183,M-MUK,medium,Temanggung,B16,4,collecting,5,1881,2957,2960,2023,2033,2932,1883,2014,2016,2021,,
667184,M-MUK,medium,Temanggung,B16,4,collecting,6,1881,2958,2959,2023,2034,2933,1883,2014,2016,2021,,
668183,M-MUK,medium,Temanggung,B16,4,collecting,7,1881,2958,2960,2022,2033,2931,1883,2014,2016,2021,,
669184,M-MUK,medium,Temanggung,B16,4,collecting,8,1881,2961,2964,2022,2033,2937,1883,2014,2016,2021,,
670183,M-MUK,medium,Temanggung,B16,4,collecting,9,1881,2958,2963,2022,2034,2933,1883,2014,2016,2020,,
671183,M-MUK,medium,Temanggung,B16,4,collecting,10,1881,2959,2962,2022,2033,2931,1883,2014,2016,2021,,
672183,M-MUK,medium,Temanggung,B16,4,collecting,11,1881,2959,2961,2022,2034,2933,1883,2014,2016,2021,,
673183,M-MUK,medium,Temanggung,B16,4,collecting,12,1881,2959,2964,2021,2033,2933,1883,2014,2016,2021,,
674183,M-MUK,medium,Temanggung,B16,4,collecting,13,1881,2955,2964,2023,2034,2937,1883,2014,2016,2021,,
675183,M-MUK,medium,Temanggung,B16,4,collecting,14,1881,2958,2963,2022,2034,2936,1883,2014,2016,2021,,
676184,M-MUK,medium,Temanggung,B16,4,collecting,15,1881,2960,2963,2022,2034,2934,1883,2014,2017,2021,,
677183,M-MUK,medium,Temanggung,B16,4,collecting,16,1881,2958,2960,2021,2033,2934,1883,2014,2016,2021,,
678183,M-MUK,medium,Temanggung,B16,4,collecting,17,1881,2957,2963,2022,2033,2933,1883,2014,2016,2021,,
679183,M-MUK,medium,Temanggung,B16,4,collecting,18,1881,2958,2960,2021,2033,2934,1883,2014,2016,2021,,
680183,M-MUK,medium,Temanggung,B16,4,collecting,19,1881,2954,2963,2022,2033,2935,1883,2014,2016,2020,,
681183,M-MUK,medium,Temanggung,B16,4,collecting,20,1881,2954,2965,2022,2034,2936,1883,2014,2016,2020,,
682183,M-MUK,medium,Temanggung,B16,4,collecting,21,1881,2958,2966,2022,2034,2937,1883,2013,2016,2021,,
683184,M-MUK,medium,Temanggung,B16,4,collecting,22,1881,2958,2960,2022,2034,2933,1883,2014,2016,2021,,
684183,M-MUK,medium,Temanggung,B16,4,collecting,23,1881,2959,2962,2023,2033,2936,1883,2014,2016,2020,,
685184,M-MUK,medium,Temanggung,B16,4,collecting,24,1881,2954,2962,2021,2033,2934,1883,2013,2016,2020,,
686183,M-MUK,medium,Temanggung,B16,4,collecting,25,1881,2958,2960,2021,2034,2936,1883,2014,2016,2021,,
687183,M-MUK,medium,Temanggung,B16,4,collecting,26,1881,2954,2964,2022,2033,2935,1883,2013,2016,2020,,
688183,M-MUK,medium,Temanggung,B16,4,collecting,27,1881,2958,2960,2021,2034,2933,1883,2013,2016,2020,,
689183,M-MUK,medium,Temanggung,B16,4,collecting,28,1881,2958,2963,2022,2033,2933,1883,2014,2016,2021,,
690183,M-MUK,medium,Temanggung,B16,4,collecting,29,1881,2955,2963,2021,2034,2932,1882,2014,2016,2021,,
691183,M-MUK,medium,Temanggung,B16,4,collecting,30,1881,2955,2963,2021,2034,2937,1883,2014,2016,2020,,
692184,M-MUK,medium,Temanggung,B16,4,collecting,31,1881,2956,2962,2022,2034,2932,1883,2014,2016,2020,,
693183,M-MUK,medium,Temanggung,B16,4,collecting,32,1881,2954,2963,2022,2034,2934,1883,2014,2016,2020,,
694183,M-MUK,medium,Temanggung,B16,4,collecting,33,1881,2954,2958,2021,2033,2931,1883,2014,2016,2021,,
695183,M-MUK,medium,Temanggung,B16,4,collecting,34,1881,2959,2962,2021,2033,2933,1882,2014,2016,2020,,
696183,M-MUK,medium,Temanggung,B16,4,collecting,35,1881,2954,2960,2021,2034,2934,1883,2014,2016,2020,,
697183,M-MUK,medium,Temanggung,B16,4,collecting,36,1882,2955,2964,2021,2033,2933,1882,2014,2016,2020,,
698183,M-MUK,medium,Temanggung,B16,4,collecting,37,1881,2954,2964,2021,2033,2936,1882,2014,2016,2020,,
699184,M-MUK,medium,Temanggung,B16,4,collecting,38,1881,2954,2960,2021,2034,2933,1883,2014,2016,2021,,
700183,M-MUK,medium,Temanggung,B16,4,collecting,39,1881,2959,2959,2021,2033,2933,1883,2014,2016,2021,,
701184,M-MUK,medium,Temanggung,B16,4,collecting,40,1881,2959,2960,2021,2033,2932,1882,2014,2016,2020,,
702183,M-MUK,medium,Temanggung,B16,4,collecting,41,1881,2954,2965,2021,2033,2934,1883,2014,2016,2020,,
703183,M-MUK,medium,Temanggung,B16,4,collecting,42,1881,2957,2960,2022,2033,2933,1883,2014,2016,2020,,
704183,M-MUK,medium,Temanggung,B16,4,collecting,43,1881,2954,2961,2021,2034,2934,1882,2014,2016,2021,,
705183,M-MUK,medium,Temanggung,B16,4,collecting,44,1881,2955,2959,2021,2033,2933,1883,2014,2016,2020,,
706183,M-MUK,medium,Temanggung,B16,4,collecting,45,1881,2954,2963,2022,2033,2936,1882,2014,2016,2020,,
707183,M-MUK,medium,Temanggung,B16,4,collecting,46,1881,2956,2962,2021,2034,2937,1883,2014,2015,2021,,
708184,M-MUK,medium,Temanggung,B16,4,collecting,47,1881,2957,2961,2021,2033,2934,1882,2014,2016,2020,,
709183,M-MUK,medium,Temanggung,B16,4,collecting,48,1881,2959,2961,2021,2033,2933,1882,2014,2015,2021,,
710183,M-MUK,medium,Temanggung,B16,4,collecting,49,1881,2957,2962,2022,2033,2936,1882,2014,2016,2020,,
711183,M-MUK,medium,Temanggung,B16,4,collecting,50,1881,2957,2963,2022,2033,2934,1882,2014,2015,2020,,
712183,M-MUK,medium,Temanggung,B16,4,collecting,51,1881,2959,2959,2021,2033,2933,1882,2014,2015,2020,,
713183,M-MUK,medium,Temanggung,B16,4,collecting,52,1881,2954,2964,2022,2033,2932,1882,2014,2015,2020,,
714183,M-MUK,medium,Temanggung,B16,4,collecting,53,1881,2955,2961,2022,2033,2936,1882,2014,2016,2020,,
715184,M-MUK,medium,Temanggung,B16,4,collecting,54,1881,2957,2963,2021,2033,2936,1883,2014,2016,2020,,
716183,M-MUK,medium,Temanggung,B16,4,collecting,55,1881,2957,2962,2022,2033,2937,1882,2014,2016,2020,,
717184,M-MUK,medium,Temanggung,B16,4,collecting,56,1881,2955,2960,2021,2033,2936,1883,2014,2016,2020,,
718183,M-MUK,medium,Temanggung,B16,4,collecting,57,1881,2956,2963,2021,2033,2936,1882,2014,2016,2020,,
719183,M-MUK,medium,Temanggung,B16,4,collecting,58,1881,2954,2963,2021,2033,2936,1882,2015,2016,2020,,
720183,M-MUK,medium,Temanggung,B16,4,collecting,59,1881,2958,2964,2022,2033,2937,1882,2014,2015,2020,,
721183,M-MUK,medium,Temanggung,B16,4,collecting,60,1881,2954,2963,2021,2033,2937,1882,2014,2016,2020,,
722186,M-MUK,medium,Temanggung,B16,5,purging,1,1880,2955,2964,2021,2033,2936,1882,2014,2015,2020,,
723182,M-MUK,medium,Temanggung,B16,5,purging,2,1881,2954,2960,2021,2034,2931,1882,2014,2015,2020,,
724183,M-MUK,medium,Temanggung,B16,5,purging,3,1881,2958,2962,2021,2033,2933,1883,2014,2016,2020,,
725183,M-MUK,medium,Temanggung,B16,5,purging,4,1881,2954,2963,2021,2033,2936,1883,2014,2015,2020,,
726182,M-MUK,medium,Temanggung,B16,5,purging,5,1881,2954,2962,2021,2033,2932,1883,2013,2016,2020,,
727182,M-MUK,medium,Temanggung,B16,5,purging,6,1881,2957,2959,2021,2033,2933,1883,2014,2016,2020,,
728182,M-MUK,medium,Temanggung,B16,5,purging,7,1881,2958,2960,2021,2033,2936,1883,2013,2016,2020,,
729183,M-MUK,medium,Temanggung,B16,5,purging,8,1881,2959,2963,2021,2033,2934,1883,2013,2015,2020,,
730182,M-MUK,medium,Temanggung,B16,5,purging,9,1880,2954,2964,2021,2033,2933,1883,2013,2016,2020,,
731184,M-MUK,medium,Temanggung,B16,5,purging,10,1880,2957,2960,2021,2033,2937,1882,2013,2016,2020,,
732183,M-MUK,medium,Temanggung,B16,5,purging,11,1880,2957,2960,2023,2033,2932,1882,2013,2016,2020,,
733184,M-MUK,medium,Temanggung,B16,5,purging,12,1881,2958,2960,2022,2033,2937,1883,2014,2016,2020,,
734183,M-MUK,medium,Temanggung,B16,5,purging,13,1881,2954,2963,2021,2033,2933,1882,2013,2016,2020,,
735183,M-MUK,medium,Temanggung,B16,5,purging,14,1881,2955,2962,2021,2033,2936,1882,2013,2016,2020,,
736183,M-MUK,medium,Temanggung,B16,5,purging,15,1881,2958,2962,2021,2033,2934,1882,2013,2016,2020,,
737183,M-MUK,medium,Temanggung,B16,5,purging,16,1881,2958,2962,2021,2033,2933,1882,2014,2015,2020,,
738183,M-MUK,medium,Temanggung,B16,5,purging,17,1880,2954,2963,2022,2032,2931,1883,2013,2015,2020,,
739183,M-MUK,medium,Temanggung,B16,5,purging,18,1881,2955,2963,2022,2032,2933,1883,2013,2016,2020,,
740184,M-MUK,medium,Temanggung,B16,5,purging,19,1881,2959,2960,2022,2032,2932,1882,2013,2015,2020,,
741183,M-MUK,medium,Temanggung,B16,5,purging,20,1881,2955,2960,2022,2032,2933,1882,2013,2016,2020,,
742183,M-MUK,medium,Temanggung,B16,5,purging,21,1881,2954,2963,2022,2032,2933,1882,2014,2015,2020,,
743183,M-MUK,medium,Temanggung,B16,5,purging,22,1881,2957,2961,2022,2032,2933,1882,2014,2015,2020,,
744183,M-MUK,medium,Temanggung,B16,5,purging,23,1881,2956,2963,2022,2032,2936,1882,2014,2015,2020,,
745183,M-MUK,medium,Temanggung,B16,5,purging,24,1881,2957,2963,2022,2032,2936,1882,2014,2015,2020,,
746183,M-MUK,medium,Temanggung,B16,5,purging,25,1881,2959,2960,2022,2032,2936,1882,2013,2015,2020,,
747184,M-MUK,medium,Temanggung,B16,5,purging,26,1881,2959,2964,2021,2033,2934,1882,2014,2016,2020,,
748183,M-MUK,medium,Temanggung,B16,5,purging,27,1881,2953,2961,2021,2033,2934,1882,2014,2015,2020,,
749184,M-MUK,medium,Temanggung,B16,5,purging,28,1880,2959,2963,2021,2033,2937,1883,2013,2015,2020,,
750183,M-MUK,medium,Temanggung,B16,5,purging,29,1881,2957,2963,2021,2033,2937,1883,2013,2016,2020,,
751183,M-MUK,medium,Temanggung,B16,5,purging,30,1880,2955,2958,2021,2033,2934,1883,2013,2016,2020,,
752183,M-MUK,medium,Temanggung,B16,5,purging,31,1881,2956,2960,2021,2033,2936,1883,2013,2015,2020,,
753183,M-MUK,medium,Temanggung,B16,5,purging,32,1880,2954,2961,2021,2033,2937,1882,2013,2016,2020,,
754183,M-MUK,medium,Temanggung,B16,5,purging,33,1881,2953,2962,2022,2033,2933,1883,2013,2015,2020,,
755183,M-MUK,medium,Temanggung,B16,5,purging,34,1881,2959,2958,2022,2032,2935,1882,2013,2015,2020,,
756184,M-MUK,medium,Temanggung,B16,5,purging,35,1880,2955,2963,2022,2032,2937,1882,2013,2015,2020,,
757183,M-MUK,medium,Temanggung,B16,5,purging,36,1880,2959,2960,2022,2032,2936,1882,2014,2015,2020,,
758183,M-MUK,medium,Temanggung,B16,5,purging,37,1880,2955,2963,2022,2032,2933,1882,2014,2015,2020,,
759183,M-MUK,medium,Temanggung,B16,5,purging,38,1880,2954,2961,2022,2032,2932,1882,2013,2015,2020,,
760183,M-MUK,medium,Temanggung,B16,5,purging,39,1880,2954,2960,2022,2032,2934,1882,2013,2015,2020,,
761183,M-MUK,medium,Temanggung,B16,5,purging,40,1881,2954,2959,2022,2032,2936,1882,2014,2015,2020,,
762183,M-MUK,medium,Temanggung,B16,5,purging,41,1881,2954,2959,2021,2033,2936,1882,2013,2015,2020,,
763184,M-MUK,medium,Temanggung,B16,5,purging,42,1881,2957,2960,2021,2033,2933,1883,2013,2015,2019,,
764183,M-MUK,medium,Temanggung,B16,5,purging,43,1881,2955,2960,2021,2033,2933,1883,2013,2016,2020,,
765184,M-MUK,medium,Temanggung,B16,5,purging,44,1880,2959,2962,2021,2033,2935,1883,2013,2015,2020,,
766183,M-MUK,medium,Temanggung,B16,5,purging,45,1880,2954,2960,2021,2033,2934,1882,2013,2016,2020,,
767183,M-MUK,medium,Temanggung,B16,5,purging,46,1880,2959,2961,2022,2032,2937,1882,2013,2015,2020,,
768183,M-MUK,medium,Temanggung,B16,5,purging,47,1880,2954,2961,2022,2032,2933,1883,2013,2015,2020,,
769183,M-MUK,medium,Temanggung,B16,5,purging,48,1880,2959,2963,2022,2031,2937,1882,2013,2015,2020,,
770183,M-MUK,medium,Temanggung,B16,5,purging,49,1881,2956,2960,2022,2031,2936,1882,2013,2015,2020,,
771183,M-MUK,medium,Temanggung,B16,5,purging,50,1881,2957,2960,2022,2032,2934,1881,2013,2015,2020,,
772184,M-MUK,medium,Temanggung,B16,5,purging,51,1881,2953,2960,2022,2032,2934,1882,2014,2015,2020,,
773183,M-MUK,medium,Temanggung,B16,5,purging,52,1881,2957,2962,2022,2032,2934,1882,2013,2015,2020,,
774183,M-MUK,medium,Temanggung,B16,5,purging,53,1881,2954,2963,2021,2033,2932,1882,2013,2015,2020,,
775183,M-MUK,medium,Temanggung,B16,5,purging,54,1880,2955,2961,2021,2032,2937,1882,2013,2015,2020,,
776183,M-MUK,medium,Temanggung,B16,5,purging,55,1880,2955,2959,2021,2033,2933,1882,2013,2015,2020,,
777183,M-MUK,medium,Temanggung,B16,5,purging,56,1880,2956,2961,2021,2032,2936,1882,2013,2015,2020,,
778183,M-MUK,medium,Temanggung,B16,5,purging,57,1880,2956,2964,2021,2033,2936,1882,2013,2015,2020,,
779184,M-MUK,medium,Temanggung,B16,5,purging,58,1880,2954,2959,2022,2032,2935,1882,2013,2015,2020,,
780183,M-MUK,medium,Temanggung,B16,5,purging,59,1880,2958,2960,2022,2032,2933,1882,2013,2015,2020,,
781184,M-MUK,medium,Temanggung,B16,5,purging,60,1880,2958,2960,2022,2032,2932,1882,2013,2015,2020,,
782183,M-MUK,medium,Temanggung,B16,5,purging,61,1881,2954,2960,2022,2032,2937,1882,2014,2015,2020,,
783183,M-MUK,medium,Temanggung,B16,5,purging,62,1881,2955,2961,2022,2032,2936,1882,2013,2015,2020,,
784183,M-MUK,medium,Temanggung,B16,5,purging,63,1881,2954,2963,2022,2032,2936,1882,2013,2015,2020,,
785183,M-MUK,medium,Temanggung,B16,5,purging,64,1880,2953,2961,2022,2032,2936,1882,2013,2015,2020,,
786183,M-MUK,medium,Temanggung,B16,5,purging,65,1880,2953,2960,2021,2032,2932,1882,2014,2015,2020,,
787183,M-MUK,medium,Temanggung,B16,5,purging,66,1880,2956,2960,2021,2033,2936,1883,2013,2015,2020,,
788184,M-MUK,medium,Temanggung,B16,5,purging,67,1880,2954,2960,2021,2032,2935,1882,2013,2015,2020,,
789183,M-MUK,medium,Temanggung,B16,5,purging,68,1880,2957,2962,2021,2033,2932,1882,2013,2015,2020,,
790183,M-MUK,medium,Temanggung,B16,5,purging,69,1880,2957,2963,2021,2032,2934,1882,2013,2015,2020,,
791183,M-MUK,medium,Temanggung,B16,5,purging,70,1880,2958,2960,2022,2032,2933,1882,2013,2015,2020,,
792183,M-MUK,medium,Temanggung,B16,5,purging,71,1880,2959,2958,2022,2032,2936,1882,2013,2015,2020,,
793183,M-MUK,medium,Temanggung,B16,5,purging,72,1880,2954,2960,2022,2031,2937,1882,2013,2015,2020,,
794183,M-MUK,medium,Temanggung,B16,5,purging,73,1880,2953,2962,2022,2031,2934,1881,2013,2015,2020,,
795184,M-MUK,medium,Temanggung,B16,5,purging,74,1881,2958,2958,2022,2032,2937,1882,2013,2015,2020,,
796183,M-MUK,medium,Temanggung,B16,5,purging,75,1881,2953,2958,2022,2031,2936,1882,2013,2015,2020,,
797184,M-MUK,medium,Temanggung,B16,5,purging,76,1881,2956,2962,2020,2032,2936,1882,2013,2015,2020,,
798183,M-MUK,medium,Temanggung,B16,5,purging,77,1880,2959,2959,2021,2033,2934,1882,2013,2015,2020,,
799183,M-MUK,medium,Temanggung,B16,5,purging,78,1880,2954,2963,2021,2032,2936,1882,2012,2015,2019,,
800183,M-MUK,medium,Temanggung,B16,5,purging,79,1881,2954,2959,2021,2033,2935,1882,2013,2015,2019,,
801183,M-MUK,medium,Temanggung,B16,5,purging,80,1880,2954,2962,2021,2032,2934,1882,2013,2015,2020,,
802183,M-MUK,medium,Temanggung,B16,5,purging,81,1881,2957,2958,2021,2032,2935,1882,2013,2015,2020,,
803183,M-MUK,medium,Temanggung,B16,5,purging,82,1880,2959,2959,2022,2032,2936,1882,2013,2015,2020,,
804184,M-MUK,medium,Temanggung,B16,5,purging,83,1880,2957,2960,2022,2031,2937,1882,2013,2015,2020,,
805183,M-MUK,medium,Temanggung,B16,5,purging,84,1880,2958,2960,2022,2031,2934,1882,2013,2015,2020,,
806183,M-MUK,medium,Temanggung,B16,5,purging,85,1880,2957,2963,2022,2032,2934,1882,2013,2015,2020,,
807183,M-MUK,medium,Temanggung,B16,5,purging,86,1880,2956,2961,2022,2032,2937,1881,2013,2015,2020,,
808183,M-MUK,medium,Temanggung,B16,5,purging,87,1880,2954,2961,2021,2032,2934,1882,2013,2015,2019,,
809183,M-MUK,medium,Temanggung,B16,5,purging,88,1881,2954,2960,2020,2032,2934,1882,2013,2014,2020,,
810183,M-MUK,medium,Temanggung,B16,5,purging,89,1880,2957,2961,2021,2032,2932,1882,2013,2014,2020,,
811184,M-MUK,medium,Temanggung,B16,5,purging,90,1881,2958,2962,2021,2032,2935,1882,2012,2015,2019,,
812183,M-MUK,medium,Temanggung,B16,5,purging,91,1880,2954,2960,2021,2032,2936,1882,2012,2015,2020,,
813184,M-MUK,medium,Temanggung,B16,5,purging,92,1879,2954,2960,2021,2032,2935,1882,2013,2015,2020,,
814183,M-MUK,medium,Temanggung,B16,5,purging,93,1880,2957,2958,2021,2032,2937,1882,2012,2015,2020,,
815183,M-MUK,medium,Temanggung,B16,5,purging,94,1880,2957,2958,2022,2031,2935,1882,2013,2015,2020,,
816183,M-MUK,medium,Temanggung,B16,5,purging,95,1880,2958,2957,2021,2031,2937,1881,2013,2015,2020,,
817183,M-MUK,medium,Temanggung,B16,5,purging,96,1880,2959,2962,2022,2032,2937,1881,2013,2014,2020,,
818183,M-MUK,medium,Temanggung,B16,5,purging,97,1880,2957,2962,2022,2031,2934,1881,2013,2015,2020,,
819183,M-MUK,medium,Temanggung,B16,5,purging,98,1881,2954,2961,2022,2031,2936,1881,2013,2014,2019,,
820184,M-MUK,medium,Temanggung,B16,5,purging,99,1880,2955,2958,2021,2032,2936,1881,2013,2015,2019,,
821183,M-MUK,medium,Temanggung,B16,5,purging,100,1880,2954,2963,2020,2032,2935,1882,2013,2015,2019,,
822183,M-MUK,medium,Temanggung,B16,5,purging,101,1880,2957,2960,2021,2032,2934,1882,2012,2015,2019,,
823183,M-MUK,medium,Temanggung,B16,5,purging,102,1880,2959,2962,2021,2032,2934,1882,2013,2015,2019,,
824183,M-MUK,medium,Temanggung,B16,5,purging,103,1880,2957,2961,2021,2032,2933,1882,2012,2015,2019,,
825183,M-MUK,medium,Temanggung,B16,5,purging,104,1879,2957,2960,2022,2032,2933,1882,2012,2014,2019,,
826183,M-MUK,medium,Temanggung,B16,5,purging,105,1880,2958,2960,2021,2032,2934,1881,2012,2015,2020,,
827184,M-MUK,medium,Temanggung,B16,5,purging,106,1880,2958,2960,2021,2031,2936,1882,2013,2015,2019,,
828183,M-MUK,medium,Temanggung,B16,5,purging,107,1880,2954,2960,2021,2031,2934,1881,2013,2014,2019,,
829184,M-MUK,medium,Temanggung,B16,5,purging,108,1880,2956,2961,2021,2031,2936,1881,2012,2014,2019,,
830183,M-MUK,medium,Temanggung,B16,5,purging,109,1880,2955,2959,2022,2031,2937,1881,2013,2014,2020,,
831183,M-MUK,medium,Temanggung,B16,5,purging,110,1880,2954,2962,2021,2031,2936,1881,2013,2014,2019,,
832183,M-MUK,medium,Temanggung,B16,5,purging,111,1880,2954,2962,2020,2032,2934,1881,2013,2015,2019,,
833183,M-MUK,medium,Temanggung,B16,5,purging,112,1880,2957,2961,2020,2032,2936,1882,2012,2015,2019,,
834183,M-MUK,medium,Temanggung,B16,5,purging,113,1879,2953,2958,2021,2032,2934,1882,2012,2015,2019,,
835183,M-MUK,medium,Temanggung,B16,5,purging,114,1880,2954,2958,2020,2032,2935,1882,2012,2015,2019,,
836184,M-MUK,medium,Temanggung,B16,5,purging,115,1879,2953,2960,2020,2032,2936,1881,2012,2015,2019,,
837183,M-MUK,medium,Temanggung,B16,5,purging,116,1880,2959,2958,2020,2032,2934,1881,2012,2014,2019,,
838183,M-MUK,medium,Temanggung,B16,5,purging,117,1879,2959,2957,2021,2032,2933,1881,2012,2014,2019,,
839183,M-MUK,medium,Temanggung,B16,5,purging,118,1879,2958,2958,2021,2031,2937,1881,2012,2014,2019,,
840183,M-MUK,medium,Temanggung,B16,5,purging,119,1879,2956,2962,2022,2031,2936,1881,2013,2014,2019,,
841183,M-MUK,medium,Temanggung,B16,5,purging,120,1880,2958,2961,2021,2031,2932,1881,2013,2014,2020,,
842186,M-MUK,medium,Temanggung,B16,5,collecting,1,1880,2956,2960,2021,2031,2934,1881,2012,2014,2019,,
843184,M-MUK,medium,Temanggung,B16,5,collecting,2,1880,2956,2960,2021,2031,2934,1881,2013,2014,2019,,
844183,M-MUK,medium,Temanggung,B16,5,collecting,3,1880,2952,2960,2021,2031,2934,1881,2012,2015,2019,,
845184,M-MUK,medium,Temanggung,B16,5,collecting,4,1880,2954,2962,2020,2032,2932,1882,2013,2015,2019,,
846183,M-MUK,medium,Temanggung,B16,5,collecting,5,1880,2953,2962,2020,2032,2935,1881,2012,2014,2019,,
847183,M-MUK,medium,Temanggung,B16,5,collecting,6,1880,2954,2958,2021,2032,2932,1882,2012,2015,2019,,
848183,M-MUK,medium,Temanggung,B16,5,collecting,7,1880,2955,2960,2021,2032,2936,1882,2012,2015,2019,,
849183,M-MUK,medium,Temanggung,B16,5,collecting,8,1880,2954,2960,2020,2032,2935,1882,2012,2014,2019,,
850183,M-MUK,medium,Temanggung,B16,5,collecting,9,1879,2959,2963,2020,2032,2933,1882,2012,2014,2019,,
851183,M-MUK,medium,Temanggung,B16,5,collecting,10,1879,2958,2958,2022,2031,2933,1882,2012,2014,2019,,
852184,M-MUK,medium,Temanggung,B16,5,collecting,11,1880,2958,2960,2021,2031,2936,1881,2013,2014,2019,,
853183,M-MUK,medium,Temanggung,B16,5,collecting,12,1880,2954,2958,2021,2031,2932,1881,2013,2014,2020,,
854183,M-MUK,medium,Temanggung,B16,5,collecting,13,1880,2956,2960,2021,2031,2936,1881,2013,2014,2019,,
855183,M-MUK,medium,Temanggung,B16,5,collecting,14,1880,2953,2960,2021,2031,2936,1881,2013,2014,2019,,
856183,M-MUK,medium,Temanggung,B16,5,collecting,15,1880,2957,2958,2021,2031,2934,1881,2013,2014,2019,,
857183,M-MUK,medium,Temanggung,B16,5,collecting,16,1880,2955,2961,2020,2031,2934,1881,2013,2014,2019,,
858183,M-MUK,medium,Temanggung,B16,5,collecting,17,1880,2957,2959,2020,2032,2932,1882,2013,2014,2019,,
859184,M-MUK,medium,Temanggung,B16,5,collecting,18,1879,2953,2960,2021,2032,2933,1881,2012,2015,2019,,
860183,M-MUK,medium,Temanggung,B16,5,collecting,19,1879,2953,2961,2020,2032,2933,1882,2012,2015,2019,,
861184,M-MUK,medium,Temanggung,B16,5,collecting,20,1880,2954,2958,2020,2032,2934,1882,2012,2015,2019,,
862183,M-MUK,medium,Temanggung,B16,5,collecting,21,1880,2959,2958,2020,2032,2937,1881,2012,2014,2019,,
863183,M-MUK,medium,Temanggung,B16,5,collecting,22,1879,2954,2961,2021,2031,2936,1881,2012,2014,2019,,
864183,M-MUK,medium,Temanggung,B16,5,collecting,23,1879,2953,2960,2021,2031,2936,1881,2012,2014,2020,,
865183,M-MUK,medium,Temanggung,B16,5,collecting,24,1879,2954,2961,2021,2031,2933,1881,2013,2014,2019,,
866183,M-MUK,medium,Temanggung,B16,5,collecting,25,1880,2956,2958,2021,2031,2937,1881,2013,2014,2019,,
867183,M-MUK,medium,Temanggung,B16,5,collecting,26,1880,2954,2962,2021,2031,2936,1881,2012,2014,2019,,
868184,M-MUK,medium,Temanggung,B16,5,collecting,27,1880,2956,2962,2021,2031,2933,1881,2013,2014,2019,,
869183,M-MUK,medium,Temanggung,B16,5,collecting,28,1880,2952,2962,2020,2032,2936,1882,2012,2014,2019,,
870183,M-MUK,medium,Temanggung,B16,5,collecting,29,1880,2954,2958,2020,2032,2935,1881,2012,2014,2018,,
871183,M-MUK,medium,Temanggung,B16,5,collecting,30,1880,2956,2960,2021,2032,2932,1882,2012,2015,2019,,
872183,M-MUK,medium,Temanggung,B16,5,collecting,31,1880,2954,2962,2020,2032,2932,1882,2012,2015,2019,,
873183,M-MUK,medium,Temanggung,B16,5,collecting,32,1879,2953,2959,2020,2032,2936,1881,2012,2015,2018,,
874183,M-MUK,medium,Temanggung,B16,5,collecting,33,1879,2959,2957,2020,2031,2932,1882,2012,2014,2019,,
875184,M-MUK,medium,Temanggung,B16,5,collecting,34,1879,2954,2962,2021,2031,2936,1881,2012,2014,2019,,
876183,M-MUK,medium,Temanggung,B16,5,collecting,35,1880,2958,2958,2021,2031,2933,1881,2012,2014,2019,,
877184,M-MUK,medium,Temanggung,B16,5,collecting,36,1880,2958,2960,2021,2031,2936,1881,2012,2014,2018,,
878183,M-MUK,medium,Temanggung,B16,5,collecting,37,1880,2956,2961,2021,2031,2936,1881,2013,2014,2020,,
879183,M-MUK,medium,Temanggung,B16,5,collecting,38,1879,2956,2963,2021,2031,2934,1881,2013,2014,2019,,
880183,M-MUK,medium,Temanggung,B16,5,collecting,39,1880,2954,2960,2021,2031,2933,1881,2013,2015,2019,,
881183,M-MUK,medium,Temanggung,B16,5,collecting,40,1880,2953,2962,2021,2031,2934,1881,2013,2014,2019,,
882183,M-MUK,medium,Temanggung,B16,5,collecting,41,1880,2954,2962,2021,2031,2936,1881,2012,2014,2019,,
883183,M-MUK,medium,Temanggung,B16,5,collecting,42,1880,2953,2961,2020,2032,2932,1882,2013,2015,2019,,
884184,M-MUK,medium,Temanggung,B16,5,collecting,43,1879,2954,2960,2020,2032,2934,1881,2012,2014,2019,,
885183,M-MUK,medium,Temanggung,B16,5,collecting,44,1880,2958,2958,2021,2032,2932,1882,2012,2014,2019,,
886183,M-MUK,medium,Temanggung,B16,5,collecting,45,1880,2954,2958,2020,2032,2933,1881,2012,2014,2019,,
887183,M-MUK,medium,Temanggung,B16,5,collecting,46,1879,2957,2958,2020,2032,2936,1881,2012,2014,2019,,
888183,M-MUK,medium,Temanggung,B16,5,collecting,47,1879,2954,2961,2020,2032,2935,1881,2012,2015,2019,,
889183,M-MUK,medium,Temanggung,B16,5,collecting,48,1879,2953,2959,2020,2032,2936,1881,2012,2014,2019,,
890183,M-MUK,medium,Temanggung,B16,5,collecting,49,1879,2955,2960,2021,2032,2936,1881,2012,2014,2019,,
891184,M-MUK,medium,Temanggung,B16,5,collecting,50,1879,2956,2961,2022,2031,2936,1881,2012,2014,2019,,
892183,M-MUK,medium,Temanggung,B16,5,collecting,51,1879,2956,2958,2021,2031,2935,1881,2012,2014,2019,,
893184,M-MUK,medium,Temanggung,B16,5,collecting,52,1879,2953,2960,2021,2031,2932,1881,2013,2014,2019,,
894183,M-MUK,medium,Temanggung,B16,5,collecting,53,1879,2954,2958,2021,2031,2936,1881,2013,2014,2019,,
895183,M-MUK,medium,Temanggung,B16,5,collecting,54,1880,2953,2960,2021,2031,2936,1881,2012,2014,2019,,
896183,M-MUK,medium,Temanggung,B16,5,collecting,55,1880,2953,2958,2021,2031,2932,1881,2012,2014,2019,,
897183,M-MUK,medium,Temanggung,B16,5,collecting,56,1880,2953,2960,2021,2031,2934,1881,2012,2014,2019,,
898183,M-MUK,medium,Temanggung,B16,5,collecting,57,1880,2953,2960,2020,2031,2936,1881,2013,2014,2019,,
899183,M-MUK,medium,Temanggung,B16,5,collecting,58,1880,2952,2960,2020,2031,2936,1881,2012,2014,2019,,
900184,M-MUK,medium,Temanggung,B16,5,collecting,59,1880,2953,2960,2020,2032,2935,1881,2012,2015,2019,,
901183,M-MUK,medium,Temanggung,B16,5,collecting,60,1880,2954,2960,2021,2032,2936,1882,2012,2014,2019,,
902187,M-MUK,medium,Temanggung,B16,6,purging,1,1880,2957,2960,2021,2031,2935,1882,2012,2015,2019,,
903182,M-MUK,medium,Temanggung,B16,6,purging,2,1879,2953,2959,2020,2031,2934,1881,2012,2015,2019,,
904183,M-MUK,medium,Temanggung,B16,6,purging,3,1879,2957,2958,2020,2032,2933,1881,2012,2014,2019,,
905182,M-MUK,medium,Temanggung,B16,6,purging,4,1879,2957,2959,2021,2032,2933,1881,2012,2015,2019,,
906182,M-MUK,medium,Temanggung,B16,6,purging,5,1879,2957,2961,2021,2032,2935,1881,2012,2014,2019,,
907183,M-MUK,medium,Temanggung,B16,6,purging,6,1879,2954,2958,2021,2031,2936,1881,2012,2014,2019,,
908183,M-MUK,medium,Temanggung,B16,6,purging,7,1880,2957,2956,2021,2031,2934,1881,2012,2014,2019,,
909182,M-MUK,medium,Temanggung,B16,6,purging,8,1879,2954,2960,2022,2031,2933,1880,2012,2014,2019,,
910182,M-MUK,medium,Temanggung,B16,6,purging,9,1879,2958,2957,2021,2031,2934,1881,2012,2014,2019,,
911183,M-MUK,medium,Temanggung,B16,6,purging,10,1879,2957,2957,2021,2030,2933,1881,2012,2014,2019,,
912183,M-MUK,medium,Temanggung,B16,6,purging,11,1879,2957,2958,2021,2031,2933,1881,2012,2014,2019,,
913183,M-MUK,medium,Temanggung,B16,6,purging,12,1880,2957,2958,2021,2031,2933,1880,2012,2013,2018,,
914183,M-MUK,medium,Temanggung,B16,6,purging,13,1879,2952,2958,2021,2031,2933,1881,2012,2014,2019,,
915183,M-MUK,medium,Temanggung,B16,6,purging,14,1879,2954,2960,2021,2031,2936,1881,2012,2014,2019,,
916184,M-MUK,medium,Temanggung,B16,6,purging,15,1880,2953,2961,2021,2031,2934,1881,2012,2014,2019,,
917183,M-MUK,medium,Temanggung,B16,6,purging,16,1879,2956,2958,2021,2031,2936,1881,2012,2014,2019,,
918183,M-MUK,medium,Temanggung,B16,6,purging,17,1880,2953,2960,2021,2030,2933,1881,2013,2014,2018,,
919183,M-MUK,medium,Temanggung,B16,6,purging,18,1880,2957,2960,2021,2030,2934,1881,2013,2014,2019,,
920183,M-MUK,medium,Temanggung,B16,6,purging,19,1880,2952,2961,2021,2031,2933,1881,2012,2014,2018,,
921183,M-MUK,medium,Temanggung,B16,6,purging,20,1879,2954,2960,2021,2030,2934,1881,2012,2014,2019,,
922183,M-MUK,medium,Temanggung,B16,6,purging,21,1880,2956,2960,2020,2031,2933,1881,2012,2014,2018,,
923184,M-MUK,medium,Temanggung,B16,6,purging,22,1880,2952,2961,2020,2030,2934,1881,2012,2014,2019,,
924183,M-MUK,medium,Temanggung,B16,6,purging,23,1879,2953,2961,2020,2031,2933,1881,2012,2014,2018,,
925184,M-MUK,medium,Temanggung,B16,6,purging,24,1879,2957,2963,2020,2031,2933,1881,2012,2014,2019,,
926183,M-MUK,medium,Temanggung,B16,6,purging,25,1880,2952,2962,2020,2031,2934,1881,2012,2014,2019,,
927183,M-MUK,medium,Temanggung,B16,6,purging,26,1880,2956,2957,2020,2031,2935,1881,2012,2014,2018,,
928183,M-MUK,medium,Temanggung,B16,6,purging,27,1880,2957,2956,2020,2031,2936,1881,2012,2014,2018,,
929183,M-MUK,medium,Temanggung,B16,6,purging,28,1880,2957,2958,2020,2031,2936,1881,2012,2014,2019,,
930183,M-MUK,medium,Temanggung,B16,6,purging,29,1879,2954,2959,2020,2031,2936,1881,2012,2014,2018,,
931183,M-MUK,medium,Temanggung,B16,6,purging,30,1879,2955,2958,2020,2031,2933,1881,2012,2014,2019,,
932184,M-MUK,medium,Temanggung,B16,6,purging,31,1880,2953,2961,2020,2031,2934,1881,2012,2013,2019,,
933183,M-MUK,medium,Temanggung,B16,6,purging,32,1880,2953,2959,2020,2031,2933,1881,2012,2014,2019,,
934183,M-MUK,medium,Temanggung,B16,6,purging,33,1879,2953,2958,2020,2031,2936,1881,2012,2014,2018,,
935183,M-MUK,medium,Temanggung,B16,6,purging,34,1879,2950,2960,2020,2030,2934,1881,2012,2014,2018,,
936183,M-MUK,medium,Temanggung,B16,6,purging,35,1879,2951,2961,2020,2031,2933,1881,2012,2014,2018,,
937183,M-MUK,medium,Temanggung,B16,6,purging,36,1880,2957,2958,2020,2030,2934,1881,2012,2014,2019,,
938183,M-MUK,medium,Temanggung,B16,6,purging,37,1879,2953,2960,2021,2030,2935,1881,2012,2013,2018,,
939184,M-MUK,medium,Temanggung,B16,6,purging,38,1879,2956,2960,2020,2030,2935,1880,2012,2014,2019,,
940183,M-MUK,medium,Temanggung,B16,6,purging,39,1880,2955,2957,2020,2030,2934,1881,2012,2014,2018,,
941184,M-MUK,medium,Temanggung,B16,6,purging,40,1880,2952,2962,2020,2030,2934,1881,2012,2014,2018,,
942183,M-MUK,medium,Temanggung,B16,6,purging,41,1879,2955,2957,2020,2030,2935,1881,2012,2013,2018,,
943183,M-MUK,medium,Temanggung,B16,6,purging,42,1879,2956,2957,2021,2030,2934,1880,2012,2014,2018,,
944183,M-MUK,medium,Temanggung,B16,6,purging,43,1879,2953,2961,2020,2030,2931,1881,2012,2014,2018,,
945183,M-MUK,medium,Temanggung,B16,6,purging,44,1879,2951,2958,2021,2030,2934,1881,2012,2013,2019,,
946183,M-MUK,medium,Temanggung,B16,6,purging,45,1879,2951,2962,2021,2030,2934,1881,2012,2014,2019,,
947183,M-MUK,medium,Temanggung,B16,6,purging,46,1879,2954,2958,2021,2031,2934,1881,2012,2013,2018,,
948184,M-MUK,medium,Temanggung,B16,6,purging,47,1880,2951,2960,2020,2031,2933,1880,2012,2014,2019,,
949183,M-MUK,medium,Temanggung,B16,6,purging,48,1879,2956,2960,2021,2030,2934,1881,2012,2013,2018,,
950183,M-MUK,medium,Temanggung,B16,6,purging,49,1879,2953,2962,2021,2030,2934,1881,2012,2013,2018,,
951183,M-MUK,medium,Temanggung,B16,6,purging,50,1879,2954,2960,2020,2030,2934,1881,2012,2013,2018,,
952183,M-MUK,medium,Temanggung,B16,6,purging,51,1879,2956,2958,2021,2030,2933,1881,2012,2013,2018,,
953183,M-MUK,medium,Temanggung,B16,6,purging,52,1879,2952,2957,2021,2030,2934,1881,2012,2013,2018,,
954183,M-MUK,medium,Temanggung,B16,6,purging,53,1879,2956,2959,2021,2030,2934,1881,2012,2013,2019,,
955184,M-MUK,medium,Temanggung,B16,6,purging,54,1879,2954,2958,2021,2030,2932,1881,2012,2013,2018,,
956183,M-MUK,medium,Temanggung,B16,6,purging,55,1879,2953,2958,2020,2031,2936,1881,2012,2013,2018,,
957184,M-MUK,medium,Temanggung,B16,6,purging,56,1880,2953,2956,2021,2030,2934,1880,2012,2014,2018,,
958183,M-MUK,medium,Temanggung,B16,6,purging,57,1879,2953,2957,2020,2030,2934,1880,2012,2014,2018,,
959183,M-MUK,medium,Temanggung,B16,6,purging,58,1879,2952,2957,2021,2030,2934,1880,2012,2014,2018,,
960183,M-MUK,medium,Temanggung,B16,6,purging,59,1879,2953,2958,2020,2030,2936,1881,2011,2014,2018,,
961183,M-MUK,medium,Temanggung,B16,6,purging,60,1879,2953,2958,2021,2030,2934,1881,2011,2014,2018,,
962183,M-MUK,medium,Temanggung,B16,6,purging,61,1879,2956,2960,2021,2030,2937,1881,2012,2014,2018,,
963183,M-MUK,medium,Temanggung,B16,6,purging,62,1879,2953,2957,2021,2031,2933,1881,2011,2013,2018,,
964184,M-MUK,medium,Temanggung,B16,6,purging,63,1879,2953,2958,2020,2031,2934,1881,2012,2013,2018,,
965183,M-MUK,medium,Temanggung,B16,6,purging,64,1879,2957,2958,2020,2031,2936,1881,2011,2014,2018,,
966183,M-MUK,medium,Temanggung,B16,6,purging,65,1879,2953,2960,2020,2031,2933,1880,2011,2014,2018,,
967183,M-MUK,medium,Temanggung,B16,6,purging,66,1879,2952,2958,2020,2031,2932,1881,2012,2013,2018,,
968183,M-MUK,medium,Temanggung,B16,6,purging,67,1879,2954,2957,2020,2031,2936,1881,2011,2014,2018,,
969183,M-MUK,medium,Temanggung,B16,6,purging,68,1879,2954,2958,2019,2031,2933,1881,2011,2013,2018,,
970183,M-MUK,medium,Temanggung,B16,6,purging,69,1879,2957,2958,2020,2031,2933,1881,2011,2013,2018,,
971184,M-MUK,medium,Temanggung,B16,6,purging,70,1879,2957,2957,2020,2031,2934,1881,2011,2013,2018,,
972183,M-MUK,medium,Temanggung,B16,6,purging,71,1879,2951,2957,2020,2031,2935,1881,2011,2014,2018,,
973184,M-MUK,medium,Temanggung,B16,6,purging,72,1879,2953,2957,2020,2031,2935,1881,2011,2014,2018,,
974183,M-MUK,medium,Temanggung,B16,6,purging,73,1879,2951,2957,2020,2031,2931,1881,2011,2013,2018,,
975183,M-MUK,medium,Temanggung,B16,6,purging,74,1879,2957,2960,2020,2031,2932,1881,2011,2014,2018,,
976183,M-MUK,medium,Temanggung,B16,6,purging,75,1879,2956,2958,2020,2031,2932,1881,2011,2013,2018,,
977183,M-MUK,medium,Temanggung,B16,6,purging,76,1879,2952,2958,2019,2031,2933,1881,2011,2013,2018,,
978183,M-MUK,medium,Temanggung,B16,6,purging,77,1879,2952,2958,2020,2031,2933,1880,2011,2013,2018,,
979183,M-MUK,medium,Temanggung,B16,6,purging,78,1879,2956,2957,2020,2031,2935,1881,2011,2013,2018,,
980184,M-MUK,medium,Temanggung,B16,6,purging,79,1879,2952,2958,2020,2031,2931,1881,2011,2013,2018,,
981183,M-MUK,medium,Temanggung,B16,6,purging,80,1879,2952,2958,2020,2031,2935,1881,2012,2013,2018,,
982183,M-MUK,medium,Temanggung,B16,6,purging,81,1879,2955,2960,2020,2031,2934,1881,2011,2013,2018,,
983183,M-MUK,medium,Temanggung,B16,6,purging,82,1879,2954,2958,2020,2031,2935,1881,2012,2013,2018,,
984183,M-MUK,medium,Temanggung,B16,6,purging,83,1879,2953,2958,2020,2031,2933,1881,2011,2013,2018,,
985183,M-MUK,medium,Temanggung,B16,6,purging,84,1879,2951,2957,2020,2031,2935,1880,2012,2013,2018,,
986183,M-MUK,medium,Temanggung,B16,6,purging,85,1879,2953,2959,2020,2030,2934,1881,2012,2013,2018,,
987184,M-MUK,medium,Temanggung,B16,6,purging,86,1879,2955,2959,2020,2031,2932,1880,2011,2013,2018,,
988183,M-MUK,medium,Temanggung,B16,6,purging,87,1879,2952,2957,2020,2031,2935,1881,2012,2013,2018,,
989184,M-MUK,medium,Temanggung,B16,6,purging,88,1879,2953,2960,2020,2031,2934,1880,2012,2013,2018,,
990183,M-MUK,medium,Temanggung,B16,6,purging,89,1879,2951,2959,2019,2030,2931,1881,2012,2013,2018,,
991183,M-MUK,medium,Temanggung,B16,6,purging,90,1879,2954,2959,2020,2030,2934,1880,2012,2013,2018,,
992183,M-MUK,medium,Temanggung,B16,6,purging,91,1879,2951,2960,2019,2030,2933,1881,2011,2014,2018,,
993183,M-MUK,medium,Temanggung,B16,6,purging,92,1879,2952,2958,2020,2031,2933,1881,2012,2013,2018,,
994183,M-MUK,medium,Temanggung,B16,6,purging,93,1879,2957,2957,2019,2030,2933,1880,2012,2013,2018,,
995183,M-MUK,medium,Temanggung,B16,6,purging,94,1879,2952,2958,2020,2030,2933,1881,2012,2013,2018,,
996184,M-MUK,medium,Temanggung,B16,6,purging,95,1879,2957,2957,2020,2031,2933,1881,2012,2013,2018,,
997183,M-MUK,medium,Temanggung,B16,6,purging,96,1879,2957,2960,2019,2031,2935,1880,2011,2013,2018,,
998183,M-MUK,medium,Temanggung,B16,6,purging,97,1879,2951,2958,2020,2031,2935,1881,2011,2013,2018,,
999183,M-MUK,medium,Temanggung,B16,6,purging,98,1879,2951,2961,2020,2031,2933,1880,2011,2013,2018,,
1000183,M-MUK,medium,Temanggung,B16,6,purging,99,1879,2951,2957,2020,2031,2933,1881,2011,2013,2018,,
1001183,M-MUK,medium,Temanggung,B16,6,purging,100,1879,2954,2960,2019,2031,2933,1881,2011,2013,2018,,
1002183,M-MUK,medium,Temanggung,B16,6,purging,101,1879,2957,2958,2020,2031,2935,1881,2011,2014,2018,,
1003184,M-MUK,medium,Temanggung,B16,6,purging,102,1879,2954,2957,2020,2031,2935,1881,2011,2013,2018,,
1004183,M-MUK,medium,Temanggung,B16,6,purging,103,1879,2951,2956,2020,2031,2937,1881,2011,2013,2018,,
1005184,M-MUK,medium,Temanggung,B16,6,purging,104,1879,2952,2959,2020,2031,2932,1881,2011,2013,2018,,
1006183,M-MUK,medium,Temanggung,B16,6,purging,105,1879,2955,2960,2020,2031,2932,1881,2011,2013,2018,,
1007183,M-MUK,medium,Temanggung,B16,6,purging,106,1879,2954,2956,2020,2031,2935,1881,2011,2013,2017,,
1008183,M-MUK,medium,Temanggung,B16,6,purging,107,1879,2953,2957,2020,2031,2935,1881,2011,2013,2018,,
1009183,M-MUK,medium,Temanggung,B16,6,purging,108,1879,2957,2961,2020,2031,2931,1881,2011,2013,2018,,
1010183,M-MUK,medium,Temanggung,B16,6,purging,109,1878,2953,2957,2020,2031,2932,1881,2011,2013,2018,,
1011183,M-MUK,medium,Temanggung,B16,6,purging,110,1878,2957,2957,2020,2031,2931,1880,2011,2013,2018,,
1012184,M-MUK,medium,Temanggung,B16,6,purging,111,1879,2956,2957,2021,2031,2936,1880,2011,2013,2018,,
1013183,M-MUK,medium,Temanggung,B16,6,purging,112,1878,2957,2957,2021,2030,2933,1881,2011,2013,2018,,
1014183,M-MUK,medium,Temanggung,B16,6,purging,113,1878,2953,2958,2020,2030,2934,1880,2011,2013,2018,,
1015183,M-MUK,medium,Temanggung,B16,6,purging,114,1879,2954,2957,2021,2030,2934,1880,2011,2013,2018,,
1016183,M-MUK,medium,Temanggung,B16,6,purging,115,1879,2952,2956,2020,2030,2936,1880,2011,2013,2018,,
1017183,M-MUK,medium,Temanggung,B16,6,purging,116,1878,2951,2959,2020,2030,2933,1880,2012,2013,2018,,
1018183,M-MUK,medium,Temanggung,B16,6,purging,117,1879,2951,2958,2021,2030,2933,1880,2011,2013,2018,,
1019184,M-MUK,medium,Temanggung,B16,6,purging,118,1878,2954,2958,2021,2030,2934,1880,2012,2013,2018,,
1020183,M-MUK,medium,Temanggung,B16,6,purging,119,1879,2953,2957,2020,2030,2933,1880,2012,2013,2018,,
1021184,M-MUK,medium,Temanggung,B16,6,purging,120,1879,2953,2958,2020,2030,2935,1880,2011,2013,2018,,
1022186,M-MUK,medium,Temanggung,B16,6,collecting,1,1879,2952,2957,2020,2030,2933,1880,2012,2013,2017,,
1023183,M-MUK,medium,Temanggung,B16,6,collecting,2,1879,2951,2961,2020,2030,2934,1880,2011,2013,2018,,
1024183,M-MUK,medium,Temanggung,B16,6,collecting,3,1879,2954,2956,2020,2031,2935,1881,2011,2013,2018,,
1025183,M-MUK,medium,Temanggung,B16,6,collecting,4,1878,2951,2958,2019,2031,2936,1880,2011,2013,2018,,
1026183,M-MUK,medium,Temanggung,B16,6,collecting,5,1879,2951,2960,2019,2031,2933,1881,2010,2013,2018,,
1027183,M-MUK,medium,Temanggung,B16,6,collecting,6,1878,2956,2960,2020,2031,2935,1881,2011,2013,2017,,
1028184,M-MUK,medium,Temanggung,B16,6,collecting,7,1878,2952,2961,2020,2030,2932,1880,2011,2013,2018,,
1029183,M-MUK,medium,Temanggung,B16,6,collecting,8,1878,2952,2962,2020,2031,2935,1880,2011,2013,2018,,
1030183,M-MUK,medium,Temanggung,B16,6,collecting,9,1878,2956,2956,2020,2030,2935,1881,2011,2013,2018,,
1031183,M-MUK,medium,Temanggung,B16,6,collecting,10,1878,2952,2959,2020,2030,2933,1880,2011,2013,2018,,
1032183,M-MUK,medium,Temanggung,B16,6,collecting,11,1879,2956,2956,2020,2029,2934,1880,2012,2013,2018,,
1033183,M-MUK,medium,Temanggung,B16,6,collecting,12,1878,2952,2957,2020,2030,2934,1880,2012,2013,2017,,
1034183,M-MUK,medium,Temanggung,B16,6,collecting,13,1879,2950,2957,2021,2029,2933,1880,2011,2013,2018,,
1035184,M-MUK,medium,Temanggung,B16,6,collecting,14,1879,2952,2961,2020,2030,2933,1880,2012,2012,2018,,
1036183,M-MUK,medium,Temanggung,B16,6,collecting,15,1879,2951,2960,2020,2030,2935,1880,2011,2012,2017,,
1037184,M-MUK,medium,Temanggung,B16,6,collecting,16,1879,2951,2958,2020,2031,2935,1880,2011,2013,2017,,
1038183,M-MUK,medium,Temanggung,B16,6,collecting,17,1879,2951,2958,2019,2031,2935,1880,2011,2013,2017,,
1039183,M-MUK,medium,Temanggung,B16,6,collecting,18,1878,2951,2957,2019,2031,2935,1881,2011,2013,2018,,
1040183,M-MUK,medium,Temanggung,B16,6,collecting,19,1878,2951,2957,2020,2031,2933,1881,2010,2013,2017,,
1041183,M-MUK,medium,Temanggung,B16,6,collecting,20,1878,2952,2956,2020,2030,2936,1880,2011,2013,2018,,
1042183,M-MUK,medium,Temanggung,B16,6,collecting,21,1878,2954,2958,2020,2030,2935,1880,2011,2013,2017,,
1043183,M-MUK,medium,Temanggung,B16,6,collecting,22,1878,2952,2957,2020,2030,2933,1880,2011,2013,2018,,
1044184,M-MUK,medium,Temanggung,B16,6,collecting,23,1879,2952,2957,2020,2029,2933,1880,2011,2013,2017,,
1045183,M-MUK,medium,Temanggung,B16,6,collecting,24,1878,2952,2959,2020,2030,2933,1879,2011,2013,2018,,
1046183,M-MUK,medium,Temanggung,B16,6,collecting,25,1879,2951,2958,2020,2030,2934,1880,2011,2012,2018,,
1047183,M-MUK,medium,Temanggung,B16,6,collecting,26,1879,2955,2957,2020,2030,2934,1880,2011,2012,2017,,
1048183,M-MUK,medium,Temanggung,B16,6,collecting,27,1879,2951,2958,2020,2030,2935,1880,2011,2013,2017,,
1049183,M-MUK,medium,Temanggung,B16,6,collecting,28,1878,2951,2958,2019,2030,2932,1880,2011,2012,2017,,
1050183,M-MUK,medium,Temanggung,B16,6,collecting,29,1878,2952,2957,2019,2031,2935,1880,2011,2013,2017,,
1051184,M-MUK,medium,Temanggung,B16,6,collecting,30,1878,2954,2957,2020,2030,2933,1880,2010,2013,2017,,
1052183,M-MUK,medium,Temanggung,B16,6,collecting,31,1878,2953,2958,2019,2030,2933,1880,2010,2013,2017,,
1053184,M-MUK,medium,Temanggung,B16,6,collecting,32,1878,2954,2956,2019,2031,2936,1880,2011,2013,2018,,
1054183,M-MUK,medium,Temanggung,B16,6,collecting,33,1878,2951,2957,2020,2030,2932,1880,2010,2013,2017,,
1055183,M-MUK,medium,Temanggung,B16,6,collecting,34,1878,2954,2958,2020,2030,2934,1880,2010,2012,2018,,
1056183,M-MUK,medium,Temanggung,B16,6,collecting,35,1878,2951,2956,2020,2029,2934,1880,2011,2013,2018,,
1057183,M-MUK,medium,Temanggung,B16,6,collecting,36,1878,2951,2958,2020,2029,2933,1879,2011,2012,2017,,
1058183,M-MUK,medium,Temanggung,B16,6,collecting,37,1878,2953,2957,2019,2030,2933,1879,2011,2012,2017,,
1059183,M-MUK,medium,Temanggung,B16,6,collecting,38,1878,2953,2957,2020,2029,2933,1880,2011,2013,2017,,
1060184,M-MUK,medium,Temanggung,B16,6,collecting,39,1878,2951,2962,2019,2030,2932,1880,2011,2012,2017,,
1061183,M-MUK,medium,Temanggung,B16,6,collecting,40,1879,2949,2958,2019,2030,2935,1880,2011,2013,2018,,
1062183,M-MUK,medium,Temanggung,B16,6,collecting,41,1878,2952,2957,2019,2031,2935,1880,2010,2013,2018,,
1063183,M-MUK,medium,Temanggung,B16,6,collecting,42,1878,2951,2955,2020,2030,2935,1880,2010,2013,2017,,
1064183,M-MUK,medium,Temanggung,B16,6,collecting,43,1878,2951,2961,2019,2030,2935,1880,2010,2013,2018,,
1065183,M-MUK,medium,Temanggung,B16,6,collecting,44,1878,2951,2958,2019,2030,2935,1880,2010,2013,2017,,
1066183,M-MUK,medium,Temanggung,B16,6,collecting,45,1878,2953,2957,2020,2031,2937,1880,2010,2013,2018,,
1067184,M-MUK,medium,Temanggung,B16,6,collecting,46,1878,2954,2956,2020,2030,2934,1880,2010,2013,2017,,
1068183,M-MUK,medium,Temanggung,B16,6,collecting,47,1878,2952,2958,2020,2030,2933,1880,2011,2013,2017,,
1069184,M-MUK,medium,Temanggung,B16,6,collecting,48,1878,2950,2957,2020,2029,2933,1880,2012,2012,2017,,
1070183,M-MUK,medium,Temanggung,B16,6,collecting,49,1878,2952,2957,2020,2029,2932,1880,2011,2012,2017,,
1071183,M-MUK,medium,Temanggung,B16,6,collecting,50,1878,2953,2957,2020,2029,2932,1879,2011,2012,2017,,
1072183,M-MUK,medium,Temanggung,B16,6,collecting,51,1878,2951,2958,2019,2030,2935,1880,2011,2013,2017,,
1073183,M-MUK,medium,Temanggung,B16,6,collecting,52,1879,2951,2956,2019,2030,2933,1880,2010,2013,2017,,
1074183,M-MUK,medium,Temanggung,B16,6,collecting,53,1878,2952,2957,2019,2030,2935,1880,2010,2013,2017,,
1075183,M-MUK,medium,Temanggung,B16,6,collecting,54,1878,2954,2957,2019,2030,2935,1880,2010,2013,2017,,
1076184,M-MUK,medium,Temanggung,B16,6,collecting,55,1878,2950,2961,2019,2030,2936,1880,2010,2012,2017,,
1077183,M-MUK,medium,Temanggung,B16,6,collecting,56,1878,2951,2957,2020,2029,2935,1880,2011,2013,2017,,
1078183,M-MUK,medium,Temanggung,B16,6,collecting,57,1878,2954,2958,2020,2029,2937,1880,2010,2013,2017,,
1079183,M-MUK,medium,Temanggung,B16,6,collecting,58,1878,2950,2959,2020,2030,2933,1879,2011,2012,2017,,
1080183,M-MUK,medium,Temanggung,B16,6,collecting,59,1878,2951,2958,2019,2030,2934,1879,2011,2012,2017,,
1081183,M-MUK,medium,Temanggung,B16,6,collecting,60,1878,2950,2957,2020,2029,2933,1879,2011,2012,2017,,
1082186,M-MUK,medium,Temanggung,B16,7,purging,1,1879,2951,2957,2019,2030,2933,1880,2011,2012,2017,,
1083183,M-MUK,medium,Temanggung,B16,7,purging,2,1878,2950,2957,2019,2030,2935,1880,2011,2012,2017,,
1084183,M-MUK,medium,Temanggung,B16,7,purging,3,1878,2952,2961,2018,2030,2932,1880,2010,2012,2017,,
1085182,M-MUK,medium,Temanggung,B16,7,purging,4,1878,2952,2956,2019,2030,2935,1880,2010,2012,2017,,
1086182,M-MUK,medium,Temanggung,B16,7,purging,5,1878,2951,2958,2019,2030,2933,1880,2010,2013,2017,,
1087182,M-MUK,medium,Temanggung,B16,7,purging,6,1878,2950,2957,2019,2030,2935,1880,2010,2013,2017,,
1088182,M-MUK,medium,Temanggung,B16,7,purging,7,1878,2951,2957,2019,2030,2935,1880,2010,2013,2017,,
1089182,M-MUK,medium,Temanggung,B16,7,purging,8,1878,2951,2957,2020,2030,2936,1880,2010,2012,2017,,
1090182,M-MUK,medium,Temanggung,B16,7,purging,9,1878,2951,2956,2020,2029,2933,1880,2010,2013,2017,,
1091183,M-MUK,medium,Temanggung,B16,7,purging,10,1878,2951,2959,2020,2029,2934,1879,2011,2012,2017,,
1092184,M-MUK,medium,Temanggung,B16,7,purging,11,1878,2950,2956,2019,2029,2933,1879,2011,2012,2017,,
1093183,M-MUK,medium,Temanggung,B16,7,purging,12,1878,2951,2956,2020,2029,2933,1879,2011,2013,2017,,
1094183,M-MUK,medium,Temanggung,B16,7,purging,13,1878,2950,2956,2019,2030,2933,1880,2010,2012,2017,,
1095183,M-MUK,medium,Temanggung,B16,7,purging,14,1878,2951,2957,2019,2030,2935,1879,2010,2012,2017,,
1096183,M-MUK,medium,Temanggung,B16,7,purging,15,1878,2951,2956,2019,2030,2933,1880,2010,2012,2017,,
1097183,M-MUK,medium,Temanggung,B16,7,purging,16,1878,2951,2958,2019,2030,2935,1880,2010,2012,2017,,
1098183,M-MUK,medium,Temanggung,B16,7,purging,17,1878,2951,2957,2019,2030,2933,1880,2010,2012,2017,,
1099184,M-MUK,medium,Temanggung,B16,7,purging,18,1878,2952,2956,2020,2030,2935,1880,2010,2013,2017,,
1100183,M-MUK,medium,Temanggung,B16,7,purging,19,1878,2952,2956,2020,2029,2935,1879,2010,2012,2017,,
1101184,M-MUK,medium,Temanggung,B16,7,purging,20,1878,2952,2960,2020,2029,2934,1879,2011,2012,2017,,
1102183,M-MUK,medium,Temanggung,B16,7,purging,21,1878,2952,2957,2020,2029,2936,1879,2010,2012,2017,,
1103183,M-MUK,medium,Temanggung,B16,7,purging,22,1878,2951,2957,2019,2029,2935,1879,2011,2012,2017,,
1104183,M-MUK,medium,Temanggung,B16,7,purging,23,1878,2951,2958,2019,2029,2934,1880,2010,2012,2017,,
1105183,M-MUK,medium,Temanggung,B16,7,purging,24,1878,2950,2956,2019,2029,2934,1879,2010,2012,2017,,
1106183,M-MUK,medium,Temanggung,B16,7,purging,25,1878,2952,2957,2019,2030,2933,1880,2010,2012,2017,,
1107183,M-MUK,medium,Temanggung,B16,7,purging,26,1878,2950,2956,2019,2030,2933,1880,2010,2013,2017,,
1108184,M-MUK,medium,Temanggung,B16,7,purging,27,1878,2952,2957,2019,2030,2933,1880,2010,2013,2016,,
1109183,M-MUK,medium,Temanggung,B16,7,purging,28,1878,2953,2955,2019,2030,2933,1879,2010,2012,2017,,
1110183,M-MUK,medium,Temanggung,B16,7,purging,29,1877,2955,2956,2020,2030,2933,1880,2010,2012,2017,,
1111183,M-MUK,medium,Temanggung,B16,7,purging,30,1878,2951,2958,2019,2030,2932,1880,2010,2012,2017,,
1112183,M-MUK,medium,Temanggung,B16,7,purging,31,1878,2951,2959,2020,2028,2933,1879,2011,2012,2017,,
1113183,M-MUK,medium,Temanggung,B16,7,purging,32,1878,2951,2956,2019,2029,2934,1879,2011,2012,2017,,
1114183,M-MUK,medium,Temanggung,B16,7,purging,33,1878,2950,2957,2019,2028,2932,1879,2010,2012,2017,,
1115184,M-MUK,medium,Temanggung,B16,7,purging,34,1878,2950,2957,2018,2029,2933,1879,2010,2012,2017,,
1116183,M-MUK,medium,Temanggung,B16,7,purging,35,1878,2949,2959,2018,2029,2933,1879,2010,2012,2017,,
1117184,M-MUK,medium,Temanggung,B16,7,purging,36,1878,2949,2957,2019,2030,2935,1879,2010,2012,2016,,
1118183,M-MUK,medium,Temanggung,B16,7,purging,37,1877,2953,2956,2019,2030,2933,1879,2010,2012,2017,,
1119183,M-MUK,medium,Temanggung,B16,7,purging,38,1878,2951,2957,2019,2029,2933,1879,2010,2012,2016,,
1120183,M-MUK,medium,Temanggung,B16,7,purging,39,1877,2951,2956,2019,2029,2933,1879,2010,2013,2016,,
1121183,M-MUK,medium,Temanggung,B16,7,purging,40,1878,2951,2958,2019,2030,2935,1879,2010,2012,2017,,
1122183,M-MUK,medium,Temanggung,B16,7,purging,41,1878,2950,2956,2019,2029,2933,1879,2010,2012,2017,,
1123183,M-MUK,medium,Temanggung,B16,7,purging,42,1878,2951,2957,2019,2029,2933,1879,2010,2012,2017,,
1124184,M-MUK,medium,Temanggung,B16,7,purging,43,1877,2951,2957,2019,2029,2933,1879,2010,2012,2017,,
1125182,M-MUK,medium,Temanggung,B16,7,purging,44,1878,2949,2956,2019,2029,2931,1879,2010,2012,2016,,
1126183,M-MUK,medium,Temanggung,B16,7,purging,45,1878,2954,2957,2019,2029,2935,1879,2011,2012,2017,,
1127183,M-MUK,medium,Temanggung,B16,7,purging,46,1878,2950,2958,2019,2029,2933,1879,2010,2012,2017,,
1128183,M-MUK,medium,Temanggung,B16,7,purging,47,1878,2950,2957,2018,2030,2932,1879,2010,2012,2017,,
1129183,M-MUK,medium,Temanggung,B16,7,purging,48,1878,2948,2957,2018,2029,2933,1879,2010,2012,2017,,
1130183,M-MUK,medium,Temanggung,B16,7,purging,49,1877,2950,2956,2019,2030,2935,1880,2010,2012,2017,,
1131184,M-MUK,medium,Temanggung,B16,7,purging,50,1878,2951,2957,2018,2029,2932,1880,2009,2012,2017,,
1132183,M-MUK,medium,Temanggung,B16,7,purging,51,1878,2951,2956,2019,2029,2932,1879,2010,2012,2016,,
1133184,M-MUK,medium,Temanggung,B16,7,purging,52,1877,2951,2958,2019,2029,2933,1879,2009,2012,2016,,
1134183,M-MUK,medium,Temanggung,B16,7,purging,53,1877,2951,2958,2019,2029,2935,1880,2010,2012,2016,,
1135183,M-MUK,medium,Temanggung,B16,7,purging,54,1877,2951,2956,2019,2029,2933,1879,2010,2012,2017,,
1136183,M-MUK,medium,Temanggung,B16,7,purging,55,1877,2950,2956,2019,2029,2935,1879,2010,2012,2016,,
1137183,M-MUK,medium,Temanggung,B16,7,purging,56,1878,2952,2956,2019,2028,2934,1879,2010,2012,2017,,
1138183,M-MUK,medium,Temanggung,B16,7,purging,57,1877,2952,2958,2019,2028,2933,1879,2010,2012,2017,,
1139183,M-MUK,medium,Temanggung,B16,7,purging,58,1878,2951,2959,2019,2029,2934,1879,2011,2012,2017,,
1140184,M-MUK,medium,Temanggung,B16,7,purging,59,1878,2950,2958,2019,2028,2933,1879,2010,2012,2017,,
1141183,M-MUK,medium,Temanggung,B16,7,purging,60,1878,2951,2958,2019,2029,2934,1879,2011,2012,2016,,
1142183,M-MUK,medium,Temanggung,B16,7,purging,61,1878,2950,2957,2019,2028,2934,1879,2010,2012,2017,,
1143183,M-MUK,medium,Temanggung,B16,7,purging,62,1878,2949,2956,2019,2028,2933,1879,2010,2012,2017,,
1144183,M-MUK,medium,Temanggung,B16,7,purging,63,1878,2950,2959,2019,2029,2933,1879,2010,2012,2017,,
1145183,M-MUK,medium,Temanggung,B16,7,purging,64,1878,2949,2956,2018,2030,2935,1879,2010,2012,2017,,
1146183,M-MUK,medium,Temanggung,B16,7,purging,65,1877,2951,2956,2018,2029,2932,1879,2010,2012,2017,,
1147184,M-MUK,medium,Temanggung,B16,7,purging,66,1878,2951,2956,2019,2030,2933,1879,2010,2012,2016,,
1148183,M-MUK,medium,Temanggung,B16,7,purging,67,1877,2951,2958,2018,2030,2932,1880,2010,2012,2017,,
1149184,M-MUK,medium,Temanggung,B16,7,purging,68,1878,2950,2956,2018,2029,2933,1879,2009,2012,2016,,
1150183,M-MUK,medium,Temanggung,B16,7,purging,69,1877,2950,2960,2018,2029,2935,1879,2009,2012,2016,,
1151183,M-MUK,medium,Temanggung,B16,7,purging,70,1877,2953,2956,2018,2029,2933,1879,2009,2012,2016,,
1152183,M-MUK,medium,Temanggung,B16,7,purging,71,1877,2951,2958,2018,2029,2935,1879,2010,2012,2016,,
1153183,M-MUK,medium,Temanggung,B16,7,purging,72,1877,2951,2958,2018,2029,2935,1879,2010,2012,2016,,
1154183,M-MUK,medium,Temanggung,B16,7,purging,73,1877,2954,2956,2019,2029,2935,1879,2010,2012,2016,,
1155183,M-MUK,medium,Temanggung,B16,7,purging,74,1877,2954,2960,2019,2029,2933,1879,2009,2012,2016,,
1156184,M-MUK,medium,Temanggung,B16,7,purging,75,1878,2950,2958,2019,2028,2932,1879,2010,2012,2016,,
1157183,M-MUK,medium,Temanggung,B16,7,purging,76,1878,2950,2956,2019,2028,2933,1879,2010,2012,2017,,
1158183,M-MUK,medium,Temanggung,B16,7,purging,77,1877,2952,2956,2019,2028,2934,1879,2010,2012,2016,,
1159183,M-MUK,medium,Temanggung,B16,7,purging,78,1877,2950,2958,2019,2028,2934,1879,2011,2012,2016,,
1160183,M-MUK,medium,Temanggung,B16,7,purging,79,1878,2950,2957,2019,2029,2935,1879,2010,2012,2016,,
1161183,M-MUK,medium,Temanggung,B16,7,purging,80,1877,2949,2958,2019,2029,2933,1879,2010,2012,2016,,
1162183,M-MUK,medium,Temanggung,B16,7,purging,81,1877,2954,2960,2019,2028,2932,1879,2010,2012,2017,,
1163184,M-MUK,medium,Temanggung,B16,7,purging,82,1878,2951,2956,2019,2028,2933,1879,2010,2012,2017,,
1164183,M-MUK,medium,Temanggung,B16,7,purging,83,1878,2951,2957,2019,2029,2933,1879,2010,2012,2016,,
1165184,M-MUK,medium,Temanggung,B16,7,purging,84,1878,2949,2957,2019,2028,2933,1878,2010,2012,2017,,
1166183,M-MUK,medium,Temanggung,B16,7,purging,85,1878,2949,2957,2019,2028,2934,1878,2010,2012,2016,,
1167183,M-MUK,medium,Temanggung,B16,7,purging,86,1878,2953,2959,2019,2029,2933,1879,2010,2012,2016,,
1168183,M-MUK,medium,Temanggung,B16,7,purging,87,1877,2949,2956,2018,2029,2932,1879,2010,2012,2017,,
1169183,M-MUK,medium,Temanggung,B16,7,purging,88,1878,2950,2956,2018,2029,2935,1879,2010,2012,2017,,
1170183,M-MUK,medium,Temanggung,B16,7,purging,89,1877,2948,2956,2018,2030,2933,1879,2010,2012,2017,,
1171183,M-MUK,medium,Temanggung,B16,7,purging,90,1878,2950,2958,2018,2029,2935,1880,2010,2012,2017,,
1172184,M-MUK,medium,Temanggung,B16,7,purging,91,1877,2953,2955,2018,2029,2933,1879,2010,2012,2017,,
1173183,M-MUK,medium,Temanggung,B16,7,purging,92,1877,2949,2957,2019,2029,2933,1879,2010,2012,2016,,
1174183,M-MUK,medium,Temanggung,B16,7,purging,93,1878,2949,2955,2018,2029,2933,1879,2009,2012,2016,,
1175183,M-MUK,medium,Temanggung,B16,7,purging,94,1878,2954,2956,2018,2029,2933,1879,2010,2012,2016,,
1176183,M-MUK,medium,Temanggung,B16,7,purging,95,1877,2949,2958,2018,2029,2932,1879,2010,2012,2016,,
1177183,M-MUK,medium,Temanggung,B16,7,purging,96,1877,2952,2956,2018,2029,2933,1879,2009,2012,2016,,
1178183,M-MUK,medium,Temanggung,B16,7,purging,97,1877,2950,2955,2019,2029,2933,1879,2010,2012,2016,,
1179184,M-MUK,medium,Temanggung,B16,7,purging,98,1877,2952,2956,2018,2029,2932,1880,2009,2012,2016,,
1180183,M-MUK,medium,Temanggung,B16,7,purging,99,1878,2950,2957,2019,2029,2932,1879,2010,2012,2016,,
1181184,M-MUK,medium,Temanggung,B16,7,purging,100,1877,2951,2957,2018,2029,2932,1880,2010,2012,2017,,
1182183,M-MUK,medium,Temanggung,B16,7,purging,101,1878,2950,2958,2019,2029,2933,1880,2010,2012,2016,,
1183183,M-MUK,medium,Temanggung,B16,7,purging,102,1878,2951,2958,2018,2029,2935,1879,2009,2012,2016,,
1184183,M-MUK,medium,Temanggung,B16,7,purging,103,1877,2951,2958,2019,2029,2933,1879,2010,2012,2017,,
1185183,M-MUK,medium,Temanggung,B16,7,purging,104,1877,2950,2957,2018,2029,2933,1879,2010,2012,2016,,
1186183,M-MUK,medium,Temanggung,B16,7,purging,105,1877,2954,2956,2018,2029,2933,1879,2009,2012,2016,,
1187183,M-MUK,medium,Temanggung,B16,7,purging,106,1877,2951,2958,2018,2029,2933,1879,2009,2012,2017,,
1188184,M-MUK,medium,Temanggung,B16,7,purging,107,1877,2953,2956,2018,2029,2935,1879,2010,2012,2016,,
1189183,M-MUK,medium,Temanggung,B16,7,purging,108,1877,2948,2956,2018,2029,2933,1879,2009,2012,2016,,
1190183,M-MUK,medium,Temanggung,B16,7,purging,109,1877,2954,2960,2018,2029,2933,1879,2010,2011,2016,,
1191183,M-MUK,medium,Temanggung,B16,7,purging,110,1877,2950,2956,2018,2029,2933,1879,2010,2012,2016,,
1192183,M-MUK,medium,Temanggung,B16,7,purging,111,1877,2949,2957,2018,2029,2933,1879,2010,2011,2016,,
1193183,M-MUK,medium,Temanggung,B16,7,purging,112,1877,2950,2957,2018,2029,2932,1879,2009,2011,2016,,
1194183,M-MUK,medium,Temanggung,B16,7,purging,113,1877,2949,2960,2018,2029,2933,1879,2010,2011,2016,,
1195184,M-MUK,medium,Temanggung,B16,7,purging,114,1878,2951,2957,2018,2029,2933,1879,2010,2012,2016,,
1196183,M-MUK,medium,Temanggung,B16,7,purging,115,1877,2950,2956,2018,2029,2935,1879,2010,2011,2016,,
1197184,M-MUK,medium,Temanggung,B16,7,purging,116,1877,2951,2955,2018,2029,2933,1879,2010,2012,2016,,
1198183,M-MUK,medium,Temanggung,B16,7,purging,117,1877,2948,2958,2018,2029,2933,1879,2010,2012,2016,,
1199183,M-MUK,medium,Temanggung,B16,7,purging,118,1877,2951,2958,2018,2029,2933,1879,2010,2012,2016,,
1200183,M-MUK,medium,Temanggung,B16,7,purging,119,1878,2949,2956,2018,2028,2933,1878,2010,2012,2016,,
1201183,M-MUK,medium,Temanggung,B16,7,purging,120,1877,2948,2958,2018,2028,2933,1879,2010,2012,2016,,
1202186,M-MUK,medium,Temanggung,B16,7,collecting,1,1878,2949,2959,2019,2028,2932,1879,2010,2011,2016,,
1203183,M-MUK,medium,Temanggung,B16,7,collecting,2,1877,2949,2959,2019,2028,2934,1879,2010,2011,2017,,
1204184,M-MUK,medium,Temanggung,B16,7,collecting,3,1878,2950,2960,2019,2028,2933,1879,2010,2012,2016,,
1205183,M-MUK,medium,Temanggung,B16,7,collecting,4,1877,2949,2957,2019,2028,2933,1879,2010,2011,2017,,
1206183,M-MUK,medium,Temanggung,B16,7,collecting,5,1877,2950,2957,2018,2028,2932,1878,2010,2011,2017,,
1207183,M-MUK,medium,Temanggung,B16,7,collecting,6,1877,2952,2959,2019,2028,2935,1879,2010,2011,2017,,
1208183,M-MUK,medium,Temanggung,B16,7,collecting,7,1877,2953,2957,2019,2028,2933,1879,2010,2011,2016,,
1209183,M-MUK,medium,Temanggung,B16,7,collecting,8,1877,2949,2958,2019,2028,2932,1879,2010,2011,2016,,
1210183,M-MUK,medium,Temanggung,B16,7,collecting,9,1877,2949,2955,2019,2028,2936,1879,2010,2011,2016,,
1211184,M-MUK,medium,Temanggung,B16,7,collecting,10,1877,2949,2956,2019,2028,2933,1879,2010,2012,2016,,
1212183,M-MUK,medium,Temanggung,B16,7,collecting,11,1877,2950,2957,2019,2028,2933,1878,2010,2012,2017,,
1213184,M-MUK,medium,Temanggung,B16,7,collecting,12,1877,2950,2957,2019,2028,2933,1878,2010,2012,2016,,
1214183,M-MUK,medium,Temanggung,B16,7,collecting,13,1877,2951,2957,2019,2028,2933,1878,2010,2011,2016,,
1215183,M-MUK,medium,Temanggung,B16,7,collecting,14,1877,2949,2958,2019,2028,2931,1878,2010,2012,2016,,
1216183,M-MUK,medium,Temanggung,B16,7,collecting,15,1877,2951,2958,2018,2028,2935,1878,2010,2011,2016,,
1217183,M-MUK,medium,Temanggung,B16,7,collecting,16,1877,2950,2958,2019,2028,2932,1879,2010,2012,2016,,
1218183,M-MUK,medium,Temanggung,B16,7,collecting,17,1877,2949,2958,2019,2028,2935,1878,2010,2012,2016,,
1219183,M-MUK,medium,Temanggung,B16,7,collecting,18,1877,2949,2956,2019,2028,2933,1879,2010,2011,2016,,
1220184,M-MUK,medium,Temanggung,B16,7,collecting,19,1877,2950,2956,2019,2028,2933,1878,2010,2011,2016,,
1221183,M-MUK,medium,Temanggung,B16,7,collecting,20,1877,2950,2958,2019,2028,2933,1879,2010,2012,2016,,
1222183,M-MUK,medium,Temanggung,B16,7,collecting,21,1877,2950,2958,2019,2028,2935,1878,2010,2012,2016,,
1223183,M-MUK,medium,Temanggung,B16,7,collecting,22,1877,2953,2959,2019,2028,2933,1878,2010,2011,2016,,
1224183,M-MUK,medium,Temanggung,B16,7,collecting,23,1877,2950,2958,2019,2028,2936,1878,2009,2012,2016,,
1225183,M-MUK,medium,Temanggung,B16,7,collecting,24,1877,2951,2958,2019,2028,2933,1879,2009,2011,2016,,
1226183,M-MUK,medium,Temanggung,B16,7,collecting,25,1877,2952,2955,2019,2028,2935,1878,2010,2011,2016,,
1227184,M-MUK,medium,Temanggung,B16,7,collecting,26,1877,2950,2956,2018,2028,2932,1878,2010,2012,2016,,
1228183,M-MUK,medium,Temanggung,B16,7,collecting,27,1877,2949,2958,2018,2028,2935,1878,2010,2011,2016,,
1229184,M-MUK,medium,Temanggung,B16,7,collecting,28,1877,2949,2958,2018,2028,2934,1878,2010,2011,2016,,
1230183,M-MUK,medium,Temanggung,B16,7,collecting,29,1877,2952,2956,2018,2028,2935,1879,2010,2011,2016,,
1231183,M-MUK,medium,Temanggung,B16,7,collecting,30,1877,2951,2956,2018,2028,2933,1878,2010,2011,2016,,
1232183,M-MUK,medium,Temanggung,B16,7,collecting,31,1877,2948,2957,2018,2028,2935,1879,2010,2011,2016,,
1233183,M-MUK,medium,Temanggung,B16,7,collecting,32,1877,2953,2956,2018,2028,2933,1878,2009,2011,2016,,
1234183,M-MUK,medium,Temanggung,B16,7,collecting,33,1877,2949,2956,2018,2028,2933,1879,2009,2011,2016,,
1235183,M-MUK,medium,Temanggung,B16,7,collecting,34,1878,2950,2958,2018,2028,2933,1878,2010,2011,2016,,
1236184,M-MUK,medium,Temanggung,B16,7,collecting,35,1877,2952,2958,2018,2028,2932,1878,2010,2011,2016,,
1237183,M-MUK,medium,Temanggung,B16,7,collecting,36,1877,2949,2956,2018,2028,2932,1879,2010,2011,2016,,
1238183,M-MUK,medium,Temanggung,B16,7,collecting,37,1877,2953,2957,2018,2029,2933,1878,2010,2011,2016,,
1239183,M-MUK,medium,Temanggung,B16,7,collecting,38,1877,2949,2956,2017,2029,2932,1878,2009,2011,2016,,
1240183,M-MUK,medium,Temanggung,B16,7,collecting,39,1877,2948,2959,2017,2029,2932,1879,2009,2012,2016,,
1241183,M-MUK,medium,Temanggung,B16,7,collecting,40,1877,2952,2956,2018,2028,2935,1879,2009,2011,2016,,
1242183,M-MUK,medium,Temanggung,B16,7,collecting,41,1876,2955,2958,2017,2029,2932,1879,2009,2011,2016,,
1243184,M-MUK,medium,Temanggung,B16,7,collecting,42,1876,2949,2957,2017,2029,2935,1879,2009,2012,2016,,
1244183,M-MUK,medium,Temanggung,B16,7,collecting,43,1876,2950,2956,2018,2029,2935,1879,2009,2011,2016,,
1245184,M-MUK,medium,Temanggung,B16,7,collecting,44,1877,2950,2957,2018,2028,2935,1878,2009,2011,2016,,
1246183,M-MUK,medium,Temanggung,B16,7,collecting,45,1877,2952,2956,2019,2028,2933,1878,2009,2011,2016,,
1247183,M-MUK,medium,Temanggung,B16,7,collecting,46,1877,2950,2956,2018,2028,2934,1878,2009,2011,2016,,
1248183,M-MUK,medium,Temanggung,B16,7,collecting,47,1877,2950,2957,2018,2028,2933,1878,2010,2011,2016,,
1249183,M-MUK,medium,Temanggung,B16,7,collecting,48,1877,2948,2954,2018,2028,2932,1878,2010,2011,2016,,
1250183,M-MUK,medium,Temanggung,B16,7,collecting,49,1877,2948,2956,2018,2028,2935,1878,2010,2011,2016,,
1251183,M-MUK,medium,Temanggung,B16,7,collecting,50,1877,2948,2956,2018,2028,2935,1878,2009,2011,2016,,
1252184,M-MUK,medium,Temanggung,B16,7,collecting,51,1877,2950,2957,2017,2029,2933,1878,2009,2011,2016,,
1253183,M-MUK,medium,Temanggung,B16,7,collecting,52,1877,2947,2956,2017,2029,2933,1878,2009,2011,2015,,
1254183,M-MUK,medium,Temanggung,B16,7,collecting,53,1877,2947,2955,2018,2029,2933,1879,2009,2011,2016,,
1255183,M-MUK,medium,Temanggung,B16,7,collecting,54,1876,2950,2955,2017,2029,2933,1879,2009,2011,2016,,
1256183,M-MUK,medium,Temanggung,B16,7,collecting,55,1876,2949,2955,2018,2029,2932,1879,2009,2011,2016,,
1257183,M-MUK,medium,Temanggung,B16,7,collecting,56,1876,2950,2958,2017,2029,2933,1878,2009,2011,2016,,
1258183,M-MUK,medium,Temanggung,B16,7,collecting,57,1876,2953,2958,2018,2028,2933,1878,2009,2011,2015,,
1259184,M-MUK,medium,Temanggung,B16,7,collecting,58,1876,2950,2956,2018,2028,2932,1878,2009,2011,2016,,
1260183,M-MUK,medium,Temanggung,B16,7,collecting,59,1876,2950,2956,2018,2028,2933,1878,2009,2011,2016,,
1261184,M-MUK,medium,Temanggung,B16,7,collecting,60,1876,2949,2956,2018,2028,2933,1878,2009,2011,2016,,
1262186,M-MUK,medium,Temanggung,B16,8,purging,1,1876,2949,2959,2018,2028,2935,1878,2010,2011,2016,,
1263182,M-MUK,medium,Temanggung,B16,8,purging,2,1877,2949,2958,2018,2028,2933,1878,2009,2011,2016,,
1264182,M-MUK,medium,Temanggung,B16,8,purging,3,1877,2947,2960,2018,2028,2932,1878,2009,2011,2016,,
1265182,M-MUK,medium,Temanggung,B16,8,purging,4,1877,2948,2956,2017,2029,2932,1878,2009,2011,2015,,
1266182,M-MUK,medium,Temanggung,B16,8,purging,5,1876,2949,2956,2017,2029,2931,1878,2009,2011,2016,,
1267182,M-MUK,medium,Temanggung,B16,8,purging,6,1876,2953,2956,2018,2029,2933,1878,2009,2011,2015,,
1268183,M-MUK,medium,Temanggung,B16,8,purging,7,1876,2949,2958,2018,2029,2932,1878,2009,2011,2015,,
1269182,M-MUK,medium,Temanggung,B16,8,purging,8,1876,2950,2956,2018,2029,2933,1879,2009,2011,2015,,
1270182,M-MUK,medium,Temanggung,B16,8,purging,9,1876,2952,2955,2017,2028,2932,1878,2009,2011,2016,,
1271183,M-MUK,medium,Temanggung,B16,8,purging,10,1876,2950,2957,2018,2027,2935,1878,2009,2011,2016,,
1272183,M-MUK,medium,Temanggung,B16,8,purging,11,1876,2948,2956,2018,2027,2932,1878,2009,2010,2015,,
1273183,M-MUK,medium,Temanggung,B16,8,purging,12,1876,2950,2956,2017,2028,2933,1878,2009,2011,2015,,
1274183,M-MUK,medium,Temanggung,B16,8,purging,13,1877,2953,2957,2017,2028,2932,1878,2010,2010,2016,,
1275184,M-MUK,medium,Temanggung,B16,8,purging,14,1876,2950,2956,2017,2028,2932,1878,2009,2010,2015,,
1276183,M-MUK,medium,Temanggung,B16,8,purging,15,1877,2949,2957,2017,2027,2932,1878,2009,2011,2015,,
1277184,M-MUK,medium,Temanggung,B16,8,purging,16,1876,2951,2957,2017,2028,2932,1878,2009,2011,2015,,
1278183,M-MUK,medium,Temanggung,B16,8,purging,17,1877,2949,2955,2017,2028,2933,1878,2009,2010,2015,,
1279183,M-MUK,medium,Temanggung,B16,8,purging,18,1876,2947,2955,2017,2028,2933,1878,2009,2011,2016,,
1280183,M-MUK,medium,Temanggung,B16,8,purging,19,1876,2949,2958,2017,2028,2933,1878,2009,2011,2015,,
1281183,M-MUK,medium,Temanggung,B16,8,purging,20,1876,2949,2955,2017,2028,2933,1878,2009,2011,2015,,
1282183,M-MUK,medium,Temanggung,B16,8,purging,21,1877,2949,2956,2017,2028,2933,1878,2009,2011,2015,,
1283183,M-MUK,medium,Temanggung,B16,8,purging,22,1877,2953,2955,2017,2027,2932,1878,2009,2011,2015,,
1284184,M-MUK,medium,Temanggung,B16,8,purging,23,1877,2948,2955,2018,2028,2932,1878,2009,2011,2015,,
1285183,M-MUK,medium,Temanggung,B16,8,purging,24,1876,2948,2955,2017,2027,2933,1878,2009,2011,2015,,
1286183,M-MUK,medium,Temanggung,B16,8,purging,25,1877,2948,2958,2018,2027,2933,1878,2009,2010,2015,,
1287183,M-MUK,medium,Temanggung,B16,8,purging,26,1876,2952,2955,2018,2028,2933,1878,2009,2010,2016,,
1288183,M-MUK,medium,Temanggung,B16,8,purging,27,1877,2947,2957,2017,2028,2933,1878,2009,2011,2015,,
1289183,M-MUK,medium,Temanggung,B16,8,purging,28,1877,2948,2956,2017,2027,2932,1878,2009,2010,2015,,
1290183,M-MUK,medium,Temanggung,B16,8,purging,29,1876,2949,2956,2017,2028,2932,1878,2008,2011,2015,,
1291184,M-MUK,medium,Temanggung,B16,8,purging,30,1876,2949,2956,2017,2028,2932,1878,2009,2011,2015,,
1292183,M-MUK,medium,Temanggung,B16,8,purging,31,1876,2952,2955,2017,2028,2932,1878,2008,2011,2015,,
1293184,M-MUK,medium,Temanggung,B16,8,purging,32,1876,2948,2955,2017,2028,2932,1878,2009,2011,2015,,
1294183,M-MUK,medium,Temanggung,B16,8,purging,33,1876,2948,2955,2017,2028,2933,1878,2009,2011,2015,,
1295183,M-MUK,medium,Temanggung,B16,8,purging,34,1876,2947,2956,2018,2028,2932,1878,2009,2011,2015,,
1296183,M-MUK,medium,Temanggung,B16,8,purging,35,1876,2949,2955,2018,2027,2932,1877,2009,2011,2015,,
1297183,M-MUK,medium,Temanggung,B16,8,purging,36,1876,2948,2955,2018,2028,2933,1877,2009,2010,2015,,
1298183,M-MUK,medium,Temanggung,B16,8,purging,37,1876,2948,2954,2017,2027,2932,1878,2009,2010,2015,,
1299183,M-MUK,medium,Temanggung,B16,8,purging,38,1877,2948,2959,2017,2028,2932,1878,2009,2010,2015,,
1300184,M-MUK,medium,Temanggung,B16,8,purging,39,1877,2952,2956,2017,2027,2932,1878,2009,2010,2016,,
1301183,M-MUK,medium,Temanggung,B16,8,purging,40,1876,2949,2958,2017,2028,2933,1878,2009,2010,2015,,
1302183,M-MUK,medium,Temanggung,B16,8,purging,41,1876,2949,2955,2017,2028,2932,1878,2008,2010,2015,,
1303183,M-MUK,medium,Temanggung,B16,8,purging,42,1876,2949,2958,2017,2028,2933,1878,2009,2011,2015,,
1304183,M-MUK,medium,Temanggung,B16,8,purging,43,1876,2948,2958,2017,2028,2933,1878,2008,2011,2015,,
1305183,M-MUK,medium,Temanggung,B16,8,purging,44,1876,2947,2956,2017,2029,2933,1878,2009,2010,2015,,
1306183,M-MUK,medium,Temanggung,B16,8,purging,45,1876,2948,2955,2017,2028,2933,1878,2009,2011,2016,,
1307184,M-MUK,medium,Temanggung,B16,8,purging,46,1876,2949,2954,2017,2027,2933,1878,2009,2010,2015,,
1308183,M-MUK,medium,Temanggung,B16,8,purging,47,1876,2950,2958,2017,2028,2933,1878,2009,2010,2015,,
1309184,M-MUK,medium,Temanggung,B16,8,purging,48,1876,2947,2956,2018,2028,2932,1878,2009,2010,2016,,
1310183,M-MUK,medium,Temanggung,B16,8,purging,49,1876,2950,2956,2017,2027,2932,1878,2009,2010,2015,,
1311183,M-MUK,medium,Temanggung,B16,8,purging,50,1876,2949,2957,2017,2028,2932,1878,2009,2010,2015,,
1312183,M-MUK,medium,Temanggung,B16,8,purging,51,1876,2947,2956,2017,2028,2933,1877,2008,2010,2015,,
1313183,M-MUK,medium,Temanggung,B16,8,purging,52,1876,2949,2955,2017,2028,2933,1878,2009,2011,2016,,
1314183,M-MUK,medium,Temanggung,B16,8,purging,53,1876,2947,2957,2017,2028,2931,1878,2008,2011,2015,,
1315183,M-MUK,medium,Temanggung,B16,8,purging,54,1876,2950,2956,2017,2028,2932,1878,2008,2011,2015,,
1316184,M-MUK,medium,Temanggung,B16,8,purging,55,1876,2949,2955,2017,2027,2933,1878,2008,2010,2015,,
1317183,M-MUK,medium,Temanggung,B16,8,purging,56,1876,2947,2955,2017,2027,2933,1877,2008,2011,2015,,
1318183,M-MUK,medium,Temanggung,B16,8,purging,57,1876,2947,2957,2018,2027,2933,1877,2009,2010,2015,,
1319183,M-MUK,medium,Temanggung,B16,8,purging,58,1876,2950,2957,2018,2027,2933,1878,2009,2010,2015,,
1320183,M-MUK,medium,Temanggung,B16,8,purging,59,1876,2950,2955,2017,2028,2932,1878,2009,2010,2015,,
1321183,M-MUK,medium,Temanggung,B16,8,purging,60,1876,2947,2956,2017,2028,2933,1878,2009,2010,2015,,
1322183,M-MUK,medium,Temanggung,B16,8,purging,61,1876,2948,2954,2017,2027,2932,1878,2009,2010,2015,,
1323184,M-MUK,medium,Temanggung,B16,8,purging,62,1876,2951,2956,2016,2028,2932,1878,2008,2010,2014,,
1324183,M-MUK,medium,Temanggung,B16,8,purging,63,1876,2949,2956,2017,2028,2933,1877,2008,2010,2015,,
1325184,M-MUK,medium,Temanggung,B16,8,purging,64,1876,2949,2956,2017,2029,2932,1878,2008,2011,2015,,
1326183,M-MUK,medium,Temanggung,B16,8,purging,65,1876,2950,2956,2017,2028,2933,1877,2008,2010,2015,,
1327183,M-MUK,medium,Temanggung,B16,8,purging,66,1876,2949,2954,2017,2028,2932,1878,2009,2010,2015,,
1328183,M-MUK,medium,Temanggung,B16,8,purging,67,1876,2949,2953,2017,2027,2932,1878,2008,2011,2015,,
1329183,M-MUK,medium,Temanggung,B16,8,purging,68,1876,2950,2956,2017,2027,2932,1877,2008,2011,2015,,
1330183,M-MUK,medium,Temanggung,B16,8,purging,69,1876,2948,2955,2017,2027,2932,1877,2009,2010,2015,,
1331183,M-MUK,medium,Temanggung,B16,8,purging,70,1876,2946,2953,2017,2027,2930,1877,2009,2010,2015,,
1332184,M-MUK,medium,Temanggung,B16,8,purging,71,1876,2949,2956,2017,2027,2932,1878,2009,2010,2015,,
1333183,M-MUK,medium,Temanggung,B16,8,purging,72,1876,2947,2957,2017,2027,2932,1878,2008,2010,2015,,
1334183,M-MUK,medium,Temanggung,B16,8,purging,73,1877,2952,2957,2016,2028,2933,1877,2008,2010,2015,,
1335183,M-MUK,medium,Temanggung,B16,8,purging,74,1876,2947,2955,2017,2028,2932,1878,2008,2010,2015,,
1336183,M-MUK,medium,Temanggung,B16,8,purging,75,1876,2949,2956,2017,2028,2932,1878,2008,2010,2015,,
1337183,M-MUK,medium,Temanggung,B16,8,purging,76,1876,2951,2957,2017,2028,2932,1878,2008,2010,2015,,
1338183,M-MUK,medium,Temanggung,B16,8,purging,77,1876,2950,2955,2017,2028,2932,1878,2008,2010,2015,,
1339184,M-MUK,medium,Temanggung,B16,8,purging,78,1876,2951,2954,2017,2028,2932,1878,2009,2010,2015,,
1340183,M-MUK,medium,Temanggung,B16,8,purging,79,1876,2947,2957,2017,2027,2932,1878,2008,2010,2015,,
1341184,M-MUK,medium,Temanggung,B16,8,purging,80,1876,2949,2954,2017,2027,2932,1877,2009,2010,2015,,
1342183,M-MUK,medium,Temanggung,B16,8,purging,81,1876,2949,2956,2017,2027,2932,1878,2009,2010,2015,,
1343183,M-MUK,medium,Temanggung,B16,8,purging,82,1876,2948,2955,2017,2028,2933,1877,2008,2010,2015,,
1344183,M-MUK,medium,Temanggung,B16,8,purging,83,1876,2948,2957,2017,2027,2932,1878,2008,2010,2015,,
1345183,M-MUK,medium,Temanggung,B16,8,purging,84,1876,2947,2955,2017,2027,2930,1877,2008,2010,2015,,
1346183,M-MUK,medium,Temanggung,B16,8,purging,85,1876,2948,2957,2016,2027,2932,1878,2008,2010,2015,,
1347183,M-MUK,medium,Temanggung,B16,8,purging,86,1875,2947,2954,2017,2028,2931,1877,2008,2010,2015,,
1348184,M-MUK,medium,Temanggung,B16,8,purging,87,1876,2949,2957,2017,2028,2931,1878,2008,2011,2015,,
1349183,M-MUK,medium,Temanggung,B16,8,purging,88,1876,2950,2956,2017,2028,2932,1878,2008,2010,2015,,
1350183,M-MUK,medium,Temanggung,B16,8,purging,89,1876,2948,2956,2017,2028,2933,1877,2008,2011,2014,,
1351183,M-MUK,medium,Temanggung,B16,8,purging,90,1875,2952,2956,2017,2027,2933,1878,2008,2010,2015,,
1352183,M-MUK,medium,Temanggung,B16,8,purging,91,1876,2947,2956,2017,2027,2930,1877,2008,2010,2015,,
1353183,M-MUK,medium,Temanggung,B16,8,purging,92,1876,2949,2956,2017,2027,2933,1877,2008,2010,2015,,
1354183,M-MUK,medium,Temanggung,B16,8,purging,93,1876,2949,2956,2017,2027,2935,1877,2008,2010,2015,,
1355184,M-MUK,medium,Temanggung,B16,8,purging,94,1876,2947,2958,2017,2028,2933,1877,2008,2010,2015,,
1356183,M-MUK,medium,Temanggung,B16,8,purging,95,1876,2950,2958,2017,2027,2932,1877,2008,2010,2015,,
1357184,M-MUK,medium,Temanggung,B16,8,purging,96,1876,2949,2957,2017,2027,2932,1877,2009,2010,2015,,
1358183,M-MUK,medium,Temanggung,B16,8,purging,97,1875,2950,2956,2016,2028,2932,1877,2008,2010,2015,,
1359183,M-MUK,medium,Temanggung,B16,8,purging,98,1876,2949,2955,2017,2028,2932,1878,2008,2010,2015,,
1360183,M-MUK,medium,Temanggung,B16,8,purging,99,1876,2947,2956,2016,2028,2932,1878,2008,2010,2015,,
1361183,M-MUK,medium,Temanggung,B16,8,purging,100,1876,2948,2955,2017,2028,2932,1877,2008,2010,2014,,
1362183,M-MUK,medium,Temanggung,B16,8,purging,101,1876,2949,2956,2016,2028,2935,1877,2008,2010,2015,,
1363183,M-MUK,medium,Temanggung,B16,8,purging,102,1876,2951,2956,2017,2028,2933,1878,2008,2010,2015,,
1364184,M-MUK,medium,Temanggung,B16,8,purging,103,1876,2950,2955,2017,2027,2931,1877,2008,2010,2015,,
1365183,M-MUK,medium,Temanggung,B16,8,purging,104,1876,2947,2956,2017,2027,2931,1877,2008,2010,2015,,
1366183,M-MUK,medium,Temanggung,B16,8,purging,105,1876,2951,2956,2017,2027,2932,1877,2008,2010,2015,,
1367183,M-MUK,medium,Temanggung,B16,8,purging,106,1876,2949,2958,2017,2027,2931,1878,2008,2010,2015,,
1368183,M-MUK,medium,Temanggung,B16,8,purging,107,1876,2948,2955,2017,2027,2932,1877,2008,2010,2014,,
1369183,M-MUK,medium,Temanggung,B16,8,purging,108,1876,2950,2956,2017,2027,2935,1877,2008,2010,2015,,
1370183,M-MUK,medium,Temanggung,B16,8,purging,109,1876,2948,2955,2017,2027,2933,1878,2008,2010,2015,,
1371184,M-MUK,medium,Temanggung,B16,8,purging,110,1877,2952,2958,2017,2027,2930,1877,2008,2010,2015,,
1372183,M-MUK,medium,Temanggung,B16,8,purging,111,1876,2947,2955,2017,2027,2932,1877,2008,2010,2015,,
1373184,M-MUK,medium,Temanggung,B16,8,purging,112,1876,2951,2955,2016,2027,2932,1878,2008,2010,2015,,
1374183,M-MUK,medium,Temanggung,B16,8,purging,113,1876,2950,2956,2016,2027,2931,1877,2008,2010,2015,,
1375183,M-MUK,medium,Temanggung,B16,8,purging,114,1876,2949,2956,2016,2027,2933,1877,2008,2010,2014,,
1376183,M-MUK,medium,Temanggung,B16,8,purging,115,1875,2947,2958,2016,2028,2932,1878,2008,2010,2015,,
1377183,M-MUK,medium,Temanggung,B16,8,purging,116,1875,2949,2953,2016,2028,2932,1877,2008,2010,2014,,
1378183,M-MUK,medium,Temanggung,B16,8,purging,117,1876,2949,2956,2016,2028,2932,1878,2008,2010,2015,,
1379183,M-MUK,medium,Temanggung,B16,8,purging,118,1876,2949,2958,2016,2028,2930,1878,2008,2011,2015,,
1380184,M-MUK,medium,Temanggung,B16,8,purging,119,1876,2949,2957,2016,2028,2933,1877,2008,2010,2015,,
1381183,M-MUK,medium,Temanggung,B16,8,purging,120,1875,2948,2956,2017,2028,2933,1877,2008,2010,2015,,
1382187,M-MUK,medium,Temanggung,B16,8,collecting,1,1876,2951,2956,2017,2028,2932,1877,2008,2011,2014,,
1383183,M-MUK,medium,Temanggung,B16,8,collecting,2,1876,2952,2955,2016,2028,2933,1877,2008,2010,2015,,
1384183,M-MUK,medium,Temanggung,B16,8,collecting,3,1875,2948,2953,2017,2028,2935,1877,2008,2010,2015,,
1385183,M-MUK,medium,Temanggung,B16,8,collecting,4,1875,2948,2953,2016,2028,2933,1877,2008,2010,2015,,
1386183,M-MUK,medium,Temanggung,B16,8,collecting,5,1875,2949,2955,2017,2027,2933,1878,2008,2010,2014,,
1387184,M-MUK,medium,Temanggung,B16,8,collecting,6,1875,2948,2955,2016,2027,2932,1878,2008,2010,2015,,
1388183,M-MUK,medium,Temanggung,B16,8,collecting,7,1876,2950,2957,2017,2027,2933,1877,2008,2010,2015,,
1389184,M-MUK,medium,Temanggung,B16,8,collecting,8,1876,2949,2956,2017,2027,2933,1877,2008,2010,2015,,
1390183,M-MUK,medium,Temanggung,B16,8,collecting,9,1876,2952,2956,2017,2027,2932,1877,2008,2010,2015,,
1391183,M-MUK,medium,Temanggung,B16,8,collecting,10,1876,2950,2954,2017,2027,2932,1877,2008,2010,2015,,
1392183,M-MUK,medium,Temanggung,B16,8,collecting,11,1876,2950,2955,2017,2027,2932,1877,2009,2010,2015,,
1393183,M-MUK,medium,Temanggung,B16,8,collecting,12,1875,2949,2956,2017,2027,2932,1878,2008,2010,2014,,
1394183,M-MUK,medium,Temanggung,B16,8,collecting,13,1876,2948,2958,2017,2027,2932,1877,2009,2010,2014,,
1395183,M-MUK,medium,Temanggung,B16,8,collecting,14,1876,2947,2955,2016,2027,2931,1877,2008,2010,2015,,
1396184,M-MUK,medium,Temanggung,B16,8,collecting,15,1875,2947,2955,2016,2027,2932,1877,2008,2010,2015,,
1397183,M-MUK,medium,Temanggung,B16,8,collecting,16,1876,2947,2956,2016,2027,2932,1877,2008,2010,2015,,
1398183,M-MUK,medium,Temanggung,B16,8,collecting,17,1876,2947,2958,2016,2027,2932,1877,2008,2009,2014,,
1399183,M-MUK,medium,Temanggung,B16,8,collecting,18,1876,2951,2956,2016,2027,2932,1877,2008,2009,2015,,
1400183,M-MUK,medium,Temanggung,B16,8,collecting,19,1876,2947,2954,2016,2027,2932,1877,2008,2009,2014,,
1401183,M-MUK,medium,Temanggung,B16,8,collecting,20,1876,2949,2958,2016,2027,2933,1877,2008,2010,2015,,
1402183,M-MUK,medium,Temanggung,B16,8,collecting,21,1876,2948,2955,2016,2028,2930,1877,2008,2009,2014,,
1403184,M-MUK,medium,Temanggung,B16,8,collecting,22,1876,2950,2955,2016,2028,2932,1877,2008,2010,2015,,
1404183,M-MUK,medium,Temanggung,B16,8,collecting,23,1876,2948,2958,2015,2028,2932,1878,2008,2010,2014,,
1405184,M-MUK,medium,Temanggung,B16,8,collecting,24,1875,2948,2956,2016,2028,2932,1878,2007,2010,2014,,
1406183,M-MUK,medium,Temanggung,B16,8,collecting,25,1875,2949,2954,2016,2028,2932,1877,2008,2010,2015,,
1407183,M-MUK,medium,Temanggung,B16,8,collecting,26,1876,2952,2956,2016,2028,2931,1878,2008,2010,2014,,
1408183,M-MUK,medium,Temanggung,B16,8,collecting,27,1875,2948,2955,2016,2028,2932,1878,2008,2010,2014,,
1409183,M-MUK,medium,Temanggung,B16,8,collecting,28,1876,2949,2955,2016,2028,2932,1877,2008,2010,2014,,
1410183,M-MUK,medium,Temanggung,B16,8,collecting,29,1876,2949,2957,2016,2028,2934,1877,2008,2010,2014,,
1411183,M-MUK,medium,Temanggung,B16,8,collecting,30,1875,2949,2954,2016,2027,2933,1877,2008,2010,2014,,
1412184,M-MUK,medium,Temanggung,B16,8,collecting,31,1875,2950,2953,2016,2028,2932,1877,2008,2010,2014,,
1413183,M-MUK,medium,Temanggung,B16,8,collecting,32,1875,2947,2958,2016,2028,2932,1877,2007,2010,2015,,
1414183,M-MUK,medium,Temanggung,B16,8,collecting,33,1875,2947,2954,2017,2027,2932,1877,2007,2010,2014,,
1415183,M-MUK,medium,Temanggung,B16,8,collecting,34,1875,2948,2955,2016,2027,2933,1877,2008,2010,2014,,
1416183,M-MUK,medium,Temanggung,B16,8,collecting,35,1875,2949,2956,2017,2027,2930,1877,2008,2010,2014,,
1417183,M-MUK,medium,Temanggung,B16,8,collecting,36,1875,2949,2953,2016,2027,2933,1877,2008,2010,2015,,
1418183,M-MUK,medium,Temanggung,B16,8,collecting,37,1875,2949,2954,2017,2027,2932,1877,2008,2010,2015,,
1419184,M-MUK,medium,Temanggung,B16,8,collecting,38,1875,2947,2953,2016,2027,2932,1877,2007,2010,2014,,
1420183,M-MUK,medium,Temanggung,B16,8,collecting,39,1875,2947,2957,2017,2027,2932,1877,2008,2010,2014,,
1421184,M-MUK,medium,Temanggung,B16,8,collecting,40,1875,2950,2956,2016,2027,2933,1877,2008,2010,2014,,
1422183,M-MUK,medium,Temanggung,B16,8,collecting,41,1875,2949,2956,2016,2027,2932,1877,2007,2010,2014,,
1423183,M-MUK,medium,Temanggung,B16,8,collecting,42,1875,2949,2958,2016,2026,2933,1877,2008,2009,2014,,
1424183,M-MUK,medium,Temanggung,B16,8,collecting,43,1875,2950,2955,2016,2027,2932,1877,2008,2010,2015,,
1425183,M-MUK,medium,Temanggung,B16,8,collecting,44,1876,2947,2953,2016,2027,2932,1877,2008,2009,2014,,
1426183,M-MUK,medium,Temanggung,B16,8,collecting,45,1875,2948,2958,2016,2027,2932,1877,2007,2010,2014,,
1427183,M-MUK,medium,Temanggung,B16,8,collecting,46,1876,2949,2954,2016,2026,2932,1877,2008,2010,2014,,
1428184,M-MUK,medium,Temanggung,B16,8,collecting,47,1875,2949,2955,2016,2027,2933,1877,2008,2009,2014,,
1429183,M-MUK,medium,Temanggung,B16,8,collecting,48,1876,2950,2955,2016,2027,2933,1876,2008,2009,2014,,
1430183,M-MUK,medium,Temanggung,B16,8,collecting,49,1875,2947,2956,2016,2027,2932,1877,2008,2009,2014,,
1431183,M-MUK,medium,Temanggung,B16,8,collecting,50,1876,2947,2956,2016,2027,2933,1877,2008,2009,2014,,
1432183,M-MUK,medium,Temanggung,B16,8,collecting,51,1875,2947,2955,2016,2027,2932,1877,2008,2010,2014,,
1433183,M-MUK,medium,Temanggung,B16,8,collecting,52,1876,2952,2956,2016,2027,2930,1877,2008,2009,2014,,
1434183,M-MUK,medium,Temanggung,B16,8,collecting,53,1875,2948,2954,2016,2026,2932,1877,2008,2009,2014,,
1435184,M-MUK,medium,Temanggung,B16,8,collecting,54,1876,2947,2955,2017,2027,2932,1877,2008,2009,2015,,
1436183,M-MUK,medium,Temanggung,B16,8,collecting,55,1875,2947,2955,2016,2027,2931,1877,2008,2009,2014,,
1437184,M-MUK,medium,Temanggung,B16,8,collecting,56,1876,2948,2954,2016,2027,2932,1877,2008,2009,2015,,
1438183,M-MUK,medium,Temanggung,B16,8,collecting,57,1876,2949,2955,2016,2027,2932,1877,2008,2009,2014,,
1439183,M-MUK,medium,Temanggung,B16,8,collecting,58,1875,2950,2955,2016,2027,2932,1877,2008,2009,2014,,
1440183,M-MUK,medium,Temanggung,B16,8,collecting,59,1875,2950,2956,2016,2027,2932,1877,2008,2009,2014,,
1441183,M-MUK,medium,Temanggung,B16,8,collecting,60,1875,2946,2954,2016,2026,2931,1877,2008,2009,2015,,
1442186,M-MUK,medium,Temanggung,B16,9,purging,1,1875,2949,2954,2016,2027,2932,1877,2008,2009,2015,,
1443182,M-MUK,medium,Temanggung,B16,9,purging,2,1875,2950,2954,2016,2026,2932,1877,2008,2009,2014,,
1444183,M-MUK,medium,Temanggung,B16,9,purging,3,1875,2947,2956,2016,2027,2932,1877,2008,2009,2014,,
1445182,M-MUK,medium,Temanggung,B16,9,purging,4,1875,2947,2955,2016,2027,2932,1877,2008,2009,2014,,
1446182,M-MUK,medium,Temanggung,B16,9,purging,5,1875,2948,2955,2016,2027,2932,1877,2008,2010,2014,,
1447182,M-MUK,medium,Temanggung,B16,9,purging,6,1875,2947,2955,2016,2027,2933,1877,2008,2009,2014,,
1448182,M-MUK,medium,Temanggung,B16,9,purging,7,1875,2948,2956,2015,2026,2930,1877,2008,2009,2014,,
1449182,M-MUK,medium,Temanggung,B16,9,purging,8,1876,2950,2956,2016,2025,2932,1877,2008,2009,2015,,
1450182,M-MUK,medium,Temanggung,B16,9,purging,9,1875,2949,2958,2016,2027,2932,1877,2008,2009,2014,,
1451184,M-MUK,medium,Temanggung,B16,9,purging,10,1876,2950,2958,2015,2027,2932,1877,2008,2009,2014,,
1452183,M-MUK,medium,Temanggung,B16,9,purging,11,1875,2948,2955,2015,2027,2930,1877,2008,2009,2014,,
1453184,M-MUK,medium,Temanggung,B16,9,purging,12,1875,2950,2954,2016,2027,2932,1877,2008,2009,2014,,
1454183,M-MUK,medium,Temanggung,B16,9,purging,13,1875,2948,2953,2015,2027,2932,1877,2007,2009,2014,,
1455183,M-MUK,medium,Temanggung,B16,9,purging,14,1875,2947,2956,2015,2027,2930,1877,2008,2009,2014,,
1456183,M-MUK,medium,Temanggung,B16,9,purging,15,1876,2950,2955,2015,2027,2932,1877,2008,2010,2014,,
1457183,M-MUK,medium,Temanggung,B16,9,purging,16,1875,2947,2955,2015,2028,2932,1877,2008,2009,2014,,
1458183,M-MUK,medium,Temanggung,B16,9,purging,17,1875,2948,2953,2015,2027,2930,1877,2007,2009,2014,,
1459183,M-MUK,medium,Temanggung,B16,9,purging,18,1875,2949,2953,2016,2028,2931,1877,2007,2009,2014,,
1460184,M-MUK,medium,Temanggung,B16,9,purging,19,1875,2947,2954,2016,2027,2932,1877,2007,2010,2014,,
1461183,M-MUK,medium,Temanggung,B16,9,purging,20,1875,2951,2957,2016,2028,2932,1877,2007,2010,2014,,
1462183,M-MUK,medium,Temanggung,B16,9,purging,21,1875,2948,2956,2016,2028,2932,1877,2007,2009,2014,,
1463183,M-MUK,medium,Temanggung,B16,9,purging,22,1875,2949,2954,2016,2028,2931,1877,2007,2009,2014,,
1464183,M-MUK,medium,Temanggung,B16,9,purging,23,1875,2948,2952,2016,2028,2930,1877,2007,2010,2014,,
1465183,M-MUK,medium,Temanggung,B16,9,purging,24,1875,2950,2952,2016,2028,2932,1877,2007,2009,2014,,
1466183,M-MUK,medium,Temanggung,B16,9,purging,25,1875,2946,2956,2015,2028,2933,1877,2007,2010,2014,,
1467184,M-MUK,medium,Temanggung,B16,9,purging,26,1875,2949,2958,2015,2028,2935,1877,2008,2009,2014,,
1468183,M-MUK,medium,Temanggung,B16,9,purging,27,1875,2951,2957,2016,2027,2930,1877,2007,2009,2014,,
1469184,M-MUK,medium,Temanggung,B16,9,purging,28,1875,2947,2955,2016,2027,2932,1877,2007,2010,2014,,
1470183,M-MUK,medium,Temanggung,B16,9,purging,29,1875,2947,2955,2016,2027,2932,1877,2007,2009,2014,,
1471183,M-MUK,medium,Temanggung,B16,9,purging,30,1875,2947,2957,2016,2027,2932,1877,2007,2010,2014,,
1472183,M-MUK,medium,Temanggung,B16,9,purging,31,1875,2949,2957,2016,2027,2930,1877,2008,2009,2014,,
1473183,M-MUK,medium,Temanggung,B16,9,purging,32,1875,2951,2953,2016,2026,2933,1877,2008,2009,2014,,
1474183,M-MUK,medium,Temanggung,B16,9,purging,33,1875,2947,2957,2016,2026,2932,1877,2008,2009,2014,,
1475183,M-MUK,medium,Temanggung,B16,9,purging,34,1875,2949,2955,2016,2026,2930,1877,2008,2009,2014,,
1476184,M-MUK,medium,Temanggung,B16,9,purging,35,1875,2950,2956,2016,2027,2932,1877,2008,2009,2014,,
1477183,M-MUK,medium,Temanggung,B16,9,purging,36,1875,2947,2956,2016,2027,2931,1877,2007,2009,2014,,
1478183,M-MUK,medium,Temanggung,B16,9,purging,37,1875,2947,2955,2015,2027,2930,1877,2008,2009,2014,,
1479183,M-MUK,medium,Temanggung,B16,9,purging,38,1875,2948,2957,2015,2027,2932,1877,2008,2009,2014,,
1480183,M-MUK,medium,Temanggung,B16,9,purging,39,1875,2946,2955,2015,2027,2932,1877,2007,2009,2014,,
1481183,M-MUK,medium,Temanggung,B16,9,purging,40,1875,2947,2954,2015,2027,2932,1877,2007,2009,2014,,
1482183,M-MUK,medium,Temanggung,B16,9,purging,41,1875,2947,2952,2016,2028,2931,1877,2007,2010,2014,,
1483184,M-MUK,medium,Temanggung,B16,9,purging,42,1875,2947,2954,2015,2028,2931,1877,2008,2010,2014,,
1484183,M-MUK,medium,Temanggung,B16,9,purging,43,1875,2949,2956,2015,2028,2932,1877,2007,2010,2013,,
1485184,M-MUK,medium,Temanggung,B16,9,purging,44,1875,2950,2955,2016,2028,2932,1877,2007,2010,2013,,
1486183,M-MUK,medium,Temanggung,B16,9,purging,45,1875,2948,2956,2016,2028,2932,1877,2007,2010,2014,,
1487183,M-MUK,medium,Temanggung,B16,9,purging,46,1875,2947,2953,2016,2027,2931,1877,2007,2009,2014,,
1488183,M-MUK,medium,Temanggung,B16,9,purging,47,1874,2947,2955,2016,2027,2932,1877,2007,2010,2014,,
1489183,M-MUK,medium,Temanggung,B16,9,purging,48,1875,2947,2954,2016,2026,2932,1877,2008,2010,2014,,
1490183,M-MUK,medium,Temanggung,B16,9,purging,49,1875,2950,2956,2016,2027,2932,1877,2008,2009,2014,,
1491183,M-MUK,medium,Temanggung,B16,9,purging,50,1875,2946,2955,2016,2027,2932,1877,2008,2009,2014,,
1492184,M-MUK,medium,Temanggung,B16,9,purging,51,1875,2948,2957,2016,2027,2932,1877,2007,2009,2014,,
1493183,M-MUK,medium,Temanggung,B16,9,purging,52,1875,2946,2957,2016,2026,2931,1877,2007,2009,2014,,
1494183,M-MUK,medium,Temanggung,B16,9,purging,53,1875,2948,2957,2016,2027,2932,1877,2007,2009,2014,,
1495183,M-MUK,medium,Temanggung,B16,9,purging,54,1875,2947,2953,2015,2027,2932,1877,2007,2009,2014,,
1496183,M-MUK,medium,Temanggung,B16,9,purging,55,1875,2946,2953,2015,2027,2932,1877,2007,2010,2014,,
1497183,M-MUK,medium,Temanggung,B16,9,purging,56,1875,2949,2954,2015,2028,2930,1877,2007,2009,2014,,
1498183,M-MUK,medium,Temanggung,B16,9,purging,57,1875,2950,2956,2015,2028,2931,1877,2007,2009,2014,,
1499184,M-MUK,medium,Temanggung,B16,9,purging,58,1875,2946,2957,2015,2027,2932,1876,2007,2009,2014,,
1500183,M-MUK,medium,Temanggung,B16,9,purging,59,1875,2949,2957,2016,2027,2932,1877,2007,2009,2014,,
1501184,M-MUK,medium,Temanggung,B16,9,purging,60,1875,2950,2955,2016,2026,2932,1877,2007,2009,2013,,
1502183,M-MUK,medium,Temanggung,B16,9,purging,61,1875,2947,2955,2016,2026,2932,1876,2007,2009,2014,,
1503183,M-MUK,medium,Temanggung,B16,9,purging,62,1875,2947,2957,2016,2027,2932,1877,2007,2009,2014,,
1504183,M-MUK,medium,Temanggung,B16,9,purging,63,1875,2947,2956,2016,2026,2932,1876,2008,2009,2014,,
1505183,M-MUK,medium,Temanggung,B16,9,purging,64,1875,2945,2957,2015,2027,2931,1877,2007,2009,2014,,
1506183,M-MUK,medium,Temanggung,B16,9,purging,65,1875,2945,2956,2015,2026,2930,1877,2007,2009,2014,,
1507183,M-MUK,medium,Temanggung,B16,9,purging,66,1875,2947,2956,2015,2027,2932,1876,2007,2009,2013,,
1508184,M-MUK,medium,Temanggung,B16,9,purging,67,1875,2949,2954,2015,2028,2930,1877,2007,2009,2013,,
1509183,M-MUK,medium,Temanggung,B16,9,purging,68,1875,2947,2953,2015,2028,2930,1877,2007,2009,2014,,
1510183,M-MUK,medium,Temanggung,B16,9,purging,69,1875,2951,2955,2015,2027,2932,1877,2007,2009,2013,,
1511183,M-MUK,medium,Temanggung,B16,9,purging,70,1874,2948,2955,2015,2026,2930,1877,2007,2009,2013,,
1512183,M-MUK,medium,Temanggung,B16,9,purging,71,1875,2951,2953,2015,2027,2932,1877,2007,2009,2013,,
1513183,M-MUK,medium,Temanggung,B16,9,purging,72,1874,2950,2956,2015,2026,2931,1877,2007,2009,2013,,
1514183,M-MUK,medium,Temanggung,B16,9,purging,73,1875,2947,2952,2016,2027,2930,1877,2007,2009,2013,,
1515184,M-MUK,medium,Temanggung,B16,9,purging,74,1875,2952,2952,2016,2026,2932,1877,2007,2009,2014,,
1516183,M-MUK,medium,Temanggung,B16,9,purging,75,1875,2947,2956,2016,2027,2932,1876,2007,2009,2014,,
1517184,M-MUK,medium,Temanggung,B16,9,purging,76,1875,2950,2956,2016,2026,2931,1876,2007,2009,2013,,
1518183,M-MUK,medium,Temanggung,B16,9,purging,77,1875,2950,2952,2015,2026,2933,1877,2007,2009,2014,,
1519183,M-MUK,medium,Temanggung,B16,9,purging,78,1875,2950,2957,2015,2026,2932,1876,2007,2009,2013,,
1520183,M-MUK,medium,Temanggung,B16,9,purging,79,1875,2945,2952,2015,2027,2930,1877,2008,2009,2014,,
1521183,M-MUK,medium,Temanggung,B16,9,purging,80,1875,2946,2955,2015,2026,2932,1877,2007,2009,2014,,
1522183,M-MUK,medium,Temanggung,B16,9,purging,81,1875,2946,2953,2015,2026,2930,1877,2007,2009,2014,,
1523183,M-MUK,medium,Temanggung,B16,9,purging,82,1875,2948,2955,2015,2027,2932,1877,2007,2009,2014,,
1524184,M-MUK,medium,Temanggung,B16,9,purging,83,1874,2949,2956,2015,2027,2930,1877,2007,2009,2014,,
1525183,M-MUK,medium,Temanggung,B16,9,purging,84,1874,2949,2952,2015,2027,2932,1877,2007,2009,2013,,
1526183,M-MUK,medium,Temanggung,B16,9,purging,85,1874,2951,2955,2015,2027,2931,1877,2007,2009,2013,,
1527183,M-MUK,medium,Temanggung,B16,9,purging,86,1874,2949,2952,2015,2028,2932,1877,2007,2009,2014,,
1528183,M-MUK,medium,Temanggung,B16,9,purging,87,1875,2950,2952,2016,2026,2932,1877,2007,2009,2014,,
1529183,M-MUK,medium,Temanggung,B16,9,purging,88,1874,2946,2954,2016,2026,2930,1877,2007,2009,2013,,
1530183,M-MUK,medium,Temanggung,B16,9,purging,89,1875,2948,2953,2016,2025,2931,1876,2007,2009,2013,,
1531184,M-MUK,medium,Temanggung,B16,9,purging,90,1875,2947,2953,2015,2026,2930,1876,2008,2009,2013,,
1532183,M-MUK,medium,Temanggung,B16,9,purging,91,1875,2950,2954,2016,2025,2930,1877,2007,2009,2014,,
1533184,M-MUK,medium,Temanggung,B16,9,purging,92,1875,2946,2957,2015,2025,2931,1876,2007,2009,2013,,
1534183,M-MUK,medium,Temanggung,B16,9,purging,93,1875,2946,2957,2015,2026,2932,1876,2007,2009,2013,,
1535183,M-MUK,medium,Temanggung,B16,9,purging,94,1875,2948,2954,2015,2027,2930,1877,2007,2009,2013,,
1536183,M-MUK,medium,Temanggung,B16,9,purging,95,1875,2949,2953,2015,2027,2930,1877,2007,2009,2013,,
1537183,M-MUK,medium,Temanggung,B16,9,purging,96,1874,2949,2952,2015,2027,2931,1876,2007,2009,2014,,
1538183,M-MUK,medium,Temanggung,B16,9,purging,97,1875,2949,2953,2015,2027,2930,1877,2007,2009,2013,,
1539183,M-MUK,medium,Temanggung,B16,9,purging,98,1875,2949,2955,2015,2027,2932,1876,2007,2009,2013,,
1540184,M-MUK,medium,Temanggung,B16,9,purging,99,1875,2948,2952,2016,2026,2932,1877,2007,2009,2013,,
1541183,M-MUK,medium,Temanggung,B16,9,purging,100,1875,2947,2952,2016,2026,2931,1876,2007,2009,2014,,
1542183,M-MUK,medium,Temanggung,B16,9,purging,101,1875,2947,2954,2016,2026,2930,1876,2007,2009,2013,,
1543183,M-MUK,medium,Temanggung,B16,9,purging,102,1875,2950,2955,2015,2025,2931,1876,2007,2009,2013,,
1544183,M-MUK,medium,Temanggung,B16,9,purging,103,1875,2948,2953,2015,2026,2932,1877,2007,2009,2013,,
1545183,M-MUK,medium,Temanggung,B16,9,purging,104,1875,2948,2955,2015,2025,2930,1876,2007,2008,2014,,
1546183,M-MUK,medium,Temanggung,B16,9,purging,105,1875,2945,2953,2015,2026,2931,1876,2007,2009,2013,,
1547184,M-MUK,medium,Temanggung,B16,9,purging,106,1875,2950,2957,2015,2027,2931,1877,2007,2009,2013,,
1548183,M-MUK,medium,Temanggung,B16,9,purging,107,1875,2946,2956,2015,2027,2930,1876,2007,2008,2013,,
1549184,M-MUK,medium,Temanggung,B16,9,purging,108,1875,2948,2955,2015,2027,2932,1877,2006,2009,2013,,
1550183,M-MUK,medium,Temanggung,B16,9,purging,109,1874,2947,2957,2015,2027,2933,1876,2007,2009,2013,,
1551183,M-MUK,medium,Temanggung,B16,9,purging,110,1875,2947,2955,2015,2026,2932,1876,2006,2009,2013,,
1552183,M-MUK,medium,Temanggung,B16,9,purging,111,1875,2946,2953,2015,2026,2932,1876,2006,2009,2013,,
1553183,M-MUK,medium,Temanggung,B16,9,purging,112,1875,2950,2954,2016,2026,2932,1876,2007,2009,2013,,
1554183,M-MUK,medium,Temanggung,B16,9,purging,113,1875,2948,2952,2015,2025,2931,1876,2007,2008,2013,,
1555183,M-MUK,medium,Temanggung,B16,9,purging,114,1874,2947,2956,2015,2025,2932,1876,2007,2008,2013,,
1556184,M-MUK,medium,Temanggung,B16,9,purging,115,1875,2948,2952,2015,2025,2932,1876,2007,2009,2013,,
1557183,M-MUK,medium,Temanggung,B16,9,purging,116,1875,2946,2956,2014,2026,2930,1876,2007,2008,2013,,
1558183,M-MUK,medium,Temanggung,B16,9,purging,117,1875,2949,2955,2015,2027,2932,1877,2007,2009,2013,,
1559183,M-MUK,medium,Temanggung,B16,9,purging,118,1874,2949,2956,2015,2027,2930,1877,2006,2009,2013,,
1560183,M-MUK,medium,Temanggung,B16,9,purging,119,1874,2947,2952,2015,2027,2932,1876,2007,2009,2013,,
1561183,M-MUK,medium,Temanggung,B16,9,purging,120,1874,2949,2952,2015,2027,2931,1876,2006,2009,2013,,
1562186,M-MUK,medium,Temanggung,B16,9,collecting,1,1874,2946,2958,2015,2026,2931,1876,2007,2009,2013,,
1563184,M-MUK,medium,Temanggung,B16,9,collecting,2,1875,2946,2956,2015,2026,2932,1876,2006,2009,2013,,
1564183,M-MUK,medium,Temanggung,B16,9,collecting,3,1875,2952,2955,2016,2026,2932,1876,2007,2009,2013,,
1565184,M-MUK,medium,Temanggung,B16,9,collecting,4,1875,2947,2951,2015,2026,2932,1876,2007,2008,2014,,
1566183,M-MUK,medium,Temanggung,B16,9,collecting,5,1875,2950,2953,2015,2025,2932,1876,2007,2008,2013,,
1567183,M-MUK,medium,Temanggung,B16,9,collecting,6,1875,2946,2955,2015,2025,2930,1876,2007,2009,2013,,
1568183,M-MUK,medium,Temanggung,B16,9,collecting,7,1874,2946,2952,2015,2026,2932,1876,2006,2008,2013,,
1569183,M-MUK,medium,Temanggung,B16,9,collecting,8,1874,2946,2953,2015,2027,2930,1876,2007,2008,2013,,
1570183,M-MUK,medium,Temanggung,B16,9,collecting,9,1874,2946,2952,2015,2027,2930,1877,2006,2009,2013,,
1571183,M-MUK,medium,Temanggung,B16,9,collecting,10,1874,2946,2955,2015,2027,2930,1877,2007,2009,2013,,
1572184,M-MUK,medium,Temanggung,B16,9,collecting,11,1875,2949,2951,2015,2027,2932,1876,2006,2009,2013,,
1573183,M-MUK,medium,Temanggung,B16,9,collecting,12,1875,2948,2954,2015,2027,2930,1877,2006,2009,2013,,
1574183,M-MUK,medium,Temanggung,B16,9,collecting,13,1875,2949,2955,2015,2026,2932,1876,2007,2009,2013,,
1575183,M-MUK,medium,Temanggung,B16,9,collecting,14,1875,2950,2956,2015,2026,2932,1876,2006,2009,2013,,
1576183,M-MUK,medium,Temanggung,B16,9,collecting,15,1874,2947,2956,2015,2026,2932,1876,2007,2008,2013,,
1577183,M-MUK,medium,Temanggung,B16,9,collecting,16,1874,2946,2954,2015,2025,2932,1876,2007,2009,2013,,
1578183,M-MUK,medium,Temanggung,B16,9,collecting,17,1874,2947,2955,2015,2025,2930,1877,2007,2009,2013,,
1579184,M-MUK,medium,Temanggung,B16,9,collecting,18,1874,2946,2955,2015,2026,2931,1876,2007,2009,2013,,
1580183,M-MUK,medium,Temanggung,B16,9,collecting,19,1875,2951,2952,2015,2027,2931,1876,2006,2009,2013,,
1581184,M-MUK,medium,Temanggung,B16,9,collecting,20,1875,2947,2952,2015,2027,2932,1876,2006,2009,2013,,
1582183,M-MUK,medium,Temanggung,B16,9,collecting,21,1874,2947,2958,2015,2027,2930,1876,2006,2009,2013,,
1583183,M-MUK,medium,Temanggung,B16,9,collecting,22,1874,2950,2951,2015,2027,2934,1876,2007,2009,2013,,
1584183,M-MUK,medium,Temanggung,B16,9,collecting,23,1874,2951,2953,2015,2027,2930,1876,2007,2009,2013,,
1585183,M-MUK,medium,Temanggung,B16,9,collecting,24,1874,2947,2955,2016,2026,2931,1876,2007,2009,2013,,
1586183,M-MUK,medium,Temanggung,B16,9,collecting,25,1875,2948,2956,2016,2026,2930,1876,2007,2009,2013,,
1587183,M-MUK,medium,Temanggung,B16,9,collecting,26,1874,2946,2957,2015,2026,2932,1876,2007,2008,2013,,
1588184,M-MUK,medium,Temanggung,B16,9,collecting,27,1874,2950,2956,2015,2025,2930,1876,2007,2009,2013,,
1589183,M-MUK,medium,Temanggung,B16,9,collecting,28,1875,2950,2957,2015,2025,2931,1876,2006,2008,2014,,
1590183,M-MUK,medium,Temanggung,B16,9,collecting,29,1875,2949,2955,2015,2026,2931,1876,2007,2008,2013,,
1591183,M-MUK,medium,Temanggung,B16,9,collecting,30,1874,2944,2956,2015,2026,2932,1876,2006,2009,2013,,
1592183,M-MUK,medium,Temanggung,B16,9,collecting,31,1875,2949,2954,2015,2027,2932,1876,2006,2009,2013,,
1593183,M-MUK,medium,Temanggung,B16,9,collecting,32,1874,2948,2954,2015,2027,2930,1876,2006,2009,2013,,
1594183,M-MUK,medium,Temanggung,B16,9,collecting,33,1874,2946,2957,2015,2027,2930,1876,2006,2009,2013,,
1595184,M-MUK,medium,Temanggung,B16,9,collecting,34,1874,2951,2956,2015,2027,2931,1876,2006,2009,2013,,
1596183,M-MUK,medium,Temanggung,B16,9,collecting,35,1874,2946,2951,2015,2026,2931,1876,2006,2009,2013,,
1597184,M-MUK,medium,Temanggung,B16,9,collecting,36,1874,2949,2950,2015,2026,2931,1876,2007,2008,2013,,
1598183,M-MUK,medium,Temanggung,B16,9,collecting,37,1874,2951,2954,2015,2026,2931,1875,2007,2008,2013,,
1599183,M-MUK,medium,Temanggung,B16,9,collecting,38,1874,2946,2954,2015,2026,2931,1876,2007,2008,2013,,
1600183,M-MUK,medium,Temanggung,B16,9,collecting,39,1874,2945,2955,2015,2025,2930,1876,2007,2008,2013,,
1601183,M-MUK,medium,Temanggung,B16,9,collecting,40,1874,2945,2955,2015,2025,2931,1876,2007,2008,2013,,
1602183,M-MUK,medium,Temanggung,B16,9,collecting,41,1874,2945,2955,2015,2026,2932,1876,2007,2008,2013,,
1603183,M-MUK,medium,Temanggung,B16,9,collecting,42,1875,2946,2958,2014,2026,2931,1875,2006,2008,2013,,
1604184,M-MUK,medium,Temanggung,B16,9,collecting,43,1874,2946,2955,2015,2027,2934,1876,2006,2008,2013,,
1605183,M-MUK,medium,Temanggung,B16,9,collecting,44,1874,2947,2955,2014,2026,2932,1876,2006,2008,2013,,
1606183,M-MUK,medium,Temanggung,B16,9,collecting,45,1874,2946,2956,2014,2026,2931,1876,2006,2009,2013,,
1607183,M-MUK,medium,Temanggung,B16,9,collecting,46,1874,2951,2950,2014,2026,2932,1876,2006,2008,2012,,
1608183,M-MUK,medium,Temanggung,B16,9,collecting,47,1874,2945,2951,2014,2027,2930,1876,2006,2008,2013,,
1609183,M-MUK,medium,Temanggung,B16,9,collecting,48,1874,2949,2950,2014,2026,2932,1876,2006,2008,2013,,
1610183,M-MUK,medium,Temanggung,B16,9,collecting,49,1874,2946,2950,2015,2026,2931,1876,2006,2008,2013,,
1611184,M-MUK,medium,Temanggung,B16,9,collecting,50,1874,2944,2955,2015,2025,2930,1875,2006,2008,2013,,
1612183,M-MUK,medium,Temanggung,B16,9,collecting,51,1874,2945,2954,2015,2025,2932,1875,2007,2008,2013,,
1613184,M-MUK,medium,Temanggung,B16,9,collecting,52,1874,2948,2957,2015,2025,2932,1876,2006,2008,2013,,
1614183,M-MUK,medium,Temanggung,B16,9,collecting,53,1874,2950,2955,2015,2025,2930,1875,2006,2008,2013,,
1615183,M-MUK,medium,Temanggung,B16,9,collecting,54,1874,2948,2955,2014,2025,2930,1876,2006,2008,2013,,
1616183,M-MUK,medium,Temanggung,B16,9,collecting,55,1874,2946,2955,2014,2026,2932,1875,2006,2008,2012,,
1617183,M-MUK,medium,Temanggung,B16,9,collecting,56,1874,2946,2951,2014,2025,2934,1876,2006,2008,2012,,
1618183,M-MUK,medium,Temanggung,B16,9,collecting,57,1874,2946,2951,2014,2026,2930,1876,2006,2008,2013,,
1619183,M-MUK,medium,Temanggung,B16,9,collecting,58,1874,2946,2954,2014,2026,2932,1876,2006,2008,2012,,
1620184,M-MUK,medium,Temanggung,B16,9,collecting,59,1874,2945,2951,2014,2026,2930,1876,2006,2008,2013,,
1621183,M-MUK,medium,Temanggung,B16,9,collecting,60,1874,2951,2950,2014,2025,2931,1876,2006,2008,2012,,
1622187,M-MUK,medium,Temanggung,B16,10,purging,1,1874,2947,2951,2014,2025,2931,1876,2006,2008,2012,,
1623183,M-MUK,medium,Temanggung,B16,10,purging,2,1874,2949,2951,2015,2025,2931,1876,2006,2008,2013,,
1624183,M-MUK,medium,Temanggung,B16,10,purging,3,1874,2947,2954,2015,2025,2932,1876,2006,2008,2013,,
1625183,M-MUK,medium,Temanggung,B16,10,purging,4,1874,2950,2952,2015,2024,2932,1875,2006,2008,2012,,
1626183,M-MUK,medium,Temanggung,B16,10,purging,5,1874,2947,2950,2015,2024,2930,1876,2006,2008,2012,,
1627184,M-MUK,medium,Temanggung,B16,10,purging,6,1874,2949,2955,2014,2024,2930,1876,2006,2007,2013,,
1628183,M-MUK,medium,Temanggung,B16,10,purging,7,1874,2944,2955,2014,2024,2930,1875,2006,2008,2013,,
1629184,M-MUK,medium,Temanggung,B16,10,purging,8,1874,2946,2954,2014,2025,2930,1876,2006,2008,2012,,
1630183,M-MUK,medium,Temanggung,B16,10,purging,9,1874,2946,2956,2014,2025,2930,1876,2006,2008,2012,,
1631183,M-MUK,medium,Temanggung,B16,10,purging,10,1874,2950,2956,2014,2025,2930,1876,2006,2008,2012,,
1632183,M-MUK,medium,Temanggung,B16,10,purging,11,1874,2949,2953,2014,2025,2930,1876,2006,2008,2012,,
1633183,M-MUK,medium,Temanggung,B16,10,purging,12,1874,2946,2955,2014,2025,2932,1876,2005,2008,2013,,
1634183,M-MUK,medium,Temanggung,B16,10,purging,13,1874,2945,2955,2014,2025,2930,1876,2006,2008,2012,,
1635183,M-MUK,medium,Temanggung,B16,10,purging,14,1873,2950,2955,2014,2026,2931,1876,2006,2008,2012,,
1636184,M-MUK,medium,Temanggung,B16,10,purging,15,1873,2950,2955,2014,2026,2934,1876,2006,2008,2012,,
1637183,M-MUK,medium,Temanggung,B16,10,purging,16,1874,2949,2952,2014,2025,2932,1876,2006,2008,2012,,
1638183,M-MUK,medium,Temanggung,B16,10,purging,17,1874,2945,2955,2014,2025,2932,1875,2006,2008,2012,,
1639183,M-MUK,medium,Temanggung,B16,10,purging,18,1874,2946,2950,2015,2024,2932,1875,2006,2008,2012,,
1640183,M-MUK,medium,Temanggung,B16,10,purging,19,1874,2947,2955,2015,2025,2932,1876,2006,2007,2012,,
1641183,M-MUK,medium,Temanggung,B16,10,purging,20,1874,2946,2956,2014,2024,2932,1875,2006,2008,2012,,
1642183,M-MUK,medium,Temanggung,B16,10,purging,21,1874,2944,2955,2014,2024,2930,1875,2006,2008,2012,,
1643184,M-MUK,medium,Temanggung,B16,10,purging,22,1874,2946,2952,2014,2025,2932,1875,2006,2008,2012,,
1644183,M-MUK,medium,Temanggung,B16,10,purging,23,1874,2946,2954,2014,2025,2932,1875,2006,2008,2012,,
1645184,M-MUK,medium,Temanggung,B16,10,purging,24,1874,2946,2954,2014,2026,2932,1875,2006,2008,2012,,
1646183,M-MUK,medium,Temanggung,B16,10,purging,25,1874,2946,2956,2014,2026,2932,1876,2006,2008,2012,,
1647183,M-MUK,medium,Temanggung,B16,10,purging,26,1874,2947,2950,2014,2025,2932,1876,2005,2008,2012,,
1648183,M-MUK,medium,Temanggung,B16,10,purging,27,1874,2946,2955,2014,2025,2930,1876,2005,2008,2012,,
1649183,M-MUK,medium,Temanggung,B16,10,purging,28,1874,2944,2955,2014,2025,2930,1876,2006,2008,2012,,
1650183,M-MUK,medium,Temanggung,B16,10,purging,29,1873,2949,2954,2014,2025,2930,1876,2006,2008,2012,,
1651183,M-MUK,medium,Temanggung,B16,10,purging,30,1874,2944,2954,2015,2025,2932,1876,2006,2007,2012,,
1652184,M-MUK,medium,Temanggung,B16,10,purging,31,1874,2948,2951,2015,2024,2930,1875,2006,2008,2012,,
1653183,M-MUK,medium,Temanggung,B16,10,purging,32,1874,2946,2955,2014,2024,2930,1875,2006,2008,2012,,
1654183,M-MUK,medium,Temanggung,B16,10,purging,33,1873,2945,2952,2014,2024,2930,1875,2006,2007,2013,,
1655183,M-MUK,medium,Temanggung,B16,10,purging,34,1874,2947,2955,2015,2024,2931,1875,2006,2008,2012,,
1656183,M-MUK,medium,Temanggung,B16,10,purging,35,1874,2946,2953,2014,2024,2932,1875,2006,2007,2012,,
1657183,M-MUK,medium,Temanggung,B16,10,purging,36,1874,2944,2955,2014,2024,2931,1875,2006,2007,2012,,
1658183,M-MUK,medium,Temanggung,B16,10,purging,37,1874,2944,2954,2014,2025,2932,1875,2006,2007,2012,,
1659184,M-MUK,medium,Temanggung,B16,10,purging,38,1874,2944,2955,2014,2025,2932,1875,2006,2008,2012,,
1660183,M-MUK,medium,Temanggung,B16,10,purging,39,1874,2946,2954,2014,2025,2932,1875,2006,2008,2012,,
1661184,M-MUK,medium,Temanggung,B16,10,purging,40,1874,2946,2952,2014,2025,2930,1876,2006,2008,2012,,
1662183,M-MUK,medium,Temanggung,B16,10,purging,41,1874,2948,2951,2014,2025,2932,1876,2006,2008,2012,,
1663183,M-MUK,medium,Temanggung,B16,10,purging,42,1874,2946,2954,2014,2025,2931,1875,2006,2008,2012,,
1664183,M-MUK,medium,Temanggung,B16,10,purging,43,1874,2946,2953,2014,2025,2932,1875,2006,2008,2012,,
1665183,M-MUK,medium,Temanggung,B16,10,purging,44,1874,2945,2955,2014,2025,2930,1876,2005,2007,2013,,
1666183,M-MUK,medium,Temanggung,B16,10,purging,45,1874,2947,2950,2014,2025,2931,1876,2006,2007,2012,,
1667183,M-MUK,medium,Temanggung,B16,10,purging,46,1874,2948,2950,2014,2025,2930,1876,2005,2007,2012,,
1668184,M-MUK,medium,Temanggung,B16,10,purging,47,1874,2947,2954,2014,2026,2932,1876,2005,2007,2012,,
1669183,M-MUK,medium,Temanggung,B16,10,purging,48,1874,2947,2955,2014,2025,2932,1875,2005,2008,2012,,
1670183,M-MUK,medium,Temanggung,B16,10,purging,49,1874,2945,2955,2014,2025,2930,1876,2005,2007,2012,,
1671183,M-MUK,medium,Temanggung,B16,10,purging,50,1874,2950,2951,2014,2025,2934,1876,2005,2008,2012,,
1672183,M-MUK,medium,Temanggung,B16,10,purging,51,1874,2947,2954,2014,2026,2931,1875,2006,2007,2012,,
1673183,M-MUK,medium,Temanggung,B16,10,purging,52,1874,2945,2954,2014,2025,2932,1875,2005,2007,2012,,
1674183,M-MUK,medium,Temanggung,B16,10,purging,53,1874,2946,2951,2014,2026,2930,1876,2005,2008,2012,,
1675184,M-MUK,medium,Temanggung,B16,10,purging,54,1874,2946,2955,2014,2025,2932,1875,2005,2008,2012,,
1676183,M-MUK,medium,Temanggung,B16,10,purging,55,1874,2945,2950,2014,2025,2930,1876,2006,2007,2012,,
1677184,M-MUK,medium,Temanggung,B16,10,purging,56,1874,2946,2953,2014,2026,2930,1876,2005,2007,2012,,
1678183,M-MUK,medium,Temanggung,B16,10,purging,57,1874,2949,2951,2014,2025,2930,1876,2005,2007,2012,,
1679183,M-MUK,medium,Temanggung,B16,10,purging,58,1873,2945,2954,2014,2025,2931,1876,2005,2008,2012,,
1680183,M-MUK,medium,Temanggung,B16,10,purging,59,1874,2945,2953,2014,2025,2932,1876,2006,2007,2012,,
1681183,M-MUK,medium,Temanggung,B16,10,purging,60,1874,2949,2949,2014,2025,2931,1875,2006,2007,2012,,
1682183,M-MUK,medium,Temanggung,B16,10,purging,61,1874,2945,2952,2014,2025,2932,1875,2005,2007,2012,,
1683183,M-MUK,medium,Temanggung,B16,10,purging,62,1874,2946,2951,2014,2025,2932,1875,2006,2007,2012,,
1684184,M-MUK,medium,Temanggung,B16,10,purging,63,1874,2945,2955,2014,2025,2932,1875,2006,2007,2012,,
1685183,M-MUK,medium,Temanggung,B16,10,purging,64,1873,2946,2955,2014,2025,2930,1875,2006,2008,2012,,
1686183,M-MUK,medium,Temanggung,B16,10,purging,65,1874,2949,2952,2014,2025,2932,1875,2005,2007,2012,,
1687183,M-MUK,medium,Temanggung,B16,10,purging,66,1874,2948,2950,2014,2024,2930,1875,2006,2007,2012,,
1688183,M-MUK,medium,Temanggung,B16,10,purging,67,1874,2947,2953,2014,2024,2932,1875,2006,2007,2012,,
1689183,M-MUK,medium,Temanggung,B16,10,purging,68,1874,2944,2956,2014,2024,2932,1875,2006,2007,2012,,
1690183,M-MUK,medium,Temanggung,B16,10,purging,69,1874,2948,2950,2014,2024,2930,1875,2006,2007,2012,,
1691184,M-MUK,medium,Temanggung,B16,10,purging,70,1874,2946,2950,2014,2024,2930,1875,2005,2008,2012,,
1692183,M-MUK,medium,Temanggung,B16,10,purging,71,1874,2947,2950,2014,2024,2930,1875,2006,2007,2012,,
1693184,M-MUK,medium,Temanggung,B16,10,purging,72,1873,2945,2949,2014,2024,2930,1875,2006,2007,2012,,
1694183,M-MUK,medium,Temanggung,B16,10,purging,73,1873,2944,2954,2014,2024,2930,1875,2006,2007,2012,,
1695183,M-MUK,medium,Temanggung,B16,10,purging,74,1873,2946,2954,2014,2024,2930,1875,2006,2007,2012,,
1696183,M-MUK,medium,Temanggung,B16,10,purging,75,1873,2945,2955,2014,2024,2931,1875,2005,2007,2012,,
1697183,M-MUK,medium,Temanggung,B16,10,purging,76,1873,2946,2953,2015,2025,2930,1875,2005,2008,2012,,
1698183,M-MUK,medium,Temanggung,B16,10,purging,77,1874,2949,2951,2015,2025,2932,1875,2005,2008,2012,,
1699183,M-MUK,medium,Temanggung,B16,10,purging,78,1874,2945,2949,2015,2025,2930,1876,2006,2007,2012,,
1700184,M-MUK,medium,Temanggung,B16,10,purging,79,1873,2946,2953,2015,2025,2932,1875,2006,2007,2012,,
1701183,M-MUK,medium,Temanggung,B16,10,purging,80,1874,2945,2950,2014,2025,2930,1875,2006,2008,2012,,
1702183,M-MUK,medium,Temanggung,B16,10,purging,81,1873,2945,2950,2014,2025,2930,1875,2005,2007,2012,,
1703183,M-MUK,medium,Temanggung,B16,10,purging,82,1873,2946,2954,2014,2025,2932,1875,2005,2007,2012,,
1704183,M-MUK,medium,Temanggung,B16,10,purging,83,1873,2946,2952,2014,2025,2932,1875,2005,2007,2012,,
1705183,M-MUK,medium,Temanggung,B16,10,purging,84,1873,2945,2950,2014,2025,2930,1875,2005,2008,2012,,
1706183,M-MUK,medium,Temanggung,B16,10,purging,85,1874,2945,2956,2014,2025,2932,1875,2005,2007,2012,,
1707184,M-MUK,medium,Temanggung,B16,10,purging,86,1874,2945,2950,2014,2025,2932,1875,2005,2007,2012,,
1708183,M-MUK,medium,Temanggung,B16,10,purging,87,1873,2948,2954,2014,2025,2932,1876,2005,2008,2012,,
1709184,M-MUK,medium,Temanggung,B16,10,purging,88,1873,2946,2955,2014,2025,2930,1875,2005,2007,2012,,
1710183,M-MUK,medium,Temanggung,B16,10,purging,89,1874,2947,2950,2014,2025,2932,1875,2005,2008,2012,,
1711183,M-MUK,medium,Temanggung,B16,10,purging,90,1874,2946,2953,2014,2026,2932,1875,2005,2008,2012,,
1712183,M-MUK,medium,Temanggung,B16,10,purging,91,1874,2944,2955,2014,2025,2932,1875,2005,2007,2012,,
1713183,M-MUK,medium,Temanggung,B16,10,purging,92,1873,2944,2953,2014,2025,2932,1875,2005,2007,2012,,
1714183,M-MUK,medium,Temanggung,B16,10,purging,93,1873,2944,2954,2014,2025,2930,1875,2005,2007,2012,,
1715183,M-MUK,medium,Temanggung,B16,10,purging,94,1874,2944,2956,2014,2025,2932,1875,2005,2007,2012,,
1716184,M-MUK,medium,Temanggung,B16,10,purging,95,1873,2948,2955,2014,2025,2932,1876,2005,2007,2012,,
1717183,M-MUK,medium,Temanggung,B16,10,purging,96,1874,2945,2951,2014,2025,2932,1875,2005,2007,2012,,
1718183,M-MUK,medium,Temanggung,B16,10,purging,97,1874,2949,2950,2014,2025,2930,1875,2006,2007,2012,,
1719183,M-MUK,medium,Temanggung,B16,10,purging,98,1873,2945,2955,2014,2024,2932,1875,2006,2007,2012,,
1720183,M-MUK,medium,Temanggung,B16,10,purging,99,1873,2945,2954,2014,2024,2932,1875,2005,2007,2012,,
1721183,M-MUK,medium,Temanggung,B16,10,purging,100,1874,2948,2955,2014,2024,2932,1875,2006,2007,2012,,
1722183,M-MUK,medium,Temanggung,B16,10,purging,101,1874,2948,2951,2014,2024,2932,1875,2005,2007,2012,,
1723184,M-MUK,medium,Temanggung,B16,10,purging,102,1873,2944,2950,2014,2024,2932,1875,2006,2007,2012,,
1724183,M-MUK,medium,Temanggung,B16,10,purging,103,1874,2943,2953,2014,2024,2930,1875,2006,2007,2012,,
1725184,M-MUK,medium,Temanggung,B16,10,purging,104,1874,2949,2952,2014,2024,2932,1875,2005,2007,2012,,
1726183,M-MUK,medium,Temanggung,B16,10,purging,105,1874,2944,2952,2014,2024,2932,1875,2006,2007,2012,,
1727183,M-MUK,medium,Temanggung,B16,10,purging,106,1873,2944,2951,2014,2024,2930,1875,2006,2007,2012,,
1728183,M-MUK,medium,Temanggung,B16,10,purging,107,1873,2945,2950,2014,2024,2932,1875,2005,2007,2012,,
1729183,M-MUK,medium,Temanggung,B16,10,purging,108,1874,2943,2950,2014,2024,2932,1875,2006,2007,2012,,
1730183,M-MUK,medium,Temanggung,B16,10,purging,109,1874,2945,2953,2014,2024,2930,1874,2006,2007,2012,,
1731183,M-MUK,medium,Temanggung,B16,10,purging,110,1874,2949,2953,2014,2024,2932,1875,2005,2007,2012,,
1732184,M-MUK,medium,Temanggung,B16,10,purging,111,1873,2949,2952,2014,2024,2932,1875,2005,2007,2012,,
1733183,M-MUK,medium,Temanggung,B16,10,purging,112,1873,2945,2950,2014,2024,2932,1875,2005,2007,2012,,
1734183,M-MUK,medium,Temanggung,B16,10,purging,113,1874,2944,2955,2014,2024,2932,1875,2005,2007,2012,,
1735183,M-MUK,medium,Temanggung,B16,10,purging,114,1873,2943,2953,2014,2024,2932,1875,2006,2007,2012,,
1736183,M-MUK,medium,Temanggung,B16,10,purging,115,1874,2945,2950,2014,2024,2932,1875,2005,2007,2012,,
1737183,M-MUK,medium,Temanggung,B16,10,purging,116,1874,2943,2953,2014,2024,2932,1875,2005,2007,2012,,
1738183,M-MUK,medium,Temanggung,B16,10,purging,117,1874,2945,2950,2014,2024,2932,1875,2005,2007,2012,,
1739184,M-MUK,medium,Temanggung,B16,10,purging,118,1874,2944,2951,2014,2024,2930,1875,2005,2007,2012,,
1740183,M-MUK,medium,Temanggung,B16,10,purging,119,1873,2944,2950,2014,2024,2932,1875,2005,2007,2012,,
1741184,M-MUK,medium,Temanggung,B16,10,purging,120,1874,2946,2950,2014,2024,2932,1875,2005,2007,2011,,
1742186,M-MUK,medium,Temanggung,B16,10,collecting,1,1873,2943,2950,2014,2024,2932,1875,2005,2007,2012,,
1743183,M-MUK,medium,Temanggung,B16,10,collecting,2,1874,2949,2955,2014,2025,2930,1874,2005,2007,2012,,
1744183,M-MUK,medium,Temanggung,B16,10,collecting,3,1874,2943,2950,2014,2024,2932,1874,2005,2007,2012,,
1745183,M-MUK,medium,Temanggung,B16,10,collecting,4,1873,2943,2951,2014,2024,2932,1875,2005,2007,2012,,
1746183,M-MUK,medium,Temanggung,B16,10,collecting,5,1874,2944,2954,2014,2024,2932,1875,2005,2007,2012,,
1747183,M-MUK,medium,Temanggung,B16,10,collecting,6,1873,2943,2952,2014,2023,2932,1875,2005,2007,2011,,
1748184,M-MUK,medium,Temanggung,B16,10,collecting,7,1873,2944,2950,2013,2025,2932,1875,2006,2007,2012,,
1749183,M-MUK,medium,Temanggung,B16,10,collecting,8,1873,2943,2952,2014,2025,2931,1874,2005,2007,2012,,
1750183,M-MUK,medium,Temanggung,B16,10,collecting,9,1874,2944,2954,2013,2024,2932,1875,2005,2007,2011,,
1751183,M-MUK,medium,Temanggung,B16,10,collecting,10,1873,2949,2950,2014,2025,2932,1875,2005,2007,2011,,
1752183,M-MUK,medium,Temanggung,B16,10,collecting,11,1874,2949,2949,2013,2024,2931,1875,2004,2007,2011,,
1753183,M-MUK,medium,Temanggung,B16,10,collecting,12,1873,2949,2952,2014,2024,2932,1875,2005,2007,2012,,
1754183,M-MUK,medium,Temanggung,B16,10,collecting,13,1874,2950,2950,2013,2025,2932,1875,2005,2007,2012,,
1755184,M-MUK,medium,Temanggung,B16,10,collecting,14,1873,2945,2950,2013,2024,2932,1875,2005,2007,2012,,
1756183,M-MUK,medium,Temanggung,B16,10,collecting,15,1873,2945,2950,2013,2025,2932,1875,2005,2007,2011,,
1757184,M-MUK,medium,Temanggung,B16,10,collecting,16,1873,2947,2952,2013,2025,2934,1875,2005,2007,2011,,
1758183,M-MUK,medium,Temanggung,B16,10,collecting,17,1873,2949,2949,2014,2025,2930,1875,2005,2007,2011,,
1759183,M-MUK,medium,Temanggung,B16,10,collecting,18,1873,2946,2951,2014,2024,2932,1875,2005,2007,2012,,
1760183,M-MUK,medium,Temanggung,B16,10,collecting,19,1873,2945,2954,2014,2024,2932,1875,2005,2007,2011,,
1761183,M-MUK,medium,Temanggung,B16,10,collecting,20,1873,2949,2950,2014,2023,2932,1874,2005,2007,2011,,
1762183,M-MUK,medium,Temanggung,B16,10,collecting,21,1873,2946,2949,2014,2024,2932,1875,2005,2007,2011,,
1763183,M-MUK,medium,Temanggung,B16,10,collecting,22,1873,2945,2954,2014,2023,2930,1874,2005,2007,2011,,
1764184,M-MUK,medium,Temanggung,B16,10,collecting,23,1873,2944,2953,2014,2024,2932,1875,2005,2007,2012,,
1765183,M-MUK,medium,Temanggung,B16,10,collecting,24,1873,2947,2951,2014,2023,2932,1875,2005,2006,2012,,
1766183,M-MUK,medium,Temanggung,B16,10,collecting,25,1873,2947,2953,2013,2024,2932,1874,2005,2007,2012,,
1767183,M-MUK,medium,Temanggung,B16,10,collecting,26,1874,2945,2955,2013,2025,2932,1875,2005,2007,2012,,
1768183,M-MUK,medium,Temanggung,B16,10,collecting,27,1873,2945,2950,2013,2025,2931,1875,2005,2007,2011,,
1769183,M-MUK,medium,Temanggung,B16,10,collecting,28,1873,2946,2954,2013,2025,2932,1875,2005,2007,2012,,
1770183,M-MUK,medium,Temanggung,B16,10,collecting,29,1873,2945,2952,2013,2025,2930,1875,2005,2007,2011,,
1771184,M-MUK,medium,Temanggung,B16,10,collecting,30,1873,2945,2948,2013,2025,2931,1875,2005,2007,2011,,
1772183,M-MUK,medium,Temanggung,B16,10,collecting,31,1873,2946,2953,2014,2025,2932,1875,2005,2007,2011,,
1773184,M-MUK,medium,Temanggung,B16,10,collecting,32,1873,2945,2947,2014,2024,2930,1875,2005,2007,2011,,
1774183,M-MUK,medium,Temanggung,B16,10,collecting,33,1873,2946,2953,2014,2024,2932,1875,2005,2007,2011,,
1775183,M-MUK,medium,Temanggung,B16,10,collecting,34,1873,2947,2949,2014,2023,2932,1874,2006,2006,2011,,
1776183,M-MUK,medium,Temanggung,B16,10,collecting,35,1873,2945,2954,2014,2023,2932,1875,2006,2006,2011,,
1777183,M-MUK,medium,Temanggung,B16,10,collecting,36,1873,2946,2949,2014,2024,2932,1874,2005,2006,2011,,
1778183,M-MUK,medium,Temanggung,B16,10,collecting,37,1873,2947,2955,2013,2024,2932,1875,2005,2006,2012,,
1779183,M-MUK,medium,Temanggung,B16,10,collecting,38,1873,2945,2954,2013,2023,2930,1875,2005,2007,2011,,
1780184,M-MUK,medium,Temanggung,B16,10,collecting,39,1873,2945,2954,2013,2025,2932,1875,2005,2007,2011,,
1781183,M-MUK,medium,Temanggung,B16,10,collecting,40,1873,2944,2949,2013,2024,2932,1875,2005,2007,2011,,
1782183,M-MUK,medium,Temanggung,B16,10,collecting,41,1873,2948,2950,2013,2024,2932,1875,2005,2006,2011,,
1783183,M-MUK,medium,Temanggung,B16,10,collecting,42,1873,2946,2950,2013,2025,2932,1875,2004,2007,2011,,
1784183,M-MUK,medium,Temanggung,B16,10,collecting,43,1873,2946,2951,2013,2025,2932,1875,2005,2007,2011,,
1785183,M-MUK,medium,Temanggung,B16,10,collecting,44,1873,2946,2950,2014,2024,2931,1875,2005,2007,2011,,
1786183,M-MUK,medium,Temanggung,B16,10,collecting,45,1873,2945,2949,2014,2024,2932,1874,2005,2007,2011,,
1787184,M-MUK,medium,Temanggung,B16,10,collecting,46,1873,2948,2952,2014,2023,2932,1874,2005,2007,2011,,
1788183,M-MUK,medium,Temanggung,B16,10,collecting,47,1873,2946,2950,2014,2024,2930,1874,2005,2006,2011,,
1789184,M-MUK,medium,Temanggung,B16,10,collecting,48,1873,2947,2952,2014,2023,2932,1874,2005,2007,2011,,
1790183,M-MUK,medium,Temanggung,B16,10,collecting,49,1873,2945,2947,2013,2023,2932,1874,2005,2006,2011,,
1791183,M-MUK,medium,Temanggung,B16,10,collecting,50,1874,2944,2953,2013,2024,2932,1874,2005,2007,2011,,
1792183,M-MUK,medium,Temanggung,B16,10,collecting,51,1873,2947,2950,2013,2024,2932,1875,2005,2006,2011,,
1793183,M-MUK,medium,Temanggung,B16,10,collecting,52,1873,2948,2949,2013,2024,2930,1875,2005,2007,2011,,
1794183,M-MUK,medium,Temanggung,B16,10,collecting,53,1874,2946,2955,2013,2025,2932,1875,2004,2006,2011,,
1795183,M-MUK,medium,Temanggung,B16,10,collecting,54,1873,2945,2952,2013,2024,2932,1875,2004,2007,2011,,
1796184,M-MUK,medium,Temanggung,B16,10,collecting,55,1873,2949,2949,2014,2024,2932,1874,2005,2006,2011,,
1797183,M-MUK,medium,Temanggung,B16,10,collecting,56,1873,2945,2949,2014,2024,2930,1875,2005,2007,2011,,
1798183,M-MUK,medium,Temanggung,B16,10,collecting,57,1873,2945,2952,2014,2023,2932,1874,2005,2007,2011,,
1799183,M-MUK,medium,Temanggung,B16,10,collecting,58,1873,2945,2953,2014,2023,2932,1875,2005,2006,2011,,
1800183,M-MUK,medium,Temanggung,B16,10,collecting,59,1873,2946,2949,2013,2023,2932,1874,2005,2006,2011,,
1801183,M-MUK,medium,Temanggung,B16,10,collecting,60,1873,2948,2953,2014,2023,2932,1874,2005,2006,2011,,
1802186,M-MUK,medium,Temanggung,B16,11,purging,1,1873,2945,2954,2013,2024,2932,1874,2005,2006,2011,,
1803184,M-MUK,medium,Temanggung,B16,11,purging,2,1873,2946,2950,2013,2024,2932,1875,2004,2006,2011,,
1804183,M-MUK,medium,Temanggung,B16,11,purging,3,1873,2944,2951,2013,2025,2932,1874,2004,2007,2011,,
1805184,M-MUK,medium,Temanggung,B16,11,purging,4,1873,2944,2949,2013,2024,2932,1875,2004,2007,2011,,
1806183,M-MUK,medium,Temanggung,B16,11,purging,5,1873,2947,2948,2014,2024,2930,1875,2004,2007,2010,,
1807183,M-MUK,medium,Temanggung,B16,11,purging,6,1873,2944,2954,2014,2024,2932,1875,2005,2007,2011,,
1808183,M-MUK,medium,Temanggung,B16,11,purging,7,1873,2944,2949,2013,2024,2930,1875,2005,2006,2011,,
1809183,M-MUK,medium,Temanggung,B16,11,purging,8,1873,2948,2953,2014,2023,2930,1874,2005,2006,2011,,
1810183,M-MUK,medium,Temanggung,B16,11,purging,9,1873,2948,2951,2014,2023,2932,1874,2005,2006,2011,,
1811183,M-MUK,medium,Temanggung,B16,11,purging,10,1873,2949,2950,2014,2023,2932,1874,2005,2006,2012,,
1812184,M-MUK,medium,Temanggung,B16,11,purging,11,1873,2946,2949,2014,2024,2932,1874,2005,2006,2011,,
1813183,M-MUK,medium,Temanggung,B16,11,purging,12,1873,2946,2950,2013,2023,2932,1874,2005,2006,2011,,
1814183,M-MUK,medium,Temanggung,B16,11,purging,13,1873,2946,2949,2013,2024,2932,1874,2005,2006,2011,,
1815183,M-MUK,medium,Temanggung,B16,11,purging,14,1873,2947,2951,2013,2024,2932,1874,2004,2006,2011,,
1816183,M-MUK,medium,Temanggung,B16,11,purging,15,1873,2946,2950,2013,2024,2930,1875,2004,2007,2011,,
1817183,M-MUK,medium,Temanggung,B16,11,purging,16,1873,2946,2949,2013,2024,2932,1875,2004,2007,2011,,
1818183,M-MUK,medium,Temanggung,B16,11,purging,17,1873,2944,2952,2014,2024,2932,1874,2005,2007,2011,,
1819184,M-MUK,medium,Temanggung,B16,11,purging,18,1873,2941,2952,2014,2024,2932,1874,2005,2006,2011,,
1820183,M-MUK,medium,Temanggung,B16,11,purging,19,1873,2944,2952,2014,2023,2932,1874,2005,2007,2011,,
1821184,M-MUK,medium,Temanggung,B16,11,purging,20,1873,2949,2950,2014,2023,2930,1874,2005,2006,2011,,
1822183,M-MUK,medium,Temanggung,B16,11,purging,21,1873,2946,2950,2014,2023,2930,1874,2005,2006,2011,,
1823183,M-MUK,medium,Temanggung,B16,11,purging,22,1873,2946,2953,2014,2023,2932,1874,2004,2007,2012,,
1824183,M-MUK,medium,Temanggung,B16,11,purging,23,1872,2945,2949,2013,2024,2932,1875,2004,2006,2011,,
1825183,M-MUK,medium,Temanggung,B16,11,purging,24,1873,2945,2952,2013,2024,2932,1875,2004,2006,2010,,
1826183,M-MUK,medium,Temanggung,B16,11,purging,25,1873,2945,2949,2013,2024,2932,1875,2004,2006,2011,,
1827183,M-MUK,medium,Temanggung,B16,11,purging,26,1873,2943,2952,2013,2024,2932,1874,2005,2007,2011,,
1828184,M-MUK,medium,Temanggung,B16,11,purging,27,1873,2946,2953,2014,2024,2932,1875,2004,2007,2011,,
1829183,M-MUK,medium,Temanggung,B16,11,purging,28,1873,2948,2949,2013,2024,2934,1874,2004,2007,2011,,
1830183,M-MUK,medium,Temanggung,B16,11,purging,29,1873,2945,2949,2014,2023,2932,1874,2005,2007,2011,,
1831183,M-MUK,medium,Temanggung,B16,11,purging,30,1873,2948,2953,2014,2024,2932,1874,2005,2006,2011,,
1832183,M-MUK,medium,Temanggung,B16,11,purging,31,1873,2947,2948,2014,2023,2930,1874,2005,2006,2011,,
1833183,M-MUK,medium,Temanggung,B16,11,purging,32,1873,2947,2952,2014,2023,2932,1875,2005,2006,2011,,
1834183,M-MUK,medium,Temanggung,B16,11,purging,33,1873,2948,2947,2013,2023,2930,1874,2005,2007,2011,,
1835184,M-MUK,medium,Temanggung,B16,11,purging,34,1873,2947,2947,2013,2024,2932,1874,2005,2007,2011,,
1836183,M-MUK,medium,Temanggung,B16,11,purging,35,1873,2943,2950,2013,2024,2932,1875,2004,2006,2011,,
1837184,M-MUK,medium,Temanggung,B16,11,purging,36,1873,2946,2950,2013,2025,2932,1875,2004,2006,2011,,
1838183,M-MUK,medium,Temanggung,B16,11,purging,37,1873,2944,2954,2013,2024,2932,1875,2004,2007,2011,,
1839183,M-MUK,medium,Temanggung,B16,11,purging,38,1873,2946,2948,2013,2024,2932,1874,2005,2006,2011,,
1840183,M-MUK,medium,Temanggung,B16,11,purging,39,1873,2944,2950,2014,2024,2930,1874,2004,2007,2011,,
1841183,M-MUK,medium,Temanggung,B16,11,purging,40,1873,2946,2951,2014,2023,2932,1874,2005,2007,2011,,
1842183,M-MUK,medium,Temanggung,B16,11,purging,41,1873,2944,2950,2014,2023,2932,1874,2005,2006,2011,,
1843183,M-MUK,medium,Temanggung,B16,11,purging,42,1873,2945,2949,2014,2023,2930,1874,2005,2006,2011,,
1844184,M-MUK,medium,Temanggung,B16,11,purging,43,1873,2944,2954,2014,2023,2930,1875,2005,2006,2011,,
1845183,M-MUK,medium,Temanggung,B16,11,purging,44,1873,2942,2950,2014,2023,2932,1875,2005,2006,2011,,
1846183,M-MUK,medium,Temanggung,B16,11,purging,45,1873,2942,2948,2013,2024,2932,1874,2004,2007,2010,,
1847183,M-MUK,medium,Temanggung,B16,11,purging,46,1873,2945,2953,2013,2024,2930,1875,2005,2007,2011,,
1848183,M-MUK,medium,Temanggung,B16,11,purging,47,1873,2944,2952,2013,2025,2930,1874,2004,2007,2011,,
1849183,M-MUK,medium,Temanggung,B16,11,purging,48,1873,2944,2947,2013,2024,2932,1874,2004,2006,2011,,
1850183,M-MUK,medium,Temanggung,B16,11,purging,49,1873,2944,2949,2013,2024,2932,1874,2004,2006,2011,,
1851184,M-MUK,medium,Temanggung,B16,11,purging,50,1873,2947,2946,2014,2024,2932,1874,2004,2006,2011,,
1852183,M-MUK,medium,Temanggung,B16,11,purging,51,1873,2949,2948,2014,2023,2930,1874,2005,2007,2011,,
1853184,M-MUK,medium,Temanggung,B16,11,purging,52,1872,2944,2949,2014,2023,2930,1874,2005,2006,2011,,
1854183,M-MUK,medium,Temanggung,B16,11,purging,53,1873,2945,2951,2014,2023,2931,1874,2005,2006,2011,,
1855183,M-MUK,medium,Temanggung,B16,11,purging,54,1873,2946,2949,2013,2023,2932,1874,2004,2006,2011,,
1856183,M-MUK,medium,Temanggung,B16,11,purging,55,1873,2944,2955,2013,2024,2931,1874,2004,2006,2011,,
1857183,M-MUK,medium,Temanggung,B16,11,purging,56,1873,2942,2949,2013,2024,2935,1874,2005,2006,2011,,
1858183,M-MUK,medium,Temanggung,B16,11,purging,57,1872,2945,2954,2013,2024,2932,1874,2004,2006,2011,,
1859183,M-MUK,medium,Temanggung,B16,11,purging,58,1872,2946,2952,2013,2024,2932,1874,2004,2007,2011,,
1860184,M-MUK,medium,Temanggung,B16,11,purging,59,1872,2944,2949,2013,2024,2932,1874,2004,2007,2011,,
1861183,M-MUK,medium,Temanggung,B16,11,purging,60,1872,2946,2949,2013,2024,2932,1874,2004,2006,2011,,
1862183,M-MUK,medium,Temanggung,B16,11,purging,61,1872,2944,2951,2014,2024,2932,1874,2004,2006,2011,,
1863183,M-MUK,medium,Temanggung,B16,11,purging,62,1872,2943,2945,2014,2023,2932,1874,2004,2006,2011,,
1864183,M-MUK,medium,Temanggung,B16,11,purging,63,1872,2946,2949,2014,2023,2931,1874,2004,2006,2011,,
1865183,M-MUK,medium,Temanggung,B16,11,purging,64,1872,2946,2952,2014,2023,2932,1874,2005,2006,2010,,
1866183,M-MUK,medium,Temanggung,B16,11,purging,65,1872,2946,2949,2013,2023,2932,1874,2005,2006,2011,,
1867184,M-MUK,medium,Temanggung,B16,11,purging,66,1873,2944,2949,2014,2023,2932,1874,2005,2006,2011,,
1868183,M-MUK,medium,Temanggung,B16,11,purging,67,1873,2942,2953,2013,2023,2931,1874,2004,2006,2011,,
1869184,M-MUK,medium,Temanggung,B16,11,purging,68,1873,2948,2951,2013,2024,2930,1874,2004,2006,2011,,
1870183,M-MUK,medium,Temanggung,B16,11,purging,69,1873,2945,2953,2013,2024,2931,1874,2004,2006,2011,,
1871183,M-MUK,medium,Temanggung,B16,11,purging,70,1873,2949,2949,2013,2024,2932,1874,2004,2006,2011,,
1872183,M-MUK,medium,Temanggung,B16,11,purging,71,1873,2943,2952,2013,2024,2932,1874,2004,2006,2011,,
1873183,M-MUK,medium,Temanggung,B16,11,purging,72,1873,2945,2950,2013,2023,2930,1874,2004,2007,2011,,
1874183,M-MUK,medium,Temanggung,B16,11,purging,73,1872,2947,2947,2013,2024,2932,1874,2005,2007,2010,,
1875183,M-MUK,medium,Temanggung,B16,11,purging,74,1872,2946,2946,2014,2024,2932,1874,2004,2006,2011,,
1876184,M-MUK,medium,Temanggung,B16,11,purging,75,1873,2947,2950,2014,2023,2932,1874,2004,2006,2011,,
1877183,M-MUK,medium,Temanggung,B16,11,purging,76,1873,2943,2953,2013,2023,2932,1874,2004,2006,2011,,
1878183,M-MUK,medium,Temanggung,B16,11,purging,77,1872,2947,2949,2013,2023,2931,1873,2004,2006,2011,,
1879183,M-MUK,medium,Temanggung,B16,11,purging,78,1873,2943,2948,2013,2023,2932,1873,2004,2006,2010,,
1880183,M-MUK,medium,Temanggung,B16,11,purging,79,1873,2947,2953,2013,2023,2931,1874,2004,2006,2011,,
1881183,M-MUK,medium,Temanggung,B16,11,purging,80,1873,2949,2952,2013,2023,2932,1874,2004,2006,2011,,
1882183,M-MUK,medium,Temanggung,B16,11,purging,81,1872,2943,2954,2013,2024,2932,1874,2004,2006,2010,,
1883184,M-MUK,medium,Temanggung,B16,11,purging,82,1873,2948,2952,2013,2024,2932,1874,2004,2006,2010,,
1884183,M-MUK,medium,Temanggung,B16,11,purging,83,1872,2947,2952,2013,2024,2932,1874,2003,2006,2010,,
1885184,M-MUK,medium,Temanggung,B16,11,purging,84,1873,2944,2952,2013,2024,2932,1874,2004,2007,2011,,
1886183,M-MUK,medium,Temanggung,B16,11,purging,85,1873,2948,2955,2013,2024,2932,1874,2004,2006,2010,,
1887183,M-MUK,medium,Temanggung,B16,11,purging,86,1872,2948,2947,2013,2024,2932,1874,2004,2006,2010,,
1888183,M-MUK,medium,Temanggung,B16,11,purging,87,1873,2943,2951,2013,2024,2930,1875,2004,2006,2010,,
1889183,M-MUK,medium,Temanggung,B16,11,purging,88,1872,2947,2949,2014,2024,2932,1874,2004,2006,2010,,
1890183,M-MUK,medium,Temanggung,B16,11,purging,89,1872,2948,2952,2014,2024,2932,1874,2004,2006,2011,,
1891183,M-MUK,medium,Temanggung,B16,11,purging,90,1873,2949,2952,2013,2023,2932,1874,2004,2006,2010,,
1892184,M-MUK,medium,Temanggung,B16,11,purging,91,1872,2947,2949,2014,2023,2934,1874,2005,2006,2011,,
1893183,M-MUK,medium,Temanggung,B16,11,purging,92,1872,2944,2950,2014,2023,2931,1874,2004,2005,2011,,
1894183,M-MUK,medium,Temanggung,B16,11,purging,93,1872,2944,2949,2014,2023,2931,1874,2005,2006,2011,,
1895183,M-MUK,medium,Temanggung,B16,11,purging,94,1872,2948,2949,2013,2023,2932,1874,2004,2006,2011,,
1896183,M-MUK,medium,Temanggung,B16,11,purging,95,1873,2945,2948,2013,2023,2932,1873,2004,2006,2011,,
1897183,M-MUK,medium,Temanggung,B16,11,purging,96,1872,2943,2949,2013,2024,2934,1874,2004,2006,2010,,
1898183,M-MUK,medium,Temanggung,B16,11,purging,97,1872,2944,2947,2013,2024,2932,1874,2004,2006,2010,,
1899184,M-MUK,medium,Temanggung,B16,11,purging,98,1872,2945,2948,2013,2023,2931,1874,2003,2006,2011,,
1900183,M-MUK,medium,Temanggung,B16,11,purging,99,1872,2945,2949,2013,2024,2932,1874,2004,2006,2010,,
1901184,M-MUK,medium,Temanggung,B16,11,purging,100,1872,2949,2950,2013,2024,2932,1874,2004,2006,2010,,
1902183,M-MUK,medium,Temanggung,B16,11,purging,101,1872,2947,2946,2013,2023,2932,1874,2004,2006,2011,,
1903183,M-MUK,medium,Temanggung,B16,11,purging,102,1872,2944,2948,2013,2023,2932,1874,2004,2006,2010,,
1904183,M-MUK,medium,Temanggung,B16,11,purging,103,1873,2946,2946,2013,2023,2932,1874,2003,2006,2010,,
1905183,M-MUK,medium,Temanggung,B16,11,purging,104,1872,2944,2952,2014,2023,2932,1874,2004,2006,2011,,
1906183,M-MUK,medium,Temanggung,B16,11,purging,105,1872,2947,2947,2013,2023,2932,1874,2004,2006,2011,,
1907183,M-MUK,medium,Temanggung,B16,11,purging,106,1872,2944,2950,2013,2023,2932,1873,2004,2006,2010,,
1908184,M-MUK,medium,Temanggung,B16,11,purging,107,1872,2943,2949,2013,2023,2932,1874,2004,2005,2010,,
1909183,M-MUK,medium,Temanggung,B16,11,purging,108,1873,2941,2948,2013,2023,2932,1874,2004,2005,2011,,
1910183,M-MUK,medium,Temanggung,B16,11,purging,109,1872,2941,2949,2013,2023,2932,1874,2004,2006,2011,,
1911183,M-MUK,medium,Temanggung,B16,11,purging,110,1872,2945,2952,2013,2023,2931,1874,2004,2006,2010,,
1912183,M-MUK,medium,Temanggung,B16,11,purging,111,1872,2943,2949,2013,2023,2932,1873,2004,2006,2011,,
1913183,M-MUK,medium,Temanggung,B16,11,purging,112,1872,2943,2947,2013,2023,2932,1874,2004,2006,2010,,
1914183,M-MUK,medium,Temanggung,B16,11,purging,113,1873,2948,2951,2013,2024,2932,1874,2004,2005,2010,,
1915184,M-MUK,medium,Temanggung,B16,11,purging,114,1872,2944,2946,2013,2024,2930,1874,2003,2006,2010,,
1916183,M-MUK,medium,Temanggung,B16,11,purging,115,1872,2947,2951,2013,2024,2930,1874,2003,2006,2010,,
1917184,M-MUK,medium,Temanggung,B16,11,purging,116,1872,2948,2949,2013,2024,2932,1874,2004,2006,2010,,
1918183,M-MUK,medium,Temanggung,B16,11,purging,117,1872,2948,2947,2013,2023,2932,1874,2004,2006,2010,,
1919183,M-MUK,medium,Temanggung,B16,11,purging,118,1872,2945,2947,2013,2023,2932,1874,2004,2006,2010,,
1920183,M-MUK,medium,Temanggung,B16,11,purging,119,1872,2945,2951,2013,2023,2932,1874,2004,2006,2010,,
1921183,M-MUK,medium,Temanggung,B16,11,purging,120,1872,2944,2954,2013,2023,2932,1874,2004,2006,2010,,
1922186,M-MUK,medium,Temanggung,B16,11,collecting,1,1872,2945,2952,2014,2023,2932,1874,2003,2006,2010,,
1923183,M-MUK,medium,Temanggung,B16,11,collecting,2,1872,2947,2953,2013,2022,2932,1873,2004,2006,2010,,
1924184,M-MUK,medium,Temanggung,B16,11,collecting,3,1872,2948,2952,2014,2023,2932,1874,2004,2005,2010,,
1925183,M-MUK,medium,Temanggung,B16,11,collecting,4,1872,2944,2949,2013,2022,2932,1874,2004,2006,2010,,
1926183,M-MUK,medium,Temanggung,B16,11,collecting,5,1873,2945,2948,2013,2022,2932,1873,2004,2006,2011,,
1927183,M-MUK,medium,Temanggung,B16,11,collecting,6,1872,2943,2949,2013,2023,2932,1873,2004,2005,2010,,
1928183,M-MUK,medium,Temanggung,B16,11,collecting,7,1873,2943,2948,2013,2023,2932,1874,2004,2006,2010,,
1929183,M-MUK,medium,Temanggung,B16,11,collecting,8,1873,2946,2953,2013,2023,2935,1873,2004,2005,2011,,
1930183,M-MUK,medium,Temanggung,B16,11,collecting,9,1873,2944,2952,2013,2024,2931,1874,2004,2006,2010,,
1931184,M-MUK,medium,Temanggung,B16,11,collecting,10,1872,2946,2950,2013,2023,2932,1873,2004,2006,2010,,
1932183,M-MUK,medium,Temanggung,B16,11,collecting,11,1872,2944,2949,2013,2023,2932,1874,2004,2006,2011,,
1933184,M-MUK,medium,Temanggung,B16,11,collecting,12,1872,2943,2953,2013,2023,2932,1874,2004,2006,2010,,
1934183,M-MUK,medium,Temanggung,B16,11,collecting,13,1872,2945,2948,2013,2023,2932,1874,2003,2006,2010,,
1935183,M-MUK,medium,Temanggung,B16,11,collecting,14,1872,2947,2950,2013,2023,2930,1874,2003,2006,2010,,
1936183,M-MUK,medium,Temanggung,B16,11,collecting,15,1872,2948,2952,2013,2023,2932,1874,2004,2006,2010,,
1937183,M-MUK,medium,Temanggung,B16,11,collecting,16,1872,2945,2949,2013,2023,2932,1874,2004,2006,2010,,
1938183,M-MUK,medium,Temanggung,B16,11,collecting,17,1872,2945,2949,2013,2023,2932,1874,2004,2006,2010,,
1939183,M-MUK,medium,Temanggung,B16,11,collecting,18,1872,2947,2952,2013,2023,2932,1874,2003,2006,2010,,
1940184,M-MUK,medium,Temanggung,B16,11,collecting,19,1872,2947,2949,2013,2023,2932,1874,2004,2006,2010,,
1941183,M-MUK,medium,Temanggung,B16,11,collecting,20,1872,2947,2948,2013,2023,2932,1874,2004,2006,2010,,
1942183,M-MUK,medium,Temanggung,B16,11,collecting,21,1872,2945,2949,2014,2023,2932,1874,2004,2006,2010,,
1943183,M-MUK,medium,Temanggung,B16,11,collecting,22,1872,2947,2947,2013,2023,2932,1873,2004,2006,2010,,
1944183,M-MUK,medium,Temanggung,B16,11,collecting,23,1872,2946,2946,2013,2023,2930,1873,2004,2006,2010,,
1945183,M-MUK,medium,Temanggung,B16,11,collecting,24,1872,2946,2949,2013,2022,2932,1873,2004,2006,2010,,
1946183,M-MUK,medium,Temanggung,B16,11,collecting,25,1872,2946,2947,2013,2022,2932,1873,2003,2006,2010,,
1947184,M-MUK,medium,Temanggung,B16,11,collecting,26,1872,2944,2950,2013,2022,2932,1874,2004,2005,2010,,
1948183,M-MUK,medium,Temanggung,B16,11,collecting,27,1872,2945,2950,2013,2022,2931,1873,2004,2005,2009,,
1949184,M-MUK,medium,Temanggung,B16,11,collecting,28,1872,2943,2946,2013,2022,2932,1873,2004,2005,2010,,
1950183,M-MUK,medium,Temanggung,B16,11,collecting,29,1872,2945,2951,2013,2022,2931,1873,2004,2005,2010,,
1951183,M-MUK,medium,Temanggung,B16,11,collecting,30,1872,2947,2950,2013,2023,2932,1873,2003,2005,2010,,
1952183,M-MUK,medium,Temanggung,B16,11,collecting,31,1872,2944,2947,2013,2022,2930,1873,2004,2005,2010,,
1953183,M-MUK,medium,Temanggung,B16,11,collecting,32,1872,2946,2952,2013,2022,2931,1873,2004,2005,2010,,
1954183,M-MUK,medium,Temanggung,B16,11,collecting,33,1872,2942,2949,2012,2022,2931,1873,2004,2005,2010,,
1955183,M-MUK,medium,Temanggung,B16,11,collecting,34,1872,2940,2952,2013,2022,2931,1874,2004,2005,2010,,
1956184,M-MUK,medium,Temanggung,B16,11,collecting,35,1872,2947,2950,2013,2022,2932,1874,2004,2005,2010,,
1957183,M-MUK,medium,Temanggung,B16,11,collecting,36,1872,2941,2949,2013,2022,2932,1873,2004,2005,2010,,
1958183,M-MUK,medium,Temanggung,B16,11,collecting,37,1872,2944,2949,2013,2022,2932,1873,2003,2005,2010,,
1959183,M-MUK,medium,Temanggung,B16,11,collecting,38,1872,2944,2953,2013,2022,2930,1874,2003,2005,2010,,
1960183,M-MUK,medium,Temanggung,B16,11,collecting,39,1872,2942,2947,2012,2022,2930,1873,2004,2005,2010,,
1961183,M-MUK,medium,Temanggung,B16,11,collecting,40,1872,2946,2950,2013,2022,2930,1873,2004,2005,2010,,
1962183,M-MUK,medium,Temanggung,B16,11,collecting,41,1872,2943,2949,2013,2022,2932,1873,2003,2005,2010,,
1963184,M-MUK,medium,Temanggung,B16,11,collecting,42,1872,2945,2948,2013,2022,2932,1873,2004,2005,2010,,
1964183,M-MUK,medium,Temanggung,B16,11,collecting,43,1872,2944,2949,2013,2022,2935,1873,2004,2006,2010,,
1965184,M-MUK,medium,Temanggung,B16,11,collecting,44,1872,2946,2948,2013,2022,2932,1873,2004,2005,2010,,
1966183,M-MUK,medium,Temanggung,B16,11,collecting,45,1872,2945,2950,2012,2022,2932,1873,2004,2005,2010,,
1967183,M-MUK,medium,Temanggung,B16,11,collecting,46,1872,2948,2946,2012,2022,2932,1873,2004,2005,2010,,
1968183,M-MUK,medium,Temanggung,B16,11,collecting,47,1872,2946,2951,2012,2022,2932,1873,2003,2006,2009,,
1969183,M-MUK,medium,Temanggung,B16,11,collecting,48,1872,2946,2949,2013,2022,2932,1873,2004,2005,2010,,
1970183,M-MUK,medium,Temanggung,B16,11,collecting,49,1872,2946,2949,2013,2022,2932,1873,2004,2005,2010,,
1971183,M-MUK,medium,Temanggung,B16,11,collecting,50,1871,2944,2948,2013,2022,2932,1873,2004,2006,2010,,
1972184,M-MUK,medium,Temanggung,B16,11,collecting,51,1872,2943,2951,2013,2022,2932,1873,2003,2005,2010,,
1973183,M-MUK,medium,Temanggung,B16,11,collecting,52,1872,2943,2949,2013,2023,2932,1874,2003,2006,2010,,
1974183,M-MUK,medium,Temanggung,B16,11,collecting,53,1872,2946,2947,2013,2023,2932,1874,2003,2006,2010,,
1975183,M-MUK,medium,Temanggung,B16,11,collecting,54,1872,2946,2950,2013,2022,2932,1874,2003,2006,2010,,
1976183,M-MUK,medium,Temanggung,B16,11,collecting,55,1872,2946,2947,2013,2023,2932,1873,2003,2006,2010,,
1977183,M-MUK,medium,Temanggung,B16,11,collecting,56,1872,2946,2947,2012,2023,2930,1873,2003,2006,2010,,
1978183,M-MUK,medium,Temanggung,B16,11,collecting,57,1872,2945,2950,2013,2023,2932,1873,2003,2006,2010,,
1979184,M-MUK,medium,Temanggung,B16,11,collecting,58,1872,2948,2950,2012,2023,2932,1874,2003,2005,2010,,
1980183,M-MUK,medium,Temanggung,B16,11,collecting,59,1872,2945,2949,2013,2023,2932,1874,2003,2006,2010,,
1981184,M-MUK,medium,Temanggung,B16,11,collecting,60,1871,2947,2948,2013,2023,2932,1873,2003,2006,2010,,
1982186,M-MUK,medium,Temanggung,B16,12,purging,1,1871,2944,2947,2012,2023,2932,1874,2003,2006,2010,,
1983183,M-MUK,medium,Temanggung,B16,12,purging,2,1871,2941,2947,2013,2023,2930,1874,2003,2005,2010,,
1984183,M-MUK,medium,Temanggung,B16,12,purging,3,1872,2946,2949,2013,2023,2932,1873,2003,2005,2010,,
1985183,M-MUK,medium,Temanggung,B16,12,purging,4,1871,2949,2949,2012,2023,2932,1873,2003,2006,2009,,
1986183,M-MUK,medium,Temanggung,B16,12,purging,5,1872,2941,2948,2013,2023,2932,1873,2003,2005,2010,,
1987183,M-MUK,medium,Temanggung,B16,12,purging,6,1871,2946,2951,2013,2023,2932,1874,2003,2006,2010,,
1988184,M-MUK,medium,Temanggung,B16,12,purging,7,1871,2944,2949,2012,2023,2930,1873,2003,2006,2010,,
1989183,M-MUK,medium,Temanggung,B16,12,purging,8,1872,2946,2953,2012,2023,2930,1874,2003,2006,2010,,
1990183,M-MUK,medium,Temanggung,B16,12,purging,9,1872,2943,2947,2012,2023,2932,1873,2003,2005,2010,,
1991183,M-MUK,medium,Temanggung,B16,12,purging,10,1871,2948,2947,2012,2023,2932,1873,2003,2006,2009,,
1992183,M-MUK,medium,Temanggung,B16,12,purging,11,1871,2941,2946,2012,2022,2932,1874,2003,2006,2010,,
1993183,M-MUK,medium,Temanggung,B16,12,purging,12,1872,2941,2947,2012,2022,2934,1873,2003,2006,2009,,
1994183,M-MUK,medium,Temanggung,B16,12,purging,13,1872,2944,2953,2012,2023,2932,1874,2003,2006,2010,,
1995184,M-MUK,medium,Temanggung,B16,12,purging,14,1872,2941,2947,2013,2023,2932,1873,2003,2006,2010,,
1996183,M-MUK,medium,Temanggung,B16,12,purging,15,1872,2941,2948,2012,2022,2932,1873,2003,2006,2010,,
1997184,M-MUK,medium,Temanggung,B16,12,purging,16,1872,2944,2947,2012,2022,2930,1873,2003,2005,2009,,
1998183,M-MUK,medium,Temanggung,B16,12,purging,17,1872,2944,2948,2012,2023,2932,1873,2003,2006,2010,,
1999183,M-MUK,medium,Temanggung,B16,12,purging,18,1872,2944,2946,2012,2022,2932,1874,2003,2006,2009,,
2000183,M-MUK,medium,Temanggung,B16,12,purging,19,1871,2941,2947,2012,2022,2930,1873,2003,2006,2010,,
2001183,M-MUK,medium,Temanggung,B16,12,purging,20,1872,2948,2951,2012,2023,2932,1873,2003,2006,2010,,
2002183,M-MUK,medium,Temanggung,B16,12,purging,21,1871,2941,2951,2012,2023,2930,1873,2003,2006,2010,,
2003183,M-MUK,medium,Temanggung,B16,12,purging,22,1872,2943,2950,2012,2023,2932,1874,2003,2006,2010,,
2004184,M-MUK,medium,Temanggung,B16,12,purging,23,1872,2941,2953,2012,2022,2931,1873,2003,2006,2010,,
2005183,M-MUK,medium,Temanggung,B16,12,purging,24,1872,2945,2947,2012,2023,2932,1874,2003,2006,2010,,
2006183,M-MUK,medium,Temanggung,B16,12,purging,25,1872,2943,2947,2012,2023,2934,1874,2003,2006,2010,,
2007183,M-MUK,medium,Temanggung,B16,12,purging,26,1871,2943,2949,2012,2023,2930,1874,2003,2006,2010,,
2008183,M-MUK,medium,Temanggung,B16,12,purging,27,1872,2941,2946,2012,2023,2932,1873,2003,2005,2010,,
2009183,M-MUK,medium,Temanggung,B16,12,purging,28,1871,2940,2949,2012,2023,2934,1873,2003,2006,2010,,
2010183,M-MUK,medium,Temanggung,B16,12,purging,29,1872,2942,2949,2012,2022,2932,1874,2003,2006,2010,,
2011184,M-MUK,medium,Temanggung,B16,12,purging,30,1871,2943,2946,2011,2022,2932,1874,2003,2005,2009,,
2012183,M-MUK,medium,Temanggung,B16,12,purging,31,1871,2944,2948,2012,2022,2932,1873,2003,2005,2010,,
2013184,M-MUK,medium,Temanggung,B16,12,purging,32,1872,2944,2948,2012,2023,2935,1874,2003,2006,2009,,
2014183,M-MUK,medium,Temanggung,B16,12,purging,33,1871,2941,2950,2012,2023,2931,1873,2003,2005,2010,,
2015183,M-MUK,medium,Temanggung,B16,12,purging,34,1871,2942,2945,2012,2023,2934,1873,2003,2006,2010,,
2016183,M-MUK,medium,Temanggung,B16,12,purging,35,1872,2945,2948,2012,2022,2935,1873,2003,2005,2009,,
2017183,M-MUK,medium,Temanggung,B16,12,purging,36,1871,2941,2953,2012,2023,2930,1874,2003,2005,2009,,
2018183,M-MUK,medium,Temanggung,B16,12,purging,37,1871,2944,2946,2012,2022,2930,1873,2003,2005,2009,,
2019183,M-MUK,medium,Temanggung,B16,12,purging,38,1871,2941,2946,2012,2022,2932,1873,2003,2005,2009,,
2020184,M-MUK,medium,Temanggung,B16,12,purging,39,1871,2946,2947,2012,2022,2931,1873,2003,2006,2009,,
2021183,M-MUK,medium,Temanggung,B16,12,purging,40,1871,2942,2949,2012,2022,2935,1873,2003,2005,2009,,
2022183,M-MUK,medium,Temanggung,B16,12,purging,41,1871,2944,2945,2012,2022,2931,1873,2003,2005,2009,,
2023183,M-MUK,medium,Temanggung,B16,12,purging,42,1871,2943,2949,2012,2022,2932,1874,2003,2005,2010,,
2024183,M-MUK,medium,Temanggung,B16,12,purging,43,1871,2946,2947,2012,2023,2932,1873,2003,2005,2010,,
2025183,M-MUK,medium,Temanggung,B16,12,purging,44,1871,2942,2948,2012,2022,2932,1873,2003,2005,2010,,
2026183,M-MUK,medium,Temanggung,B16,12,purging,45,1872,2943,2948,2012,2022,2934,1873,2003,2005,2010,,
2027184,M-MUK,medium,Temanggung,B16,12,purging,46,1872,2943,2948,2013,2022,2931,1873,2003,2005,2010,,
2028183,M-MUK,medium,Temanggung,B16,12,purging,47,1871,2939,2950,2012,2022,2934,1873,2003,2005,2010,,
2029184,M-MUK,medium,Temanggung,B16,12,purging,48,1871,2944,2949,2013,2021,2932,1873,2003,2005,2010,,
2030183,M-MUK,medium,Temanggung,B16,12,purging,49,1871,2942,2952,2012,2021,2931,1873,2003,2005,2010,,
2031183,M-MUK,medium,Temanggung,B16,12,purging,50,1871,2939,2944,2012,2021,2932,1872,2003,2005,2010,,
2032183,M-MUK,medium,Temanggung,B16,12,purging,51,1871,2941,2949,2012,2022,2931,1872,2003,2005,2009,,
2033183,M-MUK,medium,Temanggung,B16,12,purging,52,1871,2944,2950,2012,2021,2932,1872,2003,2005,2010,,
2034183,M-MUK,medium,Temanggung,B16,12,purging,53,1871,2940,2953,2012,2022,2931,1873,2003,2005,2010,,
2035183,M-MUK,medium,Temanggung,B16,12,purging,54,1872,2941,2947,2012,2021,2931,1873,2003,2005,2009,,
2036184,M-MUK,medium,Temanggung,B16,12,purging,55,1871,2943,2946,2012,2021,2930,1873,2003,2004,2010,,
2037183,M-MUK,medium,Temanggung,B16,12,purging,56,1871,2939,2948,2012,2021,2930,1872,2003,2005,2009,,
2038183,M-MUK,medium,Temanggung,B16,12,purging,57,1871,2939,2950,2012,2022,2930,1873,2003,2005,2010,,
2039183,M-MUK,medium,Temanggung,B16,12,purging,58,1871,2939,2947,2012,2021,2932,1873,2003,2005,2009,,
2040183,M-MUK,medium,Temanggung,B16,12,purging,59,1871,2939,2946,2012,2022,2935,1873,2003,2005,2009,,
2041183,M-MUK,medium,Temanggung,B16,12,purging,60,1871,2941,2947,2011,2022,2932,1873,2003,2005,2009,,
2042183,M-MUK,medium,Temanggung,B16,12,purging,61,1871,2942,2946,2012,2022,2935,1873,2003,2005,2009,,
2043184,M-MUK,medium,Temanggung,B16,12,purging,62,1871,2945,2949,2012,2022,2930,1873,2003,2005,2009,,
2044183,M-MUK,medium,Temanggung,B16,12,purging,63,1871,2939,2945,2012,2022,2930,1873,2003,2005,2009,,
2045184,M-MUK,medium,Temanggung,B16,12,purging,64,1871,2940,2946,2012,2022,2932,1873,2003,2005,2009,,
2046183,M-MUK,medium,Temanggung,B16,12,purging,65,1871,2941,2946,2012,2023,2930,1873,2003,2005,2009,,
2047183,M-MUK,medium,Temanggung,B16,12,purging,66,1871,2940,2949,2012,2022,2931,1873,2003,2005,2009,,
2048183,M-MUK,medium,Temanggung,B16,12,purging,67,1871,2941,2947,2012,2022,2932,1873,2003,2005,2009,,
2049183,M-MUK,medium,Temanggung,B16,12,purging,68,1871,2939,2950,2012,2021,2930,1872,2002,2005,2009,,
2050183,M-MUK,medium,Temanggung,B16,12,purging,69,1871,2945,2947,2012,2022,2931,1872,2003,2005,2010,,
2051183,M-MUK,medium,Temanggung,B16,12,purging,70,1871,2941,2945,2012,2022,2932,1873,2003,2005,2009,,
2052184,M-MUK,medium,Temanggung,B16,12,purging,71,1871,2941,2945,2012,2022,2930,1873,2003,2005,2010,,
2053183,M-MUK,medium,Temanggung,B16,12,purging,72,1871,2939,2944,2013,2021,2930,1873,2003,2005,2010,,
2054183,M-MUK,medium,Temanggung,B16,12,purging,73,1871,2941,2949,2012,2022,2931,1873,2004,2005,2010,,
2055183,M-MUK,medium,Temanggung,B16,12,purging,74,1871,2943,2949,2012,2023,2931,1873,2003,2005,2010,,
2056183,M-MUK,medium,Temanggung,B16,12,purging,75,1872,2945,2951,2012,2023,2931,1873,2003,2005,2010,,
2057183,M-MUK,medium,Temanggung,B16,12,purging,76,1871,2945,2947,2012,2022,2930,1873,2003,2005,2009,,
2058183,M-MUK,medium,Temanggung,B16,12,purging,77,1871,2945,2947,2012,2022,2932,1872,2003,2005,2009,,
2059184,M-MUK,medium,Temanggung,B16,12,purging,78,1871,2941,2946,2013,2022,2930,1873,2003,2005,2009,,
2060183,M-MUK,medium,Temanggung,B16,12,purging,79,1871,2942,2945,2012,2021,2931,1872,2003,2005,2009,,
2061184,M-MUK,medium,Temanggung,B16,12,purging,80,1871,2940,2949,2012,2021,2935,1873,2004,2005,2009,,
2062183,M-MUK,medium,Temanggung,B16,12,purging,81,1871,2944,2946,2012,2022,2930,1873,2003,2005,2010,,
2063183,M-MUK,medium,Temanggung,B16,12,purging,82,1871,2941,2949,2012,2022,2935,1873,2003,2005,2009,,
2064183,M-MUK,medium,Temanggung,B16,12,purging,83,1871,2940,2949,2011,2022,2931,1872,2003,2005,2010,,
2065183,M-MUK,medium,Temanggung,B16,12,purging,84,1871,2941,2949,2011,2022,2934,1873,2003,2005,2010,,
2066183,M-MUK,medium,Temanggung,B16,12,purging,85,1871,2946,2949,2012,2023,2934,1873,2003,2005,2009,,
2067183,M-MUK,medium,Temanggung,B16,12,purging,86,1871,2941,2949,2012,2023,2935,1873,2003,2005,2009,,
2068184,M-MUK,medium,Temanggung,B16,12,purging,87,1871,2942,2946,2012,2023,2932,1873,2003,2005,2010,,
2069183,M-MUK,medium,Temanggung,B16,12,purging,88,1870,2940,2946,2012,2023,2935,1873,2003,2005,2010,,
2070183,M-MUK,medium,Temanggung,B16,12,purging,89,1871,2942,2946,2012,2023,2931,1872,2003,2005,2009,,
2071183,M-MUK,medium,Temanggung,B16,12,purging,90,1871,2942,2946,2013,2022,2931,1872,2003,2005,2009,,
2072183,M-MUK,medium,Temanggung,B16,12,purging,91,1871,2940,2945,2012,2022,2931,1873,2003,2005,2010,,
2073183,M-MUK,medium,Temanggung,B16,12,purging,92,1871,2940,2947,2012,2022,2930,1873,2003,2005,2010,,
2074183,M-MUK,medium,Temanggung,B16,12,purging,93,1871,2939,2949,2012,2022,2930,1873,2003,2005,2010,,
2075184,M-MUK,medium,Temanggung,B16,12,purging,94,1871,2941,2947,2012,2023,2931,1873,2003,2005,2010,,
2076183,M-MUK,medium,Temanggung,B16,12,purging,95,1871,2944,2949,2012,2023,2932,1873,2003,2005,2010,,
2077184,M-MUK,medium,Temanggung,B16,12,purging,96,1871,2941,2949,2012,2023,2932,1873,2003,2006,2010,,
2078183,M-MUK,medium,Temanggung,B16,12,purging,97,1872,2946,2947,2012,2023,2932,1873,2003,2006,2010,,
2079183,M-MUK,medium,Temanggung,B16,12,purging,98,1871,2944,2948,2012,2023,2932,1873,2003,2006,2010,,
2080183,M-MUK,medium,Temanggung,B16,12,purging,99,1872,2944,2949,2012,2023,2931,1873,2003,2006,2010,,
2081183,M-MUK,medium,Temanggung,B16,12,purging,100,1871,2941,2947,2013,2023,2934,1873,2003,2006,2010,,
2082183,M-MUK,medium,Temanggung,B16,12,purging,101,1871,2944,2950,2012,2022,2931,1872,2003,2005,2010,,
2083183,M-MUK,medium,Temanggung,B16,12,purging,102,1872,2943,2949,2012,2022,2931,1872,2004,2005,2010,,
2084184,M-MUK,medium,Temanggung,B16,12,purging,103,1872,2945,2952,2012,2022,2930,1873,2004,2005,2010,,
2085183,M-MUK,medium,Temanggung,B16,12,purging,104,1871,2943,2949,2012,2022,2930,1873,2004,2005,2010,,
2086183,M-MUK,medium,Temanggung,B16,12,purging,105,1872,2943,2946,2012,2023,2932,1872,2004,2006,2010,,
2087183,M-MUK,medium,Temanggung,B16,12,purging,106,1871,2940,2947,2012,2023,2935,1873,2003,2006,2010,,
2088183,M-MUK,medium,Temanggung,B16,12,purging,107,1872,2944,2946,2012,2023,2931,1873,2003,2006,2010,,
2089183,M-MUK,medium,Temanggung,B16,12,purging,108,1871,2941,2950,2013,2023,2934,1873,2003,2006,2010,,
2090183,M-MUK,medium,Temanggung,B16,12,purging,109,1871,2946,2947,2013,2023,2932,1873,2004,2006,2010,,
2091184,M-MUK,medium,Temanggung,B16,12,purging,110,1871,2945,2946,2013,2023,2932,1873,2004,2006,2010,,
2092183,M-MUK,medium,Temanggung,B16,12,purging,111,1871,2944,2950,2013,2022,2932,1873,2004,2006,2010,,
2093184,M-MUK,medium,Temanggung,B16,12,purging,112,1871,2943,2947,2013,2022,2931,1873,2004,2006,2010,,
2094183,M-MUK,medium,Temanggung,B16,12,purging,113,1872,2945,2948,2013,2022,2931,1872,2004,2005,2011,,
2095183,M-MUK,medium,Temanggung,B16,12,purging,114,1872,2942,2952,2013,2022,2931,1873,2004,2006,2010,,
2096183,M-MUK,medium,Temanggung,B16,12,purging,115,1871,2944,2950,2013,2022,2931,1873,2004,2006,2010,,
2097183,M-MUK,medium,Temanggung,B16,12,purging,116,1872,2944,2949,2012,2023,2930,1873,2004,2006,2011,,
2098183,M-MUK,medium,Temanggung,B16,12,purging,117,1872,2945,2952,2013,2023,2931,1874,2004,2006,2010,,
2099183,M-MUK,medium,Temanggung,B16,12,purging,118,1872,2942,2950,2012,2023,2932,1873,2004,2006,2010,,
2100184,M-MUK,medium,Temanggung,B16,12,purging,119,1871,2943,2954,2013,2023,2935,1873,2004,2006,2010,,
2101183,M-MUK,medium,Temanggung,B16,12,purging,120,1872,2944,2947,2013,2023,2932,1873,2004,2006,2010,,
2102187,M-MUK,medium,Temanggung,B16,12,collecting,1,1872,2943,2948,2013,2022,2932,1873,2004,2006,2011,,
2103183,M-MUK,medium,Temanggung,B16,12,collecting,2,1872,2941,2953,2013,2022,2932,1873,2005,2006,2010,,
2104183,M-MUK,medium,Temanggung,B16,12,collecting,3,1871,2943,2950,2013,2023,2932,1873,2004,2006,2011,,
2105183,M-MUK,medium,Temanggung,B16,12,collecting,4,1872,2942,2950,2013,2022,2932,1873,2005,2006,2011,,
2106183,M-MUK,medium,Temanggung,B16,12,collecting,5,1872,2941,2948,2013,2024,2930,1873,2004,2006,2011,,
2107184,M-MUK,medium,Temanggung,B16,12,collecting,6,1872,2948,2951,2013,2024,2932,1874,2004,2007,2010,,
2108183,M-MUK,medium,Temanggung,B16,12,collecting,7,1872,2944,2949,2013,2023,2934,1873,2005,2007,2011,,
2109184,M-MUK,medium,Temanggung,B16,12,collecting,8,1872,2944,2948,2013,2023,2932,1873,2004,2006,2011,,
2110183,M-MUK,medium,Temanggung,B16,12,collecting,9,1871,2944,2946,2013,2023,2931,1873,2004,2007,2011,,
2111183,M-MUK,medium,Temanggung,B16,12,collecting,10,1872,2946,2949,2014,2023,2932,1873,2004,2007,2011,,
2112183,M-MUK,medium,Temanggung,B16,12,collecting,11,1872,2946,2952,2013,2022,2930,1873,2005,2007,2011,,
2113183,M-MUK,medium,Temanggung,B16,12,collecting,12,1872,2943,2948,2013,2023,2931,1873,2005,2006,2011,,
2114183,M-MUK,medium,Temanggung,B16,12,collecting,13,1872,2946,2952,2013,2022,2932,1873,2005,2006,2011,,
2115183,M-MUK,medium,Temanggung,B16,12,collecting,14,1872,2943,2955,2013,2023,2930,1873,2005,2006,2011,,
2116184,M-MUK,medium,Temanggung,B16,12,collecting,15,1872,2943,2952,2013,2024,2935,1873,2005,2006,2011,,
2117183,M-MUK,medium,Temanggung,B16,12,collecting,16,1872,2947,2949,2013,2024,2931,1874,2004,2007,2011,,
2118183,M-MUK,medium,Temanggung,B16,12,collecting,17,1872,2946,2953,2013,2025,2932,1874,2005,2007,2011,,
2119183,M-MUK,medium,Temanggung,B16,12,collecting,18,1872,2945,2949,2013,2024,2932,1874,2005,2007,2011,,
2120183,M-MUK,medium,Temanggung,B16,12,collecting,19,1872,2943,2947,2014,2024,2930,1874,2005,2007,2011,,
2121183,M-MUK,medium,Temanggung,B16,12,collecting,20,1872,2946,2952,2014,2024,2932,1873,2005,2007,2011,,
2122183,M-MUK,medium,Temanggung,B16,12,collecting,21,1872,2943,2949,2014,2023,2932,1874,2005,2007,2011,,
2123184,M-MUK,medium,Temanggung,B16,12,collecting,22,1872,2943,2954,2014,2023,2932,1873,2005,2006,2012,,
2124183,M-MUK,medium,Temanggung,B16,12,collecting,23,1873,2948,2948,2014,2023,2932,1874,2005,2007,2011,,
2125184,M-MUK,medium,Temanggung,B16,12,collecting,24,1872,2944,2951,2013,2024,2930,1874,2005,2007,2012,,
2126183,M-MUK,medium,Temanggung,B16,12,collecting,25,1873,2944,2950,2013,2024,2931,1873,2005,2007,2012,,
2127183,M-MUK,medium,Temanggung,B16,12,collecting,26,1872,2946,2952,2014,2025,2932,1874,2005,2007,2012,,
2128183,M-MUK,medium,Temanggung,B16,12,collecting,27,1872,2948,2953,2013,2024,2932,1874,2005,2008,2012,,
2129183,M-MUK,medium,Temanggung,B16,12,collecting,28,1872,2949,2952,2013,2025,2934,1874,2005,2007,2011,,
2130183,M-MUK,medium,Temanggung,B16,12,collecting,29,1872,2946,2952,2014,2024,2932,1874,2005,2007,2012,,
2131183,M-MUK,medium,Temanggung,B16,12,collecting,30,1873,2946,2950,2014,2024,2932,1874,2005,2007,2012,,
2132184,M-MUK,medium,Temanggung,B16,12,collecting,31,1873,2943,2952,2014,2023,2932,1873,2005,2007,2012,,
2133183,M-MUK,medium,Temanggung,B16,12,collecting,32,1872,2948,2955,2014,2024,2932,1874,2006,2007,2012,,
2134183,M-MUK,medium,Temanggung,B16,12,collecting,33,1872,2944,2949,2014,2024,2932,1874,2006,2008,2012,,
2135183,M-MUK,medium,Temanggung,B16,12,collecting,34,1873,2948,2953,2014,2024,2932,1873,2006,2007,2012,,
2136183,M-MUK,medium,Temanggung,B16,12,collecting,35,1873,2944,2949,2014,2025,2931,1874,2006,2008,2012,,
2137183,M-MUK,medium,Temanggung,B16,12,collecting,36,1872,2947,2954,2014,2025,2931,1874,2006,2008,2012,,
2138183,M-MUK,medium,Temanggung,B16,12,collecting,37,1873,2948,2954,2013,2025,2932,1874,2005,2008,2012,,
2139184,M-MUK,medium,Temanggung,B16,12,collecting,38,1872,2944,2949,2014,2025,2932,1874,2006,2008,2012,,
2140183,M-MUK,medium,Temanggung,B16,12,collecting,39,1873,2944,2949,2014,2025,2932,1874,2006,2008,2012,,
2141184,M-MUK,medium,Temanggung,B16,12,collecting,40,1872,2949,2953,2014,2025,2930,1874,2006,2008,2012,,
2142183,M-MUK,medium,Temanggung,B16,12,collecting,41,1873,2950,2954,2014,2025,2930,1874,2006,2008,2012,,
2143183,M-MUK,medium,Temanggung,B16,12,collecting,42,1873,2946,2952,2014,2025,2932,1874,2006,2008,2013,,
2144183,M-MUK,medium,Temanggung,B16,12,collecting,43,1873,2949,2953,2014,2024,2931,1874,2006,2008,2012,,
2145183,M-MUK,medium,Temanggung,B16,12,collecting,44,1873,2944,2950,2014,2024,2932,1874,2006,2008,2013,,
2146183,M-MUK,medium,Temanggung,B16,12,collecting,45,1873,2949,2953,2014,2024,2932,1874,2006,2008,2013,,
2147183,M-MUK,medium,Temanggung,B16,12,collecting,46,1873,2944,2954,2014,2024,2932,1874,2006,2008,2013,,
2148184,M-MUK,medium,Temanggung,B16,12,collecting,47,1873,2947,2956,2014,2025,2932,1874,2006,2008,2013,,
2149183,M-MUK,medium,Temanggung,B16,12,collecting,48,1872,2944,2955,2014,2025,2932,1874,2006,2008,2013,,
2150183,M-MUK,medium,Temanggung,B16,12,collecting,49,1873,2948,2951,2014,2025,2932,1874,2006,2008,2013,,
2151183,M-MUK,medium,Temanggung,B16,12,collecting,50,1873,2946,2954,2014,2026,2932,1874,2006,2008,2013,,
2152183,M-MUK,medium,Temanggung,B16,12,collecting,51,1873,2945,2953,2014,2026,2932,1874,2006,2009,2013,,
2153183,M-MUK,medium,Temanggung,B16,12,collecting,52,1873,2945,2950,2014,2025,2932,1874,2006,2009,2013,,
2154183,M-MUK,medium,Temanggung,B16,12,collecting,53,1873,2946,2951,2014,2025,2932,1874,2006,2008,2013,,
2155184,M-MUK,medium,Temanggung,B16,12,collecting,54,1873,2946,2955,2014,2025,2930,1874,2006,2008,2013,,
2156183,M-MUK,medium,Temanggung,B16,12,collecting,55,1873,2946,2950,2015,2025,2930,1874,2006,2008,2013,,
2157184,M-MUK,medium,Temanggung,B16,12,collecting,56,1873,2946,2951,2014,2024,2931,1874,2007,2008,2013,,
2158183,M-MUK,medium,Temanggung,B16,12,collecting,57,1873,2946,2954,2015,2024,2930,1874,2007,2008,2013,,
2159183,M-MUK,medium,Temanggung,B16,12,collecting,58,1873,2947,2951,2015,2025,2932,1874,2007,2008,2013,,
2160183,M-MUK,medium,Temanggung,B16,12,collecting,59,1873,2945,2952,2015,2026,2932,1874,2007,2009,2013,,
2161183,M-MUK,medium,Temanggung,B16,12,collecting,60,1873,2944,2955,2015,2024,2932,1874,2007,2008,2014,,
2162186,M-MUK,medium,Temanggung,B16,13,purging,1,1873,2946,2955,2014,2024,2930,1874,2007,2008,2013,,
2163183,M-MUK,medium,Temanggung,B16,13,purging,2,1873,2944,2954,2014,2026,2932,1874,2007,2009,2013,,
2164184,M-MUK,medium,Temanggung,B16,13,purging,3,1873,2945,2951,2014,2025,2932,1874,2007,2009,2013,,
2165183,M-MUK,medium,Temanggung,B16,13,purging,4,1874,2946,2956,2014,2026,2932,1874,2007,2008,2013,,
2166183,M-MUK,medium,Temanggung,B16,13,purging,5,1873,2948,2954,2014,2027,2930,1874,2007,2009,2013,,
2167183,M-MUK,medium,Temanggung,B16,13,purging,6,1873,2946,2954,2014,2027,2932,1875,2007,2009,2014,,
2168183,M-MUK,medium,Temanggung,B16,13,purging,7,1874,2946,2957,2014,2026,2932,1875,2007,2009,2013,,
2169183,M-MUK,medium,Temanggung,B16,13,purging,8,1873,2945,2954,2015,2027,2932,1874,2006,2009,2013,,
2170183,M-MUK,medium,Temanggung,B16,13,purging,9,1873,2949,2954,2014,2027,2932,1875,2007,2009,2013,,
2171184,M-MUK,medium,Temanggung,B16,13,purging,10,1873,2950,2953,2014,2026,2932,1875,2007,2009,2013,,
2172183,M-MUK,medium,Temanggung,B16,13,purging,11,1873,2948,2952,2014,2026,2932,1875,2007,2009,2013,,
2173184,M-MUK,medium,Temanggung,B16,13,purging,12,1873,2947,2955,2015,2026,2932,1874,2007,2009,2013,,
2174183,M-MUK,medium,Temanggung,B16,13,purging,13,1873,2945,2949,2015,2026,2932,1875,2007,2009,2014,,
2175183,M-MUK,medium,Temanggung,B16,13,purging,14,1873,2948,2955,2015,2027,2932,1874,2007,2009,2014,,
2176183,M-MUK,medium,Temanggung,B16,13,purging,15,1873,2945,2953,2015,2027,2930,1875,2007,2009,2013,,
2177183,M-MUK,medium,Temanggung,B16,13,purging,16,1873,2944,2950,2015,2026,2932,1875,2007,2009,2014,,
2178183,M-MUK,medium,Temanggung,B16,13,purging,17,1873,2946,2956,2015,2026,2930,1874,2007,2009,2014,,
2179183,M-MUK,medium,Temanggung,B16,13,purging,18,1873,2947,2951,2015,2026,2930,1875,2007,2009,2014,,
2180184,M-MUK,medium,Temanggung,B16,13,purging,19,1873,2949,2951,2015,2026,2932,1874,2007,2009,2014,,
2181183,M-MUK,medium,Temanggung,B16,13,purging,20,1873,2949,2953,2015,2026,2930,1875,2007,2010,2014,,
2182183,M-MUK,medium,Temanggung,B16,13,purging,21,1873,2944,2956,2015,2026,2932,1874,2007,2009,2014,,
2183183,M-MUK,medium,Temanggung,B16,13,purging,22,1873,2948,2952,2016,2026,2932,1874,2007,2009,2014,,
2184183,M-MUK,medium,Temanggung,B16,13,purging,23,1873,2950,2955,2015,2026,2930,1874,2008,2009,2014,,
2185183,M-MUK,medium,Temanggung,B16,13,purging,24,1873,2950,2952,2015,2026,2930,1874,2007,2010,2014,,
2186183,M-MUK,medium,Temanggung,B16,13,purging,25,1873,2948,2955,2015,2026,2930,1875,2008,2009,2014,,
2187184,M-MUK,medium,Temanggung,B16,13,purging,26,1874,2946,2954,2015,2025,2930,1874,2007,2009,2014,,
2188183,M-MUK,medium,Temanggung,B16,13,purging,27,1873,2946,2951,2016,2025,2932,1875,2008,2009,2014,,
2189184,M-MUK,medium,Temanggung,B16,13,purging,28,1873,2945,2955,2016,2026,2932,1874,2007,2009,2014,,
2190183,M-MUK,medium,Temanggung,B16,13,purging,29,1874,2949,2955,2015,2025,2932,1874,2008,2010,2014,,
2191183,M-MUK,medium,Temanggung,B16,13,purging,30,1874,2948,2954,2016,2026,2930,1875,2008,2009,2015,,
2192183,M-MUK,medium,Temanggung,B16,13,purging,31,1874,2945,2955,2015,2026,2930,1875,2008,2010,2014,,
2193183,M-MUK,medium,Temanggung,B16,13,purging,32,1874,2948,2958,2016,2026,2930,1875,2008,2010,2015,,
2194183,M-MUK,medium,Temanggung,B16,13,purging,33,1874,2944,2956,2015,2026,2932,1875,2008,2010,2014,,
2195183,M-MUK,medium,Temanggung,B16,13,purging,34,1874,2949,2955,2016,2026,2930,1874,2008,2010,2015,,
2196184,M-MUK,medium,Temanggung,B16,13,purging,35,1874,2946,2955,2016,2026,2932,1875,2008,2010,2014,,
2197183,M-MUK,medium,Temanggung,B16,13,purging,36,1874,2949,2955,2015,2026,2932,1875,2008,2010,2015,,
2198183,M-MUK,medium,Temanggung,B16,13,purging,37,1874,2946,2950,2016,2026,2932,1875,2008,2010,2015,,
2199183,M-MUK,medium,Temanggung,B16,13,purging,38,1874,2945,2952,2016,2026,2930,1875,2008,2010,2015,,
2200183,M-MUK,medium,Temanggung,B16,13,purging,39,1873,2949,2952,2016,2027,2932,1875,2008,2010,2015,,
2201183,M-MUK,medium,Temanggung,B16,13,purging,40,1874,2944,2955,2016,2026,2932,1875,2008,2010,2015,,
2202183,M-MUK,medium,Temanggung,B16,13,purging,41,1874,2945,2951,2016,2027,2930,1875,2008,2010,2015,,
2203184,M-MUK,medium,Temanggung,B16,13,purging,42,1874,2948,2952,2016,2027,2930,1875,2008,2010,2015,,
2204183,M-MUK,medium,Temanggung,B16,13,purging,43,1873,2948,2955,2016,2027,2931,1875,2008,2010,2015,,
2205184,M-MUK,medium,Temanggung,B16,13,purging,44,1874,2949,2952,2016,2027,2931,1875,2008,2010,2015,,
2206183,M-MUK,medium,Temanggung,B16,13,purging,45,1873,2946,2956,2016,2027,2930,1875,2008,2010,2015,,
2207183,M-MUK,medium,Temanggung,B16,13,purging,46,1874,2947,2954,2016,2027,2932,1875,2008,2010,2015,,
2208183,M-MUK,medium,Temanggung,B16,13,purging,47,1874,2947,2954,2016,2028,2931,1875,2008,2011,2015,,
2209183,M-MUK,medium,Temanggung,B16,13,purging,48,1874,2949,2954,2016,2028,2930,1876,2008,2011,2015,,
2210183,M-MUK,medium,Temanggung,B16,13,purging,49,1874,2949,2957,2015,2028,2934,1875,2009,2010,2015,,
2211183,M-MUK,medium,Temanggung,B16,13,purging,50,1874,2950,2955,2015,2028,2932,1876,2009,2011,2015,,
2212184,M-MUK,medium,Temanggung,B16,13,purging,51,1874,2948,2955,2016,2028,2932,1875,2008,2011,2015,,
2213183,M-MUK,medium,Temanggung,B16,13,purging,52,1874,2947,2954,2015,2028,2932,1876,2009,2011,2015,,
2214183,M-MUK,medium,Temanggung,B16,13,purging,53,1874,2949,2952,2016,2028,2932,1876,2008,2010,2015,,
2215183,M-MUK,medium,Temanggung,B16,13,purging,54,1874,2949,2957,2016,2027,2930,1875,2008,2011,2015,,
2216183,M-MUK,medium,Temanggung,B16,13,purging,55,1874,2947,2955,2016,2028,2932,1875,2008,2011,2015,,
2217183,M-MUK,medium,Temanggung,B16,13,purging,56,1874,2948,2951,2015,2028,2932,1876,2008,2010,2015,,
2218183,M-MUK,medium,Temanggung,B16,13,purging,57,1874,2948,2957,2016,2028,2932,1876,2009,2011,2015,,
2219184,M-MUK,medium,Temanggung,B16,13,purging,58,1874,2949,2955,2015,2028,2932,1876,2009,2011,2015,,
2220183,M-MUK,medium,Temanggung,B16,13,purging,59,1874,2947,2953,2015,2027,2932,1875,2008,2010,2015,,
2221184,M-MUK,medium,Temanggung,B16,13,purging,60,1874,2948,2954,2016,2027,2932,1875,2009,2011,2015,,
2222183,M-MUK,medium,Temanggung,B16,13,purging,61,1874,2946,2955,2015,2027,2932,1875,2009,2011,2015,,
2223183,M-MUK,medium,Temanggung,B16,13,purging,62,1874,2949,2956,2015,2027,2930,1875,2010,2010,2016,,
2224183,M-MUK,medium,Temanggung,B16,13,purging,63,1875,2948,2957,2016,2027,2932,1875,2009,2011,2016,,
2225183,M-MUK,medium,Temanggung,B16,13,purging,64,1874,2946,2956,2016,2027,2932,1875,2009,2011,2016,,
2226183,M-MUK,medium,Temanggung,B16,13,purging,65,1874,2946,2954,2017,2027,2930,1875,2009,2011,2016,,
2227183,M-MUK,medium,Temanggung,B16,13,purging,66,1874,2947,2953,2016,2027,2930,1875,2009,2010,2016,,
2228184,M-MUK,medium,Temanggung,B16,13,purging,67,1874,2951,2955,2017,2027,2932,1875,2009,2010,2016,,
2229183,M-MUK,medium,Temanggung,B16,13,purging,68,1874,2945,2953,2017,2027,2932,1875,2009,2011,2016,,
2230183,M-MUK,medium,Temanggung,B16,13,purging,69,1874,2947,2954,2017,2027,2930,1875,2009,2011,2016,,
2231183,M-MUK,medium,Temanggung,B16,13,purging,70,1874,2950,2955,2017,2026,2930,1875,2009,2010,2016,,
2232183,M-MUK,medium,Temanggung,B16,13,purging,71,1874,2946,2956,2017,2027,2930,1875,2010,2011,2015,,
2233183,M-MUK,medium,Temanggung,B16,13,purging,72,1874,2947,2956,2016,2027,2930,1875,2009,2011,2016,,
2234183,M-MUK,medium,Temanggung,B16,13,purging,73,1874,2947,2952,2017,2027,2931,1875,2009,2011,2016,,
2235184,M-MUK,medium,Temanggung,B16,13,purging,74,1874,2949,2956,2017,2027,2932,1875,2009,2011,2016,,
2236183,M-MUK,medium,Temanggung,B16,13,purging,75,1874,2949,2956,2017,2027,2930,1875,2009,2011,2016,,
2237184,M-MUK,medium,Temanggung,B16,13,purging,76,1875,2947,2958,2017,2027,2932,1875,2009,2012,2016,,
2238183,M-MUK,medium,Temanggung,B16,13,purging,77,1874,2948,2955,2017,2027,2932,1875,2009,2011,2016,,
2239183,M-MUK,medium,Temanggung,B16,13,purging,78,1874,2949,2952,2017,2027,2930,1875,2009,2011,2016,,
2240183,M-MUK,medium,Temanggung,B16,13,purging,79,1874,2947,2957,2017,2027,2930,1876,2009,2011,2016,,
2241183,M-MUK,medium,Temanggung,B16,13,purging,80,1874,2949,2956,2017,2027,2930,1876,2009,2011,2016,,
2242183,M-MUK,medium,Temanggung,B16,13,purging,81,1874,2950,2955,2017,2027,2931,1875,2009,2012,2016,,
2243183,M-MUK,medium,Temanggung,B16,13,purging,82,1874,2951,2955,2017,2028,2932,1876,2010,2012,2016,,
2244184,M-MUK,medium,Temanggung,B16,13,purging,83,1874,2948,2952,2017,2028,2930,1876,2009,2012,2016,,
2245183,M-MUK,medium,Temanggung,B16,13,purging,84,1874,2950,2954,2017,2028,2931,1876,2009,2012,2016,,
2246183,M-MUK,medium,Temanggung,B16,13,purging,85,1875,2949,2956,2017,2028,2930,1876,2009,2012,2017,,
2247183,M-MUK,medium,Temanggung,B16,13,purging,86,1874,2947,2954,2017,2028,2930,1876,2009,2012,2016,,
2248183,M-MUK,medium,Temanggung,B16,13,purging,87,1874,2947,2953,2017,2028,2931,1876,2009,2012,2016,,
2249183,M-MUK,medium,Temanggung,B16,13,purging,88,1874,2947,2953,2017,2028,2934,1875,2010,2012,2016,,
2250183,M-MUK,medium,Temanggung,B16,13,purging,89,1874,2947,2953,2017,2028,2930,1876,2009,2012,2016,,
2251184,M-MUK,medium,Temanggung,B16,13,purging,90,1874,2946,2953,2017,2028,2931,1876,2009,2012,2016,,
2252183,M-MUK,medium,Temanggung,B16,13,purging,91,1874,2946,2957,2017,2028,2931,1876,2010,2012,2016,,
2253184,M-MUK,medium,Temanggung,B16,13,purging,92,1874,2949,2953,2017,2028,2930,1876,2010,2012,2016,,
2254183,M-MUK,medium,Temanggung,B16,13,purging,93,1875,2947,2952,2017,2029,2930,1875,2010,2012,2016,,
2255183,M-MUK,medium,Temanggung,B16,13,purging,94,1874,2947,2955,2018,2028,2931,1876,2009,2012,2016,,
2256183,M-MUK,medium,Temanggung,B16,13,purging,95,1874,2946,2957,2017,2028,2930,1876,2010,2012,2016,,
2257183,M-MUK,medium,Temanggung,B16,13,purging,96,1875,2949,2955,2017,2028,2932,1876,2010,2012,2016,,
2258183,M-MUK,medium,Temanggung,B16,13,purging,97,1875,2947,2956,2018,2029,2930,1876,2010,2013,2017,,
2259183,M-MUK,medium,Temanggung,B16,13,purging,98,1874,2949,2953,2018,2028,2932,1876,2010,2012,2016,,
2260184,M-MUK,medium,Temanggung,B16,13,purging,99,1874,2947,2955,2018,2029,2930,1876,2010,2012,2016,,
2261183,M-MUK,medium,Temanggung,B16,13,purging,100,1875,2947,2956,2017,2028,2930,1876,2010,2012,2017,,
2262183,M-MUK,medium,Temanggung,B16,13,purging,101,1874,2949,2955,2018,2029,2930,1876,2010,2012,2016,,
2263183,M-MUK,medium,Temanggung,B16,13,purging,102,1875,2949,2955,2017,2028,2931,1876,2010,2013,2017,,
2264183,M-MUK,medium,Temanggung,B16,13,purging,103,1874,2949,2957,2017,2029,2930,1876,2010,2012,2017,,
2265183,M-MUK,medium,Temanggung,B16,13,purging,104,1875,2949,2957,2018,2029,2932,1876,2010,2013,2017,,
2266183,M-MUK,medium,Temanggung,B16,13,purging,105,1875,2947,2956,2018,2029,2932,1876,2010,2012,2017,,
2267184,M-MUK,medium,Temanggung,B16,13,purging,106,1874,2948,2957,2017,2029,2932,1876,2010,2013,2017,,
2268183,M-MUK,medium,Temanggung,B16,13,purging,107,1875,2951,2955,2018,2029,2932,1876,2010,2013,2017,,
2269184,M-MUK,medium,Temanggung,B16,13,purging,108,1875,2950,2957,2018,2029,2932,1876,2011,2012,2017,,
2270183,M-MUK,medium,Temanggung,B16,13,purging,109,1875,2949,2956,2018,2029,2932,1876,2011,2013,2017,,
2271183,M-MUK,medium,Temanggung,B16,13,purging,110,1875,2950,2956,2019,2029,2932,1876,2010,2013,2017,,
2272183,M-MUK,medium,Temanggung,B16,13,purging,111,1875,2949,2955,2018,2029,2932,1876,2011,2013,2017,,
2273183,M-MUK,medium,Temanggung,B16,13,purging,112,1875,2949,2954,2019,2028,2930,1876,2010,2013,2017,,
2274183,M-MUK,medium,Temanggung,B16,13,purging,113,1875,2949,2956,2019,2028,2932,1876,2011,2013,2017,,
2275183,M-MUK,medium,Temanggung,B16,13,purging,114,1875,2947,2953,2019,2028,2932,1876,2011,2013,2018,,
2276184,M-MUK,medium,Temanggung,B16,13,purging,115,1875,2950,2957,2019,2028,2933,1876,2011,2013,2018,,
2277183,M-MUK,medium,Temanggung,B16,13,purging,116,1875,2949,2958,2019,2028,2930,1876,2010,2013,2017,,
2278183,M-MUK,medium,Temanggung,B16,13,purging,117,1875,2949,2955,2019,2028,2933,1876,2011,2013,2017,,
2279183,M-MUK,medium,Temanggung,B16,13,purging,118,1875,2948,2956,2019,2028,2931,1876,2011,2013,2018,,
2280183,M-MUK,medium,Temanggung,B16,13,purging,119,1875,2947,2955,2019,2028,2931,1876,2011,2013,2018,,
2281183,M-MUK,medium,Temanggung,B16,13,purging,120,1875,2949,2956,2019,2028,2930,1876,2011,2013,2018,,
2282186,M-MUK,medium,Temanggung,B16,13,collecting,1,1875,2949,2955,2019,2029,2932,1876,2012,2012,2017,,
2283184,M-MUK,medium,Temanggung,B16,13,collecting,2,1875,2951,2956,2019,2028,2930,1876,2012,2012,2018,,
2284183,M-MUK,medium,Temanggung,B16,13,collecting,3,1875,2947,2956,2019,2029,2932,1876,2011,2013,2018,,
2285184,M-MUK,medium,Temanggung,B16,13,collecting,4,1875,2947,2956,2019,2028,2932,1876,2011,2013,2018,,
2286183,M-MUK,medium,Temanggung,B16,13,collecting,5,1875,2950,2954,2019,2028,2932,1876,2011,2013,2018,,
2287183,M-MUK,medium,Temanggung,B16,13,collecting,6,1875,2947,2957,2019,2028,2930,1876,2011,2013,2018,,
2288183,M-MUK,medium,Temanggung,B16,13,collecting,7,1875,2950,2956,2018,2028,2932,1876,2011,2013,2018,,
2289183,M-MUK,medium,Temanggung,B16,13,collecting,8,1875,2949,2956,2018,2029,2931,1876,2011,2013,2017,,
2290183,M-MUK,medium,Temanggung,B16,13,collecting,9,1875,2947,2956,2018,2029,2931,1876,2011,2013,2018,,
2291183,M-MUK,medium,Temanggung,B16,13,collecting,10,1875,2947,2956,2018,2030,2930,1876,2011,2013,2017,,
2292184,M-MUK,medium,Temanggung,B16,13,collecting,11,1875,2948,2955,2018,2029,2931,1876,2010,2013,2018,,
2293183,M-MUK,medium,Temanggung,B16,13,collecting,12,1875,2949,2958,2019,2029,2931,1876,2011,2013,2018,,
2294183,M-MUK,medium,Temanggung,B16,13,collecting,13,1875,2952,2955,2019,2029,2930,1876,2011,2013,2018,,
2295183,M-MUK,medium,Temanggung,B16,13,collecting,14,1875,2949,2954,2018,2029,2930,1876,2010,2013,2017,,
2296183,M-MUK,medium,Temanggung,B16,13,collecting,15,1875,2949,2955,2018,2029,2930,1876,2011,2013,2018,,
2297183,M-MUK,medium,Temanggung,B16,13,collecting,16,1875,2950,2956,2019,2029,2932,1876,2010,2013,2018,,
2298183,M-MUK,medium,Temanggung,B16,13,collecting,17,1875,2949,2958,2019,2029,2932,1876,2011,2013,2018,,
2299184,M-MUK,medium,Temanggung,B16,13,collecting,18,1875,2948,2958,2019,2028,2930,1876,2010,2013,2018,,
2300183,M-MUK,medium,Temanggung,B16,13,collecting,19,1875,2949,2953,2019,2029,2932,1876,2011,2013,2018,,
2301184,M-MUK,medium,Temanggung,B16,13,collecting,20,1875,2950,2955,2019,2028,2932,1876,2012,2013,2018,,
2302183,M-MUK,medium,Temanggung,B16,13,collecting,21,1875,2947,2956,2019,2029,2932,1876,2012,2013,2018,,
2303183,M-MUK,medium,Temanggung,B16,13,collecting,22,1875,2947,2956,2019,2028,2932,1876,2012,2013,2018,,
2304183,M-MUK,medium,Temanggung,B16,13,collecting,23,1875,2946,2954,2019,2028,2930,1876,2011,2013,2018,,
2305183,M-MUK,medium,Temanggung,B16,13,collecting,24,1876,2949,2956,2018,2029,2930,1876,2011,2013,2017,,
2306183,M-MUK,medium,Temanggung,B16,13,collecting,25,1875,2947,2958,2018,2029,2931,1876,2011,2013,2018,,
2307183,M-MUK,medium,Temanggung,B16,13,collecting,26,1875,2950,2957,2018,2029,2932,1876,2011,2013,2018,,
2308184,M-MUK,medium,Temanggung,B16,13,collecting,27,1875,2952,2956,2018,2029,2931,1877,2011,2013,2018,,
2309183,M-MUK,medium,Temanggung,B16,13,collecting,28,1875,2951,2955,2018,2029,2932,1876,2011,2013,2018,,
2310183,M-MUK,medium,Temanggung,B16,13,collecting,29,1875,2951,2957,2018,2029,2932,1876,2011,2013,2018,,
2311183,M-MUK,medium,Temanggung,B16,13,collecting,30,1875,2948,2956,2018,2029,2932,1876,2011,2014,2018,,
2312183,M-MUK,medium,Temanggung,B16,13,collecting,31,1875,2947,2956,2019,2028,2932,1876,2011,2013,2018,,
2313183,M-MUK,medium,Temanggung,B16,13,collecting,32,1875,2947,2955,2019,2028,2932,1876,2012,2013,2018,,
2314183,M-MUK,medium,Temanggung,B16,13,collecting,33,1875,2949,2955,2019,2028,2932,1876,2012,2013,2018,,
2315184,M-MUK,medium,Temanggung,B16,13,collecting,34,1875,2950,2957,2019,2029,2932,1876,2012,2013,2018,,
2316183,M-MUK,medium,Temanggung,B16,13,collecting,35,1876,2949,2956,2019,2029,2930,1876,2012,2013,2018,,
2317184,M-MUK,medium,Temanggung,B16,13,collecting,36,1875,2947,2957,2018,2029,2930,1877,2011,2013,2018,,
2318183,M-MUK,medium,Temanggung,B16,13,collecting,37,1875,2948,2955,2018,2029,2930,1876,2011,2013,2018,,
2319183,M-MUK,medium,Temanggung,B16,13,collecting,38,1876,2953,2958,2018,2029,2931,1876,2011,2014,2018,,
2320183,M-MUK,medium,Temanggung,B16,13,collecting,39,1876,2951,2956,2018,2029,2931,1876,2011,2013,2018,,
2321183,M-MUK,medium,Temanggung,B16,13,collecting,40,1875,2950,2956,2018,2029,2932,1876,2011,2013,2018,,
2322183,M-MUK,medium,Temanggung,B16,13,collecting,41,1875,2947,2958,2019,2029,2932,1876,2011,2013,2018,,
2323183,M-MUK,medium,Temanggung,B16,13,collecting,42,1875,2953,2957,2019,2029,2932,1876,2011,2013,2018,,
2324184,M-MUK,medium,Temanggung,B16,13,collecting,43,1875,2947,2956,2019,2028,2930,1876,2012,2013,2018,,
2325183,M-MUK,medium,Temanggung,B16,13,collecting,44,1875,2947,2959,2018,2028,2930,1876,2012,2013,2018,,
2326183,M-MUK,medium,Temanggung,B16,13,collecting,45,1875,2947,2956,2019,2028,2932,1876,2012,2012,2018,,
2327183,M-MUK,medium,Temanggung,B16,13,collecting,46,1875,2951,2956,2018,2028,2930,1876,2011,2013,2018,,
2328183,M-MUK,medium,Temanggung,B16,13,collecting,47,1875,2951,2956,2018,2029,2932,1876,2011,2013,2018,,
2329183,M-MUK,medium,Temanggung,B16,13,collecting,48,1875,2948,2955,2018,2029,2930,1877,2011,2013,2018,,
2330183,M-MUK,medium,Temanggung,B16,13,collecting,49,1875,2949,2956,2018,2029,2932,1877,2011,2013,2018,,
2331184,M-MUK,medium,Temanggung,B16,13,collecting,50,1875,2953,2955,2019,2029,2932,1876,2010,2013,2018,,
2332183,M-MUK,medium,Temanggung,B16,13,collecting,51,1875,2953,2956,2018,2029,2932,1876,2011,2013,2018,,
2333184,M-MUK,medium,Temanggung,B16,13,collecting,52,1875,2949,2955,2019,2028,2932,1876,2011,2013,2018,,
2334183,M-MUK,medium,Temanggung,B16,13,collecting,53,1875,2949,2956,2019,2028,2932,1876,2011,2013,2018,,
2335183,M-MUK,medium,Temanggung,B16,13,collecting,54,1875,2953,2956,2019,2028,2932,1876,2012,2013,2018,,
2336183,M-MUK,medium,Temanggung,B16,13,collecting,55,1875,2951,2956,2018,2028,2930,1876,2012,2012,2018,,
2337183,M-MUK,medium,Temanggung,B16,13,collecting,56,1876,2952,2956,2018,2028,2930,1876,2012,2013,2018,,
2338183,M-MUK,medium,Temanggung,B16,13,collecting,57,1875,2947,2956,2018,2029,2930,1876,2012,2013,2018,,
2339183,M-MUK,medium,Temanggung,B16,13,collecting,58,1875,2947,2957,2018,2029,2931,1876,2010,2013,2018,,
2340184,M-MUK,medium,Temanggung,B16,13,collecting,59,1875,2949,2956,2018,2029,2930,1876,2011,2013,2018,,
2341183,M-MUK,medium,Temanggung,B16,13,collecting,60,1875,2950,2956,2018,2029,2930,1876,2010,2013,2018,,
2342187,M-MUK,medium,Temanggung,B16,14,purging,1,1876,2949,2955,2018,2029,2931,1876,2011,2013,2018,,
2343183,M-MUK,medium,Temanggung,B16,14,purging,2,1875,2949,2953,2018,2028,2930,1876,2011,2013,2018,,
2344183,M-MUK,medium,Temanggung,B16,14,purging,3,1875,2949,2955,2019,2028,2932,1876,2011,2013,2018,,
2345183,M-MUK,medium,Temanggung,B16,14,purging,4,1876,2948,2954,2019,2028,2932,1876,2012,2013,2017,,
2346183,M-MUK,medium,Temanggung,B16,14,purging,5,1875,2949,2957,2018,2028,2930,1876,2011,2012,2017,,
2347184,M-MUK,medium,Temanggung,B16,14,purging,6,1876,2948,2957,2018,2028,2931,1876,2011,2013,2018,,
2348183,M-MUK,medium,Temanggung,B16,14,purging,7,1875,2949,2956,2018,2028,2930,1876,2011,2013,2018,,
2349184,M-MUK,medium,Temanggung,B16,14,purging,8,1875,2947,2956,2018,2029,2932,1876,2011,2013,2018,,
2350183,M-MUK,medium,Temanggung,B16,14,purging,9,1875,2949,2956,2018,2029,2932,1876,2011,2013,2018,,
2351183,M-MUK,medium,Temanggung,B16,14,purging,10,1875,2949,2955,2018,2029,2930,1876,2011,2013,2018,,
2352183,M-MUK,medium,Temanggung,B16,14,purging,11,1875,2952,2957,2018,2029,2932,1876,2011,2013,2017,,
2353183,M-MUK,medium,Temanggung,B16,14,purging,12,1875,2949,2957,2018,2029,2932,1876,2011,2013,2017,,
2354183,M-MUK,medium,Temanggung,B16,14,purging,13,1875,2951,2956,2019,2029,2932,1876,2011,2013,2018,,
2355183,M-MUK,medium,Temanggung,B16,14,purging,14,1875,2951,2958,2019,2028,2932,1876,2011,2013,2018,,
2356184,M-MUK,medium,Temanggung,B16,14,purging,15,1875,2948,2955,2018,2028,2932,1876,2011,2013,2018,,
2357183,M-MUK,medium,Temanggung,B16,14,purging,16,1876,2948,2952,2018,2028,2932,1876,2011,2012,2018,,
2358183,M-MUK,medium,Temanggung,B16,14,purging,17,1875,2948,2955,2018,2028,2931,1877,2012,2012,2018,,
2359183,M-MUK,medium,Temanggung,B16,14,purging,18,1875,2948,2955,2018,2028,2930,1876,2011,2013,2018,,
2360183,M-MUK,medium,Temanggung,B16,14,purging,19,1876,2949,2956,2017,2029,2931,1876,2011,2013,2018,,
2361183,M-MUK,medium,Temanggung,B16,14,purging,20,1875,2949,2957,2018,2029,2931,1876,2011,2013,2018,,
2362183,M-MUK,medium,Temanggung,B16,14,purging,21,1875,2951,2956,2018,2029,2930,1876,2011,2013,2018,,
2363184,M-MUK,medium,Temanggung,B16,14,purging,22,1876,2949,2958,2017,2029,2932,1876,2011,2013,2017,,
2364183,M-MUK,medium,Temanggung,B16,14,purging,23,1875,2948,2955,2018,2029,2931,1876,2011,2013,2018,,
2365184,M-MUK,medium,Temanggung,B16,14,purging,24,1875,2950,2955,2018,2028,2932,1876,2011,2013,2017,,
2366183,M-MUK,medium,Temanggung,B16,14,purging,25,1875,2950,2954,2018,2028,2930,1876,2011,2013,2018,,
2367183,M-MUK,medium,Temanggung,B16,14,purging,26,1875,2951,2956,2018,2028,2931,1876,2011,2013,2018,,
2368183,M-MUK,medium,Temanggung,B16,14,purging,27,1875,2947,2957,2018,2028,2930,1876,2011,2013,2017,,
2369183,M-MUK,medium,Temanggung,B16,14,purging,28,1875,2950,2956,2019,2028,2932,1876,2011,2012,2017,,
2370183,M-MUK,medium,Temanggung,B16,14,purging,29,1875,2948,2956,2018,2028,2931,1876,2011,2012,2018,,
2371183,M-MUK,medium,Temanggung,B16,14,purging,30,1876,2950,2956,2019,2028,2930,1876,2011,2013,2017,,
2372184,M-MUK,medium,Temanggung,B16,14,purging,31,1875,2949,2957,2018,2028,2930,1876,2011,2012,2018,,
2373183,M-MUK,medium,Temanggung,B16,14,purging,32,1875,2948,2956,2017,2029,2932,1877,2011,2013,2018,,
2374183,M-MUK,medium,Temanggung,B16,14,purging,33,1875,2948,2953,2018,2029,2930,1876,2010,2013,2018,,
2375183,M-MUK,medium,Temanggung,B16,14,purging,34,1875,2949,2956,2018,2029,2931,1876,2010,2013,2017,,
2376183,M-MUK,medium,Temanggung,B16,14,purging,35,1875,2949,2957,2018,2029,2932,1876,2010,2013,2017,,
2377183,M-MUK,medium,Temanggung,B16,14,purging,36,1875,2951,2956,2017,2029,2932,1876,2010,2013,2017,,
2378183,M-MUK,medium,Temanggung,B16,14,purging,37,1875,2950,2958,2018,2028,2932,1876,2011,2013,2018,,
2379184,M-MUK,medium,Temanggung,B16,14,purging,38,1876,2948,2956,2018,2028,2931,1876,2011,2013,2017,,
2380183,M-MUK,medium,Temanggung,B16,14,purging,39,1876,2949,2957,2018,2028,2930,1876,2011,2013,2018,,
2381184,M-MUK,medium,Temanggung,B16,14,purging,40,1875,2947,2955,2017,2028,2932,1875,2011,2012,2018,,
2382183,M-MUK,medium,Temanggung,B16,14,purging,41,1876,2949,2955,2018,2028,2930,1876,2011,2012,2017,,
2383183,M-MUK,medium,Temanggung,B16,14,purging,42,1875,2949,2958,2017,2028,2931,1876,2011,2013,2018,,
2384183,M-MUK,medium,Temanggung,B16,14,purging,43,1875,2950,2955,2017,2028,2931,1876,2011,2013,2017,,
2385183,M-MUK,medium,Temanggung,B16,14,purging,44,1875,2949,2958,2018,2029,2931,1876,2011,2013,2017,,
2386183,M-MUK,medium,Temanggung,B16,14,purging,45,1875,2950,2956,2018,2029,2932,1876,2010,2013,2017,,
2387183,M-MUK,medium,Temanggung,B16,14,purging,46,1875,2947,2956,2018,2029,2930,1876,2011,2013,2017,,
2388184,M-MUK,medium,Temanggung,B16,14,purging,47,1875,2947,2956,2018,2029,2932,1876,2011,2013,2017,,
2389183,M-MUK,medium,Temanggung,B16,14,purging,48,1875,2953,2956,2017,2029,2933,1876,2011,2013,2017,,
2390183,M-MUK,medium,Temanggung,B16,14,purging,49,1875,2949,2955,2018,2028,2932,1876,2010,2013,2018,,
2391183,M-MUK,medium,Temanggung,B16,14,purging,50,1875,2951,2955,2018,2028,2932,1876,2011,2013,2018,,
2392183,M-MUK,medium,Temanggung,B16,14,purging,51,1875,2949,2953,2018,2028,2932,1876,2011,2012,2017,,
2393183,M-MUK,medium,Temanggung,B16,14,purging,52,1876,2947,2955,2018,2028,2930,1876,2011,2012,2017,,
2394183,M-MUK,medium,Temanggung,B16,14,purging,53,1876,2950,2955,2018,2028,2930,1876,2011,2012,2017,,
2395184,M-MUK,medium,Temanggung,B16,14,purging,54,1876,2947,2956,2018,2028,2931,1876,2011,2012,2017,,
2396183,M-MUK,medium,Temanggung,B16,14,purging,55,1876,2948,2958,2017,2028,2930,1876,2011,2012,2018,,
2397184,M-MUK,medium,Temanggung,B16,14,purging,56,1875,2947,2957,2018,2029,2932,1876,2011,2013,2017,,
2398183,M-MUK,medium,Temanggung,B16,14,purging,57,1876,2948,2956,2018,2029,2930,1876,2011,2013,2017,,
2399183,M-MUK,medium,Temanggung,B16,14,purging,58,1875,2948,2955,2017,2028,2932,1876,2010,2013,2017,,
2400183,M-MUK,medium,Temanggung,B16,14,purging,59,1875,2947,2956,2018,2029,2931,1876,2011,2013,2017,,
2401183,M-MUK,medium,Temanggung,B16,14,purging,60,1875,2950,2955,2017,2029,2931,1876,2011,2012,2017,,
2402183,M-MUK,medium,Temanggung,B16,14,purging,61,1875,2948,2953,2018,2029,2930,1876,2010,2013,2017,,
2403183,M-MUK,medium,Temanggung,B16,14,purging,62,1875,2949,2954,2018,2028,2931,1876,2010,2013,2017,,
2404184,M-MUK,medium,Temanggung,B16,14,purging,63,1875,2950,2956,2018,2028,2932,1876,2011,2013,2017,,
2405183,M-MUK,medium,Temanggung,B16,14,purging,64,1875,2948,2956,2018,2028,2932,1876,2011,2013,2017,,
2406183,M-MUK,medium,Temanggung,B16,14,purging,65,1875,2952,2953,2018,2028,2932,1876,2012,2013,2017,,
2407183,M-MUK,medium,Temanggung,B16,14,purging,66,1875,2947,2956,2018,2028,2932,1876,2011,2012,2017,,
2408183,M-MUK,medium,Temanggung,B16,14,purging,67,1875,2948,2958,2018,2028,2930,1875,2011,2012,2018,,
2409183,M-MUK,medium,Temanggung,B16,14,purging,68,1875,2947,2956,2018,2028,2930,1875,2011,2013,2018,,
2410183,M-MUK,medium,Temanggung,B16,14,purging,69,1876,2949,2958,2017,2028,2930,1876,2011,2013,2018,,
2411184,M-MUK,medium,Temanggung,B16,14,purging,70,1875,2948,2957,2017,2029,2932,1876,2011,2012,2017,,
2412183,M-MUK,medium,Temanggung,B16,14,purging,71,1875,2948,2956,2017,2029,2931,1876,2010,2012,2018,,
2413184,M-MUK,medium,Temanggung,B16,14,purging,72,1875,2948,2955,2017,2029,2931,1876,2010,2013,2018,,
2414183,M-MUK,medium,Temanggung,B16,14,purging,73,1876,2950,2957,2018,2028,2930,1876,2010,2013,2017,,
2415183,M-MUK,medium,Temanggung,B16,14,purging,74,1875,2950,2958,2017,2028,2930,1876,2010,2013,2017,,
2416183,M-MUK,medium,Temanggung,B16,14,purging,75,1875,2947,2955,2017,2029,2931,1876,2010,2013,2017,,
2417183,M-MUK,medium,Temanggung,B16,14,purging,76,1875,2949,2954,2017,2029,2932,1876,2010,2013,2017,,
2418183,M-MUK,medium,Temanggung,B16,14,purging,77,1875,2949,2955,2017,2028,2931,1876,2010,2013,2017,,
2419183,M-MUK,medium,Temanggung,B16,14,purging,78,1874,2948,2956,2017,2029,2930,1876,2010,2013,2017,,
2420184,M-MUK,medium,Temanggung,B16,14,purging,79,1875,2949,2955,2018,2028,2930,1876,2010,2012,2017,,
2421183,M-MUK,medium,Temanggung,B16,14,purging,80,1875,2948,2955,2018,2028,2932,1876,2010,2013,2017,,
2422183,M-MUK,medium,Temanggung,B16,14,purging,81,1875,2952,2955,2018,2028,2932,1876,2011,2013,2017,,
2423183,M-MUK,medium,Temanggung,B16,14,purging,82,1875,2949,2957,2018,2028,2931,1875,2011,2012,2017,,
2424183,M-MUK,medium,Temanggung,B16,14,purging,83,1875,2952,2957,2018,2028,2932,1876,2011,2012,2018,,
2425183,M-MUK,medium,Temanggung,B16,14,purging,84,1875,2949,2954,2018,2028,2932,1875,2011,2012,2017,,
2426183,M-MUK,medium,Temanggung,B16,14,purging,85,1875,2948,2955,2018,2028,2932,1876,2011,2012,2017,,
2427184,M-MUK,medium,Temanggung,B16,14,purging,86,1875,2947,2956,2018,2027,2932,1875,2011,2012,2017,,
2428183,M-MUK,medium,Temanggung,B16,14,purging,87,1875,2949,2955,2018,2028,2931,1875,2011,2012,2017,,
2429184,M-MUK,medium,Temanggung,B16,14,purging,88,1875,2947,2956,2018,2028,2930,1876,2011,2012,2017,,
2430183,M-MUK,medium,Temanggung,B16,14,purging,89,1875,2949,2956,2017,2028,2930,1876,2010,2012,2017,,
2431183,M-MUK,medium,Temanggung,B16,14,purging,90,1875,2949,2957,2017,2027,2931,1876,2011,2013,2017,,
2432183,M-MUK,medium,Temanggung,B16,14,purging,91,1875,2947,2956,2017,2028,2930,1876,2011,2012,2017,,
2433183,M-MUK,medium,Temanggung,B16,14,purging,92,1875,2947,2956,2017,2027,2930,1876,2011,2012,2017,,
2434183,M-MUK,medium,Temanggung,B16,14,purging,93,1875,2949,2954,2017,2028,2932,1876,2010,2012,2017,,
2435183,M-MUK,medium,Temanggung,B16,14,purging,94,1875,2949,2955,2017,2029,2930,1876,2011,2013,2017,,
2436184,M-MUK,medium,Temanggung,B16,14,purging,95,1875,2951,2956,2017,2028,2934,1876,2010,2013,2018,,
2437183,M-MUK,medium,Temanggung,B16,14,purging,96,1875,2949,2958,2017,2029,2930,1876,2010,2013,2017,,
2438183,M-MUK,medium,Temanggung,B16,14,purging,97,1875,2950,2955,2018,2029,2931,1876,2010,2013,2017,,
2439183,M-MUK,medium,Temanggung,B16,14,purging,98,1875,2948,2955,2018,2028,2930,1876,2010,2013,2017,,
2440183,M-MUK,medium,Temanggung,B16,14,purging,99,1875,2949,2954,2018,2028,2932,1876,2010,2012,2017,,
2441183,M-MUK,medium,Temanggung,B16,14,purging,100,1875,2949,2956,2017,2028,2934,1876,2010,2013,2017,,
2442183,M-MUK,medium,Temanggung,B16,14,purging,101,1875,2953,2956,2018,2029,2931,1876,2010,2013,2017,,
2443184,M-MUK,medium,Temanggung,B16,14,purging,102,1875,2948,2956,2017,2029,2930,1876,2011,2013,2017,,
2444183,M-MUK,medium,Temanggung,B16,14,purging,103,1875,2951,2955,2017,2028,2932,1876,2011,2013,2017,,
2445184,M-MUK,medium,Temanggung,B16,14,purging,104,1875,2947,2955,2017,2028,2932,1876,2010,2012,2017,,
2446183,M-MUK,medium,Temanggung,B16,14,purging,105,1875,2950,2956,2017,2028,2932,1876,2010,2012,2017,,
2447183,M-MUK,medium,Temanggung,B16,14,purging,106,1875,2953,2955,2018,2027,2932,1876,2010,2012,2017,,
2448183,M-MUK,medium,Temanggung,B16,14,purging,107,1875,2949,2955,2018,2028,2931,1876,2010,2013,2017,,
2449183,M-MUK,medium,Temanggung,B16,14,purging,108,1875,2948,2957,2018,2027,2930,1876,2010,2013,2017,,
2450183,M-MUK,medium,Temanggung,B16,14,purging,109,1875,2949,2955,2018,2028,2930,1876,2010,2012,2018,,
2451183,M-MUK,medium,Temanggung,B16,14,purging,110,1875,2949,2952,2018,2028,2930,1876,2010,2013,2017,,
2452184,M-MUK,medium,Temanggung,B16,14,purging,111,1875,2949,2954,2018,2027,2932,1876,2010,2012,2017,,
2453183,M-MUK,medium,Temanggung,B16,14,purging,112,1875,2950,2954,2018,2028,2931,1876,2011,2013,2017,,
2454183,M-MUK,medium,Temanggung,B16,14,purging,113,1875,2949,2953,2018,2027,2932,1876,2010,2013,2017,,
2455183,M-MUK,medium,Temanggung,B16,14,purging,114,1875,2949,2956,2018,2028,2930,1876,2010,2013,2017,,
2456183,M-MUK,medium,Temanggung,B16,14,purging,115,1875,2950,2955,2018,2028,2932,1876,2010,2012,2017,,
2457183,M-MUK,medium,Temanggung,B16,14,purging,116,1875,2947,2956,2018,2027,2930,1876,2010,2012,2017,,
2458183,M-MUK,medium,Temanggung,B16,14,purging,117,1875,2950,2956,2018,2027,2932,1876,2010,2012,2017,,
2459184,M-MUK,medium,Temanggung,B16,14,purging,118,1875,2950,2956,2018,2028,2930,1876,2011,2012,2017,,
2460183,M-MUK,medium,Temanggung,B16,14,purging,119,1875,2948,2954,2018,2028,2930,1876,2011,2012,2017,,
2461184,M-MUK,medium,Temanggung,B16,14,purging,120,1875,2949,2957,2017,2028,2932,1876,2011,2013,2017,,
2462186,M-MUK,medium,Temanggung,B16,14,collecting,1,1875,2949,2957,2018,2027,2932,1876,2010,2013,2017,,
2463183,M-MUK,medium,Temanggung,B16,14,collecting,2,1875,2948,2956,2018,2027,2932,1876,2011,2012,2018,,
2464183,M-MUK,medium,Temanggung,B16,14,collecting,3,1875,2951,2957,2018,2027,2930,1876,2010,2013,2017,,
2465183,M-MUK,medium,Temanggung,B16,14,collecting,4,1875,2948,2955,2018,2027,2930,1876,2011,2013,2017,,
2466183,M-MUK,medium,Temanggung,B16,14,collecting,5,1875,2947,2955,2018,2028,2932,1876,2011,2013,2017,,
2467183,M-MUK,medium,Temanggung,B16,14,collecting,6,1876,2951,2956,2018,2028,2932,1875,2011,2013,2017,,
2468184,M-MUK,medium,Temanggung,B16,14,collecting,7,1875,2949,2957,2018,2027,2931,1876,2010,2013,2017,,
2469183,M-MUK,medium,Temanggung,B16,14,collecting,8,1875,2949,2958,2018,2028,2930,1876,2011,2012,2017,,
2470183,M-MUK,medium,Temanggung,B16,14,collecting,9,1875,2950,2956,2018,2028,2930,1876,2011,2013,2018,,
2471183,M-MUK,medium,Temanggung,B16,14,collecting,10,1876,2950,2955,2018,2028,2932,1876,2011,2013,2017,,
2472183,M-MUK,medium,Temanggung,B16,14,collecting,11,1875,2949,2953,2018,2027,2932,1876,2010,2013,2017,,
2473183,M-MUK,medium,Temanggung,B16,14,collecting,12,1875,2949,2953,2018,2027,2931,1876,2011,2013,2017,,
2474183,M-MUK,medium,Temanggung,B16,14,collecting,13,1876,2949,2956,2018,2027,2932,1876,2011,2013,2017,,
2475184,M-MUK,medium,Temanggung,B16,14,collecting,14,1875,2953,2955,2018,2027,2930,1876,2011,2013,2017,,
2476183,M-MUK,medium,Temanggung,B16,14,collecting,15,1875,2949,2954,2018,2028,2930,1876,2010,2013,2017,,
2477184,M-MUK,medium,Temanggung,B16,14,collecting,16,1875,2947,2956,2018,2028,2931,1875,2010,2012,2017,,
2478183,M-MUK,medium,Temanggung,B16,14,collecting,17,1876,2950,2956,2018,2028,2930,1876,2010,2012,2017,,
2479183,M-MUK,medium,Temanggung,B16,14,collecting,18,1876,2949,2955,2018,2028,2930,1876,2010,2013,2017,,
2480183,M-MUK,medium,Temanggung,B16,14,collecting,19,1875,2949,2956,2018,2028,2932,1876,2010,2012,2017,,
2481183,M-MUK,medium,Temanggung,B16,14,collecting,20,1875,2950,2957,2018,2028,2932,1876,2010,2012,2017,,
2482183,M-MUK,medium,Temanggung,B16,14,collecting,21,1875,2949,2955,2018,2027,2932,1876,2010,2013,2017,,
2483183,M-MUK,medium,Temanggung,B16,14,collecting,22,1876,2949,2955,2018,2028,2932,1876,2010,2013,2017,,
2484184,M-MUK,medium,Temanggung,B16,14,collecting,23,1875,2948,2957,2018,2027,2932,1876,2010,2012,2017,,
2485183,M-MUK,medium,Temanggung,B16,14,collecting,24,1876,2951,2954,2018,2028,2930,1876,2010,2013,2017,,
2486183,M-MUK,medium,Temanggung,B16,14,collecting,25,1875,2950,2956,2018,2027,2932,1876,2010,2013,2017,,
2487183,M-MUK,medium,Temanggung,B16,14,collecting,26,1875,2950,2953,2018,2027,2931,1876,2010,2013,2017,,
2488183,M-MUK,medium,Temanggung,B16,14,collecting,27,1876,2948,2958,2017,2027,2930,1876,2010,2013,2017,,
2489183,M-MUK,medium,Temanggung,B16,14,collecting,28,1875,2948,2957,2018,2027,2932,1876,2010,2012,2017,,
2490183,M-MUK,medium,Temanggung,B16,14,collecting,29,1875,2947,2955,2018,2027,2931,1875,2010,2013,2018,,
2491184,M-MUK,medium,Temanggung,B16,14,collecting,30,1875,2947,2956,2018,2027,2932,1876,2010,2013,2017,,
2492183,M-MUK,medium,Temanggung,B16,14,collecting,31,1875,2953,2958,2017,2027,2931,1876,2010,2013,2017,,
2493184,M-MUK,medium,Temanggung,B16,14,collecting,32,1875,2947,2955,2018,2027,2932,1876,2010,2013,2017,,
2494183,M-MUK,medium,Temanggung,B16,14,collecting,33,1875,2949,2954,2018,2028,2930,1876,2010,2013,2017,,
2495183,M-MUK,medium,Temanggung,B16,14,collecting,34,1875,2947,2956,2017,2027,2932,1876,2010,2013,2017,,
2496183,M-MUK,medium,Temanggung,B16,14,collecting,35,1875,2947,2954,2018,2028,2932,1876,2010,2012,2017,,
2497183,M-MUK,medium,Temanggung,B16,14,collecting,36,1875,2949,2956,2017,2027,2931,1876,2010,2013,2017,,
2498183,M-MUK,medium,Temanggung,B16,14,collecting,37,1875,2949,2955,2018,2027,2932,1876,2011,2012,2017,,
2499183,M-MUK,medium,Temanggung,B16,14,collecting,38,1875,2949,2955,2018,2027,2931,1876,2011,2013,2017,,
2500184,M-MUK,medium,Temanggung,B16,14,collecting,39,1875,2949,2955,2017,2027,2930,1876,2010,2013,2017,,
2501183,M-MUK,medium,Temanggung,B16,14,collecting,40,1875,2950,2956,2018,2027,2932,1876,2010,2012,2017,,
2502183,M-MUK,medium,Temanggung,B16,14,collecting,41,1875,2949,2956,2018,2028,2932,1876,2010,2013,2017,,
2503183,M-MUK,medium,Temanggung,B16,14,collecting,42,1875,2949,2956,2018,2027,2932,1876,2010,2013,2017,,
2504183,M-MUK,medium,Temanggung,B16,14,collecting,43,1875,2951,2956,2017,2027,2930,1876,2010,2012,2017,,
2505183,M-MUK,medium,Temanggung,B16,14,collecting,44,1875,2947,2955,2017,2027,2933,1876,2011,2013,2017,,
2506183,M-MUK,medium,Temanggung,B16,14,collecting,45,1876,2949,2956,2017,2027,2932,1876,2010,2012,2017,,
2507184,M-MUK,medium,Temanggung,B16,14,collecting,46,1876,2950,2955,2017,2028,2932,1876,2011,2012,2017,,
2508183,M-MUK,medium,Temanggung,B16,14,collecting,47,1875,2948,2955,2017,2027,2930,1875,2010,2012,2017,,
2509184,M-MUK,medium,Temanggung,B16,14,collecting,48,1875,2947,2958,2017,2027,2931,1875,2011,2013,2017,,
2510183,M-MUK,medium,Temanggung,B16,14,collecting,49,1875,2950,2957,2018,2027,2930,1875,2011,2013,2017,,
2511183,M-MUK,medium,Temanggung,B16,14,collecting,50,1875,2948,2956,2017,2027,2932,1876,2010,2012,2017,,
2512183,M-MUK,medium,Temanggung,B16,14,collecting,51,1875,2947,2957,2017,2027,2931,1875,2011,2012,2017,,
2513183,M-MUK,medium,Temanggung,B16,14,collecting,52,1875,2948,2956,2017,2028,2930,1875,2011,2012,2017,,
2514183,M-MUK,medium,Temanggung,B16,14,collecting,53,1875,2948,2956,2017,2027,2931,1876,2011,2012,2017,,
2515183,M-MUK,medium,Temanggung,B16,14,collecting,54,1875,2947,2956,2017,2027,2932,1876,2011,2012,2017,,
2516184,M-MUK,medium,Temanggung,B16,14,collecting,55,1876,2951,2955,2017,2027,2933,1875,2011,2012,2017,,
2517183,M-MUK,medium,Temanggung,B16,14,collecting,56,1875,2951,2957,2017,2027,2930,1876,2010,2012,2017,,
2518183,M-MUK,medium,Temanggung,B16,14,collecting,57,1875,2946,2957,2017,2027,2930,1875,2011,2012,2017,,
2519183,M-MUK,medium,Temanggung,B16,14,collecting,58,1875,2947,2957,2017,2027,2931,1876,2011,2012,2017,,
2520183,M-MUK,medium,Temanggung,B16,14,collecting,59,1875,2950,2955,2017,2028,2931,1876,2010,2012,2017,,
2521183,M-MUK,medium,Temanggung,B16,14,collecting,60,1875,2952,2958,2017,2028,2930,1876,2010,2012,2017,,
2522186,M-MUK,medium,Temanggung,B16,15,purging,1,1875,2949,2956,2017,2028,2934,1876,2010,2012,2016,,
2523184,M-MUK,medium,Temanggung,B16,15,purging,2,1875,2949,2954,2017,2028,2930,1876,2010,2012,2017,,
2524183,M-MUK,medium,Temanggung,B16,15,purging,3,1875,2947,2955,2016,2028,2932,1876,2010,2013,2017,,
2525184,M-MUK,medium,Temanggung,B16,15,purging,4,1875,2953,2953,2017,2028,2932,1876,2010,2012,2017,,
2526183,M-MUK,medium,Temanggung,B16,15,purging,5,1875,2949,2957,2017,2028,2932,1876,2010,2012,2017,,
2527183,M-MUK,medium,Temanggung,B16,15,purging,6,1875,2951,2955,2017,2028,2932,1876,2010,2012,2017,,
2528183,M-MUK,medium,Temanggung,B16,15,purging,7,1875,2952,2957,2017,2027,2932,1876,2010,2013,2016,,
2529183,M-MUK,medium,Temanggung,B16,15,purging,8,1875,2947,2954,2017,2027,2930,1875,2010,2013,2017,,
2530183,M-MUK,medium,Temanggung,B16,15,purging,9,1875,2947,2952,2017,2027,2931,1876,2010,2012,2016,,
2531183,M-MUK,medium,Temanggung,B16,15,purging,10,1875,2949,2955,2017,2027,2930,1876,2010,2012,2017,,
2532184,M-MUK,medium,Temanggung,B16,15,purging,11,1875,2948,2954,2018,2027,2930,1875,2010,2012,2017,,
2533183,M-MUK,medium,Temanggung,B16,15,purging,12,1875,2947,2955,2017,2027,2930,1875,2010,2012,2017,,
2534183,M-MUK,medium,Temanggung,B16,15,purging,13,1875,2951,2956,2017,2027,2930,1875,2010,2012,2017,,
2535183,M-MUK,medium,Temanggung,B16,15,purging,14,1875,2947,2954,2017,2027,2930,1876,2010,2012,2017,,
2536183,M-MUK,medium,Temanggung,B16,15,purging,15,1875,2951,2956,2016,2027,2932,1875,2010,2012,2017,,
2537183,M-MUK,medium,Temanggung,B16,15,purging,16,1875,2950,2956,2017,2028,2930,1876,2010,2012,2016,,
2538183,M-MUK,medium,Temanggung,B16,15,purging,17,1874,2949,2955,2017,2028,2932,1876,2010,2012,2017,,
2539184,M-MUK,medium,Temanggung,B16,15,purging,18,1875,2950,2955,2017,2028,2931,1876,2010,2012,2017,,
2540183,M-MUK,medium,Temanggung,B16,15,purging,19,1875,2947,2957,2016,2028,2930,1876,2010,2012,2016,,
2541184,M-MUK,medium,Temanggung,B16,15,purging,20,1874,2948,2955,2017,2028,2931,1876,2010,2012,2016,,
2542183,M-MUK,medium,Temanggung,B16,15,purging,21,1875,2951,2954,2017,2028,2930,1876,2010,2012,2017,,
2543183,M-MUK,medium,Temanggung,B16,15,purging,22,1875,2949,2953,2017,2027,2931,1876,2010,2012,2017,,
2544183,M-MUK,medium,Temanggung,B16,15,purging,23,1875,2949,2954,2017,2027,2930,1875,2010,2012,2016,,
2545183,M-MUK,medium,Temanggung,B16,15,purging,24,1874,2948,2954,2017,2027,2931,1875,2010,2012,2016,,
2546183,M-MUK,medium,Temanggung,B16,15,purging,25,1875,2951,2955,2017,2027,2930,1875,2010,2012,2017,,
2547183,M-MUK,medium,Temanggung,B16,15,purging,26,1875,2947,2954,2017,2026,2932,1875,2010,2012,2017,,
2548184,M-MUK,medium,Temanggung,B16,15,purging,27,1875,2947,2954,2016,2027,2931,1875,2010,2012,2016,,
2549183,M-MUK,medium,Temanggung,B16,15,purging,28,1875,2947,2954,2016,2027,2932,1875,2010,2012,2017,,
2550183,M-MUK,medium,Temanggung,B16,15,purging,29,1875,2949,2956,2016,2028,2932,1876,2009,2012,2017,,
2551183,M-MUK,medium,Temanggung,B16,15,purging,30,1875,2949,2953,2017,2028,2930,1876,2010,2012,2017,,
2552183,M-MUK,medium,Temanggung,B16,15,purging,31,1874,2951,2953,2017,2028,2930,1876,2010,2012,2016,,
2553183,M-MUK,medium,Temanggung,B16,15,purging,32,1875,2948,2955,2016,2028,2932,1876,2010,2012,2016,,
2554183,M-MUK,medium,Temanggung,B16,15,purging,33,1875,2951,2956,2017,2027,2931,1875,2010,2012,2017,,
2555184,M-MUK,medium,Temanggung,B16,15,purging,34,1875,2946,2953,2017,2027,2932,1875,2010,2012,2016,,
2556183,M-MUK,medium,Temanggung,B16,15,purging,35,1874,2949,2954,2016,2026,2932,1876,2010,2012,2016,,
2557184,M-MUK,medium,Temanggung,B16,15,purging,36,1875,2949,2955,2017,2027,2930,1875,2010,2012,2016,,
2558183,M-MUK,medium,Temanggung,B16,15,purging,37,1875,2948,2957,2017,2027,2930,1876,2010,2012,2017,,
2559183,M-MUK,medium,Temanggung,B16,15,purging,38,1875,2946,2953,2016,2027,2930,1876,2010,2011,2017,,
2560183,M-MUK,medium,Temanggung,B16,15,purging,39,1875,2947,2955,2016,2027,2930,1876,2010,2012,2017,,
2561183,M-MUK,medium,Temanggung,B16,15,purging,40,1875,2951,2952,2016,2028,2932,1876,2010,2012,2016,,
2562183,M-MUK,medium,Temanggung,B16,15,purging,41,1875,2947,2956,2017,2028,2930,1876,2010,2012,2016,,
2563183,M-MUK,medium,Temanggung,B16,15,purging,42,1875,2951,2954,2016,2028,2932,1876,2009,2012,2016,,
2564184,M-MUK,medium,Temanggung,B16,15,purging,43,1875,2947,2953,2016,2027,2931,1876,2010,2012,2016,,
2565183,M-MUK,medium,Temanggung,B16,15,purging,44,1875,2949,2954,2016,2027,2930,1875,2010,2012,2016,,
2566183,M-MUK,medium,Temanggung,B16,15,purging,45,1875,2952,2956,2017,2027,2931,1875,2010,2012,2016,,
2567183,M-MUK,medium,Temanggung,B16,15,purging,46,1875,2947,2953,2017,2027,2930,1875,2010,2011,2017,,
2568183,M-MUK,medium,Temanggung,B16,15,purging,47,1875,2948,2953,2017,2027,2930,1876,2010,2011,2017,,
2569183,M-MUK,medium,Temanggung,B16,15,purging,48,1875,2948,2958,2017,2027,2934,1875,2010,2012,2017,,
2570183,M-MUK,medium,Temanggung,B16,15,purging,49,1875,2951,2956,2017,2027,2932,1875,2010,2012,2016,,
2571184,M-MUK,medium,Temanggung,B16,15,purging,50,1875,2946,2953,2017,2028,2930,1876,2010,2012,2016,,
2572183,M-MUK,medium,Temanggung,B16,15,purging,51,1875,2949,2953,2016,2028,2932,1876,2009,2012,2016,,
2573184,M-MUK,medium,Temanggung,B16,15,purging,52,1875,2952,2955,2016,2028,2932,1876,2009,2012,2016,,
2574183,M-MUK,medium,Temanggung,B16,15,purging,53,1875,2950,2954,2016,2028,2930,1875,2009,2012,2016,,
2575183,M-MUK,medium,Temanggung,B16,15,purging,54,1875,2949,2952,2016,2027,2932,1876,2009,2012,2016,,
2576183,M-MUK,medium,Temanggung,B16,15,purging,55,1875,2949,2956,2017,2027,2931,1875,2009,2012,2016,,
2577183,M-MUK,medium,Temanggung,B16,15,purging,56,1875,2947,2954,2017,2027,2930,1875,2010,2012,2017,,
2578183,M-MUK,medium,Temanggung,B16,15,purging,57,1875,2948,2955,2016,2027,2930,1875,2010,2012,2016,,
2579183,M-MUK,medium,Temanggung,B16,15,purging,58,1875,2947,2956,2017,2027,2932,1876,2010,2012,2016,,
2580184,M-MUK,medium,Temanggung,B16,15,purging,59,1875,2949,2955,2016,2027,2930,1875,2010,2012,2017,,
2581183,M-MUK,medium,Temanggung,B16,15,purging,60,1875,2947,2954,2015,2027,2930,1875,2010,2012,2017,,
2582183,M-MUK,medium,Temanggung,B16,15,purging,61,1875,2947,2954,2016,2028,2932,1876,2010,2012,2016,,
2583183,M-MUK,medium,Temanggung,B16,15,purging,62,1875,2949,2956,2016,2028,2930,1876,2009,2012,2016,,
2584183,M-MUK,medium,Temanggung,B16,15,purging,63,1875,2946,2956,2016,2028,2931,1876,2009,2012,2016,,
2585183,M-MUK,medium,Temanggung,B16,15,purging,64,1875,2949,2955,2016,2028,2931,1876,2010,2012,2016,,
2586183,M-MUK,medium,Temanggung,B16,15,purging,65,1875,2948,2957,2017,2028,2930,1876,2010,2012,2017,,
2587184,M-MUK,medium,Temanggung,B16,15,purging,66,1875,2949,2958,2017,2027,2931,1875,2010,2012,2016,,
2588183,M-MUK,medium,Temanggung,B16,15,purging,67,1875,2949,2956,2017,2027,2930,1876,2010,2012,2016,,
2589184,M-MUK,medium,Temanggung,B16,15,purging,68,1875,2950,2956,2017,2027,2930,1875,2010,2011,2016,,
2590183,M-MUK,medium,Temanggung,B16,15,purging,69,1875,2949,2954,2016,2027,2930,1875,2010,2012,2017,,
2591183,M-MUK,medium,Temanggung,B16,15,purging,70,1875,2951,2956,2017,2027,2932,1875,2010,2011,2016,,
2592183,M-MUK,medium,Temanggung,B16,15,purging,71,1875,2948,2955,2017,2027,2930,1875,2010,2012,2016,,
2593183,M-MUK,medium,Temanggung,B16,15,purging,72,1875,2949,2954,2016,2027,2930,1876,2010,2012,2016,,
2594183,M-MUK,medium,Temanggung,B16,15,purging,73,1875,2946,2955,2016,2028,2932,1876,2010,2012,2016,,
2595183,M-MUK,medium,Temanggung,B16,15,purging,74,1875,2947,2954,2017,2028,2934,1876,2009,2012,2017,,
2596184,M-MUK,medium,Temanggung,B16,15,purging,75,1874,2951,2955,2016,2028,2932,1875,2009,2012,2016,,
2597183,M-MUK,medium,Temanggung,B16,15,purging,76,1875,2947,2955,2017,2028,2930,1876,2009,2012,2017,,
2598183,M-MUK,medium,Temanggung,B16,15,purging,77,1875,2951,2957,2017,2027,2931,1875,2010,2012,2016,,
2599183,M-MUK,medium,Temanggung,B16,15,purging,78,1875,2951,2954,2017,2027,2932,1876,2010,2012,2016,,
2600183,M-MUK,medium,Temanggung,B16,15,purging,79,1875,2951,2954,2017,2027,2935,1875,2010,2011,2016,,
2601183,M-MUK,medium,Temanggung,B16,15,purging,80,1875,2950,2955,2016,2027,2930,1875,2010,2011,2016,,
2602183,M-MUK,medium,Temanggung,B16,15,purging,81,1875,2946,2955,2017,2027,2932,1875,2010,2011,2017,,
2603184,M-MUK,medium,Temanggung,B16,15,purging,82,1875,2949,2955,2016,2027,2930,1876,2010,2012,2016,,
2604183,M-MUK,medium,Temanggung,B16,15,purging,83,1875,2946,2958,2016,2027,2932,1875,2010,2012,2016,,
2605184,M-MUK,medium,Temanggung,B16,15,purging,84,1875,2951,2957,2016,2028,2930,1876,2009,2012,2017,,
2606183,M-MUK,medium,Temanggung,B16,15,purging,85,1875,2947,2956,2016,2028,2930,1876,2009,2012,2016,,
2607183,M-MUK,medium,Temanggung,B16,15,purging,86,1875,2948,2957,2016,2028,2932,1876,2009,2012,2016,,
2608183,M-MUK,medium,Temanggung,B16,15,purging,87,1875,2947,2955,2016,2027,2932,1876,2010,2012,2016,,
2609183,M-MUK,medium,Temanggung,B16,15,purging,88,1875,2949,2954,2017,2027,2931,1876,2010,2012,2016,,
2610183,M-MUK,medium,Temanggung,B16,15,purging,89,1875,2952,2954,2017,2027,2932,1875,2009,2012,2016,,
2611183,M-MUK,medium,Temanggung,B16,15,purging,90,1874,2947,2956,2017,2027,2932,1875,2010,2012,2016,,
2612184,M-MUK,medium,Temanggung,B16,15,purging,91,1875,2948,2954,2017,2027,2930,1875,2010,2011,2016,,
2613183,M-MUK,medium,Temanggung,B16,15,purging,92,1875,2949,2958,2016,2027,2930,1875,2010,2011,2016,,
2614183,M-MUK,medium,Temanggung,B16,15,purging,93,1875,2951,2956,2017,2027,2933,1875,2010,2012,2016,,
2615183,M-MUK,medium,Temanggung,B16,15,purging,94,1875,2947,2954,2017,2027,2932,1875,2010,2011,2017,,
2616183,M-MUK,medium,Temanggung,B16,15,purging,95,1875,2948,2953,2016,2027,2932,1875,2010,2012,2017,,
2617183,M-MUK,medium,Temanggung,B16,15,purging,96,1875,2950,2956,2016,2027,2930,1876,2010,2011,2016,,
2618183,M-MUK,medium,Temanggung,B16,15,purging,97,1874,2950,2956,2016,2028,2932,1876,2009,2012,2016,,
2619184,M-MUK,medium,Temanggung,B16,15,purging,98,1875,2949,2953,2017,2028,2930,1875,2009,2012,2016,,
2620183,M-MUK,medium,Temanggung,B16,15,purging,99,1875,2947,2954,2017,2028,2931,1875,2009,2012,2016,,
2621184,M-MUK,medium,Temanggung,B16,15,purging,100,1875,2948,2955,2016,2028,2930,1875,2010,2012,2016,,
2622183,M-MUK,medium,Temanggung,B16,15,purging,101,1875,2948,2953,2017,2027,2932,1876,2009,2012,2016,,
2623183,M-MUK,medium,Temanggung,B16,15,purging,102,1875,2950,2956,2016,2027,2932,1875,2010,2012,2016,,
2624183,M-MUK,medium,Temanggung,B16,15,purging,103,1875,2948,2955,2017,2027,2932,1875,2010,2012,2016,,
2625183,M-MUK,medium,Temanggung,B16,15,purging,104,1875,2951,2956,2016,2027,2931,1875,2010,2012,2016,,
2626183,M-MUK,medium,Temanggung,B16,15,purging,105,1875,2947,2953,2016,2027,2930,1875,2010,2011,2017,,
2627183,M-MUK,medium,Temanggung,B16,15,purging,106,1875,2949,2956,2017,2027,2930,1875,2010,2011,2016,,
2628184,M-MUK,medium,Temanggung,B16,15,purging,107,1875,2948,2957,2016,2027,2932,1875,2009,2012,2016,,
2629183,M-MUK,medium,Temanggung,B16,15,purging,108,1875,2949,2958,2016,2027,2932,1875,2010,2011,2016,,
2630183,M-MUK,medium,Temanggung,B16,15,purging,109,1875,2947,2959,2016,2028,2932,1875,2009,2011,2016,,
2631183,M-MUK,medium,Temanggung,B16,15,purging,110,1875,2951,2955,2016,2028,2930,1876,2009,2012,2016,,
2632183,M-MUK,medium,Temanggung,B16,15,purging,111,1874,2949,2953,2016,2028,2930,1875,2009,2012,2016,,
2633183,M-MUK,medium,Temanggung,B16,15,purging,112,1875,2950,2956,2016,2028,2930,1876,2009,2012,2016,,
2634183,M-MUK,medium,Temanggung,B16,15,purging,113,1875,2949,2953,2016,2027,2932,1875,2009,2012,2016,,
2635184,M-MUK,medium,Temanggung,B16,15,purging,114,3438,2943,2949,206,113,2931,43,86,28,444,,
2636183,M-MUK,medium,Temanggung,B16,15,purging,115,16490,2965,2949,5350,3388,2935,472,431,170,2115,,
2637184,M-MUK,medium,Temanggung,B16,15,purging,116,17111,2968,2948,16232,12760,2937,3152,1809,748,6349,,
2638183,M-MUK,medium,Temanggung,B16,15,purging,117,16156,2969,2951,17871,16777,2949,9309,6272,2564,11722,,
2639183,M-MUK,medium,Temanggung,B16,15,purging,118,15058,2965,2946,17342,17031,2956,14961,11496,6699,15409,,
2640183,M-MUK,medium,Temanggung,B16,15,purging,119,14732,2963,2946,16985,16569,2961,17399,15231,11786,17209,,
2641183,M-MUK,medium,Temanggung,B16,15,purging,120,14665,2963,2947,16586,16036,2959,18209,17034,15482,17953,,
