timestamp,sample_id,roast_level,origin,batch_id,run_id,phase,sample_idx,adc_tgs822,adc_mq135,adc_mq9,adc_tgs2611,adc_tgs2620,adc_tgs2600,adc_tgs2602,adc_mq8,adc_tgs813,adc_tgs816,temperature,humidity
2169,L-GAW,light,Arabika Gayo Wine,B10,1,purging,1,10312,2816,2808,7872,9672,2788,9207,13283,14080,14114,,
3169,L-GAW,light,Arabika Gayo Wine,B10,1,purging,2,10311,2816,2808,7872,9674,2788,9209,13283,14082,14115,,
4169,L-GAW,light,Arabika Gayo Wine,B10,1,purging,3,10311,2818,2809,7872,9676,2788,9211,13283,14084,14116,,
5169,L-GAW,light,Arabika Gayo Wine,B10,1,purging,4,10309,2817,2809,7872,9677,2788,9211,13282,14085,14117,,
6169,L-GAW,light,Arabika Gayo Wine,B10,1,purging,5,10309,2817,2808,7872,9679,2788,9210,13281,14086,14116,,
7170,L-GAW,light,Arabika Gayo Wine,B10,1,purging,6,10309,2818,2810,7873,9680,2788,9211,13280,14088,14118,,
8169,L-GAW,light,Arabika Gayo Wine,B10,1,purging,7,10308,2818,2806,7872,9681,2788,9213,13281,14090,14120,,
9169,L-GAW,light,Arabika Gayo Wine,B10,1,purging,8,10307,2818,2809,7873,9683,2788,9214,13281,14091,14122,,
10169,L-GAW,light,Arabika Gayo Wine,B10,1,purging,9,10305,2818,2808,7873,9685,2788,9217,13282,14093,14125,,
11169,L-GAW,light,Arabika Gayo Wine,B10,1,purging,10,10304,2818,2808,7874,9688,2788,9219,13282,14096,14127,,
12169,L-GAW,light,Arabika Gayo Wine,B10,1,purging,11,10303,2818,2806,7873,9691,2790,9222,13282,14099,14128,,
13169,L-GAW,light,Arabika Gayo Wine,B10,1,purging,12,10302,2816,2809,7874,9694,2790,9222,13282,14101,14129,,
14170,L-GAW,light,Arabika Gayo Wine,B10,1,purging,13,10301,2818,2809,7874,9696,2788,9224,13281,14103,14130,,
15169,L-GAW,light,Arabika Gayo Wine,B10,1,purging,14,10300,2818,2808,7874,9697,2787,9224,13281,14104,14132,,
16169,L-GAW,light,Arabika Gayo Wine,B10,1,purging,15,10300,2816,2808,7874,9698,2788,9225,13282,14106,14134,,
17169,L-GAW,light,Arabika Gayo Wine,B10,1,purging,16,10299,2816,2807,7875,9699,2790,9227,13281,14108,14135,,
18169,L-GAW,light,Arabika Gayo Wine,B10,1,purging,17,10297,2819,2808,7875,9700,2788,9228,13281,14109,14136,,
19169,L-GAW,light,Arabika Gayo Wine,B10,1,purging,18,10295,2815,2808,7875,9702,2790,9229,13280,14110,14136,,
20169,L-GAW,light,Arabika Gayo Wine,B10,1,purging,19,10294,2818,2807,7875,9703,2790,9230,13279,14111,14138,,
21169,L-GAW,light,Arabika Gayo Wine,B10,1,purging,20,10293,2818,2806,7875,9704,2790,9230,13280,14113,14140,,
22169,L-GAW,light,Arabika Gayo Wine,B10,1,purging,21,10291,2818,2809,7875,9706,2788,9232,13280,14114,14141,,
23170,L-GAW,light,Arabika Gayo Wine,B10,1,purging,22,10290,2818,2809,7875,9707,2787,9233,13280,14115,14143,,
24169,L-GAW,light,Arabika Gayo Wine,B10,1,purging,23,10288,2818,2813,7875,9707,2788,9234,13280,14115,14144,,
25169,L-GAW,light,Arabika Gayo Wine,B10,1,purging,24,10287,2818,2808,7875,9710,2788,9235,13279,14117,14146,,
26169,L-GAW,light,Arabika Gayo Wine,B10,1,purging,25,10286,2816,2807,7877,9711,2788,9237,13280,14118,14147,,
27169,L-GAW,light,Arabika Gayo Wine,B10,1,purging,26,10286,2817,2805,7877,9713,2788,9239,13280,14119,14149,,
28169,L-GAW,light,Arabika Gayo Wine,B10,1,purging,27,10285,2818,2807,7877,9716,2788,9240,13281,14121,14151,,
29169,L-GAW,light,Arabika Gayo Wine,B10,1,purging,28,10285,2818,2807,7877,9717,2788,9242,13281,14122,14153,,
30170,L-GAW,light,Arabika Gayo Wine,B10,1,purging,29,10284,2818,2806,7877,9721,2790,9245,13282,14124,14155,,
31169,L-GAW,light,Arabika Gayo Wine,B10,1,purging,30,10284,2818,2806,7878,9724,2788,9248,13283,14127,14157,,
32169,L-GAW,light,Arabika Gayo Wine,B10,1,purging,31,10285,2818,2810,7878,9726,2788,9251,13284,14129,14159,,
33169,L-GAW,light,Arabika Gayo Wine,B10,1,purging,32,10285,2818,2808,7878,9730,2788,9251,13284,14131,14163,,
34169,L-GAW,light,Arabika Gayo Wine,B10,1,purging,33,10284,2819,2808,7879,9733,2788,9255,13286,14135,14167,,
35169,L-GAW,light,Arabika Gayo Wine,B10,1,purging,34,10283,2816,2808,7879,9738,2787,9260,13288,14138,14171,,
36169,L-GAW,light,Arabika Gayo Wine,B10,1,purging,35,10280,2818,2805,7879,9743,2788,9265,13290,14142,14173,,
37169,L-GAW,light,Arabika Gayo Wine,B10,1,purging,36,10279,2818,2806,7880,9748,2788,9268,13290,14145,14174,,
38169,L-GAW,light,Arabika Gayo Wine,B10,1,purging,37,10277,2815,2809,7881,9749,2788,9268,13288,14147,14174,,
39170,L-GAW,light,Arabika Gayo Wine,B10,1,purging,38,10275,2816,2808,7881,9750,2788,9267,13286,14149,14173,,
40169,L-GAW,light,Arabika Gayo Wine,B10,1,purging,39,10274,2817,2808,7881,9750,2788,9266,13284,14150,14173,,
41169,L-GAW,light,Arabika Gayo Wine,B10,1,purging,40,10274,2820,2808,7882,9749,2788,9265,13282,14151,14171,,
42169,L-GAW,light,Arabika Gayo Wine,B10,1,purging,41,10273,2818,2810,7882,9748,2788,9262,13279,14151,14170,,
43169,L-GAW,light,Arabika Gayo Wine,B10,1,purging,42,10273,2818,2807,7882,9745,2790,9259,13277,14151,14169,,
44169,L-GAW,light,Arabika Gayo Wine,B10,1,purging,43,10273,2818,2808,7882,9743,2788,9256,13276,14151,14170,,
45169,L-GAW,light,Arabika Gayo Wine,B10,1,purging,44,10273,2817,2806,7883,9743,2790,9256,13276,14151,14173,,
46170,L-GAW,light,Arabika Gayo Wine,B10,1,purging,45,10272,2818,2812,7883,9744,2790,9257,13277,14153,14174,,
47169,L-GAW,light,Arabika Gayo Wine,B10,1,purging,46,10271,2818,2810,7884,9745,2788,9258,13276,14153,14175,,
48169,L-GAW,light,Arabika Gayo Wine,B10,1,purging,47,10271,2817,2809,7884,9750,2790,9263,13278,14156,14185,,
49169,L-GAW,light,Arabika Gayo Wine,B10,1,purging,48,10270,2818,2810,7885,9762,2788,9276,13285,14163,14194,,
50169,L-GAW,light,Arabika Gayo Wine,B10,1,purging,49,10269,2818,2806,7886,9772,2788,9286,13289,14171,14198,,
51169,L-GAW,light,Arabika Gayo Wine,B10,1,purging,50,10267,2816,2811,7886,9778,2788,9292,13291,14177,14200,,
52169,L-GAW,light,Arabika Gayo Wine,B10,1,purging,51,10266,2819,2811,7887,9783,2788,9295,13290,14182,14200,,
53169,L-GAW,light,Arabika Gayo Wine,B10,1,purging,52,10265,2818,2809,7888,9785,2790,9295,13289,14185,14200,,
54169,L-GAW,light,Arabika Gayo Wine,B10,1,purging,53,10264,2818,2810,7888,9784,2788,9294,13286,14186,14198,,
55170,L-GAW,light,Arabika Gayo Wine,B10,1,purging,54,10264,2817,2808,7888,9783,2788,9291,13284,14187,14197,,
56169,L-GAW,light,Arabika Gayo Wine,B10,1,purging,55,10265,2818,2806,7888,9780,2788,9287,13280,14186,14195,,
57169,L-GAW,light,Arabika Gayo Wine,B10,1,purging,56,10266,2818,2814,7888,9777,2790,9284,13278,14185,14194,,
58169,L-GAW,light,Arabika Gayo Wine,B10,1,purging,57,10267,2816,2809,7888,9774,2788,9279,13276,14184,14193,,
59169,L-GAW,light,Arabika Gayo Wine,B10,1,purging,58,10267,2818,2808,7889,9771,2788,9277,13275,14182,14192,,
60169,L-GAW,light,Arabika Gayo Wine,B10,1,purging,59,10268,2817,2807,7889,9768,2788,9274,13273,14181,14192,,
61169,L-GAW,light,Arabika Gayo Wine,B10,1,purging,60,10268,2818,2808,7889,9765,2787,9270,13272,14179,14191,,
62170,L-GAW,light,Arabika Gayo Wine,B10,1,purging,61,10268,2817,2809,7889,9763,2789,9268,13271,14178,14191,,
63169,L-GAW,light,Arabika Gayo Wine,B10,1,purging,62,10268,2818,2807,7889,9761,2788,9268,13270,14176,14190,,
64169,L-GAW,light,Arabika Gayo Wine,B10,1,purging,63,10268,2818,2808,7890,9760,2790,9266,13269,14175,14190,,
65169,L-GAW,light,Arabika Gayo Wine,B10,1,purging,64,10266,2818,2808,7890,9758,2788,9265,13268,14174,14190,,
66169,L-GAW,light,Arabika Gayo Wine,B10,1,purging,65,10266,2818,2808,7890,9758,2790,9264,13267,14173,14190,,
67169,L-GAW,light,Arabika Gayo Wine,B10,1,purging,66,10265,2817,2805,7890,9757,2790,9263,13267,14172,14191,,
68169,L-GAW,light,Arabika Gayo Wine,B10,1,purging,67,10265,2817,2809,7890,9756,2788,9265,13266,14171,14191,,
69169,L-GAW,light,Arabika Gayo Wine,B10,1,purging,68,10264,2818,2807,7891,9757,2788,9265,13266,14170,14191,,
70169,L-GAW,light,Arabika Gayo Wine,B10,1,purging,69,10264,2816,2806,7891,9758,2790,9266,13266,14170,14192,,
71170,L-GAW,light,Arabika Gayo Wine,B10,1,purging,70,10264,2818,2810,7891,9759,2790,9267,13265,14170,14193,,
72169,L-GAW,light,Arabika Gayo Wine,B10,1,purging,71,10262,2820,2813,7891,9760,2790,9268,13266,14170,14195,,
73169,L-GAW,light,Arabika Gayo Wine,B10,1,purging,72,10262,2821,2808,7892,9760,2790,9270,13266,14170,14196,,
74169,L-GAW,light,Arabika Gayo Wine,B10,1,purging,73,10260,2817,2811,7892,9761,2788,9271,13266,14170,14196,,
75169,L-GAW,light,Arabika Gayo Wine,B10,1,purging,74,10258,2816,2811,7892,9762,2788,9271,13266,14171,14198,,
76169,L-GAW,light,Arabika Gayo Wine,B10,1,purging,75,10254,2818,2809,7893,9763,2788,9273,13266,14171,14200,,
77169,L-GAW,light,Arabika Gayo Wine,B10,1,purging,76,10252,2818,2809,7893,9765,2788,9276,13267,14173,14202,,
78170,L-GAW,light,Arabika Gayo Wine,B10,1,purging,77,10249,2818,2805,7894,9768,2788,9280,13269,14173,14204,,
79169,L-GAW,light,Arabika Gayo Wine,B10,1,purging,78,10246,2819,2810,7893,9771,2790,9284,13270,14174,14208,,
80169,L-GAW,light,Arabika Gayo Wine,B10,1,purging,79,10243,2818,2808,7893,9774,2788,9290,13271,14175,14210,,
81169,L-GAW,light,Arabika Gayo Wine,B10,1,purging,80,10241,2816,2808,7894,9777,2790,9293,13272,14176,14212,,
82169,L-GAW,light,Arabika Gayo Wine,B10,1,purging,81,10238,2818,2811,7894,9781,2789,9295,13273,14177,14213,,
83169,L-GAW,light,Arabika Gayo Wine,B10,1,purging,82,10236,2818,2810,7895,9784,2788,9297,13272,14179,14214,,
84169,L-GAW,light,Arabika Gayo Wine,B10,1,purging,83,10234,2820,2812,7894,9785,2788,9299,13272,14179,14216,,
85169,L-GAW,light,Arabika Gayo Wine,B10,1,purging,84,10232,2819,2808,7894,9787,2788,9301,13272,14180,14218,,
86169,L-GAW,light,Arabika Gayo Wine,B10,1,purging,85,10229,2818,2805,7895,9790,2788,9304,13273,14182,14220,,
87170,L-GAW,light,Arabika Gayo Wine,B10,1,purging,86,10228,2818,2811,7895,9792,2788,9308,13273,14182,14222,,
88169,L-GAW,light,Arabika Gayo Wine,B10,1,purging,87,10226,2818,2805,7896,9796,2788,9312,13274,14184,14224,,
89169,L-GAW,light,Arabika Gayo Wine,B10,1,purging,88,10225,2818,2807,7896,9799,2788,9315,13274,14187,14225,,
90169,L-GAW,light,Arabika Gayo Wine,B10,1,purging,89,10224,2818,2810,7897,9801,2788,9315,13274,14188,14225,,
91169,L-GAW,light,Arabika Gayo Wine,B10,1,purging,90,10223,2814,2809,7897,9802,2788,9315,13273,14190,14227,,
92169,L-GAW,light,Arabika Gayo Wine,B10,1,purging,91,10222,2817,2805,7898,9804,2788,9316,13273,14192,14228,,
93169,L-GAW,light,Arabika Gayo Wine,B10,1,purging,92,10220,2818,2806,7898,9806,2788,9318,13273,14193,14230,,
94170,L-GAW,light,Arabika Gayo Wine,B10,1,purging,93,10218,2819,2808,7899,9808,2789,9320,13273,14195,14232,,
95169,L-GAW,light,Arabika Gayo Wine,B10,1,purging,94,10217,2819,2808,7899,9809,2789,9321,13273,14195,14233,,
96169,L-GAW,light,Arabika Gayo Wine,B10,1,purging,95,10215,2818,2806,7900,9810,2790,9323,13274,14196,14235,,
97169,L-GAW,light,Arabika Gayo Wine,B10,1,purging,96,10213,2819,2807,7900,9812,2788,9324,13274,14197,14236,,
98169,L-GAW,light,Arabika Gayo Wine,B10,1,purging,97,10211,2815,2809,7900,9814,2788,9326,13274,14197,14237,,
99169,L-GAW,light,Arabika Gayo Wine,B10,1,purging,98,10208,2818,2810,7900,9815,2788,9326,13273,14199,14237,,
100169,L-GAW,light,Arabika Gayo Wine,B10,1,purging,99,10207,2817,2805,7901,9816,2790,9327,13272,14199,14238,,
101169,L-GAW,light,Arabika Gayo Wine,B10,1,purging,100,10206,2818,2809,7901,9817,2788,9328,13271,14200,14238,,
102169,L-GAW,light,Arabika Gayo Wine,B10,1,purging,101,10205,2818,2808,7902,9817,2788,9328,13270,14200,14238,,
103170,L-GAW,light,Arabika Gayo Wine,B10,1,purging,102,10204,2821,2809,7902,9818,2788,9326,13269,14201,14238,,
104169,L-GAW,light,Arabika Gayo Wine,B10,1,purging,103,10203,2818,2810,7903,9818,2788,9325,13268,14202,14239,,
105169,L-GAW,light,Arabika Gayo Wine,B10,1,purging,104,10202,2816,2809,7903,9818,2788,9326,13268,14202,14239,,
106169,L-GAW,light,Arabika Gayo Wine,B10,1,purging,105,10202,2818,2810,7904,9819,2790,9325,13267,14203,14240,,
107169,L-GAW,light,Arabika Gayo Wine,B10,1,purging,106,10201,2818,2811,7904,9820,2788,9327,13268,14204,14243,,
108169,L-GAW,light,Arabika Gayo Wine,B10,1,purging,107,10201,2817,2810,7904,9821,2790,9329,13269,14206,14246,,
109169,L-GAW,light,Arabika Gayo Wine,B10,1,purging,108,10201,2816,2808,7905,9825,2788,9334,13270,14208,14249,,
110170,L-GAW,light,Arabika Gayo Wine,B10,1,purging,109,10200,2818,2806,7905,9828,2788,9338,13271,14210,14250,,
111169,L-GAW,light,Arabika Gayo Wine,B10,1,purging,110,10200,2818,2806,7906,9831,2790,9340,13271,14213,14252,,
112169,L-GAW,light,Arabika Gayo Wine,B10,1,purging,111,10200,2816,2805,7907,9833,2788,9340,13271,14215,14253,,
113169,L-GAW,light,Arabika Gayo Wine,B10,1,purging,112,10199,2818,2808,7907,9836,2788,9341,13270,14217,14254,,
114169,L-GAW,light,Arabika Gayo Wine,B10,1,purging,113,10198,2818,2810,7908,9837,2788,9343,13271,14218,14256,,
115169,L-GAW,light,Arabika Gayo Wine,B10,1,purging,114,10196,2817,2807,7908,9841,2788,9345,13272,14220,14259,,
116169,L-GAW,light,Arabika Gayo Wine,B10,1,purging,115,10195,2816,2809,7909,9844,2790,9348,13273,14223,14262,,
117169,L-GAW,light,Arabika Gayo Wine,B10,1,purging,116,10193,2817,2806,7909,9848,2788,9354,13275,14226,14269,,
118169,L-GAW,light,Arabika Gayo Wine,B10,1,purging,117,10190,2819,2811,7910,9853,2790,9360,13278,14229,14270,,
119170,L-GAW,light,Arabika Gayo Wine,B10,1,purging,118,10189,2817,2807,7911,9858,2788,9364,13278,14232,14272,,
120169,L-GAW,light,Arabika Gayo Wine,B10,1,purging,119,10187,2818,2813,7911,9867,2788,9374,13284,14235,14310,,
121169,L-GAW,light,Arabika Gayo Wine,B10,1,purging,120,10178,2818,2810,7912,9888,2788,9409,13311,14246,14321,,
122172,L-GAW,light,Arabika Gayo Wine,B10,1,collecting,1,10167,2819,2810,7913,9911,2788,9437,13323,14257,14333,,
123169,L-GAW,light,Arabika Gayo Wine,B10,1,collecting,2,10157,2818,2807,7914,9926,2788,9450,13323,14266,14325,,
124169,L-GAW,light,Arabika Gayo Wine,B10,1,collecting,3,10292,2818,2807,7914,9971,2788,9490,13344,14276,14420,,
125169,L-GAW,light,Arabika Gayo Wine,B10,1,collecting,4,11595,2819,2810,7916,10263,2789,9803,13736,14432,14862,,
126170,L-GAW,light,Arabika Gayo Wine,B10,1,collecting,5,13485,2823,2807,7917,10723,2788,10237,14552,14907,15400,,
127169,L-GAW,light,Arabika Gayo Wine,B10,1,collecting,6,15257,2826,2806,7919,11268,2792,10734,15712,15667,16007,,
128169,L-GAW,light,Arabika Gayo Wine,B10,1,collecting,7,16478,2826,2807,7922,11715,2791,11095,16792,16541,16435,,
129169,L-GAW,light,Arabika Gayo Wine,B10,1,collecting,8,17197,2828,2810,7925,12033,2793,11291,17532,17247,16736,,
130169,L-GAW,light,Arabika Gayo Wine,B10,1,collecting,9,17604,2829,2808,7927,12227,2791,11357,17992,17731,16894,,
131169,L-GAW,light,Arabika Gayo Wine,B10,1,collecting,10,17797,2830,2807,7929,12305,2791,11304,18222,18014,16949,,
132169,L-GAW,light,Arabika Gayo Wine,B10,1,collecting,11,17871,2829,2808,7931,12300,2792,11191,18308,18151,16943,,
133169,L-GAW,light,Arabika Gayo Wine,B10,1,collecting,12,17873,2831,2809,7931,12244,2792,11052,18307,18194,16904,,
134169,L-GAW,light,Arabika Gayo Wine,B10,1,collecting,13,17834,2831,2807,7932,12163,2793,10914,18259,18180,16852,,
135170,L-GAW,light,Arabika Gayo Wine,B10,1,collecting,14,17776,2829,2808,7933,12078,2791,10799,18193,18135,16809,,
136169,L-GAW,light,Arabika Gayo Wine,B10,1,collecting,15,17722,2830,2807,7933,12010,2793,10732,18140,18083,16789,,
137169,L-GAW,light,Arabika Gayo Wine,B10,1,collecting,16,17674,2832,2808,7932,11954,2793,10685,18104,18038,16765,,
138169,L-GAW,light,Arabika Gayo Wine,B10,1,collecting,17,17622,2829,2809,7932,11900,2788,10639,18070,17997,16748,,
139169,L-GAW,light,Arabika Gayo Wine,B10,1,collecting,18,17592,2829,2809,7933,11883,2791,10641,18064,17966,16783,,
140169,L-GAW,light,Arabika Gayo Wine,B10,1,collecting,19,17612,2829,2808,7933,11908,2791,10704,18113,17968,16845,,
141169,L-GAW,light,Arabika Gayo Wine,B10,1,collecting,20,17651,2828,2807,7933,11935,2792,10745,18184,18001,16874,,
142170,L-GAW,light,Arabika Gayo Wine,B10,1,collecting,21,17659,2832,2809,7934,11929,2791,10723,18219,18028,16872,,
143169,L-GAW,light,Arabika Gayo Wine,B10,1,collecting,22,17646,2830,2809,7934,11910,2791,10691,18229,18034,16868,,
144169,L-GAW,light,Arabika Gayo Wine,B10,1,collecting,23,17627,2828,2805,7934,11888,2793,10660,18226,18027,16866,,
145169,L-GAW,light,Arabika Gayo Wine,B10,1,collecting,24,17620,2831,2809,7934,11884,2791,10658,18231,18018,16887,,
146169,L-GAW,light,Arabika Gayo Wine,B10,1,collecting,25,17625,2828,2812,7935,11887,2789,10665,18252,18019,16901,,
147169,L-GAW,light,Arabika Gayo Wine,B10,1,collecting,26,17631,2829,2808,7935,11889,2791,10668,18274,18026,16911,,
148169,L-GAW,light,Arabika Gayo Wine,B10,1,collecting,27,17625,2827,2810,7935,11875,2789,10648,18284,18030,16900,,
149169,L-GAW,light,Arabika Gayo Wine,B10,1,collecting,28,17604,2829,2808,7935,11855,2789,10619,18277,18021,16896,,
150169,L-GAW,light,Arabika Gayo Wine,B10,1,collecting,29,17587,2827,2810,7935,11840,2788,10605,18274,18008,16895,,
151170,L-GAW,light,Arabika Gayo Wine,B10,1,collecting,30,17566,2828,2809,7935,11817,2789,10582,18266,17996,16876,,
152169,L-GAW,light,Arabika Gayo Wine,B10,1,collecting,31,17521,2829,2807,7936,11775,2789,10531,18238,17973,16842,,
153169,L-GAW,light,Arabika Gayo Wine,B10,1,collecting,32,17458,2828,2811,7936,11723,2789,10473,18193,17935,16799,,
154169,L-GAW,light,Arabika Gayo Wine,B10,1,collecting,33,17386,2829,2808,7936,11673,2789,10424,18140,17886,16770,,
155169,L-GAW,light,Arabika Gayo Wine,B10,1,collecting,34,17325,2828,2808,7935,11634,2789,10398,18097,17838,16746,,
156169,L-GAW,light,Arabika Gayo Wine,B10,1,collecting,35,17275,2831,2809,7935,11608,2789,10389,18067,17798,16738,,
157169,L-GAW,light,Arabika Gayo Wine,B10,1,collecting,36,17238,2828,2806,7935,11592,2789,10390,18051,17770,16731,,
158170,L-GAW,light,Arabika Gayo Wine,B10,1,collecting,37,17214,2828,2810,7935,11589,2789,10399,18048,17751,16744,,
159169,L-GAW,light,Arabika Gayo Wine,B10,1,collecting,38,17230,2829,2809,7935,11611,2788,10446,18073,17749,16777,,
160169,L-GAW,light,Arabika Gayo Wine,B10,1,collecting,39,17253,2831,2808,7935,11629,2789,10470,18106,17766,16791,,
161169,L-GAW,light,Arabika Gayo Wine,B10,1,collecting,40,17277,2825,2810,7935,11651,2788,10489,18139,17784,16820,,
162169,L-GAW,light,Arabika Gayo Wine,B10,1,collecting,41,17316,2828,2809,7936,11677,2789,10522,18182,17809,16846,,
163169,L-GAW,light,Arabika Gayo Wine,B10,1,collecting,42,17347,2831,2806,7936,11695,2789,10535,18214,17834,16862,,
164169,L-GAW,light,Arabika Gayo Wine,B10,1,collecting,43,17378,2827,2811,7936,11714,2789,10549,18245,17856,16883,,
165169,L-GAW,light,Arabika Gayo Wine,B10,1,collecting,44,17400,2825,2810,7936,11721,2788,10548,18267,17875,16885,,
166169,L-GAW,light,Arabika Gayo Wine,B10,1,collecting,45,17410,2828,2807,7936,11721,2789,10537,18277,17885,16891,,
167170,L-GAW,light,Arabika Gayo Wine,B10,1,collecting,46,17442,2827,2809,7937,11754,2788,10571,18303,17894,16946,,
168169,L-GAW,light,Arabika Gayo Wine,B10,1,collecting,47,17531,2828,2807,7937,11832,2789,10666,18383,17936,17030,,
169169,L-GAW,light,Arabika Gayo Wine,B10,1,collecting,48,17638,2833,2809,7937,11908,2793,10746,18482,18008,17092,,
170169,L-GAW,light,Arabika Gayo Wine,B10,1,collecting,49,17719,2830,2807,7937,11957,2791,10777,18558,18080,17116,,
171169,L-GAW,light,Arabika Gayo Wine,B10,1,collecting,50,17737,2831,2809,7938,11956,2793,10737,18576,18122,17094,,
172169,L-GAW,light,Arabika Gayo Wine,B10,1,collecting,51,17707,2830,2807,7938,11919,2789,10666,18547,18121,17050,,
173169,L-GAW,light,Arabika Gayo Wine,B10,1,collecting,52,17646,2832,2806,7938,11861,2789,10583,18486,18085,16998,,
174170,L-GAW,light,Arabika Gayo Wine,B10,1,collecting,53,17567,2828,2808,7938,11793,2789,10505,18413,18030,16943,,
175169,L-GAW,light,Arabika Gayo Wine,B10,1,collecting,54,17506,2828,2807,7938,11757,2789,10477,18356,17969,16942,,
176169,L-GAW,light,Arabika Gayo Wine,B10,1,collecting,55,17489,2830,2807,7938,11754,2791,10514,18349,17937,16952,,
177169,L-GAW,light,Arabika Gayo Wine,B10,1,collecting,56,17481,2827,2806,7938,11752,2789,10526,18351,17926,16953,,
178169,L-GAW,light,Arabika Gayo Wine,B10,1,collecting,57,17482,2827,2810,7938,11754,2789,10538,18361,17924,16962,,
179169,L-GAW,light,Arabika Gayo Wine,B10,1,collecting,58,17473,2828,2808,7938,11738,2789,10520,18364,17923,16936,,
180169,L-GAW,light,Arabika Gayo Wine,B10,1,collecting,59,17424,2831,2809,7939,11694,2789,10462,18329,17904,16895,,
181169,L-GAW,light,Arabika Gayo Wine,B10,1,collecting,60,17371,2831,2812,7938,11657,2789,10426,18290,17867,16874,,
182169,L-GAW,light,Arabika Gayo Wine,B10,1,collecting,61,17315,2827,2809,7939,11612,2789,10385,18248,17829,16826,,
183170,L-GAW,light,Arabika Gayo Wine,B10,1,collecting,62,17221,2828,2807,7939,11542,2789,10308,18180,17777,16761,,
184169,L-GAW,light,Arabika Gayo Wine,B10,1,collecting,63,17133,2828,2810,7939,11501,2789,10279,18116,17711,16758,,
185169,L-GAW,light,Arabika Gayo Wine,B10,1,collecting,64,17123,2826,2809,7939,11529,2789,10346,18120,17677,16814,,
186169,L-GAW,light,Arabika Gayo Wine,B10,1,collecting,65,17177,2827,2809,7939,11577,2789,10435,18177,17696,16848,,
187169,L-GAW,light,Arabika Gayo Wine,B10,1,collecting,66,17216,2829,2810,7939,11603,2789,10458,18221,17730,16862,,
188169,L-GAW,light,Arabika Gayo Wine,B10,1,collecting,67,17253,2828,2811,7939,11628,2789,10480,18255,17758,16888,,
189169,L-GAW,light,Arabika Gayo Wine,B10,1,collecting,68,17285,2828,2812,7939,11641,2789,10484,18283,17784,16890,,
190170,L-GAW,light,Arabika Gayo Wine,B10,1,collecting,69,17283,2827,2806,7939,11623,2789,10449,18282,17793,16858,,
191169,L-GAW,light,Arabika Gayo Wine,B10,1,collecting,70,17243,2828,2811,7939,11586,2789,10395,18249,17777,16826,,
192169,L-GAW,light,Arabika Gayo Wine,B10,1,collecting,71,17193,2828,2809,7940,11548,2789,10353,18207,17744,16792,,
193169,L-GAW,light,Arabika Gayo Wine,B10,1,collecting,72,17135,2828,2807,7940,11513,2791,10318,18162,17704,16769,,
194169,L-GAW,light,Arabika Gayo Wine,B10,1,collecting,73,17090,2829,2811,7940,11486,2789,10302,18129,17668,16744,,
195169,L-GAW,light,Arabika Gayo Wine,B10,1,collecting,74,17035,2829,2806,7940,11455,2789,10277,18092,17633,16719,,
196169,L-GAW,light,Arabika Gayo Wine,B10,1,collecting,75,16992,2830,2808,7940,11435,2789,10272,18065,17600,16706,,
197169,L-GAW,light,Arabika Gayo Wine,B10,1,collecting,76,16957,2829,2809,7940,11424,2789,10269,18044,17573,16708,,
198169,L-GAW,light,Arabika Gayo Wine,B10,1,collecting,77,16984,2829,2809,7940,11463,2788,10334,18068,17567,16768,,
199170,L-GAW,light,Arabika Gayo Wine,B10,1,collecting,78,17068,2829,2808,7940,11524,2791,10414,18138,17604,16817,,
200169,L-GAW,light,Arabika Gayo Wine,B10,1,collecting,79,17135,2827,2807,7941,11555,2789,10440,18197,17654,16824,,
201169,L-GAW,light,Arabika Gayo Wine,B10,1,collecting,80,17144,2826,2808,7941,11542,2789,10404,18208,17681,16795,,
202169,L-GAW,light,Arabika Gayo Wine,B10,1,collecting,81,17111,2826,2809,7941,11516,2789,10357,18182,17674,16775,,
203169,L-GAW,light,Arabika Gayo Wine,B10,1,collecting,82,17088,2827,2810,7941,11501,2789,10344,18160,17655,16767,,
204169,L-GAW,light,Arabika Gayo Wine,B10,1,collecting,83,17049,2828,2806,7941,11469,2789,10313,18131,17634,16727,,
205169,L-GAW,light,Arabika Gayo Wine,B10,1,collecting,84,16986,2827,2807,7941,11428,2789,10268,18085,17600,16692,,
206170,L-GAW,light,Arabika Gayo Wine,B10,1,collecting,85,16918,2826,2806,7941,11391,2789,10235,18035,17558,16664,,
207169,L-GAW,light,Arabika Gayo Wine,B10,1,collecting,86,16879,2829,2809,7941,11387,2789,10246,18009,17520,16683,,
208169,L-GAW,light,Arabika Gayo Wine,B10,1,collecting,87,16915,2827,2808,7941,11434,2789,10324,18041,17517,16742,,
209169,L-GAW,light,Arabika Gayo Wine,B10,1,collecting,88,16999,2828,2810,7941,11492,2789,10400,18111,17555,16787,,
210169,L-GAW,light,Arabika Gayo Wine,B10,1,collecting,89,17071,2828,2806,7942,11530,2789,10431,18171,17607,16808,,
211169,L-GAW,light,Arabika Gayo Wine,B10,1,collecting,90,17112,2828,2805,7942,11546,2789,10430,18204,17645,16815,,
212169,L-GAW,light,Arabika Gayo Wine,B10,1,collecting,91,17138,2827,2807,7943,11554,2789,10428,18220,17667,16823,,
213169,L-GAW,light,Arabika Gayo Wine,B10,1,collecting,92,17159,2829,2807,7943,11560,2788,10426,18231,17680,16826,,
214169,L-GAW,light,Arabika Gayo Wine,B10,1,collecting,93,17167,2828,2810,7943,11556,2789,10415,18233,17687,16819,,
215170,L-GAW,light,Arabika Gayo Wine,B10,1,collecting,94,17164,2826,2808,7943,11548,2789,10403,18227,17685,16811,,
216169,L-GAW,light,Arabika Gayo Wine,B10,1,collecting,95,17143,2828,2807,7944,11526,2789,10373,18210,17676,16782,,
217169,L-GAW,light,Arabika Gayo Wine,B10,1,collecting,96,17085,2826,2810,7944,11480,2789,10316,18164,17651,16730,,
218169,L-GAW,light,Arabika Gayo Wine,B10,1,collecting,97,16998,2828,2811,7944,11425,2789,10254,18100,17603,16683,,
219169,L-GAW,light,Arabika Gayo Wine,B10,1,collecting,98,16909,2828,2809,7944,11377,2788,10211,18035,17546,16647,,
220169,L-GAW,light,Arabika Gayo Wine,B10,1,collecting,99,16834,2829,2807,7944,11345,2789,10194,17985,17493,16631,,
221169,L-GAW,light,Arabika Gayo Wine,B10,1,collecting,100,16803,2827,2808,7945,11347,2789,10222,17971,17459,16645,,
222170,L-GAW,light,Arabika Gayo Wine,B10,1,collecting,101,16788,2830,2811,7945,11344,2788,10236,17971,17447,16633,,
223169,L-GAW,light,Arabika Gayo Wine,B10,1,collecting,102,16765,2825,2809,7945,11338,2791,10237,17964,17437,16628,,
224169,L-GAW,light,Arabika Gayo Wine,B10,1,collecting,103,16738,2826,2806,7945,11330,2789,10231,17953,17426,16620,,
225169,L-GAW,light,Arabika Gayo Wine,B10,1,collecting,104,16723,2826,2807,7945,11333,2789,10238,17948,17416,16629,,
226169,L-GAW,light,Arabika Gayo Wine,B10,1,collecting,105,16725,2825,2810,7946,11339,2789,10251,17954,17414,16626,,
227169,L-GAW,light,Arabika Gayo Wine,B10,1,collecting,106,16709,2830,2808,7946,11331,2789,10242,17947,17411,16612,,
228169,L-GAW,light,Arabika Gayo Wine,B10,1,collecting,107,16682,2828,2806,7947,11317,2789,10229,17931,17401,16597,,
229169,L-GAW,light,Arabika Gayo Wine,B10,1,collecting,108,16656,2826,2807,7947,11309,2789,10223,17913,17384,16597,,
230169,L-GAW,light,Arabika Gayo Wine,B10,1,collecting,109,16683,2830,2808,7948,11343,2791,10269,17930,17380,16651,,
231170,L-GAW,light,Arabika Gayo Wine,B10,1,collecting,110,16782,2827,2809,7949,11408,2789,10354,18003,17416,16708,,
232169,L-GAW,light,Arabika Gayo Wine,B10,1,collecting,111,16875,2827,2811,7949,11452,2789,10393,18072,17474,16730,,
233169,L-GAW,light,Arabika Gayo Wine,B10,1,collecting,112,16929,2828,2807,7949,11469,2789,10390,18109,17520,16736,,
234169,L-GAW,light,Arabika Gayo Wine,B10,1,collecting,113,16947,2827,2808,7949,11461,2789,10363,18118,17543,16718,,
235169,L-GAW,light,Arabika Gayo Wine,B10,1,collecting,114,16923,2830,2807,7949,11435,2789,10320,18093,17538,16693,,
236169,L-GAW,light,Arabika Gayo Wine,B10,1,collecting,115,16894,2828,2807,7949,11415,2789,10294,18065,17518,16679,,
237169,L-GAW,light,Arabika Gayo Wine,B10,1,collecting,116,16862,2829,2805,7950,11393,2789,10275,18039,17497,16657,,
238170,L-GAW,light,Arabika Gayo Wine,B10,1,collecting,117,16841,2827,2806,7950,11387,2787,10278,18019,17475,16667,,
239169,L-GAW,light,Arabika Gayo Wine,B10,1,collecting,118,16845,2827,2806,7951,11389,2789,10293,18023,17467,16664,,
240169,L-GAW,light,Arabika Gayo Wine,B10,1,collecting,119,16828,2827,2809,7950,11373,2788,10273,18014,17462,16640,,
241169,L-GAW,light,Arabika Gayo Wine,B10,1,collecting,120,16780,2828,2809,7950,11339,2789,10232,17983,17444,16604,,
242172,L-GAW,light,Arabika Gayo Wine,B10,2,purging,1,16719,2828,2807,7951,11312,2788,10204,17941,17409,16592,,
243169,L-GAW,light,Arabika Gayo Wine,B10,2,purging,2,16694,2827,2809,7951,11310,2789,10223,17930,17386,16593,,
244169,L-GAW,light,Arabika Gayo Wine,B10,2,purging,3,16604,2826,2806,7951,11265,2789,10174,17883,17360,16516,,
245169,L-GAW,light,Arabika Gayo Wine,B10,2,purging,4,16436,2825,2810,7952,11182,2789,10077,17780,17295,16422,,
246169,L-GAW,light,Arabika Gayo Wine,B10,2,purging,5,16218,2831,2808,7952,11082,2788,9980,17647,17196,16326,,
247170,L-GAW,light,Arabika Gayo Wine,B10,2,purging,6,15966,2827,2806,7953,10977,2789,9892,17505,17077,16230,,
248169,L-GAW,light,Arabika Gayo Wine,B10,2,purging,7,15692,2827,2805,7954,10877,2789,9816,17364,16949,16139,,
249169,L-GAW,light,Arabika Gayo Wine,B10,2,purging,8,15401,2826,2808,7954,10783,2789,9756,17229,16820,16055,,
250169,L-GAW,light,Arabika Gayo Wine,B10,2,purging,9,15098,2829,2806,7954,10698,2788,9707,17102,16692,15977,,
251169,L-GAW,light,Arabika Gayo Wine,B10,2,purging,10,14788,2825,2810,7955,10624,2788,9669,16986,16571,15908,,
252169,L-GAW,light,Arabika Gayo Wine,B10,2,purging,11,14478,2825,2807,7956,10558,2788,9639,16879,16456,15844,,
253169,L-GAW,light,Arabika Gayo Wine,B10,2,purging,12,14171,2823,2810,7956,10501,2788,9616,16781,16349,15786,,
254170,L-GAW,light,Arabika Gayo Wine,B10,2,purging,13,13871,2824,2809,7956,10451,2786,9596,16691,16249,15734,,
255169,L-GAW,light,Arabika Gayo Wine,B10,2,purging,14,13583,2822,2807,7957,10409,2788,9581,16609,16157,15685,,
256169,L-GAW,light,Arabika Gayo Wine,B10,2,purging,15,13309,2823,2810,7957,10373,2788,9569,16533,16072,15642,,
257169,L-GAW,light,Arabika Gayo Wine,B10,2,purging,16,13050,2822,2810,7957,10341,2787,9560,16462,15993,15600,,
258169,L-GAW,light,Arabika Gayo Wine,B10,2,purging,17,12808,2823,2811,7958,10313,2788,9553,16396,15921,15562,,
259169,L-GAW,light,Arabika Gayo Wine,B10,2,purging,18,12583,2820,2808,7959,10290,2788,9545,16334,15853,15526,,
260169,L-GAW,light,Arabika Gayo Wine,B10,2,purging,19,12378,2819,2806,7959,10268,2788,9538,16276,15791,15492,,
261169,L-GAW,light,Arabika Gayo Wine,B10,2,purging,20,12190,2820,2807,7960,10250,2788,9533,16222,15732,15461,,
262169,L-GAW,light,Arabika Gayo Wine,B10,2,purging,21,12020,2822,2808,7961,10234,2791,9528,16170,15678,15431,,
263170,L-GAW,light,Arabika Gayo Wine,B10,2,purging,22,11865,2821,2807,7961,10219,2788,9524,16120,15627,15403,,
264169,L-GAW,light,Arabika Gayo Wine,B10,2,purging,23,11727,2819,2806,7961,10205,2788,9522,16074,15579,15376,,
265169,L-GAW,light,Arabika Gayo Wine,B10,2,purging,24,11601,2819,2808,7962,10193,2788,9517,16029,15534,15350,,
266169,L-GAW,light,Arabika Gayo Wine,B10,2,purging,25,11490,2818,2810,7962,10182,2788,9516,15987,15492,15327,,
267169,L-GAW,light,Arabika Gayo Wine,B10,2,purging,26,11390,2822,2807,7963,10173,2788,9514,15947,15454,15305,,
268169,L-GAW,light,Arabika Gayo Wine,B10,2,purging,27,11300,2820,2810,7963,10164,2788,9513,15908,15416,15283,,
269169,L-GAW,light,Arabika Gayo Wine,B10,2,purging,28,11220,2816,2810,7964,10156,2787,9509,15871,15381,15261,,
270170,L-GAW,light,Arabika Gayo Wine,B10,2,purging,29,11148,2819,2809,7965,10149,2788,9507,15834,15348,15241,,
271169,L-GAW,light,Arabika Gayo Wine,B10,2,purging,30,11083,2819,2807,7964,10141,2787,9505,15799,15316,15221,,
272169,L-GAW,light,Arabika Gayo Wine,B10,2,purging,31,11025,2819,2807,7965,10135,2787,9503,15765,15286,15202,,
273169,L-GAW,light,Arabika Gayo Wine,B10,2,purging,32,10972,2818,2811,7966,10129,2788,9502,15732,15257,15184,,
274169,L-GAW,light,Arabika Gayo Wine,B10,2,purging,33,10925,2819,2808,7967,10123,2788,9499,15701,15230,15166,,
275169,L-GAW,light,Arabika Gayo Wine,B10,2,purging,34,10882,2818,2808,7967,10118,2788,9498,15670,15205,15150,,
276169,L-GAW,light,Arabika Gayo Wine,B10,2,purging,35,10842,2818,2808,7968,10112,2790,9495,15641,15179,15133,,
277169,L-GAW,light,Arabika Gayo Wine,B10,2,purging,36,10807,2819,2806,7968,10107,2788,9494,15612,15156,15118,,
278169,L-GAW,light,Arabika Gayo Wine,B10,2,purging,37,10774,2820,2810,7969,10102,2788,9491,15584,15133,15102,,
279170,L-GAW,light,Arabika Gayo Wine,B10,2,purging,38,10743,2816,2807,7969,10097,2788,9490,15557,15112,15088,,
280169,L-GAW,light,Arabika Gayo Wine,B10,2,purging,39,10716,2818,2806,7970,10094,2788,9488,15531,15091,15073,,
281169,L-GAW,light,Arabika Gayo Wine,B10,2,purging,40,10690,2818,2808,7970,10090,2788,9486,15505,15071,15059,,
282169,L-GAW,light,Arabika Gayo Wine,B10,2,purging,41,10666,2817,2811,7971,10086,2788,9486,15481,15052,15047,,
283169,L-GAW,light,Arabika Gayo Wine,B10,2,purging,42,10644,2819,2807,7971,10082,2788,9484,15456,15034,15034,,
284169,L-GAW,light,Arabika Gayo Wine,B10,2,purging,43,10622,2816,2809,7972,10079,2788,9483,15432,15016,15020,,
285169,L-GAW,light,Arabika Gayo Wine,B10,2,purging,44,10602,2816,2804,7972,10074,2788,9481,15408,14999,15007,,
286170,L-GAW,light,Arabika Gayo Wine,B10,2,purging,45,10583,2819,2805,7973,10070,2788,9480,15386,14983,14997,,
287169,L-GAW,light,Arabika Gayo Wine,B10,2,purging,46,10566,2818,2811,7973,10066,2788,9478,15364,14966,14984,,
288169,L-GAW,light,Arabika Gayo Wine,B10,2,purging,47,10550,2818,2809,7974,10063,2790,9476,15342,14951,14974,,
289169,L-GAW,light,Arabika Gayo Wine,B10,2,purging,48,10535,2815,2809,7974,10059,2789,9476,15321,14936,14963,,
290169,L-GAW,light,Arabika Gayo Wine,B10,2,purging,49,10520,2818,2809,7975,10056,2788,9475,15301,14922,14952,,
291169,L-GAW,light,Arabika Gayo Wine,B10,2,purging,50,10506,2816,2806,7975,10052,2787,9474,15280,14907,14941,,
292169,L-GAW,light,Arabika Gayo Wine,B10,2,purging,51,10493,2818,2810,7975,10049,2788,9471,15260,14894,14930,,
293169,L-GAW,light,Arabika Gayo Wine,B10,2,purging,52,10479,2815,2809,7976,10045,2788,9469,15240,14880,14919,,
294169,L-GAW,light,Arabika Gayo Wine,B10,2,purging,53,10467,2818,2805,7976,10041,2787,9468,15220,14866,14909,,
295170,L-GAW,light,Arabika Gayo Wine,B10,2,purging,54,10455,2816,2807,7977,10038,2788,9466,15202,14853,14899,,
296169,L-GAW,light,Arabika Gayo Wine,B10,2,purging,55,10444,2817,2805,7978,10034,2787,9464,15183,14841,14890,,
297169,L-GAW,light,Arabika Gayo Wine,B10,2,purging,56,10433,2816,2806,7978,10031,2788,9463,15165,14828,14880,,
298169,L-GAW,light,Arabika Gayo Wine,B10,2,purging,57,10422,2816,2808,7978,10027,2788,9459,15147,14816,14871,,
299169,L-GAW,light,Arabika Gayo Wine,B10,2,purging,58,10412,2816,2807,7979,10024,2788,9457,15129,14804,14861,,
300169,L-GAW,light,Arabika Gayo Wine,B10,2,purging,59,10402,2817,2806,7979,10021,2788,9456,15112,14792,14853,,
301169,L-GAW,light,Arabika Gayo Wine,B10,2,purging,60,10394,2817,2808,7980,10018,2790,9454,15095,14781,14843,,
302170,L-GAW,light,Arabika Gayo Wine,B10,2,purging,61,10384,2815,2805,7980,10015,2788,9452,15078,14771,14835,,
303169,L-GAW,light,Arabika Gayo Wine,B10,2,purging,62,10375,2819,2813,7981,10012,2787,9451,15061,14760,14827,,
304169,L-GAW,light,Arabika Gayo Wine,B10,2,purging,63,10367,2817,2808,7981,10009,2788,9450,15046,14750,14819,,
305169,L-GAW,light,Arabika Gayo Wine,B10,2,purging,64,10360,2817,2806,7981,10006,2788,9448,15030,14741,14811,,
306169,L-GAW,light,Arabika Gayo Wine,B10,2,purging,65,10352,2817,2808,7982,10004,2788,9447,15015,14731,14804,,
307169,L-GAW,light,Arabika Gayo Wine,B10,2,purging,66,10345,2816,2808,7982,10002,2790,9447,15001,14722,14797,,
308169,L-GAW,light,Arabika Gayo Wine,B10,2,purging,67,10339,2817,2808,7983,10000,2788,9447,14986,14714,14790,,
309169,L-GAW,light,Arabika Gayo Wine,B10,2,purging,68,10333,2816,2808,7983,9998,2788,9446,14971,14706,14783,,
310169,L-GAW,light,Arabika Gayo Wine,B10,2,purging,69,10327,2815,2805,7983,9997,2788,9445,14956,14697,14776,,
311170,L-GAW,light,Arabika Gayo Wine,B10,2,purging,70,10321,2820,2810,7984,9995,2788,9446,14942,14689,14769,,
312169,L-GAW,light,Arabika Gayo Wine,B10,2,purging,71,10315,2816,2808,7984,9993,2788,9443,14928,14681,14761,,
313169,L-GAW,light,Arabika Gayo Wine,B10,2,purging,72,10310,2816,2807,7985,9989,2788,9441,14913,14673,14753,,
314169,L-GAW,light,Arabika Gayo Wine,B10,2,purging,73,10304,2817,2805,7985,9986,2790,9438,14899,14665,14746,,
315169,L-GAW,light,Arabika Gayo Wine,B10,2,purging,74,10300,2815,2810,7985,9983,2788,9436,14885,14656,14739,,
316169,L-GAW,light,Arabika Gayo Wine,B10,2,purging,75,10297,2818,2807,7986,9981,2788,9434,14871,14648,14732,,
317169,L-GAW,light,Arabika Gayo Wine,B10,2,purging,76,10292,2819,2806,7986,9977,2787,9430,14858,14641,14725,,
318170,L-GAW,light,Arabika Gayo Wine,B10,2,purging,77,10288,2816,2808,7986,9973,2788,9426,14844,14633,14714,,
319169,L-GAW,light,Arabika Gayo Wine,B10,2,purging,78,10284,2818,2805,7987,9968,2790,9420,14828,14624,14707,,
320169,L-GAW,light,Arabika Gayo Wine,B10,2,purging,79,10280,2816,2811,7987,9963,2787,9416,14814,14615,14700,,
321169,L-GAW,light,Arabika Gayo Wine,B10,2,purging,80,10277,2818,2807,7987,9959,2788,9413,14802,14607,14694,,
322169,L-GAW,light,Arabika Gayo Wine,B10,2,purging,81,10272,2816,2804,7988,9954,2788,9411,14789,14599,14687,,
323169,L-GAW,light,Arabika Gayo Wine,B10,2,purging,82,10270,2817,2807,7989,9951,2787,9408,14776,14592,14679,,
324169,L-GAW,light,Arabika Gayo Wine,B10,2,purging,83,10266,2815,2806,7989,9947,2788,9404,14763,14585,14672,,
325169,L-GAW,light,Arabika Gayo Wine,B10,2,purging,84,10263,2817,2810,7989,9943,2788,9400,14750,14577,14664,,
326169,L-GAW,light,Arabika Gayo Wine,B10,2,purging,85,10260,2818,2806,7989,9937,2789,9396,14738,14569,14658,,
327170,L-GAW,light,Arabika Gayo Wine,B10,2,purging,86,10257,2818,2808,7990,9933,2788,9392,14725,14561,14651,,
328169,L-GAW,light,Arabika Gayo Wine,B10,2,purging,87,10254,2815,2810,7990,9929,2788,9389,14713,14554,14644,,
329169,L-GAW,light,Arabika Gayo Wine,B10,2,purging,88,10252,2817,2805,7989,9925,2787,9385,14700,14547,14635,,
330169,L-GAW,light,Arabika Gayo Wine,B10,2,purging,89,10250,2816,2810,7990,9919,2788,9379,14687,14539,14626,,
331169,L-GAW,light,Arabika Gayo Wine,B10,2,purging,90,10248,2817,2808,7990,9913,2786,9373,14673,14531,14619,,
332169,L-GAW,light,Arabika Gayo Wine,B10,2,purging,91,10247,2818,2807,7991,9907,2790,9366,14661,14523,14611,,
333169,L-GAW,light,Arabika Gayo Wine,B10,2,purging,92,10244,2818,2806,7991,9901,2788,9362,14648,14515,14604,,
334170,L-GAW,light,Arabika Gayo Wine,B10,2,purging,93,10243,2819,2805,7990,9895,2788,9358,14637,14507,14597,,
335169,L-GAW,light,Arabika Gayo Wine,B10,2,purging,94,10242,2816,2810,7991,9890,2787,9354,14626,14499,14591,,
336169,L-GAW,light,Arabika Gayo Wine,B10,2,purging,95,10240,2819,2808,7991,9886,2788,9351,14616,14492,14586,,
337169,L-GAW,light,Arabika Gayo Wine,B10,2,purging,96,10238,2821,2807,7991,9882,2788,9349,14605,14485,14580,,
338169,L-GAW,light,Arabika Gayo Wine,B10,2,purging,97,10237,2816,2810,7991,9878,2787,9346,14594,14478,14573,,
339169,L-GAW,light,Arabika Gayo Wine,B10,2,purging,98,10236,2819,2808,7991,9874,2788,9343,14584,14471,14569,,
340169,L-GAW,light,Arabika Gayo Wine,B10,2,purging,99,10233,2818,2806,7991,9871,2788,9341,14575,14465,14563,,
341169,L-GAW,light,Arabika Gayo Wine,B10,2,purging,100,10230,2816,2804,7991,9869,2788,9340,14565,14459,14558,,
342169,L-GAW,light,Arabika Gayo Wine,B10,2,purging,101,10228,2818,2806,7990,9865,2787,9338,14556,14453,14553,,
343170,L-GAW,light,Arabika Gayo Wine,B10,2,purging,102,10227,2819,2806,7990,9862,2786,9337,14546,14447,14548,,
344169,L-GAW,light,Arabika Gayo Wine,B10,2,purging,103,10225,2818,2809,7990,9859,2788,9335,14536,14441,14543,,
345169,L-GAW,light,Arabika Gayo Wine,B10,2,purging,104,10223,2818,2807,7990,9856,2788,9333,14526,14435,14538,,
346169,L-GAW,light,Arabika Gayo Wine,B10,2,purging,105,10221,2815,2805,7990,9854,2788,9332,14517,14429,14533,,
347169,L-GAW,light,Arabika Gayo Wine,B10,2,purging,106,10219,2817,2808,7991,9852,2788,9330,14508,14424,14529,,
348169,L-GAW,light,Arabika Gayo Wine,B10,2,purging,107,10217,2818,2812,7991,9850,2787,9330,14500,14418,14525,,
349169,L-GAW,light,Arabika Gayo Wine,B10,2,purging,108,10216,2816,2810,7991,9848,2788,9329,14491,14414,14521,,
350170,L-GAW,light,Arabika Gayo Wine,B10,2,purging,109,10213,2818,2806,7991,9847,2787,9328,14483,14409,14516,,
351169,L-GAW,light,Arabika Gayo Wine,B10,2,purging,110,10211,2815,2805,7991,9845,2788,9326,14474,14404,14512,,
352169,L-GAW,light,Arabika Gayo Wine,B10,2,purging,111,10209,2815,2806,7991,9843,2790,9326,14466,14399,14508,,
353169,L-GAW,light,Arabika Gayo Wine,B10,2,purging,112,10207,2816,2808,7991,9841,2788,9326,14458,14394,14505,,
354169,L-GAW,light,Arabika Gayo Wine,B10,2,purging,113,10205,2815,2806,7991,9839,2790,9325,14450,14390,14502,,
355169,L-GAW,light,Arabika Gayo Wine,B10,2,purging,114,10202,2816,2804,7991,9838,2788,9326,14442,14386,14499,,
356169,L-GAW,light,Arabika Gayo Wine,B10,2,purging,115,10201,2816,2809,7991,9837,2787,9326,14435,14382,14496,,
357169,L-GAW,light,Arabika Gayo Wine,B10,2,purging,116,10200,2817,2807,7991,9836,2788,9326,14427,14378,14492,,
358169,L-GAW,light,Arabika Gayo Wine,B10,2,purging,117,10198,2816,2806,7991,9836,2786,9326,14419,14374,14489,,
359170,L-GAW,light,Arabika Gayo Wine,B10,2,purging,118,10198,2817,2806,7991,9837,2787,9328,14413,14372,14490,,
360169,L-GAW,light,Arabika Gayo Wine,B10,2,purging,119,10198,2817,2807,7991,9840,2788,9333,14409,14371,14489,,
361169,L-GAW,light,Arabika Gayo Wine,B10,2,purging,120,10198,2818,2805,7992,9843,2788,9337,14403,14369,14489,,
362172,L-GAW,light,Arabika Gayo Wine,B10,2,collecting,1,10196,2815,2807,7992,9853,2788,9347,14402,14371,14525,,
363169,L-GAW,light,Arabika Gayo Wine,B10,2,collecting,2,10190,2817,2805,7993,9890,2788,9395,14427,14385,14562,,
364169,L-GAW,light,Arabika Gayo Wine,B10,2,collecting,3,10704,2818,2807,7994,10055,2788,9574,14572,14438,14814,,
365169,L-GAW,light,Arabika Gayo Wine,B10,2,collecting,4,12419,2818,2808,7995,10472,2789,9984,15102,14728,15284,,
366170,L-GAW,light,Arabika Gayo Wine,B10,2,collecting,5,14233,2821,2809,7995,10912,2789,10394,15911,15303,15731,,
367169,L-GAW,light,Arabika Gayo Wine,B10,2,collecting,6,15525,2823,2806,7996,11263,2788,10660,16695,15982,16090,,
368169,L-GAW,light,Arabika Gayo Wine,B10,2,collecting,7,16334,2825,2807,7998,11511,2790,10803,17300,16581,16340,,
369169,L-GAW,light,Arabika Gayo Wine,B10,2,collecting,8,16800,2825,2806,7998,11665,2791,10851,17687,17026,16478,,
370169,L-GAW,light,Arabika Gayo Wine,B10,2,collecting,9,17022,2824,2807,8000,11746,2791,10830,17880,17305,16546,,
371169,L-GAW,light,Arabika Gayo Wine,B10,2,collecting,10,17115,2828,2808,8001,11767,2791,10773,17950,17461,16551,,
372169,L-GAW,light,Arabika Gayo Wine,B10,2,collecting,11,17124,2829,2806,8002,11745,2791,10687,17942,17524,16534,,
373169,L-GAW,light,Arabika Gayo Wine,B10,2,collecting,12,17115,2828,2805,8002,11713,2788,10626,17919,17538,16523,,
374169,L-GAW,light,Arabika Gayo Wine,B10,2,collecting,13,17084,2832,2809,8002,11660,2788,10552,17883,17530,16484,,
375170,L-GAW,light,Arabika Gayo Wine,B10,2,collecting,14,17023,2825,2806,8002,11589,2788,10463,17828,17500,16432,,
376169,L-GAW,light,Arabika Gayo Wine,B10,2,collecting,15,16957,2825,2805,8002,11529,2788,10402,17771,17453,16415,,
377169,L-GAW,light,Arabika Gayo Wine,B10,2,collecting,16,16909,2826,2809,8002,11483,2789,10368,17740,17414,16400,,
378169,L-GAW,light,Arabika Gayo Wine,B10,2,collecting,17,16881,2827,2813,8002,11460,2789,10359,17730,17386,16420,,
379169,L-GAW,light,Arabika Gayo Wine,B10,2,collecting,18,16913,2827,2805,8002,11484,2787,10409,17775,17386,16488,,
380169,L-GAW,light,Arabika Gayo Wine,B10,2,collecting,19,16983,2826,2806,8002,11515,2789,10454,17861,17427,16524,,
381169,L-GAW,light,Arabika Gayo Wine,B10,2,collecting,20,17006,2827,2805,8002,11499,2789,10419,17899,17465,16496,,
382170,L-GAW,light,Arabika Gayo Wine,B10,2,collecting,21,16970,2826,2805,8002,11451,2788,10345,17879,17463,16463,,
383169,L-GAW,light,Arabika Gayo Wine,B10,2,collecting,22,16920,2826,2807,8002,11403,2789,10288,17843,17436,16438,,
384169,L-GAW,light,Arabika Gayo Wine,B10,2,collecting,23,16877,2827,2807,8002,11367,2789,10257,17814,17402,16426,,
385169,L-GAW,light,Arabika Gayo Wine,B10,2,collecting,24,16828,2828,2808,8001,11327,2788,10218,17784,17369,16400,,
386169,L-GAW,light,Arabika Gayo Wine,B10,2,collecting,25,16803,2829,2807,8001,11315,2789,10222,17772,17340,16416,,
387169,L-GAW,light,Arabika Gayo Wine,B10,2,collecting,26,16786,2828,2805,8001,11299,2786,10215,17772,17327,16402,,
388169,L-GAW,light,Arabika Gayo Wine,B10,2,collecting,27,16776,2826,2809,8001,11298,2787,10215,17775,17315,16427,,
389169,L-GAW,light,Arabika Gayo Wine,B10,2,collecting,28,16812,2825,2807,8001,11324,2789,10253,17816,17324,16467,,
390169,L-GAW,light,Arabika Gayo Wine,B10,2,collecting,29,16854,2827,2807,8001,11343,2787,10275,17863,17352,16482,,
391170,L-GAW,light,Arabika Gayo Wine,B10,2,collecting,30,16871,2829,2804,8001,11341,2786,10266,17888,17373,16477,,
392169,L-GAW,light,Arabika Gayo Wine,B10,2,collecting,31,16849,2827,2805,8000,11310,2789,10220,17878,17375,16438,,
393169,L-GAW,light,Arabika Gayo Wine,B10,2,collecting,32,16793,2826,2808,8000,11271,2789,10168,17837,17349,16421,,
394169,L-GAW,light,Arabika Gayo Wine,B10,2,collecting,33,16797,2827,2806,8000,11289,2788,10208,17842,17327,16476,,
395169,L-GAW,light,Arabika Gayo Wine,B10,2,collecting,34,16859,2824,2810,7999,11330,2789,10265,17898,17346,16515,,
396169,L-GAW,light,Arabika Gayo Wine,B10,2,collecting,35,16908,2828,2804,7999,11347,2788,10278,17947,17380,16518,,
397169,L-GAW,light,Arabika Gayo Wine,B10,2,collecting,36,16911,2826,2806,7998,11330,2788,10243,17955,17398,16493,,
398170,L-GAW,light,Arabika Gayo Wine,B10,2,collecting,37,16875,2827,2808,7998,11293,2788,10190,17928,17387,16460,,
399169,L-GAW,light,Arabika Gayo Wine,B10,2,collecting,38,16825,2826,2805,7998,11259,2789,10151,17888,17356,16442,,
400169,L-GAW,light,Arabika Gayo Wine,B10,2,collecting,39,16800,2827,2809,7997,11251,2787,10151,17870,17328,16455,,
401169,L-GAW,light,Arabika Gayo Wine,B10,2,collecting,40,16815,2826,2809,7997,11268,2788,10184,17888,17322,16482,,
402169,L-GAW,light,Arabika Gayo Wine,B10,2,collecting,41,16839,2828,2810,7997,11279,2787,10202,17914,17334,16490,,
403169,L-GAW,light,Arabika Gayo Wine,B10,2,collecting,42,16868,2826,2808,7997,11294,2786,10219,17941,17349,16509,,
404169,L-GAW,light,Arabika Gayo Wine,B10,2,collecting,43,16887,2824,2807,7996,11296,2787,10216,17961,17365,16507,,
405169,L-GAW,light,Arabika Gayo Wine,B10,2,collecting,44,16887,2829,2807,7996,11289,2788,10201,17962,17369,16501,,
406169,L-GAW,light,Arabika Gayo Wine,B10,2,collecting,45,16888,2827,2807,7996,11286,2789,10197,17964,17368,16507,,
407170,L-GAW,light,Arabika Gayo Wine,B10,2,collecting,46,16889,2827,2811,7995,11280,2787,10190,17966,17368,16499,,
408169,L-GAW,light,Arabika Gayo Wine,B10,2,collecting,47,16866,2826,2806,7995,11253,2789,10157,17952,17360,16466,,
409169,L-GAW,light,Arabika Gayo Wine,B10,2,collecting,48,16810,2827,2806,7994,11209,2789,10105,17909,17332,16426,,
410169,L-GAW,light,Arabika Gayo Wine,B10,2,collecting,49,16759,2827,2810,7994,11186,2788,10088,17869,17292,16427,,
411169,L-GAW,light,Arabika Gayo Wine,B10,2,collecting,50,16755,2827,2808,7994,11190,2786,10112,17868,17271,16442,,
412169,L-GAW,light,Arabika Gayo Wine,B10,2,collecting,51,16754,2829,2808,7993,11188,2789,10117,17875,17267,16433,,
413169,L-GAW,light,Arabika Gayo Wine,B10,2,collecting,52,16739,2829,2806,7993,11179,2788,10105,17869,17260,16427,,
414170,L-GAW,light,Arabika Gayo Wine,B10,2,collecting,53,16742,2827,2806,7993,11187,2789,10117,17876,17255,16447,,
415169,L-GAW,light,Arabika Gayo Wine,B10,2,collecting,54,16761,2828,2809,7993,11197,2789,10132,17896,17262,16453,,
416169,L-GAW,light,Arabika Gayo Wine,B10,2,collecting,55,16766,2827,2805,7993,11195,2787,10125,17904,17269,16447,,
417169,L-GAW,light,Arabika Gayo Wine,B10,2,collecting,56,16754,2826,2807,7992,11179,2787,10106,17897,17267,16428,,
418169,L-GAW,light,Arabika Gayo Wine,B10,2,collecting,57,16717,2826,2807,7992,11152,2788,10073,17871,17251,16402,,
419169,L-GAW,light,Arabika Gayo Wine,B10,2,collecting,58,16678,2829,2811,7992,11128,2787,10048,17843,17225,16384,,
420169,L-GAW,light,Arabika Gayo Wine,B10,2,collecting,59,16639,2827,2806,7992,11109,2788,10032,17815,17198,16373,,
421169,L-GAW,light,Arabika Gayo Wine,B10,2,collecting,60,16635,2828,2809,7991,11122,2788,10054,17816,17180,16408,,
422169,L-GAW,light,Arabika Gayo Wine,B10,2,collecting,61,16673,2826,2805,7991,11149,2788,10098,17853,17192,16430,,
423170,L-GAW,light,Arabika Gayo Wine,B10,2,collecting,62,16709,2826,2809,7991,11163,2787,10115,17885,17215,16432,,
424169,L-GAW,light,Arabika Gayo Wine,B10,2,collecting,63,16709,2828,2811,7990,11150,2789,10094,17886,17226,16411,,
425169,L-GAW,light,Arabika Gayo Wine,B10,2,collecting,64,16680,2826,2808,7990,11126,2788,10061,17862,17216,16389,,
426169,L-GAW,light,Arabika Gayo Wine,B10,2,collecting,65,16656,2826,2806,7989,11114,2788,10047,17842,17195,16391,,
427169,L-GAW,light,Arabika Gayo Wine,B10,2,collecting,66,16671,2825,2805,7989,11134,2787,10075,17854,17189,16428,,
428169,L-GAW,light,Arabika Gayo Wine,B10,2,collecting,67,16733,2826,2806,7989,11176,2788,10128,17901,17210,16469,,
429169,L-GAW,light,Arabika Gayo Wine,B10,2,collecting,68,16800,2827,2807,7989,11207,2788,10160,17954,17249,16488,,
430170,L-GAW,light,Arabika Gayo Wine,B10,2,collecting,69,16835,2826,2805,7988,11211,2789,10154,17979,17281,16481,,
431169,L-GAW,light,Arabika Gayo Wine,B10,2,collecting,70,16838,2827,2808,7988,11203,2789,10129,17978,17291,16473,,
432169,L-GAW,light,Arabika Gayo Wine,B10,2,collecting,71,16844,2827,2808,7988,11203,2789,10125,17978,17291,16480,,
433169,L-GAW,light,Arabika Gayo Wine,B10,2,collecting,72,16850,2827,2808,7987,11200,2789,10121,17980,17293,16474,,
434169,L-GAW,light,Arabika Gayo Wine,B10,2,collecting,73,16844,2827,2805,7986,11191,2787,10108,17975,17289,16466,,
435169,L-GAW,light,Arabika Gayo Wine,B10,2,collecting,74,16832,2827,2808,7986,11178,2789,10095,17965,17282,16452,,
436169,L-GAW,light,Arabika Gayo Wine,B10,2,collecting,75,16807,2828,2811,7986,11158,2789,10077,17945,17268,16434,,
437169,L-GAW,light,Arabika Gayo Wine,B10,2,collecting,76,16776,2827,2808,7985,11138,2788,10058,17922,17248,16418,,
438169,L-GAW,light,Arabika Gayo Wine,B10,2,collecting,77,16744,2827,2809,7985,11121,2789,10044,17900,17226,16406,,
439170,L-GAW,light,Arabika Gayo Wine,B10,2,collecting,78,16727,2827,2809,7985,11116,2787,10049,17888,17208,16410,,
440169,L-GAW,light,Arabika Gayo Wine,B10,2,collecting,79,16723,2828,2808,7985,11116,2789,10056,17891,17200,16409,,
441169,L-GAW,light,Arabika Gayo Wine,B10,2,collecting,80,16716,2826,2808,7984,11113,2789,10053,17890,17196,16407,,
442169,L-GAW,light,Arabika Gayo Wine,B10,2,collecting,81,16713,2829,2805,7984,11113,2789,10056,17893,17193,16411,,
443169,L-GAW,light,Arabika Gayo Wine,B10,2,collecting,82,16712,2826,2809,7984,11111,2788,10058,17895,17192,16407,,
444169,L-GAW,light,Arabika Gayo Wine,B10,2,collecting,83,16701,2828,2804,7984,11102,2789,10047,17889,17189,16395,,
445169,L-GAW,light,Arabika Gayo Wine,B10,2,collecting,84,16685,2827,2806,7983,11094,2788,10039,17878,17179,16390,,
446170,L-GAW,light,Arabika Gayo Wine,B10,2,collecting,85,16679,2827,2809,7983,11093,2789,10041,17874,17171,16394,,
447169,L-GAW,light,Arabika Gayo Wine,B10,2,collecting,86,16686,2827,2805,7983,11099,2789,10050,17879,17170,16401,,
448169,L-GAW,light,Arabika Gayo Wine,B10,2,collecting,87,16694,2826,2806,7982,11101,2789,10053,17886,17173,16399,,
449169,L-GAW,light,Arabika Gayo Wine,B10,2,collecting,88,16687,2827,2805,7982,11093,2789,10041,17883,17173,16386,,
450169,L-GAW,light,Arabika Gayo Wine,B10,2,collecting,89,16668,2829,2807,7982,11080,2789,10025,17870,17164,16374,,
451169,L-GAW,light,Arabika Gayo Wine,B10,2,collecting,90,16645,2824,2811,7982,11066,2787,10011,17854,17151,16362,,
452169,L-GAW,light,Arabika Gayo Wine,B10,2,collecting,91,16617,2825,2807,7982,11050,2789,9997,17835,17135,16344,,
453169,L-GAW,light,Arabika Gayo Wine,B10,2,collecting,92,16584,2825,2810,7981,11034,2788,9983,17813,17115,16333,,
454169,L-GAW,light,Arabika Gayo Wine,B10,2,collecting,93,16565,2824,2811,7981,11033,2788,9990,17803,17098,16337,,
455170,L-GAW,light,Arabika Gayo Wine,B10,2,collecting,94,16562,2829,2809,7980,11036,2789,10000,17803,17091,16337,,
456169,L-GAW,light,Arabika Gayo Wine,B10,2,collecting,95,16551,2826,2808,7981,11031,2788,9998,17801,17088,16329,,
457169,L-GAW,light,Arabika Gayo Wine,B10,2,collecting,96,16533,2826,2807,7980,11024,2789,9993,17790,17081,16320,,
458169,L-GAW,light,Arabika Gayo Wine,B10,2,collecting,97,16506,2823,2811,7981,11013,2789,9981,17774,17070,16305,,
459169,L-GAW,light,Arabika Gayo Wine,B10,2,collecting,98,16474,2823,2809,7981,10999,2788,9968,17754,17054,16290,,
460169,L-GAW,light,Arabika Gayo Wine,B10,2,collecting,99,16429,2825,2807,7981,10975,2789,9945,17726,17033,16260,,
461169,L-GAW,light,Arabika Gayo Wine,B10,2,collecting,100,16365,2825,2808,7981,10941,2788,9911,17685,17002,16224,,
462170,L-GAW,light,Arabika Gayo Wine,B10,2,collecting,101,16292,2826,2809,7981,10906,2788,9880,17638,16961,16192,,
463169,L-GAW,light,Arabika Gayo Wine,B10,2,collecting,102,16218,2824,2806,7980,10872,2789,9855,17592,16917,16164,,
464169,L-GAW,light,Arabika Gayo Wine,B10,2,collecting,103,16176,2825,2806,7980,10869,2784,9866,17568,16880,16182,,
465169,L-GAW,light,Arabika Gayo Wine,B10,2,collecting,104,16205,2827,2806,7980,10898,2786,9915,17594,16874,16217,,
466169,L-GAW,light,Arabika Gayo Wine,B10,2,collecting,105,16265,2826,2807,7980,10932,2788,9957,17640,16896,16245,,
467169,L-GAW,light,Arabika Gayo Wine,B10,2,collecting,106,16323,2825,2807,7979,10955,2787,9976,17682,16928,16259,,
468169,L-GAW,light,Arabika Gayo Wine,B10,2,collecting,107,16354,2826,2809,7979,10959,2786,9971,17703,16953,16252,,
469169,L-GAW,light,Arabika Gayo Wine,B10,2,collecting,108,16348,2828,2808,7978,10944,2787,9943,17694,16959,16230,,
470169,L-GAW,light,Arabika Gayo Wine,B10,2,collecting,109,16319,2825,2805,7978,10920,2788,9913,17668,16947,16206,,
471170,L-GAW,light,Arabika Gayo Wine,B10,2,collecting,110,16271,2825,2807,7978,10888,2788,9881,17632,16922,16172,,
472169,L-GAW,light,Arabika Gayo Wine,B10,2,collecting,111,16201,2825,2807,7978,10851,2787,9844,17583,16885,16136,,
473169,L-GAW,light,Arabika Gayo Wine,B10,2,collecting,112,16131,2827,2808,7977,10820,2788,9820,17538,16843,16112,,
474169,L-GAW,light,Arabika Gayo Wine,B10,2,collecting,113,16080,2827,2808,7977,10808,2788,9818,17507,16806,16109,,
475169,L-GAW,light,Arabika Gayo Wine,B10,2,collecting,114,16076,2829,2808,7977,10820,2788,9845,17509,16787,16131,,
476169,L-GAW,light,Arabika Gayo Wine,B10,2,collecting,115,16110,2825,2806,7976,10843,2788,9882,17538,16794,16149,,
477169,L-GAW,light,Arabika Gayo Wine,B10,2,collecting,116,16131,2824,2809,7976,10847,2788,9885,17556,16809,16139,,
478170,L-GAW,light,Arabika Gayo Wine,B10,2,collecting,117,16127,2827,2804,7976,10844,2789,9878,17553,16812,16141,,
479169,L-GAW,light,Arabika Gayo Wine,B10,2,collecting,118,16152,2824,2807,7976,10866,2788,9901,17569,16817,16175,,
480169,L-GAW,light,Arabika Gayo Wine,B10,2,collecting,119,16204,2826,2805,7976,10902,2788,9942,17609,16841,16209,,
481169,L-GAW,light,Arabika Gayo Wine,B10,2,collecting,120,16236,2827,2808,7975,10933,2789,9972,17637,16873,16228,,
482172,L-GAW,light,Arabika Gayo Wine,B10,3,purging,1,16272,2825,2805,7976,10976,2789,10018,17662,16902,16269,,
483168,L-GAW,light,Arabika Gayo Wine,B10,3,purging,2,16310,2825,2808,7975,11010,2789,10053,17694,16939,16274,,
484169,L-GAW,light,Arabika Gayo Wine,B10,3,purging,3,16257,2827,2810,7975,10982,2788,10005,17664,16950,16199,,
485169,L-GAW,light,Arabika Gayo Wine,B10,3,purging,4,16123,2827,2810,7975,10906,2789,9908,17572,16909,16108,,
486168,L-GAW,light,Arabika Gayo Wine,B10,3,purging,5,15934,2827,2807,7976,10809,2789,9805,17448,16826,16012,,
487170,L-GAW,light,Arabika Gayo Wine,B10,3,purging,6,15709,2825,2809,7976,10707,2789,9712,17311,16716,15917,,
488169,L-GAW,light,Arabika Gayo Wine,B10,3,purging,7,15458,2825,2809,7977,10609,2787,9634,17173,16596,15829,,
489169,L-GAW,light,Arabika Gayo Wine,B10,3,purging,8,15189,2828,2806,7977,10520,2788,9572,17043,16471,15747,,
490169,L-GAW,light,Arabika Gayo Wine,B10,3,purging,9,14909,2825,2808,7977,10440,2788,9522,16920,16350,15673,,
491169,L-GAW,light,Arabika Gayo Wine,B10,3,purging,10,14623,2823,2811,7977,10368,2788,9482,16808,16233,15605,,
492169,L-GAW,light,Arabika Gayo Wine,B10,3,purging,11,14336,2823,2807,7977,10304,2787,9448,16705,16122,15543,,
493169,L-GAW,light,Arabika Gayo Wine,B10,3,purging,12,14052,2823,2806,7977,10249,2788,9423,16611,16018,15488,,
494170,L-GAW,light,Arabika Gayo Wine,B10,3,purging,13,13775,2821,2806,7977,10201,2787,9402,16525,15922,15437,,
495169,L-GAW,light,Arabika Gayo Wine,B10,3,purging,14,13509,2824,2806,7977,10158,2788,9385,16447,15832,15391,,
496169,L-GAW,light,Arabika Gayo Wine,B10,3,purging,15,13254,2821,2808,7977,10123,2787,9371,16374,15749,15349,,
497169,L-GAW,light,Arabika Gayo Wine,B10,3,purging,16,13015,2822,2807,7977,10091,2788,9360,16307,15672,15309,,
498169,L-GAW,light,Arabika Gayo Wine,B10,3,purging,17,12791,2819,2807,7976,10063,2787,9348,16244,15601,15273,,
499169,L-GAW,light,Arabika Gayo Wine,B10,3,purging,18,12582,2821,2805,7976,10039,2788,9340,16187,15536,15239,,
500169,L-GAW,light,Arabika Gayo Wine,B10,3,purging,19,12392,2820,2806,7977,10017,2788,9334,16132,15474,15206,,
501169,L-GAW,light,Arabika Gayo Wine,B10,3,purging,20,12217,2818,2809,7976,9998,2788,9327,16081,15416,15176,,
502169,L-GAW,light,Arabika Gayo Wine,B10,3,purging,21,12059,2817,2807,7977,9980,2788,9321,16032,15363,15147,,
503170,L-GAW,light,Arabika Gayo Wine,B10,3,purging,22,11915,2819,2807,7976,9965,2786,9314,15986,15313,15119,,
504169,L-GAW,light,Arabika Gayo Wine,B10,3,purging,23,11787,2821,2806,7976,9951,2788,9308,15942,15266,15093,,
505169,L-GAW,light,Arabika Gayo Wine,B10,3,purging,24,11670,2817,2807,7976,9938,2788,9304,15900,15222,15069,,
506169,L-GAW,light,Arabika Gayo Wine,B10,3,purging,25,11565,2818,2807,7976,9926,2788,9301,15860,15180,15045,,
507169,L-GAW,light,Arabika Gayo Wine,B10,3,purging,26,11471,2821,2809,7976,9914,2786,9296,15822,15141,15022,,
508169,L-GAW,light,Arabika Gayo Wine,B10,3,purging,27,11387,2817,2805,7976,9903,2788,9292,15785,15104,15000,,
509169,L-GAW,light,Arabika Gayo Wine,B10,3,purging,28,11310,2817,2808,7975,9893,2788,9288,15750,15068,14979,,
510170,L-GAW,light,Arabika Gayo Wine,B10,3,purging,29,11242,2818,2807,7975,9883,2788,9283,15716,15035,14959,,
511169,L-GAW,light,Arabika Gayo Wine,B10,3,purging,30,11180,2817,2806,7975,9875,2790,9280,15684,15003,14940,,
512169,L-GAW,light,Arabika Gayo Wine,B10,3,purging,31,11124,2818,2808,7975,9867,2787,9277,15652,14973,14921,,
513169,L-GAW,light,Arabika Gayo Wine,B10,3,purging,32,11073,2816,2806,7975,9859,2787,9273,15622,14944,14903,,
514169,L-GAW,light,Arabika Gayo Wine,B10,3,purging,33,11027,2818,2808,7975,9852,2788,9269,15592,14916,14886,,
515169,L-GAW,light,Arabika Gayo Wine,B10,3,purging,34,10985,2817,2810,7975,9845,2788,9266,15564,14890,14870,,
516169,L-GAW,light,Arabika Gayo Wine,B10,3,purging,35,10946,2818,2807,7975,9839,2788,9263,15537,14865,14853,,
517169,L-GAW,light,Arabika Gayo Wine,B10,3,purging,36,10912,2817,2805,7974,9832,2788,9262,15510,14841,14838,,
518169,L-GAW,light,Arabika Gayo Wine,B10,3,purging,37,10880,2816,2807,7974,9826,2788,9259,15484,14818,14822,,
519170,L-GAW,light,Arabika Gayo Wine,B10,3,purging,38,10850,2819,2807,7975,9820,2787,9254,15458,14796,14807,,
520169,L-GAW,light,Arabika Gayo Wine,B10,3,purging,39,10822,2816,2807,7974,9814,2788,9250,15434,14775,14793,,
521169,L-GAW,light,Arabika Gayo Wine,B10,3,purging,40,10797,2816,2807,7974,9809,2786,9249,15410,14755,14779,,
522169,L-GAW,light,Arabika Gayo Wine,B10,3,purging,41,10773,2816,2805,7974,9803,2787,9246,15387,14736,14765,,
523169,L-GAW,light,Arabika Gayo Wine,B10,3,purging,42,10751,2816,2806,7973,9798,2788,9244,15364,14716,14752,,
524169,L-GAW,light,Arabika Gayo Wine,B10,3,purging,43,10730,2816,2809,7973,9793,2787,9241,15342,14698,14740,,
525169,L-GAW,light,Arabika Gayo Wine,B10,3,purging,44,10710,2818,2808,7973,9789,2788,9241,15321,14680,14729,,
526170,L-GAW,light,Arabika Gayo Wine,B10,3,purging,45,10692,2816,2807,7973,9786,2788,9239,15300,14664,14717,,
527169,L-GAW,light,Arabika Gayo Wine,B10,3,purging,46,10674,2818,2811,7973,9784,2788,9238,15281,14649,14708,,
528169,L-GAW,light,Arabika Gayo Wine,B10,3,purging,47,10658,2819,2808,7973,9787,2788,9242,15263,14638,14702,,
529169,L-GAW,light,Arabika Gayo Wine,B10,3,purging,48,10642,2817,2810,7974,9790,2786,9247,15245,14629,14694,,
530169,L-GAW,light,Arabika Gayo Wine,B10,3,purging,49,10627,2815,2807,7974,9789,2788,9247,15227,14618,14683,,
531169,L-GAW,light,Arabika Gayo Wine,B10,3,purging,50,10612,2816,2810,7974,9787,2788,9247,15208,14606,14674,,
532169,L-GAW,light,Arabika Gayo Wine,B10,3,purging,51,10599,2815,2805,7973,9785,2786,9247,15191,14595,14665,,
533169,L-GAW,light,Arabika Gayo Wine,B10,3,purging,52,10586,2817,2808,7974,9784,2788,9247,15173,14584,14657,,
534169,L-GAW,light,Arabika Gayo Wine,B10,3,purging,53,10574,2821,2807,7973,9783,2787,9247,15157,14572,14649,,
535170,L-GAW,light,Arabika Gayo Wine,B10,3,purging,54,10562,2815,2810,7973,9781,2788,9246,15141,14562,14641,,
536169,L-GAW,light,Arabika Gayo Wine,B10,3,purging,55,10551,2817,2805,7973,9781,2788,9247,15125,14552,14635,,
537169,L-GAW,light,Arabika Gayo Wine,B10,3,purging,56,10539,2818,2804,7973,9782,2787,9248,15109,14544,14628,,
538169,L-GAW,light,Arabika Gayo Wine,B10,3,purging,57,10529,2817,2807,7973,9782,2788,9249,15094,14535,14621,,
539169,L-GAW,light,Arabika Gayo Wine,B10,3,purging,58,10519,2816,2807,7974,9782,2788,9250,15079,14528,14615,,
540169,L-GAW,light,Arabika Gayo Wine,B10,3,purging,59,10509,2818,2808,7973,9782,2788,9253,15065,14520,14608,,
541169,L-GAW,light,Arabika Gayo Wine,B10,3,purging,60,10499,2815,2805,7973,9782,2787,9254,15050,14512,14601,,
542170,L-GAW,light,Arabika Gayo Wine,B10,3,purging,61,10490,2818,2804,7973,9781,2789,9254,15035,14504,14594,,
543169,L-GAW,light,Arabika Gayo Wine,B10,3,purging,62,10481,2816,2805,7973,9779,2787,9253,15021,14496,14587,,
544169,L-GAW,light,Arabika Gayo Wine,B10,3,purging,63,10473,2815,2805,7973,9777,2788,9252,15007,14487,14580,,
545169,L-GAW,light,Arabika Gayo Wine,B10,3,purging,64,10465,2816,2805,7972,9775,2787,9250,14992,14479,14573,,
546169,L-GAW,light,Arabika Gayo Wine,B10,3,purging,65,10457,2815,2808,7972,9773,2786,9249,14978,14471,14566,,
547169,L-GAW,light,Arabika Gayo Wine,B10,3,purging,66,10450,2814,2806,7972,9771,2788,9247,14963,14462,14559,,
548169,L-GAW,light,Arabika Gayo Wine,B10,3,purging,67,10442,2813,2806,7972,9767,2787,9245,14950,14453,14552,,
549169,L-GAW,light,Arabika Gayo Wine,B10,3,purging,68,10435,2817,2807,7972,9763,2788,9244,14936,14444,14545,,
550169,L-GAW,light,Arabika Gayo Wine,B10,3,purging,69,10429,2816,2810,7971,9760,2788,9240,14922,14435,14537,,
551170,L-GAW,light,Arabika Gayo Wine,B10,3,purging,70,10424,2816,2810,7971,9756,2788,9236,14908,14426,14529,,
552169,L-GAW,light,Arabika Gayo Wine,B10,3,purging,71,10419,2816,2805,7971,9751,2788,9232,14894,14417,14521,,
553169,L-GAW,light,Arabika Gayo Wine,B10,3,purging,72,10414,2818,2808,7971,9747,2788,9230,14881,14407,14514,,
554169,L-GAW,light,Arabika Gayo Wine,B10,3,purging,73,10409,2815,2809,7971,9743,2788,9229,14868,14399,14508,,
555169,L-GAW,light,Arabika Gayo Wine,B10,3,purging,74,10404,2816,2808,7971,9740,2788,9228,14856,14390,14501,,
556169,L-GAW,light,Arabika Gayo Wine,B10,3,purging,75,10399,2816,2809,7970,9736,2788,9226,14843,14382,14495,,
557169,L-GAW,light,Arabika Gayo Wine,B10,3,purging,76,10395,2815,2808,7970,9734,2788,9224,14831,14374,14489,,
558170,L-GAW,light,Arabika Gayo Wine,B10,3,purging,77,10390,2816,2807,7970,9730,2786,9221,14819,14366,14482,,
559169,L-GAW,light,Arabika Gayo Wine,B10,3,purging,78,10385,2816,2805,7970,9727,2787,9218,14807,14358,14476,,
560169,L-GAW,light,Arabika Gayo Wine,B10,3,purging,79,10381,2816,2810,7970,9724,2787,9216,14794,14350,14469,,
561169,L-GAW,light,Arabika Gayo Wine,B10,3,purging,80,10376,2816,2808,7969,9720,2788,9213,14782,14343,14463,,
562169,L-GAW,light,Arabika Gayo Wine,B10,3,purging,81,10371,2818,2805,7969,9716,2788,9211,14771,14335,14457,,
563169,L-GAW,light,Arabika Gayo Wine,B10,3,purging,82,10367,2817,2805,7968,9713,2787,9210,14760,14327,14452,,
564169,L-GAW,light,Arabika Gayo Wine,B10,3,purging,83,10363,2816,2806,7968,9711,2788,9207,14749,14319,14446,,
565169,L-GAW,light,Arabika Gayo Wine,B10,3,purging,84,10358,2821,2806,7968,9709,2788,9206,14738,14313,14441,,
566169,L-GAW,light,Arabika Gayo Wine,B10,3,purging,85,10354,2817,2807,7968,9707,2788,9205,14728,14306,14437,,
567170,L-GAW,light,Arabika Gayo Wine,B10,3,purging,86,10349,2817,2807,7967,9707,2788,9207,14718,14301,14434,,
568169,L-GAW,light,Arabika Gayo Wine,B10,3,purging,87,10345,2818,2807,7967,9708,2787,9209,14710,14296,14432,,
569169,L-GAW,light,Arabika Gayo Wine,B10,3,purging,88,10341,2820,2806,7968,9708,2788,9213,14701,14291,14428,,
570169,L-GAW,light,Arabika Gayo Wine,B10,3,purging,89,10336,2818,2806,7967,9710,2790,9214,14692,14287,14425,,
571169,L-GAW,light,Arabika Gayo Wine,B10,3,purging,90,10332,2816,2807,7967,9710,2788,9217,14683,14283,14421,,
572169,L-GAW,light,Arabika Gayo Wine,B10,3,purging,91,10327,2818,2807,7966,9710,2787,9217,14673,14279,14417,,
573169,L-GAW,light,Arabika Gayo Wine,B10,3,purging,92,10323,2815,2805,7967,9709,2787,9217,14663,14274,14412,,
574170,L-GAW,light,Arabika Gayo Wine,B10,3,purging,93,10319,2818,2807,7966,9709,2788,9216,14654,14270,14409,,
575169,L-GAW,light,Arabika Gayo Wine,B10,3,purging,94,10317,2817,2806,7966,9707,2788,9214,14644,14265,14405,,
576169,L-GAW,light,Arabika Gayo Wine,B10,3,purging,95,10313,2817,2806,7966,9707,2787,9214,14635,14262,14401,,
577169,L-GAW,light,Arabika Gayo Wine,B10,3,purging,96,10310,2818,2806,7966,9706,2790,9213,14626,14257,14397,,
578169,L-GAW,light,Arabika Gayo Wine,B10,3,purging,97,10307,2816,2808,7966,9704,2786,9212,14617,14253,14393,,
579169,L-GAW,light,Arabika Gayo Wine,B10,3,purging,98,10304,2818,2807,7966,9703,2788,9211,14608,14249,14390,,
580169,L-GAW,light,Arabika Gayo Wine,B10,3,purging,99,10301,2817,2808,7966,9702,2788,9211,14599,14245,14385,,
581169,L-GAW,light,Arabika Gayo Wine,B10,3,purging,100,10298,2815,2807,7966,9701,2788,9211,14590,14240,14381,,
582169,L-GAW,light,Arabika Gayo Wine,B10,3,purging,101,10296,2816,2806,7965,9700,2787,9211,14581,14236,14378,,
583170,L-GAW,light,Arabika Gayo Wine,B10,3,purging,102,10294,2818,2808,7966,9700,2788,9210,14572,14233,14375,,
584169,L-GAW,light,Arabika Gayo Wine,B10,3,purging,103,10291,2819,2808,7966,9698,2788,9210,14564,14230,14371,,
585169,L-GAW,light,Arabika Gayo Wine,B10,3,purging,104,10289,2815,2807,7965,9697,2788,9208,14555,14227,14369,,
586169,L-GAW,light,Arabika Gayo Wine,B10,3,purging,105,10287,2817,2809,7965,9696,2787,9208,14547,14223,14366,,
587169,L-GAW,light,Arabika Gayo Wine,B10,3,purging,106,10285,2816,2806,7965,9696,2788,9208,14539,14220,14362,,
588169,L-GAW,light,Arabika Gayo Wine,B10,3,purging,107,10284,2815,2810,7965,9696,2788,9209,14532,14216,14370,,
589169,L-GAW,light,Arabika Gayo Wine,B10,3,purging,108,10278,2816,2806,7965,9708,2788,9228,14539,14217,14397,,
590170,L-GAW,light,Arabika Gayo Wine,B10,3,purging,109,10268,2816,2807,7965,9731,2788,9261,14550,14224,14407,,
591169,L-GAW,light,Arabika Gayo Wine,B10,3,purging,110,10256,2815,2806,7966,9760,2788,9290,14553,14236,14423,,
592169,L-GAW,light,Arabika Gayo Wine,B10,3,purging,111,10242,2817,2805,7967,9788,2788,9319,14560,14249,14450,,
593169,L-GAW,light,Arabika Gayo Wine,B10,3,purging,112,10225,2816,2809,7968,9821,2788,9359,14575,14265,14466,,
594169,L-GAW,light,Arabika Gayo Wine,B10,3,purging,113,10207,2817,2805,7969,9847,2787,9387,14576,14277,14468,,
595169,L-GAW,light,Arabika Gayo Wine,B10,3,purging,114,10192,2817,2805,7968,9861,2788,9397,14567,14284,14459,,
596169,L-GAW,light,Arabika Gayo Wine,B10,3,purging,115,10183,2816,2806,7969,9869,2789,9398,14554,14289,14455,,
597169,L-GAW,light,Arabika Gayo Wine,B10,3,purging,116,10177,2816,2807,7970,9872,2788,9394,14541,14293,14447,,
598169,L-GAW,light,Arabika Gayo Wine,B10,3,purging,117,10175,2816,2806,7971,9868,2787,9383,14526,14292,14443,,
599170,L-GAW,light,Arabika Gayo Wine,B10,3,purging,118,10173,2816,2808,7971,9862,2788,9374,14516,14290,14434,,
600169,L-GAW,light,Arabika Gayo Wine,B10,3,purging,119,10173,2816,2807,7971,9852,2788,9361,14500,14286,14422,,
601169,L-GAW,light,Arabika Gayo Wine,B10,3,purging,120,10176,2818,2806,7971,9839,2786,9344,14485,14280,14412,,
602172,L-GAW,light,Arabika Gayo Wine,B10,3,collecting,1,10180,2817,2809,7972,9832,2787,9333,14472,14276,14411,,
603169,L-GAW,light,Arabika Gayo Wine,B10,3,collecting,2,10184,2816,2807,7973,9830,2790,9331,14467,14276,14420,,
604169,L-GAW,light,Arabika Gayo Wine,B10,3,collecting,3,10188,2817,2806,7974,9837,2787,9339,14469,14278,14431,,
605169,L-GAW,light,Arabika Gayo Wine,B10,3,collecting,4,10484,2815,2810,7974,9909,2788,9409,14531,14299,14556,,
606170,L-GAW,light,Arabika Gayo Wine,B10,3,collecting,5,11470,2818,2807,7973,10116,2787,9611,14798,14442,14822,,
607169,L-GAW,light,Arabika Gayo Wine,B10,3,collecting,6,12810,2821,2805,7974,10391,2789,9854,15267,14759,15122,,
608169,L-GAW,light,Arabika Gayo Wine,B10,3,collecting,7,14021,2824,2807,7974,10647,2786,10059,15821,15193,15409,,
609169,L-GAW,light,Arabika Gayo Wine,B10,3,collecting,8,14911,2826,2809,7973,10843,2788,10187,16328,15644,15629,,
610169,L-GAW,light,Arabika Gayo Wine,B10,3,collecting,9,15503,2828,2808,7973,10985,2788,10261,16712,16033,15785,,
611169,L-GAW,light,Arabika Gayo Wine,B10,3,collecting,10,15840,2824,2807,7973,11057,2789,10266,16950,16322,15850,,
612169,L-GAW,light,Arabika Gayo Wine,B10,3,collecting,11,16029,2826,2809,7973,11091,2789,10241,17073,16503,15900,,
613169,L-GAW,light,Arabika Gayo Wine,B10,3,collecting,12,16177,2825,2806,7973,11121,2788,10237,17168,16624,15954,,
614169,L-GAW,light,Arabika Gayo Wine,B10,3,collecting,13,16277,2825,2806,7972,11119,2788,10202,17234,16714,15947,,
615170,L-GAW,light,Arabika Gayo Wine,B10,3,collecting,14,16292,2825,2807,7972,11083,2789,10131,17235,16755,15927,,
616169,L-GAW,light,Arabika Gayo Wine,B10,3,collecting,15,16292,2828,2807,7972,11056,2788,10089,17226,16763,15932,,
617169,L-GAW,light,Arabika Gayo Wine,B10,3,collecting,16,16302,2824,2807,7972,11040,2788,10069,17234,16766,15944,,
618169,L-GAW,light,Arabika Gayo Wine,B10,3,collecting,17,16315,2825,2809,7971,11026,2788,10056,17251,16776,15948,,
619169,L-GAW,light,Arabika Gayo Wine,B10,3,collecting,18,16313,2826,2806,7970,11004,2787,10028,17258,16782,15943,,
620169,L-GAW,light,Arabika Gayo Wine,B10,3,collecting,19,16305,2827,2807,7970,10984,2787,10007,17262,16781,15941,,
621169,L-GAW,light,Arabika Gayo Wine,B10,3,collecting,20,16281,2825,2808,7969,10955,2787,9974,17255,16775,15926,,
622170,L-GAW,light,Arabika Gayo Wine,B10,3,collecting,21,16253,2825,2807,7969,10933,2789,9952,17244,16761,15926,,
623169,L-GAW,light,Arabika Gayo Wine,B10,3,collecting,22,16241,2825,2811,7969,10924,2788,9949,17247,16751,15942,,
624169,L-GAW,light,Arabika Gayo Wine,B10,3,collecting,23,16265,2825,2806,7968,10938,2789,9971,17278,16756,15981,,
625169,L-GAW,light,Arabika Gayo Wine,B10,3,collecting,24,16324,2826,2806,7968,10971,2788,10014,17339,16784,16032,,
626169,L-GAW,light,Arabika Gayo Wine,B10,3,collecting,25,16400,2826,2810,7967,11003,2788,10046,17412,16831,16068,,
627169,L-GAW,light,Arabika Gayo Wine,B10,3,collecting,26,16456,2825,2809,7967,11019,2789,10051,17469,16878,16083,,
628169,L-GAW,light,Arabika Gayo Wine,B10,3,collecting,27,16482,2827,2807,7966,11016,2789,10032,17496,16908,16084,,
629169,L-GAW,light,Arabika Gayo Wine,B10,3,collecting,28,16493,2824,2808,7966,11010,2788,10016,17508,16922,16089,,
630169,L-GAW,light,Arabika Gayo Wine,B10,3,collecting,29,16497,2825,2806,7965,11004,2788,10001,17515,16928,16091,,
631170,L-GAW,light,Arabika Gayo Wine,B10,3,collecting,30,16502,2826,2807,7965,10999,2788,9992,17525,16931,16099,,
632169,L-GAW,light,Arabika Gayo Wine,B10,3,collecting,31,16516,2828,2807,7965,11005,2789,10001,17540,16936,16118,,
633169,L-GAW,light,Arabika Gayo Wine,B10,3,collecting,32,16538,2827,2807,7964,11011,2788,10008,17563,16949,16127,,
634169,L-GAW,light,Arabika Gayo Wine,B10,3,collecting,33,16541,2824,2807,7964,11001,2789,9992,17572,16958,16114,,
635169,L-GAW,light,Arabika Gayo Wine,B10,3,collecting,34,16521,2824,2808,7963,10984,2789,9969,17561,16953,16106,,
636169,L-GAW,light,Arabika Gayo Wine,B10,3,collecting,35,16502,2827,2805,7963,10972,2788,9955,17551,16942,16101,,
637169,L-GAW,light,Arabika Gayo Wine,B10,3,collecting,36,16484,2825,2811,7962,10961,2789,9950,17542,16931,16100,,
638170,L-GAW,light,Arabika Gayo Wine,B10,3,collecting,37,16481,2826,2807,7962,10961,2789,9956,17546,16923,16110,,
639169,L-GAW,light,Arabika Gayo Wine,B10,3,collecting,38,16480,2824,2808,7961,10959,2788,9958,17553,16923,16109,,
640169,L-GAW,light,Arabika Gayo Wine,B10,3,collecting,39,16473,2825,2806,7960,10953,2788,9953,17555,16921,16111,,
641169,L-GAW,light,Arabika Gayo Wine,B10,3,collecting,40,16477,2825,2806,7960,10957,2789,9962,17565,16920,16126,,
642169,L-GAW,light,Arabika Gayo Wine,B10,3,collecting,41,16496,2826,2807,7960,10968,2789,9974,17586,16927,16140,,
643169,L-GAW,light,Arabika Gayo Wine,B10,3,collecting,42,16507,2827,2808,7959,10968,2789,9969,17600,16939,16135,,
644169,L-GAW,light,Arabika Gayo Wine,B10,3,collecting,43,16490,2827,2806,7959,10949,2788,9942,17592,16939,16111,,
645169,L-GAW,light,Arabika Gayo Wine,B10,3,collecting,44,16439,2825,2806,7959,10914,2791,9900,17556,16920,16076,,
646169,L-GAW,light,Arabika Gayo Wine,B10,3,collecting,45,16386,2825,2808,7958,10892,2789,9881,17519,16887,16071,,
647170,L-GAW,light,Arabika Gayo Wine,B10,3,collecting,46,16368,2825,2805,7958,10891,2789,9892,17513,16866,16081,,
648169,L-GAW,light,Arabika Gayo Wine,B10,3,collecting,47,16365,2825,2808,7959,10895,2788,9900,17518,16858,16086,,
649169,L-GAW,light,Arabika Gayo Wine,B10,3,collecting,48,16371,2825,2805,7958,10900,2789,9912,17531,16859,16096,,
650169,L-GAW,light,Arabika Gayo Wine,B10,3,collecting,49,16374,2826,2806,7957,10899,2791,9910,17540,16863,16088,,
651169,L-GAW,light,Arabika Gayo Wine,B10,3,collecting,50,16356,2824,2809,7957,10886,2789,9891,17531,16859,16076,,
652169,L-GAW,light,Arabika Gayo Wine,B10,3,collecting,51,16339,2826,2810,7957,10879,2789,9885,17521,16848,16078,,
653169,L-GAW,light,Arabika Gayo Wine,B10,3,collecting,52,16336,2828,2807,7957,10880,2789,9890,17522,16842,16082,,
654170,L-GAW,light,Arabika Gayo Wine,B10,3,collecting,53,16326,2827,2807,7956,10869,2788,9880,17519,16838,16065,,
655169,L-GAW,light,Arabika Gayo Wine,B10,3,collecting,54,16293,2826,2809,7956,10848,2788,9855,17498,16824,16044,,
656169,L-GAW,light,Arabika Gayo Wine,B10,3,collecting,55,16255,2825,2807,7956,10831,2788,9839,17474,16802,16034,,
657169,L-GAW,light,Arabika Gayo Wine,B10,3,collecting,56,16234,2825,2806,7955,10825,2789,9842,17463,16783,16037,,
658169,L-GAW,light,Arabika Gayo Wine,B10,3,collecting,57,16226,2825,2807,7954,10826,2789,9847,17461,16774,16041,,
659169,L-GAW,light,Arabika Gayo Wine,B10,3,collecting,58,16230,2825,2806,7954,10831,2788,9854,17471,16772,16048,,
660169,L-GAW,light,Arabika Gayo Wine,B10,3,collecting,59,16227,2824,2805,7954,10827,2789,9852,17474,16773,16038,,
661169,L-GAW,light,Arabika Gayo Wine,B10,3,collecting,60,16210,2827,2806,7954,10816,2787,9838,17465,16767,16027,,
662169,L-GAW,light,Arabika Gayo Wine,B10,3,collecting,61,16197,2829,2807,7953,10813,2786,9837,17456,16757,16033,,
663170,L-GAW,light,Arabika Gayo Wine,B10,3,collecting,62,16204,2827,2808,7953,10818,2788,9850,17462,16754,16038,,
664169,L-GAW,light,Arabika Gayo Wine,B10,3,collecting,63,16214,2825,2806,7952,10822,2789,9856,17469,16756,16042,,
665169,L-GAW,light,Arabika Gayo Wine,B10,3,collecting,64,16220,2826,2808,7952,10824,2789,9857,17475,16759,16042,,
666169,L-GAW,light,Arabika Gayo Wine,B10,3,collecting,65,16222,2824,2808,7951,10824,2789,9856,17477,16762,16043,,
667169,L-GAW,light,Arabika Gayo Wine,B10,3,collecting,66,16221,2828,2806,7951,10821,2789,9852,17479,16761,16038,,
668169,L-GAW,light,Arabika Gayo Wine,B10,3,collecting,67,16210,2828,2805,7951,10814,2789,9841,17471,16757,16031,,
669169,L-GAW,light,Arabika Gayo Wine,B10,3,collecting,68,16195,2827,2812,7950,10807,2791,9833,17462,16749,16025,,
670170,L-GAW,light,Arabika Gayo Wine,B10,3,collecting,69,16176,2825,2805,7950,10795,2788,9822,17449,16740,16009,,
671169,L-GAW,light,Arabika Gayo Wine,B10,3,collecting,70,16146,2826,2806,7950,10779,2787,9808,17429,16723,15997,,
672169,L-GAW,light,Arabika Gayo Wine,B10,3,collecting,71,16124,2825,2807,7948,10771,2787,9805,17415,16706,15992,,
673169,L-GAW,light,Arabika Gayo Wine,B10,3,collecting,72,16103,2825,2808,7948,10760,2789,9798,17403,16693,15979,,
674169,L-GAW,light,Arabika Gayo Wine,B10,3,collecting,73,16080,2824,2806,7948,10751,2789,9791,17390,16678,15975,,
675169,L-GAW,light,Arabika Gayo Wine,B10,3,collecting,74,16071,2825,2808,7947,10752,2788,9797,17388,16668,15979,,
676169,L-GAW,light,Arabika Gayo Wine,B10,3,collecting,75,16073,2825,2807,7947,10755,2789,9802,17392,16665,15983,,
677169,L-GAW,light,Arabika Gayo Wine,B10,3,collecting,76,16080,2826,2810,7947,10759,2789,9809,17400,16667,15986,,
678169,L-GAW,light,Arabika Gayo Wine,B10,3,collecting,77,16086,2825,2808,7947,10761,2789,9810,17405,16670,15989,,
679170,L-GAW,light,Arabika Gayo Wine,B10,3,collecting,78,16095,2825,2805,7946,10764,2789,9814,17412,16673,15989,,
680169,L-GAW,light,Arabika Gayo Wine,B10,3,collecting,79,16087,2825,2808,7946,10755,2789,9802,17406,16673,15973,,
681169,L-GAW,light,Arabika Gayo Wine,B10,3,collecting,80,16065,2825,2807,7946,10745,2789,9789,17391,16664,15968,,
682169,L-GAW,light,Arabika Gayo Wine,B10,3,collecting,81,16056,2827,2808,7946,10743,2789,9789,17385,16654,15968,,
683169,L-GAW,light,Arabika Gayo Wine,B10,3,collecting,82,16053,2825,2806,7945,10743,2789,9791,17384,16649,15967,,
684169,L-GAW,light,Arabika Gayo Wine,B10,3,collecting,83,16043,2825,2808,7946,10736,2789,9787,17377,16645,15956,,
685169,L-GAW,light,Arabika Gayo Wine,B10,3,collecting,84,16025,2826,2807,7945,10728,2789,9781,17365,16635,15949,,
686170,L-GAW,light,Arabika Gayo Wine,B10,3,collecting,85,16005,2828,2806,7944,10719,2789,9773,17352,16625,15936,,
687169,L-GAW,light,Arabika Gayo Wine,B10,3,collecting,86,15983,2827,2806,7944,10710,2789,9765,17338,16611,15930,,
688169,L-GAW,light,Arabika Gayo Wine,B10,3,collecting,87,15975,2825,2808,7943,10709,2789,9770,17333,16600,15935,,
689169,L-GAW,light,Arabika Gayo Wine,B10,3,collecting,88,15980,2827,2805,7943,10713,2789,9776,17339,16598,15939,,
690169,L-GAW,light,Arabika Gayo Wine,B10,3,collecting,89,15984,2824,2809,7943,10713,2788,9775,17343,16599,15936,,
691169,L-GAW,light,Arabika Gayo Wine,B10,3,collecting,90,15982,2828,2810,7942,10710,2788,9771,17342,16598,15934,,
692169,L-GAW,light,Arabika Gayo Wine,B10,3,collecting,91,15978,2827,2805,7942,10706,2787,9768,17340,16595,15927,,
693169,L-GAW,light,Arabika Gayo Wine,B10,3,collecting,92,15963,2825,2811,7941,10696,2789,9758,17329,16588,15914,,
694169,L-GAW,light,Arabika Gayo Wine,B10,3,collecting,93,15934,2825,2810,7941,10680,2787,9742,17310,16575,15899,,
695170,L-GAW,light,Arabika Gayo Wine,B10,3,collecting,94,15905,2827,2806,7940,10670,2788,9734,17292,16558,15892,,
696169,L-GAW,light,Arabika Gayo Wine,B10,3,collecting,95,15888,2826,2811,7940,10666,2789,9733,17282,16544,15890,,
697169,L-GAW,light,Arabika Gayo Wine,B10,3,collecting,96,15880,2827,2808,7940,10666,2789,9740,17278,16535,15889,,
698169,L-GAW,light,Arabika Gayo Wine,B10,3,collecting,97,15877,2827,2810,7940,10669,2788,9744,17278,16532,15893,,
699169,L-GAW,light,Arabika Gayo Wine,B10,3,collecting,98,15880,2825,2807,7940,10674,2788,9748,17282,16532,15894,,
700169,L-GAW,light,Arabika Gayo Wine,B10,3,collecting,99,15868,2825,2805,7940,10667,2789,9739,17275,16532,15875,,
701169,L-GAW,light,Arabika Gayo Wine,B10,3,collecting,100,15828,2826,2807,7940,10652,2789,9721,17250,16520,15860,,
702170,L-GAW,light,Arabika Gayo Wine,B10,3,collecting,101,15801,2826,2806,7940,10649,2789,9723,17233,16503,15862,,
703169,L-GAW,light,Arabika Gayo Wine,B10,3,collecting,102,15793,2825,2804,7940,10651,2788,9730,17231,16495,15863,,
704169,L-GAW,light,Arabika Gayo Wine,B10,3,collecting,103,15791,2828,2805,7939,10653,2790,9734,17231,16492,15863,,
705169,L-GAW,light,Arabika Gayo Wine,B10,3,collecting,104,15787,2824,2808,7939,10651,2788,9732,17230,16490,15859,,
706169,L-GAW,light,Arabika Gayo Wine,B10,3,collecting,105,15786,2825,2808,7939,10652,2788,9733,17230,16487,15860,,
707169,L-GAW,light,Arabika Gayo Wine,B10,3,collecting,106,15789,2826,2807,7938,10652,2789,9734,17231,16486,15862,,
708169,L-GAW,light,Arabika Gayo Wine,B10,3,collecting,107,15794,2824,2808,7938,10652,2789,9735,17234,16486,15859,,
709169,L-GAW,light,Arabika Gayo Wine,B10,3,collecting,108,15788,2825,2808,7937,10646,2789,9729,17230,16484,15851,,
710169,L-GAW,light,Arabika Gayo Wine,B10,3,collecting,109,15782,2828,2810,7937,10642,2788,9723,17224,16479,15851,,
711170,L-GAW,light,Arabika Gayo Wine,B10,3,collecting,110,15786,2825,2808,7937,10644,2790,9724,17226,16476,15856,,
712169,L-GAW,light,Arabika Gayo Wine,B10,3,collecting,111,15804,2829,2809,7937,10652,2789,9735,17235,16479,15865,,
713169,L-GAW,light,Arabika Gayo Wine,B10,3,collecting,112,15831,2826,2808,7936,10662,2789,9748,17250,16488,15877,,
714169,L-GAW,light,Arabika Gayo Wine,B10,3,collecting,113,15854,2825,2810,7936,10673,2789,9757,17265,16501,15886,,
715169,L-GAW,light,Arabika Gayo Wine,B10,3,collecting,114,15870,2824,2811,7936,10684,2789,9768,17276,16514,15893,,
716169,L-GAW,light,Arabika Gayo Wine,B10,3,collecting,115,15871,2825,2809,7936,10686,2789,9766,17276,16522,15884,,
717169,L-GAW,light,Arabika Gayo Wine,B10,3,collecting,116,15852,2825,2807,7936,10680,2789,9757,17264,16520,15874,,
718170,L-GAW,light,Arabika Gayo Wine,B10,3,collecting,117,15828,2824,2808,7935,10670,2789,9745,17246,16511,15860,,
719169,L-GAW,light,Arabika Gayo Wine,B10,3,collecting,118,15797,2829,2807,7935,10658,2789,9733,17225,16497,15848,,
720169,L-GAW,light,Arabika Gayo Wine,B10,3,collecting,119,15776,2825,2806,7935,10650,2789,9729,17211,16482,15843,,
721169,L-GAW,light,Arabika Gayo Wine,B10,3,collecting,120,15768,2825,2809,7935,10649,2789,9731,17206,16472,15845,,
722172,L-GAW,light,Arabika Gayo Wine,B10,4,purging,1,15763,2825,2806,7935,10642,2791,9727,17203,16467,15834,,
723169,L-GAW,light,Arabika Gayo Wine,B10,4,purging,2,15749,2827,2810,7934,10634,2789,9719,17194,16459,15828,,
724169,L-GAW,light,Arabika Gayo Wine,B10,4,purging,3,15723,2825,2806,7934,10614,2788,9699,17179,16449,15798,,
725169,L-GAW,light,Arabika Gayo Wine,B10,4,purging,4,15631,2823,2811,7933,10563,2789,9645,17122,16419,15733,,
726169,L-GAW,light,Arabika Gayo Wine,B10,4,purging,5,15478,2827,2806,7933,10493,2788,9574,17030,16356,15661,,
727170,L-GAW,light,Arabika Gayo Wine,B10,4,purging,6,15287,2825,2806,7932,10419,2788,9509,16923,16272,15586,,
728169,L-GAW,light,Arabika Gayo Wine,B10,4,purging,7,15068,2828,2808,7933,10346,2787,9454,16812,16175,15516,,
729169,L-GAW,light,Arabika Gayo Wine,B10,4,purging,8,14830,2824,2807,7932,10279,2787,9409,16702,16073,15448,,
730169,L-GAW,light,Arabika Gayo Wine,B10,4,purging,9,14580,2828,2805,7932,10216,2790,9371,16598,15972,15384,,
731169,L-GAW,light,Arabika Gayo Wine,B10,4,purging,10,14325,2821,2810,7932,10158,2788,9338,16499,15871,15324,,
732169,L-GAW,light,Arabika Gayo Wine,B10,4,purging,11,14071,2823,2808,7932,10105,2788,9310,16408,15775,15270,,
733169,L-GAW,light,Arabika Gayo Wine,B10,4,purging,12,13819,2824,2807,7931,10059,2787,9288,16324,15683,15221,,
734170,L-GAW,light,Arabika Gayo Wine,B10,4,purging,13,13573,2823,2811,7931,10020,2787,9270,16247,15598,15176,,
735169,L-GAW,light,Arabika Gayo Wine,B10,4,purging,14,13338,2822,2807,7931,9986,2788,9254,16177,15520,15137,,
736169,L-GAW,light,Arabika Gayo Wine,B10,4,purging,15,13115,2821,2807,7931,9955,2788,9243,16112,15447,15098,,
737169,L-GAW,light,Arabika Gayo Wine,B10,4,purging,16,12905,2825,2807,7931,9931,2790,9234,16052,15380,15068,,
738169,L-GAW,light,Arabika Gayo Wine,B10,4,purging,17,12709,2823,2807,7931,9913,2788,9231,15998,15320,15038,,
739169,L-GAW,light,Arabika Gayo Wine,B10,4,purging,18,12527,2821,2811,7931,9895,2788,9226,15946,15265,15008,,
740169,L-GAW,light,Arabika Gayo Wine,B10,4,purging,19,12359,2822,2806,7931,9879,2788,9221,15897,15211,14981,,
741169,L-GAW,light,Arabika Gayo Wine,B10,4,purging,20,12206,2819,2807,7931,9865,2788,9217,15851,15162,14956,,
742169,L-GAW,light,Arabika Gayo Wine,B10,4,purging,21,12066,2823,2805,7931,9853,2790,9214,15807,15117,14932,,
743170,L-GAW,light,Arabika Gayo Wine,B10,4,purging,22,11939,2822,2809,7930,9842,2788,9212,15765,15075,14909,,
744169,L-GAW,light,Arabika Gayo Wine,B10,4,purging,23,11823,2820,2807,7930,9832,2788,9208,15727,15036,14889,,
745169,L-GAW,light,Arabika Gayo Wine,B10,4,purging,24,11718,2818,2808,7931,9826,2788,9209,15690,15000,14870,,
746169,L-GAW,light,Arabika Gayo Wine,B10,4,purging,25,11622,2817,2807,7930,9820,2788,9209,15656,14967,14853,,
747169,L-GAW,light,Arabika Gayo Wine,B10,4,purging,26,11535,2819,2811,7930,9817,2787,9211,15622,14937,14838,,
748169,L-GAW,light,Arabika Gayo Wine,B10,4,purging,27,11456,2824,2807,7931,9819,2788,9216,15592,14912,14826,,
749169,L-GAW,light,Arabika Gayo Wine,B10,4,purging,28,11384,2822,2807,7932,9820,2788,9221,15563,14889,14811,,
750170,L-GAW,light,Arabika Gayo Wine,B10,4,purging,29,11318,2818,2810,7932,9819,2788,9224,15533,14866,14796,,
751169,L-GAW,light,Arabika Gayo Wine,B10,4,purging,30,11259,2820,2806,7932,9817,2788,9223,15505,14843,14781,,
752169,L-GAW,light,Arabika Gayo Wine,B10,4,purging,31,11204,2818,2808,7931,9812,2788,9222,15476,14820,14767,,
753169,L-GAW,light,Arabika Gayo Wine,B10,4,purging,32,11155,2818,2810,7932,9808,2788,9220,15449,14797,14752,,
754169,L-GAW,light,Arabika Gayo Wine,B10,4,purging,33,11109,2815,2806,7931,9802,2788,9218,15423,14775,14739,,
755169,L-GAW,light,Arabika Gayo Wine,B10,4,purging,34,11068,2819,2810,7931,9796,2788,9215,15397,14752,14724,,
756169,L-GAW,light,Arabika Gayo Wine,B10,4,purging,35,11030,2818,2809,7930,9790,2788,9212,15372,14730,14711,,
757169,L-GAW,light,Arabika Gayo Wine,B10,4,purging,36,10994,2816,2808,7930,9782,2788,9209,15348,14708,14696,,
758169,L-GAW,light,Arabika Gayo Wine,B10,4,purging,37,10961,2818,2806,7929,9772,2788,9204,15323,14684,14680,,
759170,L-GAW,light,Arabika Gayo Wine,B10,4,purging,38,10931,2819,2810,7928,9763,2788,9199,15299,14661,14666,,
760169,L-GAW,light,Arabika Gayo Wine,B10,4,purging,39,10903,2817,2809,7928,9756,2788,9194,15275,14639,14652,,
761169,L-GAW,light,Arabika Gayo Wine,B10,4,purging,40,10877,2818,2808,7928,9751,2788,9191,15253,14620,14640,,
762169,L-GAW,light,Arabika Gayo Wine,B10,4,purging,41,10852,2817,2808,7928,9749,2788,9189,15231,14603,14632,,
763169,L-GAW,light,Arabika Gayo Wine,B10,4,purging,42,10828,2821,2809,7930,9757,2788,9196,15213,14595,14629,,
764169,L-GAW,light,Arabika Gayo Wine,B10,4,purging,43,10807,2817,2811,7931,9764,2790,9204,15196,14590,14621,,
765169,L-GAW,light,Arabika Gayo Wine,B10,4,purging,44,10786,2819,2807,7931,9763,2788,9203,15176,14580,14608,,
766170,L-GAW,light,Arabika Gayo Wine,B10,4,purging,45,10768,2818,2807,7931,9756,2788,9197,15155,14566,14595,,
767169,L-GAW,light,Arabika Gayo Wine,B10,4,purging,46,10749,2818,2808,7929,9749,2788,9190,15135,14550,14583,,
768169,L-GAW,light,Arabika Gayo Wine,B10,4,purging,47,10733,2819,2811,7929,9742,2788,9184,15114,14535,14572,,
769169,L-GAW,light,Arabika Gayo Wine,B10,4,purging,48,10716,2819,2805,7929,9735,2788,9179,15095,14520,14561,,
770169,L-GAW,light,Arabika Gayo Wine,B10,4,purging,49,10701,2818,2810,7928,9728,2790,9175,15076,14505,14551,,
771169,L-GAW,light,Arabika Gayo Wine,B10,4,purging,50,10687,2817,2808,7928,9721,2786,9172,15059,14491,14541,,
772169,L-GAW,light,Arabika Gayo Wine,B10,4,purging,51,10673,2817,2807,7927,9716,2788,9168,15042,14477,14532,,
773169,L-GAW,light,Arabika Gayo Wine,B10,4,purging,52,10658,2818,2808,7927,9712,2788,9165,15025,14464,14523,,
774169,L-GAW,light,Arabika Gayo Wine,B10,4,purging,53,10646,2817,2807,7927,9709,2788,9163,15009,14452,14514,,
775170,L-GAW,light,Arabika Gayo Wine,B10,4,purging,54,10633,2816,2807,7927,9706,2788,9162,14993,14441,14506,,
776169,L-GAW,light,Arabika Gayo Wine,B10,4,purging,55,10621,2818,2810,7927,9701,2788,9161,14977,14429,14497,,
777169,L-GAW,light,Arabika Gayo Wine,B10,4,purging,56,10610,2818,2809,7926,9698,2788,9160,14962,14418,14490,,
778169,L-GAW,light,Arabika Gayo Wine,B10,4,purging,57,10599,2818,2810,7926,9697,2788,9160,14947,14408,14484,,
779169,L-GAW,light,Arabika Gayo Wine,B10,4,purging,58,10589,2818,2807,7926,9697,2788,9161,14933,14401,14478,,
780169,L-GAW,light,Arabika Gayo Wine,B10,4,purging,59,10579,2817,2807,7926,9697,2788,9161,14919,14394,14472,,
781169,L-GAW,light,Arabika Gayo Wine,B10,4,purging,60,10568,2819,2809,7926,9696,2787,9161,14906,14386,14466,,
782170,L-GAW,light,Arabika Gayo Wine,B10,4,purging,61,10559,2817,2810,7926,9693,2788,9159,14893,14377,14458,,
783169,L-GAW,light,Arabika Gayo Wine,B10,4,purging,62,10550,2818,2811,7925,9689,2788,9156,14879,14367,14450,,
784169,L-GAW,light,Arabika Gayo Wine,B10,4,purging,63,10541,2817,2807,7924,9683,2787,9152,14865,14356,14442,,
785169,L-GAW,light,Arabika Gayo Wine,B10,4,purging,64,10533,2818,2809,7923,9677,2788,9150,14851,14344,14435,,
786169,L-GAW,light,Arabika Gayo Wine,B10,4,purging,65,10525,2818,2811,7923,9673,2788,9148,14837,14333,14428,,
787169,L-GAW,light,Arabika Gayo Wine,B10,4,purging,66,10518,2818,2810,7923,9670,2788,9146,14824,14323,14420,,
788169,L-GAW,light,Arabika Gayo Wine,B10,4,purging,67,10511,2816,2807,7922,9664,2788,9143,14811,14313,14413,,
789169,L-GAW,light,Arabika Gayo Wine,B10,4,purging,68,10504,2819,2808,7921,9658,2788,9141,14799,14301,14406,,
790169,L-GAW,light,Arabika Gayo Wine,B10,4,purging,69,10497,2818,2813,7921,9654,2785,9139,14786,14291,14398,,
791170,L-GAW,light,Arabika Gayo Wine,B10,4,purging,70,10491,2815,2808,7920,9650,2790,9137,14773,14281,14392,,
792169,L-GAW,light,Arabika Gayo Wine,B10,4,purging,71,10485,2816,2807,7920,9646,2788,9136,14762,14272,14386,,
793169,L-GAW,light,Arabika Gayo Wine,B10,4,purging,72,10479,2818,2809,7920,9644,2788,9134,14750,14264,14380,,
794169,L-GAW,light,Arabika Gayo Wine,B10,4,purging,73,10473,2818,2809,7920,9640,2788,9133,14739,14255,14373,,
795169,L-GAW,light,Arabika Gayo Wine,B10,4,purging,74,10467,2820,2806,7919,9636,2788,9131,14727,14246,14368,,
796169,L-GAW,light,Arabika Gayo Wine,B10,4,purging,75,10462,2818,2809,7919,9633,2788,9130,14715,14238,14361,,
797169,L-GAW,light,Arabika Gayo Wine,B10,4,purging,76,10457,2817,2808,7918,9633,2788,9130,14704,14231,14357,,
798170,L-GAW,light,Arabika Gayo Wine,B10,4,purging,77,10452,2818,2807,7919,9633,2788,9130,14693,14225,14353,,
799169,L-GAW,light,Arabika Gayo Wine,B10,4,purging,78,10446,2816,2810,7919,9634,2788,9129,14683,14221,14349,,
800169,L-GAW,light,Arabika Gayo Wine,B10,4,purging,79,10441,2816,2809,7919,9637,2788,9132,14674,14218,14346,,
801169,L-GAW,light,Arabika Gayo Wine,B10,4,purging,80,10436,2817,2807,7919,9640,2788,9134,14664,14217,14343,,
802169,L-GAW,light,Arabika Gayo Wine,B10,4,purging,81,10431,2818,2808,7919,9640,2790,9133,14654,14214,14336,,
803169,L-GAW,light,Arabika Gayo Wine,B10,4,purging,82,10427,2818,2805,7919,9634,2789,9129,14643,14207,14330,,
804169,L-GAW,light,Arabika Gayo Wine,B10,4,purging,83,10422,2819,2805,7918,9627,2788,9124,14632,14198,14323,,
805169,L-GAW,light,Arabika Gayo Wine,B10,4,purging,84,10418,2818,2809,7917,9621,2788,9119,14621,14189,14316,,
806169,L-GAW,light,Arabika Gayo Wine,B10,4,purging,85,10414,2818,2807,7916,9614,2788,9116,14611,14179,14311,,
807170,L-GAW,light,Arabika Gayo Wine,B10,4,purging,86,10411,2820,2808,7915,9610,2788,9115,14600,14171,14306,,
808169,L-GAW,light,Arabika Gayo Wine,B10,4,purging,87,10407,2816,2806,7915,9609,2788,9113,14592,14164,14302,,
809169,L-GAW,light,Arabika Gayo Wine,B10,4,purging,88,10403,2817,2810,7915,9609,2790,9112,14582,14159,14298,,
810169,L-GAW,light,Arabika Gayo Wine,B10,4,purging,89,10400,2819,2807,7915,9606,2790,9111,14573,14154,14292,,
811169,L-GAW,light,Arabika Gayo Wine,B10,4,purging,90,10396,2817,2811,7914,9602,2788,9108,14563,14147,14286,,
812169,L-GAW,light,Arabika Gayo Wine,B10,4,purging,91,10393,2818,2806,7914,9599,2788,9106,14553,14141,14282,,
813169,L-GAW,light,Arabika Gayo Wine,B10,4,purging,92,10390,2818,2805,7913,9597,2790,9105,14544,14134,14277,,
814170,L-GAW,light,Arabika Gayo Wine,B10,4,purging,93,10387,2816,2808,7913,9595,2787,9104,14535,14129,14274,,
815169,L-GAW,light,Arabika Gayo Wine,B10,4,purging,94,10383,2818,2808,7913,9594,2788,9104,14527,14124,14270,,
816169,L-GAW,light,Arabika Gayo Wine,B10,4,purging,95,10380,2821,2810,7912,9591,2786,9104,14518,14117,14266,,
817169,L-GAW,light,Arabika Gayo Wine,B10,4,purging,96,10375,2816,2807,7912,9588,2788,9103,14511,14111,14262,,
818169,L-GAW,light,Arabika Gayo Wine,B10,4,purging,97,10372,2817,2805,7911,9586,2788,9104,14503,14105,14259,,
819169,L-GAW,light,Arabika Gayo Wine,B10,4,purging,98,10368,2817,2808,7911,9584,2788,9103,14495,14099,14254,,
820169,L-GAW,light,Arabika Gayo Wine,B10,4,purging,99,10365,2819,2810,7910,9582,2788,9101,14486,14093,14249,,
821169,L-GAW,light,Arabika Gayo Wine,B10,4,purging,100,10362,2818,2807,7910,9579,2788,9101,14478,14088,14245,,
822169,L-GAW,light,Arabika Gayo Wine,B10,4,purging,101,10359,2818,2810,7909,9577,2788,9099,14469,14082,14240,,
823170,L-GAW,light,Arabika Gayo Wine,B10,4,purging,102,10356,2818,2808,7909,9575,2788,9098,14461,14075,14237,,
824169,L-GAW,light,Arabika Gayo Wine,B10,4,purging,103,10353,2816,2808,7909,9574,2788,9098,14453,14070,14234,,
825169,L-GAW,light,Arabika Gayo Wine,B10,4,purging,104,10350,2817,2809,7909,9572,2788,9098,14445,14065,14231,,
826169,L-GAW,light,Arabika Gayo Wine,B10,4,purging,105,10348,2818,2808,7908,9572,2788,9097,14438,14061,14227,,
827169,L-GAW,light,Arabika Gayo Wine,B10,4,purging,106,10345,2819,2807,7908,9571,2787,9099,14431,14058,14226,,
828169,L-GAW,light,Arabika Gayo Wine,B10,4,purging,107,10342,2818,2809,7908,9572,2787,9099,14424,14056,14223,,
829169,L-GAW,light,Arabika Gayo Wine,B10,4,purging,108,10340,2818,2807,7908,9573,2787,9100,14417,14054,14221,,
830170,L-GAW,light,Arabika Gayo Wine,B10,4,purging,109,10336,2820,2812,7908,9574,2788,9101,14410,14052,14220,,
831169,L-GAW,light,Arabika Gayo Wine,B10,4,purging,110,10334,2818,2807,7908,9576,2788,9102,14405,14051,14219,,
832169,L-GAW,light,Arabika Gayo Wine,B10,4,purging,111,10331,2820,2809,7908,9577,2788,9103,14398,14049,14217,,
833169,L-GAW,light,Arabika Gayo Wine,B10,4,purging,112,10328,2818,2810,7907,9579,2788,9104,14392,14048,14215,,
834169,L-GAW,light,Arabika Gayo Wine,B10,4,purging,113,10324,2818,2810,7907,9580,2788,9107,14385,14046,14213,,
835169,L-GAW,light,Arabika Gayo Wine,B10,4,purging,114,10322,2818,2806,7907,9581,2788,9109,14378,14045,14212,,
836169,L-GAW,light,Arabika Gayo Wine,B10,4,purging,115,10320,2818,2811,7907,9582,2790,9109,14372,14043,14210,,
837169,L-GAW,light,Arabika Gayo Wine,B10,4,purging,116,10318,2818,2812,7907,9583,2788,9110,14366,14042,14207,,
838169,L-GAW,light,Arabika Gayo Wine,B10,4,purging,117,10315,2818,2808,7907,9582,2788,9110,14358,14039,14204,,
839170,L-GAW,light,Arabika Gayo Wine,B10,4,purging,118,10314,2818,2809,7906,9580,2791,9107,14352,14036,14200,,
840169,L-GAW,light,Arabika Gayo Wine,B10,4,purging,119,10311,2818,2806,7906,9575,2788,9103,14344,14031,14194,,
841169,L-GAW,light,Arabika Gayo Wine,B10,4,purging,120,10310,2822,2810,7905,9569,2790,9097,14334,14024,14188,,
842172,L-GAW,light,Arabika Gayo Wine,B10,4,collecting,1,10309,2819,2807,7905,9563,2788,9092,14325,14018,14182,,
843169,L-GAW,light,Arabika Gayo Wine,B10,4,collecting,2,10309,2818,2808,7904,9556,2788,9087,14317,14011,14178,,
844169,L-GAW,light,Arabika Gayo Wine,B10,4,collecting,3,10308,2817,2810,7904,9551,2790,9083,14309,14004,14174,,
845169,L-GAW,light,Arabika Gayo Wine,B10,4,collecting,4,10308,2819,2809,7903,9547,2788,9079,14302,13999,14170,,
846170,L-GAW,light,Arabika Gayo Wine,B10,4,collecting,5,10306,2817,2808,7903,9545,2788,9079,14297,13994,14173,,
847169,L-GAW,light,Arabika Gayo Wine,B10,4,collecting,6,10373,2819,2811,7902,9568,2790,9103,14313,13994,14221,,
848169,L-GAW,light,Arabika Gayo Wine,B10,4,collecting,7,10813,2820,2808,7902,9669,2788,9209,14439,14048,14363,,
849169,L-GAW,light,Arabika Gayo Wine,B10,4,collecting,8,11644,2819,2806,7902,9846,2788,9370,14698,14206,14577,,
850169,L-GAW,light,Arabika Gayo Wine,B10,4,collecting,9,12736,2817,2809,7902,10075,2788,9568,15098,14485,14831,,
851169,L-GAW,light,Arabika Gayo Wine,B10,4,collecting,10,13762,2824,2808,7902,10293,2789,9734,15555,14848,15069,,
852169,L-GAW,light,Arabika Gayo Wine,B10,4,collecting,11,14570,2825,2809,7901,10472,2789,9851,15990,15233,15271,,
853169,L-GAW,light,Arabika Gayo Wine,B10,4,collecting,12,15130,2826,2806,7901,10606,2789,9924,16337,15581,15422,,
854169,L-GAW,light,Arabika Gayo Wine,B10,4,collecting,13,15515,2825,2806,7901,10709,2789,9975,16595,15861,15540,,
855170,L-GAW,light,Arabika Gayo Wine,B10,4,collecting,14,15749,2826,2809,7901,10766,2789,9984,16760,16074,15588,,
856169,L-GAW,light,Arabika Gayo Wine,B10,4,collecting,15,15859,2826,2809,7901,10786,2789,9956,16833,16207,15612,,
857169,L-GAW,light,Arabika Gayo Wine,B10,4,collecting,16,15939,2825,2806,7901,10803,2789,9944,16883,16290,15647,,
858169,L-GAW,light,Arabika Gayo Wine,B10,4,collecting,17,15994,2826,2805,7901,10802,2789,9925,16920,16352,15644,,
859169,L-GAW,light,Arabika Gayo Wine,B10,4,collecting,18,15992,2827,2808,7901,10772,2789,9873,16914,16382,15619,,
860169,L-GAW,light,Arabika Gayo Wine,B10,4,collecting,19,15963,2828,2809,7901,10738,2789,9827,16890,16382,15608,,
861169,L-GAW,light,Arabika Gayo Wine,B10,4,collecting,20,15950,2826,2809,7900,10724,2789,9811,16883,16375,15627,,
862170,L-GAW,light,Arabika Gayo Wine,B10,4,collecting,21,15972,2827,2809,7900,10726,2789,9821,16914,16385,15648,,
863169,L-GAW,light,Arabika Gayo Wine,B10,4,collecting,22,15977,2825,2808,7900,10710,2789,9802,16931,16401,15636,,
864169,L-GAW,light,Arabika Gayo Wine,B10,4,collecting,23,15959,2827,2810,7900,10690,2789,9775,16931,16405,15634,,
865169,L-GAW,light,Arabika Gayo Wine,B10,4,collecting,24,15940,2825,2807,7899,10673,2791,9758,16929,16401,15635,,
866169,L-GAW,light,Arabika Gayo Wine,B10,4,collecting,25,15921,2826,2808,7899,10659,2789,9745,16929,16397,15636,,
867169,L-GAW,light,Arabika Gayo Wine,B10,4,collecting,26,15912,2828,2807,7898,10653,2788,9740,16937,16394,15646,,
868169,L-GAW,light,Arabika Gayo Wine,B10,4,collecting,27,15921,2824,2808,7898,10657,2789,9747,16955,16397,15668,,
869169,L-GAW,light,Arabika Gayo Wine,B10,4,collecting,28,15950,2827,2808,7898,10670,2789,9762,16991,16413,15692,,
870169,L-GAW,light,Arabika Gayo Wine,B10,4,collecting,29,15984,2827,2810,7897,10682,2789,9772,17030,16436,15714,,
871170,L-GAW,light,Arabika Gayo Wine,B10,4,collecting,30,16012,2827,2809,7897,10687,2789,9772,17063,16461,15721,,
872169,L-GAW,light,Arabika Gayo Wine,B10,4,collecting,31,16017,2828,2811,7896,10677,2789,9755,17075,16474,15712,,
873169,L-GAW,light,Arabika Gayo Wine,B10,4,collecting,32,15998,2825,2810,7896,10660,2789,9731,17065,16473,15705,,
874169,L-GAW,light,Arabika Gayo Wine,B10,4,collecting,33,15990,2828,2810,7895,10657,2790,9727,17065,16466,15719,,
875169,L-GAW,light,Arabika Gayo Wine,B10,4,collecting,34,16013,2827,2809,7895,10674,2789,9749,17091,16472,15754,,
876169,L-GAW,light,Arabika Gayo Wine,B10,4,collecting,35,16056,2830,2808,7895,10688,2789,9767,17132,16495,15764,,
877169,L-GAW,light,Arabika Gayo Wine,B10,4,collecting,36,16071,2825,2809,7894,10687,2787,9759,17150,16513,15768,,
878170,L-GAW,light,Arabika Gayo Wine,B10,4,collecting,37,16090,2826,2808,7893,10693,2789,9760,17167,16524,15787,,
879169,L-GAW,light,Arabika Gayo Wine,B10,4,collecting,38,16121,2827,2807,7893,10703,2789,9769,17196,16540,15799,,
880169,L-GAW,light,Arabika Gayo Wine,B10,4,collecting,39,16127,2826,2808,7892,10694,2789,9753,17206,16552,15784,,
881169,L-GAW,light,Arabika Gayo Wine,B10,4,collecting,40,16101,2825,2808,7892,10671,2789,9724,17188,16547,15765,,
882169,L-GAW,light,Arabika Gayo Wine,B10,4,collecting,41,16083,2827,2809,7891,10662,2789,9720,17176,16533,15775,,
883169,L-GAW,light,Arabika Gayo Wine,B10,4,collecting,42,16074,2825,2807,7891,10652,2789,9714,17176,16526,15762,,
884169,L-GAW,light,Arabika Gayo Wine,B10,4,collecting,43,16042,2826,2808,7890,10633,2788,9691,17158,16513,15744,,
885169,L-GAW,light,Arabika Gayo Wine,B10,4,collecting,44,16007,2826,2811,7890,10617,2789,9677,17139,16493,15738,,
886169,L-GAW,light,Arabika Gayo Wine,B10,4,collecting,45,15981,2827,2812,7889,10609,2788,9673,17128,16477,15734,,
887170,L-GAW,light,Arabika Gayo Wine,B10,4,collecting,46,15965,2827,2807,7889,10605,2789,9674,17123,16465,15739,,
888169,L-GAW,light,Arabika Gayo Wine,B10,4,collecting,47,15963,2829,2809,7888,10607,2789,9682,17132,16460,15744,,
889169,L-GAW,light,Arabika Gayo Wine,B10,4,collecting,48,15965,2827,2806,7887,10611,2789,9686,17141,16461,15751,,
890169,L-GAW,light,Arabika Gayo Wine,B10,4,collecting,49,15947,2826,2811,7887,10596,2788,9669,17135,16461,15726,,
891169,L-GAW,light,Arabika Gayo Wine,B10,4,collecting,50,15915,2828,2807,7887,10586,2788,9654,17117,16445,15729,,
892169,L-GAW,light,Arabika Gayo Wine,B10,4,collecting,51,15909,2827,2807,7886,10587,2789,9662,17118,16436,15733,,
893169,L-GAW,light,Arabika Gayo Wine,B10,4,collecting,52,15894,2825,2808,7886,10577,2789,9655,17112,16431,15718,,
894170,L-GAW,light,Arabika Gayo Wine,B10,4,collecting,53,15871,2825,2805,7885,10568,2788,9648,17100,16419,15716,,
895169,L-GAW,light,Arabika Gayo Wine,B10,4,collecting,54,15860,2826,2807,7885,10567,2788,9652,17098,16410,15718,,
896169,L-GAW,light,Arabika Gayo Wine,B10,4,collecting,55,15850,2826,2808,7885,10562,2788,9650,17096,16404,15714,,
897169,L-GAW,light,Arabika Gayo Wine,B10,4,collecting,56,15848,2829,2808,7885,10566,2789,9657,17099,16400,15725,,
898169,L-GAW,light,Arabika Gayo Wine,B10,4,collecting,57,15853,2825,2811,7884,10565,2789,9657,17105,16401,15718,,
899169,L-GAW,light,Arabika Gayo Wine,B10,4,collecting,58,15833,2827,2806,7884,10553,2788,9642,17095,16396,15705,,
900169,L-GAW,light,Arabika Gayo Wine,B10,4,collecting,59,15818,2825,2810,7884,10548,2790,9637,17086,16385,15709,,
901169,L-GAW,light,Arabika Gayo Wine,B10,4,collecting,60,15814,2825,2808,7883,10545,2789,9638,17086,16380,15704,,
902169,L-GAW,light,Arabika Gayo Wine,B10,4,collecting,61,15800,2825,2808,7882,10538,2789,9632,17079,16373,15699,,
903170,L-GAW,light,Arabika Gayo Wine,B10,4,collecting,62,15791,2826,2806,7882,10533,2789,9629,17074,16365,15695,,
904169,L-GAW,light,Arabika Gayo Wine,B10,4,collecting,63,15780,2825,2807,7881,10526,2788,9625,17069,16358,15689,,
905169,L-GAW,light,Arabika Gayo Wine,B10,4,collecting,64,15763,2826,2808,7881,10518,2788,9617,17059,16348,15681,,
906169,L-GAW,light,Arabika Gayo Wine,B10,4,collecting,65,15745,2825,2807,7880,10509,2787,9610,17048,16338,15672,,
907169,L-GAW,light,Arabika Gayo Wine,B10,4,collecting,66,15726,2824,2805,7880,10501,2787,9602,17039,16326,15667,,
908169,L-GAW,light,Arabika Gayo Wine,B10,4,collecting,67,15702,2825,2810,7879,10490,2788,9592,17026,16314,15656,,
909169,L-GAW,light,Arabika Gayo Wine,B10,4,collecting,68,15686,2830,2809,7879,10486,2788,9592,17018,16301,15656,,
910170,L-GAW,light,Arabika Gayo Wine,B10,4,collecting,69,15672,2826,2810,7879,10482,2787,9590,17013,16293,15649,,
911169,L-GAW,light,Arabika Gayo Wine,B10,4,collecting,70,15657,2824,2811,7879,10476,2787,9588,17006,16284,15644,,
912169,L-GAW,light,Arabika Gayo Wine,B10,4,collecting,71,15635,2830,2807,7878,10464,2788,9577,16994,16273,15626,,
913169,L-GAW,light,Arabika Gayo Wine,B10,4,collecting,72,15592,2824,2810,7878,10445,2787,9557,16968,16256,15608,,
914169,L-GAW,light,Arabika Gayo Wine,B10,4,collecting,73,15561,2827,2806,7877,10437,2788,9554,16951,16234,15608,,
915169,L-GAW,light,Arabika Gayo Wine,B10,4,collecting,74,15545,2828,2806,7877,10434,2789,9560,16945,16221,15605,,
916169,L-GAW,light,Arabika Gayo Wine,B10,4,collecting,75,15540,2824,2812,7876,10436,2787,9566,16945,16213,15611,,
917169,L-GAW,light,Arabika Gayo Wine,B10,4,collecting,76,15546,2826,2808,7876,10442,2788,9573,16951,16213,15616,,
918169,L-GAW,light,Arabika Gayo Wine,B10,4,collecting,77,15552,2824,2810,7875,10443,2788,9573,16957,16215,15610,,
919170,L-GAW,light,Arabika Gayo Wine,B10,4,collecting,78,15541,2826,2810,7875,10437,2788,9565,16950,16213,15603,,
920169,L-GAW,light,Arabika Gayo Wine,B10,4,collecting,79,15525,2827,2809,7875,10430,2787,9559,16939,16206,15595,,
921169,L-GAW,light,Arabika Gayo Wine,B10,4,collecting,80,15507,2826,2808,7875,10425,2786,9556,16928,16197,15590,,
922169,L-GAW,light,Arabika Gayo Wine,B10,4,collecting,81,15494,2823,2810,7875,10422,2788,9555,16919,16188,15586,,
923169,L-GAW,light,Arabika Gayo Wine,B10,4,collecting,82,15485,2825,2807,7874,10421,2788,9555,16915,16180,15587,,
924169,L-GAW,light,Arabika Gayo Wine,B10,4,collecting,83,15484,2826,2808,7874,10421,2788,9558,16916,16176,15587,,
925169,L-GAW,light,Arabika Gayo Wine,B10,4,collecting,84,15491,2826,2806,7874,10425,2788,9562,16921,16175,15593,,
926170,L-GAW,light,Arabika Gayo Wine,B10,4,collecting,85,15502,2824,2809,7873,10428,2787,9565,16928,16178,15594,,
927169,L-GAW,light,Arabika Gayo Wine,B10,4,collecting,86,15512,2825,2809,7872,10430,2788,9563,16933,16181,15597,,
928169,L-GAW,light,Arabika Gayo Wine,B10,4,collecting,87,15525,2824,2807,7872,10433,2787,9567,16939,16184,15602,,
929169,L-GAW,light,Arabika Gayo Wine,B10,4,collecting,88,15541,2830,2810,7871,10435,2788,9570,16947,16189,15601,,
930169,L-GAW,light,Arabika Gayo Wine,B10,4,collecting,89,15537,2825,2807,7870,10425,2788,9559,16942,16190,15584,,
931169,L-GAW,light,Arabika Gayo Wine,B10,4,collecting,90,15514,2825,2810,7870,10412,2788,9543,16925,16180,15575,,
932169,L-GAW,light,Arabika Gayo Wine,B10,4,collecting,91,15490,2825,2809,7869,10399,2788,9532,16908,16166,15560,,
933169,L-GAW,light,Arabika Gayo Wine,B10,4,collecting,92,15456,2828,2810,7869,10383,2788,9520,16887,16149,15546,,
934169,L-GAW,light,Arabika Gayo Wine,B10,4,collecting,93,15423,2825,2810,7869,10370,2788,9512,16867,16129,15534,,
935170,L-GAW,light,Arabika Gayo Wine,B10,4,collecting,94,15387,2823,2809,7868,10358,2787,9502,16848,16110,15521,,
936169,L-GAW,light,Arabika Gayo Wine,B10,4,collecting,95,15361,2826,2808,7867,10354,2788,9503,16835,16092,15523,,
937169,L-GAW,light,Arabika Gayo Wine,B10,4,collecting,96,15352,2827,2807,7867,10354,2788,9508,16833,16083,15519,,
938169,L-GAW,light,Arabika Gayo Wine,B10,4,collecting,97,15340,2826,2811,7867,10352,2787,9508,16828,16076,15517,,
939169,L-GAW,light,Arabika Gayo Wine,B10,4,collecting,98,15332,2825,2808,7866,10350,2788,9509,16826,16071,15514,,
940169,L-GAW,light,Arabika Gayo Wine,B10,4,collecting,99,15326,2825,2809,7866,10349,2788,9507,16823,16066,15513,,
941169,L-GAW,light,Arabika Gayo Wine,B10,4,collecting,100,15324,2825,2806,7865,10351,2788,9510,16822,16062,15517,,
942170,L-GAW,light,Arabika Gayo Wine,B10,4,collecting,101,15337,2825,2810,7865,10358,2788,9520,16831,16063,15524,,
943169,L-GAW,light,Arabika Gayo Wine,B10,4,collecting,102,15343,2828,2807,7865,10357,2787,9519,16835,16067,15517,,
944169,L-GAW,light,Arabika Gayo Wine,B10,4,collecting,103,15333,2825,2809,7865,10352,2788,9511,16828,16065,15512,,
945169,L-GAW,light,Arabika Gayo Wine,B10,4,collecting,104,15328,2825,2807,7864,10353,2788,9513,16824,16061,15514,,
946169,L-GAW,light,Arabika Gayo Wine,B10,4,collecting,105,15334,2827,2806,7864,10358,2788,9520,16826,16060,15518,,
947169,L-GAW,light,Arabika Gayo Wine,B10,4,collecting,106,15335,2826,2809,7864,10357,2791,9519,16826,16061,15512,,
948169,L-GAW,light,Arabika Gayo Wine,B10,4,collecting,107,15331,2824,2810,7863,10357,2787,9516,16823,16059,15511,,
949169,L-GAW,light,Arabika Gayo Wine,B10,4,collecting,108,15325,2826,2807,7863,10354,2788,9514,16819,16057,15506,,
950169,L-GAW,light,Arabika Gayo Wine,B10,4,collecting,109,15312,2825,2808,7863,10348,2788,9507,16810,16051,15500,,
951170,L-GAW,light,Arabika Gayo Wine,B10,4,collecting,110,15307,2828,2810,7862,10350,2788,9512,16808,16046,15507,,
952169,L-GAW,light,Arabika Gayo Wine,B10,4,collecting,111,15313,2823,2805,7861,10352,2788,9519,16812,16046,15504,,
953169,L-GAW,light,Arabika Gayo Wine,B10,4,collecting,112,15305,2827,2806,7861,10349,2788,9517,16807,16044,15501,,
954169,L-GAW,light,Arabika Gayo Wine,B10,4,collecting,113,15298,2824,2806,7861,10347,2788,9513,16803,16041,15497,,
955169,L-GAW,light,Arabika Gayo Wine,B10,4,collecting,114,15279,2829,2805,7860,10340,2788,9508,16793,16035,15488,,
956169,L-GAW,light,Arabika Gayo Wine,B10,4,collecting,115,15250,2826,2805,7860,10331,2788,9501,16777,16024,15477,,
957169,L-GAW,light,Arabika Gayo Wine,B10,4,collecting,116,15222,2825,2807,7859,10325,2788,9500,16763,16011,15472,,
958170,L-GAW,light,Arabika Gayo Wine,B10,4,collecting,117,15205,2825,2808,7859,10324,2788,9501,16755,16000,15471,,
959169,L-GAW,light,Arabika Gayo Wine,B10,4,collecting,118,15190,2826,2807,7859,10322,2790,9501,16748,15993,15464,,
960169,L-GAW,light,Arabika Gayo Wine,B10,4,collecting,119,15170,2824,2806,7858,10316,2788,9498,16738,15985,15458,,
961169,L-GAW,light,Arabika Gayo Wine,B10,4,collecting,120,15159,2827,2808,7858,10319,2788,9502,16733,15977,15465,,
962172,L-GAW,light,Arabika Gayo Wine,B10,5,purging,1,15178,2830,2806,7858,10332,2788,9519,16744,15979,15481,,
963169,L-GAW,light,Arabika Gayo Wine,B10,5,purging,2,15210,2830,2810,7857,10346,2788,9533,16763,15991,15494,,
964169,L-GAW,light,Arabika Gayo Wine,B10,5,purging,3,15236,2828,2805,7857,10365,2788,9550,16785,16007,15523,,
965169,L-GAW,light,Arabika Gayo Wine,B10,5,purging,4,15245,2825,2807,7857,10397,2788,9585,16806,16028,15560,,
966169,L-GAW,light,Arabika Gayo Wine,B10,5,purging,5,15226,2825,2809,7857,10433,2788,9633,16822,16053,15567,,
967170,L-GAW,light,Arabika Gayo Wine,B10,5,purging,6,15139,2825,2809,7857,10426,2788,9623,16781,16054,15510,,
968169,L-GAW,light,Arabika Gayo Wine,B10,5,purging,7,14993,2823,2807,7857,10383,2788,9574,16699,16016,15442,,
969169,L-GAW,light,Arabika Gayo Wine,B10,5,purging,8,14810,2824,2806,7857,10321,2788,9514,16598,15951,15372,,
970169,L-GAW,light,Arabika Gayo Wine,B10,5,purging,9,14601,2825,2806,7857,10255,2788,9457,16492,15869,15305,,
971169,L-GAW,light,Arabika Gayo Wine,B10,5,purging,10,14374,2823,2806,7857,10190,2788,9405,16390,15780,15244,,
972169,L-GAW,light,Arabika Gayo Wine,B10,5,purging,11,14140,2822,2807,7858,10131,2788,9365,16294,15689,15185,,
973169,L-GAW,light,Arabika Gayo Wine,B10,5,purging,12,13903,2824,2808,7858,10077,2788,9330,16202,15599,15132,,
974170,L-GAW,light,Arabika Gayo Wine,B10,5,purging,13,13668,2823,2809,7858,10027,2787,9301,16118,15514,15082,,
975169,L-GAW,light,Arabika Gayo Wine,B10,5,purging,14,13438,2820,2812,7858,9984,2788,9276,16042,15432,15039,,
976169,L-GAW,light,Arabika Gayo Wine,B10,5,purging,15,13216,2823,2808,7858,9947,2787,9258,15971,15356,14999,,
977169,L-GAW,light,Arabika Gayo Wine,B10,5,purging,16,13005,2820,2811,7858,9915,2788,9242,15906,15285,14963,,
978169,L-GAW,light,Arabika Gayo Wine,B10,5,purging,17,12805,2820,2807,7859,9886,2788,9228,15847,15220,14930,,
979169,L-GAW,light,Arabika Gayo Wine,B10,5,purging,18,12619,2820,2806,7859,9862,2787,9217,15791,15158,14898,,
980169,L-GAW,light,Arabika Gayo Wine,B10,5,purging,19,12446,2818,2807,7859,9840,2788,9206,15740,15101,14869,,
981169,L-GAW,light,Arabika Gayo Wine,B10,5,purging,20,12286,2819,2808,7858,9823,2788,9200,15692,15048,14846,,
982169,L-GAW,light,Arabika Gayo Wine,B10,5,purging,21,12139,2819,2807,7859,9809,2788,9196,15649,15001,14821,,
983170,L-GAW,light,Arabika Gayo Wine,B10,5,purging,22,12004,2817,2807,7859,9798,2788,9194,15607,14958,14801,,
984169,L-GAW,light,Arabika Gayo Wine,B10,5,purging,23,11882,2822,2807,7860,9790,2788,9194,15568,14918,14782,,
985169,L-GAW,light,Arabika Gayo Wine,B10,5,purging,24,11771,2819,2806,7860,9784,2787,9194,15532,14883,14764,,
986169,L-GAW,light,Arabika Gayo Wine,B10,5,purging,25,11670,2819,2808,7860,9779,2788,9195,15497,14851,14747,,
987169,L-GAW,light,Arabika Gayo Wine,B10,5,purging,26,11578,2819,2809,7860,9773,2788,9193,15464,14819,14729,,
988169,L-GAW,light,Arabika Gayo Wine,B10,5,purging,27,11494,2824,2810,7860,9766,2788,9191,15432,14789,14713,,
989169,L-GAW,light,Arabika Gayo Wine,B10,5,purging,28,11419,2819,2810,7860,9759,2790,9189,15401,14760,14696,,
990170,L-GAW,light,Arabika Gayo Wine,B10,5,purging,29,11350,2820,2812,7860,9753,2788,9188,15371,14732,14681,,
991169,L-GAW,light,Arabika Gayo Wine,B10,5,purging,30,11287,2819,2807,7860,9747,2790,9186,15343,14706,14666,,
992169,L-GAW,light,Arabika Gayo Wine,B10,5,purging,31,11230,2815,2807,7860,9740,2788,9184,15315,14680,14653,,
993169,L-GAW,light,Arabika Gayo Wine,B10,5,purging,32,11177,2819,2807,7859,9735,2788,9184,15290,14655,14640,,
994169,L-GAW,light,Arabika Gayo Wine,B10,5,purging,33,11129,2818,2812,7859,9730,2788,9184,15265,14631,14628,,
995169,L-GAW,light,Arabika Gayo Wine,B10,5,purging,34,11084,2818,2812,7860,9726,2788,9185,15240,14609,14615,,
996169,L-GAW,light,Arabika Gayo Wine,B10,5,purging,35,11043,2819,2808,7859,9724,2788,9183,15216,14588,14603,,
997169,L-GAW,light,Arabika Gayo Wine,B10,5,purging,36,11005,2819,2807,7859,9722,2790,9186,15194,14569,14596,,
998169,L-GAW,light,Arabika Gayo Wine,B10,5,purging,37,10969,2819,2805,7860,9723,2788,9190,15175,14553,14589,,
999170,L-GAW,light,Arabika Gayo Wine,B10,5,purging,38,10935,2819,2806,7859,9724,2788,9195,15156,14537,14582,,
1000169,L-GAW,light,Arabika Gayo Wine,B10,5,purging,39,10902,2818,2810,7859,9725,2787,9200,15138,14522,14575,,
1001169,L-GAW,light,Arabika Gayo Wine,B10,5,purging,40,10871,2818,2806,7860,9728,2788,9205,15120,14508,14568,,
1002169,L-GAW,light,Arabika Gayo Wine,B10,5,purging,41,10843,2818,2807,7860,9731,2788,9209,15102,14495,14561,,
1003169,L-GAW,light,Arabika Gayo Wine,B10,5,purging,42,10816,2818,2808,7860,9733,2788,9213,15083,14483,14553,,
1004169,L-GAW,light,Arabika Gayo Wine,B10,5,purging,43,10791,2819,2806,7860,9734,2788,9216,15065,14471,14545,,
1005169,L-GAW,light,Arabika Gayo Wine,B10,5,purging,44,10768,2819,2810,7861,9735,2788,9216,15046,14459,14536,,
1006170,L-GAW,light,Arabika Gayo Wine,B10,5,purging,45,10747,2822,2808,7861,9735,2787,9217,15029,14448,14530,,
1007169,L-GAW,light,Arabika Gayo Wine,B10,5,purging,46,10727,2819,2807,7861,9736,2788,9219,15012,14438,14524,,
1008169,L-GAW,light,Arabika Gayo Wine,B10,5,purging,47,10709,2819,2806,7861,9736,2787,9220,14996,14429,14515,,
1009169,L-GAW,light,Arabika Gayo Wine,B10,5,purging,48,10692,2819,2805,7862,9735,2788,9218,14978,14419,14505,,
1010169,L-GAW,light,Arabika Gayo Wine,B10,5,purging,49,10676,2816,2808,7862,9731,2788,9214,14960,14407,14496,,
1011169,L-GAW,light,Arabika Gayo Wine,B10,5,purging,50,10660,2817,2808,7862,9726,2788,9210,14943,14396,14488,,
1012169,L-GAW,light,Arabika Gayo Wine,B10,5,purging,51,10646,2817,2807,7862,9722,2788,9207,14926,14384,14479,,
1013169,L-GAW,light,Arabika Gayo Wine,B10,5,purging,52,10633,2817,2811,7862,9718,2788,9205,14911,14374,14473,,
1014169,L-GAW,light,Arabika Gayo Wine,B10,5,purging,53,10621,2819,2806,7862,9716,2788,9204,14897,14364,14468,,
1015170,L-GAW,light,Arabika Gayo Wine,B10,5,purging,54,10609,2817,2807,7863,9714,2787,9206,14882,14354,14461,,
1016169,L-GAW,light,Arabika Gayo Wine,B10,5,purging,55,10598,2817,2805,7863,9713,2788,9206,14869,14346,14455,,
1017169,L-GAW,light,Arabika Gayo Wine,B10,5,purging,56,10587,2816,2808,7863,9711,2788,9204,14854,14337,14449,,
1018169,L-GAW,light,Arabika Gayo Wine,B10,5,purging,57,10575,2816,2806,7863,9710,2787,9204,14841,14328,14445,,
1019169,L-GAW,light,Arabika Gayo Wine,B10,5,purging,58,10564,2819,2809,7863,9709,2788,9205,14829,14319,14440,,
1020169,L-GAW,light,Arabika Gayo Wine,B10,5,purging,59,10553,2816,2809,7863,9707,2788,9207,14816,14310,14434,,
1021169,L-GAW,light,Arabika Gayo Wine,B10,5,purging,60,10542,2815,2807,7862,9707,2787,9208,14804,14302,14430,,
1022170,L-GAW,light,Arabika Gayo Wine,B10,5,purging,61,10531,2820,2807,7863,9708,2788,9209,14792,14294,14426,,
1023169,L-GAW,light,Arabika Gayo Wine,B10,5,purging,62,10520,2818,2807,7863,9708,2787,9211,14781,14287,14422,,
1024169,L-GAW,light,Arabika Gayo Wine,B10,5,purging,63,10510,2818,2806,7864,9709,2788,9214,14770,14281,14419,,
1025169,L-GAW,light,Arabika Gayo Wine,B10,5,purging,64,10499,2816,2806,7864,9710,2788,9216,14759,14275,14415,,
1026169,L-GAW,light,Arabika Gayo Wine,B10,5,purging,65,10489,2818,2806,7863,9711,2788,9219,14748,14269,14412,,
1027169,L-GAW,light,Arabika Gayo Wine,B10,5,purging,66,10478,2816,2809,7863,9712,2787,9222,14737,14263,14408,,
1028169,L-GAW,light,Arabika Gayo Wine,B10,5,purging,67,10469,2816,2805,7864,9713,2788,9222,14726,14258,14405,,
1029169,L-GAW,light,Arabika Gayo Wine,B10,5,purging,68,10460,2815,2806,7864,9715,2787,9225,14716,14253,14401,,
1030169,L-GAW,light,Arabika Gayo Wine,B10,5,purging,69,10450,2817,2806,7864,9715,2788,9227,14706,14248,14399,,
1031170,L-GAW,light,Arabika Gayo Wine,B10,5,purging,70,10441,2817,2810,7864,9718,2787,9231,14696,14244,14397,,
1032169,L-GAW,light,Arabika Gayo Wine,B10,5,purging,71,10432,2818,2807,7865,9720,2788,9233,14687,14241,14396,,
1033169,L-GAW,light,Arabika Gayo Wine,B10,5,purging,72,10423,2816,2805,7866,9724,2788,9237,14678,14238,14395,,
1034169,L-GAW,light,Arabika Gayo Wine,B10,5,purging,73,10414,2818,2807,7866,9729,2788,9242,14670,14237,14394,,
1035169,L-GAW,light,Arabika Gayo Wine,B10,5,purging,74,10405,2818,2806,7866,9731,2788,9245,14661,14234,14392,,
1036169,L-GAW,light,Arabika Gayo Wine,B10,5,purging,75,10397,2816,2805,7866,9734,2787,9248,14652,14231,14391,,
1037169,L-GAW,light,Arabika Gayo Wine,B10,5,purging,76,10389,2818,2807,7866,9736,2788,9252,14643,14228,14389,,
1038170,L-GAW,light,Arabika Gayo Wine,B10,5,purging,77,10381,2819,2806,7866,9738,2788,9254,14634,14224,14387,,
1039169,L-GAW,light,Arabika Gayo Wine,B10,5,purging,78,10373,2818,2806,7867,9740,2788,9255,14625,14221,14384,,
1040169,L-GAW,light,Arabika Gayo Wine,B10,5,purging,79,10367,2818,2807,7868,9742,2788,9257,14616,14218,14383,,
1041169,L-GAW,light,Arabika Gayo Wine,B10,5,purging,80,10359,2818,2810,7867,9744,2788,9259,14609,14216,14381,,
1042169,L-GAW,light,Arabika Gayo Wine,B10,5,purging,81,10353,2815,2806,7868,9748,2788,9264,14600,14215,14381,,
1043169,L-GAW,light,Arabika Gayo Wine,B10,5,purging,82,10346,2818,2806,7868,9751,2788,9267,14592,14213,14381,,
1044169,L-GAW,light,Arabika Gayo Wine,B10,5,purging,83,10339,2818,2810,7869,9754,2787,9271,14585,14213,14381,,
1045169,L-GAW,light,Arabika Gayo Wine,B10,5,purging,84,10333,2819,2808,7869,9760,2786,9279,14580,14213,14387,,
1046169,L-GAW,light,Arabika Gayo Wine,B10,5,purging,85,10329,2818,2810,7870,9769,2788,9290,14577,14215,14390,,
1047170,L-GAW,light,Arabika Gayo Wine,B10,5,purging,86,10326,2818,2809,7871,9778,2788,9300,14573,14219,14392,,
1048169,L-GAW,light,Arabika Gayo Wine,B10,5,purging,87,10323,2818,2809,7872,9785,2787,9306,14567,14222,14391,,
1049169,L-GAW,light,Arabika Gayo Wine,B10,5,purging,88,10319,2816,2807,7873,9790,2787,9308,14559,14223,14389,,
1050169,L-GAW,light,Arabika Gayo Wine,B10,5,purging,89,10314,2816,2807,7874,9793,2788,9310,14551,14224,14389,,
1051169,L-GAW,light,Arabika Gayo Wine,B10,5,purging,90,10310,2816,2807,7875,9796,2788,9312,14543,14224,14387,,
1052169,L-GAW,light,Arabika Gayo Wine,B10,5,purging,91,10305,2819,2808,7875,9797,2788,9314,14536,14224,14391,,
1053169,L-GAW,light,Arabika Gayo Wine,B10,5,purging,92,10298,2817,2808,7876,9803,2788,9322,14534,14224,14411,,
1054170,L-GAW,light,Arabika Gayo Wine,B10,5,purging,93,10285,2818,2808,7876,9826,2788,9358,14551,14229,14454,,
1055169,L-GAW,light,Arabika Gayo Wine,B10,5,purging,94,10264,2818,2806,7877,9856,2788,9404,14570,14240,14459,,
1056169,L-GAW,light,Arabika Gayo Wine,B10,5,purging,95,10245,2817,2807,7878,9880,2786,9427,14565,14249,14465,,
1057169,L-GAW,light,Arabika Gayo Wine,B10,5,purging,96,10227,2819,2806,7879,9906,2788,9457,14572,14259,14490,,
1058169,L-GAW,light,Arabika Gayo Wine,B10,5,purging,97,10208,2816,2806,7881,9929,2790,9481,14572,14270,14488,,
1059169,L-GAW,light,Arabika Gayo Wine,B10,5,purging,98,10191,2818,2810,7882,9949,2788,9498,14568,14279,14502,,
1060169,L-GAW,light,Arabika Gayo Wine,B10,5,purging,99,10176,2818,2807,7883,9967,2788,9514,14567,14288,14508,,
1061169,L-GAW,light,Arabika Gayo Wine,B10,5,purging,100,10162,2817,2811,7885,9982,2790,9529,14565,14296,14513,,
1062169,L-GAW,light,Arabika Gayo Wine,B10,5,purging,101,10150,2817,2807,7886,9993,2788,9535,14557,14303,14513,,
1063170,L-GAW,light,Arabika Gayo Wine,B10,5,purging,102,10140,2817,2805,7887,10000,2787,9537,14549,14308,14510,,
1064169,L-GAW,light,Arabika Gayo Wine,B10,5,purging,103,10133,2816,2805,7888,10004,2788,9539,14540,14311,14525,,
1065169,L-GAW,light,Arabika Gayo Wine,B10,5,purging,104,10121,2817,2809,7889,10024,2786,9568,14558,14319,14563,,
1066169,L-GAW,light,Arabika Gayo Wine,B10,5,purging,105,10105,2818,2805,7891,10043,2788,9594,14561,14330,14544,,
1067169,L-GAW,light,Arabika Gayo Wine,B10,5,purging,106,10097,2818,2808,7892,10047,2787,9587,14540,14333,14527,,
1068169,L-GAW,light,Arabika Gayo Wine,B10,5,purging,107,10096,2819,2808,7894,10041,2788,9569,14517,14333,14511,,
1069169,L-GAW,light,Arabika Gayo Wine,B10,5,purging,108,10101,2817,2807,7895,10030,2788,9545,14497,14330,14502,,
1070170,L-GAW,light,Arabika Gayo Wine,B10,5,purging,109,10108,2816,2809,7896,10016,2786,9523,14480,14325,14489,,
1071169,L-GAW,light,Arabika Gayo Wine,B10,5,purging,110,10117,2817,2805,7897,9999,2788,9500,14463,14319,14475,,
1072169,L-GAW,light,Arabika Gayo Wine,B10,5,purging,111,10126,2816,2807,7898,9980,2788,9475,14445,14312,14461,,
1073169,L-GAW,light,Arabika Gayo Wine,B10,5,purging,112,10138,2817,2809,7899,9960,2789,9451,14428,14302,14447,,
1074169,L-GAW,light,Arabika Gayo Wine,B10,5,purging,113,10148,2817,2812,7899,9940,2788,9428,14412,14292,14435,,
1075169,L-GAW,light,Arabika Gayo Wine,B10,5,purging,114,10159,2817,2809,7899,9921,2788,9406,14398,14282,14426,,
1076169,L-GAW,light,Arabika Gayo Wine,B10,5,purging,115,10169,2816,2812,7900,9905,2790,9390,14386,14272,14417,,
1077169,L-GAW,light,Arabika Gayo Wine,B10,5,purging,116,10178,2818,2810,7900,9891,2788,9376,14376,14262,14414,,
1078169,L-GAW,light,Arabika Gayo Wine,B10,5,purging,117,10184,2817,2806,7900,9881,2788,9369,14371,14254,14414,,
1079170,L-GAW,light,Arabika Gayo Wine,B10,5,purging,118,10187,2816,2807,7900,9875,2788,9367,14366,14247,14411,,
1080169,L-GAW,light,Arabika Gayo Wine,B10,5,purging,119,10189,2816,2806,7900,9868,2787,9364,14359,14240,14404,,
1081169,L-GAW,light,Arabika Gayo Wine,B10,5,purging,120,10191,2818,2807,7901,9864,2787,9359,14351,14235,14401,,
1082172,L-GAW,light,Arabika Gayo Wine,B10,5,collecting,1,10192,2820,2808,7902,9863,2787,9357,14345,14230,14409,,
1083169,L-GAW,light,Arabika Gayo Wine,B10,5,collecting,2,10190,2817,2811,7902,9871,2786,9373,14353,14229,14423,,
1084169,L-GAW,light,Arabika Gayo Wine,B10,5,collecting,3,10190,2816,2807,7903,9883,2788,9389,14353,14231,14425,,
1085169,L-GAW,light,Arabika Gayo Wine,B10,5,collecting,4,10430,2816,2809,7904,9946,2790,9454,14400,14251,14524,,
1086170,L-GAW,light,Arabika Gayo Wine,B10,5,collecting,5,11249,2820,2805,7905,10105,2788,9605,14611,14369,14720,,
1087169,L-GAW,light,Arabika Gayo Wine,B10,5,collecting,6,12345,2819,2805,7905,10308,2789,9776,14965,14612,14938,,
1088169,L-GAW,light,Arabika Gayo Wine,B10,5,collecting,7,13297,2821,2806,7905,10479,2789,9899,15354,14929,15121,,
1089169,L-GAW,light,Arabika Gayo Wine,B10,5,collecting,8,13949,2823,2809,7906,10597,2789,9965,15670,15233,15248,,
1090169,L-GAW,light,Arabika Gayo Wine,B10,5,collecting,9,14361,2823,2806,7907,10671,2789,9989,15887,15479,15326,,
1091169,L-GAW,light,Arabika Gayo Wine,B10,5,collecting,10,14595,2823,2808,7907,10708,2789,9983,16011,15654,15364,,
1092169,L-GAW,light,Arabika Gayo Wine,B10,5,collecting,11,14713,2823,2807,7908,10714,2788,9955,16072,15766,15373,,
1093169,L-GAW,light,Arabika Gayo Wine,B10,5,collecting,12,14754,2826,2807,7908,10701,2788,9917,16087,15828,15368,,
1094169,L-GAW,light,Arabika Gayo Wine,B10,5,collecting,13,14765,2828,2805,7909,10681,2788,9883,16088,15858,15364,,
1095170,L-GAW,light,Arabika Gayo Wine,B10,5,collecting,14,14767,2826,2809,7909,10663,2789,9858,16088,15873,15362,,
1096169,L-GAW,light,Arabika Gayo Wine,B10,5,collecting,15,14755,2828,2805,7909,10640,2789,9831,16087,15881,15354,,
1097169,L-GAW,light,Arabika Gayo Wine,B10,5,collecting,16,14732,2825,2807,7909,10618,2789,9806,16083,15881,15351,,
1098169,L-GAW,light,Arabika Gayo Wine,B10,5,collecting,17,14759,2828,2809,7909,10627,2789,9817,16108,15885,15400,,
1099169,L-GAW,light,Arabika Gayo Wine,B10,5,collecting,18,14873,2824,2808,7909,10662,2788,9857,16192,15923,15460,,
1100169,L-GAW,light,Arabika Gayo Wine,B10,5,collecting,19,15033,2825,2810,7909,10708,2789,9902,16304,15991,15528,,
1101169,L-GAW,light,Arabika Gayo Wine,B10,5,collecting,20,15177,2823,2809,7909,10750,2789,9937,16416,16075,15585,,
1102170,L-GAW,light,Arabika Gayo Wine,B10,5,collecting,21,15253,2824,2807,7909,10780,2788,9955,16489,16148,15620,,
1103169,L-GAW,light,Arabika Gayo Wine,B10,5,collecting,22,15315,2828,2807,7909,10816,2786,9984,16546,16205,15666,,
1104169,L-GAW,light,Arabika Gayo Wine,B10,5,collecting,23,15378,2824,2805,7910,10852,2788,10014,16603,16259,15701,,
1105169,L-GAW,light,Arabika Gayo Wine,B10,5,collecting,24,15431,2824,2810,7910,10887,2788,10039,16652,16310,15739,,
1106169,L-GAW,light,Arabika Gayo Wine,B10,5,collecting,25,15470,2825,2809,7911,10912,2788,10058,16695,16357,15761,,
1107169,L-GAW,light,Arabika Gayo Wine,B10,5,collecting,26,15494,2827,2809,7911,10935,2789,10075,16724,16393,15787,,
1108169,L-GAW,light,Arabika Gayo Wine,B10,5,collecting,27,15516,2827,2806,7911,10950,2788,10084,16750,16425,15797,,
1109169,L-GAW,light,Arabika Gayo Wine,B10,5,collecting,28,15527,2823,2808,7913,10956,2789,10081,16766,16447,15804,,
1110169,L-GAW,light,Arabika Gayo Wine,B10,5,collecting,29,15529,2825,2812,7913,10953,2789,10069,16774,16462,15805,,
1111170,L-GAW,light,Arabika Gayo Wine,B10,5,collecting,30,15527,2824,2805,7914,10947,2789,10056,16777,16470,15808,,
1112169,L-GAW,light,Arabika Gayo Wine,B10,5,collecting,31,15521,2824,2807,7914,10935,2788,10040,16782,16474,15799,,
1113169,L-GAW,light,Arabika Gayo Wine,B10,5,collecting,32,15494,2828,2807,7915,10915,2787,10015,16769,16470,15785,,
1114169,L-GAW,light,Arabika Gayo Wine,B10,5,collecting,33,15466,2826,2808,7916,10894,2788,9992,16755,16457,15779,,
1115169,L-GAW,light,Arabika Gayo Wine,B10,5,collecting,34,15453,2824,2809,7916,10881,2789,9981,16752,16445,15777,,
1116169,L-GAW,light,Arabika Gayo Wine,B10,5,collecting,35,15440,2824,2809,7916,10866,2789,9968,16748,16436,15771,,
1117169,L-GAW,light,Arabika Gayo Wine,B10,5,collecting,36,15427,2826,2805,7916,10850,2788,9952,16746,16427,15764,,
1118170,L-GAW,light,Arabika Gayo Wine,B10,5,collecting,37,15414,2823,2808,7917,10836,2786,9938,16743,16418,15761,,
1119169,L-GAW,light,Arabika Gayo Wine,B10,5,collecting,38,15399,2823,2810,7917,10821,2785,9924,16739,16409,15752,,
1120169,L-GAW,light,Arabika Gayo Wine,B10,5,collecting,39,15386,2824,2810,7917,10811,2789,9915,16736,16397,15758,,
1121169,L-GAW,light,Arabika Gayo Wine,B10,5,collecting,40,15390,2825,2807,7917,10806,2787,9913,16744,16393,15759,,
1122169,L-GAW,light,Arabika Gayo Wine,B10,5,collecting,41,15387,2828,2807,7917,10796,2789,9902,16748,16390,15752,,
1123169,L-GAW,light,Arabika Gayo Wine,B10,5,collecting,42,15372,2824,2808,7917,10784,2787,9890,16743,16383,15745,,
1124169,L-GAW,light,Arabika Gayo Wine,B10,5,collecting,43,15355,2825,2804,7917,10772,2788,9877,16737,16372,15740,,
1125169,L-GAW,light,Arabika Gayo Wine,B10,5,collecting,44,15349,2826,2806,7917,10767,2787,9874,16737,16363,15744,,
1126169,L-GAW,light,Arabika Gayo Wine,B10,5,collecting,45,15349,2828,2808,7917,10763,2788,9871,16742,16359,15744,,
1127170,L-GAW,light,Arabika Gayo Wine,B10,5,collecting,46,15346,2828,2808,7917,10757,2789,9867,16744,16355,15740,,
1128169,L-GAW,light,Arabika Gayo Wine,B10,5,collecting,47,15341,2824,2805,7917,10751,2787,9862,16745,16350,15741,,
1129169,L-GAW,light,Arabika Gayo Wine,B10,5,collecting,48,15335,2826,2805,7917,10744,2788,9857,16745,16345,15733,,
1130169,L-GAW,light,Arabika Gayo Wine,B10,5,collecting,49,15320,2829,2808,7917,10735,2789,9845,16739,16337,15731,,
1131169,L-GAW,light,Arabika Gayo Wine,B10,5,collecting,50,15312,2823,2808,7917,10729,2787,9842,16738,16330,15728,,
1132169,L-GAW,light,Arabika Gayo Wine,B10,5,collecting,51,15295,2826,2805,7917,10719,2791,9833,16731,16321,15718,,
1133169,L-GAW,light,Arabika Gayo Wine,B10,5,collecting,52,15276,2823,2811,7917,10709,2788,9826,16721,16310,15714,,
1134170,L-GAW,light,Arabika Gayo Wine,B10,5,collecting,53,15260,2826,2808,7917,10702,2787,9821,16716,16300,15708,,
1135169,L-GAW,light,Arabika Gayo Wine,B10,5,collecting,54,15243,2823,2809,7917,10694,2788,9817,16708,16288,15704,,
1136169,L-GAW,light,Arabika Gayo Wine,B10,5,collecting,55,15230,2827,2808,7917,10689,2788,9813,16704,16280,15701,,
1137169,L-GAW,light,Arabika Gayo Wine,B10,5,collecting,56,15217,2825,2809,7917,10683,2787,9809,16700,16272,15695,,
1138169,L-GAW,light,Arabika Gayo Wine,B10,5,collecting,57,15199,2824,2808,7917,10676,2788,9802,16693,16263,15691,,
1139169,L-GAW,light,Arabika Gayo Wine,B10,5,collecting,58,15181,2826,2808,7917,10668,2789,9797,16687,16252,15685,,
1140169,L-GAW,light,Arabika Gayo Wine,B10,5,collecting,59,15173,2823,2809,7918,10665,2788,9799,16685,16244,15686,,
1141169,L-GAW,light,Arabika Gayo Wine,B10,5,collecting,60,15167,2824,2809,7917,10663,2788,9799,16684,16238,15684,,
1142169,L-GAW,light,Arabika Gayo Wine,B10,5,collecting,61,15161,2825,2805,7918,10661,2789,9797,16684,16233,15683,,
1143170,L-GAW,light,Arabika Gayo Wine,B10,5,collecting,62,15156,2827,2811,7918,10658,2786,9797,16683,16229,15683,,
1144169,L-GAW,light,Arabika Gayo Wine,B10,5,collecting,63,15151,2826,2805,7918,10654,2789,9795,16684,16226,15678,,
1145169,L-GAW,light,Arabika Gayo Wine,B10,5,collecting,64,15133,2825,2807,7918,10646,2789,9787,16675,16219,15669,,
1146169,L-GAW,light,Arabika Gayo Wine,B10,5,collecting,65,15114,2825,2809,7918,10640,2787,9779,16665,16209,15665,,
1147169,L-GAW,light,Arabika Gayo Wine,B10,5,collecting,66,15093,2828,2806,7919,10631,2789,9771,16657,16200,15652,,
1148169,L-GAW,light,Arabika Gayo Wine,B10,5,collecting,67,15069,2825,2806,7918,10625,2788,9765,16643,16187,15653,,
1149169,L-GAW,light,Arabika Gayo Wine,B10,5,collecting,68,15073,2828,2807,7918,10631,2787,9780,16647,16180,15666,,
1150170,L-GAW,light,Arabika Gayo Wine,B10,5,collecting,69,15097,2824,2806,7918,10640,2787,9792,16663,16184,15674,,
1151169,L-GAW,light,Arabika Gayo Wine,B10,5,collecting,70,15106,2822,2808,7918,10643,2788,9794,16673,16191,15672,,
1152169,L-GAW,light,Arabika Gayo Wine,B10,5,collecting,71,15090,2823,2808,7918,10639,2789,9789,16668,16190,15667,,
1153169,L-GAW,light,Arabika Gayo Wine,B10,5,collecting,72,15082,2823,2808,7918,10644,2787,9797,16665,16186,15678,,
1154169,L-GAW,light,Arabika Gayo Wine,B10,5,collecting,73,15090,2824,2808,7918,10653,2788,9808,16673,16189,15684,,
1155169,L-GAW,light,Arabika Gayo Wine,B10,5,collecting,74,15085,2828,2808,7919,10658,2789,9813,16674,16192,15685,,
1156169,L-GAW,light,Arabika Gayo Wine,B10,5,collecting,75,15108,2825,2806,7919,10674,2788,9830,16689,16197,15707,,
1157169,L-GAW,light,Arabika Gayo Wine,B10,5,collecting,76,15170,2824,2806,7919,10700,2787,9860,16726,16217,15736,,
1158169,L-GAW,light,Arabika Gayo Wine,B10,5,collecting,77,15251,2827,2807,7919,10725,2789,9881,16772,16249,15759,,
1159170,L-GAW,light,Arabika Gayo Wine,B10,5,collecting,78,15326,2824,2807,7920,10745,2786,9896,16813,16283,15780,,
1160169,L-GAW,light,Arabika Gayo Wine,B10,5,collecting,79,15382,2824,2807,7920,10756,2789,9900,16842,16314,15790,,
1161169,L-GAW,light,Arabika Gayo Wine,B10,5,collecting,80,15414,2823,2807,7920,10762,2788,9899,16857,16335,15796,,
1162169,L-GAW,light,Arabika Gayo Wine,B10,5,collecting,81,15440,2828,2808,7920,10767,2788,9899,16868,16349,15800,,
1163169,L-GAW,light,Arabika Gayo Wine,B10,5,collecting,82,15453,2829,2807,7920,10766,2788,9895,16872,16358,15797,,
1164169,L-GAW,light,Arabika Gayo Wine,B10,5,collecting,83,15455,2826,2805,7921,10764,2788,9886,16869,16361,15796,,
1165169,L-GAW,light,Arabika Gayo Wine,B10,5,collecting,84,15460,2823,2806,7920,10762,2788,9883,16870,16363,15797,,
1166170,L-GAW,light,Arabika Gayo Wine,B10,5,collecting,85,15455,2828,2805,7921,10754,2789,9873,16865,16362,15783,,
1167169,L-GAW,light,Arabika Gayo Wine,B10,5,collecting,86,15434,2824,2807,7921,10742,2788,9861,16851,16354,15776,,
1168169,L-GAW,light,Arabika Gayo Wine,B10,5,collecting,87,15425,2825,2808,7921,10737,2788,9859,16844,16345,15777,,
1169169,L-GAW,light,Arabika Gayo Wine,B10,5,collecting,88,15419,2823,2810,7921,10733,2789,9854,16842,16340,15772,,
1170169,L-GAW,light,Arabika Gayo Wine,B10,5,collecting,89,15409,2828,2804,7921,10726,2789,9847,16836,16335,15766,,
1171169,L-GAW,light,Arabika Gayo Wine,B10,5,collecting,90,15397,2824,2805,7922,10718,2787,9840,16830,16328,15760,,
1172169,L-GAW,light,Arabika Gayo Wine,B10,5,collecting,91,15382,2827,2811,7922,10712,2787,9834,16821,16320,15757,,
1173169,L-GAW,light,Arabika Gayo Wine,B10,5,collecting,92,15378,2826,2808,7922,10709,2787,9833,16820,16314,15758,,
1174169,L-GAW,light,Arabika Gayo Wine,B10,5,collecting,93,15373,2827,2811,7923,10706,2788,9830,16818,16310,15755,,
1175170,L-GAW,light,Arabika Gayo Wine,B10,5,collecting,94,15374,2824,2807,7922,10705,2788,9832,16820,16307,15756,,
1176169,L-GAW,light,Arabika Gayo Wine,B10,5,collecting,95,15378,2823,2806,7923,10705,2789,9832,16823,16307,15756,,
1177169,L-GAW,light,Arabika Gayo Wine,B10,5,collecting,96,15375,2826,2809,7923,10701,2787,9826,16822,16306,15752,,
1178169,L-GAW,light,Arabika Gayo Wine,B10,5,collecting,97,15368,2824,2807,7923,10698,2788,9821,16819,16302,15751,,
1179169,L-GAW,light,Arabika Gayo Wine,B10,5,collecting,98,15370,2826,2809,7923,10697,2786,9822,16820,16300,15752,,
1180169,L-GAW,light,Arabika Gayo Wine,B10,5,collecting,99,15366,2826,2808,7923,10692,2788,9817,16819,16298,15746,,
1181169,L-GAW,light,Arabika Gayo Wine,B10,5,collecting,100,15358,2825,2808,7923,10687,2789,9812,16815,16294,15742,,
1182170,L-GAW,light,Arabika Gayo Wine,B10,5,collecting,101,15346,2823,2809,7923,10681,2787,9808,16808,16288,15736,,
1183169,L-GAW,light,Arabika Gayo Wine,B10,5,collecting,102,15329,2824,2808,7923,10673,2789,9799,16799,16280,15727,,
1184169,L-GAW,light,Arabika Gayo Wine,B10,5,collecting,103,15306,2826,2809,7923,10665,2788,9791,16787,16270,15720,,
1185169,L-GAW,light,Arabika Gayo Wine,B10,5,collecting,104,15282,2826,2804,7923,10655,2788,9785,16775,16258,15710,,
1186169,L-GAW,light,Arabika Gayo Wine,B10,5,collecting,105,15262,2826,2805,7923,10650,2787,9783,16765,16246,15708,,
1187169,L-GAW,light,Arabika Gayo Wine,B10,5,collecting,106,15255,2825,2808,7924,10648,2789,9786,16764,16238,15709,,
1188169,L-GAW,light,Arabika Gayo Wine,B10,5,collecting,107,15251,2826,2806,7924,10646,2788,9786,16763,16233,15706,,
1189169,L-GAW,light,Arabika Gayo Wine,B10,5,collecting,108,15245,2827,2806,7924,10645,2789,9785,16762,16229,15706,,
1190169,L-GAW,light,Arabika Gayo Wine,B10,5,collecting,109,15236,2824,2808,7924,10639,2788,9781,16757,16226,15698,,
1191170,L-GAW,light,Arabika Gayo Wine,B10,5,collecting,110,15227,2823,2810,7924,10638,2788,9778,16752,16219,15700,,
1192169,L-GAW,light,Arabika Gayo Wine,B10,5,collecting,111,15229,2826,2806,7924,10639,2787,9782,16755,16216,15702,,
1193169,L-GAW,light,Arabika Gayo Wine,B10,5,collecting,112,15236,2823,2805,7924,10642,2788,9786,16759,16217,15704,,
1194169,L-GAW,light,Arabika Gayo Wine,B10,5,collecting,113,15239,2826,2807,7924,10642,2788,9785,16762,16219,15702,,
1195169,L-GAW,light,Arabika Gayo Wine,B10,5,collecting,114,15234,2824,2808,7924,10638,2789,9782,16759,16217,15698,,
1196169,L-GAW,light,Arabika Gayo Wine,B10,5,collecting,115,15233,2823,2808,7924,10638,2788,9783,16759,16215,15700,,
1197169,L-GAW,light,Arabika Gayo Wine,B10,5,collecting,116,15232,2826,2805,7924,10636,2787,9780,16759,16214,15695,,
1198170,L-GAW,light,Arabika Gayo Wine,B10,5,collecting,117,15223,2823,2807,7925,10632,2787,9776,16753,16210,15690,,
1199169,L-GAW,light,Arabika Gayo Wine,B10,5,collecting,118,15215,2822,2805,7925,10630,2789,9774,16748,16205,15689,,
1200169,L-GAW,light,Arabika Gayo Wine,B10,5,collecting,119,15207,2826,2804,7925,10626,2787,9769,16744,16201,15684,,
1201169,L-GAW,light,Arabika Gayo Wine,B10,5,collecting,120,15194,2827,2808,7924,10621,2789,9767,16737,16195,15680,,
