timestamp,sample_id,roast_level,origin,batch_id,run_id,phase,sample_idx,adc_tgs822,adc_mq135,adc_mq9,adc_tgs2611,adc_tgs2620,adc_tgs2600,adc_tgs2602,adc_mq8,adc_tgs813,adc_tgs816,temperature,humidity
2170,D-TEM,dark,Arabika Temanggung Mukidi,B10,1,purging,1,10621,2816,2807,7871,9115,2782,9048,14385,13122,13875,,
3170,D-TEM,dark,Arabika Temanggung Mukidi,B10,1,purging,2,10613,2815,2809,7870,9113,2782,9047,14377,13112,13871,,
4169,D-TEM,dark,Arabika Temanggung Mukidi,B10,1,purging,3,10605,2815,2805,7870,9112,2784,9047,14369,13103,13867,,
5170,D-TEM,dark,Arabika Temanggung Mukidi,B10,1,purging,4,10598,2814,2805,7870,9111,2784,9047,14360,13094,13863,,
6170,D-TEM,dark,Arabika Temanggung Mukidi,B10,1,purging,5,10591,2815,2804,7870,9109,2785,9046,14351,13085,13858,,
7171,D-TEM,dark,Arabika Temanggung Mukidi,B10,1,purging,6,10583,2815,2805,7870,9109,2785,9045,14343,13077,13854,,
8170,D-TEM,dark,Arabika Temanggung Mukidi,B10,1,purging,7,10577,2818,2803,7870,9108,2782,9045,14335,13069,13850,,
9170,D-TEM,dark,Arabika Temanggung Mukidi,B10,1,purging,8,10570,2816,2805,7871,9107,2782,9046,14327,13061,13847,,
10170,D-TEM,dark,Arabika Temanggung Mukidi,B10,1,purging,9,10564,2814,2805,7870,9106,2782,9045,14320,13053,13843,,
11170,D-TEM,dark,Arabika Temanggung Mukidi,B10,1,purging,10,10558,2818,2804,7870,9104,2782,9045,14312,13045,13839,,
12170,D-TEM,dark,Arabika Temanggung Mukidi,B10,1,purging,11,10553,2813,2806,7870,9103,2783,9045,14305,13038,13836,,
13170,D-TEM,dark,Arabika Temanggung Mukidi,B10,1,purging,12,10547,2814,2805,7869,9103,2785,9046,14297,13031,13833,,
14171,D-TEM,dark,Arabika Temanggung Mukidi,B10,1,purging,13,10542,2813,2805,7869,9102,2785,9045,14289,13024,13829,,
15170,D-TEM,dark,Arabika Temanggung Mukidi,B10,1,purging,14,10536,2814,2805,7869,9102,2785,9045,14282,13017,13826,,
16171,D-TEM,dark,Arabika Temanggung Mukidi,B10,1,purging,15,10530,2815,2804,7869,9101,2785,9044,14275,13011,13823,,
17170,D-TEM,dark,Arabika Temanggung Mukidi,B10,1,purging,16,10526,2815,2806,7869,9100,2783,9045,14269,13004,13820,,
18170,D-TEM,dark,Arabika Temanggung Mukidi,B10,1,purging,17,10520,2816,2806,7869,9100,2783,9044,14262,12998,13817,,
19170,D-TEM,dark,Arabika Temanggung Mukidi,B10,1,purging,18,10517,2818,2804,7869,9100,2782,9045,14256,12992,13816,,
20170,D-TEM,dark,Arabika Temanggung Mukidi,B10,1,purging,19,10516,2814,2805,7869,9101,2784,9048,14250,12988,13815,,
21170,D-TEM,dark,Arabika Temanggung Mukidi,B10,1,purging,20,10515,2816,2805,7869,9103,2782,9049,14246,12985,13814,,
22170,D-TEM,dark,Arabika Temanggung Mukidi,B10,1,purging,21,10515,2815,2805,7869,9105,2784,9052,14241,12982,13813,,
23171,D-TEM,dark,Arabika Temanggung Mukidi,B10,1,purging,22,10514,2814,2802,7869,9106,2784,9055,14237,12979,13811,,
24170,D-TEM,dark,Arabika Temanggung Mukidi,B10,1,purging,23,10512,2815,2804,7869,9107,2786,9056,14231,12976,13809,,
25170,D-TEM,dark,Arabika Temanggung Mukidi,B10,1,purging,24,10510,2814,2804,7869,9107,2783,9056,14225,12972,13806,,
26170,D-TEM,dark,Arabika Temanggung Mukidi,B10,1,purging,25,10507,2813,2807,7869,9107,2785,9056,14219,12968,13804,,
27170,D-TEM,dark,Arabika Temanggung Mukidi,B10,1,purging,26,10504,2816,2805,7868,9106,2782,9056,14213,12964,13801,,
28170,D-TEM,dark,Arabika Temanggung Mukidi,B10,1,purging,27,10501,2815,2805,7868,9105,2785,9055,14207,12959,13798,,
29170,D-TEM,dark,Arabika Temanggung Mukidi,B10,1,purging,28,10498,2814,2810,7869,9105,2785,9055,14201,12955,13796,,
30171,D-TEM,dark,Arabika Temanggung Mukidi,B10,1,purging,29,10494,2815,2805,7868,9104,2785,9054,14195,12950,13793,,
31170,D-TEM,dark,Arabika Temanggung Mukidi,B10,1,purging,30,10495,2817,2805,7868,9104,2785,9053,14189,12947,13791,,
32171,D-TEM,dark,Arabika Temanggung Mukidi,B10,1,purging,31,10498,2818,2807,7868,9104,2782,9053,14185,12944,13790,,
33170,D-TEM,dark,Arabika Temanggung Mukidi,B10,1,purging,32,10501,2818,2807,7868,9107,2785,9054,14181,12943,13792,,
34170,D-TEM,dark,Arabika Temanggung Mukidi,B10,1,purging,33,10503,2816,2804,7869,9112,2783,9059,14179,12945,13792,,
35170,D-TEM,dark,Arabika Temanggung Mukidi,B10,1,purging,34,10503,2813,2804,7869,9116,2785,9061,14174,12948,13792,,
36170,D-TEM,dark,Arabika Temanggung Mukidi,B10,1,purging,35,10501,2815,2805,7869,9118,2784,9062,14169,12948,13790,,
37170,D-TEM,dark,Arabika Temanggung Mukidi,B10,1,purging,36,10498,2814,2806,7869,9118,2787,9061,14164,12946,13787,,
38170,D-TEM,dark,Arabika Temanggung Mukidi,B10,1,purging,37,10495,2814,2809,7869,9117,2784,9060,14158,12944,13784,,
39171,D-TEM,dark,Arabika Temanggung Mukidi,B10,1,purging,38,10491,2817,2805,7869,9114,2785,9058,14152,12939,13781,,
40170,D-TEM,dark,Arabika Temanggung Mukidi,B10,1,purging,39,10486,2813,2806,7869,9112,2782,9055,14145,12934,13777,,
41170,D-TEM,dark,Arabika Temanggung Mukidi,B10,1,purging,40,10480,2814,2807,7868,9109,2785,9052,14139,12929,13774,,
42170,D-TEM,dark,Arabika Temanggung Mukidi,B10,1,purging,41,10475,2817,2805,7868,9105,2785,9049,14133,12923,13770,,
43170,D-TEM,dark,Arabika Temanggung Mukidi,B10,1,purging,42,10471,2818,2805,7868,9102,2782,9047,14127,12917,13767,,
44170,D-TEM,dark,Arabika Temanggung Mukidi,B10,1,purging,43,10467,2816,2805,7868,9099,2783,9045,14121,12911,13763,,
45170,D-TEM,dark,Arabika Temanggung Mukidi,B10,1,purging,44,10463,2813,2805,7868,9095,2785,9042,14115,12905,13760,,
46171,D-TEM,dark,Arabika Temanggung Mukidi,B10,1,purging,45,10458,2815,2804,7868,9092,2785,9040,14109,12899,13757,,
47170,D-TEM,dark,Arabika Temanggung Mukidi,B10,1,purging,46,10453,2814,2805,7867,9089,2782,9038,14103,12893,13753,,
48171,D-TEM,dark,Arabika Temanggung Mukidi,B10,1,purging,47,10449,2814,2808,7867,9087,2784,9036,14098,12887,13751,,
49170,D-TEM,dark,Arabika Temanggung Mukidi,B10,1,purging,48,10444,2813,2805,7867,9085,2785,9035,14092,12881,13748,,
50170,D-TEM,dark,Arabika Temanggung Mukidi,B10,1,purging,49,10440,2816,2805,7867,9083,2782,9034,14087,12876,13746,,
51170,D-TEM,dark,Arabika Temanggung Mukidi,B10,1,purging,50,10436,2815,2804,7867,9081,2784,9033,14082,12870,13743,,
52170,D-TEM,dark,Arabika Temanggung Mukidi,B10,1,purging,51,10433,2815,2807,7867,9080,2787,9032,14077,12866,13741,,
53170,D-TEM,dark,Arabika Temanggung Mukidi,B10,1,purging,52,10429,2815,2805,7867,9078,2783,9031,14072,12861,13739,,
54170,D-TEM,dark,Arabika Temanggung Mukidi,B10,1,purging,53,10427,2818,2806,7867,9078,2782,9030,14067,12856,13737,,
55171,D-TEM,dark,Arabika Temanggung Mukidi,B10,1,purging,54,10425,2815,2805,7867,9077,2784,9031,14063,12853,13736,,
56170,D-TEM,dark,Arabika Temanggung Mukidi,B10,1,purging,55,10425,2818,2803,7867,9077,2783,9030,14059,12850,13734,,
57170,D-TEM,dark,Arabika Temanggung Mukidi,B10,1,purging,56,10426,2815,2804,7867,9076,2785,9030,14055,12846,13733,,
58170,D-TEM,dark,Arabika Temanggung Mukidi,B10,1,purging,57,10426,2815,2805,7867,9076,2785,9031,14051,12842,13731,,
59170,D-TEM,dark,Arabika Temanggung Mukidi,B10,1,purging,58,10425,2814,2804,7866,9075,2785,9030,14047,12839,13729,,
60170,D-TEM,dark,Arabika Temanggung Mukidi,B10,1,purging,59,10423,2814,2805,7866,9074,2782,9030,14043,12835,13727,,
61170,D-TEM,dark,Arabika Temanggung Mukidi,B10,1,purging,60,10420,2815,2805,7866,9073,2785,9029,14038,12831,13725,,
62171,D-TEM,dark,Arabika Temanggung Mukidi,B10,1,purging,61,10417,2817,2804,7866,9072,2782,9028,14034,12827,13723,,
63170,D-TEM,dark,Arabika Temanggung Mukidi,B10,1,purging,62,10414,2817,2805,7867,9070,2784,9028,14029,12823,13721,,
64171,D-TEM,dark,Arabika Temanggung Mukidi,B10,1,purging,63,10413,2813,2807,7866,9070,2782,9027,14025,12820,13719,,
65170,D-TEM,dark,Arabika Temanggung Mukidi,B10,1,purging,64,10410,2816,2805,7866,9069,2784,9026,14021,12816,13717,,
66170,D-TEM,dark,Arabika Temanggung Mukidi,B10,1,purging,65,10408,2814,2806,7866,9068,2784,9026,14016,12813,13716,,
67170,D-TEM,dark,Arabika Temanggung Mukidi,B10,1,purging,66,10407,2814,2805,7866,9067,2785,9026,14012,12809,13714,,
68170,D-TEM,dark,Arabika Temanggung Mukidi,B10,1,purging,67,10406,2816,2807,7866,9067,2785,9025,14008,12806,13713,,
69170,D-TEM,dark,Arabika Temanggung Mukidi,B10,1,purging,68,10407,2814,2804,7865,9067,2785,9024,14004,12803,13711,,
70170,D-TEM,dark,Arabika Temanggung Mukidi,B10,1,purging,69,10410,2816,2805,7866,9067,2785,9024,14001,12801,13710,,
71171,D-TEM,dark,Arabika Temanggung Mukidi,B10,1,purging,70,10411,2816,2805,7865,9067,2784,9024,13998,12800,13709,,
72170,D-TEM,dark,Arabika Temanggung Mukidi,B10,1,purging,71,10411,2815,2805,7865,9066,2785,9023,13994,12798,13707,,
73170,D-TEM,dark,Arabika Temanggung Mukidi,B10,1,purging,72,10411,2820,2806,7865,9064,2784,9023,13990,12795,13705,,
74170,D-TEM,dark,Arabika Temanggung Mukidi,B10,1,purging,73,10409,2817,2805,7865,9063,2784,9022,13986,12792,13703,,
75170,D-TEM,dark,Arabika Temanggung Mukidi,B10,1,purging,74,10407,2814,2805,7865,9062,2785,9022,13982,12788,13702,,
76170,D-TEM,dark,Arabika Temanggung Mukidi,B10,1,purging,75,10406,2818,2805,7865,9061,2782,9021,13978,12785,13700,,
77170,D-TEM,dark,Arabika Temanggung Mukidi,B10,1,purging,76,10406,2815,2805,7865,9060,2785,9021,13974,12784,13699,,
78171,D-TEM,dark,Arabika Temanggung Mukidi,B10,1,purging,77,10406,2815,2805,7864,9060,2785,9020,13971,12781,13698,,
79170,D-TEM,dark,Arabika Temanggung Mukidi,B10,1,purging,78,10404,2815,2804,7864,9059,2783,9019,13967,12779,13696,,
80171,D-TEM,dark,Arabika Temanggung Mukidi,B10,1,purging,79,10401,2814,2805,7864,9058,2783,9018,13963,12775,13694,,
81170,D-TEM,dark,Arabika Temanggung Mukidi,B10,1,purging,80,10399,2814,2805,7864,9057,2785,9017,13959,12771,13692,,
82170,D-TEM,dark,Arabika Temanggung Mukidi,B10,1,purging,81,10397,2816,2805,7864,9056,2784,9016,13955,12768,13690,,
83170,D-TEM,dark,Arabika Temanggung Mukidi,B10,1,purging,82,10395,2815,2804,7864,9054,2786,9016,13951,12765,13689,,
84170,D-TEM,dark,Arabika Temanggung Mukidi,B10,1,purging,83,10393,2814,2805,7864,9053,2785,9015,13948,12761,13688,,
85170,D-TEM,dark,Arabika Temanggung Mukidi,B10,1,purging,84,10391,2813,2805,7863,9052,2787,9015,13944,12759,13686,,
86170,D-TEM,dark,Arabika Temanggung Mukidi,B10,1,purging,85,10390,2815,2803,7863,9051,2784,9014,13940,12756,13684,,
87171,D-TEM,dark,Arabika Temanggung Mukidi,B10,1,purging,86,10388,2814,2804,7863,9050,2786,9012,13937,12753,13683,,
88170,D-TEM,dark,Arabika Temanggung Mukidi,B10,1,purging,87,10386,2815,2804,7863,9049,2785,9012,13933,12750,13682,,
89170,D-TEM,dark,Arabika Temanggung Mukidi,B10,1,purging,88,10384,2814,2807,7863,9049,2785,9012,13930,12747,13681,,
90170,D-TEM,dark,Arabika Temanggung Mukidi,B10,1,purging,89,10381,2814,2805,7863,9048,2785,9012,13927,12744,13679,,
91170,D-TEM,dark,Arabika Temanggung Mukidi,B10,1,purging,90,10380,2818,2804,7862,9047,2782,9012,13923,12740,13678,,
92170,D-TEM,dark,Arabika Temanggung Mukidi,B10,1,purging,91,10380,2812,2805,7863,9047,2784,9012,13920,12738,13677,,
93170,D-TEM,dark,Arabika Temanggung Mukidi,B10,1,purging,92,10382,2818,2804,7862,9048,2785,9011,13917,12736,13677,,
94171,D-TEM,dark,Arabika Temanggung Mukidi,B10,1,purging,93,10385,2814,2805,7863,9048,2785,9012,13915,12736,13676,,
95170,D-TEM,dark,Arabika Temanggung Mukidi,B10,1,purging,94,10389,2818,2805,7862,9049,2787,9012,13913,12736,13675,,
96171,D-TEM,dark,Arabika Temanggung Mukidi,B10,1,purging,95,10392,2815,2804,7862,9048,2785,9011,13910,12735,13674,,
97170,D-TEM,dark,Arabika Temanggung Mukidi,B10,1,purging,96,10394,2813,2805,7862,9048,2785,9011,13907,12734,13673,,
98170,D-TEM,dark,Arabika Temanggung Mukidi,B10,1,purging,97,10394,2815,2805,7862,9047,2785,9010,13905,12733,13672,,
99170,D-TEM,dark,Arabika Temanggung Mukidi,B10,1,purging,98,10392,2818,2804,7862,9046,2783,9010,13901,12730,13671,,
100170,D-TEM,dark,Arabika Temanggung Mukidi,B10,1,purging,99,10391,2816,2804,7862,9045,2784,9009,13898,12728,13670,,
101170,D-TEM,dark,Arabika Temanggung Mukidi,B10,1,purging,100,10393,2814,2805,7862,9046,2785,9010,13895,12727,13670,,
102170,D-TEM,dark,Arabika Temanggung Mukidi,B10,1,purging,101,10398,2815,2804,7862,9047,2782,9010,13893,12727,13670,,
103171,D-TEM,dark,Arabika Temanggung Mukidi,B10,1,purging,102,10403,2814,2805,7862,9048,2784,9011,13891,12728,13669,,
104170,D-TEM,dark,Arabika Temanggung Mukidi,B10,1,purging,103,10405,2815,2804,7862,9047,2786,9011,13889,12728,13668,,
105170,D-TEM,dark,Arabika Temanggung Mukidi,B10,1,purging,104,10404,2817,2805,7861,9046,2785,9009,13887,12727,13667,,
106170,D-TEM,dark,Arabika Temanggung Mukidi,B10,1,purging,105,10401,2817,2805,7862,9046,2786,9009,13884,12725,13666,,
107170,D-TEM,dark,Arabika Temanggung Mukidi,B10,1,purging,106,10398,2814,2805,7861,9045,2785,9009,13881,12722,13666,,
108170,D-TEM,dark,Arabika Temanggung Mukidi,B10,1,purging,107,10393,2815,2807,7861,9045,2787,9009,13878,12719,13667,,
109170,D-TEM,dark,Arabika Temanggung Mukidi,B10,1,purging,108,10387,2814,2805,7861,9045,2782,9010,13876,12717,13667,,
110171,D-TEM,dark,Arabika Temanggung Mukidi,B10,1,purging,109,10382,2813,2804,7861,9046,2784,9013,13875,12714,13667,,
111170,D-TEM,dark,Arabika Temanggung Mukidi,B10,1,purging,110,10377,2815,2805,7861,9047,2786,9015,13873,12712,13668,,
112171,D-TEM,dark,Arabika Temanggung Mukidi,B10,1,purging,111,10374,2815,2805,7861,9048,2786,9017,13871,12710,13669,,
113170,D-TEM,dark,Arabika Temanggung Mukidi,B10,1,purging,112,10372,2816,2807,7861,9050,2784,9021,13869,12709,13671,,
114170,D-TEM,dark,Arabika Temanggung Mukidi,B10,1,purging,113,10369,2814,2811,7861,9057,2782,9031,13874,12709,13691,,
115170,D-TEM,dark,Arabika Temanggung Mukidi,B10,1,purging,114,10363,2815,2809,7861,9068,2782,9046,13882,12712,13697,,
116170,D-TEM,dark,Arabika Temanggung Mukidi,B10,1,purging,115,10370,2818,2805,7861,9082,2785,9061,13886,12717,13701,,
117170,D-TEM,dark,Arabika Temanggung Mukidi,B10,1,purging,116,10396,2815,2805,7861,9095,2786,9072,13889,12728,13705,,
118170,D-TEM,dark,Arabika Temanggung Mukidi,B10,1,purging,117,10436,2818,2807,7862,9108,2785,9081,13893,12743,13710,,
119171,D-TEM,dark,Arabika Temanggung Mukidi,B10,1,purging,118,10477,2813,2805,7862,9117,2785,9085,13897,12760,13713,,
120170,D-TEM,dark,Arabika Temanggung Mukidi,B10,1,purging,119,10505,2815,2805,7862,9121,2785,9084,13898,12773,13713,,
121170,D-TEM,dark,Arabika Temanggung Mukidi,B10,1,purging,120,10520,2819,2805,7862,9121,2785,9080,13896,12782,13711,,
122173,D-TEM,dark,Arabika Temanggung Mukidi,B10,1,collecting,1,10554,2814,2807,7862,9163,2786,9098,13898,12787,13797,,
123170,D-TEM,dark,Arabika Temanggung Mukidi,B10,1,collecting,2,13902,2824,2805,7869,10677,2789,10422,14741,13661,15464,,
124170,D-TEM,dark,Arabika Temanggung Mukidi,B10,1,collecting,3,17340,2825,2805,7912,12238,2788,11664,16910,16796,16691,,
125170,D-TEM,dark,Arabika Temanggung Mukidi,B10,1,collecting,4,18699,2827,2806,7975,13050,2790,12238,18473,18837,17460,,
126171,D-TEM,dark,Arabika Temanggung Mukidi,B10,1,collecting,5,19341,2831,2804,8040,13494,2790,12486,19336,19656,17917,,
127170,D-TEM,dark,Arabika Temanggung Mukidi,B10,1,collecting,6,19667,2829,2806,8094,13725,2790,12568,19779,19976,18190,,
128171,D-TEM,dark,Arabika Temanggung Mukidi,B10,1,collecting,7,19851,2828,2805,8129,13860,2790,12592,20011,20104,18374,,
129170,D-TEM,dark,Arabika Temanggung Mukidi,B10,1,collecting,8,19958,2829,2807,8150,13920,2791,12557,20134,20154,18477,,
130170,D-TEM,dark,Arabika Temanggung Mukidi,B10,1,collecting,9,20017,2830,2805,8158,13919,2790,12474,20189,20158,18522,,
131170,D-TEM,dark,Arabika Temanggung Mukidi,B10,1,collecting,10,20045,2832,2803,8155,13893,2790,12393,20205,20133,18555,,
132170,D-TEM,dark,Arabika Temanggung Mukidi,B10,1,collecting,11,20061,2829,2805,8147,13854,2790,12328,20208,20103,18569,,
133170,D-TEM,dark,Arabika Temanggung Mukidi,B10,1,collecting,12,20067,2829,2806,8137,13804,2790,12256,20201,20072,18572,,
134170,D-TEM,dark,Arabika Temanggung Mukidi,B10,1,collecting,13,20067,2832,2805,8127,13749,2790,12188,20190,20039,18568,,
135171,D-TEM,dark,Arabika Temanggung Mukidi,B10,1,collecting,14,20060,2831,2805,8115,13685,2790,12114,20175,20005,18555,,
136170,D-TEM,dark,Arabika Temanggung Mukidi,B10,1,collecting,15,20042,2828,2805,8103,13602,2790,12018,20149,19965,18524,,
137170,D-TEM,dark,Arabika Temanggung Mukidi,B10,1,collecting,16,20022,2831,2805,8088,13532,2792,11952,20122,19920,18512,,
138170,D-TEM,dark,Arabika Temanggung Mukidi,B10,1,collecting,17,20001,2829,2805,8076,13459,2790,11887,20098,19883,18484,,
139170,D-TEM,dark,Arabika Temanggung Mukidi,B10,1,collecting,18,19973,2831,2809,8063,13379,2790,11813,20067,19840,18452,,
140170,D-TEM,dark,Arabika Temanggung Mukidi,B10,1,collecting,19,19945,2829,2804,8051,13307,2788,11754,20037,19798,18424,,
141170,D-TEM,dark,Arabika Temanggung Mukidi,B10,1,collecting,20,19917,2828,2806,8039,13240,2785,11701,20008,19759,18396,,
142171,D-TEM,dark,Arabika Temanggung Mukidi,B10,1,collecting,21,19886,2829,2807,8028,13174,2788,11648,19979,19720,18373,,
143170,D-TEM,dark,Arabika Temanggung Mukidi,B10,1,collecting,22,19862,2827,2804,8019,13123,2788,11619,19959,19689,18353,,
144171,D-TEM,dark,Arabika Temanggung Mukidi,B10,1,collecting,23,19834,2828,2806,8010,13064,2789,11566,19936,19658,18325,,
145170,D-TEM,dark,Arabika Temanggung Mukidi,B10,1,collecting,24,19803,2829,2805,8001,13000,2788,11508,19909,19622,18294,,
146170,D-TEM,dark,Arabika Temanggung Mukidi,B10,1,collecting,25,19775,2833,2805,7993,12953,2788,11480,19886,19588,18278,,
147170,D-TEM,dark,Arabika Temanggung Mukidi,B10,1,collecting,26,19751,2828,2808,7986,12912,2786,11456,19868,19563,18257,,
148170,D-TEM,dark,Arabika Temanggung Mukidi,B10,1,collecting,27,19729,2829,2805,7979,12878,2788,11443,19851,19540,18246,,
149170,D-TEM,dark,Arabika Temanggung Mukidi,B10,1,collecting,28,19708,2832,2805,7974,12838,2788,11414,19839,19521,18220,,
150170,D-TEM,dark,Arabika Temanggung Mukidi,B10,1,collecting,29,19680,2829,2806,7968,12790,2786,11364,19816,19493,18198,,
151171,D-TEM,dark,Arabika Temanggung Mukidi,B10,1,collecting,30,19663,2829,2806,7962,12770,2790,11365,19805,19469,18196,,
152170,D-TEM,dark,Arabika Temanggung Mukidi,B10,1,collecting,31,19649,2830,2805,7958,12744,2786,11349,19800,19459,18176,,
153170,D-TEM,dark,Arabika Temanggung Mukidi,B10,1,collecting,32,19630,2828,2806,7954,12712,2788,11318,19786,19440,18163,,
154170,D-TEM,dark,Arabika Temanggung Mukidi,B10,1,collecting,33,19614,2830,2804,7950,12685,2789,11302,19775,19422,18148,,
155170,D-TEM,dark,Arabika Temanggung Mukidi,B10,1,collecting,34,19596,2829,2807,7946,12654,2788,11275,19763,19403,18129,,
156170,D-TEM,dark,Arabika Temanggung Mukidi,B10,1,collecting,35,19577,2830,2805,7942,12617,2789,11243,19747,19382,18105,,
157170,D-TEM,dark,Arabika Temanggung Mukidi,B10,1,collecting,36,19554,2828,2805,7937,12578,2786,11203,19727,19353,18085,,
158171,D-TEM,dark,Arabika Temanggung Mukidi,B10,1,collecting,37,19535,2832,2804,7933,12554,2789,11192,19712,19329,18074,,
159170,D-TEM,dark,Arabika Temanggung Mukidi,B10,1,collecting,38,19523,2829,2805,7929,12537,2789,11194,19703,19314,18062,,
160171,D-TEM,dark,Arabika Temanggung Mukidi,B10,1,collecting,39,19507,2830,2805,7926,12510,2788,11170,19692,19300,18043,,
161170,D-TEM,dark,Arabika Temanggung Mukidi,B10,1,collecting,40,19493,2832,2805,7923,12492,2788,11161,19682,19283,18036,,
162170,D-TEM,dark,Arabika Temanggung Mukidi,B10,1,collecting,41,19479,2832,2809,7920,12463,2789,11137,19672,19270,18011,,
163170,D-TEM,dark,Arabika Temanggung Mukidi,B10,1,collecting,42,19457,2832,2807,7917,12427,2788,11094,19652,19246,17988,,
164170,D-TEM,dark,Arabika Temanggung Mukidi,B10,1,collecting,43,19441,2830,2804,7913,12409,2788,11089,19638,19224,17980,,
165170,D-TEM,dark,Arabika Temanggung Mukidi,B10,1,collecting,44,19424,2828,2806,7910,12381,2788,11063,19624,19207,17959,,
166170,D-TEM,dark,Arabika Temanggung Mukidi,B10,1,collecting,45,19406,2828,2805,7908,12355,2785,11039,19611,19187,17942,,
167171,D-TEM,dark,Arabika Temanggung Mukidi,B10,1,collecting,46,19392,2828,2805,7905,12338,2785,11034,19601,19170,17931,,
168170,D-TEM,dark,Arabika Temanggung Mukidi,B10,1,collecting,47,19384,2830,2808,7902,12331,2787,11036,19595,19160,17929,,
169170,D-TEM,dark,Arabika Temanggung Mukidi,B10,1,collecting,48,19380,2827,2805,7900,12323,2786,11038,19594,19157,17920,,
170170,D-TEM,dark,Arabika Temanggung Mukidi,B10,1,collecting,49,19373,2828,2805,7898,12312,2788,11031,19591,19151,17911,,
171170,D-TEM,dark,Arabika Temanggung Mukidi,B10,1,collecting,50,19362,2828,2808,7897,12292,2787,11009,19581,19140,17897,,
172170,D-TEM,dark,Arabika Temanggung Mukidi,B10,1,collecting,51,19350,2829,2805,7895,12276,2788,10998,19573,19127,17883,,
173170,D-TEM,dark,Arabika Temanggung Mukidi,B10,1,collecting,52,19333,2829,2805,7892,12247,2789,10963,19557,19110,17860,,
174171,D-TEM,dark,Arabika Temanggung Mukidi,B10,1,collecting,53,19316,2827,2806,7890,12228,2786,10952,19542,19088,17847,,
175170,D-TEM,dark,Arabika Temanggung Mukidi,B10,1,collecting,54,19298,2831,2805,7887,12201,2785,10928,19526,19069,17824,,
176171,D-TEM,dark,Arabika Temanggung Mukidi,B10,1,collecting,55,19279,2829,2805,7885,12178,2788,10908,19509,19046,17809,,
177170,D-TEM,dark,Arabika Temanggung Mukidi,B10,1,collecting,56,19267,2828,2805,7882,12167,2789,10910,19498,19028,17804,,
178170,D-TEM,dark,Arabika Temanggung Mukidi,B10,1,collecting,57,19263,2828,2805,7881,12169,2788,10922,19497,19023,17803,,
179170,D-TEM,dark,Arabika Temanggung Mukidi,B10,1,collecting,58,19262,2827,2805,7880,12170,2789,10929,19499,19024,17799,,
180170,D-TEM,dark,Arabika Temanggung Mukidi,B10,1,collecting,59,19255,2829,2804,7879,12156,2788,10909,19495,19022,17784,,
181170,D-TEM,dark,Arabika Temanggung Mukidi,B10,1,collecting,60,19246,2830,2807,7877,12143,2789,10897,19489,19013,17775,,
182170,D-TEM,dark,Arabika Temanggung Mukidi,B10,1,collecting,61,19236,2828,2806,7876,12129,2788,10885,19480,19002,17763,,
183171,D-TEM,dark,Arabika Temanggung Mukidi,B10,1,collecting,62,19223,2828,2804,7874,12109,2786,10862,19469,18988,17747,,
184170,D-TEM,dark,Arabika Temanggung Mukidi,B10,1,collecting,63,19210,2826,2805,7872,12096,2788,10851,19457,18973,17738,,
185170,D-TEM,dark,Arabika Temanggung Mukidi,B10,1,collecting,64,19202,2829,2806,7870,12090,2788,10850,19451,18963,17731,,
186170,D-TEM,dark,Arabika Temanggung Mukidi,B10,1,collecting,65,19197,2826,2806,7869,12084,2788,10848,19448,18957,17724,,
187170,D-TEM,dark,Arabika Temanggung Mukidi,B10,1,collecting,66,19188,2831,2807,7868,12069,2788,10835,19440,18950,17709,,
188170,D-TEM,dark,Arabika Temanggung Mukidi,B10,1,collecting,67,19173,2826,2806,7866,12048,2789,10813,19428,18936,17690,,
189170,D-TEM,dark,Arabika Temanggung Mukidi,B10,1,collecting,68,19155,2828,2807,7864,12028,2789,10795,19412,18917,17676,,
190171,D-TEM,dark,Arabika Temanggung Mukidi,B10,1,collecting,69,19139,2832,2807,7862,12011,2788,10780,19398,18899,17661,,
191170,D-TEM,dark,Arabika Temanggung Mukidi,B10,1,collecting,70,19126,2828,2805,7860,11997,2789,10775,19387,18884,17649,,
192171,D-TEM,dark,Arabika Temanggung Mukidi,B10,1,collecting,71,19108,2827,2804,7858,11975,2785,10752,19373,18870,17628,,
193170,D-TEM,dark,Arabika Temanggung Mukidi,B10,1,collecting,72,19094,2828,2805,7856,11966,2790,10750,19361,18853,17623,,
194170,D-TEM,dark,Arabika Temanggung Mukidi,B10,1,collecting,73,19081,2827,2805,7855,11952,2788,10741,19352,18843,17606,,
195170,D-TEM,dark,Arabika Temanggung Mukidi,B10,1,collecting,74,19068,2828,2807,7854,11943,2784,10733,19340,18828,17604,,
196170,D-TEM,dark,Arabika Temanggung Mukidi,B10,1,collecting,75,19067,2831,2805,7853,11949,2786,10752,19342,18826,17605,,
197170,D-TEM,dark,Arabika Temanggung Mukidi,B10,1,collecting,76,19068,2830,2804,7852,11951,2785,10750,19344,18828,17602,,
198170,D-TEM,dark,Arabika Temanggung Mukidi,B10,1,collecting,77,19063,2826,2805,7852,11945,2788,10745,19343,18827,17592,,
199171,D-TEM,dark,Arabika Temanggung Mukidi,B10,1,collecting,78,19060,2828,2805,7850,11943,2788,10747,19340,18822,17592,,
200170,D-TEM,dark,Arabika Temanggung Mukidi,B10,1,collecting,79,19062,2829,2804,7850,11947,2788,10755,19343,18824,17591,,
201170,D-TEM,dark,Arabika Temanggung Mukidi,B10,1,collecting,80,19059,2828,2804,7849,11941,2788,10745,19341,18824,17581,,
202170,D-TEM,dark,Arabika Temanggung Mukidi,B10,1,collecting,81,19054,2826,2812,7848,11935,2784,10735,19335,18818,17577,,
203170,D-TEM,dark,Arabika Temanggung Mukidi,B10,1,collecting,82,19050,2828,2805,7847,11931,2788,10736,19333,18813,17571,,
204170,D-TEM,dark,Arabika Temanggung Mukidi,B10,1,collecting,83,19047,2828,2805,7846,11928,2785,10730,19331,18809,17567,,
205170,D-TEM,dark,Arabika Temanggung Mukidi,B10,1,collecting,84,19040,2829,2804,7845,11916,2784,10716,19325,18805,17553,,
206171,D-TEM,dark,Arabika Temanggung Mukidi,B10,1,collecting,85,19030,2831,2805,7844,11906,2784,10706,19317,18794,17546,,
207170,D-TEM,dark,Arabika Temanggung Mukidi,B10,1,collecting,86,19022,2828,2807,7843,11898,2785,10702,19308,18784,17538,,
208171,D-TEM,dark,Arabika Temanggung Mukidi,B10,1,collecting,87,19014,2828,2805,7842,11888,2788,10693,19301,18776,17527,,
209170,D-TEM,dark,Arabika Temanggung Mukidi,B10,1,collecting,88,19004,2827,2805,7840,11875,2788,10683,19293,18766,17514,,
210170,D-TEM,dark,Arabika Temanggung Mukidi,B10,1,collecting,89,18995,2828,2806,7839,11870,2787,10680,19285,18755,17512,,
211170,D-TEM,dark,Arabika Temanggung Mukidi,B10,1,collecting,90,18990,2829,2810,7838,11865,2785,10681,19283,18750,17504,,
212170,D-TEM,dark,Arabika Temanggung Mukidi,B10,1,collecting,91,18981,2829,2805,7837,11856,2785,10667,19276,18743,17494,,
213170,D-TEM,dark,Arabika Temanggung Mukidi,B10,1,collecting,92,18971,2827,2807,7836,11846,2786,10657,19269,18734,17486,,
214170,D-TEM,dark,Arabika Temanggung Mukidi,B10,1,collecting,93,18962,2827,2805,7835,11838,2786,10654,19262,18724,17479,,
215171,D-TEM,dark,Arabika Temanggung Mukidi,B10,1,collecting,94,18954,2827,2805,7834,11832,2784,10654,19255,18718,17470,,
216170,D-TEM,dark,Arabika Temanggung Mukidi,B10,1,collecting,95,18944,2827,2805,7833,11823,2787,10647,19248,18711,17460,,
217170,D-TEM,dark,Arabika Temanggung Mukidi,B10,1,collecting,96,18934,2827,2805,7833,11812,2786,10638,19239,18701,17450,,
218170,D-TEM,dark,Arabika Temanggung Mukidi,B10,1,collecting,97,18922,2830,2805,7832,11800,2786,10625,19230,18690,17437,,
219170,D-TEM,dark,Arabika Temanggung Mukidi,B10,1,collecting,98,18905,2831,2805,7830,11781,2784,10605,19217,18676,17419,,
220170,D-TEM,dark,Arabika Temanggung Mukidi,B10,1,collecting,99,18887,2829,2805,7829,11761,2787,10587,19200,18658,17403,,
221170,D-TEM,dark,Arabika Temanggung Mukidi,B10,1,collecting,100,18870,2828,2805,7828,11751,2785,10579,19188,18641,17396,,
222171,D-TEM,dark,Arabika Temanggung Mukidi,B10,1,collecting,101,18860,2830,2805,7827,11746,2785,10582,19181,18632,17388,,
223170,D-TEM,dark,Arabika Temanggung Mukidi,B10,1,collecting,102,18855,2828,2807,7826,11746,2785,10587,19178,18628,17386,,
224171,D-TEM,dark,Arabika Temanggung Mukidi,B10,1,collecting,103,18847,2828,2805,7826,11737,2784,10576,19173,18623,17372,,
225170,D-TEM,dark,Arabika Temanggung Mukidi,B10,1,collecting,104,18836,2827,2806,7825,11728,2784,10565,19165,18615,17365,,
226170,D-TEM,dark,Arabika Temanggung Mukidi,B10,1,collecting,105,18827,2829,2804,7824,11720,2788,10562,19158,18607,17355,,
227170,D-TEM,dark,Arabika Temanggung Mukidi,B10,1,collecting,106,18819,2827,2805,7823,11713,2785,10556,19152,18598,17351,,
228170,D-TEM,dark,Arabika Temanggung Mukidi,B10,1,collecting,107,18813,2831,2807,7822,11710,2784,10556,19148,18593,17345,,
229170,D-TEM,dark,Arabika Temanggung Mukidi,B10,1,collecting,108,18810,2827,2805,7822,11709,2784,10564,19147,18589,17341,,
230170,D-TEM,dark,Arabika Temanggung Mukidi,B10,1,collecting,109,18807,2831,2806,7821,11706,2785,10564,19145,18586,17336,,
231171,D-TEM,dark,Arabika Temanggung Mukidi,B10,1,collecting,110,18801,2830,2807,7820,11702,2788,10558,19141,18581,17331,,
232170,D-TEM,dark,Arabika Temanggung Mukidi,B10,1,collecting,111,18798,2827,2805,7819,11703,2785,10560,19140,18578,17332,,
233170,D-TEM,dark,Arabika Temanggung Mukidi,B10,1,collecting,112,18795,2832,2807,7819,11705,2788,10562,19138,18577,17329,,
234170,D-TEM,dark,Arabika Temanggung Mukidi,B10,1,collecting,113,18790,2830,2807,7818,11710,2784,10570,19136,18575,17332,,
235170,D-TEM,dark,Arabika Temanggung Mukidi,B10,1,collecting,114,18790,2830,2805,7817,11726,2784,10589,19137,18576,17344,,
236170,D-TEM,dark,Arabika Temanggung Mukidi,B10,1,collecting,115,18792,2828,2804,7817,11751,2787,10618,19144,18584,17359,,
237170,D-TEM,dark,Arabika Temanggung Mukidi,B10,1,collecting,116,18788,2827,2805,7817,11774,2787,10642,19147,18594,17366,,
238171,D-TEM,dark,Arabika Temanggung Mukidi,B10,1,collecting,117,18775,2829,2805,7816,11781,2787,10644,19142,18597,17358,,
239170,D-TEM,dark,Arabika Temanggung Mukidi,B10,1,collecting,118,18749,2828,2805,7815,11772,2788,10629,19125,18586,17344,,
240171,D-TEM,dark,Arabika Temanggung Mukidi,B10,1,collecting,119,18717,2827,2807,7814,11761,2786,10621,19102,18565,17332,,
241170,D-TEM,dark,Arabika Temanggung Mukidi,B10,1,collecting,120,18696,2831,2808,7813,11772,2787,10643,19086,18546,17341,,
242173,D-TEM,dark,Arabika Temanggung Mukidi,B10,2,purging,1,18697,2827,2805,7813,11805,2784,10695,19089,18551,17359,,
243170,D-TEM,dark,Arabika Temanggung Mukidi,B10,2,purging,2,18703,2831,2805,7814,11835,2788,10732,19100,18572,17370,,
244170,D-TEM,dark,Arabika Temanggung Mukidi,B10,2,purging,3,18671,2829,2805,7814,11775,2787,10652,19080,18572,17286,,
245170,D-TEM,dark,Arabika Temanggung Mukidi,B10,2,purging,4,18570,2828,2806,7812,11634,2784,10476,18998,18498,17169,,
246170,D-TEM,dark,Arabika Temanggung Mukidi,B10,2,purging,5,18425,2827,2806,7808,11456,2788,10279,18879,18365,17039,,
247171,D-TEM,dark,Arabika Temanggung Mukidi,B10,2,purging,6,18248,2826,2805,7804,11271,2787,10099,18746,18202,16908,,
248170,D-TEM,dark,Arabika Temanggung Mukidi,B10,2,purging,7,18048,2826,2805,7800,11091,2785,9942,18610,18028,16782,,
249170,D-TEM,dark,Arabika Temanggung Mukidi,B10,2,purging,8,17828,2827,2805,7797,10923,2788,9811,18478,17851,16662,,
250170,D-TEM,dark,Arabika Temanggung Mukidi,B10,2,purging,9,17591,2830,2804,7794,10771,2785,9704,18354,17679,16551,,
251170,D-TEM,dark,Arabika Temanggung Mukidi,B10,2,purging,10,17339,2826,2804,7792,10636,2785,9615,18238,17514,16449,,
252170,D-TEM,dark,Arabika Temanggung Mukidi,B10,2,purging,11,17075,2826,2805,7791,10520,2785,9546,18133,17361,16358,,
253170,D-TEM,dark,Arabika Temanggung Mukidi,B10,2,purging,12,16802,2828,2805,7790,10420,2783,9493,18036,17219,16275,,
254171,D-TEM,dark,Arabika Temanggung Mukidi,B10,2,purging,13,16522,2824,2805,7789,10332,2785,9449,17947,17087,16196,,
255170,D-TEM,dark,Arabika Temanggung Mukidi,B10,2,purging,14,16238,2823,2809,7788,10254,2785,9413,17865,16964,16122,,
256171,D-TEM,dark,Arabika Temanggung Mukidi,B10,2,purging,15,15953,2824,2805,7788,10184,2784,9381,17788,16848,16053,,
257170,D-TEM,dark,Arabika Temanggung Mukidi,B10,2,purging,16,15671,2823,2805,7787,10121,2783,9354,17716,16740,15988,,
258170,D-TEM,dark,Arabika Temanggung Mukidi,B10,2,purging,17,15394,2824,2804,7787,10066,2785,9330,17648,16638,15927,,
259170,D-TEM,dark,Arabika Temanggung Mukidi,B10,2,purging,18,15125,2821,2804,7787,10016,2787,9310,17585,16544,15869,,
260170,D-TEM,dark,Arabika Temanggung Mukidi,B10,2,purging,19,14865,2823,2807,7787,9971,2782,9292,17525,16454,15814,,
261170,D-TEM,dark,Arabika Temanggung Mukidi,B10,2,purging,20,14618,2825,2805,7787,9931,2785,9277,17469,16370,15762,,
262170,D-TEM,dark,Arabika Temanggung Mukidi,B10,2,purging,21,14383,2820,2804,7787,9895,2783,9262,17415,16290,15713,,
263171,D-TEM,dark,Arabika Temanggung Mukidi,B10,2,purging,22,14164,2821,2806,7786,9862,2785,9249,17364,16215,15665,,
264170,D-TEM,dark,Arabika Temanggung Mukidi,B10,2,purging,23,13959,2822,2805,7787,9832,2783,9237,17314,16142,15620,,
265170,D-TEM,dark,Arabika Temanggung Mukidi,B10,2,purging,24,13769,2821,2807,7787,9804,2785,9226,17266,16074,15576,,
266170,D-TEM,dark,Arabika Temanggung Mukidi,B10,2,purging,25,13593,2820,2804,7787,9779,2782,9216,17220,16009,15534,,
267170,D-TEM,dark,Arabika Temanggung Mukidi,B10,2,purging,26,13432,2822,2807,7787,9756,2785,9207,17176,15947,15493,,
268170,D-TEM,dark,Arabika Temanggung Mukidi,B10,2,purging,27,13284,2820,2805,7787,9733,2783,9200,17134,15887,15454,,
269170,D-TEM,dark,Arabika Temanggung Mukidi,B10,2,purging,28,13148,2817,2808,7787,9712,2783,9192,17092,15829,15416,,
270171,D-TEM,dark,Arabika Temanggung Mukidi,B10,2,purging,29,13023,2822,2805,7787,9692,2786,9184,17052,15774,15379,,
271170,D-TEM,dark,Arabika Temanggung Mukidi,B10,2,purging,30,12909,2817,2808,7786,9673,2785,9177,17013,15720,15344,,
272171,D-TEM,dark,Arabika Temanggung Mukidi,B10,2,purging,31,12804,2816,2805,7786,9655,2785,9171,16975,15668,15310,,
273170,D-TEM,dark,Arabika Temanggung Mukidi,B10,2,purging,32,12708,2817,2807,7786,9639,2783,9165,16938,15618,15277,,
274170,D-TEM,dark,Arabika Temanggung Mukidi,B10,2,purging,33,12618,2817,2806,7787,9624,2784,9159,16902,15570,15246,,
275170,D-TEM,dark,Arabika Temanggung Mukidi,B10,2,purging,34,12536,2817,2807,7787,9610,2785,9154,16867,15523,15215,,
276170,D-TEM,dark,Arabika Temanggung Mukidi,B10,2,purging,35,12459,2818,2805,7787,9596,2784,9150,16834,15479,15184,,
277170,D-TEM,dark,Arabika Temanggung Mukidi,B10,2,purging,36,12389,2818,2805,7786,9583,2786,9145,16801,15435,15156,,
278170,D-TEM,dark,Arabika Temanggung Mukidi,B10,2,purging,37,12323,2818,2804,7787,9570,2782,9140,16768,15392,15127,,
279171,D-TEM,dark,Arabika Temanggung Mukidi,B10,2,purging,38,12263,2818,2806,7787,9558,2784,9136,16737,15351,15098,,
280170,D-TEM,dark,Arabika Temanggung Mukidi,B10,2,purging,39,12205,2820,2805,7787,9547,2784,9131,16705,15311,15071,,
281170,D-TEM,dark,Arabika Temanggung Mukidi,B10,2,purging,40,12150,2819,2805,7787,9535,2786,9126,16675,15272,15045,,
282170,D-TEM,dark,Arabika Temanggung Mukidi,B10,2,purging,41,12099,2815,2804,7787,9524,2782,9123,16645,15234,15020,,
283170,D-TEM,dark,Arabika Temanggung Mukidi,B10,2,purging,42,12050,2819,2804,7787,9515,2784,9121,16617,15197,14996,,
284170,D-TEM,dark,Arabika Temanggung Mukidi,B10,2,purging,43,12004,2820,2805,7787,9505,2782,9119,16589,15161,14973,,
285170,D-TEM,dark,Arabika Temanggung Mukidi,B10,2,purging,44,11961,2818,2806,7788,9496,2785,9117,16562,15126,14950,,
286171,D-TEM,dark,Arabika Temanggung Mukidi,B10,2,purging,45,11920,2819,2806,7788,9487,2785,9114,16535,15093,14926,,
287170,D-TEM,dark,Arabika Temanggung Mukidi,B10,2,purging,46,11882,2818,2810,7788,9479,2787,9111,16508,15059,14903,,
288171,D-TEM,dark,Arabika Temanggung Mukidi,B10,2,purging,47,11844,2817,2804,7788,9469,2785,9108,16481,15026,14880,,
289170,D-TEM,dark,Arabika Temanggung Mukidi,B10,2,purging,48,11809,2816,2805,7788,9461,2785,9103,16455,14994,14858,,
290170,D-TEM,dark,Arabika Temanggung Mukidi,B10,2,purging,49,11776,2817,2808,7788,9452,2784,9100,16429,14962,14837,,
291170,D-TEM,dark,Arabika Temanggung Mukidi,B10,2,purging,50,11744,2816,2806,7788,9443,2782,9096,16404,14931,14816,,
292170,D-TEM,dark,Arabika Temanggung Mukidi,B10,2,purging,51,11714,2817,2804,7787,9434,2784,9093,16380,14900,14796,,
293170,D-TEM,dark,Arabika Temanggung Mukidi,B10,2,purging,52,11684,2817,2805,7788,9425,2784,9090,16356,14871,14776,,
294170,D-TEM,dark,Arabika Temanggung Mukidi,B10,2,purging,53,11656,2818,2804,7788,9417,2785,9087,16333,14841,14757,,
295171,D-TEM,dark,Arabika Temanggung Mukidi,B10,2,purging,54,11629,2816,2807,7788,9410,2785,9084,16311,14813,14738,,
296170,D-TEM,dark,Arabika Temanggung Mukidi,B10,2,purging,55,11602,2818,2806,7788,9403,2784,9081,16288,14785,14720,,
297170,D-TEM,dark,Arabika Temanggung Mukidi,B10,2,purging,56,11576,2815,2805,7788,9396,2785,9079,16265,14758,14702,,
298170,D-TEM,dark,Arabika Temanggung Mukidi,B10,2,purging,57,11552,2816,2805,7788,9389,2785,9077,16243,14731,14684,,
299170,D-TEM,dark,Arabika Temanggung Mukidi,B10,2,purging,58,11528,2817,2806,7788,9382,2785,9075,16221,14705,14667,,
300170,D-TEM,dark,Arabika Temanggung Mukidi,B10,2,purging,59,11506,2817,2805,7788,9376,2784,9073,16200,14679,14649,,
301170,D-TEM,dark,Arabika Temanggung Mukidi,B10,2,purging,60,11485,2819,2807,7788,9370,2783,9070,16179,14654,14633,,
302171,D-TEM,dark,Arabika Temanggung Mukidi,B10,2,purging,61,11465,2820,2805,7788,9364,2785,9068,16158,14629,14616,,
303170,D-TEM,dark,Arabika Temanggung Mukidi,B10,2,purging,62,11445,2818,2805,7788,9357,2785,9066,16138,14606,14600,,
304171,D-TEM,dark,Arabika Temanggung Mukidi,B10,2,purging,63,11426,2816,2805,7787,9351,2782,9063,16118,14582,14584,,
305170,D-TEM,dark,Arabika Temanggung Mukidi,B10,2,purging,64,11406,2819,2805,7788,9345,2785,9060,16099,14559,14569,,
306170,D-TEM,dark,Arabika Temanggung Mukidi,B10,2,purging,65,11387,2817,2807,7788,9339,2782,9058,16079,14536,14554,,
307170,D-TEM,dark,Arabika Temanggung Mukidi,B10,2,purging,66,11369,2817,2804,7788,9333,2785,9057,16060,14513,14539,,
308170,D-TEM,dark,Arabika Temanggung Mukidi,B10,2,purging,67,11350,2814,2805,7787,9327,2783,9054,16041,14491,14524,,
309170,D-TEM,dark,Arabika Temanggung Mukidi,B10,2,purging,68,11332,2816,2805,7787,9322,2785,9053,16022,14469,14510,,
310170,D-TEM,dark,Arabika Temanggung Mukidi,B10,2,purging,69,11316,2819,2805,7788,9316,2785,9051,16003,14447,14495,,
311171,D-TEM,dark,Arabika Temanggung Mukidi,B10,2,purging,70,11299,2820,2804,7787,9311,2782,9048,15985,14426,14481,,
312170,D-TEM,dark,Arabika Temanggung Mukidi,B10,2,purging,71,11283,2814,2805,7787,9305,2784,9046,15967,14406,14468,,
313170,D-TEM,dark,Arabika Temanggung Mukidi,B10,2,purging,72,11266,2815,2805,7787,9300,2787,9044,15949,14385,14455,,
314170,D-TEM,dark,Arabika Temanggung Mukidi,B10,2,purging,73,11250,2815,2807,7787,9294,2784,9043,15932,14365,14441,,
315170,D-TEM,dark,Arabika Temanggung Mukidi,B10,2,purging,74,11234,2815,2804,7787,9288,2783,9039,15914,14344,14428,,
316170,D-TEM,dark,Arabika Temanggung Mukidi,B10,2,purging,75,11219,2815,2806,7787,9283,2785,9038,15897,14324,14416,,
317170,D-TEM,dark,Arabika Temanggung Mukidi,B10,2,purging,76,11205,2817,2805,7786,9279,2785,9035,15880,14305,14403,,
318171,D-TEM,dark,Arabika Temanggung Mukidi,B10,2,purging,77,11190,2816,2805,7786,9274,2786,9033,15863,14285,14390,,
319170,D-TEM,dark,Arabika Temanggung Mukidi,B10,2,purging,78,11176,2813,2805,7786,9268,2785,9032,15846,14266,14379,,
320171,D-TEM,dark,Arabika Temanggung Mukidi,B10,2,purging,79,11161,2818,2804,7786,9264,2785,9031,15830,14247,14367,,
321170,D-TEM,dark,Arabika Temanggung Mukidi,B10,2,purging,80,11146,2819,2806,7785,9259,2783,9029,15815,14229,14356,,
322170,D-TEM,dark,Arabika Temanggung Mukidi,B10,2,purging,81,11132,2815,2805,7785,9256,2784,9028,15798,14211,14344,,
323170,D-TEM,dark,Arabika Temanggung Mukidi,B10,2,purging,82,11118,2815,2805,7786,9252,2782,9027,15783,14193,14333,,
324170,D-TEM,dark,Arabika Temanggung Mukidi,B10,2,purging,83,11107,2816,2805,7785,9247,2784,9026,15768,14176,14323,,
325170,D-TEM,dark,Arabika Temanggung Mukidi,B10,2,purging,84,11095,2816,2804,7785,9243,2785,9025,15753,14159,14312,,
326170,D-TEM,dark,Arabika Temanggung Mukidi,B10,2,purging,85,11083,2817,2806,7785,9239,2782,9024,15737,14142,14301,,
327171,D-TEM,dark,Arabika Temanggung Mukidi,B10,2,purging,86,11072,2816,2805,7785,9235,2787,9022,15723,14125,14291,,
328170,D-TEM,dark,Arabika Temanggung Mukidi,B10,2,purging,87,11061,2815,2805,7785,9231,2785,9021,15708,14109,14281,,
329170,D-TEM,dark,Arabika Temanggung Mukidi,B10,2,purging,88,11051,2814,2804,7785,9228,2783,9019,15693,14094,14271,,
330170,D-TEM,dark,Arabika Temanggung Mukidi,B10,2,purging,89,11042,2817,2804,7785,9224,2785,9018,15678,14078,14261,,
331170,D-TEM,dark,Arabika Temanggung Mukidi,B10,2,purging,90,11032,2816,2805,7785,9221,2785,9017,15664,14063,14251,,
332170,D-TEM,dark,Arabika Temanggung Mukidi,B10,2,purging,91,11021,2815,2806,7785,9217,2784,9016,15650,14048,14242,,
333170,D-TEM,dark,Arabika Temanggung Mukidi,B10,2,purging,92,11011,2815,2804,7785,9213,2781,9015,15636,14033,14233,,
334171,D-TEM,dark,Arabika Temanggung Mukidi,B10,2,purging,93,11001,2818,2805,7784,9210,2785,9013,15622,14018,14224,,
335170,D-TEM,dark,Arabika Temanggung Mukidi,B10,2,purging,94,10992,2815,2804,7784,9206,2785,9013,15608,14004,14214,,
336171,D-TEM,dark,Arabika Temanggung Mukidi,B10,2,purging,95,10982,2815,2805,7784,9203,2785,9012,15594,13988,14205,,
337170,D-TEM,dark,Arabika Temanggung Mukidi,B10,2,purging,96,10971,2817,2804,7784,9200,2786,9011,15581,13974,14197,,
338170,D-TEM,dark,Arabika Temanggung Mukidi,B10,2,purging,97,10961,2818,2807,7784,9197,2785,9010,15568,13960,14188,,
339170,D-TEM,dark,Arabika Temanggung Mukidi,B10,2,purging,98,10952,2816,2805,7784,9194,2786,9010,15555,13946,14180,,
340170,D-TEM,dark,Arabika Temanggung Mukidi,B10,2,purging,99,10944,2818,2805,7784,9192,2785,9008,15542,13932,14171,,
341170,D-TEM,dark,Arabika Temanggung Mukidi,B10,2,purging,100,10936,2815,2805,7784,9189,2787,9006,15529,13919,14163,,
342170,D-TEM,dark,Arabika Temanggung Mukidi,B10,2,purging,101,10928,2820,2806,7785,9186,2785,9007,15516,13907,14155,,
343171,D-TEM,dark,Arabika Temanggung Mukidi,B10,2,purging,102,10920,2817,2805,7784,9184,2786,9006,15504,13893,14148,,
344170,D-TEM,dark,Arabika Temanggung Mukidi,B10,2,purging,103,10912,2817,2805,7784,9181,2785,9005,15491,13881,14140,,
345170,D-TEM,dark,Arabika Temanggung Mukidi,B10,2,purging,104,10904,2813,2806,7784,9178,2786,9004,15478,13868,14132,,
346170,D-TEM,dark,Arabika Temanggung Mukidi,B10,2,purging,105,10895,2814,2804,7784,9175,2785,9004,15466,13855,14125,,
347170,D-TEM,dark,Arabika Temanggung Mukidi,B10,2,purging,106,10887,2816,2805,7784,9172,2784,9003,15454,13842,14118,,
348170,D-TEM,dark,Arabika Temanggung Mukidi,B10,2,purging,107,10879,2819,2804,7784,9170,2782,9003,15442,13829,14110,,
349170,D-TEM,dark,Arabika Temanggung Mukidi,B10,2,purging,108,10871,2815,2805,7784,9167,2785,9001,15431,13817,14103,,
350171,D-TEM,dark,Arabika Temanggung Mukidi,B10,2,purging,109,10864,2816,2808,7784,9164,2782,9000,15419,13805,14097,,
351170,D-TEM,dark,Arabika Temanggung Mukidi,B10,2,purging,110,10856,2818,2804,7784,9163,2786,9000,15407,13793,14091,,
352171,D-TEM,dark,Arabika Temanggung Mukidi,B10,2,purging,111,10849,2819,2805,7783,9160,2785,9001,15397,13781,14085,,
353170,D-TEM,dark,Arabika Temanggung Mukidi,B10,2,purging,112,10840,2818,2804,7783,9159,2785,9002,15385,13770,14080,,
354170,D-TEM,dark,Arabika Temanggung Mukidi,B10,2,purging,113,10833,2816,2808,7783,9158,2785,9003,15375,13758,14073,,
355170,D-TEM,dark,Arabika Temanggung Mukidi,B10,2,purging,114,10825,2814,2805,7783,9156,2784,9004,15364,13748,14067,,
356170,D-TEM,dark,Arabika Temanggung Mukidi,B10,2,purging,115,10817,2816,2804,7783,9155,2784,9004,15353,13736,14062,,
357170,D-TEM,dark,Arabika Temanggung Mukidi,B10,2,purging,116,10810,2819,2805,7784,9154,2785,9005,15343,13726,14057,,
358170,D-TEM,dark,Arabika Temanggung Mukidi,B10,2,purging,117,10804,2815,2808,7783,9154,2784,9006,15333,13716,14052,,
359171,D-TEM,dark,Arabika Temanggung Mukidi,B10,2,purging,118,10798,2817,2805,7783,9154,2785,9008,15323,13706,14048,,
360170,D-TEM,dark,Arabika Temanggung Mukidi,B10,2,purging,119,10792,2813,2805,7783,9154,2785,9009,15313,13696,14042,,
361170,D-TEM,dark,Arabika Temanggung Mukidi,B10,2,purging,120,10787,2815,2804,7784,9154,2784,9010,15303,13687,14037,,
362173,D-TEM,dark,Arabika Temanggung Mukidi,B10,2,collecting,1,10783,2816,2804,7784,9154,2784,9011,15293,13678,14032,,
363170,D-TEM,dark,Arabika Temanggung Mukidi,B10,2,collecting,2,10781,2816,2806,7784,9154,2785,9012,15284,13669,14029,,
364170,D-TEM,dark,Arabika Temanggung Mukidi,B10,2,collecting,3,11089,2820,2805,7783,9298,2786,9134,15314,13687,14257,,
365170,D-TEM,dark,Arabika Temanggung Mukidi,B10,2,collecting,4,13781,2818,2805,7788,10116,2784,9881,15866,14292,15036,,
366171,D-TEM,dark,Arabika Temanggung Mukidi,B10,2,collecting,5,16134,2823,2805,7802,10947,2785,10543,16810,15659,15707,,
367170,D-TEM,dark,Arabika Temanggung Mukidi,B10,2,collecting,6,17539,2825,2806,7819,11574,2790,11008,17745,17053,16292,,
368171,D-TEM,dark,Arabika Temanggung Mukidi,B10,2,collecting,7,18271,2826,2809,7837,11909,2788,11196,18402,18018,16630,,
369170,D-TEM,dark,Arabika Temanggung Mukidi,B10,2,collecting,8,18660,2827,2805,7851,12092,2788,11253,18794,18543,16860,,
370170,D-TEM,dark,Arabika Temanggung Mukidi,B10,2,collecting,9,18885,2827,2805,7861,12204,2788,11263,19030,18821,17026,,
371170,D-TEM,dark,Arabika Temanggung Mukidi,B10,2,collecting,10,19031,2826,2805,7866,12276,2788,11264,19180,18973,17146,,
372170,D-TEM,dark,Arabika Temanggung Mukidi,B10,2,collecting,11,19124,2831,2809,7868,12309,2785,11235,19272,19053,17220,,
373170,D-TEM,dark,Arabika Temanggung Mukidi,B10,2,collecting,12,19174,2830,2808,7868,12305,2788,11179,19318,19083,17252,,
374170,D-TEM,dark,Arabika Temanggung Mukidi,B10,2,collecting,13,19190,2828,2805,7864,12265,2789,11094,19325,19071,17253,,
375171,D-TEM,dark,Arabika Temanggung Mukidi,B10,2,collecting,14,19183,2828,2805,7859,12211,2788,11012,19307,19031,17247,,
376170,D-TEM,dark,Arabika Temanggung Mukidi,B10,2,collecting,15,19172,2827,2806,7854,12169,2788,10960,19288,18986,17254,,
377170,D-TEM,dark,Arabika Temanggung Mukidi,B10,2,collecting,16,19165,2830,2806,7849,12137,2788,10934,19278,18949,17260,,
378170,D-TEM,dark,Arabika Temanggung Mukidi,B10,2,collecting,17,19154,2828,2805,7844,12101,2788,10897,19269,18917,17256,,
379170,D-TEM,dark,Arabika Temanggung Mukidi,B10,2,collecting,18,19141,2828,2805,7840,12068,2789,10867,19258,18885,17258,,
380170,D-TEM,dark,Arabika Temanggung Mukidi,B10,2,collecting,19,19131,2828,2806,7836,12046,2788,10851,19255,18858,17267,,
381170,D-TEM,dark,Arabika Temanggung Mukidi,B10,2,collecting,20,19125,2829,2805,7833,12027,2789,10837,19257,18840,17272,,
382171,D-TEM,dark,Arabika Temanggung Mukidi,B10,2,collecting,21,19112,2832,2806,7829,11996,2789,10805,19253,18819,17262,,
383170,D-TEM,dark,Arabika Temanggung Mukidi,B10,2,collecting,22,19097,2831,2805,7826,11971,2789,10781,19244,18792,17265,,
384171,D-TEM,dark,Arabika Temanggung Mukidi,B10,2,collecting,23,19085,2832,2805,7823,11949,2789,10763,19240,18770,17263,,
385170,D-TEM,dark,Arabika Temanggung Mukidi,B10,2,collecting,24,19073,2828,2805,7820,11928,2787,10747,19234,18748,17261,,
386170,D-TEM,dark,Arabika Temanggung Mukidi,B10,2,collecting,25,19061,2832,2805,7818,11910,2788,10734,19231,18728,17260,,
387170,D-TEM,dark,Arabika Temanggung Mukidi,B10,2,collecting,26,19049,2828,2807,7815,11890,2789,10719,19226,18709,17255,,
388170,D-TEM,dark,Arabika Temanggung Mukidi,B10,2,collecting,27,19034,2828,2805,7813,11864,2786,10696,19218,18689,17242,,
389170,D-TEM,dark,Arabika Temanggung Mukidi,B10,2,collecting,28,19009,2832,2806,7811,11827,2786,10655,19200,18660,17220,,
390170,D-TEM,dark,Arabika Temanggung Mukidi,B10,2,collecting,29,18982,2827,2805,7808,11795,2788,10627,19178,18625,17209,,
391171,D-TEM,dark,Arabika Temanggung Mukidi,B10,2,collecting,30,18966,2827,2804,7806,11781,2787,10628,19166,18598,17210,,
392170,D-TEM,dark,Arabika Temanggung Mukidi,B10,2,collecting,31,18953,2827,2804,7805,11766,2784,10620,19162,18582,17201,,
393170,D-TEM,dark,Arabika Temanggung Mukidi,B10,2,collecting,32,18932,2829,2805,7803,11738,2787,10592,19149,18561,17182,,
394170,D-TEM,dark,Arabika Temanggung Mukidi,B10,2,collecting,33,18909,2827,2809,7801,11714,2788,10573,19133,18535,17172,,
395170,D-TEM,dark,Arabika Temanggung Mukidi,B10,2,collecting,34,18892,2829,2804,7799,11697,2787,10565,19121,18512,17166,,
396170,D-TEM,dark,Arabika Temanggung Mukidi,B10,2,collecting,35,18877,2828,2806,7798,11683,2784,10559,19114,18494,17158,,
397170,D-TEM,dark,Arabika Temanggung Mukidi,B10,2,collecting,36,18859,2832,2805,7797,11660,2788,10538,19103,18476,17140,,
398171,D-TEM,dark,Arabika Temanggung Mukidi,B10,2,collecting,37,18833,2828,2804,7795,11630,2786,10509,19085,18450,17118,,
399170,D-TEM,dark,Arabika Temanggung Mukidi,B10,2,collecting,38,18802,2828,2805,7793,11593,2787,10474,19060,18418,17091,,
400171,D-TEM,dark,Arabika Temanggung Mukidi,B10,2,collecting,39,18771,2830,2805,7792,11567,2787,10453,19034,18381,17081,,
401170,D-TEM,dark,Arabika Temanggung Mukidi,B10,2,collecting,40,18757,2829,2807,7790,11563,2787,10461,19027,18359,17083,,
402170,D-TEM,dark,Arabika Temanggung Mukidi,B10,2,collecting,41,18748,2832,2808,7790,11561,2786,10467,19024,18350,17080,,
403170,D-TEM,dark,Arabika Temanggung Mukidi,B10,2,collecting,42,18744,2828,2805,7789,11561,2788,10479,19025,18345,17083,,
404170,D-TEM,dark,Arabika Temanggung Mukidi,B10,2,collecting,43,18744,2829,2805,7788,11566,2788,10487,19030,18344,17087,,
405170,D-TEM,dark,Arabika Temanggung Mukidi,B10,2,collecting,44,18743,2827,2808,7788,11563,2788,10483,19034,18344,17083,,
406170,D-TEM,dark,Arabika Temanggung Mukidi,B10,2,collecting,45,18734,2830,2805,7787,11550,2785,10465,19030,18337,17070,,
407171,D-TEM,dark,Arabika Temanggung Mukidi,B10,2,collecting,46,18717,2828,2805,7785,11527,2788,10441,19016,18321,17051,,
408170,D-TEM,dark,Arabika Temanggung Mukidi,B10,2,collecting,47,18694,2829,2804,7784,11501,2786,10415,18997,18296,17033,,
409170,D-TEM,dark,Arabika Temanggung Mukidi,B10,2,collecting,48,18676,2828,2805,7782,11487,2786,10408,18981,18272,17027,,
410170,D-TEM,dark,Arabika Temanggung Mukidi,B10,2,collecting,49,18662,2831,2805,7781,11473,2787,10399,18972,18255,17013,,
411170,D-TEM,dark,Arabika Temanggung Mukidi,B10,2,collecting,50,18642,2827,2807,7780,11454,2784,10377,18959,18237,16997,,
412170,D-TEM,dark,Arabika Temanggung Mukidi,B10,2,collecting,51,18624,2828,2810,7779,11439,2786,10366,18945,18218,16987,,
413170,D-TEM,dark,Arabika Temanggung Mukidi,B10,2,collecting,52,18610,2831,2807,7778,11429,2784,10363,18935,18201,16980,,
414171,D-TEM,dark,Arabika Temanggung Mukidi,B10,2,collecting,53,18597,2827,2805,7777,11421,2787,10359,18926,18188,16972,,
415170,D-TEM,dark,Arabika Temanggung Mukidi,B10,2,collecting,54,18589,2829,2805,7777,11419,2785,10362,18922,18179,16972,,
416171,D-TEM,dark,Arabika Temanggung Mukidi,B10,2,collecting,55,18587,2829,2807,7775,11423,2787,10371,18923,18175,16974,,
417170,D-TEM,dark,Arabika Temanggung Mukidi,B10,2,collecting,56,18581,2828,2805,7775,11415,2788,10365,18921,18172,16961,,
418170,D-TEM,dark,Arabika Temanggung Mukidi,B10,2,collecting,57,18564,2828,2806,7774,11395,2787,10341,18909,18158,16943,,
419170,D-TEM,dark,Arabika Temanggung Mukidi,B10,2,collecting,58,18543,2827,2808,7772,11380,2788,10325,18892,18137,16936,,
420170,D-TEM,dark,Arabika Temanggung Mukidi,B10,2,collecting,59,18544,2827,2805,7772,11395,2788,10353,18893,18129,16957,,
421170,D-TEM,dark,Arabika Temanggung Mukidi,B10,2,collecting,60,18564,2827,2805,7772,11419,2785,10386,18912,18142,16971,,
422170,D-TEM,dark,Arabika Temanggung Mukidi,B10,2,collecting,61,18575,2828,2805,7771,11429,2783,10390,18926,18159,16971,,
423171,D-TEM,dark,Arabika Temanggung Mukidi,B10,2,collecting,62,18582,2831,2804,7771,11440,2785,10395,18933,18167,16982,,
424170,D-TEM,dark,Arabika Temanggung Mukidi,B10,2,collecting,63,18604,2830,2805,7770,11468,2788,10427,18951,18181,17007,,
425170,D-TEM,dark,Arabika Temanggung Mukidi,B10,2,collecting,64,18632,2827,2805,7770,11496,2786,10457,18975,18207,17024,,
426170,D-TEM,dark,Arabika Temanggung Mukidi,B10,2,collecting,65,18652,2830,2803,7770,11508,2784,10461,18993,18228,17030,,
427170,D-TEM,dark,Arabika Temanggung Mukidi,B10,2,collecting,66,18659,2829,2805,7769,11510,2789,10455,18999,18239,17029,,
428170,D-TEM,dark,Arabika Temanggung Mukidi,B10,2,collecting,67,18661,2828,2805,7769,11507,2784,10446,18997,18239,17025,,
429170,D-TEM,dark,Arabika Temanggung Mukidi,B10,2,collecting,68,18656,2830,2806,7768,11498,2788,10431,18993,18233,17017,,
430171,D-TEM,dark,Arabika Temanggung Mukidi,B10,2,collecting,69,18643,2832,2808,7767,11482,2786,10409,18981,18222,17001,,
431170,D-TEM,dark,Arabika Temanggung Mukidi,B10,2,collecting,70,18626,2830,2806,7766,11466,2786,10391,18963,18204,16989,,
432171,D-TEM,dark,Arabika Temanggung Mukidi,B10,2,collecting,71,18612,2831,2804,7765,11457,2787,10385,18952,18189,16984,,
433170,D-TEM,dark,Arabika Temanggung Mukidi,B10,2,collecting,72,18603,2827,2807,7765,11452,2788,10383,18946,18178,16979,,
434170,D-TEM,dark,Arabika Temanggung Mukidi,B10,2,collecting,73,18593,2831,2805,7764,11445,2786,10379,18939,18170,16973,,
435170,D-TEM,dark,Arabika Temanggung Mukidi,B10,2,collecting,74,18586,2828,2805,7763,11441,2784,10380,18934,18162,16971,,
436170,D-TEM,dark,Arabika Temanggung Mukidi,B10,2,collecting,75,18580,2829,2805,7763,11436,2786,10378,18931,18156,16967,,
437170,D-TEM,dark,Arabika Temanggung Mukidi,B10,2,collecting,76,18570,2828,2805,7762,11428,2788,10370,18925,18149,16958,,
438170,D-TEM,dark,Arabika Temanggung Mukidi,B10,2,collecting,77,18564,2831,2805,7762,11428,2787,10376,18920,18141,16965,,
439171,D-TEM,dark,Arabika Temanggung Mukidi,B10,2,collecting,78,18572,2828,2804,7761,11442,2784,10396,18928,18142,16978,,
440170,D-TEM,dark,Arabika Temanggung Mukidi,B10,2,collecting,79,18586,2827,2805,7761,11457,2785,10413,18942,18152,16987,,
441170,D-TEM,dark,Arabika Temanggung Mukidi,B10,2,collecting,80,18596,2827,2805,7760,11466,2785,10415,18953,18163,16990,,
442170,D-TEM,dark,Arabika Temanggung Mukidi,B10,2,collecting,81,18606,2829,2807,7760,11476,2784,10424,18962,18170,17000,,
443170,D-TEM,dark,Arabika Temanggung Mukidi,B10,2,collecting,82,18618,2829,2808,7760,11485,2786,10434,18973,18179,17007,,
444170,D-TEM,dark,Arabika Temanggung Mukidi,B10,2,collecting,83,18627,2828,2805,7760,11490,2787,10436,18981,18186,17009,,
445170,D-TEM,dark,Arabika Temanggung Mukidi,B10,2,collecting,84,18627,2828,2805,7759,11486,2785,10425,18982,18188,17001,,
446171,D-TEM,dark,Arabika Temanggung Mukidi,B10,2,collecting,85,18616,2828,2807,7758,11468,2788,10401,18971,18179,16983,,
447170,D-TEM,dark,Arabika Temanggung Mukidi,B10,2,collecting,86,18593,2828,2805,7758,11441,2786,10372,18951,18159,16959,,
448171,D-TEM,dark,Arabika Temanggung Mukidi,B10,2,collecting,87,18562,2828,2805,7756,11411,2786,10340,18924,18129,16937,,
449170,D-TEM,dark,Arabika Temanggung Mukidi,B10,2,collecting,88,18537,2832,2805,7755,11394,2787,10333,18903,18102,16928,,
450170,D-TEM,dark,Arabika Temanggung Mukidi,B10,2,collecting,89,18518,2830,2807,7755,11381,2786,10328,18889,18082,16917,,
451170,D-TEM,dark,Arabika Temanggung Mukidi,B10,2,collecting,90,18507,2827,2810,7754,11381,2785,10336,18882,18068,16918,,
452170,D-TEM,dark,Arabika Temanggung Mukidi,B10,2,collecting,91,18501,2828,2806,7754,11379,2787,10339,18879,18062,16913,,
453170,D-TEM,dark,Arabika Temanggung Mukidi,B10,2,collecting,92,18491,2830,2807,7753,11374,2787,10332,18875,18057,16908,,
454170,D-TEM,dark,Arabika Temanggung Mukidi,B10,2,collecting,93,18485,2827,2804,7753,11371,2784,10332,18871,18052,16905,,
455171,D-TEM,dark,Arabika Temanggung Mukidi,B10,2,collecting,94,18479,2828,2804,7753,11368,2785,10330,18868,18046,16901,,
456170,D-TEM,dark,Arabika Temanggung Mukidi,B10,2,collecting,95,18471,2829,2805,7752,11363,2786,10327,18864,18041,16894,,
457170,D-TEM,dark,Arabika Temanggung Mukidi,B10,2,collecting,96,18459,2826,2808,7751,11355,2787,10320,18856,18033,16886,,
458170,D-TEM,dark,Arabika Temanggung Mukidi,B10,2,collecting,97,18452,2827,2805,7751,11356,2786,10323,18851,18025,16888,,
459170,D-TEM,dark,Arabika Temanggung Mukidi,B10,2,collecting,98,18452,2827,2804,7751,11361,2785,10334,18852,18024,16889,,
460170,D-TEM,dark,Arabika Temanggung Mukidi,B10,2,collecting,99,18449,2827,2805,7751,11360,2786,10332,18852,18024,16883,,
461170,D-TEM,dark,Arabika Temanggung Mukidi,B10,2,collecting,100,18441,2828,2805,7750,11353,2784,10322,18847,18021,16875,,
462171,D-TEM,dark,Arabika Temanggung Mukidi,B10,2,collecting,101,18430,2826,2805,7750,11347,2786,10314,18839,18012,16870,,
463170,D-TEM,dark,Arabika Temanggung Mukidi,B10,2,collecting,102,18424,2832,2805,7750,11345,2788,10313,18833,18005,16868,,
464171,D-TEM,dark,Arabika Temanggung Mukidi,B10,2,collecting,103,18421,2828,2804,7749,11346,2786,10319,18833,18001,16868,,
465170,D-TEM,dark,Arabika Temanggung Mukidi,B10,2,collecting,104,18419,2826,2805,7749,11346,2787,10319,18832,17999,16867,,
466170,D-TEM,dark,Arabika Temanggung Mukidi,B10,2,collecting,105,18417,2826,2805,7749,11344,2783,10319,18832,17996,16863,,
467170,D-TEM,dark,Arabika Temanggung Mukidi,B10,2,collecting,106,18410,2828,2805,7748,11339,2787,10316,18827,17991,16857,,
468170,D-TEM,dark,Arabika Temanggung Mukidi,B10,2,collecting,107,18405,2827,2807,7748,11337,2786,10319,18823,17985,16857,,
469170,D-TEM,dark,Arabika Temanggung Mukidi,B10,2,collecting,108,18401,2828,2805,7748,11332,2787,10315,18821,17980,16848,,
470170,D-TEM,dark,Arabika Temanggung Mukidi,B10,2,collecting,109,18385,2825,2805,7747,11318,2786,10297,18809,17970,16832,,
471171,D-TEM,dark,Arabika Temanggung Mukidi,B10,2,collecting,110,18368,2827,2807,7747,11308,2784,10288,18796,17954,16826,,
472170,D-TEM,dark,Arabika Temanggung Mukidi,B10,2,collecting,111,18363,2831,2805,7746,11312,2787,10299,18792,17943,16835,,
473170,D-TEM,dark,Arabika Temanggung Mukidi,B10,2,collecting,112,18375,2831,2807,7746,11331,2785,10324,18803,17947,16848,,
474170,D-TEM,dark,Arabika Temanggung Mukidi,B10,2,collecting,113,18384,2826,2807,7746,11337,2785,10329,18812,17957,16846,,
475170,D-TEM,dark,Arabika Temanggung Mukidi,B10,2,collecting,114,18384,2827,2805,7746,11337,2787,10327,18813,17960,16844,,
476170,D-TEM,dark,Arabika Temanggung Mukidi,B10,2,collecting,115,18386,2826,2805,7746,11343,2785,10329,18813,17960,16850,,
477170,D-TEM,dark,Arabika Temanggung Mukidi,B10,2,collecting,116,18392,2827,2805,7746,11349,2788,10334,18819,17964,16853,,
478171,D-TEM,dark,Arabika Temanggung Mukidi,B10,2,collecting,117,18393,2829,2807,7746,11349,2786,10335,18820,17967,16849,,
479170,D-TEM,dark,Arabika Temanggung Mukidi,B10,2,collecting,118,18386,2827,2805,7745,11344,2786,10329,18815,17964,16842,,
480171,D-TEM,dark,Arabika Temanggung Mukidi,B10,2,collecting,119,18378,2825,2807,7745,11338,2787,10324,18809,17957,16837,,
481170,D-TEM,dark,Arabika Temanggung Mukidi,B10,2,collecting,120,18365,2827,2808,7745,11330,2786,10316,18799,17947,16829,,
482173,D-TEM,dark,Arabika Temanggung Mukidi,B10,3,purging,1,18343,2831,2808,7745,11328,2787,10313,18787,17935,16831,,
483170,D-TEM,dark,Arabika Temanggung Mukidi,B10,3,purging,2,18324,2827,2806,7744,11330,2785,10323,18780,17928,16820,,
484170,D-TEM,dark,Arabika Temanggung Mukidi,B10,3,purging,3,18252,2827,2806,7744,11267,2784,10247,18733,17898,16738,,
485170,D-TEM,dark,Arabika Temanggung Mukidi,B10,3,purging,4,18123,2827,2807,7743,11161,2788,10124,18642,17817,16639,,
486170,D-TEM,dark,Arabika Temanggung Mukidi,B10,3,purging,5,17953,2827,2808,7741,11036,2786,9998,18525,17699,16533,,
487171,D-TEM,dark,Arabika Temanggung Mukidi,B10,3,purging,6,17754,2824,2805,7740,10908,2787,9884,18400,17561,16427,,
488170,D-TEM,dark,Arabika Temanggung Mukidi,B10,3,purging,7,17533,2825,2806,7739,10786,2784,9786,18276,17416,16327,,
489170,D-TEM,dark,Arabika Temanggung Mukidi,B10,3,purging,8,17292,2826,2806,7738,10671,2787,9705,18158,17270,16233,,
490170,D-TEM,dark,Arabika Temanggung Mukidi,B10,3,purging,9,17035,2824,2805,7738,10567,2786,9639,18047,17129,16145,,
491170,D-TEM,dark,Arabika Temanggung Mukidi,B10,3,purging,10,16767,2826,2807,7738,10475,2786,9585,17945,16993,16065,,
492170,D-TEM,dark,Arabika Temanggung Mukidi,B10,3,purging,11,16491,2825,2805,7738,10393,2786,9542,17851,16866,15991,,
493170,D-TEM,dark,Arabika Temanggung Mukidi,B10,3,purging,12,16209,2825,2805,7738,10321,2785,9506,17764,16746,15924,,
494171,D-TEM,dark,Arabika Temanggung Mukidi,B10,3,purging,13,15924,2824,2806,7739,10258,2785,9478,17685,16635,15862,,
495170,D-TEM,dark,Arabika Temanggung Mukidi,B10,3,purging,14,15641,2825,2805,7739,10204,2785,9455,17612,16532,15804,,
496171,D-TEM,dark,Arabika Temanggung Mukidi,B10,3,purging,15,15361,2822,2807,7740,10155,2786,9437,17544,16436,15750,,
497170,D-TEM,dark,Arabika Temanggung Mukidi,B10,3,purging,16,15087,2823,2807,7741,10113,2785,9422,17480,16346,15699,,
498170,D-TEM,dark,Arabika Temanggung Mukidi,B10,3,purging,17,14822,2822,2805,7741,10075,2785,9409,17421,16261,15652,,
499170,D-TEM,dark,Arabika Temanggung Mukidi,B10,3,purging,18,14568,2820,2808,7742,10041,2786,9397,17365,16182,15608,,
500170,D-TEM,dark,Arabika Temanggung Mukidi,B10,3,purging,19,14326,2825,2805,7742,10012,2785,9389,17312,16108,15566,,
501170,D-TEM,dark,Arabika Temanggung Mukidi,B10,3,purging,20,14099,2820,2805,7743,9985,2786,9382,17262,16038,15525,,
502170,D-TEM,dark,Arabika Temanggung Mukidi,B10,3,purging,21,13886,2822,2806,7744,9960,2785,9374,17214,15971,15486,,
503171,D-TEM,dark,Arabika Temanggung Mukidi,B10,3,purging,22,13689,2825,2805,7745,9938,2785,9366,17168,15908,15449,,
504170,D-TEM,dark,Arabika Temanggung Mukidi,B10,3,purging,23,13507,2824,2806,7745,9918,2785,9360,17124,15848,15414,,
505170,D-TEM,dark,Arabika Temanggung Mukidi,B10,3,purging,24,13340,2819,2805,7746,9899,2785,9355,17082,15791,15381,,
506170,D-TEM,dark,Arabika Temanggung Mukidi,B10,3,purging,25,13188,2823,2805,7747,9882,2785,9351,17041,15737,15348,,
507170,D-TEM,dark,Arabika Temanggung Mukidi,B10,3,purging,26,13048,2818,2805,7747,9866,2786,9347,17002,15685,15317,,
508170,D-TEM,dark,Arabika Temanggung Mukidi,B10,3,purging,27,12921,2819,2805,7748,9851,2787,9342,16965,15635,15287,,
509170,D-TEM,dark,Arabika Temanggung Mukidi,B10,3,purging,28,12805,2817,2804,7749,9838,2784,9337,16928,15588,15258,,
510171,D-TEM,dark,Arabika Temanggung Mukidi,B10,3,purging,29,12699,2819,2804,7750,9825,2786,9335,16893,15542,15231,,
511170,D-TEM,dark,Arabika Temanggung Mukidi,B10,3,purging,30,12603,2815,2805,7750,9812,2785,9332,16859,15498,15203,,
512171,D-TEM,dark,Arabika Temanggung Mukidi,B10,3,purging,31,12515,2820,2804,7751,9800,2783,9327,16826,15454,15176,,
513170,D-TEM,dark,Arabika Temanggung Mukidi,B10,3,purging,32,12435,2820,2805,7752,9788,2784,9323,16793,15413,15150,,
514170,D-TEM,dark,Arabika Temanggung Mukidi,B10,3,purging,33,12360,2820,2808,7753,9777,2784,9319,16761,15373,15126,,
515170,D-TEM,dark,Arabika Temanggung Mukidi,B10,3,purging,34,12290,2817,2805,7754,9766,2785,9316,16731,15334,15102,,
516170,D-TEM,dark,Arabika Temanggung Mukidi,B10,3,purging,35,12227,2817,2804,7754,9756,2785,9314,16701,15296,15079,,
517170,D-TEM,dark,Arabika Temanggung Mukidi,B10,3,purging,36,12168,2821,2805,7755,9747,2786,9311,16672,15261,15057,,
518170,D-TEM,dark,Arabika Temanggung Mukidi,B10,3,purging,37,12114,2816,2806,7756,9738,2785,9309,16644,15225,15035,,
519171,D-TEM,dark,Arabika Temanggung Mukidi,B10,3,purging,38,12062,2816,2805,7757,9730,2785,9306,16617,15191,15014,,
520170,D-TEM,dark,Arabika Temanggung Mukidi,B10,3,purging,39,12015,2816,2805,7757,9722,2785,9304,16590,15158,14993,,
521170,D-TEM,dark,Arabika Temanggung Mukidi,B10,3,purging,40,11970,2816,2808,7758,9714,2785,9301,16564,15126,14973,,
522170,D-TEM,dark,Arabika Temanggung Mukidi,B10,3,purging,41,11928,2815,2808,7759,9706,2784,9299,16539,15095,14953,,
523170,D-TEM,dark,Arabika Temanggung Mukidi,B10,3,purging,42,11888,2817,2805,7759,9698,2785,9296,16514,15064,14934,,
524170,D-TEM,dark,Arabika Temanggung Mukidi,B10,3,purging,43,11851,2817,2805,7760,9690,2785,9294,16489,15034,14916,,
525170,D-TEM,dark,Arabika Temanggung Mukidi,B10,3,purging,44,11815,2818,2805,7760,9683,2784,9292,16466,15005,14898,,
526171,D-TEM,dark,Arabika Temanggung Mukidi,B10,3,purging,45,11782,2816,2804,7761,9677,2787,9290,16442,14976,14881,,
527170,D-TEM,dark,Arabika Temanggung Mukidi,B10,3,purging,46,11751,2816,2805,7761,9670,2785,9288,16420,14949,14864,,
528171,D-TEM,dark,Arabika Temanggung Mukidi,B10,3,purging,47,11720,2815,2804,7762,9664,2785,9287,16398,14922,14847,,
529170,D-TEM,dark,Arabika Temanggung Mukidi,B10,3,purging,48,11690,2817,2807,7763,9657,2785,9287,16376,14895,14831,,
530170,D-TEM,dark,Arabika Temanggung Mukidi,B10,3,purging,49,11661,2819,2805,7764,9651,2785,9286,16354,14870,14816,,
531170,D-TEM,dark,Arabika Temanggung Mukidi,B10,3,purging,50,11633,2820,2806,7764,9646,2786,9285,16334,14844,14800,,
532170,D-TEM,dark,Arabika Temanggung Mukidi,B10,3,purging,51,11608,2816,2805,7765,9641,2785,9284,16313,14820,14785,,
533170,D-TEM,dark,Arabika Temanggung Mukidi,B10,3,purging,52,11582,2816,2805,7766,9635,2782,9283,16293,14796,14771,,
534170,D-TEM,dark,Arabika Temanggung Mukidi,B10,3,purging,53,11557,2814,2805,7766,9631,2786,9283,16274,14772,14757,,
535171,D-TEM,dark,Arabika Temanggung Mukidi,B10,3,purging,54,11533,2818,2805,7767,9626,2786,9282,16254,14750,14743,,
536170,D-TEM,dark,Arabika Temanggung Mukidi,B10,3,purging,55,11510,2820,2804,7767,9621,2785,9282,16235,14727,14730,,
537170,D-TEM,dark,Arabika Temanggung Mukidi,B10,3,purging,56,11488,2818,2805,7768,9616,2786,9279,16216,14705,14715,,
538170,D-TEM,dark,Arabika Temanggung Mukidi,B10,3,purging,57,11466,2819,2804,7769,9612,2785,9278,16197,14684,14703,,
539170,D-TEM,dark,Arabika Temanggung Mukidi,B10,3,purging,58,11444,2816,2805,7769,9607,2785,9279,16179,14663,14689,,
540170,D-TEM,dark,Arabika Temanggung Mukidi,B10,3,purging,59,11423,2819,2805,7770,9603,2785,9277,16160,14642,14676,,
541170,D-TEM,dark,Arabika Temanggung Mukidi,B10,3,purging,60,11403,2816,2806,7771,9598,2787,9276,16142,14621,14664,,
542171,D-TEM,dark,Arabika Temanggung Mukidi,B10,3,purging,61,11383,2818,2807,7771,9593,2785,9274,16124,14600,14652,,
543170,D-TEM,dark,Arabika Temanggung Mukidi,B10,3,purging,62,11364,2817,2805,7772,9589,2785,9273,16107,14580,14640,,
544171,D-TEM,dark,Arabika Temanggung Mukidi,B10,3,purging,63,11346,2816,2807,7772,9584,2785,9273,16090,14560,14628,,
545170,D-TEM,dark,Arabika Temanggung Mukidi,B10,3,purging,64,11328,2815,2804,7773,9580,2785,9272,16073,14541,14617,,
546170,D-TEM,dark,Arabika Temanggung Mukidi,B10,3,purging,65,11311,2815,2806,7773,9576,2786,9272,16057,14522,14606,,
547170,D-TEM,dark,Arabika Temanggung Mukidi,B10,3,purging,66,11294,2816,2806,7774,9573,2787,9272,16041,14504,14596,,
548170,D-TEM,dark,Arabika Temanggung Mukidi,B10,3,purging,67,11278,2818,2805,7775,9570,2785,9272,16025,14486,14586,,
549170,D-TEM,dark,Arabika Temanggung Mukidi,B10,3,purging,68,11262,2818,2806,7776,9568,2786,9273,16010,14468,14577,,
550170,D-TEM,dark,Arabika Temanggung Mukidi,B10,3,purging,69,11247,2816,2805,7776,9565,2785,9273,15995,14452,14568,,
551171,D-TEM,dark,Arabika Temanggung Mukidi,B10,3,purging,70,11233,2815,2809,7777,9564,2784,9275,15981,14436,14560,,
552170,D-TEM,dark,Arabika Temanggung Mukidi,B10,3,purging,71,11219,2816,2805,7777,9563,2785,9277,15967,14420,14552,,
553170,D-TEM,dark,Arabika Temanggung Mukidi,B10,3,purging,72,11206,2815,2805,7778,9562,2785,9279,15953,14405,14544,,
554170,D-TEM,dark,Arabika Temanggung Mukidi,B10,3,purging,73,11193,2819,2806,7778,9561,2786,9282,15939,14391,14536,,
555170,D-TEM,dark,Arabika Temanggung Mukidi,B10,3,purging,74,11181,2814,2806,7779,9560,2785,9283,15925,14376,14528,,
556170,D-TEM,dark,Arabika Temanggung Mukidi,B10,3,purging,75,11169,2815,2809,7780,9559,2785,9284,15911,14362,14519,,
557170,D-TEM,dark,Arabika Temanggung Mukidi,B10,3,purging,76,11156,2819,2805,7781,9558,2785,9284,15897,14348,14511,,
558171,D-TEM,dark,Arabika Temanggung Mukidi,B10,3,purging,77,11145,2818,2806,7782,9557,2785,9284,15883,14334,14503,,
559170,D-TEM,dark,Arabika Temanggung Mukidi,B10,3,purging,78,11134,2816,2811,7782,9556,2785,9284,15869,14320,14495,,
560171,D-TEM,dark,Arabika Temanggung Mukidi,B10,3,purging,79,11124,2818,2806,7783,9553,2785,9285,15855,14307,14487,,
561170,D-TEM,dark,Arabika Temanggung Mukidi,B10,3,purging,80,11114,2820,2807,7783,9551,2785,9285,15842,14293,14479,,
562170,D-TEM,dark,Arabika Temanggung Mukidi,B10,3,purging,81,11103,2816,2807,7784,9550,2786,9285,15829,14280,14473,,
563170,D-TEM,dark,Arabika Temanggung Mukidi,B10,3,purging,82,11093,2815,2806,7785,9548,2786,9286,15816,14267,14466,,
564170,D-TEM,dark,Arabika Temanggung Mukidi,B10,3,purging,83,11084,2816,2805,7786,9547,2784,9288,15804,14254,14459,,
565170,D-TEM,dark,Arabika Temanggung Mukidi,B10,3,purging,84,11073,2817,2807,7786,9545,2787,9288,15792,14241,14453,,
566170,D-TEM,dark,Arabika Temanggung Mukidi,B10,3,purging,85,11061,2814,2804,7787,9544,2785,9289,15781,14229,14448,,
567171,D-TEM,dark,Arabika Temanggung Mukidi,B10,3,purging,86,11049,2816,2806,7788,9544,2784,9291,15769,14217,14442,,
568170,D-TEM,dark,Arabika Temanggung Mukidi,B10,3,purging,87,11037,2819,2804,7788,9544,2785,9293,15757,14206,14436,,
569170,D-TEM,dark,Arabika Temanggung Mukidi,B10,3,purging,88,11025,2815,2805,7789,9542,2785,9294,15745,14194,14429,,
570170,D-TEM,dark,Arabika Temanggung Mukidi,B10,3,purging,89,11014,2815,2805,7790,9541,2786,9294,15733,14182,14422,,
571170,D-TEM,dark,Arabika Temanggung Mukidi,B10,3,purging,90,11003,2814,2804,7790,9539,2785,9295,15721,14170,14416,,
572170,D-TEM,dark,Arabika Temanggung Mukidi,B10,3,purging,91,10991,2818,2809,7790,9537,2786,9295,15709,14157,14410,,
573170,D-TEM,dark,Arabika Temanggung Mukidi,B10,3,purging,92,10980,2819,2805,7791,9535,2785,9296,15697,14146,14404,,
574171,D-TEM,dark,Arabika Temanggung Mukidi,B10,3,purging,93,10969,2815,2805,7792,9534,2785,9297,15687,14134,14399,,
575170,D-TEM,dark,Arabika Temanggung Mukidi,B10,3,purging,94,10959,2815,2805,7793,9532,2782,9297,15676,14122,14394,,
576171,D-TEM,dark,Arabika Temanggung Mukidi,B10,3,purging,95,10949,2816,2808,7794,9531,2785,9298,15664,14111,14388,,
577170,D-TEM,dark,Arabika Temanggung Mukidi,B10,3,purging,96,10939,2815,2804,7794,9530,2785,9299,15654,14099,14382,,
578170,D-TEM,dark,Arabika Temanggung Mukidi,B10,3,purging,97,10929,2815,2805,7795,9529,2786,9298,15642,14088,14376,,
579170,D-TEM,dark,Arabika Temanggung Mukidi,B10,3,purging,98,10919,2819,2805,7795,9527,2785,9299,15632,14077,14371,,
580170,D-TEM,dark,Arabika Temanggung Mukidi,B10,3,purging,99,10910,2817,2805,7796,9525,2784,9300,15620,14066,14365,,
581170,D-TEM,dark,Arabika Temanggung Mukidi,B10,3,purging,100,10902,2817,2806,7797,9523,2785,9300,15609,14055,14360,,
582170,D-TEM,dark,Arabika Temanggung Mukidi,B10,3,purging,101,10892,2814,2807,7798,9521,2782,9300,15599,14044,14354,,
583171,D-TEM,dark,Arabika Temanggung Mukidi,B10,3,purging,102,10884,2816,2805,7798,9520,2787,9300,15588,14033,14349,,
584170,D-TEM,dark,Arabika Temanggung Mukidi,B10,3,purging,103,10875,2815,2805,7799,9519,2786,9300,15578,14023,14344,,
585170,D-TEM,dark,Arabika Temanggung Mukidi,B10,3,purging,104,10866,2814,2805,7800,9518,2785,9301,15568,14012,14340,,
586170,D-TEM,dark,Arabika Temanggung Mukidi,B10,3,purging,105,10857,2815,2804,7800,9517,2785,9301,15558,14002,14336,,
587170,D-TEM,dark,Arabika Temanggung Mukidi,B10,3,purging,106,10847,2816,2805,7801,9516,2785,9302,15548,13991,14332,,
588170,D-TEM,dark,Arabika Temanggung Mukidi,B10,3,purging,107,10838,2815,2808,7801,9515,2785,9304,15539,13982,14328,,
589170,D-TEM,dark,Arabika Temanggung Mukidi,B10,3,purging,108,10829,2814,2807,7803,9515,2785,9306,15529,13972,14324,,
590171,D-TEM,dark,Arabika Temanggung Mukidi,B10,3,purging,109,10819,2816,2805,7803,9514,2785,9306,15520,13962,14319,,
591170,D-TEM,dark,Arabika Temanggung Mukidi,B10,3,purging,110,10809,2816,2805,7804,9513,2785,9307,15510,13951,14314,,
592171,D-TEM,dark,Arabika Temanggung Mukidi,B10,3,purging,111,10800,2818,2805,7805,9512,2785,9308,15499,13941,14309,,
593170,D-TEM,dark,Arabika Temanggung Mukidi,B10,3,purging,112,10792,2816,2810,7806,9510,2785,9307,15489,13931,14303,,
594170,D-TEM,dark,Arabika Temanggung Mukidi,B10,3,purging,113,10784,2817,2804,7806,9509,2783,9306,15479,13921,14298,,
595170,D-TEM,dark,Arabika Temanggung Mukidi,B10,3,purging,114,10777,2820,2805,7807,9508,2786,9306,15468,13911,14294,,
596170,D-TEM,dark,Arabika Temanggung Mukidi,B10,3,purging,115,10770,2820,2805,7807,9506,2784,9305,15458,13901,14288,,
597170,D-TEM,dark,Arabika Temanggung Mukidi,B10,3,purging,116,10764,2813,2805,7808,9504,2786,9304,15449,13891,14286,,
598170,D-TEM,dark,Arabika Temanggung Mukidi,B10,3,purging,117,10757,2818,2804,7808,9503,2786,9306,15440,13882,14282,,
599171,D-TEM,dark,Arabika Temanggung Mukidi,B10,3,purging,118,10750,2820,2805,7810,9502,2785,9306,15431,13872,14277,,
600170,D-TEM,dark,Arabika Temanggung Mukidi,B10,3,purging,119,10742,2818,2803,7810,9501,2784,9307,15422,13863,14275,,
601170,D-TEM,dark,Arabika Temanggung Mukidi,B10,3,purging,120,10735,2816,2805,7811,9500,2785,9308,15413,13854,14270,,
602173,D-TEM,dark,Arabika Temanggung Mukidi,B10,3,collecting,1,10729,2814,2804,7811,9499,2785,9308,15404,13845,14266,,
603170,D-TEM,dark,Arabika Temanggung Mukidi,B10,3,collecting,2,10724,2818,2805,7812,9498,2784,9308,15395,13836,14260,,
604170,D-TEM,dark,Arabika Temanggung Mukidi,B10,3,collecting,3,10719,2815,2805,7813,9496,2785,9306,15384,13826,14256,,
605170,D-TEM,dark,Arabika Temanggung Mukidi,B10,3,collecting,4,10935,2815,2805,7813,9557,2783,9362,15406,13832,14356,,
606171,D-TEM,dark,Arabika Temanggung Mukidi,B10,3,collecting,5,12294,2817,2807,7815,9861,2783,9670,15632,14015,14694,,
607170,D-TEM,dark,Arabika Temanggung Mukidi,B10,3,collecting,6,14451,2821,2805,7819,10432,2786,10168,16192,14597,15234,,
608171,D-TEM,dark,Arabika Temanggung Mukidi,B10,3,collecting,7,16221,2824,2805,7826,11025,2787,10665,16957,15565,15770,,
609170,D-TEM,dark,Arabika Temanggung Mukidi,B10,3,collecting,8,17354,2825,2805,7835,11466,2788,10992,17678,16581,16205,,
610170,D-TEM,dark,Arabika Temanggung Mukidi,B10,3,collecting,9,18045,2826,2805,7844,11772,2787,11180,18248,17388,16534,,
611170,D-TEM,dark,Arabika Temanggung Mukidi,B10,3,collecting,10,18470,2826,2805,7851,11968,2788,11268,18642,17942,16763,,
612170,D-TEM,dark,Arabika Temanggung Mukidi,B10,3,collecting,11,18731,2830,2807,7857,12088,2786,11289,18903,18290,16920,,
613170,D-TEM,dark,Arabika Temanggung Mukidi,B10,3,collecting,12,18893,2826,2804,7860,12158,2789,11275,19064,18499,17028,,
614170,D-TEM,dark,Arabika Temanggung Mukidi,B10,3,collecting,13,18996,2830,2811,7860,12198,2787,11247,19164,18621,17106,,
615171,D-TEM,dark,Arabika Temanggung Mukidi,B10,3,collecting,14,19062,2830,2804,7860,12214,2785,11210,19224,18691,17154,,
616170,D-TEM,dark,Arabika Temanggung Mukidi,B10,3,collecting,15,19096,2827,2807,7858,12207,2787,11159,19254,18721,17178,,
617170,D-TEM,dark,Arabika Temanggung Mukidi,B10,3,collecting,16,19107,2828,2805,7855,12182,2788,11101,19260,18724,17182,,
618170,D-TEM,dark,Arabika Temanggung Mukidi,B10,3,collecting,17,19098,2828,2804,7852,12139,2788,11032,19244,18706,17170,,
619170,D-TEM,dark,Arabika Temanggung Mukidi,B10,3,collecting,18,19073,2828,2804,7849,12086,2788,10961,19213,18670,17150,,
620170,D-TEM,dark,Arabika Temanggung Mukidi,B10,3,collecting,19,19038,2826,2805,7845,12027,2789,10893,19176,18623,17122,,
621170,D-TEM,dark,Arabika Temanggung Mukidi,B10,3,collecting,20,18996,2828,2809,7842,11967,2786,10829,19135,18569,17095,,
622171,D-TEM,dark,Arabika Temanggung Mukidi,B10,3,collecting,21,18950,2828,2805,7839,11908,2785,10772,19093,18514,17066,,
623170,D-TEM,dark,Arabika Temanggung Mukidi,B10,3,collecting,22,18901,2828,2806,7836,11849,2784,10721,19051,18458,17038,,
624171,D-TEM,dark,Arabika Temanggung Mukidi,B10,3,collecting,23,18850,2829,2805,7833,11792,2788,10676,19011,18402,17008,,
625170,D-TEM,dark,Arabika Temanggung Mukidi,B10,3,collecting,24,18797,2832,2805,7831,11736,2787,10630,18971,18348,16978,,
626170,D-TEM,dark,Arabika Temanggung Mukidi,B10,3,collecting,25,18741,2828,2805,7829,11681,2785,10588,18930,18293,16945,,
627170,D-TEM,dark,Arabika Temanggung Mukidi,B10,3,collecting,26,18683,2828,2807,7827,11628,2784,10545,18888,18238,16914,,
628170,D-TEM,dark,Arabika Temanggung Mukidi,B10,3,collecting,27,18625,2827,2806,7825,11578,2784,10509,18849,18183,16885,,
629170,D-TEM,dark,Arabika Temanggung Mukidi,B10,3,collecting,28,18568,2826,2804,7823,11531,2787,10478,18811,18131,16855,,
630170,D-TEM,dark,Arabika Temanggung Mukidi,B10,3,collecting,29,18511,2828,2808,7822,11485,2788,10444,18775,18080,16825,,
631171,D-TEM,dark,Arabika Temanggung Mukidi,B10,3,collecting,30,18457,2825,2805,7821,11447,2786,10420,18741,18030,16804,,
632170,D-TEM,dark,Arabika Temanggung Mukidi,B10,3,collecting,31,18410,2827,2804,7819,11417,2785,10406,18714,17987,16787,,
633170,D-TEM,dark,Arabika Temanggung Mukidi,B10,3,collecting,32,18369,2826,2805,7819,11390,2784,10393,18691,17950,16768,,
634170,D-TEM,dark,Arabika Temanggung Mukidi,B10,3,collecting,33,18327,2828,2807,7818,11362,2787,10376,18669,17916,16749,,
635170,D-TEM,dark,Arabika Temanggung Mukidi,B10,3,collecting,34,18286,2829,2806,7817,11334,2784,10355,18646,17881,16728,,
636170,D-TEM,dark,Arabika Temanggung Mukidi,B10,3,collecting,35,18246,2826,2805,7816,11308,2787,10340,18623,17848,16711,,
637170,D-TEM,dark,Arabika Temanggung Mukidi,B10,3,collecting,36,18210,2826,2805,7816,11287,2787,10327,18604,17816,16696,,
638171,D-TEM,dark,Arabika Temanggung Mukidi,B10,3,collecting,37,18178,2824,2805,7815,11269,2787,10319,18586,17788,16683,,
639170,D-TEM,dark,Arabika Temanggung Mukidi,B10,3,collecting,38,18152,2827,2805,7815,11254,2786,10312,18572,17763,16672,,
640171,D-TEM,dark,Arabika Temanggung Mukidi,B10,3,collecting,39,18127,2828,2804,7814,11240,2786,10306,18559,17741,16661,,
641170,D-TEM,dark,Arabika Temanggung Mukidi,B10,3,collecting,40,18103,2826,2804,7814,11229,2784,10299,18546,17721,16650,,
642170,D-TEM,dark,Arabika Temanggung Mukidi,B10,3,collecting,41,18082,2828,2806,7813,11220,2788,10294,18535,17706,16642,,
643170,D-TEM,dark,Arabika Temanggung Mukidi,B10,3,collecting,42,18062,2826,2807,7813,11211,2786,10290,18524,17692,16632,,
644170,D-TEM,dark,Arabika Temanggung Mukidi,B10,3,collecting,43,18042,2829,2805,7813,11199,2787,10282,18512,17678,16621,,
645170,D-TEM,dark,Arabika Temanggung Mukidi,B10,3,collecting,44,18024,2826,2805,7812,11190,2785,10277,18502,17662,16614,,
646170,D-TEM,dark,Arabika Temanggung Mukidi,B10,3,collecting,45,18013,2825,2805,7812,11184,2785,10278,18497,17649,16611,,
647171,D-TEM,dark,Arabika Temanggung Mukidi,B10,3,collecting,46,18005,2825,2804,7812,11178,2786,10275,18493,17639,16605,,
648170,D-TEM,dark,Arabika Temanggung Mukidi,B10,3,collecting,47,17995,2825,2804,7812,11172,2785,10272,18486,17628,16599,,
649170,D-TEM,dark,Arabika Temanggung Mukidi,B10,3,collecting,48,17984,2826,2805,7811,11164,2784,10264,18480,17617,16591,,
650170,D-TEM,dark,Arabika Temanggung Mukidi,B10,3,collecting,49,17972,2828,2804,7811,11157,2787,10254,18473,17603,16585,,
651170,D-TEM,dark,Arabika Temanggung Mukidi,B10,3,collecting,50,17965,2829,2809,7811,11152,2783,10252,18469,17592,16583,,
652170,D-TEM,dark,Arabika Temanggung Mukidi,B10,3,collecting,51,17960,2824,2804,7811,11148,2784,10253,18466,17583,16578,,
653170,D-TEM,dark,Arabika Temanggung Mukidi,B10,3,collecting,52,17953,2826,2806,7811,11145,2784,10249,18462,17574,16574,,
654171,D-TEM,dark,Arabika Temanggung Mukidi,B10,3,collecting,53,17945,2826,2804,7811,11139,2788,10244,18457,17565,16567,,
655170,D-TEM,dark,Arabika Temanggung Mukidi,B10,3,collecting,54,17935,2827,2805,7811,11131,2786,10236,18450,17554,16559,,
656171,D-TEM,dark,Arabika Temanggung Mukidi,B10,3,collecting,55,17922,2827,2804,7810,11123,2788,10229,18442,17542,16550,,
657170,D-TEM,dark,Arabika Temanggung Mukidi,B10,3,collecting,56,17910,2825,2805,7810,11116,2788,10224,18433,17529,16545,,
658170,D-TEM,dark,Arabika Temanggung Mukidi,B10,3,collecting,57,17899,2830,2806,7809,11110,2786,10221,18426,17517,16537,,
659170,D-TEM,dark,Arabika Temanggung Mukidi,B10,3,collecting,58,17889,2826,2809,7810,11104,2784,10218,18419,17506,16531,,
660170,D-TEM,dark,Arabika Temanggung Mukidi,B10,3,collecting,59,17879,2827,2807,7810,11100,2783,10213,18414,17496,16526,,
661170,D-TEM,dark,Arabika Temanggung Mukidi,B10,3,collecting,60,17871,2830,2804,7809,11097,2787,10212,18408,17487,16523,,
662170,D-TEM,dark,Arabika Temanggung Mukidi,B10,3,collecting,61,17865,2827,2806,7809,11095,2785,10213,18405,17480,16520,,
663171,D-TEM,dark,Arabika Temanggung Mukidi,B10,3,collecting,62,17863,2828,2805,7809,11096,2786,10213,18404,17475,16519,,
664170,D-TEM,dark,Arabika Temanggung Mukidi,B10,3,collecting,63,17861,2827,2806,7809,11096,2785,10213,18404,17472,16517,,
665170,D-TEM,dark,Arabika Temanggung Mukidi,B10,3,collecting,64,17859,2824,2805,7809,11094,2787,10212,18401,17469,16513,,
666170,D-TEM,dark,Arabika Temanggung Mukidi,B10,3,collecting,65,17855,2828,2805,7809,11092,2786,10211,18398,17464,16510,,
667170,D-TEM,dark,Arabika Temanggung Mukidi,B10,3,collecting,66,17854,2828,2808,7809,11092,2788,10214,18397,17460,16510,,
668170,D-TEM,dark,Arabika Temanggung Mukidi,B10,3,collecting,67,17857,2825,2803,7809,11094,2785,10218,18398,17458,16510,,
669170,D-TEM,dark,Arabika Temanggung Mukidi,B10,3,collecting,68,17858,2830,2805,7809,11094,2784,10216,18399,17457,16508,,
670171,D-TEM,dark,Arabika Temanggung Mukidi,B10,3,collecting,69,17860,2826,2804,7809,11094,2785,10215,18401,17456,16509,,
671170,D-TEM,dark,Arabika Temanggung Mukidi,B10,3,collecting,70,17862,2827,2805,7809,11094,2786,10215,18402,17454,16508,,
672171,D-TEM,dark,Arabika Temanggung Mukidi,B10,3,collecting,71,17864,2824,2806,7809,11094,2787,10214,18403,17453,16507,,
673170,D-TEM,dark,Arabika Temanggung Mukidi,B10,3,collecting,72,17865,2827,2805,7808,11093,2785,10213,18404,17452,16506,,
674170,D-TEM,dark,Arabika Temanggung Mukidi,B10,3,collecting,73,17867,2826,2805,7808,11094,2784,10213,18404,17450,16506,,
675170,D-TEM,dark,Arabika Temanggung Mukidi,B10,3,collecting,74,17867,2825,2804,7808,11092,2786,10212,18404,17448,16502,,
676170,D-TEM,dark,Arabika Temanggung Mukidi,B10,3,collecting,75,17860,2825,2805,7808,11083,2786,10201,18399,17443,16492,,
677170,D-TEM,dark,Arabika Temanggung Mukidi,B10,3,collecting,76,17848,2824,2803,7807,11074,2784,10192,18389,17433,16483,,
678170,D-TEM,dark,Arabika Temanggung Mukidi,B10,3,collecting,77,17838,2825,2805,7807,11067,2786,10187,18382,17422,16479,,
679171,D-TEM,dark,Arabika Temanggung Mukidi,B10,3,collecting,78,17831,2825,2805,7807,11062,2784,10183,18377,17413,16474,,
680170,D-TEM,dark,Arabika Temanggung Mukidi,B10,3,collecting,79,17823,2826,2804,7807,11057,2786,10179,18372,17405,16468,,
681170,D-TEM,dark,Arabika Temanggung Mukidi,B10,3,collecting,80,17816,2825,2805,7807,11053,2787,10174,18367,17398,16465,,
682170,D-TEM,dark,Arabika Temanggung Mukidi,B10,3,collecting,81,17813,2825,2805,7807,11051,2784,10175,18367,17392,16463,,
683170,D-TEM,dark,Arabika Temanggung Mukidi,B10,3,collecting,82,17810,2825,2805,7807,11049,2784,10174,18364,17388,16459,,
684170,D-TEM,dark,Arabika Temanggung Mukidi,B10,3,collecting,83,17804,2825,2806,7807,11044,2787,10170,18361,17384,16455,,
685170,D-TEM,dark,Arabika Temanggung Mukidi,B10,3,collecting,84,17800,2827,2805,7807,11042,2786,10171,18358,17378,16453,,
686171,D-TEM,dark,Arabika Temanggung Mukidi,B10,3,collecting,85,17797,2824,2807,7807,11039,2784,10170,18356,17375,16449,,
687170,D-TEM,dark,Arabika Temanggung Mukidi,B10,3,collecting,86,17793,2826,2804,7807,11034,2785,10165,18353,17371,16443,,
688171,D-TEM,dark,Arabika Temanggung Mukidi,B10,3,collecting,87,17784,2827,2805,7807,11027,2784,10158,18346,17363,16435,,
689170,D-TEM,dark,Arabika Temanggung Mukidi,B10,3,collecting,88,17772,2828,2804,7807,11019,2787,10148,18339,17354,16428,,
690170,D-TEM,dark,Arabika Temanggung Mukidi,B10,3,collecting,89,17761,2824,2807,7807,11014,2786,10140,18332,17345,16423,,
691170,D-TEM,dark,Arabika Temanggung Mukidi,B10,3,collecting,90,17751,2826,2804,7806,11008,2784,10133,18326,17336,16417,,
692170,D-TEM,dark,Arabika Temanggung Mukidi,B10,3,collecting,91,17746,2831,2805,7806,11007,2785,10133,18322,17329,16418,,
693170,D-TEM,dark,Arabika Temanggung Mukidi,B10,3,collecting,92,17749,2826,2804,7806,11009,2786,10138,18324,17327,16418,,
694170,D-TEM,dark,Arabika Temanggung Mukidi,B10,3,collecting,93,17749,2827,2804,7806,11007,2787,10139,18325,17327,16414,,
695171,D-TEM,dark,Arabika Temanggung Mukidi,B10,3,collecting,94,17750,2827,2805,7805,11007,2784,10140,18324,17324,16414,,
696170,D-TEM,dark,Arabika Temanggung Mukidi,B10,3,collecting,95,17753,2824,2805,7805,11009,2786,10145,18326,17325,16414,,
697170,D-TEM,dark,Arabika Temanggung Mukidi,B10,3,collecting,96,17755,2827,2805,7805,11009,2787,10143,18328,17324,16413,,
698170,D-TEM,dark,Arabika Temanggung Mukidi,B10,3,collecting,97,17756,2825,2806,7805,11007,2784,10141,18327,17323,16410,,
699170,D-TEM,dark,Arabika Temanggung Mukidi,B10,3,collecting,98,17759,2825,2804,7805,11007,2788,10141,18327,17321,16411,,
700170,D-TEM,dark,Arabika Temanggung Mukidi,B10,3,collecting,99,17764,2827,2805,7805,11011,2784,10145,18331,17322,16413,,
701170,D-TEM,dark,Arabika Temanggung Mukidi,B10,3,collecting,100,17772,2828,2805,7805,11013,2786,10148,18336,17325,16416,,
702171,D-TEM,dark,Arabika Temanggung Mukidi,B10,3,collecting,101,17781,2827,2805,7805,11018,2785,10154,18342,17329,16419,,
703170,D-TEM,dark,Arabika Temanggung Mukidi,B10,3,collecting,102,17790,2828,2805,7805,11021,2788,10156,18346,17334,16421,,
704171,D-TEM,dark,Arabika Temanggung Mukidi,B10,3,collecting,103,17797,2825,2805,7805,11022,2786,10154,18350,17339,16420,,
705170,D-TEM,dark,Arabika Temanggung Mukidi,B10,3,collecting,104,17799,2825,2807,7804,11020,2787,10151,18351,17341,16419,,
706170,D-TEM,dark,Arabika Temanggung Mukidi,B10,3,collecting,105,17797,2827,2808,7804,11014,2785,10143,18348,17340,16411,,
707170,D-TEM,dark,Arabika Temanggung Mukidi,B10,3,collecting,106,17790,2826,2805,7804,11008,2785,10133,18342,17335,16406,,
708170,D-TEM,dark,Arabika Temanggung Mukidi,B10,3,collecting,107,17789,2827,2805,7804,11009,2784,10135,18342,17330,16413,,
709170,D-TEM,dark,Arabika Temanggung Mukidi,B10,3,collecting,108,17798,2825,2805,7804,11015,2783,10145,18348,17331,16417,,
710170,D-TEM,dark,Arabika Temanggung Mukidi,B10,3,collecting,109,17805,2826,2806,7804,11016,2787,10149,18352,17335,16417,,
711171,D-TEM,dark,Arabika Temanggung Mukidi,B10,3,collecting,110,17808,2829,2807,7804,11017,2784,10148,18355,17337,16416,,
712170,D-TEM,dark,Arabika Temanggung Mukidi,B10,3,collecting,111,17809,2827,2805,7804,11016,2785,10146,18356,17337,16415,,
713170,D-TEM,dark,Arabika Temanggung Mukidi,B10,3,collecting,112,17812,2825,2805,7804,11017,2785,10147,18357,17336,16416,,
714170,D-TEM,dark,Arabika Temanggung Mukidi,B10,3,collecting,113,17814,2826,2805,7803,11018,2784,10148,18359,17336,16416,,
715170,D-TEM,dark,Arabika Temanggung Mukidi,B10,3,collecting,114,17814,2827,2808,7803,11017,2785,10144,18360,17336,16415,,
716170,D-TEM,dark,Arabika Temanggung Mukidi,B10,3,collecting,115,17816,2825,2805,7804,11017,2785,10143,18361,17335,16415,,
717170,D-TEM,dark,Arabika Temanggung Mukidi,B10,3,collecting,116,17816,2825,2805,7803,11016,2787,10141,18361,17334,16414,,
718171,D-TEM,dark,Arabika Temanggung Mukidi,B10,3,collecting,117,17819,2825,2803,7803,11019,2788,10147,18363,17334,16420,,
719170,D-TEM,dark,Arabika Temanggung Mukidi,B10,3,collecting,118,17830,2825,2805,7803,11029,2786,10160,18370,17338,16430,,
720171,D-TEM,dark,Arabika Temanggung Mukidi,B10,3,collecting,119,17841,2825,2805,7803,11043,2785,10176,18381,17347,16444,,
721170,D-TEM,dark,Arabika Temanggung Mukidi,B10,3,collecting,120,17848,2824,2803,7802,11060,2784,10194,18391,17359,16458,,
722173,D-TEM,dark,Arabika Temanggung Mukidi,B10,4,purging,1,17849,2827,2805,7803,11081,2785,10212,18398,17371,16472,,
723170,D-TEM,dark,Arabika Temanggung Mukidi,B10,4,purging,2,17847,2825,2809,7803,11105,2785,10234,18403,17382,16488,,
724170,D-TEM,dark,Arabika Temanggung Mukidi,B10,4,purging,3,17849,2831,2805,7803,11132,2784,10263,18411,17397,16507,,
725170,D-TEM,dark,Arabika Temanggung Mukidi,B10,4,purging,4,17852,2825,2805,7803,11159,2785,10295,18420,17412,16524,,
726170,D-TEM,dark,Arabika Temanggung Mukidi,B10,4,purging,5,17854,2827,2805,7804,11187,2788,10324,18428,17428,16541,,
727171,D-TEM,dark,Arabika Temanggung Mukidi,B10,4,purging,6,17858,2826,2809,7804,11213,2785,10352,18437,17446,16557,,
728170,D-TEM,dark,Arabika Temanggung Mukidi,B10,4,purging,7,17834,2826,2805,7805,11206,2787,10339,18428,17456,16519,,
729170,D-TEM,dark,Arabika Temanggung Mukidi,B10,4,purging,8,17744,2830,2808,7805,11134,2784,10247,18365,17423,16427,,
730170,D-TEM,dark,Arabika Temanggung Mukidi,B10,4,purging,9,17598,2825,2805,7805,11022,2785,10116,18264,17338,16324,,
731170,D-TEM,dark,Arabika Temanggung Mukidi,B10,4,purging,10,17413,2824,2805,7805,10896,2788,9986,18146,17221,16219,,
732170,D-TEM,dark,Arabika Temanggung Mukidi,B10,4,purging,11,17202,2823,2807,7805,10771,2784,9872,18023,17086,16119,,
733170,D-TEM,dark,Arabika Temanggung Mukidi,B10,4,purging,12,16969,2824,2806,7805,10653,2784,9775,17903,16944,16022,,
734171,D-TEM,dark,Arabika Temanggung Mukidi,B10,4,purging,13,16720,2824,2805,7805,10545,2785,9693,17790,16803,15933,,
735170,D-TEM,dark,Arabika Temanggung Mukidi,B10,4,purging,14,16459,2824,2805,7805,10447,2785,9627,17684,16667,15851,,
736171,D-TEM,dark,Arabika Temanggung Mukidi,B10,4,purging,15,16188,2822,2808,7805,10361,2785,9573,17588,16537,15776,,
737170,D-TEM,dark,Arabika Temanggung Mukidi,B10,4,purging,16,15913,2823,2805,7805,10285,2783,9529,17500,16414,15708,,
738170,D-TEM,dark,Arabika Temanggung Mukidi,B10,4,purging,17,15635,2823,2805,7806,10217,2785,9493,17418,16299,15645,,
739170,D-TEM,dark,Arabika Temanggung Mukidi,B10,4,purging,18,15360,2822,2805,7806,10159,2786,9463,17344,16191,15587,,
740170,D-TEM,dark,Arabika Temanggung Mukidi,B10,4,purging,19,15088,2823,2805,7806,10107,2785,9438,17275,16091,15533,,
741170,D-TEM,dark,Arabika Temanggung Mukidi,B10,4,purging,20,14824,2824,2805,7807,10061,2782,9417,17211,15996,15483,,
742170,D-TEM,dark,Arabika Temanggung Mukidi,B10,4,purging,21,14569,2823,2805,7807,10020,2785,9399,17151,15908,15436,,
743171,D-TEM,dark,Arabika Temanggung Mukidi,B10,4,purging,22,14325,2821,2806,7808,9983,2784,9384,17095,15825,15392,,
744170,D-TEM,dark,Arabika Temanggung Mukidi,B10,4,purging,23,14095,2821,2805,7807,9951,2786,9371,17042,15748,15350,,
745170,D-TEM,dark,Arabika Temanggung Mukidi,B10,4,purging,24,13877,2819,2807,7808,9922,2785,9359,16992,15674,15310,,
746170,D-TEM,dark,Arabika Temanggung Mukidi,B10,4,purging,25,13675,2819,2805,7809,9896,2784,9350,16944,15605,15273,,
747170,D-TEM,dark,Arabika Temanggung Mukidi,B10,4,purging,26,13485,2819,2808,7809,9872,2785,9340,16899,15539,15236,,
748170,D-TEM,dark,Arabika Temanggung Mukidi,B10,4,purging,27,13311,2819,2805,7810,9850,2783,9330,16855,15477,15202,,
749170,D-TEM,dark,Arabika Temanggung Mukidi,B10,4,purging,28,13150,2818,2805,7810,9828,2785,9322,16813,15417,15168,,
750171,D-TEM,dark,Arabika Temanggung Mukidi,B10,4,purging,29,13005,2818,2805,7811,9808,2785,9313,16773,15360,15135,,
751170,D-TEM,dark,Arabika Temanggung Mukidi,B10,4,purging,30,12870,2817,2805,7811,9790,2784,9306,16734,15305,15105,,
752171,D-TEM,dark,Arabika Temanggung Mukidi,B10,4,purging,31,12747,2817,2807,7811,9772,2785,9299,16696,15253,15075,,
753170,D-TEM,dark,Arabika Temanggung Mukidi,B10,4,purging,32,12635,2819,2804,7812,9756,2783,9292,16660,15202,15046,,
754170,D-TEM,dark,Arabika Temanggung Mukidi,B10,4,purging,33,12533,2817,2804,7812,9740,2786,9286,16626,15153,15019,,
755170,D-TEM,dark,Arabika Temanggung Mukidi,B10,4,purging,34,12439,2817,2807,7813,9725,2782,9281,16593,15106,14992,,
756170,D-TEM,dark,Arabika Temanggung Mukidi,B10,4,purging,35,12352,2818,2805,7813,9711,2785,9275,16560,15062,14967,,
757170,D-TEM,dark,Arabika Temanggung Mukidi,B10,4,purging,36,12273,2815,2806,7813,9699,2785,9270,16528,15019,14942,,
758170,D-TEM,dark,Arabika Temanggung Mukidi,B10,4,purging,37,12201,2818,2805,7814,9686,2784,9266,16498,14977,14918,,
759171,D-TEM,dark,Arabika Temanggung Mukidi,B10,4,purging,38,12133,2818,2804,7814,9675,2783,9261,16468,14937,14895,,
760170,D-TEM,dark,Arabika Temanggung Mukidi,B10,4,purging,39,12070,2818,2805,7815,9664,2782,9257,16440,14898,14872,,
761170,D-TEM,dark,Arabika Temanggung Mukidi,B10,4,purging,40,12013,2815,2802,7815,9654,2784,9252,16411,14861,14850,,
762170,D-TEM,dark,Arabika Temanggung Mukidi,B10,4,purging,41,11959,2818,2805,7815,9643,2785,9249,16384,14824,14829,,
763170,D-TEM,dark,Arabika Temanggung Mukidi,B10,4,purging,42,11910,2816,2805,7816,9633,2787,9246,16358,14788,14809,,
764170,D-TEM,dark,Arabika Temanggung Mukidi,B10,4,purging,43,11864,2817,2805,7816,9624,2784,9244,16332,14754,14789,,
765170,D-TEM,dark,Arabika Temanggung Mukidi,B10,4,purging,44,11820,2818,2805,7816,9615,2785,9241,16307,14720,14769,,
766171,D-TEM,dark,Arabika Temanggung Mukidi,B10,4,purging,45,11778,2819,2804,7817,9606,2785,9238,16282,14688,14751,,
767170,D-TEM,dark,Arabika Temanggung Mukidi,B10,4,purging,46,11739,2818,2806,7817,9597,2785,9235,16257,14656,14732,,
768171,D-TEM,dark,Arabika Temanggung Mukidi,B10,4,purging,47,11704,2817,2806,7817,9589,2784,9231,16234,14625,14714,,
769170,D-TEM,dark,Arabika Temanggung Mukidi,B10,4,purging,48,11668,2816,2806,7818,9581,2783,9228,16211,14595,14696,,
770170,D-TEM,dark,Arabika Temanggung Mukidi,B10,4,purging,49,11634,2815,2805,7818,9573,2784,9225,16188,14566,14679,,
771170,D-TEM,dark,Arabika Temanggung Mukidi,B10,4,purging,50,11602,2816,2808,7818,9566,2783,9224,16166,14538,14663,,
772170,D-TEM,dark,Arabika Temanggung Mukidi,B10,4,purging,51,11572,2815,2805,7818,9559,2784,9222,16145,14510,14647,,
773170,D-TEM,dark,Arabika Temanggung Mukidi,B10,4,purging,52,11542,2815,2807,7818,9553,2785,9220,16124,14483,14632,,
774170,D-TEM,dark,Arabika Temanggung Mukidi,B10,4,purging,53,11514,2817,2811,7819,9547,2785,9218,16104,14457,14617,,
775171,D-TEM,dark,Arabika Temanggung Mukidi,B10,4,purging,54,11486,2816,2805,7819,9541,2786,9217,16083,14432,14603,,
776170,D-TEM,dark,Arabika Temanggung Mukidi,B10,4,purging,55,11460,2818,2805,7819,9535,2785,9215,16064,14407,14588,,
777170,D-TEM,dark,Arabika Temanggung Mukidi,B10,4,purging,56,11436,2819,2805,7819,9529,2785,9212,16044,14383,14573,,
778170,D-TEM,dark,Arabika Temanggung Mukidi,B10,4,purging,57,11412,2814,2807,7820,9522,2784,9210,16024,14358,14558,,
779170,D-TEM,dark,Arabika Temanggung Mukidi,B10,4,purging,58,11390,2817,2804,7820,9515,2785,9207,16004,14335,14543,,
780170,D-TEM,dark,Arabika Temanggung Mukidi,B10,4,purging,59,11369,2819,2804,7820,9508,2786,9204,15985,14311,14529,,
781170,D-TEM,dark,Arabika Temanggung Mukidi,B10,4,purging,60,11348,2816,2803,7820,9501,2784,9201,15966,14288,14515,,
782171,D-TEM,dark,Arabika Temanggung Mukidi,B10,4,purging,61,11328,2820,2809,7820,9494,2784,9197,15948,14265,14501,,
783170,D-TEM,dark,Arabika Temanggung Mukidi,B10,4,purging,62,11308,2816,2805,7821,9488,2782,9193,15930,14242,14487,,
784171,D-TEM,dark,Arabika Temanggung Mukidi,B10,4,purging,63,11289,2815,2804,7820,9481,2785,9190,15912,14220,14475,,
785170,D-TEM,dark,Arabika Temanggung Mukidi,B10,4,purging,64,11270,2815,2804,7821,9474,2784,9188,15894,14198,14462,,
786170,D-TEM,dark,Arabika Temanggung Mukidi,B10,4,purging,65,11253,2819,2805,7821,9468,2785,9187,15877,14176,14450,,
787170,D-TEM,dark,Arabika Temanggung Mukidi,B10,4,purging,66,11236,2817,2804,7821,9463,2785,9186,15861,14155,14438,,
788170,D-TEM,dark,Arabika Temanggung Mukidi,B10,4,purging,67,11219,2815,2805,7821,9457,2784,9183,15844,14135,14427,,
789170,D-TEM,dark,Arabika Temanggung Mukidi,B10,4,purging,68,11203,2815,2805,7822,9452,2782,9181,15828,14115,14416,,
790170,D-TEM,dark,Arabika Temanggung Mukidi,B10,4,purging,69,11187,2815,2805,7821,9448,2785,9180,15813,14096,14405,,
791171,D-TEM,dark,Arabika Temanggung Mukidi,B10,4,purging,70,11171,2815,2803,7822,9443,2785,9178,15797,14077,14395,,
792170,D-TEM,dark,Arabika Temanggung Mukidi,B10,4,purging,71,11155,2816,2807,7822,9439,2785,9177,15782,14059,14384,,
793170,D-TEM,dark,Arabika Temanggung Mukidi,B10,4,purging,72,11140,2813,2804,7823,9435,2785,9175,15767,14041,14375,,
794170,D-TEM,dark,Arabika Temanggung Mukidi,B10,4,purging,73,11126,2816,2805,7823,9431,2785,9175,15754,14024,14365,,
795170,D-TEM,dark,Arabika Temanggung Mukidi,B10,4,purging,74,11112,2816,2805,7823,9426,2783,9174,15739,14006,14355,,
796170,D-TEM,dark,Arabika Temanggung Mukidi,B10,4,purging,75,11097,2815,2804,7824,9422,2782,9172,15724,13990,14346,,
797170,D-TEM,dark,Arabika Temanggung Mukidi,B10,4,purging,76,11083,2817,2806,7824,9419,2785,9173,15710,13973,14337,,
798171,D-TEM,dark,Arabika Temanggung Mukidi,B10,4,purging,77,11070,2816,2806,7824,9416,2784,9174,15696,13957,14329,,
799170,D-TEM,dark,Arabika Temanggung Mukidi,B10,4,purging,78,11058,2814,2805,7824,9413,2784,9174,15683,13941,14321,,
800171,D-TEM,dark,Arabika Temanggung Mukidi,B10,4,purging,79,11045,2815,2806,7824,9410,2785,9174,15670,13926,14312,,
801170,D-TEM,dark,Arabika Temanggung Mukidi,B10,4,purging,80,11033,2817,2807,7824,9407,2787,9173,15656,13911,14303,,
802170,D-TEM,dark,Arabika Temanggung Mukidi,B10,4,purging,81,11021,2815,2803,7825,9404,2785,9173,15643,13895,14295,,
803170,D-TEM,dark,Arabika Temanggung Mukidi,B10,4,purging,82,11010,2815,2806,7825,9401,2785,9171,15629,13880,14286,,
804170,D-TEM,dark,Arabika Temanggung Mukidi,B10,4,purging,83,11001,2812,2806,7825,9398,2782,9170,15617,13866,14277,,
805170,D-TEM,dark,Arabika Temanggung Mukidi,B10,4,purging,84,10991,2818,2805,7825,9394,2784,9169,15604,13851,14269,,
806170,D-TEM,dark,Arabika Temanggung Mukidi,B10,4,purging,85,10981,2814,2805,7825,9390,2782,9167,15591,13837,14261,,
807171,D-TEM,dark,Arabika Temanggung Mukidi,B10,4,purging,86,10973,2814,2805,7825,9387,2784,9165,15579,13823,14253,,
808170,D-TEM,dark,Arabika Temanggung Mukidi,B10,4,purging,87,10964,2820,2805,7825,9383,2784,9164,15566,13808,14245,,
809170,D-TEM,dark,Arabika Temanggung Mukidi,B10,4,purging,88,10954,2816,2805,7826,9380,2787,9163,15554,13794,14237,,
810170,D-TEM,dark,Arabika Temanggung Mukidi,B10,4,purging,89,10945,2815,2804,7825,9375,2784,9163,15542,13780,14230,,
811170,D-TEM,dark,Arabika Temanggung Mukidi,B10,4,purging,90,10936,2815,2804,7826,9372,2785,9161,15530,13766,14221,,
812170,D-TEM,dark,Arabika Temanggung Mukidi,B10,4,purging,91,10926,2814,2805,7826,9368,2785,9159,15517,13752,14214,,
813170,D-TEM,dark,Arabika Temanggung Mukidi,B10,4,purging,92,10917,2815,2804,7826,9365,2785,9157,15505,13738,14206,,
814171,D-TEM,dark,Arabika Temanggung Mukidi,B10,4,purging,93,10908,2814,2805,7826,9360,2783,9155,15492,13725,14198,,
815170,D-TEM,dark,Arabika Temanggung Mukidi,B10,4,purging,94,10900,2817,2807,7826,9357,2784,9152,15481,13711,14190,,
816171,D-TEM,dark,Arabika Temanggung Mukidi,B10,4,purging,95,10892,2817,2805,7827,9352,2782,9149,15469,13697,14183,,
817170,D-TEM,dark,Arabika Temanggung Mukidi,B10,4,purging,96,10884,2818,2806,7827,9349,2785,9148,15458,13684,14176,,
818170,D-TEM,dark,Arabika Temanggung Mukidi,B10,4,purging,97,10875,2814,2805,7827,9345,2782,9146,15447,13671,14169,,
819170,D-TEM,dark,Arabika Temanggung Mukidi,B10,4,purging,98,10868,2819,2805,7827,9341,2783,9146,15436,13658,14163,,
820170,D-TEM,dark,Arabika Temanggung Mukidi,B10,4,purging,99,10862,2814,2804,7827,9338,2787,9146,15425,13645,14156,,
821170,D-TEM,dark,Arabika Temanggung Mukidi,B10,4,purging,100,10854,2818,2805,7827,9335,2782,9145,15414,13633,14150,,
822170,D-TEM,dark,Arabika Temanggung Mukidi,B10,4,purging,101,10847,2815,2804,7827,9333,2785,9144,15403,13620,14144,,
823171,D-TEM,dark,Arabika Temanggung Mukidi,B10,4,purging,102,10840,2815,2805,7827,9330,2782,9143,15393,13609,14138,,
824170,D-TEM,dark,Arabika Temanggung Mukidi,B10,4,purging,103,10834,2815,2804,7828,9328,2785,9142,15383,13597,14132,,
825170,D-TEM,dark,Arabika Temanggung Mukidi,B10,4,purging,104,10827,2816,2805,7828,9326,2783,9141,15373,13585,14126,,
826170,D-TEM,dark,Arabika Temanggung Mukidi,B10,4,purging,105,10821,2820,2805,7828,9323,2785,9139,15362,13574,14119,,
827170,D-TEM,dark,Arabika Temanggung Mukidi,B10,4,purging,106,10813,2817,2804,7828,9320,2784,9138,15352,13563,14114,,
828170,D-TEM,dark,Arabika Temanggung Mukidi,B10,4,purging,107,10806,2818,2805,7828,9317,2783,9137,15342,13551,14108,,
829170,D-TEM,dark,Arabika Temanggung Mukidi,B10,4,purging,108,10800,2817,2804,7828,9315,2786,9136,15333,13540,14102,,
830171,D-TEM,dark,Arabika Temanggung Mukidi,B10,4,purging,109,10793,2816,2805,7828,9311,2784,9136,15323,13529,14096,,
831170,D-TEM,dark,Arabika Temanggung Mukidi,B10,4,purging,110,10786,2817,2806,7828,9308,2786,9135,15313,13518,14090,,
832171,D-TEM,dark,Arabika Temanggung Mukidi,B10,4,purging,111,10781,2815,2805,7829,9305,2783,9134,15304,13506,14086,,
833170,D-TEM,dark,Arabika Temanggung Mukidi,B10,4,purging,112,10776,2813,2802,7828,9303,2782,9134,15295,13496,14080,,
834170,D-TEM,dark,Arabika Temanggung Mukidi,B10,4,purging,113,10770,2816,2805,7829,9301,2785,9132,15285,13485,14074,,
835170,D-TEM,dark,Arabika Temanggung Mukidi,B10,4,purging,114,10764,2816,2807,7828,9298,2785,9132,15275,13474,14070,,
836170,D-TEM,dark,Arabika Temanggung Mukidi,B10,4,purging,115,10758,2812,2806,7829,9296,2784,9132,15267,13464,14066,,
837170,D-TEM,dark,Arabika Temanggung Mukidi,B10,4,purging,116,10753,2813,2805,7829,9295,2785,9133,15258,13454,14063,,
838170,D-TEM,dark,Arabika Temanggung Mukidi,B10,4,purging,117,10749,2816,2805,7829,9294,2785,9134,15250,13445,14058,,
839171,D-TEM,dark,Arabika Temanggung Mukidi,B10,4,purging,118,10744,2815,2803,7829,9293,2783,9135,15241,13435,14053,,
840170,D-TEM,dark,Arabika Temanggung Mukidi,B10,4,purging,119,10742,2816,2805,7830,9291,2785,9135,15233,13426,14049,,
841170,D-TEM,dark,Arabika Temanggung Mukidi,B10,4,purging,120,10738,2817,2804,7830,9290,2786,9136,15225,13417,14048,,
842173,D-TEM,dark,Arabika Temanggung Mukidi,B10,4,collecting,1,10734,2813,2808,7830,9292,2784,9140,15220,13409,14052,,
843170,D-TEM,dark,Arabika Temanggung Mukidi,B10,4,collecting,2,10728,2813,2802,7830,9297,2784,9149,15218,13403,14056,,
844170,D-TEM,dark,Arabika Temanggung Mukidi,B10,4,collecting,3,10724,2814,2807,7830,9303,2783,9159,15214,13398,14064,,
845170,D-TEM,dark,Arabika Temanggung Mukidi,B10,4,collecting,4,10775,2814,2808,7831,9332,2785,9194,15228,13401,14115,,
846171,D-TEM,dark,Arabika Temanggung Mukidi,B10,4,collecting,5,11979,2815,2805,7832,9625,2785,9485,15407,13511,14517,,
847170,D-TEM,dark,Arabika Temanggung Mukidi,B10,4,collecting,6,14577,2821,2805,7836,10262,2784,10061,16085,14128,15122,,
848171,D-TEM,dark,Arabika Temanggung Mukidi,B10,4,collecting,7,16360,2825,2808,7841,10836,2787,10524,16933,15149,15652,,
849170,D-TEM,dark,Arabika Temanggung Mukidi,B10,4,collecting,8,17438,2826,2805,7847,11255,2788,10834,17683,16181,16072,,
850170,D-TEM,dark,Arabika Temanggung Mukidi,B10,4,collecting,9,18079,2827,2805,7853,11529,2788,10996,18236,16985,16364,,
851170,D-TEM,dark,Arabika Temanggung Mukidi,B10,4,collecting,10,18446,2827,2804,7857,11695,2786,11048,18587,17526,16555,,
852170,D-TEM,dark,Arabika Temanggung Mukidi,B10,4,collecting,11,18648,2831,2805,7859,11773,2788,11022,18793,17855,16652,,
853170,D-TEM,dark,Arabika Temanggung Mukidi,B10,4,collecting,12,18741,2828,2804,7860,11790,2784,10947,18885,18029,16698,,
854170,D-TEM,dark,Arabika Temanggung Mukidi,B10,4,collecting,13,18799,2826,2809,7858,11803,2788,10907,18929,18115,16762,,
855171,D-TEM,dark,Arabika Temanggung Mukidi,B10,4,collecting,14,18854,2827,2806,7857,11821,2789,10899,18977,18176,16814,,
856170,D-TEM,dark,Arabika Temanggung Mukidi,B10,4,collecting,15,18888,2827,2804,7855,11819,2786,10866,19011,18221,16833,,
857170,D-TEM,dark,Arabika Temanggung Mukidi,B10,4,collecting,16,18897,2828,2805,7854,11797,2786,10813,19021,18240,16838,,
858170,D-TEM,dark,Arabika Temanggung Mukidi,B10,4,collecting,17,18889,2828,2805,7852,11763,2784,10754,19013,18236,16833,,
859170,D-TEM,dark,Arabika Temanggung Mukidi,B10,4,collecting,18,18877,2830,2807,7849,11736,2786,10717,19000,18219,16844,,
860170,D-TEM,dark,Arabika Temanggung Mukidi,B10,4,collecting,19,18874,2827,2805,7847,11723,2788,10705,19001,18206,16863,,
861170,D-TEM,dark,Arabika Temanggung Mukidi,B10,4,collecting,20,18875,2831,2805,7846,11713,2785,10701,19010,18202,16876,,
862171,D-TEM,dark,Arabika Temanggung Mukidi,B10,4,collecting,21,18873,2832,2804,7844,11701,2784,10688,19017,18198,16887,,
863170,D-TEM,dark,Arabika Temanggung Mukidi,B10,4,collecting,22,18874,2829,2804,7842,11697,2787,10685,19028,18196,16905,,
864171,D-TEM,dark,Arabika Temanggung Mukidi,B10,4,collecting,23,18874,2828,2804,7841,11690,2783,10677,19038,18195,16916,,
865170,D-TEM,dark,Arabika Temanggung Mukidi,B10,4,collecting,24,18871,2828,2805,7840,11676,2784,10658,19044,18193,16915,,
866170,D-TEM,dark,Arabika Temanggung Mukidi,B10,4,collecting,25,18855,2826,2804,7839,11649,2784,10622,19036,18180,16904,,
867170,D-TEM,dark,Arabika Temanggung Mukidi,B10,4,collecting,26,18834,2827,2809,7837,11619,2784,10586,19022,18157,16893,,
868170,D-TEM,dark,Arabika Temanggung Mukidi,B10,4,collecting,27,18812,2830,2805,7836,11595,2787,10562,19007,18131,16888,,
869170,D-TEM,dark,Arabika Temanggung Mukidi,B10,4,collecting,28,18799,2830,2806,7835,11582,2784,10557,19001,18109,16894,,
870170,D-TEM,dark,Arabika Temanggung Mukidi,B10,4,collecting,29,18791,2828,2805,7833,11572,2787,10555,19002,18097,16895,,
871171,D-TEM,dark,Arabika Temanggung Mukidi,B10,4,collecting,30,18774,2829,2802,7832,11548,2782,10527,18995,18083,16877,,
872170,D-TEM,dark,Arabika Temanggung Mukidi,B10,4,collecting,31,18742,2828,2805,7831,11507,2787,10480,18971,18057,16846,,
873170,D-TEM,dark,Arabika Temanggung Mukidi,B10,4,collecting,32,18701,2827,2806,7829,11467,2784,10437,18937,18016,16827,,
874170,D-TEM,dark,Arabika Temanggung Mukidi,B10,4,collecting,33,18681,2828,2805,7828,11457,2787,10443,18923,17982,16839,,
875170,D-TEM,dark,Arabika Temanggung Mukidi,B10,4,collecting,34,18673,2827,2804,7827,11451,2784,10452,18924,17967,16835,,
876170,D-TEM,dark,Arabika Temanggung Mukidi,B10,4,collecting,35,18654,2827,2807,7826,11432,2785,10433,18916,17953,16821,,
877170,D-TEM,dark,Arabika Temanggung Mukidi,B10,4,collecting,36,18639,2830,2805,7825,11423,2784,10429,18908,17935,16827,,
878171,D-TEM,dark,Arabika Temanggung Mukidi,B10,4,collecting,37,18632,2826,2804,7824,11418,2785,10428,18909,17924,16826,,
879170,D-TEM,dark,Arabika Temanggung Mukidi,B10,4,collecting,38,18622,2831,2804,7823,11411,2786,10425,18906,17914,16825,,
880171,D-TEM,dark,Arabika Temanggung Mukidi,B10,4,collecting,39,18616,2823,2805,7822,11409,2786,10425,18906,17906,16826,,
881170,D-TEM,dark,Arabika Temanggung Mukidi,B10,4,collecting,40,18608,2828,2804,7822,11402,2782,10418,18905,17898,16822,,
882170,D-TEM,dark,Arabika Temanggung Mukidi,B10,4,collecting,41,18601,2832,2807,7821,11395,2787,10413,18902,17890,16820,,
883170,D-TEM,dark,Arabika Temanggung Mukidi,B10,4,collecting,42,18597,2826,2804,7820,11394,2787,10412,18902,17883,16826,,
884170,D-TEM,dark,Arabika Temanggung Mukidi,B10,4,collecting,43,18600,2829,2805,7819,11399,2787,10420,18908,17881,16837,,
885170,D-TEM,dark,Arabika Temanggung Mukidi,B10,4,collecting,44,18605,2827,2804,7819,11402,2785,10423,18917,17884,16835,,
886170,D-TEM,dark,Arabika Temanggung Mukidi,B10,4,collecting,45,18600,2832,2805,7818,11394,2784,10411,18914,17881,16831,,
887171,D-TEM,dark,Arabika Temanggung Mukidi,B10,4,collecting,46,18605,2826,2808,7818,11402,2786,10425,18920,17877,16848,,
888170,D-TEM,dark,Arabika Temanggung Mukidi,B10,4,collecting,47,18607,2830,2808,7817,11398,2787,10423,18925,17881,16836,,
889170,D-TEM,dark,Arabika Temanggung Mukidi,B10,4,collecting,48,18590,2827,2807,7817,11377,2782,10392,18912,17872,16816,,
890170,D-TEM,dark,Arabika Temanggung Mukidi,B10,4,collecting,49,18567,2826,2804,7816,11353,2786,10362,18892,17851,16798,,
891170,D-TEM,dark,Arabika Temanggung Mukidi,B10,4,collecting,50,18540,2827,2805,7815,11327,2784,10335,18870,17824,16779,,
892170,D-TEM,dark,Arabika Temanggung Mukidi,B10,4,collecting,51,18509,2830,2808,7815,11296,2788,10306,18846,17795,16749,,
893170,D-TEM,dark,Arabika Temanggung Mukidi,B10,4,collecting,52,18461,2826,2805,7813,11251,2786,10261,18808,17757,16709,,
894171,D-TEM,dark,Arabika Temanggung Mukidi,B10,4,collecting,53,18414,2827,2805,7813,11215,2784,10230,18770,17711,16688,,
895170,D-TEM,dark,Arabika Temanggung Mukidi,B10,4,collecting,54,18390,2824,2804,7812,11209,2788,10245,18753,17674,16703,,
896171,D-TEM,dark,Arabika Temanggung Mukidi,B10,4,collecting,55,18413,2824,2802,7811,11242,2785,10307,18779,17670,16742,,
897170,D-TEM,dark,Arabika Temanggung Mukidi,B10,4,collecting,56,18441,2826,2804,7811,11268,2784,10338,18811,17694,16754,,
898170,D-TEM,dark,Arabika Temanggung Mukidi,B10,4,collecting,57,18466,2827,2806,7811,11292,2787,10358,18836,17717,16776,,
899170,D-TEM,dark,Arabika Temanggung Mukidi,B10,4,collecting,58,18496,2827,2807,7810,11318,2784,10386,18862,17742,16801,,
900170,D-TEM,dark,Arabika Temanggung Mukidi,B10,4,collecting,59,18526,2826,2803,7810,11341,2787,10403,18888,17769,16816,,
901170,D-TEM,dark,Arabika Temanggung Mukidi,B10,4,collecting,60,18551,2827,2804,7810,11362,2788,10412,18909,17791,16837,,
902170,D-TEM,dark,Arabika Temanggung Mukidi,B10,4,collecting,61,18584,2825,2808,7810,11393,2788,10435,18937,17816,16868,,
903171,D-TEM,dark,Arabika Temanggung Mukidi,B10,4,collecting,62,18624,2826,2805,7809,11424,2787,10468,18971,17849,16892,,
904170,D-TEM,dark,Arabika Temanggung Mukidi,B10,4,collecting,63,18646,2827,2805,7809,11430,2784,10462,18990,17877,16883,,
905170,D-TEM,dark,Arabika Temanggung Mukidi,B10,4,collecting,64,18637,2829,2804,7809,11410,2786,10420,18978,17881,16859,,
906170,D-TEM,dark,Arabika Temanggung Mukidi,B10,4,collecting,65,18618,2825,2803,7808,11391,2788,10390,18956,17864,16852,,
907170,D-TEM,dark,Arabika Temanggung Mukidi,B10,4,collecting,66,18625,2826,2805,7807,11401,2783,10408,18956,17851,16878,,
908170,D-TEM,dark,Arabika Temanggung Mukidi,B10,4,collecting,67,18650,2827,2807,7807,11425,2782,10444,18979,17863,16898,,
909170,D-TEM,dark,Arabika Temanggung Mukidi,B10,4,collecting,68,18663,2826,2805,7807,11429,2784,10442,18994,17880,16889,,
910171,D-TEM,dark,Arabika Temanggung Mukidi,B10,4,collecting,69,18654,2827,2807,7806,11413,2785,10411,18986,17882,16873,,
911170,D-TEM,dark,Arabika Temanggung Mukidi,B10,4,collecting,70,18641,2828,2804,7805,11402,2788,10396,18973,17870,16873,,
912171,D-TEM,dark,Arabika Temanggung Mukidi,B10,4,collecting,71,18643,2826,2805,7805,11410,2788,10408,18974,17864,16887,,
913170,D-TEM,dark,Arabika Temanggung Mukidi,B10,4,collecting,72,18654,2829,2805,7804,11418,2787,10424,18984,17869,16892,,
914170,D-TEM,dark,Arabika Temanggung Mukidi,B10,4,collecting,73,18658,2827,2805,7804,11422,2787,10427,18990,17875,16893,,
915170,D-TEM,dark,Arabika Temanggung Mukidi,B10,4,collecting,74,18652,2827,2805,7804,11411,2784,10409,18987,17876,16879,,
916170,D-TEM,dark,Arabika Temanggung Mukidi,B10,4,collecting,75,18642,2830,2807,7804,11402,2787,10395,18978,17868,16879,,
917170,D-TEM,dark,Arabika Temanggung Mukidi,B10,4,collecting,76,18634,2828,2805,7803,11395,2787,10388,18972,17861,16870,,
918170,D-TEM,dark,Arabika Temanggung Mukidi,B10,4,collecting,77,18614,2832,2805,7803,11372,2788,10361,18957,17850,16840,,
919171,D-TEM,dark,Arabika Temanggung Mukidi,B10,4,collecting,78,18567,2830,2805,7802,11324,2785,10304,18918,17821,16790,,
920170,D-TEM,dark,Arabika Temanggung Mukidi,B10,4,collecting,79,18505,2825,2803,7801,11267,2788,10240,18865,17773,16742,,
921170,D-TEM,dark,Arabika Temanggung Mukidi,B10,4,collecting,80,18432,2827,2804,7800,11207,2787,10184,18806,17714,16693,,
922170,D-TEM,dark,Arabika Temanggung Mukidi,B10,4,collecting,81,18369,2825,2805,7800,11168,2785,10156,18757,17653,16670,,
923170,D-TEM,dark,Arabika Temanggung Mukidi,B10,4,collecting,82,18340,2831,2803,7799,11167,2784,10179,18740,17611,16692,,
924170,D-TEM,dark,Arabika Temanggung Mukidi,B10,4,collecting,83,18377,2825,2804,7799,11216,2787,10264,18772,17612,16749,,
925170,D-TEM,dark,Arabika Temanggung Mukidi,B10,4,collecting,84,18427,2825,2805,7799,11260,2785,10323,18821,17652,16768,,
926171,D-TEM,dark,Arabika Temanggung Mukidi,B10,4,collecting,85,18449,2826,2805,7799,11274,2786,10326,18847,17686,16769,,
927170,D-TEM,dark,Arabika Temanggung Mukidi,B10,4,collecting,86,18461,2827,2804,7799,11285,2787,10327,18858,17703,16782,,
928171,D-TEM,dark,Arabika Temanggung Mukidi,B10,4,collecting,87,18476,2825,2805,7798,11295,2788,10335,18871,17717,16788,,
929170,D-TEM,dark,Arabika Temanggung Mukidi,B10,4,collecting,88,18483,2829,2804,7798,11298,2785,10333,18875,17726,16786,,
930170,D-TEM,dark,Arabika Temanggung Mukidi,B10,4,collecting,89,18492,2827,2805,7798,11310,2784,10339,18879,17730,16807,,
931170,D-TEM,dark,Arabika Temanggung Mukidi,B10,4,collecting,90,18523,2827,2804,7797,11343,2784,10382,18905,17747,16839,,
932170,D-TEM,dark,Arabika Temanggung Mukidi,B10,4,collecting,91,18564,2828,2804,7797,11389,2786,10438,18938,17779,16880,,
933170,D-TEM,dark,Arabika Temanggung Mukidi,B10,4,collecting,92,18604,2832,2805,7797,11426,2784,10467,18975,17820,16895,,
934170,D-TEM,dark,Arabika Temanggung Mukidi,B10,4,collecting,93,18615,2827,2803,7797,11435,2787,10457,18985,17848,16893,,
935171,D-TEM,dark,Arabika Temanggung Mukidi,B10,4,collecting,94,18610,2829,2804,7797,11438,2782,10445,18981,17858,16891,,
936170,D-TEM,dark,Arabika Temanggung Mukidi,B10,4,collecting,95,18594,2827,2803,7796,11433,2787,10432,18968,17856,16883,,
937170,D-TEM,dark,Arabika Temanggung Mukidi,B10,4,collecting,96,18575,2830,2807,7796,11427,2787,10420,18952,17846,16874,,
938170,D-TEM,dark,Arabika Temanggung Mukidi,B10,4,collecting,97,18553,2827,2804,7796,11415,2787,10408,18933,17832,16859,,
939170,D-TEM,dark,Arabika Temanggung Mukidi,B10,4,collecting,98,18528,2830,2805,7795,11397,2787,10391,18913,17814,16841,,
940170,D-TEM,dark,Arabika Temanggung Mukidi,B10,4,collecting,99,18501,2827,2804,7795,11377,2786,10371,18892,17793,16823,,
941170,D-TEM,dark,Arabika Temanggung Mukidi,B10,4,collecting,100,18475,2826,2804,7795,11356,2785,10354,18872,17770,16807,,
942171,D-TEM,dark,Arabika Temanggung Mukidi,B10,4,collecting,101,18452,2826,2804,7795,11336,2787,10340,18855,17748,16793,,
943170,D-TEM,dark,Arabika Temanggung Mukidi,B10,4,collecting,102,18433,2826,2805,7795,11319,2784,10328,18841,17728,16782,,
944171,D-TEM,dark,Arabika Temanggung Mukidi,B10,4,collecting,103,18421,2828,2804,7794,11309,2787,10324,18833,17712,16776,,
945170,D-TEM,dark,Arabika Temanggung Mukidi,B10,4,collecting,104,18413,2825,2805,7795,11300,2786,10322,18828,17700,16770,,
946170,D-TEM,dark,Arabika Temanggung Mukidi,B10,4,collecting,105,18405,2824,2806,7794,11291,2784,10316,18823,17691,16762,,
947170,D-TEM,dark,Arabika Temanggung Mukidi,B10,4,collecting,106,18398,2825,2804,7794,11283,2784,10309,18818,17682,16756,,
948170,D-TEM,dark,Arabika Temanggung Mukidi,B10,4,collecting,107,18385,2825,2805,7794,11268,2786,10293,18810,17671,16740,,
949170,D-TEM,dark,Arabika Temanggung Mukidi,B10,4,collecting,108,18368,2825,2805,7794,11252,2787,10274,18798,17657,16729,,
950170,D-TEM,dark,Arabika Temanggung Mukidi,B10,4,collecting,109,18354,2825,2805,7793,11238,2787,10264,18787,17641,16719,,
951171,D-TEM,dark,Arabika Temanggung Mukidi,B10,4,collecting,110,18342,2827,2809,7793,11227,2788,10254,18778,17626,16710,,
952170,D-TEM,dark,Arabika Temanggung Mukidi,B10,4,collecting,111,18333,2827,2805,7792,11218,2788,10250,18772,17614,16703,,
953170,D-TEM,dark,Arabika Temanggung Mukidi,B10,4,collecting,112,18324,2827,2805,7792,11209,2787,10245,18766,17603,16694,,
954170,D-TEM,dark,Arabika Temanggung Mukidi,B10,4,collecting,113,18313,2826,2805,7792,11196,2785,10235,18758,17592,16680,,
955170,D-TEM,dark,Arabika Temanggung Mukidi,B10,4,collecting,114,18299,2825,2804,7791,11182,2787,10224,18747,17578,16669,,
956170,D-TEM,dark,Arabika Temanggung Mukidi,B10,4,collecting,115,18286,2825,2808,7791,11169,2787,10213,18737,17564,16657,,
957170,D-TEM,dark,Arabika Temanggung Mukidi,B10,4,collecting,116,18272,2825,2807,7791,11157,2783,10202,18726,17549,16649,,
958171,D-TEM,dark,Arabika Temanggung Mukidi,B10,4,collecting,117,18276,2826,2805,7791,11168,2787,10222,18728,17539,16672,,
959170,D-TEM,dark,Arabika Temanggung Mukidi,B10,4,collecting,118,18308,2827,2804,7791,11194,2784,10260,18754,17552,16692,,
960171,D-TEM,dark,Arabika Temanggung Mukidi,B10,4,collecting,119,18322,2827,2805,7791,11207,2788,10268,18770,17573,16690,,
961170,D-TEM,dark,Arabika Temanggung Mukidi,B10,4,collecting,120,18306,2831,2808,7790,11201,2784,10250,18761,17580,16675,,
962173,D-TEM,dark,Arabika Temanggung Mukidi,B10,5,purging,1,18266,2826,2804,7790,11190,2785,10231,18736,17570,16659,,
963170,D-TEM,dark,Arabika Temanggung Mukidi,B10,5,purging,2,18219,2827,2807,7790,11180,2788,10221,18704,17549,16645,,
964169,D-TEM,dark,Arabika Temanggung Mukidi,B10,5,purging,3,18184,2827,2804,7790,11183,2784,10232,18683,17527,16643,,
965170,D-TEM,dark,Arabika Temanggung Mukidi,B10,5,purging,4,18158,2827,2807,7791,11189,2786,10244,18669,17514,16641,,
966170,D-TEM,dark,Arabika Temanggung Mukidi,B10,5,purging,5,18119,2827,2804,7791,11177,2785,10236,18650,17503,16604,,
967171,D-TEM,dark,Arabika Temanggung Mukidi,B10,5,purging,6,18022,2824,2804,7791,11109,2783,10150,18583,17464,16513,,
968170,D-TEM,dark,Arabika Temanggung Mukidi,B10,5,purging,7,17877,2827,2807,7791,11004,2785,10035,18485,17382,16411,,
969170,D-TEM,dark,Arabika Temanggung Mukidi,B10,5,purging,8,17699,2825,2804,7791,10886,2785,9918,18370,17270,16305,,
970170,D-TEM,dark,Arabika Temanggung Mukidi,B10,5,purging,9,17493,2827,2805,7790,10767,2784,9809,18250,17142,16201,,
971170,D-TEM,dark,Arabika Temanggung Mukidi,B10,5,purging,10,17267,2825,2804,7790,10652,2786,9713,18133,17007,16104,,
972170,D-TEM,dark,Arabika Temanggung Mukidi,B10,5,purging,11,17026,2826,2804,7790,10546,2785,9635,18022,16873,16015,,
973170,D-TEM,dark,Arabika Temanggung Mukidi,B10,5,purging,12,16773,2826,2804,7790,10451,2785,9571,17918,16742,15931,,
974171,D-TEM,dark,Arabika Temanggung Mukidi,B10,5,purging,13,16510,2824,2804,7790,10364,2782,9517,17823,16618,15855,,
975170,D-TEM,dark,Arabika Temanggung Mukidi,B10,5,purging,14,16243,2824,2805,7790,10288,2784,9473,17736,16500,15784,,
976171,D-TEM,dark,Arabika Temanggung Mukidi,B10,5,purging,15,15972,2826,2809,7790,10220,2784,9437,17655,16390,15719,,
977170,D-TEM,dark,Arabika Temanggung Mukidi,B10,5,purging,16,15700,2821,2808,7790,10160,2785,9407,17580,16286,15658,,
978170,D-TEM,dark,Arabika Temanggung Mukidi,B10,5,purging,17,15433,2825,2805,7790,10106,2785,9381,17511,16188,15601,,
979170,D-TEM,dark,Arabika Temanggung Mukidi,B10,5,purging,18,15171,2824,2807,7790,10059,2787,9360,17446,16097,15550,,
980170,D-TEM,dark,Arabika Temanggung Mukidi,B10,5,purging,19,14916,2823,2805,7790,10017,2784,9342,17386,16011,15500,,
981170,D-TEM,dark,Arabika Temanggung Mukidi,B10,5,purging,20,14671,2821,2805,7790,9979,2787,9327,17328,15929,15453,,
982170,D-TEM,dark,Arabika Temanggung Mukidi,B10,5,purging,21,14437,2824,2808,7791,9945,2785,9314,17275,15853,15409,,
983171,D-TEM,dark,Arabika Temanggung Mukidi,B10,5,purging,22,14215,2820,2804,7791,9914,2784,9302,17223,15780,15366,,
984170,D-TEM,dark,Arabika Temanggung Mukidi,B10,5,purging,23,14007,2824,2807,7791,9886,2785,9290,17174,15711,15326,,
985170,D-TEM,dark,Arabika Temanggung Mukidi,B10,5,purging,24,13812,2821,2805,7792,9860,2783,9281,17127,15646,15287,,
986170,D-TEM,dark,Arabika Temanggung Mukidi,B10,5,purging,25,13632,2821,2805,7792,9836,2785,9272,17082,15583,15250,,
987170,D-TEM,dark,Arabika Temanggung Mukidi,B10,5,purging,26,13464,2820,2806,7792,9814,2783,9262,17039,15523,15215,,
988170,D-TEM,dark,Arabika Temanggung Mukidi,B10,5,purging,27,13310,2821,2805,7792,9793,2784,9254,16997,15466,15181,,
989170,D-TEM,dark,Arabika Temanggung Mukidi,B10,5,purging,28,13169,2817,2804,7792,9773,2784,9247,16958,15410,15148,,
990171,D-TEM,dark,Arabika Temanggung Mukidi,B10,5,purging,29,13037,2819,2804,7793,9755,2784,9239,16919,15357,15116,,
991170,D-TEM,dark,Arabika Temanggung Mukidi,B10,5,purging,30,12917,2818,2807,7793,9737,2786,9233,16881,15307,15085,,
992171,D-TEM,dark,Arabika Temanggung Mukidi,B10,5,purging,31,12806,2818,2805,7793,9721,2785,9227,16845,15258,15056,,
993170,D-TEM,dark,Arabika Temanggung Mukidi,B10,5,purging,32,12705,2817,2805,7793,9707,2782,9222,16810,15211,15028,,
994170,D-TEM,dark,Arabika Temanggung Mukidi,B10,5,purging,33,12612,2819,2805,7794,9693,2782,9217,16776,15165,15001,,
995170,D-TEM,dark,Arabika Temanggung Mukidi,B10,5,purging,34,12526,2816,2807,7793,9680,2785,9213,16744,15121,14974,,
996170,D-TEM,dark,Arabika Temanggung Mukidi,B10,5,purging,35,12447,2819,2805,7794,9667,2784,9208,16712,15079,14949,,
997170,D-TEM,dark,Arabika Temanggung Mukidi,B10,5,purging,36,12373,2816,2805,7794,9656,2785,9204,16681,15039,14924,,
998170,D-TEM,dark,Arabika Temanggung Mukidi,B10,5,purging,37,12306,2820,2805,7794,9645,2787,9200,16651,14999,14900,,
999171,D-TEM,dark,Arabika Temanggung Mukidi,B10,5,purging,38,12242,2817,2808,7794,9634,2785,9198,16621,14960,14876,,
1000170,D-TEM,dark,Arabika Temanggung Mukidi,B10,5,purging,39,12183,2817,2806,7794,9623,2785,9195,16592,14922,14853,,
1001170,D-TEM,dark,Arabika Temanggung Mukidi,B10,5,purging,40,12127,2820,2804,7795,9612,2784,9192,16564,14885,14830,,
1002170,D-TEM,dark,Arabika Temanggung Mukidi,B10,5,purging,41,12074,2815,2806,7795,9601,2784,9188,16536,14849,14809,,
1003170,D-TEM,dark,Arabika Temanggung Mukidi,B10,5,purging,42,12026,2815,2804,7795,9591,2784,9185,16509,14814,14788,,
1004170,D-TEM,dark,Arabika Temanggung Mukidi,B10,5,purging,43,11981,2817,2805,7795,9581,2787,9182,16483,14780,14767,,
1005170,D-TEM,dark,Arabika Temanggung Mukidi,B10,5,purging,44,11939,2817,2808,7795,9571,2785,9178,16458,14747,14747,,
1006171,D-TEM,dark,Arabika Temanggung Mukidi,B10,5,purging,45,11899,2818,2804,7795,9562,2783,9175,16433,14715,14728,,
1007170,D-TEM,dark,Arabika Temanggung Mukidi,B10,5,purging,46,11861,2817,2805,7795,9554,2785,9172,16408,14684,14709,,
1008171,D-TEM,dark,Arabika Temanggung Mukidi,B10,5,purging,47,11824,2815,2806,7795,9546,2785,9169,16384,14653,14691,,
1009170,D-TEM,dark,Arabika Temanggung Mukidi,B10,5,purging,48,11789,2816,2805,7796,9539,2785,9167,16361,14623,14673,,
1010170,D-TEM,dark,Arabika Temanggung Mukidi,B10,5,purging,49,11755,2816,2809,7795,9531,2782,9164,16338,14594,14656,,
1011170,D-TEM,dark,Arabika Temanggung Mukidi,B10,5,purging,50,11723,2815,2805,7796,9524,2785,9162,16315,14566,14639,,
1012170,D-TEM,dark,Arabika Temanggung Mukidi,B10,5,purging,51,11692,2817,2804,7796,9517,2785,9160,16293,14538,14622,,
1013170,D-TEM,dark,Arabika Temanggung Mukidi,B10,5,purging,52,11663,2816,2807,7796,9509,2785,9158,16271,14511,14605,,
1014170,D-TEM,dark,Arabika Temanggung Mukidi,B10,5,purging,53,11634,2814,2804,7796,9502,2785,9156,16249,14484,14588,,
1015171,D-TEM,dark,Arabika Temanggung Mukidi,B10,5,purging,54,11607,2817,2806,7796,9494,2785,9153,16228,14458,14572,,
1016170,D-TEM,dark,Arabika Temanggung Mukidi,B10,5,purging,55,11581,2819,2807,7796,9487,2785,9151,16207,14432,14557,,
1017170,D-TEM,dark,Arabika Temanggung Mukidi,B10,5,purging,56,11556,2816,2805,7796,9480,2784,9149,16187,14407,14542,,
1018170,D-TEM,dark,Arabika Temanggung Mukidi,B10,5,purging,57,11532,2818,2805,7796,9474,2783,9146,16167,14382,14527,,
1019170,D-TEM,dark,Arabika Temanggung Mukidi,B10,5,purging,58,11509,2815,2804,7796,9467,2788,9144,16148,14357,14512,,
1020170,D-TEM,dark,Arabika Temanggung Mukidi,B10,5,purging,59,11486,2815,2805,7797,9461,2785,9143,16129,14334,14499,,
1021170,D-TEM,dark,Arabika Temanggung Mukidi,B10,5,purging,60,11464,2817,2805,7797,9455,2784,9141,16110,14310,14485,,
1022171,D-TEM,dark,Arabika Temanggung Mukidi,B10,5,purging,61,11443,2819,2805,7797,9449,2785,9139,16091,14288,14471,,
1023170,D-TEM,dark,Arabika Temanggung Mukidi,B10,5,purging,62,11422,2814,2806,7797,9443,2785,9138,16073,14265,14458,,
1024171,D-TEM,dark,Arabika Temanggung Mukidi,B10,5,purging,63,11403,2815,2806,7797,9438,2785,9136,16055,14243,14445,,
1025170,D-TEM,dark,Arabika Temanggung Mukidi,B10,5,purging,64,11384,2819,2808,7797,9433,2783,9134,16037,14221,14433,,
1026170,D-TEM,dark,Arabika Temanggung Mukidi,B10,5,purging,65,11365,2815,2804,7797,9427,2785,9132,16020,14200,14420,,
1027170,D-TEM,dark,Arabika Temanggung Mukidi,B10,5,purging,66,11346,2816,2805,7797,9422,2782,9132,16002,14180,14408,,
1028170,D-TEM,dark,Arabika Temanggung Mukidi,B10,5,purging,67,11327,2815,2808,7797,9417,2785,9129,15985,14159,14396,,
1029170,D-TEM,dark,Arabika Temanggung Mukidi,B10,5,purging,68,11309,2815,2805,7797,9412,2782,9129,15969,14139,14384,,
1030170,D-TEM,dark,Arabika Temanggung Mukidi,B10,5,purging,69,11292,2818,2805,7797,9406,2782,9128,15953,14119,14373,,
1031171,D-TEM,dark,Arabika Temanggung Mukidi,B10,5,purging,70,11275,2814,2804,7798,9401,2783,9127,15936,14100,14362,,
1032170,D-TEM,dark,Arabika Temanggung Mukidi,B10,5,purging,71,11259,2816,2805,7798,9396,2786,9126,15920,14081,14350,,
1033170,D-TEM,dark,Arabika Temanggung Mukidi,B10,5,purging,72,11243,2818,2805,7798,9391,2785,9125,15904,14062,14340,,
1034170,D-TEM,dark,Arabika Temanggung Mukidi,B10,5,purging,73,11227,2815,2805,7798,9386,2784,9123,15888,14043,14329,,
1035170,D-TEM,dark,Arabika Temanggung Mukidi,B10,5,purging,74,11211,2815,2808,7798,9382,2785,9122,15873,14025,14318,,
1036170,D-TEM,dark,Arabika Temanggung Mukidi,B10,5,purging,75,11196,2815,2803,7798,9377,2785,9122,15858,14006,14308,,
1037170,D-TEM,dark,Arabika Temanggung Mukidi,B10,5,purging,76,11181,2813,2805,7798,9372,2786,9120,15842,13989,14297,,
1038171,D-TEM,dark,Arabika Temanggung Mukidi,B10,5,purging,77,11167,2815,2804,7798,9369,2784,9118,15827,13971,14287,,
1039170,D-TEM,dark,Arabika Temanggung Mukidi,B10,5,purging,78,11153,2815,2807,7798,9364,2782,9117,15812,13954,14278,,
1040171,D-TEM,dark,Arabika Temanggung Mukidi,B10,5,purging,79,11139,2816,2806,7799,9360,2782,9115,15798,13937,14268,,
1041170,D-TEM,dark,Arabika Temanggung Mukidi,B10,5,purging,80,11125,2816,2803,7799,9356,2783,9114,15784,13921,14259,,
1042170,D-TEM,dark,Arabika Temanggung Mukidi,B10,5,purging,81,11113,2815,2805,7799,9352,2784,9114,15770,13905,14250,,
1043170,D-TEM,dark,Arabika Temanggung Mukidi,B10,5,purging,82,11101,2818,2807,7799,9348,2785,9113,15755,13889,14241,,
1044170,D-TEM,dark,Arabika Temanggung Mukidi,B10,5,purging,83,11089,2816,2805,7800,9344,2785,9112,15742,13873,14232,,
1045170,D-TEM,dark,Arabika Temanggung Mukidi,B10,5,purging,84,11077,2815,2805,7800,9341,2782,9110,15728,13857,14223,,
1046170,D-TEM,dark,Arabika Temanggung Mukidi,B10,5,purging,85,11066,2814,2805,7800,9337,2785,9109,15714,13842,14214,,
1047171,D-TEM,dark,Arabika Temanggung Mukidi,B10,5,purging,86,11054,2817,2804,7800,9333,2782,9108,15701,13827,14206,,
1048170,D-TEM,dark,Arabika Temanggung Mukidi,B10,5,purging,87,11044,2816,2805,7800,9329,2785,9106,15688,13812,14197,,
1049170,D-TEM,dark,Arabika Temanggung Mukidi,B10,5,purging,88,11033,2815,2803,7800,9325,2783,9104,15675,13797,14189,,
1050170,D-TEM,dark,Arabika Temanggung Mukidi,B10,5,purging,89,11023,2816,2805,7800,9320,2785,9103,15662,13782,14181,,
1051170,D-TEM,dark,Arabika Temanggung Mukidi,B10,5,purging,90,11012,2814,2806,7800,9316,2785,9103,15650,13767,14173,,
1052170,D-TEM,dark,Arabika Temanggung Mukidi,B10,5,purging,91,11001,2818,2806,7800,9313,2785,9102,15637,13752,14166,,
1053170,D-TEM,dark,Arabika Temanggung Mukidi,B10,5,purging,92,10991,2818,2805,7800,9309,2785,9101,15624,13737,14158,,
1054171,D-TEM,dark,Arabika Temanggung Mukidi,B10,5,purging,93,10981,2817,2805,7800,9306,2784,9099,15612,13724,14150,,
1055170,D-TEM,dark,Arabika Temanggung Mukidi,B10,5,purging,94,10971,2812,2807,7800,9302,2785,9098,15600,13709,14142,,
1056171,D-TEM,dark,Arabika Temanggung Mukidi,B10,5,purging,95,10962,2814,2807,7801,9299,2786,9098,15588,13696,14135,,
1057170,D-TEM,dark,Arabika Temanggung Mukidi,B10,5,purging,96,10953,2815,2808,7800,9296,2785,9097,15576,13682,14128,,
1058170,D-TEM,dark,Arabika Temanggung Mukidi,B10,5,purging,97,10943,2814,2805,7801,9293,2784,9096,15564,13668,14120,,
1059170,D-TEM,dark,Arabika Temanggung Mukidi,B10,5,purging,98,10934,2816,2807,7801,9289,2785,9094,15552,13655,14113,,
1060170,D-TEM,dark,Arabika Temanggung Mukidi,B10,5,purging,99,10925,2818,2804,7801,9285,2784,9093,15540,13641,14105,,
1061170,D-TEM,dark,Arabika Temanggung Mukidi,B10,5,purging,100,10917,2816,2805,7801,9282,2782,9092,15528,13628,14098,,
1062170,D-TEM,dark,Arabika Temanggung Mukidi,B10,5,purging,101,10909,2812,2804,7801,9278,2783,9091,15517,13615,14091,,
1063171,D-TEM,dark,Arabika Temanggung Mukidi,B10,5,purging,102,10901,2817,2805,7801,9274,2783,9090,15505,13602,14084,,
1064170,D-TEM,dark,Arabika Temanggung Mukidi,B10,5,purging,103,10894,2818,2805,7801,9271,2785,9088,15494,13589,14077,,
1065170,D-TEM,dark,Arabika Temanggung Mukidi,B10,5,purging,104,10887,2816,2806,7801,9267,2784,9086,15483,13576,14070,,
1066170,D-TEM,dark,Arabika Temanggung Mukidi,B10,5,purging,105,10879,2814,2807,7801,9263,2785,9083,15471,13563,14064,,
1067170,D-TEM,dark,Arabika Temanggung Mukidi,B10,5,purging,106,10873,2814,2806,7801,9259,2783,9082,15460,13550,14057,,
1068170,D-TEM,dark,Arabika Temanggung Mukidi,B10,5,purging,107,10866,2818,2805,7801,9256,2784,9080,15450,13538,14051,,
1069170,D-TEM,dark,Arabika Temanggung Mukidi,B10,5,purging,108,10859,2816,2804,7801,9253,2782,9079,15439,13526,14045,,
1070171,D-TEM,dark,Arabika Temanggung Mukidi,B10,5,purging,109,10852,2812,2804,7801,9250,2784,9080,15429,13514,14039,,
1071170,D-TEM,dark,Arabika Temanggung Mukidi,B10,5,purging,110,10846,2815,2808,7801,9248,2783,9078,15418,13502,14033,,
1072171,D-TEM,dark,Arabika Temanggung Mukidi,B10,5,purging,111,10839,2815,2808,7801,9245,2785,9079,15408,13490,14028,,
1073170,D-TEM,dark,Arabika Temanggung Mukidi,B10,5,purging,112,10833,2815,2810,7802,9243,2782,9080,15399,13479,14025,,
1074170,D-TEM,dark,Arabika Temanggung Mukidi,B10,5,purging,113,10827,2818,2806,7802,9242,2785,9081,15389,13469,14019,,
1075170,D-TEM,dark,Arabika Temanggung Mukidi,B10,5,purging,114,10820,2813,2806,7802,9240,2785,9081,15379,13458,14013,,
1076170,D-TEM,dark,Arabika Temanggung Mukidi,B10,5,purging,115,10814,2815,2804,7802,9238,2785,9080,15369,13447,14009,,
1077170,D-TEM,dark,Arabika Temanggung Mukidi,B10,5,purging,116,10809,2815,2804,7801,9236,2783,9081,15361,13436,14003,,
1078170,D-TEM,dark,Arabika Temanggung Mukidi,B10,5,purging,117,10802,2815,2805,7802,9234,2782,9081,15351,13425,13999,,
1079171,D-TEM,dark,Arabika Temanggung Mukidi,B10,5,purging,118,10796,2814,2805,7801,9232,2785,9081,15342,13415,13995,,
1080170,D-TEM,dark,Arabika Temanggung Mukidi,B10,5,purging,119,10790,2816,2805,7802,9231,2784,9081,15333,13405,13989,,
1081170,D-TEM,dark,Arabika Temanggung Mukidi,B10,5,purging,120,10785,2817,2804,7802,9229,2782,9080,15324,13395,13985,,
1082173,D-TEM,dark,Arabika Temanggung Mukidi,B10,5,collecting,1,10780,2815,2805,7802,9228,2782,9080,15314,13385,13981,,
1083170,D-TEM,dark,Arabika Temanggung Mukidi,B10,5,collecting,2,10783,2816,2803,7802,9231,2783,9085,15308,13376,13989,,
1084170,D-TEM,dark,Arabika Temanggung Mukidi,B10,5,collecting,3,11517,2814,2805,7802,9379,2782,9222,15408,13416,14223,,
1085170,D-TEM,dark,Arabika Temanggung Mukidi,B10,5,collecting,4,13601,2820,2805,7803,9768,2784,9611,15836,13735,14654,,
1086171,D-TEM,dark,Arabika Temanggung Mukidi,B10,5,collecting,5,15376,2824,2804,7805,10190,2785,9970,16473,14359,15068,,
1087170,D-TEM,dark,Arabika Temanggung Mukidi,B10,5,collecting,6,16531,2825,2805,7807,10539,2784,10232,17083,15091,15433,,
1088171,D-TEM,dark,Arabika Temanggung Mukidi,B10,5,collecting,7,17248,2825,2803,7810,10789,2787,10392,17570,15763,15696,,
1089170,D-TEM,dark,Arabika Temanggung Mukidi,B10,5,collecting,8,17641,2825,2805,7810,10956,2787,10469,17882,16265,15872,,
1090170,D-TEM,dark,Arabika Temanggung Mukidi,B10,5,collecting,9,17877,2827,2803,7810,11071,2785,10512,18082,16610,15996,,
1091170,D-TEM,dark,Arabika Temanggung Mukidi,B10,5,collecting,10,18014,2830,2803,7810,11135,2787,10514,18198,16840,16066,,
1092170,D-TEM,dark,Arabika Temanggung Mukidi,B10,5,collecting,11,18090,2826,2805,7810,11162,2787,10491,18260,16985,16106,,
1093170,D-TEM,dark,Arabika Temanggung Mukidi,B10,5,collecting,12,18124,2827,2806,7809,11160,2788,10450,18285,17070,16118,,
1094170,D-TEM,dark,Arabika Temanggung Mukidi,B10,5,collecting,13,18132,2826,2803,7808,11140,2784,10401,18287,17112,16123,,
1095171,D-TEM,dark,Arabika Temanggung Mukidi,B10,5,collecting,14,18130,2828,2804,7807,11113,2784,10355,18284,17130,16123,,
1096170,D-TEM,dark,Arabika Temanggung Mukidi,B10,5,collecting,15,18115,2827,2806,7807,11078,2784,10310,18273,17133,16115,,
1097170,D-TEM,dark,Arabika Temanggung Mukidi,B10,5,collecting,16,18093,2825,2805,7806,11043,2787,10268,18258,17124,16108,,
1098170,D-TEM,dark,Arabika Temanggung Mukidi,B10,5,collecting,17,18067,2826,2806,7805,11007,2784,10228,18243,17109,16097,,
1099170,D-TEM,dark,Arabika Temanggung Mukidi,B10,5,collecting,18,18038,2827,2805,7804,10975,2787,10195,18227,17089,16092,,
1100170,D-TEM,dark,Arabika Temanggung Mukidi,B10,5,collecting,19,18013,2826,2807,7804,10947,2784,10169,18215,17070,16088,,
1101170,D-TEM,dark,Arabika Temanggung Mukidi,B10,5,collecting,20,17990,2829,2804,7803,10926,2783,10149,18208,17054,16090,,
1102171,D-TEM,dark,Arabika Temanggung Mukidi,B10,5,collecting,21,17974,2827,2805,7802,10911,2787,10137,18207,17043,16094,,
1103170,D-TEM,dark,Arabika Temanggung Mukidi,B10,5,collecting,22,17963,2827,2805,7802,10903,2787,10128,18210,17036,16102,,
1104171,D-TEM,dark,Arabika Temanggung Mukidi,B10,5,collecting,23,17953,2825,2804,7801,10894,2784,10121,18215,17034,16104,,
1105170,D-TEM,dark,Arabika Temanggung Mukidi,B10,5,collecting,24,17942,2827,2805,7801,10884,2786,10111,18218,17031,16110,,
1106170,D-TEM,dark,Arabika Temanggung Mukidi,B10,5,collecting,25,17936,2826,2807,7800,10879,2785,10107,18224,17029,16117,,
1107170,D-TEM,dark,Arabika Temanggung Mukidi,B10,5,collecting,26,17934,2826,2810,7800,10878,2784,10104,18232,17029,16126,,
1108170,D-TEM,dark,Arabika Temanggung Mukidi,B10,5,collecting,27,17934,2827,2806,7799,10877,2784,10105,18241,17032,16134,,
1109170,D-TEM,dark,Arabika Temanggung Mukidi,B10,5,collecting,28,17936,2827,2806,7798,10879,2787,10104,18252,17036,16145,,
1110170,D-TEM,dark,Arabika Temanggung Mukidi,B10,5,collecting,29,17940,2830,2804,7798,10879,2783,10103,18263,17042,16152,,
1111171,D-TEM,dark,Arabika Temanggung Mukidi,B10,5,collecting,30,17940,2830,2806,7797,10877,2787,10098,18270,17047,16156,,
1112170,D-TEM,dark,Arabika Temanggung Mukidi,B10,5,collecting,31,17938,2826,2809,7797,10877,2784,10095,18274,17050,16162,,
1113170,D-TEM,dark,Arabika Temanggung Mukidi,B10,5,collecting,32,17941,2827,2805,7796,10881,2784,10098,18282,17053,16176,,
1114170,D-TEM,dark,Arabika Temanggung Mukidi,B10,5,collecting,33,17949,2824,2804,7795,10887,2787,10105,18296,17062,16183,,
1115170,D-TEM,dark,Arabika Temanggung Mukidi,B10,5,collecting,34,17947,2826,2804,7795,10883,2784,10093,18299,17067,16182,,
1116170,D-TEM,dark,Arabika Temanggung Mukidi,B10,5,collecting,35,17946,2828,2805,7794,10882,2784,10090,18303,17069,16187,,
1117170,D-TEM,dark,Arabika Temanggung Mukidi,B10,5,collecting,36,17942,2827,2804,7794,10876,2787,10081,18304,17069,16182,,
1118171,D-TEM,dark,Arabika Temanggung Mukidi,B10,5,collecting,37,17937,2827,2804,7793,10872,2786,10076,18302,17065,16187,,
1119170,D-TEM,dark,Arabika Temanggung Mukidi,B10,5,collecting,38,17941,2827,2806,7794,10877,2786,10085,18309,17066,16201,,
1120171,D-TEM,dark,Arabika Temanggung Mukidi,B10,5,collecting,39,17953,2827,2804,7793,10884,2784,10090,18322,17073,16209,,
1121170,D-TEM,dark,Arabika Temanggung Mukidi,B10,5,collecting,40,17962,2823,2808,7793,10887,2786,10092,18333,17082,16214,,
1122170,D-TEM,dark,Arabika Temanggung Mukidi,B10,5,collecting,41,17969,2830,2805,7792,10890,2784,10090,18341,17089,16221,,
1123170,D-TEM,dark,Arabika Temanggung Mukidi,B10,5,collecting,42,17979,2826,2805,7791,10896,2784,10093,18351,17096,16232,,
1124170,D-TEM,dark,Arabika Temanggung Mukidi,B10,5,collecting,43,17988,2827,2804,7791,10900,2784,10095,18362,17106,16236,,
1125170,D-TEM,dark,Arabika Temanggung Mukidi,B10,5,collecting,44,17992,2825,2805,7791,10900,2786,10090,18368,17112,16241,,
1126170,D-TEM,dark,Arabika Temanggung Mukidi,B10,5,collecting,45,17999,2825,2805,7790,10902,2787,10089,18376,17118,16248,,
1127171,D-TEM,dark,Arabika Temanggung Mukidi,B10,5,collecting,46,18005,2828,2807,7790,10905,2785,10089,18382,17124,16254,,
1128170,D-TEM,dark,Arabika Temanggung Mukidi,B10,5,collecting,47,18012,2826,2805,7789,10911,2787,10094,18391,17130,16264,,
1129170,D-TEM,dark,Arabika Temanggung Mukidi,B10,5,collecting,48,18024,2827,2805,7789,10918,2784,10102,18403,17139,16273,,
1130170,D-TEM,dark,Arabika Temanggung Mukidi,B10,5,collecting,49,18030,2826,2805,7788,10920,2784,10097,18411,17147,16273,,
1131170,D-TEM,dark,Arabika Temanggung Mukidi,B10,5,collecting,50,18031,2826,2805,7788,10920,2784,10092,18412,17151,16276,,
1132170,D-TEM,dark,Arabika Temanggung Mukidi,B10,5,collecting,51,18034,2830,2805,7787,10922,2787,10093,18417,17154,16281,,
1133170,D-TEM,dark,Arabika Temanggung Mukidi,B10,5,collecting,52,18034,2827,2805,7787,10920,2784,10091,18419,17157,16282,,
1134171,D-TEM,dark,Arabika Temanggung Mukidi,B10,5,collecting,53,18032,2827,2806,7786,10918,2786,10087,18421,17158,16279,,
1135170,D-TEM,dark,Arabika Temanggung Mukidi,B10,5,collecting,54,18027,2829,2804,7786,10912,2787,10077,18418,17156,16276,,
1136171,D-TEM,dark,Arabika Temanggung Mukidi,B10,5,collecting,55,18019,2826,2806,7785,10906,2786,10070,18414,17152,16274,,
1137170,D-TEM,dark,Arabika Temanggung Mukidi,B10,5,collecting,56,18016,2827,2805,7785,10907,2785,10072,18414,17147,16280,,
1138170,D-TEM,dark,Arabika Temanggung Mukidi,B10,5,collecting,57,18015,2830,2804,7785,10906,2787,10073,18416,17147,16279,,
1139170,D-TEM,dark,Arabika Temanggung Mukidi,B10,5,collecting,58,18007,2825,2805,7785,10900,2783,10066,18414,17146,16270,,
1140170,D-TEM,dark,Arabika Temanggung Mukidi,B10,5,collecting,59,17996,2825,2804,7784,10895,2783,10059,18406,17139,16272,,
1141170,D-TEM,dark,Arabika Temanggung Mukidi,B10,5,collecting,60,17995,2827,2804,7784,10896,2784,10063,18409,17135,16275,,
1142170,D-TEM,dark,Arabika Temanggung Mukidi,B10,5,collecting,61,17997,2827,2804,7783,10899,2785,10068,18412,17136,16280,,
1143171,D-TEM,dark,Arabika Temanggung Mukidi,B10,5,collecting,62,18005,2825,2805,7783,10907,2783,10075,18421,17140,16292,,
1144170,D-TEM,dark,Arabika Temanggung Mukidi,B10,5,collecting,63,18019,2828,2805,7782,10918,2787,10086,18435,17149,16302,,
1145170,D-TEM,dark,Arabika Temanggung Mukidi,B10,5,collecting,64,18030,2827,2804,7782,10924,2786,10092,18446,17161,16305,,
1146170,D-TEM,dark,Arabika Temanggung Mukidi,B10,5,collecting,65,18034,2826,2805,7782,10924,2785,10086,18449,17168,16305,,
1147170,D-TEM,dark,Arabika Temanggung Mukidi,B10,5,collecting,66,18034,2825,2805,7781,10924,2786,10085,18450,17170,16310,,
1148170,D-TEM,dark,Arabika Temanggung Mukidi,B10,5,collecting,67,18043,2826,2805,7781,10930,2784,10093,18458,17174,16317,,
1149170,D-TEM,dark,Arabika Temanggung Mukidi,B10,5,collecting,68,18048,2827,2805,7780,10932,2784,10093,18463,17179,16318,,
1150171,D-TEM,dark,Arabika Temanggung Mukidi,B10,5,collecting,69,18046,2825,2805,7780,10927,2786,10084,18463,17182,16313,,
1151170,D-TEM,dark,Arabika Temanggung Mukidi,B10,5,collecting,70,18045,2825,2804,7779,10927,2786,10083,18462,17180,16316,,
1152171,D-TEM,dark,Arabika Temanggung Mukidi,B10,5,collecting,71,18046,2828,2805,7779,10928,2784,10083,18463,17180,16318,,
1153170,D-TEM,dark,Arabika Temanggung Mukidi,B10,5,collecting,72,18051,2826,2804,7779,10932,2784,10088,18468,17182,16326,,
1154170,D-TEM,dark,Arabika Temanggung Mukidi,B10,5,collecting,73,18060,2825,2804,7778,10938,2786,10092,18476,17189,16331,,
1155170,D-TEM,dark,Arabika Temanggung Mukidi,B10,5,collecting,74,18071,2825,2805,7778,10946,2787,10101,18486,17196,16342,,
1156170,D-TEM,dark,Arabika Temanggung Mukidi,B10,5,collecting,75,18077,2825,2804,7777,10945,2787,10096,18492,17205,16334,,
1157170,D-TEM,dark,Arabika Temanggung Mukidi,B10,5,collecting,76,18070,2824,2805,7777,10938,2784,10082,18487,17205,16330,,
1158170,D-TEM,dark,Arabika Temanggung Mukidi,B10,5,collecting,77,18061,2824,2804,7777,10930,2788,10071,18482,17200,16324,,
1159171,D-TEM,dark,Arabika Temanggung Mukidi,B10,5,collecting,78,18055,2827,2806,7776,10928,2786,10067,18478,17194,16329,,
1160170,D-TEM,dark,Arabika Temanggung Mukidi,B10,5,collecting,79,18062,2829,2805,7776,10935,2784,10081,18485,17194,16339,,
1161170,D-TEM,dark,Arabika Temanggung Mukidi,B10,5,collecting,80,18073,2825,2807,7775,10944,2784,10093,18493,17201,16349,,
1162170,D-TEM,dark,Arabika Temanggung Mukidi,B10,5,collecting,81,18086,2825,2803,7775,10952,2784,10102,18505,17212,16352,,
1163170,D-TEM,dark,Arabika Temanggung Mukidi,B10,5,collecting,82,18087,2831,2805,7774,10949,2784,10095,18507,17218,16348,,
1164170,D-TEM,dark,Arabika Temanggung Mukidi,B10,5,collecting,83,18088,2827,2809,7774,10953,2787,10093,18510,17220,16358,,
1165170,D-TEM,dark,Arabika Temanggung Mukidi,B10,5,collecting,84,18099,2826,2804,7774,10961,2789,10102,18518,17225,16365,,
1166171,D-TEM,dark,Arabika Temanggung Mukidi,B10,5,collecting,85,18110,2825,2807,7774,10969,2786,10109,18527,17234,16372,,
1167170,D-TEM,dark,Arabika Temanggung Mukidi,B10,5,collecting,86,18119,2827,2806,7773,10973,2786,10111,18535,17244,16374,,
1168171,D-TEM,dark,Arabika Temanggung Mukidi,B10,5,collecting,87,18121,2825,2806,7773,10973,2786,10106,18538,17250,16375,,
1169170,D-TEM,dark,Arabika Temanggung Mukidi,B10,5,collecting,88,18119,2828,2804,7772,10970,2784,10103,18537,17252,16371,,
1170170,D-TEM,dark,Arabika Temanggung Mukidi,B10,5,collecting,89,18117,2827,2806,7772,10968,2787,10101,18535,17251,16371,,
1171170,D-TEM,dark,Arabika Temanggung Mukidi,B10,5,collecting,90,18112,2827,2804,7772,10962,2787,10092,18531,17248,16363,,
1172170,D-TEM,dark,Arabika Temanggung Mukidi,B10,5,collecting,91,18101,2825,2807,7771,10952,2787,10081,18524,17241,16355,,
1173170,D-TEM,dark,Arabika Temanggung Mukidi,B10,5,collecting,92,18094,2826,2808,7771,10946,2782,10080,18519,17234,16354,,
1174170,D-TEM,dark,Arabika Temanggung Mukidi,B10,5,collecting,93,18093,2829,2805,7771,10946,2784,10081,18519,17229,16358,,
1175171,D-TEM,dark,Arabika Temanggung Mukidi,B10,5,collecting,94,18097,2827,2805,7770,10948,2784,10087,18522,17229,16362,,
1176170,D-TEM,dark,Arabika Temanggung Mukidi,B10,5,collecting,95,18108,2827,2805,7769,10957,2784,10099,18531,17234,16375,,
1177170,D-TEM,dark,Arabika Temanggung Mukidi,B10,5,collecting,96,18129,2825,2804,7769,10974,2784,10117,18549,17246,16392,,
1178170,D-TEM,dark,Arabika Temanggung Mukidi,B10,5,collecting,97,18147,2831,2804,7768,10984,2784,10123,18565,17263,16397,,
1179170,D-TEM,dark,Arabika Temanggung Mukidi,B10,5,collecting,98,18157,2825,2809,7768,10990,2786,10125,18574,17276,16402,,
1180170,D-TEM,dark,Arabika Temanggung Mukidi,B10,5,collecting,99,18161,2826,2808,7767,10990,2784,10117,18578,17284,16400,,
1181170,D-TEM,dark,Arabika Temanggung Mukidi,B10,5,collecting,100,18160,2826,2804,7767,10987,2783,10110,18576,17286,16398,,
1182171,D-TEM,dark,Arabika Temanggung Mukidi,B10,5,collecting,101,18154,2825,2803,7767,10983,2784,10105,18572,17284,16394,,
1183170,D-TEM,dark,Arabika Temanggung Mukidi,B10,5,collecting,102,18153,2825,2807,7767,10981,2786,10104,18570,17282,16396,,
1184171,D-TEM,dark,Arabika Temanggung Mukidi,B10,5,collecting,103,18149,2825,2804,7766,10978,2782,10099,18570,17280,16392,,
1185170,D-TEM,dark,Arabika Temanggung Mukidi,B10,5,collecting,104,18146,2825,2805,7766,10976,2786,10101,18567,17278,16391,,
1186170,D-TEM,dark,Arabika Temanggung Mukidi,B10,5,collecting,105,18137,2827,2804,7766,10968,2784,10090,18561,17274,16379,,
1187170,D-TEM,dark,Arabika Temanggung Mukidi,B10,5,collecting,106,18118,2826,2805,7765,10955,2787,10073,18548,17264,16368,,
1188170,D-TEM,dark,Arabika Temanggung Mukidi,B10,5,collecting,107,18103,2824,2805,7765,10948,2787,10072,18537,17251,16368,,
1189170,D-TEM,dark,Arabika Temanggung Mukidi,B10,5,collecting,108,18095,2824,2806,7764,10944,2784,10073,18533,17242,16364,,
1190170,D-TEM,dark,Arabika Temanggung Mukidi,B10,5,collecting,109,18086,2825,2806,7764,10939,2787,10069,18528,17235,16358,,
1191171,D-TEM,dark,Arabika Temanggung Mukidi,B10,5,collecting,110,18079,2828,2803,7763,10937,2784,10070,18525,17230,16357,,
1192170,D-TEM,dark,Arabika Temanggung Mukidi,B10,5,collecting,111,18078,2825,2803,7763,10938,2787,10075,18525,17229,16358,,
1193170,D-TEM,dark,Arabika Temanggung Mukidi,B10,5,collecting,112,18075,2827,2805,7763,10938,2786,10073,18523,17231,16356,,
1194170,D-TEM,dark,Arabika Temanggung Mukidi,B10,5,collecting,113,18074,2827,2805,7763,10942,2784,10074,18524,17236,16359,,
1195170,D-TEM,dark,Arabika Temanggung Mukidi,B10,5,collecting,114,18073,2827,2809,7763,10941,2783,10073,18525,17242,16355,,
1196170,D-TEM,dark,Arabika Temanggung Mukidi,B10,5,collecting,115,18067,2828,2808,7763,10938,2785,10066,18521,17244,16352,,
1197170,D-TEM,dark,Arabika Temanggung Mukidi,B10,5,collecting,116,18066,2827,2805,7762,10939,2788,10070,18521,17245,16354,,
1198171,D-TEM,dark,Arabika Temanggung Mukidi,B10,5,collecting,117,18067,2825,2805,7762,10938,2784,10071,18523,17248,16352,,
1199170,D-TEM,dark,Arabika Temanggung Mukidi,B10,5,collecting,118,18060,2827,2804,7762,10930,2787,10058,18518,17248,16343,,
1200171,D-TEM,dark,Arabika Temanggung Mukidi,B10,5,collecting,119,18047,2827,2805,7761,10921,2784,10048,18508,17241,16335,,
1201170,D-TEM,dark,Arabika Temanggung Mukidi,B10,5,collecting,120,18040,2830,2805,7761,10917,2784,10047,18503,17233,16337,,
