timestamp,sample_id,roast_level,origin,batch_id,run_id,phase,sample_idx,adc_tgs822,adc_mq135,adc_mq3,adc_tgs2611,adc_tgs2620,adc_tgs2600,adc_tgs2602,adc_mq8,adc_tgs813,adc_tgs816,temperature,humidity
2196,D-TEM,dark,Arabika Temanggung Mukidi,B24,1,purging,1,10309,2883,2877,7440,8019,2893,8006,10447,10990,12563,,
3196,D-TEM,dark,Arabika Temanggung Mukidi,B24,1,purging,2,10310,2883,2879,7439,8018,2894,8006,10447,10990,12562,,
4196,D-TEM,dark,Arabika Temanggung Mukidi,B24,1,purging,3,10311,2886,2876,7439,8017,2893,8006,10447,10989,12564,,
5196,D-TEM,dark,Arabika Temanggung Mukidi,B24,1,purging,4,10310,2883,2879,7438,8018,2894,8008,10448,10989,12568,,
6196,D-TEM,dark,Arabika Temanggung Mukidi,B24,1,purging,5,10310,2886,2879,7438,8019,2896,8011,10449,10989,12569,,
7196,D-TEM,dark,Arabika Temanggung Mukidi,B24,1,purging,6,10310,2886,2876,7438,8021,2892,8014,10450,10989,12570,,
8197,D-TEM,dark,Arabika Temanggung Mukidi,B24,1,purging,7,10309,2886,2879,7437,8022,2893,8016,10451,10990,12571,,
9196,D-TEM,dark,Arabika Temanggung Mukidi,B24,1,purging,8,10310,2886,2879,7437,8023,2892,8017,10451,10991,12571,,
10196,D-TEM,dark,Arabika Temanggung Mukidi,B24,1,purging,9,10309,2886,2877,7437,8024,2892,8018,10452,10991,12571,,
11196,D-TEM,dark,Arabika Temanggung Mukidi,B24,1,purging,10,10309,2883,2877,7437,8025,2894,8018,10453,10991,12570,,
12196,D-TEM,dark,Arabika Temanggung Mukidi,B24,1,purging,11,10309,2886,2879,7437,8025,2893,8017,10452,10991,12569,,
13196,D-TEM,dark,Arabika Temanggung Mukidi,B24,1,purging,12,10309,2886,2875,7437,8025,2894,8017,10451,10991,12569,,
14196,D-TEM,dark,Arabika Temanggung Mukidi,B24,1,purging,13,10309,2886,2879,7437,8025,2890,8015,10451,10991,12568,,
15196,D-TEM,dark,Arabika Temanggung Mukidi,B24,1,purging,14,10309,2886,2876,7437,8024,2895,8015,10451,10991,12569,,
16196,D-TEM,dark,Arabika Temanggung Mukidi,B24,1,purging,15,10310,2886,2877,7436,8024,2894,8015,10451,10991,12568,,
17197,D-TEM,dark,Arabika Temanggung Mukidi,B24,1,purging,16,10310,2883,2876,7436,8024,2894,8015,10451,10990,12567,,
18196,D-TEM,dark,Arabika Temanggung Mukidi,B24,1,purging,17,10310,2883,2879,7436,8024,2894,8014,10450,10991,12567,,
19196,D-TEM,dark,Arabika Temanggung Mukidi,B24,1,purging,18,10310,2886,2879,7436,8023,2894,8013,10450,10990,12566,,
20196,D-TEM,dark,Arabika Temanggung Mukidi,B24,1,purging,19,10310,2886,2879,7436,8023,2894,8013,10450,10990,12566,,
21196,D-TEM,dark,Arabika Temanggung Mukidi,B24,1,purging,20,10310,2883,2879,7435,8022,2894,8013,10450,10990,12566,,
22196,D-TEM,dark,Arabika Temanggung Mukidi,B24,1,purging,21,10311,2886,2879,7435,8022,2892,8013,10450,10990,12566,,
23196,D-TEM,dark,Arabika Temanggung Mukidi,B24,1,purging,22,10311,2886,2874,7435,8021,2894,8013,10450,10990,12566,,
24197,D-TEM,dark,Arabika Temanggung Mukidi,B24,1,purging,23,10311,2888,2874,7435,8021,2894,8013,10451,10989,12566,,
25196,D-TEM,dark,Arabika Temanggung Mukidi,B24,1,purging,24,10311,2886,2879,7434,8021,2893,8013,10451,10989,12566,,
26196,D-TEM,dark,Arabika Temanggung Mukidi,B24,1,purging,25,10311,2886,2877,7434,8021,2894,8013,10451,10989,12567,,
27196,D-TEM,dark,Arabika Temanggung Mukidi,B24,1,purging,26,10311,2886,2877,7434,8021,2893,8014,10452,10990,12567,,
28196,D-TEM,dark,Arabika Temanggung Mukidi,B24,1,purging,27,10311,2883,2879,7434,8021,2894,8014,10452,10990,12568,,
29196,D-TEM,dark,Arabika Temanggung Mukidi,B24,1,purging,28,10311,2886,2877,7434,8022,2894,8014,10452,10990,12568,,
30196,D-TEM,dark,Arabika Temanggung Mukidi,B24,1,purging,29,10311,2886,2876,7433,8022,2894,8015,10453,10990,12569,,
31196,D-TEM,dark,Arabika Temanggung Mukidi,B24,1,purging,30,10311,2886,2879,7434,8023,2894,8016,10453,10991,12569,,
32196,D-TEM,dark,Arabika Temanggung Mukidi,B24,1,purging,31,10310,2883,2879,7433,8024,2892,8017,10454,10992,12572,,
33197,D-TEM,dark,Arabika Temanggung Mukidi,B24,1,purging,32,10310,2886,2877,7433,8025,2893,8020,10456,10993,12582,,
34196,D-TEM,dark,Arabika Temanggung Mukidi,B24,1,purging,33,10309,2886,2879,7433,8029,2893,8027,10460,10995,12592,,
35196,D-TEM,dark,Arabika Temanggung Mukidi,B24,1,purging,34,10306,2883,2879,7433,8034,2892,8037,10465,10998,12595,,
36196,D-TEM,dark,Arabika Temanggung Mukidi,B24,1,purging,35,10305,2883,2879,7433,8039,2896,8044,10468,11001,12597,,
37196,D-TEM,dark,Arabika Temanggung Mukidi,B24,1,purging,36,10304,2886,2879,7433,8044,2893,8048,10470,11003,12600,,
38196,D-TEM,dark,Arabika Temanggung Mukidi,B24,1,purging,37,10304,2886,2879,7432,8049,2893,8050,10471,11005,12602,,
39196,D-TEM,dark,Arabika Temanggung Mukidi,B24,1,purging,38,10303,2886,2876,7432,8052,2896,8053,10472,11008,12604,,
40197,D-TEM,dark,Arabika Temanggung Mukidi,B24,1,purging,39,10302,2886,2879,7432,8055,2895,8055,10473,11010,12609,,
41196,D-TEM,dark,Arabika Temanggung Mukidi,B24,1,purging,40,10301,2883,2876,7433,8059,2892,8059,10476,11013,12613,,
42196,D-TEM,dark,Arabika Temanggung Mukidi,B24,1,purging,41,10299,2883,2876,7433,8063,2892,8064,10479,11016,12619,,
43196,D-TEM,dark,Arabika Temanggung Mukidi,B24,1,purging,42,10297,2883,2879,7433,8067,2894,8069,10480,11019,12622,,
44196,D-TEM,dark,Arabika Temanggung Mukidi,B24,1,purging,43,10294,2886,2877,7432,8072,2894,8073,10482,11021,12625,,
45196,D-TEM,dark,Arabika Temanggung Mukidi,B24,1,purging,44,10293,2886,2879,7433,8076,2896,8076,10483,11024,12623,,
46196,D-TEM,dark,Arabika Temanggung Mukidi,B24,1,purging,45,10291,2886,2876,7433,8078,2897,8075,10483,11026,12620,,
47196,D-TEM,dark,Arabika Temanggung Mukidi,B24,1,purging,46,10291,2886,2879,7433,8079,2896,8073,10482,11027,12615,,
48196,D-TEM,dark,Arabika Temanggung Mukidi,B24,1,purging,47,10292,2886,2879,7433,8079,2893,8067,10480,11028,12610,,
49197,D-TEM,dark,Arabika Temanggung Mukidi,B24,1,purging,48,10293,2886,2876,7433,8077,2895,8061,10478,11028,12606,,
50196,D-TEM,dark,Arabika Temanggung Mukidi,B24,1,purging,49,10296,2886,2876,7433,8074,2894,8054,10475,11028,12601,,
51196,D-TEM,dark,Arabika Temanggung Mukidi,B24,1,purging,50,10298,2886,2879,7433,8070,2893,8047,10473,11028,12597,,
52196,D-TEM,dark,Arabika Temanggung Mukidi,B24,1,purging,51,10300,2883,2879,7433,8066,2892,8041,10469,11027,12593,,
53196,D-TEM,dark,Arabika Temanggung Mukidi,B24,1,purging,52,10303,2886,2876,7433,8062,2892,8036,10468,11026,12589,,
54196,D-TEM,dark,Arabika Temanggung Mukidi,B24,1,purging,53,10306,2886,2879,7433,8058,2894,8030,10466,11025,12585,,
55196,D-TEM,dark,Arabika Temanggung Mukidi,B24,1,purging,54,10308,2886,2879,7432,8054,2889,8026,10464,11024,12581,,
56197,D-TEM,dark,Arabika Temanggung Mukidi,B24,1,purging,55,10311,2883,2874,7433,8049,2893,8022,10463,11023,12582,,
57196,D-TEM,dark,Arabika Temanggung Mukidi,B24,1,purging,56,10314,2886,2879,7432,8046,2894,8021,10462,11022,12582,,
58196,D-TEM,dark,Arabika Temanggung Mukidi,B24,1,purging,57,10316,2886,2879,7432,8043,2893,8020,10462,11021,12581,,
59196,D-TEM,dark,Arabika Temanggung Mukidi,B24,1,purging,58,10318,2883,2877,7431,8041,2894,8019,10462,11020,12578,,
60196,D-TEM,dark,Arabika Temanggung Mukidi,B24,1,purging,59,10319,2886,2876,7432,8039,2894,8016,10461,11019,12575,,
61196,D-TEM,dark,Arabika Temanggung Mukidi,B24,1,purging,60,10320,2886,2879,7431,8036,2893,8014,10460,11018,12573,,
62196,D-TEM,dark,Arabika Temanggung Mukidi,B24,1,purging,61,10321,2886,2879,7431,8034,2892,8011,10459,11017,12571,,
63196,D-TEM,dark,Arabika Temanggung Mukidi,B24,1,purging,62,10323,2886,2876,7431,8031,2892,8008,10458,11015,12568,,
64196,D-TEM,dark,Arabika Temanggung Mukidi,B24,1,purging,63,10324,2886,2879,7431,8029,2894,8006,10457,11014,12567,,
65197,D-TEM,dark,Arabika Temanggung Mukidi,B24,1,purging,64,10325,2886,2879,7430,8026,2893,8004,10456,11012,12565,,
66196,D-TEM,dark,Arabika Temanggung Mukidi,B24,1,purging,65,10325,2883,2874,7430,8023,2896,8003,10455,11011,12564,,
67196,D-TEM,dark,Arabika Temanggung Mukidi,B24,1,purging,66,10326,2883,2879,7430,8021,2892,8001,10455,11009,12563,,
68196,D-TEM,dark,Arabika Temanggung Mukidi,B24,1,purging,67,10327,2886,2876,7429,8019,2893,8001,10455,11008,12563,,
69196,D-TEM,dark,Arabika Temanggung Mukidi,B24,1,purging,68,10328,2886,2876,7430,8018,2893,8000,10455,11008,12562,,
70196,D-TEM,dark,Arabika Temanggung Mukidi,B24,1,purging,69,10328,2886,2879,7429,8017,2893,8000,10454,11006,12562,,
71196,D-TEM,dark,Arabika Temanggung Mukidi,B24,1,purging,70,10328,2886,2874,7429,8016,2893,8000,10454,11005,12562,,
72197,D-TEM,dark,Arabika Temanggung Mukidi,B24,1,purging,71,10328,2886,2879,7428,8015,2892,8000,10454,11005,12560,,
73196,D-TEM,dark,Arabika Temanggung Mukidi,B24,1,purging,72,10329,2886,2876,7428,8013,2892,7999,10454,11003,12559,,
74196,D-TEM,dark,Arabika Temanggung Mukidi,B24,1,purging,73,10330,2886,2877,7428,8013,2893,7998,10453,11002,12558,,
75196,D-TEM,dark,Arabika Temanggung Mukidi,B24,1,purging,74,10329,2886,2879,7428,8011,2896,7997,10453,11001,12556,,
76196,D-TEM,dark,Arabika Temanggung Mukidi,B24,1,purging,75,10329,2883,2879,7428,8010,2894,7996,10452,11000,12554,,
77196,D-TEM,dark,Arabika Temanggung Mukidi,B24,1,purging,76,10329,2886,2877,7427,8009,2894,7995,10451,10999,12553,,
78196,D-TEM,dark,Arabika Temanggung Mukidi,B24,1,purging,77,10330,2883,2879,7427,8007,2896,7993,10451,10998,12552,,
79196,D-TEM,dark,Arabika Temanggung Mukidi,B24,1,purging,78,10330,2886,2879,7427,8006,2894,7992,10450,10997,12551,,
80196,D-TEM,dark,Arabika Temanggung Mukidi,B24,1,purging,79,10330,2886,2879,7426,8005,2892,7991,10450,10996,12551,,
81197,D-TEM,dark,Arabika Temanggung Mukidi,B24,1,purging,80,10331,2886,2879,7426,8004,2894,7991,10450,10995,12549,,
82196,D-TEM,dark,Arabika Temanggung Mukidi,B24,1,purging,81,10331,2883,2877,7426,8002,2894,7990,10449,10993,12548,,
83196,D-TEM,dark,Arabika Temanggung Mukidi,B24,1,purging,82,10331,2886,2876,7426,8001,2894,7989,10449,10992,12547,,
84196,D-TEM,dark,Arabika Temanggung Mukidi,B24,1,purging,83,10331,2886,2879,7425,7999,2894,7989,10449,10991,12547,,
85196,D-TEM,dark,Arabika Temanggung Mukidi,B24,1,purging,84,10331,2886,2879,7425,7998,2891,7988,10448,10990,12546,,
86196,D-TEM,dark,Arabika Temanggung Mukidi,B24,1,purging,85,10332,2883,2876,7425,7997,2893,7988,10448,10989,12546,,
87196,D-TEM,dark,Arabika Temanggung Mukidi,B24,1,purging,86,10332,2883,2874,7425,7997,2893,7988,10448,10988,12546,,
88197,D-TEM,dark,Arabika Temanggung Mukidi,B24,1,purging,87,10332,2886,2879,7425,7996,2894,7988,10449,10988,12547,,
89196,D-TEM,dark,Arabika Temanggung Mukidi,B24,1,purging,88,10332,2886,2877,7424,7996,2896,7988,10449,10987,12548,,
90196,D-TEM,dark,Arabika Temanggung Mukidi,B24,1,purging,89,10331,2886,2877,7424,7996,2893,7990,10450,10987,12549,,
91196,D-TEM,dark,Arabika Temanggung Mukidi,B24,1,purging,90,10331,2886,2879,7424,7997,2891,7992,10451,10987,12551,,
92196,D-TEM,dark,Arabika Temanggung Mukidi,B24,1,purging,91,10330,2886,2879,7424,7998,2893,7993,10452,10987,12551,,
93196,D-TEM,dark,Arabika Temanggung Mukidi,B24,1,purging,92,10329,2883,2876,7423,7999,2893,7995,10452,10987,12552,,
94196,D-TEM,dark,Arabika Temanggung Mukidi,B24,1,purging,93,10329,2883,2879,7423,7999,2893,7996,10453,10988,12553,,
95196,D-TEM,dark,Arabika Temanggung Mukidi,B24,1,purging,94,10329,2883,2874,7423,8000,2893,7997,10453,10988,12553,,
96196,D-TEM,dark,Arabika Temanggung Mukidi,B24,1,purging,95,10329,2886,2879,7423,8001,2890,7998,10454,10988,12554,,
97197,D-TEM,dark,Arabika Temanggung Mukidi,B24,1,purging,96,10329,2886,2876,7422,8002,2893,7998,10454,10989,12554,,
98196,D-TEM,dark,Arabika Temanggung Mukidi,B24,1,purging,97,10328,2886,2874,7422,8003,2894,7999,10454,10989,12554,,
99196,D-TEM,dark,Arabika Temanggung Mukidi,B24,1,purging,98,10328,2886,2879,7422,8004,2891,7999,10454,10989,12554,,
100196,D-TEM,dark,Arabika Temanggung Mukidi,B24,1,purging,99,10328,2883,2879,7422,8004,2894,8000,10455,10990,12556,,
101196,D-TEM,dark,Arabika Temanggung Mukidi,B24,1,purging,100,10327,2883,2879,7422,8005,2893,8001,10456,10990,12557,,
102196,D-TEM,dark,Arabika Temanggung Mukidi,B24,1,purging,101,10327,2886,2876,7422,8006,2894,8002,10457,10991,12557,,
103196,D-TEM,dark,Arabika Temanggung Mukidi,B24,1,purging,102,10326,2886,2879,7422,8007,2892,8003,10457,10991,12559,,
104197,D-TEM,dark,Arabika Temanggung Mukidi,B24,1,purging,103,10326,2886,2876,7422,8008,2894,8005,10457,10992,12561,,
105196,D-TEM,dark,Arabika Temanggung Mukidi,B24,1,purging,104,10325,2886,2876,7421,8009,2894,8007,10458,10993,12560,,
106196,D-TEM,dark,Arabika Temanggung Mukidi,B24,1,purging,105,10325,2888,2874,7421,8009,2892,8007,10459,10994,12559,,
107196,D-TEM,dark,Arabika Temanggung Mukidi,B24,1,purging,106,10325,2886,2879,7421,8010,2889,8006,10459,10994,12559,,
108196,D-TEM,dark,Arabika Temanggung Mukidi,B24,1,purging,107,10326,2886,2879,7421,8010,2894,8006,10458,10994,12558,,
109196,D-TEM,dark,Arabika Temanggung Mukidi,B24,1,purging,108,10326,2883,2879,7420,8009,2891,8004,10457,10993,12557,,
110196,D-TEM,dark,Arabika Temanggung Mukidi,B24,1,purging,109,10327,2886,2879,7421,8009,2894,8002,10457,10993,12555,,
111196,D-TEM,dark,Arabika Temanggung Mukidi,B24,1,purging,110,10327,2886,2879,7421,8008,2894,8001,10456,10993,12552,,
112196,D-TEM,dark,Arabika Temanggung Mukidi,B24,1,purging,111,10328,2883,2879,7420,8006,2893,7998,10456,10992,12551,,
113197,D-TEM,dark,Arabika Temanggung Mukidi,B24,1,purging,112,10329,2883,2876,7420,8005,2896,7996,10454,10991,12549,,
114196,D-TEM,dark,Arabika Temanggung Mukidi,B24,1,purging,113,10329,2886,2879,7420,8004,2894,7995,10453,10990,12549,,
115196,D-TEM,dark,Arabika Temanggung Mukidi,B24,1,purging,114,10330,2888,2877,7419,8002,2896,7993,10453,10990,12548,,
116196,D-TEM,dark,Arabika Temanggung Mukidi,B24,1,purging,115,10331,2886,2874,7419,8002,2894,7993,10453,10990,12549,,
117196,D-TEM,dark,Arabika Temanggung Mukidi,B24,1,purging,116,10331,2886,2879,7419,8001,2892,7993,10452,10989,12551,,
118196,D-TEM,dark,Arabika Temanggung Mukidi,B24,1,purging,117,10332,2886,2879,7419,8001,2894,7995,10453,10989,12552,,
119196,D-TEM,dark,Arabika Temanggung Mukidi,B24,1,purging,118,10332,2883,2877,7419,8001,2894,7996,10454,10989,12552,,
120197,D-TEM,dark,Arabika Temanggung Mukidi,B24,1,purging,119,10331,2886,2879,7419,8002,2893,7997,10454,10989,12551,,
121196,D-TEM,dark,Arabika Temanggung Mukidi,B24,1,purging,120,10331,2886,2879,7419,8002,2893,7997,10454,10989,12550,,
122201,D-TEM,dark,Arabika Temanggung Mukidi,B24,1,collecting,1,10330,2886,2879,7419,8002,2893,7997,10454,10989,12549,,
123196,D-TEM,dark,Arabika Temanggung Mukidi,B24,1,collecting,2,10348,2886,2879,7416,8000,2894,7995,10451,10987,12568,,
124196,D-TEM,dark,Arabika Temanggung Mukidi,B24,1,collecting,3,11511,2884,2879,7415,8067,2894,8046,10568,11060,12888,,
125196,D-TEM,dark,Arabika Temanggung Mukidi,B24,1,collecting,4,13623,2888,2879,7415,8322,2896,8179,11300,11501,13338,,
126196,D-TEM,dark,Arabika Temanggung Mukidi,B24,1,collecting,5,15135,2890,2876,7415,8679,2892,8288,12425,12249,13756,,
127196,D-TEM,dark,Arabika Temanggung Mukidi,B24,1,collecting,6,16059,2892,2879,7417,8980,2892,8335,13482,13049,14096,,
128196,D-TEM,dark,Arabika Temanggung Mukidi,B24,1,collecting,7,16637,2892,2874,7418,9192,2893,8343,14277,13738,14352,,
129197,D-TEM,dark,Arabika Temanggung Mukidi,B24,1,collecting,8,17012,2892,2876,7419,9338,2893,8334,14835,14274,14542,,
130196,D-TEM,dark,Arabika Temanggung Mukidi,B24,1,collecting,9,17264,2895,2876,7419,9438,2893,8320,15220,14674,14681,,
131196,D-TEM,dark,Arabika Temanggung Mukidi,B24,1,collecting,10,17438,2895,2877,7419,9506,2895,8304,15487,14968,14785,,
132196,D-TEM,dark,Arabika Temanggung Mukidi,B24,1,collecting,11,17561,2895,2877,7419,9553,2894,8290,15677,15185,14861,,
133196,D-TEM,dark,Arabika Temanggung Mukidi,B24,1,collecting,12,17648,2895,2877,7419,9585,2895,8277,15814,15345,14917,,
134196,D-TEM,dark,Arabika Temanggung Mukidi,B24,1,collecting,13,17709,2895,2879,7418,9606,2894,8267,15913,15463,14961,,
135196,D-TEM,dark,Arabika Temanggung Mukidi,B24,1,collecting,14,17754,2895,2879,7418,9621,2896,8257,15986,15553,14994,,
136197,D-TEM,dark,Arabika Temanggung Mukidi,B24,1,collecting,15,17785,2895,2876,7417,9630,2893,8249,16044,15621,15019,,
137196,D-TEM,dark,Arabika Temanggung Mukidi,B24,1,collecting,16,17806,2895,2879,7417,9635,2893,8241,16087,15672,15040,,
138196,D-TEM,dark,Arabika Temanggung Mukidi,B24,1,collecting,17,17819,2895,2879,7416,9639,2896,8236,16122,15712,15057,,
139196,D-TEM,dark,Arabika Temanggung Mukidi,B24,1,collecting,18,17827,2895,2877,7416,9640,2893,8232,16150,15744,15069,,
140196,D-TEM,dark,Arabika Temanggung Mukidi,B24,1,collecting,19,17828,2895,2877,7415,9639,2893,8227,16171,15767,15078,,
141196,D-TEM,dark,Arabika Temanggung Mukidi,B24,1,collecting,20,17823,2895,2876,7414,9637,2893,8221,16186,15784,15082,,
142196,D-TEM,dark,Arabika Temanggung Mukidi,B24,1,collecting,21,17815,2895,2879,7414,9632,2894,8215,16193,15793,15083,,
143196,D-TEM,dark,Arabika Temanggung Mukidi,B24,1,collecting,22,17803,2895,2874,7413,9626,2895,8211,16196,15798,15083,,
144196,D-TEM,dark,Arabika Temanggung Mukidi,B24,1,collecting,23,17787,2895,2877,7412,9618,2893,8206,16195,15798,15080,,
145197,D-TEM,dark,Arabika Temanggung Mukidi,B24,1,collecting,24,17769,2895,2879,7412,9610,2892,8201,16190,15794,15076,,
146196,D-TEM,dark,Arabika Temanggung Mukidi,B24,1,collecting,25,17749,2897,2879,7411,9601,2894,8197,16183,15788,15071,,
147196,D-TEM,dark,Arabika Temanggung Mukidi,B24,1,collecting,26,17727,2895,2879,7411,9592,2893,8193,16175,15779,15062,,
148196,D-TEM,dark,Arabika Temanggung Mukidi,B24,1,collecting,27,17704,2895,2879,7410,9581,2893,8189,16162,15768,15052,,
149196,D-TEM,dark,Arabika Temanggung Mukidi,B24,1,collecting,28,17680,2897,2877,7410,9570,2893,8185,16148,15755,15044,,
150196,D-TEM,dark,Arabika Temanggung Mukidi,B24,1,collecting,29,17659,2897,2877,7409,9560,2896,8183,16138,15743,15037,,
151196,D-TEM,dark,Arabika Temanggung Mukidi,B24,1,collecting,30,17637,2895,2879,7409,9551,2892,8179,16127,15731,15029,,
152197,D-TEM,dark,Arabika Temanggung Mukidi,B24,1,collecting,31,17615,2895,2876,7408,9542,2896,8176,16115,15718,15019,,
153196,D-TEM,dark,Arabika Temanggung Mukidi,B24,1,collecting,32,17588,2897,2879,7408,9531,2895,8173,16102,15704,15006,,
154196,D-TEM,dark,Arabika Temanggung Mukidi,B24,1,collecting,33,17560,2893,2879,7408,9519,2892,8168,16084,15687,14992,,
155196,D-TEM,dark,Arabika Temanggung Mukidi,B24,1,collecting,34,17531,2895,2879,7407,9506,2894,8164,16064,15667,14979,,
156196,D-TEM,dark,Arabika Temanggung Mukidi,B24,1,collecting,35,17503,2897,2879,7407,9494,2893,8161,16043,15648,14966,,
157196,D-TEM,dark,Arabika Temanggung Mukidi,B24,1,collecting,36,17476,2897,2877,7407,9483,2896,8158,16024,15629,14953,,
158196,D-TEM,dark,Arabika Temanggung Mukidi,B24,1,collecting,37,17448,2897,2877,7406,9471,2894,8155,16005,15609,14940,,
159196,D-TEM,dark,Arabika Temanggung Mukidi,B24,1,collecting,38,17422,2895,2874,7405,9460,2892,8152,15988,15590,14926,,
160196,D-TEM,dark,Arabika Temanggung Mukidi,B24,1,collecting,39,17395,2895,2879,7405,9449,2893,8149,15970,15571,14913,,
161197,D-TEM,dark,Arabika Temanggung Mukidi,B24,1,collecting,40,17371,2895,2879,7405,9438,2894,8147,15953,15553,14903,,
162196,D-TEM,dark,Arabika Temanggung Mukidi,B24,1,collecting,41,17348,2895,2879,7404,9429,2894,8144,15938,15536,14892,,
163196,D-TEM,dark,Arabika Temanggung Mukidi,B24,1,collecting,42,17324,2897,2877,7404,9420,2896,8143,15923,15519,14880,,
164196,D-TEM,dark,Arabika Temanggung Mukidi,B24,1,collecting,43,17300,2895,2877,7403,9411,2893,8140,15906,15503,14868,,
165196,D-TEM,dark,Arabika Temanggung Mukidi,B24,1,collecting,44,17275,2897,2874,7403,9402,2894,8137,15889,15485,14854,,
166196,D-TEM,dark,Arabika Temanggung Mukidi,B24,1,collecting,45,17248,2897,2879,7402,9392,2893,8134,15870,15466,14841,,
167196,D-TEM,dark,Arabika Temanggung Mukidi,B24,1,collecting,46,17222,2897,2879,7402,9382,2892,8132,15850,15447,14826,,
168197,D-TEM,dark,Arabika Temanggung Mukidi,B24,1,collecting,47,17195,2897,2879,7402,9372,2892,8129,15830,15427,14813,,
169196,D-TEM,dark,Arabika Temanggung Mukidi,B24,1,collecting,48,17169,2895,2879,7402,9362,2893,8127,15811,15408,14800,,
170196,D-TEM,dark,Arabika Temanggung Mukidi,B24,1,collecting,49,17143,2892,2877,7401,9353,2892,8126,15791,15389,14786,,
171196,D-TEM,dark,Arabika Temanggung Mukidi,B24,1,collecting,50,17116,2892,2876,7401,9343,2893,8124,15771,15370,14771,,
172196,D-TEM,dark,Arabika Temanggung Mukidi,B24,1,collecting,51,17088,2892,2879,7400,9333,2896,8122,15751,15349,14756,,
173196,D-TEM,dark,Arabika Temanggung Mukidi,B24,1,collecting,52,17058,2892,2879,7400,9323,2892,8119,15728,15328,14741,,
174196,D-TEM,dark,Arabika Temanggung Mukidi,B24,1,collecting,53,17030,2895,2879,7400,9313,2896,8118,15705,15306,14727,,
175196,D-TEM,dark,Arabika Temanggung Mukidi,B24,1,collecting,54,17004,2892,2879,7399,9304,2893,8116,15684,15286,14714,,
176196,D-TEM,dark,Arabika Temanggung Mukidi,B24,1,collecting,55,16979,2892,2879,7399,9295,2896,8115,15665,15267,14702,,
177197,D-TEM,dark,Arabika Temanggung Mukidi,B24,1,collecting,56,16955,2892,2879,7398,9287,2893,8115,15647,15249,14690,,
178196,D-TEM,dark,Arabika Temanggung Mukidi,B24,1,collecting,57,16929,2892,2877,7398,9280,2893,8113,15630,15231,14677,,
179196,D-TEM,dark,Arabika Temanggung Mukidi,B24,1,collecting,58,16903,2895,2879,7398,9272,2894,8112,15610,15213,14663,,
180196,D-TEM,dark,Arabika Temanggung Mukidi,B24,1,collecting,59,16877,2892,2877,7397,9263,2896,8110,15590,15193,14651,,
181196,D-TEM,dark,Arabika Temanggung Mukidi,B24,1,collecting,60,16852,2895,2877,7397,9256,2896,8110,15571,15175,14638,,
182200,D-TEM,dark,Arabika Temanggung Mukidi,B24,2,purging,1,16829,2892,2879,7397,9248,2894,8108,15553,15158,14626,,
183196,D-TEM,dark,Arabika Temanggung Mukidi,B24,2,purging,2,16803,2892,2874,7399,9244,2894,8109,15536,15141,14614,,
184197,D-TEM,dark,Arabika Temanggung Mukidi,B24,2,purging,3,16725,2892,2879,7399,9230,2893,8103,15501,15116,14555,,
185196,D-TEM,dark,Arabika Temanggung Mukidi,B24,2,purging,4,16593,2892,2879,7399,9197,2895,8091,15411,15056,14483,,
186196,D-TEM,dark,Arabika Temanggung Mukidi,B24,2,purging,5,16425,2892,2877,7399,9148,2894,8079,15281,14966,14402,,
187196,D-TEM,dark,Arabika Temanggung Mukidi,B24,2,purging,6,16233,2892,2879,7398,9090,2893,8069,15132,14855,14319,,
188196,D-TEM,dark,Arabika Temanggung Mukidi,B24,2,purging,7,16024,2892,2879,7398,9029,2894,8061,14975,14736,14239,,
189196,D-TEM,dark,Arabika Temanggung Mukidi,B24,2,purging,8,15804,2892,2879,7397,8970,2897,8054,14822,14615,14160,,
190196,D-TEM,dark,Arabika Temanggung Mukidi,B24,2,purging,9,15577,2890,2877,7397,8915,2894,8048,14673,14495,14086,,
191196,D-TEM,dark,Arabika Temanggung Mukidi,B24,2,purging,10,15347,2893,2879,7396,8863,2893,8043,14534,14379,14016,,
192196,D-TEM,dark,Arabika Temanggung Mukidi,B24,2,purging,11,15117,2890,2879,7396,8816,2892,8039,14403,14269,13952,,
193197,D-TEM,dark,Arabika Temanggung Mukidi,B24,2,purging,12,14888,2890,2879,7396,8773,2893,8035,14283,14164,13892,,
194196,D-TEM,dark,Arabika Temanggung Mukidi,B24,2,purging,13,14664,2890,2877,7395,8735,2892,8033,14172,14067,13838,,
195196,D-TEM,dark,Arabika Temanggung Mukidi,B24,2,purging,14,14446,2890,2879,7395,8700,2893,8031,14068,13975,13787,,
196196,D-TEM,dark,Arabika Temanggung Mukidi,B24,2,purging,15,14235,2893,2877,7395,8670,2896,8031,13973,13889,13744,,
197196,D-TEM,dark,Arabika Temanggung Mukidi,B24,2,purging,16,14031,2890,2879,7394,8644,2893,8032,13884,13809,13704,,
198196,D-TEM,dark,Arabika Temanggung Mukidi,B24,2,purging,17,13837,2892,2879,7394,8622,2896,8034,13802,13734,13667,,
199196,D-TEM,dark,Arabika Temanggung Mukidi,B24,2,purging,18,13651,2888,2879,7394,8603,2896,8038,13725,13664,13633,,
200197,D-TEM,dark,Arabika Temanggung Mukidi,B24,2,purging,19,13475,2888,2879,7394,8586,2894,8041,13652,13598,13599,,
201196,D-TEM,dark,Arabika Temanggung Mukidi,B24,2,purging,20,13310,2888,2877,7394,8571,2896,8043,13583,13535,13566,,
202196,D-TEM,dark,Arabika Temanggung Mukidi,B24,2,purging,21,13155,2888,2879,7393,8557,2893,8043,13517,13475,13535,,
203196,D-TEM,dark,Arabika Temanggung Mukidi,B24,2,purging,22,13011,2888,2876,7393,8543,2893,8044,13454,13418,13507,,
204196,D-TEM,dark,Arabika Temanggung Mukidi,B24,2,purging,23,12876,2888,2877,7393,8531,2893,8046,13395,13363,13483,,
205196,D-TEM,dark,Arabika Temanggung Mukidi,B24,2,purging,24,12749,2886,2879,7393,8521,2894,8048,13340,13313,13460,,
206196,D-TEM,dark,Arabika Temanggung Mukidi,B24,2,purging,25,12631,2888,2877,7392,8512,2890,8051,13287,13264,13439,,
207196,D-TEM,dark,Arabika Temanggung Mukidi,B24,2,purging,26,12521,2888,2879,7392,8505,2893,8056,13237,13218,13419,,
208196,D-TEM,dark,Arabika Temanggung Mukidi,B24,2,purging,27,12419,2888,2875,7392,8498,2896,8060,13189,13174,13395,,
209197,D-TEM,dark,Arabika Temanggung Mukidi,B24,2,purging,28,12325,2884,2879,7392,8490,2893,8060,13140,13131,13370,,
210196,D-TEM,dark,Arabika Temanggung Mukidi,B24,2,purging,29,12239,2886,2874,7392,8482,2896,8057,13093,13088,13348,,
211196,D-TEM,dark,Arabika Temanggung Mukidi,B24,2,purging,30,12160,2884,2875,7392,8473,2896,8055,13048,13047,13329,,
212196,D-TEM,dark,Arabika Temanggung Mukidi,B24,2,purging,31,12085,2886,2877,7392,8465,2893,8055,13005,13008,13310,,
213196,D-TEM,dark,Arabika Temanggung Mukidi,B24,2,purging,32,12016,2886,2879,7392,8458,2894,8054,12965,12970,13290,,
214196,D-TEM,dark,Arabika Temanggung Mukidi,B24,2,purging,33,11953,2886,2877,7391,8450,2894,8053,12924,12933,13273,,
215196,D-TEM,dark,Arabika Temanggung Mukidi,B24,2,purging,34,11894,2888,2877,7391,8444,2893,8052,12885,12897,13257,,
216197,D-TEM,dark,Arabika Temanggung Mukidi,B24,2,purging,35,11838,2888,2879,7391,8438,2896,8053,12849,12863,13245,,
217196,D-TEM,dark,Arabika Temanggung Mukidi,B24,2,purging,36,11784,2888,2879,7391,8434,2893,8057,12815,12831,13235,,
218196,D-TEM,dark,Arabika Temanggung Mukidi,B24,2,purging,37,11733,2886,2874,7391,8430,2893,8063,12782,12801,13225,,
219196,D-TEM,dark,Arabika Temanggung Mukidi,B24,2,purging,38,11684,2888,2879,7391,8429,2892,8069,12751,12772,13215,,
220196,D-TEM,dark,Arabika Temanggung Mukidi,B24,2,purging,39,11637,2888,2879,7391,8428,2893,8075,12720,12745,13206,,
221196,D-TEM,dark,Arabika Temanggung Mukidi,B24,2,purging,40,11592,2884,2879,7391,8428,2894,8081,12691,12718,13197,,
222196,D-TEM,dark,Arabika Temanggung Mukidi,B24,2,purging,41,11550,2888,2876,7391,8428,2893,8086,12661,12693,13188,,
223196,D-TEM,dark,Arabika Temanggung Mukidi,B24,2,purging,42,11510,2888,2874,7391,8428,2893,8091,12633,12668,13180,,
224196,D-TEM,dark,Arabika Temanggung Mukidi,B24,2,purging,43,11472,2886,2879,7392,8428,2894,8096,12606,12644,13171,,
225197,D-TEM,dark,Arabika Temanggung Mukidi,B24,2,purging,44,11435,2883,2877,7391,8428,2894,8100,12579,12621,13163,,
226196,D-TEM,dark,Arabika Temanggung Mukidi,B24,2,purging,45,11401,2886,2874,7392,8428,2893,8105,12552,12599,13155,,
227196,D-TEM,dark,Arabika Temanggung Mukidi,B24,2,purging,46,11368,2886,2879,7392,8428,2893,8108,12526,12577,13144,,
228196,D-TEM,dark,Arabika Temanggung Mukidi,B24,2,purging,47,11338,2886,2879,7392,8427,2893,8109,12500,12554,13131,,
229196,D-TEM,dark,Arabika Temanggung Mukidi,B24,2,purging,48,11310,2886,2874,7392,8424,2894,8108,12474,12532,13122,,
230196,D-TEM,dark,Arabika Temanggung Mukidi,B24,2,purging,49,11283,2886,2879,7392,8422,2894,8108,12448,12511,13114,,
231196,D-TEM,dark,Arabika Temanggung Mukidi,B24,2,purging,50,11257,2886,2879,7392,8420,2895,8109,12424,12491,13107,,
232197,D-TEM,dark,Arabika Temanggung Mukidi,B24,2,purging,51,11233,2886,2879,7392,8418,2893,8111,12401,12472,13100,,
233196,D-TEM,dark,Arabika Temanggung Mukidi,B24,2,purging,52,11208,2886,2877,7392,8417,2893,8113,12379,12452,13092,,
234196,D-TEM,dark,Arabika Temanggung Mukidi,B24,2,purging,53,11186,2886,2879,7392,8415,2893,8115,12357,12434,13085,,
235196,D-TEM,dark,Arabika Temanggung Mukidi,B24,2,purging,54,11164,2886,2879,7393,8414,2896,8116,12334,12415,13077,,
236196,D-TEM,dark,Arabika Temanggung Mukidi,B24,2,purging,55,11143,2886,2879,7393,8413,2896,8117,12312,12397,13069,,
237196,D-TEM,dark,Arabika Temanggung Mukidi,B24,2,purging,56,11123,2886,2877,7393,8411,2893,8118,12292,12380,13061,,
238196,D-TEM,dark,Arabika Temanggung Mukidi,B24,2,purging,57,11104,2883,2874,7393,8408,2893,8118,12271,12362,13053,,
239196,D-TEM,dark,Arabika Temanggung Mukidi,B24,2,purging,58,11086,2883,2877,7393,8406,2896,8118,12250,12345,13045,,
240196,D-TEM,dark,Arabika Temanggung Mukidi,B24,2,purging,59,11069,2886,2879,7393,8404,2893,8117,12230,12328,13038,,
241197,D-TEM,dark,Arabika Temanggung Mukidi,B24,2,purging,60,11052,2886,2879,7393,8402,2893,8116,12210,12311,13031,,
242196,D-TEM,dark,Arabika Temanggung Mukidi,B24,2,purging,61,11036,2883,2879,7393,8399,2893,8116,12190,12295,13023,,
243196,D-TEM,dark,Arabika Temanggung Mukidi,B24,2,purging,62,11021,2883,2874,7393,8396,2892,8115,12171,12279,13017,,
244196,D-TEM,dark,Arabika Temanggung Mukidi,B24,2,purging,63,11006,2883,2879,7393,8393,2893,8115,12153,12263,13011,,
245196,D-TEM,dark,Arabika Temanggung Mukidi,B24,2,purging,64,10991,2886,2876,7394,8391,2893,8115,12135,12248,13004,,
246196,D-TEM,dark,Arabika Temanggung Mukidi,B24,2,purging,65,10978,2886,2877,7394,8389,2892,8116,12118,12233,12998,,
247196,D-TEM,dark,Arabika Temanggung Mukidi,B24,2,purging,66,10963,2886,2877,7395,8387,2893,8116,12101,12218,12995,,
248197,D-TEM,dark,Arabika Temanggung Mukidi,B24,2,purging,67,10950,2886,2879,7394,8384,2896,8117,12084,12204,12988,,
249196,D-TEM,dark,Arabika Temanggung Mukidi,B24,2,purging,68,10937,2883,2879,7394,8382,2896,8117,12068,12190,12984,,
250196,D-TEM,dark,Arabika Temanggung Mukidi,B24,2,purging,69,10924,2883,2879,7394,8381,2892,8118,12051,12176,12978,,
251196,D-TEM,dark,Arabika Temanggung Mukidi,B24,2,purging,70,10911,2886,2876,7395,8379,2892,8119,12036,12164,12976,,
252196,D-TEM,dark,Arabika Temanggung Mukidi,B24,2,purging,71,10898,2886,2876,7395,8378,2893,8121,12021,12151,12974,,
253196,D-TEM,dark,Arabika Temanggung Mukidi,B24,2,purging,72,10884,2886,2877,7395,8378,2892,8125,12007,12139,12972,,
254196,D-TEM,dark,Arabika Temanggung Mukidi,B24,2,purging,73,10870,2886,2877,7395,8378,2896,8129,11994,12127,12969,,
255196,D-TEM,dark,Arabika Temanggung Mukidi,B24,2,purging,74,10857,2886,2876,7395,8378,2894,8133,11980,12116,12967,,
256196,D-TEM,dark,Arabika Temanggung Mukidi,B24,2,purging,75,10843,2886,2877,7395,8379,2893,8136,11966,12105,12964,,
257197,D-TEM,dark,Arabika Temanggung Mukidi,B24,2,purging,76,10830,2886,2876,7395,8379,2894,8139,11953,12094,12960,,
258196,D-TEM,dark,Arabika Temanggung Mukidi,B24,2,purging,77,10817,2886,2879,7395,8379,2893,8141,11939,12083,12957,,
259196,D-TEM,dark,Arabika Temanggung Mukidi,B24,2,purging,78,10806,2886,2879,7395,8379,2896,8143,11926,12073,12953,,
260196,D-TEM,dark,Arabika Temanggung Mukidi,B24,2,purging,79,10795,2886,2877,7395,8379,2892,8144,11912,12062,12949,,
261196,D-TEM,dark,Arabika Temanggung Mukidi,B24,2,purging,80,10784,2883,2876,7395,8378,2893,8145,11899,12052,12945,,
262196,D-TEM,dark,Arabika Temanggung Mukidi,B24,2,purging,81,10774,2883,2877,7395,8378,2892,8144,11885,12041,12940,,
263196,D-TEM,dark,Arabika Temanggung Mukidi,B24,2,purging,82,10765,2886,2879,7396,8376,2893,8144,11872,12031,12937,,
264197,D-TEM,dark,Arabika Temanggung Mukidi,B24,2,purging,83,10756,2883,2879,7396,8374,2892,8144,11860,12021,12933,,
265196,D-TEM,dark,Arabika Temanggung Mukidi,B24,2,purging,84,10747,2886,2874,7396,8372,2892,8144,11846,12011,12928,,
266196,D-TEM,dark,Arabika Temanggung Mukidi,B24,2,purging,85,10738,2886,2877,7396,8370,2893,8143,11834,12001,12924,,
267196,D-TEM,dark,Arabika Temanggung Mukidi,B24,2,purging,86,10730,2886,2879,7397,8369,2892,8143,11821,11992,12920,,
268196,D-TEM,dark,Arabika Temanggung Mukidi,B24,2,purging,87,10722,2886,2879,7397,8367,2896,8142,11809,11981,12916,,
269196,D-TEM,dark,Arabika Temanggung Mukidi,B24,2,purging,88,10715,2883,2879,7397,8365,2893,8142,11797,11972,12913,,
270196,D-TEM,dark,Arabika Temanggung Mukidi,B24,2,purging,89,10707,2886,2879,7397,8363,2892,8142,11786,11963,12912,,
271196,D-TEM,dark,Arabika Temanggung Mukidi,B24,2,purging,90,10699,2886,2876,7397,8362,2893,8143,11775,11954,12909,,
272196,D-TEM,dark,Arabika Temanggung Mukidi,B24,2,purging,91,10691,2886,2877,7398,8361,2892,8145,11765,11945,12907,,
273197,D-TEM,dark,Arabika Temanggung Mukidi,B24,2,purging,92,10683,2886,2874,7398,8360,2892,8146,11754,11937,12906,,
274196,D-TEM,dark,Arabika Temanggung Mukidi,B24,2,purging,93,10675,2883,2879,7398,8359,2896,8148,11744,11929,12906,,
275196,D-TEM,dark,Arabika Temanggung Mukidi,B24,2,purging,94,10665,2886,2879,7398,8360,2893,8152,11735,11921,12909,,
276196,D-TEM,dark,Arabika Temanggung Mukidi,B24,2,purging,95,10655,2886,2879,7399,8361,2893,8158,11727,11914,12912,,
277196,D-TEM,dark,Arabika Temanggung Mukidi,B24,2,purging,96,10643,2886,2876,7399,8364,2892,8165,11719,11908,12915,,
278196,D-TEM,dark,Arabika Temanggung Mukidi,B24,2,purging,97,10631,2883,2879,7399,8367,2894,8173,11711,11901,12916,,
279196,D-TEM,dark,Arabika Temanggung Mukidi,B24,2,purging,98,10619,2886,2876,7400,8369,2892,8179,11703,11895,12918,,
280197,D-TEM,dark,Arabika Temanggung Mukidi,B24,2,purging,99,10608,2883,2879,7400,8372,2895,8185,11694,11889,12920,,
281196,D-TEM,dark,Arabika Temanggung Mukidi,B24,2,purging,100,10596,2886,2876,7400,8376,2896,8191,11687,11883,12921,,
282196,D-TEM,dark,Arabika Temanggung Mukidi,B24,2,purging,101,10585,2886,2879,7400,8379,2892,8197,11679,11878,12922,,
283196,D-TEM,dark,Arabika Temanggung Mukidi,B24,2,purging,102,10575,2886,2877,7401,8382,2896,8201,11670,11873,12920,,
284196,D-TEM,dark,Arabika Temanggung Mukidi,B24,2,purging,103,10564,2883,2879,7401,8384,2894,8204,11661,11867,12920,,
285196,D-TEM,dark,Arabika Temanggung Mukidi,B24,2,purging,104,10555,2886,2874,7402,8386,2894,8207,11653,11862,12919,,
286196,D-TEM,dark,Arabika Temanggung Mukidi,B24,2,purging,105,10545,2883,2879,7402,8387,2894,8209,11644,11857,12920,,
287196,D-TEM,dark,Arabika Temanggung Mukidi,B24,2,purging,106,10535,2886,2876,7402,8389,2892,8212,11636,11851,12919,,
288196,D-TEM,dark,Arabika Temanggung Mukidi,B24,2,purging,107,10526,2883,2879,7402,8391,2894,8215,11628,11846,12919,,
289197,D-TEM,dark,Arabika Temanggung Mukidi,B24,2,purging,108,10518,2886,2879,7403,8392,2894,8217,11619,11841,12917,,
290196,D-TEM,dark,Arabika Temanggung Mukidi,B24,2,purging,109,10510,2883,2876,7403,8393,2892,8219,11610,11836,12916,,
291196,D-TEM,dark,Arabika Temanggung Mukidi,B24,2,purging,110,10503,2888,2879,7404,8394,2892,8220,11602,11830,12915,,
292196,D-TEM,dark,Arabika Temanggung Mukidi,B24,2,purging,111,10496,2886,2879,7404,8395,2893,8221,11593,11825,12913,,
293196,D-TEM,dark,Arabika Temanggung Mukidi,B24,2,purging,112,10489,2886,2876,7405,8395,2893,8222,11585,11819,12912,,
294196,D-TEM,dark,Arabika Temanggung Mukidi,B24,2,purging,113,10483,2886,2879,7405,8394,2892,8223,11576,11814,12911,,
295196,D-TEM,dark,Arabika Temanggung Mukidi,B24,2,purging,114,10478,2883,2879,7405,8395,2892,8223,11567,11809,12909,,
296197,D-TEM,dark,Arabika Temanggung Mukidi,B24,2,purging,115,10472,2886,2879,7406,8395,2896,8224,11559,11804,12909,,
297196,D-TEM,dark,Arabika Temanggung Mukidi,B24,2,purging,116,10466,2883,2874,7406,8395,2893,8225,11552,11799,12908,,
298196,D-TEM,dark,Arabika Temanggung Mukidi,B24,2,purging,117,10460,2886,2879,7408,8394,2893,8226,11544,11794,12907,,
299196,D-TEM,dark,Arabika Temanggung Mukidi,B24,2,purging,118,10454,2886,2879,7408,8394,2892,8228,11537,11790,12906,,
300196,D-TEM,dark,Arabika Temanggung Mukidi,B24,2,purging,119,10449,2883,2879,7408,8394,2894,8228,11529,11784,12904,,
301196,D-TEM,dark,Arabika Temanggung Mukidi,B24,2,purging,120,10444,2886,2879,7408,8395,2892,8228,11522,11779,12901,,
302200,D-TEM,dark,Arabika Temanggung Mukidi,B24,2,collecting,1,10440,2883,2874,7409,8394,2892,8228,11513,11775,12899,,
303196,D-TEM,dark,Arabika Temanggung Mukidi,B24,2,collecting,2,10457,2886,2879,7407,8392,2893,8226,11504,11769,12902,,
304196,D-TEM,dark,Arabika Temanggung Mukidi,B24,2,collecting,3,11213,2883,2879,7407,8422,2892,8248,11564,11809,13055,,
305197,D-TEM,dark,Arabika Temanggung Mukidi,B24,2,collecting,4,12743,2888,2877,7407,8557,2892,8307,11956,12054,13312,,
306196,D-TEM,dark,Arabika Temanggung Mukidi,B24,2,collecting,5,14070,2890,2874,7408,8775,2896,8354,12607,12487,13583,,
307196,D-TEM,dark,Arabika Temanggung Mukidi,B24,2,collecting,6,14992,2890,2877,7409,8981,2894,8368,13281,12983,13818,,
308196,D-TEM,dark,Arabika Temanggung Mukidi,B24,2,collecting,7,15614,2890,2879,7409,9133,2892,8360,13842,13445,14011,,
309196,D-TEM,dark,Arabika Temanggung Mukidi,B24,2,collecting,8,16042,2892,2874,7410,9236,2894,8344,14273,13834,14164,,
310196,D-TEM,dark,Arabika Temanggung Mukidi,B24,2,collecting,9,16340,2892,2876,7410,9307,2894,8327,14592,14144,14281,,
311196,D-TEM,dark,Arabika Temanggung Mukidi,B24,2,collecting,10,16554,2892,2879,7410,9356,2894,8313,14826,14387,14372,,
312197,D-TEM,dark,Arabika Temanggung Mukidi,B24,2,collecting,11,16711,2892,2876,7411,9389,2894,8301,15003,14576,14446,,
313196,D-TEM,dark,Arabika Temanggung Mukidi,B24,2,collecting,12,16825,2895,2876,7410,9413,2894,8292,15138,14725,14502,,
314196,D-TEM,dark,Arabika Temanggung Mukidi,B24,2,collecting,13,16907,2892,2874,7410,9430,2893,8285,15238,14840,14546,,
315196,D-TEM,dark,Arabika Temanggung Mukidi,B24,2,collecting,14,16968,2892,2879,7410,9441,2894,8280,15315,14931,14582,,
316196,D-TEM,dark,Arabika Temanggung Mukidi,B24,2,collecting,15,17009,2892,2879,7409,9450,2894,8276,15373,15002,14609,,
317196,D-TEM,dark,Arabika Temanggung Mukidi,B24,2,collecting,16,17034,2892,2879,7409,9453,2892,8272,15416,15056,14628,,
318196,D-TEM,dark,Arabika Temanggung Mukidi,B24,2,collecting,17,17049,2892,2877,7409,9454,2892,8270,15446,15098,14646,,
319196,D-TEM,dark,Arabika Temanggung Mukidi,B24,2,collecting,18,17055,2894,2879,7409,9454,2894,8268,15469,15129,14657,,
320196,D-TEM,dark,Arabika Temanggung Mukidi,B24,2,collecting,19,17056,2892,2876,7408,9452,2895,8266,15484,15153,14668,,
321197,D-TEM,dark,Arabika Temanggung Mukidi,B24,2,collecting,20,17054,2892,2877,7408,9451,2892,8266,15498,15172,14677,,
322196,D-TEM,dark,Arabika Temanggung Mukidi,B24,2,collecting,21,17048,2892,2877,7408,9449,2893,8266,15508,15187,14683,,
323196,D-TEM,dark,Arabika Temanggung Mukidi,B24,2,collecting,22,17038,2892,2876,7408,9446,2896,8265,15516,15199,14689,,
324196,D-TEM,dark,Arabika Temanggung Mukidi,B24,2,collecting,23,17026,2895,2877,7408,9443,2893,8265,15521,15206,14693,,
325196,D-TEM,dark,Arabika Temanggung Mukidi,B24,2,collecting,24,17013,2892,2879,7408,9439,2892,8265,15524,15212,14696,,
326196,D-TEM,dark,Arabika Temanggung Mukidi,B24,2,collecting,25,16998,2892,2876,7408,9436,2896,8265,15526,15216,14697,,
327196,D-TEM,dark,Arabika Temanggung Mukidi,B24,2,collecting,26,16980,2892,2879,7408,9432,2893,8265,15525,15217,14696,,
328197,D-TEM,dark,Arabika Temanggung Mukidi,B24,2,collecting,27,16959,2892,2879,7407,9428,2894,8265,15521,15216,14694,,
329196,D-TEM,dark,Arabika Temanggung Mukidi,B24,2,collecting,28,16936,2892,2879,7407,9422,2896,8264,15513,15211,14691,,
330196,D-TEM,dark,Arabika Temanggung Mukidi,B24,2,collecting,29,16912,2892,2879,7407,9417,2894,8265,15505,15205,14688,,
331196,D-TEM,dark,Arabika Temanggung Mukidi,B24,2,collecting,30,16888,2892,2876,7407,9411,2892,8265,15495,15198,14684,,
332196,D-TEM,dark,Arabika Temanggung Mukidi,B24,2,collecting,31,16865,2895,2877,7407,9407,2896,8267,15486,15191,14681,,
333196,D-TEM,dark,Arabika Temanggung Mukidi,B24,2,collecting,32,16842,2892,2876,7407,9403,2893,8267,15477,15183,14677,,
334196,D-TEM,dark,Arabika Temanggung Mukidi,B24,2,collecting,33,16820,2892,2879,7407,9399,2893,8269,15469,15176,14675,,
335196,D-TEM,dark,Arabika Temanggung Mukidi,B24,2,collecting,34,16799,2892,2877,7407,9396,2893,8270,15462,15169,14672,,
336196,D-TEM,dark,Arabika Temanggung Mukidi,B24,2,collecting,35,16778,2892,2879,7407,9392,2895,8272,15454,15163,14670,,
337197,D-TEM,dark,Arabika Temanggung Mukidi,B24,2,collecting,36,16761,2895,2879,7407,9389,2892,8274,15448,15156,14669,,
338196,D-TEM,dark,Arabika Temanggung Mukidi,B24,2,collecting,37,16744,2892,2876,7408,9388,2892,8276,15444,15151,14666,,
339196,D-TEM,dark,Arabika Temanggung Mukidi,B24,2,collecting,38,16725,2892,2876,7408,9386,2892,8277,15438,15146,14663,,
340196,D-TEM,dark,Arabika Temanggung Mukidi,B24,2,collecting,39,16706,2894,2876,7408,9383,2893,8278,15431,15139,14659,,
341196,D-TEM,dark,Arabika Temanggung Mukidi,B24,2,collecting,40,16687,2892,2876,7408,9381,2892,8280,15423,15132,14656,,
342196,D-TEM,dark,Arabika Temanggung Mukidi,B24,2,collecting,41,16670,2892,2876,7408,9379,2893,8282,15416,15125,14653,,
343196,D-TEM,dark,Arabika Temanggung Mukidi,B24,2,collecting,42,16652,2892,2879,7409,9377,2892,8283,15408,15118,14649,,
344197,D-TEM,dark,Arabika Temanggung Mukidi,B24,2,collecting,43,16632,2892,2876,7408,9374,2892,8284,15399,15111,14644,,
345196,D-TEM,dark,Arabika Temanggung Mukidi,B24,2,collecting,44,16612,2892,2879,7409,9372,2893,8285,15389,15103,14639,,
346196,D-TEM,dark,Arabika Temanggung Mukidi,B24,2,collecting,45,16588,2892,2879,7409,9367,2892,8287,15378,15093,14632,,
347196,D-TEM,dark,Arabika Temanggung Mukidi,B24,2,collecting,46,16561,2892,2879,7409,9363,2894,8286,15362,15081,14622,,
348196,D-TEM,dark,Arabika Temanggung Mukidi,B24,2,collecting,47,16534,2892,2879,7409,9357,2894,8287,15345,15068,14614,,
349196,D-TEM,dark,Arabika Temanggung Mukidi,B24,2,collecting,48,16505,2892,2876,7409,9351,2892,8287,15326,15053,14604,,
350196,D-TEM,dark,Arabika Temanggung Mukidi,B24,2,collecting,49,16478,2892,2879,7409,9346,2891,8288,15308,15039,14596,,
351196,D-TEM,dark,Arabika Temanggung Mukidi,B24,2,collecting,50,16453,2892,2879,7410,9341,2892,8289,15292,15025,14588,,
352196,D-TEM,dark,Arabika Temanggung Mukidi,B24,2,collecting,51,16427,2892,2876,7410,9337,2892,8290,15277,15012,14579,,
353197,D-TEM,dark,Arabika Temanggung Mukidi,B24,2,collecting,52,16402,2892,2876,7410,9332,2892,8290,15262,14999,14572,,
354196,D-TEM,dark,Arabika Temanggung Mukidi,B24,2,collecting,53,16378,2892,2879,7410,9327,2896,8291,15247,14986,14565,,
355196,D-TEM,dark,Arabika Temanggung Mukidi,B24,2,collecting,54,16356,2892,2879,7410,9323,2893,8292,15234,14974,14558,,
356196,D-TEM,dark,Arabika Temanggung Mukidi,B24,2,collecting,55,16336,2892,2879,7411,9320,2893,8293,15222,14962,14551,,
357196,D-TEM,dark,Arabika Temanggung Mukidi,B24,2,collecting,56,16313,2892,2876,7411,9316,2892,8293,15209,14951,14544,,
358196,D-TEM,dark,Arabika Temanggung Mukidi,B24,2,collecting,57,16293,2895,2879,7412,9313,2896,8294,15197,14941,14537,,
359196,D-TEM,dark,Arabika Temanggung Mukidi,B24,2,collecting,58,16273,2895,2876,7412,9310,2894,8295,15184,14930,14530,,
360197,D-TEM,dark,Arabika Temanggung Mukidi,B24,2,collecting,59,16250,2892,2879,7412,9306,2891,8295,15172,14919,14521,,
361196,D-TEM,dark,Arabika Temanggung Mukidi,B24,2,collecting,60,16227,2892,2877,7412,9302,2896,8295,15157,14906,14514,,
362201,D-TEM,dark,Arabika Temanggung Mukidi,B24,3,purging,1,16204,2892,2879,7412,9297,2891,8295,15142,14894,14506,,
363196,D-TEM,dark,Arabika Temanggung Mukidi,B24,3,purging,2,16179,2897,2876,7415,9295,2895,8297,15127,14882,14498,,
364196,D-TEM,dark,Arabika Temanggung Mukidi,B24,3,purging,3,16102,2892,2876,7416,9287,2896,8296,15099,14863,14460,,
365196,D-TEM,dark,Arabika Temanggung Mukidi,B24,3,purging,4,15970,2895,2876,7417,9263,2896,8292,15024,14817,14408,,
366196,D-TEM,dark,Arabika Temanggung Mukidi,B24,3,purging,5,15800,2895,2874,7417,9227,2892,8290,14915,14745,14349,,
367196,D-TEM,dark,Arabika Temanggung Mukidi,B24,3,purging,6,15607,2890,2879,7417,9186,2893,8289,14788,14657,14288,,
368196,D-TEM,dark,Arabika Temanggung Mukidi,B24,3,purging,7,15397,2890,2874,7417,9143,2892,8289,14655,14560,14228,,
369197,D-TEM,dark,Arabika Temanggung Mukidi,B24,3,purging,8,15178,2892,2876,7418,9101,2892,8290,14524,14461,14168,,
370196,D-TEM,dark,Arabika Temanggung Mukidi,B24,3,purging,9,14954,2890,2876,7418,9060,2894,8291,14399,14362,14111,,
371196,D-TEM,dark,Arabika Temanggung Mukidi,B24,3,purging,10,14728,2890,2879,7419,9023,2896,8292,14281,14267,14058,,
372196,D-TEM,dark,Arabika Temanggung Mukidi,B24,3,purging,11,14503,2890,2879,7419,8989,2895,8295,14171,14176,14011,,
373196,D-TEM,dark,Arabika Temanggung Mukidi,B24,3,purging,12,14281,2890,2876,7419,8960,2892,8298,14070,14090,13967,,
374196,D-TEM,dark,Arabika Temanggung Mukidi,B24,3,purging,13,14064,2892,2879,7419,8934,2895,8303,13975,14009,13926,,
375196,D-TEM,dark,Arabika Temanggung Mukidi,B24,3,purging,14,13854,2892,2877,7420,8911,2892,8307,13887,13933,13887,,
376197,D-TEM,dark,Arabika Temanggung Mukidi,B24,3,purging,15,13653,2888,2879,7421,8890,2892,8310,13806,13862,13851,,
377196,D-TEM,dark,Arabika Temanggung Mukidi,B24,3,purging,16,13461,2890,2879,7421,8872,2892,8313,13729,13794,13817,,
378196,D-TEM,dark,Arabika Temanggung Mukidi,B24,3,purging,17,13280,2888,2874,7421,8856,2896,8315,13658,13730,13785,,
379196,D-TEM,dark,Arabika Temanggung Mukidi,B24,3,purging,18,13108,2888,2876,7422,8840,2891,8317,13590,13669,13754,,
380196,D-TEM,dark,Arabika Temanggung Mukidi,B24,3,purging,19,12948,2886,2876,7422,8826,2892,8318,13527,13612,13725,,
381196,D-TEM,dark,Arabika Temanggung Mukidi,B24,3,purging,20,12798,2886,2874,7423,8812,2896,8318,13467,13557,13697,,
382196,D-TEM,dark,Arabika Temanggung Mukidi,B24,3,purging,21,12658,2886,2879,7423,8800,2893,8317,13409,13504,13670,,
383196,D-TEM,dark,Arabika Temanggung Mukidi,B24,3,purging,22,12528,2888,2876,7424,8788,2892,8316,13355,13454,13645,,
384196,D-TEM,dark,Arabika Temanggung Mukidi,B24,3,purging,23,12408,2886,2874,7425,8777,2891,8315,13303,13406,13622,,
385197,D-TEM,dark,Arabika Temanggung Mukidi,B24,3,purging,24,12296,2886,2876,7425,8767,2892,8315,13255,13361,13600,,
386196,D-TEM,dark,Arabika Temanggung Mukidi,B24,3,purging,25,12192,2888,2876,7425,8758,2895,8314,13207,13317,13579,,
387196,D-TEM,dark,Arabika Temanggung Mukidi,B24,3,purging,26,12096,2886,2879,7426,8749,2894,8314,13162,13275,13559,,
388196,D-TEM,dark,Arabika Temanggung Mukidi,B24,3,purging,27,12006,2886,2876,7427,8741,2892,8314,13119,13235,13540,,
389196,D-TEM,dark,Arabika Temanggung Mukidi,B24,3,purging,28,11923,2886,2876,7427,8733,2893,8314,13078,13196,13522,,
390196,D-TEM,dark,Arabika Temanggung Mukidi,B24,3,purging,29,11846,2888,2879,7428,8726,2896,8314,13038,13158,13504,,
391196,D-TEM,dark,Arabika Temanggung Mukidi,B24,3,purging,30,11775,2886,2879,7428,8720,2891,8314,13000,13123,13488,,
392197,D-TEM,dark,Arabika Temanggung Mukidi,B24,3,purging,31,11709,2886,2879,7429,8713,2892,8314,12964,13088,13472,,
393196,D-TEM,dark,Arabika Temanggung Mukidi,B24,3,purging,32,11647,2888,2881,7430,8707,2892,8314,12928,13055,13457,,
394196,D-TEM,dark,Arabika Temanggung Mukidi,B24,3,purging,33,11590,2888,2879,7430,8701,2893,8314,12894,13023,13442,,
395196,D-TEM,dark,Arabika Temanggung Mukidi,B24,3,purging,34,11536,2888,2876,7430,8695,2894,8314,12861,12992,13428,,
396196,D-TEM,dark,Arabika Temanggung Mukidi,B24,3,purging,35,11486,2883,2879,7431,8690,2892,8314,12829,12962,13414,,
397196,D-TEM,dark,Arabika Temanggung Mukidi,B24,3,purging,36,11439,2883,2879,7432,8685,2892,8315,12798,12933,13402,,
398196,D-TEM,dark,Arabika Temanggung Mukidi,B24,3,purging,37,11395,2883,2876,7432,8680,2891,8315,12768,12905,13390,,
399196,D-TEM,dark,Arabika Temanggung Mukidi,B24,3,purging,38,11354,2886,2879,7432,8676,2896,8315,12739,12878,13377,,
400196,D-TEM,dark,Arabika Temanggung Mukidi,B24,3,purging,39,11315,2883,2876,7433,8672,2894,8315,12711,12851,13365,,
401197,D-TEM,dark,Arabika Temanggung Mukidi,B24,3,purging,40,11279,2883,2879,7433,8667,2894,8314,12683,12825,13353,,
402196,D-TEM,dark,Arabika Temanggung Mukidi,B24,3,purging,41,11244,2883,2879,7435,8662,2894,8313,12655,12800,13341,,
403196,D-TEM,dark,Arabika Temanggung Mukidi,B24,3,purging,42,11212,2883,2876,7435,8657,2894,8312,12629,12776,13329,,
404196,D-TEM,dark,Arabika Temanggung Mukidi,B24,3,purging,43,11182,2883,2879,7435,8652,2892,8311,12603,12751,13317,,
405196,D-TEM,dark,Arabika Temanggung Mukidi,B24,3,purging,44,11152,2883,2881,7436,8647,2891,8310,12578,12727,13305,,
406196,D-TEM,dark,Arabika Temanggung Mukidi,B24,3,purging,45,11123,2883,2879,7437,8642,2896,8307,12552,12704,13293,,
407196,D-TEM,dark,Arabika Temanggung Mukidi,B24,3,purging,46,11096,2883,2876,7437,8636,2895,8305,12528,12680,13282,,
408197,D-TEM,dark,Arabika Temanggung Mukidi,B24,3,purging,47,11071,2883,2879,7438,8631,2896,8302,12503,12657,13270,,
409196,D-TEM,dark,Arabika Temanggung Mukidi,B24,3,purging,48,11046,2886,2876,7438,8624,2895,8300,12480,12635,13260,,
410196,D-TEM,dark,Arabika Temanggung Mukidi,B24,3,purging,49,11023,2883,2876,7438,8619,2896,8299,12457,12613,13250,,
411196,D-TEM,dark,Arabika Temanggung Mukidi,B24,3,purging,50,11001,2886,2876,7439,8614,2891,8297,12434,12591,13239,,
412196,D-TEM,dark,Arabika Temanggung Mukidi,B24,3,purging,51,10978,2883,2876,7439,8608,2896,8296,12412,12570,13229,,
413196,D-TEM,dark,Arabika Temanggung Mukidi,B24,3,purging,52,10959,2883,2876,7439,8602,2895,8293,12391,12549,13218,,
414196,D-TEM,dark,Arabika Temanggung Mukidi,B24,3,purging,53,10939,2883,2874,7439,8596,2892,8290,12370,12528,13208,,
415196,D-TEM,dark,Arabika Temanggung Mukidi,B24,3,purging,54,10921,2883,2876,7440,8590,2892,8288,12349,12508,13198,,
416196,D-TEM,dark,Arabika Temanggung Mukidi,B24,3,purging,55,10903,2886,2874,7440,8584,2895,8285,12329,12488,13187,,
417197,D-TEM,dark,Arabika Temanggung Mukidi,B24,3,purging,56,10885,2883,2876,7441,8577,2895,8282,12308,12468,13177,,
418196,D-TEM,dark,Arabika Temanggung Mukidi,B24,3,purging,57,10869,2883,2876,7441,8571,2895,8279,12289,12448,13168,,
419196,D-TEM,dark,Arabika Temanggung Mukidi,B24,3,purging,58,10852,2883,2876,7442,8565,2895,8276,12270,12428,13160,,
420196,D-TEM,dark,Arabika Temanggung Mukidi,B24,3,purging,59,10837,2883,2876,7442,8559,2896,8275,12251,12410,13152,,
421196,D-TEM,dark,Arabika Temanggung Mukidi,B24,3,purging,60,10822,2883,2876,7442,8554,2894,8274,12234,12392,13146,,
422196,D-TEM,dark,Arabika Temanggung Mukidi,B24,3,purging,61,10808,2883,2876,7442,8550,2896,8274,12217,12376,13140,,
423196,D-TEM,dark,Arabika Temanggung Mukidi,B24,3,purging,62,10794,2883,2876,7442,8547,2891,8275,12201,12359,13134,,
424197,D-TEM,dark,Arabika Temanggung Mukidi,B24,3,purging,63,10781,2883,2876,7443,8543,2893,8275,12186,12344,13124,,
425196,D-TEM,dark,Arabika Temanggung Mukidi,B24,3,purging,64,10768,2886,2876,7443,8539,2892,8273,12168,12328,13114,,
426196,D-TEM,dark,Arabika Temanggung Mukidi,B24,3,purging,65,10756,2883,2879,7444,8533,2892,8269,12151,12311,13106,,
427196,D-TEM,dark,Arabika Temanggung Mukidi,B24,3,purging,66,10744,2883,2876,7444,8527,2895,8266,12134,12295,13099,,
428196,D-TEM,dark,Arabika Temanggung Mukidi,B24,3,purging,67,10733,2883,2881,7445,8522,2893,8263,12118,12279,13091,,
429196,D-TEM,dark,Arabika Temanggung Mukidi,B24,3,purging,68,10721,2883,2876,7445,8517,2891,8262,12103,12263,13085,,
430196,D-TEM,dark,Arabika Temanggung Mukidi,B24,3,purging,69,10711,2886,2879,7445,8512,2895,8260,12088,12248,13078,,
431196,D-TEM,dark,Arabika Temanggung Mukidi,B24,3,purging,70,10701,2883,2879,7445,8508,2894,8260,12073,12233,13072,,
432196,D-TEM,dark,Arabika Temanggung Mukidi,B24,3,purging,71,10690,2883,2876,7445,8504,2891,8259,12059,12219,13067,,
433197,D-TEM,dark,Arabika Temanggung Mukidi,B24,3,purging,72,10680,2883,2876,7446,8500,2895,8259,12045,12205,13063,,
434196,D-TEM,dark,Arabika Temanggung Mukidi,B24,3,purging,73,10670,2885,2876,7446,8497,2894,8259,12033,12192,13059,,
435196,D-TEM,dark,Arabika Temanggung Mukidi,B24,3,purging,74,10660,2883,2876,7447,8494,2896,8261,12020,12179,13052,,
436196,D-TEM,dark,Arabika Temanggung Mukidi,B24,3,purging,75,10651,2883,2879,7447,8492,2894,8261,12007,12166,13048,,
437196,D-TEM,dark,Arabika Temanggung Mukidi,B24,3,purging,76,10642,2883,2879,7447,8489,2895,8260,11994,12153,13041,,
438196,D-TEM,dark,Arabika Temanggung Mukidi,B24,3,purging,77,10634,2883,2876,7447,8485,2894,8258,11980,12141,13036,,
439196,D-TEM,dark,Arabika Temanggung Mukidi,B24,3,purging,78,10626,2883,2876,7448,8482,2896,8257,11967,12129,13031,,
440197,D-TEM,dark,Arabika Temanggung Mukidi,B24,3,purging,79,10618,2883,2876,7448,8479,2896,8255,11955,12117,13026,,
441196,D-TEM,dark,Arabika Temanggung Mukidi,B24,3,purging,80,10611,2883,2876,7448,8477,2896,8256,11943,12106,13023,,
442196,D-TEM,dark,Arabika Temanggung Mukidi,B24,3,purging,81,10604,2883,2876,7449,8475,2894,8256,11932,12096,13020,,
443196,D-TEM,dark,Arabika Temanggung Mukidi,B24,3,purging,82,10597,2883,2876,7449,8473,2895,8257,11920,12085,13013,,
444196,D-TEM,dark,Arabika Temanggung Mukidi,B24,3,purging,83,10590,2883,2881,7449,8471,2894,8256,11908,12075,13007,,
445196,D-TEM,dark,Arabika Temanggung Mukidi,B24,3,purging,84,10584,2883,2876,7450,8467,2895,8253,11896,12064,13002,,
446196,D-TEM,dark,Arabika Temanggung Mukidi,B24,3,purging,85,10577,2883,2876,7451,8464,2891,8251,11883,12053,12996,,
447196,D-TEM,dark,Arabika Temanggung Mukidi,B24,3,purging,86,10571,2883,2876,7451,8460,2894,8248,11871,12042,12988,,
448196,D-TEM,dark,Arabika Temanggung Mukidi,B24,3,purging,87,10566,2883,2876,7451,8456,2894,8245,11859,12030,12983,,
449197,D-TEM,dark,Arabika Temanggung Mukidi,B24,3,purging,88,10561,2883,2879,7452,8451,2895,8241,11847,12019,12977,,
450196,D-TEM,dark,Arabika Temanggung Mukidi,B24,3,purging,89,10555,2883,2876,7452,8447,2895,8239,11836,12008,12972,,
451196,D-TEM,dark,Arabika Temanggung Mukidi,B24,3,purging,90,10548,2883,2876,7452,8443,2896,8237,11824,11998,12967,,
452196,D-TEM,dark,Arabika Temanggung Mukidi,B24,3,purging,91,10543,2883,2876,7453,8438,2896,8234,11813,11987,12960,,
453196,D-TEM,dark,Arabika Temanggung Mukidi,B24,3,purging,92,10538,2883,2876,7453,8434,2895,8231,11802,11976,12956,,
454196,D-TEM,dark,Arabika Temanggung Mukidi,B24,3,purging,93,10533,2883,2876,7453,8430,2895,8229,11792,11966,12952,,
455196,D-TEM,dark,Arabika Temanggung Mukidi,B24,3,purging,94,10528,2883,2876,7454,8427,2892,8228,11781,11956,12948,,
456197,D-TEM,dark,Arabika Temanggung Mukidi,B24,3,purging,95,10523,2883,2876,7454,8423,2896,8227,11771,11946,12943,,
457196,D-TEM,dark,Arabika Temanggung Mukidi,B24,3,purging,96,10518,2883,2876,7454,8419,2895,8226,11762,11936,12940,,
458196,D-TEM,dark,Arabika Temanggung Mukidi,B24,3,purging,97,10513,2883,2876,7455,8416,2894,8225,11752,11927,12934,,
459196,D-TEM,dark,Arabika Temanggung Mukidi,B24,3,purging,98,10508,2883,2876,7455,8412,2894,8222,11742,11917,12929,,
460196,D-TEM,dark,Arabika Temanggung Mukidi,B24,3,purging,99,10503,2883,2876,7455,8408,2894,8220,11732,11907,12924,,
461196,D-TEM,dark,Arabika Temanggung Mukidi,B24,3,purging,100,10499,2883,2876,7456,8405,2891,8219,11722,11898,12922,,
462196,D-TEM,dark,Arabika Temanggung Mukidi,B24,3,purging,101,10494,2886,2876,7456,8402,2894,8218,11714,11890,12919,,
463196,D-TEM,dark,Arabika Temanggung Mukidi,B24,3,purging,102,10489,2883,2876,7456,8399,2896,8218,11705,11881,12915,,
464196,D-TEM,dark,Arabika Temanggung Mukidi,B24,3,purging,103,10485,2883,2881,7456,8396,2895,8218,11696,11871,12912,,
465197,D-TEM,dark,Arabika Temanggung Mukidi,B24,3,purging,104,10481,2886,2876,7456,8393,2895,8217,11688,11863,12907,,
466196,D-TEM,dark,Arabika Temanggung Mukidi,B24,3,purging,105,10477,2883,2876,7457,8390,2891,8215,11679,11855,12902,,
467196,D-TEM,dark,Arabika Temanggung Mukidi,B24,3,purging,106,10474,2883,2876,7457,8387,2894,8213,11670,11846,12897,,
468196,D-TEM,dark,Arabika Temanggung Mukidi,B24,3,purging,107,10471,2883,2881,7457,8384,2891,8210,11660,11837,12891,,
469196,D-TEM,dark,Arabika Temanggung Mukidi,B24,3,purging,108,10468,2883,2876,7457,8380,2893,8206,11651,11828,12885,,
470196,D-TEM,dark,Arabika Temanggung Mukidi,B24,3,purging,109,10465,2883,2876,7458,8375,2894,8203,11641,11819,12880,,
471196,D-TEM,dark,Arabika Temanggung Mukidi,B24,3,purging,110,10462,2883,2876,7458,8371,2895,8199,11632,11810,12875,,
472197,D-TEM,dark,Arabika Temanggung Mukidi,B24,3,purging,111,10460,2883,2876,7458,8366,2894,8195,11623,11801,12871,,
473196,D-TEM,dark,Arabika Temanggung Mukidi,B24,3,purging,112,10457,2883,2881,7458,8361,2893,8193,11614,11792,12866,,
474196,D-TEM,dark,Arabika Temanggung Mukidi,B24,3,purging,113,10455,2883,2879,7459,8357,2894,8191,11606,11784,12863,,
475196,D-TEM,dark,Arabika Temanggung Mukidi,B24,3,purging,114,10453,2883,2879,7458,8353,2894,8189,11598,11776,12859,,
476196,D-TEM,dark,Arabika Temanggung Mukidi,B24,3,purging,115,10450,2883,2876,7458,8349,2893,8187,11590,11768,12855,,
477196,D-TEM,dark,Arabika Temanggung Mukidi,B24,3,purging,116,10447,2883,2881,7459,8346,2894,8186,11583,11760,12852,,
478196,D-TEM,dark,Arabika Temanggung Mukidi,B24,3,purging,117,10445,2883,2876,7459,8343,2896,8186,11576,11752,12851,,
479196,D-TEM,dark,Arabika Temanggung Mukidi,B24,3,purging,118,10442,2883,2881,7459,8341,2893,8186,11569,11745,12850,,
480196,D-TEM,dark,Arabika Temanggung Mukidi,B24,3,purging,119,10438,2883,2876,7459,8339,2894,8188,11563,11738,12849,,
481197,D-TEM,dark,Arabika Temanggung Mukidi,B24,3,purging,120,10434,2883,2876,7459,8338,2895,8189,11557,11732,12849,,
482200,D-TEM,dark,Arabika Temanggung Mukidi,B24,3,collecting,1,10430,2883,2879,7460,8338,2894,8191,11551,11726,12848,,
483196,D-TEM,dark,Arabika Temanggung Mukidi,B24,3,collecting,2,10443,2883,2876,7458,8335,2893,8192,11544,11719,12853,,
484196,D-TEM,dark,Arabika Temanggung Mukidi,B24,3,collecting,3,10989,2883,2879,7457,8356,2895,8212,11588,11746,12955,,
485196,D-TEM,dark,Arabika Temanggung Mukidi,B24,3,collecting,4,12168,2886,2879,7457,8455,2894,8260,11871,11924,13144,,
486196,D-TEM,dark,Arabika Temanggung Mukidi,B24,3,collecting,5,13324,2890,2876,7457,8624,2893,8303,12356,12245,13361,,
487196,D-TEM,dark,Arabika Temanggung Mukidi,B24,3,collecting,6,14226,2892,2879,7458,8799,2893,8325,12885,12633,13562,,
488197,D-TEM,dark,Arabika Temanggung Mukidi,B24,3,collecting,7,14877,2892,2881,7458,8941,2895,8331,13363,13018,13739,,
489196,D-TEM,dark,Arabika Temanggung Mukidi,B24,3,collecting,8,15344,2890,2876,7459,9045,2893,8327,13755,13363,13883,,
490196,D-TEM,dark,Arabika Temanggung Mukidi,B24,3,collecting,9,15680,2892,2876,7459,9119,2895,8320,14062,13655,14000,,
491196,D-TEM,dark,Arabika Temanggung Mukidi,B24,3,collecting,10,15926,2894,2879,7459,9173,2893,8311,14298,13895,14094,,
492196,D-TEM,dark,Arabika Temanggung Mukidi,B24,3,collecting,11,16111,2894,2876,7459,9212,2894,8303,14481,14089,14168,,
493196,D-TEM,dark,Arabika Temanggung Mukidi,B24,3,collecting,12,16251,2892,2876,7459,9240,2891,8297,14624,14247,14228,,
494196,D-TEM,dark,Arabika Temanggung Mukidi,B24,3,collecting,13,16358,2894,2876,7459,9261,2893,8292,14737,14375,14278,,
495196,D-TEM,dark,Arabika Temanggung Mukidi,B24,3,collecting,14,16437,2894,2879,7459,9276,2894,8287,14827,14479,14317,,
496196,D-TEM,dark,Arabika Temanggung Mukidi,B24,3,collecting,15,16497,2892,2876,7459,9287,2895,8283,14898,14563,14350,,
497197,D-TEM,dark,Arabika Temanggung Mukidi,B24,3,collecting,16,16540,2892,2876,7458,9294,2895,8279,14956,14632,14376,,
498196,D-TEM,dark,Arabika Temanggung Mukidi,B24,3,collecting,17,16572,2894,2876,7458,9299,2893,8276,15001,14687,14397,,
499196,D-TEM,dark,Arabika Temanggung Mukidi,B24,3,collecting,18,16593,2894,2881,7458,9302,2896,8274,15037,14732,14415,,
500196,D-TEM,dark,Arabika Temanggung Mukidi,B24,3,collecting,19,16606,2894,2876,7458,9302,2893,8272,15066,14768,14429,,
501196,D-TEM,dark,Arabika Temanggung Mukidi,B24,3,collecting,20,16614,2892,2876,7457,9303,2894,8271,15089,14798,14440,,
502196,D-TEM,dark,Arabika Temanggung Mukidi,B24,3,collecting,21,16616,2892,2876,7458,9302,2893,8269,15108,14821,14449,,
503196,D-TEM,dark,Arabika Temanggung Mukidi,B24,3,collecting,22,16615,2894,2876,7457,9300,2894,8267,15123,14840,14457,,
504197,D-TEM,dark,Arabika Temanggung Mukidi,B24,3,collecting,23,16608,2892,2881,7457,9297,2895,8266,15134,14855,14460,,
505196,D-TEM,dark,Arabika Temanggung Mukidi,B24,3,collecting,24,16596,2894,2876,7457,9293,2894,8263,15139,14864,14462,,
506196,D-TEM,dark,Arabika Temanggung Mukidi,B24,3,collecting,25,16582,2892,2876,7457,9287,2895,8261,15141,14870,14463,,
507196,D-TEM,dark,Arabika Temanggung Mukidi,B24,3,collecting,26,16569,2894,2876,7457,9282,2895,8260,15143,14873,14464,,
508196,D-TEM,dark,Arabika Temanggung Mukidi,B24,3,collecting,27,16554,2894,2876,7457,9277,2894,8259,15144,14875,14465,,
509196,D-TEM,dark,Arabika Temanggung Mukidi,B24,3,collecting,28,16539,2894,2879,7457,9273,2894,8257,15145,14876,14464,,
510196,D-TEM,dark,Arabika Temanggung Mukidi,B24,3,collecting,29,16523,2894,2876,7457,9268,2894,8256,15144,14876,14462,,
511196,D-TEM,dark,Arabika Temanggung Mukidi,B24,3,collecting,30,16506,2894,2876,7457,9263,2895,8254,15141,14873,14460,,
512196,D-TEM,dark,Arabika Temanggung Mukidi,B24,3,collecting,31,16489,2894,2876,7457,9257,2894,8253,15139,14870,14458,,
513197,D-TEM,dark,Arabika Temanggung Mukidi,B24,3,collecting,32,16474,2894,2876,7457,9253,2894,8251,15137,14867,14456,,
514196,D-TEM,dark,Arabika Temanggung Mukidi,B24,3,collecting,33,16457,2894,2876,7457,9248,2891,8250,15134,14864,14454,,
515196,D-TEM,dark,Arabika Temanggung Mukidi,B24,3,collecting,34,16443,2892,2876,7456,9244,2894,8249,15133,14860,14451,,
516196,D-TEM,dark,Arabika Temanggung Mukidi,B24,3,collecting,35,16430,2894,2879,7456,9240,2895,8248,15131,14856,14448,,
517196,D-TEM,dark,Arabika Temanggung Mukidi,B24,3,collecting,36,16415,2894,2876,7457,9235,2895,8246,15128,14852,14445,,
518196,D-TEM,dark,Arabika Temanggung Mukidi,B24,3,collecting,37,16398,2892,2879,7456,9230,2894,8244,15124,14846,14440,,
519196,D-TEM,dark,Arabika Temanggung Mukidi,B24,3,collecting,38,16379,2894,2876,7456,9224,2893,8242,15117,14839,14434,,
520197,D-TEM,dark,Arabika Temanggung Mukidi,B24,3,collecting,39,16357,2894,2879,7456,9217,2894,8239,15107,14829,14426,,
521196,D-TEM,dark,Arabika Temanggung Mukidi,B24,3,collecting,40,16336,2894,2876,7456,9210,2894,8237,15095,14819,14418,,
522196,D-TEM,dark,Arabika Temanggung Mukidi,B24,3,collecting,41,16313,2892,2876,7456,9203,2895,8234,15083,14807,14411,,
523196,D-TEM,dark,Arabika Temanggung Mukidi,B24,3,collecting,42,16291,2892,2876,7456,9195,2895,8233,15072,14795,14403,,
524196,D-TEM,dark,Arabika Temanggung Mukidi,B24,3,collecting,43,16271,2894,2876,7456,9188,2895,8231,15060,14783,14396,,
525196,D-TEM,dark,Arabika Temanggung Mukidi,B24,3,collecting,44,16252,2894,2881,7456,9181,2894,8229,15050,14772,14388,,
526196,D-TEM,dark,Arabika Temanggung Mukidi,B24,3,collecting,45,16232,2894,2879,7455,9175,2895,8227,15039,14761,14381,,
527196,D-TEM,dark,Arabika Temanggung Mukidi,B24,3,collecting,46,16213,2894,2879,7455,9169,2894,8225,15029,14749,14373,,
528196,D-TEM,dark,Arabika Temanggung Mukidi,B24,3,collecting,47,16194,2894,2876,7455,9163,2894,8223,15019,14738,14366,,
529197,D-TEM,dark,Arabika Temanggung Mukidi,B24,3,collecting,48,16175,2894,2879,7456,9157,2894,8221,15010,14727,14359,,
530196,D-TEM,dark,Arabika Temanggung Mukidi,B24,3,collecting,49,16159,2894,2879,7455,9151,2895,8220,15000,14716,14352,,
531196,D-TEM,dark,Arabika Temanggung Mukidi,B24,3,collecting,50,16143,2894,2876,7455,9146,2894,8218,14992,14706,14346,,
532196,D-TEM,dark,Arabika Temanggung Mukidi,B24,3,collecting,51,16124,2894,2876,7455,9140,2894,8216,14983,14695,14337,,
533196,D-TEM,dark,Arabika Temanggung Mukidi,B24,3,collecting,52,16103,2894,2876,7455,9134,2893,8214,14971,14683,14328,,
534196,D-TEM,dark,Arabika Temanggung Mukidi,B24,3,collecting,53,16081,2892,2877,7455,9126,2893,8212,14957,14670,14319,,
535196,D-TEM,dark,Arabika Temanggung Mukidi,B24,3,collecting,54,16057,2894,2876,7455,9119,2895,8210,14942,14656,14308,,
536197,D-TEM,dark,Arabika Temanggung Mukidi,B24,3,collecting,55,16031,2894,2879,7455,9111,2894,8208,14926,14641,14297,,
537196,D-TEM,dark,Arabika Temanggung Mukidi,B24,3,collecting,56,16007,2894,2881,7455,9104,2894,8206,14909,14626,14288,,
538196,D-TEM,dark,Arabika Temanggung Mukidi,B24,3,collecting,57,15985,2894,2876,7455,9097,2893,8205,14894,14610,14279,,
539196,D-TEM,dark,Arabika Temanggung Mukidi,B24,3,collecting,58,15964,2894,2876,7455,9091,2894,8204,14880,14597,14271,,
540196,D-TEM,dark,Arabika Temanggung Mukidi,B24,3,collecting,59,15944,2894,2879,7454,9085,2895,8203,14869,14584,14263,,
541196,D-TEM,dark,Arabika Temanggung Mukidi,B24,3,collecting,60,15925,2894,2881,7454,9081,2894,8203,14856,14571,14254,,
542200,D-TEM,dark,Arabika Temanggung Mukidi,B24,4,purging,1,15906,2892,2876,7454,9076,2891,8202,14845,14559,14248,,
543196,D-TEM,dark,Arabika Temanggung Mukidi,B24,4,purging,2,15886,2892,2876,7456,9074,2894,8203,14836,14548,14243,,
544196,D-TEM,dark,Arabika Temanggung Mukidi,B24,4,purging,3,15816,2892,2876,7457,9067,2894,8202,14813,14531,14205,,
545197,D-TEM,dark,Arabika Temanggung Mukidi,B24,4,purging,4,15691,2894,2876,7458,9045,2893,8196,14744,14487,14155,,
546196,D-TEM,dark,Arabika Temanggung Mukidi,B24,4,purging,5,15529,2890,2879,7458,9011,2893,8190,14642,14418,14096,,
547196,D-TEM,dark,Arabika Temanggung Mukidi,B24,4,purging,6,15345,2888,2876,7458,8969,2893,8183,14522,14333,14035,,
548196,D-TEM,dark,Arabika Temanggung Mukidi,B24,4,purging,7,15146,2892,2879,7457,8924,2893,8177,14396,14238,13972,,
549196,D-TEM,dark,Arabika Temanggung Mukidi,B24,4,purging,8,14938,2892,2881,7457,8879,2893,8172,14272,14140,13911,,
550196,D-TEM,dark,Arabika Temanggung Mukidi,B24,4,purging,9,14726,2892,2881,7457,8838,2894,8166,14152,14043,13855,,
551196,D-TEM,dark,Arabika Temanggung Mukidi,B24,4,purging,10,14513,2892,2876,7456,8798,2894,8162,14040,13949,13801,,
552197,D-TEM,dark,Arabika Temanggung Mukidi,B24,4,purging,11,14302,2890,2876,7457,8762,2894,8159,13936,13858,13751,,
553196,D-TEM,dark,Arabika Temanggung Mukidi,B24,4,purging,12,14094,2890,2876,7456,8730,2896,8156,13839,13772,13705,,
554196,D-TEM,dark,Arabika Temanggung Mukidi,B24,4,purging,13,13893,2890,2876,7456,8700,2893,8153,13749,13691,13662,,
555196,D-TEM,dark,Arabika Temanggung Mukidi,B24,4,purging,14,13699,2890,2876,7456,8674,2891,8152,13666,13614,13622,,
556196,D-TEM,dark,Arabika Temanggung Mukidi,B24,4,purging,15,13514,2888,2879,7455,8650,2893,8150,13588,13541,13584,,
557196,D-TEM,dark,Arabika Temanggung Mukidi,B24,4,purging,16,13337,2890,2876,7455,8628,2894,8148,13516,13473,13550,,
558196,D-TEM,dark,Arabika Temanggung Mukidi,B24,4,purging,17,13170,2886,2881,7456,8609,2894,8147,13448,13408,13518,,
559196,D-TEM,dark,Arabika Temanggung Mukidi,B24,4,purging,18,13012,2890,2879,7455,8591,2894,8146,13385,13347,13488,,
560196,D-TEM,dark,Arabika Temanggung Mukidi,B24,4,purging,19,12864,2885,2876,7455,8576,2894,8145,13326,13289,13460,,
561197,D-TEM,dark,Arabika Temanggung Mukidi,B24,4,purging,20,12726,2885,2876,7455,8561,2895,8145,13270,13234,13434,,
562196,D-TEM,dark,Arabika Temanggung Mukidi,B24,4,purging,21,12597,2890,2879,7455,8549,2894,8145,13217,13182,13410,,
563196,D-TEM,dark,Arabika Temanggung Mukidi,B24,4,purging,22,12476,2886,2879,7455,8537,2894,8145,13167,13132,13387,,
564196,D-TEM,dark,Arabika Temanggung Mukidi,B24,4,purging,23,12364,2886,2876,7454,8527,2894,8146,13119,13085,13366,,
565196,D-TEM,dark,Arabika Temanggung Mukidi,B24,4,purging,24,12261,2886,2879,7454,8517,2893,8146,13073,13040,13344,,
566196,D-TEM,dark,Arabika Temanggung Mukidi,B24,4,purging,25,12165,2886,2876,7454,8508,2893,8146,13030,12997,13324,,
567196,D-TEM,dark,Arabika Temanggung Mukidi,B24,4,purging,26,12076,2890,2879,7454,8499,2892,8145,12988,12955,13304,,
568197,D-TEM,dark,Arabika Temanggung Mukidi,B24,4,purging,27,11993,2886,2876,7454,8491,2894,8145,12948,12915,13285,,
569196,D-TEM,dark,Arabika Temanggung Mukidi,B24,4,purging,28,11917,2888,2879,7454,8484,2893,8144,12909,12877,13266,,
570196,D-TEM,dark,Arabika Temanggung Mukidi,B24,4,purging,29,11846,2886,2876,7454,8476,2892,8142,12871,12840,13248,,
571196,D-TEM,dark,Arabika Temanggung Mukidi,B24,4,purging,30,11781,2885,2879,7453,8467,2893,8140,12834,12804,13230,,
572196,D-TEM,dark,Arabika Temanggung Mukidi,B24,4,purging,31,11720,2886,2876,7453,8460,2894,8138,12800,12769,13213,,
573196,D-TEM,dark,Arabika Temanggung Mukidi,B24,4,purging,32,11664,2888,2879,7453,8453,2891,8135,12765,12735,13197,,
574196,D-TEM,dark,Arabika Temanggung Mukidi,B24,4,purging,33,11612,2888,2876,7453,8445,2894,8133,12733,12702,13181,,
575196,D-TEM,dark,Arabika Temanggung Mukidi,B24,4,purging,34,11563,2888,2876,7453,8438,2895,8131,12702,12670,13165,,
576196,D-TEM,dark,Arabika Temanggung Mukidi,B24,4,purging,35,11517,2886,2881,7453,8431,2894,8129,12671,12639,13150,,
577197,D-TEM,dark,Arabika Temanggung Mukidi,B24,4,purging,36,11475,2885,2879,7453,8424,2894,8127,12642,12609,13137,,
578196,D-TEM,dark,Arabika Temanggung Mukidi,B24,4,purging,37,11435,2883,2876,7452,8417,2894,8126,12613,12580,13123,,
579196,D-TEM,dark,Arabika Temanggung Mukidi,B24,4,purging,38,11397,2881,2879,7452,8411,2894,8124,12585,12552,13110,,
580196,D-TEM,dark,Arabika Temanggung Mukidi,B24,4,purging,39,11362,2883,2879,7452,8405,2894,8123,12558,12524,13097,,
581196,D-TEM,dark,Arabika Temanggung Mukidi,B24,4,purging,40,11328,2883,2876,7452,8398,2894,8121,12532,12498,13085,,
582196,D-TEM,dark,Arabika Temanggung Mukidi,B24,4,purging,41,11297,2883,2876,7451,8392,2894,8120,12506,12472,13075,,
583196,D-TEM,dark,Arabika Temanggung Mukidi,B24,4,purging,42,11268,2883,2879,7452,8388,2893,8120,12482,12447,13066,,
584197,D-TEM,dark,Arabika Temanggung Mukidi,B24,4,purging,43,11239,2883,2876,7451,8384,2893,8121,12459,12424,13059,,
585196,D-TEM,dark,Arabika Temanggung Mukidi,B24,4,purging,44,11212,2883,2879,7452,8381,2895,8123,12437,12402,13049,,
586196,D-TEM,dark,Arabika Temanggung Mukidi,B24,4,purging,45,11185,2883,2879,7451,8378,2893,8124,12416,12380,13040,,
587196,D-TEM,dark,Arabika Temanggung Mukidi,B24,4,purging,46,11161,2885,2876,7451,8375,2893,8125,12395,12360,13031,,
588196,D-TEM,dark,Arabika Temanggung Mukidi,B24,4,purging,47,11137,2883,2876,7451,8372,2893,8125,12373,12338,13021,,
589196,D-TEM,dark,Arabika Temanggung Mukidi,B24,4,purging,48,11114,2883,2879,7451,8368,2891,8124,12353,12318,13012,,
590196,D-TEM,dark,Arabika Temanggung Mukidi,B24,4,purging,49,11092,2883,2879,7451,8364,2893,8124,12332,12298,13003,,
591196,D-TEM,dark,Arabika Temanggung Mukidi,B24,4,purging,50,11072,2881,2876,7450,8360,2893,8122,12313,12278,12994,,
592196,D-TEM,dark,Arabika Temanggung Mukidi,B24,4,purging,51,11052,2881,2881,7450,8356,2893,8121,12293,12258,12984,,
593197,D-TEM,dark,Arabika Temanggung Mukidi,B24,4,purging,52,11034,2885,2876,7450,8352,2894,8120,12274,12239,12976,,
594196,D-TEM,dark,Arabika Temanggung Mukidi,B24,4,purging,53,11016,2883,2876,7450,8347,2894,8119,12255,12220,12968,,
595196,D-TEM,dark,Arabika Temanggung Mukidi,B24,4,purging,54,10999,2883,2876,7450,8344,2893,8118,12237,12202,12961,,
596196,D-TEM,dark,Arabika Temanggung Mukidi,B24,4,purging,55,10984,2883,2879,7450,8339,2893,8117,12219,12183,12953,,
597196,D-TEM,dark,Arabika Temanggung Mukidi,B24,4,purging,56,10968,2883,2876,7450,8336,2894,8116,12201,12166,12945,,
598196,D-TEM,dark,Arabika Temanggung Mukidi,B24,4,purging,57,10953,2883,2879,7450,8332,2893,8116,12184,12149,12938,,
599196,D-TEM,dark,Arabika Temanggung Mukidi,B24,4,purging,58,10939,2885,2876,7450,8328,2894,8114,12168,12133,12930,,
600197,D-TEM,dark,Arabika Temanggung Mukidi,B24,4,purging,59,10926,2881,2879,7450,8324,2894,8113,12151,12116,12922,,
601196,D-TEM,dark,Arabika Temanggung Mukidi,B24,4,purging,60,10913,2883,2876,7450,8320,2894,8111,12135,12100,12914,,
602196,D-TEM,dark,Arabika Temanggung Mukidi,B24,4,purging,61,10900,2881,2876,7449,8316,2889,8109,12119,12084,12906,,
603196,D-TEM,dark,Arabika Temanggung Mukidi,B24,4,purging,62,10887,2883,2879,7449,8312,2892,8107,12102,12068,12898,,
604196,D-TEM,dark,Arabika Temanggung Mukidi,B24,4,purging,63,10875,2883,2881,7449,8307,2891,8104,12086,12052,12890,,
605196,D-TEM,dark,Arabika Temanggung Mukidi,B24,4,purging,64,10863,2881,2879,7449,8302,2893,8102,12071,12036,12883,,
606196,D-TEM,dark,Arabika Temanggung Mukidi,B24,4,purging,65,10852,2883,2876,7449,8298,2891,8100,12056,12021,12877,,
607196,D-TEM,dark,Arabika Temanggung Mukidi,B24,4,purging,66,10841,2883,2876,7449,8294,2894,8099,12041,12007,12871,,
608196,D-TEM,dark,Arabika Temanggung Mukidi,B24,4,purging,67,10830,2885,2876,7448,8289,2894,8098,12027,11992,12866,,
609197,D-TEM,dark,Arabika Temanggung Mukidi,B24,4,purging,68,10819,2881,2879,7448,8286,2891,8098,12014,11978,12860,,
610196,D-TEM,dark,Arabika Temanggung Mukidi,B24,4,purging,69,10809,2881,2879,7448,8283,2894,8097,12001,11964,12856,,
611196,D-TEM,dark,Arabika Temanggung Mukidi,B24,4,purging,70,10799,2881,2876,7448,8280,2895,8098,11987,11951,12851,,
612196,D-TEM,dark,Arabika Temanggung Mukidi,B24,4,purging,71,10789,2883,2881,7448,8278,2892,8098,11975,11939,12846,,
613196,D-TEM,dark,Arabika Temanggung Mukidi,B24,4,purging,72,10780,2883,2879,7447,8276,2894,8099,11963,11926,12843,,
614196,D-TEM,dark,Arabika Temanggung Mukidi,B24,4,purging,73,10771,2883,2876,7448,8274,2894,8100,11951,11915,12840,,
615196,D-TEM,dark,Arabika Temanggung Mukidi,B24,4,purging,74,10762,2883,2879,7447,8273,2894,8101,11939,11904,12837,,
616197,D-TEM,dark,Arabika Temanggung Mukidi,B24,4,purging,75,10753,2883,2876,7447,8272,2891,8103,11928,11893,12834,,
617196,D-TEM,dark,Arabika Temanggung Mukidi,B24,4,purging,76,10744,2883,2876,7447,8272,2894,8105,11918,11883,12832,,
618196,D-TEM,dark,Arabika Temanggung Mukidi,B24,4,purging,77,10735,2883,2876,7447,8272,2894,8106,11906,11873,12828,,
619196,D-TEM,dark,Arabika Temanggung Mukidi,B24,4,purging,78,10727,2883,2876,7447,8271,2889,8107,11896,11863,12825,,
620196,D-TEM,dark,Arabika Temanggung Mukidi,B24,4,purging,79,10719,2881,2876,7447,8270,2894,8108,11885,11854,12822,,
621196,D-TEM,dark,Arabika Temanggung Mukidi,B24,4,purging,80,10710,2883,2876,7447,8269,2893,8109,11875,11845,12819,,
622196,D-TEM,dark,Arabika Temanggung Mukidi,B24,4,purging,81,10702,2881,2876,7447,8268,2894,8110,11865,11835,12815,,
623196,D-TEM,dark,Arabika Temanggung Mukidi,B24,4,purging,82,10693,2883,2876,7447,8268,2894,8110,11854,11826,12811,,
624196,D-TEM,dark,Arabika Temanggung Mukidi,B24,4,purging,83,10686,2885,2881,7447,8266,2893,8110,11844,11817,12808,,
625197,D-TEM,dark,Arabika Temanggung Mukidi,B24,4,purging,84,10679,2883,2879,7447,8265,2894,8110,11833,11807,12804,,
626196,D-TEM,dark,Arabika Temanggung Mukidi,B24,4,purging,85,10672,2883,2876,7447,8263,2891,8110,11822,11798,12800,,
627196,D-TEM,dark,Arabika Temanggung Mukidi,B24,4,purging,86,10666,2881,2881,7447,8260,2893,8109,11812,11789,12796,,
628196,D-TEM,dark,Arabika Temanggung Mukidi,B24,4,purging,87,10660,2883,2876,7447,8258,2893,8108,11802,11780,12792,,
629196,D-TEM,dark,Arabika Temanggung Mukidi,B24,4,purging,88,10653,2883,2879,7447,8256,2894,8107,11792,11771,12788,,
630196,D-TEM,dark,Arabika Temanggung Mukidi,B24,4,purging,89,10647,2883,2881,7446,8253,2894,8106,11782,11762,12784,,
631196,D-TEM,dark,Arabika Temanggung Mukidi,B24,4,purging,90,10641,2883,2876,7446,8251,2894,8105,11771,11753,12780,,
632197,D-TEM,dark,Arabika Temanggung Mukidi,B24,4,purging,91,10635,2885,2876,7447,8248,2894,8104,11762,11744,12775,,
633196,D-TEM,dark,Arabika Temanggung Mukidi,B24,4,purging,92,10629,2881,2876,7446,8245,2894,8102,11752,11734,12770,,
634196,D-TEM,dark,Arabika Temanggung Mukidi,B24,4,purging,93,10623,2883,2876,7446,8242,2893,8099,11742,11725,12765,,
635196,D-TEM,dark,Arabika Temanggung Mukidi,B24,4,purging,94,10617,2883,2881,7446,8238,2893,8098,11732,11715,12761,,
636196,D-TEM,dark,Arabika Temanggung Mukidi,B24,4,purging,95,10611,2883,2876,7446,8235,2894,8095,11721,11706,12756,,
637196,D-TEM,dark,Arabika Temanggung Mukidi,B24,4,purging,96,10606,2883,2879,7446,8231,2891,8094,11712,11696,12752,,
638196,D-TEM,dark,Arabika Temanggung Mukidi,B24,4,purging,97,10600,2883,2876,7446,8227,2894,8091,11702,11687,12747,,
639196,D-TEM,dark,Arabika Temanggung Mukidi,B24,4,purging,98,10595,2883,2876,7446,8224,2894,8090,11693,11678,12744,,
640196,D-TEM,dark,Arabika Temanggung Mukidi,B24,4,purging,99,10590,2883,2879,7446,8220,2892,8088,11684,11669,12739,,
641197,D-TEM,dark,Arabika Temanggung Mukidi,B24,4,purging,100,10584,2883,2881,7446,8217,2893,8087,11675,11659,12735,,
642196,D-TEM,dark,Arabika Temanggung Mukidi,B24,4,purging,101,10579,2883,2876,7446,8214,2894,8086,11666,11650,12732,,
643196,D-TEM,dark,Arabika Temanggung Mukidi,B24,4,purging,102,10575,2883,2876,7446,8210,2891,8085,11657,11642,12729,,
644196,D-TEM,dark,Arabika Temanggung Mukidi,B24,4,purging,103,10569,2886,2879,7445,8207,2891,8084,11649,11633,12725,,
645196,D-TEM,dark,Arabika Temanggung Mukidi,B24,4,purging,104,10565,2883,2876,7445,8204,2893,8083,11641,11625,12722,,
646196,D-TEM,dark,Arabika Temanggung Mukidi,B24,4,purging,105,10561,2883,2879,7445,8201,2894,8082,11632,11617,12719,,
647196,D-TEM,dark,Arabika Temanggung Mukidi,B24,4,purging,106,10556,2883,2876,7445,8198,2893,8081,11625,11609,12716,,
648197,D-TEM,dark,Arabika Temanggung Mukidi,B24,4,purging,107,10552,2883,2879,7445,8196,2893,8081,11617,11601,12713,,
649196,D-TEM,dark,Arabika Temanggung Mukidi,B24,4,purging,108,10548,2883,2881,7445,8193,2893,8080,11609,11593,12711,,
650196,D-TEM,dark,Arabika Temanggung Mukidi,B24,4,purging,109,10544,2883,2876,7445,8191,2894,8080,11602,11585,12708,,
651196,D-TEM,dark,Arabika Temanggung Mukidi,B24,4,purging,110,10539,2883,2876,7445,8190,2893,8079,11594,11578,12705,,
652196,D-TEM,dark,Arabika Temanggung Mukidi,B24,4,purging,111,10535,2883,2879,7445,8187,2894,8079,11587,11570,12703,,
653196,D-TEM,dark,Arabika Temanggung Mukidi,B24,4,purging,112,10532,2883,2876,7445,8185,2893,8080,11579,11564,12701,,
654196,D-TEM,dark,Arabika Temanggung Mukidi,B24,4,purging,113,10528,2883,2876,7445,8183,2894,8080,11573,11556,12700,,
655196,D-TEM,dark,Arabika Temanggung Mukidi,B24,4,purging,114,10524,2883,2879,7444,8182,2889,8081,11566,11550,12698,,
656196,D-TEM,dark,Arabika Temanggung Mukidi,B24,4,purging,115,10520,2881,2876,7444,8181,2891,8081,11560,11543,12696,,
657197,D-TEM,dark,Arabika Temanggung Mukidi,B24,4,purging,116,10516,2883,2876,7445,8179,2893,8082,11553,11537,12694,,
658196,D-TEM,dark,Arabika Temanggung Mukidi,B24,4,purging,117,10513,2883,2876,7444,8178,2893,8083,11547,11531,12693,,
659196,D-TEM,dark,Arabika Temanggung Mukidi,B24,4,purging,118,10509,2883,2881,7444,8177,2894,8083,11541,11525,12691,,
660196,D-TEM,dark,Arabika Temanggung Mukidi,B24,4,purging,119,10504,2883,2876,7444,8176,2894,8083,11534,11518,12689,,
661196,D-TEM,dark,Arabika Temanggung Mukidi,B24,4,purging,120,10500,2881,2876,7444,8175,2894,8083,11528,11512,12686,,
662200,D-TEM,dark,Arabika Temanggung Mukidi,B24,4,collecting,1,10497,2883,2879,7444,8174,2889,8082,11521,11505,12683,,
663196,D-TEM,dark,Arabika Temanggung Mukidi,B24,4,collecting,2,10509,2883,2879,7442,8170,2895,8080,11513,11498,12688,,
664197,D-TEM,dark,Arabika Temanggung Mukidi,B24,4,collecting,3,11016,2883,2879,7441,8194,2895,8099,11555,11525,12790,,
665196,D-TEM,dark,Arabika Temanggung Mukidi,B24,4,collecting,4,12115,2886,2881,7440,8291,2894,8146,11829,11696,12965,,
666196,D-TEM,dark,Arabika Temanggung Mukidi,B24,4,collecting,5,13202,2886,2876,7441,8445,2891,8188,12285,12002,13159,,
667196,D-TEM,dark,Arabika Temanggung Mukidi,B24,4,collecting,6,14048,2892,2876,7441,8605,2894,8211,12780,12365,13348,,
668196,D-TEM,dark,Arabika Temanggung Mukidi,B24,4,collecting,7,14666,2892,2876,7441,8735,2894,8218,13214,12723,13515,,
669196,D-TEM,dark,Arabika Temanggung Mukidi,B24,4,collecting,8,15115,2890,2876,7441,8833,2894,8217,13574,13044,13653,,
670196,D-TEM,dark,Arabika Temanggung Mukidi,B24,4,collecting,9,15444,2892,2876,7441,8903,2895,8212,13856,13318,13764,,
671196,D-TEM,dark,Arabika Temanggung Mukidi,B24,4,collecting,10,15689,2894,2876,7442,8954,2894,8206,14077,13547,13854,,
672196,D-TEM,dark,Arabika Temanggung Mukidi,B24,4,collecting,11,15873,2895,2876,7441,8991,2895,8200,14250,13735,13924,,
673197,D-TEM,dark,Arabika Temanggung Mukidi,B24,4,collecting,12,16010,2894,2879,7441,9018,2894,8194,14384,13888,13981,,
674196,D-TEM,dark,Arabika Temanggung Mukidi,B24,4,collecting,13,16114,2894,2876,7440,9037,2893,8189,14489,14014,14027,,
675196,D-TEM,dark,Arabika Temanggung Mukidi,B24,4,collecting,14,16195,2895,2876,7440,9050,2893,8185,14575,14117,14066,,
676196,D-TEM,dark,Arabika Temanggung Mukidi,B24,4,collecting,15,16257,2894,2879,7440,9061,2895,8181,14644,14202,14098,,
677196,D-TEM,dark,Arabika Temanggung Mukidi,B24,4,collecting,16,16305,2892,2879,7440,9069,2891,8178,14702,14273,14125,,
678196,D-TEM,dark,Arabika Temanggung Mukidi,B24,4,collecting,17,16340,2892,2876,7440,9074,2894,8176,14750,14333,14146,,
679196,D-TEM,dark,Arabika Temanggung Mukidi,B24,4,collecting,18,16364,2890,2876,7439,9077,2894,8173,14789,14381,14163,,
680197,D-TEM,dark,Arabika Temanggung Mukidi,B24,4,collecting,19,16379,2892,2876,7439,9078,2893,8170,14819,14421,14177,,
681196,D-TEM,dark,Arabika Temanggung Mukidi,B24,4,collecting,20,16386,2894,2876,7439,9077,2894,8168,14843,14452,14188,,
682196,D-TEM,dark,Arabika Temanggung Mukidi,B24,4,collecting,21,16389,2895,2881,7438,9076,2894,8165,14860,14478,14197,,
683196,D-TEM,dark,Arabika Temanggung Mukidi,B24,4,collecting,22,16389,2892,2876,7438,9074,2894,8164,14876,14498,14205,,
684196,D-TEM,dark,Arabika Temanggung Mukidi,B24,4,collecting,23,16385,2892,2876,7438,9071,2895,8162,14888,14516,14211,,
685196,D-TEM,dark,Arabika Temanggung Mukidi,B24,4,collecting,24,16378,2894,2876,7438,9068,2893,8161,14898,14529,14215,,
686196,D-TEM,dark,Arabika Temanggung Mukidi,B24,4,collecting,25,16367,2892,2879,7437,9064,2894,8159,14904,14539,14216,,
687196,D-TEM,dark,Arabika Temanggung Mukidi,B24,4,collecting,26,16354,2894,2879,7437,9060,2893,8157,14907,14544,14217,,
688196,D-TEM,dark,Arabika Temanggung Mukidi,B24,4,collecting,27,16337,2892,2879,7436,9055,2893,8156,14907,14547,14217,,
689197,D-TEM,dark,Arabika Temanggung Mukidi,B24,4,collecting,28,16321,2894,2879,7436,9050,2891,8154,14906,14549,14217,,
690196,D-TEM,dark,Arabika Temanggung Mukidi,B24,4,collecting,29,16303,2894,2876,7436,9045,2894,8153,14903,14548,14214,,
691196,D-TEM,dark,Arabika Temanggung Mukidi,B24,4,collecting,30,16283,2894,2876,7436,9039,2891,8152,14899,14547,14211,,
692196,D-TEM,dark,Arabika Temanggung Mukidi,B24,4,collecting,31,16261,2894,2876,7435,9035,2893,8150,14893,14543,14207,,
693196,D-TEM,dark,Arabika Temanggung Mukidi,B24,4,collecting,32,16238,2894,2876,7435,9028,2893,8149,14887,14538,14204,,
694196,D-TEM,dark,Arabika Temanggung Mukidi,B24,4,collecting,33,16217,2894,2876,7435,9023,2894,8148,14880,14532,14199,,
695196,D-TEM,dark,Arabika Temanggung Mukidi,B24,4,collecting,34,16196,2894,2881,7435,9017,2891,8148,14873,14526,14196,,
696197,D-TEM,dark,Arabika Temanggung Mukidi,B24,4,collecting,35,16176,2894,2881,7435,9013,2893,8147,14865,14519,14191,,
697196,D-TEM,dark,Arabika Temanggung Mukidi,B24,4,collecting,36,16155,2894,2876,7435,9008,2894,8147,14859,14512,14187,,
698196,D-TEM,dark,Arabika Temanggung Mukidi,B24,4,collecting,37,16135,2894,2876,7435,9003,2894,8146,14852,14505,14183,,
699196,D-TEM,dark,Arabika Temanggung Mukidi,B24,4,collecting,38,16115,2892,2876,7435,8999,2894,8145,14845,14498,14178,,
700196,D-TEM,dark,Arabika Temanggung Mukidi,B24,4,collecting,39,16093,2894,2876,7435,8995,2893,8145,14836,14490,14172,,
701196,D-TEM,dark,Arabika Temanggung Mukidi,B24,4,collecting,40,16070,2892,2879,7434,8990,2894,8144,14826,14481,14166,,
702196,D-TEM,dark,Arabika Temanggung Mukidi,B24,4,collecting,41,16047,2894,2879,7434,8985,2893,8144,14816,14472,14161,,
703196,D-TEM,dark,Arabika Temanggung Mukidi,B24,4,collecting,42,16025,2894,2876,7434,8982,2894,8144,14805,14463,14156,,
704196,D-TEM,dark,Arabika Temanggung Mukidi,B24,4,collecting,43,16003,2894,2876,7435,8978,2894,8144,14794,14454,14150,,
705197,D-TEM,dark,Arabika Temanggung Mukidi,B24,4,collecting,44,15980,2894,2876,7435,8974,2894,8144,14785,14445,14145,,
706196,D-TEM,dark,Arabika Temanggung Mukidi,B24,4,collecting,45,15959,2894,2881,7434,8970,2894,8145,14775,14436,14140,,
707196,D-TEM,dark,Arabika Temanggung Mukidi,B24,4,collecting,46,15939,2892,2879,7434,8967,2894,8145,14765,14427,14135,,
708196,D-TEM,dark,Arabika Temanggung Mukidi,B24,4,collecting,47,15920,2894,2876,7435,8964,2894,8146,14756,14419,14130,,
709196,D-TEM,dark,Arabika Temanggung Mukidi,B24,4,collecting,48,15901,2894,2879,7435,8961,2895,8146,14748,14410,14125,,
710196,D-TEM,dark,Arabika Temanggung Mukidi,B24,4,collecting,49,15881,2894,2876,7434,8958,2894,8146,14738,14401,14120,,
711196,D-TEM,dark,Arabika Temanggung Mukidi,B24,4,collecting,50,15862,2892,2879,7435,8955,2893,8147,14729,14392,14114,,
712197,D-TEM,dark,Arabika Temanggung Mukidi,B24,4,collecting,51,15844,2894,2879,7435,8952,2893,8146,14720,14383,14108,,
713196,D-TEM,dark,Arabika Temanggung Mukidi,B24,4,collecting,52,15828,2892,2876,7435,8948,2892,8146,14710,14374,14104,,
714196,D-TEM,dark,Arabika Temanggung Mukidi,B24,4,collecting,53,15815,2894,2876,7435,8945,2894,8146,14703,14366,14100,,
715196,D-TEM,dark,Arabika Temanggung Mukidi,B24,4,collecting,54,15802,2892,2876,7435,8943,2894,8146,14698,14359,14095,,
716196,D-TEM,dark,Arabika Temanggung Mukidi,B24,4,collecting,55,15790,2894,2876,7435,8940,2894,8145,14693,14352,14091,,
717196,D-TEM,dark,Arabika Temanggung Mukidi,B24,4,collecting,56,15779,2892,2876,7435,8939,2893,8145,14688,14346,14087,,
718196,D-TEM,dark,Arabika Temanggung Mukidi,B24,4,collecting,57,15769,2894,2876,7435,8936,2892,8144,14683,14339,14084,,
719196,D-TEM,dark,Arabika Temanggung Mukidi,B24,4,collecting,58,15759,2892,2876,7435,8934,2891,8144,14678,14333,14080,,
720196,D-TEM,dark,Arabika Temanggung Mukidi,B24,4,collecting,59,15749,2892,2876,7434,8932,2893,8143,14673,14327,14076,,
721197,D-TEM,dark,Arabika Temanggung Mukidi,B24,4,collecting,60,15738,2892,2876,7434,8929,2894,8142,14667,14320,14071,,
722200,D-TEM,dark,Arabika Temanggung Mukidi,B24,5,purging,1,15725,2892,2876,7434,8926,2894,8141,14661,14313,14066,,
723196,D-TEM,dark,Arabika Temanggung Mukidi,B24,5,purging,2,15707,2892,2876,7437,8925,2893,8141,14653,14306,14061,,
724196,D-TEM,dark,Arabika Temanggung Mukidi,B24,5,purging,3,15640,2890,2876,7437,8918,2894,8139,14629,14290,14025,,
725196,D-TEM,dark,Arabika Temanggung Mukidi,B24,5,purging,4,15519,2892,2879,7438,8897,2895,8135,14565,14248,13979,,
726196,D-TEM,dark,Arabika Temanggung Mukidi,B24,5,purging,5,15362,2888,2879,7438,8864,2891,8129,14467,14182,13925,,
727196,D-TEM,dark,Arabika Temanggung Mukidi,B24,5,purging,6,15182,2892,2876,7438,8825,2895,8124,14353,14100,13866,,
728197,D-TEM,dark,Arabika Temanggung Mukidi,B24,5,purging,7,14988,2892,2876,7437,8783,2894,8119,14232,14010,13808,,
729196,D-TEM,dark,Arabika Temanggung Mukidi,B24,5,purging,8,14785,2890,2876,7438,8742,2894,8116,14113,13916,13752,,
730196,D-TEM,dark,Arabika Temanggung Mukidi,B24,5,purging,9,14578,2892,2881,7437,8704,2893,8112,13999,13823,13699,,
731196,D-TEM,dark,Arabika Temanggung Mukidi,B24,5,purging,10,14371,2890,2879,7437,8667,2895,8108,13891,13732,13648,,
732196,D-TEM,dark,Arabika Temanggung Mukidi,B24,5,purging,11,14164,2892,2876,7437,8633,2889,8105,13790,13644,13600,,
733196,D-TEM,dark,Arabika Temanggung Mukidi,B24,5,purging,12,13963,2890,2881,7437,8603,2893,8102,13697,13561,13554,,
734196,D-TEM,dark,Arabika Temanggung Mukidi,B24,5,purging,13,13767,2890,2879,7436,8574,2894,8099,13610,13481,13513,,
735196,D-TEM,dark,Arabika Temanggung Mukidi,B24,5,purging,14,13579,2888,2876,7436,8549,2889,8096,13529,13406,13474,,
736196,D-TEM,dark,Arabika Temanggung Mukidi,B24,5,purging,15,13398,2888,2881,7436,8525,2892,8093,13455,13335,13439,,
737197,D-TEM,dark,Arabika Temanggung Mukidi,B24,5,purging,16,13227,2886,2879,7436,8504,2892,8091,13385,13268,13405,,
738196,D-TEM,dark,Arabika Temanggung Mukidi,B24,5,purging,17,13066,2885,2876,7435,8485,2889,8090,13320,13204,13374,,
739196,D-TEM,dark,Arabika Temanggung Mukidi,B24,5,purging,18,12914,2890,2876,7435,8467,2894,8088,13259,13144,13346,,
740196,D-TEM,dark,Arabika Temanggung Mukidi,B24,5,purging,19,12772,2885,2881,7435,8451,2894,8087,13201,13086,13319,,
741196,D-TEM,dark,Arabika Temanggung Mukidi,B24,5,purging,20,12639,2888,2876,7435,8437,2894,8086,13148,13032,13293,,
742196,D-TEM,dark,Arabika Temanggung Mukidi,B24,5,purging,21,12515,2888,2879,7435,8424,2893,8084,13096,12980,13268,,
743196,D-TEM,dark,Arabika Temanggung Mukidi,B24,5,purging,22,12400,2885,2879,7434,8412,2893,8083,13047,12931,13245,,
744197,D-TEM,dark,Arabika Temanggung Mukidi,B24,5,purging,23,12294,2886,2876,7434,8400,2894,8081,13001,12884,13223,,
745196,D-TEM,dark,Arabika Temanggung Mukidi,B24,5,purging,24,12195,2885,2876,7434,8390,2893,8080,12957,12839,13202,,
746196,D-TEM,dark,Arabika Temanggung Mukidi,B24,5,purging,25,12103,2886,2879,7434,8380,2894,8079,12915,12795,13183,,
747196,D-TEM,dark,Arabika Temanggung Mukidi,B24,5,purging,26,12019,2888,2881,7434,8372,2894,8078,12876,12755,13168,,
748196,D-TEM,dark,Arabika Temanggung Mukidi,B24,5,purging,27,11940,2885,2879,7434,8365,2895,8080,12839,12717,13153,,
749196,D-TEM,dark,Arabika Temanggung Mukidi,B24,5,purging,28,11867,2885,2876,7434,8359,2891,8083,12804,12681,13140,,
750196,D-TEM,dark,Arabika Temanggung Mukidi,B24,5,purging,29,11798,2885,2876,7434,8354,2893,8086,12770,12647,13126,,
751196,D-TEM,dark,Arabika Temanggung Mukidi,B24,5,purging,30,11735,2888,2879,7434,8351,2895,8089,12738,12614,13113,,
752196,D-TEM,dark,Arabika Temanggung Mukidi,B24,5,purging,31,11675,2890,2876,7434,8347,2888,8092,12706,12583,13101,,
753197,D-TEM,dark,Arabika Temanggung Mukidi,B24,5,purging,32,11620,2888,2876,7434,8344,2894,8094,12676,12553,13090,,
754196,D-TEM,dark,Arabika Temanggung Mukidi,B24,5,purging,33,11568,2888,2876,7434,8341,2895,8097,12647,12524,13078,,
755196,D-TEM,dark,Arabika Temanggung Mukidi,B24,5,purging,34,11520,2886,2879,7434,8339,2893,8099,12619,12497,13067,,
756196,D-TEM,dark,Arabika Temanggung Mukidi,B24,5,purging,35,11475,2883,2876,7434,8337,2891,8100,12592,12469,13055,,
757196,D-TEM,dark,Arabika Temanggung Mukidi,B24,5,purging,36,11432,2883,2876,7434,8333,2891,8101,12564,12443,13044,,
758196,D-TEM,dark,Arabika Temanggung Mukidi,B24,5,purging,37,11393,2883,2876,7434,8330,2893,8101,12538,12417,13032,,
759196,D-TEM,dark,Arabika Temanggung Mukidi,B24,5,purging,38,11356,2883,2876,7433,8326,2891,8101,12512,12392,13020,,
760197,D-TEM,dark,Arabika Temanggung Mukidi,B24,5,purging,39,11322,2883,2879,7434,8322,2893,8100,12488,12367,13009,,
761196,D-TEM,dark,Arabika Temanggung Mukidi,B24,5,purging,40,11289,2883,2876,7434,8317,2893,8099,12463,12342,12998,,
762196,D-TEM,dark,Arabika Temanggung Mukidi,B24,5,purging,41,11258,2883,2876,7434,8314,2893,8098,12438,12319,12986,,
763196,D-TEM,dark,Arabika Temanggung Mukidi,B24,5,purging,42,11229,2883,2879,7434,8309,2894,8096,12415,12295,12974,,
764196,D-TEM,dark,Arabika Temanggung Mukidi,B24,5,purging,43,11200,2881,2876,7433,8303,2889,8093,12391,12271,12962,,
765196,D-TEM,dark,Arabika Temanggung Mukidi,B24,5,purging,44,11174,2881,2881,7433,8298,2893,8090,12368,12248,12952,,
766196,D-TEM,dark,Arabika Temanggung Mukidi,B24,5,purging,45,11149,2883,2879,7433,8292,2893,8088,12346,12225,12942,,
767196,D-TEM,dark,Arabika Temanggung Mukidi,B24,5,purging,46,11126,2883,2876,7433,8286,2893,8087,12325,12203,12932,,
768196,D-TEM,dark,Arabika Temanggung Mukidi,B24,5,purging,47,11103,2883,2876,7433,8282,2891,8086,12304,12182,12924,,
769197,D-TEM,dark,Arabika Temanggung Mukidi,B24,5,purging,48,11081,2883,2879,7433,8277,2893,8085,12284,12161,12916,,
770196,D-TEM,dark,Arabika Temanggung Mukidi,B24,5,purging,49,11060,2881,2876,7433,8273,2893,8085,12265,12141,12908,,
771196,D-TEM,dark,Arabika Temanggung Mukidi,B24,5,purging,50,11040,2883,2876,7433,8270,2893,8085,12246,12122,12901,,
772196,D-TEM,dark,Arabika Temanggung Mukidi,B24,5,purging,51,11020,2885,2879,7433,8266,2893,8085,12228,12103,12893,,
773196,D-TEM,dark,Arabika Temanggung Mukidi,B24,5,purging,52,11002,2881,2879,7433,8262,2894,8084,12209,12085,12883,,
774196,D-TEM,dark,Arabika Temanggung Mukidi,B24,5,purging,53,10985,2883,2876,7433,8258,2894,8082,12191,12066,12874,,
775196,D-TEM,dark,Arabika Temanggung Mukidi,B24,5,purging,54,10968,2881,2876,7433,8254,2893,8079,12172,12048,12863,,
776197,D-TEM,dark,Arabika Temanggung Mukidi,B24,5,purging,55,10952,2881,2876,7433,8247,2894,8076,12153,12029,12853,,
777196,D-TEM,dark,Arabika Temanggung Mukidi,B24,5,purging,56,10937,2883,2876,7433,8242,2893,8072,12135,12010,12843,,
778196,D-TEM,dark,Arabika Temanggung Mukidi,B24,5,purging,57,10923,2885,2876,7433,8236,2893,8068,12117,11992,12834,,
779196,D-TEM,dark,Arabika Temanggung Mukidi,B24,5,purging,58,10909,2883,2879,7433,8230,2894,8064,12100,11974,12826,,
780196,D-TEM,dark,Arabika Temanggung Mukidi,B24,5,purging,59,10895,2881,2876,7432,8224,2894,8061,12083,11956,12818,,
781196,D-TEM,dark,Arabika Temanggung Mukidi,B24,5,purging,60,10882,2883,2879,7433,8219,2894,8059,12067,11939,12811,,
782196,D-TEM,dark,Arabika Temanggung Mukidi,B24,5,purging,61,10870,2883,2879,7432,8214,2893,8057,12051,11923,12803,,
783196,D-TEM,dark,Arabika Temanggung Mukidi,B24,5,purging,62,10858,2883,2879,7432,8209,2893,8056,12036,11906,12796,,
784196,D-TEM,dark,Arabika Temanggung Mukidi,B24,5,purging,63,10846,2883,2876,7432,8204,2891,8054,12021,11890,12789,,
785197,D-TEM,dark,Arabika Temanggung Mukidi,B24,5,purging,64,10835,2881,2876,7432,8200,2889,8052,12006,11874,12782,,
786196,D-TEM,dark,Arabika Temanggung Mukidi,B24,5,purging,65,10824,2883,2876,7432,8195,2893,8051,11991,11859,12776,,
787196,D-TEM,dark,Arabika Temanggung Mukidi,B24,5,purging,66,10813,2881,2876,7432,8191,2893,8050,11977,11844,12770,,
788196,D-TEM,dark,Arabika Temanggung Mukidi,B24,5,purging,67,10803,2881,2876,7432,8187,2887,8049,11964,11829,12763,,
789196,D-TEM,dark,Arabika Temanggung Mukidi,B24,5,purging,68,10793,2883,2876,7432,8183,2888,8048,11950,11815,12756,,
790196,D-TEM,dark,Arabika Temanggung Mukidi,B24,5,purging,69,10783,2883,2879,7432,8179,2893,8045,11936,11801,12749,,
791196,D-TEM,dark,Arabika Temanggung Mukidi,B24,5,purging,70,10774,2881,2881,7432,8174,2889,8043,11923,11787,12743,,
792197,D-TEM,dark,Arabika Temanggung Mukidi,B24,5,purging,71,10765,2881,2879,7432,8170,2889,8042,11910,11773,12737,,
793196,D-TEM,dark,Arabika Temanggung Mukidi,B24,5,purging,72,10756,2883,2876,7432,8166,2889,8040,11898,11760,12732,,
794196,D-TEM,dark,Arabika Temanggung Mukidi,B24,5,purging,73,10748,2883,2879,7431,8162,2889,8040,11886,11747,12727,,
795196,D-TEM,dark,Arabika Temanggung Mukidi,B24,5,purging,74,10739,2883,2879,7431,8159,2889,8039,11874,11734,12722,,
796196,D-TEM,dark,Arabika Temanggung Mukidi,B24,5,purging,75,10731,2883,2879,7431,8155,2889,8039,11863,11722,12717,,
797196,D-TEM,dark,Arabika Temanggung Mukidi,B24,5,purging,76,10724,2883,2879,7431,8152,2889,8037,11851,11710,12712,,
798196,D-TEM,dark,Arabika Temanggung Mukidi,B24,5,purging,77,10716,2883,2879,7431,8149,2889,8037,11839,11698,12708,,
799196,D-TEM,dark,Arabika Temanggung Mukidi,B24,5,purging,78,10708,2883,2876,7431,8146,2891,8036,11828,11686,12703,,
800196,D-TEM,dark,Arabika Temanggung Mukidi,B24,5,purging,79,10701,2881,2881,7431,8143,2891,8036,11818,11675,12699,,
801197,D-TEM,dark,Arabika Temanggung Mukidi,B24,5,purging,80,10694,2883,2879,7431,8141,2889,8036,11807,11663,12695,,
802196,D-TEM,dark,Arabika Temanggung Mukidi,B24,5,purging,81,10687,2883,2879,7431,8138,2894,8036,11796,11653,12691,,
803196,D-TEM,dark,Arabika Temanggung Mukidi,B24,5,purging,82,10680,2883,2879,7431,8136,2887,8035,11786,11642,12687,,
804196,D-TEM,dark,Arabika Temanggung Mukidi,B24,5,purging,83,10674,2881,2876,7431,8134,2893,8035,11775,11632,12682,,
805196,D-TEM,dark,Arabika Temanggung Mukidi,B24,5,purging,84,10667,2883,2879,7430,8131,2889,8034,11765,11622,12678,,
806196,D-TEM,dark,Arabika Temanggung Mukidi,B24,5,purging,85,10661,2883,2879,7431,8129,2889,8033,11755,11612,12674,,
807196,D-TEM,dark,Arabika Temanggung Mukidi,B24,5,purging,86,10655,2881,2879,7431,8126,2889,8032,11746,11603,12670,,
808197,D-TEM,dark,Arabika Temanggung Mukidi,B24,5,purging,87,10649,2883,2879,7430,8124,2889,8031,11736,11592,12666,,
809196,D-TEM,dark,Arabika Temanggung Mukidi,B24,5,purging,88,10643,2883,2876,7430,8121,2889,8031,11727,11583,12663,,
810196,D-TEM,dark,Arabika Temanggung Mukidi,B24,5,purging,89,10637,2883,2881,7430,8119,2889,8030,11717,11573,12660,,
811196,D-TEM,dark,Arabika Temanggung Mukidi,B24,5,purging,90,10631,2883,2879,7430,8117,2893,8031,11709,11564,12659,,
812196,D-TEM,dark,Arabika Temanggung Mukidi,B24,5,purging,91,10625,2883,2879,7430,8116,2888,8032,11700,11556,12657,,
813196,D-TEM,dark,Arabika Temanggung Mukidi,B24,5,purging,92,10619,2885,2876,7430,8115,2889,8033,11691,11548,12655,,
814196,D-TEM,dark,Arabika Temanggung Mukidi,B24,5,purging,93,10614,2883,2879,7430,8114,2889,8034,11684,11540,12652,,
815196,D-TEM,dark,Arabika Temanggung Mukidi,B24,5,purging,94,10608,2883,2879,7430,8113,2893,8035,11676,11532,12650,,
816196,D-TEM,dark,Arabika Temanggung Mukidi,B24,5,purging,95,10602,2883,2876,7430,8112,2889,8035,11668,11524,12648,,
817197,D-TEM,dark,Arabika Temanggung Mukidi,B24,5,purging,96,10596,2883,2879,7430,8111,2889,8036,11660,11517,12646,,
818196,D-TEM,dark,Arabika Temanggung Mukidi,B24,5,purging,97,10591,2883,2876,7430,8110,2887,8037,11652,11509,12644,,
819196,D-TEM,dark,Arabika Temanggung Mukidi,B24,5,purging,98,10585,2883,2881,7430,8109,2889,8038,11645,11502,12642,,
820196,D-TEM,dark,Arabika Temanggung Mukidi,B24,5,purging,99,10582,2883,2879,7430,8109,2887,8040,11637,11495,12641,,
821196,D-TEM,dark,Arabika Temanggung Mukidi,B24,5,purging,100,10599,2883,2879,7430,8109,2895,8041,11631,11489,12639,,
822196,D-TEM,dark,Arabika Temanggung Mukidi,B24,5,purging,101,10653,2883,2878,7431,8111,2889,8043,11628,11487,12639,,
823196,D-TEM,dark,Arabika Temanggung Mukidi,B24,5,purging,102,10739,2883,2881,7430,8114,2889,8045,11631,11491,12639,,
824197,D-TEM,dark,Arabika Temanggung Mukidi,B24,5,purging,103,10842,2883,2881,7430,8120,2891,8047,11634,11499,12639,,
825196,D-TEM,dark,Arabika Temanggung Mukidi,B24,5,purging,104,10950,2883,2879,7430,8127,2889,8049,11640,11511,12640,,
826196,D-TEM,dark,Arabika Temanggung Mukidi,B24,5,purging,105,11054,2883,2879,7430,8133,2889,8051,11645,11524,12642,,
827196,D-TEM,dark,Arabika Temanggung Mukidi,B24,5,purging,106,11148,2883,2879,7430,8140,2888,8053,11650,11539,12642,,
828196,D-TEM,dark,Arabika Temanggung Mukidi,B24,5,purging,107,11227,2883,2879,7430,8147,2888,8054,11653,11553,12643,,
829196,D-TEM,dark,Arabika Temanggung Mukidi,B24,5,purging,108,11291,2883,2876,7431,8151,2887,8054,11655,11565,12643,,
830196,D-TEM,dark,Arabika Temanggung Mukidi,B24,5,purging,109,11341,2883,2879,7431,8155,2887,8054,11655,11575,12643,,
831196,D-TEM,dark,Arabika Temanggung Mukidi,B24,5,purging,110,11378,2883,2876,7430,8158,2891,8054,11653,11582,12643,,
832196,D-TEM,dark,Arabika Temanggung Mukidi,B24,5,purging,111,11405,2883,2879,7431,8159,2889,8053,11650,11588,12642,,
833197,D-TEM,dark,Arabika Temanggung Mukidi,B24,5,purging,112,11424,2883,2881,7430,8160,2887,8053,11647,11592,12642,,
834196,D-TEM,dark,Arabika Temanggung Mukidi,B24,5,purging,113,11435,2883,2879,7430,8160,2889,8053,11644,11595,12641,,
835196,D-TEM,dark,Arabika Temanggung Mukidi,B24,5,purging,114,11440,2883,2876,7430,8159,2889,8053,11640,11597,12641,,
836196,D-TEM,dark,Arabika Temanggung Mukidi,B24,5,purging,115,11441,2883,2879,7430,8159,2887,8053,11635,11597,12640,,
837196,D-TEM,dark,Arabika Temanggung Mukidi,B24,5,purging,116,11437,2883,2876,7430,8158,2887,8053,11630,11597,12640,,
838196,D-TEM,dark,Arabika Temanggung Mukidi,B24,5,purging,117,11432,2885,2879,7430,8156,2891,8053,11626,11597,12639,,
839196,D-TEM,dark,Arabika Temanggung Mukidi,B24,5,purging,118,11423,2881,2879,7431,8155,2891,8054,11621,11595,12638,,
840197,D-TEM,dark,Arabika Temanggung Mukidi,B24,5,purging,119,11411,2883,2881,7430,8154,2893,8055,11616,11593,12638,,
841196,D-TEM,dark,Arabika Temanggung Mukidi,B24,5,purging,120,11396,2883,2879,7430,8152,2893,8055,11610,11591,12637,,
842201,D-TEM,dark,Arabika Temanggung Mukidi,B24,5,collecting,1,11378,2885,2879,7431,8151,2889,8055,11604,11587,12635,,
843196,D-TEM,dark,Arabika Temanggung Mukidi,B24,5,collecting,2,11371,2883,2881,7429,8147,2887,8054,11597,11582,12642,,
844196,D-TEM,dark,Arabika Temanggung Mukidi,B24,5,collecting,3,11764,2888,2879,7427,8172,2893,8072,11639,11609,12734,,
845196,D-TEM,dark,Arabika Temanggung Mukidi,B24,5,collecting,4,12645,2885,2876,7427,8267,2893,8116,11888,11769,12908,,
846196,D-TEM,dark,Arabika Temanggung Mukidi,B24,5,collecting,5,13541,2890,2879,7427,8413,2891,8154,12318,12056,13101,,
847196,D-TEM,dark,Arabika Temanggung Mukidi,B24,5,collecting,6,14256,2892,2876,7427,8559,2892,8175,12790,12395,13282,,
848196,D-TEM,dark,Arabika Temanggung Mukidi,B24,5,collecting,7,14789,2892,2879,7428,8678,2892,8181,13208,12729,13436,,
849197,D-TEM,dark,Arabika Temanggung Mukidi,B24,5,collecting,8,15181,2892,2876,7428,8766,2892,8179,13547,13026,13565,,
850196,D-TEM,dark,Arabika Temanggung Mukidi,B24,5,collecting,9,15472,2888,2876,7429,8828,2892,8173,13811,13278,13669,,
851196,D-TEM,dark,Arabika Temanggung Mukidi,B24,5,collecting,10,15692,2894,2876,7428,8873,2892,8167,14019,13489,13753,,
852196,D-TEM,dark,Arabika Temanggung Mukidi,B24,5,collecting,11,15860,2894,2879,7429,8907,2891,8161,14181,13663,13821,,
853196,D-TEM,dark,Arabika Temanggung Mukidi,B24,5,collecting,12,15986,2894,2876,7429,8931,2891,8156,14310,13806,13876,,
854196,D-TEM,dark,Arabika Temanggung Mukidi,B24,5,collecting,13,16082,2892,2876,7428,8949,2889,8151,14410,13924,13920,,
855196,D-TEM,dark,Arabika Temanggung Mukidi,B24,5,collecting,14,16155,2894,2876,7428,8961,2894,8148,14491,14021,13956,,
856197,D-TEM,dark,Arabika Temanggung Mukidi,B24,5,collecting,15,16210,2892,2879,7429,8970,2893,8144,14556,14100,13986,,
857196,D-TEM,dark,Arabika Temanggung Mukidi,B24,5,collecting,16,16249,2894,2881,7428,8976,2893,8141,14608,14166,14009,,
858196,D-TEM,dark,Arabika Temanggung Mukidi,B24,5,collecting,17,16275,2892,2881,7428,8980,2894,8137,14649,14218,14026,,
859196,D-TEM,dark,Arabika Temanggung Mukidi,B24,5,collecting,18,16291,2894,2876,7428,8980,2893,8135,14679,14261,14041,,
860196,D-TEM,dark,Arabika Temanggung Mukidi,B24,5,collecting,19,16301,2892,2876,7428,8980,2893,8133,14703,14295,14052,,
861196,D-TEM,dark,Arabika Temanggung Mukidi,B24,5,collecting,20,16303,2895,2881,7428,8978,2892,8130,14721,14322,14061,,
862196,D-TEM,dark,Arabika Temanggung Mukidi,B24,5,collecting,21,16301,2892,2876,7427,8975,2892,8128,14734,14344,14067,,
863196,D-TEM,dark,Arabika Temanggung Mukidi,B24,5,collecting,22,16296,2892,2876,7427,8972,2891,8126,14744,14360,14072,,
864196,D-TEM,dark,Arabika Temanggung Mukidi,B24,5,collecting,23,16287,2892,2876,7427,8968,2891,8125,14752,14373,14076,,
865197,D-TEM,dark,Arabika Temanggung Mukidi,B24,5,collecting,24,16274,2894,2879,7427,8963,2891,8122,14756,14382,14076,,
866196,D-TEM,dark,Arabika Temanggung Mukidi,B24,5,collecting,25,16259,2894,2876,7427,8958,2891,8120,14757,14388,14076,,
867196,D-TEM,dark,Arabika Temanggung Mukidi,B24,5,collecting,26,16242,2894,2879,7427,8953,2892,8118,14757,14391,14075,,
868196,D-TEM,dark,Arabika Temanggung Mukidi,B24,5,collecting,27,16223,2892,2876,7426,8947,2891,8116,14755,14391,14073,,
869196,D-TEM,dark,Arabika Temanggung Mukidi,B24,5,collecting,28,16204,2892,2876,7426,8941,2892,8114,14751,14390,14071,,
870196,D-TEM,dark,Arabika Temanggung Mukidi,B24,5,collecting,29,16186,2894,2876,7426,8936,2893,8113,14749,14389,14069,,
871196,D-TEM,dark,Arabika Temanggung Mukidi,B24,5,collecting,30,16167,2892,2879,7426,8930,2893,8111,14745,14386,14066,,
872197,D-TEM,dark,Arabika Temanggung Mukidi,B24,5,collecting,31,16147,2894,2876,7426,8925,2892,8110,14741,14383,14063,,
873196,D-TEM,dark,Arabika Temanggung Mukidi,B24,5,collecting,32,16127,2894,2879,7425,8920,2893,8108,14736,14378,14060,,
874196,D-TEM,dark,Arabika Temanggung Mukidi,B24,5,collecting,33,16108,2894,2879,7425,8914,2892,8107,14731,14373,14057,,
875196,D-TEM,dark,Arabika Temanggung Mukidi,B24,5,collecting,34,16089,2894,2879,7425,8909,2892,8106,14726,14368,14053,,
876196,D-TEM,dark,Arabika Temanggung Mukidi,B24,5,collecting,35,16071,2894,2879,7425,8904,2889,8105,14722,14362,14050,,
877196,D-TEM,dark,Arabika Temanggung Mukidi,B24,5,collecting,36,16051,2892,2876,7425,8900,2894,8104,14715,14356,14045,,
878196,D-TEM,dark,Arabika Temanggung Mukidi,B24,5,collecting,37,16031,2892,2876,7425,8894,2891,8103,14708,14349,14040,,
879196,D-TEM,dark,Arabika Temanggung Mukidi,B24,5,collecting,38,16009,2892,2879,7425,8889,2891,8101,14699,14341,14034,,
880196,D-TEM,dark,Arabika Temanggung Mukidi,B24,5,collecting,39,15989,2892,2881,7425,8883,2892,8101,14691,14332,14029,,
881197,D-TEM,dark,Arabika Temanggung Mukidi,B24,5,collecting,40,15969,2892,2876,7425,8878,2893,8100,14683,14324,14024,,
882196,D-TEM,dark,Arabika Temanggung Mukidi,B24,5,collecting,41,15949,2894,2876,7425,8874,2893,8099,14676,14315,14020,,
883196,D-TEM,dark,Arabika Temanggung Mukidi,B24,5,collecting,42,15930,2894,2879,7425,8870,2891,8098,14667,14306,14015,,
884196,D-TEM,dark,Arabika Temanggung Mukidi,B24,5,collecting,43,15912,2892,2879,7425,8865,2893,8097,14659,14297,14009,,
885196,D-TEM,dark,Arabika Temanggung Mukidi,B24,5,collecting,44,15893,2894,2876,7425,8861,2893,8097,14651,14289,14005,,
886196,D-TEM,dark,Arabika Temanggung Mukidi,B24,5,collecting,45,15876,2892,2876,7424,8857,2889,8096,14643,14280,14000,,
887196,D-TEM,dark,Arabika Temanggung Mukidi,B24,5,collecting,46,15860,2894,2879,7424,8853,2891,8096,14637,14272,13996,,
888197,D-TEM,dark,Arabika Temanggung Mukidi,B24,5,collecting,47,15845,2894,2876,7424,8850,2893,8095,14630,14264,13991,,
889196,D-TEM,dark,Arabika Temanggung Mukidi,B24,5,collecting,48,15828,2892,2876,7424,8846,2893,8094,14623,14256,13985,,
890196,D-TEM,dark,Arabika Temanggung Mukidi,B24,5,collecting,49,15808,2892,2879,7424,8841,2889,8093,14614,14247,13978,,
891196,D-TEM,dark,Arabika Temanggung Mukidi,B24,5,collecting,50,15789,2892,2879,7423,8837,2892,8092,14604,14237,13971,,
892196,D-TEM,dark,Arabika Temanggung Mukidi,B24,5,collecting,51,15771,2892,2876,7423,8832,2891,8091,14593,14226,13965,,
893196,D-TEM,dark,Arabika Temanggung Mukidi,B24,5,collecting,52,15752,2892,2876,7423,8828,2893,8091,14583,14216,13959,,
894196,D-TEM,dark,Arabika Temanggung Mukidi,B24,5,collecting,53,15734,2892,2876,7423,8824,2891,8090,14573,14206,13953,,
895196,D-TEM,dark,Arabika Temanggung Mukidi,B24,5,collecting,54,15715,2892,2876,7423,8820,2892,8089,14563,14196,13946,,
896196,D-TEM,dark,Arabika Temanggung Mukidi,B24,5,collecting,55,15695,2890,2876,7423,8815,2892,8088,14553,14185,13939,,
897197,D-TEM,dark,Arabika Temanggung Mukidi,B24,5,collecting,56,15675,2890,2879,7421,8809,2893,8085,14541,14173,13932,,
898196,D-TEM,dark,Arabika Temanggung Mukidi,B24,5,collecting,57,15655,2892,2881,7421,8804,2893,8084,14529,14162,13924,,
899196,D-TEM,dark,Arabika Temanggung Mukidi,B24,5,collecting,58,15635,2892,2876,7420,8799,2889,8083,14518,14150,13917,,
900196,D-TEM,dark,Arabika Temanggung Mukidi,B24,5,collecting,59,15615,2892,2876,7420,8795,2892,8081,14506,14138,13911,,
901196,D-TEM,dark,Arabika Temanggung Mukidi,B24,5,collecting,60,15598,2892,2876,7420,8791,2893,8080,14496,14128,13904,,
902200,D-TEM,dark,Arabika Temanggung Mukidi,B24,6,purging,1,15580,2892,2879,7420,8787,2887,8079,14486,14117,13897,,
903196,D-TEM,dark,Arabika Temanggung Mukidi,B24,6,purging,2,15561,2890,2876,7422,8785,2892,8079,14477,14107,13894,,
904197,D-TEM,dark,Arabika Temanggung Mukidi,B24,6,purging,3,15499,2892,2876,7423,8779,2889,8078,14456,14091,13858,,
905196,D-TEM,dark,Arabika Temanggung Mukidi,B24,6,purging,4,15386,2888,2879,7423,8760,2893,8072,14394,14052,13813,,
906196,D-TEM,dark,Arabika Temanggung Mukidi,B24,6,purging,5,15240,2890,2879,7424,8730,2891,8065,14301,13989,13762,,
907196,D-TEM,dark,Arabika Temanggung Mukidi,B24,6,purging,6,15072,2892,2881,7423,8693,2892,8058,14192,13912,13708,,
908196,D-TEM,dark,Arabika Temanggung Mukidi,B24,6,purging,7,14891,2888,2879,7424,8655,2887,8052,14079,13826,13654,,
909196,D-TEM,dark,Arabika Temanggung Mukidi,B24,6,purging,8,14701,2892,2879,7423,8616,2887,8047,13968,13737,13601,,
910196,D-TEM,dark,Arabika Temanggung Mukidi,B24,6,purging,9,14508,2890,2879,7423,8580,2893,8043,13861,13649,13550,,
911196,D-TEM,dark,Arabika Temanggung Mukidi,B24,6,purging,10,14313,2890,2876,7422,8546,2892,8039,13761,13563,13503,,
912196,D-TEM,dark,Arabika Temanggung Mukidi,B24,6,purging,11,14121,2892,2879,7422,8515,2891,8036,13667,13481,13459,,
913197,D-TEM,dark,Arabika Temanggung Mukidi,B24,6,purging,12,13934,2888,2879,7422,8486,2891,8033,13580,13402,13417,,
914196,D-TEM,dark,Arabika Temanggung Mukidi,B24,6,purging,13,13753,2888,2876,7421,8460,2887,8031,13500,13327,13379,,
915196,D-TEM,dark,Arabika Temanggung Mukidi,B24,6,purging,14,13580,2890,2881,7421,8437,2889,8027,13424,13256,13342,,
916196,D-TEM,dark,Arabika Temanggung Mukidi,B24,6,purging,15,13415,2888,2879,7421,8415,2887,8025,13354,13189,13309,,
917196,D-TEM,dark,Arabika Temanggung Mukidi,B24,6,purging,16,13258,2888,2881,7420,8395,2892,8023,13288,13125,13277,,
918196,D-TEM,dark,Arabika Temanggung Mukidi,B24,6,purging,17,13110,2885,2879,7420,8377,2891,8021,13227,13064,13248,,
919196,D-TEM,dark,Arabika Temanggung Mukidi,B24,6,purging,18,12971,2888,2881,7420,8361,2887,8019,13169,13006,13220,,
920197,D-TEM,dark,Arabika Temanggung Mukidi,B24,6,purging,19,12840,2888,2879,7419,8346,2888,8017,13115,12951,13193,,
921196,D-TEM,dark,Arabika Temanggung Mukidi,B24,6,purging,20,12719,2885,2879,7419,8332,2887,8014,13062,12899,13169,,
922196,D-TEM,dark,Arabika Temanggung Mukidi,B24,6,purging,21,12605,2888,2879,7419,8319,2887,8012,13014,12849,13145,,
923196,D-TEM,dark,Arabika Temanggung Mukidi,B24,6,purging,22,12500,2885,2876,7418,8306,2893,8011,12968,12801,13123,,
924196,D-TEM,dark,Arabika Temanggung Mukidi,B24,6,purging,23,12401,2888,2879,7418,8296,2893,8009,12924,12756,13103,,
925196,D-TEM,dark,Arabika Temanggung Mukidi,B24,6,purging,24,12309,2888,2876,7418,8285,2892,8008,12882,12712,13083,,
926196,D-TEM,dark,Arabika Temanggung Mukidi,B24,6,purging,25,12225,2888,2881,7417,8275,2887,8007,12842,12671,13065,,
927196,D-TEM,dark,Arabika Temanggung Mukidi,B24,6,purging,26,12147,2888,2879,7417,8267,2887,8006,12804,12631,13048,,
928196,D-TEM,dark,Arabika Temanggung Mukidi,B24,6,purging,27,12074,2888,2879,7416,8259,2886,8006,12768,12593,13032,,
929197,D-TEM,dark,Arabika Temanggung Mukidi,B24,6,purging,28,12006,2888,2879,7416,8252,2887,8007,12734,12557,13016,,
930196,D-TEM,dark,Arabika Temanggung Mukidi,B24,6,purging,29,11945,2888,2879,7416,8245,2887,8006,12701,12522,13002,,
931196,D-TEM,dark,Arabika Temanggung Mukidi,B24,6,purging,30,11887,2888,2878,7416,8239,2887,8007,12669,12489,12988,,
932196,D-TEM,dark,Arabika Temanggung Mukidi,B24,6,purging,31,11834,2888,2879,7415,8234,2887,8008,12639,12457,12975,,
933196,D-TEM,dark,Arabika Temanggung Mukidi,B24,6,purging,32,11785,2888,2879,7415,8229,2887,8008,12609,12426,12962,,
934196,D-TEM,dark,Arabika Temanggung Mukidi,B24,6,purging,33,11738,2888,2879,7415,8225,2887,8008,12581,12397,12949,,
935196,D-TEM,dark,Arabika Temanggung Mukidi,B24,6,purging,34,11696,2888,2876,7414,8220,2891,8008,12553,12368,12936,,
936197,D-TEM,dark,Arabika Temanggung Mukidi,B24,6,purging,35,11655,2888,2878,7414,8215,2887,8008,12526,12341,12924,,
937196,D-TEM,dark,Arabika Temanggung Mukidi,B24,6,purging,36,11618,2888,2879,7414,8211,2887,8007,12500,12314,12913,,
938196,D-TEM,dark,Arabika Temanggung Mukidi,B24,6,purging,37,11582,2885,2879,7413,8206,2891,8007,12475,12288,12903,,
939196,D-TEM,dark,Arabika Temanggung Mukidi,B24,6,purging,38,11548,2888,2879,7413,8203,2887,8007,12451,12263,12892,,
940196,D-TEM,dark,Arabika Temanggung Mukidi,B24,6,purging,39,11517,2890,2879,7413,8199,2887,8007,12427,12239,12883,,
941196,D-TEM,dark,Arabika Temanggung Mukidi,B24,6,purging,40,11487,2888,2881,7412,8195,2887,8008,12405,12216,12874,,
942196,D-TEM,dark,Arabika Temanggung Mukidi,B24,6,purging,41,11458,2881,2879,7412,8193,2887,8009,12383,12193,12866,,
943196,D-TEM,dark,Arabika Temanggung Mukidi,B24,6,purging,42,11432,2883,2879,7412,8190,2887,8010,12362,12171,12858,,
944196,D-TEM,dark,Arabika Temanggung Mukidi,B24,6,purging,43,11406,2883,2878,7412,8186,2887,8011,12341,12150,12849,,
945197,D-TEM,dark,Arabika Temanggung Mukidi,B24,6,purging,44,11381,2885,2879,7412,8184,2894,8012,12321,12129,12841,,
946196,D-TEM,dark,Arabika Temanggung Mukidi,B24,6,purging,45,11358,2885,2876,7412,8182,2887,8012,12301,12109,12833,,
947196,D-TEM,dark,Arabika Temanggung Mukidi,B24,6,purging,46,11336,2885,2879,7411,8179,2889,8013,12281,12090,12826,,
948196,D-TEM,dark,Arabika Temanggung Mukidi,B24,6,purging,47,11315,2885,2879,7411,8177,2893,8013,12262,12071,12819,,
949196,D-TEM,dark,Arabika Temanggung Mukidi,B24,6,purging,48,11295,2881,2879,7411,8174,2888,8014,12245,12053,12811,,
950196,D-TEM,dark,Arabika Temanggung Mukidi,B24,6,purging,49,11276,2885,2876,7411,8171,2889,8014,12227,12035,12803,,
951196,D-TEM,dark,Arabika Temanggung Mukidi,B24,6,purging,50,11258,2881,2879,7411,8169,2887,8013,12209,12017,12794,,
952197,D-TEM,dark,Arabika Temanggung Mukidi,B24,6,purging,51,11240,2881,2879,7411,8165,2893,8013,12191,11999,12786,,
953196,D-TEM,dark,Arabika Temanggung Mukidi,B24,6,purging,52,11223,2885,2881,7411,8162,2887,8013,12174,11982,12778,,
954196,D-TEM,dark,Arabika Temanggung Mukidi,B24,6,purging,53,11206,2883,2879,7412,8158,2893,8012,12156,11965,12771,,
955196,D-TEM,dark,Arabika Temanggung Mukidi,B24,6,purging,54,11190,2885,2879,7412,8154,2886,8010,12139,11948,12762,,
956196,D-TEM,dark,Arabika Temanggung Mukidi,B24,6,purging,55,11175,2885,2879,7412,8151,2889,8008,12122,11931,12755,,
957196,D-TEM,dark,Arabika Temanggung Mukidi,B24,6,purging,56,11161,2885,2879,7412,8147,2887,8007,12106,11915,12747,,
958196,D-TEM,dark,Arabika Temanggung Mukidi,B24,6,purging,57,11146,2881,2876,7413,8143,2891,8005,12090,11899,12741,,
959196,D-TEM,dark,Arabika Temanggung Mukidi,B24,6,purging,58,11133,2885,2876,7413,8139,2889,8004,12074,11883,12734,,
960196,D-TEM,dark,Arabika Temanggung Mukidi,B24,6,purging,59,11120,2881,2878,7414,8136,2887,8002,12059,11868,12728,,
961197,D-TEM,dark,Arabika Temanggung Mukidi,B24,6,purging,60,11107,2885,2876,7414,8132,2891,8001,12045,11853,12722,,
962196,D-TEM,dark,Arabika Temanggung Mukidi,B24,6,purging,61,11094,2885,2879,7415,8129,2890,8001,12030,11838,12716,,
963196,D-TEM,dark,Arabika Temanggung Mukidi,B24,6,purging,62,11082,2885,2879,7415,8126,2886,8000,12016,11824,12711,,
964196,D-TEM,dark,Arabika Temanggung Mukidi,B24,6,purging,63,11070,2883,2879,7415,8123,2893,8000,12003,11810,12706,,
965196,D-TEM,dark,Arabika Temanggung Mukidi,B24,6,purging,64,11059,2883,2876,7415,8121,2891,7999,11990,11797,12701,,
966196,D-TEM,dark,Arabika Temanggung Mukidi,B24,6,purging,65,11048,2885,2879,7415,8117,2889,7999,11976,11783,12696,,
967196,D-TEM,dark,Arabika Temanggung Mukidi,B24,6,purging,66,11037,2885,2879,7415,8115,2889,7999,11964,11770,12692,,
968197,D-TEM,dark,Arabika Temanggung Mukidi,B24,6,purging,67,11027,2885,2879,7416,8113,2889,7999,11952,11758,12687,,
969196,D-TEM,dark,Arabika Temanggung Mukidi,B24,6,purging,68,11017,2881,2876,7416,8110,2888,7998,11939,11745,12681,,
970196,D-TEM,dark,Arabika Temanggung Mukidi,B24,6,purging,69,11008,2885,2876,7415,8108,2891,7996,11927,11732,12676,,
971196,D-TEM,dark,Arabika Temanggung Mukidi,B24,6,purging,70,10999,2883,2879,7415,8105,2889,7996,11915,11720,12671,,
972196,D-TEM,dark,Arabika Temanggung Mukidi,B24,6,purging,71,10990,2881,2876,7415,8102,2892,7995,11902,11709,12666,,
973196,D-TEM,dark,Arabika Temanggung Mukidi,B24,6,purging,72,10981,2881,2879,7414,8099,2889,7993,11891,11697,12661,,
974196,D-TEM,dark,Arabika Temanggung Mukidi,B24,6,purging,73,10973,2885,2879,7414,8096,2889,7992,11880,11685,12656,,
975196,D-TEM,dark,Arabika Temanggung Mukidi,B24,6,purging,74,10965,2883,2879,7414,8093,2889,7991,11868,11674,12651,,
976196,D-TEM,dark,Arabika Temanggung Mukidi,B24,6,purging,75,10957,2883,2879,7413,8090,2891,7990,11856,11662,12647,,
977197,D-TEM,dark,Arabika Temanggung Mukidi,B24,6,purging,76,10948,2885,2879,7413,8087,2889,7988,11845,11651,12642,,
978196,D-TEM,dark,Arabika Temanggung Mukidi,B24,6,purging,77,10940,2885,2876,7413,8084,2886,7987,11835,11640,12637,,
979196,D-TEM,dark,Arabika Temanggung Mukidi,B24,6,purging,78,10933,2883,2879,7412,8081,2888,7986,11823,11629,12632,,
980196,D-TEM,dark,Arabika Temanggung Mukidi,B24,6,purging,79,10925,2883,2879,7412,8077,2889,7985,11813,11618,12628,,
981196,D-TEM,dark,Arabika Temanggung Mukidi,B24,6,purging,80,10917,2885,2876,7411,8074,2889,7984,11803,11608,12623,,
982196,D-TEM,dark,Arabika Temanggung Mukidi,B24,6,purging,81,10910,2883,2876,7411,8072,2886,7983,11792,11597,12620,,
983196,D-TEM,dark,Arabika Temanggung Mukidi,B24,6,purging,82,10903,2885,2879,7410,8069,2889,7982,11782,11587,12616,,
984197,D-TEM,dark,Arabika Temanggung Mukidi,B24,6,purging,83,10896,2883,2876,7410,8066,2887,7983,11772,11576,12614,,
985196,D-TEM,dark,Arabika Temanggung Mukidi,B24,6,purging,84,10889,2883,2878,7410,8064,2888,7983,11763,11567,12612,,
986196,D-TEM,dark,Arabika Temanggung Mukidi,B24,6,purging,85,10882,2885,2876,7409,8063,2889,7984,11755,11558,12610,,
987196,D-TEM,dark,Arabika Temanggung Mukidi,B24,6,purging,86,10875,2883,2879,7410,8062,2889,7986,11746,11550,12608,,
988196,D-TEM,dark,Arabika Temanggung Mukidi,B24,6,purging,87,10868,2883,2876,7409,8061,2889,7988,11738,11542,12607,,
989196,D-TEM,dark,Arabika Temanggung Mukidi,B24,6,purging,88,10861,2883,2876,7409,8061,2886,7990,11731,11534,12607,,
990196,D-TEM,dark,Arabika Temanggung Mukidi,B24,6,purging,89,10854,2883,2876,7409,8061,2886,7993,11723,11526,12605,,
991196,D-TEM,dark,Arabika Temanggung Mukidi,B24,6,purging,90,10848,2883,2879,7408,8061,2889,7995,11715,11519,12604,,
992196,D-TEM,dark,Arabika Temanggung Mukidi,B24,6,purging,91,10841,2883,2876,7408,8061,2886,7997,11708,11512,12602,,
993197,D-TEM,dark,Arabika Temanggung Mukidi,B24,6,purging,92,10835,2885,2876,7408,8061,2891,7998,11700,11504,12598,,
994196,D-TEM,dark,Arabika Temanggung Mukidi,B24,6,purging,93,10830,2885,2878,7408,8060,2889,7998,11691,11497,12596,,
995196,D-TEM,dark,Arabika Temanggung Mukidi,B24,6,purging,94,10824,2885,2879,7408,8059,2889,7998,11683,11490,12593,,
996196,D-TEM,dark,Arabika Temanggung Mukidi,B24,6,purging,95,10819,2885,2876,7408,8058,2886,7997,11675,11482,12590,,
997196,D-TEM,dark,Arabika Temanggung Mukidi,B24,6,purging,96,10815,2883,2874,7408,8057,2889,7997,11667,11475,12588,,
998196,D-TEM,dark,Arabika Temanggung Mukidi,B24,6,purging,97,10811,2883,2876,7408,8056,2889,7998,11660,11468,12585,,
999196,D-TEM,dark,Arabika Temanggung Mukidi,B24,6,purging,98,10810,2883,2876,7407,8055,2889,7997,11652,11461,12583,,
1000197,D-TEM,dark,Arabika Temanggung Mukidi,B24,6,purging,99,10812,2885,2876,7407,8053,2893,7998,11645,11455,12581,,
1001196,D-TEM,dark,Arabika Temanggung Mukidi,B24,6,purging,100,10815,2883,2878,7407,8052,2889,7999,11639,11449,12580,,
1002196,D-TEM,dark,Arabika Temanggung Mukidi,B24,6,purging,101,10817,2883,2878,7407,8052,2889,7999,11633,11444,12579,,
1003196,D-TEM,dark,Arabika Temanggung Mukidi,B24,6,purging,102,10819,2883,2876,7407,8052,2889,8001,11627,11439,12578,,
1004196,D-TEM,dark,Arabika Temanggung Mukidi,B24,6,purging,103,10821,2883,2876,7408,8052,2888,8002,11621,11435,12577,,
1005196,D-TEM,dark,Arabika Temanggung Mukidi,B24,6,purging,104,10821,2883,2876,7408,8052,2888,8003,11615,11430,12576,,
1006196,D-TEM,dark,Arabika Temanggung Mukidi,B24,6,purging,105,10821,2883,2876,7408,8052,2889,8004,11609,11425,12574,,
1007196,D-TEM,dark,Arabika Temanggung Mukidi,B24,6,purging,106,10821,2883,2876,7408,8051,2888,8005,11603,11420,12571,,
1008196,D-TEM,dark,Arabika Temanggung Mukidi,B24,6,purging,107,10820,2883,2876,7408,8050,2889,8004,11596,11415,12568,,
1009197,D-TEM,dark,Arabika Temanggung Mukidi,B24,6,purging,108,10819,2883,2879,7408,8049,2888,8003,11589,11410,12566,,
1010196,D-TEM,dark,Arabika Temanggung Mukidi,B24,6,purging,109,10817,2883,2876,7408,8048,2887,8001,11583,11404,12564,,
1011196,D-TEM,dark,Arabika Temanggung Mukidi,B24,6,purging,110,10814,2883,2876,7408,8046,2889,8001,11576,11399,12561,,
1012196,D-TEM,dark,Arabika Temanggung Mukidi,B24,6,purging,111,10811,2883,2876,7408,8045,2889,8000,11570,11393,12559,,
1013196,D-TEM,dark,Arabika Temanggung Mukidi,B24,6,purging,112,10808,2883,2876,7408,8043,2889,7999,11563,11387,12557,,
1014196,D-TEM,dark,Arabika Temanggung Mukidi,B24,6,purging,113,10805,2885,2878,7408,8041,2888,7999,11557,11382,12555,,
1015196,D-TEM,dark,Arabika Temanggung Mukidi,B24,6,purging,114,10802,2883,2876,7408,8039,2889,7998,11551,11376,12553,,
1016197,D-TEM,dark,Arabika Temanggung Mukidi,B24,6,purging,115,10798,2885,2874,7408,8037,2886,7998,11545,11370,12551,,
1017196,D-TEM,dark,Arabika Temanggung Mukidi,B24,6,purging,116,10794,2885,2876,7408,8035,2888,7998,11538,11365,12549,,
1018196,D-TEM,dark,Arabika Temanggung Mukidi,B24,6,purging,117,10791,2883,2876,7408,8033,2889,7998,11533,11359,12547,,
1019196,D-TEM,dark,Arabika Temanggung Mukidi,B24,6,purging,118,10787,2883,2879,7408,8032,2889,7998,11526,11353,12545,,
1020196,D-TEM,dark,Arabika Temanggung Mukidi,B24,6,purging,119,10783,2883,2876,7408,8031,2887,7998,11520,11348,12543,,
1021196,D-TEM,dark,Arabika Temanggung Mukidi,B24,6,purging,120,10780,2885,2876,7407,8030,2889,7998,11515,11342,12541,,
1022200,D-TEM,dark,Arabika Temanggung Mukidi,B24,6,collecting,1,10776,2885,2876,7407,8028,2889,7998,11508,11337,12540,,
1023196,D-TEM,dark,Arabika Temanggung Mukidi,B24,6,collecting,2,10784,2883,2876,7405,8025,2886,7997,11501,11331,12547,,
1024196,D-TEM,dark,Arabika Temanggung Mukidi,B24,6,collecting,3,11177,2883,2876,7404,8045,2889,8014,11538,11354,12628,,
1025197,D-TEM,dark,Arabika Temanggung Mukidi,B24,6,collecting,4,12056,2888,2874,7403,8125,2889,8052,11759,11493,12771,,
1026196,D-TEM,dark,Arabika Temanggung Mukidi,B24,6,collecting,5,12962,2888,2876,7403,8253,2889,8085,12131,11744,12931,,
1027196,D-TEM,dark,Arabika Temanggung Mukidi,B24,6,collecting,6,13704,2885,2879,7404,8387,2893,8103,12542,12046,13088,,
1028196,D-TEM,dark,Arabika Temanggung Mukidi,B24,6,collecting,7,14275,2890,2878,7404,8498,2889,8110,12918,12349,13233,,
1029196,D-TEM,dark,Arabika Temanggung Mukidi,B24,6,collecting,8,14709,2890,2878,7404,8585,2888,8110,13233,12630,13355,,
1030196,D-TEM,dark,Arabika Temanggung Mukidi,B24,6,collecting,9,15038,2890,2878,7405,8649,2891,8109,13489,12876,13457,,
1031196,D-TEM,dark,Arabika Temanggung Mukidi,B24,6,collecting,10,15288,2892,2878,7405,8697,2888,8105,13696,13088,13542,,
1032197,D-TEM,dark,Arabika Temanggung Mukidi,B24,6,collecting,11,15481,2892,2876,7405,8734,2891,8101,13860,13268,13613,,
1033196,D-TEM,dark,Arabika Temanggung Mukidi,B24,6,collecting,12,15633,2892,2876,7405,8762,2888,8098,13995,13420,13672,,
1034196,D-TEM,dark,Arabika Temanggung Mukidi,B24,6,collecting,13,15750,2892,2876,7405,8784,2887,8096,14108,13549,13721,,
1035196,D-TEM,dark,Arabika Temanggung Mukidi,B24,6,collecting,14,15843,2890,2876,7405,8800,2893,8093,14201,13659,13762,,
1036196,D-TEM,dark,Arabika Temanggung Mukidi,B24,6,collecting,15,15915,2894,2874,7405,8813,2889,8091,14277,13751,13797,,
1037196,D-TEM,dark,Arabika Temanggung Mukidi,B24,6,collecting,16,15971,2892,2878,7405,8823,2888,8089,14341,13830,13826,,
1038196,D-TEM,dark,Arabika Temanggung Mukidi,B24,6,collecting,17,16012,2894,2879,7405,8830,2889,8087,14394,13895,13850,,
1039196,D-TEM,dark,Arabika Temanggung Mukidi,B24,6,collecting,18,16043,2892,2876,7404,8835,2888,8085,14436,13951,13869,,
1040196,D-TEM,dark,Arabika Temanggung Mukidi,B24,6,collecting,19,16065,2894,2876,7404,8838,2889,8083,14471,13997,13886,,
1041197,D-TEM,dark,Arabika Temanggung Mukidi,B24,6,collecting,20,16080,2894,2876,7404,8840,2891,8082,14500,14036,13900,,
1042196,D-TEM,dark,Arabika Temanggung Mukidi,B24,6,collecting,21,16089,2894,2876,7403,8840,2889,8080,14523,14068,13911,,
1043196,D-TEM,dark,Arabika Temanggung Mukidi,B24,6,collecting,22,16093,2890,2876,7404,8840,2889,8079,14543,14095,13920,,
1044196,D-TEM,dark,Arabika Temanggung Mukidi,B24,6,collecting,23,16093,2892,2876,7404,8839,2889,8077,14559,14117,13927,,
1045196,D-TEM,dark,Arabika Temanggung Mukidi,B24,6,collecting,24,16089,2890,2878,7403,8837,2891,8076,14571,14135,13933,,
1046196,D-TEM,dark,Arabika Temanggung Mukidi,B24,6,collecting,25,16083,2890,2876,7403,8834,2888,8075,14581,14149,13938,,
1047196,D-TEM,dark,Arabika Temanggung Mukidi,B24,6,collecting,26,16077,2894,2876,7403,8832,2889,8074,14589,14161,13942,,
1048197,D-TEM,dark,Arabika Temanggung Mukidi,B24,6,collecting,27,16068,2894,2876,7403,8830,2888,8073,14597,14171,13944,,
1049196,D-TEM,dark,Arabika Temanggung Mukidi,B24,6,collecting,28,16058,2892,2876,7403,8827,2887,8071,14602,14179,13947,,
1050196,D-TEM,dark,Arabika Temanggung Mukidi,B24,6,collecting,29,16046,2894,2878,7403,8823,2889,8070,14605,14184,13948,,
1051196,D-TEM,dark,Arabika Temanggung Mukidi,B24,6,collecting,30,16032,2890,2878,7403,8820,2888,8069,14606,14188,13947,,
1052196,D-TEM,dark,Arabika Temanggung Mukidi,B24,6,collecting,31,16016,2890,2876,7403,8816,2893,8068,14606,14189,13946,,
1053196,D-TEM,dark,Arabika Temanggung Mukidi,B24,6,collecting,32,15998,2894,2878,7403,8811,2889,8066,14603,14189,13943,,
1054196,D-TEM,dark,Arabika Temanggung Mukidi,B24,6,collecting,33,15981,2892,2876,7402,8807,2889,8065,14598,14187,13941,,
1055196,D-TEM,dark,Arabika Temanggung Mukidi,B24,6,collecting,34,15963,2894,2876,7402,8802,2889,8064,14595,14184,13938,,
1056196,D-TEM,dark,Arabika Temanggung Mukidi,B24,6,collecting,35,15945,2894,2876,7403,8798,2889,8064,14590,14181,13935,,
1057197,D-TEM,dark,Arabika Temanggung Mukidi,B24,6,collecting,36,15928,2892,2876,7402,8794,2888,8062,14585,14177,13932,,
1058196,D-TEM,dark,Arabika Temanggung Mukidi,B24,6,collecting,37,15911,2892,2876,7403,8790,2889,8062,14581,14172,13929,,
1059196,D-TEM,dark,Arabika Temanggung Mukidi,B24,6,collecting,38,15894,2892,2876,7403,8786,2888,8061,14578,14168,13926,,
1060196,D-TEM,dark,Arabika Temanggung Mukidi,B24,6,collecting,39,15877,2890,2876,7402,8782,2886,8060,14573,14163,13923,,
1061196,D-TEM,dark,Arabika Temanggung Mukidi,B24,6,collecting,40,15862,2890,2876,7402,8779,2889,8060,14568,14158,13920,,
1062196,D-TEM,dark,Arabika Temanggung Mukidi,B24,6,collecting,41,15847,2890,2879,7402,8776,2889,8059,14564,14152,13917,,
1063196,D-TEM,dark,Arabika Temanggung Mukidi,B24,6,collecting,42,15830,2894,2878,7402,8772,2889,8059,14558,14147,13913,,
1064197,D-TEM,dark,Arabika Temanggung Mukidi,B24,6,collecting,43,15812,2890,2876,7402,8769,2886,8058,14552,14141,13909,,
1065196,D-TEM,dark,Arabika Temanggung Mukidi,B24,6,collecting,44,15792,2894,2876,7402,8765,2889,8058,14544,14134,13903,,
1066196,D-TEM,dark,Arabika Temanggung Mukidi,B24,6,collecting,45,15771,2892,2878,7402,8761,2892,8058,14535,14125,13897,,
1067196,D-TEM,dark,Arabika Temanggung Mukidi,B24,6,collecting,46,15748,2892,2878,7402,8756,2888,8056,14523,14116,13891,,
1068196,D-TEM,dark,Arabika Temanggung Mukidi,B24,6,collecting,47,15725,2894,2876,7402,8751,2891,8056,14512,14106,13884,,
1069196,D-TEM,dark,Arabika Temanggung Mukidi,B24,6,collecting,48,15702,2892,2876,7402,8747,2889,8056,14500,14095,13877,,
1070196,D-TEM,dark,Arabika Temanggung Mukidi,B24,6,collecting,49,15679,2894,2876,7402,8742,2888,8056,14488,14084,13871,,
1071196,D-TEM,dark,Arabika Temanggung Mukidi,B24,6,collecting,50,15656,2892,2876,7402,8738,2887,8056,14476,14074,13865,,
1072196,D-TEM,dark,Arabika Temanggung Mukidi,B24,6,collecting,51,15634,2892,2876,7402,8734,2888,8056,14465,14062,13860,,
1073197,D-TEM,dark,Arabika Temanggung Mukidi,B24,6,collecting,52,15616,2892,2878,7402,8731,2889,8057,14455,14053,13855,,
1074196,D-TEM,dark,Arabika Temanggung Mukidi,B24,6,collecting,53,15598,2892,2876,7402,8729,2893,8058,14447,14044,13851,,
1075196,D-TEM,dark,Arabika Temanggung Mukidi,B24,6,collecting,54,15580,2890,2876,7402,8727,2887,8058,14438,14036,13846,,
1076196,D-TEM,dark,Arabika Temanggung Mukidi,B24,6,collecting,55,15563,2892,2876,7402,8725,2887,8059,14431,14028,13842,,
1077196,D-TEM,dark,Arabika Temanggung Mukidi,B24,6,collecting,56,15547,2890,2876,7402,8723,2886,8060,14423,14020,13838,,
1078196,D-TEM,dark,Arabika Temanggung Mukidi,B24,6,collecting,57,15531,2892,2876,7402,8721,2888,8061,14416,14012,13833,,
1079196,D-TEM,dark,Arabika Temanggung Mukidi,B24,6,collecting,58,15514,2892,2876,7402,8718,2887,8061,14408,14004,13828,,
1080197,D-TEM,dark,Arabika Temanggung Mukidi,B24,6,collecting,59,15498,2892,2878,7402,8716,2889,8062,14400,13997,13823,,
1081196,D-TEM,dark,Arabika Temanggung Mukidi,B24,6,collecting,60,15481,2890,2876,7403,8714,2887,8062,14391,13988,13819,,
1082201,D-TEM,dark,Arabika Temanggung Mukidi,B24,7,purging,1,15464,2892,2876,7402,8712,2889,8062,14382,13981,13814,,
1083196,D-TEM,dark,Arabika Temanggung Mukidi,B24,7,purging,2,15445,2890,2876,7405,8712,2888,8065,14374,13973,13811,,
1084196,D-TEM,dark,Arabika Temanggung Mukidi,B24,7,purging,3,15383,2890,2876,7406,8708,2889,8065,14353,13960,13783,,
1085196,D-TEM,dark,Arabika Temanggung Mukidi,B24,7,purging,4,15272,2890,2876,7407,8691,2888,8064,14297,13924,13742,,
1086196,D-TEM,dark,Arabika Temanggung Mukidi,B24,7,purging,5,15128,2892,2876,7407,8666,2885,8062,14209,13866,13699,,
1087196,D-TEM,dark,Arabika Temanggung Mukidi,B24,7,purging,6,14962,2890,2878,7407,8635,2888,8060,14107,13794,13653,,
1088196,D-TEM,dark,Arabika Temanggung Mukidi,B24,7,purging,7,14782,2892,2878,7406,8604,2886,8061,14000,13716,13607,,
1089197,D-TEM,dark,Arabika Temanggung Mukidi,B24,7,purging,8,14596,2892,2876,7406,8574,2884,8064,13896,13635,13563,,
1090196,D-TEM,dark,Arabika Temanggung Mukidi,B24,7,purging,9,14407,2892,2874,7406,8546,2885,8067,13797,13556,13522,,
1091196,D-TEM,dark,Arabika Temanggung Mukidi,B24,7,purging,10,14218,2892,2876,7406,8522,2889,8071,13703,13478,13483,,
1092196,D-TEM,dark,Arabika Temanggung Mukidi,B24,7,purging,11,14032,2887,2876,7406,8499,2886,8075,13616,13404,13447,,
1093196,D-TEM,dark,Arabika Temanggung Mukidi,B24,7,purging,12,13850,2890,2876,7406,8480,2889,8080,13535,13334,13413,,
1094196,D-TEM,dark,Arabika Temanggung Mukidi,B24,7,purging,13,13675,2890,2876,7406,8463,2885,8084,13459,13267,13382,,
1095196,D-TEM,dark,Arabika Temanggung Mukidi,B24,7,purging,14,13508,2887,2876,7406,8447,2889,8087,13388,13204,13351,,
1096197,D-TEM,dark,Arabika Temanggung Mukidi,B24,7,purging,15,13350,2885,2874,7407,8433,2887,8090,13323,13144,13322,,
1097196,D-TEM,dark,Arabika Temanggung Mukidi,B24,7,purging,16,13200,2885,2876,7407,8420,2886,8092,13261,13087,13296,,
1098196,D-TEM,dark,Arabika Temanggung Mukidi,B24,7,purging,17,13059,2883,2876,7407,8408,2886,8093,13203,13034,13273,,
1099196,D-TEM,dark,Arabika Temanggung Mukidi,B24,7,purging,18,12927,2885,2876,7407,8399,2889,8096,13150,12983,13251,,
1100196,D-TEM,dark,Arabika Temanggung Mukidi,B24,7,purging,19,12804,2885,2874,7407,8390,2888,8099,13099,12935,13232,,
1101196,D-TEM,dark,Arabika Temanggung Mukidi,B24,7,purging,20,12689,2885,2876,7407,8383,2885,8102,13052,12890,13213,,
1102196,D-TEM,dark,Arabika Temanggung Mukidi,B24,7,purging,21,12581,2885,2876,7408,8376,2889,8105,13007,12848,13194,,
1103196,D-TEM,dark,Arabika Temanggung Mukidi,B24,7,purging,22,12481,2883,2878,7408,8371,2886,8108,12965,12807,13177,,
1104196,D-TEM,dark,Arabika Temanggung Mukidi,B24,7,purging,23,12389,2885,2876,7408,8366,2885,8111,12924,12768,13160,,
1105197,D-TEM,dark,Arabika Temanggung Mukidi,B24,7,purging,24,12303,2883,2876,7408,8361,2888,8112,12885,12730,13144,,
1106196,D-TEM,dark,Arabika Temanggung Mukidi,B24,7,purging,25,12224,2883,2876,7408,8357,2886,8114,12848,12695,13129,,
1107196,D-TEM,dark,Arabika Temanggung Mukidi,B24,7,purging,26,12151,2887,2876,7409,8352,2889,8116,12812,12661,13115,,
1108196,D-TEM,dark,Arabika Temanggung Mukidi,B24,7,purging,27,12083,2885,2878,7408,8349,2891,8117,12778,12629,13103,,
1109196,D-TEM,dark,Arabika Temanggung Mukidi,B24,7,purging,28,12020,2887,2878,7409,8345,2883,8120,12746,12598,13089,,
1110196,D-TEM,dark,Arabika Temanggung Mukidi,B24,7,purging,29,11962,2888,2876,7410,8342,2891,8122,12715,12568,13076,,
1111196,D-TEM,dark,Arabika Temanggung Mukidi,B24,7,purging,30,11909,2883,2876,7410,8339,2887,8122,12684,12539,13064,,
1112197,D-TEM,dark,Arabika Temanggung Mukidi,B24,7,purging,31,11859,2885,2876,7410,8335,2886,8123,12656,12511,13053,,
1113196,D-TEM,dark,Arabika Temanggung Mukidi,B24,7,purging,32,11812,2887,2876,7410,8332,2888,8124,12627,12484,13041,,
1114196,D-TEM,dark,Arabika Temanggung Mukidi,B24,7,purging,33,11769,2887,2876,7410,8329,2887,8124,12599,12458,13029,,
1115196,D-TEM,dark,Arabika Temanggung Mukidi,B24,7,purging,34,11729,2885,2878,7411,8326,2888,8124,12573,12432,13018,,
1116196,D-TEM,dark,Arabika Temanggung Mukidi,B24,7,purging,35,11692,2885,2874,7410,8323,2889,8124,12546,12407,13008,,
1117196,D-TEM,dark,Arabika Temanggung Mukidi,B24,7,purging,36,11656,2883,2876,7411,8319,2887,8124,12522,12383,13001,,
1118196,D-TEM,dark,Arabika Temanggung Mukidi,B24,7,purging,37,11621,2887,2878,7411,8317,2885,8127,12499,12360,12993,,
1119196,D-TEM,dark,Arabika Temanggung Mukidi,B24,7,purging,38,11588,2883,2874,7411,8315,2888,8129,12476,12339,12985,,
1120196,D-TEM,dark,Arabika Temanggung Mukidi,B24,7,purging,39,11557,2883,2878,7412,8313,2888,8132,12455,12317,12977,,
1121197,D-TEM,dark,Arabika Temanggung Mukidi,B24,7,purging,40,11528,2883,2874,7412,8312,2886,8133,12433,12297,12969,,
1122196,D-TEM,dark,Arabika Temanggung Mukidi,B24,7,purging,41,11500,2883,2874,7412,8310,2886,8134,12411,12276,12962,,
1123196,D-TEM,dark,Arabika Temanggung Mukidi,B24,7,purging,42,11473,2883,2874,7413,8308,2889,8136,12391,12257,12955,,
1124196,D-TEM,dark,Arabika Temanggung Mukidi,B24,7,purging,43,11448,2885,2876,7413,8306,2889,8137,12372,12238,12949,,
1125196,D-TEM,dark,Arabika Temanggung Mukidi,B24,7,purging,44,11424,2885,2878,7414,8305,2890,8138,12352,12220,12941,,
1126196,D-TEM,dark,Arabika Temanggung Mukidi,B24,7,purging,45,11401,2885,2876,7414,8304,2888,8140,12334,12202,12935,,
1127196,D-TEM,dark,Arabika Temanggung Mukidi,B24,7,purging,46,11380,2883,2874,7414,8302,2889,8141,12315,12185,12929,,
1128197,D-TEM,dark,Arabika Temanggung Mukidi,B24,7,purging,47,11359,2885,2876,7415,8301,2889,8143,12298,12168,12924,,
1129196,D-TEM,dark,Arabika Temanggung Mukidi,B24,7,purging,48,11339,2885,2874,7415,8300,2889,8145,12281,12152,12918,,
1130196,D-TEM,dark,Arabika Temanggung Mukidi,B24,7,purging,49,11321,2885,2876,7416,8299,2885,8147,12264,12137,12913,,
1131196,D-TEM,dark,Arabika Temanggung Mukidi,B24,7,purging,50,11303,2883,2876,7416,8299,2887,8149,12248,12122,12910,,
1132196,D-TEM,dark,Arabika Temanggung Mukidi,B24,7,purging,51,11286,2883,2878,7417,8299,2887,8152,12233,12108,12907,,
1133196,D-TEM,dark,Arabika Temanggung Mukidi,B24,7,purging,52,11268,2885,2876,7416,8299,2886,8155,12218,12095,12902,,
1134196,D-TEM,dark,Arabika Temanggung Mukidi,B24,7,purging,53,11252,2885,2876,7418,8299,2884,8157,12203,12081,12897,,
1135196,D-TEM,dark,Arabika Temanggung Mukidi,B24,7,purging,54,11237,2883,2876,7418,8299,2889,8158,12188,12068,12892,,
1136196,D-TEM,dark,Arabika Temanggung Mukidi,B24,7,purging,55,11222,2885,2878,7418,8298,2887,8159,12173,12054,12887,,
1137197,D-TEM,dark,Arabika Temanggung Mukidi,B24,7,purging,56,11209,2885,2874,7419,8298,2887,8160,12158,12041,12882,,
1138196,D-TEM,dark,Arabika Temanggung Mukidi,B24,7,purging,57,11196,2885,2878,7419,8297,2886,8160,12144,12029,12877,,
1139196,D-TEM,dark,Arabika Temanggung Mukidi,B24,7,purging,58,11183,2883,2878,7420,8296,2889,8160,12130,12017,12873,,
1140196,D-TEM,dark,Arabika Temanggung Mukidi,B24,7,purging,59,11171,2885,2876,7420,8295,2889,8162,12117,12005,12869,,
1141196,D-TEM,dark,Arabika Temanggung Mukidi,B24,7,purging,60,11159,2885,2876,7421,8294,2885,8162,12103,11993,12865,,
1142196,D-TEM,dark,Arabika Temanggung Mukidi,B24,7,purging,61,11147,2885,2874,7421,8293,2889,8163,12091,11982,12862,,
1143196,D-TEM,dark,Arabika Temanggung Mukidi,B24,7,purging,62,11136,2883,2876,7422,8292,2891,8165,12078,11971,12859,,
1144197,D-TEM,dark,Arabika Temanggung Mukidi,B24,7,purging,63,11125,2883,2874,7422,8292,2887,8167,12066,11960,12856,,
1145196,D-TEM,dark,Arabika Temanggung Mukidi,B24,7,purging,64,11115,2885,2878,7423,8291,2887,8168,12054,11949,12853,,
1146196,D-TEM,dark,Arabika Temanggung Mukidi,B24,7,purging,65,11105,2883,2876,7423,8291,2888,8169,12043,11939,12848,,
1147196,D-TEM,dark,Arabika Temanggung Mukidi,B24,7,purging,66,11097,2883,2874,7424,8290,2889,8170,12031,11929,12845,,
1148196,D-TEM,dark,Arabika Temanggung Mukidi,B24,7,purging,67,11089,2885,2876,7424,8290,2887,8170,12019,11919,12841,,
1149196,D-TEM,dark,Arabika Temanggung Mukidi,B24,7,purging,68,11081,2885,2878,7425,8289,2888,8170,12007,11910,12838,,
1150196,D-TEM,dark,Arabika Temanggung Mukidi,B24,7,purging,69,11075,2885,2878,7425,8288,2885,8171,11997,11900,12834,,
1151196,D-TEM,dark,Arabika Temanggung Mukidi,B24,7,purging,70,11069,2883,2878,7426,8287,2889,8171,11986,11891,12830,,
1152196,D-TEM,dark,Arabika Temanggung Mukidi,B24,7,purging,71,11064,2885,2878,7426,8286,2885,8171,11975,11883,12827,,
1153197,D-TEM,dark,Arabika Temanggung Mukidi,B24,7,purging,72,11060,2885,2878,7427,8285,2886,8172,11965,11874,12825,,
1154196,D-TEM,dark,Arabika Temanggung Mukidi,B24,7,purging,73,11056,2885,2874,7427,8284,2886,8172,11954,11866,12822,,
1155196,D-TEM,dark,Arabika Temanggung Mukidi,B24,7,purging,74,11052,2885,2878,7428,8283,2887,8172,11945,11858,12819,,
1156196,D-TEM,dark,Arabika Temanggung Mukidi,B24,7,purging,75,11047,2883,2878,7429,8282,2887,8173,11935,11850,12817,,
1157196,D-TEM,dark,Arabika Temanggung Mukidi,B24,7,purging,76,11043,2885,2878,7429,8282,2889,8174,11926,11843,12815,,
1158196,D-TEM,dark,Arabika Temanggung Mukidi,B24,7,purging,77,11038,2885,2876,7429,8282,2885,8175,11917,11835,12813,,
1159196,D-TEM,dark,Arabika Temanggung Mukidi,B24,7,purging,78,11033,2885,2878,7430,8282,2885,8176,11907,11828,12811,,
1160197,D-TEM,dark,Arabika Temanggung Mukidi,B24,7,purging,79,11028,2885,2876,7431,8282,2886,8177,11898,11821,12809,,
1161196,D-TEM,dark,Arabika Temanggung Mukidi,B24,7,purging,80,11023,2885,2876,7431,8282,2885,8178,11890,11814,12807,,
1162196,D-TEM,dark,Arabika Temanggung Mukidi,B24,7,purging,81,11019,2885,2874,7431,8281,2885,8179,11881,11807,12804,,
1163196,D-TEM,dark,Arabika Temanggung Mukidi,B24,7,purging,82,11015,2885,2878,7432,8281,2891,8179,11872,11800,12800,,
1164196,D-TEM,dark,Arabika Temanggung Mukidi,B24,7,purging,83,11012,2885,2878,7432,8280,2888,8178,11863,11793,12797,,
1165196,D-TEM,dark,Arabika Temanggung Mukidi,B24,7,purging,84,11008,2883,2874,7433,8279,2886,8177,11853,11786,12793,,
1166196,D-TEM,dark,Arabika Temanggung Mukidi,B24,7,purging,85,11005,2885,2876,7433,8277,2887,8176,11845,11780,12790,,
1167196,D-TEM,dark,Arabika Temanggung Mukidi,B24,7,purging,86,11002,2885,2878,7433,8276,2891,8175,11836,11772,12787,,
1168196,D-TEM,dark,Arabika Temanggung Mukidi,B24,7,purging,87,10999,2885,2876,7434,8274,2885,8174,11827,11766,12785,,
1169197,D-TEM,dark,Arabika Temanggung Mukidi,B24,7,purging,88,10996,2883,2878,7435,8272,2889,8173,11818,11759,12783,,
1170196,D-TEM,dark,Arabika Temanggung Mukidi,B24,7,purging,89,10992,2883,2878,7435,8271,2885,8174,11811,11753,12781,,
1171196,D-TEM,dark,Arabika Temanggung Mukidi,B24,7,purging,90,10988,2883,2878,7436,8270,2886,8174,11803,11746,12780,,
1172196,D-TEM,dark,Arabika Temanggung Mukidi,B24,7,purging,91,10983,2885,2878,7436,8269,2887,8174,11796,11740,12778,,
1173196,D-TEM,dark,Arabika Temanggung Mukidi,B24,7,purging,92,10978,2885,2874,7437,8267,2891,8175,11788,11734,12776,,
1174196,D-TEM,dark,Arabika Temanggung Mukidi,B24,7,purging,93,10973,2883,2878,7437,8267,2885,8176,11780,11728,12774,,
1175196,D-TEM,dark,Arabika Temanggung Mukidi,B24,7,purging,94,10968,2883,2878,7437,8265,2887,8177,11773,11721,12773,,
1176197,D-TEM,dark,Arabika Temanggung Mukidi,B24,7,purging,95,10963,2883,2876,7437,8265,2885,8177,11766,11715,12771,,
1177196,D-TEM,dark,Arabika Temanggung Mukidi,B24,7,purging,96,10959,2883,2878,7438,8264,2885,8178,11759,11710,12771,,
1178196,D-TEM,dark,Arabika Temanggung Mukidi,B24,7,purging,97,10954,2883,2878,7438,8264,2885,8179,11752,11704,12771,,
1179196,D-TEM,dark,Arabika Temanggung Mukidi,B24,7,purging,98,10950,2885,2878,7438,8264,2886,8182,11746,11699,12771,,
1180196,D-TEM,dark,Arabika Temanggung Mukidi,B24,7,purging,99,10946,2885,2874,7439,8264,2885,8184,11739,11694,12771,,
1181196,D-TEM,dark,Arabika Temanggung Mukidi,B24,7,purging,100,10941,2883,2874,7439,8266,2887,8187,11733,11689,12771,,
1182196,D-TEM,dark,Arabika Temanggung Mukidi,B24,7,purging,101,10938,2883,2878,7440,8266,2885,8188,11727,11685,12771,,
1183196,D-TEM,dark,Arabika Temanggung Mukidi,B24,7,purging,102,10933,2885,2878,7441,8267,2887,8190,11721,11681,12771,,
1184196,D-TEM,dark,Arabika Temanggung Mukidi,B24,7,purging,103,10929,2883,2878,7441,8268,2885,8193,11715,11677,12771,,
1185197,D-TEM,dark,Arabika Temanggung Mukidi,B24,7,purging,104,10923,2885,2876,7442,8269,2887,8195,11709,11673,12771,,
1186196,D-TEM,dark,Arabika Temanggung Mukidi,B24,7,purging,105,10918,2885,2878,7442,8270,2886,8196,11704,11670,12770,,
1187196,D-TEM,dark,Arabika Temanggung Mukidi,B24,7,purging,106,10914,2885,2878,7443,8270,2887,8198,11698,11666,12770,,
1188196,D-TEM,dark,Arabika Temanggung Mukidi,B24,7,purging,107,10909,2883,2878,7443,8270,2887,8199,11692,11661,12769,,
1189196,D-TEM,dark,Arabika Temanggung Mukidi,B24,7,purging,108,10904,2885,2878,7444,8271,2886,8200,11686,11658,12768,,
1190196,D-TEM,dark,Arabika Temanggung Mukidi,B24,7,purging,109,10900,2885,2876,7445,8271,2887,8200,11680,11654,12767,,
1191196,D-TEM,dark,Arabika Temanggung Mukidi,B24,7,purging,110,10896,2883,2876,7445,8272,2887,8201,11674,11650,12766,,
1192197,D-TEM,dark,Arabika Temanggung Mukidi,B24,7,purging,111,10893,2883,2876,7446,8272,2885,8202,11668,11646,12766,,
1193196,D-TEM,dark,Arabika Temanggung Mukidi,B24,7,purging,112,10890,2883,2876,7446,8272,2882,8203,11662,11642,12765,,
1194196,D-TEM,dark,Arabika Temanggung Mukidi,B24,7,purging,113,10887,2883,2876,7447,8272,2885,8203,11657,11639,12763,,
1195196,D-TEM,dark,Arabika Temanggung Mukidi,B24,7,purging,114,10885,2883,2878,7448,8272,2885,8203,11651,11635,12763,,
1196196,D-TEM,dark,Arabika Temanggung Mukidi,B24,7,purging,115,10882,2885,2878,7448,8272,2885,8204,11646,11632,12763,,
1197196,D-TEM,dark,Arabika Temanggung Mukidi,B24,7,purging,116,10880,2885,2878,7449,8272,2885,8205,11641,11628,12762,,
1198196,D-TEM,dark,Arabika Temanggung Mukidi,B24,7,purging,117,10878,2883,2878,7449,8271,2889,8206,11636,11625,12762,,
1199196,D-TEM,dark,Arabika Temanggung Mukidi,B24,7,purging,118,10876,2885,2876,7450,8272,2887,8207,11631,11621,12762,,
1200196,D-TEM,dark,Arabika Temanggung Mukidi,B24,7,purging,119,10875,2885,2876,7450,8272,2885,8208,11626,11618,12763,,
1201197,D-TEM,dark,Arabika Temanggung Mukidi,B24,7,purging,120,10875,2885,2876,7451,8272,2885,8210,11622,11616,12764,,
1202200,D-TEM,dark,Arabika Temanggung Mukidi,B24,7,collecting,1,10874,2885,2878,7451,8273,2886,8212,11617,11613,12764,,
1203196,D-TEM,dark,Arabika Temanggung Mukidi,B24,7,collecting,2,10882,2883,2876,7450,8272,2885,8213,11611,11609,12764,,
1204196,D-TEM,dark,Arabika Temanggung Mukidi,B24,7,collecting,3,11219,2885,2878,7449,8287,2885,8223,11642,11630,12821,,
1205196,D-TEM,dark,Arabika Temanggung Mukidi,B24,7,collecting,4,11982,2887,2876,7449,8352,2885,8243,11820,11749,12933,,
1206196,D-TEM,dark,Arabika Temanggung Mukidi,B24,7,collecting,5,12809,2885,2876,7450,8457,2886,8256,12144,11969,13069,,
1207196,D-TEM,dark,Arabika Temanggung Mukidi,B24,7,collecting,6,13526,2889,2878,7451,8569,2885,8258,12517,12240,13210,,
1208197,D-TEM,dark,Arabika Temanggung Mukidi,B24,7,collecting,7,14094,2887,2878,7452,8666,2884,8253,12868,12520,13336,,
1209196,D-TEM,dark,Arabika Temanggung Mukidi,B24,7,collecting,8,14529,2887,2878,7452,8740,2885,8245,13170,12780,13448,,
1210196,D-TEM,dark,Arabika Temanggung Mukidi,B24,7,collecting,9,14860,2890,2876,7452,8795,2885,8236,13418,13010,13544,,
1211196,D-TEM,dark,Arabika Temanggung Mukidi,B24,7,collecting,10,15115,2890,2876,7453,8836,2885,8229,13617,13207,13625,,
1212196,D-TEM,dark,Arabika Temanggung Mukidi,B24,7,collecting,11,15311,2890,2876,7453,8866,2885,8223,13779,13375,13692,,
1213196,D-TEM,dark,Arabika Temanggung Mukidi,B24,7,collecting,12,15464,2892,2876,7453,8889,2883,8218,13911,13518,13748,,
1214196,D-TEM,dark,Arabika Temanggung Mukidi,B24,7,collecting,13,15584,2890,2878,7454,8907,2885,8215,14020,13639,13795,,
1215196,D-TEM,dark,Arabika Temanggung Mukidi,B24,7,collecting,14,15680,2890,2876,7454,8922,2887,8214,14110,13742,13838,,
1216196,D-TEM,dark,Arabika Temanggung Mukidi,B24,7,collecting,15,15756,2887,2876,7454,8935,2885,8213,14189,13830,13873,,
1217197,D-TEM,dark,Arabika Temanggung Mukidi,B24,7,collecting,16,15815,2892,2876,7454,8944,2885,8212,14254,13907,13903,,
1218196,D-TEM,dark,Arabika Temanggung Mukidi,B24,7,collecting,17,15858,2892,2876,7454,8952,2884,8212,14308,13971,13927,,
1219196,D-TEM,dark,Arabika Temanggung Mukidi,B24,7,collecting,18,15889,2892,2878,7454,8958,2885,8212,14352,14024,13948,,
1220196,D-TEM,dark,Arabika Temanggung Mukidi,B24,7,collecting,19,15911,2892,2874,7454,8962,2885,8212,14386,14069,13966,,
1221196,D-TEM,dark,Arabika Temanggung Mukidi,B24,7,collecting,20,15926,2892,2876,7454,8965,2885,8213,14416,14107,13982,,
1222196,D-TEM,dark,Arabika Temanggung Mukidi,B24,7,collecting,21,15938,2894,2878,7455,8968,2885,8214,14442,14140,13997,,
1223196,D-TEM,dark,Arabika Temanggung Mukidi,B24,7,collecting,22,15944,2892,2876,7454,8970,2885,8215,14465,14169,14008,,
1224197,D-TEM,dark,Arabika Temanggung Mukidi,B24,7,collecting,23,15946,2894,2878,7455,8972,2888,8217,14484,14193,14019,,
1225196,D-TEM,dark,Arabika Temanggung Mukidi,B24,7,collecting,24,15945,2892,2876,7455,8974,2885,8217,14499,14214,14027,,
1226196,D-TEM,dark,Arabika Temanggung Mukidi,B24,7,collecting,25,15940,2894,2878,7455,8974,2885,8220,14512,14231,14034,,
1227196,D-TEM,dark,Arabika Temanggung Mukidi,B24,7,collecting,26,15929,2894,2876,7455,8974,2889,8220,14520,14244,14039,,
1228196,D-TEM,dark,Arabika Temanggung Mukidi,B24,7,collecting,27,15917,2894,2878,7455,8973,2883,8222,14525,14254,14043,,
1229196,D-TEM,dark,Arabika Temanggung Mukidi,B24,7,collecting,28,15902,2892,2878,7456,8972,2885,8223,14526,14261,14045,,
1230196,D-TEM,dark,Arabika Temanggung Mukidi,B24,7,collecting,29,15886,2892,2876,7456,8970,2885,8225,14527,14266,14047,,
1231196,D-TEM,dark,Arabika Temanggung Mukidi,B24,7,collecting,30,15868,2894,2876,7457,8968,2885,8226,14526,14269,14048,,
1232196,D-TEM,dark,Arabika Temanggung Mukidi,B24,7,collecting,31,15848,2892,2876,7457,8966,2887,8228,14524,14270,14048,,
1233197,D-TEM,dark,Arabika Temanggung Mukidi,B24,7,collecting,32,15829,2889,2876,7457,8965,2885,8230,14522,14271,14048,,
1234196,D-TEM,dark,Arabika Temanggung Mukidi,B24,7,collecting,33,15811,2894,2876,7458,8963,2889,8231,14519,14271,14047,,
1235196,D-TEM,dark,Arabika Temanggung Mukidi,B24,7,collecting,34,15793,2889,2876,7458,8961,2883,8233,14516,14269,14047,,
1236196,D-TEM,dark,Arabika Temanggung Mukidi,B24,7,collecting,35,15776,2890,2876,7458,8960,2882,8235,14514,14268,14046,,
1237196,D-TEM,dark,Arabika Temanggung Mukidi,B24,7,collecting,36,15758,2889,2878,7459,8959,2882,8235,14510,14267,14045,,
1238196,D-TEM,dark,Arabika Temanggung Mukidi,B24,7,collecting,37,15739,2889,2874,7459,8957,2885,8236,14506,14264,14044,,
1239196,D-TEM,dark,Arabika Temanggung Mukidi,B24,7,collecting,38,15720,2890,2876,7459,8955,2883,8237,14501,14261,14041,,
1240197,D-TEM,dark,Arabika Temanggung Mukidi,B24,7,collecting,39,15700,2889,2876,7460,8952,2882,8238,14495,14256,14039,,
1241196,D-TEM,dark,Arabika Temanggung Mukidi,B24,7,collecting,40,15679,2890,2878,7460,8950,2882,8238,14488,14251,14036,,
1242196,D-TEM,dark,Arabika Temanggung Mukidi,B24,7,collecting,41,15659,2892,2876,7461,8947,2884,8240,14481,14245,14033,,
1243196,D-TEM,dark,Arabika Temanggung Mukidi,B24,7,collecting,42,15639,2890,2876,7461,8944,2885,8240,14474,14239,14029,,
1244196,D-TEM,dark,Arabika Temanggung Mukidi,B24,7,collecting,43,15619,2890,2876,7461,8942,2885,8241,14466,14233,14026,,
1245196,D-TEM,dark,Arabika Temanggung Mukidi,B24,7,collecting,44,15601,2890,2880,7462,8940,2882,8242,14460,14227,14023,,
1246196,D-TEM,dark,Arabika Temanggung Mukidi,B24,7,collecting,45,15584,2889,2876,7463,8938,2888,8242,14454,14221,14020,,
1247196,D-TEM,dark,Arabika Temanggung Mukidi,B24,7,collecting,46,15567,2892,2876,7463,8937,2882,8243,14447,14216,14016,,
1248196,D-TEM,dark,Arabika Temanggung Mukidi,B24,7,collecting,47,15549,2887,2876,7464,8935,2882,8244,14440,14210,14013,,
1249197,D-TEM,dark,Arabika Temanggung Mukidi,B24,7,collecting,48,15533,2889,2876,7464,8933,2885,8245,14434,14204,14010,,
1250196,D-TEM,dark,Arabika Temanggung Mukidi,B24,7,collecting,49,15516,2892,2876,7464,8931,2882,8245,14427,14198,14007,,
1251196,D-TEM,dark,Arabika Temanggung Mukidi,B24,7,collecting,50,15500,2889,2876,7465,8930,2885,8246,14421,14192,14004,,
1252196,D-TEM,dark,Arabika Temanggung Mukidi,B24,7,collecting,51,15485,2887,2876,7465,8928,2882,8247,14415,14187,14000,,
1253196,D-TEM,dark,Arabika Temanggung Mukidi,B24,7,collecting,52,15470,2890,2878,7465,8928,2887,8248,14409,14181,13998,,
1254196,D-TEM,dark,Arabika Temanggung Mukidi,B24,7,collecting,53,15454,2887,2876,7466,8926,2885,8248,14402,14175,13995,,
1255196,D-TEM,dark,Arabika Temanggung Mukidi,B24,7,collecting,54,15438,2892,2876,7466,8925,2887,8249,14395,14169,13991,,
1256197,D-TEM,dark,Arabika Temanggung Mukidi,B24,7,collecting,55,15422,2892,2876,7467,8924,2885,8250,14387,14162,13987,,
1257196,D-TEM,dark,Arabika Temanggung Mukidi,B24,7,collecting,56,15404,2890,2876,7467,8923,2887,8251,14379,14156,13984,,
1258196,D-TEM,dark,Arabika Temanggung Mukidi,B24,7,collecting,57,15387,2887,2876,7467,8921,2885,8252,14371,14149,13980,,
1259196,D-TEM,dark,Arabika Temanggung Mukidi,B24,7,collecting,58,15371,2892,2878,7468,8920,2887,8253,14362,14142,13976,,
1260196,D-TEM,dark,Arabika Temanggung Mukidi,B24,7,collecting,59,15356,2887,2878,7469,8919,2885,8253,14354,14136,13973,,
1261196,D-TEM,dark,Arabika Temanggung Mukidi,B24,7,collecting,60,15343,2890,2878,7469,8918,2887,8255,14347,14129,13970,,
1262200,D-TEM,dark,Arabika Temanggung Mukidi,B24,8,purging,1,15330,2889,2878,7469,8917,2887,8255,14341,14124,13966,,
1263196,D-TEM,dark,Arabika Temanggung Mukidi,B24,8,purging,2,15316,2887,2876,7472,8919,2888,8257,14335,14119,13967,,
1264196,D-TEM,dark,Arabika Temanggung Mukidi,B24,8,purging,3,15260,2892,2878,7474,8917,2887,8260,14318,14111,13950,,
1265197,D-TEM,dark,Arabika Temanggung Mukidi,B24,8,purging,4,15156,2887,2876,7475,8906,2889,8263,14266,14081,13922,,
1266196,D-TEM,dark,Arabika Temanggung Mukidi,B24,8,purging,5,15019,2892,2876,7476,8888,2882,8268,14186,14032,13886,,
1267196,D-TEM,dark,Arabika Temanggung Mukidi,B24,8,purging,6,14862,2892,2876,7476,8865,2887,8273,14091,13970,13846,,
1268196,D-TEM,dark,Arabika Temanggung Mukidi,B24,8,purging,7,14692,2892,2876,7476,8840,2887,8278,13993,13901,13804,,
1269196,D-TEM,dark,Arabika Temanggung Mukidi,B24,8,purging,8,14516,2890,2878,7477,8817,2887,8282,13895,13829,13764,,
1270196,D-TEM,dark,Arabika Temanggung Mukidi,B24,8,purging,9,14340,2887,2878,7477,8794,2882,8286,13801,13758,13724,,
1271196,D-TEM,dark,Arabika Temanggung Mukidi,B24,8,purging,10,14165,2892,2876,7477,8773,2887,8288,13711,13688,13686,,
1272197,D-TEM,dark,Arabika Temanggung Mukidi,B24,8,purging,11,13994,2889,2878,7478,8752,2885,8290,13627,13619,13651,,
1273196,D-TEM,dark,Arabika Temanggung Mukidi,B24,8,purging,12,13828,2889,2876,7479,8734,2887,8291,13548,13554,13618,,
1274196,D-TEM,dark,Arabika Temanggung Mukidi,B24,8,purging,13,13670,2889,2876,7479,8718,2887,8292,13475,13492,13586,,
1275196,D-TEM,dark,Arabika Temanggung Mukidi,B24,8,purging,14,13520,2887,2878,7480,8702,2887,8293,13407,13434,13556,,
1276196,D-TEM,dark,Arabika Temanggung Mukidi,B24,8,purging,15,13378,2889,2876,7480,8688,2882,8293,13344,13378,13530,,
1277196,D-TEM,dark,Arabika Temanggung Mukidi,B24,8,purging,16,13244,2885,2876,7481,8676,2885,8294,13284,13326,13504,,
1278196,D-TEM,dark,Arabika Temanggung Mukidi,B24,8,purging,17,13119,2887,2876,7482,8664,2885,8294,13229,13276,13479,,
1279196,D-TEM,dark,Arabika Temanggung Mukidi,B24,8,purging,18,13002,2885,2876,7482,8653,2882,8293,13176,13228,13455,,
1280196,D-TEM,dark,Arabika Temanggung Mukidi,B24,8,purging,19,12894,2887,2878,7482,8643,2882,8292,13127,13182,13433,,
1281197,D-TEM,dark,Arabika Temanggung Mukidi,B24,8,purging,20,12794,2885,2876,7484,8633,2882,8291,13080,13139,13412,,
1282196,D-TEM,dark,Arabika Temanggung Mukidi,B24,8,purging,21,12702,2887,2876,7484,8623,2882,8289,13035,13097,13391,,
1283196,D-TEM,dark,Arabika Temanggung Mukidi,B24,8,purging,22,12618,2887,2878,7484,8615,2885,8287,12992,13058,13371,,
1284196,D-TEM,dark,Arabika Temanggung Mukidi,B24,8,purging,23,12540,2887,2876,7485,8606,2885,8285,12952,13020,13353,,
1285196,D-TEM,dark,Arabika Temanggung Mukidi,B24,8,purging,24,12469,2885,2878,7485,8598,2887,8282,12913,12983,13334,,
1286196,D-TEM,dark,Arabika Temanggung Mukidi,B24,8,purging,25,12403,2887,2876,7486,8590,2887,8279,12876,12949,13316,,
1287196,D-TEM,dark,Arabika Temanggung Mukidi,B24,8,purging,26,12343,2885,2878,7486,8582,2887,8276,12840,12915,13300,,
1288197,D-TEM,dark,Arabika Temanggung Mukidi,B24,8,purging,27,12288,2885,2876,7487,8574,2885,8273,12806,12882,13283,,
1289196,D-TEM,dark,Arabika Temanggung Mukidi,B24,8,purging,28,12237,2887,2876,7487,8567,2882,8270,12773,12850,13267,,
1290196,D-TEM,dark,Arabika Temanggung Mukidi,B24,8,purging,29,12191,2887,2876,7487,8560,2887,8266,12741,12820,13252,,
1291196,D-TEM,dark,Arabika Temanggung Mukidi,B24,8,purging,30,12148,2887,2876,7488,8553,2887,8263,12711,12791,13238,,
1292196,D-TEM,dark,Arabika Temanggung Mukidi,B24,8,purging,31,12109,2887,2878,7488,8546,2885,8260,12682,12763,13224,,
1293196,D-TEM,dark,Arabika Temanggung Mukidi,B24,8,purging,32,12073,2887,2878,7488,8539,2884,8257,12654,12736,13212,,
1294196,D-TEM,dark,Arabika Temanggung Mukidi,B24,8,purging,33,12038,2885,2878,7489,8534,2887,8256,12628,12710,13199,,
1295196,D-TEM,dark,Arabika Temanggung Mukidi,B24,8,purging,34,12007,2885,2876,7489,8528,2887,8254,12601,12685,13188,,
1296196,D-TEM,dark,Arabika Temanggung Mukidi,B24,8,purging,35,11976,2887,2878,7489,8522,2887,8252,12577,12661,13178,,
1297197,D-TEM,dark,Arabika Temanggung Mukidi,B24,8,purging,36,11947,2889,2876,7490,8518,2885,8251,12552,12637,13169,,
1298196,D-TEM,dark,Arabika Temanggung Mukidi,B24,8,purging,37,11920,2887,2878,7490,8513,2885,8251,12530,12615,13160,,
1299196,D-TEM,dark,Arabika Temanggung Mukidi,B24,8,purging,38,11894,2887,2876,7491,8510,2884,8251,12508,12594,13150,,
1300196,D-TEM,dark,Arabika Temanggung Mukidi,B24,8,purging,39,11870,2887,2876,7491,8506,2887,8250,12486,12573,13141,,
1301196,D-TEM,dark,Arabika Temanggung Mukidi,B24,8,purging,40,11849,2885,2876,7492,8502,2885,8249,12465,12554,13132,,
1302196,D-TEM,dark,Arabika Temanggung Mukidi,B24,8,purging,41,11829,2887,2878,7492,8499,2885,8248,12445,12534,13122,,
1303196,D-TEM,dark,Arabika Temanggung Mukidi,B24,8,purging,42,11812,2887,2876,7492,8494,2884,8246,12425,12516,13113,,
1304197,D-TEM,dark,Arabika Temanggung Mukidi,B24,8,purging,43,11796,2889,2878,7493,8490,2887,8244,12405,12497,13103,,
1305196,D-TEM,dark,Arabika Temanggung Mukidi,B24,8,purging,44,11782,2887,2878,7493,8486,2884,8241,12385,12479,13095,,
1306196,D-TEM,dark,Arabika Temanggung Mukidi,B24,8,purging,45,11770,2885,2878,7493,8482,2887,8239,12366,12462,13087,,
1307196,D-TEM,dark,Arabika Temanggung Mukidi,B24,8,purging,46,11757,2887,2876,7494,8478,2885,8236,12348,12445,13079,,
1308196,D-TEM,dark,Arabika Temanggung Mukidi,B24,8,purging,47,11747,2887,2876,7494,8475,2887,8235,12330,12429,13071,,
1309196,D-TEM,dark,Arabika Temanggung Mukidi,B24,8,purging,48,11737,2887,2878,7494,8472,2887,8232,12313,12414,13064,,
1310196,D-TEM,dark,Arabika Temanggung Mukidi,B24,8,purging,49,11728,2887,2876,7495,8468,2887,8230,12297,12398,13056,,
1311196,D-TEM,dark,Arabika Temanggung Mukidi,B24,8,purging,50,11721,2885,2878,7495,8464,2884,8227,12280,12384,13048,,
1312196,D-TEM,dark,Arabika Temanggung Mukidi,B24,8,purging,51,11715,2887,2876,7495,8460,2887,8225,12263,12369,13042,,
1313197,D-TEM,dark,Arabika Temanggung Mukidi,B24,8,purging,52,11708,2885,2878,7496,8456,2885,8223,12248,12356,13036,,
1314196,D-TEM,dark,Arabika Temanggung Mukidi,B24,8,purging,53,11702,2887,2878,7496,8453,2884,8221,12233,12343,13032,,
1315196,D-TEM,dark,Arabika Temanggung Mukidi,B24,8,purging,54,11694,2887,2876,7496,8451,2887,8222,12220,12330,13028,,
1316196,D-TEM,dark,Arabika Temanggung Mukidi,B24,8,purging,55,11685,2887,2876,7497,8448,2884,8222,12206,12317,13024,,
1317196,D-TEM,dark,Arabika Temanggung Mukidi,B24,8,purging,56,11675,2887,2878,7497,8446,2885,8223,12193,12306,13020,,
1318196,D-TEM,dark,Arabika Temanggung Mukidi,B24,8,purging,57,11665,2887,2878,7497,8444,2885,8225,12180,12294,13017,,
1319196,D-TEM,dark,Arabika Temanggung Mukidi,B24,8,purging,58,11653,2885,2878,7498,8443,2884,8226,12167,12283,13014,,
1320197,D-TEM,dark,Arabika Temanggung Mukidi,B24,8,purging,59,11641,2887,2876,7498,8441,2884,8228,12156,12271,13011,,
1321196,D-TEM,dark,Arabika Temanggung Mukidi,B24,8,purging,60,11629,2887,2878,7499,8440,2884,8230,12144,12260,13006,,
1322196,D-TEM,dark,Arabika Temanggung Mukidi,B24,8,purging,61,11618,2887,2876,7499,8438,2884,8231,12132,12249,13002,,
1323196,D-TEM,dark,Arabika Temanggung Mukidi,B24,8,purging,62,11608,2887,2878,7499,8437,2887,8231,12119,12238,12999,,
1324196,D-TEM,dark,Arabika Temanggung Mukidi,B24,8,purging,63,11598,2887,2878,7500,8436,2885,8231,12108,12228,12994,,
1325196,D-TEM,dark,Arabika Temanggung Mukidi,B24,8,purging,64,11589,2883,2878,7500,8434,2884,8231,12096,12217,12990,,
1326196,D-TEM,dark,Arabika Temanggung Mukidi,B24,8,purging,65,11581,2887,2878,7500,8431,2887,8231,12084,12207,12985,,
1327196,D-TEM,dark,Arabika Temanggung Mukidi,B24,8,purging,66,11573,2885,2878,7501,8429,2885,8230,12073,12197,12981,,
1328196,D-TEM,dark,Arabika Temanggung Mukidi,B24,8,purging,67,11566,2885,2876,7501,8427,2885,8230,12061,12188,12978,,
1329197,D-TEM,dark,Arabika Temanggung Mukidi,B24,8,purging,68,11559,2885,2878,7502,8426,2884,8229,12051,12178,12974,,
1330196,D-TEM,dark,Arabika Temanggung Mukidi,B24,8,purging,69,11552,2880,2878,7502,8424,2887,8229,12040,12169,12970,,
1331196,D-TEM,dark,Arabika Temanggung Mukidi,B24,8,purging,70,11547,2880,2876,7502,8422,2884,8228,12029,12160,12967,,
1332196,D-TEM,dark,Arabika Temanggung Mukidi,B24,8,purging,71,11543,2885,2878,7503,8419,2884,8227,12019,12152,12963,,
1333196,D-TEM,dark,Arabika Temanggung Mukidi,B24,8,purging,72,11539,2885,2876,7503,8418,2887,8226,12009,12144,12959,,
1334196,D-TEM,dark,Arabika Temanggung Mukidi,B24,8,purging,73,11536,2882,2878,7504,8416,2885,8225,11998,12136,12956,,
1335196,D-TEM,dark,Arabika Temanggung Mukidi,B24,8,purging,74,11535,2885,2878,7504,8414,2884,8224,11989,12129,12951,,
1336197,D-TEM,dark,Arabika Temanggung Mukidi,B24,8,purging,75,11535,2880,2876,7505,8411,2885,8222,11979,12121,12946,,
1337196,D-TEM,dark,Arabika Temanggung Mukidi,B24,8,purging,76,11537,2887,2878,7505,8409,2885,8219,11969,12113,12941,,
1338196,D-TEM,dark,Arabika Temanggung Mukidi,B24,8,purging,77,11542,2885,2878,7505,8407,2885,8216,11959,12107,12936,,
1339196,D-TEM,dark,Arabika Temanggung Mukidi,B24,8,purging,78,11549,2880,2878,7505,8404,2884,8213,11949,12100,12932,,
1340196,D-TEM,dark,Arabika Temanggung Mukidi,B24,8,purging,79,11555,2885,2878,7506,8402,2882,8209,11939,12094,12927,,
1341196,D-TEM,dark,Arabika Temanggung Mukidi,B24,8,purging,80,11562,2885,2878,7506,8400,2885,8207,11930,12088,12924,,
1342196,D-TEM,dark,Arabika Temanggung Mukidi,B24,8,purging,81,11569,2885,2878,7506,8397,2884,8204,11922,12083,12921,,
1343196,D-TEM,dark,Arabika Temanggung Mukidi,B24,8,purging,82,11578,2885,2878,7507,8395,2885,8202,11913,12077,12918,,
1344196,D-TEM,dark,Arabika Temanggung Mukidi,B24,8,purging,83,11585,2880,2878,7507,8392,2884,8200,11905,12072,12915,,
1345197,D-TEM,dark,Arabika Temanggung Mukidi,B24,8,purging,84,11591,2887,2878,7507,8391,2884,8198,11897,12067,12913,,
1346196,D-TEM,dark,Arabika Temanggung Mukidi,B24,8,purging,85,11597,2887,2878,7508,8389,2885,8196,11890,12062,12911,,
1347196,D-TEM,dark,Arabika Temanggung Mukidi,B24,8,purging,86,11603,2887,2878,7508,8387,2885,8195,11882,12058,12909,,
1348196,D-TEM,dark,Arabika Temanggung Mukidi,B24,8,purging,87,11608,2880,2876,7508,8385,2884,8194,11875,12053,12906,,
1349196,D-TEM,dark,Arabika Temanggung Mukidi,B24,8,purging,88,11614,2885,2878,7508,8384,2882,8193,11867,12048,12903,,
1350196,D-TEM,dark,Arabika Temanggung Mukidi,B24,8,purging,89,11620,2887,2878,7508,8382,2884,8191,11859,12044,12900,,
1351196,D-TEM,dark,Arabika Temanggung Mukidi,B24,8,purging,90,11625,2887,2878,7509,8380,2882,8189,11852,12040,12898,,
1352197,D-TEM,dark,Arabika Temanggung Mukidi,B24,8,purging,91,11631,2887,2878,7509,8378,2884,8188,11845,12036,12896,,
1353196,D-TEM,dark,Arabika Temanggung Mukidi,B24,8,purging,92,11636,2887,2878,7509,8376,2885,8187,11838,12032,12894,,
1354196,D-TEM,dark,Arabika Temanggung Mukidi,B24,8,purging,93,11639,2887,2878,7509,8375,2884,8186,11831,12028,12894,,
1355196,D-TEM,dark,Arabika Temanggung Mukidi,B24,8,purging,94,11641,2885,2876,7509,8374,2884,8186,11825,12024,12893,,
1356196,D-TEM,dark,Arabika Temanggung Mukidi,B24,8,purging,95,11643,2887,2878,7510,8372,2885,8186,11819,12021,12890,,
1357196,D-TEM,dark,Arabika Temanggung Mukidi,B24,8,purging,96,11644,2885,2876,7510,8371,2882,8186,11813,12016,12888,,
1358196,D-TEM,dark,Arabika Temanggung Mukidi,B24,8,purging,97,11646,2887,2878,7511,8369,2884,8185,11806,12012,12885,,
1359196,D-TEM,dark,Arabika Temanggung Mukidi,B24,8,purging,98,11650,2887,2878,7511,8367,2884,8183,11799,12008,12883,,
1360196,D-TEM,dark,Arabika Temanggung Mukidi,B24,8,purging,99,11653,2887,2876,7511,8365,2884,8181,11793,12004,12881,,
1361197,D-TEM,dark,Arabika Temanggung Mukidi,B24,8,purging,100,11657,2885,2878,7511,8363,2882,8180,11786,12001,12879,,
1362196,D-TEM,dark,Arabika Temanggung Mukidi,B24,8,purging,101,11661,2887,2880,7512,8362,2884,8178,11780,11997,12877,,
1363196,D-TEM,dark,Arabika Temanggung Mukidi,B24,8,purging,102,11665,2887,2876,7512,8360,2884,8177,11773,11994,12875,,
1364196,D-TEM,dark,Arabika Temanggung Mukidi,B24,8,purging,103,11669,2887,2878,7512,8358,2885,8176,11767,11990,12873,,
1365196,D-TEM,dark,Arabika Temanggung Mukidi,B24,8,purging,104,11673,2887,2876,7512,8356,2887,8174,11761,11987,12872,,
1366196,D-TEM,dark,Arabika Temanggung Mukidi,B24,8,purging,105,11678,2887,2878,7512,8355,2884,8174,11756,11984,12871,,
1367196,D-TEM,dark,Arabika Temanggung Mukidi,B24,8,purging,106,11680,2887,2878,7513,8353,2882,8173,11751,11981,12870,,
1368197,D-TEM,dark,Arabika Temanggung Mukidi,B24,8,purging,107,11682,2887,2878,7513,8352,2884,8173,11745,11978,12870,,
1369196,D-TEM,dark,Arabika Temanggung Mukidi,B24,8,purging,108,11682,2887,2878,7513,8350,2884,8173,11740,11975,12870,,
1370196,D-TEM,dark,Arabika Temanggung Mukidi,B24,8,purging,109,11683,2885,2878,7513,8349,2884,8174,11735,11972,12869,,
1371196,D-TEM,dark,Arabika Temanggung Mukidi,B24,8,purging,110,11682,2887,2876,7513,8348,2884,8174,11730,11969,12870,,
1372196,D-TEM,dark,Arabika Temanggung Mukidi,B24,8,purging,111,11681,2887,2876,7514,8347,2882,8176,11725,11966,12873,,
1373196,D-TEM,dark,Arabika Temanggung Mukidi,B24,8,purging,112,11678,2887,2878,7514,8347,2884,8179,11721,11964,12872,,
1374196,D-TEM,dark,Arabika Temanggung Mukidi,B24,8,purging,113,11675,2887,2878,7515,8348,2884,8180,11717,11962,12870,,
1375196,D-TEM,dark,Arabika Temanggung Mukidi,B24,8,purging,114,11674,2885,2878,7515,8347,2882,8180,11711,11959,12868,,
1376196,D-TEM,dark,Arabika Temanggung Mukidi,B24,8,purging,115,11674,2887,2878,7515,8347,2884,8179,11706,11956,12866,,
1377197,D-TEM,dark,Arabika Temanggung Mukidi,B24,8,purging,116,11675,2885,2876,7515,8345,2882,8179,11701,11953,12865,,
1378196,D-TEM,dark,Arabika Temanggung Mukidi,B24,8,purging,117,11675,2887,2878,7515,8344,2882,8178,11696,11950,12865,,
1379196,D-TEM,dark,Arabika Temanggung Mukidi,B24,8,purging,118,11675,2885,2878,7516,8342,2884,8177,11691,11948,12865,,
1380196,D-TEM,dark,Arabika Temanggung Mukidi,B24,8,purging,119,11674,2887,2878,7516,8341,2885,8178,11687,11945,12865,,
1381196,D-TEM,dark,Arabika Temanggung Mukidi,B24,8,purging,120,11670,2887,2876,7516,8341,2884,8179,11683,11942,12865,,
1382200,D-TEM,dark,Arabika Temanggung Mukidi,B24,8,collecting,1,11667,2887,2878,7516,8341,2884,8179,11678,11939,12864,,
1383196,D-TEM,dark,Arabika Temanggung Mukidi,B24,8,collecting,2,11673,2887,2875,7514,8338,2884,8179,11672,11936,12869,,
1384197,D-TEM,dark,Arabika Temanggung Mukidi,B24,8,collecting,3,11958,2887,2876,7514,8354,2884,8192,11704,11957,12937,,
1385196,D-TEM,dark,Arabika Temanggung Mukidi,B24,8,collecting,4,12605,2887,2876,7514,8416,2884,8222,11899,12078,13055,,
1386196,D-TEM,dark,Arabika Temanggung Mukidi,B24,8,collecting,5,13311,2887,2878,7514,8519,2884,8246,12232,12291,13199,,
1387196,D-TEM,dark,Arabika Temanggung Mukidi,B24,8,collecting,6,13924,2887,2878,7514,8631,2887,8260,12608,12550,13340,,
1388196,D-TEM,dark,Arabika Temanggung Mukidi,B24,8,collecting,7,14414,2892,2876,7515,8727,2884,8264,12958,12814,13466,,
1389196,D-TEM,dark,Arabika Temanggung Mukidi,B24,8,collecting,8,14794,2892,2876,7516,8800,2884,8263,13257,13058,13578,,
1390196,D-TEM,dark,Arabika Temanggung Mukidi,B24,8,collecting,9,15089,2889,2876,7516,8856,2882,8259,13504,13274,13674,,
1391196,D-TEM,dark,Arabika Temanggung Mukidi,B24,8,collecting,10,15318,2892,2878,7516,8899,2882,8256,13704,13461,13753,,
1392196,D-TEM,dark,Arabika Temanggung Mukidi,B24,8,collecting,11,15498,2889,2878,7517,8931,2882,8252,13868,13621,13818,,
1393197,D-TEM,dark,Arabika Temanggung Mukidi,B24,8,collecting,12,15640,2889,2878,7517,8956,2884,8248,14002,13756,13875,,
1394196,D-TEM,dark,Arabika Temanggung Mukidi,B24,8,collecting,13,15752,2892,2878,7517,8976,2882,8245,14112,13871,13921,,
1395196,D-TEM,dark,Arabika Temanggung Mukidi,B24,8,collecting,14,15838,2894,2878,7517,8991,2884,8242,14203,13968,13959,,
1396196,D-TEM,dark,Arabika Temanggung Mukidi,B24,8,collecting,15,15907,2891,2878,7517,9002,2882,8240,14278,14049,13992,,
1397196,D-TEM,dark,Arabika Temanggung Mukidi,B24,8,collecting,16,15960,2889,2876,7517,9011,2884,8237,14339,14118,14018,,
1398196,D-TEM,dark,Arabika Temanggung Mukidi,B24,8,collecting,17,16000,2889,2878,7517,9018,2884,8235,14390,14175,14040,,
1399196,D-TEM,dark,Arabika Temanggung Mukidi,B24,8,collecting,18,16029,2889,2876,7517,9023,2884,8233,14431,14222,14058,,
1400197,D-TEM,dark,Arabika Temanggung Mukidi,B24,8,collecting,19,16050,2891,2876,7517,9026,2882,8231,14464,14262,14073,,
1401196,D-TEM,dark,Arabika Temanggung Mukidi,B24,8,collecting,20,16065,2891,2876,7517,9028,2884,8230,14492,14294,14087,,
1402196,D-TEM,dark,Arabika Temanggung Mukidi,B24,8,collecting,21,16076,2891,2878,7517,9030,2884,8228,14516,14323,14099,,
1403196,D-TEM,dark,Arabika Temanggung Mukidi,B24,8,collecting,22,16082,2889,2876,7517,9030,2884,8227,14536,14346,14107,,
1404196,D-TEM,dark,Arabika Temanggung Mukidi,B24,8,collecting,23,16083,2889,2876,7517,9030,2882,8225,14553,14365,14114,,
1405196,D-TEM,dark,Arabika Temanggung Mukidi,B24,8,collecting,24,16080,2891,2876,7517,9029,2882,8223,14564,14380,14118,,
1406196,D-TEM,dark,Arabika Temanggung Mukidi,B24,8,collecting,25,16073,2889,2876,7517,9027,2885,8222,14572,14391,14122,,
1407196,D-TEM,dark,Arabika Temanggung Mukidi,B24,8,collecting,26,16063,2893,2876,7517,9024,2884,8221,14575,14399,14124,,
1408196,D-TEM,dark,Arabika Temanggung Mukidi,B24,8,collecting,27,16052,2894,2876,7517,9022,2884,8219,14577,14403,14124,,
1409197,D-TEM,dark,Arabika Temanggung Mukidi,B24,8,collecting,28,16038,2893,2878,7517,9018,2882,8218,14577,14406,14124,,
1410196,D-TEM,dark,Arabika Temanggung Mukidi,B24,8,collecting,29,16023,2891,2876,7517,9015,2884,8217,14576,14407,14122,,
1411196,D-TEM,dark,Arabika Temanggung Mukidi,B24,8,collecting,30,16006,2891,2878,7517,9011,2882,8216,14573,14407,14119,,
1412196,D-TEM,dark,Arabika Temanggung Mukidi,B24,8,collecting,31,15987,2891,2878,7517,9007,2882,8214,14568,14404,14116,,
1413196,D-TEM,dark,Arabika Temanggung Mukidi,B24,8,collecting,32,15967,2893,2876,7517,9002,2882,8213,14562,14400,14113,,
1414196,D-TEM,dark,Arabika Temanggung Mukidi,B24,8,collecting,33,15948,2891,2876,7517,8997,2884,8212,14555,14395,14109,,
1415196,D-TEM,dark,Arabika Temanggung Mukidi,B24,8,collecting,34,15930,2891,2878,7517,8993,2884,8211,14548,14390,14105,,
1416197,D-TEM,dark,Arabika Temanggung Mukidi,B24,8,collecting,35,15911,2889,2876,7517,8989,2884,8210,14542,14384,14102,,
1417196,D-TEM,dark,Arabika Temanggung Mukidi,B24,8,collecting,36,15892,2891,2875,7517,8985,2882,8209,14535,14378,14098,,
1418196,D-TEM,dark,Arabika Temanggung Mukidi,B24,8,collecting,37,15874,2893,2876,7517,8981,2884,8207,14527,14372,14093,,
1419196,D-TEM,dark,Arabika Temanggung Mukidi,B24,8,collecting,38,15855,2891,2878,7518,8978,2882,8207,14519,14364,14088,,
1420196,D-TEM,dark,Arabika Temanggung Mukidi,B24,8,collecting,39,15835,2891,2878,7518,8973,2882,8206,14511,14356,14083,,
1421196,D-TEM,dark,Arabika Temanggung Mukidi,B24,8,collecting,40,15816,2891,2873,7518,8970,2882,8204,14501,14348,14078,,
1422196,D-TEM,dark,Arabika Temanggung Mukidi,B24,8,collecting,41,15796,2889,2876,7518,8966,2884,8203,14491,14340,14072,,
1423196,D-TEM,dark,Arabika Temanggung Mukidi,B24,8,collecting,42,15777,2891,2876,7518,8962,2884,8202,14481,14331,14067,,
1424196,D-TEM,dark,Arabika Temanggung Mukidi,B24,8,collecting,43,15758,2889,2875,7518,8959,2882,8202,14472,14323,14061,,
1425197,D-TEM,dark,Arabika Temanggung Mukidi,B24,8,collecting,44,15740,2892,2876,7519,8955,2884,8201,14462,14314,14056,,
1426196,D-TEM,dark,Arabika Temanggung Mukidi,B24,8,collecting,45,15723,2892,2878,7518,8951,2882,8200,14454,14307,14051,,
1427196,D-TEM,dark,Arabika Temanggung Mukidi,B24,8,collecting,46,15707,2889,2876,7519,8948,2882,8199,14445,14298,14046,,
1428196,D-TEM,dark,Arabika Temanggung Mukidi,B24,8,collecting,47,15691,2889,2875,7519,8945,2882,8198,14437,14290,14041,,
1429196,D-TEM,dark,Arabika Temanggung Mukidi,B24,8,collecting,48,15677,2889,2876,7519,8942,2882,8197,14428,14282,14036,,
1430196,D-TEM,dark,Arabika Temanggung Mukidi,B24,8,collecting,49,15662,2889,2876,7519,8940,2885,8197,14421,14275,14031,,
1431196,D-TEM,dark,Arabika Temanggung Mukidi,B24,8,collecting,50,15648,2889,2876,7519,8937,2880,8196,14413,14268,14026,,
1432197,D-TEM,dark,Arabika Temanggung Mukidi,B24,8,collecting,51,15633,2889,2875,7519,8933,2882,8195,14405,14260,14022,,
1433196,D-TEM,dark,Arabika Temanggung Mukidi,B24,8,collecting,52,15619,2889,2878,7519,8930,2882,8195,14396,14252,14017,,
1434196,D-TEM,dark,Arabika Temanggung Mukidi,B24,8,collecting,53,15603,2889,2878,7520,8928,2882,8194,14387,14244,14011,,
1435196,D-TEM,dark,Arabika Temanggung Mukidi,B24,8,collecting,54,15587,2892,2878,7520,8925,2882,8193,14378,14236,14006,,
1436196,D-TEM,dark,Arabika Temanggung Mukidi,B24,8,collecting,55,15572,2891,2878,7520,8921,2882,8193,14369,14227,14001,,
1437196,D-TEM,dark,Arabika Temanggung Mukidi,B24,8,collecting,56,15558,2889,2878,7520,8918,2884,8192,14360,14219,13996,,
1438196,D-TEM,dark,Arabika Temanggung Mukidi,B24,8,collecting,57,15544,2889,2878,7520,8915,2882,8191,14352,14211,13991,,
1439196,D-TEM,dark,Arabika Temanggung Mukidi,B24,8,collecting,58,15530,2889,2876,7520,8912,2882,8191,14342,14202,13986,,
1440196,D-TEM,dark,Arabika Temanggung Mukidi,B24,8,collecting,59,15516,2889,2876,7520,8909,2882,8191,14334,14194,13981,,
1441197,D-TEM,dark,Arabika Temanggung Mukidi,B24,8,collecting,60,15504,2892,2878,7520,8907,2882,8190,14326,14187,13976,,
1442200,D-TEM,dark,Arabika Temanggung Mukidi,B24,9,purging,1,15491,2891,2878,7521,8904,2882,8190,14319,14179,13972,,
1443196,D-TEM,dark,Arabika Temanggung Mukidi,B24,9,purging,2,15477,2889,2878,7523,8905,2884,8191,14312,14172,13972,,
1444196,D-TEM,dark,Arabika Temanggung Mukidi,B24,9,purging,3,15428,2892,2878,7524,8901,2882,8193,14294,14162,13947,,
1445196,D-TEM,dark,Arabika Temanggung Mukidi,B24,9,purging,4,15336,2891,2876,7525,8889,2882,8191,14244,14130,13913,,
1446196,D-TEM,dark,Arabika Temanggung Mukidi,B24,9,purging,5,15216,2889,2878,7525,8867,2884,8189,14165,14081,13873,,
1447196,D-TEM,dark,Arabika Temanggung Mukidi,B24,9,purging,6,15079,2891,2878,7525,8840,2882,8187,14072,14019,13830,,
1448197,D-TEM,dark,Arabika Temanggung Mukidi,B24,9,purging,7,14934,2889,2876,7524,8812,2882,8185,13975,13950,13787,,
1449196,D-TEM,dark,Arabika Temanggung Mukidi,B24,9,purging,8,14783,2889,2878,7524,8784,2882,8182,13880,13879,13744,,
1450196,D-TEM,dark,Arabika Temanggung Mukidi,B24,9,purging,9,14632,2892,2876,7524,8757,2884,8181,13788,13808,13703,,
1451196,D-TEM,dark,Arabika Temanggung Mukidi,B24,9,purging,10,14484,2889,2876,7525,8732,2882,8179,13700,13738,13664,,
1452196,D-TEM,dark,Arabika Temanggung Mukidi,B24,9,purging,11,14340,2892,2878,7524,8709,2882,8177,13618,13672,13627,,
1453196,D-TEM,dark,Arabika Temanggung Mukidi,B24,9,purging,12,14201,2889,2878,7524,8689,2882,8176,13543,13609,13593,,
1454196,D-TEM,dark,Arabika Temanggung Mukidi,B24,9,purging,13,14069,2887,2878,7524,8670,2882,8175,13472,13549,13561,,
1455196,D-TEM,dark,Arabika Temanggung Mukidi,B24,9,purging,14,13945,2885,2875,7524,8653,2882,8173,13407,13493,13531,,
1456196,D-TEM,dark,Arabika Temanggung Mukidi,B24,9,purging,15,13829,2887,2876,7524,8636,2884,8171,13345,13439,13501,,
1457197,D-TEM,dark,Arabika Temanggung Mukidi,B24,9,purging,16,13720,2889,2875,7524,8622,2880,8168,13287,13388,13475,,
1458196,D-TEM,dark,Arabika Temanggung Mukidi,B24,9,purging,17,13620,2885,2875,7524,8608,2882,8165,13234,13340,13450,,
1459196,D-TEM,dark,Arabika Temanggung Mukidi,B24,9,purging,18,13527,2885,2875,7524,8595,2878,8163,13183,13294,13427,,
1460196,D-TEM,dark,Arabika Temanggung Mukidi,B24,9,purging,19,13440,2887,2876,7524,8583,2882,8161,13136,13251,13406,,
1461196,D-TEM,dark,Arabika Temanggung Mukidi,B24,9,purging,20,13359,2885,2875,7524,8572,2878,8160,13091,13211,13386,,
1462196,D-TEM,dark,Arabika Temanggung Mukidi,B24,9,purging,21,13284,2885,2878,7524,8563,2882,8159,13049,13172,13367,,
1463196,D-TEM,dark,Arabika Temanggung Mukidi,B24,9,purging,22,13215,2885,2876,7524,8554,2882,8158,13010,13135,13348,,
1464197,D-TEM,dark,Arabika Temanggung Mukidi,B24,9,purging,23,13151,2887,2876,7524,8545,2880,8157,12971,13100,13331,,
1465196,D-TEM,dark,Arabika Temanggung Mukidi,B24,9,purging,24,13091,2887,2878,7523,8538,2882,8156,12935,13066,13315,,
1466196,D-TEM,dark,Arabika Temanggung Mukidi,B24,9,purging,25,13036,2885,2876,7524,8530,2884,8156,12901,13034,13300,,
1467196,D-TEM,dark,Arabika Temanggung Mukidi,B24,9,purging,26,12985,2887,2875,7524,8524,2882,8155,12868,13004,13286,,
1468196,D-TEM,dark,Arabika Temanggung Mukidi,B24,9,purging,27,12937,2885,2876,7524,8518,2882,8155,12837,12974,13272,,
1469196,D-TEM,dark,Arabika Temanggung Mukidi,B24,9,purging,28,12894,2885,2875,7524,8512,2882,8154,12807,12947,13258,,
1470196,D-TEM,dark,Arabika Temanggung Mukidi,B24,9,purging,29,12854,2885,2878,7523,8506,2884,8154,12777,12920,13246,,
1471196,D-TEM,dark,Arabika Temanggung Mukidi,B24,9,purging,30,12817,2885,2876,7524,8501,2882,8153,12749,12894,13234,,
1472196,D-TEM,dark,Arabika Temanggung Mukidi,B24,9,purging,31,12783,2887,2876,7523,8496,2882,8153,12723,12870,13222,,
1473197,D-TEM,dark,Arabika Temanggung Mukidi,B24,9,purging,32,12752,2885,2875,7523,8492,2882,8152,12697,12846,13211,,
1474196,D-TEM,dark,Arabika Temanggung Mukidi,B24,9,purging,33,12723,2887,2876,7523,8487,2882,8152,12673,12824,13201,,
1475196,D-TEM,dark,Arabika Temanggung Mukidi,B24,9,purging,34,12697,2885,2878,7523,8483,2882,8152,12649,12802,13190,,
1476196,D-TEM,dark,Arabika Temanggung Mukidi,B24,9,purging,35,12671,2885,2875,7523,8479,2882,8151,12625,12781,13180,,
1477196,D-TEM,dark,Arabika Temanggung Mukidi,B24,9,purging,36,12648,2882,2875,7523,8475,2882,8150,12602,12761,13170,,
1478196,D-TEM,dark,Arabika Temanggung Mukidi,B24,9,purging,37,12626,2885,2873,7522,8471,2882,8150,12580,12741,13161,,
1479196,D-TEM,dark,Arabika Temanggung Mukidi,B24,9,purging,38,12605,2887,2875,7523,8468,2880,8150,12559,12723,13152,,
1480197,D-TEM,dark,Arabika Temanggung Mukidi,B24,9,purging,39,12586,2885,2876,7523,8464,2880,8149,12538,12705,13144,,
1481196,D-TEM,dark,Arabika Temanggung Mukidi,B24,9,purging,40,12568,2882,2876,7523,8461,2882,8148,12518,12687,13135,,
1482196,D-TEM,dark,Arabika Temanggung Mukidi,B24,9,purging,41,12550,2885,2875,7522,8457,2882,8148,12498,12670,13127,,
1483196,D-TEM,dark,Arabika Temanggung Mukidi,B24,9,purging,42,12533,2885,2875,7522,8453,2882,8147,12480,12653,13119,,
1484196,D-TEM,dark,Arabika Temanggung Mukidi,B24,9,purging,43,12517,2885,2875,7522,8449,2882,8147,12461,12637,13111,,
1485196,D-TEM,dark,Arabika Temanggung Mukidi,B24,9,purging,44,12500,2885,2876,7522,8446,2882,8146,12444,12620,13102,,
1486196,D-TEM,dark,Arabika Temanggung Mukidi,B24,9,purging,45,12484,2885,2876,7522,8442,2882,8145,12425,12604,13095,,
1487196,D-TEM,dark,Arabika Temanggung Mukidi,B24,9,purging,46,12468,2887,2875,7522,8437,2882,8144,12408,12588,13088,,
1488196,D-TEM,dark,Arabika Temanggung Mukidi,B24,9,purging,47,12454,2885,2875,7522,8433,2882,8143,12391,12573,13080,,
1489197,D-TEM,dark,Arabika Temanggung Mukidi,B24,9,purging,48,12440,2885,2875,7522,8429,2882,8142,12374,12557,13073,,
1490196,D-TEM,dark,Arabika Temanggung Mukidi,B24,9,purging,49,12426,2885,2875,7522,8425,2882,8141,12357,12542,13066,,
1491196,D-TEM,dark,Arabika Temanggung Mukidi,B24,9,purging,50,12413,2887,2878,7522,8421,2882,8141,12341,12528,13060,,
1492196,D-TEM,dark,Arabika Temanggung Mukidi,B24,9,purging,51,12400,2885,2876,7522,8417,2880,8140,12326,12514,13054,,
1493196,D-TEM,dark,Arabika Temanggung Mukidi,B24,9,purging,52,12388,2885,2875,7522,8414,2882,8140,12312,12500,13048,,
1494196,D-TEM,dark,Arabika Temanggung Mukidi,B24,9,purging,53,12375,2885,2875,7522,8411,2882,8139,12296,12487,13042,,
1495196,D-TEM,dark,Arabika Temanggung Mukidi,B24,9,purging,54,12363,2885,2876,7522,8407,2882,8139,12282,12474,13036,,
1496197,D-TEM,dark,Arabika Temanggung Mukidi,B24,9,purging,55,12352,2887,2875,7522,8404,2880,8138,12268,12461,13030,,
1497196,D-TEM,dark,Arabika Temanggung Mukidi,B24,9,purging,56,12341,2885,2875,7522,8401,2880,8138,12255,12449,13025,,
1498196,D-TEM,dark,Arabika Temanggung Mukidi,B24,9,purging,57,12332,2885,2876,7522,8398,2882,8138,12241,12437,13020,,
1499196,D-TEM,dark,Arabika Temanggung Mukidi,B24,9,purging,58,12322,2885,2876,7522,8395,2882,8137,12228,12425,13015,,
1500196,D-TEM,dark,Arabika Temanggung Mukidi,B24,9,purging,59,12313,2885,2875,7522,8392,2882,8137,12215,12414,13010,,
1501196,D-TEM,dark,Arabika Temanggung Mukidi,B24,9,purging,60,12303,2885,2875,7522,8389,2882,8136,12202,12402,13005,,
1502196,D-TEM,dark,Arabika Temanggung Mukidi,B24,9,purging,61,12294,2885,2876,7522,8386,2882,8136,12190,12392,12999,,
1503196,D-TEM,dark,Arabika Temanggung Mukidi,B24,9,purging,62,12285,2885,2876,7522,8383,2884,8135,12178,12382,12995,,
1504196,D-TEM,dark,Arabika Temanggung Mukidi,B24,9,purging,63,12277,2885,2875,7522,8381,2882,8135,12167,12370,12991,,
1505197,D-TEM,dark,Arabika Temanggung Mukidi,B24,9,purging,64,12268,2885,2875,7522,8378,2882,8136,12156,12361,12987,,
1506196,D-TEM,dark,Arabika Temanggung Mukidi,B24,9,purging,65,12260,2885,2875,7522,8375,2882,8135,12144,12351,12982,,
1507196,D-TEM,dark,Arabika Temanggung Mukidi,B24,9,purging,66,12253,2885,2876,7522,8372,2882,8135,12132,12341,12977,,
1508196,D-TEM,dark,Arabika Temanggung Mukidi,B24,9,purging,67,12246,2885,2875,7522,8369,2882,8134,12121,12330,12972,,
1509196,D-TEM,dark,Arabika Temanggung Mukidi,B24,9,purging,68,12239,2885,2875,7522,8366,2882,8133,12110,12321,12968,,
1510196,D-TEM,dark,Arabika Temanggung Mukidi,B24,9,purging,69,12233,2885,2875,7522,8363,2882,8133,12099,12312,12963,,
1511196,D-TEM,dark,Arabika Temanggung Mukidi,B24,9,purging,70,12227,2885,2875,7522,8360,2882,8132,12089,12302,12960,,
1512197,D-TEM,dark,Arabika Temanggung Mukidi,B24,9,purging,71,12220,2882,2876,7522,8357,2878,8131,12078,12293,12956,,
1513196,D-TEM,dark,Arabika Temanggung Mukidi,B24,9,purging,72,12215,2885,2876,7522,8354,2882,8131,12068,12284,12951,,
1514196,D-TEM,dark,Arabika Temanggung Mukidi,B24,9,purging,73,12210,2885,2875,7522,8352,2884,8130,12058,12275,12948,,
1515196,D-TEM,dark,Arabika Temanggung Mukidi,B24,9,purging,74,12205,2885,2876,7522,8350,2884,8130,12048,12266,12944,,
1516196,D-TEM,dark,Arabika Temanggung Mukidi,B24,9,purging,75,12200,2885,2875,7522,8347,2882,8129,12038,12258,12940,,
1517196,D-TEM,dark,Arabika Temanggung Mukidi,B24,9,purging,76,12195,2885,2873,7522,8344,2882,8128,12029,12250,12936,,
1518196,D-TEM,dark,Arabika Temanggung Mukidi,B24,9,purging,77,12191,2885,2875,7522,8341,2882,8128,12019,12242,12933,,
1519196,D-TEM,dark,Arabika Temanggung Mukidi,B24,9,purging,78,12186,2885,2875,7522,8339,2880,8127,12011,12235,12930,,
1520196,D-TEM,dark,Arabika Temanggung Mukidi,B24,9,purging,79,12182,2885,2875,7522,8336,2880,8127,12002,12227,12927,,
1521197,D-TEM,dark,Arabika Temanggung Mukidi,B24,9,purging,80,12177,2882,2875,7522,8334,2880,8127,11993,12220,12924,,
1522196,D-TEM,dark,Arabika Temanggung Mukidi,B24,9,purging,81,12172,2885,2875,7522,8331,2880,8127,11985,12213,12922,,
1523196,D-TEM,dark,Arabika Temanggung Mukidi,B24,9,purging,82,12168,2885,2875,7522,8330,2880,8127,11976,12205,12919,,
1524196,D-TEM,dark,Arabika Temanggung Mukidi,B24,9,purging,83,12163,2885,2876,7522,8327,2882,8128,11968,12198,12916,,
1525196,D-TEM,dark,Arabika Temanggung Mukidi,B24,9,purging,84,12159,2885,2875,7522,8326,2882,8128,11960,12192,12914,,
1526196,D-TEM,dark,Arabika Temanggung Mukidi,B24,9,purging,85,12154,2885,2875,7522,8324,2882,8128,11952,12185,12911,,
1527196,D-TEM,dark,Arabika Temanggung Mukidi,B24,9,purging,86,12150,2885,2878,7522,8323,2882,8128,11945,12179,12909,,
1528197,D-TEM,dark,Arabika Temanggung Mukidi,B24,9,purging,87,12146,2885,2875,7522,8321,2882,8128,11937,12173,12907,,
1529196,D-TEM,dark,Arabika Temanggung Mukidi,B24,9,purging,88,12143,2885,2875,7522,8320,2882,8128,11930,12167,12905,,
1530196,D-TEM,dark,Arabika Temanggung Mukidi,B24,9,purging,89,12139,2885,2875,7522,8318,2880,8128,11922,12161,12903,,
1531196,D-TEM,dark,Arabika Temanggung Mukidi,B24,9,purging,90,12137,2885,2878,7522,8317,2882,8129,11915,12156,12902,,
1532196,D-TEM,dark,Arabika Temanggung Mukidi,B24,9,purging,91,12134,2885,2873,7522,8316,2882,8129,11908,12151,12900,,
1533196,D-TEM,dark,Arabika Temanggung Mukidi,B24,9,purging,92,12132,2885,2876,7522,8315,2882,8130,11902,12146,12898,,
1534196,D-TEM,dark,Arabika Temanggung Mukidi,B24,9,purging,93,12130,2885,2873,7522,8315,2878,8129,11895,12141,12896,,
1535196,D-TEM,dark,Arabika Temanggung Mukidi,B24,9,purging,94,12129,2887,2875,7522,8314,2882,8129,11889,12136,12894,,
1536196,D-TEM,dark,Arabika Temanggung Mukidi,B24,9,purging,95,12129,2885,2875,7522,8313,2882,8129,11881,12131,12891,,
1537197,D-TEM,dark,Arabika Temanggung Mukidi,B24,9,purging,96,12129,2885,2873,7522,8312,2878,8128,11875,12127,12889,,
1538196,D-TEM,dark,Arabika Temanggung Mukidi,B24,9,purging,97,12129,2885,2875,7522,8311,2882,8127,11868,12123,12886,,
1539196,D-TEM,dark,Arabika Temanggung Mukidi,B24,9,purging,98,12129,2885,2875,7522,8309,2882,8126,11862,12119,12884,,
1540196,D-TEM,dark,Arabika Temanggung Mukidi,B24,9,purging,99,12129,2885,2875,7522,8308,2880,8125,11855,12114,12882,,
1541196,D-TEM,dark,Arabika Temanggung Mukidi,B24,9,purging,100,12128,2887,2878,7522,8307,2882,8125,11850,12110,12881,,
1542196,D-TEM,dark,Arabika Temanggung Mukidi,B24,9,purging,101,12128,2887,2875,7522,8305,2882,8125,11843,12105,12879,,
1543196,D-TEM,dark,Arabika Temanggung Mukidi,B24,9,purging,102,12127,2885,2875,7522,8303,2878,8124,11837,12101,12876,,
1544197,D-TEM,dark,Arabika Temanggung Mukidi,B24,9,purging,103,12127,2882,2875,7522,8301,2880,8123,11830,12097,12873,,
1545196,D-TEM,dark,Arabika Temanggung Mukidi,B24,9,purging,104,12127,2882,2875,7522,8300,2880,8123,11825,12092,12871,,
1546196,D-TEM,dark,Arabika Temanggung Mukidi,B24,9,purging,105,12126,2885,2875,7522,8298,2880,8122,11818,12088,12868,,
1547196,D-TEM,dark,Arabika Temanggung Mukidi,B24,9,purging,106,12126,2885,2873,7522,8296,2880,8121,11812,12084,12866,,
1548196,D-TEM,dark,Arabika Temanggung Mukidi,B24,9,purging,107,12125,2885,2876,7522,8294,2880,8120,11806,12079,12864,,
1549196,D-TEM,dark,Arabika Temanggung Mukidi,B24,9,purging,108,12125,2882,2875,7522,8292,2882,8119,11801,12075,12863,,
1550196,D-TEM,dark,Arabika Temanggung Mukidi,B24,9,purging,109,12125,2885,2873,7522,8290,2880,8119,11796,12071,12861,,
1551196,D-TEM,dark,Arabika Temanggung Mukidi,B24,9,purging,110,12124,2887,2875,7522,8288,2878,8119,11790,12067,12860,,
1552196,D-TEM,dark,Arabika Temanggung Mukidi,B24,9,purging,111,12123,2882,2876,7522,8287,2882,8119,11785,12064,12859,,
1553197,D-TEM,dark,Arabika Temanggung Mukidi,B24,9,purging,112,12122,2885,2875,7522,8285,2880,8118,11780,12060,12856,,
1554196,D-TEM,dark,Arabika Temanggung Mukidi,B24,9,purging,113,12121,2885,2875,7522,8284,2880,8118,11774,12056,12855,,
1555196,D-TEM,dark,Arabika Temanggung Mukidi,B24,9,purging,114,12122,2882,2875,7522,8282,2882,8118,11769,12052,12853,,
1556196,D-TEM,dark,Arabika Temanggung Mukidi,B24,9,purging,115,12122,2885,2878,7522,8281,2880,8117,11764,12049,12851,,
1557196,D-TEM,dark,Arabika Temanggung Mukidi,B24,9,purging,116,12123,2885,2875,7522,8279,2880,8116,11759,12045,12849,,
1558196,D-TEM,dark,Arabika Temanggung Mukidi,B24,9,purging,117,12125,2885,2875,7522,8278,2882,8115,11754,12042,12847,,
1559196,D-TEM,dark,Arabika Temanggung Mukidi,B24,9,purging,118,12126,2882,2878,7522,8276,2880,8114,11749,12038,12845,,
1560197,D-TEM,dark,Arabika Temanggung Mukidi,B24,9,purging,119,12129,2885,2875,7522,8274,2880,8114,11744,12035,12843,,
1561196,D-TEM,dark,Arabika Temanggung Mukidi,B24,9,purging,120,12132,2885,2873,7522,8272,2882,8112,11739,12032,12841,,
1562201,D-TEM,dark,Arabika Temanggung Mukidi,B24,9,collecting,1,12135,2887,2873,7522,8270,2880,8111,11734,12028,12839,,
1563196,D-TEM,dark,Arabika Temanggung Mukidi,B24,9,collecting,2,12145,2882,2875,7520,8266,2882,8109,11728,12025,12844,,
1564196,D-TEM,dark,Arabika Temanggung Mukidi,B24,9,collecting,3,12395,2885,2873,7518,8283,2880,8123,11758,12045,12910,,
1565196,D-TEM,dark,Arabika Temanggung Mukidi,B24,9,collecting,4,12958,2885,2875,7518,8348,2880,8153,11945,12158,13028,,
1566196,D-TEM,dark,Arabika Temanggung Mukidi,B24,9,collecting,5,13580,2887,2873,7518,8449,2884,8179,12260,12359,13164,,
1567196,D-TEM,dark,Arabika Temanggung Mukidi,B24,9,collecting,6,14127,2887,2875,7519,8556,2882,8195,12615,12603,13301,,
1568196,D-TEM,dark,Arabika Temanggung Mukidi,B24,9,collecting,7,14572,2891,2878,7519,8649,2882,8201,12953,12852,13429,,
1569197,D-TEM,dark,Arabika Temanggung Mukidi,B24,9,collecting,8,14923,2891,2878,7519,8725,2882,8202,13243,13085,13539,,
1570196,D-TEM,dark,Arabika Temanggung Mukidi,B24,9,collecting,9,15195,2891,2875,7519,8782,2884,8201,13482,13293,13632,,
1571196,D-TEM,dark,Arabika Temanggung Mukidi,B24,9,collecting,10,15407,2891,2878,7519,8825,2884,8198,13677,13470,13708,,
1572196,D-TEM,dark,Arabika Temanggung Mukidi,B24,9,collecting,11,15571,2891,2873,7520,8857,2882,8194,13832,13621,13771,,
1573196,D-TEM,dark,Arabika Temanggung Mukidi,B24,9,collecting,12,15700,2891,2873,7520,8882,2884,8191,13959,13747,13825,,
1574196,D-TEM,dark,Arabika Temanggung Mukidi,B24,9,collecting,13,15802,2889,2878,7519,8901,2882,8189,14062,13854,13869,,
1575196,D-TEM,dark,Arabika Temanggung Mukidi,B24,9,collecting,14,15883,2893,2873,7520,8916,2882,8186,14149,13945,13907,,
1576197,D-TEM,dark,Arabika Temanggung Mukidi,B24,9,collecting,15,15947,2891,2878,7519,8928,2882,8184,14222,14022,13938,,
1577196,D-TEM,dark,Arabika Temanggung Mukidi,B24,9,collecting,16,15995,2891,2875,7519,8937,2882,8182,14281,14086,13963,,
1578196,D-TEM,dark,Arabika Temanggung Mukidi,B24,9,collecting,17,16031,2891,2875,7519,8943,2878,8180,14329,14139,13983,,
1579196,D-TEM,dark,Arabika Temanggung Mukidi,B24,9,collecting,18,16056,2891,2873,7519,8947,2884,8178,14367,14183,14001,,
1580196,D-TEM,dark,Arabika Temanggung Mukidi,B24,9,collecting,19,16075,2893,2878,7519,8950,2884,8176,14399,14218,14015,,
1581196,D-TEM,dark,Arabika Temanggung Mukidi,B24,9,collecting,20,16087,2893,2875,7518,8951,2882,8175,14424,14248,14026,,
1582196,D-TEM,dark,Arabika Temanggung Mukidi,B24,9,collecting,21,16095,2891,2875,7518,8951,2884,8173,14445,14273,14035,,
1583196,D-TEM,dark,Arabika Temanggung Mukidi,B24,9,collecting,22,16097,2891,2875,7518,8951,2880,8172,14461,14293,14042,,
1584196,D-TEM,dark,Arabika Temanggung Mukidi,B24,9,collecting,23,16093,2893,2873,7518,8950,2882,8171,14474,14308,14047,,
1585197,D-TEM,dark,Arabika Temanggung Mukidi,B24,9,collecting,24,16087,2891,2875,7518,8947,2882,8170,14482,14319,14049,,
1586196,D-TEM,dark,Arabika Temanggung Mukidi,B24,9,collecting,25,16077,2891,2873,7518,8944,2880,8168,14486,14326,14051,,
1587196,D-TEM,dark,Arabika Temanggung Mukidi,B24,9,collecting,26,16064,2891,2878,7518,8940,2882,8167,14488,14330,14050,,
1588196,D-TEM,dark,Arabika Temanggung Mukidi,B24,9,collecting,27,16050,2891,2873,7518,8936,2882,8166,14487,14332,14049,,
1589196,D-TEM,dark,Arabika Temanggung Mukidi,B24,9,collecting,28,16034,2891,2875,7518,8932,2880,8164,14486,14333,14048,,
1590196,D-TEM,dark,Arabika Temanggung Mukidi,B24,9,collecting,29,16018,2891,2875,7518,8926,2882,8163,14482,14331,14046,,
1591196,D-TEM,dark,Arabika Temanggung Mukidi,B24,9,collecting,30,16000,2893,2873,7518,8922,2882,8162,14479,14329,14043,,
1592197,D-TEM,dark,Arabika Temanggung Mukidi,B24,9,collecting,31,15983,2893,2875,7517,8918,2882,8161,14474,14325,14040,,
1593196,D-TEM,dark,Arabika Temanggung Mukidi,B24,9,collecting,32,15965,2893,2873,7517,8913,2880,8160,14469,14320,14036,,
1594196,D-TEM,dark,Arabika Temanggung Mukidi,B24,9,collecting,33,15947,2891,2878,7517,8909,2880,8159,14462,14315,14032,,
1595196,D-TEM,dark,Arabika Temanggung Mukidi,B24,9,collecting,34,15928,2891,2875,7517,8905,2882,8157,14455,14309,14029,,
1596196,D-TEM,dark,Arabika Temanggung Mukidi,B24,9,collecting,35,15909,2891,2875,7517,8900,2880,8157,14447,14302,14024,,
1597196,D-TEM,dark,Arabika Temanggung Mukidi,B24,9,collecting,36,15890,2891,2878,7517,8896,2880,8156,14440,14294,14019,,
1598196,D-TEM,dark,Arabika Temanggung Mukidi,B24,9,collecting,37,15871,2889,2875,7517,8891,2882,8155,14433,14287,14014,,
1599196,D-TEM,dark,Arabika Temanggung Mukidi,B24,9,collecting,38,15853,2893,2873,7517,8887,2880,8154,14424,14279,14008,,
1600196,D-TEM,dark,Arabika Temanggung Mukidi,B24,9,collecting,39,15834,2891,2875,7517,8883,2884,8153,14417,14271,14003,,
1601197,D-TEM,dark,Arabika Temanggung Mukidi,B24,9,collecting,40,15817,2891,2875,7517,8879,2880,8153,14408,14263,13998,,
1602196,D-TEM,dark,Arabika Temanggung Mukidi,B24,9,collecting,41,15799,2891,2878,7517,8875,2880,8151,14400,14255,13993,,
1603196,D-TEM,dark,Arabika Temanggung Mukidi,B24,9,collecting,42,15781,2891,2873,7517,8871,2884,8151,14391,14246,13988,,
1604196,D-TEM,dark,Arabika Temanggung Mukidi,B24,9,collecting,43,15764,2891,2873,7517,8867,2880,8150,14382,14237,13982,,
1605196,D-TEM,dark,Arabika Temanggung Mukidi,B24,9,collecting,44,15747,2891,2873,7517,8863,2882,8149,14373,14228,13976,,
1606196,D-TEM,dark,Arabika Temanggung Mukidi,B24,9,collecting,45,15731,2889,2873,7517,8859,2880,8149,14364,14219,13971,,
1607196,D-TEM,dark,Arabika Temanggung Mukidi,B24,9,collecting,46,15715,2889,2873,7517,8856,2882,8148,14356,14210,13965,,
1608197,D-TEM,dark,Arabika Temanggung Mukidi,B24,9,collecting,47,15699,2891,2878,7517,8852,2880,8148,14347,14201,13960,,
1609196,D-TEM,dark,Arabika Temanggung Mukidi,B24,9,collecting,48,15684,2891,2873,7517,8849,2884,8147,14339,14193,13954,,
1610196,D-TEM,dark,Arabika Temanggung Mukidi,B24,9,collecting,49,15667,2891,2878,7517,8846,2880,8147,14330,14184,13948,,
1611196,D-TEM,dark,Arabika Temanggung Mukidi,B24,9,collecting,50,15650,2889,2875,7517,8842,2884,8146,14320,14175,13942,,
1612196,D-TEM,dark,Arabika Temanggung Mukidi,B24,9,collecting,51,15632,2889,2877,7517,8838,2884,8145,14311,14165,13935,,
1613196,D-TEM,dark,Arabika Temanggung Mukidi,B24,9,collecting,52,15615,2889,2875,7517,8834,2880,8144,14299,14155,13930,,
1614196,D-TEM,dark,Arabika Temanggung Mukidi,B24,9,collecting,53,15600,2889,2878,7517,8830,2880,8143,14289,14145,13924,,
1615196,D-TEM,dark,Arabika Temanggung Mukidi,B24,9,collecting,54,15586,2891,2878,7517,8827,2882,8143,14280,14136,13920,,
1616196,D-TEM,dark,Arabika Temanggung Mukidi,B24,9,collecting,55,15575,2889,2875,7517,8824,2880,8143,14275,14129,13915,,
1617197,D-TEM,dark,Arabika Temanggung Mukidi,B24,9,collecting,56,15565,2891,2873,7517,8822,2880,8142,14269,14122,13911,,
1618196,D-TEM,dark,Arabika Temanggung Mukidi,B24,9,collecting,57,15557,2891,2877,7517,8820,2880,8142,14264,14116,13908,,
1619196,D-TEM,dark,Arabika Temanggung Mukidi,B24,9,collecting,58,15550,2889,2873,7517,8819,2882,8141,14261,14111,13906,,
1620196,D-TEM,dark,Arabika Temanggung Mukidi,B24,9,collecting,59,15543,2891,2873,7517,8818,2884,8141,14257,14106,13902,,
1621196,D-TEM,dark,Arabika Temanggung Mukidi,B24,9,collecting,60,15535,2889,2875,7517,8815,2880,8141,14253,14100,13898,,
1622200,D-TEM,dark,Arabika Temanggung Mukidi,B24,10,purging,1,15525,2891,2873,7517,8813,2880,8140,14247,14094,13894,,
1623196,D-TEM,dark,Arabika Temanggung Mukidi,B24,10,purging,2,15513,2889,2878,7519,8814,2880,8141,14241,14089,13893,,
1624197,D-TEM,dark,Arabika Temanggung Mukidi,B24,10,purging,3,15467,2891,2875,7520,8810,2880,8142,14224,14078,13870,,
1625196,D-TEM,dark,Arabika Temanggung Mukidi,B24,10,purging,4,15380,2889,2878,7521,8797,2880,8140,14173,14048,13836,,
1626196,D-TEM,dark,Arabika Temanggung Mukidi,B24,10,purging,5,15269,2889,2875,7521,8776,2882,8137,14097,14001,13798,,
1627196,D-TEM,dark,Arabika Temanggung Mukidi,B24,10,purging,6,15143,2891,2878,7521,8750,2880,8134,14009,13941,13756,,
1628196,D-TEM,dark,Arabika Temanggung Mukidi,B24,10,purging,7,15009,2891,2875,7521,8723,2880,8131,13914,13875,13713,,
1629196,D-TEM,dark,Arabika Temanggung Mukidi,B24,10,purging,8,14871,2891,2873,7520,8696,2880,8129,13821,13806,13670,,
1630196,D-TEM,dark,Arabika Temanggung Mukidi,B24,10,purging,9,14732,2891,2878,7520,8669,2882,8127,13732,13738,13629,,
1631196,D-TEM,dark,Arabika Temanggung Mukidi,B24,10,purging,10,14596,2891,2878,7520,8644,2882,8124,13648,13670,13590,,
1632196,D-TEM,dark,Arabika Temanggung Mukidi,B24,10,purging,11,14464,2891,2875,7519,8620,2880,8121,13569,13606,13553,,
1633197,D-TEM,dark,Arabika Temanggung Mukidi,B24,10,purging,12,14337,2891,2875,7519,8598,2882,8118,13495,13544,13519,,
1634196,D-TEM,dark,Arabika Temanggung Mukidi,B24,10,purging,13,14217,2891,2873,7518,8578,2880,8116,13427,13485,13487,,
1635196,D-TEM,dark,Arabika Temanggung Mukidi,B24,10,purging,14,14102,2887,2878,7518,8560,2879,8114,13363,13429,13457,,
1636196,D-TEM,dark,Arabika Temanggung Mukidi,B24,10,purging,15,13994,2887,2875,7518,8543,2880,8112,13303,13376,13430,,
1637196,D-TEM,dark,Arabika Temanggung Mukidi,B24,10,purging,16,13893,2887,2877,7518,8528,2880,8110,13248,13326,13405,,
1638196,D-TEM,dark,Arabika Temanggung Mukidi,B24,10,purging,17,13799,2887,2875,7517,8515,2882,8109,13196,13279,13380,,
1639196,D-TEM,dark,Arabika Temanggung Mukidi,B24,10,purging,18,13711,2887,2873,7517,8502,2880,8108,13148,13235,13359,,
1640197,D-TEM,dark,Arabika Temanggung Mukidi,B24,10,purging,19,13629,2886,2878,7517,8491,2884,8108,13103,13193,13338,,
1641196,D-TEM,dark,Arabika Temanggung Mukidi,B24,10,purging,20,13553,2887,2875,7517,8481,2880,8108,13060,13153,13319,,
1642196,D-TEM,dark,Arabika Temanggung Mukidi,B24,10,purging,21,13482,2887,2873,7517,8472,2880,8107,13019,13115,13301,,
1643196,D-TEM,dark,Arabika Temanggung Mukidi,B24,10,purging,22,13416,2887,2873,7516,8464,2880,8107,12981,13080,13283,,
1644196,D-TEM,dark,Arabika Temanggung Mukidi,B24,10,purging,23,13354,2887,2875,7517,8457,2880,8107,12944,13046,13266,,
1645196,D-TEM,dark,Arabika Temanggung Mukidi,B24,10,purging,24,13298,2882,2873,7516,8449,2880,8107,12909,13013,13250,,
1646196,D-TEM,dark,Arabika Temanggung Mukidi,B24,10,purging,25,13246,2884,2878,7516,8441,2880,8106,12875,12982,13234,,
1647196,D-TEM,dark,Arabika Temanggung Mukidi,B24,10,purging,26,13198,2885,2878,7515,8435,2879,8105,12843,12952,13220,,
1648196,D-TEM,dark,Arabika Temanggung Mukidi,B24,10,purging,27,13153,2887,2875,7515,8429,2880,8104,12813,12923,13206,,
1649197,D-TEM,dark,Arabika Temanggung Mukidi,B24,10,purging,28,13111,2887,2873,7515,8422,2880,8103,12783,12895,13194,,
1650196,D-TEM,dark,Arabika Temanggung Mukidi,B24,10,purging,29,13073,2885,2878,7515,8417,2880,8104,12755,12869,13182,,
1651196,D-TEM,dark,Arabika Temanggung Mukidi,B24,10,purging,30,13037,2887,2873,7515,8412,2880,8105,12728,12844,13171,,
1652196,D-TEM,dark,Arabika Temanggung Mukidi,B24,10,purging,31,13003,2887,2875,7515,8408,2880,8105,12702,12821,13160,,
1653196,D-TEM,dark,Arabika Temanggung Mukidi,B24,10,purging,32,12971,2884,2875,7514,8404,2880,8107,12678,12798,13150,,
1654196,D-TEM,dark,Arabika Temanggung Mukidi,B24,10,purging,33,12942,2882,2873,7514,8400,2882,8107,12654,12776,13140,,
1655196,D-TEM,dark,Arabika Temanggung Mukidi,B24,10,purging,34,12913,2882,2878,7514,8396,2882,8107,12631,12755,13130,,
1656197,D-TEM,dark,Arabika Temanggung Mukidi,B24,10,purging,35,12886,2882,2878,7514,8393,2882,8108,12608,12735,13120,,
1657196,D-TEM,dark,Arabika Temanggung Mukidi,B24,10,purging,36,12861,2887,2873,7514,8389,2880,8108,12586,12715,13111,,
1658196,D-TEM,dark,Arabika Temanggung Mukidi,B24,10,purging,37,12837,2887,2878,7514,8386,2882,8108,12565,12695,13102,,
1659196,D-TEM,dark,Arabika Temanggung Mukidi,B24,10,purging,38,12817,2887,2877,7514,8383,2880,8107,12545,12677,13093,,
1660196,D-TEM,dark,Arabika Temanggung Mukidi,B24,10,purging,39,12797,2887,2873,7514,8379,2880,8108,12525,12660,13085,,
1661196,D-TEM,dark,Arabika Temanggung Mukidi,B24,10,purging,40,12779,2887,2878,7514,8376,2880,8108,12506,12643,13077,,
1662196,D-TEM,dark,Arabika Temanggung Mukidi,B24,10,purging,41,12762,2887,2878,7513,8373,2882,8107,12487,12626,13069,,
1663196,D-TEM,dark,Arabika Temanggung Mukidi,B24,10,purging,42,12746,2887,2873,7513,8370,2880,8107,12470,12610,13061,,
1664196,D-TEM,dark,Arabika Temanggung Mukidi,B24,10,purging,43,12731,2887,2877,7513,8367,2880,8107,12452,12595,13054,,
1665197,D-TEM,dark,Arabika Temanggung Mukidi,B24,10,purging,44,12717,2887,2875,7513,8364,2880,8106,12435,12580,13046,,
1666196,D-TEM,dark,Arabika Temanggung Mukidi,B24,10,purging,45,12703,2887,2873,7512,8361,2880,8106,12418,12565,13039,,
1667196,D-TEM,dark,Arabika Temanggung Mukidi,B24,10,purging,46,12690,2884,2878,7512,8358,2882,8106,12401,12551,13032,,
1668196,D-TEM,dark,Arabika Temanggung Mukidi,B24,10,purging,47,12676,2884,2877,7512,8355,2880,8105,12385,12537,13025,,
1669196,D-TEM,dark,Arabika Temanggung Mukidi,B24,10,purging,48,12664,2882,2875,7512,8352,2880,8104,12369,12523,13018,,
1670196,D-TEM,dark,Arabika Temanggung Mukidi,B24,10,purging,49,12653,2887,2877,7512,8349,2882,8103,12354,12510,13012,,
1671196,D-TEM,dark,Arabika Temanggung Mukidi,B24,10,purging,50,12642,2885,2875,7512,8346,2882,8103,12339,12497,13006,,
1672197,D-TEM,dark,Arabika Temanggung Mukidi,B24,10,purging,51,12632,2882,2878,7512,8343,2880,8102,12324,12484,13000,,
1673196,D-TEM,dark,Arabika Temanggung Mukidi,B24,10,purging,52,12622,2887,2875,7512,8339,2880,8101,12310,12472,12993,,
1674196,D-TEM,dark,Arabika Temanggung Mukidi,B24,10,purging,53,12613,2887,2873,7512,8336,2880,8100,12296,12459,12987,,
1675196,D-TEM,dark,Arabika Temanggung Mukidi,B24,10,purging,54,12604,2887,2873,7512,8332,2879,8099,12281,12447,12981,,
1676196,D-TEM,dark,Arabika Temanggung Mukidi,B24,10,purging,55,12594,2887,2875,7512,8330,2880,8098,12268,12435,12976,,
1677196,D-TEM,dark,Arabika Temanggung Mukidi,B24,10,purging,56,12585,2887,2878,7512,8326,2884,8097,12254,12424,12970,,
1678196,D-TEM,dark,Arabika Temanggung Mukidi,B24,10,purging,57,12577,2887,2875,7511,8322,2880,8096,12241,12412,12964,,
1679196,D-TEM,dark,Arabika Temanggung Mukidi,B24,10,purging,58,12568,2887,2878,7511,8320,2880,8096,12229,12401,12959,,
1680196,D-TEM,dark,Arabika Temanggung Mukidi,B24,10,purging,59,12560,2882,2878,7511,8316,2882,8095,12216,12390,12954,,
1681197,D-TEM,dark,Arabika Temanggung Mukidi,B24,10,purging,60,12552,2884,2875,7511,8314,2882,8095,12204,12379,12950,,
1682196,D-TEM,dark,Arabika Temanggung Mukidi,B24,10,purging,61,12543,2887,2877,7512,8311,2882,8095,12192,12369,12945,,
1683196,D-TEM,dark,Arabika Temanggung Mukidi,B24,10,purging,62,12534,2882,2875,7511,8308,2879,8094,12181,12359,12940,,
1684196,D-TEM,dark,Arabika Temanggung Mukidi,B24,10,purging,63,12526,2887,2878,7511,8305,2879,8094,12169,12348,12935,,
1685196,D-TEM,dark,Arabika Temanggung Mukidi,B24,10,purging,64,12519,2885,2875,7511,8302,2880,8093,12158,12338,12930,,
1686196,D-TEM,dark,Arabika Temanggung Mukidi,B24,10,purging,65,12511,2882,2877,7511,8299,2880,8093,12146,12328,12926,,
1687196,D-TEM,dark,Arabika Temanggung Mukidi,B24,10,purging,66,12504,2887,2878,7511,8296,2879,8092,12135,12318,12921,,
1688197,D-TEM,dark,Arabika Temanggung Mukidi,B24,10,purging,67,12496,2887,2873,7511,8293,2880,8092,12124,12309,12917,,
1689196,D-TEM,dark,Arabika Temanggung Mukidi,B24,10,purging,68,12489,2882,2875,7511,8290,2880,8091,12114,12299,12912,,
1690196,D-TEM,dark,Arabika Temanggung Mukidi,B24,10,purging,69,12482,2887,2878,7510,8286,2880,8090,12103,12290,12908,,
1691196,D-TEM,dark,Arabika Temanggung Mukidi,B24,10,purging,70,12477,2884,2878,7510,8283,2882,8089,12093,12280,12903,,
1692196,D-TEM,dark,Arabika Temanggung Mukidi,B24,10,purging,71,12471,2887,2875,7510,8280,2880,8088,12082,12271,12898,,
1693196,D-TEM,dark,Arabika Temanggung Mukidi,B24,10,purging,72,12465,2887,2878,7510,8277,2879,8086,12072,12262,12894,,
1694196,D-TEM,dark,Arabika Temanggung Mukidi,B24,10,purging,73,12460,2887,2873,7510,8274,2884,8085,12062,12253,12889,,
1695196,D-TEM,dark,Arabika Temanggung Mukidi,B24,10,purging,74,12455,2887,2877,7510,8270,2879,8084,12052,12245,12885,,
1696196,D-TEM,dark,Arabika Temanggung Mukidi,B24,10,purging,75,12449,2885,2873,7510,8268,2880,8083,12043,12236,12880,,
1697197,D-TEM,dark,Arabika Temanggung Mukidi,B24,10,purging,76,12443,2884,2873,7510,8264,2880,8082,12034,12228,12877,,
1698196,D-TEM,dark,Arabika Temanggung Mukidi,B24,10,purging,77,12438,2884,2878,7509,8261,2880,8081,12024,12219,12873,,
1699196,D-TEM,dark,Arabika Temanggung Mukidi,B24,10,purging,78,12433,2887,2875,7510,8259,2884,8080,12015,12211,12869,,
1700196,D-TEM,dark,Arabika Temanggung Mukidi,B24,10,purging,79,12428,2887,2877,7509,8256,2880,8079,12006,12203,12866,,
1701196,D-TEM,dark,Arabika Temanggung Mukidi,B24,10,purging,80,12424,2887,2878,7509,8253,2880,8079,11998,12195,12862,,
1702196,D-TEM,dark,Arabika Temanggung Mukidi,B24,10,purging,81,12419,2887,2877,7509,8250,2880,8078,11989,12188,12860,,
1703196,D-TEM,dark,Arabika Temanggung Mukidi,B24,10,purging,82,12414,2887,2875,7509,8247,2880,8078,11981,12180,12856,,
1704197,D-TEM,dark,Arabika Temanggung Mukidi,B24,10,purging,83,12410,2885,2878,7508,8245,2882,8078,11973,12173,12854,,
1705196,D-TEM,dark,Arabika Temanggung Mukidi,B24,10,purging,84,12405,2882,2878,7509,8242,2882,8078,11965,12166,12850,,
1706196,D-TEM,dark,Arabika Temanggung Mukidi,B24,10,purging,85,12402,2887,2878,7508,8240,2882,8077,11958,12159,12846,,
1707196,D-TEM,dark,Arabika Temanggung Mukidi,B24,10,purging,86,12398,2882,2873,7508,8238,2880,8076,11949,12152,12842,,
1708196,D-TEM,dark,Arabika Temanggung Mukidi,B24,10,purging,87,12396,2887,2873,7508,8235,2880,8075,11941,12145,12839,,
1709196,D-TEM,dark,Arabika Temanggung Mukidi,B24,10,purging,88,12394,2884,2878,7508,8232,2879,8073,11933,12139,12835,,
1710196,D-TEM,dark,Arabika Temanggung Mukidi,B24,10,purging,89,12392,2887,2873,7508,8230,2882,8072,11926,12132,12832,,
1711196,D-TEM,dark,Arabika Temanggung Mukidi,B24,10,purging,90,12390,2885,2877,7507,8227,2882,8071,11918,12126,12829,,
1712196,D-TEM,dark,Arabika Temanggung Mukidi,B24,10,purging,91,12388,2887,2873,7507,8224,2884,8070,11911,12119,12826,,
1713197,D-TEM,dark,Arabika Temanggung Mukidi,B24,10,purging,92,12386,2884,2878,7507,8222,2880,8070,11904,12114,12824,,
1714196,D-TEM,dark,Arabika Temanggung Mukidi,B24,10,purging,93,12383,2884,2875,7507,8220,2884,8069,11897,12107,12822,,
1715196,D-TEM,dark,Arabika Temanggung Mukidi,B24,10,purging,94,12381,2884,2875,7507,8219,2880,8069,11891,12102,12820,,
1716196,D-TEM,dark,Arabika Temanggung Mukidi,B24,10,purging,95,12379,2887,2878,7507,8217,2880,8070,11884,12097,12817,,
1717196,D-TEM,dark,Arabika Temanggung Mukidi,B24,10,purging,96,12377,2887,2877,7507,8215,2880,8069,11878,12092,12815,,
1718196,D-TEM,dark,Arabika Temanggung Mukidi,B24,10,purging,97,12375,2887,2875,7507,8214,2880,8068,11871,12086,12811,,
1719196,D-TEM,dark,Arabika Temanggung Mukidi,B24,10,purging,98,12374,2887,2875,7507,8212,2880,8067,11864,12081,12809,,
1720197,D-TEM,dark,Arabika Temanggung Mukidi,B24,10,purging,99,12373,2887,2875,7507,8210,2880,8066,11858,12076,12806,,
1721196,D-TEM,dark,Arabika Temanggung Mukidi,B24,10,purging,100,12372,2884,2878,7507,8208,2884,8065,11852,12071,12804,,
1722196,D-TEM,dark,Arabika Temanggung Mukidi,B24,10,purging,101,12372,2887,2873,7507,8205,2884,8064,11846,12066,12801,,
1723196,D-TEM,dark,Arabika Temanggung Mukidi,B24,10,purging,102,12372,2882,2873,7506,8203,2884,8064,11840,12061,12800,,
1724196,D-TEM,dark,Arabika Temanggung Mukidi,B24,10,purging,103,12371,2884,2873,7506,8202,2880,8064,11834,12056,12799,,
1725196,D-TEM,dark,Arabika Temanggung Mukidi,B24,10,purging,104,12370,2884,2878,7506,8201,2882,8064,11828,12052,12797,,
1726196,D-TEM,dark,Arabika Temanggung Mukidi,B24,10,purging,105,12368,2887,2878,7506,8199,2879,8064,11824,12048,12796,,
1727196,D-TEM,dark,Arabika Temanggung Mukidi,B24,10,purging,106,12367,2887,2873,7506,8198,2880,8065,11819,12044,12795,,
1728196,D-TEM,dark,Arabika Temanggung Mukidi,B24,10,purging,107,12366,2885,2875,7505,8198,2879,8065,11813,12040,12793,,
1729197,D-TEM,dark,Arabika Temanggung Mukidi,B24,10,purging,108,12366,2887,2878,7506,8197,2880,8066,11808,12036,12791,,
1730196,D-TEM,dark,Arabika Temanggung Mukidi,B24,10,purging,109,12364,2884,2878,7506,8196,2884,8066,11803,12033,12791,,
1731196,D-TEM,dark,Arabika Temanggung Mukidi,B24,10,purging,110,12363,2887,2878,7506,8196,2884,8066,11798,12030,12789,,
1732196,D-TEM,dark,Arabika Temanggung Mukidi,B24,10,purging,111,12361,2884,2878,7505,8195,2880,8067,11793,12026,12788,,
1733196,D-TEM,dark,Arabika Temanggung Mukidi,B24,10,purging,112,12360,2884,2875,7505,8194,2882,8067,11788,12023,12786,,
1734196,D-TEM,dark,Arabika Temanggung Mukidi,B24,10,purging,113,12358,2882,2875,7505,8193,2882,8066,11783,12019,12785,,
1735196,D-TEM,dark,Arabika Temanggung Mukidi,B24,10,purging,114,12358,2887,2878,7505,8191,2880,8066,11777,12016,12783,,
1736197,D-TEM,dark,Arabika Temanggung Mukidi,B24,10,purging,115,12356,2887,2873,7505,8191,2882,8066,11772,12012,12782,,
1737196,D-TEM,dark,Arabika Temanggung Mukidi,B24,10,purging,116,12354,2887,2878,7505,8190,2884,8066,11768,12009,12781,,
1738196,D-TEM,dark,Arabika Temanggung Mukidi,B24,10,purging,117,12353,2884,2875,7505,8189,2884,8067,11764,12005,12779,,
1739196,D-TEM,dark,Arabika Temanggung Mukidi,B24,10,purging,118,12352,2887,2875,7505,8188,2882,8067,11759,12002,12778,,
1740196,D-TEM,dark,Arabika Temanggung Mukidi,B24,10,purging,119,12350,2884,2878,7505,8187,2879,8067,11754,12000,12776,,
1741196,D-TEM,dark,Arabika Temanggung Mukidi,B24,10,purging,120,12350,2884,2875,7505,8186,2882,8067,11750,11996,12775,,
1742200,D-TEM,dark,Arabika Temanggung Mukidi,B24,10,collecting,1,12349,2887,2878,7504,8185,2884,8066,11745,11993,12773,,
1743196,D-TEM,dark,Arabika Temanggung Mukidi,B24,10,collecting,2,12356,2887,2875,7502,8181,2884,8065,11739,11989,12779,,
1744196,D-TEM,dark,Arabika Temanggung Mukidi,B24,10,collecting,3,12580,2882,2875,7501,8198,2880,8079,11772,12009,12840,,
1745197,D-TEM,dark,Arabika Temanggung Mukidi,B24,10,collecting,4,13099,2887,2873,7500,8261,2880,8109,11948,12124,12957,,
1746196,D-TEM,dark,Arabika Temanggung Mukidi,B24,10,collecting,5,13682,2889,2877,7500,8362,2880,8135,12250,12325,13094,,
1747196,D-TEM,dark,Arabika Temanggung Mukidi,B24,10,collecting,6,14201,2889,2878,7501,8471,2884,8151,12602,12568,13230,,
1748196,D-TEM,dark,Arabika Temanggung Mukidi,B24,10,collecting,7,14628,2889,2877,7501,8568,2880,8159,12934,12816,13357,,
1749196,D-TEM,dark,Arabika Temanggung Mukidi,B24,10,collecting,8,14971,2889,2875,7501,8645,2880,8161,13220,13049,13468,,
1750196,D-TEM,dark,Arabika Temanggung Mukidi,B24,10,collecting,9,15243,2889,2875,7502,8705,2880,8161,13459,13256,13562,,
1751196,D-TEM,dark,Arabika Temanggung Mukidi,B24,10,collecting,10,15456,2887,2877,7502,8750,2882,8159,13656,13437,13643,,
1752197,D-TEM,dark,Arabika Temanggung Mukidi,B24,10,collecting,11,15621,2889,2878,7502,8785,2882,8156,13815,13591,13708,,
1753196,D-TEM,dark,Arabika Temanggung Mukidi,B24,10,collecting,12,15751,2889,2875,7502,8811,2879,8153,13944,13721,13761,,
1754196,D-TEM,dark,Arabika Temanggung Mukidi,B24,10,collecting,13,15851,2891,2878,7502,8831,2880,8150,14049,13829,13804,,
1755196,D-TEM,dark,Arabika Temanggung Mukidi,B24,10,collecting,14,15928,2891,2878,7502,8846,2879,8148,14134,13920,13841,,
1756196,D-TEM,dark,Arabika Temanggung Mukidi,B24,10,collecting,15,15988,2891,2873,7502,8857,2882,8145,14203,13995,13870,,
1757196,D-TEM,dark,Arabika Temanggung Mukidi,B24,10,collecting,16,16033,2891,2875,7502,8864,2882,8142,14258,14056,13894,,
1758196,D-TEM,dark,Arabika Temanggung Mukidi,B24,10,collecting,17,16067,2893,2875,7501,8870,2882,8140,14304,14108,13915,,
1759196,D-TEM,dark,Arabika Temanggung Mukidi,B24,10,collecting,18,16092,2891,2875,7501,8873,2882,8138,14341,14151,13930,,
1760196,D-TEM,dark,Arabika Temanggung Mukidi,B24,10,collecting,19,16107,2891,2875,7501,8875,2882,8136,14371,14185,13942,,
1761197,D-TEM,dark,Arabika Temanggung Mukidi,B24,10,collecting,20,16115,2891,2878,7501,8875,2880,8134,14393,14212,13952,,
1762196,D-TEM,dark,Arabika Temanggung Mukidi,B24,10,collecting,21,16117,2891,2877,7500,8873,2882,8132,14408,14233,13958,,
1763196,D-TEM,dark,Arabika Temanggung Mukidi,B24,10,collecting,22,16114,2889,2878,7500,8871,2880,8130,14420,14248,13963,,
1764196,D-TEM,dark,Arabika Temanggung Mukidi,B24,10,collecting,23,16109,2891,2873,7500,8869,2880,8129,14428,14261,13967,,
1765196,D-TEM,dark,Arabika Temanggung Mukidi,B24,10,collecting,24,16101,2891,2875,7500,8865,2882,8127,14434,14269,13969,,
1766196,D-TEM,dark,Arabika Temanggung Mukidi,B24,10,collecting,25,16091,2891,2875,7499,8862,2882,8126,14437,14275,13971,,
1767196,D-TEM,dark,Arabika Temanggung Mukidi,B24,10,collecting,26,16081,2891,2877,7499,8859,2882,8125,14440,14279,13972,,
1768197,D-TEM,dark,Arabika Temanggung Mukidi,B24,10,collecting,27,16068,2893,2873,7499,8855,2884,8124,14441,14281,13971,,
1769196,D-TEM,dark,Arabika Temanggung Mukidi,B24,10,collecting,28,16054,2891,2877,7499,8851,2882,8122,14441,14281,13970,,
1770196,D-TEM,dark,Arabika Temanggung Mukidi,B24,10,collecting,29,16038,2893,2878,7499,8847,2882,8121,14439,14281,13969,,
1771196,D-TEM,dark,Arabika Temanggung Mukidi,B24,10,collecting,30,16022,2893,2878,7499,8843,2882,8120,14436,14278,13965,,
1772196,D-TEM,dark,Arabika Temanggung Mukidi,B24,10,collecting,31,16005,2893,2875,7499,8838,2879,8119,14431,14274,13962,,
1773196,D-TEM,dark,Arabika Temanggung Mukidi,B24,10,collecting,32,15986,2889,2878,7498,8833,2884,8118,14425,14269,13958,,
1774196,D-TEM,dark,Arabika Temanggung Mukidi,B24,10,collecting,33,15966,2891,2878,7498,8828,2882,8116,14418,14262,13953,,
1775196,D-TEM,dark,Arabika Temanggung Mukidi,B24,10,collecting,34,15947,2891,2875,7498,8823,2884,8115,14409,14254,13947,,
1776196,D-TEM,dark,Arabika Temanggung Mukidi,B24,10,collecting,35,15927,2893,2875,7498,8818,2882,8114,14401,14246,13942,,
1777197,D-TEM,dark,Arabika Temanggung Mukidi,B24,10,collecting,36,15907,2893,2878,7498,8813,2879,8112,14392,14238,13936,,
1778196,D-TEM,dark,Arabika Temanggung Mukidi,B24,10,collecting,37,15888,2891,2873,7498,8807,2880,8111,14383,14228,13931,,
1779196,D-TEM,dark,Arabika Temanggung Mukidi,B24,10,collecting,38,15870,2891,2875,7498,8803,2880,8110,14374,14220,13925,,
1780196,D-TEM,dark,Arabika Temanggung Mukidi,B24,10,collecting,39,15852,2891,2875,7497,8798,2882,8109,14366,14211,13919,,
1781196,D-TEM,dark,Arabika Temanggung Mukidi,B24,10,collecting,40,15834,2893,2875,7497,8793,2879,8108,14357,14201,13913,,
1782196,D-TEM,dark,Arabika Temanggung Mukidi,B24,10,collecting,41,15817,2893,2878,7497,8788,2882,8106,14349,14193,13907,,
1783196,D-TEM,dark,Arabika Temanggung Mukidi,B24,10,collecting,42,15799,2889,2875,7497,8783,2879,8105,14339,14183,13900,,
1784197,D-TEM,dark,Arabika Temanggung Mukidi,B24,10,collecting,43,15780,2891,2878,7497,8779,2880,8103,14329,14172,13894,,
1785196,D-TEM,dark,Arabika Temanggung Mukidi,B24,10,collecting,44,15761,2889,2878,7497,8773,2882,8102,14317,14161,13887,,
1786196,D-TEM,dark,Arabika Temanggung Mukidi,B24,10,collecting,45,15741,2889,2877,7497,8769,2882,8101,14306,14150,13880,,
1787196,D-TEM,dark,Arabika Temanggung Mukidi,B24,10,collecting,46,15723,2891,2875,7496,8763,2882,8099,14294,14139,13872,,
1788196,D-TEM,dark,Arabika Temanggung Mukidi,B24,10,collecting,47,15707,2889,2878,7496,8759,2879,8098,14284,14128,13866,,
1789196,D-TEM,dark,Arabika Temanggung Mukidi,B24,10,collecting,48,15690,2889,2873,7496,8755,2884,8097,14274,14118,13860,,
1790196,D-TEM,dark,Arabika Temanggung Mukidi,B24,10,collecting,49,15675,2889,2873,7496,8751,2882,8096,14265,14108,13853,,
1791196,D-TEM,dark,Arabika Temanggung Mukidi,B24,10,collecting,50,15661,2891,2878,7496,8747,2879,8096,14256,14098,13848,,
1792196,D-TEM,dark,Arabika Temanggung Mukidi,B24,10,collecting,51,15646,2889,2878,7496,8743,2880,8095,14248,14089,13842,,
1793197,D-TEM,dark,Arabika Temanggung Mukidi,B24,10,collecting,52,15632,2889,2878,7495,8739,2882,8094,14239,14080,13836,,
1794196,D-TEM,dark,Arabika Temanggung Mukidi,B24,10,collecting,53,15616,2889,2873,7495,8735,2879,8093,14229,14069,13829,,
1795196,D-TEM,dark,Arabika Temanggung Mukidi,B24,10,collecting,54,15601,2889,2875,7495,8731,2879,8092,14218,14059,13823,,
1796196,D-TEM,dark,Arabika Temanggung Mukidi,B24,10,collecting,55,15585,2889,2875,7495,8727,2882,8091,14208,14049,13817,,
1797196,D-TEM,dark,Arabika Temanggung Mukidi,B24,10,collecting,56,15571,2889,2878,7494,8724,2882,8091,14199,14039,13811,,
1798196,D-TEM,dark,Arabika Temanggung Mukidi,B24,10,collecting,57,15559,2889,2875,7494,8721,2882,8089,14190,14030,13806,,
1799196,D-TEM,dark,Arabika Temanggung Mukidi,B24,10,collecting,58,15547,2887,2878,7494,8718,2879,8089,14182,14021,13800,,
1800197,D-TEM,dark,Arabika Temanggung Mukidi,B24,10,collecting,59,15534,2889,2875,7494,8715,2884,8089,14174,14013,13795,,
1801196,D-TEM,dark,Arabika Temanggung Mukidi,B24,10,collecting,60,15523,2891,2875,7494,8713,2880,8088,14166,14005,13790,,
1802201,D-TEM,dark,Arabika Temanggung Mukidi,B24,11,purging,1,15512,2889,2875,7493,8711,2880,8088,14159,13998,13786,,
1803196,D-TEM,dark,Arabika Temanggung Mukidi,B24,11,purging,2,15500,2889,2878,7495,8711,2884,8090,14152,13991,13785,,
1804196,D-TEM,dark,Arabika Temanggung Mukidi,B24,11,purging,3,15457,2889,2875,7496,8709,2884,8091,14138,13980,13764,,
1805196,D-TEM,dark,Arabika Temanggung Mukidi,B24,11,purging,4,15376,2889,2878,7497,8698,2882,8090,14091,13952,13733,,
1806196,D-TEM,dark,Arabika Temanggung Mukidi,B24,11,purging,5,15272,2891,2877,7497,8678,2886,8088,14019,13906,13696,,
1807196,D-TEM,dark,Arabika Temanggung Mukidi,B24,11,purging,6,15153,2889,2877,7496,8655,2884,8087,13935,13849,13658,,
1808196,D-TEM,dark,Arabika Temanggung Mukidi,B24,11,purging,7,15028,2889,2875,7496,8629,2884,8086,13847,13787,13620,,
1809197,D-TEM,dark,Arabika Temanggung Mukidi,B24,11,purging,8,14899,2889,2878,7496,8605,2882,8086,13759,13722,13581,,
1810196,D-TEM,dark,Arabika Temanggung Mukidi,B24,11,purging,9,14772,2889,2875,7495,8582,2884,8086,13676,13657,13542,,
1811196,D-TEM,dark,Arabika Temanggung Mukidi,B24,11,purging,10,14647,2889,2878,7495,8560,2884,8084,13595,13594,13504,,
1812196,D-TEM,dark,Arabika Temanggung Mukidi,B24,11,purging,11,14527,2889,2875,7495,8539,2879,8081,13520,13533,13469,,
1813196,D-TEM,dark,Arabika Temanggung Mukidi,B24,11,purging,12,14411,2889,2875,7494,8518,2882,8078,13450,13474,13436,,
1814196,D-TEM,dark,Arabika Temanggung Mukidi,B24,11,purging,13,14302,2889,2875,7494,8500,2882,8075,13385,13419,13405,,
1815196,D-TEM,dark,Arabika Temanggung Mukidi,B24,11,purging,14,14199,2887,2875,7493,8483,2882,8071,13324,13365,13376,,
1816197,D-TEM,dark,Arabika Temanggung Mukidi,B24,11,purging,15,14103,2889,2875,7493,8467,2879,8068,13268,13315,13349,,
1817196,D-TEM,dark,Arabika Temanggung Mukidi,B24,11,purging,16,14013,2889,2875,7493,8452,2884,8065,13215,13267,13324,,
1818196,D-TEM,dark,Arabika Temanggung Mukidi,B24,11,purging,17,13928,2889,2878,7492,8439,2879,8063,13165,13222,13301,,
1819196,D-TEM,dark,Arabika Temanggung Mukidi,B24,11,purging,18,13850,2884,2875,7492,8426,2882,8060,13118,13179,13278,,
1820196,D-TEM,dark,Arabika Temanggung Mukidi,B24,11,purging,19,13777,2889,2875,7491,8414,2882,8059,13075,13138,13257,,
1821196,D-TEM,dark,Arabika Temanggung Mukidi,B24,11,purging,20,13709,2887,2878,7491,8404,2879,8057,13034,13100,13237,,
1822196,D-TEM,dark,Arabika Temanggung Mukidi,B24,11,purging,21,13645,2889,2875,7491,8393,2884,8055,12994,13063,13218,,
1823196,D-TEM,dark,Arabika Temanggung Mukidi,B24,11,purging,22,13587,2889,2877,7490,8384,2882,8053,12956,13028,13201,,
1824196,D-TEM,dark,Arabika Temanggung Mukidi,B24,11,purging,23,13532,2889,2877,7490,8375,2882,8051,12920,12994,13184,,
1825197,D-TEM,dark,Arabika Temanggung Mukidi,B24,11,purging,24,13481,2889,2875,7489,8367,2879,8051,12886,12962,13168,,
1826196,D-TEM,dark,Arabika Temanggung Mukidi,B24,11,purging,25,13434,2889,2875,7489,8359,2882,8050,12854,12931,13153,,
1827196,D-TEM,dark,Arabika Temanggung Mukidi,B24,11,purging,26,13389,2889,2875,7489,8352,2880,8049,12823,12901,13139,,
1828196,D-TEM,dark,Arabika Temanggung Mukidi,B24,11,purging,27,13348,2889,2877,7488,8346,2879,8048,12793,12874,13124,,
1829196,D-TEM,dark,Arabika Temanggung Mukidi,B24,11,purging,28,13310,2884,2875,7488,8339,2884,8048,12764,12847,13110,,
1830196,D-TEM,dark,Arabika Temanggung Mukidi,B24,11,purging,29,13274,2884,2878,7487,8333,2884,8045,12736,12820,13097,,
1831196,D-TEM,dark,Arabika Temanggung Mukidi,B24,11,purging,30,13242,2887,2877,7487,8326,2882,8044,12710,12795,13084,,
1832197,D-TEM,dark,Arabika Temanggung Mukidi,B24,11,purging,31,13210,2887,2875,7487,8320,2884,8043,12684,12771,13071,,
1833196,D-TEM,dark,Arabika Temanggung Mukidi,B24,11,purging,32,13181,2887,2878,7486,8314,2882,8041,12658,12747,13060,,
1834196,D-TEM,dark,Arabika Temanggung Mukidi,B24,11,purging,33,13154,2884,2873,7486,8308,2882,8040,12634,12724,13048,,
1835196,D-TEM,dark,Arabika Temanggung Mukidi,B24,11,purging,34,13128,2887,2877,7485,8302,2882,8039,12611,12702,13037,,
1836196,D-TEM,dark,Arabika Temanggung Mukidi,B24,11,purging,35,13104,2884,2878,7485,8297,2882,8038,12589,12681,13027,,
1837196,D-TEM,dark,Arabika Temanggung Mukidi,B24,11,purging,36,13081,2887,2873,7485,8292,2882,8037,12567,12661,13018,,
1838196,D-TEM,dark,Arabika Temanggung Mukidi,B24,11,purging,37,13059,2887,2875,7485,8287,2884,8037,12546,12642,13009,,
1839196,D-TEM,dark,Arabika Temanggung Mukidi,B24,11,purging,38,13039,2887,2877,7483,8283,2884,8036,12526,12622,13000,,
1840196,D-TEM,dark,Arabika Temanggung Mukidi,B24,11,purging,39,13020,2884,2878,7483,8279,2884,8036,12506,12604,12990,,
1841197,D-TEM,dark,Arabika Temanggung Mukidi,B24,11,purging,40,13002,2884,2875,7483,8273,2886,8034,12487,12586,12979,,
1842196,D-TEM,dark,Arabika Temanggung Mukidi,B24,11,purging,41,12984,2887,2875,7482,8269,2882,8033,12468,12568,12971,,
1843196,D-TEM,dark,Arabika Temanggung Mukidi,B24,11,purging,42,12968,2887,2878,7482,8264,2882,8031,12449,12550,12963,,
1844196,D-TEM,dark,Arabika Temanggung Mukidi,B24,11,purging,43,12951,2887,2877,7482,8259,2882,8030,12431,12534,12955,,
1845196,D-TEM,dark,Arabika Temanggung Mukidi,B24,11,purging,44,12936,2884,2873,7481,8255,2882,8029,12414,12517,12947,,
1846196,D-TEM,dark,Arabika Temanggung Mukidi,B24,11,purging,45,12921,2884,2875,7480,8251,2882,8028,12397,12501,12939,,
1847196,D-TEM,dark,Arabika Temanggung Mukidi,B24,11,purging,46,12908,2887,2875,7480,8248,2884,8027,12380,12486,12932,,
1848197,D-TEM,dark,Arabika Temanggung Mukidi,B24,11,purging,47,12896,2887,2875,7480,8244,2882,8027,12365,12472,12925,,
1849196,D-TEM,dark,Arabika Temanggung Mukidi,B24,11,purging,48,12884,2884,2878,7480,8240,2879,8026,12349,12457,12918,,
1850196,D-TEM,dark,Arabika Temanggung Mukidi,B24,11,purging,49,12872,2884,2875,7479,8237,2882,8026,12334,12443,12912,,
1851196,D-TEM,dark,Arabika Temanggung Mukidi,B24,11,purging,50,12861,2884,2875,7478,8233,2882,8025,12320,12430,12905,,
1852196,D-TEM,dark,Arabika Temanggung Mukidi,B24,11,purging,51,12850,2884,2875,7478,8230,2882,8025,12305,12417,12900,,
1853196,D-TEM,dark,Arabika Temanggung Mukidi,B24,11,purging,52,12840,2887,2877,7477,8227,2882,8024,12292,12404,12894,,
1854196,D-TEM,dark,Arabika Temanggung Mukidi,B24,11,purging,53,12830,2884,2875,7477,8225,2882,8024,12279,12392,12889,,
1855196,D-TEM,dark,Arabika Temanggung Mukidi,B24,11,purging,54,12820,2887,2875,7477,8221,2884,8025,12266,12380,12883,,
1856196,D-TEM,dark,Arabika Temanggung Mukidi,B24,11,purging,55,12810,2887,2875,7476,8219,2886,8024,12253,12369,12879,,
1857197,D-TEM,dark,Arabika Temanggung Mukidi,B24,11,purging,56,12801,2884,2875,7477,8217,2884,8024,12241,12357,12873,,
1858196,D-TEM,dark,Arabika Temanggung Mukidi,B24,11,purging,57,12792,2884,2875,7476,8215,2882,8025,12229,12347,12869,,
1859196,D-TEM,dark,Arabika Temanggung Mukidi,B24,11,purging,58,12784,2884,2875,7476,8213,2882,8025,12217,12336,12865,,
1860196,D-TEM,dark,Arabika Temanggung Mukidi,B24,11,purging,59,12776,2884,2878,7475,8211,2884,8026,12205,12326,12862,,
1861196,D-TEM,dark,Arabika Temanggung Mukidi,B24,11,purging,60,12768,2884,2875,7475,8209,2886,8027,12194,12316,12857,,
1862196,D-TEM,dark,Arabika Temanggung Mukidi,B24,11,purging,61,12760,2887,2878,7474,8208,2882,8027,12183,12307,12853,,
1863196,D-TEM,dark,Arabika Temanggung Mukidi,B24,11,purging,62,12753,2884,2875,7474,8206,2882,8027,12172,12297,12849,,
1864197,D-TEM,dark,Arabika Temanggung Mukidi,B24,11,purging,63,12746,2884,2875,7474,8204,2884,8028,12162,12288,12845,,
1865196,D-TEM,dark,Arabika Temanggung Mukidi,B24,11,purging,64,12738,2887,2878,7473,8202,2882,8027,12151,12280,12841,,
1866196,D-TEM,dark,Arabika Temanggung Mukidi,B24,11,purging,65,12731,2884,2875,7473,8201,2884,8027,12141,12271,12838,,
1867196,D-TEM,dark,Arabika Temanggung Mukidi,B24,11,purging,66,12723,2884,2875,7473,8199,2882,8026,12130,12262,12833,,
1868196,D-TEM,dark,Arabika Temanggung Mukidi,B24,11,purging,67,12716,2884,2875,7473,8197,2879,8027,12120,12253,12830,,
1869196,D-TEM,dark,Arabika Temanggung Mukidi,B24,11,purging,68,12710,2887,2878,7472,8195,2882,8026,12110,12245,12825,,
1870196,D-TEM,dark,Arabika Temanggung Mukidi,B24,11,purging,69,12703,2887,2875,7472,8193,2882,8025,12100,12237,12822,,
1871196,D-TEM,dark,Arabika Temanggung Mukidi,B24,11,purging,70,12698,2884,2875,7472,8190,2884,8025,12091,12229,12818,,
1872196,D-TEM,dark,Arabika Temanggung Mukidi,B24,11,purging,71,12693,2884,2878,7471,8188,2879,8025,12081,12221,12814,,
1873197,D-TEM,dark,Arabika Temanggung Mukidi,B24,11,purging,72,12687,2884,2875,7471,8186,2884,8025,12072,12213,12811,,
1874196,D-TEM,dark,Arabika Temanggung Mukidi,B24,11,purging,73,12683,2884,2875,7470,8184,2882,8024,12064,12206,12808,,
1875196,D-TEM,dark,Arabika Temanggung Mukidi,B24,11,purging,74,12677,2884,2877,7470,8183,2882,8025,12055,12199,12805,,
1876196,D-TEM,dark,Arabika Temanggung Mukidi,B24,11,purging,75,12672,2884,2875,7470,8181,2882,8024,12047,12192,12802,,
1877196,D-TEM,dark,Arabika Temanggung Mukidi,B24,11,purging,76,12667,2887,2877,7469,8179,2882,8024,12038,12184,12800,,
1878196,D-TEM,dark,Arabika Temanggung Mukidi,B24,11,purging,77,12662,2884,2875,7469,8177,2882,8024,12029,12177,12797,,
1879196,D-TEM,dark,Arabika Temanggung Mukidi,B24,11,purging,78,12657,2884,2875,7468,8176,2882,8025,12021,12171,12794,,
1880197,D-TEM,dark,Arabika Temanggung Mukidi,B24,11,purging,79,12653,2884,2878,7468,8174,2882,8025,12013,12164,12791,,
1881196,D-TEM,dark,Arabika Temanggung Mukidi,B24,11,purging,80,12649,2887,2878,7468,8173,2882,8025,12005,12158,12789,,
1882196,D-TEM,dark,Arabika Temanggung Mukidi,B24,11,purging,81,12644,2884,2878,7468,8171,2882,8025,11997,12152,12786,,
1883196,D-TEM,dark,Arabika Temanggung Mukidi,B24,11,purging,82,12639,2884,2875,7467,8169,2880,8024,11989,12145,12783,,
1884196,D-TEM,dark,Arabika Temanggung Mukidi,B24,11,purging,83,12636,2884,2875,7467,8167,2882,8024,11982,12139,12780,,
1885196,D-TEM,dark,Arabika Temanggung Mukidi,B24,11,purging,84,12633,2884,2875,7467,8165,2880,8024,11974,12133,12778,,
1886196,D-TEM,dark,Arabika Temanggung Mukidi,B24,11,purging,85,12629,2884,2875,7467,8163,2882,8023,11966,12126,12774,,
1887196,D-TEM,dark,Arabika Temanggung Mukidi,B24,11,purging,86,12625,2887,2877,7466,8161,2884,8023,11959,12120,12772,,
1888196,D-TEM,dark,Arabika Temanggung Mukidi,B24,11,purging,87,12622,2887,2875,7466,8160,2882,8023,11951,12115,12770,,
1889197,D-TEM,dark,Arabika Temanggung Mukidi,B24,11,purging,88,12618,2884,2875,7466,8158,2882,8023,11944,12109,12767,,
1890196,D-TEM,dark,Arabika Temanggung Mukidi,B24,11,purging,89,12615,2887,2875,7466,8157,2882,8023,11937,12104,12765,,
1891196,D-TEM,dark,Arabika Temanggung Mukidi,B24,11,purging,90,12612,2884,2878,7466,8155,2882,8023,11931,12098,12763,,
1892196,D-TEM,dark,Arabika Temanggung Mukidi,B24,11,purging,91,12608,2884,2875,7465,8154,2884,8023,11924,12093,12761,,
1893196,D-TEM,dark,Arabika Temanggung Mukidi,B24,11,purging,92,12605,2887,2875,7465,8152,2882,8023,11916,12087,12759,,
1894196,D-TEM,dark,Arabika Temanggung Mukidi,B24,11,purging,93,12603,2884,2877,7465,8151,2879,8023,11910,12082,12757,,
1895196,D-TEM,dark,Arabika Temanggung Mukidi,B24,11,purging,94,12600,2887,2875,7465,8150,2882,8023,11904,12078,12755,,
1896197,D-TEM,dark,Arabika Temanggung Mukidi,B24,11,purging,95,12598,2884,2875,7464,8148,2882,8023,11898,12072,12752,,
1897196,D-TEM,dark,Arabika Temanggung Mukidi,B24,11,purging,96,12595,2884,2877,7464,8146,2882,8022,11891,12068,12750,,
1898196,D-TEM,dark,Arabika Temanggung Mukidi,B24,11,purging,97,12593,2887,2873,7465,8144,2879,8022,11885,12062,12748,,
1899196,D-TEM,dark,Arabika Temanggung Mukidi,B24,11,purging,98,12591,2882,2875,7464,8143,2882,8022,11879,12057,12746,,
1900196,D-TEM,dark,Arabika Temanggung Mukidi,B24,11,purging,99,12588,2887,2877,7464,8141,2880,8022,11873,12053,12744,,
1901196,D-TEM,dark,Arabika Temanggung Mukidi,B24,11,purging,100,12586,2884,2877,7463,8140,2880,8022,11866,12048,12742,,
1902196,D-TEM,dark,Arabika Temanggung Mukidi,B24,11,purging,101,12584,2884,2875,7463,8138,2882,8021,11861,12044,12740,,
1903196,D-TEM,dark,Arabika Temanggung Mukidi,B24,11,purging,102,12581,2884,2877,7463,8137,2882,8021,11855,12039,12737,,
1904196,D-TEM,dark,Arabika Temanggung Mukidi,B24,11,purging,103,12579,2884,2875,7463,8135,2882,8020,11849,12035,12736,,
1905197,D-TEM,dark,Arabika Temanggung Mukidi,B24,11,purging,104,12577,2884,2875,7463,8134,2884,8020,11843,12030,12734,,
1906196,D-TEM,dark,Arabika Temanggung Mukidi,B24,11,purging,105,12575,2887,2880,7462,8132,2886,8020,11838,12025,12732,,
1907196,D-TEM,dark,Arabika Temanggung Mukidi,B24,11,purging,106,12573,2884,2875,7462,8130,2882,8019,11832,12020,12730,,
1908196,D-TEM,dark,Arabika Temanggung Mukidi,B24,11,purging,107,12571,2884,2873,7462,8128,2882,8019,11826,12016,12728,,
1909196,D-TEM,dark,Arabika Temanggung Mukidi,B24,11,purging,108,12569,2887,2875,7461,8126,2882,8019,11821,12011,12726,,
1910196,D-TEM,dark,Arabika Temanggung Mukidi,B24,11,purging,109,12566,2884,2875,7461,8125,2882,8019,11816,12008,12725,,
1911196,D-TEM,dark,Arabika Temanggung Mukidi,B24,11,purging,110,12564,2884,2875,7461,8124,2884,8019,11811,12004,12724,,
1912197,D-TEM,dark,Arabika Temanggung Mukidi,B24,11,purging,111,12561,2884,2878,7461,8123,2882,8019,11806,11999,12722,,
1913196,D-TEM,dark,Arabika Temanggung Mukidi,B24,11,purging,112,12559,2884,2875,7461,8122,2882,8019,11801,11996,12720,,
1914196,D-TEM,dark,Arabika Temanggung Mukidi,B24,11,purging,113,12557,2887,2875,7461,8120,2882,8019,11796,11992,12718,,
1915196,D-TEM,dark,Arabika Temanggung Mukidi,B24,11,purging,114,12555,2887,2875,7461,8119,2886,8019,11790,11988,12717,,
1916196,D-TEM,dark,Arabika Temanggung Mukidi,B24,11,purging,115,12553,2884,2878,7461,8117,2882,8019,11786,11984,12715,,
1917196,D-TEM,dark,Arabika Temanggung Mukidi,B24,11,purging,116,12551,2884,2875,7460,8116,2882,8018,11781,11980,12714,,
1918196,D-TEM,dark,Arabika Temanggung Mukidi,B24,11,purging,117,12550,2884,2875,7460,8114,2884,8018,11776,11976,12712,,
1919196,D-TEM,dark,Arabika Temanggung Mukidi,B24,11,purging,118,12548,2887,2875,7460,8113,2880,8019,11772,11973,12712,,
1920196,D-TEM,dark,Arabika Temanggung Mukidi,B24,11,purging,119,12546,2884,2875,7460,8113,2880,8020,11767,11970,12713,,
1921197,D-TEM,dark,Arabika Temanggung Mukidi,B24,11,purging,120,12544,2884,2878,7459,8113,2882,8022,11763,11967,12715,,
1922200,D-TEM,dark,Arabika Temanggung Mukidi,B24,11,collecting,1,12542,2884,2877,7460,8114,2882,8025,11760,11965,12715,,
1923196,D-TEM,dark,Arabika Temanggung Mukidi,B24,11,collecting,2,12544,2884,2877,7457,8112,2882,8026,11756,11963,12722,,
1924196,D-TEM,dark,Arabika Temanggung Mukidi,B24,11,collecting,3,12744,2887,2875,7456,8133,2882,8041,11783,11982,12782,,
1925196,D-TEM,dark,Arabika Temanggung Mukidi,B24,11,collecting,4,13212,2887,2877,7456,8197,2882,8070,11941,12087,12888,,
1926196,D-TEM,dark,Arabika Temanggung Mukidi,B24,11,collecting,5,13740,2889,2877,7456,8292,2882,8094,12223,12271,13009,,
1927196,D-TEM,dark,Arabika Temanggung Mukidi,B24,11,collecting,6,14216,2889,2875,7456,8392,2884,8107,12550,12496,13137,,
1928197,D-TEM,dark,Arabika Temanggung Mukidi,B24,11,collecting,7,14614,2887,2875,7456,8479,2882,8114,12857,12726,13255,,
1929196,D-TEM,dark,Arabika Temanggung Mukidi,B24,11,collecting,8,14937,2889,2875,7457,8550,2884,8116,13128,12942,13361,,
1930196,D-TEM,dark,Arabika Temanggung Mukidi,B24,11,collecting,9,15196,2889,2878,7457,8606,2882,8116,13356,13137,13452,,
1931196,D-TEM,dark,Arabika Temanggung Mukidi,B24,11,collecting,10,15402,2889,2877,7457,8649,2884,8115,13545,13308,13529,,
1932196,D-TEM,dark,Arabika Temanggung Mukidi,B24,11,collecting,11,15567,2889,2875,7457,8684,2879,8113,13703,13457,13595,,
1933196,D-TEM,dark,Arabika Temanggung Mukidi,B24,11,collecting,12,15697,2889,2875,7457,8712,2882,8111,13835,13585,13650,,
1934196,D-TEM,dark,Arabika Temanggung Mukidi,B24,11,collecting,13,15799,2887,2875,7457,8733,2882,8109,13943,13693,13696,,
1935196,D-TEM,dark,Arabika Temanggung Mukidi,B24,11,collecting,14,15879,2889,2877,7457,8750,2882,8108,14030,13785,13734,,
1936196,D-TEM,dark,Arabika Temanggung Mukidi,B24,11,collecting,15,15942,2893,2875,7457,8763,2882,8106,14102,13861,13765,,
1937197,D-TEM,dark,Arabika Temanggung Mukidi,B24,11,collecting,16,15990,2891,2875,7456,8773,2882,8104,14161,13925,13791,,
1938196,D-TEM,dark,Arabika Temanggung Mukidi,B24,11,collecting,17,16026,2893,2875,7457,8779,2882,8103,14210,13979,13812,,
1939196,D-TEM,dark,Arabika Temanggung Mukidi,B24,11,collecting,18,16051,2893,2875,7456,8783,2882,8101,14247,14022,13828,,
1940196,D-TEM,dark,Arabika Temanggung Mukidi,B24,11,collecting,19,16067,2893,2875,7456,8786,2879,8100,14278,14058,13842,,
1941196,D-TEM,dark,Arabika Temanggung Mukidi,B24,11,collecting,20,16076,2891,2875,7456,8787,2879,8099,14300,14087,13852,,
1942196,D-TEM,dark,Arabika Temanggung Mukidi,B24,11,collecting,21,16079,2891,2875,7456,8787,2882,8098,14317,14109,13859,,
1943196,D-TEM,dark,Arabika Temanggung Mukidi,B24,11,collecting,22,16077,2893,2877,7456,8785,2882,8097,14330,14126,13865,,
1944197,D-TEM,dark,Arabika Temanggung Mukidi,B24,11,collecting,23,16071,2893,2875,7455,8783,2882,8096,14338,14138,13869,,
1945196,D-TEM,dark,Arabika Temanggung Mukidi,B24,11,collecting,24,16063,2893,2878,7455,8780,2882,8095,14343,14147,13872,,
1946196,D-TEM,dark,Arabika Temanggung Mukidi,B24,11,collecting,25,16052,2891,2875,7455,8777,2882,8095,14347,14154,13874,,
1947196,D-TEM,dark,Arabika Temanggung Mukidi,B24,11,collecting,26,16040,2893,2875,7455,8774,2879,8094,14350,14159,13874,,
1948196,D-TEM,dark,Arabika Temanggung Mukidi,B24,11,collecting,27,16026,2889,2877,7455,8771,2879,8094,14351,14161,13874,,
1949196,D-TEM,dark,Arabika Temanggung Mukidi,B24,11,collecting,28,16010,2893,2875,7455,8768,2882,8093,14349,14161,13873,,
1950196,D-TEM,dark,Arabika Temanggung Mukidi,B24,11,collecting,29,15994,2893,2875,7455,8764,2882,8093,14346,14160,13871,,
1951196,D-TEM,dark,Arabika Temanggung Mukidi,B24,11,collecting,30,15976,2893,2878,7455,8760,2879,8093,14342,14157,13869,,
1952196,D-TEM,dark,Arabika Temanggung Mukidi,B24,11,collecting,31,15957,2893,2877,7454,8757,2882,8093,14337,14153,13866,,
1953197,D-TEM,dark,Arabika Temanggung Mukidi,B24,11,collecting,32,15938,2889,2878,7454,8753,2882,8092,14330,14149,13864,,
1954196,D-TEM,dark,Arabika Temanggung Mukidi,B24,11,collecting,33,15919,2893,2875,7454,8749,2882,8092,14323,14143,13860,,
1955196,D-TEM,dark,Arabika Temanggung Mukidi,B24,11,collecting,34,15900,2891,2877,7454,8745,2882,8092,14317,14137,13856,,
1956196,D-TEM,dark,Arabika Temanggung Mukidi,B24,11,collecting,35,15880,2891,2875,7454,8741,2884,8092,14309,14130,13852,,
1957196,D-TEM,dark,Arabika Temanggung Mukidi,B24,11,collecting,36,15861,2893,2877,7454,8738,2882,8092,14301,14124,13848,,
1958196,D-TEM,dark,Arabika Temanggung Mukidi,B24,11,collecting,37,15842,2891,2875,7454,8734,2882,8092,14293,14116,13844,,
1959196,D-TEM,dark,Arabika Temanggung Mukidi,B24,11,collecting,38,15823,2893,2875,7455,8731,2882,8093,14286,14108,13840,,
1960197,D-TEM,dark,Arabika Temanggung Mukidi,B24,11,collecting,39,15803,2889,2875,7455,8727,2882,8092,14277,14100,13835,,
1961196,D-TEM,dark,Arabika Temanggung Mukidi,B24,11,collecting,40,15783,2887,2875,7455,8724,2886,8093,14267,14092,13830,,
1962196,D-TEM,dark,Arabika Temanggung Mukidi,B24,11,collecting,41,15763,2889,2875,7455,8720,2882,8093,14258,14083,13825,,
1963196,D-TEM,dark,Arabika Temanggung Mukidi,B24,11,collecting,42,15745,2889,2875,7455,8718,2884,8093,14249,14074,13821,,
1964196,D-TEM,dark,Arabika Temanggung Mukidi,B24,11,collecting,43,15728,2889,2875,7455,8715,2884,8094,14241,14066,13816,,
1965196,D-TEM,dark,Arabika Temanggung Mukidi,B24,11,collecting,44,15710,2889,2877,7455,8712,2882,8094,14232,14058,13812,,
1966196,D-TEM,dark,Arabika Temanggung Mukidi,B24,11,collecting,45,15692,2889,2875,7455,8709,2882,8095,14223,14049,13807,,
1967196,D-TEM,dark,Arabika Temanggung Mukidi,B24,11,collecting,46,15674,2889,2878,7455,8706,2882,8095,14214,14040,13802,,
1968196,D-TEM,dark,Arabika Temanggung Mukidi,B24,11,collecting,47,15657,2889,2877,7455,8704,2879,8096,14204,14032,13798,,
1969197,D-TEM,dark,Arabika Temanggung Mukidi,B24,11,collecting,48,15642,2889,2875,7455,8702,2886,8097,14196,14024,13794,,
1970196,D-TEM,dark,Arabika Temanggung Mukidi,B24,11,collecting,49,15627,2889,2875,7455,8700,2879,8098,14189,14016,13790,,
1971196,D-TEM,dark,Arabika Temanggung Mukidi,B24,11,collecting,50,15613,2889,2875,7455,8698,2882,8099,14182,14009,13786,,
1972196,D-TEM,dark,Arabika Temanggung Mukidi,B24,11,collecting,51,15599,2891,2877,7455,8697,2882,8100,14174,14001,13782,,
1973196,D-TEM,dark,Arabika Temanggung Mukidi,B24,11,collecting,52,15584,2887,2875,7455,8696,2882,8101,14167,13994,13778,,
1974196,D-TEM,dark,Arabika Temanggung Mukidi,B24,11,collecting,53,15571,2887,2875,7455,8694,2879,8102,14160,13987,13775,,
1975196,D-TEM,dark,Arabika Temanggung Mukidi,B24,11,collecting,54,15557,2887,2875,7455,8693,2879,8103,14152,13981,13772,,
1976197,D-TEM,dark,Arabika Temanggung Mukidi,B24,11,collecting,55,15543,2889,2875,7455,8692,2879,8104,14145,13974,13768,,
1977196,D-TEM,dark,Arabika Temanggung Mukidi,B24,11,collecting,56,15530,2889,2877,7455,8691,2882,8105,14138,13967,13765,,
1978196,D-TEM,dark,Arabika Temanggung Mukidi,B24,11,collecting,57,15518,2887,2875,7456,8691,2882,8107,14131,13961,13762,,
1979196,D-TEM,dark,Arabika Temanggung Mukidi,B24,11,collecting,58,15507,2887,2875,7456,8690,2880,8109,14125,13955,13760,,
1980196,D-TEM,dark,Arabika Temanggung Mukidi,B24,11,collecting,59,15496,2889,2875,7456,8690,2882,8110,14119,13950,13757,,
1981196,D-TEM,dark,Arabika Temanggung Mukidi,B24,11,collecting,60,15484,2891,2878,7456,8690,2882,8112,14113,13945,13755,,
1982200,D-TEM,dark,Arabika Temanggung Mukidi,B24,12,purging,1,15473,2887,2875,7456,8690,2882,8113,14106,13939,13753,,
1983196,D-TEM,dark,Arabika Temanggung Mukidi,B24,12,purging,2,15462,2889,2875,7458,8693,2882,8116,14102,13936,13755,,
1984196,D-TEM,dark,Arabika Temanggung Mukidi,B24,12,purging,3,15419,2889,2877,7460,8693,2882,8121,14088,13928,13741,,
1985197,D-TEM,dark,Arabika Temanggung Mukidi,B24,12,purging,4,15340,2889,2875,7461,8685,2882,8125,14044,13904,13717,,
1986196,D-TEM,dark,Arabika Temanggung Mukidi,B24,12,purging,5,15238,2887,2875,7461,8671,2882,8132,13977,13864,13689,,
1987196,D-TEM,dark,Arabika Temanggung Mukidi,B24,12,purging,6,15121,2889,2875,7460,8654,2882,8137,13898,13813,13656,,
1988196,D-TEM,dark,Arabika Temanggung Mukidi,B24,12,purging,7,14996,2887,2875,7461,8635,2882,8143,13814,13756,13622,,
1989196,D-TEM,dark,Arabika Temanggung Mukidi,B24,12,purging,8,14867,2889,2877,7461,8617,2882,8147,13731,13697,13588,,
1990196,D-TEM,dark,Arabika Temanggung Mukidi,B24,12,purging,9,14740,2889,2875,7461,8599,2882,8151,13650,13638,13556,,
1991196,D-TEM,dark,Arabika Temanggung Mukidi,B24,12,purging,10,14613,2887,2878,7461,8582,2882,8155,13574,13580,13526,,
1992197,D-TEM,dark,Arabika Temanggung Mukidi,B24,12,purging,11,14490,2889,2875,7461,8567,2886,8159,13503,13524,13500,,
1993196,D-TEM,dark,Arabika Temanggung Mukidi,B24,12,purging,12,14372,2889,2877,7461,8555,2882,8164,13438,13472,13474,,
1994196,D-TEM,dark,Arabika Temanggung Mukidi,B24,12,purging,13,14259,2887,2875,7461,8543,2882,8169,13376,13422,13450,,
1995196,D-TEM,dark,Arabika Temanggung Mukidi,B24,12,purging,14,14151,2889,2875,7461,8533,2884,8173,13319,13375,13426,,
1996196,D-TEM,dark,Arabika Temanggung Mukidi,B24,12,purging,15,14051,2889,2877,7461,8523,2884,8176,13265,13330,13404,,
1997196,D-TEM,dark,Arabika Temanggung Mukidi,B24,12,purging,16,13956,2886,2873,7461,8516,2879,8179,13214,13288,13384,,
1998196,D-TEM,dark,Arabika Temanggung Mukidi,B24,12,purging,17,13869,2889,2875,7462,8508,2884,8181,13167,13248,13365,,
1999196,D-TEM,dark,Arabika Temanggung Mukidi,B24,12,purging,18,13787,2886,2875,7461,8501,2882,8183,13122,13210,13347,,
2000196,D-TEM,dark,Arabika Temanggung Mukidi,B24,12,purging,19,13711,2886,2875,7462,8495,2886,8185,13081,13175,13330,,
2001197,D-TEM,dark,Arabika Temanggung Mukidi,B24,12,purging,20,13640,2889,2875,7462,8489,2882,8186,13041,13141,13313,,
2002196,D-TEM,dark,Arabika Temanggung Mukidi,B24,12,purging,21,13575,2886,2877,7463,8483,2879,8188,13003,13108,13298,,
2003196,D-TEM,dark,Arabika Temanggung Mukidi,B24,12,purging,22,13514,2889,2875,7462,8478,2882,8190,12967,13078,13285,,
2004196,D-TEM,dark,Arabika Temanggung Mukidi,B24,12,purging,23,13457,2889,2877,7463,8474,2882,8192,12934,13049,13271,,
2005196,D-TEM,dark,Arabika Temanggung Mukidi,B24,12,purging,24,13406,2889,2875,7463,8470,2882,8193,12901,13021,13257,,
2006196,D-TEM,dark,Arabika Temanggung Mukidi,B24,12,purging,25,13357,2884,2875,7463,8466,2886,8194,12870,12994,13244,,
2007196,D-TEM,dark,Arabika Temanggung Mukidi,B24,12,purging,26,13313,2887,2875,7463,8462,2879,8194,12840,12969,13231,,
2008197,D-TEM,dark,Arabika Temanggung Mukidi,B24,12,purging,27,13272,2884,2875,7463,8458,2882,8195,12810,12944,13218,,
2009196,D-TEM,dark,Arabika Temanggung Mukidi,B24,12,purging,28,13235,2884,2877,7463,8454,2882,8193,12783,12920,13205,,
2010196,D-TEM,dark,Arabika Temanggung Mukidi,B24,12,purging,29,13199,2887,2875,7464,8450,2882,8192,12756,12897,13194,,
2011196,D-TEM,dark,Arabika Temanggung Mukidi,B24,12,purging,30,13166,2884,2875,7464,8445,2882,8191,12729,12874,13182,,
2012196,D-TEM,dark,Arabika Temanggung Mukidi,B24,12,purging,31,13136,2884,2875,7464,8441,2882,8189,12704,12853,13171,,
2013196,D-TEM,dark,Arabika Temanggung Mukidi,B24,12,purging,32,13108,2887,2875,7464,8437,2882,8188,12680,12832,13161,,
2014196,D-TEM,dark,Arabika Temanggung Mukidi,B24,12,purging,33,13081,2884,2875,7464,8433,2882,8188,12657,12812,13153,,
2015196,D-TEM,dark,Arabika Temanggung Mukidi,B24,12,purging,34,13057,2884,2875,7464,8430,2882,8188,12635,12793,13145,,
2016196,D-TEM,dark,Arabika Temanggung Mukidi,B24,12,purging,35,13034,2884,2877,7465,8427,2882,8189,12614,12774,13137,,
2017197,D-TEM,dark,Arabika Temanggung Mukidi,B24,12,purging,36,13012,2884,2878,7465,8424,2879,8190,12593,12757,13128,,
2018196,D-TEM,dark,Arabika Temanggung Mukidi,B24,12,purging,37,12991,2884,2875,7465,8421,2882,8190,12573,12740,13121,,
2019196,D-TEM,dark,Arabika Temanggung Mukidi,B24,12,purging,38,12972,2884,2875,7465,8418,2882,8190,12554,12724,13113,,
2020196,D-TEM,dark,Arabika Temanggung Mukidi,B24,12,purging,39,12953,2884,2875,7465,8416,2882,8190,12535,12708,13106,,
2021196,D-TEM,dark,Arabika Temanggung Mukidi,B24,12,purging,40,12935,2887,2875,7466,8414,2886,8190,12517,12693,13098,,
2022196,D-TEM,dark,Arabika Temanggung Mukidi,B24,12,purging,41,12919,2884,2875,7466,8412,2882,8191,12500,12678,13092,,
2023196,D-TEM,dark,Arabika Temanggung Mukidi,B24,12,purging,42,12902,2884,2875,7466,8410,2882,8191,12482,12664,13085,,
2024197,D-TEM,dark,Arabika Temanggung Mukidi,B24,12,purging,43,12888,2884,2875,7466,8408,2882,8190,12466,12651,13079,,
2025196,D-TEM,dark,Arabika Temanggung Mukidi,B24,12,purging,44,12873,2884,2875,7466,8406,2882,8191,12450,12637,13073,,
2026196,D-TEM,dark,Arabika Temanggung Mukidi,B24,12,purging,45,12858,2884,2877,7466,8404,2882,8191,12434,12624,13068,,
2027196,D-TEM,dark,Arabika Temanggung Mukidi,B24,12,purging,46,12844,2887,2875,7467,8402,2882,8191,12419,12611,13063,,
2028196,D-TEM,dark,Arabika Temanggung Mukidi,B24,12,purging,47,12831,2884,2877,7467,8400,2882,8192,12404,12599,13059,,
2029196,D-TEM,dark,Arabika Temanggung Mukidi,B24,12,purging,48,12817,2884,2875,7467,8399,2882,8194,12390,12587,13055,,
2030196,D-TEM,dark,Arabika Temanggung Mukidi,B24,12,purging,49,12803,2887,2875,7467,8398,2882,8196,12376,12576,13052,,
2031196,D-TEM,dark,Arabika Temanggung Mukidi,B24,12,purging,50,12790,2884,2875,7467,8398,2884,8199,12363,12565,13049,,
2032196,D-TEM,dark,Arabika Temanggung Mukidi,B24,12,purging,51,12777,2884,2875,7468,8397,2884,8201,12349,12554,13045,,
2033197,D-TEM,dark,Arabika Temanggung Mukidi,B24,12,purging,52,12765,2884,2875,7468,8396,2882,8203,12336,12544,13041,,
2034196,D-TEM,dark,Arabika Temanggung Mukidi,B24,12,purging,53,12753,2884,2877,7468,8396,2886,8205,12324,12533,13038,,
2035196,D-TEM,dark,Arabika Temanggung Mukidi,B24,12,purging,54,12742,2884,2877,7468,8396,2886,8207,12312,12524,13035,,
2036196,D-TEM,dark,Arabika Temanggung Mukidi,B24,12,purging,55,12731,2884,2875,7468,8395,2882,8209,12300,12515,13032,,
2037196,D-TEM,dark,Arabika Temanggung Mukidi,B24,12,purging,56,12719,2884,2875,7469,8395,2882,8211,12288,12506,13029,,
2038196,D-TEM,dark,Arabika Temanggung Mukidi,B24,12,purging,57,12709,2884,2875,7469,8395,2882,8213,12277,12497,13026,,
2039196,D-TEM,dark,Arabika Temanggung Mukidi,B24,12,purging,58,12699,2884,2877,7469,8395,2882,8215,12266,12489,13024,,
2040197,D-TEM,dark,Arabika Temanggung Mukidi,B24,12,purging,59,12690,2884,2875,7469,8395,2882,8217,12255,12481,13021,,
2041196,D-TEM,dark,Arabika Temanggung Mukidi,B24,12,purging,60,12681,2887,2875,7470,8396,2884,8218,12244,12474,13019,,
2042196,D-TEM,dark,Arabika Temanggung Mukidi,B24,12,purging,61,12672,2887,2875,7470,8396,2882,8220,12234,12466,13015,,
2043196,D-TEM,dark,Arabika Temanggung Mukidi,B24,12,purging,62,12664,2884,2875,7470,8396,2882,8220,12223,12458,13013,,
2044196,D-TEM,dark,Arabika Temanggung Mukidi,B24,12,purging,63,12657,2887,2875,7471,8396,2882,8222,12212,12451,13010,,
2045196,D-TEM,dark,Arabika Temanggung Mukidi,B24,12,purging,64,12649,2884,2875,7471,8395,2886,8222,12201,12443,13007,,
2046196,D-TEM,dark,Arabika Temanggung Mukidi,B24,12,purging,65,12642,2884,2877,7472,8394,2882,8223,12192,12437,13004,,
2047196,D-TEM,dark,Arabika Temanggung Mukidi,B24,12,purging,66,12635,2884,2875,7472,8393,2884,8224,12182,12429,13001,,
2048196,D-TEM,dark,Arabika Temanggung Mukidi,B24,12,purging,67,12628,2884,2878,7472,8393,2884,8224,12173,12423,12999,,
2049197,D-TEM,dark,Arabika Temanggung Mukidi,B24,12,purging,68,12622,2887,2875,7473,8393,2882,8225,12163,12416,12996,,
2050196,D-TEM,dark,Arabika Temanggung Mukidi,B24,12,purging,69,12616,2887,2877,7472,8392,2886,8225,12154,12410,12994,,
2051196,D-TEM,dark,Arabika Temanggung Mukidi,B24,12,purging,70,12611,2884,2875,7473,8391,2882,8226,12145,12404,12991,,
2052196,D-TEM,dark,Arabika Temanggung Mukidi,B24,12,purging,71,12605,2886,2877,7474,8391,2884,8226,12135,12398,12989,,
2053196,D-TEM,dark,Arabika Temanggung Mukidi,B24,12,purging,72,12600,2884,2877,7474,8390,2882,8226,12126,12392,12985,,
2054196,D-TEM,dark,Arabika Temanggung Mukidi,B24,12,purging,73,12594,2887,2880,7474,8389,2882,8226,12118,12386,12983,,
2055196,D-TEM,dark,Arabika Temanggung Mukidi,B24,12,purging,74,12589,2887,2875,7475,8388,2884,8225,12109,12380,12980,,
2056197,D-TEM,dark,Arabika Temanggung Mukidi,B24,12,purging,75,12584,2887,2875,7475,8387,2886,8225,12100,12373,12978,,
2057196,D-TEM,dark,Arabika Temanggung Mukidi,B24,12,purging,76,12579,2884,2875,7476,8385,2886,8225,12092,12368,12975,,
2058196,D-TEM,dark,Arabika Temanggung Mukidi,B24,12,purging,77,12574,2884,2877,7476,8384,2886,8225,12083,12362,12973,,
2059196,D-TEM,dark,Arabika Temanggung Mukidi,B24,12,purging,78,12570,2884,2875,7476,8383,2882,8225,12075,12357,12971,,
2060196,D-TEM,dark,Arabika Temanggung Mukidi,B24,12,purging,79,12565,2884,2875,7477,8382,2886,8226,12068,12351,12970,,
2061196,D-TEM,dark,Arabika Temanggung Mukidi,B24,12,purging,80,12560,2884,2875,7477,8381,2882,8226,12060,12346,12967,,
2062196,D-TEM,dark,Arabika Temanggung Mukidi,B24,12,purging,81,12556,2884,2875,7478,8380,2882,8226,12052,12341,12966,,
2063196,D-TEM,dark,Arabika Temanggung Mukidi,B24,12,purging,82,12552,2884,2877,7478,8379,2884,8227,12045,12336,12966,,
2064196,D-TEM,dark,Arabika Temanggung Mukidi,B24,12,purging,83,12546,2884,2877,7478,8380,2886,8230,12039,12332,12970,,
2065197,D-TEM,dark,Arabika Temanggung Mukidi,B24,12,purging,84,12539,2884,2875,7479,8381,2884,8235,12034,12328,12972,,
2066196,D-TEM,dark,Arabika Temanggung Mukidi,B24,12,purging,85,12532,2887,2875,7479,8383,2886,8241,12029,12325,12975,,
2067196,D-TEM,dark,Arabika Temanggung Mukidi,B24,12,purging,86,12524,2887,2875,7480,8386,2886,8248,12024,12322,12977,,
2068196,D-TEM,dark,Arabika Temanggung Mukidi,B24,12,purging,87,12517,2884,2875,7480,8389,2882,8253,12019,12319,12978,,
2069196,D-TEM,dark,Arabika Temanggung Mukidi,B24,12,purging,88,12510,2884,2877,7480,8392,2882,8257,12013,12316,12978,,
2070196,D-TEM,dark,Arabika Temanggung Mukidi,B24,12,purging,89,12504,2884,2875,7481,8394,2886,8260,12006,12314,12978,,
2071196,D-TEM,dark,Arabika Temanggung Mukidi,B24,12,purging,90,12498,2884,2875,7482,8396,2886,8263,12001,12311,12978,,
2072197,D-TEM,dark,Arabika Temanggung Mukidi,B24,12,purging,91,12493,2886,2875,7482,8398,2884,8265,11995,12308,12978,,
2073196,D-TEM,dark,Arabika Temanggung Mukidi,B24,12,purging,92,12488,2887,2875,7482,8399,2884,8267,11988,12306,12978,,
2074196,D-TEM,dark,Arabika Temanggung Mukidi,B24,12,purging,93,12483,2887,2875,7483,8401,2886,8268,11982,12303,12978,,
2075196,D-TEM,dark,Arabika Temanggung Mukidi,B24,12,purging,94,12479,2884,2877,7483,8402,2884,8270,11976,12300,12977,,
2076196,D-TEM,dark,Arabika Temanggung Mukidi,B24,12,purging,95,12475,2884,2875,7484,8402,2882,8271,11970,12297,12976,,
2077196,D-TEM,dark,Arabika Temanggung Mukidi,B24,12,purging,96,12472,2886,2875,7484,8403,2886,8273,11964,12295,12976,,
2078196,D-TEM,dark,Arabika Temanggung Mukidi,B24,12,purging,97,12469,2884,2875,7485,8404,2884,8273,11958,12292,12974,,
2079196,D-TEM,dark,Arabika Temanggung Mukidi,B24,12,purging,98,12465,2884,2875,7485,8404,2882,8274,11952,12290,12973,,
2080196,D-TEM,dark,Arabika Temanggung Mukidi,B24,12,purging,99,12463,2887,2877,7486,8404,2884,8274,11946,12287,12972,,
2081197,D-TEM,dark,Arabika Temanggung Mukidi,B24,12,purging,100,12460,2884,2875,7487,8404,2882,8275,11940,12284,12971,,
2082196,D-TEM,dark,Arabika Temanggung Mukidi,B24,12,purging,101,12457,2886,2875,7487,8403,2884,8275,11934,12281,12970,,
2083196,D-TEM,dark,Arabika Temanggung Mukidi,B24,12,purging,102,12454,2884,2875,7488,8403,2886,8275,11928,12278,12969,,
2084196,D-TEM,dark,Arabika Temanggung Mukidi,B24,12,purging,103,12451,2884,2877,7488,8403,2886,8275,11923,12275,12968,,
2085196,D-TEM,dark,Arabika Temanggung Mukidi,B24,12,purging,104,12449,2884,2877,7489,8403,2886,8275,11917,12272,12967,,
2086196,D-TEM,dark,Arabika Temanggung Mukidi,B24,12,purging,105,12446,2884,2877,7489,8403,2882,8276,11912,12269,12966,,
2087196,D-TEM,dark,Arabika Temanggung Mukidi,B24,12,purging,106,12443,2886,2877,7489,8402,2884,8277,11907,12267,12965,,
2088197,D-TEM,dark,Arabika Temanggung Mukidi,B24,12,purging,107,12440,2886,2880,7490,8402,2884,8277,11902,12264,12965,,
2089196,D-TEM,dark,Arabika Temanggung Mukidi,B24,12,purging,108,12437,2889,2875,7490,8401,2884,8277,11897,12261,12964,,
2090196,D-TEM,dark,Arabika Temanggung Mukidi,B24,12,purging,109,12435,2884,2880,7491,8401,2882,8277,11891,12259,12963,,
2091196,D-TEM,dark,Arabika Temanggung Mukidi,B24,12,purging,110,12432,2884,2877,7491,8400,2886,8277,11886,12256,12962,,
2092196,D-TEM,dark,Arabika Temanggung Mukidi,B24,12,purging,111,12430,2884,2875,7492,8400,2884,8277,11880,12253,12961,,
2093196,D-TEM,dark,Arabika Temanggung Mukidi,B24,12,purging,112,12427,2887,2877,7492,8400,2886,8277,11876,12250,12960,,
2094196,D-TEM,dark,Arabika Temanggung Mukidi,B24,12,purging,113,12426,2887,2875,7492,8399,2882,8277,11871,12247,12959,,
2095196,D-TEM,dark,Arabika Temanggung Mukidi,B24,12,purging,114,12423,2884,2875,7493,8399,2882,8277,11866,12245,12957,,
2096196,D-TEM,dark,Arabika Temanggung Mukidi,B24,12,purging,115,12421,2887,2875,7494,8398,2884,8277,11861,12242,12956,,
2097197,D-TEM,dark,Arabika Temanggung Mukidi,B24,12,purging,116,12419,2887,2875,7494,8397,2882,8276,11856,12239,12954,,
2098196,D-TEM,dark,Arabika Temanggung Mukidi,B24,12,purging,117,12417,2884,2875,7494,8396,2882,8276,11851,12236,12953,,
2099196,D-TEM,dark,Arabika Temanggung Mukidi,B24,12,purging,118,12416,2884,2875,7495,8395,2886,8275,11847,12233,12952,,
2100196,D-TEM,dark,Arabika Temanggung Mukidi,B24,12,purging,119,12414,2886,2877,7495,8394,2882,8275,11842,12231,12951,,
2101196,D-TEM,dark,Arabika Temanggung Mukidi,B24,12,purging,120,12412,2887,2877,7496,8393,2882,8275,11837,12228,12951,,
2102200,D-TEM,dark,Arabika Temanggung Mukidi,B24,12,collecting,1,12410,2884,2877,7496,8392,2884,8276,11833,12226,12951,,
2103196,D-TEM,dark,Arabika Temanggung Mukidi,B24,12,collecting,2,12413,2884,2877,7494,8390,2886,8276,11829,12223,12948,,
2104197,D-TEM,dark,Arabika Temanggung Mukidi,B24,12,collecting,3,12615,2884,2875,7494,8402,2884,8282,11850,12237,12986,,
2105196,D-TEM,dark,Arabika Temanggung Mukidi,B24,12,collecting,4,13076,2887,2875,7494,8452,2886,8293,11995,12329,13067,,
2106196,D-TEM,dark,Arabika Temanggung Mukidi,B24,12,collecting,5,13596,2886,2875,7494,8530,2886,8298,12252,12497,13170,,
2107196,D-TEM,dark,Arabika Temanggung Mukidi,B24,12,collecting,6,14070,2889,2875,7495,8613,2884,8295,12551,12701,13281,,
2108196,D-TEM,dark,Arabika Temanggung Mukidi,B24,12,collecting,7,14465,2891,2877,7496,8684,2884,8287,12840,12913,13386,,
2109196,D-TEM,dark,Arabika Temanggung Mukidi,B24,12,collecting,8,14782,2889,2877,7496,8742,2884,8278,13092,13110,13481,,
2110196,D-TEM,dark,Arabika Temanggung Mukidi,B24,12,collecting,9,15037,2891,2877,7496,8786,2886,8270,13304,13288,13563,,
2111196,D-TEM,dark,Arabika Temanggung Mukidi,B24,12,collecting,10,15238,2891,2875,7496,8818,2882,8264,13481,13443,13630,,
2112196,D-TEM,dark,Arabika Temanggung Mukidi,B24,12,collecting,11,15399,2889,2875,7497,8844,2884,8258,13625,13576,13688,,
2113197,D-TEM,dark,Arabika Temanggung Mukidi,B24,12,collecting,12,15526,2887,2875,7497,8864,2884,8254,13744,13689,13737,,
2114196,D-TEM,dark,Arabika Temanggung Mukidi,B24,12,collecting,13,15626,2891,2877,7497,8879,2884,8251,13842,13786,13778,,
2115196,D-TEM,dark,Arabika Temanggung Mukidi,B24,12,collecting,14,15704,2889,2875,7498,8892,2886,8249,13923,13867,13813,,
2116196,D-TEM,dark,Arabika Temanggung Mukidi,B24,12,collecting,15,15764,2891,2875,7497,8901,2884,8247,13990,13935,13843,,
2117196,D-TEM,dark,Arabika Temanggung Mukidi,B24,12,collecting,16,15808,2891,2875,7497,8908,2884,8247,14045,13993,13867,,
2118196,D-TEM,dark,Arabika Temanggung Mukidi,B24,12,collecting,17,15841,2887,2875,7498,8914,2884,8247,14089,14041,13887,,
2119196,D-TEM,dark,Arabika Temanggung Mukidi,B24,12,collecting,18,15865,2891,2875,7497,8918,2884,8247,14126,14080,13905,,
2120197,D-TEM,dark,Arabika Temanggung Mukidi,B24,12,collecting,19,15880,2891,2877,7497,8920,2884,8248,14155,14113,13920,,
2121196,D-TEM,dark,Arabika Temanggung Mukidi,B24,12,collecting,20,15889,2891,2877,7497,8923,2886,8249,14179,14141,13932,,
2122196,D-TEM,dark,Arabika Temanggung Mukidi,B24,12,collecting,21,15893,2891,2875,7498,8924,2882,8251,14197,14163,13941,,
2123196,D-TEM,dark,Arabika Temanggung Mukidi,B24,12,collecting,22,15893,2891,2877,7498,8925,2886,8252,14213,14181,13949,,
2124196,D-TEM,dark,Arabika Temanggung Mukidi,B24,12,collecting,23,15889,2891,2875,7498,8925,2884,8253,14224,14196,13957,,
2125196,D-TEM,dark,Arabika Temanggung Mukidi,B24,12,collecting,24,15884,2893,2875,7498,8925,2884,8255,14234,14208,13963,,
2126196,D-TEM,dark,Arabika Temanggung Mukidi,B24,12,collecting,25,15877,2891,2877,7498,8925,2882,8256,14243,14218,13967,,
2127196,D-TEM,dark,Arabika Temanggung Mukidi,B24,12,collecting,26,15868,2891,2875,7499,8925,2886,8258,14250,14226,13971,,
2128196,D-TEM,dark,Arabika Temanggung Mukidi,B24,12,collecting,27,15857,2891,2877,7499,8925,2884,8259,14255,14232,13975,,
2129197,D-TEM,dark,Arabika Temanggung Mukidi,B24,12,collecting,28,15845,2893,2877,7499,8924,2886,8261,14258,14236,13976,,
2130196,D-TEM,dark,Arabika Temanggung Mukidi,B24,12,collecting,29,15832,2893,2875,7499,8923,2884,8262,14259,14239,13978,,
2131196,D-TEM,dark,Arabika Temanggung Mukidi,B24,12,collecting,30,15818,2891,2877,7499,8922,2882,8264,14259,14240,13979,,
2132196,D-TEM,dark,Arabika Temanggung Mukidi,B24,12,collecting,31,15801,2891,2877,7500,8921,2884,8265,14258,14241,13979,,
2133196,D-TEM,dark,Arabika Temanggung Mukidi,B24,12,collecting,32,15784,2891,2877,7501,8920,2886,8267,14255,14239,13978,,
2134196,D-TEM,dark,Arabika Temanggung Mukidi,B24,12,collecting,33,15767,2891,2875,7500,8918,2884,8268,14251,14237,13976,,
2135196,D-TEM,dark,Arabika Temanggung Mukidi,B24,12,collecting,34,15748,2887,2875,7501,8915,2884,8269,14246,14233,13975,,
2136197,D-TEM,dark,Arabika Temanggung Mukidi,B24,12,collecting,35,15730,2887,2877,7501,8913,2882,8270,14240,14229,13973,,
2137196,D-TEM,dark,Arabika Temanggung Mukidi,B24,12,collecting,36,15713,2889,2877,7502,8912,2884,8272,14236,14225,13971,,
2138196,D-TEM,dark,Arabika Temanggung Mukidi,B24,12,collecting,37,15697,2891,2875,7502,8910,2884,8273,14231,14221,13970,,
2139196,D-TEM,dark,Arabika Temanggung Mukidi,B24,12,collecting,38,15681,2891,2877,7502,8909,2884,8274,14226,14216,13967,,
2140196,D-TEM,dark,Arabika Temanggung Mukidi,B24,12,collecting,39,15665,2887,2877,7502,8908,2884,8276,14220,14211,13966,,
2141196,D-TEM,dark,Arabika Temanggung Mukidi,B24,12,collecting,40,15649,2887,2875,7503,8907,2884,8277,14216,14207,13963,,
2142196,D-TEM,dark,Arabika Temanggung Mukidi,B24,12,collecting,41,15634,2889,2877,7503,8906,2884,8278,14211,14202,13962,,
2143196,D-TEM,dark,Arabika Temanggung Mukidi,B24,12,collecting,42,15619,2891,2877,7504,8904,2884,8279,14206,14197,13960,,
2144196,D-TEM,dark,Arabika Temanggung Mukidi,B24,12,collecting,43,15604,2887,2877,7504,8904,2884,8281,14201,14192,13957,,
2145197,D-TEM,dark,Arabika Temanggung Mukidi,B24,12,collecting,44,15591,2891,2877,7505,8903,2882,8282,14196,14188,13955,,
2146196,D-TEM,dark,Arabika Temanggung Mukidi,B24,12,collecting,45,15578,2891,2875,7505,8903,2886,8283,14192,14184,13953,,
2147196,D-TEM,dark,Arabika Temanggung Mukidi,B24,12,collecting,46,15565,2889,2875,7505,8903,2884,8285,14187,14180,13951,,
2148196,D-TEM,dark,Arabika Temanggung Mukidi,B24,12,collecting,47,15552,2891,2877,7505,8902,2884,8286,14182,14176,13949,,
2149196,D-TEM,dark,Arabika Temanggung Mukidi,B24,12,collecting,48,15538,2889,2877,7506,8902,2886,8287,14176,14171,13946,,
2150196,D-TEM,dark,Arabika Temanggung Mukidi,B24,12,collecting,49,15524,2889,2877,7506,8901,2884,8288,14170,14167,13943,,
2151196,D-TEM,dark,Arabika Temanggung Mukidi,B24,12,collecting,50,15510,2889,2875,7507,8901,2884,8289,14163,14162,13940,,
2152197,D-TEM,dark,Arabika Temanggung Mukidi,B24,12,collecting,51,15496,2887,2877,7508,8900,2884,8290,14156,14157,13937,,
2153196,D-TEM,dark,Arabika Temanggung Mukidi,B24,12,collecting,52,15483,2891,2877,7508,8900,2884,8290,14149,14153,13935,,
2154196,D-TEM,dark,Arabika Temanggung Mukidi,B24,12,collecting,53,15471,2891,2877,7509,8899,2884,8291,14143,14148,13931,,
2155196,D-TEM,dark,Arabika Temanggung Mukidi,B24,12,collecting,54,15459,2889,2877,7509,8898,2882,8291,14137,14143,13928,,
2156196,D-TEM,dark,Arabika Temanggung Mukidi,B24,12,collecting,55,15448,2891,2875,7509,8897,2884,8292,14132,14139,13926,,
2157196,D-TEM,dark,Arabika Temanggung Mukidi,B24,12,collecting,56,15437,2891,2875,7510,8896,2884,8293,14126,14134,13923,,
2158196,D-TEM,dark,Arabika Temanggung Mukidi,B24,12,collecting,57,15428,2891,2877,7511,8895,2884,8293,14122,14130,13920,,
2159196,D-TEM,dark,Arabika Temanggung Mukidi,B24,12,collecting,58,15419,2891,2877,7511,8894,2884,8293,14118,14126,13918,,
2160196,D-TEM,dark,Arabika Temanggung Mukidi,B24,12,collecting,59,15410,2891,2877,7511,8892,2884,8293,14113,14121,13915,,
2161197,D-TEM,dark,Arabika Temanggung Mukidi,B24,12,collecting,60,15402,2889,2877,7511,8892,2884,8294,14109,14117,13912,,
2162200,D-TEM,dark,Arabika Temanggung Mukidi,B24,13,purging,1,15393,2889,2877,7512,8891,2886,8294,14104,14112,13910,,
2163196,D-TEM,dark,Arabika Temanggung Mukidi,B24,13,purging,2,15383,2891,2877,7515,8892,2884,8295,14100,14108,13909,,
2164196,D-TEM,dark,Arabika Temanggung Mukidi,B24,13,purging,3,15341,2887,2877,7516,8889,2884,8296,14086,14100,13891,,
2165196,D-TEM,dark,Arabika Temanggung Mukidi,B24,13,purging,4,15262,2887,2877,7517,8878,2884,8295,14043,14073,13863,,
2166196,D-TEM,dark,Arabika Temanggung Mukidi,B24,13,purging,5,15160,2891,2875,7518,8860,2884,8295,13974,14030,13830,,
2167196,D-TEM,dark,Arabika Temanggung Mukidi,B24,13,purging,6,15044,2889,2877,7518,8837,2884,8293,13893,13976,13792,,
2168197,D-TEM,dark,Arabika Temanggung Mukidi,B24,13,purging,7,14920,2889,2877,7518,8813,2884,8292,13808,13915,13752,,
2169196,D-TEM,dark,Arabika Temanggung Mukidi,B24,13,purging,8,14794,2891,2877,7519,8787,2886,8290,13722,13852,13714,,
2170196,D-TEM,dark,Arabika Temanggung Mukidi,B24,13,purging,9,14667,2891,2875,7518,8763,2884,8288,13640,13788,13677,,
2171196,D-TEM,dark,Arabika Temanggung Mukidi,B24,13,purging,10,14543,2889,2875,7519,8739,2884,8286,13562,13727,13642,,
2172196,D-TEM,dark,Arabika Temanggung Mukidi,B24,13,purging,11,14423,2891,2877,7519,8718,2884,8284,13489,13667,13608,,
2173196,D-TEM,dark,Arabika Temanggung Mukidi,B24,13,purging,12,14308,2889,2877,7519,8698,2884,8281,13421,13609,13575,,
2174196,D-TEM,dark,Arabika Temanggung Mukidi,B24,13,purging,13,14199,2891,2877,7519,8679,2884,8278,13357,13554,13545,,
2175196,D-TEM,dark,Arabika Temanggung Mukidi,B24,13,purging,14,14096,2886,2877,7520,8661,2886,8276,13299,13502,13517,,
2176196,D-TEM,dark,Arabika Temanggung Mukidi,B24,13,purging,15,14000,2884,2877,7519,8645,2884,8273,13243,13452,13490,,
2177197,D-TEM,dark,Arabika Temanggung Mukidi,B24,13,purging,16,13910,2886,2877,7520,8630,2884,8271,13191,13405,13465,,
2178196,D-TEM,dark,Arabika Temanggung Mukidi,B24,13,purging,17,13826,2886,2875,7520,8616,2884,8268,13142,13360,13442,,
2179196,D-TEM,dark,Arabika Temanggung Mukidi,B24,13,purging,18,13748,2886,2877,7520,8603,2886,8266,13097,13318,13421,,
2180196,D-TEM,dark,Arabika Temanggung Mukidi,B24,13,purging,19,13675,2886,2877,7520,8591,2884,8264,13054,13278,13400,,
2181196,D-TEM,dark,Arabika Temanggung Mukidi,B24,13,purging,20,13608,2884,2877,7520,8581,2884,8262,13014,13239,13381,,
2182196,D-TEM,dark,Arabika Temanggung Mukidi,B24,13,purging,21,13545,2886,2877,7521,8571,2884,8261,12976,13204,13363,,
2183196,D-TEM,dark,Arabika Temanggung Mukidi,B24,13,purging,22,13486,2886,2877,7520,8562,2884,8260,12939,13169,13346,,
2184197,D-TEM,dark,Arabika Temanggung Mukidi,B24,13,purging,23,13432,2886,2875,7521,8554,2886,8259,12905,13136,13331,,
2185196,D-TEM,dark,Arabika Temanggung Mukidi,B24,13,purging,24,13381,2884,2875,7520,8546,2884,8259,12872,13104,13316,,
2186196,D-TEM,dark,Arabika Temanggung Mukidi,B24,13,purging,25,13334,2886,2877,7521,8539,2884,8259,12841,13075,13303,,
2187196,D-TEM,dark,Arabika Temanggung Mukidi,B24,13,purging,26,13289,2884,2877,7521,8533,2884,8259,12812,13047,13290,,
2188196,D-TEM,dark,Arabika Temanggung Mukidi,B24,13,purging,27,13249,2886,2877,7521,8528,2886,8260,12783,13020,13278,,
2189196,D-TEM,dark,Arabika Temanggung Mukidi,B24,13,purging,28,13210,2886,2877,7521,8523,2884,8261,12756,12995,13266,,
2190196,D-TEM,dark,Arabika Temanggung Mukidi,B24,13,purging,29,13175,2886,2875,7521,8518,2884,8261,12730,12970,13253,,
2191196,D-TEM,dark,Arabika Temanggung Mukidi,B24,13,purging,30,13142,2886,2877,7521,8514,2884,8260,12705,12947,13240,,
2192196,D-TEM,dark,Arabika Temanggung Mukidi,B24,13,purging,31,13112,2886,2877,7522,8509,2886,8259,12680,12924,13228,,
2193197,D-TEM,dark,Arabika Temanggung Mukidi,B24,13,purging,32,13084,2889,2875,7522,8503,2882,8257,12656,12901,13217,,
2194196,D-TEM,dark,Arabika Temanggung Mukidi,B24,13,purging,33,13058,2884,2877,7522,8498,2884,8255,12633,12879,13205,,
2195196,D-TEM,dark,Arabika Temanggung Mukidi,B24,13,purging,34,13034,2886,2877,7522,8492,2884,8254,12611,12858,13193,,
2196196,D-TEM,dark,Arabika Temanggung Mukidi,B24,13,purging,35,13012,2886,2877,7522,8487,2884,8251,12589,12837,13183,,
2197196,D-TEM,dark,Arabika Temanggung Mukidi,B24,13,purging,36,12990,2886,2877,7522,8482,2884,8250,12568,12818,13172,,
2198196,D-TEM,dark,Arabika Temanggung Mukidi,B24,13,purging,37,12971,2886,2877,7523,8476,2882,8248,12547,12799,13163,,
2199196,D-TEM,dark,Arabika Temanggung Mukidi,B24,13,purging,38,12952,2886,2877,7522,8471,2884,8246,12528,12780,13154,,
2200197,D-TEM,dark,Arabika Temanggung Mukidi,B24,13,purging,39,12934,2886,2875,7522,8466,2884,8244,12509,12762,13144,,
2201196,D-TEM,dark,Arabika Temanggung Mukidi,B24,13,purging,40,12917,2886,2875,7522,8461,2882,8243,12489,12744,13135,,
2202196,D-TEM,dark,Arabika Temanggung Mukidi,B24,13,purging,41,12902,2886,2875,7523,8456,2884,8241,12471,12727,13127,,
2203196,D-TEM,dark,Arabika Temanggung Mukidi,B24,13,purging,42,12887,2886,2877,7523,8452,2884,8239,12454,12711,13120,,
2204196,D-TEM,dark,Arabika Temanggung Mukidi,B24,13,purging,43,12873,2886,2877,7523,8448,2884,8239,12438,12695,13114,,
2205196,D-TEM,dark,Arabika Temanggung Mukidi,B24,13,purging,44,12859,2886,2877,7523,8445,2884,8239,12423,12680,13107,,
2206196,D-TEM,dark,Arabika Temanggung Mukidi,B24,13,purging,45,12846,2884,2877,7523,8442,2884,8240,12408,12666,13100,,
2207196,D-TEM,dark,Arabika Temanggung Mukidi,B24,13,purging,46,12833,2886,2877,7522,8439,2884,8240,12393,12652,13093,,
2208196,D-TEM,dark,Arabika Temanggung Mukidi,B24,13,purging,47,12821,2886,2877,7523,8436,2884,8239,12377,12638,13085,,
2209197,D-TEM,dark,Arabika Temanggung Mukidi,B24,13,purging,48,12810,2886,2877,7523,8432,2882,8237,12362,12624,13077,,
2210196,D-TEM,dark,Arabika Temanggung Mukidi,B24,13,purging,49,12797,2886,2875,7523,8427,2884,8235,12347,12610,13071,,
2211196,D-TEM,dark,Arabika Temanggung Mukidi,B24,13,purging,50,12786,2886,2877,7523,8424,2882,8234,12332,12596,13064,,
2212196,D-TEM,dark,Arabika Temanggung Mukidi,B24,13,purging,51,12775,2886,2877,7523,8420,2884,8233,12318,12583,13058,,
2213196,D-TEM,dark,Arabika Temanggung Mukidi,B24,13,purging,52,12764,2884,2875,7523,8416,2884,8233,12305,12570,13053,,
2214196,D-TEM,dark,Arabika Temanggung Mukidi,B24,13,purging,53,12753,2886,2877,7523,8413,2884,8233,12292,12557,13048,,
2215196,D-TEM,dark,Arabika Temanggung Mukidi,B24,13,purging,54,12744,2886,2875,7523,8411,2882,8233,12279,12546,13043,,
2216197,D-TEM,dark,Arabika Temanggung Mukidi,B24,13,purging,55,12733,2886,2877,7524,8409,2884,8233,12268,12535,13038,,
2217196,D-TEM,dark,Arabika Temanggung Mukidi,B24,13,purging,56,12724,2884,2877,7524,8407,2881,8234,12255,12525,13033,,
2218196,D-TEM,dark,Arabika Temanggung Mukidi,B24,13,purging,57,12714,2886,2877,7523,8404,2879,8234,12243,12513,13028,,
2219196,D-TEM,dark,Arabika Temanggung Mukidi,B24,13,purging,58,12705,2886,2877,7524,8402,2884,8234,12231,12503,13023,,
2220196,D-TEM,dark,Arabika Temanggung Mukidi,B24,13,purging,59,12697,2886,2877,7523,8399,2884,8233,12220,12493,13019,,
2221196,D-TEM,dark,Arabika Temanggung Mukidi,B24,13,purging,60,12688,2886,2875,7524,8397,2884,8234,12208,12483,13015,,
2222196,D-TEM,dark,Arabika Temanggung Mukidi,B24,13,purging,61,12679,2884,2875,7524,8394,2877,8233,12198,12473,13010,,
2223196,D-TEM,dark,Arabika Temanggung Mukidi,B24,13,purging,62,12672,2886,2877,7524,8393,2884,8233,12187,12464,13007,,
2224196,D-TEM,dark,Arabika Temanggung Mukidi,B24,13,purging,63,12664,2886,2877,7524,8392,2879,8234,12177,12457,13006,,
2225197,D-TEM,dark,Arabika Temanggung Mukidi,B24,13,purging,64,12657,2886,2875,7525,8393,2879,8237,12168,12450,13004,,
2226196,D-TEM,dark,Arabika Temanggung Mukidi,B24,13,purging,65,12649,2886,2877,7525,8393,2881,8239,12159,12444,13002,,
2227196,D-TEM,dark,Arabika Temanggung Mukidi,B24,13,purging,66,12642,2886,2877,7526,8393,2881,8240,12150,12439,13000,,
2228196,D-TEM,dark,Arabika Temanggung Mukidi,B24,13,purging,67,12635,2886,2877,7526,8394,2884,8242,12141,12433,13000,,
2229196,D-TEM,dark,Arabika Temanggung Mukidi,B24,13,purging,68,12628,2886,2877,7527,8394,2884,8244,12132,12428,12997,,
2230196,D-TEM,dark,Arabika Temanggung Mukidi,B24,13,purging,69,12622,2886,2877,7527,8394,2884,8245,12124,12422,12993,,
2231196,D-TEM,dark,Arabika Temanggung Mukidi,B24,13,purging,70,12615,2886,2875,7527,8392,2884,8244,12114,12415,12989,,
2232197,D-TEM,dark,Arabika Temanggung Mukidi,B24,13,purging,71,12609,2886,2877,7527,8390,2884,8244,12105,12408,12985,,
2233196,D-TEM,dark,Arabika Temanggung Mukidi,B24,13,purging,72,12604,2886,2877,7527,8388,2882,8242,12096,12399,12981,,
2234196,D-TEM,dark,Arabika Temanggung Mukidi,B24,13,purging,73,12599,2886,2875,7527,8384,2884,8241,12087,12391,12977,,
2235196,D-TEM,dark,Arabika Temanggung Mukidi,B24,13,purging,74,12594,2884,2877,7527,8382,2884,8240,12078,12383,12974,,
2236196,D-TEM,dark,Arabika Temanggung Mukidi,B24,13,purging,75,12590,2886,2877,7527,8379,2884,8239,12069,12376,12970,,
2237196,D-TEM,dark,Arabika Temanggung Mukidi,B24,13,purging,76,12586,2886,2875,7528,8376,2882,8239,12061,12369,12967,,
2238196,D-TEM,dark,Arabika Temanggung Mukidi,B24,13,purging,77,12583,2884,2877,7528,8375,2882,8239,12053,12362,12965,,
2239196,D-TEM,dark,Arabika Temanggung Mukidi,B24,13,purging,78,12579,2884,2877,7528,8374,2884,8239,12045,12356,12962,,
2240196,D-TEM,dark,Arabika Temanggung Mukidi,B24,13,purging,79,12574,2886,2875,7529,8372,2884,8239,12037,12351,12957,,
2241197,D-TEM,dark,Arabika Temanggung Mukidi,B24,13,purging,80,12571,2886,2877,7529,8369,2884,8236,12029,12344,12953,,
2242196,D-TEM,dark,Arabika Temanggung Mukidi,B24,13,purging,81,12567,2884,2877,7529,8366,2884,8234,12020,12338,12949,,
2243196,D-TEM,dark,Arabika Temanggung Mukidi,B24,13,purging,82,12564,2886,2875,7529,8364,2884,8233,12013,12330,12946,,
2244196,D-TEM,dark,Arabika Temanggung Mukidi,B24,13,purging,83,12560,2886,2877,7530,8361,2879,8231,12005,12324,12941,,
2245196,D-TEM,dark,Arabika Temanggung Mukidi,B24,13,purging,84,12557,2886,2875,7530,8358,2884,8229,11997,12317,12937,,
2246196,D-TEM,dark,Arabika Temanggung Mukidi,B24,13,purging,85,12554,2886,2877,7530,8354,2884,8227,11989,12310,12933,,
2247196,D-TEM,dark,Arabika Temanggung Mukidi,B24,13,purging,86,12552,2886,2877,7530,8350,2884,8225,11981,12303,12929,,
2248197,D-TEM,dark,Arabika Temanggung Mukidi,B24,13,purging,87,12549,2886,2877,7530,8347,2882,8224,11974,12295,12925,,
2249196,D-TEM,dark,Arabika Temanggung Mukidi,B24,13,purging,88,12547,2886,2877,7530,8344,2877,8221,11966,12288,12922,,
2250196,D-TEM,dark,Arabika Temanggung Mukidi,B24,13,purging,89,12545,2886,2877,7530,8340,2879,8220,11959,12281,12918,,
2251196,D-TEM,dark,Arabika Temanggung Mukidi,B24,13,purging,90,12543,2886,2875,7530,8337,2882,8219,11952,12275,12915,,
2252196,D-TEM,dark,Arabika Temanggung Mukidi,B24,13,purging,91,12540,2886,2875,7531,8334,2882,8217,11945,12268,12912,,
2253196,D-TEM,dark,Arabika Temanggung Mukidi,B24,13,purging,92,12539,2886,2877,7531,8332,2886,8217,11938,12262,12909,,
2254196,D-TEM,dark,Arabika Temanggung Mukidi,B24,13,purging,93,12536,2886,2877,7531,8329,2881,8216,11931,12256,12906,,
2255196,D-TEM,dark,Arabika Temanggung Mukidi,B24,13,purging,94,12532,2886,2877,7531,8326,2877,8214,11925,12250,12902,,
2256196,D-TEM,dark,Arabika Temanggung Mukidi,B24,13,purging,95,12528,2886,2877,7531,8323,2884,8213,11918,12243,12898,,
2257197,D-TEM,dark,Arabika Temanggung Mukidi,B24,13,purging,96,12524,2886,2877,7531,8319,2879,8211,11911,12236,12894,,
2258196,D-TEM,dark,Arabika Temanggung Mukidi,B24,13,purging,97,12519,2886,2875,7531,8315,2877,8209,11904,12229,12889,,
2259196,D-TEM,dark,Arabika Temanggung Mukidi,B24,13,purging,98,12515,2884,2877,7532,8312,2879,8207,11896,12221,12885,,
2260196,D-TEM,dark,Arabika Temanggung Mukidi,B24,13,purging,99,12511,2884,2875,7532,8307,2884,8205,11889,12214,12881,,
2261196,D-TEM,dark,Arabika Temanggung Mukidi,B24,13,purging,100,12506,2886,2877,7532,8303,2879,8202,11882,12206,12876,,
2262196,D-TEM,dark,Arabika Temanggung Mukidi,B24,13,purging,101,12502,2884,2877,7532,8298,2879,8200,11874,12198,12871,,
2263196,D-TEM,dark,Arabika Temanggung Mukidi,B24,13,purging,102,12499,2886,2877,7532,8293,2879,8197,11867,12191,12868,,
2264197,D-TEM,dark,Arabika Temanggung Mukidi,B24,13,purging,103,12495,2886,2875,7532,8289,2879,8196,11861,12183,12864,,
2265196,D-TEM,dark,Arabika Temanggung Mukidi,B24,13,purging,104,12491,2886,2877,7532,8285,2879,8193,11854,12176,12861,,
2266196,D-TEM,dark,Arabika Temanggung Mukidi,B24,13,purging,105,12487,2884,2877,7533,8281,2879,8193,11847,12169,12858,,
2267196,D-TEM,dark,Arabika Temanggung Mukidi,B24,13,purging,106,12484,2884,2877,7533,8278,2881,8192,11841,12162,12855,,
2268196,D-TEM,dark,Arabika Temanggung Mukidi,B24,13,purging,107,12480,2884,2877,7533,8274,2879,8191,11836,12155,12852,,
2269196,D-TEM,dark,Arabika Temanggung Mukidi,B24,13,purging,108,12478,2886,2877,7533,8271,2881,8190,11830,12149,12850,,
2270196,D-TEM,dark,Arabika Temanggung Mukidi,B24,13,purging,109,12475,2886,2875,7533,8268,2877,8190,11825,12143,12848,,
2271196,D-TEM,dark,Arabika Temanggung Mukidi,B24,13,purging,110,12471,2884,2877,7533,8266,2879,8190,11820,12138,12846,,
2272196,D-TEM,dark,Arabika Temanggung Mukidi,B24,13,purging,111,12469,2886,2877,7533,8264,2881,8191,11814,12132,12845,,
2273197,D-TEM,dark,Arabika Temanggung Mukidi,B24,13,purging,112,12466,2886,2877,7534,8263,2877,8191,11810,12127,12843,,
2274196,D-TEM,dark,Arabika Temanggung Mukidi,B24,13,purging,113,12464,2884,2875,7534,8261,2884,8191,11804,12122,12841,,
2275196,D-TEM,dark,Arabika Temanggung Mukidi,B24,13,purging,114,12462,2884,2877,7533,8259,2884,8191,11799,12118,12838,,
2276196,D-TEM,dark,Arabika Temanggung Mukidi,B24,13,purging,115,12459,2886,2877,7534,8258,2881,8190,11795,12113,12836,,
2277196,D-TEM,dark,Arabika Temanggung Mukidi,B24,13,purging,116,12457,2884,2877,7534,8256,2879,8190,11789,12108,12834,,
2278196,D-TEM,dark,Arabika Temanggung Mukidi,B24,13,purging,117,12454,2884,2877,7534,8254,2881,8189,11784,12103,12831,,
2279196,D-TEM,dark,Arabika Temanggung Mukidi,B24,13,purging,118,12452,2884,2877,7534,8251,2884,8188,11779,12098,12828,,
2280197,D-TEM,dark,Arabika Temanggung Mukidi,B24,13,purging,119,12450,2886,2877,7534,8248,2879,8187,11774,12093,12826,,
2281196,D-TEM,dark,Arabika Temanggung Mukidi,B24,13,purging,120,12448,2886,2877,7534,8246,2879,8186,11768,12088,12823,,
2282201,D-TEM,dark,Arabika Temanggung Mukidi,B24,13,collecting,1,12445,2884,2877,7535,8244,2879,8186,11763,12083,12821,,
2283196,D-TEM,dark,Arabika Temanggung Mukidi,B24,13,collecting,2,12447,2886,2877,7532,8239,2879,8184,11757,12077,12823,,
2284196,D-TEM,dark,Arabika Temanggung Mukidi,B24,13,collecting,3,12641,2886,2877,7532,8256,2881,8194,11784,12094,12875,,
2285196,D-TEM,dark,Arabika Temanggung Mukidi,B24,13,collecting,4,13094,2886,2877,7531,8313,2882,8219,11934,12194,12972,,
2286196,D-TEM,dark,Arabika Temanggung Mukidi,B24,13,collecting,5,13618,2884,2877,7531,8404,2881,8241,12204,12372,13091,,
2287196,D-TEM,dark,Arabika Temanggung Mukidi,B24,13,collecting,6,14095,2886,2877,7532,8502,2881,8253,12520,12592,13214,,
2288196,D-TEM,dark,Arabika Temanggung Mukidi,B24,13,collecting,7,14496,2889,2877,7533,8589,2881,8258,12819,12818,13331,,
2289197,D-TEM,dark,Arabika Temanggung Mukidi,B24,13,collecting,8,14822,2891,2877,7533,8660,2884,8259,13077,13031,13432,,
2290196,D-TEM,dark,Arabika Temanggung Mukidi,B24,13,collecting,9,15080,2889,2877,7533,8715,2884,8258,13298,13223,13521,,
2291196,D-TEM,dark,Arabika Temanggung Mukidi,B24,13,collecting,10,15287,2889,2875,7534,8758,2881,8255,13482,13392,13595,,
2292196,D-TEM,dark,Arabika Temanggung Mukidi,B24,13,collecting,11,15451,2889,2877,7534,8792,2884,8253,13635,13538,13658,,
2293196,D-TEM,dark,Arabika Temanggung Mukidi,B24,13,collecting,12,15581,2891,2877,7535,8818,2881,8250,13762,13663,13711,,
2294196,D-TEM,dark,Arabika Temanggung Mukidi,B24,13,collecting,13,15682,2889,2877,7534,8837,2884,8247,13866,13769,13753,,
2295196,D-TEM,dark,Arabika Temanggung Mukidi,B24,13,collecting,14,15760,2889,2877,7535,8852,2879,8244,13950,13857,13788,,
2296197,D-TEM,dark,Arabika Temanggung Mukidi,B24,13,collecting,15,15818,2889,2877,7535,8862,2881,8242,14017,13931,13816,,
2297196,D-TEM,dark,Arabika Temanggung Mukidi,B24,13,collecting,16,15861,2889,2877,7535,8869,2881,8239,14069,13990,13840,,
2298196,D-TEM,dark,Arabika Temanggung Mukidi,B24,13,collecting,17,15893,2893,2877,7535,8873,2884,8237,14111,14039,13859,,
2299196,D-TEM,dark,Arabika Temanggung Mukidi,B24,13,collecting,18,15916,2891,2877,7535,8876,2881,8235,14146,14080,13874,,
2300196,D-TEM,dark,Arabika Temanggung Mukidi,B24,13,collecting,19,15932,2891,2877,7534,8878,2884,8234,14176,14113,13888,,
2301196,D-TEM,dark,Arabika Temanggung Mukidi,B24,13,collecting,20,15943,2893,2877,7534,8879,2884,8232,14200,14141,13899,,
2302196,D-TEM,dark,Arabika Temanggung Mukidi,B24,13,collecting,21,15949,2891,2875,7534,8879,2882,8231,14220,14164,13907,,
2303196,D-TEM,dark,Arabika Temanggung Mukidi,B24,13,collecting,22,15950,2891,2875,7534,8879,2879,8230,14237,14182,13913,,
2304196,D-TEM,dark,Arabika Temanggung Mukidi,B24,13,collecting,23,15948,2889,2875,7534,8877,2879,8228,14250,14197,13918,,
2305197,D-TEM,dark,Arabika Temanggung Mukidi,B24,13,collecting,24,15943,2888,2877,7535,8875,2881,8227,14259,14208,13922,,
2306196,D-TEM,dark,Arabika Temanggung Mukidi,B24,13,collecting,25,15935,2888,2877,7534,8872,2879,8226,14266,14217,13924,,
2307196,D-TEM,dark,Arabika Temanggung Mukidi,B24,13,collecting,26,15926,2891,2875,7534,8869,2881,8225,14270,14222,13926,,
2308196,D-TEM,dark,Arabika Temanggung Mukidi,B24,13,collecting,27,15914,2889,2877,7534,8865,2884,8224,14273,14226,13926,,
2309196,D-TEM,dark,Arabika Temanggung Mukidi,B24,13,collecting,28,15901,2889,2877,7534,8861,2879,8223,14273,14228,13925,,
2310196,D-TEM,dark,Arabika Temanggung Mukidi,B24,13,collecting,29,15886,2889,2877,7534,8858,2881,8222,14272,14227,13924,,
2311196,D-TEM,dark,Arabika Temanggung Mukidi,B24,13,collecting,30,15871,2889,2877,7534,8854,2881,8221,14269,14225,13922,,
2312197,D-TEM,dark,Arabika Temanggung Mukidi,B24,13,collecting,31,15854,2891,2875,7534,8849,2884,8220,14266,14222,13919,,
2313196,D-TEM,dark,Arabika Temanggung Mukidi,B24,13,collecting,32,15837,2889,2877,7534,8845,2881,8219,14261,14217,13916,,
2314196,D-TEM,dark,Arabika Temanggung Mukidi,B24,13,collecting,33,15820,2889,2877,7534,8841,2881,8218,14256,14212,13912,,
2315196,D-TEM,dark,Arabika Temanggung Mukidi,B24,13,collecting,34,15804,2889,2877,7534,8837,2884,8217,14251,14207,13909,,
2316196,D-TEM,dark,Arabika Temanggung Mukidi,B24,13,collecting,35,15788,2889,2875,7534,8832,2879,8216,14247,14201,13905,,
2317196,D-TEM,dark,Arabika Temanggung Mukidi,B24,13,collecting,36,15772,2889,2875,7534,8828,2884,8214,14241,14195,13901,,
2318196,D-TEM,dark,Arabika Temanggung Mukidi,B24,13,collecting,37,15753,2889,2875,7534,8824,2882,8214,14234,14188,13895,,
2319196,D-TEM,dark,Arabika Temanggung Mukidi,B24,13,collecting,38,15735,2889,2877,7534,8819,2877,8213,14226,14180,13890,,
2320196,D-TEM,dark,Arabika Temanggung Mukidi,B24,13,collecting,39,15716,2889,2875,7534,8815,2884,8211,14217,14170,13884,,
2321197,D-TEM,dark,Arabika Temanggung Mukidi,B24,13,collecting,40,15696,2891,2875,7535,8809,2884,8211,14207,14161,13878,,
2322196,D-TEM,dark,Arabika Temanggung Mukidi,B24,13,collecting,41,15677,2889,2875,7535,8805,2879,8209,14198,14151,13872,,
2323196,D-TEM,dark,Arabika Temanggung Mukidi,B24,13,collecting,42,15660,2889,2875,7534,8800,2881,8208,14189,14141,13866,,
2324196,D-TEM,dark,Arabika Temanggung Mukidi,B24,13,collecting,43,15644,2891,2875,7534,8796,2884,8207,14181,14132,13861,,
2325196,D-TEM,dark,Arabika Temanggung Mukidi,B24,13,collecting,44,15629,2886,2875,7535,8792,2882,8207,14174,14124,13856,,
2326196,D-TEM,dark,Arabika Temanggung Mukidi,B24,13,collecting,45,15615,2891,2875,7534,8789,2877,8206,14167,14115,13851,,
2327196,D-TEM,dark,Arabika Temanggung Mukidi,B24,13,collecting,46,15601,2889,2877,7534,8785,2879,8205,14162,14107,13846,,
2328197,D-TEM,dark,Arabika Temanggung Mukidi,B24,13,collecting,47,15587,2889,2875,7535,8781,2881,8204,14154,14099,13841,,
2329196,D-TEM,dark,Arabika Temanggung Mukidi,B24,13,collecting,48,15574,2889,2875,7535,8778,2877,8203,14147,14091,13835,,
2330196,D-TEM,dark,Arabika Temanggung Mukidi,B24,13,collecting,49,15559,2889,2875,7534,8774,2877,8202,14139,14082,13829,,
2331196,D-TEM,dark,Arabika Temanggung Mukidi,B24,13,collecting,50,15545,2891,2877,7535,8770,2879,8200,14131,14073,13824,,
2332196,D-TEM,dark,Arabika Temanggung Mukidi,B24,13,collecting,51,15529,2889,2875,7535,8766,2877,8199,14122,14063,13818,,
2333196,D-TEM,dark,Arabika Temanggung Mukidi,B24,13,collecting,52,15514,2889,2877,7535,8761,2881,8198,14112,14053,13811,,
2334196,D-TEM,dark,Arabika Temanggung Mukidi,B24,13,collecting,53,15498,2889,2875,7535,8757,2879,8197,14102,14043,13805,,
2335196,D-TEM,dark,Arabika Temanggung Mukidi,B24,13,collecting,54,15483,2889,2875,7535,8753,2879,8196,14093,14033,13798,,
2336196,D-TEM,dark,Arabika Temanggung Mukidi,B24,13,collecting,55,15468,2889,2877,7535,8749,2882,8195,14084,14024,13792,,
2337197,D-TEM,dark,Arabika Temanggung Mukidi,B24,13,collecting,56,15453,2889,2875,7535,8745,2879,8194,14074,14014,13786,,
2338196,D-TEM,dark,Arabika Temanggung Mukidi,B24,13,collecting,57,15440,2889,2875,7535,8742,2879,8192,14065,14004,13780,,
2339196,D-TEM,dark,Arabika Temanggung Mukidi,B24,13,collecting,58,15426,2891,2875,7535,8738,2877,8192,14057,13994,13774,,
2340196,D-TEM,dark,Arabika Temanggung Mukidi,B24,13,collecting,59,15415,2891,2877,7535,8735,2877,8191,14049,13986,13769,,
2341196,D-TEM,dark,Arabika Temanggung Mukidi,B24,13,collecting,60,15403,2889,2875,7535,8732,2877,8189,14042,13977,13763,,
2342200,D-TEM,dark,Arabika Temanggung Mukidi,B24,14,purging,1,15393,2889,2877,7534,8728,2882,8189,14035,13969,13759,,
2343196,D-TEM,dark,Arabika Temanggung Mukidi,B24,14,purging,2,15382,2889,2875,7537,8728,2882,8190,14028,13962,13758,,
2344197,D-TEM,dark,Arabika Temanggung Mukidi,B24,14,purging,3,15342,2889,2875,7538,8725,2877,8191,14015,13951,13739,,
2345196,D-TEM,dark,Arabika Temanggung Mukidi,B24,14,purging,4,15267,2889,2877,7538,8713,2881,8190,13972,13924,13709,,
2346196,D-TEM,dark,Arabika Temanggung Mukidi,B24,14,purging,5,15169,2889,2877,7538,8695,2877,8188,13905,13881,13674,,
2347196,D-TEM,dark,Arabika Temanggung Mukidi,B24,14,purging,6,15057,2889,2875,7539,8672,2879,8185,13827,13826,13637,,
2348196,D-TEM,dark,Arabika Temanggung Mukidi,B24,14,purging,7,14938,2889,2875,7538,8647,2879,8183,13742,13765,13598,,
2349196,D-TEM,dark,Arabika Temanggung Mukidi,B24,14,purging,8,14815,2889,2877,7538,8622,2881,8181,13659,13703,13561,,
2350196,D-TEM,dark,Arabika Temanggung Mukidi,B24,14,purging,9,14692,2889,2877,7537,8599,2879,8179,13578,13640,13524,,
2351196,D-TEM,dark,Arabika Temanggung Mukidi,B24,14,purging,10,14571,2886,2875,7537,8577,2879,8177,13502,13578,13490,,
2352196,D-TEM,dark,Arabika Temanggung Mukidi,B24,14,purging,11,14454,2889,2877,7537,8556,2877,8176,13431,13519,13459,,
2353197,D-TEM,dark,Arabika Temanggung Mukidi,B24,14,purging,12,14342,2889,2877,7536,8538,2879,8175,13365,13462,13429,,
2354196,D-TEM,dark,Arabika Temanggung Mukidi,B24,14,purging,13,14236,2891,2877,7536,8520,2879,8174,13304,13409,13400,,
2355196,D-TEM,dark,Arabika Temanggung Mukidi,B24,14,purging,14,14137,2889,2875,7536,8505,2881,8174,13247,13358,13375,,
2356196,D-TEM,dark,Arabika Temanggung Mukidi,B24,14,purging,15,14042,2884,2877,7536,8491,2881,8173,13193,13310,13351,,
2357196,D-TEM,dark,Arabika Temanggung Mukidi,B24,14,purging,16,13954,2889,2875,7536,8479,2879,8173,13144,13265,13328,,
2358196,D-TEM,dark,Arabika Temanggung Mukidi,B24,14,purging,17,13873,2888,2877,7536,8467,2879,8173,13097,13222,13307,,
2359196,D-TEM,dark,Arabika Temanggung Mukidi,B24,14,purging,18,13796,2884,2875,7536,8457,2879,8173,13053,13181,13286,,
2360197,D-TEM,dark,Arabika Temanggung Mukidi,B24,14,purging,19,13724,2884,2875,7535,8447,2884,8172,13012,13143,13268,,
2361196,D-TEM,dark,Arabika Temanggung Mukidi,B24,14,purging,20,13658,2884,2875,7535,8439,2881,8173,12973,13106,13252,,
2362196,D-TEM,dark,Arabika Temanggung Mukidi,B24,14,purging,21,13597,2884,2877,7534,8432,2879,8174,12937,13072,13237,,
2363196,D-TEM,dark,Arabika Temanggung Mukidi,B24,14,purging,22,13540,2888,2875,7535,8427,2881,8176,12903,13040,13224,,
2364196,D-TEM,dark,Arabika Temanggung Mukidi,B24,14,purging,23,13487,2884,2875,7535,8422,2879,8179,12870,13010,13211,,
2365196,D-TEM,dark,Arabika Temanggung Mukidi,B24,14,purging,24,13437,2886,2875,7534,8417,2879,8181,12840,12982,13197,,
2366196,D-TEM,dark,Arabika Temanggung Mukidi,B24,14,purging,25,13390,2884,2877,7534,8412,2879,8182,12810,12954,13184,,
2367196,D-TEM,dark,Arabika Temanggung Mukidi,B24,14,purging,26,13347,2884,2877,7534,8407,2879,8183,12781,12927,13170,,
2368196,D-TEM,dark,Arabika Temanggung Mukidi,B24,14,purging,27,13306,2884,2877,7534,8401,2879,8182,12754,12900,13157,,
2369197,D-TEM,dark,Arabika Temanggung Mukidi,B24,14,purging,28,13268,2884,2875,7534,8396,2877,8182,12726,12875,13145,,
2370196,D-TEM,dark,Arabika Temanggung Mukidi,B24,14,purging,29,13232,2884,2875,7533,8390,2877,8181,12701,12849,13132,,
2371196,D-TEM,dark,Arabika Temanggung Mukidi,B24,14,purging,30,13198,2886,2875,7534,8385,2879,8180,12675,12825,13120,,
2372196,D-TEM,dark,Arabika Temanggung Mukidi,B24,14,purging,31,13165,2886,2877,7533,8379,2877,8179,12650,12801,13108,,
2373196,D-TEM,dark,Arabika Temanggung Mukidi,B24,14,purging,32,13134,2884,2875,7533,8374,2881,8177,12626,12778,13097,,
2374196,D-TEM,dark,Arabika Temanggung Mukidi,B24,14,purging,33,13104,2886,2875,7533,8368,2884,8176,12602,12756,13086,,
2375196,D-TEM,dark,Arabika Temanggung Mukidi,B24,14,purging,34,13075,2884,2877,7532,8363,2881,8175,12579,12733,13076,,
2376197,D-TEM,dark,Arabika Temanggung Mukidi,B24,14,purging,35,13049,2884,2875,7533,8358,2881,8175,12558,12712,13066,,
2377196,D-TEM,dark,Arabika Temanggung Mukidi,B24,14,purging,36,13022,2884,2877,7532,8353,2879,8175,12537,12692,13057,,
2378196,D-TEM,dark,Arabika Temanggung Mukidi,B24,14,purging,37,12999,2884,2877,7532,8348,2879,8174,12516,12672,13047,,
2379196,D-TEM,dark,Arabika Temanggung Mukidi,B24,14,purging,38,12976,2884,2875,7532,8344,2879,8173,12497,12654,13037,,
2380196,D-TEM,dark,Arabika Temanggung Mukidi,B24,14,purging,39,12955,2884,2875,7532,8339,2879,8172,12477,12635,13029,,
2381196,D-TEM,dark,Arabika Temanggung Mukidi,B24,14,purging,40,12935,2886,2877,7532,8335,2881,8171,12459,12617,13019,,
2382196,D-TEM,dark,Arabika Temanggung Mukidi,B24,14,purging,41,12917,2884,2875,7531,8331,2877,8170,12441,12599,13011,,
2383196,D-TEM,dark,Arabika Temanggung Mukidi,B24,14,purging,42,12899,2884,2875,7531,8327,2881,8169,12423,12582,13004,,
2384196,D-TEM,dark,Arabika Temanggung Mukidi,B24,14,purging,43,12883,2886,2877,7531,8323,2877,8169,12406,12566,12996,,
2385197,D-TEM,dark,Arabika Temanggung Mukidi,B24,14,purging,44,12868,2886,2877,7531,8319,2881,8168,12389,12550,12990,,
2386196,D-TEM,dark,Arabika Temanggung Mukidi,B24,14,purging,45,12854,2884,2877,7531,8316,2879,8168,12373,12535,12982,,
2387196,D-TEM,dark,Arabika Temanggung Mukidi,B24,14,purging,46,12840,2884,2875,7530,8313,2879,8167,12357,12520,12976,,
2388196,D-TEM,dark,Arabika Temanggung Mukidi,B24,14,purging,47,12827,2884,2877,7530,8310,2877,8167,12342,12506,12969,,
2389196,D-TEM,dark,Arabika Temanggung Mukidi,B24,14,purging,48,12814,2884,2875,7530,8308,2877,8166,12327,12492,12963,,
2390196,D-TEM,dark,Arabika Temanggung Mukidi,B24,14,purging,49,12802,2886,2875,7530,8304,2877,8166,12313,12479,12957,,
2391196,D-TEM,dark,Arabika Temanggung Mukidi,B24,14,purging,50,12790,2886,2875,7530,8301,2882,8166,12298,12466,12951,,
2392197,D-TEM,dark,Arabika Temanggung Mukidi,B24,14,purging,51,12779,2884,2875,7529,8299,2881,8167,12285,12454,12946,,
2393196,D-TEM,dark,Arabika Temanggung Mukidi,B24,14,purging,52,12768,2884,2877,7529,8296,2877,8166,12272,12441,12940,,
2394196,D-TEM,dark,Arabika Temanggung Mukidi,B24,14,purging,53,12758,2886,2875,7529,8294,2879,8167,12259,12430,12936,,
2395196,D-TEM,dark,Arabika Temanggung Mukidi,B24,14,purging,54,12747,2886,2875,7529,8292,2879,8167,12247,12418,12932,,
2396196,D-TEM,dark,Arabika Temanggung Mukidi,B24,14,purging,55,12737,2884,2875,7528,8290,2877,8169,12235,12408,12928,,
2397196,D-TEM,dark,Arabika Temanggung Mukidi,B24,14,purging,56,12729,2884,2873,7528,8289,2881,8169,12222,12397,12924,,
2398196,D-TEM,dark,Arabika Temanggung Mukidi,B24,14,purging,57,12720,2884,2875,7528,8287,2879,8170,12211,12386,12919,,
2399196,D-TEM,dark,Arabika Temanggung Mukidi,B24,14,purging,58,12711,2884,2877,7528,8286,2879,8170,12200,12376,12915,,
2400196,D-TEM,dark,Arabika Temanggung Mukidi,B24,14,purging,59,12702,2886,2875,7528,8284,2877,8170,12188,12367,12911,,
2401197,D-TEM,dark,Arabika Temanggung Mukidi,B24,14,purging,60,12694,2886,2877,7528,8283,2877,8171,12177,12358,12907,,
2402196,D-TEM,dark,Arabika Temanggung Mukidi,B24,14,purging,61,12686,2884,2875,7528,8282,2881,8171,12166,12348,12903,,
2403196,D-TEM,dark,Arabika Temanggung Mukidi,B24,14,purging,62,12679,2884,2875,7528,8280,2879,8171,12156,12339,12899,,
2404196,D-TEM,dark,Arabika Temanggung Mukidi,B24,14,purging,63,12671,2886,2875,7528,8278,2879,8171,12145,12330,12895,,
2405196,D-TEM,dark,Arabika Temanggung Mukidi,B24,14,purging,64,12664,2884,2877,7528,8276,2879,8171,12134,12322,12891,,
2406196,D-TEM,dark,Arabika Temanggung Mukidi,B24,14,purging,65,12656,2884,2875,7527,8274,2879,8170,12125,12313,12888,,
2407196,D-TEM,dark,Arabika Temanggung Mukidi,B24,14,purging,66,12649,2884,2877,7527,8272,2879,8171,12115,12304,12884,,
2408197,D-TEM,dark,Arabika Temanggung Mukidi,B24,14,purging,67,12642,2884,2877,7527,8270,2877,8170,12105,12295,12881,,
2409196,D-TEM,dark,Arabika Temanggung Mukidi,B24,14,purging,68,12635,2886,2875,7527,8268,2882,8171,12096,12288,12878,,
2410196,D-TEM,dark,Arabika Temanggung Mukidi,B24,14,purging,69,12628,2884,2877,7527,8266,2879,8171,12086,12280,12874,,
2411196,D-TEM,dark,Arabika Temanggung Mukidi,B24,14,purging,70,12622,2886,2875,7527,8264,2879,8170,12077,12271,12870,,
2412196,D-TEM,dark,Arabika Temanggung Mukidi,B24,14,purging,71,12616,2886,2875,7527,8263,2882,8170,12068,12264,12867,,
2413196,D-TEM,dark,Arabika Temanggung Mukidi,B24,14,purging,72,12610,2886,2875,7527,8262,2881,8170,12059,12256,12864,,
2414196,D-TEM,dark,Arabika Temanggung Mukidi,B24,14,purging,73,12603,2886,2875,7527,8260,2879,8170,12050,12249,12860,,
2415196,D-TEM,dark,Arabika Temanggung Mukidi,B24,14,purging,74,12598,2884,2877,7527,8257,2879,8170,12042,12241,12857,,
2416196,D-TEM,dark,Arabika Temanggung Mukidi,B24,14,purging,75,12592,2886,2873,7527,8256,2879,8169,12033,12234,12854,,
2417197,D-TEM,dark,Arabika Temanggung Mukidi,B24,14,purging,76,12587,2884,2877,7527,8254,2879,8169,12025,12227,12851,,
2418196,D-TEM,dark,Arabika Temanggung Mukidi,B24,14,purging,77,12582,2886,2875,7527,8252,2879,8168,12017,12220,12847,,
2419196,D-TEM,dark,Arabika Temanggung Mukidi,B24,14,purging,78,12576,2886,2877,7527,8249,2879,8167,12008,12212,12843,,
2420196,D-TEM,dark,Arabika Temanggung Mukidi,B24,14,purging,79,12570,2884,2877,7527,8247,2877,8167,12000,12205,12840,,
2421196,D-TEM,dark,Arabika Temanggung Mukidi,B24,14,purging,80,12562,2884,2875,7527,8244,2879,8166,11992,12197,12836,,
2422196,D-TEM,dark,Arabika Temanggung Mukidi,B24,14,purging,81,12554,2884,2875,7526,8240,2881,8164,11984,12188,12833,,
2423196,D-TEM,dark,Arabika Temanggung Mukidi,B24,14,purging,82,12544,2886,2877,7526,8236,2879,8164,11976,12180,12829,,
2424197,D-TEM,dark,Arabika Temanggung Mukidi,B24,14,purging,83,12535,2886,2875,7526,8233,2879,8163,11967,12171,12825,,
2425196,D-TEM,dark,Arabika Temanggung Mukidi,B24,14,purging,84,12524,2884,2875,7526,8229,2879,8162,11959,12162,12821,,
2426196,D-TEM,dark,Arabika Temanggung Mukidi,B24,14,purging,85,12512,2884,2877,7526,8225,2877,8161,11950,12153,12818,,
2427196,D-TEM,dark,Arabika Temanggung Mukidi,B24,14,purging,86,12499,2886,2875,7526,8221,2881,8160,11942,12143,12815,,
2428196,D-TEM,dark,Arabika Temanggung Mukidi,B24,14,purging,87,12487,2884,2875,7526,8217,2877,8161,11934,12134,12811,,
2429196,D-TEM,dark,Arabika Temanggung Mukidi,B24,14,purging,88,12477,2884,2875,7525,8214,2879,8161,11926,12125,12808,,
2430196,D-TEM,dark,Arabika Temanggung Mukidi,B24,14,purging,89,12467,2884,2875,7525,8211,2879,8160,11918,12116,12804,,
2431196,D-TEM,dark,Arabika Temanggung Mukidi,B24,14,purging,90,12459,2884,2875,7525,8208,2879,8160,11911,12108,12802,,
2432196,D-TEM,dark,Arabika Temanggung Mukidi,B24,14,purging,91,12451,2884,2875,7525,8205,2877,8160,11904,12100,12799,,
2433197,D-TEM,dark,Arabika Temanggung Mukidi,B24,14,purging,92,12445,2884,2877,7525,8204,2879,8161,11897,12093,12797,,
2434196,D-TEM,dark,Arabika Temanggung Mukidi,B24,14,purging,93,12441,2884,2877,7525,8202,2879,8161,11891,12087,12795,,
2435196,D-TEM,dark,Arabika Temanggung Mukidi,B24,14,purging,94,12438,2884,2877,7525,8201,2879,8162,11884,12081,12793,,
2436196,D-TEM,dark,Arabika Temanggung Mukidi,B24,14,purging,95,12437,2884,2875,7525,8200,2881,8162,11878,12076,12791,,
2437196,D-TEM,dark,Arabika Temanggung Mukidi,B24,14,purging,96,12435,2884,2873,7525,8199,2881,8162,11873,12071,12789,,
2438196,D-TEM,dark,Arabika Temanggung Mukidi,B24,14,purging,97,12432,2884,2875,7525,8198,2881,8161,11867,12066,12787,,
2439196,D-TEM,dark,Arabika Temanggung Mukidi,B24,14,purging,98,12430,2884,2875,7525,8197,2877,8161,11861,12061,12785,,
2440197,D-TEM,dark,Arabika Temanggung Mukidi,B24,14,purging,99,12427,2884,2875,7525,8195,2877,8161,11855,12056,12782,,
2441196,D-TEM,dark,Arabika Temanggung Mukidi,B24,14,purging,100,12423,2884,2875,7525,8193,2881,8161,11849,12050,12780,,
2442196,D-TEM,dark,Arabika Temanggung Mukidi,B24,14,purging,101,12417,2884,2875,7525,8192,2879,8160,11842,12044,12777,,
2443196,D-TEM,dark,Arabika Temanggung Mukidi,B24,14,purging,102,12409,2886,2875,7525,8189,2881,8159,11836,12037,12775,,
2444196,D-TEM,dark,Arabika Temanggung Mukidi,B24,14,purging,103,12401,2884,2875,7525,8186,2881,8159,11830,12030,12773,,
2445196,D-TEM,dark,Arabika Temanggung Mukidi,B24,14,purging,104,12395,2886,2877,7525,8183,2881,8159,11824,12024,12771,,
2446196,D-TEM,dark,Arabika Temanggung Mukidi,B24,14,purging,105,12392,2886,2877,7525,8183,2879,8160,11821,12021,12771,,
2447196,D-TEM,dark,Arabika Temanggung Mukidi,B24,14,purging,106,12390,2884,2875,7525,8183,2881,8160,11819,12018,12772,,
2448196,D-TEM,dark,Arabika Temanggung Mukidi,B24,14,purging,107,12390,2886,2877,7525,8183,2877,8161,11819,12017,12773,,
2449197,D-TEM,dark,Arabika Temanggung Mukidi,B24,14,purging,108,12392,2884,2875,7525,8185,2877,8161,11819,12018,12774,,
2450196,D-TEM,dark,Arabika Temanggung Mukidi,B24,14,purging,109,12393,2884,2875,7525,8185,2881,8161,11819,12018,12775,,
2451196,D-TEM,dark,Arabika Temanggung Mukidi,B24,14,purging,110,12394,2884,2875,7525,8186,2879,8162,11819,12019,12775,,
2452196,D-TEM,dark,Arabika Temanggung Mukidi,B24,14,purging,111,12394,2884,2877,7525,8186,2881,8162,11818,12018,12775,,
2453196,D-TEM,dark,Arabika Temanggung Mukidi,B24,14,purging,112,12394,2884,2875,7525,8185,2881,8162,11817,12017,12775,,
2454196,D-TEM,dark,Arabika Temanggung Mukidi,B24,14,purging,113,12393,2884,2875,7525,8184,2881,8162,11814,12016,12774,,
2455196,D-TEM,dark,Arabika Temanggung Mukidi,B24,14,purging,114,12391,2884,2875,7525,8184,2881,8162,11811,12013,12773,,
2456197,D-TEM,dark,Arabika Temanggung Mukidi,B24,14,purging,115,12388,2884,2877,7525,8182,2877,8162,11807,12011,12772,,
2457196,D-TEM,dark,Arabika Temanggung Mukidi,B24,14,purging,116,12384,2886,2875,7526,8180,2877,8162,11804,12007,12771,,
2458196,D-TEM,dark,Arabika Temanggung Mukidi,B24,14,purging,117,12380,2886,2877,7525,8179,2877,8162,11799,12003,12770,,
2459196,D-TEM,dark,Arabika Temanggung Mukidi,B24,14,purging,118,12376,2886,2877,7525,8177,2879,8162,11795,12000,12769,,
2460196,D-TEM,dark,Arabika Temanggung Mukidi,B24,14,purging,119,12373,2884,2877,7525,8176,2881,8163,11791,11997,12768,,
2461196,D-TEM,dark,Arabika Temanggung Mukidi,B24,14,purging,120,12370,2886,2875,7526,8175,2881,8163,11788,11994,12768,,
2462200,D-TEM,dark,Arabika Temanggung Mukidi,B24,14,collecting,1,12369,2886,2875,7525,8174,2881,8163,11785,11992,12767,,
2463196,D-TEM,dark,Arabika Temanggung Mukidi,B24,14,collecting,2,12373,2884,2875,7523,8173,2879,8163,11781,11989,12772,,
2464196,D-TEM,dark,Arabika Temanggung Mukidi,B24,14,collecting,3,12566,2886,2877,7523,8186,2879,8173,11806,12006,12814,,
2465197,D-TEM,dark,Arabika Temanggung Mukidi,B24,14,collecting,4,13019,2886,2875,7522,8240,2879,8195,11960,12104,12908,,
2466196,D-TEM,dark,Arabika Temanggung Mukidi,B24,14,collecting,5,13547,2889,2875,7522,8327,2879,8213,12223,12278,13024,,
2467196,D-TEM,dark,Arabika Temanggung Mukidi,B24,14,collecting,6,14032,2884,2875,7523,8422,2881,8223,12523,12492,13142,,
2468196,D-TEM,dark,Arabika Temanggung Mukidi,B24,14,collecting,7,14439,2889,2875,7523,8507,2881,8226,12815,12715,13254,,
2469196,D-TEM,dark,Arabika Temanggung Mukidi,B24,14,collecting,8,14767,2886,2875,7524,8576,2881,8226,13071,12926,13354,,
2470196,D-TEM,dark,Arabika Temanggung Mukidi,B24,14,collecting,9,15028,2888,2875,7524,8630,2881,8224,13284,13115,13439,,
2471196,D-TEM,dark,Arabika Temanggung Mukidi,B24,14,collecting,10,15236,2891,2875,7524,8672,2881,8221,13462,13282,13512,,
2472197,D-TEM,dark,Arabika Temanggung Mukidi,B24,14,collecting,11,15400,2889,2877,7524,8705,2879,8218,13609,13426,13572,,
2473196,D-TEM,dark,Arabika Temanggung Mukidi,B24,14,collecting,12,15528,2889,2875,7524,8730,2881,8215,13730,13549,13623,,
2474196,D-TEM,dark,Arabika Temanggung Mukidi,B24,14,collecting,13,15628,2889,2875,7525,8749,2881,8212,13828,13653,13666,,
2475196,D-TEM,dark,Arabika Temanggung Mukidi,B24,14,collecting,14,15707,2889,2875,7524,8764,2879,8211,13909,13741,13702,,
2476196,D-TEM,dark,Arabika Temanggung Mukidi,B24,14,collecting,15,15768,2891,2875,7524,8775,2879,8209,13976,13814,13731,,
2477196,D-TEM,dark,Arabika Temanggung Mukidi,B24,14,collecting,16,15815,2889,2875,7524,8784,2881,8207,14031,13877,13756,,
2478196,D-TEM,dark,Arabika Temanggung Mukidi,B24,14,collecting,17,15850,2891,2877,7524,8790,2879,8206,14077,13929,13777,,
2479196,D-TEM,dark,Arabika Temanggung Mukidi,B24,14,collecting,18,15875,2889,2875,7524,8795,2877,8205,14114,13972,13793,,
2480196,D-TEM,dark,Arabika Temanggung Mukidi,B24,14,collecting,19,15890,2888,2877,7524,8798,2881,8204,14142,14007,13806,,
2481197,D-TEM,dark,Arabika Temanggung Mukidi,B24,14,collecting,20,15899,2889,2875,7524,8798,2877,8203,14165,14035,13817,,
2482196,D-TEM,dark,Arabika Temanggung Mukidi,B24,14,collecting,21,15904,2889,2875,7523,8799,2881,8202,14182,14059,13826,,
2483196,D-TEM,dark,Arabika Temanggung Mukidi,B24,14,collecting,22,15905,2888,2875,7523,8799,2879,8202,14198,14078,13834,,
2484196,D-TEM,dark,Arabika Temanggung Mukidi,B24,14,collecting,23,15903,2889,2875,7524,8798,2884,8201,14211,14093,13841,,
2485196,D-TEM,dark,Arabika Temanggung Mukidi,B24,14,collecting,24,15899,2891,2875,7524,8797,2881,8200,14222,14107,13846,,
2486196,D-TEM,dark,Arabika Temanggung Mukidi,B24,14,collecting,25,15891,2891,2875,7524,8795,2881,8200,14231,14117,13848,,
2487196,D-TEM,dark,Arabika Temanggung Mukidi,B24,14,collecting,26,15880,2886,2875,7524,8792,2877,8200,14236,14124,13850,,
2488197,D-TEM,dark,Arabika Temanggung Mukidi,B24,14,collecting,27,15868,2888,2875,7524,8789,2881,8200,14238,14128,13851,,
2489196,D-TEM,dark,Arabika Temanggung Mukidi,B24,14,collecting,28,15852,2889,2875,7524,8786,2877,8199,14238,14130,13851,,
2490196,D-TEM,dark,Arabika Temanggung Mukidi,B24,14,collecting,29,15836,2889,2875,7524,8783,2881,8199,14236,14130,13849,,
2491196,D-TEM,dark,Arabika Temanggung Mukidi,B24,14,collecting,30,15817,2889,2877,7524,8779,2884,8199,14232,14129,13847,,
2492196,D-TEM,dark,Arabika Temanggung Mukidi,B24,14,collecting,31,15797,2889,2875,7524,8775,2877,8198,14227,14125,13845,,
2493196,D-TEM,dark,Arabika Temanggung Mukidi,B24,14,collecting,32,15778,2889,2875,7524,8771,2879,8199,14221,14121,13842,,
2494196,D-TEM,dark,Arabika Temanggung Mukidi,B24,14,collecting,33,15757,2891,2875,7523,8767,2881,8198,14215,14116,13838,,
2495196,D-TEM,dark,Arabika Temanggung Mukidi,B24,14,collecting,34,15738,2889,2877,7524,8763,2881,8198,14208,14109,13835,,
2496196,D-TEM,dark,Arabika Temanggung Mukidi,B24,14,collecting,35,15717,2891,2875,7524,8760,2877,8198,14202,14103,13831,,
2497197,D-TEM,dark,Arabika Temanggung Mukidi,B24,14,collecting,36,15697,2889,2875,7524,8756,2879,8198,14194,14096,13828,,
2498196,D-TEM,dark,Arabika Temanggung Mukidi,B24,14,collecting,37,15676,2891,2875,7524,8752,2879,8198,14187,14089,13822,,
2499196,D-TEM,dark,Arabika Temanggung Mukidi,B24,14,collecting,38,15655,2886,2875,7524,8748,2882,8197,14177,14081,13818,,
2500196,D-TEM,dark,Arabika Temanggung Mukidi,B24,14,collecting,39,15633,2891,2877,7524,8744,2881,8197,14168,14072,13813,,
2501196,D-TEM,dark,Arabika Temanggung Mukidi,B24,14,collecting,40,15611,2889,2877,7524,8740,2879,8197,14159,14063,13808,,
2502196,D-TEM,dark,Arabika Temanggung Mukidi,B24,14,collecting,41,15589,2889,2875,7524,8736,2879,8197,14149,14053,13801,,
2503196,D-TEM,dark,Arabika Temanggung Mukidi,B24,14,collecting,42,15567,2886,2875,7524,8732,2881,8197,14138,14043,13795,,
2504197,D-TEM,dark,Arabika Temanggung Mukidi,B24,14,collecting,43,15546,2891,2875,7525,8727,2882,8197,14127,14033,13790,,
2505196,D-TEM,dark,Arabika Temanggung Mukidi,B24,14,collecting,44,15525,2889,2875,7525,8723,2877,8197,14117,14023,13785,,
2506196,D-TEM,dark,Arabika Temanggung Mukidi,B24,14,collecting,45,15508,2891,2875,7525,8720,2879,8197,14108,14013,13780,,
2507196,D-TEM,dark,Arabika Temanggung Mukidi,B24,14,collecting,46,15492,2891,2875,7525,8718,2881,8196,14101,14005,13776,,
2508196,D-TEM,dark,Arabika Temanggung Mukidi,B24,14,collecting,47,15478,2889,2875,7526,8715,2877,8197,14095,13998,13772,,
2509196,D-TEM,dark,Arabika Temanggung Mukidi,B24,14,collecting,48,15464,2889,2875,7526,8713,2879,8196,14089,13991,13768,,
2510196,D-TEM,dark,Arabika Temanggung Mukidi,B24,14,collecting,49,15451,2886,2875,7526,8711,2877,8196,14083,13984,13764,,
2511196,D-TEM,dark,Arabika Temanggung Mukidi,B24,14,collecting,50,15437,2889,2875,7526,8709,2881,8197,14078,13976,13761,,
2512196,D-TEM,dark,Arabika Temanggung Mukidi,B24,14,collecting,51,15423,2889,2875,7526,8706,2881,8197,14071,13969,13757,,
2513197,D-TEM,dark,Arabika Temanggung Mukidi,B24,14,collecting,52,15409,2891,2875,7526,8704,2881,8196,14063,13962,13753,,
2514196,D-TEM,dark,Arabika Temanggung Mukidi,B24,14,collecting,53,15396,2889,2877,7526,8702,2881,8196,14057,13955,13750,,
2515196,D-TEM,dark,Arabika Temanggung Mukidi,B24,14,collecting,54,15383,2889,2875,7526,8700,2881,8197,14052,13949,13747,,
2516196,D-TEM,dark,Arabika Temanggung Mukidi,B24,14,collecting,55,15370,2889,2875,7527,8700,2879,8197,14046,13943,13745,,
2517196,D-TEM,dark,Arabika Temanggung Mukidi,B24,14,collecting,56,15358,2889,2875,7527,8699,2877,8199,14042,13938,13743,,
2518196,D-TEM,dark,Arabika Temanggung Mukidi,B24,14,collecting,57,15346,2889,2877,7527,8699,2881,8200,14037,13933,13741,,
2519196,D-TEM,dark,Arabika Temanggung Mukidi,B24,14,collecting,58,15335,2891,2875,7527,8700,2884,8202,14034,13929,13740,,
2520197,D-TEM,dark,Arabika Temanggung Mukidi,B24,14,collecting,59,15325,2889,2875,7528,8701,2881,8203,14031,13926,13739,,
2521196,D-TEM,dark,Arabika Temanggung Mukidi,B24,14,collecting,60,15316,2889,2877,7527,8702,2877,8205,14028,13924,13739,,
2522201,D-TEM,dark,Arabika Temanggung Mukidi,B24,15,purging,1,15307,2889,2875,7528,8703,2879,8207,14027,13922,13739,,
2523196,D-TEM,dark,Arabika Temanggung Mukidi,B24,15,purging,2,15298,2889,2877,7530,8708,2879,8210,14026,13922,13746,,
2524196,D-TEM,dark,Arabika Temanggung Mukidi,B24,15,purging,3,15261,2891,2877,7532,8713,2882,8218,14021,13921,13750,,
2525196,D-TEM,dark,Arabika Temanggung Mukidi,B24,15,purging,4,15194,2891,2875,7533,8720,2882,8231,13999,13915,13748,,
2526196,D-TEM,dark,Arabika Temanggung Mukidi,B24,15,purging,5,15106,2891,2875,7533,8724,2881,8245,13962,13902,13739,,
2527196,D-TEM,dark,Arabika Temanggung Mukidi,B24,15,purging,6,15005,2889,2875,7533,8726,2884,8257,13915,13881,13727,,
2528196,D-TEM,dark,Arabika Temanggung Mukidi,B24,15,purging,7,14897,2889,2875,7533,8725,2881,8267,13865,13856,13712,,
2529197,D-TEM,dark,Arabika Temanggung Mukidi,B24,15,purging,8,14788,2889,2875,7533,8724,2881,8276,13814,13827,13697,,
2530196,D-TEM,dark,Arabika Temanggung Mukidi,B24,15,purging,9,14680,2891,2875,7533,8721,2881,8284,13765,13798,13681,,
2531196,D-TEM,dark,Arabika Temanggung Mukidi,B24,15,purging,10,14574,2891,2875,7533,8717,2881,8291,13718,13770,13666,,
2532196,D-TEM,dark,Arabika Temanggung Mukidi,B24,15,purging,11,14471,2888,2877,7533,8713,2881,8295,13675,13741,13650,,
2533196,D-TEM,dark,Arabika Temanggung Mukidi,B24,15,purging,12,14373,2891,2877,7534,8708,2884,8299,13633,13713,13635,,
2534196,D-TEM,dark,Arabika Temanggung Mukidi,B24,15,purging,13,14280,2891,2875,7534,8702,2882,8302,13593,13686,13620,,
2535196,D-TEM,dark,Arabika Temanggung Mukidi,B24,15,purging,14,14190,2888,2875,7534,8696,2881,8304,13555,13658,13603,,
2536197,D-TEM,dark,Arabika Temanggung Mukidi,B24,15,purging,15,14105,2884,2877,7534,8688,2881,8305,13517,13629,13588,,
2537196,D-TEM,dark,Arabika Temanggung Mukidi,B24,15,purging,16,14024,2884,2877,7535,8680,2881,8306,13479,13600,13574,,
2538196,D-TEM,dark,Arabika Temanggung Mukidi,B24,15,purging,17,13950,2884,2877,7535,8674,2881,8308,13445,13573,13565,,
2539196,D-TEM,dark,Arabika Temanggung Mukidi,B24,15,purging,18,13883,2886,2875,7535,8671,2881,8311,13416,13552,13558,,
2540196,D-TEM,dark,Arabika Temanggung Mukidi,B24,15,purging,19,13821,2886,2877,7535,8669,2881,8315,13392,13532,13552,,
2541196,D-TEM,dark,Arabika Temanggung Mukidi,B24,15,purging,20,13765,2884,2877,7536,8670,2881,8320,13372,13517,13548,,
2542196,D-TEM,dark,Arabika Temanggung Mukidi,B24,15,purging,21,13713,2888,2873,7536,8671,2881,8326,13354,13504,13547,,
2543196,D-TEM,dark,Arabika Temanggung Mukidi,B24,15,purging,22,13665,2884,2875,7536,8674,2881,8331,13339,13493,13544,,
2544196,D-TEM,dark,Arabika Temanggung Mukidi,B24,15,purging,23,13619,2884,2875,7536,8676,2881,8336,13323,13482,13541,,
2545197,D-TEM,dark,Arabika Temanggung Mukidi,B24,15,purging,24,13576,2886,2875,7536,8678,2881,8340,13307,13472,13537,,
2546196,D-TEM,dark,Arabika Temanggung Mukidi,B24,15,purging,25,13539,2888,2875,7537,8681,2881,8344,13294,13463,13535,,
2547196,D-TEM,dark,Arabika Temanggung Mukidi,B24,15,purging,26,13504,2886,2875,7537,8683,2881,8347,13281,13455,13533,,
2548196,D-TEM,dark,Arabika Temanggung Mukidi,B24,15,purging,27,13474,2884,2875,7538,8686,2884,8349,13271,13449,13532,,
2549196,D-TEM,dark,Arabika Temanggung Mukidi,B24,15,purging,28,13449,2884,2875,7538,8689,2884,8352,13263,13445,13533,,
2550196,D-TEM,dark,Arabika Temanggung Mukidi,B24,15,purging,29,13429,2886,2875,7538,8694,2884,8354,13259,13445,13534,,
2551196,D-TEM,dark,Arabika Temanggung Mukidi,B24,15,purging,30,13410,2884,2875,7539,8699,2884,8356,13256,13445,13534,,
2552197,D-TEM,dark,Arabika Temanggung Mukidi,B24,15,purging,31,13393,2884,2875,7539,8703,2881,8357,13253,13445,13534,,
2553196,D-TEM,dark,Arabika Temanggung Mukidi,B24,15,purging,32,13379,2884,2877,7540,8706,2881,8357,13250,13445,13535,,
2554196,D-TEM,dark,Arabika Temanggung Mukidi,B24,15,purging,33,13366,2884,2875,7540,8708,2881,8358,13246,13446,13536,,
2555196,D-TEM,dark,Arabika Temanggung Mukidi,B24,15,purging,34,13355,2884,2877,7540,8710,2882,8358,13243,13446,13537,,
2556196,D-TEM,dark,Arabika Temanggung Mukidi,B24,15,purging,35,13346,2884,2875,7541,8711,2884,8358,13242,13447,13538,,
2557196,D-TEM,dark,Arabika Temanggung Mukidi,B24,15,purging,36,13339,2884,2875,7540,8713,2881,8358,13241,13449,13539,,
2558196,D-TEM,dark,Arabika Temanggung Mukidi,B24,15,purging,37,13333,2884,2875,7541,8715,2881,8357,13241,13452,13541,,
2559196,D-TEM,dark,Arabika Temanggung Mukidi,B24,15,purging,38,13327,2884,2877,7542,8717,2881,8357,13241,13454,13542,,
2560196,D-TEM,dark,Arabika Temanggung Mukidi,B24,15,purging,39,13320,2882,2875,7542,8718,2881,8356,13240,13456,13543,,
2561197,D-TEM,dark,Arabika Temanggung Mukidi,B24,15,purging,40,13314,2884,2875,7542,8719,2881,8356,13240,13458,13542,,
2562196,D-TEM,dark,Arabika Temanggung Mukidi,B24,15,purging,41,13305,2882,2873,7543,8717,2879,8354,13237,13456,13540,,
2563196,D-TEM,dark,Arabika Temanggung Mukidi,B24,15,purging,42,13295,2884,2875,7543,8715,2881,8353,13231,13454,13539,,
2564196,D-TEM,dark,Arabika Temanggung Mukidi,B24,15,purging,43,13286,2884,2877,7543,8713,2881,8352,13225,13450,13538,,
2565196,D-TEM,dark,Arabika Temanggung Mukidi,B24,15,purging,44,13278,2886,2875,7544,8711,2881,8351,13220,13447,13537,,
2566196,D-TEM,dark,Arabika Temanggung Mukidi,B24,15,purging,45,13270,2884,2875,7544,8710,2884,8351,13215,13445,13537,,
2567196,D-TEM,dark,Arabika Temanggung Mukidi,B24,15,purging,46,13262,2884,2875,7544,8708,2881,8351,13211,13442,13536,,
2568197,D-TEM,dark,Arabika Temanggung Mukidi,B24,15,purging,47,13254,2884,2873,7544,8707,2881,8350,13208,13439,13535,,
2569196,D-TEM,dark,Arabika Temanggung Mukidi,B24,15,purging,48,13252,2884,2875,7545,8708,2881,8352,13205,13438,13543,,
2570196,D-TEM,dark,Arabika Temanggung Mukidi,B24,15,purging,49,13255,2884,2875,7545,8714,2881,8356,13211,13445,13554,,
2571196,D-TEM,dark,Arabika Temanggung Mukidi,B24,15,purging,50,13260,2884,2875,7545,8723,2882,8361,13224,13457,13564,,
2572196,D-TEM,dark,Arabika Temanggung Mukidi,B24,15,purging,51,13265,2884,2875,7546,8732,2881,8364,13237,13470,13574,,
2573196,D-TEM,dark,Arabika Temanggung Mukidi,B24,15,purging,52,13273,2884,2875,7546,8741,2881,8367,13250,13484,13586,,
2574196,D-TEM,dark,Arabika Temanggung Mukidi,B24,15,purging,53,13284,2884,2875,7546,8751,2884,8372,13266,13501,13600,,
2575196,D-TEM,dark,Arabika Temanggung Mukidi,B24,15,purging,54,13297,2884,2875,7547,8763,2881,8378,13286,13522,13615,,
2576196,D-TEM,dark,Arabika Temanggung Mukidi,B24,15,purging,55,13311,2884,2873,7547,8776,2881,8382,13307,13544,13627,,
2577197,D-TEM,dark,Arabika Temanggung Mukidi,B24,15,purging,56,13322,2886,2875,7548,8786,2884,8385,13326,13565,13639,,
2578196,D-TEM,dark,Arabika Temanggung Mukidi,B24,15,purging,57,13332,2884,2875,7548,8794,2879,8388,13344,13584,13650,,
2579196,D-TEM,dark,Arabika Temanggung Mukidi,B24,15,purging,58,13341,2884,2875,7549,8802,2881,8390,13359,13601,13661,,
2580196,D-TEM,dark,Arabika Temanggung Mukidi,B24,15,purging,59,13350,2884,2875,7549,8810,2884,8393,13376,13619,13673,,
2581196,D-TEM,dark,Arabika Temanggung Mukidi,B24,15,purging,60,13358,2884,2875,7549,8818,2881,8396,13393,13638,13683,,
2582196,D-TEM,dark,Arabika Temanggung Mukidi,B24,15,purging,61,13364,2884,2875,7550,8825,2881,8399,13408,13655,13691,,
2583196,D-TEM,dark,Arabika Temanggung Mukidi,B24,15,purging,62,13368,2886,2875,7550,8829,2881,8400,13420,13669,13696,,
2584197,D-TEM,dark,Arabika Temanggung Mukidi,B24,15,purging,63,13369,2884,2875,7551,8830,2884,8399,13427,13679,13700,,
2585196,D-TEM,dark,Arabika Temanggung Mukidi,B24,15,purging,64,13369,2884,2875,7551,8829,2881,8398,13431,13685,13702,,
2586196,D-TEM,dark,Arabika Temanggung Mukidi,B24,15,purging,65,13371,2884,2875,7552,8829,2884,8397,13434,13690,13707,,
2587196,D-TEM,dark,Arabika Temanggung Mukidi,B24,15,purging,66,13374,2884,2875,7552,8830,2881,8397,13440,13698,13714,,
2588196,D-TEM,dark,Arabika Temanggung Mukidi,B24,15,purging,67,13379,2884,2875,7553,8833,2884,8398,13449,13708,13723,,
2589196,D-TEM,dark,Arabika Temanggung Mukidi,B24,15,purging,68,13387,2884,2875,7553,8838,2881,8400,13462,13721,13733,,
2590196,D-TEM,dark,Arabika Temanggung Mukidi,B24,15,purging,69,13395,2884,2873,7554,8844,2881,8402,13476,13735,13741,,
2591196,D-TEM,dark,Arabika Temanggung Mukidi,B24,15,purging,70,13401,2884,2875,7554,8848,2881,8402,13489,13748,13747,,
2592196,D-TEM,dark,Arabika Temanggung Mukidi,B24,15,purging,71,13405,2884,2875,7555,8852,2881,8402,13499,13758,13754,,
2593197,D-TEM,dark,Arabika Temanggung Mukidi,B24,15,purging,72,13411,2884,2875,7555,8855,2881,8403,13510,13768,13761,,
2594196,D-TEM,dark,Arabika Temanggung Mukidi,B24,15,purging,73,13416,2884,2875,7555,8858,2881,8404,13520,13779,13769,,
2595196,D-TEM,dark,Arabika Temanggung Mukidi,B24,15,purging,74,13420,2888,2875,7556,8861,2881,8405,13530,13790,13775,,
2596196,D-TEM,dark,Arabika Temanggung Mukidi,B24,15,purging,75,13425,2884,2875,7557,8864,2884,8406,13541,13800,13783,,
2597196,D-TEM,dark,Arabika Temanggung Mukidi,B24,15,purging,76,13430,2888,2875,7557,8868,2881,8408,13551,13811,13790,,
2598196,D-TEM,dark,Arabika Temanggung Mukidi,B24,15,purging,77,13436,2884,2877,7558,8871,2881,8409,13562,13821,13798,,
2599196,D-TEM,dark,Arabika Temanggung Mukidi,B24,15,purging,78,13440,2884,2877,7558,8875,2884,8411,13573,13832,13807,,
2600197,D-TEM,dark,Arabika Temanggung Mukidi,B24,15,purging,79,13448,2888,2875,7558,8880,2881,8414,13584,13844,13819,,
2601196,D-TEM,dark,Arabika Temanggung Mukidi,B24,15,purging,80,13457,2888,2875,7559,8887,2881,8418,13599,13859,13831,,
2602196,D-TEM,dark,Arabika Temanggung Mukidi,B24,15,purging,81,13466,2888,2875,7559,8895,2881,8420,13616,13875,13842,,
2603196,D-TEM,dark,Arabika Temanggung Mukidi,B24,15,purging,82,13475,2888,2875,7559,8903,2881,8424,13632,13892,13856,,
2604196,D-TEM,dark,Arabika Temanggung Mukidi,B24,15,purging,83,13485,2884,2875,7560,8912,2884,8428,13650,13910,13867,,
2605196,D-TEM,dark,Arabika Temanggung Mukidi,B24,15,purging,84,13492,2888,2877,7561,8920,2884,8432,13667,13927,13878,,
2606196,D-TEM,dark,Arabika Temanggung Mukidi,B24,15,purging,85,13498,2888,2877,7561,8927,2881,8435,13683,13942,13890,,
2607196,D-TEM,dark,Arabika Temanggung Mukidi,B24,15,purging,86,13505,2886,2875,7561,8933,2884,8439,13699,13957,13902,,
2608196,D-TEM,dark,Arabika Temanggung Mukidi,B24,15,purging,87,13511,2886,2875,7562,8939,2881,8443,13714,13973,13910,,
2609197,D-TEM,dark,Arabika Temanggung Mukidi,B24,15,purging,88,13515,2888,2873,7563,8945,2881,8445,13727,13986,13918,,
2610196,D-TEM,dark,Arabika Temanggung Mukidi,B24,15,purging,89,13519,2888,2875,7563,8949,2881,8447,13739,13998,13926,,
2611196,D-TEM,dark,Arabika Temanggung Mukidi,B24,15,purging,90,13522,2889,2875,7564,8952,2881,8449,13750,14010,13932,,
2612196,D-TEM,dark,Arabika Temanggung Mukidi,B24,15,purging,91,13523,2888,2875,7565,8955,2879,8451,13758,14018,13938,,
2613196,D-TEM,dark,Arabika Temanggung Mukidi,B24,15,purging,92,13522,2886,2875,7565,8956,2881,8451,13765,14025,13943,,
2614196,D-TEM,dark,Arabika Temanggung Mukidi,B24,15,purging,93,13521,2888,2875,7566,8957,2881,8453,13770,14031,13947,,
2615196,D-TEM,dark,Arabika Temanggung Mukidi,B24,15,purging,94,13520,2886,2875,7566,8958,2881,8453,13774,14036,13952,,
2616197,D-TEM,dark,Arabika Temanggung Mukidi,B24,15,purging,95,13517,2888,2875,7567,8958,2881,8455,13779,14041,13959,,
2617196,D-TEM,dark,Arabika Temanggung Mukidi,B24,15,purging,96,13517,2884,2875,7568,8960,2881,8457,13785,14046,13966,,
2618196,D-TEM,dark,Arabika Temanggung Mukidi,B24,15,purging,97,13516,2888,2877,7568,8963,2881,8460,13793,14054,13971,,
2619196,D-TEM,dark,Arabika Temanggung Mukidi,B24,15,purging,98,13515,2886,2875,7569,8965,2881,8462,13799,14060,13976,,
2620196,D-TEM,dark,Arabika Temanggung Mukidi,B24,15,purging,99,13513,2886,2875,7569,8968,2881,8464,13805,14065,13984,,
2621196,D-TEM,dark,Arabika Temanggung Mukidi,B24,15,purging,100,13513,2888,2875,7570,8973,2881,8468,13813,14072,13995,,
2622196,D-TEM,dark,Arabika Temanggung Mukidi,B24,15,purging,101,13515,2886,2875,7571,8978,2881,8475,13824,14083,14010,,
2623196,D-TEM,dark,Arabika Temanggung Mukidi,B24,15,purging,102,13520,2888,2875,7571,8990,2884,8483,13840,14098,14024,,
2624196,D-TEM,dark,Arabika Temanggung Mukidi,B24,15,purging,103,13525,2888,2875,7572,9001,2881,8491,13858,14115,14039,,
2625197,D-TEM,dark,Arabika Temanggung Mukidi,B24,15,purging,104,13530,2886,2875,7573,9013,2881,8497,13877,14133,14051,,
2626196,D-TEM,dark,Arabika Temanggung Mukidi,B24,15,purging,105,13535,2888,2877,7573,9023,2881,8503,13894,14149,14062,,
2627196,D-TEM,dark,Arabika Temanggung Mukidi,B24,15,purging,106,13539,2886,2875,7574,9031,2881,8507,13910,14165,14071,,
2628196,D-TEM,dark,Arabika Temanggung Mukidi,B24,15,purging,107,13540,2888,2875,7575,9036,2881,8509,13921,14177,14077,,
2629196,D-TEM,dark,Arabika Temanggung Mukidi,B24,15,purging,108,13544,2888,2877,7576,9040,2881,8511,13931,14187,14086,,
2630196,D-TEM,dark,Arabika Temanggung Mukidi,B24,15,purging,109,13547,2888,2873,7576,9045,2881,8513,13941,14198,14094,,
2631196,D-TEM,dark,Arabika Temanggung Mukidi,B24,15,purging,110,13551,2888,2875,7578,9050,2881,8516,13951,14209,14102,,
2632197,D-TEM,dark,Arabika Temanggung Mukidi,B24,15,purging,111,13556,2886,2875,7578,9055,2881,8518,13962,14221,14110,,
2633196,D-TEM,dark,Arabika Temanggung Mukidi,B24,15,purging,112,13563,2886,2875,7579,9060,2884,8520,13974,14233,14120,,
2634196,D-TEM,dark,Arabika Temanggung Mukidi,B24,15,purging,113,13571,2888,2877,7580,9066,2881,8521,13989,14246,14127,,
2635196,D-TEM,dark,Arabika Temanggung Mukidi,B24,15,purging,114,13578,2886,2877,7580,9070,2884,8522,14002,14259,14135,,
2636196,D-TEM,dark,Arabika Temanggung Mukidi,B24,15,purging,115,13584,2888,2875,7581,9073,2881,8522,14013,14270,14140,,
2637196,D-TEM,dark,Arabika Temanggung Mukidi,B24,15,purging,116,13589,2886,2875,7582,9076,2881,8522,14024,14279,14146,,
2638196,D-TEM,dark,Arabika Temanggung Mukidi,B24,15,purging,117,13593,2886,2875,7583,9079,2881,8522,14032,14287,14152,,
2639196,D-TEM,dark,Arabika Temanggung Mukidi,B24,15,purging,118,13597,2888,2875,7583,9081,2881,8522,14040,14295,14157,,
2640196,D-TEM,dark,Arabika Temanggung Mukidi,B24,15,purging,119,13602,2886,2873,7584,9083,2881,8522,14049,14304,14163,,
2641197,D-TEM,dark,Arabika Temanggung Mukidi,B24,15,purging,120,13606,2886,2873,7585,9084,2881,8521,14057,14311,14168,,
2642200,D-TEM,dark,Arabika Temanggung Mukidi,B24,15,collecting,1,13609,2886,2873,7586,9085,2881,8521,14064,14317,14172,,
2643196,D-TEM,dark,Arabika Temanggung Mukidi,B24,15,collecting,2,13610,2886,2875,7584,9081,2881,8518,14068,14320,14159,,
2644196,D-TEM,dark,Arabika Temanggung Mukidi,B24,15,collecting,3,13716,2886,2873,7584,9070,2881,8507,14068,14314,14150,,
2645196,D-TEM,dark,Arabika Temanggung Mukidi,B24,15,collecting,4,13992,2886,2875,7584,9060,2881,8492,14109,14319,14162,,
2646196,D-TEM,dark,Arabika Temanggung Mukidi,B24,15,collecting,5,14321,2891,2875,7585,9059,2884,8472,14200,14349,14188,,
2647196,D-TEM,dark,Arabika Temanggung Mukidi,B24,15,collecting,6,14633,2891,2873,7586,9067,2881,8454,14317,14399,14222,,
2648197,D-TEM,dark,Arabika Temanggung Mukidi,B24,15,collecting,7,14903,2889,2875,7587,9078,2881,8438,14434,14460,14263,,
2649196,D-TEM,dark,Arabika Temanggung Mukidi,B24,15,collecting,8,15129,2891,2873,7587,9091,2881,8424,14541,14524,14301,,
2650196,D-TEM,dark,Arabika Temanggung Mukidi,B24,15,collecting,9,15314,2891,2875,7588,9104,2884,8412,14634,14585,14336,,
2651196,D-TEM,dark,Arabika Temanggung Mukidi,B24,15,collecting,10,15465,2889,2875,7588,9117,2881,8404,14715,14642,14367,,
2652196,D-TEM,dark,Arabika Temanggung Mukidi,B24,15,collecting,11,15589,2891,2873,7589,9129,2881,8399,14783,14693,14395,,
2653196,D-TEM,dark,Arabika Temanggung Mukidi,B24,15,collecting,12,15688,2888,2877,7589,9141,2881,8395,14842,14738,14421,,
2654196,D-TEM,dark,Arabika Temanggung Mukidi,B24,15,collecting,13,15768,2891,2875,7589,9152,2881,8393,14892,14779,14444,,
2655196,D-TEM,dark,Arabika Temanggung Mukidi,B24,15,collecting,14,15833,2888,2875,7589,9164,2881,8392,14936,14815,14465,,
2656196,D-TEM,dark,Arabika Temanggung Mukidi,B24,15,collecting,15,15887,2891,2875,7589,9174,2881,8392,14976,14848,14485,,
2657197,D-TEM,dark,Arabika Temanggung Mukidi,B24,15,collecting,16,15931,2890,2875,7589,9185,2884,8393,15011,14878,14503,,
2658196,D-TEM,dark,Arabika Temanggung Mukidi,B24,15,collecting,17,15965,2893,2875,7590,9196,2881,8395,15043,14905,14520,,
2659196,D-TEM,dark,Arabika Temanggung Mukidi,B24,15,collecting,18,15992,2890,2875,7590,9207,2884,8397,15071,14930,14534,,
2660196,D-TEM,dark,Arabika Temanggung Mukidi,B24,15,collecting,19,16012,2888,2875,7590,9217,2881,8400,15096,14952,14548,,
2661196,D-TEM,dark,Arabika Temanggung Mukidi,B24,15,collecting,20,16025,2893,2877,7590,9225,2881,8403,15115,14973,14560,,
2662196,D-TEM,dark,Arabika Temanggung Mukidi,B24,15,collecting,21,16034,2890,2875,7590,9234,2881,8406,15134,14991,14571,,
2663196,D-TEM,dark,Arabika Temanggung Mukidi,B24,15,collecting,22,16039,2888,2875,7591,9243,2884,8409,15150,15008,14582,,
2664197,D-TEM,dark,Arabika Temanggung Mukidi,B24,15,collecting,23,16041,2893,2875,7591,9251,2881,8413,15165,15023,14593,,
2665196,D-TEM,dark,Arabika Temanggung Mukidi,B24,15,collecting,24,16042,2893,2877,7591,9259,2881,8416,15180,15037,14603,,
2666196,D-TEM,dark,Arabika Temanggung Mukidi,B24,15,collecting,25,16040,2893,2875,7592,9267,2881,8419,15192,15051,14611,,
2667196,D-TEM,dark,Arabika Temanggung Mukidi,B24,15,collecting,26,16037,2893,2877,7592,9275,2881,8423,15204,15063,14621,,
2668196,D-TEM,dark,Arabika Temanggung Mukidi,B24,15,collecting,27,16032,2890,2875,7592,9283,2884,8427,15215,15075,14630,,
2669196,D-TEM,dark,Arabika Temanggung Mukidi,B24,15,collecting,28,16026,2890,2875,7592,9291,2881,8430,15225,15087,14638,,
2670196,D-TEM,dark,Arabika Temanggung Mukidi,B24,15,collecting,29,16020,2893,2873,7593,9298,2884,8434,15236,15099,14646,,
2671196,D-TEM,dark,Arabika Temanggung Mukidi,B24,15,collecting,30,16013,2893,2875,7593,9306,2884,8438,15245,15110,14654,,
2672196,D-TEM,dark,Arabika Temanggung Mukidi,B24,15,collecting,31,16006,2890,2875,7594,9313,2881,8441,15254,15120,14661,,
2673197,D-TEM,dark,Arabika Temanggung Mukidi,B24,15,collecting,32,16000,2893,2875,7594,9320,2881,8444,15264,15131,14671,,
2674196,D-TEM,dark,Arabika Temanggung Mukidi,B24,15,collecting,33,15995,2893,2877,7595,9328,2884,8448,15274,15142,14679,,
2675196,D-TEM,dark,Arabika Temanggung Mukidi,B24,15,collecting,34,15990,2890,2875,7595,9335,2879,8451,15284,15153,14687,,
2676196,D-TEM,dark,Arabika Temanggung Mukidi,B24,15,collecting,35,15985,2893,2875,7595,9343,2884,8454,15294,15163,14696,,
2677196,D-TEM,dark,Arabika Temanggung Mukidi,B24,15,collecting,36,15979,2890,2873,7596,9350,2881,8457,15305,15174,14704,,
2678196,D-TEM,dark,Arabika Temanggung Mukidi,B24,15,collecting,37,15973,2891,2875,7597,9357,2884,8461,15315,15185,14711,,
2679196,D-TEM,dark,Arabika Temanggung Mukidi,B24,15,collecting,38,15967,2893,2875,7597,9364,2881,8464,15325,15195,14719,,
2680197,D-TEM,dark,Arabika Temanggung Mukidi,B24,15,collecting,39,15960,2891,2875,7598,9371,2881,8467,15334,15205,14727,,
2681196,D-TEM,dark,Arabika Temanggung Mukidi,B24,15,collecting,40,15952,2893,2875,7598,9378,2881,8470,15342,15214,14734,,
2682196,D-TEM,dark,Arabika Temanggung Mukidi,B24,15,collecting,41,15945,2891,2875,7598,9384,2884,8473,15349,15223,14741,,
2683196,D-TEM,dark,Arabika Temanggung Mukidi,B24,15,collecting,42,15936,2888,2875,7599,9391,2881,8475,15356,15231,14747,,
2684196,D-TEM,dark,Arabika Temanggung Mukidi,B24,15,collecting,43,15926,2893,2873,7600,9396,2881,8478,15362,15239,14753,,
2685196,D-TEM,dark,Arabika Temanggung Mukidi,B24,15,collecting,44,15917,2893,2875,7600,9401,2879,8481,15367,15246,14759,,
2686196,D-TEM,dark,Arabika Temanggung Mukidi,B24,15,collecting,45,15909,2891,2877,7601,9406,2881,8483,15373,15252,14764,,
2687196,D-TEM,dark,Arabika Temanggung Mukidi,B24,15,collecting,46,15902,2891,2875,7601,9412,2879,8486,15378,15259,14769,,
2688196,D-TEM,dark,Arabika Temanggung Mukidi,B24,15,collecting,47,15894,2890,2875,7601,9417,2881,8488,15384,15266,14775,,
2689197,D-TEM,dark,Arabika Temanggung Mukidi,B24,15,collecting,48,15889,2893,2875,7602,9421,2881,8490,15391,15273,14779,,
2690196,D-TEM,dark,Arabika Temanggung Mukidi,B24,15,collecting,49,15884,2889,2875,7603,9426,2881,8492,15397,15280,14785,,
2691196,D-TEM,dark,Arabika Temanggung Mukidi,B24,15,collecting,50,15879,2888,2875,7603,9430,2881,8494,15404,15286,14790,,
2692196,D-TEM,dark,Arabika Temanggung Mukidi,B24,15,collecting,51,15873,2891,2875,7604,9435,2881,8497,15410,15293,14795,,
2693196,D-TEM,dark,Arabika Temanggung Mukidi,B24,15,collecting,52,15868,2891,2877,7605,9439,2879,8498,15417,15300,14801,,
2694196,D-TEM,dark,Arabika Temanggung Mukidi,B24,15,collecting,53,15863,2891,2875,7605,9443,2883,8500,15423,15306,14806,,
2695196,D-TEM,dark,Arabika Temanggung Mukidi,B24,15,collecting,54,15859,2891,2875,7605,9448,2883,8503,15429,15312,14811,,
2696197,D-TEM,dark,Arabika Temanggung Mukidi,B24,15,collecting,55,15854,2891,2877,7606,9452,2883,8504,15434,15318,14817,,
2697196,D-TEM,dark,Arabika Temanggung Mukidi,B24,15,collecting,56,15850,2891,2875,7607,9457,2881,8506,15438,15324,14822,,
2698196,D-TEM,dark,Arabika Temanggung Mukidi,B24,15,collecting,57,15847,2891,2873,7607,9461,2881,8508,15445,15330,14826,,
2699196,D-TEM,dark,Arabika Temanggung Mukidi,B24,15,collecting,58,15845,2888,2875,7607,9465,2881,8510,15451,15336,14832,,
2700196,D-TEM,dark,Arabika Temanggung Mukidi,B24,15,collecting,59,15843,2891,2875,7608,9468,2884,8512,15457,15341,14837,,
2701196,D-TEM,dark,Arabika Temanggung Mukidi,B24,15,collecting,60,15841,2891,2875,7608,9472,2884,8513,15464,15347,14842,,
2702200,D-TEM,dark,Arabika Temanggung Mukidi,B24,16,purging,1,15839,2891,2875,7609,9476,2881,8515,15469,15353,14847,,
2703196,D-TEM,dark,Arabika Temanggung Mukidi,B24,16,purging,2,15835,2891,2873,7612,9482,2884,8518,15475,15359,14855,,
2704196,D-TEM,dark,Arabika Temanggung Mukidi,B24,16,purging,3,15808,2891,2875,7614,9490,2884,8524,15476,15365,14864,,
2705197,D-TEM,dark,Arabika Temanggung Mukidi,B24,16,purging,4,15757,2888,2873,7614,9498,2881,8534,15465,15368,14868,,
2706196,D-TEM,dark,Arabika Temanggung Mukidi,B24,16,purging,5,15693,2891,2873,7615,9507,2879,8546,15446,15368,14869,,
2707196,D-TEM,dark,Arabika Temanggung Mukidi,B24,16,purging,6,15618,2891,2873,7616,9515,2883,8556,15423,15364,14866,,
2708196,D-TEM,dark,Arabika Temanggung Mukidi,B24,16,purging,7,15540,2888,2875,7616,9519,2884,8563,15398,15356,14859,,
2709196,D-TEM,dark,Arabika Temanggung Mukidi,B24,16,purging,8,15459,2891,2873,7616,9519,2881,8568,15370,15344,14850,,
2710196,D-TEM,dark,Arabika Temanggung Mukidi,B24,16,purging,9,15377,2891,2875,7617,9516,2881,8573,15342,15329,14839,,
2711196,D-TEM,dark,Arabika Temanggung Mukidi,B24,16,purging,10,15297,2888,2875,7617,9512,2881,8576,15312,15312,14828,,
2712197,D-TEM,dark,Arabika Temanggung Mukidi,B24,16,purging,11,15220,2891,2873,7618,9506,2881,8579,15285,15294,14819,,
2713196,D-TEM,dark,Arabika Temanggung Mukidi,B24,16,purging,12,15148,2891,2875,7618,9501,2881,8582,15258,15278,14810,,
2714196,D-TEM,dark,Arabika Temanggung Mukidi,B24,16,purging,13,15080,2891,2875,7619,9496,2884,8584,15236,15263,14800,,
2715196,D-TEM,dark,Arabika Temanggung Mukidi,B24,16,purging,14,15015,2891,2875,7619,9491,2881,8586,15213,15248,14792,,
2716196,D-TEM,dark,Arabika Temanggung Mukidi,B24,16,purging,15,14955,2891,2875,7620,9487,2881,8588,15192,15233,14787,,
2717196,D-TEM,dark,Arabika Temanggung Mukidi,B24,16,purging,16,14901,2891,2875,7620,9483,2881,8590,15176,15222,14781,,
2718196,D-TEM,dark,Arabika Temanggung Mukidi,B24,16,purging,17,14852,2891,2873,7621,9481,2884,8591,15161,15212,14776,,
2719196,D-TEM,dark,Arabika Temanggung Mukidi,B24,16,purging,18,14806,2891,2875,7621,9478,2881,8593,15149,15204,14771,,
2720196,D-TEM,dark,Arabika Temanggung Mukidi,B24,16,purging,19,14765,2891,2875,7622,9476,2884,8593,15139,15196,14767,,
2721197,D-TEM,dark,Arabika Temanggung Mukidi,B24,16,purging,20,14726,2888,2875,7623,9474,2881,8594,15127,15189,14762,,
2722196,D-TEM,dark,Arabika Temanggung Mukidi,B24,16,purging,21,14691,2891,2875,7623,9471,2879,8594,15117,15181,14758,,
2723196,D-TEM,dark,Arabika Temanggung Mukidi,B24,16,purging,22,14659,2891,2875,7624,9468,2884,8594,15108,15173,14754,,
2724196,D-TEM,dark,Arabika Temanggung Mukidi,B24,16,purging,23,14627,2888,2875,7624,9465,2881,8594,15098,15165,14747,,
2725196,D-TEM,dark,Arabika Temanggung Mukidi,B24,16,purging,24,14594,2891,2873,7625,9460,2884,8593,15086,15155,14741,,
2726196,D-TEM,dark,Arabika Temanggung Mukidi,B24,16,purging,25,14562,2888,2877,7625,9454,2881,8592,15073,15144,14733,,
2727196,D-TEM,dark,Arabika Temanggung Mukidi,B24,16,purging,26,14530,2888,2877,7626,9446,2884,8592,15058,15131,14724,,
2728197,D-TEM,dark,Arabika Temanggung Mukidi,B24,16,purging,27,14499,2888,2877,7626,9439,2883,8591,15042,15116,14718,,
2729196,D-TEM,dark,Arabika Temanggung Mukidi,B24,16,purging,28,14469,2891,2875,7627,9432,2879,8591,15027,15103,14711,,
2730196,D-TEM,dark,Arabika Temanggung Mukidi,B24,16,purging,29,14442,2891,2875,7628,9427,2879,8591,15013,15090,14706,,
2731196,D-TEM,dark,Arabika Temanggung Mukidi,B24,16,purging,30,14415,2891,2877,7628,9423,2881,8592,15001,15080,14702,,
2732196,D-TEM,dark,Arabika Temanggung Mukidi,B24,16,purging,31,14392,2891,2877,7628,9419,2884,8593,14992,15071,14698,,
2733196,D-TEM,dark,Arabika Temanggung Mukidi,B24,16,purging,32,14370,2891,2873,7629,9417,2883,8594,14982,15062,14694,,
2734196,D-TEM,dark,Arabika Temanggung Mukidi,B24,16,purging,33,14352,2891,2877,7630,9414,2881,8596,14974,15055,14694,,
2735196,D-TEM,dark,Arabika Temanggung Mukidi,B24,16,purging,34,14338,2891,2875,7630,9414,2884,8597,14969,15050,14694,,
2736196,D-TEM,dark,Arabika Temanggung Mukidi,B24,16,purging,35,14327,2889,2877,7630,9417,2881,8599,14967,15049,14695,,
2737197,D-TEM,dark,Arabika Temanggung Mukidi,B24,16,purging,36,14314,2891,2877,7631,9418,2883,8601,14967,15049,14695,,
2738196,D-TEM,dark,Arabika Temanggung Mukidi,B24,16,purging,37,14302,2891,2877,7631,9419,2881,8602,14966,15048,14695,,
2739196,D-TEM,dark,Arabika Temanggung Mukidi,B24,16,purging,38,14289,2888,2873,7632,9418,2881,8603,14963,15045,14694,,
2740196,D-TEM,dark,Arabika Temanggung Mukidi,B24,16,purging,39,14278,2888,2875,7633,9418,2884,8604,14958,15042,14695,,
2741196,D-TEM,dark,Arabika Temanggung Mukidi,B24,16,purging,40,14268,2891,2877,7634,9417,2883,8606,14955,15039,14694,,
2742196,D-TEM,dark,Arabika Temanggung Mukidi,B24,16,purging,41,14258,2891,2873,7634,9417,2883,8607,14952,15037,14693,,
2743196,D-TEM,dark,Arabika Temanggung Mukidi,B24,16,purging,42,14247,2891,2875,7635,9416,2881,8608,14948,15033,14691,,
2744197,D-TEM,dark,Arabika Temanggung Mukidi,B24,16,purging,43,14235,2891,2873,7635,9414,2879,8608,14943,15029,14688,,
2745196,D-TEM,dark,Arabika Temanggung Mukidi,B24,16,purging,44,14222,2891,2875,7636,9410,2881,8607,14936,15023,14683,,
2746196,D-TEM,dark,Arabika Temanggung Mukidi,B24,16,purging,45,14210,2891,2875,7637,9406,2883,8606,14928,15015,14679,,
2747196,D-TEM,dark,Arabika Temanggung Mukidi,B24,16,purging,46,14198,2886,2875,7638,9401,2883,8605,14920,15008,14676,,
2748196,D-TEM,dark,Arabika Temanggung Mukidi,B24,16,purging,47,14186,2886,2877,7638,9397,2884,8604,14912,15001,14672,,
2749196,D-TEM,dark,Arabika Temanggung Mukidi,B24,16,purging,48,14175,2886,2875,7639,9394,2884,8605,14907,14995,14671,,
2750196,D-TEM,dark,Arabika Temanggung Mukidi,B24,16,purging,49,14166,2888,2873,7639,9393,2881,8607,14902,14990,14674,,
2751196,D-TEM,dark,Arabika Temanggung Mukidi,B24,16,purging,50,14159,2888,2875,7639,9394,2883,8610,14901,14989,14678,,
2752196,D-TEM,dark,Arabika Temanggung Mukidi,B24,16,purging,51,14153,2886,2873,7640,9398,2881,8615,14903,14991,14681,,
2753197,D-TEM,dark,Arabika Temanggung Mukidi,B24,16,purging,52,14148,2886,2877,7641,9402,2883,8618,14906,14993,14685,,
2754196,D-TEM,dark,Arabika Temanggung Mukidi,B24,16,purging,53,14144,2886,2877,7642,9406,2883,8622,14908,14996,14689,,
2755196,D-TEM,dark,Arabika Temanggung Mukidi,B24,16,purging,54,14139,2886,2873,7642,9409,2883,8625,14910,14999,14691,,
2756196,D-TEM,dark,Arabika Temanggung Mukidi,B24,16,purging,55,14134,2886,2873,7643,9412,2884,8626,14912,15001,14693,,
2757196,D-TEM,dark,Arabika Temanggung Mukidi,B24,16,purging,56,14129,2886,2875,7643,9414,2883,8629,14912,15002,14694,,
2758196,D-TEM,dark,Arabika Temanggung Mukidi,B24,16,purging,57,14124,2886,2877,7644,9415,2883,8630,14912,15002,14695,,
2759196,D-TEM,dark,Arabika Temanggung Mukidi,B24,16,purging,58,14120,2886,2875,7645,9416,2881,8631,14912,15003,14695,,
2760197,D-TEM,dark,Arabika Temanggung Mukidi,B24,16,purging,59,14114,2886,2873,7646,9416,2881,8632,14912,15003,14696,,
2761196,D-TEM,dark,Arabika Temanggung Mukidi,B24,16,purging,60,14109,2886,2875,7647,9417,2883,8633,14912,15003,14697,,
2762196,D-TEM,dark,Arabika Temanggung Mukidi,B24,16,purging,61,14104,2886,2875,7647,9416,2883,8634,14910,15002,14698,,
2763196,D-TEM,dark,Arabika Temanggung Mukidi,B24,16,purging,62,14099,2886,2875,7647,9416,2883,8635,14908,15002,14700,,
2764196,D-TEM,dark,Arabika Temanggung Mukidi,B24,16,purging,63,14095,2886,2877,7648,9416,2884,8636,14906,15001,14700,,
2765196,D-TEM,dark,Arabika Temanggung Mukidi,B24,16,purging,64,14091,2886,2877,7649,9417,2883,8637,14906,15001,14701,,
2766196,D-TEM,dark,Arabika Temanggung Mukidi,B24,16,purging,65,14087,2886,2877,7650,9416,2881,8638,14906,15001,14702,,
2767196,D-TEM,dark,Arabika Temanggung Mukidi,B24,16,purging,66,14083,2888,2875,7651,9416,2881,8639,14907,15001,14704,,
2768196,D-TEM,dark,Arabika Temanggung Mukidi,B24,16,purging,67,14081,2886,2875,7651,9418,2883,8640,14908,15002,14706,,
2769197,D-TEM,dark,Arabika Temanggung Mukidi,B24,16,purging,68,14080,2886,2873,7652,9419,2881,8641,14908,15003,14709,,
2770196,D-TEM,dark,Arabika Temanggung Mukidi,B24,16,purging,69,14080,2888,2877,7653,9421,2881,8643,14910,15005,14713,,
2771196,D-TEM,dark,Arabika Temanggung Mukidi,B24,16,purging,70,14080,2888,2877,7653,9424,2884,8645,14913,15008,14715,,
2772196,D-TEM,dark,Arabika Temanggung Mukidi,B24,16,purging,71,14080,2886,2877,7654,9427,2881,8647,14917,15012,14718,,
2773196,D-TEM,dark,Arabika Temanggung Mukidi,B24,16,purging,72,14080,2886,2877,7655,9430,2879,8648,14922,15016,14721,,
2774196,D-TEM,dark,Arabika Temanggung Mukidi,B24,16,purging,73,14080,2886,2873,7656,9432,2879,8649,14925,15019,14723,,
2775196,D-TEM,dark,Arabika Temanggung Mukidi,B24,16,purging,74,14080,2886,2873,7656,9434,2881,8649,14927,15022,14725,,
2776197,D-TEM,dark,Arabika Temanggung Mukidi,B24,16,purging,75,14081,2886,2875,7657,9435,2884,8650,14929,15024,14727,,
2777196,D-TEM,dark,Arabika Temanggung Mukidi,B24,16,purging,76,14081,2886,2875,7658,9436,2884,8650,14931,15027,14728,,
2778196,D-TEM,dark,Arabika Temanggung Mukidi,B24,16,purging,77,14081,2888,2875,7659,9435,2881,8650,14933,15028,14729,,
2779196,D-TEM,dark,Arabika Temanggung Mukidi,B24,16,purging,78,14079,2886,2875,7660,9435,2881,8649,14933,15028,14729,,
2780196,D-TEM,dark,Arabika Temanggung Mukidi,B24,16,purging,79,14078,2886,2877,7660,9434,2884,8649,14932,15028,14730,,
2781196,D-TEM,dark,Arabika Temanggung Mukidi,B24,16,purging,80,14076,2886,2873,7661,9433,2884,8649,14931,15028,14730,,
2782196,D-TEM,dark,Arabika Temanggung Mukidi,B24,16,purging,81,14074,2886,2877,7662,9431,2881,8649,14931,15027,14730,,
2783196,D-TEM,dark,Arabika Temanggung Mukidi,B24,16,purging,82,14072,2888,2875,7662,9430,2884,8648,14931,15026,14729,,
2784196,D-TEM,dark,Arabika Temanggung Mukidi,B24,16,purging,83,14070,2886,2877,7663,9428,2881,8648,14930,15025,14730,,
2785197,D-TEM,dark,Arabika Temanggung Mukidi,B24,16,purging,84,14069,2886,2877,7664,9427,2884,8648,14930,15024,14732,,
2786196,D-TEM,dark,Arabika Temanggung Mukidi,B24,16,purging,85,14070,2888,2875,7665,9428,2881,8648,14932,15025,14734,,
2787196,D-TEM,dark,Arabika Temanggung Mukidi,B24,16,purging,86,14070,2886,2877,7665,9428,2883,8648,14934,15027,14735,,
2788196,D-TEM,dark,Arabika Temanggung Mukidi,B24,16,purging,87,14070,2886,2877,7666,9428,2884,8649,14935,15028,14736,,
2789196,D-TEM,dark,Arabika Temanggung Mukidi,B24,16,purging,88,14072,2884,2875,7666,9428,2884,8648,14936,15028,14737,,
2790196,D-TEM,dark,Arabika Temanggung Mukidi,B24,16,purging,89,14071,2886,2875,7668,9428,2881,8648,14938,15029,14737,,
2791196,D-TEM,dark,Arabika Temanggung Mukidi,B24,16,purging,90,14070,2886,2873,7668,9427,2883,8648,14938,15029,14738,,
2792197,D-TEM,dark,Arabika Temanggung Mukidi,B24,16,purging,91,14069,2886,2873,7669,9427,2881,8648,14938,15029,14737,,
2793196,D-TEM,dark,Arabika Temanggung Mukidi,B24,16,purging,92,14067,2886,2873,7670,9425,2881,8648,14938,15029,14738,,
2794196,D-TEM,dark,Arabika Temanggung Mukidi,B24,16,purging,93,14064,2888,2875,7671,9423,2881,8647,14937,15027,14737,,
2795196,D-TEM,dark,Arabika Temanggung Mukidi,B24,16,purging,94,14060,2884,2877,7671,9422,2883,8647,14936,15024,14736,,
2796196,D-TEM,dark,Arabika Temanggung Mukidi,B24,16,purging,95,14057,2886,2877,7672,9420,2884,8647,14933,15022,14736,,
2797196,D-TEM,dark,Arabika Temanggung Mukidi,B24,16,purging,96,14054,2886,2877,7673,9420,2881,8648,14932,15021,14737,,
2798196,D-TEM,dark,Arabika Temanggung Mukidi,B24,16,purging,97,14053,2886,2875,7674,9419,2881,8648,14932,15020,14736,,
2799196,D-TEM,dark,Arabika Temanggung Mukidi,B24,16,purging,98,14051,2886,2875,7674,9418,2884,8648,14931,15019,14737,,
2800196,D-TEM,dark,Arabika Temanggung Mukidi,B24,16,purging,99,14049,2886,2875,7675,9417,2883,8648,14932,15019,14738,,
2801197,D-TEM,dark,Arabika Temanggung Mukidi,B24,16,purging,100,14048,2884,2873,7676,9417,2883,8649,14933,15019,14739,,
2802196,D-TEM,dark,Arabika Temanggung Mukidi,B24,16,purging,101,14046,2886,2873,7677,9417,2884,8649,14933,15018,14738,,
2803196,D-TEM,dark,Arabika Temanggung Mukidi,B24,16,purging,102,14044,2886,2877,7677,9416,2883,8649,14933,15018,14738,,
2804196,D-TEM,dark,Arabika Temanggung Mukidi,B24,16,purging,103,14041,2886,2877,7678,9415,2884,8649,14932,15016,14739,,
2805196,D-TEM,dark,Arabika Temanggung Mukidi,B24,16,purging,104,14039,2886,2877,7679,9413,2884,8649,14930,15015,14738,,
2806196,D-TEM,dark,Arabika Temanggung Mukidi,B24,16,purging,105,14037,2886,2877,7680,9412,2884,8649,14930,15014,14738,,
2807196,D-TEM,dark,Arabika Temanggung Mukidi,B24,16,purging,106,14034,2888,2875,7680,9411,2879,8649,14929,15012,14739,,
2808197,D-TEM,dark,Arabika Temanggung Mukidi,B24,16,purging,107,14032,2886,2877,7681,9410,2881,8649,14929,15011,14739,,
2809196,D-TEM,dark,Arabika Temanggung Mukidi,B24,16,purging,108,14030,2886,2877,7682,9410,2879,8649,14929,15010,14740,,
2810196,D-TEM,dark,Arabika Temanggung Mukidi,B24,16,purging,109,14028,2886,2877,7683,9410,2883,8650,14929,15010,14743,,
2811196,D-TEM,dark,Arabika Temanggung Mukidi,B24,16,purging,110,14028,2886,2873,7683,9411,2881,8652,14930,15010,14746,,
2812196,D-TEM,dark,Arabika Temanggung Mukidi,B24,16,purging,111,14028,2888,2877,7684,9413,2883,8654,14931,15012,14747,,
2813196,D-TEM,dark,Arabika Temanggung Mukidi,B24,16,purging,112,14027,2884,2875,7684,9414,2884,8656,14933,15013,14751,,
2814196,D-TEM,dark,Arabika Temanggung Mukidi,B24,16,purging,113,14027,2888,2877,7686,9417,2883,8659,14936,15016,14755,,
2815196,D-TEM,dark,Arabika Temanggung Mukidi,B24,16,purging,114,14026,2886,2877,7686,9419,2883,8662,14938,15018,14756,,
2816196,D-TEM,dark,Arabika Temanggung Mukidi,B24,16,purging,115,14025,2886,2875,7686,9422,2881,8664,14940,15021,14761,,
2817197,D-TEM,dark,Arabika Temanggung Mukidi,B24,16,purging,116,14025,2886,2877,7687,9425,2883,8667,14942,15024,14765,,
2818196,D-TEM,dark,Arabika Temanggung Mukidi,B24,16,purging,117,14026,2886,2877,7688,9428,2883,8670,14946,15028,14769,,
2819196,D-TEM,dark,Arabika Temanggung Mukidi,B24,16,purging,118,14025,2888,2873,7689,9431,2884,8672,14949,15031,14771,,
2820196,D-TEM,dark,Arabika Temanggung Mukidi,B24,16,purging,119,14025,2886,2873,7690,9433,2884,8675,14952,15034,14774,,
2821196,D-TEM,dark,Arabika Temanggung Mukidi,B24,16,purging,120,14025,2886,2877,7691,9436,2883,8676,14955,15038,14777,,
2822200,D-TEM,dark,Arabika Temanggung Mukidi,B24,16,collecting,1,14025,2886,2877,7691,9438,2883,8678,14957,15040,14780,,
2823196,D-TEM,dark,Arabika Temanggung Mukidi,B24,16,collecting,2,14025,2886,2873,7690,9436,2883,8677,14960,15042,14769,,
2824197,D-TEM,dark,Arabika Temanggung Mukidi,B24,16,collecting,3,14131,2886,2877,7690,9433,2883,8672,14964,15040,14775,,
2825196,D-TEM,dark,Arabika Temanggung Mukidi,B24,16,collecting,4,14403,2891,2877,7690,9442,2883,8664,15020,15062,14800,,
2826196,D-TEM,dark,Arabika Temanggung Mukidi,B24,16,collecting,5,14728,2891,2873,7691,9460,2883,8651,15125,15113,14835,,
2827196,D-TEM,dark,Arabika Temanggung Mukidi,B24,16,collecting,6,15034,2888,2875,7692,9481,2883,8634,15247,15182,14876,,
2828196,D-TEM,dark,Arabika Temanggung Mukidi,B24,16,collecting,7,15297,2891,2877,7693,9501,2883,8616,15363,15253,14916,,
2829196,D-TEM,dark,Arabika Temanggung Mukidi,B24,16,collecting,8,15514,2888,2877,7694,9517,2883,8600,15463,15320,14952,,
2830196,D-TEM,dark,Arabika Temanggung Mukidi,B24,16,collecting,9,15690,2888,2873,7695,9531,2884,8587,15549,15380,14985,,
2831196,D-TEM,dark,Arabika Temanggung Mukidi,B24,16,collecting,10,15831,2891,2873,7695,9544,2884,8578,15618,15431,15014,,
2832196,D-TEM,dark,Arabika Temanggung Mukidi,B24,16,collecting,11,15943,2893,2875,7695,9554,2883,8570,15673,15475,15038,,
2833197,D-TEM,dark,Arabika Temanggung Mukidi,B24,16,collecting,12,16031,2890,2873,7695,9563,2883,8566,15719,15511,15059,,
2834196,D-TEM,dark,Arabika Temanggung Mukidi,B24,16,collecting,13,16102,2890,2877,7695,9572,2883,8562,15756,15542,15077,,
2835196,D-TEM,dark,Arabika Temanggung Mukidi,B24,16,collecting,14,16159,2893,2877,7696,9579,2883,8560,15787,15567,15092,,
2836196,D-TEM,dark,Arabika Temanggung Mukidi,B24,16,collecting,15,16204,2893,2877,7696,9587,2883,8560,15812,15589,15106,,
2837196,D-TEM,dark,Arabika Temanggung Mukidi,B24,16,collecting,16,16240,2893,2875,7696,9594,2884,8560,15835,15608,15118,,
2838196,D-TEM,dark,Arabika Temanggung Mukidi,B24,16,collecting,17,16267,2890,2873,7697,9601,2883,8561,15852,15624,15127,,
2839196,D-TEM,dark,Arabika Temanggung Mukidi,B24,16,collecting,18,16285,2888,2875,7697,9606,2884,8562,15866,15637,15136,,
2840197,D-TEM,dark,Arabika Temanggung Mukidi,B24,16,collecting,19,16296,2890,2877,7697,9611,2883,8563,15877,15648,15143,,
2841196,D-TEM,dark,Arabika Temanggung Mukidi,B24,16,collecting,20,16302,2890,2877,7697,9616,2883,8565,15885,15656,15151,,
2842196,D-TEM,dark,Arabika Temanggung Mukidi,B24,16,collecting,21,16303,2890,2875,7697,9620,2879,8567,15890,15662,15154,,
2843196,D-TEM,dark,Arabika Temanggung Mukidi,B24,16,collecting,22,16300,2890,2875,7698,9624,2884,8570,15893,15667,15158,,
2844196,D-TEM,dark,Arabika Temanggung Mukidi,B24,16,collecting,23,16294,2890,2875,7698,9627,2881,8572,15895,15670,15161,,
2845196,D-TEM,dark,Arabika Temanggung Mukidi,B24,16,collecting,24,16287,2888,2875,7699,9630,2881,8574,15895,15672,15164,,
2846196,D-TEM,dark,Arabika Temanggung Mukidi,B24,16,collecting,25,16278,2890,2874,7699,9632,2883,8577,15894,15673,15165,,
2847196,D-TEM,dark,Arabika Temanggung Mukidi,B24,16,collecting,26,16269,2890,2877,7699,9635,2883,8579,15895,15674,15167,,
2848196,D-TEM,dark,Arabika Temanggung Mukidi,B24,16,collecting,27,16258,2890,2877,7700,9637,2881,8581,15895,15675,15168,,
2849197,D-TEM,dark,Arabika Temanggung Mukidi,B24,16,collecting,28,16247,2890,2877,7700,9639,2883,8584,15894,15675,15170,,
2850196,D-TEM,dark,Arabika Temanggung Mukidi,B24,16,collecting,29,16235,2890,2877,7701,9641,2883,8585,15893,15675,15170,,
2851196,D-TEM,dark,Arabika Temanggung Mukidi,B24,16,collecting,30,16223,2890,2873,7701,9642,2881,8587,15892,15674,15171,,
2852196,D-TEM,dark,Arabika Temanggung Mukidi,B24,16,collecting,31,16210,2890,2875,7702,9644,2883,8589,15889,15674,15171,,
2853196,D-TEM,dark,Arabika Temanggung Mukidi,B24,16,collecting,32,16198,2890,2877,7702,9645,2883,8591,15887,15673,15171,,
2854196,D-TEM,dark,Arabika Temanggung Mukidi,B24,16,collecting,33,16184,2890,2875,7703,9646,2883,8593,15884,15672,15171,,
2855196,D-TEM,dark,Arabika Temanggung Mukidi,B24,16,collecting,34,16172,2890,2873,7703,9647,2883,8595,15881,15670,15171,,
2856197,D-TEM,dark,Arabika Temanggung Mukidi,B24,16,collecting,35,16160,2890,2877,7704,9648,2883,8596,15880,15669,15171,,
2857196,D-TEM,dark,Arabika Temanggung Mukidi,B24,16,collecting,36,16149,2893,2877,7704,9649,2883,8598,15878,15668,15171,,
2858196,D-TEM,dark,Arabika Temanggung Mukidi,B24,16,collecting,37,16137,2890,2877,7705,9651,2883,8599,15876,15666,15170,,
2859196,D-TEM,dark,Arabika Temanggung Mukidi,B24,16,collecting,38,16127,2890,2877,7705,9653,2883,8601,15874,15665,15170,,
2860196,D-TEM,dark,Arabika Temanggung Mukidi,B24,16,collecting,39,16115,2888,2875,7706,9653,2883,8602,15872,15664,15169,,
2861196,D-TEM,dark,Arabika Temanggung Mukidi,B24,16,collecting,40,16105,2890,2877,7706,9654,2881,8603,15869,15663,15169,,
2862196,D-TEM,dark,Arabika Temanggung Mukidi,B24,16,collecting,41,16093,2890,2875,7707,9656,2883,8605,15867,15661,15169,,
2863196,D-TEM,dark,Arabika Temanggung Mukidi,B24,16,collecting,42,16081,2893,2875,7708,9656,2883,8606,15864,15660,15168,,
2864196,D-TEM,dark,Arabika Temanggung Mukidi,B24,16,collecting,43,16069,2893,2874,7708,9657,2883,8607,15862,15658,15167,,
2865197,D-TEM,dark,Arabika Temanggung Mukidi,B24,16,collecting,44,16058,2890,2875,7709,9658,2881,8608,15858,15656,15166,,
2866196,D-TEM,dark,Arabika Temanggung Mukidi,B24,16,collecting,45,16046,2890,2875,7710,9658,2883,8610,15854,15654,15164,,
2867196,D-TEM,dark,Arabika Temanggung Mukidi,B24,16,collecting,46,16034,2890,2875,7711,9659,2883,8611,15851,15651,15163,,
2868196,D-TEM,dark,Arabika Temanggung Mukidi,B24,16,collecting,47,16023,2888,2877,7711,9659,2881,8611,15847,15649,15163,,
2869196,D-TEM,dark,Arabika Temanggung Mukidi,B24,16,collecting,48,16013,2890,2875,7712,9660,2881,8613,15845,15648,15162,,
2870196,D-TEM,dark,Arabika Temanggung Mukidi,B24,16,collecting,49,16003,2890,2877,7712,9660,2884,8614,15843,15646,15161,,
2871196,D-TEM,dark,Arabika Temanggung Mukidi,B24,16,collecting,50,15993,2890,2877,7713,9661,2883,8615,15840,15644,15160,,
2872197,D-TEM,dark,Arabika Temanggung Mukidi,B24,16,collecting,51,15983,2890,2877,7714,9661,2883,8616,15836,15641,15159,,
2873196,D-TEM,dark,Arabika Temanggung Mukidi,B24,16,collecting,52,15974,2893,2877,7714,9661,2883,8617,15834,15639,15158,,
2874196,D-TEM,dark,Arabika Temanggung Mukidi,B24,16,collecting,53,15965,2890,2875,7715,9662,2883,8619,15832,15638,15157,,
2875196,D-TEM,dark,Arabika Temanggung Mukidi,B24,16,collecting,54,15956,2888,2877,7716,9662,2881,8619,15829,15636,15155,,
2876196,D-TEM,dark,Arabika Temanggung Mukidi,B24,16,collecting,55,15946,2886,2873,7716,9661,2883,8620,15826,15634,15154,,
2877196,D-TEM,dark,Arabika Temanggung Mukidi,B24,16,collecting,56,15937,2888,2875,7717,9661,2883,8621,15822,15632,15153,,
2878196,D-TEM,dark,Arabika Temanggung Mukidi,B24,16,collecting,57,15927,2888,2877,7718,9661,2881,8622,15820,15629,15152,,
2879196,D-TEM,dark,Arabika Temanggung Mukidi,B24,16,collecting,58,15918,2888,2873,7719,9661,2883,8623,15817,15627,15151,,
2880196,D-TEM,dark,Arabika Temanggung Mukidi,B24,16,collecting,59,15909,2888,2877,7719,9661,2879,8625,15814,15625,15150,,
2881197,D-TEM,dark,Arabika Temanggung Mukidi,B24,16,collecting,60,15900,2888,2877,7720,9661,2883,8625,15811,15623,15148,,
2882200,D-TEM,dark,Arabika Temanggung Mukidi,B24,17,purging,1,15891,2888,2873,7720,9662,2884,8626,15808,15622,15146,,
2883196,D-TEM,dark,Arabika Temanggung Mukidi,B24,17,purging,2,15883,2886,2877,7724,9665,2883,8629,15806,15620,15151,,
2884196,D-TEM,dark,Arabika Temanggung Mukidi,B24,17,purging,3,15852,2888,2875,7725,9668,2883,8635,15799,15618,15152,,
2885196,D-TEM,dark,Arabika Temanggung Mukidi,B24,17,purging,4,15795,2888,2875,7727,9673,2883,8644,15781,15613,15148,,
2886196,D-TEM,dark,Arabika Temanggung Mukidi,B24,17,purging,5,15722,2888,2874,7727,9675,2883,8655,15753,15602,15142,,
2887196,D-TEM,dark,Arabika Temanggung Mukidi,B24,17,purging,6,15640,2886,2877,7728,9676,2881,8665,15719,15587,15132,,
2888197,D-TEM,dark,Arabika Temanggung Mukidi,B24,17,purging,7,15554,2888,2875,7729,9675,2883,8674,15684,15569,15121,,
2889196,D-TEM,dark,Arabika Temanggung Mukidi,B24,17,purging,8,15467,2888,2877,7729,9674,2881,8682,15650,15550,15109,,
2890196,D-TEM,dark,Arabika Temanggung Mukidi,B24,17,purging,9,15381,2888,2873,7730,9671,2883,8688,15617,15530,15097,,
2891196,D-TEM,dark,Arabika Temanggung Mukidi,B24,17,purging,10,15298,2888,2875,7730,9667,2883,8693,15586,15511,15084,,
2892196,D-TEM,dark,Arabika Temanggung Mukidi,B24,17,purging,11,15220,2888,2875,7731,9662,2881,8696,15556,15492,15073,,
2893196,D-TEM,dark,Arabika Temanggung Mukidi,B24,17,purging,12,15145,2888,2875,7732,9658,2881,8701,15529,15474,15063,,
2894196,D-TEM,dark,Arabika Temanggung Mukidi,B24,17,purging,13,15075,2888,2877,7732,9654,2883,8704,15505,15458,15054,,
2895196,D-TEM,dark,Arabika Temanggung Mukidi,B24,17,purging,14,15010,2888,2875,7733,9651,2883,8706,15483,15445,15045,,
2896196,D-TEM,dark,Arabika Temanggung Mukidi,B24,17,purging,15,14950,2888,2877,7734,9647,2883,8708,15464,15431,15037,,
2897197,D-TEM,dark,Arabika Temanggung Mukidi,B24,17,purging,16,14894,2888,2877,7734,9643,2883,8710,15447,15418,15029,,
2898196,D-TEM,dark,Arabika Temanggung Mukidi,B24,17,purging,17,14841,2888,2877,7735,9639,2881,8711,15429,15406,15022,,
2899196,D-TEM,dark,Arabika Temanggung Mukidi,B24,17,purging,18,14790,2888,2877,7736,9636,2883,8714,15412,15394,15014,,
2900196,D-TEM,dark,Arabika Temanggung Mukidi,B24,17,purging,19,14743,2888,2877,7737,9632,2883,8716,15397,15383,15006,,
2901196,D-TEM,dark,Arabika Temanggung Mukidi,B24,17,purging,20,14699,2888,2875,7737,9629,2881,8717,15383,15371,14999,,
2902196,D-TEM,dark,Arabika Temanggung Mukidi,B24,17,purging,21,14660,2888,2875,7738,9626,2881,8718,15367,15360,14993,,
2903196,D-TEM,dark,Arabika Temanggung Mukidi,B24,17,purging,22,14623,2888,2875,7739,9622,2881,8719,15354,15350,14987,,
2904197,D-TEM,dark,Arabika Temanggung Mukidi,B24,17,purging,23,14589,2888,2877,7739,9619,2883,8720,15342,15341,14983,,
2905196,D-TEM,dark,Arabika Temanggung Mukidi,B24,17,purging,24,14557,2888,2875,7740,9616,2881,8721,15330,15331,14977,,
2906196,D-TEM,dark,Arabika Temanggung Mukidi,B24,17,purging,25,14528,2888,2875,7740,9613,2881,8723,15319,15323,14972,,
2907196,D-TEM,dark,Arabika Temanggung Mukidi,B24,17,purging,26,14500,2886,2875,7741,9611,2883,8724,15309,15316,14968,,
2908196,D-TEM,dark,Arabika Temanggung Mukidi,B24,17,purging,27,14474,2888,2873,7742,9609,2883,8725,15299,15308,14963,,
2909196,D-TEM,dark,Arabika Temanggung Mukidi,B24,17,purging,28,14450,2886,2875,7743,9606,2883,8725,15289,15300,14959,,
2910196,D-TEM,dark,Arabika Temanggung Mukidi,B24,17,purging,29,14428,2888,2877,7743,9603,2883,8726,15280,15293,14954,,
2911196,D-TEM,dark,Arabika Temanggung Mukidi,B24,17,purging,30,14407,2886,2875,7744,9600,2883,8726,15272,15286,14949,,
2912196,D-TEM,dark,Arabika Temanggung Mukidi,B24,17,purging,31,14387,2886,2873,7745,9597,2881,8726,15264,15279,14945,,
2913197,D-TEM,dark,Arabika Temanggung Mukidi,B24,17,purging,32,14369,2886,2875,7745,9595,2881,8726,15255,15273,14941,,
2914196,D-TEM,dark,Arabika Temanggung Mukidi,B24,17,purging,33,14353,2888,2877,7746,9592,2881,8726,15248,15267,14937,,
2915196,D-TEM,dark,Arabika Temanggung Mukidi,B24,17,purging,34,14338,2888,2875,7747,9591,2881,8726,15241,15261,14934,,
2916196,D-TEM,dark,Arabika Temanggung Mukidi,B24,17,purging,35,14324,2886,2875,7748,9589,2883,8726,15235,15256,14931,,
2917196,D-TEM,dark,Arabika Temanggung Mukidi,B24,17,purging,36,14311,2888,2875,7748,9587,2881,8727,15228,15251,14928,,
2918196,D-TEM,dark,Arabika Temanggung Mukidi,B24,17,purging,37,14298,2891,2875,7749,9586,2881,8726,15221,15246,14926,,
2919196,D-TEM,dark,Arabika Temanggung Mukidi,B24,17,purging,38,14285,2888,2877,7749,9585,2881,8726,15217,15241,14922,,
2920197,D-TEM,dark,Arabika Temanggung Mukidi,B24,17,purging,39,14273,2886,2877,7750,9583,2883,8727,15212,15237,14920,,
2921196,D-TEM,dark,Arabika Temanggung Mukidi,B24,17,purging,40,14262,2886,2875,7751,9581,2881,8727,15207,15233,14918,,
2922196,D-TEM,dark,Arabika Temanggung Mukidi,B24,17,purging,41,14252,2888,2877,7751,9580,2883,8728,15202,15229,14915,,
2923196,D-TEM,dark,Arabika Temanggung Mukidi,B24,17,purging,42,14242,2888,2875,7752,9578,2881,8728,15197,15225,14914,,
2924196,D-TEM,dark,Arabika Temanggung Mukidi,B24,17,purging,43,14232,2888,2875,7753,9578,2883,8730,15193,15222,14913,,
2925196,D-TEM,dark,Arabika Temanggung Mukidi,B24,17,purging,44,14223,2888,2875,7753,9576,2881,8731,15189,15219,14911,,
2926196,D-TEM,dark,Arabika Temanggung Mukidi,B24,17,purging,45,14214,2888,2873,7755,9575,2881,8731,15185,15215,14909,,
2927196,D-TEM,dark,Arabika Temanggung Mukidi,B24,17,purging,46,14206,2888,2877,7755,9573,2883,8731,15181,15212,14907,,
2928196,D-TEM,dark,Arabika Temanggung Mukidi,B24,17,purging,47,14197,2886,2874,7756,9572,2881,8732,15177,15208,14905,,
2929197,D-TEM,dark,Arabika Temanggung Mukidi,B24,17,purging,48,14189,2888,2875,7757,9571,2881,8732,15172,15205,14903,,
2930196,D-TEM,dark,Arabika Temanggung Mukidi,B24,17,purging,49,14181,2888,2875,7757,9570,2881,8732,15168,15202,14903,,
2931196,D-TEM,dark,Arabika Temanggung Mukidi,B24,17,purging,50,14175,2888,2877,7758,9569,2881,8733,15164,15199,14903,,
2932196,D-TEM,dark,Arabika Temanggung Mukidi,B24,17,purging,51,14169,2888,2875,7759,9569,2886,8734,15162,15197,14903,,
2933196,D-TEM,dark,Arabika Temanggung Mukidi,B24,17,purging,52,14164,2888,2877,7760,9568,2881,8735,15160,15196,14903,,
2934196,D-TEM,dark,Arabika Temanggung Mukidi,B24,17,purging,53,14159,2888,2875,7760,9568,2881,8735,15158,15195,14901,,
2935196,D-TEM,dark,Arabika Temanggung Mukidi,B24,17,purging,54,14154,2888,2877,7761,9567,2883,8736,15155,15193,14900,,
2936197,D-TEM,dark,Arabika Temanggung Mukidi,B24,17,purging,55,14148,2886,2877,7762,9567,2881,8736,15153,15191,14900,,
2937196,D-TEM,dark,Arabika Temanggung Mukidi,B24,17,purging,56,14142,2888,2875,7763,9566,2881,8737,15150,15189,14898,,
2938196,D-TEM,dark,Arabika Temanggung Mukidi,B24,17,purging,57,14136,2888,2877,7763,9565,2883,8737,15147,15186,14897,,
2939196,D-TEM,dark,Arabika Temanggung Mukidi,B24,17,purging,58,14130,2888,2875,7764,9563,2881,8737,15145,15184,14896,,
2940196,D-TEM,dark,Arabika Temanggung Mukidi,B24,17,purging,59,14124,2888,2875,7764,9561,2886,8736,15141,15181,14894,,
2941196,D-TEM,dark,Arabika Temanggung Mukidi,B24,17,purging,60,14118,2888,2875,7765,9560,2881,8737,15138,15178,14893,,
2942196,D-TEM,dark,Arabika Temanggung Mukidi,B24,17,purging,61,14113,2886,2875,7766,9558,2881,8737,15135,15176,14892,,
2943196,D-TEM,dark,Arabika Temanggung Mukidi,B24,17,purging,62,14108,2886,2874,7767,9557,2881,8738,15132,15174,14891,,
2944196,D-TEM,dark,Arabika Temanggung Mukidi,B24,17,purging,63,14102,2888,2874,7767,9556,2881,8737,15129,15171,14890,,
2945197,D-TEM,dark,Arabika Temanggung Mukidi,B24,17,purging,64,14098,2886,2875,7768,9555,2881,8737,15126,15168,14889,,
2946196,D-TEM,dark,Arabika Temanggung Mukidi,B24,17,purging,65,14094,2888,2875,7769,9554,2881,8738,15124,15166,14888,,
2947196,D-TEM,dark,Arabika Temanggung Mukidi,B24,17,purging,66,14091,2886,2877,7770,9554,2881,8738,15122,15165,14887,,
2948196,D-TEM,dark,Arabika Temanggung Mukidi,B24,17,purging,67,14088,2886,2874,7771,9553,2881,8737,15119,15163,14887,,
2949196,D-TEM,dark,Arabika Temanggung Mukidi,B24,17,purging,68,14086,2888,2877,7772,9552,2881,8738,15118,15162,14887,,
2950196,D-TEM,dark,Arabika Temanggung Mukidi,B24,17,purging,69,14084,2888,2875,7772,9550,2881,8737,15117,15160,14886,,
2951196,D-TEM,dark,Arabika Temanggung Mukidi,B24,17,purging,70,14082,2886,2875,7773,9550,2881,8737,15115,15160,14885,,
2952197,D-TEM,dark,Arabika Temanggung Mukidi,B24,17,purging,71,14079,2888,2875,7774,9549,2881,8737,15114,15158,14884,,
2953196,D-TEM,dark,Arabika Temanggung Mukidi,B24,17,purging,72,14076,2888,2874,7775,9548,2881,8737,15113,15156,14884,,
2954196,D-TEM,dark,Arabika Temanggung Mukidi,B24,17,purging,73,14072,2888,2875,7775,9547,2886,8738,15110,15155,14883,,
2955196,D-TEM,dark,Arabika Temanggung Mukidi,B24,17,purging,74,14069,2886,2875,7777,9546,2883,8737,15108,15153,14882,,
2956196,D-TEM,dark,Arabika Temanggung Mukidi,B24,17,purging,75,14064,2888,2877,7777,9544,2881,8738,15105,15150,14882,,
2957196,D-TEM,dark,Arabika Temanggung Mukidi,B24,17,purging,76,14059,2886,2875,7778,9543,2881,8738,15103,15148,14881,,
2958196,D-TEM,dark,Arabika Temanggung Mukidi,B24,17,purging,77,14053,2888,2875,7779,9541,2881,8739,15101,15145,14880,,
2959196,D-TEM,dark,Arabika Temanggung Mukidi,B24,17,purging,78,14049,2888,2874,7780,9540,2881,8740,15099,15143,14880,,
2960196,D-TEM,dark,Arabika Temanggung Mukidi,B24,17,purging,79,14045,2886,2875,7781,9539,2881,8741,15097,15141,14879,,
2961197,D-TEM,dark,Arabika Temanggung Mukidi,B24,17,purging,80,14041,2888,2877,7781,9538,2883,8742,15094,15139,14879,,
2962196,D-TEM,dark,Arabika Temanggung Mukidi,B24,17,purging,81,14039,2886,2877,7782,9538,2881,8742,15093,15139,14879,,
2963196,D-TEM,dark,Arabika Temanggung Mukidi,B24,17,purging,82,14036,2888,2877,7782,9538,2883,8743,15092,15137,14879,,
2964196,D-TEM,dark,Arabika Temanggung Mukidi,B24,17,purging,83,14033,2886,2874,7783,9537,2881,8743,15091,15135,14878,,
2965196,D-TEM,dark,Arabika Temanggung Mukidi,B24,17,purging,84,14031,2888,2877,7784,9537,2883,8743,15089,15134,14878,,
2966196,D-TEM,dark,Arabika Temanggung Mukidi,B24,17,purging,85,14029,2884,2872,7785,9536,2881,8743,15087,15133,14878,,
2967196,D-TEM,dark,Arabika Temanggung Mukidi,B24,17,purging,86,14026,2884,2877,7786,9536,2881,8744,15085,15132,14878,,
2968197,D-TEM,dark,Arabika Temanggung Mukidi,B24,17,purging,87,14025,2884,2875,7787,9536,2883,8744,15086,15131,14878,,
2969196,D-TEM,dark,Arabika Temanggung Mukidi,B24,17,purging,88,14024,2884,2875,7788,9535,2883,8745,15084,15130,14878,,
2970196,D-TEM,dark,Arabika Temanggung Mukidi,B24,17,purging,89,14023,2886,2874,7788,9536,2883,8745,15084,15130,14878,,
2971196,D-TEM,dark,Arabika Temanggung Mukidi,B24,17,purging,90,14022,2888,2875,7789,9536,2881,8745,15084,15130,14879,,
2972196,D-TEM,dark,Arabika Temanggung Mukidi,B24,17,purging,91,14021,2888,2874,7790,9536,2881,8745,15083,15130,14878,,
2973196,D-TEM,dark,Arabika Temanggung Mukidi,B24,17,purging,92,14019,2884,2877,7790,9535,2881,8745,15082,15129,14877,,
2974196,D-TEM,dark,Arabika Temanggung Mukidi,B24,17,purging,93,14015,2888,2877,7791,9533,2881,8745,15078,15127,14876,,
2975196,D-TEM,dark,Arabika Temanggung Mukidi,B24,17,purging,94,14013,2888,2874,7792,9532,2881,8745,15076,15125,14875,,
2976196,D-TEM,dark,Arabika Temanggung Mukidi,B24,17,purging,95,14010,2888,2874,7793,9531,2883,8745,15075,15123,14875,,
2977197,D-TEM,dark,Arabika Temanggung Mukidi,B24,17,purging,96,14007,2886,2874,7793,9529,2881,8745,15072,15121,14874,,
2978196,D-TEM,dark,Arabika Temanggung Mukidi,B24,17,purging,97,14004,2888,2877,7794,9528,2881,8745,15072,15120,14873,,
2979196,D-TEM,dark,Arabika Temanggung Mukidi,B24,17,purging,98,14002,2888,2875,7795,9527,2881,8745,15071,15118,14873,,
2980196,D-TEM,dark,Arabika Temanggung Mukidi,B24,17,purging,99,14000,2888,2874,7796,9526,2881,8745,15071,15117,14872,,
2981196,D-TEM,dark,Arabika Temanggung Mukidi,B24,17,purging,100,13998,2888,2874,7797,9525,2881,8745,15070,15116,14872,,
2982196,D-TEM,dark,Arabika Temanggung Mukidi,B24,17,purging,101,13997,2888,2875,7797,9524,2881,8744,15068,15114,14872,,
2983196,D-TEM,dark,Arabika Temanggung Mukidi,B24,17,purging,102,13996,2888,2874,7798,9523,2883,8744,15065,15113,14871,,
2984197,D-TEM,dark,Arabika Temanggung Mukidi,B24,17,purging,103,13994,2888,2877,7799,9523,2881,8744,15065,15112,14870,,
2985196,D-TEM,dark,Arabika Temanggung Mukidi,B24,17,purging,104,13993,2888,2874,7800,9522,2881,8743,15064,15111,14870,,
2986196,D-TEM,dark,Arabika Temanggung Mukidi,B24,17,purging,105,13991,2886,2875,7801,9522,2883,8744,15064,15110,14869,,
2987196,D-TEM,dark,Arabika Temanggung Mukidi,B24,17,purging,106,13990,2888,2875,7801,9522,2881,8744,15064,15110,14869,,
2988196,D-TEM,dark,Arabika Temanggung Mukidi,B24,17,purging,107,13989,2888,2877,7802,9521,2881,8744,15063,15109,14870,,
2989196,D-TEM,dark,Arabika Temanggung Mukidi,B24,17,purging,108,13986,2884,2875,7803,9520,2881,8743,15062,15108,14869,,
2990196,D-TEM,dark,Arabika Temanggung Mukidi,B24,17,purging,109,13984,2888,2874,7803,9519,2885,8743,15061,15106,14868,,
2991196,D-TEM,dark,Arabika Temanggung Mukidi,B24,17,purging,110,13981,2888,2875,7804,9517,2885,8743,15059,15105,14867,,
2992196,D-TEM,dark,Arabika Temanggung Mukidi,B24,17,purging,111,13978,2886,2874,7805,9516,2883,8744,15057,15102,14867,,
2993197,D-TEM,dark,Arabika Temanggung Mukidi,B24,17,purging,112,13976,2888,2875,7806,9515,2883,8744,15055,15100,14867,,
2994196,D-TEM,dark,Arabika Temanggung Mukidi,B24,17,purging,113,13974,2886,2874,7806,9515,2886,8744,15053,15099,14867,,
2995196,D-TEM,dark,Arabika Temanggung Mukidi,B24,17,purging,114,13973,2884,2874,7807,9514,2881,8744,15052,15098,14866,,
2996196,D-TEM,dark,Arabika Temanggung Mukidi,B24,17,purging,115,13970,2886,2874,7808,9513,2881,8744,15051,15097,14866,,
2997196,D-TEM,dark,Arabika Temanggung Mukidi,B24,17,purging,116,13968,2886,2875,7809,9511,2881,8744,15050,15095,14865,,
2998196,D-TEM,dark,Arabika Temanggung Mukidi,B24,17,purging,117,13966,2888,2875,7809,9511,2883,8745,15049,15093,14865,,
2999196,D-TEM,dark,Arabika Temanggung Mukidi,B24,17,purging,118,13965,2886,2874,7810,9511,2881,8745,15047,15092,14865,,
3000197,D-TEM,dark,Arabika Temanggung Mukidi,B24,17,purging,119,13963,2888,2875,7811,9511,2881,8746,15047,15091,14865,,
3001196,D-TEM,dark,Arabika Temanggung Mukidi,B24,17,purging,120,13963,2888,2874,7812,9510,2883,8746,15046,15091,14866,,
3002201,D-TEM,dark,Arabika Temanggung Mukidi,B24,17,collecting,1,13962,2888,2875,7813,9509,2883,8746,15045,15090,14865,,
3003196,D-TEM,dark,Arabika Temanggung Mukidi,B24,17,collecting,2,13963,2888,2875,7811,9506,2883,8744,15043,15089,14856,,
3004196,D-TEM,dark,Arabika Temanggung Mukidi,B24,17,collecting,3,14081,2888,2877,7811,9506,2886,8740,15051,15090,14864,,
3005196,D-TEM,dark,Arabika Temanggung Mukidi,B24,17,collecting,4,14367,2890,2875,7812,9523,2881,8738,15117,15125,14900,,
3006196,D-TEM,dark,Arabika Temanggung Mukidi,B24,17,collecting,5,14705,2886,2875,7812,9554,2881,8728,15237,15194,14948,,
3007196,D-TEM,dark,Arabika Temanggung Mukidi,B24,17,collecting,6,15020,2886,2874,7814,9586,2886,8715,15369,15280,14995,,
3008196,D-TEM,dark,Arabika Temanggung Mukidi,B24,17,collecting,7,15290,2886,2874,7815,9615,2881,8700,15492,15366,15040,,
3009197,D-TEM,dark,Arabika Temanggung Mukidi,B24,17,collecting,8,15515,2886,2874,7815,9639,2881,8686,15600,15444,15083,,
3010196,D-TEM,dark,Arabika Temanggung Mukidi,B24,17,collecting,9,15700,2888,2874,7816,9658,2881,8675,15688,15514,15120,,
3011196,D-TEM,dark,Arabika Temanggung Mukidi,B24,17,collecting,10,15851,2886,2874,7817,9673,2881,8666,15762,15574,15153,,
3012196,D-TEM,dark,Arabika Temanggung Mukidi,B24,17,collecting,11,15973,2892,2874,7817,9687,2881,8659,15825,15624,15180,,
3013196,D-TEM,dark,Arabika Temanggung Mukidi,B24,17,collecting,12,16071,2893,2877,7817,9699,2881,8654,15874,15667,15203,,
3014196,D-TEM,dark,Arabika Temanggung Mukidi,B24,17,collecting,13,16147,2892,2875,7817,9708,2883,8649,15914,15701,15222,,
3015196,D-TEM,dark,Arabika Temanggung Mukidi,B24,17,collecting,14,16207,2893,2874,7818,9716,2881,8647,15946,15730,15238,,
3016197,D-TEM,dark,Arabika Temanggung Mukidi,B24,17,collecting,15,16252,2893,2877,7817,9722,2885,8645,15970,15752,15250,,
3017196,D-TEM,dark,Arabika Temanggung Mukidi,B24,17,collecting,16,16286,2893,2873,7818,9728,2881,8644,15989,15771,15261,,
3018196,D-TEM,dark,Arabika Temanggung Mukidi,B24,17,collecting,17,16312,2892,2875,7818,9733,2881,8644,16004,15785,15270,,
3019196,D-TEM,dark,Arabika Temanggung Mukidi,B24,17,collecting,18,16330,2893,2874,7818,9737,2886,8644,16016,15796,15278,,
3020196,D-TEM,dark,Arabika Temanggung Mukidi,B24,17,collecting,19,16342,2893,2874,7818,9741,2881,8645,16025,15805,15284,,
3021196,D-TEM,dark,Arabika Temanggung Mukidi,B24,17,collecting,20,16349,2890,2877,7819,9745,2886,8646,16032,15812,15289,,
3022196,D-TEM,dark,Arabika Temanggung Mukidi,B24,17,collecting,21,16351,2890,2874,7818,9747,2881,8647,16038,15817,15294,,
3023196,D-TEM,dark,Arabika Temanggung Mukidi,B24,17,collecting,22,16351,2893,2875,7819,9750,2881,8648,16041,15821,15297,,
3024196,D-TEM,dark,Arabika Temanggung Mukidi,B24,17,collecting,23,16346,2893,2877,7819,9752,2881,8650,16042,15823,15299,,
3025197,D-TEM,dark,Arabika Temanggung Mukidi,B24,17,collecting,24,16340,2892,2874,7819,9754,2881,8651,16043,15824,15300,,
3026196,D-TEM,dark,Arabika Temanggung Mukidi,B24,17,collecting,25,16330,2892,2877,7820,9755,2883,8652,16041,15824,15301,,
3027196,D-TEM,dark,Arabika Temanggung Mukidi,B24,17,collecting,26,16319,2893,2877,7819,9757,2883,8654,16038,15822,15302,,
3028196,D-TEM,dark,Arabika Temanggung Mukidi,B24,17,collecting,27,16306,2890,2874,7820,9758,2883,8656,16035,15821,15302,,
3029196,D-TEM,dark,Arabika Temanggung Mukidi,B24,17,collecting,28,16292,2890,2875,7821,9758,2881,8657,16031,15819,15301,,
3030196,D-TEM,dark,Arabika Temanggung Mukidi,B24,17,collecting,29,16277,2892,2875,7821,9758,2883,8659,16029,15817,15301,,
3031196,D-TEM,dark,Arabika Temanggung Mukidi,B24,17,collecting,30,16262,2892,2874,7822,9759,2881,8660,16024,15814,15299,,
3032197,D-TEM,dark,Arabika Temanggung Mukidi,B24,17,collecting,31,16247,2890,2874,7822,9759,2881,8662,16020,15810,15298,,
3033196,D-TEM,dark,Arabika Temanggung Mukidi,B24,17,collecting,32,16232,2890,2874,7822,9758,2881,8663,16016,15807,15297,,
3034196,D-TEM,dark,Arabika Temanggung Mukidi,B24,17,collecting,33,16217,2890,2875,7822,9759,2881,8665,16011,15804,15295,,
3035196,D-TEM,dark,Arabika Temanggung Mukidi,B24,17,collecting,34,16203,2890,2877,7823,9759,2881,8666,16007,15800,15294,,
3036196,D-TEM,dark,Arabika Temanggung Mukidi,B24,17,collecting,35,16188,2890,2877,7823,9759,2881,8667,16004,15797,15292,,
3037196,D-TEM,dark,Arabika Temanggung Mukidi,B24,17,collecting,36,16174,2890,2874,7824,9759,2881,8668,16001,15794,15290,,
3038196,D-TEM,dark,Arabika Temanggung Mukidi,B24,17,collecting,37,16160,2892,2877,7824,9759,2883,8669,15997,15790,15289,,
3039196,D-TEM,dark,Arabika Temanggung Mukidi,B24,17,collecting,38,16147,2892,2875,7825,9759,2886,8671,15993,15787,15286,,
3040196,D-TEM,dark,Arabika Temanggung Mukidi,B24,17,collecting,39,16135,2892,2877,7825,9759,2886,8672,15989,15784,15285,,
3041197,D-TEM,dark,Arabika Temanggung Mukidi,B24,17,collecting,40,16122,2893,2877,7826,9760,2883,8673,15985,15781,15284,,
3042196,D-TEM,dark,Arabika Temanggung Mukidi,B24,17,collecting,41,16108,2890,2874,7826,9760,2881,8674,15981,15778,15283,,
3043196,D-TEM,dark,Arabika Temanggung Mukidi,B24,17,collecting,42,16095,2890,2875,7826,9760,2881,8675,15978,15775,15281,,
3044196,D-TEM,dark,Arabika Temanggung Mukidi,B24,17,collecting,43,16081,2892,2874,7827,9759,2883,8676,15974,15772,15279,,
3045196,D-TEM,dark,Arabika Temanggung Mukidi,B24,17,collecting,44,16067,2890,2875,7828,9759,2883,8677,15969,15768,15277,,
3046196,D-TEM,dark,Arabika Temanggung Mukidi,B24,17,collecting,45,16054,2892,2877,7829,9759,2885,8678,15965,15764,15275,,
3047196,D-TEM,dark,Arabika Temanggung Mukidi,B24,17,collecting,46,16042,2892,2875,7829,9759,2883,8679,15960,15761,15274,,
3048197,D-TEM,dark,Arabika Temanggung Mukidi,B24,17,collecting,47,16031,2893,2874,7829,9759,2886,8680,15956,15758,15272,,
3049196,D-TEM,dark,Arabika Temanggung Mukidi,B24,17,collecting,48,16020,2893,2877,7830,9759,2883,8681,15953,15755,15270,,
3050196,D-TEM,dark,Arabika Temanggung Mukidi,B24,17,collecting,49,16009,2890,2874,7830,9760,2883,8682,15951,15752,15269,,
3051196,D-TEM,dark,Arabika Temanggung Mukidi,B24,17,collecting,50,15998,2892,2877,7831,9759,2881,8683,15946,15750,15267,,
3052196,D-TEM,dark,Arabika Temanggung Mukidi,B24,17,collecting,51,15987,2890,2874,7832,9759,2881,8684,15943,15747,15266,,
3053196,D-TEM,dark,Arabika Temanggung Mukidi,B24,17,collecting,52,15976,2892,2877,7832,9759,2886,8685,15940,15744,15264,,
3054196,D-TEM,dark,Arabika Temanggung Mukidi,B24,17,collecting,53,15966,2893,2877,7833,9759,2883,8686,15936,15741,15262,,
3055196,D-TEM,dark,Arabika Temanggung Mukidi,B24,17,collecting,54,15957,2893,2877,7834,9759,2881,8687,15934,15739,15260,,
3056196,D-TEM,dark,Arabika Temanggung Mukidi,B24,17,collecting,55,15950,2886,2874,7834,9759,2883,8687,15931,15737,15260,,
3057197,D-TEM,dark,Arabika Temanggung Mukidi,B24,17,collecting,56,15943,2888,2877,7834,9760,2883,8687,15929,15736,15259,,
3058196,D-TEM,dark,Arabika Temanggung Mukidi,B24,17,collecting,57,15936,2886,2874,7835,9761,2883,8689,15928,15734,15258,,
3059196,D-TEM,dark,Arabika Temanggung Mukidi,B24,17,collecting,58,15928,2888,2874,7835,9761,2885,8689,15925,15733,15257,,
3060196,D-TEM,dark,Arabika Temanggung Mukidi,B24,17,collecting,59,15920,2890,2875,7836,9761,2885,8690,15924,15731,15256,,
3061196,D-TEM,dark,Arabika Temanggung Mukidi,B24,17,collecting,60,15912,2888,2875,7836,9762,2883,8691,15921,15730,15255,,
3062200,D-TEM,dark,Arabika Temanggung Mukidi,B24,18,purging,1,15904,2890,2877,7837,9763,2883,8691,15919,15728,15254,,
3063196,D-TEM,dark,Arabika Temanggung Mukidi,B24,18,purging,2,15896,2890,2877,7839,9766,2881,8694,15918,15728,15259,,
3064197,D-TEM,dark,Arabika Temanggung Mukidi,B24,18,purging,3,15865,2890,2877,7841,9770,2883,8700,15912,15726,15259,,
3065196,D-TEM,dark,Arabika Temanggung Mukidi,B24,18,purging,4,15807,2890,2877,7842,9771,2883,8709,15893,15718,15253,,
3066196,D-TEM,dark,Arabika Temanggung Mukidi,B24,18,purging,5,15733,2890,2877,7843,9771,2883,8718,15861,15704,15244,,
3067196,D-TEM,dark,Arabika Temanggung Mukidi,B24,18,purging,6,15649,2890,2877,7844,9770,2883,8728,15826,15685,15231,,
3068196,D-TEM,dark,Arabika Temanggung Mukidi,B24,18,purging,7,15562,2886,2877,7844,9766,2883,8736,15788,15664,15218,,
3069196,D-TEM,dark,Arabika Temanggung Mukidi,B24,18,purging,8,15473,2886,2874,7844,9761,2885,8742,15751,15641,15204,,
3070196,D-TEM,dark,Arabika Temanggung Mukidi,B24,18,purging,9,15386,2888,2877,7845,9755,2883,8748,15716,15618,15189,,
3071196,D-TEM,dark,Arabika Temanggung Mukidi,B24,18,purging,10,15302,2890,2877,7845,9749,2883,8751,15682,15595,15176,,
3072196,D-TEM,dark,Arabika Temanggung Mukidi,B24,18,purging,11,15222,2886,2877,7846,9743,2881,8756,15652,15574,15164,,
3073197,D-TEM,dark,Arabika Temanggung Mukidi,B24,18,purging,12,15146,2890,2874,7846,9737,2883,8759,15624,15554,15152,,
3074196,D-TEM,dark,Arabika Temanggung Mukidi,B24,18,purging,13,15074,2886,2875,7847,9732,2881,8761,15599,15536,15141,,
3075196,D-TEM,dark,Arabika Temanggung Mukidi,B24,18,purging,14,15007,2886,2877,7847,9727,2883,8763,15576,15518,15130,,
3076196,D-TEM,dark,Arabika Temanggung Mukidi,B24,18,purging,15,14946,2886,2874,7848,9722,2883,8765,15555,15503,15120,,
3077196,D-TEM,dark,Arabika Temanggung Mukidi,B24,18,purging,16,14889,2888,2877,7849,9718,2883,8767,15536,15488,15112,,
3078196,D-TEM,dark,Arabika Temanggung Mukidi,B24,18,purging,17,14836,2888,2874,7849,9713,2881,8768,15518,15475,15103,,
3079196,D-TEM,dark,Arabika Temanggung Mukidi,B24,18,purging,18,14786,2886,2874,7850,9708,2883,8769,15501,15462,15094,,
3080197,D-TEM,dark,Arabika Temanggung Mukidi,B24,18,purging,19,14741,2890,2874,7851,9703,2881,8770,15486,15449,15086,,
3081196,D-TEM,dark,Arabika Temanggung Mukidi,B24,18,purging,20,14698,2888,2872,7851,9699,2883,8770,15470,15437,15080,,
3082196,D-TEM,dark,Arabika Temanggung Mukidi,B24,18,purging,21,14659,2890,2874,7852,9696,2883,8771,15456,15426,15074,,
3083196,D-TEM,dark,Arabika Temanggung Mukidi,B24,18,purging,22,14624,2890,2874,7853,9693,2886,8772,15444,15416,15067,,
3084196,D-TEM,dark,Arabika Temanggung Mukidi,B24,18,purging,23,14591,2888,2874,7853,9690,2883,8773,15433,15407,15062,,
3085196,D-TEM,dark,Arabika Temanggung Mukidi,B24,18,purging,24,14559,2886,2877,7854,9687,2883,8773,15422,15399,15057,,
3086196,D-TEM,dark,Arabika Temanggung Mukidi,B24,18,purging,25,14530,2890,2877,7855,9685,2883,8774,15412,15391,15051,,
3087196,D-TEM,dark,Arabika Temanggung Mukidi,B24,18,purging,26,14503,2890,2874,7855,9682,2883,8775,15402,15383,15046,,
3088196,D-TEM,dark,Arabika Temanggung Mukidi,B24,18,purging,27,14479,2890,2874,7856,9681,2885,8776,15393,15376,15043,,
3089197,D-TEM,dark,Arabika Temanggung Mukidi,B24,18,purging,28,14458,2890,2875,7856,9679,2885,8778,15386,15370,15042,,
3090196,D-TEM,dark,Arabika Temanggung Mukidi,B24,18,purging,29,14439,2888,2874,7857,9680,2883,8779,15381,15367,15039,,
3091196,D-TEM,dark,Arabika Temanggung Mukidi,B24,18,purging,30,14421,2886,2875,7857,9678,2881,8780,15376,15362,15035,,
3092196,D-TEM,dark,Arabika Temanggung Mukidi,B24,18,purging,31,14403,2888,2874,7858,9677,2883,8780,15367,15358,15034,,
3093196,D-TEM,dark,Arabika Temanggung Mukidi,B24,18,purging,32,14388,2888,2877,7859,9676,2883,8782,15362,15353,15033,,
3094196,D-TEM,dark,Arabika Temanggung Mukidi,B24,18,purging,33,14374,2890,2874,7859,9677,2885,8784,15357,15350,15032,,
3095196,D-TEM,dark,Arabika Temanggung Mukidi,B24,18,purging,34,14361,2888,2877,7859,9678,2883,8786,15354,15348,15030,,
3096197,D-TEM,dark,Arabika Temanggung Mukidi,B24,18,purging,35,14349,2890,2875,7860,9678,2883,8787,15350,15346,15029,,
3097196,D-TEM,dark,Arabika Temanggung Mukidi,B24,18,purging,36,14337,2890,2877,7861,9679,2883,8789,15346,15344,15029,,
3098196,D-TEM,dark,Arabika Temanggung Mukidi,B24,18,purging,37,14328,2888,2874,7862,9679,2883,8790,15343,15343,15030,,
3099196,D-TEM,dark,Arabika Temanggung Mukidi,B24,18,purging,38,14320,2888,2877,7862,9680,2883,8792,15342,15343,15030,,
3100196,D-TEM,dark,Arabika Temanggung Mukidi,B24,18,purging,39,14312,2886,2874,7863,9681,2883,8792,15341,15343,15028,,
3101196,D-TEM,dark,Arabika Temanggung Mukidi,B24,18,purging,40,14302,2890,2872,7863,9681,2885,8792,15339,15342,15026,,
3102196,D-TEM,dark,Arabika Temanggung Mukidi,B24,18,purging,41,14293,2890,2877,7864,9680,2883,8792,15336,15340,15024,,
3103196,D-TEM,dark,Arabika Temanggung Mukidi,B24,18,purging,42,14283,2888,2874,7865,9678,2883,8792,15331,15337,15022,,
3104196,D-TEM,dark,Arabika Temanggung Mukidi,B24,18,purging,43,14274,2890,2877,7866,9677,2883,8792,15327,15333,15020,,
3105197,D-TEM,dark,Arabika Temanggung Mukidi,B24,18,purging,44,14264,2890,2875,7866,9675,2883,8792,15322,15330,15018,,
3106196,D-TEM,dark,Arabika Temanggung Mukidi,B24,18,purging,45,14254,2888,2877,7867,9673,2883,8792,15317,15326,15017,,
3107196,D-TEM,dark,Arabika Temanggung Mukidi,B24,18,purging,46,14246,2886,2877,7867,9670,2883,8793,15312,15322,15014,,
3108196,D-TEM,dark,Arabika Temanggung Mukidi,B24,18,purging,47,14237,2886,2874,7868,9668,2883,8793,15308,15319,15012,,
3109196,D-TEM,dark,Arabika Temanggung Mukidi,B24,18,purging,48,14229,2883,2877,7869,9666,2883,8793,15304,15314,15009,,
3110196,D-TEM,dark,Arabika Temanggung Mukidi,B24,18,purging,49,14221,2886,2874,7869,9663,2883,8792,15299,15310,15007,,
3111196,D-TEM,dark,Arabika Temanggung Mukidi,B24,18,purging,50,14212,2886,2877,7870,9661,2881,8792,15295,15306,15005,,
3112197,D-TEM,dark,Arabika Temanggung Mukidi,B24,18,purging,51,14205,2886,2877,7871,9658,2883,8792,15290,15301,15003,,
3113196,D-TEM,dark,Arabika Temanggung Mukidi,B24,18,purging,52,14200,2886,2877,7871,9658,2883,8793,15286,15298,15005,,
3114196,D-TEM,dark,Arabika Temanggung Mukidi,B24,18,purging,53,14199,2886,2877,7872,9659,2883,8794,15286,15299,15007,,
3115196,D-TEM,dark,Arabika Temanggung Mukidi,B24,18,purging,54,14197,2886,2874,7873,9662,2883,8795,15289,15301,15006,,
3116196,D-TEM,dark,Arabika Temanggung Mukidi,B24,18,purging,55,14195,2886,2874,7874,9662,2881,8795,15289,15303,15007,,
3117196,D-TEM,dark,Arabika Temanggung Mukidi,B24,18,purging,56,14194,2888,2877,7874,9662,2885,8795,15289,15303,15009,,
3118196,D-TEM,dark,Arabika Temanggung Mukidi,B24,18,purging,57,14194,2886,2877,7875,9663,2883,8796,15291,15304,15010,,
3119196,D-TEM,dark,Arabika Temanggung Mukidi,B24,18,purging,58,14192,2886,2877,7876,9664,2883,8796,15291,15305,15010,,
3120196,D-TEM,dark,Arabika Temanggung Mukidi,B24,18,purging,59,14190,2884,2877,7876,9665,2883,8796,15291,15306,15010,,
3121197,D-TEM,dark,Arabika Temanggung Mukidi,B24,18,purging,60,14187,2886,2872,7877,9664,2885,8797,15290,15306,15010,,
3122196,D-TEM,dark,Arabika Temanggung Mukidi,B24,18,purging,61,14185,2886,2874,7877,9664,2881,8797,15289,15305,15009,,
3123196,D-TEM,dark,Arabika Temanggung Mukidi,B24,18,purging,62,14183,2886,2874,7878,9663,2881,8797,15287,15304,15009,,
3124196,D-TEM,dark,Arabika Temanggung Mukidi,B24,18,purging,63,14179,2886,2877,7879,9663,2883,8797,15286,15305,15009,,
3125196,D-TEM,dark,Arabika Temanggung Mukidi,B24,18,purging,64,14176,2884,2877,7880,9663,2883,8798,15286,15304,15010,,
3126196,D-TEM,dark,Arabika Temanggung Mukidi,B24,18,purging,65,14174,2886,2877,7880,9662,2883,8798,15285,15303,15010,,
3127196,D-TEM,dark,Arabika Temanggung Mukidi,B24,18,purging,66,14171,2886,2877,7881,9662,2883,8799,15284,15303,15011,,
3128197,D-TEM,dark,Arabika Temanggung Mukidi,B24,18,purging,67,14168,2886,2877,7882,9662,2883,8800,15284,15303,15011,,
3129196,D-TEM,dark,Arabika Temanggung Mukidi,B24,18,purging,68,14165,2883,2877,7882,9662,2881,8801,15284,15302,15010,,
3130196,D-TEM,dark,Arabika Temanggung Mukidi,B24,18,purging,69,14162,2886,2877,7883,9662,2883,8801,15283,15302,15010,,
3131196,D-TEM,dark,Arabika Temanggung Mukidi,B24,18,purging,70,14159,2886,2872,7884,9662,2883,8801,15282,15301,15010,,
3132196,D-TEM,dark,Arabika Temanggung Mukidi,B24,18,purging,71,14157,2886,2872,7884,9661,2881,8801,15281,15301,15011,,
3133196,D-TEM,dark,Arabika Temanggung Mukidi,B24,18,purging,72,14153,2886,2874,7885,9661,2883,8801,15279,15300,15011,,
3134196,D-TEM,dark,Arabika Temanggung Mukidi,B24,18,purging,73,14150,2886,2874,7886,9660,2883,8802,15277,15298,15010,,
3135196,D-TEM,dark,Arabika Temanggung Mukidi,B24,18,purging,74,14146,2886,2877,7886,9658,2883,8802,15275,15297,15010,,
3136196,D-TEM,dark,Arabika Temanggung Mukidi,B24,18,purging,75,14142,2886,2877,7888,9657,2881,8802,15273,15295,15009,,
3137197,D-TEM,dark,Arabika Temanggung Mukidi,B24,18,purging,76,14138,2883,2877,7888,9656,2883,8802,15271,15293,15010,,
3138196,D-TEM,dark,Arabika Temanggung Mukidi,B24,18,purging,77,14135,2883,2872,7889,9655,2883,8803,15268,15291,15009,,
3139196,D-TEM,dark,Arabika Temanggung Mukidi,B24,18,purging,78,14132,2886,2877,7890,9655,2883,8804,15267,15290,15010,,
3140196,D-TEM,dark,Arabika Temanggung Mukidi,B24,18,purging,79,14130,2884,2874,7890,9655,2883,8804,15267,15290,15011,,
3141196,D-TEM,dark,Arabika Temanggung Mukidi,B24,18,purging,80,14129,2886,2877,7891,9656,2883,8806,15268,15290,15013,,
3142196,D-TEM,dark,Arabika Temanggung Mukidi,B24,18,purging,81,14127,2886,2877,7892,9656,2883,8807,15269,15291,15014,,
3143196,D-TEM,dark,Arabika Temanggung Mukidi,B24,18,purging,82,14125,2886,2877,7892,9658,2883,8807,15269,15291,15013,,
3144197,D-TEM,dark,Arabika Temanggung Mukidi,B24,18,purging,83,14123,2886,2877,7893,9657,2883,8807,15269,15291,15013,,
3145196,D-TEM,dark,Arabika Temanggung Mukidi,B24,18,purging,84,14121,2886,2877,7894,9657,2883,8807,15268,15291,15013,,
3146196,D-TEM,dark,Arabika Temanggung Mukidi,B24,18,purging,85,14118,2886,2877,7895,9656,2883,8808,15267,15290,15013,,
3147196,D-TEM,dark,Arabika Temanggung Mukidi,B24,18,purging,86,14115,2883,2877,7895,9654,2883,8808,15266,15289,15013,,
3148196,D-TEM,dark,Arabika Temanggung Mukidi,B24,18,purging,87,14112,2883,2872,7896,9653,2883,8808,15264,15287,15012,,
3149196,D-TEM,dark,Arabika Temanggung Mukidi,B24,18,purging,88,14107,2886,2877,7897,9652,2883,8808,15263,15285,15011,,
3150196,D-TEM,dark,Arabika Temanggung Mukidi,B24,18,purging,89,14103,2883,2877,7898,9650,2881,8808,15260,15282,15010,,
3151196,D-TEM,dark,Arabika Temanggung Mukidi,B24,18,purging,90,14100,2886,2877,7899,9649,2883,8808,15258,15280,15010,,
3152196,D-TEM,dark,Arabika Temanggung Mukidi,B24,18,purging,91,14097,2886,2874,7899,9648,2883,8808,15257,15279,15009,,
3153197,D-TEM,dark,Arabika Temanggung Mukidi,B24,18,purging,92,14094,2883,2877,7900,9646,2883,8807,15255,15277,15008,,
3154196,D-TEM,dark,Arabika Temanggung Mukidi,B24,18,purging,93,14091,2886,2872,7901,9644,2885,8807,15252,15274,15006,,
3155196,D-TEM,dark,Arabika Temanggung Mukidi,B24,18,purging,94,14087,2886,2877,7901,9642,2883,8807,15250,15272,15007,,
3156196,D-TEM,dark,Arabika Temanggung Mukidi,B24,18,purging,95,14085,2886,2872,7902,9641,2883,8807,15248,15270,15006,,
3157196,D-TEM,dark,Arabika Temanggung Mukidi,B24,18,purging,96,14082,2886,2877,7903,9641,2883,8807,15247,15269,15005,,
3158196,D-TEM,dark,Arabika Temanggung Mukidi,B24,18,purging,97,14080,2886,2877,7904,9640,2883,8807,15246,15268,15005,,
3159196,D-TEM,dark,Arabika Temanggung Mukidi,B24,18,purging,98,14078,2886,2874,7904,9639,2883,8808,15246,15267,15005,,
3160197,D-TEM,dark,Arabika Temanggung Mukidi,B24,18,purging,99,14077,2888,2870,7905,9638,2883,8808,15244,15266,15005,,
3161196,D-TEM,dark,Arabika Temanggung Mukidi,B24,18,purging,100,14075,2886,2872,7906,9638,2881,8809,15243,15265,15006,,
3162196,D-TEM,dark,Arabika Temanggung Mukidi,B24,18,purging,101,14074,2886,2877,7907,9639,2883,8810,15242,15265,15006,,
3163196,D-TEM,dark,Arabika Temanggung Mukidi,B24,18,purging,102,14073,2886,2877,7908,9638,2883,8810,15242,15264,15005,,
3164196,D-TEM,dark,Arabika Temanggung Mukidi,B24,18,purging,103,14072,2886,2872,7909,9637,2881,8810,15241,15264,15005,,
3165196,D-TEM,dark,Arabika Temanggung Mukidi,B24,18,purging,104,14071,2887,2877,7909,9636,2883,8809,15240,15262,15005,,
3166196,D-TEM,dark,Arabika Temanggung Mukidi,B24,18,purging,105,14071,2886,2877,7910,9636,2883,8810,15241,15262,15007,,
3167196,D-TEM,dark,Arabika Temanggung Mukidi,B24,18,purging,106,14073,2886,2875,7911,9637,2883,8811,15244,15265,15009,,
3168196,D-TEM,dark,Arabika Temanggung Mukidi,B24,18,purging,107,14076,2886,2874,7912,9639,2883,8812,15246,15267,15013,,
3169197,D-TEM,dark,Arabika Temanggung Mukidi,B24,18,purging,108,14079,2883,2874,7913,9642,2883,8813,15251,15271,15016,,
3170196,D-TEM,dark,Arabika Temanggung Mukidi,B24,18,purging,109,14082,2883,2877,7913,9644,2883,8814,15255,15276,15020,,
3171196,D-TEM,dark,Arabika Temanggung Mukidi,B24,18,purging,110,14085,2883,2872,7914,9647,2883,8815,15260,15281,15022,,
3172196,D-TEM,dark,Arabika Temanggung Mukidi,B24,18,purging,111,14088,2888,2872,7915,9649,2883,8815,15264,15284,15024,,
3173196,D-TEM,dark,Arabika Temanggung Mukidi,B24,18,purging,112,14090,2886,2874,7916,9650,2881,8816,15266,15287,15025,,
3174196,D-TEM,dark,Arabika Temanggung Mukidi,B24,18,purging,113,14091,2883,2874,7916,9651,2883,8815,15267,15288,15027,,
3175196,D-TEM,dark,Arabika Temanggung Mukidi,B24,18,purging,114,14092,2886,2877,7917,9651,2883,8816,15269,15290,15028,,
3176197,D-TEM,dark,Arabika Temanggung Mukidi,B24,18,purging,115,14091,2883,2877,7918,9651,2883,8816,15270,15290,15029,,
3177196,D-TEM,dark,Arabika Temanggung Mukidi,B24,18,purging,116,14091,2883,2877,7918,9651,2883,8817,15269,15291,15030,,
3178196,D-TEM,dark,Arabika Temanggung Mukidi,B24,18,purging,117,14090,2887,2877,7919,9650,2883,8818,15269,15291,15029,,
3179196,D-TEM,dark,Arabika Temanggung Mukidi,B24,18,purging,118,14089,2888,2877,7920,9649,2881,8817,15268,15291,15029,,
3180196,D-TEM,dark,Arabika Temanggung Mukidi,B24,18,purging,119,14086,2883,2877,7920,9648,2883,8817,15267,15289,15029,,
3181196,D-TEM,dark,Arabika Temanggung Mukidi,B24,18,purging,120,14083,2883,2877,7921,9647,2883,8817,15265,15288,15028,,
3182200,D-TEM,dark,Arabika Temanggung Mukidi,B24,18,collecting,1,14079,2884,2872,7922,9644,2883,8816,15265,15285,15026,,
3183196,D-TEM,dark,Arabika Temanggung Mukidi,B24,18,collecting,2,14076,2886,2877,7921,9639,2883,8813,15262,15282,15015,,
3184196,D-TEM,dark,Arabika Temanggung Mukidi,B24,18,collecting,3,14179,2888,2872,7921,9635,2881,8809,15265,15279,15023,,
3185197,D-TEM,dark,Arabika Temanggung Mukidi,B24,18,collecting,4,14444,2888,2872,7921,9647,2883,8804,15320,15305,15053,,
3186196,D-TEM,dark,Arabika Temanggung Mukidi,B24,18,collecting,5,14760,2888,2877,7922,9671,2881,8794,15423,15361,15092,,
3187196,D-TEM,dark,Arabika Temanggung Mukidi,B24,18,collecting,6,15061,2888,2874,7923,9697,2883,8780,15543,15433,15134,,
3188196,D-TEM,dark,Arabika Temanggung Mukidi,B24,18,collecting,7,15320,2888,2871,7924,9720,2883,8766,15655,15507,15176,,
3189196,D-TEM,dark,Arabika Temanggung Mukidi,B24,18,collecting,8,15539,2886,2877,7924,9740,2881,8752,15752,15577,15214,,
3190196,D-TEM,dark,Arabika Temanggung Mukidi,B24,18,collecting,9,15719,2888,2874,7925,9757,2883,8742,15836,15638,15248,,
3191196,D-TEM,dark,Arabika Temanggung Mukidi,B24,18,collecting,10,15865,2890,2874,7926,9772,2881,8733,15904,15692,15277,,
3192197,D-TEM,dark,Arabika Temanggung Mukidi,B24,18,collecting,11,15981,2890,2877,7926,9784,2881,8726,15959,15738,15301,,
3193196,D-TEM,dark,Arabika Temanggung Mukidi,B24,18,collecting,12,16073,2890,2877,7926,9795,2883,8721,16003,15775,15322,,
3194196,D-TEM,dark,Arabika Temanggung Mukidi,B24,18,collecting,13,16147,2890,2870,7926,9804,2883,8717,16038,15806,15340,,
3195196,D-TEM,dark,Arabika Temanggung Mukidi,B24,18,collecting,14,16206,2890,2877,7926,9812,2883,8715,16068,15832,15354,,
3196196,D-TEM,dark,Arabika Temanggung Mukidi,B24,18,collecting,15,16252,2890,2877,7926,9820,2883,8714,16092,15853,15367,,
3197196,D-TEM,dark,Arabika Temanggung Mukidi,B24,18,collecting,16,16289,2890,2874,7927,9827,2881,8713,16111,15871,15378,,
3198196,D-TEM,dark,Arabika Temanggung Mukidi,B24,18,collecting,17,16318,2888,2872,7927,9833,2883,8713,16127,15886,15388,,
3199196,D-TEM,dark,Arabika Temanggung Mukidi,B24,18,collecting,18,16339,2890,2877,7927,9838,2883,8713,16141,15899,15396,,
3200196,D-TEM,dark,Arabika Temanggung Mukidi,B24,18,collecting,19,16354,2890,2874,7927,9843,2883,8713,16153,15910,15403,,
3201197,D-TEM,dark,Arabika Temanggung Mukidi,B24,18,collecting,20,16364,2890,2877,7928,9847,2883,8714,16161,15917,15409,,
3202196,D-TEM,dark,Arabika Temanggung Mukidi,B24,18,collecting,21,16370,2888,2877,7928,9851,2881,8715,16167,15924,15414,,
3203196,D-TEM,dark,Arabika Temanggung Mukidi,B24,18,collecting,22,16372,2890,2877,7928,9854,2881,8716,16171,15929,15418,,
3204196,D-TEM,dark,Arabika Temanggung Mukidi,B24,18,collecting,23,16370,2890,2872,7928,9857,2883,8718,16175,15933,15420,,
3205196,D-TEM,dark,Arabika Temanggung Mukidi,B24,18,collecting,24,16365,2888,2877,7928,9860,2883,8719,16176,15935,15422,,
3206196,D-TEM,dark,Arabika Temanggung Mukidi,B24,18,collecting,25,16356,2888,2874,7928,9862,2883,8721,16176,15936,15423,,
3207196,D-TEM,dark,Arabika Temanggung Mukidi,B24,18,collecting,26,16345,2890,2874,7929,9864,2881,8722,16173,15936,15424,,
3208197,D-TEM,dark,Arabika Temanggung Mukidi,B24,18,collecting,27,16331,2890,2874,7929,9865,2881,8724,16170,15935,15424,,
3209196,D-TEM,dark,Arabika Temanggung Mukidi,B24,18,collecting,28,16317,2890,2877,7930,9866,2881,8725,16166,15933,15423,,
3210196,D-TEM,dark,Arabika Temanggung Mukidi,B24,18,collecting,29,16302,2888,2877,7930,9866,2883,8728,16163,15931,15423,,
3211196,D-TEM,dark,Arabika Temanggung Mukidi,B24,18,collecting,30,16287,2888,2877,7930,9867,2883,8729,16159,15929,15423,,
3212196,D-TEM,dark,Arabika Temanggung Mukidi,B24,18,collecting,31,16272,2890,2872,7931,9868,2883,8731,16156,15927,15422,,
3213196,D-TEM,dark,Arabika Temanggung Mukidi,B24,18,collecting,32,16258,2890,2874,7932,9869,2883,8732,16152,15925,15421,,
3214196,D-TEM,dark,Arabika Temanggung Mukidi,B24,18,collecting,33,16243,2888,2874,7932,9870,2883,8733,16148,15923,15420,,
3215196,D-TEM,dark,Arabika Temanggung Mukidi,B24,18,collecting,34,16228,2890,2872,7933,9870,2881,8735,16145,15920,15418,,
3216196,D-TEM,dark,Arabika Temanggung Mukidi,B24,18,collecting,35,16213,2890,2874,7933,9870,2883,8736,16141,15918,15418,,
3217197,D-TEM,dark,Arabika Temanggung Mukidi,B24,18,collecting,36,16199,2890,2874,7933,9870,2881,8737,16138,15916,15417,,
3218196,D-TEM,dark,Arabika Temanggung Mukidi,B24,18,collecting,37,16183,2890,2872,7934,9871,2883,8739,16133,15913,15416,,
3219196,D-TEM,dark,Arabika Temanggung Mukidi,B24,18,collecting,38,16168,2890,2874,7934,9870,2883,8740,16130,15911,15414,,
3220196,D-TEM,dark,Arabika Temanggung Mukidi,B24,18,collecting,39,16153,2890,2876,7935,9872,2881,8741,16126,15909,15412,,
3221196,D-TEM,dark,Arabika Temanggung Mukidi,B24,18,collecting,40,16140,2890,2874,7936,9872,2883,8743,16123,15907,15412,,
3222196,D-TEM,dark,Arabika Temanggung Mukidi,B24,18,collecting,41,16128,2890,2872,7936,9873,2881,8744,16120,15905,15411,,
3223196,D-TEM,dark,Arabika Temanggung Mukidi,B24,18,collecting,42,16118,2888,2877,7937,9874,2881,8745,16118,15905,15411,,
3224197,D-TEM,dark,Arabika Temanggung Mukidi,B24,18,collecting,43,16107,2888,2874,7937,9876,2883,8746,16116,15904,15410,,
3225196,D-TEM,dark,Arabika Temanggung Mukidi,B24,18,collecting,44,16098,2890,2872,7938,9877,2883,8747,16113,15903,15410,,
3226196,D-TEM,dark,Arabika Temanggung Mukidi,B24,18,collecting,45,16088,2890,2877,7938,9878,2881,8748,16113,15903,15409,,
3227196,D-TEM,dark,Arabika Temanggung Mukidi,B24,18,collecting,46,16078,2890,2874,7939,9880,2883,8749,16110,15902,15409,,
3228196,D-TEM,dark,Arabika Temanggung Mukidi,B24,18,collecting,47,16069,2888,2874,7940,9881,2881,8750,16109,15901,15408,,
3229196,D-TEM,dark,Arabika Temanggung Mukidi,B24,18,collecting,48,16061,2888,2874,7940,9882,2881,8751,16106,15900,15408,,
3230196,D-TEM,dark,Arabika Temanggung Mukidi,B24,18,collecting,49,16051,2888,2871,7941,9883,2883,8752,16105,15900,15408,,
3231196,D-TEM,dark,Arabika Temanggung Mukidi,B24,18,collecting,50,16043,2888,2874,7941,9883,2881,8753,16102,15899,15408,,
3232196,D-TEM,dark,Arabika Temanggung Mukidi,B24,18,collecting,51,16033,2886,2874,7942,9884,2881,8754,16100,15898,15406,,
3233197,D-TEM,dark,Arabika Temanggung Mukidi,B24,18,collecting,52,16024,2888,2874,7943,9884,2881,8755,16098,15897,15405,,
3234196,D-TEM,dark,Arabika Temanggung Mukidi,B24,18,collecting,53,16015,2888,2877,7943,9884,2883,8756,16096,15897,15405,,
3235196,D-TEM,dark,Arabika Temanggung Mukidi,B24,18,collecting,54,16007,2888,2877,7944,9886,2881,8757,16094,15896,15404,,
3236196,D-TEM,dark,Arabika Temanggung Mukidi,B24,18,collecting,55,15998,2888,2872,7944,9887,2883,8758,16093,15895,15404,,
3237196,D-TEM,dark,Arabika Temanggung Mukidi,B24,18,collecting,56,15989,2888,2877,7945,9887,2879,8759,16091,15894,15403,,
3238196,D-TEM,dark,Arabika Temanggung Mukidi,B24,18,collecting,57,15980,2888,2872,7945,9888,2883,8760,16088,15892,15402,,
3239196,D-TEM,dark,Arabika Temanggung Mukidi,B24,18,collecting,58,15971,2888,2872,7946,9889,2883,8761,16087,15891,15401,,
3240197,D-TEM,dark,Arabika Temanggung Mukidi,B24,18,collecting,59,15963,2888,2875,7946,9889,2881,8761,16084,15889,15401,,
3241196,D-TEM,dark,Arabika Temanggung Mukidi,B24,18,collecting,60,15956,2888,2874,7947,9889,2881,8762,16082,15888,15401,,
3242201,D-TEM,dark,Arabika Temanggung Mukidi,B24,19,purging,1,15949,2886,2877,7948,9890,2883,8763,16080,15887,15400,,
3243196,D-TEM,dark,Arabika Temanggung Mukidi,B24,19,purging,2,15941,2888,2874,7951,9893,2881,8766,16080,15888,15406,,
3244196,D-TEM,dark,Arabika Temanggung Mukidi,B24,19,purging,3,15911,2886,2872,7953,9897,2881,8772,16075,15887,15406,,
3245196,D-TEM,dark,Arabika Temanggung Mukidi,B24,19,purging,4,15855,2888,2871,7954,9900,2881,8781,16058,15881,15403,,
3246196,D-TEM,dark,Arabika Temanggung Mukidi,B24,19,purging,5,15785,2886,2874,7954,9902,2881,8791,16031,15869,15396,,
3247196,D-TEM,dark,Arabika Temanggung Mukidi,B24,19,purging,6,15705,2890,2874,7955,9901,2883,8801,15999,15853,15386,,
3248196,D-TEM,dark,Arabika Temanggung Mukidi,B24,19,purging,7,15622,2888,2874,7955,9899,2883,8809,15966,15834,15374,,
3249197,D-TEM,dark,Arabika Temanggung Mukidi,B24,19,purging,8,15538,2886,2874,7956,9896,2883,8816,15934,15814,15362,,
3250196,D-TEM,dark,Arabika Temanggung Mukidi,B24,19,purging,9,15456,2888,2877,7956,9891,2883,8822,15902,15794,15351,,
3251196,D-TEM,dark,Arabika Temanggung Mukidi,B24,19,purging,10,15375,2888,2874,7957,9887,2883,8826,15874,15776,15340,,
3252196,D-TEM,dark,Arabika Temanggung Mukidi,B24,19,purging,11,15300,2888,2872,7957,9883,2881,8830,15848,15758,15330,,
3253196,D-TEM,dark,Arabika Temanggung Mukidi,B24,19,purging,12,15230,2888,2874,7958,9879,2881,8833,15823,15742,15321,,
3254196,D-TEM,dark,Arabika Temanggung Mukidi,B24,19,purging,13,15164,2888,2874,7959,9875,2881,8837,15803,15728,15312,,
3255196,D-TEM,dark,Arabika Temanggung Mukidi,B24,19,purging,14,15103,2886,2870,7959,9872,2881,8839,15785,15714,15304,,
3256197,D-TEM,dark,Arabika Temanggung Mukidi,B24,19,purging,15,15046,2890,2870,7960,9869,2881,8841,15768,15702,15297,,
3257196,D-TEM,dark,Arabika Temanggung Mukidi,B24,19,purging,16,14993,2883,2868,7961,9866,2883,8843,15753,15691,15290,,
3258196,D-TEM,dark,Arabika Temanggung Mukidi,B24,19,purging,17,14945,2890,2872,7961,9864,2883,8845,15739,15681,15284,,
3259196,D-TEM,dark,Arabika Temanggung Mukidi,B24,19,purging,18,14901,2888,2874,7962,9861,2881,8846,15727,15672,15278,,
3260196,D-TEM,dark,Arabika Temanggung Mukidi,B24,19,purging,19,14861,2888,2870,7963,9859,2881,8848,15716,15664,15272,,
3261196,D-TEM,dark,Arabika Temanggung Mukidi,B24,19,purging,20,14823,2890,2871,7964,9856,2881,8848,15706,15656,15267,,
3262196,D-TEM,dark,Arabika Temanggung Mukidi,B24,19,purging,21,14788,2888,2872,7965,9853,2883,8848,15695,15648,15260,,
3263196,D-TEM,dark,Arabika Temanggung Mukidi,B24,19,purging,22,14755,2886,2872,7965,9850,2883,8849,15684,15639,15256,,
3264196,D-TEM,dark,Arabika Temanggung Mukidi,B24,19,purging,23,14724,2888,2872,7966,9847,2883,8850,15674,15632,15251,,
3265197,D-TEM,dark,Arabika Temanggung Mukidi,B24,19,purging,24,14695,2888,2872,7967,9845,2881,8850,15664,15625,15246,,
3266196,D-TEM,dark,Arabika Temanggung Mukidi,B24,19,purging,25,14668,2888,2870,7967,9841,2881,8851,15656,15617,15242,,
3267196,D-TEM,dark,Arabika Temanggung Mukidi,B24,19,purging,26,14642,2890,2870,7968,9838,2881,8851,15647,15610,15238,,
3268196,D-TEM,dark,Arabika Temanggung Mukidi,B24,19,purging,27,14619,2890,2872,7969,9835,2881,8851,15639,15603,15234,,
3269196,D-TEM,dark,Arabika Temanggung Mukidi,B24,19,purging,28,14597,2888,2872,7969,9832,2883,8852,15631,15597,15229,,
3270196,D-TEM,dark,Arabika Temanggung Mukidi,B24,19,purging,29,14576,2888,2872,7970,9829,2881,8853,15623,15590,15226,,
3271196,D-TEM,dark,Arabika Temanggung Mukidi,B24,19,purging,30,14556,2890,2873,7970,9827,2881,8853,15616,15584,15222,,
3272197,D-TEM,dark,Arabika Temanggung Mukidi,B24,19,purging,31,14538,2888,2870,7971,9825,2881,8854,15609,15578,15219,,
3273196,D-TEM,dark,Arabika Temanggung Mukidi,B24,19,purging,32,14520,2888,2871,7972,9823,2881,8855,15602,15573,15215,,
3274196,D-TEM,dark,Arabika Temanggung Mukidi,B24,19,purging,33,14504,2890,2872,7973,9822,2881,8856,15597,15568,15212,,
3275196,D-TEM,dark,Arabika Temanggung Mukidi,B24,19,purging,34,14488,2886,2870,7973,9820,2883,8856,15591,15563,15210,,
3276196,D-TEM,dark,Arabika Temanggung Mukidi,B24,19,purging,35,14475,2888,2871,7974,9818,2881,8856,15587,15559,15208,,
3277196,D-TEM,dark,Arabika Temanggung Mukidi,B24,19,purging,36,14462,2890,2874,7975,9816,2881,8856,15582,15555,15206,,
3278196,D-TEM,dark,Arabika Temanggung Mukidi,B24,19,purging,37,14451,2888,2874,7975,9815,2881,8857,15577,15552,15204,,
3279196,D-TEM,dark,Arabika Temanggung Mukidi,B24,19,purging,38,14441,2890,2874,7976,9814,2881,8858,15573,15548,15202,,
3280196,D-TEM,dark,Arabika Temanggung Mukidi,B24,19,purging,39,14430,2890,2874,7976,9813,2881,8858,15569,15545,15200,,
3281197,D-TEM,dark,Arabika Temanggung Mukidi,B24,19,purging,40,14420,2890,2874,7977,9812,2881,8858,15565,15542,15199,,
3282196,D-TEM,dark,Arabika Temanggung Mukidi,B24,19,purging,41,14409,2890,2874,7978,9811,2879,8859,15561,15538,15197,,
3283196,D-TEM,dark,Arabika Temanggung Mukidi,B24,19,purging,42,14400,2888,2874,7978,9810,2881,8859,15557,15535,15195,,
3284196,D-TEM,dark,Arabika Temanggung Mukidi,B24,19,purging,43,14391,2888,2873,7979,9808,2881,8859,15552,15531,15192,,
3285196,D-TEM,dark,Arabika Temanggung Mukidi,B24,19,purging,44,14382,2890,2872,7979,9807,2881,8860,15548,15529,15190,,
3286196,D-TEM,dark,Arabika Temanggung Mukidi,B24,19,purging,45,14374,2888,2868,7980,9805,2883,8859,15546,15525,15189,,
3287196,D-TEM,dark,Arabika Temanggung Mukidi,B24,19,purging,46,14366,2886,2872,7981,9804,2881,8860,15542,15522,15189,,
3288197,D-TEM,dark,Arabika Temanggung Mukidi,B24,19,purging,47,14358,2890,2870,7982,9802,2883,8860,15538,15520,15187,,
3289196,D-TEM,dark,Arabika Temanggung Mukidi,B24,19,purging,48,14351,2886,2872,7982,9801,2881,8861,15535,15517,15187,,
3290196,D-TEM,dark,Arabika Temanggung Mukidi,B24,19,purging,49,14345,2886,2871,7983,9800,2883,8861,15533,15515,15186,,
3291196,D-TEM,dark,Arabika Temanggung Mukidi,B24,19,purging,50,14339,2890,2870,7983,9800,2881,8862,15531,15513,15185,,
3292196,D-TEM,dark,Arabika Temanggung Mukidi,B24,19,purging,51,14334,2890,2870,7984,9799,2881,8862,15528,15511,15183,,
3293196,D-TEM,dark,Arabika Temanggung Mukidi,B24,19,purging,52,14328,2890,2868,7985,9797,2881,8863,15527,15509,15181,,
3294196,D-TEM,dark,Arabika Temanggung Mukidi,B24,19,purging,53,14322,2887,2869,7986,9797,2881,8862,15523,15506,15181,,
3295196,D-TEM,dark,Arabika Temanggung Mukidi,B24,19,purging,54,14317,2885,2874,7986,9795,2881,8862,15520,15504,15180,,
3296196,D-TEM,dark,Arabika Temanggung Mukidi,B24,19,purging,55,14314,2888,2871,7987,9794,2881,8863,15518,15502,15180,,
3297197,D-TEM,dark,Arabika Temanggung Mukidi,B24,19,purging,56,14311,2888,2870,7988,9793,2881,8863,15516,15501,15179,,
3298196,D-TEM,dark,Arabika Temanggung Mukidi,B24,19,purging,57,14307,2883,2868,7989,9793,2883,8863,15515,15500,15178,,
3299196,D-TEM,dark,Arabika Temanggung Mukidi,B24,19,purging,58,14303,2886,2869,7990,9792,2881,8862,15514,15499,15176,,
3300196,D-TEM,dark,Arabika Temanggung Mukidi,B24,19,purging,59,14298,2888,2868,7990,9791,2881,8862,15513,15497,15176,,
3301196,D-TEM,dark,Arabika Temanggung Mukidi,B24,19,purging,60,14296,2888,2870,7991,9790,2883,8863,15512,15496,15176,,
3302196,D-TEM,dark,Arabika Temanggung Mukidi,B24,19,purging,61,14292,2890,2874,7992,9789,2881,8862,15510,15494,15175,,
3303196,D-TEM,dark,Arabika Temanggung Mukidi,B24,19,purging,62,14289,2888,2872,7992,9788,2881,8862,15508,15493,15174,,
3304197,D-TEM,dark,Arabika Temanggung Mukidi,B24,19,purging,63,14285,2890,2869,7993,9787,2881,8862,15506,15491,15173,,
3305196,D-TEM,dark,Arabika Temanggung Mukidi,B24,19,purging,64,14282,2888,2872,7993,9786,2881,8861,15504,15489,15172,,
3306196,D-TEM,dark,Arabika Temanggung Mukidi,B24,19,purging,65,14278,2887,2870,7994,9784,2881,8861,15501,15487,15171,,
3307196,D-TEM,dark,Arabika Temanggung Mukidi,B24,19,purging,66,14274,2888,2868,7995,9783,2881,8861,15499,15485,15170,,
3308196,D-TEM,dark,Arabika Temanggung Mukidi,B24,19,purging,67,14271,2890,2870,7995,9781,2879,8861,15497,15482,15169,,
3309196,D-TEM,dark,Arabika Temanggung Mukidi,B24,19,purging,68,14268,2883,2868,7996,9779,2881,8861,15496,15481,15169,,
3310196,D-TEM,dark,Arabika Temanggung Mukidi,B24,19,purging,69,14266,2885,2873,7997,9779,2881,8861,15495,15480,15169,,
3311196,D-TEM,dark,Arabika Temanggung Mukidi,B24,19,purging,70,14264,2885,2872,7997,9778,2881,8861,15494,15479,15168,,
3312196,D-TEM,dark,Arabika Temanggung Mukidi,B24,19,purging,71,14261,2886,2870,7998,9777,2881,8861,15492,15477,15167,,
3313197,D-TEM,dark,Arabika Temanggung Mukidi,B24,19,purging,72,14259,2888,2870,7999,9777,2881,8860,15491,15476,15167,,
3314196,D-TEM,dark,Arabika Temanggung Mukidi,B24,19,purging,73,14257,2887,2871,7999,9776,2879,8861,15491,15475,15167,,
3315196,D-TEM,dark,Arabika Temanggung Mukidi,B24,19,purging,74,14255,2888,2870,8000,9775,2881,8861,15490,15474,15167,,
3316196,D-TEM,dark,Arabika Temanggung Mukidi,B24,19,purging,75,14253,2883,2870,8001,9774,2881,8861,15489,15473,15168,,
3317196,D-TEM,dark,Arabika Temanggung Mukidi,B24,19,purging,76,14249,2886,2868,8001,9774,2881,8861,15488,15472,15167,,
3318196,D-TEM,dark,Arabika Temanggung Mukidi,B24,19,purging,77,14245,2884,2870,8002,9772,2881,8862,15488,15470,15167,,
3319196,D-TEM,dark,Arabika Temanggung Mukidi,B24,19,purging,78,14241,2886,2871,8002,9771,2883,8863,15484,15468,15167,,
3320197,D-TEM,dark,Arabika Temanggung Mukidi,B24,19,purging,79,14235,2886,2873,8003,9770,2881,8864,15482,15465,15166,,
3321196,D-TEM,dark,Arabika Temanggung Mukidi,B24,19,purging,80,14231,2881,2872,8004,9769,2879,8865,15480,15464,15166,,
3322196,D-TEM,dark,Arabika Temanggung Mukidi,B24,19,purging,81,14226,2887,2872,8005,9769,2881,8867,15478,15462,15166,,
3323196,D-TEM,dark,Arabika Temanggung Mukidi,B24,19,purging,82,14224,2883,2873,8006,9768,2881,8868,15476,15461,15167,,
3324196,D-TEM,dark,Arabika Temanggung Mukidi,B24,19,purging,83,14223,2887,2870,8006,9769,2881,8869,15476,15460,15169,,
3325196,D-TEM,dark,Arabika Temanggung Mukidi,B24,19,purging,84,14222,2883,2873,8007,9770,2879,8870,15477,15462,15169,,
3326196,D-TEM,dark,Arabika Temanggung Mukidi,B24,19,purging,85,14222,2881,2870,8008,9771,2879,8871,15478,15463,15170,,
3327196,D-TEM,dark,Arabika Temanggung Mukidi,B24,19,purging,86,14219,2884,2870,8008,9772,2881,8872,15479,15464,15171,,
3328196,D-TEM,dark,Arabika Temanggung Mukidi,B24,19,purging,87,14218,2883,2872,8009,9772,2881,8872,15480,15465,15172,,
3329197,D-TEM,dark,Arabika Temanggung Mukidi,B24,19,purging,88,14216,2883,2869,8010,9771,2883,8873,15480,15465,15172,,
3330196,D-TEM,dark,Arabika Temanggung Mukidi,B24,19,purging,89,14213,2883,2871,8011,9771,2883,8873,15480,15464,15172,,
3331196,D-TEM,dark,Arabika Temanggung Mukidi,B24,19,purging,90,14210,2883,2869,8012,9770,2883,8873,15479,15463,15170,,
3332196,D-TEM,dark,Arabika Temanggung Mukidi,B24,19,purging,91,14206,2884,2870,8012,9769,2881,8873,15476,15461,15170,,
3333196,D-TEM,dark,Arabika Temanggung Mukidi,B24,19,purging,92,14203,2885,2872,8013,9767,2881,8873,15475,15459,15169,,
3334196,D-TEM,dark,Arabika Temanggung Mukidi,B24,19,purging,93,14199,2883,2870,8013,9765,2883,8873,15473,15457,15168,,
3335196,D-TEM,dark,Arabika Temanggung Mukidi,B24,19,purging,94,14196,2884,2868,8014,9764,2883,8873,15471,15455,15167,,
3336197,D-TEM,dark,Arabika Temanggung Mukidi,B24,19,purging,95,14193,2883,2869,8015,9762,2881,8873,15469,15454,15166,,
3337196,D-TEM,dark,Arabika Temanggung Mukidi,B24,19,purging,96,14190,2883,2870,8016,9761,2881,8873,15467,15451,15166,,
3338196,D-TEM,dark,Arabika Temanggung Mukidi,B24,19,purging,97,14186,2883,2870,8017,9760,2881,8873,15465,15449,15165,,
3339196,D-TEM,dark,Arabika Temanggung Mukidi,B24,19,purging,98,14183,2883,2870,8018,9759,2879,8873,15463,15447,15164,,
3340196,D-TEM,dark,Arabika Temanggung Mukidi,B24,19,purging,99,14179,2887,2870,8019,9757,2881,8874,15460,15445,15164,,
3341196,D-TEM,dark,Arabika Temanggung Mukidi,B24,19,purging,100,14175,2887,2869,8019,9756,2881,8874,15458,15442,15163,,
3342196,D-TEM,dark,Arabika Temanggung Mukidi,B24,19,purging,101,14172,2881,2868,8020,9755,2881,8874,15457,15440,15162,,
3343196,D-TEM,dark,Arabika Temanggung Mukidi,B24,19,purging,102,14169,2886,2870,8021,9753,2881,8874,15456,15439,15162,,
3344196,D-TEM,dark,Arabika Temanggung Mukidi,B24,19,purging,103,14166,2883,2870,8022,9752,2881,8875,15454,15437,15161,,
3345197,D-TEM,dark,Arabika Temanggung Mukidi,B24,19,purging,104,14163,2883,2870,8022,9751,2881,8875,15453,15436,15161,,
3346196,D-TEM,dark,Arabika Temanggung Mukidi,B24,19,purging,105,14162,2883,2872,8023,9750,2881,8876,15451,15435,15161,,
3347196,D-TEM,dark,Arabika Temanggung Mukidi,B24,19,purging,106,14160,2883,2867,8024,9750,2883,8876,15450,15434,15160,,
3348196,D-TEM,dark,Arabika Temanggung Mukidi,B24,19,purging,107,14158,2881,2870,8025,9749,2881,8876,15450,15433,15161,,
3349196,D-TEM,dark,Arabika Temanggung Mukidi,B24,19,purging,108,14156,2883,2870,8026,9749,2879,8877,15449,15433,15161,,
3350196,D-TEM,dark,Arabika Temanggung Mukidi,B24,19,purging,109,14155,2886,2870,8026,9749,2883,8877,15450,15432,15161,,
3351196,D-TEM,dark,Arabika Temanggung Mukidi,B24,19,purging,110,14155,2883,2870,8027,9748,2881,8877,15449,15432,15161,,
3352197,D-TEM,dark,Arabika Temanggung Mukidi,B24,19,purging,111,14154,2886,2869,8028,9748,2883,8877,15449,15431,15161,,
3353196,D-TEM,dark,Arabika Temanggung Mukidi,B24,19,purging,112,14153,2881,2870,8029,9747,2881,8876,15447,15430,15161,,
3354196,D-TEM,dark,Arabika Temanggung Mukidi,B24,19,purging,113,14151,2885,2868,8029,9746,2883,8877,15446,15429,15161,,
3355196,D-TEM,dark,Arabika Temanggung Mukidi,B24,19,purging,114,14150,2881,2870,8030,9746,2879,8877,15445,15429,15160,,
3356196,D-TEM,dark,Arabika Temanggung Mukidi,B24,19,purging,115,14150,2886,2871,8031,9746,2883,8877,15445,15429,15160,,
3357196,D-TEM,dark,Arabika Temanggung Mukidi,B24,19,purging,116,14149,2882,2871,8032,9745,2881,8877,15446,15428,15161,,
3358196,D-TEM,dark,Arabika Temanggung Mukidi,B24,19,purging,117,14148,2884,2868,8032,9745,2883,8878,15446,15428,15161,,
3359196,D-TEM,dark,Arabika Temanggung Mukidi,B24,19,purging,118,14147,2883,2872,8033,9744,2883,8877,15445,15427,15161,,
3360196,D-TEM,dark,Arabika Temanggung Mukidi,B24,19,purging,119,14147,2886,2868,8034,9744,2881,8877,15444,15427,15161,,
3361197,D-TEM,dark,Arabika Temanggung Mukidi,B24,19,purging,120,14146,2883,2870,8035,9744,2881,8878,15444,15426,15162,,
3362200,D-TEM,dark,Arabika Temanggung Mukidi,B24,19,collecting,1,14145,2883,2871,8035,9744,2881,8877,15443,15426,15162,,
3363196,D-TEM,dark,Arabika Temanggung Mukidi,B24,19,collecting,2,14146,2883,2870,8034,9741,2883,8875,15443,15425,15153,,
3364196,D-TEM,dark,Arabika Temanggung Mukidi,B24,19,collecting,3,14250,2883,2869,8033,9740,2881,8871,15448,15425,15160,,
3365196,D-TEM,dark,Arabika Temanggung Mukidi,B24,19,collecting,4,14515,2890,2869,8034,9753,2883,8868,15501,15451,15189,,
3366196,D-TEM,dark,Arabika Temanggung Mukidi,B24,19,collecting,5,14831,2888,2868,8035,9778,2881,8859,15603,15509,15230,,
3367196,D-TEM,dark,Arabika Temanggung Mukidi,B24,19,collecting,6,15133,2885,2871,8036,9805,2883,8846,15721,15582,15274,,
3368197,D-TEM,dark,Arabika Temanggung Mukidi,B24,19,collecting,7,15395,2883,2866,8037,9828,2881,8832,15833,15658,15315,,
3369196,D-TEM,dark,Arabika Temanggung Mukidi,B24,19,collecting,8,15615,2884,2868,8038,9849,2883,8819,15930,15728,15354,,
3370196,D-TEM,dark,Arabika Temanggung Mukidi,B24,19,collecting,9,15795,2887,2871,8038,9867,2881,8808,16011,15790,15388,,
3371196,D-TEM,dark,Arabika Temanggung Mukidi,B24,19,collecting,10,15941,2887,2868,8038,9882,2883,8798,16077,15843,15418,,
3372196,D-TEM,dark,Arabika Temanggung Mukidi,B24,19,collecting,11,16058,2886,2872,8039,9895,2881,8791,16131,15888,15442,,
3373196,D-TEM,dark,Arabika Temanggung Mukidi,B24,19,collecting,12,16152,2890,2870,8039,9906,2881,8786,16175,15926,15462,,
3374196,D-TEM,dark,Arabika Temanggung Mukidi,B24,19,collecting,13,16227,2890,2867,8039,9916,2881,8782,16210,15957,15480,,
3375196,D-TEM,dark,Arabika Temanggung Mukidi,B24,19,collecting,14,16285,2888,2866,8039,9924,2883,8779,16239,15982,15495,,
3376196,D-TEM,dark,Arabika Temanggung Mukidi,B24,19,collecting,15,16330,2888,2871,8039,9932,2883,8777,16262,16004,15508,,
3377197,D-TEM,dark,Arabika Temanggung Mukidi,B24,19,collecting,16,16365,2887,2868,8039,9939,2883,8776,16280,16021,15519,,
3378196,D-TEM,dark,Arabika Temanggung Mukidi,B24,19,collecting,17,16391,2890,2869,8039,9944,2883,8776,16294,16034,15528,,
3379196,D-TEM,dark,Arabika Temanggung Mukidi,B24,19,collecting,18,16409,2889,2871,8039,9949,2883,8776,16306,16045,15534,,
3380196,D-TEM,dark,Arabika Temanggung Mukidi,B24,19,collecting,19,16422,2891,2869,8039,9954,2883,8776,16313,16053,15540,,
3381196,D-TEM,dark,Arabika Temanggung Mukidi,B24,19,collecting,20,16429,2883,2871,8039,9957,2881,8777,16318,16059,15545,,
3382196,D-TEM,dark,Arabika Temanggung Mukidi,B24,19,collecting,21,16432,2889,2867,8039,9962,2883,8778,16323,16064,15549,,
3383196,D-TEM,dark,Arabika Temanggung Mukidi,B24,19,collecting,22,16433,2888,2869,8040,9965,2881,8779,16326,16068,15551,,
3384197,D-TEM,dark,Arabika Temanggung Mukidi,B24,19,collecting,23,16430,2888,2871,8040,9967,2883,8780,16328,16071,15554,,
3385196,D-TEM,dark,Arabika Temanggung Mukidi,B24,19,collecting,24,16423,2887,2869,8040,9969,2880,8782,16329,16073,15555,,
3386196,D-TEM,dark,Arabika Temanggung Mukidi,B24,19,collecting,25,16415,2890,2870,8040,9971,2879,8784,16328,16073,15556,,
3387196,D-TEM,dark,Arabika Temanggung Mukidi,B24,19,collecting,26,16404,2887,2868,8040,9973,2883,8784,16326,16073,15557,,
3388196,D-TEM,dark,Arabika Temanggung Mukidi,B24,19,collecting,27,16392,2890,2868,8041,9974,2881,8786,16325,16073,15557,,
3389196,D-TEM,dark,Arabika Temanggung Mukidi,B24,19,collecting,28,16380,2885,2868,8041,9975,2881,8788,16322,16071,15557,,
3390196,D-TEM,dark,Arabika Temanggung Mukidi,B24,19,collecting,29,16366,2885,2868,8042,9976,2879,8790,16318,16069,15556,,
3391196,D-TEM,dark,Arabika Temanggung Mukidi,B24,19,collecting,30,16352,2884,2869,8042,9977,2881,8791,16314,16068,15555,,
3392196,D-TEM,dark,Arabika Temanggung Mukidi,B24,19,collecting,31,16336,2887,2868,8042,9978,2883,8793,16310,16065,15554,,
3393197,D-TEM,dark,Arabika Temanggung Mukidi,B24,19,collecting,32,16320,2887,2866,8042,9978,2883,8794,16304,16062,15553,,
3394196,D-TEM,dark,Arabika Temanggung Mukidi,B24,19,collecting,33,16305,2883,2868,8043,9979,2883,8795,16301,16059,15552,,
3395196,D-TEM,dark,Arabika Temanggung Mukidi,B24,19,collecting,34,16289,2886,2871,8043,9980,2881,8797,16297,16056,15550,,
3396196,D-TEM,dark,Arabika Temanggung Mukidi,B24,19,collecting,35,16274,2888,2871,8044,9980,2881,8799,16293,16053,15548,,
3397196,D-TEM,dark,Arabika Temanggung Mukidi,B24,19,collecting,36,16259,2888,2869,8044,9980,2879,8799,16288,16050,15546,,
3398196,D-TEM,dark,Arabika Temanggung Mukidi,B24,19,collecting,37,16243,2890,2868,8044,9980,2883,8800,16283,16047,15545,,
3399196,D-TEM,dark,Arabika Temanggung Mukidi,B24,19,collecting,38,16227,2887,2868,8045,9981,2883,8801,16279,16044,15543,,
3400197,D-TEM,dark,Arabika Temanggung Mukidi,B24,19,collecting,39,16212,2885,2868,8046,9980,2883,8803,16275,16040,15542,,
3401196,D-TEM,dark,Arabika Temanggung Mukidi,B24,19,collecting,40,16197,2885,2870,8046,9980,2883,8804,16270,16038,15540,,
3402196,D-TEM,dark,Arabika Temanggung Mukidi,B24,19,collecting,41,16182,2888,2868,8046,9980,2883,8805,16265,16034,15537,,
3403196,D-TEM,dark,Arabika Temanggung Mukidi,B24,19,collecting,42,16168,2885,2868,8047,9981,2881,8806,16260,16031,15535,,
3404196,D-TEM,dark,Arabika Temanggung Mukidi,B24,19,collecting,43,16155,2885,2870,8048,9980,2883,8807,16257,16028,15534,,
3405196,D-TEM,dark,Arabika Temanggung Mukidi,B24,19,collecting,44,16142,2888,2866,8048,9980,2883,8808,16252,16025,15532,,
3406196,D-TEM,dark,Arabika Temanggung Mukidi,B24,19,collecting,45,16130,2884,2866,8049,9980,2883,8808,16248,16022,15530,,
3407196,D-TEM,dark,Arabika Temanggung Mukidi,B24,19,collecting,46,16118,2887,2868,8049,9980,2881,8810,16246,16019,15529,,
3408196,D-TEM,dark,Arabika Temanggung Mukidi,B24,19,collecting,47,16108,2888,2868,8050,9980,2881,8810,16243,16017,15527,,
3409197,D-TEM,dark,Arabika Temanggung Mukidi,B24,19,collecting,48,16097,2885,2867,8050,9980,2883,8811,16240,16014,15525,,
3410196,D-TEM,dark,Arabika Temanggung Mukidi,B24,19,collecting,49,16085,2885,2870,8051,9980,2881,8812,16236,16012,15523,,
3411196,D-TEM,dark,Arabika Temanggung Mukidi,B24,19,collecting,50,16075,2885,2871,8051,9980,2883,8812,16233,16009,15522,,
3412196,D-TEM,dark,Arabika Temanggung Mukidi,B24,19,collecting,51,16065,2885,2866,8052,9980,2879,8812,16229,16007,15521,,
3413196,D-TEM,dark,Arabika Temanggung Mukidi,B24,19,collecting,52,16055,2888,2870,8053,9980,2883,8813,16226,16005,15519,,
3414196,D-TEM,dark,Arabika Temanggung Mukidi,B24,19,collecting,53,16047,2885,2868,8053,9980,2881,8814,16224,16003,15518,,
3415196,D-TEM,dark,Arabika Temanggung Mukidi,B24,19,collecting,54,16039,2885,2868,8054,9981,2879,8815,16221,16001,15517,,
3416197,D-TEM,dark,Arabika Temanggung Mukidi,B24,19,collecting,55,16031,2885,2868,8054,9981,2883,8816,16219,15999,15515,,
3417196,D-TEM,dark,Arabika Temanggung Mukidi,B24,19,collecting,56,16023,2885,2866,8055,9981,2881,8816,16217,15997,15514,,
3418196,D-TEM,dark,Arabika Temanggung Mukidi,B24,19,collecting,57,16015,2889,2866,8055,9982,2881,8817,16214,15995,15513,,
3419196,D-TEM,dark,Arabika Temanggung Mukidi,B24,19,collecting,58,16007,2885,2868,8056,9981,2883,8817,16211,15993,15512,,
3420196,D-TEM,dark,Arabika Temanggung Mukidi,B24,19,collecting,59,15999,2886,2868,8056,9982,2881,8818,16209,15991,15511,,
3421196,D-TEM,dark,Arabika Temanggung Mukidi,B24,19,collecting,60,15992,2886,2868,8057,9982,2883,8819,16207,15990,15510,,
3422200,D-TEM,dark,Arabika Temanggung Mukidi,B24,20,purging,1,15985,2884,2867,8058,9982,2883,8819,16204,15988,15509,,
3423196,D-TEM,dark,Arabika Temanggung Mukidi,B24,20,purging,2,15977,2884,2868,8061,9984,2883,8822,16203,15987,15512,,
3424196,D-TEM,dark,Arabika Temanggung Mukidi,B24,20,purging,3,15947,2886,2864,8062,9987,2883,8827,16197,15985,15513,,
3425197,D-TEM,dark,Arabika Temanggung Mukidi,B24,20,purging,4,15892,2883,2870,8063,9990,2883,8836,16180,15978,15507,,
3426196,D-TEM,dark,Arabika Temanggung Mukidi,B24,20,purging,5,15822,2884,2870,8064,9990,2883,8845,16152,15965,15499,,
3427196,D-TEM,dark,Arabika Temanggung Mukidi,B24,20,purging,6,15742,2881,2870,8064,9988,2883,8853,16120,15948,15488,,
3428196,D-TEM,dark,Arabika Temanggung Mukidi,B24,20,purging,7,15660,2886,2868,8065,9985,2883,8861,16087,15929,15476,,
3429196,D-TEM,dark,Arabika Temanggung Mukidi,B24,20,purging,8,15577,2885,2868,8065,9982,2883,8867,16054,15909,15464,,
3430196,D-TEM,dark,Arabika Temanggung Mukidi,B24,20,purging,9,15495,2881,2868,8065,9978,2883,8872,16024,15889,15452,,
3431196,D-TEM,dark,Arabika Temanggung Mukidi,B24,20,purging,10,15417,2886,2868,8066,9973,2881,8876,15996,15871,15441,,
3432197,D-TEM,dark,Arabika Temanggung Mukidi,B24,20,purging,11,15342,2886,2866,8066,9969,2883,8880,15971,15853,15430,,
3433196,D-TEM,dark,Arabika Temanggung Mukidi,B24,20,purging,12,15272,2884,2868,8067,9964,2883,8883,15948,15838,15420,,
3434196,D-TEM,dark,Arabika Temanggung Mukidi,B24,20,purging,13,15206,2884,2868,8067,9961,2880,8886,15928,15823,15411,,
3435196,D-TEM,dark,Arabika Temanggung Mukidi,B24,20,purging,14,15144,2883,2871,8068,9957,2883,8888,15909,15808,15402,,
3436196,D-TEM,dark,Arabika Temanggung Mukidi,B24,20,purging,15,15087,2884,2870,8068,9952,2883,8890,15892,15795,15393,,
3437196,D-TEM,dark,Arabika Temanggung Mukidi,B24,20,purging,16,15033,2886,2868,8069,9948,2883,8890,15875,15782,15385,,
3438196,D-TEM,dark,Arabika Temanggung Mukidi,B24,20,purging,17,14985,2883,2866,8070,9944,2880,8892,15859,15771,15378,,
3439196,D-TEM,dark,Arabika Temanggung Mukidi,B24,20,purging,18,14939,2881,2866,8070,9940,2883,8893,15846,15760,15370,,
3440196,D-TEM,dark,Arabika Temanggung Mukidi,B24,20,purging,19,14898,2883,2868,8071,9935,2883,8893,15832,15749,15362,,
3441197,D-TEM,dark,Arabika Temanggung Mukidi,B24,20,purging,20,14860,2885,2868,8072,9931,2883,8892,15819,15738,15354,,
3442196,D-TEM,dark,Arabika Temanggung Mukidi,B24,20,purging,21,14823,2883,2868,8072,9925,2880,8891,15806,15728,15347,,
3443196,D-TEM,dark,Arabika Temanggung Mukidi,B24,20,purging,22,14789,2883,2868,8073,9919,2883,8890,15794,15718,15338,,
3444196,D-TEM,dark,Arabika Temanggung Mukidi,B24,20,purging,23,14759,2883,2866,8073,9913,2883,8887,15782,15707,15332,,
3445196,D-TEM,dark,Arabika Temanggung Mukidi,B24,20,purging,24,14731,2881,2870,8074,9908,2883,8885,15772,15698,15325,,
3446196,D-TEM,dark,Arabika Temanggung Mukidi,B24,20,purging,25,14708,2880,2868,8074,9903,2883,8884,15763,15689,15319,,
3447196,D-TEM,dark,Arabika Temanggung Mukidi,B24,20,purging,26,14686,2886,2870,8075,9898,2883,8882,15756,15682,15313,,
3448197,D-TEM,dark,Arabika Temanggung Mukidi,B24,20,purging,27,14666,2886,2864,8075,9893,2883,8880,15749,15675,15309,,
3449196,D-TEM,dark,Arabika Temanggung Mukidi,B24,20,purging,28,14648,2884,2868,8076,9890,2883,8878,15742,15668,15304,,
3450196,D-TEM,dark,Arabika Temanggung Mukidi,B24,20,purging,29,14630,2881,2871,8076,9886,2883,8877,15735,15662,15300,,
3451196,D-TEM,dark,Arabika Temanggung Mukidi,B24,20,purging,30,14613,2886,2868,8077,9883,2883,8876,15729,15656,15296,,
3452196,D-TEM,dark,Arabika Temanggung Mukidi,B24,20,purging,31,14597,2881,2868,8077,9879,2883,8875,15724,15650,15291,,
3453196,D-TEM,dark,Arabika Temanggung Mukidi,B24,20,purging,32,14583,2884,2868,8078,9875,2883,8875,15718,15644,15287,,
3454196,D-TEM,dark,Arabika Temanggung Mukidi,B24,20,purging,33,14569,2884,2866,8078,9872,2883,8874,15713,15639,15283,,
3455196,D-TEM,dark,Arabika Temanggung Mukidi,B24,20,purging,34,14555,2883,2868,8079,9869,2883,8873,15707,15634,15280,,
3456196,D-TEM,dark,Arabika Temanggung Mukidi,B24,20,purging,35,14543,2885,2868,8079,9866,2883,8873,15701,15629,15277,,
3457197,D-TEM,dark,Arabika Temanggung Mukidi,B24,20,purging,36,14531,2884,2866,8080,9864,2883,8872,15696,15624,15274,,
3458196,D-TEM,dark,Arabika Temanggung Mukidi,B24,20,purging,37,14520,2886,2866,8080,9861,2883,8870,15691,15619,15269,,
3459196,D-TEM,dark,Arabika Temanggung Mukidi,B24,20,purging,38,14510,2884,2870,8080,9856,2883,8867,15685,15612,15260,,
3460196,D-TEM,dark,Arabika Temanggung Mukidi,B24,20,purging,39,14499,2886,2870,8081,9848,2880,8861,15678,15604,15250,,
3461196,D-TEM,dark,Arabika Temanggung Mukidi,B24,20,purging,40,14488,2881,2868,8081,9838,2883,8853,15668,15593,15239,,
3462196,D-TEM,dark,Arabika Temanggung Mukidi,B24,20,purging,41,14478,2885,2870,8081,9827,2883,8845,15659,15581,15231,,
3463196,D-TEM,dark,Arabika Temanggung Mukidi,B24,20,purging,42,14469,2883,2870,8082,9817,2880,8838,15651,15570,15226,,
3464197,D-TEM,dark,Arabika Temanggung Mukidi,B24,20,purging,43,14461,2881,2868,8082,9809,2883,8835,15645,15562,15220,,
3465196,D-TEM,dark,Arabika Temanggung Mukidi,B24,20,purging,44,14452,2883,2868,8082,9802,2883,8831,15638,15553,15214,,
3466196,D-TEM,dark,Arabika Temanggung Mukidi,B24,20,purging,45,14445,2886,2866,8083,9795,2881,8828,15633,15546,15208,,
3467196,D-TEM,dark,Arabika Temanggung Mukidi,B24,20,purging,46,14437,2883,2868,8083,9788,2883,8825,15628,15538,15204,,
3468196,D-TEM,dark,Arabika Temanggung Mukidi,B24,20,purging,47,14430,2881,2870,8083,9782,2883,8822,15622,15530,15198,,
3469196,D-TEM,dark,Arabika Temanggung Mukidi,B24,20,purging,48,14423,2881,2868,8083,9776,2883,8820,15617,15523,15194,,
3470196,D-TEM,dark,Arabika Temanggung Mukidi,B24,20,purging,49,14417,2881,2868,8083,9770,2883,8817,15612,15516,15189,,
3471196,D-TEM,dark,Arabika Temanggung Mukidi,B24,20,purging,50,14411,2884,2868,8084,9765,2883,8815,15607,15509,15186,,
3472196,D-TEM,dark,Arabika Temanggung Mukidi,B24,20,purging,51,14405,2883,2866,8084,9760,2881,8813,15602,15503,15182,,
3473197,D-TEM,dark,Arabika Temanggung Mukidi,B24,20,purging,52,14400,2883,2866,8084,9755,2883,8812,15599,15498,15179,,
3474196,D-TEM,dark,Arabika Temanggung Mukidi,B24,20,purging,53,14397,2883,2870,8084,9751,2881,8811,15597,15493,15176,,
3475196,D-TEM,dark,Arabika Temanggung Mukidi,B24,20,purging,54,14393,2882,2866,8085,9748,2883,8809,15594,15489,15172,,
3476196,D-TEM,dark,Arabika Temanggung Mukidi,B24,20,purging,55,14391,2883,2868,8085,9745,2883,8807,15593,15485,15169,,
3477196,D-TEM,dark,Arabika Temanggung Mukidi,B24,20,purging,56,14389,2881,2870,8085,9742,2883,8804,15591,15482,15166,,
3478196,D-TEM,dark,Arabika Temanggung Mukidi,B24,20,purging,57,14387,2881,2870,8085,9739,2883,8802,15590,15479,15164,,
3479196,D-TEM,dark,Arabika Temanggung Mukidi,B24,20,purging,58,14386,2883,2868,8085,9736,2883,8800,15588,15476,15162,,
3480197,D-TEM,dark,Arabika Temanggung Mukidi,B24,20,purging,59,14384,2881,2866,8086,9733,2880,8798,15587,15473,15159,,
3481196,D-TEM,dark,Arabika Temanggung Mukidi,B24,20,purging,60,14382,2886,2870,8086,9729,2883,8796,15586,15470,15157,,
3482196,D-TEM,dark,Arabika Temanggung Mukidi,B24,20,purging,61,14380,2882,2866,8085,9726,2880,8794,15584,15467,15154,,
3483196,D-TEM,dark,Arabika Temanggung Mukidi,B24,20,purging,62,14379,2881,2866,8086,9722,2881,8792,15583,15464,15152,,
3484196,D-TEM,dark,Arabika Temanggung Mukidi,B24,20,purging,63,14378,2885,2866,8086,9719,2883,8790,15581,15461,15150,,
3485196,D-TEM,dark,Arabika Temanggung Mukidi,B24,20,purging,64,14377,2886,2868,8086,9716,2880,8788,15580,15458,15147,,
3486196,D-TEM,dark,Arabika Temanggung Mukidi,B24,20,purging,65,14375,2885,2866,8086,9712,2880,8786,15577,15455,15145,,
3487196,D-TEM,dark,Arabika Temanggung Mukidi,B24,20,purging,66,14375,2885,2868,8087,9710,2883,8785,15577,15452,15144,,
3488196,D-TEM,dark,Arabika Temanggung Mukidi,B24,20,purging,67,14374,2886,2866,8087,9708,2883,8784,15576,15450,15144,,
3489197,D-TEM,dark,Arabika Temanggung Mukidi,B24,20,purging,68,14374,2882,2868,8087,9707,2885,8784,15576,15450,15144,,
3490196,D-TEM,dark,Arabika Temanggung Mukidi,B24,20,purging,69,14375,2881,2866,8087,9706,2880,8784,15578,15450,15144,,
3491196,D-TEM,dark,Arabika Temanggung Mukidi,B24,20,purging,70,14378,2886,2869,8088,9706,2883,8784,15580,15451,15144,,
3492196,D-TEM,dark,Arabika Temanggung Mukidi,B24,20,purging,71,14381,2880,2870,8088,9705,2883,8783,15581,15453,15145,,
3493196,D-TEM,dark,Arabika Temanggung Mukidi,B24,20,purging,72,14384,2882,2868,8088,9705,2883,8782,15584,15454,15145,,
3494196,D-TEM,dark,Arabika Temanggung Mukidi,B24,20,purging,73,14385,2886,2868,8088,9704,2883,8781,15586,15454,15145,,
3495196,D-TEM,dark,Arabika Temanggung Mukidi,B24,20,purging,74,14387,2883,2866,8089,9703,2883,8780,15587,15454,15144,,
3496197,D-TEM,dark,Arabika Temanggung Mukidi,B24,20,purging,75,14387,2881,2866,8089,9701,2881,8779,15586,15453,15144,,
3497196,D-TEM,dark,Arabika Temanggung Mukidi,B24,20,purging,76,14386,2886,2870,8089,9700,2883,8779,15586,15453,15143,,
3498196,D-TEM,dark,Arabika Temanggung Mukidi,B24,20,purging,77,14385,2883,2866,8089,9698,2883,8779,15584,15451,15142,,
3499196,D-TEM,dark,Arabika Temanggung Mukidi,B24,20,purging,78,14383,2886,2866,8089,9696,2880,8780,15583,15449,15142,,
3500196,D-TEM,dark,Arabika Temanggung Mukidi,B24,20,purging,79,14380,2885,2866,8089,9694,2883,8780,15581,15447,15141,,
3501196,D-TEM,dark,Arabika Temanggung Mukidi,B24,20,purging,80,14378,2882,2866,8089,9692,2883,8780,15580,15445,15139,,
3502196,D-TEM,dark,Arabika Temanggung Mukidi,B24,20,purging,81,14375,2880,2866,8089,9691,2883,8780,15578,15442,15140,,
3503196,D-TEM,dark,Arabika Temanggung Mukidi,B24,20,purging,82,14373,2882,2866,8090,9690,2883,8781,15577,15441,15140,,
3504196,D-TEM,dark,Arabika Temanggung Mukidi,B24,20,purging,83,14371,2884,2868,8090,9689,2883,8782,15576,15439,15140,,
3505197,D-TEM,dark,Arabika Temanggung Mukidi,B24,20,purging,84,14368,2883,2868,8090,9688,2880,8783,15575,15439,15140,,
3506196,D-TEM,dark,Arabika Temanggung Mukidi,B24,20,purging,85,14365,2884,2866,8090,9687,2880,8784,15574,15438,15140,,
3507196,D-TEM,dark,Arabika Temanggung Mukidi,B24,20,purging,86,14362,2881,2868,8090,9686,2883,8785,15572,15436,15140,,
3508196,D-TEM,dark,Arabika Temanggung Mukidi,B24,20,purging,87,14359,2881,2866,8090,9686,2883,8786,15571,15435,15140,,
3509196,D-TEM,dark,Arabika Temanggung Mukidi,B24,20,purging,88,14356,2883,2865,8091,9686,2883,8787,15570,15433,15139,,
3510196,D-TEM,dark,Arabika Temanggung Mukidi,B24,20,purging,89,14352,2880,2866,8091,9685,2883,8787,15568,15431,15138,,
3511196,D-TEM,dark,Arabika Temanggung Mukidi,B24,20,purging,90,14349,2881,2864,8092,9684,2883,8787,15567,15428,15136,,
3512197,D-TEM,dark,Arabika Temanggung Mukidi,B24,20,purging,91,14345,2881,2866,8092,9682,2883,8787,15564,15426,15135,,
3513196,D-TEM,dark,Arabika Temanggung Mukidi,B24,20,purging,92,14342,2882,2866,8092,9680,2880,8787,15562,15424,15134,,
3514196,D-TEM,dark,Arabika Temanggung Mukidi,B24,20,purging,93,14338,2885,2865,8092,9678,2883,8786,15561,15421,15132,,
3515196,D-TEM,dark,Arabika Temanggung Mukidi,B24,20,purging,94,14333,2882,2866,8093,9676,2880,8786,15559,15418,15130,,
3516196,D-TEM,dark,Arabika Temanggung Mukidi,B24,20,purging,95,14330,2885,2864,8093,9673,2880,8785,15556,15416,15129,,
3517196,D-TEM,dark,Arabika Temanggung Mukidi,B24,20,purging,96,14327,2881,2870,8093,9671,2883,8785,15554,15413,15128,,
3518196,D-TEM,dark,Arabika Temanggung Mukidi,B24,20,purging,97,14324,2883,2868,8093,9669,2880,8784,15551,15411,15127,,
3519196,D-TEM,dark,Arabika Temanggung Mukidi,B24,20,purging,98,14322,2881,2866,8093,9668,2880,8785,15550,15408,15127,,
3520196,D-TEM,dark,Arabika Temanggung Mukidi,B24,20,purging,99,14320,2881,2868,8094,9666,2880,8784,15548,15406,15126,,
3521197,D-TEM,dark,Arabika Temanggung Mukidi,B24,20,purging,100,14319,2882,2868,8094,9666,2883,8783,15547,15405,15125,,
3522196,D-TEM,dark,Arabika Temanggung Mukidi,B24,20,purging,101,14318,2881,2866,8094,9665,2880,8783,15547,15404,15123,,
3523196,D-TEM,dark,Arabika Temanggung Mukidi,B24,20,purging,102,14319,2881,2865,8094,9664,2883,8781,15547,15403,15122,,
3524196,D-TEM,dark,Arabika Temanggung Mukidi,B24,20,purging,103,14322,2883,2866,8095,9662,2880,8779,15548,15403,15121,,
3525196,D-TEM,dark,Arabika Temanggung Mukidi,B24,20,purging,104,14324,2881,2864,8095,9661,2880,8777,15547,15402,15120,,
3526196,D-TEM,dark,Arabika Temanggung Mukidi,B24,20,purging,105,14327,2885,2866,8095,9659,2880,8775,15549,15402,15119,,
3527196,D-TEM,dark,Arabika Temanggung Mukidi,B24,20,purging,106,14330,2884,2866,8095,9657,2880,8773,15549,15402,15118,,
3528197,D-TEM,dark,Arabika Temanggung Mukidi,B24,20,purging,107,14332,2881,2868,8096,9655,2880,8771,15550,15402,15117,,
3529196,D-TEM,dark,Arabika Temanggung Mukidi,B24,20,purging,108,14334,2881,2868,8096,9653,2880,8770,15550,15401,15117,,
3530196,D-TEM,dark,Arabika Temanggung Mukidi,B24,20,purging,109,14336,2881,2864,8096,9652,2885,8768,15550,15400,15116,,
3531196,D-TEM,dark,Arabika Temanggung Mukidi,B24,20,purging,110,14337,2881,2866,8096,9649,2883,8767,15551,15400,15115,,
3532196,D-TEM,dark,Arabika Temanggung Mukidi,B24,20,purging,111,14338,2881,2867,8096,9647,2883,8765,15551,15399,15113,,
3533196,D-TEM,dark,Arabika Temanggung Mukidi,B24,20,purging,112,14339,2881,2867,8097,9645,2883,8762,15551,15397,15110,,
3534196,D-TEM,dark,Arabika Temanggung Mukidi,B24,20,purging,113,14340,2882,2866,8097,9641,2880,8760,15550,15395,15109,,
3535196,D-TEM,dark,Arabika Temanggung Mukidi,B24,20,purging,114,14340,2881,2866,8097,9638,2880,8757,15550,15392,15107,,
3536196,D-TEM,dark,Arabika Temanggung Mukidi,B24,20,purging,115,14340,2881,2868,8097,9634,2880,8754,15549,15390,15105,,
3537197,D-TEM,dark,Arabika Temanggung Mukidi,B24,20,purging,116,14340,2883,2867,8097,9630,2880,8752,15548,15387,15102,,
3538196,D-TEM,dark,Arabika Temanggung Mukidi,B24,20,purging,117,14340,2881,2864,8097,9627,2880,8750,15545,15383,15099,,
3539196,D-TEM,dark,Arabika Temanggung Mukidi,B24,20,purging,118,14339,2881,2863,8097,9622,2883,8747,15543,15379,15095,,
3540196,D-TEM,dark,Arabika Temanggung Mukidi,B24,20,purging,119,14338,2882,2866,8098,9617,2880,8743,15539,15374,15092,,
3541196,D-TEM,dark,Arabika Temanggung Mukidi,B24,20,purging,120,14338,2882,2870,8098,9612,2880,8741,15537,15370,15089,,
3542200,D-TEM,dark,Arabika Temanggung Mukidi,B24,20,collecting,1,14336,2883,2867,8098,9607,2880,8738,15534,15365,15086,,
3543196,D-TEM,dark,Arabika Temanggung Mukidi,B24,20,collecting,2,14336,2885,2866,8095,9600,2883,8734,15531,15360,15080,,
3544197,D-TEM,dark,Arabika Temanggung Mukidi,B24,20,collecting,3,14433,2882,2866,8095,9602,2883,8736,15539,15360,15101,,
3545196,D-TEM,dark,Arabika Temanggung Mukidi,B24,20,collecting,4,14680,2882,2866,8094,9623,2880,8747,15597,15393,15143,,
3546196,D-TEM,dark,Arabika Temanggung Mukidi,B24,20,collecting,5,14982,2885,2864,8095,9660,2880,8756,15703,15459,15198,,
3547196,D-TEM,dark,Arabika Temanggung Mukidi,B24,20,collecting,6,15272,2884,2868,8095,9702,2880,8760,15825,15542,15252,,
3548196,D-TEM,dark,Arabika Temanggung Mukidi,B24,20,collecting,7,15527,2884,2863,8096,9741,2880,8760,15940,15627,15303,,
3549196,D-TEM,dark,Arabika Temanggung Mukidi,B24,20,collecting,8,15742,2883,2866,8096,9775,2880,8758,16039,15707,15349,,
3550196,D-TEM,dark,Arabika Temanggung Mukidi,B24,20,collecting,9,15920,2881,2866,8097,9805,2880,8756,16123,15778,15388,,
3551196,D-TEM,dark,Arabika Temanggung Mukidi,B24,20,collecting,10,16064,2883,2864,8097,9829,2880,8753,16192,15840,15422,,
3552196,D-TEM,dark,Arabika Temanggung Mukidi,B24,20,collecting,11,16179,2883,2866,8097,9849,2880,8750,16249,15892,15450,,
3553197,D-TEM,dark,Arabika Temanggung Mukidi,B24,20,collecting,12,16270,2883,2866,8098,9865,2880,8747,16293,15934,15473,,
3554196,D-TEM,dark,Arabika Temanggung Mukidi,B24,20,collecting,13,16343,2885,2866,8098,9878,2881,8744,16329,15970,15491,,
3555196,D-TEM,dark,Arabika Temanggung Mukidi,B24,20,collecting,14,16400,2883,2866,8098,9890,2885,8742,16356,15998,15506,,
3556196,D-TEM,dark,Arabika Temanggung Mukidi,B24,20,collecting,15,16444,2886,2865,8098,9899,2883,8740,16378,16020,15518,,
3557196,D-TEM,dark,Arabika Temanggung Mukidi,B24,20,collecting,16,16477,2886,2870,8098,9906,2880,8738,16393,16038,15528,,
3558196,D-TEM,dark,Arabika Temanggung Mukidi,B24,20,collecting,17,16502,2883,2866,8098,9911,2880,8735,16404,16052,15535,,
3559196,D-TEM,dark,Arabika Temanggung Mukidi,B24,20,collecting,18,16517,2883,2864,8097,9915,2880,8734,16413,16062,15540,,
3560197,D-TEM,dark,Arabika Temanggung Mukidi,B24,20,collecting,19,16528,2884,2864,8098,9919,2880,8732,16419,16070,15544,,
3561196,D-TEM,dark,Arabika Temanggung Mukidi,B24,20,collecting,20,16533,2883,2866,8098,9921,2880,8731,16422,16074,15547,,
3562196,D-TEM,dark,Arabika Temanggung Mukidi,B24,20,collecting,21,16535,2886,2866,8098,9923,2880,8730,16424,16077,15548,,
3563196,D-TEM,dark,Arabika Temanggung Mukidi,B24,20,collecting,22,16532,2883,2863,8097,9923,2880,8728,16424,16078,15548,,
3564196,D-TEM,dark,Arabika Temanggung Mukidi,B24,20,collecting,23,16525,2883,2866,8097,9922,2883,8727,16421,16078,15547,,
3565196,D-TEM,dark,Arabika Temanggung Mukidi,B24,20,collecting,24,16516,2883,2866,8097,9922,2880,8725,16417,16076,15545,,
3566196,D-TEM,dark,Arabika Temanggung Mukidi,B24,20,collecting,25,16504,2883,2865,8097,9921,2880,8724,16413,16073,15544,,
3567196,D-TEM,dark,Arabika Temanggung Mukidi,B24,20,collecting,26,16491,2881,2866,8097,9920,2880,8723,16408,16070,15541,,
3568196,D-TEM,dark,Arabika Temanggung Mukidi,B24,20,collecting,27,16477,2886,2866,8097,9918,2883,8722,16404,16066,15537,,
3569197,D-TEM,dark,Arabika Temanggung Mukidi,B24,20,collecting,28,16462,2883,2867,8097,9915,2880,8721,16398,16061,15534,,
3570196,D-TEM,dark,Arabika Temanggung Mukidi,B24,20,collecting,29,16447,2884,2866,8097,9913,2880,8721,16393,16056,15531,,
3571196,D-TEM,dark,Arabika Temanggung Mukidi,B24,20,collecting,30,16431,2883,2863,8097,9910,2880,8720,16387,16051,15527,,
3572196,D-TEM,dark,Arabika Temanggung Mukidi,B24,20,collecting,31,16416,2882,2863,8097,9908,2885,8719,16381,16046,15524,,
3573196,D-TEM,dark,Arabika Temanggung Mukidi,B24,20,collecting,32,16400,2884,2866,8097,9906,2885,8718,16375,16040,15520,,
3574196,D-TEM,dark,Arabika Temanggung Mukidi,B24,20,collecting,33,16383,2881,2867,8097,9904,2880,8717,16369,16035,15517,,
3575196,D-TEM,dark,Arabika Temanggung Mukidi,B24,20,collecting,34,16369,2883,2864,8097,9901,2880,8717,16363,16029,15514,,
3576197,D-TEM,dark,Arabika Temanggung Mukidi,B24,20,collecting,35,16353,2884,2865,8097,9899,2880,8716,16358,16024,15509,,
3577196,D-TEM,dark,Arabika Temanggung Mukidi,B24,20,collecting,36,16338,2885,2866,8098,9897,2880,8715,16352,16019,15505,,
3578196,D-TEM,dark,Arabika Temanggung Mukidi,B24,20,collecting,37,16323,2883,2863,8098,9895,2880,8714,16348,16014,15502,,
3579196,D-TEM,dark,Arabika Temanggung Mukidi,B24,20,collecting,38,16307,2886,2865,8098,9893,2883,8713,16341,16008,15498,,
3580196,D-TEM,dark,Arabika Temanggung Mukidi,B24,20,collecting,39,16292,2883,2866,8097,9890,2880,8713,16335,16003,15494,,
3581196,D-TEM,dark,Arabika Temanggung Mukidi,B24,20,collecting,40,16278,2881,2864,8097,9888,2880,8712,16329,15997,15490,,
3582196,D-TEM,dark,Arabika Temanggung Mukidi,B24,20,collecting,41,16264,2881,2866,8098,9885,2885,8711,16323,15992,15486,,
3583196,D-TEM,dark,Arabika Temanggung Mukidi,B24,20,collecting,42,16250,2883,2865,8098,9883,2885,8711,16318,15987,15483,,
3584196,D-TEM,dark,Arabika Temanggung Mukidi,B24,20,collecting,43,16236,2886,2863,8098,9880,2883,8710,16314,15982,15478,,
3585197,D-TEM,dark,Arabika Temanggung Mukidi,B24,20,collecting,44,16222,2883,2865,8097,9878,2880,8709,16308,15976,15475,,
3586196,D-TEM,dark,Arabika Temanggung Mukidi,B24,20,collecting,45,16209,2886,2866,8097,9876,2885,8709,16303,15970,15471,,
3587196,D-TEM,dark,Arabika Temanggung Mukidi,B24,20,collecting,46,16196,2883,2866,8098,9873,2885,8708,16297,15965,15467,,
3588196,D-TEM,dark,Arabika Temanggung Mukidi,B24,20,collecting,47,16183,2883,2864,8098,9871,2880,8707,16293,15960,15463,,
3589196,D-TEM,dark,Arabika Temanggung Mukidi,B24,20,collecting,48,16172,2883,2866,8098,9869,2880,8707,16288,15956,15460,,
3590196,D-TEM,dark,Arabika Temanggung Mukidi,B24,20,collecting,49,16161,2883,2865,8098,9867,2880,8706,16282,15951,15456,,
3591196,D-TEM,dark,Arabika Temanggung Mukidi,B24,20,collecting,50,16150,2883,2866,8098,9865,2880,8706,16279,15946,15454,,
3592197,D-TEM,dark,Arabika Temanggung Mukidi,B24,20,collecting,51,16141,2881,2866,8097,9863,2880,8705,16275,15942,15451,,
3593196,D-TEM,dark,Arabika Temanggung Mukidi,B24,20,collecting,52,16131,2883,2865,8098,9862,2880,8705,16271,15938,15448,,
3594196,D-TEM,dark,Arabika Temanggung Mukidi,B24,20,collecting,53,16123,2883,2866,8098,9859,2880,8705,16268,15934,15444,,
3595196,D-TEM,dark,Arabika Temanggung Mukidi,B24,20,collecting,54,16113,2881,2864,8098,9858,2883,8704,16264,15930,15441,,
3596196,D-TEM,dark,Arabika Temanggung Mukidi,B24,20,collecting,55,16104,2881,2868,8098,9856,2883,8703,16260,15926,15438,,
3597196,D-TEM,dark,Arabika Temanggung Mukidi,B24,20,collecting,56,16094,2883,2867,8098,9854,2885,8703,16257,15923,15435,,
3598196,D-TEM,dark,Arabika Temanggung Mukidi,B24,20,collecting,57,16086,2881,2865,8098,9853,2880,8702,16252,15918,15433,,
3599196,D-TEM,dark,Arabika Temanggung Mukidi,B24,20,collecting,58,16078,2883,2866,8098,9851,2880,8701,16249,15915,15430,,
3600196,D-TEM,dark,Arabika Temanggung Mukidi,B24,20,collecting,59,16071,2883,2864,8098,9849,2883,8701,16247,15911,15428,,
3601197,D-TEM,dark,Arabika Temanggung Mukidi,B24,20,collecting,60,16065,2883,2864,8099,9847,2880,8700,16244,15908,15425,,
3602200,D-TEM,dark,Arabika Temanggung Mukidi,B24,21,purging,1,16059,2883,2863,8098,9845,2880,8700,16240,15905,15421,,
3603196,D-TEM,dark,Arabika Temanggung Mukidi,B24,21,purging,2,16051,2884,2866,8101,9845,2880,8701,16238,15902,15423,,
3604196,D-TEM,dark,Arabika Temanggung Mukidi,B24,21,purging,3,16022,2882,2865,8102,9846,2880,8704,16232,15897,15415,,
3605196,D-TEM,dark,Arabika Temanggung Mukidi,B24,21,purging,4,15970,2884,2866,8102,9840,2880,8705,16211,15884,15402,,
3606196,D-TEM,dark,Arabika Temanggung Mukidi,B24,21,purging,5,15904,2883,2866,8102,9833,2880,8705,16180,15864,15385,,
3607196,D-TEM,dark,Arabika Temanggung Mukidi,B24,21,purging,6,15829,2884,2865,8102,9822,2880,8705,16144,15839,15367,,
3608197,D-TEM,dark,Arabika Temanggung Mukidi,B24,21,purging,7,15751,2881,2866,8102,9810,2880,8704,16107,15813,15348,,
3609196,D-TEM,dark,Arabika Temanggung Mukidi,B24,21,purging,8,15673,2880,2866,8101,9797,2880,8703,16072,15785,15331,,
3610196,D-TEM,dark,Arabika Temanggung Mukidi,B24,21,purging,9,15597,2881,2864,8101,9786,2883,8702,16040,15759,15314,,
3611196,D-TEM,dark,Arabika Temanggung Mukidi,B24,21,purging,10,15523,2881,2865,8101,9775,2880,8702,16009,15733,15298,,
3612196,D-TEM,dark,Arabika Temanggung Mukidi,B24,21,purging,11,15451,2883,2865,8100,9764,2880,8701,15981,15709,15283,,
3613196,D-TEM,dark,Arabika Temanggung Mukidi,B24,21,purging,12,15385,2881,2868,8100,9754,2883,8700,15956,15687,15268,,
3614196,D-TEM,dark,Arabika Temanggung Mukidi,B24,21,purging,13,15322,2882,2866,8100,9744,2880,8699,15933,15666,15255,,
3615196,D-TEM,dark,Arabika Temanggung Mukidi,B24,21,purging,14,15263,2881,2865,8099,9734,2880,8697,15913,15646,15242,,
3616196,D-TEM,dark,Arabika Temanggung Mukidi,B24,21,purging,15,15209,2879,2866,8099,9726,2880,8695,15893,15628,15230,,
3617197,D-TEM,dark,Arabika Temanggung Mukidi,B24,21,purging,16,15158,2881,2865,8099,9717,2880,8694,15876,15611,15219,,
3618196,D-TEM,dark,Arabika Temanggung Mukidi,B24,21,purging,17,15112,2882,2865,8098,9710,2880,8693,15860,15595,15209,,
3619196,D-TEM,dark,Arabika Temanggung Mukidi,B24,21,purging,18,15069,2881,2864,8098,9702,2885,8692,15844,15580,15200,,
3620196,D-TEM,dark,Arabika Temanggung Mukidi,B24,21,purging,19,15029,2881,2865,8098,9696,2880,8691,15831,15567,15192,,
3621196,D-TEM,dark,Arabika Temanggung Mukidi,B24,21,purging,20,14992,2881,2865,8098,9689,2885,8690,15818,15554,15184,,
3622196,D-TEM,dark,Arabika Temanggung Mukidi,B24,21,purging,21,14959,2881,2865,8097,9683,2880,8690,15806,15542,15176,,
3623196,D-TEM,dark,Arabika Temanggung Mukidi,B24,21,purging,22,14928,2879,2868,8097,9678,2880,8690,15796,15532,15170,,
3624197,D-TEM,dark,Arabika Temanggung Mukidi,B24,21,purging,23,14899,2880,2866,8097,9673,2880,8690,15786,15521,15162,,
3625196,D-TEM,dark,Arabika Temanggung Mukidi,B24,21,purging,24,14872,2881,2863,8097,9669,2880,8689,15776,15512,15156,,
3626196,D-TEM,dark,Arabika Temanggung Mukidi,B24,21,purging,25,14847,2882,2865,8096,9665,2880,8689,15766,15503,15150,,
3627196,D-TEM,dark,Arabika Temanggung Mukidi,B24,21,purging,26,14824,2881,2864,8096,9662,2880,8689,15758,15495,15144,,
3628196,D-TEM,dark,Arabika Temanggung Mukidi,B24,21,purging,27,14802,2879,2866,8096,9658,2880,8689,15750,15487,15138,,
3629196,D-TEM,dark,Arabika Temanggung Mukidi,B24,21,purging,28,14781,2881,2867,8096,9654,2880,8689,15743,15479,15134,,
3630196,D-TEM,dark,Arabika Temanggung Mukidi,B24,21,purging,29,14762,2881,2865,8095,9651,2883,8689,15736,15472,15129,,
3631196,D-TEM,dark,Arabika Temanggung Mukidi,B24,21,purging,30,14744,2881,2865,8095,9647,2885,8689,15729,15464,15125,,
3632196,D-TEM,dark,Arabika Temanggung Mukidi,B24,21,purging,31,14727,2881,2865,8094,9644,2880,8688,15721,15457,15120,,
3633197,D-TEM,dark,Arabika Temanggung Mukidi,B24,21,purging,32,14712,2879,2865,8094,9641,2883,8688,15715,15452,15115,,
3634196,D-TEM,dark,Arabika Temanggung Mukidi,B24,21,purging,33,14697,2882,2863,8094,9638,2880,8688,15710,15445,15111,,
3635196,D-TEM,dark,Arabika Temanggung Mukidi,B24,21,purging,34,14684,2881,2867,8093,9635,2880,8687,15704,15439,15106,,
3636196,D-TEM,dark,Arabika Temanggung Mukidi,B24,21,purging,35,14670,2879,2864,8093,9631,2883,8687,15699,15434,15102,,
3637196,D-TEM,dark,Arabika Temanggung Mukidi,B24,21,purging,36,14659,2881,2868,8093,9628,2880,8686,15693,15428,15098,,
3638196,D-TEM,dark,Arabika Temanggung Mukidi,B24,21,purging,37,14647,2881,2867,8092,9625,2880,8686,15687,15422,15096,,
3639196,D-TEM,dark,Arabika Temanggung Mukidi,B24,21,purging,38,14636,2879,2865,8092,9623,2883,8686,15683,15417,15092,,
3640197,D-TEM,dark,Arabika Temanggung Mukidi,B24,21,purging,39,14626,2881,2864,8092,9620,2885,8685,15678,15412,15090,,
3641196,D-TEM,dark,Arabika Temanggung Mukidi,B24,21,purging,40,14617,2884,2864,8091,9617,2883,8685,15674,15407,15086,,
3642196,D-TEM,dark,Arabika Temanggung Mukidi,B24,21,purging,41,14608,2881,2865,8091,9614,2880,8684,15669,15403,15083,,
3643196,D-TEM,dark,Arabika Temanggung Mukidi,B24,21,purging,42,14600,2880,2866,8091,9612,2880,8685,15666,15399,15079,,
3644196,D-TEM,dark,Arabika Temanggung Mukidi,B24,21,purging,43,14595,2879,2865,8090,9610,2880,8683,15662,15395,15076,,
3645196,D-TEM,dark,Arabika Temanggung Mukidi,B24,21,purging,44,14590,2881,2864,8090,9606,2883,8680,15659,15391,15072,,
3646196,D-TEM,dark,Arabika Temanggung Mukidi,B24,21,purging,45,14586,2881,2865,8090,9603,2880,8677,15655,15387,15069,,
3647196,D-TEM,dark,Arabika Temanggung Mukidi,B24,21,purging,46,14582,2879,2866,8089,9599,2880,8675,15654,15384,15066,,
3648196,D-TEM,dark,Arabika Temanggung Mukidi,B24,21,purging,47,14579,2881,2868,8089,9596,2880,8673,15652,15381,15064,,
3649197,D-TEM,dark,Arabika Temanggung Mukidi,B24,21,purging,48,14576,2881,2866,8089,9593,2880,8671,15649,15377,15062,,
3650196,D-TEM,dark,Arabika Temanggung Mukidi,B24,21,purging,49,14573,2881,2862,8088,9590,2880,8669,15647,15374,15059,,
3651196,D-TEM,dark,Arabika Temanggung Mukidi,B24,21,purging,50,14570,2881,2865,8088,9586,2883,8668,15645,15370,15056,,
3652196,D-TEM,dark,Arabika Temanggung Mukidi,B24,21,purging,51,14566,2881,2868,8088,9583,2880,8666,15642,15367,15052,,
3653196,D-TEM,dark,Arabika Temanggung Mukidi,B24,21,purging,52,14564,2883,2864,8087,9580,2880,8664,15640,15363,15049,,
3654196,D-TEM,dark,Arabika Temanggung Mukidi,B24,21,purging,53,14561,2881,2866,8087,9576,2885,8662,15637,15360,15046,,
3655196,D-TEM,dark,Arabika Temanggung Mukidi,B24,21,purging,54,14558,2881,2864,8087,9573,2880,8659,15634,15356,15044,,
3656197,D-TEM,dark,Arabika Temanggung Mukidi,B24,21,purging,55,14556,2881,2867,8087,9569,2880,8657,15631,15353,15042,,
3657196,D-TEM,dark,Arabika Temanggung Mukidi,B24,21,purging,56,14554,2881,2866,8086,9566,2883,8655,15629,15350,15040,,
3658196,D-TEM,dark,Arabika Temanggung Mukidi,B24,21,purging,57,14551,2882,2865,8086,9563,2880,8654,15627,15346,15038,,
3659196,D-TEM,dark,Arabika Temanggung Mukidi,B24,21,purging,58,14548,2879,2863,8086,9559,2880,8652,15626,15344,15036,,
3660196,D-TEM,dark,Arabika Temanggung Mukidi,B24,21,purging,59,14546,2881,2864,8086,9556,2880,8651,15624,15341,15035,,
3661196,D-TEM,dark,Arabika Temanggung Mukidi,B24,21,purging,60,14544,2881,2867,8085,9555,2883,8651,15624,15339,15034,,
3662196,D-TEM,dark,Arabika Temanggung Mukidi,B24,21,purging,61,14543,2883,2866,8085,9553,2883,8650,15621,15336,15032,,
3663196,D-TEM,dark,Arabika Temanggung Mukidi,B24,21,purging,62,14542,2880,2864,8085,9551,2880,8649,15621,15334,15030,,
3664196,D-TEM,dark,Arabika Temanggung Mukidi,B24,21,purging,63,14541,2881,2864,8084,9549,2880,8648,15620,15332,15029,,
3665197,D-TEM,dark,Arabika Temanggung Mukidi,B24,21,purging,64,14540,2879,2865,8084,9546,2880,8647,15618,15330,15028,,
3666196,D-TEM,dark,Arabika Temanggung Mukidi,B24,21,purging,65,14539,2881,2864,8084,9544,2883,8646,15616,15328,15027,,
3667196,D-TEM,dark,Arabika Temanggung Mukidi,B24,21,purging,66,14539,2881,2866,8083,9543,2880,8645,15615,15327,15027,,
3668196,D-TEM,dark,Arabika Temanggung Mukidi,B24,21,purging,67,14537,2882,2863,8083,9541,2880,8644,15615,15325,15026,,
3669196,D-TEM,dark,Arabika Temanggung Mukidi,B24,21,purging,68,14535,2883,2867,8083,9541,2883,8645,15615,15325,15026,,
3670196,D-TEM,dark,Arabika Temanggung Mukidi,B24,21,purging,69,14535,2881,2863,8083,9540,2880,8645,15615,15323,15025,,
3671196,D-TEM,dark,Arabika Temanggung Mukidi,B24,21,purging,70,14534,2879,2866,8083,9539,2885,8644,15615,15323,15025,,
3672197,D-TEM,dark,Arabika Temanggung Mukidi,B24,21,purging,71,14533,2883,2868,8082,9539,2883,8644,15614,15322,15024,,
3673196,D-TEM,dark,Arabika Temanggung Mukidi,B24,21,purging,72,14532,2881,2866,8082,9537,2880,8644,15614,15321,15024,,
3674196,D-TEM,dark,Arabika Temanggung Mukidi,B24,21,purging,73,14530,2881,2868,8082,9535,2880,8644,15613,15319,15023,,
3675196,D-TEM,dark,Arabika Temanggung Mukidi,B24,21,purging,74,14528,2882,2865,8082,9533,2885,8643,15612,15318,15022,,
3676196,D-TEM,dark,Arabika Temanggung Mukidi,B24,21,purging,75,14527,2881,2864,8082,9532,2883,8642,15611,15316,15020,,
3677196,D-TEM,dark,Arabika Temanggung Mukidi,B24,21,purging,76,14526,2881,2866,8081,9529,2885,8641,15610,15314,15018,,
3678196,D-TEM,dark,Arabika Temanggung Mukidi,B24,21,purging,77,14525,2881,2863,8081,9527,2883,8639,15609,15312,15017,,
3679196,D-TEM,dark,Arabika Temanggung Mukidi,B24,21,purging,78,14524,2881,2866,8081,9525,2880,8638,15607,15310,15015,,
3680196,D-TEM,dark,Arabika Temanggung Mukidi,B24,21,purging,79,14523,2881,2868,8080,9523,2880,8637,15606,15308,15014,,
3681197,D-TEM,dark,Arabika Temanggung Mukidi,B24,21,purging,80,14522,2881,2867,8080,9521,2885,8635,15606,15306,15013,,
3682196,D-TEM,dark,Arabika Temanggung Mukidi,B24,21,purging,81,14521,2881,2866,8080,9519,2883,8635,15605,15305,15012,,
3683196,D-TEM,dark,Arabika Temanggung Mukidi,B24,21,purging,82,14521,2882,2866,8080,9517,2880,8634,15604,15303,15012,,
3684196,D-TEM,dark,Arabika Temanggung Mukidi,B24,21,purging,83,14520,2881,2865,8079,9515,2883,8633,15604,15301,15011,,
3685196,D-TEM,dark,Arabika Temanggung Mukidi,B24,21,purging,84,14520,2881,2864,8080,9514,2880,8633,15604,15301,15010,,
3686196,D-TEM,dark,Arabika Temanggung Mukidi,B24,21,purging,85,14521,2881,2865,8079,9512,2883,8632,15604,15300,15009,,
3687196,D-TEM,dark,Arabika Temanggung Mukidi,B24,21,purging,86,14521,2881,2864,8079,9510,2883,8631,15604,15298,15008,,
3688197,D-TEM,dark,Arabika Temanggung Mukidi,B24,21,purging,87,14522,2881,2865,8079,9509,2883,8630,15603,15298,15008,,
3689196,D-TEM,dark,Arabika Temanggung Mukidi,B24,21,purging,88,14523,2883,2868,8078,9508,2880,8629,15603,15297,15008,,
3690196,D-TEM,dark,Arabika Temanggung Mukidi,B24,21,purging,89,14523,2881,2866,8078,9507,2885,8629,15603,15297,15008,,
3691196,D-TEM,dark,Arabika Temanggung Mukidi,B24,21,purging,90,14524,2881,2866,8078,9506,2883,8628,15603,15296,15008,,
3692196,D-TEM,dark,Arabika Temanggung Mukidi,B24,21,purging,91,14524,2881,2863,8077,9504,2880,8628,15603,15295,15008,,
3693196,D-TEM,dark,Arabika Temanggung Mukidi,B24,21,purging,92,14524,2882,2866,8077,9503,2883,8628,15603,15294,15008,,
3694196,D-TEM,dark,Arabika Temanggung Mukidi,B24,21,purging,93,14523,2883,2865,8077,9503,2880,8629,15603,15294,15008,,
3695196,D-TEM,dark,Arabika Temanggung Mukidi,B24,21,purging,94,14522,2881,2866,8077,9503,2880,8629,15602,15293,15007,,
3696196,D-TEM,dark,Arabika Temanggung Mukidi,B24,21,purging,95,14523,2883,2865,8077,9502,2880,8629,15602,15292,15007,,
3697197,D-TEM,dark,Arabika Temanggung Mukidi,B24,21,purging,96,14522,2881,2866,8077,9502,2880,8629,15602,15292,15007,,
3698196,D-TEM,dark,Arabika Temanggung Mukidi,B24,21,purging,97,14521,2879,2864,8077,9501,2883,8629,15602,15291,15006,,
3699196,D-TEM,dark,Arabika Temanggung Mukidi,B24,21,purging,98,14519,2879,2865,8077,9499,2885,8629,15602,15290,15006,,
3700196,D-TEM,dark,Arabika Temanggung Mukidi,B24,21,purging,99,14517,2881,2864,8076,9497,2883,8629,15601,15288,15005,,
3701196,D-TEM,dark,Arabika Temanggung Mukidi,B24,21,purging,100,14514,2882,2865,8076,9495,2883,8629,15600,15286,15004,,
3702196,D-TEM,dark,Arabika Temanggung Mukidi,B24,21,purging,101,14512,2882,2866,8076,9494,2885,8628,15598,15284,15004,,
3703196,D-TEM,dark,Arabika Temanggung Mukidi,B24,21,purging,102,14508,2879,2865,8076,9492,2880,8628,15597,15282,15002,,
3704197,D-TEM,dark,Arabika Temanggung Mukidi,B24,21,purging,103,14506,2881,2864,8076,9491,2880,8628,15595,15280,15003,,
3705196,D-TEM,dark,Arabika Temanggung Mukidi,B24,21,purging,104,14505,2881,2864,8075,9490,2880,8628,15593,15278,15002,,
3706196,D-TEM,dark,Arabika Temanggung Mukidi,B24,21,purging,105,14504,2881,2865,8075,9489,2883,8628,15593,15278,15002,,
3707196,D-TEM,dark,Arabika Temanggung Mukidi,B24,21,purging,106,14504,2882,2864,8075,9488,2885,8628,15594,15277,15002,,
3708196,D-TEM,dark,Arabika Temanggung Mukidi,B24,21,purging,107,14506,2881,2865,8075,9488,2880,8628,15595,15278,15002,,
3709196,D-TEM,dark,Arabika Temanggung Mukidi,B24,21,purging,108,14509,2881,2865,8075,9489,2880,8626,15597,15279,15002,,
3710196,D-TEM,dark,Arabika Temanggung Mukidi,B24,21,purging,109,14511,2881,2866,8075,9488,2880,8625,15599,15280,15002,,
3711196,D-TEM,dark,Arabika Temanggung Mukidi,B24,21,purging,110,14513,2879,2866,8075,9488,2885,8624,15599,15280,15003,,
3712196,D-TEM,dark,Arabika Temanggung Mukidi,B24,21,purging,111,14516,2883,2864,8074,9487,2883,8623,15601,15281,15003,,
3713197,D-TEM,dark,Arabika Temanggung Mukidi,B24,21,purging,112,14518,2881,2865,8074,9486,2880,8621,15603,15282,15004,,
3714196,D-TEM,dark,Arabika Temanggung Mukidi,B24,21,purging,113,14520,2881,2868,8074,9485,2880,8620,15604,15282,15003,,
3715196,D-TEM,dark,Arabika Temanggung Mukidi,B24,21,purging,114,14522,2881,2864,8073,9484,2883,8618,15604,15282,15002,,
3716196,D-TEM,dark,Arabika Temanggung Mukidi,B24,21,purging,115,14524,2881,2865,8074,9482,2883,8617,15605,15282,15001,,
3717196,D-TEM,dark,Arabika Temanggung Mukidi,B24,21,purging,116,14527,2881,2864,8073,9479,2880,8615,15606,15281,15000,,
3718196,D-TEM,dark,Arabika Temanggung Mukidi,B24,21,purging,117,14529,2879,2865,8073,9477,2883,8613,15607,15280,14999,,
3719196,D-TEM,dark,Arabika Temanggung Mukidi,B24,21,purging,118,14531,2881,2863,8073,9475,2880,8612,15607,15280,14999,,
3720197,D-TEM,dark,Arabika Temanggung Mukidi,B24,21,purging,119,14532,2883,2864,8072,9473,2885,8610,15608,15279,14999,,
3721196,D-TEM,dark,Arabika Temanggung Mukidi,B24,21,purging,120,14532,2882,2865,8073,9471,2880,8610,15608,15279,14999,,
3722201,D-TEM,dark,Arabika Temanggung Mukidi,B24,21,collecting,1,14532,2881,2865,8072,9470,2883,8609,15609,15278,14999,,
3723196,D-TEM,dark,Arabika Temanggung Mukidi,B24,21,collecting,2,14533,2881,2864,8070,9467,2885,8607,15609,15277,14997,,
3724196,D-TEM,dark,Arabika Temanggung Mukidi,B24,21,collecting,3,14619,2880,2864,8068,9470,2880,8612,15616,15281,15021,,
3725196,D-TEM,dark,Arabika Temanggung Mukidi,B24,21,collecting,4,14843,2882,2866,8068,9494,2883,8626,15674,15315,15067,,
3726196,D-TEM,dark,Arabika Temanggung Mukidi,B24,21,collecting,5,15118,2881,2865,8068,9533,2880,8639,15773,15381,15120,,
3727196,D-TEM,dark,Arabika Temanggung Mukidi,B24,21,collecting,6,15381,2883,2866,8068,9576,2880,8647,15884,15463,15172,,
3728196,D-TEM,dark,Arabika Temanggung Mukidi,B24,21,collecting,7,15610,2884,2867,8069,9617,2885,8651,15989,15546,15222,,
3729197,D-TEM,dark,Arabika Temanggung Mukidi,B24,21,collecting,8,15803,2882,2868,8069,9651,2883,8652,16081,15624,15267,,
3730196,D-TEM,dark,Arabika Temanggung Mukidi,B24,21,collecting,9,15963,2879,2865,8069,9681,2880,8652,16157,15692,15306,,
3731196,D-TEM,dark,Arabika Temanggung Mukidi,B24,21,collecting,10,16095,2883,2865,8070,9705,2880,8651,16220,15752,15338,,
3732196,D-TEM,dark,Arabika Temanggung Mukidi,B24,21,collecting,11,16201,2883,2866,8069,9726,2880,8650,16272,15802,15365,,
3733196,D-TEM,dark,Arabika Temanggung Mukidi,B24,21,collecting,12,16287,2881,2865,8070,9743,2880,8649,16313,15843,15386,,
3734196,D-TEM,dark,Arabika Temanggung Mukidi,B24,21,collecting,13,16355,2883,2863,8069,9756,2880,8647,16345,15877,15403,,
3735196,D-TEM,dark,Arabika Temanggung Mukidi,B24,21,collecting,14,16407,2883,2865,8069,9768,2883,8644,16369,15905,15418,,
3736197,D-TEM,dark,Arabika Temanggung Mukidi,B24,21,collecting,15,16447,2883,2865,8069,9776,2880,8643,16389,15926,15429,,
3737196,D-TEM,dark,Arabika Temanggung Mukidi,B24,21,collecting,16,16477,2881,2864,8069,9783,2885,8641,16402,15943,15438,,
3738196,D-TEM,dark,Arabika Temanggung Mukidi,B24,21,collecting,17,16499,2883,2865,8068,9789,2880,8640,16412,15955,15445,,
3739196,D-TEM,dark,Arabika Temanggung Mukidi,B24,21,collecting,18,16514,2885,2868,8068,9793,2883,8638,16419,15965,15450,,
3740196,D-TEM,dark,Arabika Temanggung Mukidi,B24,21,collecting,19,16524,2883,2865,8068,9797,2883,8637,16426,15971,15455,,
3741196,D-TEM,dark,Arabika Temanggung Mukidi,B24,21,collecting,20,16529,2881,2869,8068,9800,2885,8635,16429,15977,15457,,
3742196,D-TEM,dark,Arabika Temanggung Mukidi,B24,21,collecting,21,16532,2881,2866,8067,9801,2883,8634,16432,15980,15460,,
3743196,D-TEM,dark,Arabika Temanggung Mukidi,B24,21,collecting,22,16532,2885,2864,8067,9803,2880,8633,16432,15982,15461,,
3744196,D-TEM,dark,Arabika Temanggung Mukidi,B24,21,collecting,23,16529,2883,2864,8067,9804,2885,8632,16432,15983,15461,,
3745197,D-TEM,dark,Arabika Temanggung Mukidi,B24,21,collecting,24,16524,2883,2863,8067,9803,2880,8631,16431,15983,15461,,
3746196,D-TEM,dark,Arabika Temanggung Mukidi,B24,21,collecting,25,16517,2883,2863,8067,9803,2883,8629,16429,15983,15460,,
3747196,D-TEM,dark,Arabika Temanggung Mukidi,B24,21,collecting,26,16508,2883,2865,8067,9803,2880,8628,16427,15981,15458,,
3748196,D-TEM,dark,Arabika Temanggung Mukidi,B24,21,collecting,27,16498,2886,2865,8067,9802,2880,8627,16424,15978,15457,,
3749196,D-TEM,dark,Arabika Temanggung Mukidi,B24,21,collecting,28,16487,2886,2865,8066,9800,2880,8626,16420,15975,15456,,
3750196,D-TEM,dark,Arabika Temanggung Mukidi,B24,21,collecting,29,16475,2886,2867,8066,9799,2880,8625,16416,15971,15453,,
3751196,D-TEM,dark,Arabika Temanggung Mukidi,B24,21,collecting,30,16462,2883,2865,8066,9797,2883,8624,16412,15967,15450,,
3752197,D-TEM,dark,Arabika Temanggung Mukidi,B24,21,collecting,31,16447,2884,2865,8066,9796,2880,8623,16407,15962,15447,,
3753196,D-TEM,dark,Arabika Temanggung Mukidi,B24,21,collecting,32,16433,2883,2868,8066,9794,2883,8622,16402,15958,15444,,
3754196,D-TEM,dark,Arabika Temanggung Mukidi,B24,21,collecting,33,16419,2884,2865,8066,9792,2880,8621,16397,15953,15441,,
3755196,D-TEM,dark,Arabika Temanggung Mukidi,B24,21,collecting,34,16406,2883,2866,8066,9790,2880,8621,16393,15947,15438,,
3756196,D-TEM,dark,Arabika Temanggung Mukidi,B24,21,collecting,35,16393,2881,2865,8066,9788,2883,8620,16389,15943,15435,,
3757196,D-TEM,dark,Arabika Temanggung Mukidi,B24,21,collecting,36,16381,2882,2865,8065,9787,2883,8620,16383,15938,15433,,
3758196,D-TEM,dark,Arabika Temanggung Mukidi,B24,21,collecting,37,16368,2883,2866,8066,9785,2880,8619,16380,15934,15430,,
3759196,D-TEM,dark,Arabika Temanggung Mukidi,B24,21,collecting,38,16356,2881,2864,8065,9783,2880,8618,16376,15930,15427,,
3760196,D-TEM,dark,Arabika Temanggung Mukidi,B24,21,collecting,39,16343,2885,2867,8065,9781,2880,8617,16370,15925,15424,,
3761197,D-TEM,dark,Arabika Temanggung Mukidi,B24,21,collecting,40,16330,2883,2865,8065,9780,2883,8617,16367,15921,15422,,
3762196,D-TEM,dark,Arabika Temanggung Mukidi,B24,21,collecting,41,16317,2885,2865,8065,9777,2883,8616,16361,15916,15418,,
3763196,D-TEM,dark,Arabika Temanggung Mukidi,B24,21,collecting,42,16304,2881,2864,8065,9775,2880,8615,16355,15911,15415,,
3764196,D-TEM,dark,Arabika Temanggung Mukidi,B24,21,collecting,43,16291,2883,2866,8065,9774,2880,8615,16351,15906,15412,,
3765196,D-TEM,dark,Arabika Temanggung Mukidi,B24,21,collecting,44,16280,2883,2865,8065,9772,2880,8615,16347,15901,15409,,
3766196,D-TEM,dark,Arabika Temanggung Mukidi,B24,21,collecting,45,16269,2883,2865,8065,9770,2880,8614,16343,15897,15406,,
3767196,D-TEM,dark,Arabika Temanggung Mukidi,B24,21,collecting,46,16259,2881,2866,8064,9769,2880,8613,16340,15893,15403,,
3768197,D-TEM,dark,Arabika Temanggung Mukidi,B24,21,collecting,47,16250,2883,2863,8065,9767,2880,8613,16337,15889,15401,,
3769196,D-TEM,dark,Arabika Temanggung Mukidi,B24,21,collecting,48,16242,2881,2865,8064,9766,2880,8612,16333,15886,15398,,
3770196,D-TEM,dark,Arabika Temanggung Mukidi,B24,21,collecting,49,16233,2881,2868,8064,9765,2883,8612,16331,15882,15396,,
3771196,D-TEM,dark,Arabika Temanggung Mukidi,B24,21,collecting,50,16224,2882,2865,8065,9764,2880,8612,16328,15879,15393,,
3772196,D-TEM,dark,Arabika Temanggung Mukidi,B24,21,collecting,51,16216,2883,2864,8064,9763,2883,8611,16325,15876,15390,,
3773196,D-TEM,dark,Arabika Temanggung Mukidi,B24,21,collecting,52,16207,2882,2867,8064,9761,2880,8610,16322,15872,15388,,
3774196,D-TEM,dark,Arabika Temanggung Mukidi,B24,21,collecting,53,16198,2883,2864,8064,9759,2883,8609,16319,15869,15386,,
3775196,D-TEM,dark,Arabika Temanggung Mukidi,B24,21,collecting,54,16190,2885,2864,8064,9758,2885,8609,16316,15866,15383,,
3776196,D-TEM,dark,Arabika Temanggung Mukidi,B24,21,collecting,55,16182,2881,2866,8063,9757,2885,8608,16313,15862,15381,,
3777197,D-TEM,dark,Arabika Temanggung Mukidi,B24,21,collecting,56,16175,2883,2864,8063,9756,2883,8608,16310,15859,15378,,
3778196,D-TEM,dark,Arabika Temanggung Mukidi,B24,21,collecting,57,16167,2883,2866,8063,9755,2880,8608,16307,15856,15376,,
3779196,D-TEM,dark,Arabika Temanggung Mukidi,B24,21,collecting,58,16160,2881,2863,8063,9753,2880,8607,16304,15853,15373,,
3780196,D-TEM,dark,Arabika Temanggung Mukidi,B24,21,collecting,59,16153,2883,2864,8062,9752,2880,8606,16301,15849,15372,,
3781196,D-TEM,dark,Arabika Temanggung Mukidi,B24,21,collecting,60,16147,2883,2865,8062,9751,2885,8605,16299,15847,15370,,
3782200,D-TEM,dark,Arabika Temanggung Mukidi,B24,22,purging,1,16142,2881,2865,8062,9749,2880,8605,16296,15844,15368,,
3783196,D-TEM,dark,Arabika Temanggung Mukidi,B24,22,purging,2,16134,2883,2865,8064,9750,2883,8607,16295,15842,15369,,
3784197,D-TEM,dark,Arabika Temanggung Mukidi,B24,22,purging,3,16106,2883,2865,8065,9750,2880,8609,16288,15837,15361,,
3785196,D-TEM,dark,Arabika Temanggung Mukidi,B24,22,purging,4,16057,2885,2866,8065,9747,2880,8610,16268,15826,15348,,
3786196,D-TEM,dark,Arabika Temanggung Mukidi,B24,22,purging,5,15996,2882,2865,8064,9740,2883,8609,16240,15808,15333,,
3787196,D-TEM,dark,Arabika Temanggung Mukidi,B24,22,purging,6,15927,2881,2864,8064,9730,2880,8608,16207,15786,15317,,
3788196,D-TEM,dark,Arabika Temanggung Mukidi,B24,22,purging,7,15856,2884,2866,8063,9719,2883,8607,16174,15761,15300,,
3789196,D-TEM,dark,Arabika Temanggung Mukidi,B24,22,purging,8,15784,2879,2866,8062,9708,2885,8605,16142,15737,15283,,
3790196,D-TEM,dark,Arabika Temanggung Mukidi,B24,22,purging,9,15715,2881,2866,8062,9697,2880,8605,16113,15712,15268,,
3791196,D-TEM,dark,Arabika Temanggung Mukidi,B24,22,purging,10,15648,2881,2864,8061,9687,2885,8603,16087,15690,15254,,
3792196,D-TEM,dark,Arabika Temanggung Mukidi,B24,22,purging,11,15584,2881,2866,8061,9677,2880,8602,16062,15670,15241,,
3793197,D-TEM,dark,Arabika Temanggung Mukidi,B24,22,purging,12,15525,2880,2864,8060,9668,2883,8601,16040,15651,15228,,
3794196,D-TEM,dark,Arabika Temanggung Mukidi,B24,22,purging,13,15469,2883,2864,8060,9660,2885,8599,16020,15633,15215,,
3795196,D-TEM,dark,Arabika Temanggung Mukidi,B24,22,purging,14,15416,2883,2866,8059,9652,2885,8598,16003,15616,15204,,
3796196,D-TEM,dark,Arabika Temanggung Mukidi,B24,22,purging,15,15367,2883,2865,8058,9644,2880,8596,15986,15600,15194,,
3797196,D-TEM,dark,Arabika Temanggung Mukidi,B24,22,purging,16,15323,2881,2865,8057,9636,2880,8595,15970,15585,15184,,
3798196,D-TEM,dark,Arabika Temanggung Mukidi,B24,22,purging,17,15283,2880,2866,8057,9629,2880,8592,15956,15571,15174,,
3799196,D-TEM,dark,Arabika Temanggung Mukidi,B24,22,purging,18,15246,2882,2868,8056,9622,2883,8591,15944,15559,15165,,
3800197,D-TEM,dark,Arabika Temanggung Mukidi,B24,22,purging,19,15212,2884,2865,8056,9616,2880,8589,15934,15547,15157,,
3801196,D-TEM,dark,Arabika Temanggung Mukidi,B24,22,purging,20,15181,2883,2863,8055,9610,2883,8586,15923,15536,15149,,
3802196,D-TEM,dark,Arabika Temanggung Mukidi,B24,22,purging,21,15152,2880,2864,8055,9604,2883,8584,15915,15526,15142,,
3803196,D-TEM,dark,Arabika Temanggung Mukidi,B24,22,purging,22,15125,2882,2865,8053,9597,2881,8582,15904,15516,15135,,
3804196,D-TEM,dark,Arabika Temanggung Mukidi,B24,22,purging,23,15101,2882,2866,8053,9591,2885,8581,15896,15506,15131,,
3805196,D-TEM,dark,Arabika Temanggung Mukidi,B24,22,purging,24,15078,2881,2866,8052,9586,2880,8580,15886,15498,15125,,
3806196,D-TEM,dark,Arabika Temanggung Mukidi,B24,22,purging,25,15058,2883,2865,8051,9582,2883,8579,15880,15490,15119,,
3807196,D-TEM,dark,Arabika Temanggung Mukidi,B24,22,purging,26,15037,2881,2865,8051,9578,2885,8579,15872,15482,15114,,
3808196,D-TEM,dark,Arabika Temanggung Mukidi,B24,22,purging,27,15017,2882,2863,8050,9574,2880,8580,15865,15475,15110,,
3809197,D-TEM,dark,Arabika Temanggung Mukidi,B24,22,purging,28,14999,2879,2866,8050,9570,2880,8580,15858,15468,15106,,
3810196,D-TEM,dark,Arabika Temanggung Mukidi,B24,22,purging,29,14982,2881,2865,8049,9567,2883,8580,15852,15462,15101,,
3811196,D-TEM,dark,Arabika Temanggung Mukidi,B24,22,purging,30,14967,2879,2864,8049,9563,2880,8580,15847,15456,15098,,
3812196,D-TEM,dark,Arabika Temanggung Mukidi,B24,22,purging,31,14953,2881,2864,8048,9561,2883,8580,15841,15450,15095,,
3813196,D-TEM,dark,Arabika Temanggung Mukidi,B24,22,purging,32,14939,2883,2864,8047,9558,2880,8580,15837,15445,15091,,
3814196,D-TEM,dark,Arabika Temanggung Mukidi,B24,22,purging,33,14926,2880,2866,8047,9555,2880,8580,15831,15439,15087,,
3815196,D-TEM,dark,Arabika Temanggung Mukidi,B24,22,purging,34,14914,2881,2866,8046,9553,2883,8581,15827,15434,15084,,
3816197,D-TEM,dark,Arabika Temanggung Mukidi,B24,22,purging,35,14902,2883,2867,8045,9550,2880,8580,15823,15429,15081,,
3817196,D-TEM,dark,Arabika Temanggung Mukidi,B24,22,purging,36,14891,2882,2867,8045,9547,2883,8580,15819,15424,15078,,
3818196,D-TEM,dark,Arabika Temanggung Mukidi,B24,22,purging,37,14880,2882,2864,8045,9545,2885,8580,15814,15419,15075,,
3819196,D-TEM,dark,Arabika Temanggung Mukidi,B24,22,purging,38,14871,2881,2868,8044,9543,2880,8580,15810,15415,15072,,
3820196,D-TEM,dark,Arabika Temanggung Mukidi,B24,22,purging,39,14861,2882,2868,8044,9540,2880,8580,15806,15411,15070,,
3821196,D-TEM,dark,Arabika Temanggung Mukidi,B24,22,purging,40,14852,2883,2865,8043,9538,2880,8580,15802,15407,15067,,
3822196,D-TEM,dark,Arabika Temanggung Mukidi,B24,22,purging,41,14845,2881,2863,8043,9536,2883,8580,15798,15403,15066,,
3823196,D-TEM,dark,Arabika Temanggung Mukidi,B24,22,purging,42,14837,2879,2867,8042,9535,2880,8580,15796,15400,15064,,
3824196,D-TEM,dark,Arabika Temanggung Mukidi,B24,22,purging,43,14830,2881,2865,8042,9533,2880,8580,15792,15397,15063,,
3825197,D-TEM,dark,Arabika Temanggung Mukidi,B24,22,purging,44,14824,2882,2865,8041,9532,2880,8580,15790,15394,15061,,
3826196,D-TEM,dark,Arabika Temanggung Mukidi,B24,22,purging,45,14818,2881,2865,8041,9530,2880,8580,15787,15392,15058,,
3827196,D-TEM,dark,Arabika Temanggung Mukidi,B24,22,purging,46,14811,2882,2866,8041,9528,2883,8579,15784,15388,15055,,
3828196,D-TEM,dark,Arabika Temanggung Mukidi,B24,22,purging,47,14805,2881,2866,8040,9525,2880,8577,15780,15385,15052,,
3829196,D-TEM,dark,Arabika Temanggung Mukidi,B24,22,purging,48,14799,2881,2865,8040,9522,2880,8576,15776,15381,15049,,
3830196,D-TEM,dark,Arabika Temanggung Mukidi,B24,22,purging,49,14794,2881,2863,8039,9519,2880,8575,15774,15377,15047,,
3831196,D-TEM,dark,Arabika Temanggung Mukidi,B24,22,purging,50,14789,2882,2866,8039,9517,2880,8574,15772,15374,15046,,
3832197,D-TEM,dark,Arabika Temanggung Mukidi,B24,22,purging,51,14785,2881,2863,8038,9515,2880,8574,15771,15371,15044,,
3833196,D-TEM,dark,Arabika Temanggung Mukidi,B24,22,purging,52,14781,2881,2863,8038,9513,2880,8573,15770,15368,15043,,
3834196,D-TEM,dark,Arabika Temanggung Mukidi,B24,22,purging,53,14778,2882,2866,8038,9511,2883,8572,15767,15367,15041,,
3835196,D-TEM,dark,Arabika Temanggung Mukidi,B24,22,purging,54,14775,2883,2865,8037,9510,2883,8572,15766,15364,15040,,
3836196,D-TEM,dark,Arabika Temanggung Mukidi,B24,22,purging,55,14771,2881,2867,8037,9508,2880,8572,15764,15362,15039,,
3837196,D-TEM,dark,Arabika Temanggung Mukidi,B24,22,purging,56,14767,2881,2865,8037,9506,2880,8572,15762,15360,15038,,
3838196,D-TEM,dark,Arabika Temanggung Mukidi,B24,22,purging,57,14764,2881,2868,8036,9504,2880,8572,15760,15358,15038,,
3839196,D-TEM,dark,Arabika Temanggung Mukidi,B24,22,purging,58,14761,2882,2865,8035,9503,2880,8571,15759,15356,15038,,
3840196,D-TEM,dark,Arabika Temanggung Mukidi,B24,22,purging,59,14759,2881,2863,8035,9502,2883,8571,15758,15355,15037,,
3841197,D-TEM,dark,Arabika Temanggung Mukidi,B24,22,purging,60,14756,2882,2863,8035,9501,2880,8571,15757,15353,15035,,
3842196,D-TEM,dark,Arabika Temanggung Mukidi,B24,22,purging,61,14754,2883,2866,8034,9498,2883,8570,15756,15351,15032,,
3843196,D-TEM,dark,Arabika Temanggung Mukidi,B24,22,purging,62,14752,2882,2867,8034,9495,2883,8567,15753,15348,15029,,
3844196,D-TEM,dark,Arabika Temanggung Mukidi,B24,22,purging,63,14750,2881,2866,8034,9492,2880,8565,15751,15344,15027,,
3845196,D-TEM,dark,Arabika Temanggung Mukidi,B24,22,purging,64,14747,2881,2864,8033,9489,2885,8563,15749,15341,15024,,
3846196,D-TEM,dark,Arabika Temanggung Mukidi,B24,22,purging,65,14745,2882,2864,8033,9485,2880,8561,15747,15338,15022,,
3847196,D-TEM,dark,Arabika Temanggung Mukidi,B24,22,purging,66,14741,2883,2864,8032,9482,2880,8560,15745,15335,15022,,
3848197,D-TEM,dark,Arabika Temanggung Mukidi,B24,22,purging,67,14738,2882,2865,8032,9480,2883,8560,15743,15332,15021,,
3849196,D-TEM,dark,Arabika Temanggung Mukidi,B24,22,purging,68,14735,2881,2866,8031,9477,2880,8560,15742,15330,15019,,
3850196,D-TEM,dark,Arabika Temanggung Mukidi,B24,22,purging,69,14732,2879,2866,8031,9476,2880,8560,15741,15328,15018,,
3851196,D-TEM,dark,Arabika Temanggung Mukidi,B24,22,purging,70,14729,2881,2866,8030,9474,2880,8560,15740,15326,15018,,
3852196,D-TEM,dark,Arabika Temanggung Mukidi,B24,22,purging,71,14728,2881,2866,8030,9474,2885,8561,15740,15324,15018,,
3853196,D-TEM,dark,Arabika Temanggung Mukidi,B24,22,purging,72,14726,2881,2865,8030,9472,2885,8560,15739,15323,15018,,
3854196,D-TEM,dark,Arabika Temanggung Mukidi,B24,22,purging,73,14725,2883,2863,8029,9472,2880,8560,15738,15322,15017,,
3855196,D-TEM,dark,Arabika Temanggung Mukidi,B24,22,purging,74,14723,2881,2864,8029,9471,2880,8560,15737,15320,15016,,
3856196,D-TEM,dark,Arabika Temanggung Mukidi,B24,22,purging,75,14721,2882,2866,8029,9470,2880,8560,15737,15319,15015,,
3857197,D-TEM,dark,Arabika Temanggung Mukidi,B24,22,purging,76,14720,2884,2865,8028,9468,2880,8560,15735,15317,15014,,
3858196,D-TEM,dark,Arabika Temanggung Mukidi,B24,22,purging,77,14719,2881,2865,8028,9466,2880,8559,15733,15315,15013,,
3859196,D-TEM,dark,Arabika Temanggung Mukidi,B24,22,purging,78,14717,2881,2865,8027,9464,2883,8559,15731,15313,15012,,
3860196,D-TEM,dark,Arabika Temanggung Mukidi,B24,22,purging,79,14715,2883,2867,8027,9462,2880,8558,15730,15311,15009,,
3861196,D-TEM,dark,Arabika Temanggung Mukidi,B24,22,purging,80,14713,2881,2868,8027,9460,2885,8557,15729,15309,15008,,
3862196,D-TEM,dark,Arabika Temanggung Mukidi,B24,22,purging,81,14711,2883,2866,8026,9458,2880,8555,15728,15307,15007,,
3863196,D-TEM,dark,Arabika Temanggung Mukidi,B24,22,purging,82,14709,2883,2864,8026,9455,2880,8554,15727,15304,15005,,
3864197,D-TEM,dark,Arabika Temanggung Mukidi,B24,22,purging,83,14707,2881,2867,8026,9452,2880,8553,15726,15302,15004,,
3865196,D-TEM,dark,Arabika Temanggung Mukidi,B24,22,purging,84,14705,2879,2866,8025,9450,2880,8552,15725,15299,15002,,
3866196,D-TEM,dark,Arabika Temanggung Mukidi,B24,22,purging,85,14703,2883,2868,8024,9448,2880,8551,15722,15297,15000,,
3867196,D-TEM,dark,Arabika Temanggung Mukidi,B24,22,purging,86,14700,2883,2865,8025,9446,2883,8550,15720,15294,14999,,
3868196,D-TEM,dark,Arabika Temanggung Mukidi,B24,22,purging,87,14699,2881,2866,8024,9444,2880,8549,15718,15291,14998,,
3869196,D-TEM,dark,Arabika Temanggung Mukidi,B24,22,purging,88,14696,2882,2865,8024,9442,2883,8549,15717,15289,14996,,
3870196,D-TEM,dark,Arabika Temanggung Mukidi,B24,22,purging,89,14695,2884,2866,8023,9439,2880,8548,15716,15287,14995,,
3871196,D-TEM,dark,Arabika Temanggung Mukidi,B24,22,purging,90,14692,2881,2866,8023,9437,2880,8547,15714,15283,14994,,
3872196,D-TEM,dark,Arabika Temanggung Mukidi,B24,22,purging,91,14690,2881,2867,8023,9435,2885,8546,15712,15281,14992,,
3873197,D-TEM,dark,Arabika Temanggung Mukidi,B24,22,purging,92,14688,2882,2865,8022,9433,2880,8545,15711,15279,14991,,
3874196,D-TEM,dark,Arabika Temanggung Mukidi,B24,22,purging,93,14686,2883,2866,8022,9430,2880,8545,15711,15276,14990,,
3875196,D-TEM,dark,Arabika Temanggung Mukidi,B24,22,purging,94,14683,2879,2863,8021,9427,2880,8543,15709,15274,14987,,
3876196,D-TEM,dark,Arabika Temanggung Mukidi,B24,22,purging,95,14680,2881,2865,8022,9424,2880,8542,15705,15269,14985,,
3877196,D-TEM,dark,Arabika Temanggung Mukidi,B24,22,purging,96,14677,2881,2865,8021,9420,2880,8540,15702,15265,14982,,
3878196,D-TEM,dark,Arabika Temanggung Mukidi,B24,22,purging,97,14675,2882,2867,8020,9415,2883,8538,15698,15260,14979,,
3879196,D-TEM,dark,Arabika Temanggung Mukidi,B24,22,purging,98,14673,2881,2864,8020,9412,2883,8536,15695,15255,14977,,
3880197,D-TEM,dark,Arabika Temanggung Mukidi,B24,22,purging,99,14671,2882,2866,8020,9409,2880,8535,15694,15252,14974,,
3881196,D-TEM,dark,Arabika Temanggung Mukidi,B24,22,purging,100,14668,2884,2866,8019,9406,2880,8534,15692,15249,14972,,
3882196,D-TEM,dark,Arabika Temanggung Mukidi,B24,22,purging,101,14666,2884,2866,8019,9403,2880,8533,15689,15245,14971,,
3883196,D-TEM,dark,Arabika Temanggung Mukidi,B24,22,purging,102,14664,2881,2865,8019,9400,2880,8533,15688,15243,14970,,
3884196,D-TEM,dark,Arabika Temanggung Mukidi,B24,22,purging,103,14662,2880,2865,8019,9398,2880,8532,15688,15240,14968,,
3885196,D-TEM,dark,Arabika Temanggung Mukidi,B24,22,purging,104,14660,2881,2867,8018,9397,2885,8532,15687,15238,14967,,
3886196,D-TEM,dark,Arabika Temanggung Mukidi,B24,22,purging,105,14658,2881,2865,8018,9395,2880,8531,15686,15236,14966,,
3887196,D-TEM,dark,Arabika Temanggung Mukidi,B24,22,purging,106,14655,2881,2862,8017,9393,2883,8530,15686,15233,14964,,
3888196,D-TEM,dark,Arabika Temanggung Mukidi,B24,22,purging,107,14653,2881,2864,8016,9391,2880,8529,15684,15231,14963,,
3889197,D-TEM,dark,Arabika Temanggung Mukidi,B24,22,purging,108,14651,2881,2866,8016,9389,2885,8528,15682,15228,14960,,
3890196,D-TEM,dark,Arabika Temanggung Mukidi,B24,22,purging,109,14649,2880,2867,8016,9386,2880,8527,15680,15225,14958,,
3891196,D-TEM,dark,Arabika Temanggung Mukidi,B24,22,purging,110,14648,2881,2865,8015,9383,2883,8526,15679,15222,14956,,
3892196,D-TEM,dark,Arabika Temanggung Mukidi,B24,22,purging,111,14646,2881,2865,8014,9379,2885,8526,15676,15218,14954,,
3893196,D-TEM,dark,Arabika Temanggung Mukidi,B24,22,purging,112,14643,2881,2864,8014,9377,2880,8525,15674,15216,14954,,
3894196,D-TEM,dark,Arabika Temanggung Mukidi,B24,22,purging,113,14642,2881,2866,8014,9375,2883,8525,15673,15214,14954,,
3895196,D-TEM,dark,Arabika Temanggung Mukidi,B24,22,purging,114,14640,2884,2865,8013,9374,2883,8525,15672,15211,14953,,
3896197,D-TEM,dark,Arabika Temanggung Mukidi,B24,22,purging,115,14639,2883,2866,8013,9372,2880,8525,15671,15209,14953,,
3897196,D-TEM,dark,Arabika Temanggung Mukidi,B24,22,purging,116,14638,2881,2863,8012,9371,2883,8525,15671,15209,14952,,
3898196,D-TEM,dark,Arabika Temanggung Mukidi,B24,22,purging,117,14637,2881,2864,8012,9371,2880,8525,15670,15208,14952,,
3899196,D-TEM,dark,Arabika Temanggung Mukidi,B24,22,purging,118,14636,2882,2866,8012,9370,2883,8525,15669,15206,14952,,
3900196,D-TEM,dark,Arabika Temanggung Mukidi,B24,22,purging,119,14635,2881,2870,8012,9370,2883,8526,15670,15205,14951,,
3901196,D-TEM,dark,Arabika Temanggung Mukidi,B24,22,purging,120,14634,2881,2864,8011,9370,2880,8526,15670,15204,14951,,
3902200,D-TEM,dark,Arabika Temanggung Mukidi,B24,22,collecting,1,14633,2883,2866,8010,9370,2883,8527,15669,15203,14951,,
3903196,D-TEM,dark,Arabika Temanggung Mukidi,B24,22,collecting,2,14632,2881,2866,8008,9366,2880,8524,15668,15201,14949,,
3904196,D-TEM,dark,Arabika Temanggung Mukidi,B24,22,collecting,3,14712,2883,2866,8006,9372,2880,8531,15676,15206,14977,,
3905197,D-TEM,dark,Arabika Temanggung Mukidi,B24,22,collecting,4,14926,2882,2866,8006,9398,2880,8548,15733,15244,15023,,
3906196,D-TEM,dark,Arabika Temanggung Mukidi,B24,22,collecting,5,15185,2884,2870,8006,9441,2885,8564,15832,15314,15076,,
3907196,D-TEM,dark,Arabika Temanggung Mukidi,B24,22,collecting,6,15434,2882,2867,8006,9486,2880,8573,15942,15397,15129,,
3908196,D-TEM,dark,Arabika Temanggung Mukidi,B24,22,collecting,7,15652,2882,2864,8006,9527,2880,8577,16042,15480,15179,,
3909196,D-TEM,dark,Arabika Temanggung Mukidi,B24,22,collecting,8,15835,2883,2868,8007,9562,2880,8579,16129,15556,15221,,
3910196,D-TEM,dark,Arabika Temanggung Mukidi,B24,22,collecting,9,15987,2882,2866,8007,9592,2883,8580,16198,15623,15258,,
3911196,D-TEM,dark,Arabika Temanggung Mukidi,B24,22,collecting,10,16111,2883,2864,8007,9617,2880,8579,16256,15679,15289,,
3912197,D-TEM,dark,Arabika Temanggung Mukidi,B24,22,collecting,11,16212,2886,2864,8007,9638,2880,8578,16302,15728,15314,,
3913196,D-TEM,dark,Arabika Temanggung Mukidi,B24,22,collecting,12,16292,2883,2868,8007,9654,2885,8577,16340,15768,15334,,
3914196,D-TEM,dark,Arabika Temanggung Mukidi,B24,22,collecting,13,16356,2883,2863,8007,9667,2880,8575,16369,15800,15350,,
3915196,D-TEM,dark,Arabika Temanggung Mukidi,B24,22,collecting,14,16406,2882,2866,8007,9678,2880,8574,16392,15827,15363,,
3916196,D-TEM,dark,Arabika Temanggung Mukidi,B24,22,collecting,15,16446,2884,2864,8006,9686,2880,8572,16410,15848,15375,,
3917196,D-TEM,dark,Arabika Temanggung Mukidi,B24,22,collecting,16,16477,2883,2866,8006,9694,2880,8571,16424,15864,15384,,
3918196,D-TEM,dark,Arabika Temanggung Mukidi,B24,22,collecting,17,16501,2882,2866,8006,9700,2880,8570,16434,15878,15391,,
3919196,D-TEM,dark,Arabika Temanggung Mukidi,B24,22,collecting,18,16519,2881,2866,8006,9705,2883,8568,16442,15888,15397,,
3920196,D-TEM,dark,Arabika Temanggung Mukidi,B24,22,collecting,19,16531,2883,2867,8006,9708,2880,8567,16448,15896,15402,,
3921197,D-TEM,dark,Arabika Temanggung Mukidi,B24,22,collecting,20,16539,2881,2866,8005,9711,2880,8565,16452,15902,15405,,
3922196,D-TEM,dark,Arabika Temanggung Mukidi,B24,22,collecting,21,16543,2886,2866,8005,9713,2880,8564,16454,15906,15407,,
3923196,D-TEM,dark,Arabika Temanggung Mukidi,B24,22,collecting,22,16543,2884,2865,8005,9714,2883,8562,16455,15909,15407,,
3924196,D-TEM,dark,Arabika Temanggung Mukidi,B24,22,collecting,23,16540,2883,2864,8005,9714,2880,8561,16456,15910,15407,,
3925196,D-TEM,dark,Arabika Temanggung Mukidi,B24,22,collecting,24,16535,2881,2866,8004,9714,2880,8559,16453,15909,15406,,
3926196,D-TEM,dark,Arabika Temanggung Mukidi,B24,22,collecting,25,16528,2883,2865,8004,9713,2883,8558,16451,15908,15405,,
3927196,D-TEM,dark,Arabika Temanggung Mukidi,B24,22,collecting,26,16519,2885,2866,8004,9713,2880,8556,16447,15906,15403,,
3928197,D-TEM,dark,Arabika Temanggung Mukidi,B24,22,collecting,27,16509,2883,2868,8004,9711,2880,8555,16443,15902,15401,,
3929196,D-TEM,dark,Arabika Temanggung Mukidi,B24,22,collecting,28,16499,2884,2864,8004,9709,2880,8553,16439,15899,15399,,
3930196,D-TEM,dark,Arabika Temanggung Mukidi,B24,22,collecting,29,16487,2883,2865,8003,9707,2880,8552,16435,15895,15397,,
3931196,D-TEM,dark,Arabika Temanggung Mukidi,B24,22,collecting,30,16475,2884,2866,8003,9705,2883,8550,16430,15891,15394,,
3932196,D-TEM,dark,Arabika Temanggung Mukidi,B24,22,collecting,31,16462,2881,2866,8003,9703,2880,8549,16425,15886,15390,,
3933196,D-TEM,dark,Arabika Temanggung Mukidi,B24,22,collecting,32,16449,2883,2865,8003,9701,2883,8549,16420,15881,15387,,
3934196,D-TEM,dark,Arabika Temanggung Mukidi,B24,22,collecting,33,16435,2883,2865,8003,9698,2880,8548,16415,15876,15384,,
3935196,D-TEM,dark,Arabika Temanggung Mukidi,B24,22,collecting,34,16421,2883,2866,8003,9695,2880,8546,16409,15870,15380,,
3936196,D-TEM,dark,Arabika Temanggung Mukidi,B24,22,collecting,35,16408,2881,2866,8002,9692,2883,8545,16404,15865,15376,,
3937197,D-TEM,dark,Arabika Temanggung Mukidi,B24,22,collecting,36,16395,2883,2863,8002,9690,2885,8544,16398,15860,15373,,
3938196,D-TEM,dark,Arabika Temanggung Mukidi,B24,22,collecting,37,16382,2881,2864,8002,9688,2885,8543,16393,15855,15370,,
3939196,D-TEM,dark,Arabika Temanggung Mukidi,B24,22,collecting,38,16370,2881,2866,8002,9687,2880,8542,16388,15849,15368,,
3940196,D-TEM,dark,Arabika Temanggung Mukidi,B24,22,collecting,39,16359,2883,2866,8001,9684,2880,8542,16385,15845,15365,,
3941196,D-TEM,dark,Arabika Temanggung Mukidi,B24,22,collecting,40,16348,2883,2866,8001,9683,2880,8542,16381,15841,15362,,
3942196,D-TEM,dark,Arabika Temanggung Mukidi,B24,22,collecting,41,16339,2881,2866,8001,9681,2880,8541,16378,15838,15359,,
3943196,D-TEM,dark,Arabika Temanggung Mukidi,B24,22,collecting,42,16328,2882,2866,8001,9679,2883,8540,16375,15834,15356,,
3944197,D-TEM,dark,Arabika Temanggung Mukidi,B24,22,collecting,43,16319,2883,2866,8001,9677,2883,8539,16371,15830,15354,,
3945196,D-TEM,dark,Arabika Temanggung Mukidi,B24,22,collecting,44,16307,2883,2866,8001,9676,2885,8539,16368,15826,15351,,
3946196,D-TEM,dark,Arabika Temanggung Mukidi,B24,22,collecting,45,16296,2881,2866,8000,9673,2880,8538,16363,15822,15348,,
3947196,D-TEM,dark,Arabika Temanggung Mukidi,B24,22,collecting,46,16284,2881,2866,8000,9671,2880,8537,16358,15817,15345,,
3948196,D-TEM,dark,Arabika Temanggung Mukidi,B24,22,collecting,47,16274,2881,2866,8000,9670,2880,8537,16354,15812,15342,,
3949196,D-TEM,dark,Arabika Temanggung Mukidi,B24,22,collecting,48,16264,2883,2868,8000,9668,2883,8536,16351,15807,15339,,
3950196,D-TEM,dark,Arabika Temanggung Mukidi,B24,22,collecting,49,16254,2883,2865,8000,9667,2880,8536,16346,15803,15335,,
3951196,D-TEM,dark,Arabika Temanggung Mukidi,B24,22,collecting,50,16244,2883,2866,7999,9664,2883,8535,16342,15798,15332,,
3952196,D-TEM,dark,Arabika Temanggung Mukidi,B24,22,collecting,51,16235,2883,2865,7999,9663,2880,8535,16338,15795,15329,,
3953197,D-TEM,dark,Arabika Temanggung Mukidi,B24,22,collecting,52,16227,2886,2863,7999,9661,2885,8534,16336,15791,15326,,
3954196,D-TEM,dark,Arabika Temanggung Mukidi,B24,22,collecting,53,16218,2882,2865,7999,9659,2880,8534,16333,15787,15324,,
3955196,D-TEM,dark,Arabika Temanggung Mukidi,B24,22,collecting,54,16210,2886,2866,7999,9658,2880,8534,16331,15783,15322,,
3956196,D-TEM,dark,Arabika Temanggung Mukidi,B24,22,collecting,55,16203,2883,2868,7998,9657,2883,8533,16327,15781,15319,,
3957196,D-TEM,dark,Arabika Temanggung Mukidi,B24,22,collecting,56,16196,2883,2866,7998,9655,2880,8533,16324,15777,15317,,
3958196,D-TEM,dark,Arabika Temanggung Mukidi,B24,22,collecting,57,16189,2881,2866,7998,9654,2880,8533,16321,15773,15316,,
3959196,D-TEM,dark,Arabika Temanggung Mukidi,B24,22,collecting,58,16182,2881,2870,7998,9653,2880,8532,16318,15770,15314,,
3960197,D-TEM,dark,Arabika Temanggung Mukidi,B24,22,collecting,59,16176,2883,2866,7998,9652,2885,8532,16315,15767,15312,,
3961196,D-TEM,dark,Arabika Temanggung Mukidi,B24,22,collecting,60,16169,2886,2868,7997,9650,2880,8531,16313,15764,15310,,
3962201,D-TEM,dark,Arabika Temanggung Mukidi,B24,23,purging,1,16164,2881,2863,7997,9649,2880,8531,16310,15761,15309,,
3963196,D-TEM,dark,Arabika Temanggung Mukidi,B24,23,purging,2,16159,2886,2865,7999,9651,2883,8533,16310,15760,15313,,
3964196,D-TEM,dark,Arabika Temanggung Mukidi,B24,23,purging,3,16134,2886,2864,8000,9654,2880,8539,16306,15757,15312,,
3965196,D-TEM,dark,Arabika Temanggung Mukidi,B24,23,purging,4,16087,2881,2865,8000,9656,2880,8546,16291,15750,15306,,
3966196,D-TEM,dark,Arabika Temanggung Mukidi,B24,23,purging,5,16026,2886,2865,8000,9656,2880,8554,16266,15738,15297,,
3967196,D-TEM,dark,Arabika Temanggung Mukidi,B24,23,purging,6,15957,2884,2866,8000,9653,2880,8560,16238,15721,15286,,
3968196,D-TEM,dark,Arabika Temanggung Mukidi,B24,23,purging,7,15886,2881,2866,7999,9651,2880,8567,16208,15702,15276,,
3969197,D-TEM,dark,Arabika Temanggung Mukidi,B24,23,purging,8,15813,2885,2866,7999,9647,2883,8573,16179,15683,15265,,
3970196,D-TEM,dark,Arabika Temanggung Mukidi,B24,23,purging,9,15741,2884,2863,7998,9643,2883,8578,16153,15664,15253,,
3971196,D-TEM,dark,Arabika Temanggung Mukidi,B24,23,purging,10,15672,2882,2865,7998,9640,2883,8581,16127,15646,15243,,
3972196,D-TEM,dark,Arabika Temanggung Mukidi,B24,23,purging,11,15607,2882,2866,7997,9636,2883,8585,16105,15628,15233,,
3973196,D-TEM,dark,Arabika Temanggung Mukidi,B24,23,purging,12,15545,2884,2866,7997,9631,2880,8589,16084,15613,15224,,
3974196,D-TEM,dark,Arabika Temanggung Mukidi,B24,23,purging,13,15487,2883,2866,7996,9628,2883,8592,16066,15599,15216,,
3975196,D-TEM,dark,Arabika Temanggung Mukidi,B24,23,purging,14,15434,2884,2865,7996,9624,2880,8595,16049,15586,15209,,
3976197,D-TEM,dark,Arabika Temanggung Mukidi,B24,23,purging,15,15383,2884,2867,7996,9621,2880,8597,16034,15574,15201,,
3977196,D-TEM,dark,Arabika Temanggung Mukidi,B24,23,purging,16,15336,2882,2864,7995,9617,2880,8599,16020,15562,15194,,
3978196,D-TEM,dark,Arabika Temanggung Mukidi,B24,23,purging,17,15294,2880,2867,7995,9614,2880,8600,16006,15551,15187,,
3979196,D-TEM,dark,Arabika Temanggung Mukidi,B24,23,purging,18,15255,2881,2866,7994,9610,2885,8601,15993,15541,15180,,
3980196,D-TEM,dark,Arabika Temanggung Mukidi,B24,23,purging,19,15219,2882,2868,7994,9607,2883,8602,15982,15531,15174,,
3981196,D-TEM,dark,Arabika Temanggung Mukidi,B24,23,purging,20,15186,2882,2870,7994,9605,2880,8602,15971,15522,15169,,
3982196,D-TEM,dark,Arabika Temanggung Mukidi,B24,23,purging,21,15155,2881,2867,7993,9602,2880,8602,15962,15514,15163,,
3983196,D-TEM,dark,Arabika Temanggung Mukidi,B24,23,purging,22,15127,2880,2866,7993,9599,2880,8604,15952,15506,15160,,
3984196,D-TEM,dark,Arabika Temanggung Mukidi,B24,23,purging,23,15101,2882,2866,7992,9598,2880,8606,15945,15500,15158,,
3985197,D-TEM,dark,Arabika Temanggung Mukidi,B24,23,purging,24,15075,2884,2866,7992,9597,2880,8610,15938,15494,15156,,
3986196,D-TEM,dark,Arabika Temanggung Mukidi,B24,23,purging,25,15051,2882,2870,7992,9598,2880,8614,15932,15490,15155,,
3987196,D-TEM,dark,Arabika Temanggung Mukidi,B24,23,purging,26,15029,2882,2866,7992,9599,2883,8618,15926,15486,15153,,
3988196,D-TEM,dark,Arabika Temanggung Mukidi,B24,23,purging,27,15008,2882,2866,7991,9600,2883,8621,15921,15482,15151,,
3989196,D-TEM,dark,Arabika Temanggung Mukidi,B24,23,purging,28,14990,2881,2864,7991,9601,2880,8623,15915,15478,15149,,
3990196,D-TEM,dark,Arabika Temanggung Mukidi,B24,23,purging,29,14972,2885,2865,7991,9601,2880,8625,15909,15474,15147,,
3991196,D-TEM,dark,Arabika Temanggung Mukidi,B24,23,purging,30,14955,2884,2866,7990,9601,2885,8627,15903,15471,15145,,
3992197,D-TEM,dark,Arabika Temanggung Mukidi,B24,23,purging,31,14938,2881,2870,7990,9600,2880,8628,15898,15466,15142,,
3993196,D-TEM,dark,Arabika Temanggung Mukidi,B24,23,purging,32,14924,2881,2864,7990,9599,2880,8630,15893,15463,15141,,
3994196,D-TEM,dark,Arabika Temanggung Mukidi,B24,23,purging,33,14909,2883,2866,7989,9598,2880,8632,15887,15460,15141,,
3995196,D-TEM,dark,Arabika Temanggung Mukidi,B24,23,purging,34,14895,2882,2866,7989,9599,2883,8634,15883,15457,15140,,
3996196,D-TEM,dark,Arabika Temanggung Mukidi,B24,23,purging,35,14882,2881,2866,7989,9599,2880,8637,15879,15454,15138,,
3997196,D-TEM,dark,Arabika Temanggung Mukidi,B24,23,purging,36,14870,2884,2866,7989,9599,2880,8639,15875,15451,15136,,
3998196,D-TEM,dark,Arabika Temanggung Mukidi,B24,23,purging,37,14859,2881,2866,7989,9598,2880,8639,15871,15448,15134,,
3999196,D-TEM,dark,Arabika Temanggung Mukidi,B24,23,purging,38,14848,2884,2866,7989,9598,2880,8640,15867,15445,15132,,
4000196,D-TEM,dark,Arabika Temanggung Mukidi,B24,23,purging,39,14837,2883,2866,7989,9597,2880,8641,15862,15442,15132,,
4001197,D-TEM,dark,Arabika Temanggung Mukidi,B24,23,purging,40,14826,2879,2870,7989,9596,2880,8642,15858,15439,15129,,
4002196,D-TEM,dark,Arabika Temanggung Mukidi,B24,23,purging,41,14816,2881,2866,7988,9595,2880,8643,15855,15436,15129,,
4003196,D-TEM,dark,Arabika Temanggung Mukidi,B24,23,purging,42,14807,2882,2869,7988,9595,2883,8644,15850,15433,15128,,
4004196,D-TEM,dark,Arabika Temanggung Mukidi,B24,23,purging,43,14798,2881,2866,7988,9594,2883,8646,15848,15431,15127,,
4005196,D-TEM,dark,Arabika Temanggung Mukidi,B24,23,purging,44,14789,2882,2866,7988,9594,2883,8647,15844,15428,15126,,
4006196,D-TEM,dark,Arabika Temanggung Mukidi,B24,23,purging,45,14781,2883,2866,7988,9594,2880,8647,15841,15425,15123,,
4007196,D-TEM,dark,Arabika Temanggung Mukidi,B24,23,purging,46,14774,2881,2866,7989,9593,2880,8647,15837,15422,15122,,
4008197,D-TEM,dark,Arabika Temanggung Mukidi,B24,23,purging,47,14766,2881,2866,7988,9592,2880,8648,15834,15419,15123,,
4009196,D-TEM,dark,Arabika Temanggung Mukidi,B24,23,purging,48,14758,2881,2864,7988,9592,2883,8651,15831,15418,15125,,
4010196,D-TEM,dark,Arabika Temanggung Mukidi,B24,23,purging,49,14749,2881,2867,7988,9594,2883,8656,15829,15416,15127,,
4011196,D-TEM,dark,Arabika Temanggung Mukidi,B24,23,purging,50,14739,2880,2867,7988,9596,2883,8660,15826,15416,15129,,
4012196,D-TEM,dark,Arabika Temanggung Mukidi,B24,23,purging,51,14729,2881,2866,7988,9598,2880,8665,15823,15415,15131,,
4013196,D-TEM,dark,Arabika Temanggung Mukidi,B24,23,purging,52,14720,2883,2866,7988,9601,2880,8670,15821,15415,15133,,
4014196,D-TEM,dark,Arabika Temanggung Mukidi,B24,23,purging,53,14711,2884,2868,7988,9604,2885,8675,15820,15415,15136,,
4015196,D-TEM,dark,Arabika Temanggung Mukidi,B24,23,purging,54,14703,2884,2868,7989,9608,2883,8680,15818,15415,15138,,
4016196,D-TEM,dark,Arabika Temanggung Mukidi,B24,23,purging,55,14695,2881,2866,7988,9611,2880,8684,15816,15416,15139,,
4017197,D-TEM,dark,Arabika Temanggung Mukidi,B24,23,purging,56,14687,2881,2868,7989,9614,2880,8688,15815,15416,15140,,
4018196,D-TEM,dark,Arabika Temanggung Mukidi,B24,23,purging,57,14679,2885,2868,7989,9617,2880,8691,15813,15416,15140,,
4019196,D-TEM,dark,Arabika Temanggung Mukidi,B24,23,purging,58,14673,2882,2867,7989,9619,2880,8693,15810,15416,15140,,
4020196,D-TEM,dark,Arabika Temanggung Mukidi,B24,23,purging,59,14666,2880,2866,7989,9620,2883,8695,15808,15415,15141,,
4021196,D-TEM,dark,Arabika Temanggung Mukidi,B24,23,purging,60,14659,2881,2864,7989,9621,2883,8697,15806,15415,15141,,
4022196,D-TEM,dark,Arabika Temanggung Mukidi,B24,23,purging,61,14654,2882,2866,7990,9623,2883,8698,15806,15415,15141,,
4023196,D-TEM,dark,Arabika Temanggung Mukidi,B24,23,purging,62,14649,2884,2867,7990,9623,2880,8699,15803,15414,15140,,
4024197,D-TEM,dark,Arabika Temanggung Mukidi,B24,23,purging,63,14646,2882,2865,7990,9623,2880,8699,15801,15413,15139,,
4025196,D-TEM,dark,Arabika Temanggung Mukidi,B24,23,purging,64,14642,2884,2865,7990,9623,2883,8698,15799,15412,15138,,
4026196,D-TEM,dark,Arabika Temanggung Mukidi,B24,23,purging,65,14639,2884,2866,7990,9621,2885,8697,15796,15410,15136,,
4027196,D-TEM,dark,Arabika Temanggung Mukidi,B24,23,purging,66,14637,2881,2864,7990,9620,2883,8696,15794,15408,15135,,
4028196,D-TEM,dark,Arabika Temanggung Mukidi,B24,23,purging,67,14635,2882,2865,7990,9619,2880,8694,15793,15407,15133,,
4029196,D-TEM,dark,Arabika Temanggung Mukidi,B24,23,purging,68,14632,2881,2867,7991,9617,2880,8693,15791,15404,15131,,
4030196,D-TEM,dark,Arabika Temanggung Mukidi,B24,23,purging,69,14630,2885,2865,7991,9615,2880,8691,15788,15402,15130,,
4031196,D-TEM,dark,Arabika Temanggung Mukidi,B24,23,purging,70,14629,2881,2864,7990,9613,2880,8690,15787,15401,15128,,
4032196,D-TEM,dark,Arabika Temanggung Mukidi,B24,23,purging,71,14627,2881,2865,7990,9611,2880,8689,15784,15399,15128,,
4033197,D-TEM,dark,Arabika Temanggung Mukidi,B24,23,purging,72,14625,2881,2868,7990,9610,2883,8687,15784,15397,15127,,
4034196,D-TEM,dark,Arabika Temanggung Mukidi,B24,23,purging,73,14624,2884,2866,7990,9608,2883,8687,15782,15396,15127,,
4035196,D-TEM,dark,Arabika Temanggung Mukidi,B24,23,purging,74,14622,2884,2866,7991,9607,2880,8685,15782,15394,15126,,
4036196,D-TEM,dark,Arabika Temanggung Mukidi,B24,23,purging,75,14622,2880,2866,7991,9605,2880,8685,15779,15392,15124,,
4037196,D-TEM,dark,Arabika Temanggung Mukidi,B24,23,purging,76,14621,2881,2870,7990,9603,2880,8684,15778,15390,15124,,
4038196,D-TEM,dark,Arabika Temanggung Mukidi,B24,23,purging,77,14620,2881,2866,7991,9602,2880,8683,15777,15390,15125,,
4039196,D-TEM,dark,Arabika Temanggung Mukidi,B24,23,purging,78,14619,2883,2866,7991,9602,2880,8683,15776,15389,15124,,
4040197,D-TEM,dark,Arabika Temanggung Mukidi,B24,23,purging,79,14618,2884,2866,7991,9602,2880,8684,15775,15388,15126,,
4041196,D-TEM,dark,Arabika Temanggung Mukidi,B24,23,purging,80,14615,2881,2864,7991,9602,2885,8687,15774,15388,15129,,
4042196,D-TEM,dark,Arabika Temanggung Mukidi,B24,23,purging,81,14611,2880,2866,7991,9604,2885,8690,15774,15388,15132,,
4043196,D-TEM,dark,Arabika Temanggung Mukidi,B24,23,purging,82,14606,2883,2869,7991,9606,2885,8694,15774,15388,15134,,
4044196,D-TEM,dark,Arabika Temanggung Mukidi,B24,23,purging,83,14600,2884,2869,7991,9609,2883,8699,15773,15389,15135,,
4045196,D-TEM,dark,Arabika Temanggung Mukidi,B24,23,purging,84,14596,2881,2869,7991,9611,2880,8702,15773,15389,15136,,
4046196,D-TEM,dark,Arabika Temanggung Mukidi,B24,23,purging,85,14592,2886,2864,7991,9612,2880,8704,15773,15389,15136,,
4047196,D-TEM,dark,Arabika Temanggung Mukidi,B24,23,purging,86,14589,2885,2866,7991,9613,2885,8705,15772,15389,15138,,
4048196,D-TEM,dark,Arabika Temanggung Mukidi,B24,23,purging,87,14585,2884,2866,7992,9614,2880,8707,15772,15390,15140,,
4049197,D-TEM,dark,Arabika Temanggung Mukidi,B24,23,purging,88,14581,2882,2868,7992,9616,2883,8710,15772,15391,15144,,
4050196,D-TEM,dark,Arabika Temanggung Mukidi,B24,23,purging,89,14579,2882,2868,7992,9619,2883,8714,15772,15393,15146,,
4051196,D-TEM,dark,Arabika Temanggung Mukidi,B24,23,purging,90,14576,2884,2866,7992,9622,2883,8718,15772,15395,15150,,
4052196,D-TEM,dark,Arabika Temanggung Mukidi,B24,23,purging,91,14573,2882,2867,7992,9626,2880,8722,15773,15398,15152,,
4053196,D-TEM,dark,Arabika Temanggung Mukidi,B24,23,purging,92,14571,2883,2866,7992,9630,2880,8724,15776,15401,15154,,
4054196,D-TEM,dark,Arabika Temanggung Mukidi,B24,23,purging,93,14570,2883,2866,7993,9632,2880,8726,15776,15402,15156,,
4055196,D-TEM,dark,Arabika Temanggung Mukidi,B24,23,purging,94,14568,2882,2870,7993,9633,2880,8727,15775,15404,15157,,
4056197,D-TEM,dark,Arabika Temanggung Mukidi,B24,23,purging,95,14567,2879,2866,7993,9634,2880,8728,15775,15405,15160,,
4057196,D-TEM,dark,Arabika Temanggung Mukidi,B24,23,purging,96,14565,2884,2865,7994,9637,2883,8730,15776,15407,15162,,
4058196,D-TEM,dark,Arabika Temanggung Mukidi,B24,23,purging,97,14565,2884,2866,7994,9640,2880,8732,15778,15411,15165,,
4059196,D-TEM,dark,Arabika Temanggung Mukidi,B24,23,purging,98,14564,2885,2863,7994,9642,2883,8733,15779,15413,15166,,
4060196,D-TEM,dark,Arabika Temanggung Mukidi,B24,23,purging,99,14563,2882,2867,7995,9644,2881,8735,15780,15415,15168,,
4061196,D-TEM,dark,Arabika Temanggung Mukidi,B24,23,purging,100,14564,2882,2866,7995,9645,2883,8736,15781,15417,15169,,
4062196,D-TEM,dark,Arabika Temanggung Mukidi,B24,23,purging,101,14565,2882,2868,7995,9647,2880,8736,15782,15419,15171,,
4063196,D-TEM,dark,Arabika Temanggung Mukidi,B24,23,purging,102,14567,2885,2866,7995,9648,2880,8736,15784,15422,15173,,
4064196,D-TEM,dark,Arabika Temanggung Mukidi,B24,23,purging,103,14568,2883,2865,7996,9650,2883,8735,15784,15424,15175,,
4065197,D-TEM,dark,Arabika Temanggung Mukidi,B24,23,purging,104,14568,2882,2866,7996,9651,2880,8736,15785,15426,15176,,
4066196,D-TEM,dark,Arabika Temanggung Mukidi,B24,23,purging,105,14569,2885,2864,7996,9652,2883,8737,15787,15428,15177,,
4067196,D-TEM,dark,Arabika Temanggung Mukidi,B24,23,purging,106,14569,2881,2866,7997,9652,2880,8737,15788,15430,15177,,
4068196,D-TEM,dark,Arabika Temanggung Mukidi,B24,23,purging,107,14568,2881,2864,7997,9652,2883,8736,15789,15430,15178,,
4069196,D-TEM,dark,Arabika Temanggung Mukidi,B24,23,purging,108,14567,2883,2868,7997,9652,2881,8735,15788,15430,15178,,
4070196,D-TEM,dark,Arabika Temanggung Mukidi,B24,23,purging,109,14566,2883,2869,7997,9650,2880,8734,15787,15429,15177,,
4071196,D-TEM,dark,Arabika Temanggung Mukidi,B24,23,purging,110,14565,2882,2868,7997,9648,2880,8733,15786,15428,15175,,
4072197,D-TEM,dark,Arabika Temanggung Mukidi,B24,23,purging,111,14564,2882,2866,7998,9647,2880,8732,15783,15426,15174,,
4073196,D-TEM,dark,Arabika Temanggung Mukidi,B24,23,purging,112,14563,2881,2866,7998,9644,2883,8731,15782,15424,15173,,
4074196,D-TEM,dark,Arabika Temanggung Mukidi,B24,23,purging,113,14561,2881,2862,7999,9642,2880,8730,15780,15422,15172,,
4075196,D-TEM,dark,Arabika Temanggung Mukidi,B24,23,purging,114,14560,2881,2864,7999,9640,2880,8729,15780,15420,15171,,
4076196,D-TEM,dark,Arabika Temanggung Mukidi,B24,23,purging,115,14558,2880,2866,7999,9638,2880,8728,15777,15417,15170,,
4077196,D-TEM,dark,Arabika Temanggung Mukidi,B24,23,purging,116,14555,2884,2866,7999,9636,2885,8727,15774,15415,15169,,
4078196,D-TEM,dark,Arabika Temanggung Mukidi,B24,23,purging,117,14552,2885,2865,7999,9634,2883,8727,15772,15412,15169,,
4079196,D-TEM,dark,Arabika Temanggung Mukidi,B24,23,purging,118,14550,2883,2866,7999,9633,2880,8728,15771,15411,15168,,
4080196,D-TEM,dark,Arabika Temanggung Mukidi,B24,23,purging,119,14546,2881,2868,8000,9631,2880,8728,15770,15409,15168,,
4081197,D-TEM,dark,Arabika Temanggung Mukidi,B24,23,purging,120,14544,2879,2867,8000,9630,2880,8729,15768,15407,15168,,
4082200,D-TEM,dark,Arabika Temanggung Mukidi,B24,23,collecting,1,14541,2882,2866,8000,9630,2880,8729,15766,15405,15167,,
4083196,D-TEM,dark,Arabika Temanggung Mukidi,B24,23,collecting,2,14539,2880,2867,7998,9627,2880,8728,15765,15404,15159,,
4084196,D-TEM,dark,Arabika Temanggung Mukidi,B24,23,collecting,3,14622,2881,2869,7997,9626,2880,8725,15767,15403,15167,,
4085196,D-TEM,dark,Arabika Temanggung Mukidi,B24,23,collecting,4,14842,2885,2866,7997,9638,2883,8721,15818,15428,15195,,
4086196,D-TEM,dark,Arabika Temanggung Mukidi,B24,23,collecting,5,15108,2886,2868,7997,9662,2880,8714,15909,15483,15231,,
4087196,D-TEM,dark,Arabika Temanggung Mukidi,B24,23,collecting,6,15363,2884,2864,7998,9687,2880,8702,16010,15550,15271,,
4088197,D-TEM,dark,Arabika Temanggung Mukidi,B24,23,collecting,7,15585,2885,2865,7998,9709,2880,8690,16102,15618,15308,,
4089196,D-TEM,dark,Arabika Temanggung Mukidi,B24,23,collecting,8,15771,2882,2866,7999,9727,2883,8679,16180,15681,15342,,
4090196,D-TEM,dark,Arabika Temanggung Mukidi,B24,23,collecting,9,15923,2881,2865,7999,9742,2880,8671,16243,15734,15371,,
4091196,D-TEM,dark,Arabika Temanggung Mukidi,B24,23,collecting,10,16045,2884,2866,7999,9755,2880,8664,16294,15780,15396,,
4092196,D-TEM,dark,Arabika Temanggung Mukidi,B24,23,collecting,11,16143,2885,2866,7999,9767,2883,8660,16335,15817,15416,,
4093196,D-TEM,dark,Arabika Temanggung Mukidi,B24,23,collecting,12,16220,2886,2866,7999,9776,2880,8656,16366,15848,15433,,
4094196,D-TEM,dark,Arabika Temanggung Mukidi,B24,23,collecting,13,16280,2886,2864,7999,9784,2880,8653,16392,15873,15447,,
4095196,D-TEM,dark,Arabika Temanggung Mukidi,B24,23,collecting,14,16327,2884,2864,7999,9790,2880,8651,16411,15893,15458,,
4096196,D-TEM,dark,Arabika Temanggung Mukidi,B24,23,collecting,15,16363,2881,2866,7998,9797,2880,8650,16425,15909,15467,,
4097197,D-TEM,dark,Arabika Temanggung Mukidi,B24,23,collecting,16,16391,2884,2863,7998,9802,2880,8650,16438,15922,15476,,
4098196,D-TEM,dark,Arabika Temanggung Mukidi,B24,23,collecting,17,16412,2884,2866,7998,9807,2880,8650,16447,15933,15482,,
4099196,D-TEM,dark,Arabika Temanggung Mukidi,B24,23,collecting,18,16427,2884,2870,7998,9812,2880,8650,16455,15941,15488,,
4100196,D-TEM,dark,Arabika Temanggung Mukidi,B24,23,collecting,19,16437,2884,2868,7998,9816,2880,8651,16460,15947,15492,,
4101196,D-TEM,dark,Arabika Temanggung Mukidi,B24,23,collecting,20,16442,2884,2869,7998,9820,2880,8652,16464,15952,15496,,
4102196,D-TEM,dark,Arabika Temanggung Mukidi,B24,23,collecting,21,16444,2884,2866,7998,9823,2880,8653,16466,15956,15500,,
4103196,D-TEM,dark,Arabika Temanggung Mukidi,B24,23,collecting,22,16444,2883,2866,7998,9825,2880,8655,16468,15959,15501,,
4104197,D-TEM,dark,Arabika Temanggung Mukidi,B24,23,collecting,23,16441,2884,2866,7998,9828,2883,8656,16468,15960,15504,,
4105196,D-TEM,dark,Arabika Temanggung Mukidi,B24,23,collecting,24,16437,2883,2865,7998,9831,2880,8657,16468,15962,15506,,
4106196,D-TEM,dark,Arabika Temanggung Mukidi,B24,23,collecting,25,16432,2883,2868,7998,9833,2883,8659,16468,15963,15507,,
4107196,D-TEM,dark,Arabika Temanggung Mukidi,B24,23,collecting,26,16425,2884,2866,7998,9834,2880,8660,16467,15963,15507,,
4108196,D-TEM,dark,Arabika Temanggung Mukidi,B24,23,collecting,27,16417,2885,2864,7998,9835,2883,8661,16466,15963,15508,,
4109196,D-TEM,dark,Arabika Temanggung Mukidi,B24,23,collecting,28,16408,2884,2870,7998,9837,2880,8663,16465,15962,15509,,
4110196,D-TEM,dark,Arabika Temanggung Mukidi,B24,23,collecting,29,16398,2883,2870,7999,9839,2880,8664,16463,15962,15510,,
4111196,D-TEM,dark,Arabika Temanggung Mukidi,B24,23,collecting,30,16389,2883,2868,7999,9841,2880,8666,16462,15962,15510,,
4112196,D-TEM,dark,Arabika Temanggung Mukidi,B24,23,collecting,31,16380,2883,2866,7999,9843,2883,8668,16461,15961,15511,,
4113197,D-TEM,dark,Arabika Temanggung Mukidi,B24,23,collecting,32,16370,2883,2866,7999,9845,2883,8669,16460,15961,15512,,
4114196,D-TEM,dark,Arabika Temanggung Mukidi,B24,23,collecting,33,16361,2884,2865,7999,9847,2883,8671,16459,15961,15512,,
4115196,D-TEM,dark,Arabika Temanggung Mukidi,B24,23,collecting,34,16352,2883,2866,8000,9849,2883,8673,16457,15961,15513,,
4116196,D-TEM,dark,Arabika Temanggung Mukidi,B24,23,collecting,35,16343,2886,2868,8000,9852,2883,8675,16456,15961,15514,,
4117196,D-TEM,dark,Arabika Temanggung Mukidi,B24,23,collecting,36,16333,2882,2866,8000,9854,2883,8676,16454,15961,15514,,
4118196,D-TEM,dark,Arabika Temanggung Mukidi,B24,23,collecting,37,16323,2883,2866,8000,9856,2881,8678,16453,15962,15515,,
4119196,D-TEM,dark,Arabika Temanggung Mukidi,B24,23,collecting,38,16313,2885,2866,8000,9859,2883,8680,16451,15961,15515,,
4120197,D-TEM,dark,Arabika Temanggung Mukidi,B24,23,collecting,39,16303,2885,2866,8001,9860,2883,8682,16449,15961,15515,,
4121196,D-TEM,dark,Arabika Temanggung Mukidi,B24,23,collecting,40,16293,2883,2866,8001,9862,2880,8684,16448,15961,15515,,
4122196,D-TEM,dark,Arabika Temanggung Mukidi,B24,23,collecting,41,16282,2884,2867,8001,9863,2880,8685,16445,15960,15515,,
4123196,D-TEM,dark,Arabika Temanggung Mukidi,B24,23,collecting,42,16271,2883,2868,8001,9865,2883,8687,16443,15959,15515,,
4124196,D-TEM,dark,Arabika Temanggung Mukidi,B24,23,collecting,43,16260,2884,2869,8002,9867,2880,8689,16440,15958,15514,,
4125196,D-TEM,dark,Arabika Temanggung Mukidi,B24,23,collecting,44,16249,2886,2864,8002,9868,2883,8690,16438,15958,15514,,
4126196,D-TEM,dark,Arabika Temanggung Mukidi,B24,23,collecting,45,16239,2886,2864,8002,9870,2880,8692,16437,15957,15515,,
4127196,D-TEM,dark,Arabika Temanggung Mukidi,B24,23,collecting,46,16229,2886,2866,8003,9872,2880,8694,16434,15957,15515,,
4128196,D-TEM,dark,Arabika Temanggung Mukidi,B24,23,collecting,47,16220,2881,2866,8002,9874,2885,8695,16432,15957,15515,,
4129197,D-TEM,dark,Arabika Temanggung Mukidi,B24,23,collecting,48,16210,2884,2866,8002,9877,2883,8697,16431,15957,15515,,
4130196,D-TEM,dark,Arabika Temanggung Mukidi,B24,23,collecting,49,16200,2884,2866,8003,9878,2880,8699,16430,15956,15515,,
4131196,D-TEM,dark,Arabika Temanggung Mukidi,B24,23,collecting,50,16192,2886,2864,8003,9880,2880,8701,16428,15956,15517,,
4132196,D-TEM,dark,Arabika Temanggung Mukidi,B24,23,collecting,51,16184,2883,2866,8003,9882,2885,8702,16427,15956,15517,,
4133196,D-TEM,dark,Arabika Temanggung Mukidi,B24,23,collecting,52,16177,2886,2865,8003,9884,2880,8704,16426,15957,15517,,
4134196,D-TEM,dark,Arabika Temanggung Mukidi,B24,23,collecting,53,16172,2886,2867,8004,9886,2880,8706,16427,15958,15519,,
4135196,D-TEM,dark,Arabika Temanggung Mukidi,B24,23,collecting,54,16166,2881,2869,8004,9889,2885,8707,16427,15959,15520,,
4136197,D-TEM,dark,Arabika Temanggung Mukidi,B24,23,collecting,55,16160,2884,2866,8004,9891,2880,8709,16428,15960,15521,,
4137196,D-TEM,dark,Arabika Temanggung Mukidi,B24,23,collecting,56,16155,2884,2865,8005,9893,2883,8711,16428,15961,15521,,
4138196,D-TEM,dark,Arabika Temanggung Mukidi,B24,23,collecting,57,16149,2883,2867,8005,9894,2880,8712,16428,15962,15523,,
4139196,D-TEM,dark,Arabika Temanggung Mukidi,B24,23,collecting,58,16144,2884,2865,8005,9897,2880,8713,16426,15963,15524,,
4140196,D-TEM,dark,Arabika Temanggung Mukidi,B24,23,collecting,59,16138,2886,2866,8006,9899,2885,8715,16427,15964,15525,,
4141196,D-TEM,dark,Arabika Temanggung Mukidi,B24,23,collecting,60,16133,2884,2866,8006,9901,2880,8717,16427,15965,15526,,
4142200,D-TEM,dark,Arabika Temanggung Mukidi,B24,24,purging,1,16128,2884,2865,8006,9904,2880,8718,16428,15966,15527,,
4143196,D-TEM,dark,Arabika Temanggung Mukidi,B24,24,purging,2,16121,2883,2870,8009,9909,2880,8721,16428,15968,15532,,
4144196,D-TEM,dark,Arabika Temanggung Mukidi,B24,24,purging,3,16095,2883,2870,8010,9914,2883,8728,16425,15968,15539,,
4145197,D-TEM,dark,Arabika Temanggung Mukidi,B24,24,purging,4,16048,2885,2866,8011,9921,2880,8740,16413,15966,15541,,
4146196,D-TEM,dark,Arabika Temanggung Mukidi,B24,24,purging,5,15987,2881,2866,8011,9928,2880,8753,16395,15962,15538,,
4147196,D-TEM,dark,Arabika Temanggung Mukidi,B24,24,purging,6,15919,2881,2866,8011,9934,2880,8764,16374,15954,15533,,
4148196,D-TEM,dark,Arabika Temanggung Mukidi,B24,24,purging,7,15849,2884,2864,8011,9938,2885,8774,16351,15943,15527,,
4149196,D-TEM,dark,Arabika Temanggung Mukidi,B24,24,purging,8,15778,2885,2870,8011,9939,2880,8781,16328,15931,15520,,
4150196,D-TEM,dark,Arabika Temanggung Mukidi,B24,24,purging,9,15708,2883,2866,8011,9940,2883,8788,16306,15917,15513,,
4151196,D-TEM,dark,Arabika Temanggung Mukidi,B24,24,purging,10,15642,2883,2870,8012,9939,2883,8793,16285,15905,15507,,
4152197,D-TEM,dark,Arabika Temanggung Mukidi,B24,24,purging,11,15578,2883,2866,8012,9939,2885,8798,16266,15894,15500,,
4153196,D-TEM,dark,Arabika Temanggung Mukidi,B24,24,purging,12,15520,2884,2865,8012,9939,2880,8803,16250,15883,15495,,
4154196,D-TEM,dark,Arabika Temanggung Mukidi,B24,24,purging,13,15465,2883,2866,8012,9938,2880,8806,16235,15874,15488,,
4155196,D-TEM,dark,Arabika Temanggung Mukidi,B24,24,purging,14,15414,2883,2869,8012,9936,2880,8809,16221,15865,15482,,
4156196,D-TEM,dark,Arabika Temanggung Mukidi,B24,24,purging,15,15368,2881,2864,8012,9934,2883,8811,16210,15857,15477,,
4157196,D-TEM,dark,Arabika Temanggung Mukidi,B24,24,purging,16,15325,2885,2870,8013,9933,2880,8813,16199,15849,15473,,
4158196,D-TEM,dark,Arabika Temanggung Mukidi,B24,24,purging,17,15285,2881,2866,8013,9931,2885,8816,16190,15842,15469,,
4159196,D-TEM,dark,Arabika Temanggung Mukidi,B24,24,purging,18,15249,2881,2867,8014,9930,2880,8818,16182,15836,15466,,
4160196,D-TEM,dark,Arabika Temanggung Mukidi,B24,24,purging,19,15215,2884,2866,8013,9929,2885,8819,16174,15830,15461,,
4161197,D-TEM,dark,Arabika Temanggung Mukidi,B24,24,purging,20,15184,2884,2865,8014,9927,2883,8820,16165,15824,15456,,
4162196,D-TEM,dark,Arabika Temanggung Mukidi,B24,24,purging,21,15155,2881,2865,8014,9925,2880,8821,16157,15818,15453,,
4163196,D-TEM,dark,Arabika Temanggung Mukidi,B24,24,purging,22,15129,2882,2869,8015,9924,2880,8822,16150,15813,15452,,
4164196,D-TEM,dark,Arabika Temanggung Mukidi,B24,24,purging,23,15106,2881,2866,8015,9926,2883,8825,16147,15811,15451,,
4165196,D-TEM,dark,Arabika Temanggung Mukidi,B24,24,purging,24,15085,2882,2866,8015,9927,2880,8827,16143,15809,15450,,
4166196,D-TEM,dark,Arabika Temanggung Mukidi,B24,24,purging,25,15066,2884,2866,8015,9928,2880,8829,16141,15808,15450,,
4167196,D-TEM,dark,Arabika Temanggung Mukidi,B24,24,purging,26,15048,2882,2866,8016,9928,2880,8831,16138,15806,15448,,
4168197,D-TEM,dark,Arabika Temanggung Mukidi,B24,24,purging,27,15031,2885,2870,8016,9928,2880,8832,16134,15804,15446,,
4169196,D-TEM,dark,Arabika Temanggung Mukidi,B24,24,purging,28,15013,2885,2863,8016,9926,2881,8832,16130,15801,15442,,
4170196,D-TEM,dark,Arabika Temanggung Mukidi,B24,24,purging,29,14998,2884,2866,8017,9925,2885,8831,16125,15798,15440,,
4171196,D-TEM,dark,Arabika Temanggung Mukidi,B24,24,purging,30,14984,2881,2864,8017,9922,2880,8831,16119,15793,15438,,
4172196,D-TEM,dark,Arabika Temanggung Mukidi,B24,24,purging,31,14971,2881,2863,8017,9920,2883,8832,16115,15790,15436,,
4173196,D-TEM,dark,Arabika Temanggung Mukidi,B24,24,purging,32,14959,2882,2866,8017,9919,2880,8833,16111,15787,15435,,
4174196,D-TEM,dark,Arabika Temanggung Mukidi,B24,24,purging,33,14948,2881,2866,8018,9919,2880,8833,16110,15785,15434,,
4175196,D-TEM,dark,Arabika Temanggung Mukidi,B24,24,purging,34,14937,2882,2866,8018,9919,2881,8834,16108,15784,15433,,
4176196,D-TEM,dark,Arabika Temanggung Mukidi,B24,24,purging,35,14927,2881,2865,8018,9918,2880,8834,16105,15782,15434,,
4177197,D-TEM,dark,Arabika Temanggung Mukidi,B24,24,purging,36,14918,2883,2866,8018,9918,2880,8835,16103,15781,15435,,
4178196,D-TEM,dark,Arabika Temanggung Mukidi,B24,24,purging,37,14910,2880,2864,8019,9919,2880,8837,16103,15780,15435,,
4179196,D-TEM,dark,Arabika Temanggung Mukidi,B24,24,purging,38,14903,2884,2866,8019,9920,2880,8839,16102,15780,15435,,
4180196,D-TEM,dark,Arabika Temanggung Mukidi,B24,24,purging,39,14897,2884,2866,8019,9921,2883,8840,16102,15780,15436,,
4181196,D-TEM,dark,Arabika Temanggung Mukidi,B24,24,purging,40,14891,2881,2863,8019,9923,2883,8841,16102,15780,15437,,
4182196,D-TEM,dark,Arabika Temanggung Mukidi,B24,24,purging,41,14885,2882,2865,8020,9925,2880,8842,16103,15781,15438,,
4183196,D-TEM,dark,Arabika Temanggung Mukidi,B24,24,purging,42,14880,2882,2864,8020,9925,2883,8843,16103,15781,15438,,
4184197,D-TEM,dark,Arabika Temanggung Mukidi,B24,24,purging,43,14874,2883,2866,8021,9924,2880,8843,16102,15781,15436,,
4185196,D-TEM,dark,Arabika Temanggung Mukidi,B24,24,purging,44,14868,2881,2863,8021,9923,2880,8843,16100,15779,15435,,
4186196,D-TEM,dark,Arabika Temanggung Mukidi,B24,24,purging,45,14863,2879,2866,8021,9921,2880,8842,16097,15777,15434,,
4187196,D-TEM,dark,Arabika Temanggung Mukidi,B24,24,purging,46,14858,2884,2869,8021,9920,2880,8842,16094,15775,15433,,
4188196,D-TEM,dark,Arabika Temanggung Mukidi,B24,24,purging,47,14852,2880,2870,8022,9919,2883,8843,16092,15773,15435,,
4189196,D-TEM,dark,Arabika Temanggung Mukidi,B24,24,purging,48,14849,2886,2866,8022,9920,2880,8846,16092,15773,15436,,
4190196,D-TEM,dark,Arabika Temanggung Mukidi,B24,24,purging,49,14844,2881,2866,8023,9922,2880,8847,16093,15774,15438,,
4191196,D-TEM,dark,Arabika Temanggung Mukidi,B24,24,purging,50,14840,2881,2866,8023,9923,2880,8850,16095,15776,15439,,
4192196,D-TEM,dark,Arabika Temanggung Mukidi,B24,24,purging,51,14835,2882,2866,8023,9925,2883,8851,16097,15777,15441,,
4193197,D-TEM,dark,Arabika Temanggung Mukidi,B24,24,purging,52,14831,2882,2866,8024,9925,2880,8852,16096,15778,15441,,
4194196,D-TEM,dark,Arabika Temanggung Mukidi,B24,24,purging,53,14827,2882,2866,8024,9926,2880,8852,16096,15778,15441,,
4195196,D-TEM,dark,Arabika Temanggung Mukidi,B24,24,purging,54,14823,2882,2866,8025,9926,2885,8853,16096,15778,15442,,
4196196,D-TEM,dark,Arabika Temanggung Mukidi,B24,24,purging,55,14818,2882,2866,8025,9925,2880,8854,16095,15777,15441,,
4197196,D-TEM,dark,Arabika Temanggung Mukidi,B24,24,purging,56,14813,2881,2866,8025,9925,2880,8855,16094,15776,15440,,
4198196,D-TEM,dark,Arabika Temanggung Mukidi,B24,24,purging,57,14807,2879,2864,8026,9925,2880,8856,16093,15775,15440,,
4199196,D-TEM,dark,Arabika Temanggung Mukidi,B24,24,purging,58,14803,2882,2865,8026,9924,2880,8856,16092,15774,15441,,
4200197,D-TEM,dark,Arabika Temanggung Mukidi,B24,24,purging,59,14799,2882,2866,8026,9924,2880,8856,16090,15773,15441,,
4201196,D-TEM,dark,Arabika Temanggung Mukidi,B24,24,purging,60,14793,2880,2870,8027,9923,2880,8858,16089,15772,15440,,
4202196,D-TEM,dark,Arabika Temanggung Mukidi,B24,24,purging,61,14788,2884,2863,8027,9922,2885,8858,16086,15770,15441,,
4203196,D-TEM,dark,Arabika Temanggung Mukidi,B24,24,purging,62,14784,2882,2870,8028,9921,2880,8858,16084,15768,15440,,
4204196,D-TEM,dark,Arabika Temanggung Mukidi,B24,24,purging,63,14780,2883,2867,8028,9920,2880,8859,16082,15766,15440,,
4205196,D-TEM,dark,Arabika Temanggung Mukidi,B24,24,purging,64,14775,2885,2864,8028,9919,2883,8859,16080,15764,15439,,
4206196,D-TEM,dark,Arabika Temanggung Mukidi,B24,24,purging,65,14771,2882,2866,8029,9918,2883,8859,16078,15763,15437,,
4207196,D-TEM,dark,Arabika Temanggung Mukidi,B24,24,purging,66,14768,2883,2865,8029,9917,2880,8859,16076,15761,15437,,
4208196,D-TEM,dark,Arabika Temanggung Mukidi,B24,24,purging,67,14764,2884,2864,8029,9916,2880,8859,16075,15760,15436,,
4209197,D-TEM,dark,Arabika Temanggung Mukidi,B24,24,purging,68,14762,2882,2866,8030,9915,2880,8859,16073,15759,15437,,
4210196,D-TEM,dark,Arabika Temanggung Mukidi,B24,24,purging,69,14760,2881,2863,8030,9915,2880,8859,16073,15758,15437,,
4211196,D-TEM,dark,Arabika Temanggung Mukidi,B24,24,purging,70,14758,2884,2867,8031,9915,2880,8860,16074,15757,15439,,
4212196,D-TEM,dark,Arabika Temanggung Mukidi,B24,24,purging,71,14758,2882,2865,8031,9916,2883,8861,16075,15759,15440,,
4213196,D-TEM,dark,Arabika Temanggung Mukidi,B24,24,purging,72,14757,2882,2865,8032,9917,2880,8862,16078,15760,15441,,
4214196,D-TEM,dark,Arabika Temanggung Mukidi,B24,24,purging,73,14756,2881,2866,8032,9919,2880,8862,16079,15761,15443,,
4215196,D-TEM,dark,Arabika Temanggung Mukidi,B24,24,purging,74,14756,2881,2865,8033,9921,2880,8864,16081,15763,15447,,
4216197,D-TEM,dark,Arabika Temanggung Mukidi,B24,24,purging,75,14757,2881,2868,8033,9923,2880,8866,16084,15766,15449,,
4217196,D-TEM,dark,Arabika Temanggung Mukidi,B24,24,purging,76,14756,2884,2869,8033,9925,2880,8868,16087,15769,15450,,
4218196,D-TEM,dark,Arabika Temanggung Mukidi,B24,24,purging,77,14754,2882,2864,8034,9926,2880,8868,16089,15770,15451,,
4219196,D-TEM,dark,Arabika Temanggung Mukidi,B24,24,purging,78,14753,2884,2866,8034,9926,2880,8868,16089,15771,15452,,
4220196,D-TEM,dark,Arabika Temanggung Mukidi,B24,24,purging,79,14752,2882,2864,8035,9926,2881,8870,16090,15772,15452,,
4221196,D-TEM,dark,Arabika Temanggung Mukidi,B24,24,purging,80,14751,2882,2870,8035,9926,2880,8871,16091,15773,15453,,
4222196,D-TEM,dark,Arabika Temanggung Mukidi,B24,24,purging,81,14748,2880,2865,8035,9926,2880,8871,16091,15773,15454,,
4223196,D-TEM,dark,Arabika Temanggung Mukidi,B24,24,purging,82,14746,2882,2863,8036,9925,2880,8871,16090,15773,15455,,
4224196,D-TEM,dark,Arabika Temanggung Mukidi,B24,24,purging,83,14743,2882,2870,8036,9926,2883,8872,16090,15773,15455,,
4225197,D-TEM,dark,Arabika Temanggung Mukidi,B24,24,purging,84,14741,2881,2866,8037,9925,2880,8872,16090,15772,15454,,
4226196,D-TEM,dark,Arabika Temanggung Mukidi,B24,24,purging,85,14738,2884,2866,8037,9925,2880,8872,16089,15771,15455,,
4227196,D-TEM,dark,Arabika Temanggung Mukidi,B24,24,purging,86,14737,2881,2864,8038,9924,2880,8873,16089,15771,15457,,
4228196,D-TEM,dark,Arabika Temanggung Mukidi,B24,24,purging,87,14737,2885,2863,8038,9925,2883,8874,16088,15771,15459,,
4229196,D-TEM,dark,Arabika Temanggung Mukidi,B24,24,purging,88,14738,2881,2866,8038,9926,2880,8876,16089,15774,15461,,
4230196,D-TEM,dark,Arabika Temanggung Mukidi,B24,24,purging,89,14739,2881,2865,8039,9928,2880,8877,16092,15776,15462,,
4231196,D-TEM,dark,Arabika Temanggung Mukidi,B24,24,purging,90,14740,2882,2866,8039,9929,2880,8877,16095,15778,15463,,
4232197,D-TEM,dark,Arabika Temanggung Mukidi,B24,24,purging,91,14739,2881,2867,8040,9930,2880,8878,16096,15779,15463,,
4233196,D-TEM,dark,Arabika Temanggung Mukidi,B24,24,purging,92,14739,2881,2865,8040,9929,2883,8877,16097,15780,15463,,
4234196,D-TEM,dark,Arabika Temanggung Mukidi,B24,24,purging,93,14738,2883,2866,8041,9928,2880,8876,16098,15779,15463,,
4235196,D-TEM,dark,Arabika Temanggung Mukidi,B24,24,purging,94,14737,2880,2866,8041,9928,2883,8877,16098,15779,15463,,
4236196,D-TEM,dark,Arabika Temanggung Mukidi,B24,24,purging,95,14736,2882,2864,8041,9929,2880,8877,16097,15779,15464,,
4237196,D-TEM,dark,Arabika Temanggung Mukidi,B24,24,purging,96,14735,2881,2866,8042,9929,2880,8877,16097,15779,15464,,
4238196,D-TEM,dark,Arabika Temanggung Mukidi,B24,24,purging,97,14734,2886,2866,8042,9928,2880,8877,16096,15778,15463,,
4239196,D-TEM,dark,Arabika Temanggung Mukidi,B24,24,purging,98,14731,2881,2868,8043,9926,2883,8876,16095,15777,15463,,
4240196,D-TEM,dark,Arabika Temanggung Mukidi,B24,24,purging,99,14730,2881,2870,8043,9925,2880,8876,16095,15776,15464,,
4241197,D-TEM,dark,Arabika Temanggung Mukidi,B24,24,purging,100,14729,2883,2867,8044,9925,2880,8876,16096,15776,15465,,
4242196,D-TEM,dark,Arabika Temanggung Mukidi,B24,24,purging,101,14729,2884,2868,8044,9926,2883,8878,16097,15777,15467,,
4243196,D-TEM,dark,Arabika Temanggung Mukidi,B24,24,purging,102,14729,2884,2868,8044,9927,2880,8877,16098,15778,15469,,
4244196,D-TEM,dark,Arabika Temanggung Mukidi,B24,24,purging,103,14730,2883,2863,8045,9927,2880,8879,16099,15780,15472,,
4245196,D-TEM,dark,Arabika Temanggung Mukidi,B24,24,purging,104,14730,2884,2866,8045,9929,2880,8880,16100,15781,15473,,
4246196,D-TEM,dark,Arabika Temanggung Mukidi,B24,24,purging,105,14730,2883,2864,8045,9931,2880,8882,16103,15784,15476,,
4247196,D-TEM,dark,Arabika Temanggung Mukidi,B24,24,purging,106,14730,2880,2866,8046,9933,2885,8883,16106,15786,15477,,
4248197,D-TEM,dark,Arabika Temanggung Mukidi,B24,24,purging,107,14730,2881,2864,8046,9933,2880,8884,16107,15787,15479,,
4249196,D-TEM,dark,Arabika Temanggung Mukidi,B24,24,purging,108,14729,2882,2866,8047,9934,2880,8885,16109,15788,15480,,
4250196,D-TEM,dark,Arabika Temanggung Mukidi,B24,24,purging,109,14728,2883,2866,8048,9935,2880,8886,16109,15789,15481,,
4251196,D-TEM,dark,Arabika Temanggung Mukidi,B24,24,purging,110,14727,2884,2866,8048,9936,2880,8888,16110,15790,15482,,
4252196,D-TEM,dark,Arabika Temanggung Mukidi,B24,24,purging,111,14727,2882,2865,8048,9937,2880,8888,16111,15791,15482,,
4253196,D-TEM,dark,Arabika Temanggung Mukidi,B24,24,purging,112,14726,2882,2868,8049,9938,2880,8888,16110,15792,15483,,
4254196,D-TEM,dark,Arabika Temanggung Mukidi,B24,24,purging,113,14725,2882,2865,8050,9938,2880,8889,16112,15791,15483,,
4255196,D-TEM,dark,Arabika Temanggung Mukidi,B24,24,purging,114,14724,2883,2866,8049,9937,2880,8889,16111,15792,15482,,
4256196,D-TEM,dark,Arabika Temanggung Mukidi,B24,24,purging,115,14722,2882,2865,8050,9936,2880,8888,16110,15790,15482,,
4257197,D-TEM,dark,Arabika Temanggung Mukidi,B24,24,purging,116,14721,2881,2866,8050,9935,2880,8888,16109,15790,15483,,
4258196,D-TEM,dark,Arabika Temanggung Mukidi,B24,24,purging,117,14721,2881,2866,8051,9935,2880,8889,16109,15790,15484,,
4259196,D-TEM,dark,Arabika Temanggung Mukidi,B24,24,purging,118,14720,2885,2866,8051,9935,2880,8890,16109,15790,15484,,
4260196,D-TEM,dark,Arabika Temanggung Mukidi,B24,24,purging,119,14720,2883,2866,8052,9936,2880,8890,16110,15791,15486,,
4261196,D-TEM,dark,Arabika Temanggung Mukidi,B24,24,purging,120,14720,2882,2866,8052,9937,2880,8890,16111,15792,15486,,
4262200,D-TEM,dark,Arabika Temanggung Mukidi,B24,24,collecting,1,14718,2884,2863,8053,9936,2880,8890,16111,15791,15486,,
4263196,D-TEM,dark,Arabika Temanggung Mukidi,B24,24,collecting,2,14717,2882,2865,8051,9932,2880,8887,16110,15789,15473,,
4264197,D-TEM,dark,Arabika Temanggung Mukidi,B24,24,collecting,3,14792,2881,2867,8050,9925,2880,8879,16110,15785,15473,,
4265196,D-TEM,dark,Arabika Temanggung Mukidi,B24,24,collecting,4,14992,2885,2865,8050,9927,2883,8868,16142,15799,15487,,
4266196,D-TEM,dark,Arabika Temanggung Mukidi,B24,24,collecting,5,15239,2882,2866,8051,9936,2885,8854,16209,15834,15512,,
4267196,D-TEM,dark,Arabika Temanggung Mukidi,B24,24,collecting,6,15476,2881,2869,8052,9948,2883,8838,16286,15882,15542,,
4268196,D-TEM,dark,Arabika Temanggung Mukidi,B24,24,collecting,7,15683,2884,2866,8052,9959,2883,8823,16359,15932,15569,,
4269196,D-TEM,dark,Arabika Temanggung Mukidi,B24,24,collecting,8,15857,2885,2866,8053,9969,2880,8810,16423,15979,15595,,
4270196,D-TEM,dark,Arabika Temanggung Mukidi,B24,24,collecting,9,16001,2881,2866,8053,9979,2880,8799,16476,16021,15619,,
4271196,D-TEM,dark,Arabika Temanggung Mukidi,B24,24,collecting,10,16119,2886,2866,8053,9987,2880,8791,16520,16057,15641,,
4272196,D-TEM,dark,Arabika Temanggung Mukidi,B24,24,collecting,11,16216,2883,2866,8053,9997,2883,8786,16557,16088,15660,,
4273197,D-TEM,dark,Arabika Temanggung Mukidi,B24,24,collecting,12,16293,2883,2865,8054,10004,2880,8781,16586,16114,15674,,
4274196,D-TEM,dark,Arabika Temanggung Mukidi,B24,24,collecting,13,16354,2883,2866,8053,10012,2880,8779,16611,16136,15688,,
4275196,D-TEM,dark,Arabika Temanggung Mukidi,B24,24,collecting,14,16400,2883,2868,8054,10019,2883,8777,16630,16154,15699,,
4276196,D-TEM,dark,Arabika Temanggung Mukidi,B24,24,collecting,15,16436,2884,2866,8054,10026,2883,8776,16645,16169,15709,,
4277196,D-TEM,dark,Arabika Temanggung Mukidi,B24,24,collecting,16,16463,2884,2866,8053,10032,2880,8776,16656,16181,15716,,
4278196,D-TEM,dark,Arabika Temanggung Mukidi,B24,24,collecting,17,16483,2886,2867,8053,10037,2883,8776,16665,16190,15723,,
4279196,D-TEM,dark,Arabika Temanggung Mukidi,B24,24,collecting,18,16497,2884,2864,8053,10042,2880,8777,16673,16198,15728,,
4280197,D-TEM,dark,Arabika Temanggung Mukidi,B24,24,collecting,19,16507,2884,2866,8053,10048,2885,8778,16679,16205,15734,,
4281196,D-TEM,dark,Arabika Temanggung Mukidi,B24,24,collecting,20,16513,2885,2866,8053,10053,2880,8779,16684,16211,15739,,
4282196,D-TEM,dark,Arabika Temanggung Mukidi,B24,24,collecting,21,16515,2886,2866,8054,10058,2880,8781,16688,16216,15743,,
4283196,D-TEM,dark,Arabika Temanggung Mukidi,B24,24,collecting,22,16515,2886,2866,8054,10063,2880,8782,16691,16219,15746,,
4284196,D-TEM,dark,Arabika Temanggung Mukidi,B24,24,collecting,23,16513,2886,2865,8054,10067,2880,8784,16693,16222,15749,,
4285196,D-TEM,dark,Arabika Temanggung Mukidi,B24,24,collecting,24,16509,2883,2864,8054,10070,2883,8786,16695,16224,15752,,
4286196,D-TEM,dark,Arabika Temanggung Mukidi,B24,24,collecting,25,16504,2883,2864,8054,10073,2880,8788,16696,16227,15754,,
4287196,D-TEM,dark,Arabika Temanggung Mukidi,B24,24,collecting,26,16497,2886,2865,8054,10076,2883,8790,16697,16228,15756,,
4288196,D-TEM,dark,Arabika Temanggung Mukidi,B24,24,collecting,27,16491,2881,2870,8054,10079,2880,8792,16698,16230,15757,,
4289197,D-TEM,dark,Arabika Temanggung Mukidi,B24,24,collecting,28,16483,2881,2866,8054,10082,2883,8794,16697,16230,15759,,
4290196,D-TEM,dark,Arabika Temanggung Mukidi,B24,24,collecting,29,16475,2886,2865,8055,10085,2880,8795,16697,16231,15761,,
4291196,D-TEM,dark,Arabika Temanggung Mukidi,B24,24,collecting,30,16467,2883,2864,8055,10087,2883,8797,16698,16232,15763,,
4292196,D-TEM,dark,Arabika Temanggung Mukidi,B24,24,collecting,31,16458,2881,2866,8055,10091,2883,8798,16697,16233,15764,,
4293196,D-TEM,dark,Arabika Temanggung Mukidi,B24,24,collecting,32,16449,2886,2866,8056,10093,2880,8800,16696,16233,15764,,
4294196,D-TEM,dark,Arabika Temanggung Mukidi,B24,24,collecting,33,16438,2883,2866,8056,10095,2880,8802,16695,16233,15765,,
4295196,D-TEM,dark,Arabika Temanggung Mukidi,B24,24,collecting,34,16428,2883,2864,8056,10098,2885,8804,16695,16233,15766,,
4296197,D-TEM,dark,Arabika Temanggung Mukidi,B24,24,collecting,35,16418,2883,2866,8056,10100,2880,8806,16695,16234,15767,,
4297196,D-TEM,dark,Arabika Temanggung Mukidi,B24,24,collecting,36,16409,2881,2866,8057,10102,2880,8807,16694,16233,15767,,
4298196,D-TEM,dark,Arabika Temanggung Mukidi,B24,24,collecting,37,16398,2883,2866,8057,10105,2880,8809,16693,16233,15768,,
4299196,D-TEM,dark,Arabika Temanggung Mukidi,B24,24,collecting,38,16387,2884,2865,8058,10107,2880,8811,16692,16233,15768,,
4300196,D-TEM,dark,Arabika Temanggung Mukidi,B24,24,collecting,39,16375,2881,2866,8058,10109,2880,8813,16689,16232,15768,,
4301196,D-TEM,dark,Arabika Temanggung Mukidi,B24,24,collecting,40,16364,2886,2866,8059,10111,2880,8815,16688,16232,15768,,
4302196,D-TEM,dark,Arabika Temanggung Mukidi,B24,24,collecting,41,16353,2885,2866,8059,10113,2883,8816,16686,16231,15767,,
4303196,D-TEM,dark,Arabika Temanggung Mukidi,B24,24,collecting,42,16343,2883,2868,8059,10115,2885,8818,16685,16231,15767,,
4304196,D-TEM,dark,Arabika Temanggung Mukidi,B24,24,collecting,43,16334,2883,2864,8059,10116,2881,8819,16683,16230,15767,,
4305197,D-TEM,dark,Arabika Temanggung Mukidi,B24,24,collecting,44,16323,2883,2866,8060,10118,2880,8821,16681,16229,15768,,
4306196,D-TEM,dark,Arabika Temanggung Mukidi,B24,24,collecting,45,16313,2883,2864,8061,10119,2885,8823,16679,16229,15767,,
4307196,D-TEM,dark,Arabika Temanggung Mukidi,B24,24,collecting,46,16304,2883,2865,8060,10121,2883,8824,16678,16228,15767,,
4308196,D-TEM,dark,Arabika Temanggung Mukidi,B24,24,collecting,47,16294,2883,2866,8061,10122,2880,8825,16676,16227,15768,,
4309196,D-TEM,dark,Arabika Temanggung Mukidi,B24,24,collecting,48,16285,2883,2868,8061,10123,2880,8826,16675,16227,15768,,
4310196,D-TEM,dark,Arabika Temanggung Mukidi,B24,24,collecting,49,16276,2883,2864,8062,10124,2883,8828,16673,16226,15767,,
4311196,D-TEM,dark,Arabika Temanggung Mukidi,B24,24,collecting,50,16267,2881,2864,8062,10125,2880,8829,16672,16225,15766,,
4312197,D-TEM,dark,Arabika Temanggung Mukidi,B24,24,collecting,51,16259,2883,2866,8063,10127,2880,8830,16670,16224,15767,,
4313196,D-TEM,dark,Arabika Temanggung Mukidi,B24,24,collecting,52,16251,2883,2864,8064,10128,2880,8831,16669,16224,15766,,
4314196,D-TEM,dark,Arabika Temanggung Mukidi,B24,24,collecting,53,16243,2883,2866,8064,10129,2880,8833,16668,16223,15766,,
4315196,D-TEM,dark,Arabika Temanggung Mukidi,B24,24,collecting,54,16236,2883,2866,8064,10131,2880,8834,16667,16223,15765,,
4316196,D-TEM,dark,Arabika Temanggung Mukidi,B24,24,collecting,55,16229,2883,2865,8064,10132,2880,8835,16667,16222,15765,,
4317196,D-TEM,dark,Arabika Temanggung Mukidi,B24,24,collecting,56,16224,2881,2870,8065,10133,2883,8836,16666,16222,15764,,
4318196,D-TEM,dark,Arabika Temanggung Mukidi,B24,24,collecting,57,16218,2883,2865,8065,10134,2883,8837,16665,16222,15765,,
4319196,D-TEM,dark,Arabika Temanggung Mukidi,B24,24,collecting,58,16213,2883,2865,8066,10135,2885,8838,16664,16222,15764,,
4320196,D-TEM,dark,Arabika Temanggung Mukidi,B24,24,collecting,59,16207,2883,2864,8067,10136,2880,8839,16665,16222,15765,,
4321197,D-TEM,dark,Arabika Temanggung Mukidi,B24,24,collecting,60,16203,2886,2865,8067,10138,2881,8840,16664,16221,15765,,
4322200,D-TEM,dark,Arabika Temanggung Mukidi,B24,25,purging,1,16198,2883,2869,8067,10139,2880,8841,16663,16221,15765,,
4323196,D-TEM,dark,Arabika Temanggung Mukidi,B24,25,purging,2,16193,2881,2865,8070,10143,2880,8843,16663,16221,15770,,
4324196,D-TEM,dark,Arabika Temanggung Mukidi,B24,25,purging,3,16167,2881,2870,8071,10146,2885,8850,16660,16221,15774,,
4325196,D-TEM,dark,Arabika Temanggung Mukidi,B24,25,purging,4,16120,2881,2868,8072,10152,2885,8860,16649,16218,15773,,
4326196,D-TEM,dark,Arabika Temanggung Mukidi,B24,25,purging,5,16060,2883,2866,8073,10156,2880,8872,16630,16211,15768,,
4327196,D-TEM,dark,Arabika Temanggung Mukidi,B24,25,purging,6,15992,2881,2866,8073,10158,2880,8882,16607,16200,15761,,
4328197,D-TEM,dark,Arabika Temanggung Mukidi,B24,25,purging,7,15923,2882,2869,8073,10160,2880,8890,16583,16186,15753,,
4329196,D-TEM,dark,Arabika Temanggung Mukidi,B24,25,purging,8,15853,2881,2866,8074,10160,2880,8897,16560,16173,15745,,
4330196,D-TEM,dark,Arabika Temanggung Mukidi,B24,25,purging,9,15785,2881,2863,8074,10158,2883,8903,16538,16159,15737,,
4331196,D-TEM,dark,Arabika Temanggung Mukidi,B24,25,purging,10,15720,2882,2870,8074,10156,2880,8908,16518,16145,15728,,
4332196,D-TEM,dark,Arabika Temanggung Mukidi,B24,25,purging,11,15657,2882,2866,8075,10154,2880,8912,16500,16132,15721,,
4333196,D-TEM,dark,Arabika Temanggung Mukidi,B24,25,purging,12,15599,2881,2868,8075,10152,2880,8916,16482,16120,15714,,
4334196,D-TEM,dark,Arabika Temanggung Mukidi,B24,25,purging,13,15544,2879,2863,8075,10150,2883,8920,16466,16109,15707,,
4335196,D-TEM,dark,Arabika Temanggung Mukidi,B24,25,purging,14,15493,2882,2864,8076,10147,2883,8922,16453,16099,15700,,
4336196,D-TEM,dark,Arabika Temanggung Mukidi,B24,25,purging,15,15447,2881,2866,8076,10145,2880,8924,16441,16090,15695,,
4337197,D-TEM,dark,Arabika Temanggung Mukidi,B24,25,purging,16,15405,2885,2868,8077,10142,2880,8926,16430,16081,15689,,
4338196,D-TEM,dark,Arabika Temanggung Mukidi,B24,25,purging,17,15366,2881,2866,8077,10139,2880,8928,16419,16072,15683,,
4339196,D-TEM,dark,Arabika Temanggung Mukidi,B24,25,purging,18,15329,2883,2866,8077,10137,2880,8930,16410,16065,15678,,
4340196,D-TEM,dark,Arabika Temanggung Mukidi,B24,25,purging,19,15295,2882,2864,8078,10135,2880,8931,16401,16059,15674,,
4341196,D-TEM,dark,Arabika Temanggung Mukidi,B24,25,purging,20,15264,2882,2866,8078,10133,2880,8933,16392,16052,15670,,
4342196,D-TEM,dark,Arabika Temanggung Mukidi,B24,25,purging,21,15236,2881,2864,8078,10131,2885,8934,16384,16046,15666,,
4343196,D-TEM,dark,Arabika Temanggung Mukidi,B24,25,purging,22,15210,2883,2867,8079,10130,2880,8935,16377,16040,15662,,
4344197,D-TEM,dark,Arabika Temanggung Mukidi,B24,25,purging,23,15186,2881,2866,8080,10128,2883,8936,16371,16035,15659,,
4345196,D-TEM,dark,Arabika Temanggung Mukidi,B24,25,purging,24,15163,2880,2864,8080,10126,2880,8937,16365,16030,15656,,
4346196,D-TEM,dark,Arabika Temanggung Mukidi,B24,25,purging,25,15142,2881,2865,8080,10125,2880,8938,16360,16026,15654,,
4347196,D-TEM,dark,Arabika Temanggung Mukidi,B24,25,purging,26,15123,2881,2864,8081,10124,2880,8940,16356,16022,15652,,
4348196,D-TEM,dark,Arabika Temanggung Mukidi,B24,25,purging,27,15105,2882,2865,8081,10124,2885,8941,16352,16019,15650,,
4349196,D-TEM,dark,Arabika Temanggung Mukidi,B24,25,purging,28,15088,2881,2866,8081,10123,2880,8943,16347,16016,15648,,
4350196,D-TEM,dark,Arabika Temanggung Mukidi,B24,25,purging,29,15073,2883,2866,8082,10124,2880,8945,16344,16013,15646,,
4351196,D-TEM,dark,Arabika Temanggung Mukidi,B24,25,purging,30,15059,2881,2865,8083,10123,2883,8945,16341,16010,15643,,
4352196,D-TEM,dark,Arabika Temanggung Mukidi,B24,25,purging,31,15045,2880,2870,8083,10122,2880,8945,16335,16006,15641,,
4353197,D-TEM,dark,Arabika Temanggung Mukidi,B24,25,purging,32,15033,2882,2865,8083,10120,2880,8946,16332,16004,15639,,
4354196,D-TEM,dark,Arabika Temanggung Mukidi,B24,25,purging,33,15022,2881,2863,8084,10119,2883,8946,16328,16000,15637,,
4355196,D-TEM,dark,Arabika Temanggung Mukidi,B24,25,purging,34,15012,2881,2868,8084,10118,2883,8946,16324,15997,15636,,
4356196,D-TEM,dark,Arabika Temanggung Mukidi,B24,25,purging,35,15001,2884,2866,8085,10116,2883,8947,16322,15994,15635,,
4357196,D-TEM,dark,Arabika Temanggung Mukidi,B24,25,purging,36,14991,2885,2866,8085,10116,2885,8948,16319,15992,15633,,
4358196,D-TEM,dark,Arabika Temanggung Mukidi,B24,25,purging,37,14982,2882,2866,8086,10115,2880,8949,16316,15990,15632,,
4359196,D-TEM,dark,Arabika Temanggung Mukidi,B24,25,purging,38,14973,2880,2866,8087,10114,2883,8951,16313,15988,15632,,
4360197,D-TEM,dark,Arabika Temanggung Mukidi,B24,25,purging,39,14964,2882,2866,8087,10114,2880,8951,16312,15986,15632,,
4361196,D-TEM,dark,Arabika Temanggung Mukidi,B24,25,purging,40,14956,2881,2865,8087,10114,2883,8952,16309,15985,15631,,
4362196,D-TEM,dark,Arabika Temanggung Mukidi,B24,25,purging,41,14948,2880,2863,8088,10113,2883,8953,16306,15983,15630,,
4363196,D-TEM,dark,Arabika Temanggung Mukidi,B24,25,purging,42,14941,2881,2865,8089,10113,2880,8954,16304,15981,15628,,
4364196,D-TEM,dark,Arabika Temanggung Mukidi,B24,25,purging,43,14934,2879,2865,8089,10113,2883,8956,16303,15980,15627,,
4365196,D-TEM,dark,Arabika Temanggung Mukidi,B24,25,purging,44,14927,2881,2866,8090,10112,2880,8956,16303,15978,15627,,
4366196,D-TEM,dark,Arabika Temanggung Mukidi,B24,25,purging,45,14920,2881,2863,8090,10112,2880,8957,16300,15977,15627,,
4367196,D-TEM,dark,Arabika Temanggung Mukidi,B24,25,purging,46,14914,2883,2866,8090,10111,2880,8958,16297,15975,15626,,
4368196,D-TEM,dark,Arabika Temanggung Mukidi,B24,25,purging,47,14908,2882,2864,8091,10111,2883,8958,16296,15973,15625,,
4369197,D-TEM,dark,Arabika Temanggung Mukidi,B24,25,purging,48,14902,2881,2866,8091,10110,2880,8958,16294,15972,15624,,
4370196,D-TEM,dark,Arabika Temanggung Mukidi,B24,25,purging,49,14896,2882,2866,8092,10109,2883,8959,16291,15970,15623,,
4371196,D-TEM,dark,Arabika Temanggung Mukidi,B24,25,purging,50,14891,2881,2867,8093,10109,2880,8959,16290,15968,15621,,
4372196,D-TEM,dark,Arabika Temanggung Mukidi,B24,25,purging,51,14885,2881,2865,8093,10108,2880,8960,16288,15966,15619,,
4373196,D-TEM,dark,Arabika Temanggung Mukidi,B24,25,purging,52,14879,2884,2868,8094,10106,2883,8960,16285,15964,15619,,
4374196,D-TEM,dark,Arabika Temanggung Mukidi,B24,25,purging,53,14874,2879,2865,8094,10104,2880,8960,16283,15961,15618,,
4375196,D-TEM,dark,Arabika Temanggung Mukidi,B24,25,purging,54,14869,2881,2865,8095,10103,2880,8960,16280,15959,15617,,
4376197,D-TEM,dark,Arabika Temanggung Mukidi,B24,25,purging,55,14865,2885,2866,8095,10102,2880,8960,16278,15957,15616,,
4377196,D-TEM,dark,Arabika Temanggung Mukidi,B24,25,purging,56,14860,2881,2865,8095,10101,2880,8960,16276,15956,15615,,
4378196,D-TEM,dark,Arabika Temanggung Mukidi,B24,25,purging,57,14855,2881,2863,8096,10100,2880,8960,16275,15953,15615,,
4379196,D-TEM,dark,Arabika Temanggung Mukidi,B24,25,purging,58,14851,2881,2865,8096,10098,2883,8961,16272,15951,15615,,
4380196,D-TEM,dark,Arabika Temanggung Mukidi,B24,25,purging,59,14847,2879,2864,8097,10097,2880,8961,16270,15950,15615,,
4381196,D-TEM,dark,Arabika Temanggung Mukidi,B24,25,purging,60,14842,2881,2866,8097,10096,2880,8962,16268,15948,15613,,
4382196,D-TEM,dark,Arabika Temanggung Mukidi,B24,25,purging,61,14838,2885,2868,8098,10095,2880,8963,16265,15945,15612,,
4383196,D-TEM,dark,Arabika Temanggung Mukidi,B24,25,purging,62,14834,2881,2868,8099,10094,2883,8963,16264,15943,15612,,
4384196,D-TEM,dark,Arabika Temanggung Mukidi,B24,25,purging,63,14830,2879,2867,8100,10093,2880,8963,16262,15941,15611,,
4385197,D-TEM,dark,Arabika Temanggung Mukidi,B24,25,purging,64,14825,2879,2863,8100,10092,2883,8963,16260,15940,15611,,
4386196,D-TEM,dark,Arabika Temanggung Mukidi,B24,25,purging,65,14821,2881,2867,8101,10091,2883,8964,16259,15938,15610,,
4387196,D-TEM,dark,Arabika Temanggung Mukidi,B24,25,purging,66,14818,2881,2866,8102,10090,2880,8964,16258,15936,15608,,
4388196,D-TEM,dark,Arabika Temanggung Mukidi,B24,25,purging,67,14815,2882,2867,8102,10090,2880,8963,16257,15935,15608,,
4389196,D-TEM,dark,Arabika Temanggung Mukidi,B24,25,purging,68,14812,2882,2866,8102,10089,2883,8963,16256,15934,15607,,
4390196,D-TEM,dark,Arabika Temanggung Mukidi,B24,25,purging,69,14810,2881,2865,8102,10087,2885,8963,16255,15932,15607,,
4391196,D-TEM,dark,Arabika Temanggung Mukidi,B24,25,purging,70,14808,2884,2868,8103,10086,2885,8962,16253,15930,15605,,
4392197,D-TEM,dark,Arabika Temanggung Mukidi,B24,25,purging,71,14807,2879,2866,8104,10085,2880,8962,16254,15930,15605,,
4393196,D-TEM,dark,Arabika Temanggung Mukidi,B24,25,purging,72,14804,2882,2866,8104,10084,2883,8962,16253,15929,15604,,
4394196,D-TEM,dark,Arabika Temanggung Mukidi,B24,25,purging,73,14802,2881,2863,8105,10082,2880,8961,16251,15927,15604,,
4395196,D-TEM,dark,Arabika Temanggung Mukidi,B24,25,purging,74,14801,2881,2865,8105,10081,2883,8961,16250,15926,15603,,
4396196,D-TEM,dark,Arabika Temanggung Mukidi,B24,25,purging,75,14798,2881,2866,8106,10081,2880,8961,16249,15924,15603,,
4397196,D-TEM,dark,Arabika Temanggung Mukidi,B24,25,purging,76,14796,2882,2863,8107,10080,2883,8960,16248,15923,15602,,
4398196,D-TEM,dark,Arabika Temanggung Mukidi,B24,25,purging,77,14794,2881,2868,8107,10079,2880,8960,16246,15921,15601,,
4399196,D-TEM,dark,Arabika Temanggung Mukidi,B24,25,purging,78,14792,2884,2866,8108,10077,2885,8959,16245,15919,15598,,
4400196,D-TEM,dark,Arabika Temanggung Mukidi,B24,25,purging,79,14790,2882,2867,8108,10075,2880,8958,16243,15918,15598,,
4401197,D-TEM,dark,Arabika Temanggung Mukidi,B24,25,purging,80,14788,2883,2864,8109,10073,2883,8958,16242,15916,15597,,
4402196,D-TEM,dark,Arabika Temanggung Mukidi,B24,25,purging,81,14787,2882,2865,8110,10071,2880,8957,16241,15915,15597,,
4403196,D-TEM,dark,Arabika Temanggung Mukidi,B24,25,purging,82,14785,2881,2865,8110,10070,2880,8956,16242,15913,15596,,
4404196,D-TEM,dark,Arabika Temanggung Mukidi,B24,25,purging,83,14785,2884,2868,8111,10068,2880,8955,16240,15912,15595,,
4405196,D-TEM,dark,Arabika Temanggung Mukidi,B24,25,purging,84,14784,2880,2864,8111,10066,2880,8954,16239,15910,15594,,
4406196,D-TEM,dark,Arabika Temanggung Mukidi,B24,25,purging,85,14784,2881,2865,8112,10066,2880,8954,16239,15909,15594,,
4407196,D-TEM,dark,Arabika Temanggung Mukidi,B24,25,purging,86,14783,2883,2864,8112,10065,2880,8952,16238,15908,15592,,
4408197,D-TEM,dark,Arabika Temanggung Mukidi,B24,25,purging,87,14782,2879,2865,8113,10063,2880,8951,16237,15906,15591,,
4409196,D-TEM,dark,Arabika Temanggung Mukidi,B24,25,purging,88,14780,2881,2865,8113,10062,2880,8951,16237,15905,15591,,
4410196,D-TEM,dark,Arabika Temanggung Mukidi,B24,25,purging,89,14779,2881,2865,8114,10061,2883,8950,16236,15903,15591,,
4411196,D-TEM,dark,Arabika Temanggung Mukidi,B24,25,purging,90,14778,2879,2869,8114,10060,2883,8950,16235,15902,15591,,
4412196,D-TEM,dark,Arabika Temanggung Mukidi,B24,25,purging,91,14777,2882,2865,8114,10058,2880,8950,16235,15902,15591,,
4413196,D-TEM,dark,Arabika Temanggung Mukidi,B24,25,purging,92,14777,2881,2866,8115,10058,2883,8950,16235,15901,15591,,
4414196,D-TEM,dark,Arabika Temanggung Mukidi,B24,25,purging,93,14777,2879,2866,8115,10057,2880,8950,16235,15900,15591,,
4415196,D-TEM,dark,Arabika Temanggung Mukidi,B24,25,purging,94,14776,2881,2867,8116,10056,2883,8950,16236,15901,15592,,
4416196,D-TEM,dark,Arabika Temanggung Mukidi,B24,25,purging,95,14775,2881,2865,8116,10056,2885,8950,16236,15900,15593,,
4417197,D-TEM,dark,Arabika Temanggung Mukidi,B24,25,purging,96,14774,2879,2864,8117,10056,2883,8951,16236,15900,15594,,
4418196,D-TEM,dark,Arabika Temanggung Mukidi,B24,25,purging,97,14773,2883,2868,8117,10056,2880,8952,16238,15901,15594,,
4419196,D-TEM,dark,Arabika Temanggung Mukidi,B24,25,purging,98,14773,2883,2863,8118,10057,2883,8953,16238,15901,15595,,
4420196,D-TEM,dark,Arabika Temanggung Mukidi,B24,25,purging,99,14772,2883,2865,8118,10057,2880,8953,16239,15901,15596,,
4421196,D-TEM,dark,Arabika Temanggung Mukidi,B24,25,purging,100,14771,2881,2865,8119,10057,2885,8954,16236,15900,15595,,
4422196,D-TEM,dark,Arabika Temanggung Mukidi,B24,25,purging,101,14769,2882,2864,8119,10057,2883,8954,16235,15899,15595,,
4423196,D-TEM,dark,Arabika Temanggung Mukidi,B24,25,purging,102,14767,2883,2864,8120,10056,2883,8956,16233,15897,15596,,
4424197,D-TEM,dark,Arabika Temanggung Mukidi,B24,25,purging,103,14766,2881,2865,8121,10055,2880,8956,16232,15897,15596,,
4425196,D-TEM,dark,Arabika Temanggung Mukidi,B24,25,purging,104,14763,2881,2863,8121,10054,2880,8957,16231,15895,15596,,
4426196,D-TEM,dark,Arabika Temanggung Mukidi,B24,25,purging,105,14760,2879,2870,8121,10054,2880,8958,16230,15894,15595,,
4427196,D-TEM,dark,Arabika Temanggung Mukidi,B24,25,purging,106,14756,2881,2864,8122,10054,2883,8959,16228,15893,15595,,
4428196,D-TEM,dark,Arabika Temanggung Mukidi,B24,25,purging,107,14753,2881,2865,8123,10053,2880,8960,16228,15891,15594,,
4429196,D-TEM,dark,Arabika Temanggung Mukidi,B24,25,purging,108,14749,2883,2868,8124,10053,2880,8961,16226,15890,15594,,
4430196,D-TEM,dark,Arabika Temanggung Mukidi,B24,25,purging,109,14747,2882,2865,8124,10053,2885,8961,16224,15888,15594,,
4431196,D-TEM,dark,Arabika Temanggung Mukidi,B24,25,purging,110,14744,2884,2865,8125,10053,2883,8963,16224,15887,15594,,
4432196,D-TEM,dark,Arabika Temanggung Mukidi,B24,25,purging,111,14742,2879,2867,8125,10052,2880,8963,16223,15886,15594,,
4433197,D-TEM,dark,Arabika Temanggung Mukidi,B24,25,purging,112,14741,2882,2863,8126,10052,2883,8963,16223,15886,15593,,
4434196,D-TEM,dark,Arabika Temanggung Mukidi,B24,25,purging,113,14740,2881,2866,8127,10052,2880,8962,16223,15886,15593,,
4435196,D-TEM,dark,Arabika Temanggung Mukidi,B24,25,purging,114,14740,2882,2864,8127,10052,2880,8961,16224,15886,15593,,
4436196,D-TEM,dark,Arabika Temanggung Mukidi,B24,25,purging,115,14740,2879,2866,8128,10051,2880,8960,16223,15885,15593,,
4437196,D-TEM,dark,Arabika Temanggung Mukidi,B24,25,purging,116,14740,2881,2864,8128,10050,2880,8960,16223,15885,15593,,
4438196,D-TEM,dark,Arabika Temanggung Mukidi,B24,25,purging,117,14738,2881,2865,8128,10049,2883,8961,16223,15884,15594,,
4439196,D-TEM,dark,Arabika Temanggung Mukidi,B24,25,purging,118,14736,2883,2863,8130,10049,2880,8963,16223,15884,15596,,
4440197,D-TEM,dark,Arabika Temanggung Mukidi,B24,25,purging,119,14734,2881,2864,8130,10050,2883,8965,16224,15885,15596,,
4441196,D-TEM,dark,Arabika Temanggung Mukidi,B24,25,purging,120,14731,2883,2865,8131,10051,2883,8967,16224,15884,15596,,
4442201,D-TEM,dark,Arabika Temanggung Mukidi,B24,25,collecting,1,14729,2881,2865,8131,10051,2880,8968,16223,15883,15597,,
4443196,D-TEM,dark,Arabika Temanggung Mukidi,B24,25,collecting,2,14728,2881,2865,8130,10049,2885,8968,16222,15883,15587,,
4444196,D-TEM,dark,Arabika Temanggung Mukidi,B24,25,collecting,3,14808,2883,2865,8129,10046,2880,8962,16223,15881,15591,,
4445196,D-TEM,dark,Arabika Temanggung Mukidi,B24,25,collecting,4,15009,2881,2864,8129,10053,2880,8953,16262,15900,15611,,
4446196,D-TEM,dark,Arabika Temanggung Mukidi,B24,25,collecting,5,15256,2882,2866,8131,10068,2883,8940,16334,15944,15639,,
4447196,D-TEM,dark,Arabika Temanggung Mukidi,B24,25,collecting,6,15495,2881,2866,8131,10083,2880,8924,16417,15998,15670,,
4448196,D-TEM,dark,Arabika Temanggung Mukidi,B24,25,collecting,7,15704,2883,2862,8132,10098,2880,8909,16495,16053,15701,,
4449197,D-TEM,dark,Arabika Temanggung Mukidi,B24,25,collecting,8,15881,2880,2869,8132,10109,2883,8894,16560,16104,15728,,
4450196,D-TEM,dark,Arabika Temanggung Mukidi,B24,25,collecting,9,16027,2883,2866,8133,10120,2880,8884,16614,16149,15752,,
4451196,D-TEM,dark,Arabika Temanggung Mukidi,B24,25,collecting,10,16145,2884,2865,8133,10130,2883,8875,16659,16187,15773,,
4452196,D-TEM,dark,Arabika Temanggung Mukidi,B24,25,collecting,11,16240,2880,2865,8133,10139,2883,8868,16694,16219,15791,,
4453196,D-TEM,dark,Arabika Temanggung Mukidi,B24,25,collecting,12,16316,2885,2863,8133,10147,2880,8864,16722,16244,15807,,
4454196,D-TEM,dark,Arabika Temanggung Mukidi,B24,25,collecting,13,16375,2885,2868,8133,10154,2883,8861,16744,16266,15820,,
4455196,D-TEM,dark,Arabika Temanggung Mukidi,B24,25,collecting,14,16422,2881,2868,8133,10160,2883,8859,16762,16283,15830,,
4456197,D-TEM,dark,Arabika Temanggung Mukidi,B24,25,collecting,15,16459,2885,2863,8133,10166,2883,8858,16775,16297,15840,,
4457196,D-TEM,dark,Arabika Temanggung Mukidi,B24,25,collecting,16,16486,2883,2865,8133,10171,2880,8858,16787,16308,15847,,
4458196,D-TEM,dark,Arabika Temanggung Mukidi,B24,25,collecting,17,16507,2881,2865,8133,10177,2883,8858,16795,16317,15853,,
4459196,D-TEM,dark,Arabika Temanggung Mukidi,B24,25,collecting,18,16521,2881,2866,8133,10182,2883,8859,16802,16324,15859,,
4460196,D-TEM,dark,Arabika Temanggung Mukidi,B24,25,collecting,19,16529,2885,2863,8134,10187,2880,8860,16806,16329,15863,,
4461196,D-TEM,dark,Arabika Temanggung Mukidi,B24,25,collecting,20,16534,2883,2867,8134,10191,2883,8862,16810,16333,15866,,
4462196,D-TEM,dark,Arabika Temanggung Mukidi,B24,25,collecting,21,16534,2883,2867,8133,10195,2883,8863,16812,16337,15870,,
4463196,D-TEM,dark,Arabika Temanggung Mukidi,B24,25,collecting,22,16533,2885,2865,8134,10198,2883,8865,16813,16339,15872,,
4464196,D-TEM,dark,Arabika Temanggung Mukidi,B24,25,collecting,23,16529,2885,2863,8134,10202,2883,8867,16813,16340,15874,,
4465197,D-TEM,dark,Arabika Temanggung Mukidi,B24,25,collecting,24,16523,2883,2865,8134,10204,2883,8869,16811,16340,15876,,
4466196,D-TEM,dark,Arabika Temanggung Mukidi,B24,25,collecting,25,16515,2884,2865,8135,10207,2880,8870,16810,16340,15877,,
4467196,D-TEM,dark,Arabika Temanggung Mukidi,B24,25,collecting,26,16507,2884,2865,8135,10209,2880,8873,16809,16340,15879,,
4468196,D-TEM,dark,Arabika Temanggung Mukidi,B24,25,collecting,27,16498,2883,2863,8135,10211,2883,8875,16808,16340,15878,,
4469196,D-TEM,dark,Arabika Temanggung Mukidi,B24,25,collecting,28,16489,2881,2866,8135,10213,2883,8876,16806,16339,15878,,
4470196,D-TEM,dark,Arabika Temanggung Mukidi,B24,25,collecting,29,16478,2881,2868,8136,10215,2883,8879,16805,16338,15880,,
4471196,D-TEM,dark,Arabika Temanggung Mukidi,B24,25,collecting,30,16468,2885,2865,8136,10217,2883,8880,16803,16337,15879,,
4472197,D-TEM,dark,Arabika Temanggung Mukidi,B24,25,collecting,31,16457,2881,2864,8137,10219,2885,8882,16800,16336,15879,,
4473196,D-TEM,dark,Arabika Temanggung Mukidi,B24,25,collecting,32,16447,2881,2866,8137,10221,2883,8883,16797,16335,15879,,
4474196,D-TEM,dark,Arabika Temanggung Mukidi,B24,25,collecting,33,16437,2885,2865,8137,10223,2883,8884,16796,16334,15879,,
4475196,D-TEM,dark,Arabika Temanggung Mukidi,B24,25,collecting,34,16427,2883,2865,8138,10224,2880,8886,16794,16333,15880,,
4476196,D-TEM,dark,Arabika Temanggung Mukidi,B24,25,collecting,35,16417,2884,2865,8138,10225,2883,8888,16791,16331,15879,,
4477196,D-TEM,dark,Arabika Temanggung Mukidi,B24,25,collecting,36,16407,2885,2865,8139,10227,2880,8889,16789,16330,15879,,
4478196,D-TEM,dark,Arabika Temanggung Mukidi,B24,25,collecting,37,16396,2884,2865,8139,10228,2880,8890,16787,16328,15878,,
4479196,D-TEM,dark,Arabika Temanggung Mukidi,B24,25,collecting,38,16385,2882,2865,8140,10230,2885,8892,16784,16328,15878,,
4480196,D-TEM,dark,Arabika Temanggung Mukidi,B24,25,collecting,39,16374,2881,2865,8140,10232,2883,8894,16782,16326,15876,,
4481197,D-TEM,dark,Arabika Temanggung Mukidi,B24,25,collecting,40,16364,2883,2865,8140,10233,2883,8895,16779,16324,15876,,
4482196,D-TEM,dark,Arabika Temanggung Mukidi,B24,25,collecting,41,16353,2882,2864,8141,10234,2883,8896,16776,16322,15874,,
4483196,D-TEM,dark,Arabika Temanggung Mukidi,B24,25,collecting,42,16343,2881,2866,8141,10235,2880,8898,16773,16321,15874,,
4484196,D-TEM,dark,Arabika Temanggung Mukidi,B24,25,collecting,43,16333,2881,2866,8142,10235,2883,8899,16771,16319,15873,,
4485196,D-TEM,dark,Arabika Temanggung Mukidi,B24,25,collecting,44,16322,2880,2868,8142,10236,2880,8900,16768,16317,15872,,
4486196,D-TEM,dark,Arabika Temanggung Mukidi,B24,25,collecting,45,16312,2881,2865,8143,10237,2880,8901,16765,16315,15871,,
4487196,D-TEM,dark,Arabika Temanggung Mukidi,B24,25,collecting,46,16303,2881,2865,8144,10237,2883,8902,16762,16313,15871,,
4488197,D-TEM,dark,Arabika Temanggung Mukidi,B24,25,collecting,47,16294,2881,2865,8144,10238,2880,8903,16759,16312,15869,,
4489196,D-TEM,dark,Arabika Temanggung Mukidi,B24,25,collecting,48,16285,2883,2869,8144,10238,2883,8904,16757,16310,15869,,
4490196,D-TEM,dark,Arabika Temanggung Mukidi,B24,25,collecting,49,16277,2880,2863,8144,10239,2883,8905,16756,16308,15867,,
4491196,D-TEM,dark,Arabika Temanggung Mukidi,B24,25,collecting,50,16269,2883,2864,8145,10240,2880,8906,16754,16307,15866,,
4492196,D-TEM,dark,Arabika Temanggung Mukidi,B24,25,collecting,51,16260,2883,2866,8146,10240,2883,8907,16752,16305,15866,,
4493196,D-TEM,dark,Arabika Temanggung Mukidi,B24,25,collecting,52,16250,2881,2864,8146,10240,2883,8908,16749,16304,15864,,
4494196,D-TEM,dark,Arabika Temanggung Mukidi,B24,25,collecting,53,16241,2881,2863,8146,10241,2880,8910,16746,16302,15863,,
4495196,D-TEM,dark,Arabika Temanggung Mukidi,B24,25,collecting,54,16232,2885,2866,8147,10242,2883,8910,16743,16300,15862,,
4496196,D-TEM,dark,Arabika Temanggung Mukidi,B24,25,collecting,55,16224,2881,2867,8148,10242,2880,8911,16740,16298,15861,,
4497197,D-TEM,dark,Arabika Temanggung Mukidi,B24,25,collecting,56,16217,2881,2867,8148,10243,2880,8912,16738,16296,15860,,
4498196,D-TEM,dark,Arabika Temanggung Mukidi,B24,25,collecting,57,16210,2881,2865,8149,10243,2880,8914,16737,16295,15859,,
4499196,D-TEM,dark,Arabika Temanggung Mukidi,B24,25,collecting,58,16204,2885,2866,8149,10244,2885,8914,16735,16293,15858,,
4500196,D-TEM,dark,Arabika Temanggung Mukidi,B24,25,collecting,59,16198,2881,2865,8150,10245,2880,8915,16734,16293,15857,,
4501196,D-TEM,dark,Arabika Temanggung Mukidi,B24,25,collecting,60,16192,2881,2865,8150,10245,2883,8915,16733,16292,15857,,
4502200,D-TEM,dark,Arabika Temanggung Mukidi,B24,26,purging,1,16187,2881,2865,8151,10245,2880,8916,16731,16291,15856,,
4503196,D-TEM,dark,Arabika Temanggung Mukidi,B24,26,purging,2,16181,2879,2865,8154,10248,2880,8919,16732,16291,15860,,
4504197,D-TEM,dark,Arabika Temanggung Mukidi,B24,26,purging,3,16157,2881,2865,8156,10254,2883,8925,16728,16290,15865,,
4505196,D-TEM,dark,Arabika Temanggung Mukidi,B24,26,purging,4,16110,2885,2867,8157,10259,2883,8937,16717,16287,15863,,
4506196,D-TEM,dark,Arabika Temanggung Mukidi,B24,26,purging,5,16050,2883,2863,8158,10264,2885,8949,16697,16279,15860,,
4507196,D-TEM,dark,Arabika Temanggung Mukidi,B24,26,purging,6,15983,2882,2867,8159,10266,2883,8961,16673,16268,15853,,
4508196,D-TEM,dark,Arabika Temanggung Mukidi,B24,26,purging,7,15913,2879,2864,8159,10268,2883,8971,16650,16254,15845,,
4509196,D-TEM,dark,Arabika Temanggung Mukidi,B24,26,purging,8,15843,2881,2865,8159,10267,2880,8978,16625,16239,15835,,
4510196,D-TEM,dark,Arabika Temanggung Mukidi,B24,26,purging,9,15774,2883,2864,8159,10264,2880,8985,16601,16224,15826,,
4511196,D-TEM,dark,Arabika Temanggung Mukidi,B24,26,purging,10,15708,2881,2864,8159,10262,2885,8989,16580,16208,15817,,
4512196,D-TEM,dark,Arabika Temanggung Mukidi,B24,26,purging,11,15645,2879,2866,8160,10259,2883,8993,16561,16194,15807,,
4513197,D-TEM,dark,Arabika Temanggung Mukidi,B24,26,purging,12,15586,2879,2863,8160,10255,2880,8996,16544,16181,15800,,
4514196,D-TEM,dark,Arabika Temanggung Mukidi,B24,26,purging,13,15532,2881,2864,8160,10252,2880,8999,16528,16169,15792,,
4515196,D-TEM,dark,Arabika Temanggung Mukidi,B24,26,purging,14,15481,2881,2865,8161,10249,2883,9002,16514,16158,15783,,
4516196,D-TEM,dark,Arabika Temanggung Mukidi,B24,26,purging,15,15434,2879,2864,8161,10246,2880,9004,16501,16147,15776,,
4517196,D-TEM,dark,Arabika Temanggung Mukidi,B24,26,purging,16,15390,2881,2865,8162,10242,2883,9005,16488,16136,15769,,
4518196,D-TEM,dark,Arabika Temanggung Mukidi,B24,26,purging,17,15350,2879,2869,8162,10239,2880,9007,16476,16127,15764,,
4519196,D-TEM,dark,Arabika Temanggung Mukidi,B24,26,purging,18,15313,2881,2865,8162,10236,2880,9008,16466,16119,15757,,
4520197,D-TEM,dark,Arabika Temanggung Mukidi,B24,26,purging,19,15278,2883,2864,8162,10233,2885,9009,16457,16111,15752,,
4521196,D-TEM,dark,Arabika Temanggung Mukidi,B24,26,purging,20,15247,2879,2868,8163,10230,2880,9010,16448,16103,15746,,
4522196,D-TEM,dark,Arabika Temanggung Mukidi,B24,26,purging,21,15217,2879,2866,8163,10227,2885,9011,16439,16095,15741,,
4523196,D-TEM,dark,Arabika Temanggung Mukidi,B24,26,purging,22,15190,2881,2865,8164,10225,2880,9011,16431,16088,15738,,
4524196,D-TEM,dark,Arabika Temanggung Mukidi,B24,26,purging,23,15165,2882,2865,8164,10223,2883,9013,16423,16081,15734,,
4525196,D-TEM,dark,Arabika Temanggung Mukidi,B24,26,purging,24,15142,2881,2867,8164,10221,2885,9014,16416,16076,15731,,
4526196,D-TEM,dark,Arabika Temanggung Mukidi,B24,26,purging,25,15120,2881,2867,8165,10219,2883,9015,16409,16071,15728,,
4527196,D-TEM,dark,Arabika Temanggung Mukidi,B24,26,purging,26,15100,2881,2865,8165,10217,2883,9016,16402,16065,15724,,
4528196,D-TEM,dark,Arabika Temanggung Mukidi,B24,26,purging,27,15081,2881,2865,8166,10214,2880,9016,16397,16059,15720,,
4529197,D-TEM,dark,Arabika Temanggung Mukidi,B24,26,purging,28,15065,2881,2863,8166,10212,2883,9017,16392,16054,15717,,
4530196,D-TEM,dark,Arabika Temanggung Mukidi,B24,26,purging,29,15048,2879,2867,8167,10209,2885,9017,16387,16050,15713,,
4531196,D-TEM,dark,Arabika Temanggung Mukidi,B24,26,purging,30,15033,2881,2865,8167,10207,2880,9017,16381,16044,15710,,
4532196,D-TEM,dark,Arabika Temanggung Mukidi,B24,26,purging,31,15020,2881,2863,8167,10205,2880,9017,16376,16040,15706,,
4533196,D-TEM,dark,Arabika Temanggung Mukidi,B24,26,purging,32,15007,2881,2866,8168,10203,2883,9017,16372,16035,15704,,
4534196,D-TEM,dark,Arabika Temanggung Mukidi,B24,26,purging,33,14994,2881,2865,8168,10200,2885,9017,16367,16031,15700,,
4535196,D-TEM,dark,Arabika Temanggung Mukidi,B24,26,purging,34,14982,2881,2864,8169,10198,2885,9017,16363,16026,15697,,
4536197,D-TEM,dark,Arabika Temanggung Mukidi,B24,26,purging,35,14971,2883,2867,8169,10196,2880,9017,16359,16023,15695,,
4537196,D-TEM,dark,Arabika Temanggung Mukidi,B24,26,purging,36,14961,2881,2865,8169,10195,2885,9018,16355,16019,15694,,
4538196,D-TEM,dark,Arabika Temanggung Mukidi,B24,26,purging,37,14951,2881,2865,8170,10193,2883,9019,16352,16016,15691,,
4539196,D-TEM,dark,Arabika Temanggung Mukidi,B24,26,purging,38,14942,2881,2865,8170,10192,2880,9020,16349,16013,15690,,
4540196,D-TEM,dark,Arabika Temanggung Mukidi,B24,26,purging,39,14935,2879,2866,8170,10192,2883,9021,16346,16011,15689,,
4541196,D-TEM,dark,Arabika Temanggung Mukidi,B24,26,purging,40,14928,2879,2866,8171,10191,2880,9022,16344,16009,15688,,
4542196,D-TEM,dark,Arabika Temanggung Mukidi,B24,26,purging,41,14921,2879,2865,8172,10191,2880,9022,16343,16007,15687,,
4543196,D-TEM,dark,Arabika Temanggung Mukidi,B24,26,purging,42,14914,2881,2868,8172,10190,2880,9022,16339,16005,15685,,
4544196,D-TEM,dark,Arabika Temanggung Mukidi,B24,26,purging,43,14907,2883,2866,8172,10189,2883,9022,16338,16003,15684,,
4545197,D-TEM,dark,Arabika Temanggung Mukidi,B24,26,purging,44,14901,2881,2865,8172,10187,2880,9022,16335,16001,15683,,
4546196,D-TEM,dark,Arabika Temanggung Mukidi,B24,26,purging,45,14895,2879,2864,8172,10185,2880,9022,16332,15998,15681,,
4547196,D-TEM,dark,Arabika Temanggung Mukidi,B24,26,purging,46,14890,2881,2867,8173,10183,2885,9022,16328,15995,15679,,
4548196,D-TEM,dark,Arabika Temanggung Mukidi,B24,26,purging,47,14885,2881,2865,8173,10182,2883,9022,16326,15993,15679,,
4549196,D-TEM,dark,Arabika Temanggung Mukidi,B24,26,purging,48,14879,2879,2864,8174,10180,2883,9022,16324,15991,15677,,
4550196,D-TEM,dark,Arabika Temanggung Mukidi,B24,26,purging,49,14874,2881,2870,8175,10180,2883,9023,16323,15988,15676,,
4551196,D-TEM,dark,Arabika Temanggung Mukidi,B24,26,purging,50,14868,2881,2867,8175,10179,2883,9023,16319,15986,15675,,
4552197,D-TEM,dark,Arabika Temanggung Mukidi,B24,26,purging,51,14863,2881,2866,8175,10179,2883,9024,16317,15983,15674,,
4553196,D-TEM,dark,Arabika Temanggung Mukidi,B24,26,purging,52,14858,2881,2865,8175,10177,2880,9024,16314,15982,15674,,
4554196,D-TEM,dark,Arabika Temanggung Mukidi,B24,26,purging,53,14852,2879,2862,8176,10176,2880,9025,16314,15979,15673,,
4555196,D-TEM,dark,Arabika Temanggung Mukidi,B24,26,purging,54,14847,2883,2866,8176,10176,2883,9026,16312,15977,15671,,
4556196,D-TEM,dark,Arabika Temanggung Mukidi,B24,26,purging,55,14842,2884,2865,8176,10174,2883,9027,16310,15975,15669,,
4557196,D-TEM,dark,Arabika Temanggung Mukidi,B24,26,purging,56,14836,2881,2866,8177,10173,2880,9027,16307,15972,15669,,
4558196,D-TEM,dark,Arabika Temanggung Mukidi,B24,26,purging,57,14831,2880,2863,8177,10172,2880,9027,16305,15970,15669,,
4559196,D-TEM,dark,Arabika Temanggung Mukidi,B24,26,purging,58,14825,2881,2865,8178,10171,2883,9027,16302,15967,15667,,
4560196,D-TEM,dark,Arabika Temanggung Mukidi,B24,26,purging,59,14821,2881,2865,8178,10169,2883,9028,16299,15964,15666,,
4561197,D-TEM,dark,Arabika Temanggung Mukidi,B24,26,purging,60,14815,2881,2864,8179,10167,2885,9028,16297,15962,15665,,
4562196,D-TEM,dark,Arabika Temanggung Mukidi,B24,26,purging,61,14810,2883,2865,8179,10166,2883,9028,16295,15959,15663,,
4563196,D-TEM,dark,Arabika Temanggung Mukidi,B24,26,purging,62,14804,2882,2867,8180,10165,2883,9029,16292,15957,15662,,
4564196,D-TEM,dark,Arabika Temanggung Mukidi,B24,26,purging,63,14799,2881,2864,8180,10163,2880,9029,16289,15954,15660,,
4565196,D-TEM,dark,Arabika Temanggung Mukidi,B24,26,purging,64,14794,2884,2863,8181,10161,2880,9028,16287,15951,15660,,
4566196,D-TEM,dark,Arabika Temanggung Mukidi,B24,26,purging,65,14788,2882,2865,8181,10159,2880,9029,16284,15949,15659,,
4567196,D-TEM,dark,Arabika Temanggung Mukidi,B24,26,purging,66,14783,2881,2867,8182,10158,2880,9031,16283,15946,15658,,
4568197,D-TEM,dark,Arabika Temanggung Mukidi,B24,26,purging,67,14778,2881,2866,8182,10157,2880,9032,16280,15943,15657,,
4569196,D-TEM,dark,Arabika Temanggung Mukidi,B24,26,purging,68,14774,2882,2864,8182,10155,2880,9032,16277,15941,15655,,
4570196,D-TEM,dark,Arabika Temanggung Mukidi,B24,26,purging,69,14770,2881,2866,8183,10155,2883,9032,16275,15939,15654,,
4571196,D-TEM,dark,Arabika Temanggung Mukidi,B24,26,purging,70,14766,2881,2867,8184,10153,2880,9032,16272,15936,15653,,
4572196,D-TEM,dark,Arabika Temanggung Mukidi,B24,26,purging,71,14762,2881,2863,8184,10153,2880,9032,16269,15933,15651,,
4573196,D-TEM,dark,Arabika Temanggung Mukidi,B24,26,purging,72,14758,2881,2865,8185,10151,2880,9031,16268,15932,15650,,
4574196,D-TEM,dark,Arabika Temanggung Mukidi,B24,26,purging,73,14755,2882,2865,8185,10149,2880,9031,16266,15929,15650,,
4575196,D-TEM,dark,Arabika Temanggung Mukidi,B24,26,purging,74,14752,2881,2865,8186,10148,2883,9031,16264,15927,15649,,
4576196,D-TEM,dark,Arabika Temanggung Mukidi,B24,26,purging,75,14749,2881,2865,8186,10147,2880,9031,16262,15925,15648,,
4577197,D-TEM,dark,Arabika Temanggung Mukidi,B24,26,purging,76,14746,2881,2866,8187,10145,2885,9031,16260,15923,15647,,
4578196,D-TEM,dark,Arabika Temanggung Mukidi,B24,26,purging,77,14742,2881,2867,8187,10144,2880,9031,16258,15921,15646,,
4579196,D-TEM,dark,Arabika Temanggung Mukidi,B24,26,purging,78,14739,2881,2865,8188,10143,2880,9031,16257,15919,15644,,
4580196,D-TEM,dark,Arabika Temanggung Mukidi,B24,26,purging,79,14734,2881,2864,8188,10140,2883,9030,16254,15916,15643,,
4581196,D-TEM,dark,Arabika Temanggung Mukidi,B24,26,purging,80,14729,2879,2865,8189,10139,2883,9030,16252,15913,15642,,
4582196,D-TEM,dark,Arabika Temanggung Mukidi,B24,26,purging,81,14726,2881,2864,8190,10138,2880,9031,16250,15911,15642,,
4583196,D-TEM,dark,Arabika Temanggung Mukidi,B24,26,purging,82,14722,2881,2864,8190,10137,2880,9033,16248,15909,15642,,
4584197,D-TEM,dark,Arabika Temanggung Mukidi,B24,26,purging,83,14720,2881,2865,8190,10137,2880,9033,16247,15908,15642,,
4585196,D-TEM,dark,Arabika Temanggung Mukidi,B24,26,purging,84,14717,2883,2865,8191,10136,2883,9034,16246,15906,15642,,
4586196,D-TEM,dark,Arabika Temanggung Mukidi,B24,26,purging,85,14713,2880,2865,8192,10135,2880,9035,16245,15906,15642,,
4587196,D-TEM,dark,Arabika Temanggung Mukidi,B24,26,purging,86,14711,2881,2864,8192,10136,2885,9036,16243,15904,15642,,
4588196,D-TEM,dark,Arabika Temanggung Mukidi,B24,26,purging,87,14708,2881,2866,8193,10135,2883,9036,16243,15904,15641,,
4589196,D-TEM,dark,Arabika Temanggung Mukidi,B24,26,purging,88,14706,2879,2866,8194,10135,2883,9037,16243,15902,15640,,
4590196,D-TEM,dark,Arabika Temanggung Mukidi,B24,26,purging,89,14704,2881,2865,8194,10134,2880,9037,16241,15901,15639,,
4591196,D-TEM,dark,Arabika Temanggung Mukidi,B24,26,purging,90,14701,2881,2864,8195,10133,2883,9037,16238,15899,15639,,
4592196,D-TEM,dark,Arabika Temanggung Mukidi,B24,26,purging,91,14699,2881,2866,8195,10132,2885,9037,16237,15897,15638,,
4593197,D-TEM,dark,Arabika Temanggung Mukidi,B24,26,purging,92,14697,2883,2867,8196,10131,2885,9036,16236,15895,15638,,
4594196,D-TEM,dark,Arabika Temanggung Mukidi,B24,26,purging,93,14696,2881,2868,8196,10130,2883,9036,16236,15895,15637,,
4595196,D-TEM,dark,Arabika Temanggung Mukidi,B24,26,purging,94,14693,2885,2864,8197,10128,2880,9036,16234,15894,15636,,
4596196,D-TEM,dark,Arabika Temanggung Mukidi,B24,26,purging,95,14690,2882,2865,8197,10127,2883,9036,16233,15892,15635,,
4597196,D-TEM,dark,Arabika Temanggung Mukidi,B24,26,purging,96,14687,2883,2866,8198,10125,2880,9035,16231,15890,15634,,
4598196,D-TEM,dark,Arabika Temanggung Mukidi,B24,26,purging,97,14685,2881,2866,8198,10122,2883,9034,16229,15887,15633,,
4599196,D-TEM,dark,Arabika Temanggung Mukidi,B24,26,purging,98,14682,2883,2864,8198,10120,2883,9034,16228,15885,15631,,
4600197,D-TEM,dark,Arabika Temanggung Mukidi,B24,26,purging,99,14680,2881,2866,8199,10119,2880,9034,16226,15883,15631,,
4601196,D-TEM,dark,Arabika Temanggung Mukidi,B24,26,purging,100,14677,2881,2866,8199,10117,2880,9033,16224,15881,15629,,
4602196,D-TEM,dark,Arabika Temanggung Mukidi,B24,26,purging,101,14673,2884,2867,8200,10115,2880,9033,16222,15877,15627,,
4603196,D-TEM,dark,Arabika Temanggung Mukidi,B24,26,purging,102,14669,2882,2865,8200,10112,2880,9034,16220,15874,15626,,
4604196,D-TEM,dark,Arabika Temanggung Mukidi,B24,26,purging,103,14666,2884,2868,8201,10111,2883,9034,16217,15872,15625,,
4605196,D-TEM,dark,Arabika Temanggung Mukidi,B24,26,purging,104,14662,2881,2864,8201,10109,2880,9034,16214,15869,15625,,
4606196,D-TEM,dark,Arabika Temanggung Mukidi,B24,26,purging,105,14660,2880,2868,8201,10108,2880,9033,16213,15867,15624,,
4607196,D-TEM,dark,Arabika Temanggung Mukidi,B24,26,purging,106,14658,2881,2866,8202,10107,2883,9034,16212,15865,15624,,
4608196,D-TEM,dark,Arabika Temanggung Mukidi,B24,26,purging,107,14656,2881,2866,8203,10107,2885,9034,16211,15864,15624,,
4609197,D-TEM,dark,Arabika Temanggung Mukidi,B24,26,purging,108,14654,2881,2865,8204,10106,2880,9034,16211,15863,15623,,
4610196,D-TEM,dark,Arabika Temanggung Mukidi,B24,26,purging,109,14653,2881,2863,8204,10105,2880,9034,16209,15861,15623,,
4611196,D-TEM,dark,Arabika Temanggung Mukidi,B24,26,purging,110,14651,2879,2865,8204,10104,2880,9034,16208,15860,15622,,
4612196,D-TEM,dark,Arabika Temanggung Mukidi,B24,26,purging,111,14649,2881,2864,8205,10104,2880,9034,16207,15859,15622,,
4613196,D-TEM,dark,Arabika Temanggung Mukidi,B24,26,purging,112,14647,2882,2864,8205,10102,2880,9034,16205,15857,15621,,
4614196,D-TEM,dark,Arabika Temanggung Mukidi,B24,26,purging,113,14645,2881,2865,8206,10102,2885,9033,16205,15856,15620,,
4615196,D-TEM,dark,Arabika Temanggung Mukidi,B24,26,purging,114,14644,2882,2867,8206,10101,2883,9033,16204,15855,15618,,
4616197,D-TEM,dark,Arabika Temanggung Mukidi,B24,26,purging,115,14642,2884,2868,8207,10100,2880,9033,16204,15854,15618,,
4617196,D-TEM,dark,Arabika Temanggung Mukidi,B24,26,purging,116,14639,2881,2867,8207,10098,2880,9033,16202,15852,15617,,
4618196,D-TEM,dark,Arabika Temanggung Mukidi,B24,26,purging,117,14637,2882,2865,8208,10097,2883,9033,16202,15850,15618,,
4619196,D-TEM,dark,Arabika Temanggung Mukidi,B24,26,purging,118,14636,2879,2866,8209,10096,2880,9032,16199,15848,15617,,
4620196,D-TEM,dark,Arabika Temanggung Mukidi,B24,26,purging,119,14635,2881,2864,8209,10095,2880,9033,16198,15846,15617,,
4621196,D-TEM,dark,Arabika Temanggung Mukidi,B24,26,purging,120,14634,2882,2866,8209,10095,2880,9033,16199,15846,15616,,
4622200,D-TEM,dark,Arabika Temanggung Mukidi,B24,26,collecting,1,14633,2883,2866,8210,10094,2880,9033,16198,15845,15616,,
4623196,D-TEM,dark,Arabika Temanggung Mukidi,B24,26,collecting,2,14634,2879,2866,8208,10092,2885,9030,16197,15845,15607,,
4624196,D-TEM,dark,Arabika Temanggung Mukidi,B24,26,collecting,3,14715,2881,2869,8208,10089,2880,9025,16199,15844,15614,,
4625197,D-TEM,dark,Arabika Temanggung Mukidi,B24,26,collecting,4,14926,2884,2866,8208,10100,2880,9018,16240,15868,15637,,
4626196,D-TEM,dark,Arabika Temanggung Mukidi,B24,26,collecting,5,15181,2881,2863,8209,10119,2883,9007,16323,15919,15670,,
4627196,D-TEM,dark,Arabika Temanggung Mukidi,B24,26,collecting,6,15426,2883,2866,8210,10140,2880,8992,16412,15981,15705,,
4628196,D-TEM,dark,Arabika Temanggung Mukidi,B24,26,collecting,7,15641,2883,2866,8210,10159,2880,8977,16494,16043,15737,,
4629196,D-TEM,dark,Arabika Temanggung Mukidi,B24,26,collecting,8,15823,2881,2864,8210,10174,2883,8964,16562,16100,15766,,
4630196,D-TEM,dark,Arabika Temanggung Mukidi,B24,26,collecting,9,15972,2882,2866,8211,10186,2883,8953,16620,16149,15792,,
4631196,D-TEM,dark,Arabika Temanggung Mukidi,B24,26,collecting,10,16094,2885,2864,8211,10197,2883,8944,16666,16191,15815,,
4632197,D-TEM,dark,Arabika Temanggung Mukidi,B24,26,collecting,11,16194,2883,2868,8211,10206,2885,8938,16704,16227,15834,,
4633196,D-TEM,dark,Arabika Temanggung Mukidi,B24,26,collecting,12,16275,2883,2868,8211,10216,2883,8933,16734,16256,15850,,
4634196,D-TEM,dark,Arabika Temanggung Mukidi,B24,26,collecting,13,16339,2883,2864,8211,10224,2883,8929,16757,16280,15864,,
4635196,D-TEM,dark,Arabika Temanggung Mukidi,B24,26,collecting,14,16390,2883,2863,8211,10230,2880,8927,16777,16300,15874,,
4636196,D-TEM,dark,Arabika Temanggung Mukidi,B24,26,collecting,15,16429,2883,2866,8211,10237,2880,8925,16793,16316,15883,,
4637196,D-TEM,dark,Arabika Temanggung Mukidi,B24,26,collecting,16,16457,2883,2866,8211,10242,2883,8924,16804,16328,15890,,
4638196,D-TEM,dark,Arabika Temanggung Mukidi,B24,26,collecting,17,16478,2881,2870,8211,10247,2880,8924,16812,16338,15897,,
4639196,D-TEM,dark,Arabika Temanggung Mukidi,B24,26,collecting,18,16491,2883,2864,8211,10251,2880,8924,16816,16344,15902,,
4640196,D-TEM,dark,Arabika Temanggung Mukidi,B24,26,collecting,19,16499,2886,2864,8211,10255,2883,8925,16818,16349,15906,,
4641197,D-TEM,dark,Arabika Temanggung Mukidi,B24,26,collecting,20,16502,2883,2863,8211,10258,2885,8926,16820,16353,15909,,
4642196,D-TEM,dark,Arabika Temanggung Mukidi,B24,26,collecting,21,16502,2883,2866,8211,10261,2880,8927,16821,16355,15911,,
4643196,D-TEM,dark,Arabika Temanggung Mukidi,B24,26,collecting,22,16499,2883,2864,8211,10263,2885,8928,16822,16356,15913,,
4644196,D-TEM,dark,Arabika Temanggung Mukidi,B24,26,collecting,23,16495,2881,2866,8211,10266,2880,8929,16822,16357,15914,,
4645196,D-TEM,dark,Arabika Temanggung Mukidi,B24,26,collecting,24,16489,2884,2868,8211,10268,2885,8930,16820,16357,15914,,
4646196,D-TEM,dark,Arabika Temanggung Mukidi,B24,26,collecting,25,16480,2883,2866,8212,10270,2883,8932,16819,16356,15915,,
4647196,D-TEM,dark,Arabika Temanggung Mukidi,B24,26,collecting,26,16469,2886,2866,8211,10271,2880,8933,16815,16354,15915,,
4648197,D-TEM,dark,Arabika Temanggung Mukidi,B24,26,collecting,27,16457,2883,2864,8212,10271,2880,8934,16812,16351,15913,,
4649196,D-TEM,dark,Arabika Temanggung Mukidi,B24,26,collecting,28,16445,2886,2864,8213,10272,2880,8936,16808,16349,15913,,
4650196,D-TEM,dark,Arabika Temanggung Mukidi,B24,26,collecting,29,16432,2881,2866,8212,10273,2880,8938,16803,16347,15912,,
4651196,D-TEM,dark,Arabika Temanggung Mukidi,B24,26,collecting,30,16419,2886,2864,8212,10274,2880,8939,16799,16345,15911,,
4652196,D-TEM,dark,Arabika Temanggung Mukidi,B24,26,collecting,31,16406,2881,2868,8212,10275,2885,8941,16795,16343,15911,,
4653196,D-TEM,dark,Arabika Temanggung Mukidi,B24,26,collecting,32,16395,2883,2865,8213,10276,2883,8942,16793,16342,15910,,
4654196,D-TEM,dark,Arabika Temanggung Mukidi,B24,26,collecting,33,16384,2884,2864,8213,10278,2883,8944,16790,16341,15909,,
4655196,D-TEM,dark,Arabika Temanggung Mukidi,B24,26,collecting,34,16372,2883,2866,8214,10279,2880,8945,16787,16338,15908,,
4656196,D-TEM,dark,Arabika Temanggung Mukidi,B24,26,collecting,35,16360,2883,2866,8214,10279,2880,8946,16783,16336,15907,,
4657197,D-TEM,dark,Arabika Temanggung Mukidi,B24,26,collecting,36,16349,2886,2870,8214,10279,2883,8946,16781,16334,15906,,
4658196,D-TEM,dark,Arabika Temanggung Mukidi,B24,26,collecting,37,16339,2884,2866,8215,10280,2880,8948,16778,16332,15905,,
4659196,D-TEM,dark,Arabika Temanggung Mukidi,B24,26,collecting,38,16328,2883,2865,8215,10280,2883,8949,16775,16329,15903,,
4660196,D-TEM,dark,Arabika Temanggung Mukidi,B24,26,collecting,39,16318,2883,2866,8215,10280,2880,8950,16771,16326,15902,,
4661196,D-TEM,dark,Arabika Temanggung Mukidi,B24,26,collecting,40,16307,2883,2864,8215,10281,2880,8951,16768,16323,15900,,
4662196,D-TEM,dark,Arabika Temanggung Mukidi,B24,26,collecting,41,16296,2883,2869,8216,10281,2883,8952,16764,16321,15900,,
4663196,D-TEM,dark,Arabika Temanggung Mukidi,B24,26,collecting,42,16285,2886,2866,8216,10281,2883,8954,16762,16318,15898,,
4664197,D-TEM,dark,Arabika Temanggung Mukidi,B24,26,collecting,43,16274,2883,2863,8216,10282,2883,8955,16759,16314,15897,,
4665196,D-TEM,dark,Arabika Temanggung Mukidi,B24,26,collecting,44,16263,2886,2866,8217,10282,2885,8956,16754,16312,15896,,
4666196,D-TEM,dark,Arabika Temanggung Mukidi,B24,26,collecting,45,16253,2883,2863,8217,10281,2883,8957,16751,16308,15894,,
4667196,D-TEM,dark,Arabika Temanggung Mukidi,B24,26,collecting,46,16243,2883,2863,8217,10281,2880,8957,16748,16306,15892,,
4668196,D-TEM,dark,Arabika Temanggung Mukidi,B24,26,collecting,47,16233,2883,2870,8218,10282,2885,8958,16745,16303,15890,,
4669196,D-TEM,dark,Arabika Temanggung Mukidi,B24,26,collecting,48,16224,2883,2867,8218,10282,2880,8959,16742,16300,15889,,
4670196,D-TEM,dark,Arabika Temanggung Mukidi,B24,26,collecting,49,16215,2886,2866,8219,10282,2880,8960,16739,16298,15888,,
4671196,D-TEM,dark,Arabika Temanggung Mukidi,B24,26,collecting,50,16205,2883,2866,8219,10282,2880,8961,16735,16295,15886,,
4672196,D-TEM,dark,Arabika Temanggung Mukidi,B24,26,collecting,51,16197,2883,2866,8219,10283,2880,8962,16733,16292,15885,,
4673197,D-TEM,dark,Arabika Temanggung Mukidi,B24,26,collecting,52,16188,2883,2865,8219,10282,2880,8962,16730,16290,15884,,
4674196,D-TEM,dark,Arabika Temanggung Mukidi,B24,26,collecting,53,16180,2883,2868,8220,10282,2880,8963,16727,16287,15882,,
4675196,D-TEM,dark,Arabika Temanggung Mukidi,B24,26,collecting,54,16172,2886,2866,8220,10282,2883,8964,16725,16285,15881,,
4676196,D-TEM,dark,Arabika Temanggung Mukidi,B24,26,collecting,55,16164,2884,2866,8221,10283,2880,8965,16723,16283,15881,,
4677196,D-TEM,dark,Arabika Temanggung Mukidi,B24,26,collecting,56,16156,2886,2866,8221,10283,2880,8965,16720,16281,15880,,
4678196,D-TEM,dark,Arabika Temanggung Mukidi,B24,26,collecting,57,16150,2884,2866,8221,10283,2883,8967,16718,16279,15879,,
4679196,D-TEM,dark,Arabika Temanggung Mukidi,B24,26,collecting,58,16143,2883,2866,8222,10284,2883,8967,16716,16278,15877,,
4680197,D-TEM,dark,Arabika Temanggung Mukidi,B24,26,collecting,59,16136,2881,2868,8222,10284,2880,8968,16714,16276,15877,,
4681196,D-TEM,dark,Arabika Temanggung Mukidi,B24,26,collecting,60,16131,2884,2866,8223,10285,2883,8969,16712,16274,15876,,
4682201,D-TEM,dark,Arabika Temanggung Mukidi,B24,27,purging,1,16125,2886,2870,8223,10286,2880,8970,16710,16273,15876,,
4683196,D-TEM,dark,Arabika Temanggung Mukidi,B24,27,purging,2,16119,2886,2865,8225,10289,2883,8973,16709,16272,15881,,
4684196,D-TEM,dark,Arabika Temanggung Mukidi,B24,27,purging,3,16093,2886,2866,8227,10294,2883,8979,16704,16271,15884,,
4685196,D-TEM,dark,Arabika Temanggung Mukidi,B24,27,purging,4,16045,2886,2868,8227,10300,2885,8990,16691,16266,15884,,
4686196,D-TEM,dark,Arabika Temanggung Mukidi,B24,27,purging,5,15985,2883,2868,8228,10305,2880,9001,16671,16258,15879,,
4687196,D-TEM,dark,Arabika Temanggung Mukidi,B24,27,purging,6,15919,2885,2866,8228,10310,2880,9012,16647,16246,15874,,
4688196,D-TEM,dark,Arabika Temanggung Mukidi,B24,27,purging,7,15851,2882,2865,8229,10316,2880,9021,16623,16234,15867,,
4689197,D-TEM,dark,Arabika Temanggung Mukidi,B24,27,purging,8,15782,2882,2863,8229,10319,2880,9029,16599,16221,15860,,
4690196,D-TEM,dark,Arabika Temanggung Mukidi,B24,27,purging,9,15716,2884,2863,8229,10322,2880,9036,16577,16208,15853,,
4691196,D-TEM,dark,Arabika Temanggung Mukidi,B24,27,purging,10,15653,2883,2866,8230,10324,2880,9042,16557,16196,15846,,
4692196,D-TEM,dark,Arabika Temanggung Mukidi,B24,27,purging,11,15593,2880,2866,8230,10325,2880,9046,16537,16183,15838,,
4693196,D-TEM,dark,Arabika Temanggung Mukidi,B24,27,purging,12,15537,2882,2866,8230,10325,2880,9050,16519,16172,15833,,
4694196,D-TEM,dark,Arabika Temanggung Mukidi,B24,27,purging,13,15484,2881,2864,8231,10325,2880,9053,16503,16161,15827,,
4695196,D-TEM,dark,Arabika Temanggung Mukidi,B24,27,purging,14,15436,2881,2868,8231,10325,2880,9056,16487,16150,15822,,
4696197,D-TEM,dark,Arabika Temanggung Mukidi,B24,27,purging,15,15390,2883,2866,8231,10324,2883,9058,16474,16141,15816,,
4697196,D-TEM,dark,Arabika Temanggung Mukidi,B24,27,purging,16,15347,2881,2866,8232,10324,2885,9060,16461,16131,15811,,
4698196,D-TEM,dark,Arabika Temanggung Mukidi,B24,27,purging,17,15307,2884,2866,8232,10322,2880,9063,16447,16122,15806,,
4699196,D-TEM,dark,Arabika Temanggung Mukidi,B24,27,purging,18,15270,2881,2864,8233,10321,2880,9065,16438,16114,15800,,
4700196,D-TEM,dark,Arabika Temanggung Mukidi,B24,27,purging,19,15234,2883,2866,8234,10319,2880,9066,16427,16105,15795,,
4701196,D-TEM,dark,Arabika Temanggung Mukidi,B24,27,purging,20,15200,2884,2865,8234,10316,2880,9067,16417,16096,15790,,
4702196,D-TEM,dark,Arabika Temanggung Mukidi,B24,27,purging,21,15168,2883,2866,8235,10313,2885,9069,16405,16088,15786,,
4703196,D-TEM,dark,Arabika Temanggung Mukidi,B24,27,purging,22,15138,2882,2869,8235,10310,2880,9070,16394,16078,15781,,
4704196,D-TEM,dark,Arabika Temanggung Mukidi,B24,27,purging,23,15111,2882,2866,8236,10307,2883,9071,16384,16070,15775,,
4705197,D-TEM,dark,Arabika Temanggung Mukidi,B24,27,purging,24,15084,2884,2866,8236,10304,2883,9073,16375,16061,15770,,
4706196,D-TEM,dark,Arabika Temanggung Mukidi,B24,27,purging,25,15058,2882,2870,8237,10301,2880,9074,16367,16053,15765,,
4707196,D-TEM,dark,Arabika Temanggung Mukidi,B24,27,purging,26,15032,2882,2866,8237,10296,2880,9075,16356,16043,15760,,
4708196,D-TEM,dark,Arabika Temanggung Mukidi,B24,27,purging,27,15009,2881,2865,8238,10293,2885,9076,16347,16034,15755,,
4709196,D-TEM,dark,Arabika Temanggung Mukidi,B24,27,purging,28,14988,2881,2867,8239,10290,2883,9077,16339,16027,15752,,
4710196,D-TEM,dark,Arabika Temanggung Mukidi,B24,27,purging,29,14968,2882,2866,8239,10287,2883,9078,16332,16020,15749,,
4711196,D-TEM,dark,Arabika Temanggung Mukidi,B24,27,purging,30,14949,2882,2866,8239,10285,2880,9079,16325,16013,15746,,
4712197,D-TEM,dark,Arabika Temanggung Mukidi,B24,27,purging,31,14933,2881,2866,8239,10283,2883,9079,16319,16008,15742,,
4713196,D-TEM,dark,Arabika Temanggung Mukidi,B24,27,purging,32,14918,2885,2864,8240,10281,2885,9079,16314,16002,15739,,
4714196,D-TEM,dark,Arabika Temanggung Mukidi,B24,27,purging,33,14904,2882,2865,8241,10279,2880,9079,16309,15997,15737,,
4715196,D-TEM,dark,Arabika Temanggung Mukidi,B24,27,purging,34,14893,2882,2867,8241,10278,2880,9079,16303,15992,15734,,
4716196,D-TEM,dark,Arabika Temanggung Mukidi,B24,27,purging,35,14882,2884,2865,8242,10276,2883,9079,16300,15988,15731,,
4717196,D-TEM,dark,Arabika Temanggung Mukidi,B24,27,purging,36,14872,2882,2865,8242,10274,2885,9078,16296,15985,15728,,
4718196,D-TEM,dark,Arabika Temanggung Mukidi,B24,27,purging,37,14863,2881,2866,8243,10273,2885,9078,16292,15981,15727,,
4719196,D-TEM,dark,Arabika Temanggung Mukidi,B24,27,purging,38,14856,2881,2864,8243,10272,2880,9078,16290,15979,15727,,
4720196,D-TEM,dark,Arabika Temanggung Mukidi,B24,27,purging,39,14847,2882,2863,8244,10271,2880,9077,16286,15976,15724,,
4721197,D-TEM,dark,Arabika Temanggung Mukidi,B24,27,purging,40,14836,2883,2866,8244,10268,2880,9077,16281,15971,15720,,
4722196,D-TEM,dark,Arabika Temanggung Mukidi,B24,27,purging,41,14824,2883,2870,8245,10264,2880,9076,16275,15965,15716,,
4723196,D-TEM,dark,Arabika Temanggung Mukidi,B24,27,purging,42,14814,2882,2868,8245,10260,2880,9076,16268,15958,15712,,
4724196,D-TEM,dark,Arabika Temanggung Mukidi,B24,27,purging,43,14802,2882,2868,8246,10257,2880,9076,16263,15951,15710,,
4725196,D-TEM,dark,Arabika Temanggung Mukidi,B24,27,purging,44,14791,2882,2866,8246,10254,2880,9076,16256,15945,15707,,
4726196,D-TEM,dark,Arabika Temanggung Mukidi,B24,27,purging,45,14780,2882,2866,8247,10249,2880,9076,16250,15938,15704,,
4727196,D-TEM,dark,Arabika Temanggung Mukidi,B24,27,purging,46,14769,2880,2866,8247,10246,2883,9076,16244,15932,15701,,
4728197,D-TEM,dark,Arabika Temanggung Mukidi,B24,27,purging,47,14759,2885,2870,8248,10242,2880,9076,16238,15925,15697,,
4729196,D-TEM,dark,Arabika Temanggung Mukidi,B24,27,purging,48,14749,2881,2866,8248,10239,2883,9077,16233,15919,15694,,
4730196,D-TEM,dark,Arabika Temanggung Mukidi,B24,27,purging,49,14739,2881,2863,8249,10236,2883,9078,16229,15914,15692,,
4731196,D-TEM,dark,Arabika Temanggung Mukidi,B24,27,purging,50,14731,2881,2864,8250,10234,2883,9078,16225,15910,15690,,
4732196,D-TEM,dark,Arabika Temanggung Mukidi,B24,27,purging,51,14725,2882,2865,8250,10233,2880,9078,16221,15906,15688,,
4733196,D-TEM,dark,Arabika Temanggung Mukidi,B24,27,purging,52,14718,2886,2867,8250,10232,2885,9079,16220,15903,15687,,
4734196,D-TEM,dark,Arabika Temanggung Mukidi,B24,27,purging,53,14711,2883,2866,8251,10230,2880,9078,16216,15899,15685,,
4735196,D-TEM,dark,Arabika Temanggung Mukidi,B24,27,purging,54,14704,2882,2866,8252,10229,2885,9079,16213,15896,15684,,
4736196,D-TEM,dark,Arabika Temanggung Mukidi,B24,27,purging,55,14698,2885,2870,8252,10227,2883,9079,16209,15892,15683,,
4737197,D-TEM,dark,Arabika Temanggung Mukidi,B24,27,purging,56,14691,2881,2868,8253,10225,2880,9079,16207,15889,15681,,
4738196,D-TEM,dark,Arabika Temanggung Mukidi,B24,27,purging,57,14685,2881,2865,8254,10224,2883,9079,16203,15886,15680,,
4739196,D-TEM,dark,Arabika Temanggung Mukidi,B24,27,purging,58,14679,2881,2864,8254,10222,2885,9081,16199,15882,15678,,
4740196,D-TEM,dark,Arabika Temanggung Mukidi,B24,27,purging,59,14672,2881,2868,8255,10221,2880,9081,16195,15879,15677,,
4741196,D-TEM,dark,Arabika Temanggung Mukidi,B24,27,purging,60,14667,2881,2865,8255,10220,2880,9082,16192,15876,15675,,
4742196,D-TEM,dark,Arabika Temanggung Mukidi,B24,27,purging,61,14662,2881,2864,8255,10220,2880,9082,16190,15873,15674,,
4743196,D-TEM,dark,Arabika Temanggung Mukidi,B24,27,purging,62,14658,2883,2864,8257,10219,2880,9083,16189,15871,15673,,
4744197,D-TEM,dark,Arabika Temanggung Mukidi,B24,27,purging,63,14655,2882,2866,8257,10219,2885,9083,16186,15870,15673,,
4745196,D-TEM,dark,Arabika Temanggung Mukidi,B24,27,purging,64,14652,2882,2865,8257,10219,2883,9083,16184,15868,15673,,
4746196,D-TEM,dark,Arabika Temanggung Mukidi,B24,27,purging,65,14650,2882,2863,8258,10219,2880,9084,16182,15867,15673,,
4747196,D-TEM,dark,Arabika Temanggung Mukidi,B24,27,purging,66,14647,2881,2867,8258,10220,2883,9084,16182,15866,15673,,
4748196,D-TEM,dark,Arabika Temanggung Mukidi,B24,27,purging,67,14644,2882,2864,8259,10219,2883,9084,16180,15864,15672,,
4749196,D-TEM,dark,Arabika Temanggung Mukidi,B24,27,purging,68,14642,2882,2866,8260,10219,2880,9085,16179,15863,15671,,
4750196,D-TEM,dark,Arabika Temanggung Mukidi,B24,27,purging,69,14640,2881,2864,8260,10218,2885,9084,16177,15862,15671,,
4751196,D-TEM,dark,Arabika Temanggung Mukidi,B24,27,purging,70,14638,2881,2868,8260,10218,2883,9084,16175,15861,15671,,
4752196,D-TEM,dark,Arabika Temanggung Mukidi,B24,27,purging,71,14636,2881,2866,8261,10218,2883,9085,16173,15860,15670,,
4753197,D-TEM,dark,Arabika Temanggung Mukidi,B24,27,purging,72,14634,2883,2866,8261,10218,2880,9085,16172,15858,15669,,
4754196,D-TEM,dark,Arabika Temanggung Mukidi,B24,27,purging,73,14631,2879,2866,8262,10217,2880,9085,16170,15857,15668,,
4755196,D-TEM,dark,Arabika Temanggung Mukidi,B24,27,purging,74,14629,2884,2867,8263,10216,2883,9086,16167,15855,15669,,
4756196,D-TEM,dark,Arabika Temanggung Mukidi,B24,27,purging,75,14628,2881,2866,8263,10216,2883,9086,16164,15853,15669,,
4757196,D-TEM,dark,Arabika Temanggung Mukidi,B24,27,purging,76,14627,2884,2866,8264,10217,2883,9086,16163,15853,15669,,
4758196,D-TEM,dark,Arabika Temanggung Mukidi,B24,27,purging,77,14626,2880,2865,8265,10217,2883,9087,16162,15852,15669,,
4759196,D-TEM,dark,Arabika Temanggung Mukidi,B24,27,purging,78,14624,2881,2866,8265,10217,2880,9087,16161,15852,15669,,
4760197,D-TEM,dark,Arabika Temanggung Mukidi,B24,27,purging,79,14622,2881,2863,8266,10217,2883,9088,16160,15851,15670,,
4761196,D-TEM,dark,Arabika Temanggung Mukidi,B24,27,purging,80,14619,2881,2866,8267,10218,2883,9089,16158,15850,15669,,
4762196,D-TEM,dark,Arabika Temanggung Mukidi,B24,27,purging,81,14616,2881,2866,8267,10218,2883,9090,16156,15849,15669,,
4763196,D-TEM,dark,Arabika Temanggung Mukidi,B24,27,purging,82,14613,2881,2866,8268,10218,2880,9090,16154,15847,15669,,
4764196,D-TEM,dark,Arabika Temanggung Mukidi,B24,27,purging,83,14610,2880,2866,8269,10218,2885,9090,16152,15845,15668,,
4765196,D-TEM,dark,Arabika Temanggung Mukidi,B24,27,purging,84,14606,2881,2866,8269,10216,2883,9091,16149,15843,15667,,
4766196,D-TEM,dark,Arabika Temanggung Mukidi,B24,27,purging,85,14603,2882,2866,8270,10216,2883,9090,16146,15841,15667,,
4767196,D-TEM,dark,Arabika Temanggung Mukidi,B24,27,purging,86,14600,2884,2867,8271,10215,2883,9091,16144,15839,15667,,
4768196,D-TEM,dark,Arabika Temanggung Mukidi,B24,27,purging,87,14597,2883,2865,8271,10215,2880,9091,16141,15837,15667,,
4769197,D-TEM,dark,Arabika Temanggung Mukidi,B24,27,purging,88,14593,2883,2868,8272,10215,2880,9093,16140,15836,15667,,
4770196,D-TEM,dark,Arabika Temanggung Mukidi,B24,27,purging,89,14590,2879,2863,8273,10214,2883,9094,16138,15835,15667,,
4771196,D-TEM,dark,Arabika Temanggung Mukidi,B24,27,purging,90,14588,2884,2865,8274,10214,2883,9094,16137,15834,15667,,
4772196,D-TEM,dark,Arabika Temanggung Mukidi,B24,27,purging,91,14586,2879,2865,8274,10215,2880,9095,16137,15833,15666,,
4773196,D-TEM,dark,Arabika Temanggung Mukidi,B24,27,purging,92,14584,2884,2865,8275,10215,2883,9095,16135,15832,15666,,
4774196,D-TEM,dark,Arabika Temanggung Mukidi,B24,27,purging,93,14583,2881,2864,8276,10215,2880,9095,16133,15831,15667,,
4775196,D-TEM,dark,Arabika Temanggung Mukidi,B24,27,purging,94,14583,2881,2867,8277,10215,2880,9095,16133,15831,15667,,
4776197,D-TEM,dark,Arabika Temanggung Mukidi,B24,27,purging,95,14582,2881,2865,8277,10215,2880,9095,16133,15831,15667,,
4777196,D-TEM,dark,Arabika Temanggung Mukidi,B24,27,purging,96,14584,2881,2863,8278,10216,2883,9095,16133,15832,15668,,
4778196,D-TEM,dark,Arabika Temanggung Mukidi,B24,27,purging,97,14586,2882,2866,8279,10218,2880,9096,16133,15834,15669,,
4779196,D-TEM,dark,Arabika Temanggung Mukidi,B24,27,purging,98,14589,2881,2865,8279,10220,2883,9095,16133,15835,15671,,
4780196,D-TEM,dark,Arabika Temanggung Mukidi,B24,27,purging,99,14592,2879,2863,8280,10223,2880,9096,16134,15838,15673,,
4781196,D-TEM,dark,Arabika Temanggung Mukidi,B24,27,purging,100,14595,2881,2864,8281,10225,2883,9096,16136,15841,15675,,
4782196,D-TEM,dark,Arabika Temanggung Mukidi,B24,27,purging,101,14596,2881,2865,8281,10227,2880,9096,16137,15843,15677,,
4783196,D-TEM,dark,Arabika Temanggung Mukidi,B24,27,purging,102,14597,2885,2864,8282,10228,2883,9096,16137,15844,15676,,
4784196,D-TEM,dark,Arabika Temanggung Mukidi,B24,27,purging,103,14597,2884,2865,8282,10228,2880,9097,16136,15845,15677,,
4785197,D-TEM,dark,Arabika Temanggung Mukidi,B24,27,purging,104,14597,2880,2864,8283,10228,2883,9097,16135,15844,15677,,
4786196,D-TEM,dark,Arabika Temanggung Mukidi,B24,27,purging,105,14597,2882,2866,8284,10228,2880,9097,16134,15844,15678,,
4787196,D-TEM,dark,Arabika Temanggung Mukidi,B24,27,purging,106,14597,2882,2865,8284,10228,2883,9097,16133,15844,15678,,
4788196,D-TEM,dark,Arabika Temanggung Mukidi,B24,27,purging,107,14597,2881,2865,8285,10228,2880,9097,16132,15844,15679,,
4789196,D-TEM,dark,Arabika Temanggung Mukidi,B24,27,purging,108,14597,2881,2866,8286,10228,2883,9096,16131,15844,15679,,
4790196,D-TEM,dark,Arabika Temanggung Mukidi,B24,27,purging,109,14596,2884,2866,8286,10229,2880,9096,16130,15843,15679,,
4791196,D-TEM,dark,Arabika Temanggung Mukidi,B24,27,purging,110,14595,2883,2864,8287,10228,2880,9096,16128,15842,15679,,
4792197,D-TEM,dark,Arabika Temanggung Mukidi,B24,27,purging,111,14594,2881,2866,8287,10228,2880,9097,16128,15842,15679,,
4793196,D-TEM,dark,Arabika Temanggung Mukidi,B24,27,purging,112,14593,2881,2864,8288,10227,2880,9096,16127,15842,15680,,
4794196,D-TEM,dark,Arabika Temanggung Mukidi,B24,27,purging,113,14592,2884,2865,8288,10226,2885,9097,16126,15841,15680,,
4795196,D-TEM,dark,Arabika Temanggung Mukidi,B24,27,purging,114,14591,2881,2868,8289,10226,2880,9096,16123,15840,15680,,
4796196,D-TEM,dark,Arabika Temanggung Mukidi,B24,27,purging,115,14590,2882,2865,8290,10226,2880,9097,16122,15839,15680,,
4797196,D-TEM,dark,Arabika Temanggung Mukidi,B24,27,purging,116,14589,2885,2866,8290,10226,2880,9097,16122,15839,15679,,
4798196,D-TEM,dark,Arabika Temanggung Mukidi,B24,27,purging,117,14589,2883,2868,8291,10226,2883,9097,16123,15839,15680,,
4799196,D-TEM,dark,Arabika Temanggung Mukidi,B24,27,purging,118,14587,2882,2866,8292,10226,2883,9098,16122,15838,15681,,
4800196,D-TEM,dark,Arabika Temanggung Mukidi,B24,27,purging,119,14586,2882,2864,8292,10227,2880,9099,16121,15838,15681,,
4801197,D-TEM,dark,Arabika Temanggung Mukidi,B24,27,purging,120,14585,2881,2865,8293,10227,2883,9100,16120,15838,15682,,
4802200,D-TEM,dark,Arabika Temanggung Mukidi,B24,27,collecting,1,14583,2884,2866,8294,10227,2883,9100,16120,15837,15680,,
4803196,D-TEM,dark,Arabika Temanggung Mukidi,B24,27,collecting,2,14583,2881,2865,8292,10224,2883,9098,16117,15836,15673,,
4804196,D-TEM,dark,Arabika Temanggung Mukidi,B24,27,collecting,3,14669,2881,2866,8292,10223,2883,9092,16121,15836,15682,,
4805196,D-TEM,dark,Arabika Temanggung Mukidi,B24,27,collecting,4,14886,2884,2866,8292,10235,2880,9086,16169,15864,15708,,
4806196,D-TEM,dark,Arabika Temanggung Mukidi,B24,27,collecting,5,15146,2881,2864,8293,10253,2883,9074,16257,15920,15742,,
4807196,D-TEM,dark,Arabika Temanggung Mukidi,B24,27,collecting,6,15396,2882,2867,8293,10271,2883,9058,16352,15986,15777,,
4808197,D-TEM,dark,Arabika Temanggung Mukidi,B24,27,collecting,7,15615,2883,2866,8294,10287,2883,9042,16442,16053,15809,,
4809196,D-TEM,dark,Arabika Temanggung Mukidi,B24,27,collecting,8,15799,2882,2866,8295,10299,2880,9028,16517,16114,15839,,
4810196,D-TEM,dark,Arabika Temanggung Mukidi,B24,27,collecting,9,15953,2882,2865,8295,10308,2883,9016,16581,16167,15864,,
4811196,D-TEM,dark,Arabika Temanggung Mukidi,B24,27,collecting,10,16078,2881,2865,8295,10317,2883,9006,16633,16211,15886,,
4812196,D-TEM,dark,Arabika Temanggung Mukidi,B24,27,collecting,11,16178,2883,2869,8294,10324,2880,8999,16673,16248,15905,,
4813196,D-TEM,dark,Arabika Temanggung Mukidi,B24,27,collecting,12,16258,2881,2865,8295,10331,2883,8993,16705,16277,15920,,
4814196,D-TEM,dark,Arabika Temanggung Mukidi,B24,27,collecting,13,16320,2881,2863,8295,10336,2883,8989,16728,16301,15933,,
4815196,D-TEM,dark,Arabika Temanggung Mukidi,B24,27,collecting,14,16368,2883,2866,8294,10342,2883,8985,16747,16319,15944,,
4816196,D-TEM,dark,Arabika Temanggung Mukidi,B24,27,collecting,15,16406,2883,2863,8294,10346,2880,8984,16760,16334,15953,,
4817197,D-TEM,dark,Arabika Temanggung Mukidi,B24,27,collecting,16,16434,2885,2866,8294,10350,2885,8983,16771,16345,15960,,
4818196,D-TEM,dark,Arabika Temanggung Mukidi,B24,27,collecting,17,16456,2883,2865,8295,10354,2880,8983,16780,16354,15964,,
4819196,D-TEM,dark,Arabika Temanggung Mukidi,B24,27,collecting,18,16471,2883,2866,8294,10357,2880,8982,16785,16361,15969,,
4820196,D-TEM,dark,Arabika Temanggung Mukidi,B24,27,collecting,19,16479,2883,2865,8295,10360,2883,8982,16789,16365,15971,,
4821196,D-TEM,dark,Arabika Temanggung Mukidi,B24,27,collecting,20,16484,2883,2864,8295,10363,2883,8982,16790,16368,15974,,
4822196,D-TEM,dark,Arabika Temanggung Mukidi,B24,27,collecting,21,16485,2882,2866,8295,10365,2885,8982,16790,16369,15975,,
4823196,D-TEM,dark,Arabika Temanggung Mukidi,B24,27,collecting,22,16484,2883,2863,8295,10366,2883,8982,16788,16369,15977,,
4824197,D-TEM,dark,Arabika Temanggung Mukidi,B24,27,collecting,23,16481,2883,2866,8295,10367,2885,8982,16788,16369,15977,,
4825196,D-TEM,dark,Arabika Temanggung Mukidi,B24,27,collecting,24,16476,2883,2863,8295,10367,2880,8982,16786,16367,15977,,
4826196,D-TEM,dark,Arabika Temanggung Mukidi,B24,27,collecting,25,16469,2884,2867,8295,10368,2880,8982,16783,16365,15975,,
4827196,D-TEM,dark,Arabika Temanggung Mukidi,B24,27,collecting,26,16460,2886,2863,8295,10368,2883,8982,16779,16362,15974,,
4828196,D-TEM,dark,Arabika Temanggung Mukidi,B24,27,collecting,27,16451,2886,2868,8295,10368,2880,8981,16775,16358,15972,,
4829196,D-TEM,dark,Arabika Temanggung Mukidi,B24,27,collecting,28,16440,2883,2865,8296,10368,2885,8982,16770,16355,15971,,
4830196,D-TEM,dark,Arabika Temanggung Mukidi,B24,27,collecting,29,16428,2881,2866,8296,10368,2883,8981,16765,16350,15969,,
4831196,D-TEM,dark,Arabika Temanggung Mukidi,B24,27,collecting,30,16417,2883,2866,8296,10367,2883,8981,16760,16346,15966,,
4832196,D-TEM,dark,Arabika Temanggung Mukidi,B24,27,collecting,31,16405,2883,2865,8297,10365,2883,8980,16756,16341,15962,,
4833197,D-TEM,dark,Arabika Temanggung Mukidi,B24,27,collecting,32,16394,2883,2865,8297,10365,2883,8980,16750,16336,15960,,
4834196,D-TEM,dark,Arabika Temanggung Mukidi,B24,27,collecting,33,16382,2883,2868,8297,10363,2880,8979,16745,16330,15957,,
4835196,D-TEM,dark,Arabika Temanggung Mukidi,B24,27,collecting,34,16370,2883,2864,8298,10362,2883,8978,16740,16326,15953,,
4836196,D-TEM,dark,Arabika Temanggung Mukidi,B24,27,collecting,35,16359,2883,2863,8297,10361,2883,8976,16735,16321,15950,,
4837196,D-TEM,dark,Arabika Temanggung Mukidi,B24,27,collecting,36,16349,2883,2865,8298,10360,2880,8976,16731,16316,15947,,
4838196,D-TEM,dark,Arabika Temanggung Mukidi,B24,27,collecting,37,16338,2883,2864,8299,10358,2880,8975,16726,16311,15944,,
4839196,D-TEM,dark,Arabika Temanggung Mukidi,B24,27,collecting,38,16327,2883,2864,8299,10356,2883,8973,16721,16306,15940,,
4840197,D-TEM,dark,Arabika Temanggung Mukidi,B24,27,collecting,39,16317,2883,2865,8299,10353,2880,8972,16716,16301,15937,,
4841196,D-TEM,dark,Arabika Temanggung Mukidi,B24,27,collecting,40,16307,2886,2866,8299,10351,2883,8971,16712,16296,15935,,
4842196,D-TEM,dark,Arabika Temanggung Mukidi,B24,27,collecting,41,16296,2883,2868,8299,10349,2883,8970,16708,16291,15931,,
4843196,D-TEM,dark,Arabika Temanggung Mukidi,B24,27,collecting,42,16287,2881,2867,8300,10347,2880,8969,16702,16285,15928,,
4844196,D-TEM,dark,Arabika Temanggung Mukidi,B24,27,collecting,43,16276,2883,2866,8301,10345,2880,8967,16697,16280,15924,,
4845196,D-TEM,dark,Arabika Temanggung Mukidi,B24,27,collecting,44,16266,2885,2865,8301,10343,2883,8966,16693,16275,15920,,
4846196,D-TEM,dark,Arabika Temanggung Mukidi,B24,27,collecting,45,16256,2883,2864,8301,10340,2883,8964,16687,16270,15916,,
4847196,D-TEM,dark,Arabika Temanggung Mukidi,B24,27,collecting,46,16247,2885,2864,8302,10338,2880,8963,16683,16264,15912,,
4848196,D-TEM,dark,Arabika Temanggung Mukidi,B24,27,collecting,47,16238,2883,2866,8302,10335,2883,8962,16678,16259,15909,,
4849197,D-TEM,dark,Arabika Temanggung Mukidi,B24,27,collecting,48,16229,2882,2868,8302,10333,2883,8960,16673,16254,15904,,
4850196,D-TEM,dark,Arabika Temanggung Mukidi,B24,27,collecting,49,16220,2883,2868,8302,10330,2880,8958,16669,16249,15901,,
4851196,D-TEM,dark,Arabika Temanggung Mukidi,B24,27,collecting,50,16212,2886,2867,8303,10327,2883,8957,16665,16244,15898,,
4852196,D-TEM,dark,Arabika Temanggung Mukidi,B24,27,collecting,51,16205,2885,2865,8303,10325,2880,8955,16661,16239,15894,,
4853196,D-TEM,dark,Arabika Temanggung Mukidi,B24,27,collecting,52,16197,2883,2867,8303,10322,2883,8953,16657,16235,15892,,
4854196,D-TEM,dark,Arabika Temanggung Mukidi,B24,27,collecting,53,16190,2883,2868,8304,10320,2880,8951,16652,16230,15888,,
4855196,D-TEM,dark,Arabika Temanggung Mukidi,B24,27,collecting,54,16182,2881,2866,8304,10317,2880,8950,16648,16226,15885,,
4856197,D-TEM,dark,Arabika Temanggung Mukidi,B24,27,collecting,55,16176,2886,2865,8304,10315,2883,8948,16645,16221,15883,,
4857196,D-TEM,dark,Arabika Temanggung Mukidi,B24,27,collecting,56,16168,2883,2866,8304,10313,2883,8947,16641,16217,15879,,
4858196,D-TEM,dark,Arabika Temanggung Mukidi,B24,27,collecting,57,16161,2886,2865,8304,10311,2880,8945,16637,16213,15875,,
4859196,D-TEM,dark,Arabika Temanggung Mukidi,B24,27,collecting,58,16154,2883,2865,8304,10310,2880,8944,16634,16209,15872,,
4860196,D-TEM,dark,Arabika Temanggung Mukidi,B24,27,collecting,59,16146,2883,2866,8305,10307,2883,8943,16630,16204,15868,,
4861196,D-TEM,dark,Arabika Temanggung Mukidi,B24,27,collecting,60,16138,2883,2868,8305,10305,2883,8942,16625,16200,15865,,
4862200,D-TEM,dark,Arabika Temanggung Mukidi,B24,28,purging,1,16131,2883,2866,8306,10303,2880,8940,16621,16195,15862,,
4863196,D-TEM,dark,Arabika Temanggung Mukidi,B24,28,purging,2,16122,2883,2863,8308,10304,2883,8941,16619,16191,15865,,
4864196,D-TEM,dark,Arabika Temanggung Mukidi,B24,28,purging,3,16094,2883,2865,8309,10304,2880,8946,16613,16187,15861,,
4865197,D-TEM,dark,Arabika Temanggung Mukidi,B24,28,purging,4,16045,2883,2864,8310,10304,2883,8951,16595,16176,15852,,
4866196,D-TEM,dark,Arabika Temanggung Mukidi,B24,28,purging,5,15983,2884,2865,8310,10300,2885,8956,16569,16159,15840,,
4867196,D-TEM,dark,Arabika Temanggung Mukidi,B24,28,purging,6,15914,2881,2866,8310,10295,2880,8959,16539,16139,15827,,
4868196,D-TEM,dark,Arabika Temanggung Mukidi,B24,28,purging,7,15843,2879,2866,8310,10288,2880,8962,16509,16116,15813,,
4869196,D-TEM,dark,Arabika Temanggung Mukidi,B24,28,purging,8,15772,2882,2865,8310,10280,2883,8964,16479,16092,15797,,
4870196,D-TEM,dark,Arabika Temanggung Mukidi,B24,28,purging,9,15704,2879,2864,8310,10271,2880,8964,16452,16069,15782,,
4871196,D-TEM,dark,Arabika Temanggung Mukidi,B24,28,purging,10,15637,2884,2867,8309,10262,2880,8964,16426,16046,15768,,
4872197,D-TEM,dark,Arabika Temanggung Mukidi,B24,28,purging,11,15575,2884,2867,8309,10254,2880,8964,16403,16025,15755,,
4873196,D-TEM,dark,Arabika Temanggung Mukidi,B24,28,purging,12,15516,2884,2867,8310,10245,2883,8962,16381,16005,15743,,
4874196,D-TEM,dark,Arabika Temanggung Mukidi,B24,28,purging,13,15462,2882,2863,8309,10237,2883,8960,16361,15986,15730,,
4875196,D-TEM,dark,Arabika Temanggung Mukidi,B24,28,purging,14,15411,2881,2866,8310,10229,2883,8958,16344,15968,15718,,
4876196,D-TEM,dark,Arabika Temanggung Mukidi,B24,28,purging,15,15365,2882,2865,8310,10221,2883,8956,16327,15952,15706,,
4877196,D-TEM,dark,Arabika Temanggung Mukidi,B24,28,purging,16,15324,2881,2869,8309,10212,2883,8952,16312,15936,15694,,
4878196,D-TEM,dark,Arabika Temanggung Mukidi,B24,28,purging,17,15286,2882,2864,8309,10203,2883,8948,16296,15920,15683,,
4879196,D-TEM,dark,Arabika Temanggung Mukidi,B24,28,purging,18,15252,2879,2866,8309,10195,2880,8943,16283,15906,15673,,
4880196,D-TEM,dark,Arabika Temanggung Mukidi,B24,28,purging,19,15221,2879,2865,8309,10187,2883,8939,16271,15892,15663,,
4881197,D-TEM,dark,Arabika Temanggung Mukidi,B24,28,purging,20,15193,2881,2866,8309,10179,2883,8936,16261,15880,15655,,
4882196,D-TEM,dark,Arabika Temanggung Mukidi,B24,28,purging,21,15167,2882,2865,8308,10172,2880,8933,16251,15868,15648,,
4883196,D-TEM,dark,Arabika Temanggung Mukidi,B24,28,purging,22,15143,2884,2865,8308,10165,2880,8931,16242,15858,15640,,
4884196,D-TEM,dark,Arabika Temanggung Mukidi,B24,28,purging,23,15121,2882,2866,8308,10159,2883,8928,16232,15847,15633,,
4885196,D-TEM,dark,Arabika Temanggung Mukidi,B24,28,purging,24,15101,2884,2865,8308,10152,2883,8925,16223,15837,15627,,
4886196,D-TEM,dark,Arabika Temanggung Mukidi,B24,28,purging,25,15082,2882,2865,8308,10147,2880,8924,16215,15828,15621,,
4887196,D-TEM,dark,Arabika Temanggung Mukidi,B24,28,purging,26,15065,2881,2866,8308,10143,2880,8923,16208,15819,15615,,
4888197,D-TEM,dark,Arabika Temanggung Mukidi,B24,28,purging,27,15049,2884,2865,8307,10138,2880,8921,16201,15811,15610,,
4889196,D-TEM,dark,Arabika Temanggung Mukidi,B24,28,purging,28,15034,2881,2865,8307,10134,2880,8920,16195,15804,15604,,
4890196,D-TEM,dark,Arabika Temanggung Mukidi,B24,28,purging,29,15019,2881,2867,8307,10129,2880,8919,16189,15796,15599,,
4891196,D-TEM,dark,Arabika Temanggung Mukidi,B24,28,purging,30,15006,2884,2865,8306,10124,2883,8918,16182,15789,15594,,
4892196,D-TEM,dark,Arabika Temanggung Mukidi,B24,28,purging,31,14994,2882,2866,8306,10121,2883,8917,16177,15783,15590,,
4893196,D-TEM,dark,Arabika Temanggung Mukidi,B24,28,purging,32,14982,2882,2865,8306,10117,2880,8916,16172,15777,15586,,
4894196,D-TEM,dark,Arabika Temanggung Mukidi,B24,28,purging,33,14971,2882,2865,8306,10114,2883,8915,16167,15771,15582,,
4895196,D-TEM,dark,Arabika Temanggung Mukidi,B24,28,purging,34,14961,2882,2866,8306,10112,2880,8915,16163,15766,15578,,
4896196,D-TEM,dark,Arabika Temanggung Mukidi,B24,28,purging,35,14950,2882,2866,8305,10109,2883,8914,16159,15760,15575,,
4897197,D-TEM,dark,Arabika Temanggung Mukidi,B24,28,purging,36,14941,2883,2865,8306,10107,2883,8914,16154,15755,15571,,
4898196,D-TEM,dark,Arabika Temanggung Mukidi,B24,28,purging,37,14932,2882,2866,8305,10102,2880,8913,16150,15749,15567,,
4899196,D-TEM,dark,Arabika Temanggung Mukidi,B24,28,purging,38,14924,2882,2866,8305,10098,2880,8910,16145,15743,15562,,
4900196,D-TEM,dark,Arabika Temanggung Mukidi,B24,28,purging,39,14917,2881,2866,8304,10093,2883,8908,16140,15737,15558,,
4901196,D-TEM,dark,Arabika Temanggung Mukidi,B24,28,purging,40,14910,2883,2866,8305,10089,2880,8907,16136,15732,15555,,
4902196,D-TEM,dark,Arabika Temanggung Mukidi,B24,28,purging,41,14904,2881,2866,8304,10085,2880,8905,16131,15727,15551,,
4903196,D-TEM,dark,Arabika Temanggung Mukidi,B24,28,purging,42,14898,2882,2863,8304,10081,2885,8903,16127,15721,15547,,
4904197,D-TEM,dark,Arabika Temanggung Mukidi,B24,28,purging,43,14891,2883,2866,8304,10077,2883,8901,16123,15715,15543,,
4905196,D-TEM,dark,Arabika Temanggung Mukidi,B24,28,purging,44,14885,2884,2864,8304,10073,2880,8899,16119,15710,15539,,
4906196,D-TEM,dark,Arabika Temanggung Mukidi,B24,28,purging,45,14880,2885,2866,8304,10069,2880,8897,16114,15705,15535,,
4907196,D-TEM,dark,Arabika Temanggung Mukidi,B24,28,purging,46,14875,2882,2866,8303,10064,2880,8895,16109,15699,15532,,
4908196,D-TEM,dark,Arabika Temanggung Mukidi,B24,28,purging,47,14871,2881,2867,8303,10061,2880,8894,16106,15695,15529,,
4909196,D-TEM,dark,Arabika Temanggung Mukidi,B24,28,purging,48,14866,2882,2866,8303,10058,2880,8893,16103,15690,15526,,
4910196,D-TEM,dark,Arabika Temanggung Mukidi,B24,28,purging,49,14861,2881,2864,8302,10055,2880,8891,16099,15686,15522,,
4911196,D-TEM,dark,Arabika Temanggung Mukidi,B24,28,purging,50,14857,2881,2867,8302,10051,2885,8889,16097,15681,15518,,
4912196,D-TEM,dark,Arabika Temanggung Mukidi,B24,28,purging,51,14853,2884,2866,8302,10047,2883,8888,16093,15676,15515,,
4913197,D-TEM,dark,Arabika Temanggung Mukidi,B24,28,purging,52,14850,2882,2866,8302,10042,2883,8886,16088,15671,15511,,
4914196,D-TEM,dark,Arabika Temanggung Mukidi,B24,28,purging,53,14846,2882,2866,8301,10039,2880,8884,16085,15667,15509,,
4915196,D-TEM,dark,Arabika Temanggung Mukidi,B24,28,purging,54,14843,2881,2865,8301,10035,2885,8882,16083,15663,15506,,
4916196,D-TEM,dark,Arabika Temanggung Mukidi,B24,28,purging,55,14840,2880,2866,8301,10032,2880,8881,16081,15659,15504,,
4917196,D-TEM,dark,Arabika Temanggung Mukidi,B24,28,purging,56,14837,2884,2868,8301,10029,2880,8880,16078,15655,15502,,
4918196,D-TEM,dark,Arabika Temanggung Mukidi,B24,28,purging,57,14834,2884,2868,8301,10027,2883,8880,16076,15652,15501,,
4919196,D-TEM,dark,Arabika Temanggung Mukidi,B24,28,purging,58,14831,2881,2866,8301,10024,2885,8879,16073,15649,15499,,
4920197,D-TEM,dark,Arabika Temanggung Mukidi,B24,28,purging,59,14827,2882,2866,8300,10022,2880,8879,16072,15645,15498,,
4921196,D-TEM,dark,Arabika Temanggung Mukidi,B24,28,purging,60,14824,2882,2867,8300,10020,2883,8879,16071,15643,15495,,
4922196,D-TEM,dark,Arabika Temanggung Mukidi,B24,28,purging,61,14820,2882,2863,8300,10018,2883,8878,16068,15640,15494,,
4923196,D-TEM,dark,Arabika Temanggung Mukidi,B24,28,purging,62,14817,2883,2863,8300,10016,2880,8877,16065,15637,15491,,
4924196,D-TEM,dark,Arabika Temanggung Mukidi,B24,28,purging,63,14814,2882,2867,8299,10014,2885,8877,16063,15634,15488,,
4925196,D-TEM,dark,Arabika Temanggung Mukidi,B24,28,purging,64,14812,2885,2864,8299,10011,2885,8875,16061,15630,15487,,
4926196,D-TEM,dark,Arabika Temanggung Mukidi,B24,28,purging,65,14809,2881,2866,8299,10008,2883,8874,16058,15627,15485,,
4927196,D-TEM,dark,Arabika Temanggung Mukidi,B24,28,purging,66,14806,2881,2864,8299,10006,2883,8873,16056,15624,15483,,
4928196,D-TEM,dark,Arabika Temanggung Mukidi,B24,28,purging,67,14805,2882,2866,8299,10004,2883,8873,16054,15621,15482,,
4929197,D-TEM,dark,Arabika Temanggung Mukidi,B24,28,purging,68,14801,2881,2864,8298,10001,2883,8872,16052,15619,15480,,
4930196,D-TEM,dark,Arabika Temanggung Mukidi,B24,28,purging,69,14799,2882,2870,8298,9998,2880,8870,16050,15615,15478,,
4931196,D-TEM,dark,Arabika Temanggung Mukidi,B24,28,purging,70,14796,2882,2863,8298,9996,2883,8869,16047,15612,15475,,
4932196,D-TEM,dark,Arabika Temanggung Mukidi,B24,28,purging,71,14794,2882,2866,8298,9993,2880,8868,16046,15610,15474,,
4933196,D-TEM,dark,Arabika Temanggung Mukidi,B24,28,purging,72,14792,2881,2866,8298,9991,2885,8867,16044,15607,15472,,
4934196,D-TEM,dark,Arabika Temanggung Mukidi,B24,28,purging,73,14790,2884,2868,8297,9989,2883,8866,16043,15604,15470,,
4935196,D-TEM,dark,Arabika Temanggung Mukidi,B24,28,purging,74,14788,2881,2867,8298,9987,2880,8865,16041,15601,15468,,
4936197,D-TEM,dark,Arabika Temanggung Mukidi,B24,28,purging,75,14787,2881,2867,8297,9985,2885,8864,16039,15599,15467,,
4937196,D-TEM,dark,Arabika Temanggung Mukidi,B24,28,purging,76,14786,2881,2864,8297,9982,2883,8864,16038,15597,15465,,
4938196,D-TEM,dark,Arabika Temanggung Mukidi,B24,28,purging,77,14785,2879,2865,8297,9980,2880,8864,16037,15595,15466,,
4939196,D-TEM,dark,Arabika Temanggung Mukidi,B24,28,purging,78,14782,2882,2865,8297,9979,2880,8864,16036,15593,15465,,
4940196,D-TEM,dark,Arabika Temanggung Mukidi,B24,28,purging,79,14780,2881,2866,8296,9978,2885,8864,16034,15592,15465,,
4941196,D-TEM,dark,Arabika Temanggung Mukidi,B24,28,purging,80,14778,2882,2865,8296,9977,2880,8865,16034,15590,15464,,
4942196,D-TEM,dark,Arabika Temanggung Mukidi,B24,28,purging,81,14775,2881,2866,8296,9976,2880,8865,16032,15588,15463,,
4943196,D-TEM,dark,Arabika Temanggung Mukidi,B24,28,purging,82,14773,2881,2866,8295,9974,2880,8866,16031,15587,15462,,
4944196,D-TEM,dark,Arabika Temanggung Mukidi,B24,28,purging,83,14770,2881,2866,8295,9973,2880,8865,16030,15585,15460,,
4945197,D-TEM,dark,Arabika Temanggung Mukidi,B24,28,purging,84,14768,2881,2866,8295,9972,2880,8865,16029,15583,15459,,
4946196,D-TEM,dark,Arabika Temanggung Mukidi,B24,28,purging,85,14767,2881,2869,8295,9970,2880,8864,16027,15581,15458,,
4947196,D-TEM,dark,Arabika Temanggung Mukidi,B24,28,purging,86,14766,2881,2864,8295,9968,2880,8863,16026,15579,15458,,
4948196,D-TEM,dark,Arabika Temanggung Mukidi,B24,28,purging,87,14764,2885,2865,8294,9966,2883,8863,16024,15577,15456,,
4949196,D-TEM,dark,Arabika Temanggung Mukidi,B24,28,purging,88,14763,2879,2868,8294,9965,2883,8862,16023,15575,15455,,
4950196,D-TEM,dark,Arabika Temanggung Mukidi,B24,28,purging,89,14761,2883,2864,8294,9964,2883,8862,16022,15574,15455,,
4951196,D-TEM,dark,Arabika Temanggung Mukidi,B24,28,purging,90,14761,2881,2864,8294,9964,2885,8862,16020,15572,15454,,
4952197,D-TEM,dark,Arabika Temanggung Mukidi,B24,28,purging,91,14760,2881,2866,8294,9962,2880,8862,16020,15571,15454,,
4953196,D-TEM,dark,Arabika Temanggung Mukidi,B24,28,purging,92,14759,2882,2865,8294,9961,2883,8862,16019,15570,15452,,
4954196,D-TEM,dark,Arabika Temanggung Mukidi,B24,28,purging,93,14758,2882,2865,8294,9959,2885,8861,16018,15568,15450,,
4955196,D-TEM,dark,Arabika Temanggung Mukidi,B24,28,purging,94,14757,2884,2867,8293,9957,2883,8860,16017,15566,15449,,
4956196,D-TEM,dark,Arabika Temanggung Mukidi,B24,28,purging,95,14757,2884,2864,8293,9955,2880,8859,16015,15564,15448,,
4957196,D-TEM,dark,Arabika Temanggung Mukidi,B24,28,purging,96,14756,2881,2866,8293,9953,2880,8857,16014,15563,15446,,
4958196,D-TEM,dark,Arabika Temanggung Mukidi,B24,28,purging,97,14756,2882,2868,8293,9951,2880,8856,16013,15560,15445,,
4959196,D-TEM,dark,Arabika Temanggung Mukidi,B24,28,purging,98,14756,2883,2864,8292,9949,2880,8855,16011,15558,15443,,
4960196,D-TEM,dark,Arabika Temanggung Mukidi,B24,28,purging,99,14756,2882,2866,8292,9947,2880,8852,16009,15556,15441,,
4961197,D-TEM,dark,Arabika Temanggung Mukidi,B24,28,purging,100,14757,2881,2866,8292,9945,2880,8851,16007,15553,15439,,
4962196,D-TEM,dark,Arabika Temanggung Mukidi,B24,28,purging,101,14757,2883,2866,8292,9943,2880,8849,16006,15551,15437,,
4963196,D-TEM,dark,Arabika Temanggung Mukidi,B24,28,purging,102,14758,2881,2864,8291,9939,2883,8848,16006,15550,15436,,
4964196,D-TEM,dark,Arabika Temanggung Mukidi,B24,28,purging,103,14759,2882,2866,8291,9937,2880,8846,16004,15547,15434,,
4965196,D-TEM,dark,Arabika Temanggung Mukidi,B24,28,purging,104,14760,2885,2868,8290,9934,2880,8845,16002,15545,15432,,
4966196,D-TEM,dark,Arabika Temanggung Mukidi,B24,28,purging,105,14761,2882,2868,8290,9931,2883,8843,16001,15542,15430,,
4967196,D-TEM,dark,Arabika Temanggung Mukidi,B24,28,purging,106,14761,2883,2866,8290,9929,2883,8841,15999,15540,15429,,
4968197,D-TEM,dark,Arabika Temanggung Mukidi,B24,28,purging,107,14762,2881,2866,8290,9927,2883,8839,15997,15537,15427,,
4969196,D-TEM,dark,Arabika Temanggung Mukidi,B24,28,purging,108,14764,2881,2866,8290,9925,2885,8837,15996,15535,15426,,
4970196,D-TEM,dark,Arabika Temanggung Mukidi,B24,28,purging,109,14765,2881,2866,8289,9923,2885,8836,15995,15534,15425,,
4971196,D-TEM,dark,Arabika Temanggung Mukidi,B24,28,purging,110,14766,2881,2866,8289,9921,2883,8835,15995,15532,15424,,
4972196,D-TEM,dark,Arabika Temanggung Mukidi,B24,28,purging,111,14767,2879,2866,8289,9920,2880,8835,15994,15530,15424,,
4973196,D-TEM,dark,Arabika Temanggung Mukidi,B24,28,purging,112,14767,2881,2866,8289,9918,2883,8834,15993,15529,15423,,
4974196,D-TEM,dark,Arabika Temanggung Mukidi,B24,28,purging,113,14768,2880,2866,8288,9917,2883,8834,15992,15528,15422,,
4975196,D-TEM,dark,Arabika Temanggung Mukidi,B24,28,purging,114,14769,2883,2866,8288,9915,2880,8833,15991,15526,15420,,
4976196,D-TEM,dark,Arabika Temanggung Mukidi,B24,28,purging,115,14770,2882,2866,8288,9913,2883,8832,15991,15526,15420,,
4977197,D-TEM,dark,Arabika Temanggung Mukidi,B24,28,purging,116,14770,2884,2866,8287,9912,2880,8831,15990,15524,15418,,
4978196,D-TEM,dark,Arabika Temanggung Mukidi,B24,28,purging,117,14770,2881,2865,8287,9910,2880,8829,15990,15522,15416,,
4979196,D-TEM,dark,Arabika Temanggung Mukidi,B24,28,purging,118,14771,2884,2864,8287,9907,2883,8827,15988,15520,15414,,
4980196,D-TEM,dark,Arabika Temanggung Mukidi,B24,28,purging,119,14772,2884,2866,8286,9904,2880,8824,15985,15518,15412,,
4981196,D-TEM,dark,Arabika Temanggung Mukidi,B24,28,purging,120,14772,2883,2866,8286,9901,2883,8822,15984,15515,15409,,
4982200,D-TEM,dark,Arabika Temanggung Mukidi,B24,28,collecting,1,14773,2885,2870,8286,9898,2880,8820,15983,15513,15407,,
4983196,D-TEM,dark,Arabika Temanggung Mukidi,B24,28,collecting,2,14774,2883,2866,8284,9893,2880,8816,15982,15509,15405,,
4984197,D-TEM,dark,Arabika Temanggung Mukidi,B24,28,collecting,3,14851,2886,2866,8283,9898,2880,8821,15988,15513,15429,,
4985196,D-TEM,dark,Arabika Temanggung Mukidi,B24,28,collecting,4,15047,2886,2866,8282,9924,2880,8835,16043,15551,15475,,
4986196,D-TEM,dark,Arabika Temanggung Mukidi,B24,28,collecting,5,15289,2881,2864,8282,9964,2885,8847,16140,15623,15527,,
4987196,D-TEM,dark,Arabika Temanggung Mukidi,B24,28,collecting,6,15522,2880,2866,8282,10005,2880,8854,16248,15707,15579,,
4988196,D-TEM,dark,Arabika Temanggung Mukidi,B24,28,collecting,7,15729,2880,2866,8282,10042,2880,8856,16345,15791,15625,,
4989196,D-TEM,dark,Arabika Temanggung Mukidi,B24,28,collecting,8,15904,2883,2870,8283,10073,2880,8857,16428,15868,15666,,
4990196,D-TEM,dark,Arabika Temanggung Mukidi,B24,28,collecting,9,16051,2883,2870,8283,10100,2880,8856,16498,15936,15700,,
4991196,D-TEM,dark,Arabika Temanggung Mukidi,B24,28,collecting,10,16173,2886,2865,8283,10121,2880,8855,16554,15994,15729,,
4992196,D-TEM,dark,Arabika Temanggung Mukidi,B24,28,collecting,11,16272,2883,2864,8283,10140,2883,8853,16599,16043,15753,,
4993197,D-TEM,dark,Arabika Temanggung Mukidi,B24,28,collecting,12,16352,2886,2866,8283,10154,2880,8852,16634,16083,15773,,
4994196,D-TEM,dark,Arabika Temanggung Mukidi,B24,28,collecting,13,16416,2885,2866,8283,10167,2883,8849,16663,16115,15791,,
4995196,D-TEM,dark,Arabika Temanggung Mukidi,B24,28,collecting,14,16466,2884,2868,8283,10176,2880,8847,16684,16141,15803,,
4996196,D-TEM,dark,Arabika Temanggung Mukidi,B24,28,collecting,15,16504,2884,2867,8283,10183,2883,8845,16700,16160,15811,,
4997196,D-TEM,dark,Arabika Temanggung Mukidi,B24,28,collecting,16,16533,2884,2866,8283,10188,2880,8843,16711,16175,15819,,
4998196,D-TEM,dark,Arabika Temanggung Mukidi,B24,28,collecting,17,16553,2884,2866,8283,10192,2885,8840,16719,16185,15824,,
4999196,D-TEM,dark,Arabika Temanggung Mukidi,B24,28,collecting,18,16567,2884,2866,8282,10195,2885,8838,16724,16193,15827,,
5000197,D-TEM,dark,Arabika Temanggung Mukidi,B24,28,collecting,19,16575,2884,2868,8282,10196,2880,8836,16726,16198,15829,,
5001196,D-TEM,dark,Arabika Temanggung Mukidi,B24,28,collecting,20,16579,2884,2866,8282,10196,2880,8834,16726,16200,15830,,
5002196,D-TEM,dark,Arabika Temanggung Mukidi,B24,28,collecting,21,16578,2884,2866,8281,10196,2885,8832,16725,16200,15830,,
5003196,D-TEM,dark,Arabika Temanggung Mukidi,B24,28,collecting,22,16575,2886,2865,8282,10196,2880,8830,16722,16199,15829,,
5004196,D-TEM,dark,Arabika Temanggung Mukidi,B24,28,collecting,23,16569,2886,2866,8281,10195,2880,8828,16718,16196,15828,,
5005196,D-TEM,dark,Arabika Temanggung Mukidi,B24,28,collecting,24,16562,2884,2867,8281,10194,2883,8826,16714,16194,15826,,
5006196,D-TEM,dark,Arabika Temanggung Mukidi,B24,28,collecting,25,16553,2884,2866,8281,10193,2880,8825,16711,16190,15824,,
5007196,D-TEM,dark,Arabika Temanggung Mukidi,B24,28,collecting,26,16543,2886,2866,8281,10192,2883,8823,16706,16186,15822,,
5008196,D-TEM,dark,Arabika Temanggung Mukidi,B24,28,collecting,27,16532,2883,2866,8281,10190,2880,8822,16702,16182,15819,,
5009197,D-TEM,dark,Arabika Temanggung Mukidi,B24,28,collecting,28,16521,2884,2865,8280,10188,2885,8821,16696,16176,15816,,
5010196,D-TEM,dark,Arabika Temanggung Mukidi,B24,28,collecting,29,16509,2888,2866,8280,10185,2880,8820,16691,16171,15813,,
5011196,D-TEM,dark,Arabika Temanggung Mukidi,B24,28,collecting,30,16498,2884,2867,8280,10184,2880,8818,16685,16165,15809,,
5012196,D-TEM,dark,Arabika Temanggung Mukidi,B24,28,collecting,31,16486,2884,2866,8279,10182,2880,8818,16680,16159,15806,,
5013196,D-TEM,dark,Arabika Temanggung Mukidi,B24,28,collecting,32,16474,2885,2866,8279,10179,2880,8816,16674,16153,15802,,
5014196,D-TEM,dark,Arabika Temanggung Mukidi,B24,28,collecting,33,16462,2881,2868,8279,10177,2880,8815,16669,16148,15798,,
5015196,D-TEM,dark,Arabika Temanggung Mukidi,B24,28,collecting,34,16450,2884,2866,8279,10175,2880,8814,16663,16142,15794,,
5016197,D-TEM,dark,Arabika Temanggung Mukidi,B24,28,collecting,35,16439,2883,2867,8279,10172,2880,8813,16659,16136,15790,,
5017196,D-TEM,dark,Arabika Temanggung Mukidi,B24,28,collecting,36,16427,2886,2867,8279,10169,2880,8811,16654,16131,15787,,
5018196,D-TEM,dark,Arabika Temanggung Mukidi,B24,28,collecting,37,16416,2883,2869,8279,10166,2880,8810,16648,16125,15783,,
5019196,D-TEM,dark,Arabika Temanggung Mukidi,B24,28,collecting,38,16404,2885,2865,8279,10163,2880,8809,16643,16119,15779,,
5020196,D-TEM,dark,Arabika Temanggung Mukidi,B24,28,collecting,39,16392,2881,2866,8279,10160,2880,8807,16636,16112,15775,,
5021196,D-TEM,dark,Arabika Temanggung Mukidi,B24,28,collecting,40,16380,2883,2866,8278,10158,2885,8805,16631,16107,15771,,
5022196,D-TEM,dark,Arabika Temanggung Mukidi,B24,28,collecting,41,16368,2886,2870,8278,10155,2880,8804,16625,16100,15767,,
5023196,D-TEM,dark,Arabika Temanggung Mukidi,B24,28,collecting,42,16356,2883,2866,8278,10152,2885,8803,16619,16094,15762,,
5024196,D-TEM,dark,Arabika Temanggung Mukidi,B24,28,collecting,43,16345,2883,2866,8278,10149,2880,8802,16614,16088,15758,,
5025197,D-TEM,dark,Arabika Temanggung Mukidi,B24,28,collecting,44,16333,2886,2868,8278,10146,2880,8800,16609,16082,15753,,
5026196,D-TEM,dark,Arabika Temanggung Mukidi,B24,28,collecting,45,16321,2883,2868,8277,10143,2885,8799,16603,16076,15750,,
5027196,D-TEM,dark,Arabika Temanggung Mukidi,B24,28,collecting,46,16308,2886,2866,8277,10140,2880,8799,16597,16070,15745,,
5028196,D-TEM,dark,Arabika Temanggung Mukidi,B24,28,collecting,47,16297,2883,2868,8277,10138,2880,8797,16590,16063,15740,,
5029196,D-TEM,dark,Arabika Temanggung Mukidi,B24,28,collecting,48,16286,2886,2866,8277,10135,2880,8796,16585,16057,15736,,
5030196,D-TEM,dark,Arabika Temanggung Mukidi,B24,28,collecting,49,16276,2883,2868,8276,10133,2880,8796,16581,16051,15733,,
5031196,D-TEM,dark,Arabika Temanggung Mukidi,B24,28,collecting,50,16267,2881,2866,8276,10131,2880,8795,16577,16046,15730,,
5032197,D-TEM,dark,Arabika Temanggung Mukidi,B24,28,collecting,51,16258,2883,2864,8276,10129,2880,8793,16572,16042,15727,,
5033196,D-TEM,dark,Arabika Temanggung Mukidi,B24,28,collecting,52,16251,2886,2866,8276,10127,2880,8793,16569,16038,15724,,
5034196,D-TEM,dark,Arabika Temanggung Mukidi,B24,28,collecting,53,16244,2883,2866,8276,10124,2880,8793,16567,16033,15721,,
5035196,D-TEM,dark,Arabika Temanggung Mukidi,B24,28,collecting,54,16238,2883,2870,8275,10122,2885,8792,16563,16029,15718,,
5036196,D-TEM,dark,Arabika Temanggung Mukidi,B24,28,collecting,55,16231,2883,2870,8275,10121,2883,8791,16560,16025,15715,,
5037196,D-TEM,dark,Arabika Temanggung Mukidi,B24,28,collecting,56,16224,2884,2864,8275,10118,2880,8790,16556,16021,15712,,
5038196,D-TEM,dark,Arabika Temanggung Mukidi,B24,28,collecting,57,16217,2884,2866,8275,10116,2880,8789,16552,16017,15709,,
5039196,D-TEM,dark,Arabika Temanggung Mukidi,B24,28,collecting,58,16209,2886,2866,8274,10115,2883,8788,16548,16013,15705,,
5040196,D-TEM,dark,Arabika Temanggung Mukidi,B24,28,collecting,59,16202,2885,2869,8274,10113,2883,8787,16545,16009,15703,,
5041197,D-TEM,dark,Arabika Temanggung Mukidi,B24,28,collecting,60,16196,2886,2866,8274,10111,2883,8787,16542,16005,15700,,
5042200,D-TEM,dark,Arabika Temanggung Mukidi,B24,29,purging,1,16190,2884,2868,8273,10108,2880,8786,16539,16001,15698,,
5043196,D-TEM,dark,Arabika Temanggung Mukidi,B24,29,purging,2,16184,2883,2866,8276,10109,2885,8788,16538,15998,15699,,
5044196,D-TEM,dark,Arabika Temanggung Mukidi,B24,29,purging,3,16158,2884,2864,8276,10108,2880,8790,16532,15993,15690,,
5045196,D-TEM,dark,Arabika Temanggung Mukidi,B24,29,purging,4,16112,2883,2866,8276,10102,2880,8791,16513,15979,15676,,
5046196,D-TEM,dark,Arabika Temanggung Mukidi,B24,29,purging,5,16055,2886,2868,8276,10093,2880,8790,16484,15958,15660,,
5047196,D-TEM,dark,Arabika Temanggung Mukidi,B24,29,purging,6,15992,2884,2866,8275,10083,2883,8788,16452,15933,15643,,
5048197,D-TEM,dark,Arabika Temanggung Mukidi,B24,29,purging,7,15926,2886,2868,8275,10071,2880,8787,16420,15905,15625,,
5049196,D-TEM,dark,Arabika Temanggung Mukidi,B24,29,purging,8,15860,2881,2868,8274,10059,2880,8785,16389,15878,15608,,
5050196,D-TEM,dark,Arabika Temanggung Mukidi,B24,29,purging,9,15796,2885,2868,8273,10048,2883,8783,16360,15851,15591,,
5051196,D-TEM,dark,Arabika Temanggung Mukidi,B24,29,purging,10,15734,2883,2870,8273,10037,2880,8781,16333,15826,15575,,
5052196,D-TEM,dark,Arabika Temanggung Mukidi,B24,29,purging,11,15675,2885,2866,8272,10025,2880,8779,16308,15801,15560,,
5053196,D-TEM,dark,Arabika Temanggung Mukidi,B24,29,purging,12,15620,2883,2866,8271,10015,2883,8777,16286,15779,15546,,
5054196,D-TEM,dark,Arabika Temanggung Mukidi,B24,29,purging,13,15568,2881,2870,8270,10005,2883,8776,16266,15758,15534,,
5055196,D-TEM,dark,Arabika Temanggung Mukidi,B24,29,purging,14,15521,2882,2866,8269,9996,2880,8774,16248,15739,15522,,
5056196,D-TEM,dark,Arabika Temanggung Mukidi,B24,29,purging,15,15476,2884,2864,8269,9987,2880,8772,16232,15720,15511,,
5057197,D-TEM,dark,Arabika Temanggung Mukidi,B24,29,purging,16,15435,2882,2863,8268,9980,2883,8772,16217,15704,15500,,
5058196,D-TEM,dark,Arabika Temanggung Mukidi,B24,29,purging,17,15397,2883,2866,8268,9972,2880,8770,16202,15688,15491,,
5059196,D-TEM,dark,Arabika Temanggung Mukidi,B24,29,purging,18,15362,2883,2864,8267,9965,2883,8769,16189,15674,15482,,
5060196,D-TEM,dark,Arabika Temanggung Mukidi,B24,29,purging,19,15330,2881,2866,8266,9958,2880,8768,16177,15660,15475,,
5061196,D-TEM,dark,Arabika Temanggung Mukidi,B24,29,purging,20,15301,2883,2866,8266,9952,2883,8767,16166,15648,15467,,
5062196,D-TEM,dark,Arabika Temanggung Mukidi,B24,29,purging,21,15274,2884,2869,8265,9946,2880,8767,16156,15636,15459,,
5063196,D-TEM,dark,Arabika Temanggung Mukidi,B24,29,purging,22,15249,2883,2866,8265,9941,2883,8766,16147,15626,15451,,
5064197,D-TEM,dark,Arabika Temanggung Mukidi,B24,29,purging,23,15225,2884,2866,8264,9935,2880,8766,16137,15615,15444,,
5065196,D-TEM,dark,Arabika Temanggung Mukidi,B24,29,purging,24,15203,2885,2865,8264,9931,2880,8765,16129,15605,15437,,
5066196,D-TEM,dark,Arabika Temanggung Mukidi,B24,29,purging,25,15181,2881,2868,8263,9925,2885,8764,16119,15594,15430,,
5067196,D-TEM,dark,Arabika Temanggung Mukidi,B24,29,purging,26,15161,2885,2864,8262,9919,2880,8763,16110,15584,15423,,
5068196,D-TEM,dark,Arabika Temanggung Mukidi,B24,29,purging,27,15142,2883,2868,8261,9913,2880,8762,16100,15573,15416,,
5069196,D-TEM,dark,Arabika Temanggung Mukidi,B24,29,purging,28,15124,2884,2865,8261,9908,2883,8761,16092,15563,15410,,
5070196,D-TEM,dark,Arabika Temanggung Mukidi,B24,29,purging,29,15107,2880,2866,8260,9903,2880,8759,16083,15554,15404,,
5071196,D-TEM,dark,Arabika Temanggung Mukidi,B24,29,purging,30,15091,2886,2864,8260,9898,2880,8758,16075,15545,15398,,
5072196,D-TEM,dark,Arabika Temanggung Mukidi,B24,29,purging,31,15076,2884,2868,8259,9893,2880,8757,16068,15536,15393,,
5073197,D-TEM,dark,Arabika Temanggung Mukidi,B24,29,purging,32,15062,2880,2866,8258,9888,2880,8757,16061,15527,15388,,
5074196,D-TEM,dark,Arabika Temanggung Mukidi,B24,29,purging,33,15049,2886,2866,8258,9884,2885,8756,16055,15519,15383,,
5075196,D-TEM,dark,Arabika Temanggung Mukidi,B24,29,purging,34,15037,2885,2868,8257,9879,2880,8755,16049,15511,15377,,
5076196,D-TEM,dark,Arabika Temanggung Mukidi,B24,29,purging,35,15025,2884,2864,8257,9876,2883,8754,16043,15503,15372,,
5077196,D-TEM,dark,Arabika Temanggung Mukidi,B24,29,purging,36,15014,2884,2866,8256,9872,2880,8754,16036,15496,15369,,
5078196,D-TEM,dark,Arabika Temanggung Mukidi,B24,29,purging,37,15004,2880,2866,8256,9868,2880,8753,16032,15490,15365,,
5079196,D-TEM,dark,Arabika Temanggung Mukidi,B24,29,purging,38,14995,2881,2866,8255,9866,2880,8754,16029,15484,15363,,
5080197,D-TEM,dark,Arabika Temanggung Mukidi,B24,29,purging,39,14987,2881,2866,8255,9864,2880,8754,16025,15480,15360,,
5081196,D-TEM,dark,Arabika Temanggung Mukidi,B24,29,purging,40,14979,2883,2864,8254,9862,2883,8755,16021,15476,15357,,
5082196,D-TEM,dark,Arabika Temanggung Mukidi,B24,29,purging,41,14970,2886,2866,8254,9859,2883,8754,16017,15471,15353,,
5083196,D-TEM,dark,Arabika Temanggung Mukidi,B24,29,purging,42,14963,2886,2868,8253,9856,2880,8754,16013,15466,15350,,
5084196,D-TEM,dark,Arabika Temanggung Mukidi,B24,29,purging,43,14955,2883,2866,8253,9853,2880,8753,16009,15461,15347,,
5085196,D-TEM,dark,Arabika Temanggung Mukidi,B24,29,purging,44,14948,2883,2864,8252,9850,2880,8753,16005,15456,15345,,
5086196,D-TEM,dark,Arabika Temanggung Mukidi,B24,29,purging,45,14942,2886,2866,8252,9848,2880,8754,16001,15453,15343,,
5087196,D-TEM,dark,Arabika Temanggung Mukidi,B24,29,purging,46,14937,2883,2866,8252,9847,2880,8754,15998,15449,15341,,
5088196,D-TEM,dark,Arabika Temanggung Mukidi,B24,29,purging,47,14933,2884,2868,8251,9847,2880,8755,15995,15446,15340,,
5089197,D-TEM,dark,Arabika Temanggung Mukidi,B24,29,purging,48,14929,2881,2866,8251,9846,2880,8756,15993,15444,15338,,
5090196,D-TEM,dark,Arabika Temanggung Mukidi,B24,29,purging,49,14925,2883,2868,8250,9845,2885,8755,15990,15441,15336,,
5091196,D-TEM,dark,Arabika Temanggung Mukidi,B24,29,purging,50,14921,2883,2866,8250,9843,2880,8756,15988,15438,15334,,
5092196,D-TEM,dark,Arabika Temanggung Mukidi,B24,29,purging,51,14916,2884,2868,8249,9841,2880,8756,15986,15435,15332,,
5093196,D-TEM,dark,Arabika Temanggung Mukidi,B24,29,purging,52,14912,2883,2868,8249,9839,2883,8755,15983,15433,15330,,
5094196,D-TEM,dark,Arabika Temanggung Mukidi,B24,29,purging,53,14907,2886,2866,8249,9837,2880,8755,15980,15429,15328,,
5095196,D-TEM,dark,Arabika Temanggung Mukidi,B24,29,purging,54,14902,2883,2863,8248,9835,2880,8754,15977,15426,15326,,
5096197,D-TEM,dark,Arabika Temanggung Mukidi,B24,29,purging,55,14898,2881,2868,8248,9833,2880,8754,15974,15423,15324,,
5097196,D-TEM,dark,Arabika Temanggung Mukidi,B24,29,purging,56,14894,2882,2868,8247,9832,2880,8754,15972,15419,15321,,
5098196,D-TEM,dark,Arabika Temanggung Mukidi,B24,29,purging,57,14889,2884,2866,8247,9828,2880,8753,15967,15416,15318,,
5099196,D-TEM,dark,Arabika Temanggung Mukidi,B24,29,purging,58,14884,2882,2868,8246,9825,2880,8751,15964,15411,15315,,
5100196,D-TEM,dark,Arabika Temanggung Mukidi,B24,29,purging,59,14880,2881,2868,8246,9821,2880,8749,15961,15407,15311,,
5101196,D-TEM,dark,Arabika Temanggung Mukidi,B24,29,purging,60,14876,2883,2868,8246,9818,2880,8748,15958,15402,15308,,
5102196,D-TEM,dark,Arabika Temanggung Mukidi,B24,29,purging,61,14872,2882,2870,8245,9815,2883,8747,15955,15397,15304,,
5103196,D-TEM,dark,Arabika Temanggung Mukidi,B24,29,purging,62,14867,2881,2869,8245,9812,2880,8745,15950,15393,15302,,
5104196,D-TEM,dark,Arabika Temanggung Mukidi,B24,29,purging,63,14863,2882,2868,8245,9808,2880,8744,15948,15388,15299,,
5105197,D-TEM,dark,Arabika Temanggung Mukidi,B24,29,purging,64,14858,2883,2866,8244,9804,2880,8743,15943,15383,15295,,
5106196,D-TEM,dark,Arabika Temanggung Mukidi,B24,29,purging,65,14855,2883,2870,8244,9800,2880,8740,15940,15379,15290,,
5107196,D-TEM,dark,Arabika Temanggung Mukidi,B24,29,purging,66,14851,2882,2866,8243,9795,2885,8738,15937,15374,15287,,
5108196,D-TEM,dark,Arabika Temanggung Mukidi,B24,29,purging,67,14849,2886,2867,8243,9791,2885,8736,15933,15368,15285,,
5109196,D-TEM,dark,Arabika Temanggung Mukidi,B24,29,purging,68,14846,2883,2868,8242,9788,2883,8734,15930,15364,15282,,
5110196,D-TEM,dark,Arabika Temanggung Mukidi,B24,29,purging,69,14844,2882,2868,8242,9784,2880,8733,15927,15359,15281,,
5111196,D-TEM,dark,Arabika Temanggung Mukidi,B24,29,purging,70,14842,2886,2868,8241,9782,2880,8732,15925,15357,15281,,
5112197,D-TEM,dark,Arabika Temanggung Mukidi,B24,29,purging,71,14842,2883,2868,8241,9781,2880,8733,15923,15355,15282,,
5113196,D-TEM,dark,Arabika Temanggung Mukidi,B24,29,purging,72,14841,2882,2870,8240,9780,2880,8734,15923,15353,15281,,
5114196,D-TEM,dark,Arabika Temanggung Mukidi,B24,29,purging,73,14841,2883,2866,8240,9780,2883,8734,15922,15352,15280,,
5115196,D-TEM,dark,Arabika Temanggung Mukidi,B24,29,purging,74,14840,2883,2868,8240,9780,2880,8734,15923,15352,15279,,
5116196,D-TEM,dark,Arabika Temanggung Mukidi,B24,29,purging,75,14840,2886,2870,8239,9779,2880,8734,15922,15350,15278,,
5117196,D-TEM,dark,Arabika Temanggung Mukidi,B24,29,purging,76,14839,2884,2868,8239,9778,2880,8733,15921,15349,15277,,
5118196,D-TEM,dark,Arabika Temanggung Mukidi,B24,29,purging,77,14839,2883,2870,8238,9777,2880,8733,15921,15348,15276,,
5119196,D-TEM,dark,Arabika Temanggung Mukidi,B24,29,purging,78,14839,2882,2864,8238,9776,2880,8732,15919,15347,15275,,
5120196,D-TEM,dark,Arabika Temanggung Mukidi,B24,29,purging,79,14839,2883,2868,8237,9774,2880,8732,15918,15346,15275,,
5121197,D-TEM,dark,Arabika Temanggung Mukidi,B24,29,purging,80,14838,2881,2868,8237,9774,2885,8731,15918,15345,15274,,
5122196,D-TEM,dark,Arabika Temanggung Mukidi,B24,29,purging,81,14839,2884,2866,8237,9773,2880,8730,15917,15344,15273,,
5123196,D-TEM,dark,Arabika Temanggung Mukidi,B24,29,purging,82,14838,2885,2866,8237,9771,2880,8730,15917,15343,15272,,
5124196,D-TEM,dark,Arabika Temanggung Mukidi,B24,29,purging,83,14837,2883,2868,8236,9769,2880,8729,15916,15341,15270,,
5125196,D-TEM,dark,Arabika Temanggung Mukidi,B24,29,purging,84,14834,2883,2868,8236,9766,2885,8727,15914,15338,15266,,
5126196,D-TEM,dark,Arabika Temanggung Mukidi,B24,29,purging,85,14832,2886,2868,8235,9762,2880,8725,15911,15335,15264,,
5127196,D-TEM,dark,Arabika Temanggung Mukidi,B24,29,purging,86,14831,2883,2870,8235,9759,2880,8723,15909,15331,15261,,
5128197,D-TEM,dark,Arabika Temanggung Mukidi,B24,29,purging,87,14829,2883,2866,8235,9756,2880,8722,15906,15327,15259,,
5129196,D-TEM,dark,Arabika Temanggung Mukidi,B24,29,purging,88,14828,2883,2867,8234,9752,2880,8720,15903,15324,15257,,
5130196,D-TEM,dark,Arabika Temanggung Mukidi,B24,29,purging,89,14826,2884,2868,8233,9749,2880,8719,15901,15320,15255,,
5131196,D-TEM,dark,Arabika Temanggung Mukidi,B24,29,purging,90,14824,2884,2868,8233,9748,2880,8719,15899,15318,15255,,
5132196,D-TEM,dark,Arabika Temanggung Mukidi,B24,29,purging,91,14821,2885,2866,8233,9746,2883,8720,15898,15316,15255,,
5133196,D-TEM,dark,Arabika Temanggung Mukidi,B24,29,purging,92,14819,2881,2868,8232,9746,2883,8721,15899,15315,15255,,
5134196,D-TEM,dark,Arabika Temanggung Mukidi,B24,29,purging,93,14818,2883,2871,8232,9746,2880,8721,15897,15314,15254,,
5135196,D-TEM,dark,Arabika Temanggung Mukidi,B24,29,purging,94,14817,2883,2868,8231,9745,2883,8721,15896,15313,15254,,
5136196,D-TEM,dark,Arabika Temanggung Mukidi,B24,29,purging,95,14817,2887,2868,8231,9744,2880,8721,15894,15312,15252,,
5137197,D-TEM,dark,Arabika Temanggung Mukidi,B24,29,purging,96,14817,2884,2864,8231,9742,2883,8719,15894,15311,15250,,
5138196,D-TEM,dark,Arabika Temanggung Mukidi,B24,29,purging,97,14818,2886,2868,8230,9740,2880,8717,15893,15309,15248,,
5139196,D-TEM,dark,Arabika Temanggung Mukidi,B24,29,purging,98,14818,2884,2868,8230,9737,2881,8715,15892,15307,15245,,
5140196,D-TEM,dark,Arabika Temanggung Mukidi,B24,29,purging,99,14818,2884,2866,8229,9734,2883,8712,15890,15304,15242,,
5141196,D-TEM,dark,Arabika Temanggung Mukidi,B24,29,purging,100,14818,2884,2868,8229,9731,2883,8709,15889,15301,15238,,
5142196,D-TEM,dark,Arabika Temanggung Mukidi,B24,29,purging,101,14818,2884,2870,8229,9726,2885,8706,15887,15297,15235,,
5143196,D-TEM,dark,Arabika Temanggung Mukidi,B24,29,purging,102,14819,2886,2870,8228,9722,2880,8702,15885,15294,15232,,
5144197,D-TEM,dark,Arabika Temanggung Mukidi,B24,29,purging,103,14819,2886,2871,8227,9718,2880,8699,15882,15290,15230,,
5145196,D-TEM,dark,Arabika Temanggung Mukidi,B24,29,purging,104,14820,2886,2869,8227,9715,2880,8697,15881,15287,15228,,
5146196,D-TEM,dark,Arabika Temanggung Mukidi,B24,29,purging,105,14821,2889,2868,8226,9712,2883,8694,15879,15284,15225,,
5147196,D-TEM,dark,Arabika Temanggung Mukidi,B24,29,purging,106,14823,2887,2868,8226,9708,2880,8691,15877,15280,15222,,
5148196,D-TEM,dark,Arabika Temanggung Mukidi,B24,29,purging,107,14824,2886,2871,8225,9704,2880,8688,15874,15277,15219,,
5149196,D-TEM,dark,Arabika Temanggung Mukidi,B24,29,purging,108,14825,2884,2868,8225,9701,2880,8686,15874,15273,15216,,
5150196,D-TEM,dark,Arabika Temanggung Mukidi,B24,29,purging,109,14827,2884,2868,8224,9697,2883,8683,15873,15270,15214,,
5151196,D-TEM,dark,Arabika Temanggung Mukidi,B24,29,purging,110,14828,2884,2868,8224,9693,2880,8681,15871,15267,15212,,
5152196,D-TEM,dark,Arabika Temanggung Mukidi,B24,29,purging,111,14827,2887,2868,8223,9690,2883,8679,15871,15264,15210,,
5153197,D-TEM,dark,Arabika Temanggung Mukidi,B24,29,purging,112,14828,2888,2868,8223,9687,2881,8678,15869,15261,15210,,
5154196,D-TEM,dark,Arabika Temanggung Mukidi,B24,29,purging,113,14828,2886,2868,8222,9684,2883,8678,15868,15260,15208,,
5155196,D-TEM,dark,Arabika Temanggung Mukidi,B24,29,purging,114,14828,2883,2868,8221,9682,2883,8678,15868,15258,15208,,
5156196,D-TEM,dark,Arabika Temanggung Mukidi,B24,29,purging,115,14828,2884,2868,8221,9681,2880,8678,15868,15256,15208,,
5157196,D-TEM,dark,Arabika Temanggung Mukidi,B24,29,purging,116,14828,2884,2868,8220,9681,2881,8678,15867,15255,15208,,
5158196,D-TEM,dark,Arabika Temanggung Mukidi,B24,29,purging,117,14827,2882,2868,8219,9680,2883,8680,15867,15254,15210,,
5159196,D-TEM,dark,Arabika Temanggung Mukidi,B24,29,purging,118,14826,2881,2868,8218,9681,2883,8682,15867,15255,15210,,
5160197,D-TEM,dark,Arabika Temanggung Mukidi,B24,29,purging,119,14825,2883,2868,8218,9682,2883,8684,15868,15255,15211,,
5161196,D-TEM,dark,Arabika Temanggung Mukidi,B24,29,purging,120,14823,2883,2867,8218,9683,2883,8685,15868,15255,15212,,
5162201,D-TEM,dark,Arabika Temanggung Mukidi,B24,29,collecting,1,14823,2886,2870,8217,9683,2880,8686,15868,15255,15212,,
5163196,D-TEM,dark,Arabika Temanggung Mukidi,B24,29,collecting,2,14824,2884,2870,8214,9682,2880,8685,15867,15255,15212,,
5164196,D-TEM,dark,Arabika Temanggung Mukidi,B24,29,collecting,3,14902,2887,2868,8213,9690,2880,8692,15876,15263,15240,,
5165196,D-TEM,dark,Arabika Temanggung Mukidi,B24,29,collecting,4,15096,2884,2867,8213,9721,2883,8708,15935,15308,15291,,
5166196,D-TEM,dark,Arabika Temanggung Mukidi,B24,29,collecting,5,15331,2883,2870,8212,9767,2880,8724,16037,15387,15347,,
5167196,D-TEM,dark,Arabika Temanggung Mukidi,B24,29,collecting,6,15560,2886,2866,8212,9816,2880,8734,16149,15481,15403,,
5168196,D-TEM,dark,Arabika Temanggung Mukidi,B24,29,collecting,7,15762,2884,2866,8212,9859,2880,8739,16250,15574,15454,,
5169197,D-TEM,dark,Arabika Temanggung Mukidi,B24,29,collecting,8,15933,2883,2870,8212,9895,2881,8741,16337,15660,15498,,
5170196,D-TEM,dark,Arabika Temanggung Mukidi,B24,29,collecting,9,16074,2883,2868,8212,9924,2880,8742,16407,15734,15535,,
5171196,D-TEM,dark,Arabika Temanggung Mukidi,B24,29,collecting,10,16190,2885,2867,8212,9949,2880,8742,16464,15797,15566,,
5172196,D-TEM,dark,Arabika Temanggung Mukidi,B24,29,collecting,11,16285,2885,2868,8212,9970,2883,8741,16510,15850,15592,,
5173196,D-TEM,dark,Arabika Temanggung Mukidi,B24,29,collecting,12,16363,2887,2868,8212,9986,2880,8741,16547,15893,15613,,
5174196,D-TEM,dark,Arabika Temanggung Mukidi,B24,29,collecting,13,16424,2885,2868,8211,10000,2880,8739,16575,15928,15630,,
5175196,D-TEM,dark,Arabika Temanggung Mukidi,B24,29,collecting,14,16472,2884,2864,8212,10010,2880,8737,16596,15956,15644,,
5176197,D-TEM,dark,Arabika Temanggung Mukidi,B24,29,collecting,15,16509,2885,2868,8211,10018,2883,8735,16612,15978,15654,,
5177196,D-TEM,dark,Arabika Temanggung Mukidi,B24,29,collecting,16,16537,2885,2868,8211,10023,2883,8733,16623,15994,15662,,
5178196,D-TEM,dark,Arabika Temanggung Mukidi,B24,29,collecting,17,16556,2890,2868,8210,10028,2880,8731,16631,16006,15668,,
5179196,D-TEM,dark,Arabika Temanggung Mukidi,B24,29,collecting,18,16569,2885,2867,8210,10032,2880,8729,16635,16014,15671,,
5180196,D-TEM,dark,Arabika Temanggung Mukidi,B24,29,collecting,19,16577,2886,2870,8210,10034,2880,8727,16638,16021,15673,,
5181196,D-TEM,dark,Arabika Temanggung Mukidi,B24,29,collecting,20,16580,2886,2868,8210,10035,2880,8726,16639,16023,15675,,
5182196,D-TEM,dark,Arabika Temanggung Mukidi,B24,29,collecting,21,16581,2886,2871,8209,10035,2880,8723,16637,16024,15676,,
5183196,D-TEM,dark,Arabika Temanggung Mukidi,B24,29,collecting,22,16579,2888,2870,8208,10034,2883,8722,16636,16024,15676,,
5184196,D-TEM,dark,Arabika Temanggung Mukidi,B24,29,collecting,23,16575,2886,2868,8208,10033,2880,8720,16633,16022,15674,,
5185197,D-TEM,dark,Arabika Temanggung Mukidi,B24,29,collecting,24,16569,2888,2870,8208,10032,2880,8718,16630,16020,15672,,
5186196,D-TEM,dark,Arabika Temanggung Mukidi,B24,29,collecting,25,16561,2887,2868,8208,10030,2880,8716,16626,16016,15670,,
5187196,D-TEM,dark,Arabika Temanggung Mukidi,B24,29,collecting,26,16552,2889,2868,8208,10028,2883,8714,16622,16011,15667,,
5188196,D-TEM,dark,Arabika Temanggung Mukidi,B24,29,collecting,27,16542,2887,2868,8207,10025,2883,8712,16616,16006,15664,,
5189196,D-TEM,dark,Arabika Temanggung Mukidi,B24,29,collecting,28,16532,2888,2868,8207,10023,2883,8710,16610,16000,15660,,
5190196,D-TEM,dark,Arabika Temanggung Mukidi,B24,29,collecting,29,16520,2888,2868,8207,10020,2880,8709,16604,15994,15657,,
5191196,D-TEM,dark,Arabika Temanggung Mukidi,B24,29,collecting,30,16507,2886,2870,8206,10017,2880,8708,16599,15988,15653,,
5192197,D-TEM,dark,Arabika Temanggung Mukidi,B24,29,collecting,31,16494,2890,2870,8206,10014,2880,8706,16592,15981,15648,,
5193196,D-TEM,dark,Arabika Temanggung Mukidi,B24,29,collecting,32,16481,2890,2871,8206,10010,2880,8704,16585,15974,15644,,
5194196,D-TEM,dark,Arabika Temanggung Mukidi,B24,29,collecting,33,16468,2886,2868,8205,10007,2883,8702,16578,15967,15639,,
5195196,D-TEM,dark,Arabika Temanggung Mukidi,B24,29,collecting,34,16454,2890,2868,8205,10003,2883,8701,16573,15960,15634,,
5196196,D-TEM,dark,Arabika Temanggung Mukidi,B24,29,collecting,35,16440,2883,2866,8205,10000,2880,8699,16565,15952,15629,,
5197196,D-TEM,dark,Arabika Temanggung Mukidi,B24,29,collecting,36,16427,2888,2868,8205,9996,2883,8698,16559,15944,15624,,
5198196,D-TEM,dark,Arabika Temanggung Mukidi,B24,29,collecting,37,16413,2885,2869,8204,9992,2880,8695,16552,15937,15619,,
5199196,D-TEM,dark,Arabika Temanggung Mukidi,B24,29,collecting,38,16401,2886,2870,8204,9988,2880,8694,16545,15929,15614,,
5200196,D-TEM,dark,Arabika Temanggung Mukidi,B24,29,collecting,39,16389,2886,2867,8204,9984,2883,8692,16539,15922,15609,,
5201197,D-TEM,dark,Arabika Temanggung Mukidi,B24,29,collecting,40,16377,2885,2872,8203,9981,2883,8691,16533,15915,15605,,
5202196,D-TEM,dark,Arabika Temanggung Mukidi,B24,29,collecting,41,16366,2888,2868,8204,9978,2881,8689,16528,15908,15601,,
5203196,D-TEM,dark,Arabika Temanggung Mukidi,B24,29,collecting,42,16356,2888,2870,8203,9975,2883,8688,16522,15902,15597,,
5204196,D-TEM,dark,Arabika Temanggung Mukidi,B24,29,collecting,43,16345,2886,2870,8203,9973,2881,8686,16517,15896,15593,,
5205196,D-TEM,dark,Arabika Temanggung Mukidi,B24,29,collecting,44,16335,2890,2868,8202,9970,2880,8685,16513,15890,15589,,
5206196,D-TEM,dark,Arabika Temanggung Mukidi,B24,29,collecting,45,16325,2887,2870,8202,9967,2883,8684,16509,15885,15585,,
5207196,D-TEM,dark,Arabika Temanggung Mukidi,B24,29,collecting,46,16314,2886,2869,8202,9964,2883,8683,16503,15878,15581,,
5208197,D-TEM,dark,Arabika Temanggung Mukidi,B24,29,collecting,47,16304,2885,2868,8201,9961,2883,8681,16497,15872,15577,,
5209196,D-TEM,dark,Arabika Temanggung Mukidi,B24,29,collecting,48,16294,2885,2870,8201,9958,2880,8680,16491,15865,15573,,
5210196,D-TEM,dark,Arabika Temanggung Mukidi,B24,29,collecting,49,16284,2886,2868,8200,9956,2881,8679,16487,15859,15569,,
5211196,D-TEM,dark,Arabika Temanggung Mukidi,B24,29,collecting,50,16275,2889,2868,8200,9954,2883,8679,16483,15854,15566,,
5212196,D-TEM,dark,Arabika Temanggung Mukidi,B24,29,collecting,51,16266,2883,2868,8200,9951,2883,8677,16478,15849,15562,,
5213196,D-TEM,dark,Arabika Temanggung Mukidi,B24,29,collecting,52,16257,2890,2868,8200,9949,2883,8677,16474,15844,15558,,
5214196,D-TEM,dark,Arabika Temanggung Mukidi,B24,29,collecting,53,16249,2887,2871,8199,9946,2883,8676,16470,15839,15554,,
5215196,D-TEM,dark,Arabika Temanggung Mukidi,B24,29,collecting,54,16241,2889,2871,8199,9944,2883,8675,16465,15834,15551,,
5216196,D-TEM,dark,Arabika Temanggung Mukidi,B24,29,collecting,55,16233,2890,2870,8199,9942,2883,8674,16462,15829,15548,,
5217197,D-TEM,dark,Arabika Temanggung Mukidi,B24,29,collecting,56,16226,2885,2870,8198,9940,2883,8673,16457,15825,15545,,
5218196,D-TEM,dark,Arabika Temanggung Mukidi,B24,29,collecting,57,16220,2887,2871,8198,9937,2883,8673,16454,15821,15542,,
5219196,D-TEM,dark,Arabika Temanggung Mukidi,B24,29,collecting,58,16214,2890,2866,8198,9936,2883,8672,16452,15817,15539,,
5220196,D-TEM,dark,Arabika Temanggung Mukidi,B24,29,collecting,59,16209,2888,2869,8198,9934,2883,8671,16449,15813,15536,,
5221196,D-TEM,dark,Arabika Temanggung Mukidi,B24,29,collecting,60,16204,2885,2868,8197,9932,2883,8671,16447,15810,15534,,
5222200,D-TEM,dark,Arabika Temanggung Mukidi,B24,30,purging,1,16199,2887,2870,8197,9931,2883,8670,16444,15806,15532,,
5223196,D-TEM,dark,Arabika Temanggung Mukidi,B24,30,purging,2,16194,2890,2870,8199,9932,2883,8671,16442,15803,15533,,
5224197,D-TEM,dark,Arabika Temanggung Mukidi,B24,30,purging,3,16170,2887,2870,8199,9932,2881,8674,16437,15799,15526,,
5225196,D-TEM,dark,Arabika Temanggung Mukidi,B24,30,purging,4,16127,2888,2870,8199,9928,2883,8675,16419,15786,15513,,
5226196,D-TEM,dark,Arabika Temanggung Mukidi,B24,30,purging,5,16072,2887,2866,8199,9919,2883,8675,16392,15766,15497,,
5227196,D-TEM,dark,Arabika Temanggung Mukidi,B24,30,purging,6,16011,2885,2871,8198,9909,2883,8675,16361,15741,15479,,
5228196,D-TEM,dark,Arabika Temanggung Mukidi,B24,30,purging,7,15948,2885,2866,8197,9897,2883,8674,16328,15714,15462,,
5229196,D-TEM,dark,Arabika Temanggung Mukidi,B24,30,purging,8,15884,2887,2870,8196,9886,2883,8672,16296,15686,15445,,
5230196,D-TEM,dark,Arabika Temanggung Mukidi,B24,30,purging,9,15822,2886,2868,8196,9874,2880,8671,16268,15659,15428,,
5231196,D-TEM,dark,Arabika Temanggung Mukidi,B24,30,purging,10,15762,2885,2868,8195,9863,2883,8668,16241,15632,15412,,
5232196,D-TEM,dark,Arabika Temanggung Mukidi,B24,30,purging,11,15705,2890,2866,8194,9851,2883,8666,16216,15607,15396,,
5233197,D-TEM,dark,Arabika Temanggung Mukidi,B24,30,purging,12,15651,2887,2867,8193,9840,2880,8664,16193,15583,15381,,
5234196,D-TEM,dark,Arabika Temanggung Mukidi,B24,30,purging,13,15601,2885,2869,8192,9830,2880,8662,16172,15561,15368,,
5235196,D-TEM,dark,Arabika Temanggung Mukidi,B24,30,purging,14,15554,2887,2868,8192,9821,2881,8661,16154,15540,15356,,
5236196,D-TEM,dark,Arabika Temanggung Mukidi,B24,30,purging,15,15511,2888,2868,8191,9812,2883,8660,16137,15522,15345,,
5237196,D-TEM,dark,Arabika Temanggung Mukidi,B24,30,purging,16,15471,2884,2870,8190,9804,2881,8659,16121,15504,15335,,
5238196,D-TEM,dark,Arabika Temanggung Mukidi,B24,30,purging,17,15434,2889,2871,8189,9797,2883,8658,16107,15489,15326,,
5239196,D-TEM,dark,Arabika Temanggung Mukidi,B24,30,purging,18,15399,2882,2869,8188,9790,2881,8657,16094,15474,15316,,
5240197,D-TEM,dark,Arabika Temanggung Mukidi,B24,30,purging,19,15368,2887,2871,8187,9783,2881,8656,16081,15460,15307,,
5241196,D-TEM,dark,Arabika Temanggung Mukidi,B24,30,purging,20,15340,2886,2870,8186,9776,2883,8654,16070,15446,15299,,
5242196,D-TEM,dark,Arabika Temanggung Mukidi,B24,30,purging,21,15314,2890,2869,8186,9770,2883,8653,16058,15434,15292,,
5243196,D-TEM,dark,Arabika Temanggung Mukidi,B24,30,purging,22,15292,2885,2869,8185,9766,2881,8653,16050,15423,15288,,
5244196,D-TEM,dark,Arabika Temanggung Mukidi,B24,30,purging,23,15271,2884,2872,8184,9763,2883,8653,16042,15414,15283,,
5245196,D-TEM,dark,Arabika Temanggung Mukidi,B24,30,purging,24,15252,2884,2866,8184,9760,2883,8654,16035,15407,15279,,
5246196,D-TEM,dark,Arabika Temanggung Mukidi,B24,30,purging,25,15235,2886,2870,8183,9757,2883,8655,16029,15400,15274,,
5247196,D-TEM,dark,Arabika Temanggung Mukidi,B24,30,purging,26,15219,2882,2868,8182,9755,2883,8655,16024,15394,15269,,
5248196,D-TEM,dark,Arabika Temanggung Mukidi,B24,30,purging,27,15204,2888,2871,8181,9753,2883,8655,16018,15387,15265,,
5249197,D-TEM,dark,Arabika Temanggung Mukidi,B24,30,purging,28,15190,2884,2870,8181,9751,2883,8656,16013,15382,15262,,
5250196,D-TEM,dark,Arabika Temanggung Mukidi,B24,30,purging,29,15178,2887,2871,8180,9749,2879,8656,16010,15377,15259,,
5251196,D-TEM,dark,Arabika Temanggung Mukidi,B24,30,purging,30,15167,2888,2871,8179,9748,2883,8657,16005,15373,15256,,
5252196,D-TEM,dark,Arabika Temanggung Mukidi,B24,30,purging,31,15157,2890,2871,8178,9746,2883,8657,16000,15368,15252,,
5253196,D-TEM,dark,Arabika Temanggung Mukidi,B24,30,purging,32,15147,2890,2870,8178,9745,2883,8657,15996,15363,15250,,
5254196,D-TEM,dark,Arabika Temanggung Mukidi,B24,30,purging,33,15138,2886,2869,8177,9743,2879,8657,15990,15359,15247,,
5255196,D-TEM,dark,Arabika Temanggung Mukidi,B24,30,purging,34,15130,2887,2871,8176,9742,2883,8657,15987,15355,15244,,
5256197,D-TEM,dark,Arabika Temanggung Mukidi,B24,30,purging,35,15121,2890,2866,8176,9740,2883,8657,15984,15352,15240,,
5257196,D-TEM,dark,Arabika Temanggung Mukidi,B24,30,purging,36,15113,2890,2866,8175,9738,2883,8657,15980,15348,15238,,
5258196,D-TEM,dark,Arabika Temanggung Mukidi,B24,30,purging,37,15104,2883,2870,8175,9736,2883,8657,15975,15344,15235,,
5259196,D-TEM,dark,Arabika Temanggung Mukidi,B24,30,purging,38,15096,2887,2871,8175,9733,2883,8656,15972,15340,15230,,
5260196,D-TEM,dark,Arabika Temanggung Mukidi,B24,30,purging,39,15088,2885,2869,8173,9729,2883,8654,15967,15334,15225,,
5261196,D-TEM,dark,Arabika Temanggung Mukidi,B24,30,purging,40,15080,2885,2866,8173,9726,2880,8652,15961,15328,15221,,
5262196,D-TEM,dark,Arabika Temanggung Mukidi,B24,30,purging,41,15073,2885,2869,8172,9721,2883,8649,15956,15322,15216,,
5263196,D-TEM,dark,Arabika Temanggung Mukidi,B24,30,purging,42,15066,2890,2872,8172,9714,2883,8646,15951,15314,15211,,
5264196,D-TEM,dark,Arabika Temanggung Mukidi,B24,30,purging,43,15058,2888,2872,8171,9709,2883,8643,15944,15307,15205,,
5265197,D-TEM,dark,Arabika Temanggung Mukidi,B24,30,purging,44,15051,2888,2868,8170,9702,2883,8640,15938,15299,15200,,
5266196,D-TEM,dark,Arabika Temanggung Mukidi,B24,30,purging,45,15043,2890,2870,8170,9696,2879,8637,15933,15291,15194,,
5267196,D-TEM,dark,Arabika Temanggung Mukidi,B24,30,purging,46,15036,2890,2868,8169,9692,2883,8635,15928,15284,15191,,
5268196,D-TEM,dark,Arabika Temanggung Mukidi,B24,30,purging,47,15029,2890,2872,8169,9687,2881,8634,15924,15278,15187,,
5269196,D-TEM,dark,Arabika Temanggung Mukidi,B24,30,purging,48,15023,2885,2872,8168,9683,2881,8633,15919,15272,15184,,
5270196,D-TEM,dark,Arabika Temanggung Mukidi,B24,30,purging,49,15018,2886,2871,8167,9680,2880,8631,15916,15267,15180,,
5271196,D-TEM,dark,Arabika Temanggung Mukidi,B24,30,purging,50,15012,2888,2871,8167,9675,2883,8630,15912,15261,15177,,
5272197,D-TEM,dark,Arabika Temanggung Mukidi,B24,30,purging,51,15007,2890,2866,8166,9671,2881,8628,15908,15256,15173,,
5273196,D-TEM,dark,Arabika Temanggung Mukidi,B24,30,purging,52,15002,2890,2868,8166,9667,2881,8627,15906,15251,15170,,
5274196,D-TEM,dark,Arabika Temanggung Mukidi,B24,30,purging,53,14998,2886,2869,8165,9664,2883,8626,15902,15246,15167,,
5275196,D-TEM,dark,Arabika Temanggung Mukidi,B24,30,purging,54,14993,2890,2872,8165,9660,2883,8624,15899,15241,15163,,
5276196,D-TEM,dark,Arabika Temanggung Mukidi,B24,30,purging,55,14988,2890,2872,8164,9655,2881,8622,15895,15235,15159,,
5277196,D-TEM,dark,Arabika Temanggung Mukidi,B24,30,purging,56,14984,2888,2871,8164,9652,2883,8620,15891,15230,15156,,
5278196,D-TEM,dark,Arabika Temanggung Mukidi,B24,30,purging,57,14980,2888,2871,8163,9648,2883,8619,15888,15224,15153,,
5279196,D-TEM,dark,Arabika Temanggung Mukidi,B24,30,purging,58,14975,2888,2871,8162,9644,2883,8618,15885,15219,15150,,
5280196,D-TEM,dark,Arabika Temanggung Mukidi,B24,30,purging,59,14970,2890,2871,8162,9641,2883,8616,15882,15215,15147,,
5281197,D-TEM,dark,Arabika Temanggung Mukidi,B24,30,purging,60,14966,2885,2870,8161,9637,2883,8614,15878,15209,15144,,
5282196,D-TEM,dark,Arabika Temanggung Mukidi,B24,30,purging,61,14962,2890,2869,8161,9632,2883,8613,15875,15204,15142,,
5283196,D-TEM,dark,Arabika Temanggung Mukidi,B24,30,purging,62,14958,2888,2870,8160,9629,2881,8613,15871,15199,15139,,
5284196,D-TEM,dark,Arabika Temanggung Mukidi,B24,30,purging,63,14954,2888,2868,8159,9626,2881,8612,15868,15195,15136,,
5285196,D-TEM,dark,Arabika Temanggung Mukidi,B24,30,purging,64,14951,2883,2872,8159,9623,2881,8610,15864,15190,15132,,
5286196,D-TEM,dark,Arabika Temanggung Mukidi,B24,30,purging,65,14948,2886,2868,8158,9620,2879,8608,15862,15185,15129,,
5287196,D-TEM,dark,Arabika Temanggung Mukidi,B24,30,purging,66,14945,2888,2868,8158,9616,2879,8607,15858,15181,15126,,
5288197,D-TEM,dark,Arabika Temanggung Mukidi,B24,30,purging,67,14942,2890,2870,8157,9612,2883,8604,15856,15176,15123,,
5289196,D-TEM,dark,Arabika Temanggung Mukidi,B24,30,purging,68,14939,2890,2868,8156,9608,2879,8602,15854,15172,15120,,
5290196,D-TEM,dark,Arabika Temanggung Mukidi,B24,30,purging,69,14938,2890,2870,8156,9604,2881,8601,15851,15167,15118,,
5291196,D-TEM,dark,Arabika Temanggung Mukidi,B24,30,purging,70,14936,2883,2873,8155,9600,2883,8599,15850,15163,15116,,
5292196,D-TEM,dark,Arabika Temanggung Mukidi,B24,30,purging,71,14934,2886,2871,8154,9597,2883,8598,15848,15160,15115,,
5293196,D-TEM,dark,Arabika Temanggung Mukidi,B24,30,purging,72,14932,2888,2870,8154,9595,2883,8598,15846,15157,15114,,
5294196,D-TEM,dark,Arabika Temanggung Mukidi,B24,30,purging,73,14932,2888,2866,8153,9594,2883,8598,15845,15155,15113,,
5295196,D-TEM,dark,Arabika Temanggung Mukidi,B24,30,purging,74,14930,2888,2870,8153,9593,2883,8599,15845,15154,15114,,
5296196,D-TEM,dark,Arabika Temanggung Mukidi,B24,30,purging,75,14930,2890,2869,8152,9593,2879,8599,15845,15153,15112,,
5297197,D-TEM,dark,Arabika Temanggung Mukidi,B24,30,purging,76,14928,2890,2870,8151,9592,2881,8600,15844,15152,15111,,
5298196,D-TEM,dark,Arabika Temanggung Mukidi,B24,30,purging,77,14927,2888,2872,8151,9590,2883,8599,15842,15150,15109,,
5299196,D-TEM,dark,Arabika Temanggung Mukidi,B24,30,purging,78,14926,2890,2868,8150,9588,2881,8598,15841,15148,15107,,
5300196,D-TEM,dark,Arabika Temanggung Mukidi,B24,30,purging,79,14924,2890,2870,8150,9586,2881,8597,15840,15145,15105,,
5301196,D-TEM,dark,Arabika Temanggung Mukidi,B24,30,purging,80,14922,2888,2872,8150,9584,2881,8596,15838,15143,15104,,
5302196,D-TEM,dark,Arabika Temanggung Mukidi,B24,30,purging,81,14921,2886,2869,8148,9582,2883,8595,15835,15140,15103,,
5303196,D-TEM,dark,Arabika Temanggung Mukidi,B24,30,purging,82,14919,2890,2870,8148,9581,2881,8594,15834,15138,15101,,
5304197,D-TEM,dark,Arabika Temanggung Mukidi,B24,30,purging,83,14917,2888,2869,8147,9580,2883,8593,15831,15135,15099,,
5305196,D-TEM,dark,Arabika Temanggung Mukidi,B24,30,purging,84,14917,2888,2870,8147,9578,2879,8592,15830,15133,15098,,
5306196,D-TEM,dark,Arabika Temanggung Mukidi,B24,30,purging,85,14916,2886,2868,8146,9575,2881,8592,15829,15130,15097,,
5307196,D-TEM,dark,Arabika Temanggung Mukidi,B24,30,purging,86,14915,2888,2874,8145,9573,2881,8590,15827,15128,15095,,
5308196,D-TEM,dark,Arabika Temanggung Mukidi,B24,30,purging,87,14914,2888,2874,8145,9570,2883,8590,15826,15126,15094,,
5309196,D-TEM,dark,Arabika Temanggung Mukidi,B24,30,purging,88,14913,2885,2869,8144,9569,2883,8590,15826,15124,15093,,
5310196,D-TEM,dark,Arabika Temanggung Mukidi,B24,30,purging,89,14913,2887,2874,8144,9567,2883,8590,15825,15122,15091,,
5311196,D-TEM,dark,Arabika Temanggung Mukidi,B24,30,purging,90,14912,2888,2870,8143,9566,2879,8588,15824,15120,15090,,
5312196,D-TEM,dark,Arabika Temanggung Mukidi,B24,30,purging,91,14910,2888,2868,8143,9564,2883,8587,15823,15118,15088,,
5313197,D-TEM,dark,Arabika Temanggung Mukidi,B24,30,purging,92,14909,2885,2868,8142,9561,2883,8586,15822,15116,15086,,
5314196,D-TEM,dark,Arabika Temanggung Mukidi,B24,30,purging,93,14909,2888,2868,8141,9559,2879,8584,15820,15113,15083,,
5315196,D-TEM,dark,Arabika Temanggung Mukidi,B24,30,purging,94,14908,2886,2869,8141,9556,2883,8583,15819,15111,15082,,
5316196,D-TEM,dark,Arabika Temanggung Mukidi,B24,30,purging,95,14908,2888,2871,8140,9554,2883,8583,15817,15109,15081,,
5317196,D-TEM,dark,Arabika Temanggung Mukidi,B24,30,purging,96,14907,2886,2870,8139,9552,2883,8582,15816,15107,15082,,
5318196,D-TEM,dark,Arabika Temanggung Mukidi,B24,30,purging,97,14906,2888,2872,8138,9551,2883,8583,15816,15106,15083,,
5319196,D-TEM,dark,Arabika Temanggung Mukidi,B24,30,purging,98,14905,2890,2872,8137,9552,2881,8586,15815,15106,15083,,
5320197,D-TEM,dark,Arabika Temanggung Mukidi,B24,30,purging,99,14905,2886,2868,8137,9552,2883,8587,15815,15106,15084,,
5321196,D-TEM,dark,Arabika Temanggung Mukidi,B24,30,purging,100,14906,2888,2874,8137,9554,2883,8588,15816,15106,15084,,
5322196,D-TEM,dark,Arabika Temanggung Mukidi,B24,30,purging,101,14906,2890,2871,8135,9554,2883,8590,15817,15107,15086,,
5323196,D-TEM,dark,Arabika Temanggung Mukidi,B24,30,purging,102,14906,2883,2872,8135,9556,2881,8591,15819,15109,15087,,
5324196,D-TEM,dark,Arabika Temanggung Mukidi,B24,30,purging,103,14907,2890,2872,8135,9558,2881,8592,15820,15111,15089,,
5325196,D-TEM,dark,Arabika Temanggung Mukidi,B24,30,purging,104,14907,2888,2873,8134,9560,2881,8594,15820,15112,15090,,
5326196,D-TEM,dark,Arabika Temanggung Mukidi,B24,30,purging,105,14909,2888,2870,8134,9561,2883,8595,15820,15114,15091,,
5327196,D-TEM,dark,Arabika Temanggung Mukidi,B24,30,purging,106,14909,2890,2868,8133,9562,2881,8596,15820,15115,15093,,
5328196,D-TEM,dark,Arabika Temanggung Mukidi,B24,30,purging,107,14908,2883,2871,8132,9563,2881,8596,15821,15116,15092,,
5329197,D-TEM,dark,Arabika Temanggung Mukidi,B24,30,purging,108,14909,2890,2871,8132,9563,2881,8597,15821,15117,15092,,
5330196,D-TEM,dark,Arabika Temanggung Mukidi,B24,30,purging,109,14908,2888,2870,8131,9563,2883,8595,15820,15116,15091,,
5331196,D-TEM,dark,Arabika Temanggung Mukidi,B24,30,purging,110,14908,2886,2868,8131,9561,2883,8594,15819,15116,15091,,
5332196,D-TEM,dark,Arabika Temanggung Mukidi,B24,30,purging,111,14908,2883,2872,8131,9560,2883,8594,15818,15115,15091,,
5333196,D-TEM,dark,Arabika Temanggung Mukidi,B24,30,purging,112,14907,2888,2868,8130,9559,2883,8594,15818,15114,15090,,
5334196,D-TEM,dark,Arabika Temanggung Mukidi,B24,30,purging,113,14906,2890,2870,8129,9559,2883,8594,15817,15114,15089,,
5335196,D-TEM,dark,Arabika Temanggung Mukidi,B24,30,purging,114,14905,2885,2873,8129,9557,2883,8593,15816,15113,15088,,
5336197,D-TEM,dark,Arabika Temanggung Mukidi,B24,30,purging,115,14904,2888,2872,8128,9555,2883,8592,15814,15111,15086,,
5337196,D-TEM,dark,Arabika Temanggung Mukidi,B24,30,purging,116,14902,2888,2872,8128,9553,2879,8590,15812,15108,15084,,
5338196,D-TEM,dark,Arabika Temanggung Mukidi,B24,30,purging,117,14901,2888,2868,8127,9550,2881,8588,15810,15105,15082,,
5339196,D-TEM,dark,Arabika Temanggung Mukidi,B24,30,purging,118,14899,2888,2872,8127,9547,2881,8587,15808,15102,15082,,
5340196,D-TEM,dark,Arabika Temanggung Mukidi,B24,30,purging,119,14896,2888,2874,8126,9546,2879,8588,15807,15101,15083,,
5341196,D-TEM,dark,Arabika Temanggung Mukidi,B24,30,purging,120,14894,2886,2872,8126,9546,2883,8589,15806,15100,15083,,
5342200,D-TEM,dark,Arabika Temanggung Mukidi,B24,30,collecting,1,14891,2888,2872,8126,9546,2879,8591,15805,15099,15083,,
5343196,D-TEM,dark,Arabika Temanggung Mukidi,B24,30,collecting,2,14888,2888,2872,8123,9544,2879,8591,15804,15097,15083,,
5344196,D-TEM,dark,Arabika Temanggung Mukidi,B24,30,collecting,3,14958,2886,2874,8122,9553,2883,8599,15811,15103,15114,,
5345197,D-TEM,dark,Arabika Temanggung Mukidi,B24,30,collecting,4,15141,2888,2870,8121,9585,2881,8616,15868,15147,15166,,
5346196,D-TEM,dark,Arabika Temanggung Mukidi,B24,30,collecting,5,15364,2888,2874,8121,9630,2881,8632,15965,15224,15219,,
5347196,D-TEM,dark,Arabika Temanggung Mukidi,B24,30,collecting,6,15581,2890,2874,8121,9677,2883,8641,16072,15315,15271,,
5348196,D-TEM,dark,Arabika Temanggung Mukidi,B24,30,collecting,7,15772,2888,2868,8121,9719,2881,8646,16171,15406,15319,,
5349196,D-TEM,dark,Arabika Temanggung Mukidi,B24,30,collecting,8,15934,2888,2868,8121,9754,2883,8649,16257,15489,15362,,
5350196,D-TEM,dark,Arabika Temanggung Mukidi,B24,30,collecting,9,16069,2888,2872,8121,9782,2881,8650,16326,15561,15398,,
5351196,D-TEM,dark,Arabika Temanggung Mukidi,B24,30,collecting,10,16179,2892,2871,8121,9806,2879,8649,16380,15623,15428,,
5352197,D-TEM,dark,Arabika Temanggung Mukidi,B24,30,collecting,11,16269,2890,2867,8121,9825,2881,8648,16423,15673,15454,,
5353196,D-TEM,dark,Arabika Temanggung Mukidi,B24,30,collecting,12,16340,2888,2872,8121,9841,2881,8648,16457,15716,15474,,
5354196,D-TEM,dark,Arabika Temanggung Mukidi,B24,30,collecting,13,16395,2888,2873,8120,9853,2881,8646,16483,15750,15489,,
5355196,D-TEM,dark,Arabika Temanggung Mukidi,B24,30,collecting,14,16439,2888,2874,8120,9863,2881,8645,16502,15777,15502,,
5356196,D-TEM,dark,Arabika Temanggung Mukidi,B24,30,collecting,15,16472,2888,2872,8120,9871,2881,8643,16517,15798,15512,,
5357196,D-TEM,dark,Arabika Temanggung Mukidi,B24,30,collecting,16,16496,2890,2872,8120,9877,2879,8643,16529,15814,15520,,
5358196,D-TEM,dark,Arabika Temanggung Mukidi,B24,30,collecting,17,16514,2890,2874,8119,9881,2883,8641,16535,15827,15524,,
5359196,D-TEM,dark,Arabika Temanggung Mukidi,B24,30,collecting,18,16527,2890,2872,8120,9885,2881,8640,16541,15836,15528,,
5360196,D-TEM,dark,Arabika Temanggung Mukidi,B24,30,collecting,19,16535,2888,2874,8119,9887,2881,8639,16543,15842,15532,,
5361197,D-TEM,dark,Arabika Temanggung Mukidi,B24,30,collecting,20,16540,2888,2871,8119,9889,2881,8638,16545,15847,15534,,
5362196,D-TEM,dark,Arabika Temanggung Mukidi,B24,30,collecting,21,16541,2888,2870,8118,9890,2883,8637,16545,15850,15536,,
5363196,D-TEM,dark,Arabika Temanggung Mukidi,B24,30,collecting,22,16540,2888,2872,8118,9891,2881,8635,16544,15851,15536,,
5364196,D-TEM,dark,Arabika Temanggung Mukidi,B24,30,collecting,23,16537,2890,2872,8118,9891,2881,8634,16542,15851,15536,,
5365196,D-TEM,dark,Arabika Temanggung Mukidi,B24,30,collecting,24,16530,2890,2870,8117,9890,2879,8633,16538,15849,15534,,
5366196,D-TEM,dark,Arabika Temanggung Mukidi,B24,30,collecting,25,16522,2892,2870,8117,9889,2881,8632,16535,15847,15532,,
5367196,D-TEM,dark,Arabika Temanggung Mukidi,B24,30,collecting,26,16512,2888,2874,8117,9887,2881,8631,16531,15843,15530,,
5368197,D-TEM,dark,Arabika Temanggung Mukidi,B24,30,collecting,27,16503,2892,2869,8117,9886,2881,8630,16526,15839,15528,,
5369196,D-TEM,dark,Arabika Temanggung Mukidi,B24,30,collecting,28,16493,2888,2869,8117,9884,2881,8629,16521,15834,15526,,
5370196,D-TEM,dark,Arabika Temanggung Mukidi,B24,30,collecting,29,16482,2888,2872,8117,9883,2881,8628,16516,15829,15523,,
5371196,D-TEM,dark,Arabika Temanggung Mukidi,B24,30,collecting,30,16472,2890,2868,8117,9881,2881,8627,16510,15824,15520,,
5372196,D-TEM,dark,Arabika Temanggung Mukidi,B24,30,collecting,31,16462,2888,2872,8116,9879,2883,8626,16507,15820,15517,,
5373196,D-TEM,dark,Arabika Temanggung Mukidi,B24,30,collecting,32,16452,2888,2868,8116,9878,2883,8626,16502,15814,15515,,
5374196,D-TEM,dark,Arabika Temanggung Mukidi,B24,30,collecting,33,16440,2892,2871,8116,9875,2881,8624,16497,15809,15512,,
5375196,D-TEM,dark,Arabika Temanggung Mukidi,B24,30,collecting,34,16429,2888,2877,8115,9874,2881,8623,16491,15804,15509,,
5376196,D-TEM,dark,Arabika Temanggung Mukidi,B24,30,collecting,35,16417,2888,2872,8116,9872,2881,8623,16486,15799,15505,,
5377197,D-TEM,dark,Arabika Temanggung Mukidi,B24,30,collecting,36,16405,2890,2874,8115,9870,2881,8622,16481,15793,15501,,
5378196,D-TEM,dark,Arabika Temanggung Mukidi,B24,30,collecting,37,16393,2888,2870,8115,9868,2881,8621,16476,15787,15498,,
5379196,D-TEM,dark,Arabika Temanggung Mukidi,B24,30,collecting,38,16381,2888,2874,8115,9865,2883,8621,16470,15782,15495,,
5380196,D-TEM,dark,Arabika Temanggung Mukidi,B24,30,collecting,39,16369,2888,2872,8115,9863,2881,8620,16465,15777,15492,,
5381196,D-TEM,dark,Arabika Temanggung Mukidi,B24,30,collecting,40,16358,2888,2872,8115,9862,2881,8619,16461,15772,15489,,
5382196,D-TEM,dark,Arabika Temanggung Mukidi,B24,30,collecting,41,16347,2890,2874,8115,9861,2881,8619,16456,15767,15485,,
5383196,D-TEM,dark,Arabika Temanggung Mukidi,B24,30,collecting,42,16335,2888,2872,8115,9859,2883,8619,16451,15762,15482,,
5384197,D-TEM,dark,Arabika Temanggung Mukidi,B24,30,collecting,43,16326,2890,2874,8114,9857,2881,8618,16448,15757,15480,,
5385196,D-TEM,dark,Arabika Temanggung Mukidi,B24,30,collecting,44,16316,2888,2872,8114,9855,2879,8618,16443,15753,15476,,
5386196,D-TEM,dark,Arabika Temanggung Mukidi,B24,30,collecting,45,16307,2888,2874,8114,9854,2881,8617,16439,15748,15474,,
5387196,D-TEM,dark,Arabika Temanggung Mukidi,B24,30,collecting,46,16299,2890,2871,8113,9853,2881,8617,16435,15744,15472,,
5388196,D-TEM,dark,Arabika Temanggung Mukidi,B24,30,collecting,47,16289,2888,2870,8113,9851,2879,8617,16431,15740,15469,,
5389196,D-TEM,dark,Arabika Temanggung Mukidi,B24,30,collecting,48,16281,2890,2874,8113,9849,2881,8617,16428,15736,15466,,
5390196,D-TEM,dark,Arabika Temanggung Mukidi,B24,30,collecting,49,16272,2888,2872,8113,9848,2881,8616,16424,15731,15463,,
5391196,D-TEM,dark,Arabika Temanggung Mukidi,B24,30,collecting,50,16263,2888,2874,8113,9846,2881,8615,16419,15727,15459,,
5392196,D-TEM,dark,Arabika Temanggung Mukidi,B24,30,collecting,51,16255,2888,2870,8112,9845,2881,8614,16415,15722,15457,,
5393197,D-TEM,dark,Arabika Temanggung Mukidi,B24,30,collecting,52,16246,2888,2872,8112,9843,2881,8615,16411,15718,15455,,
5394196,D-TEM,dark,Arabika Temanggung Mukidi,B24,30,collecting,53,16238,2888,2869,8112,9841,2881,8614,16407,15714,15451,,
5395196,D-TEM,dark,Arabika Temanggung Mukidi,B24,30,collecting,54,16230,2890,2872,8112,9840,2881,8614,16405,15709,15449,,
5396196,D-TEM,dark,Arabika Temanggung Mukidi,B24,30,collecting,55,16223,2889,2870,8112,9839,2881,8614,16401,15706,15447,,
5397196,D-TEM,dark,Arabika Temanggung Mukidi,B24,30,collecting,56,16216,2890,2872,8112,9838,2881,8614,16399,15703,15445,,
5398196,D-TEM,dark,Arabika Temanggung Mukidi,B24,30,collecting,57,16210,2890,2874,8111,9837,2881,8614,16397,15700,15442,,
5399196,D-TEM,dark,Arabika Temanggung Mukidi,B24,30,collecting,58,16203,2890,2874,8111,9836,2883,8613,16393,15696,15441,,
5400197,D-TEM,dark,Arabika Temanggung Mukidi,B24,30,collecting,59,16197,2890,2874,8111,9835,2883,8613,16390,15693,15438,,
5401196,D-TEM,dark,Arabika Temanggung Mukidi,B24,30,collecting,60,16191,2890,2874,8111,9834,2881,8613,16387,15690,15437,,
5402201,D-TEM,dark,Arabika Temanggung Mukidi,B24,31,purging,1,16185,2890,2874,8111,9833,2881,8613,16385,15687,15434,,
5403196,D-TEM,dark,Arabika Temanggung Mukidi,B24,31,purging,2,16179,2892,2870,8113,9835,2881,8615,16383,15685,15437,,
5404196,D-TEM,dark,Arabika Temanggung Mukidi,B24,31,purging,3,16156,2888,2877,8113,9836,2881,8619,16378,15681,15433,,
5405196,D-TEM,dark,Arabika Temanggung Mukidi,B24,31,purging,4,16114,2890,2874,8114,9835,2881,8624,16362,15671,15424,,
5406196,D-TEM,dark,Arabika Temanggung Mukidi,B24,31,purging,5,16060,2888,2877,8113,9831,2881,8628,16337,15654,15412,,
5407196,D-TEM,dark,Arabika Temanggung Mukidi,B24,31,purging,6,16000,2890,2870,8112,9826,2881,8632,16309,15633,15400,,
5408196,D-TEM,dark,Arabika Temanggung Mukidi,B24,31,purging,7,15937,2890,2874,8112,9820,2881,8635,16279,15610,15390,,
5409197,D-TEM,dark,Arabika Temanggung Mukidi,B24,31,purging,8,15874,2888,2868,8112,9815,2883,8641,16253,15588,15378,,
5410196,D-TEM,dark,Arabika Temanggung Mukidi,B24,31,purging,9,15811,2886,2872,8111,9811,2881,8646,16226,15567,15366,,
5411196,D-TEM,dark,Arabika Temanggung Mukidi,B24,31,purging,10,15751,2888,2871,8111,9806,2881,8650,16202,15546,15356,,
5412196,D-TEM,dark,Arabika Temanggung Mukidi,B24,31,purging,11,15695,2888,2874,8110,9801,2881,8653,16180,15527,15346,,
5413196,D-TEM,dark,Arabika Temanggung Mukidi,B24,31,purging,12,15641,2888,2874,8110,9797,2881,8657,16162,15510,15340,,
5414196,D-TEM,dark,Arabika Temanggung Mukidi,B24,31,purging,13,15589,2888,2872,8109,9795,2881,8663,16144,15494,15334,,
5415196,D-TEM,dark,Arabika Temanggung Mukidi,B24,31,purging,14,15540,2888,2874,8109,9794,2881,8670,16128,15480,15328,,
5416197,D-TEM,dark,Arabika Temanggung Mukidi,B24,31,purging,15,15495,2888,2872,8108,9793,2881,8675,16114,15468,15322,,
5417196,D-TEM,dark,Arabika Temanggung Mukidi,B24,31,purging,16,15453,2886,2874,8108,9792,2883,8679,16099,15455,15316,,
5418196,D-TEM,dark,Arabika Temanggung Mukidi,B24,31,purging,17,15414,2890,2870,8108,9790,2881,8683,16086,15444,15309,,
5419196,D-TEM,dark,Arabika Temanggung Mukidi,B24,31,purging,18,15378,2888,2872,8107,9789,2881,8686,16075,15434,15304,,
5420196,D-TEM,dark,Arabika Temanggung Mukidi,B24,31,purging,19,15345,2888,2877,8107,9787,2881,8688,16063,15424,15298,,
5421196,D-TEM,dark,Arabika Temanggung Mukidi,B24,31,purging,20,15315,2888,2874,8107,9784,2881,8689,16054,15415,15293,,
5422196,D-TEM,dark,Arabika Temanggung Mukidi,B24,31,purging,21,15288,2888,2877,8106,9782,2879,8691,16044,15406,15289,,
5423196,D-TEM,dark,Arabika Temanggung Mukidi,B24,31,purging,22,15262,2890,2870,8106,9781,2881,8693,16036,15399,15286,,
5424196,D-TEM,dark,Arabika Temanggung Mukidi,B24,31,purging,23,15238,2888,2874,8106,9781,2881,8695,16029,15392,15282,,
5425197,D-TEM,dark,Arabika Temanggung Mukidi,B24,31,purging,24,15216,2888,2874,8105,9781,2881,8698,16021,15386,15280,,
5426196,D-TEM,dark,Arabika Temanggung Mukidi,B24,31,purging,25,15195,2888,2874,8105,9781,2881,8701,16016,15381,15277,,
5427196,D-TEM,dark,Arabika Temanggung Mukidi,B24,31,purging,26,15176,2888,2868,8105,9781,2881,8703,16010,15375,15274,,
5428196,D-TEM,dark,Arabika Temanggung Mukidi,B24,31,purging,27,15158,2888,2877,8105,9780,2881,8705,16003,15370,15272,,
5429196,D-TEM,dark,Arabika Temanggung Mukidi,B24,31,purging,28,15141,2888,2872,8105,9779,2881,8707,15997,15366,15269,,
5430196,D-TEM,dark,Arabika Temanggung Mukidi,B24,31,purging,29,15126,2888,2870,8105,9778,2881,8708,15991,15361,15266,,
5431196,D-TEM,dark,Arabika Temanggung Mukidi,B24,31,purging,30,15113,2888,2874,8104,9778,2881,8709,15986,15357,15265,,
5432197,D-TEM,dark,Arabika Temanggung Mukidi,B24,31,purging,31,15100,2888,2874,8104,9778,2881,8711,15980,15353,15263,,
5433196,D-TEM,dark,Arabika Temanggung Mukidi,B24,31,purging,32,15087,2888,2874,8103,9777,2881,8712,15975,15349,15261,,
5434196,D-TEM,dark,Arabika Temanggung Mukidi,B24,31,purging,33,15075,2886,2874,8103,9777,2879,8713,15971,15345,15260,,
5435196,D-TEM,dark,Arabika Temanggung Mukidi,B24,31,purging,34,15063,2888,2872,8103,9777,2881,8716,15967,15341,15258,,
5436196,D-TEM,dark,Arabika Temanggung Mukidi,B24,31,purging,35,15051,2890,2868,8103,9777,2881,8718,15963,15337,15256,,
5437196,D-TEM,dark,Arabika Temanggung Mukidi,B24,31,purging,36,15039,2888,2870,8103,9776,2881,8720,15958,15333,15255,,
5438196,D-TEM,dark,Arabika Temanggung Mukidi,B24,31,purging,37,15027,2888,2877,8102,9776,2881,8722,15952,15329,15253,,
5439196,D-TEM,dark,Arabika Temanggung Mukidi,B24,31,purging,38,15016,2888,2877,8102,9776,2881,8724,15948,15325,15253,,
5440196,D-TEM,dark,Arabika Temanggung Mukidi,B24,31,purging,39,15006,2888,2874,8102,9776,2883,8727,15944,15322,15251,,
5441197,D-TEM,dark,Arabika Temanggung Mukidi,B24,31,purging,40,14996,2888,2877,8102,9776,2883,8728,15941,15319,15249,,
5442196,D-TEM,dark,Arabika Temanggung Mukidi,B24,31,purging,41,14986,2888,2874,8102,9775,2881,8730,15937,15316,15248,,
5443196,D-TEM,dark,Arabika Temanggung Mukidi,B24,31,purging,42,14978,2888,2872,8102,9775,2881,8731,15933,15313,15249,,
5444196,D-TEM,dark,Arabika Temanggung Mukidi,B24,31,purging,43,14969,2883,2872,8102,9776,2881,8733,15929,15310,15248,,
5445196,D-TEM,dark,Arabika Temanggung Mukidi,B24,31,purging,44,14960,2888,2874,8102,9776,2881,8735,15926,15308,15248,,
5446196,D-TEM,dark,Arabika Temanggung Mukidi,B24,31,purging,45,14952,2890,2874,8102,9777,2881,8737,15924,15306,15248,,
5447196,D-TEM,dark,Arabika Temanggung Mukidi,B24,31,purging,46,14944,2888,2874,8101,9779,2881,8740,15920,15304,15249,,
5448197,D-TEM,dark,Arabika Temanggung Mukidi,B24,31,purging,47,14936,2888,2877,8101,9781,2881,8743,15918,15303,15249,,
5449196,D-TEM,dark,Arabika Temanggung Mukidi,B24,31,purging,48,14929,2888,2870,8101,9782,2881,8747,15915,15303,15251,,
5450196,D-TEM,dark,Arabika Temanggung Mukidi,B24,31,purging,49,14922,2888,2874,8102,9784,2881,8750,15913,15301,15251,,
5451196,D-TEM,dark,Arabika Temanggung Mukidi,B24,31,purging,50,14917,2890,2872,8101,9785,2881,8752,15911,15301,15251,,
5452196,D-TEM,dark,Arabika Temanggung Mukidi,B24,31,purging,51,14911,2888,2870,8101,9787,2881,8755,15910,15300,15251,,
5453196,D-TEM,dark,Arabika Temanggung Mukidi,B24,31,purging,52,14906,2888,2874,8101,9788,2881,8756,15908,15299,15250,,
5454196,D-TEM,dark,Arabika Temanggung Mukidi,B24,31,purging,53,14902,2888,2872,8101,9788,2881,8757,15905,15298,15250,,
5455196,D-TEM,dark,Arabika Temanggung Mukidi,B24,31,purging,54,14898,2888,2874,8101,9789,2881,8758,15903,15297,15250,,
5456196,D-TEM,dark,Arabika Temanggung Mukidi,B24,31,purging,55,14893,2888,2872,8101,9789,2881,8758,15901,15296,15249,,
5457197,D-TEM,dark,Arabika Temanggung Mukidi,B24,31,purging,56,14888,2888,2872,8102,9789,2883,8759,15898,15295,15248,,
5458196,D-TEM,dark,Arabika Temanggung Mukidi,B24,31,purging,57,14884,2888,2872,8101,9788,2883,8759,15895,15293,15247,,
5459196,D-TEM,dark,Arabika Temanggung Mukidi,B24,31,purging,58,14880,2888,2872,8101,9787,2881,8759,15893,15292,15246,,
5460196,D-TEM,dark,Arabika Temanggung Mukidi,B24,31,purging,59,14877,2890,2870,8101,9787,2881,8759,15891,15291,15246,,
5461196,D-TEM,dark,Arabika Temanggung Mukidi,B24,31,purging,60,14873,2888,2874,8102,9786,2881,8758,15889,15289,15245,,
5462196,D-TEM,dark,Arabika Temanggung Mukidi,B24,31,purging,61,14869,2888,2870,8102,9786,2881,8759,15887,15288,15245,,
5463196,D-TEM,dark,Arabika Temanggung Mukidi,B24,31,purging,62,14866,2888,2874,8102,9785,2881,8759,15885,15286,15245,,
5464197,D-TEM,dark,Arabika Temanggung Mukidi,B24,31,purging,63,14862,2888,2872,8101,9785,2881,8760,15882,15284,15245,,
5465196,D-TEM,dark,Arabika Temanggung Mukidi,B24,31,purging,64,14858,2888,2874,8102,9785,2883,8761,15880,15283,15244,,
5466196,D-TEM,dark,Arabika Temanggung Mukidi,B24,31,purging,65,14854,2888,2877,8102,9784,2881,8761,15880,15282,15244,,
5467196,D-TEM,dark,Arabika Temanggung Mukidi,B24,31,purging,66,14851,2890,2874,8101,9784,2881,8762,15878,15280,15243,,
5468196,D-TEM,dark,Arabika Temanggung Mukidi,B24,31,purging,67,14848,2888,2875,8102,9784,2879,8763,15878,15279,15243,,
5469196,D-TEM,dark,Arabika Temanggung Mukidi,B24,31,purging,68,14844,2888,2872,8102,9783,2881,8763,15876,15278,15244,,
5470196,D-TEM,dark,Arabika Temanggung Mukidi,B24,31,purging,69,14840,2890,2874,8102,9783,2881,8764,15873,15277,15243,,
5471196,D-TEM,dark,Arabika Temanggung Mukidi,B24,31,purging,70,14838,2888,2874,8101,9782,2883,8764,15872,15275,15243,,
5472196,D-TEM,dark,Arabika Temanggung Mukidi,B24,31,purging,71,14836,2888,2877,8101,9782,2881,8765,15871,15275,15243,,
5473197,D-TEM,dark,Arabika Temanggung Mukidi,B24,31,purging,72,14833,2888,2877,8101,9782,2881,8765,15870,15274,15243,,
5474196,D-TEM,dark,Arabika Temanggung Mukidi,B24,31,purging,73,14830,2888,2877,8102,9782,2881,8765,15868,15273,15243,,
5475196,D-TEM,dark,Arabika Temanggung Mukidi,B24,31,purging,74,14828,2890,2874,8102,9782,2881,8766,15867,15272,15242,,
5476196,D-TEM,dark,Arabika Temanggung Mukidi,B24,31,purging,75,14826,2888,2877,8102,9782,2881,8767,15866,15272,15242,,
5477196,D-TEM,dark,Arabika Temanggung Mukidi,B24,31,purging,76,14824,2888,2874,8102,9782,2881,8767,15866,15271,15241,,
5478196,D-TEM,dark,Arabika Temanggung Mukidi,B24,31,purging,77,14822,2888,2877,8102,9782,2881,8766,15864,15271,15242,,
5479196,D-TEM,dark,Arabika Temanggung Mukidi,B24,31,purging,78,14821,2888,2870,8102,9781,2881,8766,15862,15270,15241,,
5480197,D-TEM,dark,Arabika Temanggung Mukidi,B24,31,purging,79,14820,2888,2872,8101,9781,2881,8767,15861,15269,15242,,
5481196,D-TEM,dark,Arabika Temanggung Mukidi,B24,31,purging,80,14817,2888,2874,8102,9781,2881,8768,15860,15268,15244,,
5482196,D-TEM,dark,Arabika Temanggung Mukidi,B24,31,purging,81,14814,2888,2877,8102,9781,2881,8770,15860,15268,15245,,
5483196,D-TEM,dark,Arabika Temanggung Mukidi,B24,31,purging,82,14811,2890,2872,8102,9782,2881,8773,15859,15267,15246,,
5484196,D-TEM,dark,Arabika Temanggung Mukidi,B24,31,purging,83,14807,2888,2877,8102,9783,2881,8776,15857,15267,15247,,
5485196,D-TEM,dark,Arabika Temanggung Mukidi,B24,31,purging,84,14804,2888,2874,8102,9784,2881,8777,15856,15266,15247,,
5486196,D-TEM,dark,Arabika Temanggung Mukidi,B24,31,purging,85,14802,2888,2874,8102,9785,2881,8779,15854,15266,15247,,
5487196,D-TEM,dark,Arabika Temanggung Mukidi,B24,31,purging,86,14799,2888,2874,8102,9785,2881,8779,15853,15266,15247,,
5488196,D-TEM,dark,Arabika Temanggung Mukidi,B24,31,purging,87,14796,2888,2874,8102,9786,2881,8780,15851,15265,15248,,
5489197,D-TEM,dark,Arabika Temanggung Mukidi,B24,31,purging,88,14793,2888,2877,8102,9786,2883,8781,15851,15264,15247,,
5490196,D-TEM,dark,Arabika Temanggung Mukidi,B24,31,purging,89,14790,2888,2877,8102,9786,2883,8782,15848,15263,15247,,
5491196,D-TEM,dark,Arabika Temanggung Mukidi,B24,31,purging,90,14788,2890,2874,8102,9785,2883,8782,15846,15263,15247,,
5492196,D-TEM,dark,Arabika Temanggung Mukidi,B24,31,purging,91,14785,2888,2877,8103,9785,2881,8782,15846,15262,15247,,
5493196,D-TEM,dark,Arabika Temanggung Mukidi,B24,31,purging,92,14783,2888,2872,8103,9785,2881,8782,15845,15261,15247,,
5494196,D-TEM,dark,Arabika Temanggung Mukidi,B24,31,purging,93,14782,2888,2874,8103,9784,2881,8782,15844,15261,15246,,
5495196,D-TEM,dark,Arabika Temanggung Mukidi,B24,31,purging,94,14782,2888,2874,8103,9783,2881,8782,15844,15260,15246,,
5496197,D-TEM,dark,Arabika Temanggung Mukidi,B24,31,purging,95,14781,2888,2877,8103,9782,2879,8781,15843,15259,15246,,
5497196,D-TEM,dark,Arabika Temanggung Mukidi,B24,31,purging,96,14780,2888,2872,8103,9781,2883,8780,15841,15259,15245,,
5498196,D-TEM,dark,Arabika Temanggung Mukidi,B24,31,purging,97,14780,2888,2877,8103,9780,2883,8780,15840,15258,15245,,
5499196,D-TEM,dark,Arabika Temanggung Mukidi,B24,31,purging,98,14778,2888,2874,8103,9781,2881,8780,15840,15258,15246,,
5500196,D-TEM,dark,Arabika Temanggung Mukidi,B24,31,purging,99,14777,2890,2877,8104,9780,2881,8781,15839,15257,15246,,
5501196,D-TEM,dark,Arabika Temanggung Mukidi,B24,31,purging,100,14775,2886,2874,8104,9780,2881,8781,15839,15257,15246,,
5502196,D-TEM,dark,Arabika Temanggung Mukidi,B24,31,purging,101,14774,2888,2877,8104,9781,2881,8782,15839,15257,15246,,
5503196,D-TEM,dark,Arabika Temanggung Mukidi,B24,31,purging,102,14772,2888,2877,8104,9781,2881,8783,15839,15256,15247,,
5504196,D-TEM,dark,Arabika Temanggung Mukidi,B24,31,purging,103,14770,2890,2877,8104,9781,2881,8783,15837,15256,15248,,
5505197,D-TEM,dark,Arabika Temanggung Mukidi,B24,31,purging,104,14768,2888,2877,8105,9781,2881,8785,15836,15255,15249,,
5506196,D-TEM,dark,Arabika Temanggung Mukidi,B24,31,purging,105,14766,2886,2877,8104,9782,2881,8786,15835,15254,15250,,
5507196,D-TEM,dark,Arabika Temanggung Mukidi,B24,31,purging,106,14765,2888,2872,8105,9782,2881,8787,15834,15254,15250,,
5508196,D-TEM,dark,Arabika Temanggung Mukidi,B24,31,purging,107,14765,2888,2874,8105,9783,2881,8788,15833,15254,15250,,
5509196,D-TEM,dark,Arabika Temanggung Mukidi,B24,31,purging,108,14764,2890,2872,8105,9783,2881,8789,15833,15254,15249,,
5510196,D-TEM,dark,Arabika Temanggung Mukidi,B24,31,purging,109,14763,2888,2874,8105,9783,2881,8788,15833,15253,15248,,
5511196,D-TEM,dark,Arabika Temanggung Mukidi,B24,31,purging,110,14762,2888,2872,8105,9783,2881,8788,15833,15253,15248,,
5512197,D-TEM,dark,Arabika Temanggung Mukidi,B24,31,purging,111,14763,2888,2872,8106,9782,2879,8787,15832,15253,15248,,
5513196,D-TEM,dark,Arabika Temanggung Mukidi,B24,31,purging,112,14763,2888,2872,8106,9781,2881,8786,15831,15253,15248,,
5514196,D-TEM,dark,Arabika Temanggung Mukidi,B24,31,purging,113,14763,2888,2877,8105,9781,2881,8786,15830,15252,15249,,
5515196,D-TEM,dark,Arabika Temanggung Mukidi,B24,31,purging,114,14761,2886,2877,8106,9781,2883,8786,15830,15252,15248,,
5516196,D-TEM,dark,Arabika Temanggung Mukidi,B24,31,purging,115,14760,2888,2877,8106,9780,2881,8787,15829,15251,15248,,
5517196,D-TEM,dark,Arabika Temanggung Mukidi,B24,31,purging,116,14758,2888,2877,8106,9780,2881,8787,15829,15251,15248,,
5518196,D-TEM,dark,Arabika Temanggung Mukidi,B24,31,purging,117,14756,2886,2872,8106,9780,2881,8787,15828,15250,15247,,
5519196,D-TEM,dark,Arabika Temanggung Mukidi,B24,31,purging,118,14754,2890,2874,8106,9779,2883,8787,15826,15249,15247,,
5520196,D-TEM,dark,Arabika Temanggung Mukidi,B24,31,purging,119,14752,2888,2874,8106,9779,2881,8787,15825,15247,15247,,
5521197,D-TEM,dark,Arabika Temanggung Mukidi,B24,31,purging,120,14750,2888,2877,8107,9779,2881,8788,15825,15248,15249,,
5522200,D-TEM,dark,Arabika Temanggung Mukidi,B24,31,collecting,1,14749,2888,2877,8106,9779,2883,8789,15824,15247,15249,,
5523196,D-TEM,dark,Arabika Temanggung Mukidi,B24,31,collecting,2,14749,2888,2877,8105,9777,2881,8788,15822,15247,15243,,
5524196,D-TEM,dark,Arabika Temanggung Mukidi,B24,31,collecting,3,14825,2888,2874,8104,9781,2881,8786,15828,15251,15257,,
5525196,D-TEM,dark,Arabika Temanggung Mukidi,B24,31,collecting,4,15016,2890,2870,8104,9800,2881,8786,15879,15287,15290,,
5526196,D-TEM,dark,Arabika Temanggung Mukidi,B24,31,collecting,5,15247,2888,2877,8104,9828,2881,8781,15969,15353,15329,,
5527196,D-TEM,dark,Arabika Temanggung Mukidi,B24,31,collecting,6,15468,2888,2872,8105,9856,2883,8772,16066,15431,15369,,
5528197,D-TEM,dark,Arabika Temanggung Mukidi,B24,31,collecting,7,15660,2888,2870,8105,9880,2883,8762,16156,15508,15406,,
5529196,D-TEM,dark,Arabika Temanggung Mukidi,B24,31,collecting,8,15821,2888,2874,8106,9899,2881,8752,16230,15577,15439,,
5530196,D-TEM,dark,Arabika Temanggung Mukidi,B24,31,collecting,9,15951,2888,2877,8105,9914,2881,8745,16290,15636,15466,,
5531196,D-TEM,dark,Arabika Temanggung Mukidi,B24,31,collecting,10,16056,2890,2877,8106,9927,2883,8738,16336,15685,15490,,
5532196,D-TEM,dark,Arabika Temanggung Mukidi,B24,31,collecting,11,16141,2890,2877,8105,9938,2881,8734,16373,15726,15509,,
5533196,D-TEM,dark,Arabika Temanggung Mukidi,B24,31,collecting,12,16208,2888,2872,8106,9947,2881,8731,16403,15760,15525,,
5534196,D-TEM,dark,Arabika Temanggung Mukidi,B24,31,collecting,13,16262,2890,2877,8106,9955,2881,8729,16426,15786,15538,,
5535196,D-TEM,dark,Arabika Temanggung Mukidi,B24,31,collecting,14,16304,2890,2874,8105,9961,2881,8727,16444,15808,15549,,
5536196,D-TEM,dark,Arabika Temanggung Mukidi,B24,31,collecting,15,16337,2890,2874,8105,9966,2881,8727,16458,15825,15559,,
5537197,D-TEM,dark,Arabika Temanggung Mukidi,B24,31,collecting,16,16362,2890,2877,8105,9972,2883,8727,16468,15839,15567,,
5538196,D-TEM,dark,Arabika Temanggung Mukidi,B24,31,collecting,17,16381,2890,2877,8105,9975,2881,8727,16478,15851,15573,,
5539196,D-TEM,dark,Arabika Temanggung Mukidi,B24,31,collecting,18,16394,2888,2877,8105,9979,2883,8727,16484,15859,15578,,
5540196,D-TEM,dark,Arabika Temanggung Mukidi,B24,31,collecting,19,16402,2890,2870,8105,9982,2881,8727,16488,15866,15582,,
5541196,D-TEM,dark,Arabika Temanggung Mukidi,B24,31,collecting,20,16406,2890,2877,8105,9985,2881,8728,16491,15871,15585,,
5542196,D-TEM,dark,Arabika Temanggung Mukidi,B24,31,collecting,21,16407,2890,2873,8105,9987,2881,8729,16492,15874,15588,,
5543196,D-TEM,dark,Arabika Temanggung Mukidi,B24,31,collecting,22,16406,2890,2874,8105,9989,2881,8729,16492,15876,15589,,
5544197,D-TEM,dark,Arabika Temanggung Mukidi,B24,31,collecting,23,16403,2890,2877,8105,9990,2881,8730,16491,15876,15591,,
5545196,D-TEM,dark,Arabika Temanggung Mukidi,B24,31,collecting,24,16398,2890,2877,8105,9992,2881,8731,16490,15877,15592,,
5546196,D-TEM,dark,Arabika Temanggung Mukidi,B24,31,collecting,25,16392,2890,2874,8106,9994,2881,8732,16488,15876,15592,,
5547196,D-TEM,dark,Arabika Temanggung Mukidi,B24,31,collecting,26,16386,2890,2877,8106,9994,2881,8733,16488,15876,15593,,
5548196,D-TEM,dark,Arabika Temanggung Mukidi,B24,31,collecting,27,16380,2890,2877,8106,9995,2881,8734,16487,15875,15593,,
5549196,D-TEM,dark,Arabika Temanggung Mukidi,B24,31,collecting,28,16372,2888,2877,8106,9997,2881,8735,16485,15874,15593,,
5550196,D-TEM,dark,Arabika Temanggung Mukidi,B24,31,collecting,29,16365,2890,2877,8106,9997,2883,8735,16483,15872,15593,,
5551196,D-TEM,dark,Arabika Temanggung Mukidi,B24,31,collecting,30,16356,2890,2877,8106,9998,2881,8736,16480,15870,15592,,
5552196,D-TEM,dark,Arabika Temanggung Mukidi,B24,31,collecting,31,16347,2890,2877,8106,9999,2883,8737,16478,15869,15592,,
5553197,D-TEM,dark,Arabika Temanggung Mukidi,B24,31,collecting,32,16338,2890,2877,8107,10000,2881,8738,16475,15866,15590,,
5554196,D-TEM,dark,Arabika Temanggung Mukidi,B24,31,collecting,33,16330,2888,2877,8107,10001,2881,8739,16472,15864,15590,,
5555196,D-TEM,dark,Arabika Temanggung Mukidi,B24,31,collecting,34,16322,2890,2874,8107,10001,2881,8740,16470,15861,15590,,
5556196,D-TEM,dark,Arabika Temanggung Mukidi,B24,31,collecting,35,16314,2890,2874,8107,10002,2883,8741,16468,15859,15589,,
5557196,D-TEM,dark,Arabika Temanggung Mukidi,B24,31,collecting,36,16307,2888,2875,8107,10002,2881,8742,16465,15857,15589,,
5558196,D-TEM,dark,Arabika Temanggung Mukidi,B24,31,collecting,37,16298,2890,2877,8107,10002,2883,8743,16463,15855,15587,,
5559196,D-TEM,dark,Arabika Temanggung Mukidi,B24,31,collecting,38,16289,2890,2874,8108,10003,2881,8744,16460,15852,15586,,
5560197,D-TEM,dark,Arabika Temanggung Mukidi,B24,31,collecting,39,16279,2888,2872,8108,10002,2883,8744,16457,15849,15584,,
5561196,D-TEM,dark,Arabika Temanggung Mukidi,B24,31,collecting,40,16270,2890,2877,8108,10001,2881,8745,16452,15846,15583,,
5562196,D-TEM,dark,Arabika Temanggung Mukidi,B24,31,collecting,41,16260,2890,2877,8109,10001,2881,8745,16448,15842,15582,,
5563196,D-TEM,dark,Arabika Temanggung Mukidi,B24,31,collecting,42,16251,2890,2877,8109,10001,2881,8747,16445,15839,15580,,
5564196,D-TEM,dark,Arabika Temanggung Mukidi,B24,31,collecting,43,16241,2888,2872,8109,10000,2881,8747,16442,15836,15579,,
5565196,D-TEM,dark,Arabika Temanggung Mukidi,B24,31,collecting,44,16232,2888,2877,8109,10000,2883,8748,16438,15832,15578,,
5566196,D-TEM,dark,Arabika Temanggung Mukidi,B24,31,collecting,45,16223,2890,2874,8110,10000,2883,8749,16435,15829,15576,,
5567196,D-TEM,dark,Arabika Temanggung Mukidi,B24,31,collecting,46,16214,2890,2877,8110,10000,2881,8750,16433,15826,15575,,
5568196,D-TEM,dark,Arabika Temanggung Mukidi,B24,31,collecting,47,16206,2890,2874,8110,10001,2881,8751,16430,15823,15573,,
5569197,D-TEM,dark,Arabika Temanggung Mukidi,B24,31,collecting,48,16199,2890,2874,8111,10001,2881,8752,16427,15820,15571,,
5570196,D-TEM,dark,Arabika Temanggung Mukidi,B24,31,collecting,49,16190,2890,2874,8111,10000,2881,8753,16424,15817,15570,,
5571196,D-TEM,dark,Arabika Temanggung Mukidi,B24,31,collecting,50,16182,2888,2872,8111,10000,2881,8754,16422,15814,15568,,
5572196,D-TEM,dark,Arabika Temanggung Mukidi,B24,31,collecting,51,16174,2888,2874,8111,10000,2883,8753,16418,15811,15567,,
5573196,D-TEM,dark,Arabika Temanggung Mukidi,B24,31,collecting,52,16166,2890,2877,8111,10000,2881,8754,16414,15809,15565,,
5574196,D-TEM,dark,Arabika Temanggung Mukidi,B24,31,collecting,53,16158,2890,2872,8111,10000,2881,8755,16411,15805,15564,,
5575196,D-TEM,dark,Arabika Temanggung Mukidi,B24,31,collecting,54,16150,2890,2877,8112,9999,2881,8756,16408,15803,15562,,
5576197,D-TEM,dark,Arabika Temanggung Mukidi,B24,31,collecting,55,16144,2888,2877,8112,10000,2881,8756,16405,15800,15561,,
5577196,D-TEM,dark,Arabika Temanggung Mukidi,B24,31,collecting,56,16138,2890,2877,8112,10000,2881,8757,16403,15798,15560,,
5578196,D-TEM,dark,Arabika Temanggung Mukidi,B24,31,collecting,57,16132,2890,2877,8112,9999,2881,8758,16400,15795,15558,,
5579196,D-TEM,dark,Arabika Temanggung Mukidi,B24,31,collecting,58,16126,2890,2877,8112,9999,2883,8758,16398,15793,15558,,
5580196,D-TEM,dark,Arabika Temanggung Mukidi,B24,31,collecting,59,16121,2890,2877,8113,9999,2881,8759,16396,15792,15557,,
5581196,D-TEM,dark,Arabika Temanggung Mukidi,B24,31,collecting,60,16115,2888,2874,8113,9999,2881,8760,16395,15789,15556,,
5582200,D-TEM,dark,Arabika Temanggung Mukidi,B24,32,purging,1,16110,2888,2872,8114,9999,2881,8760,16393,15788,15555,,
5583196,D-TEM,dark,Arabika Temanggung Mukidi,B24,32,purging,2,16104,2890,2874,8116,10001,2883,8763,16393,15786,15558,,
5584196,D-TEM,dark,Arabika Temanggung Mukidi,B24,32,purging,3,16080,2890,2877,8117,10003,2881,8767,16388,15783,15555,,
5585197,D-TEM,dark,Arabika Temanggung Mukidi,B24,32,purging,4,16035,2890,2877,8118,10002,2883,8772,16371,15773,15547,,
5586196,D-TEM,dark,Arabika Temanggung Mukidi,B24,32,purging,5,15978,2890,2874,8118,9999,2883,8777,16345,15756,15536,,
5587196,D-TEM,dark,Arabika Temanggung Mukidi,B24,32,purging,6,15913,2888,2877,8118,9995,2881,8783,16314,15734,15525,,
5588196,D-TEM,dark,Arabika Temanggung Mukidi,B24,32,purging,7,15845,2888,2877,8118,9990,2881,8788,16284,15710,15512,,
5589196,D-TEM,dark,Arabika Temanggung Mukidi,B24,32,purging,8,15777,2888,2877,8118,9984,2883,8793,16254,15686,15499,,
5590196,D-TEM,dark,Arabika Temanggung Mukidi,B24,32,purging,9,15710,2890,2873,8118,9979,2883,8797,16225,15662,15486,,
5591196,D-TEM,dark,Arabika Temanggung Mukidi,B24,32,purging,10,15646,2890,2874,8117,9973,2881,8801,16200,15639,15474,,
5592197,D-TEM,dark,Arabika Temanggung Mukidi,B24,32,purging,11,15586,2888,2877,8117,9967,2881,8804,16176,15617,15464,,
5593196,D-TEM,dark,Arabika Temanggung Mukidi,B24,32,purging,12,15528,2888,2877,8118,9962,2881,8806,16154,15598,15454,,
5594196,D-TEM,dark,Arabika Temanggung Mukidi,B24,32,purging,13,15475,2888,2877,8118,9957,2883,8808,16135,15580,15444,,
5595196,D-TEM,dark,Arabika Temanggung Mukidi,B24,32,purging,14,15425,2890,2877,8118,9952,2883,8810,16117,15563,15436,,
5596196,D-TEM,dark,Arabika Temanggung Mukidi,B24,32,purging,15,15379,2890,2874,8118,9948,2881,8812,16102,15547,15426,,
5597196,D-TEM,dark,Arabika Temanggung Mukidi,B24,32,purging,16,15336,2888,2877,8118,9944,2881,8814,16087,15533,15419,,
5598196,D-TEM,dark,Arabika Temanggung Mukidi,B24,32,purging,17,15296,2888,2874,8118,9940,2881,8815,16075,15520,15411,,
5599196,D-TEM,dark,Arabika Temanggung Mukidi,B24,32,purging,18,15259,2888,2874,8118,9936,2881,8815,16062,15507,15405,,
5600196,D-TEM,dark,Arabika Temanggung Mukidi,B24,32,purging,19,15226,2890,2877,8118,9932,2881,8816,16050,15496,15397,,
5601197,D-TEM,dark,Arabika Temanggung Mukidi,B24,32,purging,20,15195,2888,2877,8118,9928,2881,8817,16039,15485,15391,,
5602196,D-TEM,dark,Arabika Temanggung Mukidi,B24,32,purging,21,15167,2888,2874,8118,9925,2883,8817,16030,15475,15386,,
5603196,D-TEM,dark,Arabika Temanggung Mukidi,B24,32,purging,22,15141,2888,2872,8117,9922,2881,8818,16019,15465,15380,,
5604196,D-TEM,dark,Arabika Temanggung Mukidi,B24,32,purging,23,15117,2888,2872,8117,9918,2881,8818,16011,15456,15375,,
5605196,D-TEM,dark,Arabika Temanggung Mukidi,B24,32,purging,24,15095,2890,2877,8118,9916,2881,8818,16003,15447,15371,,
5606196,D-TEM,dark,Arabika Temanggung Mukidi,B24,32,purging,25,15074,2888,2877,8118,9913,2881,8818,15995,15439,15366,,
5607196,D-TEM,dark,Arabika Temanggung Mukidi,B24,32,purging,26,15056,2888,2874,8118,9910,2881,8818,15988,15432,15361,,
5608197,D-TEM,dark,Arabika Temanggung Mukidi,B24,32,purging,27,15038,2890,2874,8118,9907,2883,8818,15981,15424,15356,,
5609196,D-TEM,dark,Arabika Temanggung Mukidi,B24,32,purging,28,15022,2888,2877,8118,9905,2881,8819,15974,15417,15353,,
5610196,D-TEM,dark,Arabika Temanggung Mukidi,B24,32,purging,29,15007,2888,2872,8118,9903,2883,8819,15967,15410,15349,,
5611196,D-TEM,dark,Arabika Temanggung Mukidi,B24,32,purging,30,14993,2888,2877,8118,9901,2883,8819,15962,15404,15345,,
5612196,D-TEM,dark,Arabika Temanggung Mukidi,B24,32,purging,31,14982,2890,2872,8118,9899,2881,8820,15956,15399,15343,,
5613196,D-TEM,dark,Arabika Temanggung Mukidi,B24,32,purging,32,14972,2888,2877,8118,9898,2881,8820,15951,15394,15340,,
5614196,D-TEM,dark,Arabika Temanggung Mukidi,B24,32,purging,33,14963,2890,2877,8118,9897,2881,8820,15947,15390,15338,,
5615196,D-TEM,dark,Arabika Temanggung Mukidi,B24,32,purging,34,14954,2888,2877,8118,9896,2881,8820,15943,15386,15336,,
5616196,D-TEM,dark,Arabika Temanggung Mukidi,B24,32,purging,35,14945,2888,2877,8118,9895,2881,8821,15940,15383,15333,,
5617197,D-TEM,dark,Arabika Temanggung Mukidi,B24,32,purging,36,14936,2888,2877,8118,9893,2881,8821,15935,15379,15331,,
5618196,D-TEM,dark,Arabika Temanggung Mukidi,B24,32,purging,37,14927,2890,2877,8118,9892,2881,8822,15932,15375,15328,,
5619196,D-TEM,dark,Arabika Temanggung Mukidi,B24,32,purging,38,14918,2890,2874,8118,9890,2883,8822,15927,15370,15326,,
5620196,D-TEM,dark,Arabika Temanggung Mukidi,B24,32,purging,39,14910,2888,2874,8118,9888,2883,8822,15923,15366,15323,,
5621196,D-TEM,dark,Arabika Temanggung Mukidi,B24,32,purging,40,14901,2890,2877,8118,9886,2881,8823,15919,15361,15321,,
5622196,D-TEM,dark,Arabika Temanggung Mukidi,B24,32,purging,41,14892,2888,2874,8119,9884,2881,8823,15914,15357,15320,,
5623196,D-TEM,dark,Arabika Temanggung Mukidi,B24,32,purging,42,14883,2888,2877,8118,9883,2883,8824,15911,15352,15317,,
5624197,D-TEM,dark,Arabika Temanggung Mukidi,B24,32,purging,43,14875,2886,2874,8118,9881,2881,8825,15906,15348,15315,,
5625196,D-TEM,dark,Arabika Temanggung Mukidi,B24,32,purging,44,14868,2890,2874,8119,9879,2883,8825,15902,15344,15314,,
5626196,D-TEM,dark,Arabika Temanggung Mukidi,B24,32,purging,45,14860,2890,2877,8118,9878,2881,8826,15898,15340,15312,,
5627196,D-TEM,dark,Arabika Temanggung Mukidi,B24,32,purging,46,14853,2886,2874,8119,9876,2883,8826,15895,15337,15310,,
5628196,D-TEM,dark,Arabika Temanggung Mukidi,B24,32,purging,47,14846,2888,2877,8119,9874,2881,8827,15892,15333,15309,,
5629196,D-TEM,dark,Arabika Temanggung Mukidi,B24,32,purging,48,14838,2888,2877,8119,9873,2883,8827,15888,15329,15307,,
5630196,D-TEM,dark,Arabika Temanggung Mukidi,B24,32,purging,49,14830,2890,2877,8119,9871,2883,8828,15885,15325,15306,,
5631196,D-TEM,dark,Arabika Temanggung Mukidi,B24,32,purging,50,14822,2888,2877,8120,9870,2881,8829,15881,15321,15305,,
5632196,D-TEM,dark,Arabika Temanggung Mukidi,B24,32,purging,51,14813,2888,2877,8120,9868,2881,8829,15877,15317,15303,,
5633197,D-TEM,dark,Arabika Temanggung Mukidi,B24,32,purging,52,14803,2888,2877,8120,9866,2881,8831,15873,15313,15302,,
5634196,D-TEM,dark,Arabika Temanggung Mukidi,B24,32,purging,53,14793,2890,2877,8120,9865,2883,8833,15869,15308,15300,,
5635196,D-TEM,dark,Arabika Temanggung Mukidi,B24,32,purging,54,14784,2888,2877,8120,9863,2881,8834,15864,15303,15298,,
5636196,D-TEM,dark,Arabika Temanggung Mukidi,B24,32,purging,55,14776,2890,2874,8121,9862,2883,8835,15861,15299,15296,,
5637196,D-TEM,dark,Arabika Temanggung Mukidi,B24,32,purging,56,14767,2886,2877,8121,9860,2883,8836,15857,15295,15295,,
5638196,D-TEM,dark,Arabika Temanggung Mukidi,B24,32,purging,57,14757,2890,2874,8121,9859,2883,8837,15853,15290,15293,,
5639196,D-TEM,dark,Arabika Temanggung Mukidi,B24,32,purging,58,14747,2888,2877,8121,9857,2883,8839,15848,15285,15292,,
5640197,D-TEM,dark,Arabika Temanggung Mukidi,B24,32,purging,59,14738,2890,2877,8122,9856,2883,8841,15844,15280,15290,,
5641196,D-TEM,dark,Arabika Temanggung Mukidi,B24,32,purging,60,14730,2886,2877,8122,9855,2883,8843,15839,15275,15290,,
5642196,D-TEM,dark,Arabika Temanggung Mukidi,B24,32,purging,61,14724,2890,2877,8122,9855,2881,8843,15836,15272,15288,,
5643196,D-TEM,dark,Arabika Temanggung Mukidi,B24,32,purging,62,14718,2890,2874,8123,9854,2883,8845,15834,15269,15287,,
5644196,D-TEM,dark,Arabika Temanggung Mukidi,B24,32,purging,63,14712,2890,2877,8123,9854,2883,8846,15832,15267,15287,,
5645196,D-TEM,dark,Arabika Temanggung Mukidi,B24,32,purging,64,14707,2888,2874,8124,9853,2883,8846,15828,15265,15286,,
5646196,D-TEM,dark,Arabika Temanggung Mukidi,B24,32,purging,65,14701,2888,2877,8124,9853,2881,8848,15827,15262,15285,,
5647196,D-TEM,dark,Arabika Temanggung Mukidi,B24,32,purging,66,14696,2888,2877,8124,9852,2881,8848,15824,15259,15284,,
5648196,D-TEM,dark,Arabika Temanggung Mukidi,B24,32,purging,67,14690,2888,2877,8124,9850,2883,8849,15821,15256,15283,,
5649197,D-TEM,dark,Arabika Temanggung Mukidi,B24,32,purging,68,14684,2888,2877,8125,9850,2881,8850,15819,15254,15282,,
5650196,D-TEM,dark,Arabika Temanggung Mukidi,B24,32,purging,69,14680,2890,2877,8125,9849,2881,8850,15816,15251,15282,,
5651196,D-TEM,dark,Arabika Temanggung Mukidi,B24,32,purging,70,14677,2888,2877,8125,9849,2881,8851,15814,15250,15281,,
5652196,D-TEM,dark,Arabika Temanggung Mukidi,B24,32,purging,71,14676,2888,2874,8126,9850,2883,8851,15814,15249,15281,,
5653196,D-TEM,dark,Arabika Temanggung Mukidi,B24,32,purging,72,14675,2888,2874,8126,9850,2881,8850,15813,15249,15280,,
5654196,D-TEM,dark,Arabika Temanggung Mukidi,B24,32,purging,73,14675,2890,2874,8127,9850,2883,8850,15813,15249,15280,,
5655196,D-TEM,dark,Arabika Temanggung Mukidi,B24,32,purging,74,14673,2890,2877,8127,9850,2881,8850,15813,15248,15279,,
5656197,D-TEM,dark,Arabika Temanggung Mukidi,B24,32,purging,75,14672,2888,2877,8127,9849,2881,8850,15810,15247,15279,,
5657196,D-TEM,dark,Arabika Temanggung Mukidi,B24,32,purging,76,14670,2888,2874,8128,9848,2883,8850,15809,15246,15279,,
5658196,D-TEM,dark,Arabika Temanggung Mukidi,B24,32,purging,77,14668,2888,2877,8128,9847,2883,8850,15807,15244,15278,,
5659196,D-TEM,dark,Arabika Temanggung Mukidi,B24,32,purging,78,14665,2888,2877,8128,9846,2883,8849,15805,15242,15277,,
5660196,D-TEM,dark,Arabika Temanggung Mukidi,B24,32,purging,79,14663,2888,2877,8129,9845,2881,8850,15805,15241,15276,,
5661196,D-TEM,dark,Arabika Temanggung Mukidi,B24,32,purging,80,14659,2890,2877,8129,9844,2881,8850,15803,15238,15275,,
5662196,D-TEM,dark,Arabika Temanggung Mukidi,B24,32,purging,81,14656,2888,2877,8129,9842,2881,8850,15800,15236,15275,,
5663196,D-TEM,dark,Arabika Temanggung Mukidi,B24,32,purging,82,14651,2886,2874,8130,9842,2881,8850,15798,15233,15274,,
5664196,D-TEM,dark,Arabika Temanggung Mukidi,B24,32,purging,83,14647,2888,2877,8130,9840,2881,8851,15795,15230,15273,,
5665197,D-TEM,dark,Arabika Temanggung Mukidi,B24,32,purging,84,14641,2888,2874,8130,9839,2883,8852,15792,15227,15272,,
5666196,D-TEM,dark,Arabika Temanggung Mukidi,B24,32,purging,85,14639,2888,2872,8131,9838,2881,8852,15790,15225,15270,,
5667196,D-TEM,dark,Arabika Temanggung Mukidi,B24,32,purging,86,14636,2890,2877,8131,9838,2881,8852,15789,15223,15269,,
5668196,D-TEM,dark,Arabika Temanggung Mukidi,B24,32,purging,87,14635,2890,2877,8132,9836,2881,8851,15789,15222,15269,,
5669196,D-TEM,dark,Arabika Temanggung Mukidi,B24,32,purging,88,14632,2890,2874,8132,9836,2881,8852,15787,15221,15269,,
5670196,D-TEM,dark,Arabika Temanggung Mukidi,B24,32,purging,89,14629,2890,2872,8132,9834,2883,8852,15785,15219,15269,,
5671196,D-TEM,dark,Arabika Temanggung Mukidi,B24,32,purging,90,14626,2888,2877,8133,9833,2883,8853,15784,15217,15268,,
5672197,D-TEM,dark,Arabika Temanggung Mukidi,B24,32,purging,91,14622,2888,2872,8133,9832,2883,8854,15782,15215,15267,,
5673196,D-TEM,dark,Arabika Temanggung Mukidi,B24,32,purging,92,14616,2888,2877,8133,9831,2881,8855,15778,15211,15267,,
5674196,D-TEM,dark,Arabika Temanggung Mukidi,B24,32,purging,93,14610,2890,2872,8134,9829,2881,8857,15774,15208,15266,,
5675196,D-TEM,dark,Arabika Temanggung Mukidi,B24,32,purging,94,14602,2888,2877,8134,9828,2883,8859,15771,15204,15266,,
5676196,D-TEM,dark,Arabika Temanggung Mukidi,B24,32,purging,95,14595,2888,2877,8134,9827,2881,8861,15768,15201,15265,,
5677196,D-TEM,dark,Arabika Temanggung Mukidi,B24,32,purging,96,14587,2888,2877,8135,9827,2881,8863,15765,15197,15263,,
5678196,D-TEM,dark,Arabika Temanggung Mukidi,B24,32,purging,97,14580,2888,2877,8135,9825,2883,8865,15762,15193,15263,,
5679196,D-TEM,dark,Arabika Temanggung Mukidi,B24,32,purging,98,14575,2888,2874,8136,9825,2883,8866,15759,15190,15262,,
5680196,D-TEM,dark,Arabika Temanggung Mukidi,B24,32,purging,99,14571,2888,2874,8136,9825,2883,8867,15758,15188,15262,,
5681197,D-TEM,dark,Arabika Temanggung Mukidi,B24,32,purging,100,14567,2888,2877,8137,9825,2883,8868,15756,15186,15262,,
5682196,D-TEM,dark,Arabika Temanggung Mukidi,B24,32,purging,101,14564,2888,2877,8137,9825,2883,8869,15755,15184,15261,,
5683196,D-TEM,dark,Arabika Temanggung Mukidi,B24,32,purging,102,14563,2888,2872,8138,9825,2883,8869,15753,15183,15260,,
5684196,D-TEM,dark,Arabika Temanggung Mukidi,B24,32,purging,103,14561,2886,2877,8138,9826,2883,8869,15753,15183,15260,,
5685196,D-TEM,dark,Arabika Temanggung Mukidi,B24,32,purging,104,14560,2888,2877,8139,9825,2881,8870,15751,15182,15260,,
5686196,D-TEM,dark,Arabika Temanggung Mukidi,B24,32,purging,105,14559,2888,2872,8139,9825,2881,8870,15751,15182,15260,,
5687196,D-TEM,dark,Arabika Temanggung Mukidi,B24,32,purging,106,14557,2886,2877,8140,9826,2881,8870,15751,15181,15261,,
5688197,D-TEM,dark,Arabika Temanggung Mukidi,B24,32,purging,107,14555,2888,2874,8140,9827,2881,8870,15750,15181,15260,,
5689196,D-TEM,dark,Arabika Temanggung Mukidi,B24,32,purging,108,14554,2888,2877,8140,9826,2883,8871,15749,15181,15260,,
5690196,D-TEM,dark,Arabika Temanggung Mukidi,B24,32,purging,109,14553,2888,2877,8141,9826,2883,8871,15749,15181,15260,,
5691196,D-TEM,dark,Arabika Temanggung Mukidi,B24,32,purging,110,14552,2890,2874,8141,9825,2881,8871,15748,15180,15259,,
5692196,D-TEM,dark,Arabika Temanggung Mukidi,B24,32,purging,111,14550,2888,2877,8141,9824,2881,8871,15746,15179,15259,,
5693196,D-TEM,dark,Arabika Temanggung Mukidi,B24,32,purging,112,14549,2888,2874,8142,9824,2883,8872,15744,15177,15259,,
5694196,D-TEM,dark,Arabika Temanggung Mukidi,B24,32,purging,113,14548,2888,2874,8142,9823,2881,8872,15743,15177,15258,,
5695196,D-TEM,dark,Arabika Temanggung Mukidi,B24,32,purging,114,14547,2888,2877,8143,9822,2883,8872,15741,15176,15258,,
5696196,D-TEM,dark,Arabika Temanggung Mukidi,B24,32,purging,115,14545,2888,2874,8143,9821,2881,8872,15741,15175,15258,,
5697197,D-TEM,dark,Arabika Temanggung Mukidi,B24,32,purging,116,14542,2888,2874,8144,9821,2881,8872,15739,15174,15257,,
5698196,D-TEM,dark,Arabika Temanggung Mukidi,B24,32,purging,117,14538,2890,2877,8145,9819,2881,8873,15738,15171,15257,,
5699196,D-TEM,dark,Arabika Temanggung Mukidi,B24,32,purging,118,14533,2888,2874,8145,9819,2881,8874,15735,15168,15256,,
5700196,D-TEM,dark,Arabika Temanggung Mukidi,B24,32,purging,119,14529,2888,2870,8145,9817,2883,8875,15732,15165,15255,,
5701196,D-TEM,dark,Arabika Temanggung Mukidi,B24,32,purging,120,14525,2890,2872,8146,9817,2881,8876,15729,15163,15254,,
5702200,D-TEM,dark,Arabika Temanggung Mukidi,B24,32,collecting,1,14521,2888,2874,8146,9815,2881,8876,15727,15161,15252,,
5703196,D-TEM,dark,Arabika Temanggung Mukidi,B24,32,collecting,2,14519,2888,2877,8144,9812,2879,8875,15725,15158,15247,,
5704197,D-TEM,dark,Arabika Temanggung Mukidi,B24,32,collecting,3,14604,2888,2877,8144,9817,2881,8875,15733,15163,15263,,
5705196,D-TEM,dark,Arabika Temanggung Mukidi,B24,32,collecting,4,14813,2888,2874,8145,9838,2881,8875,15786,15204,15299,,
5706196,D-TEM,dark,Arabika Temanggung Mukidi,B24,32,collecting,5,15062,2890,2877,8145,9871,2883,8871,15882,15278,15338,,
5707196,D-TEM,dark,Arabika Temanggung Mukidi,B24,32,collecting,6,15297,2888,2874,8146,9903,2883,8860,15988,15366,15382,,
5708196,D-TEM,dark,Arabika Temanggung Mukidi,B24,32,collecting,7,15504,2890,2877,8147,9931,2881,8850,16088,15453,15424,,
5709196,D-TEM,dark,Arabika Temanggung Mukidi,B24,32,collecting,8,15678,2888,2877,8147,9953,2881,8839,16168,15531,15459,,
5710196,D-TEM,dark,Arabika Temanggung Mukidi,B24,32,collecting,9,15822,2888,2877,8148,9971,2881,8831,16233,15598,15488,,
5711196,D-TEM,dark,Arabika Temanggung Mukidi,B24,32,collecting,10,15937,2888,2877,8148,9986,2883,8824,16285,15654,15513,,
5712196,D-TEM,dark,Arabika Temanggung Mukidi,B24,32,collecting,11,16029,2890,2874,8148,9997,2881,8819,16324,15699,15532,,
5713197,D-TEM,dark,Arabika Temanggung Mukidi,B24,32,collecting,12,16100,2890,2877,8148,10006,2881,8814,16354,15735,15549,,
5714196,D-TEM,dark,Arabika Temanggung Mukidi,B24,32,collecting,13,16155,2890,2877,8148,10014,2883,8811,16376,15764,15562,,
5715196,D-TEM,dark,Arabika Temanggung Mukidi,B24,32,collecting,14,16198,2890,2877,8148,10020,2883,8809,16393,15787,15572,,
5716196,D-TEM,dark,Arabika Temanggung Mukidi,B24,32,collecting,15,16230,2890,2874,8148,10025,2883,8808,16405,15805,15580,,
5717196,D-TEM,dark,Arabika Temanggung Mukidi,B24,32,collecting,16,16255,2890,2874,8149,10029,2883,8807,16414,15819,15587,,
5718196,D-TEM,dark,Arabika Temanggung Mukidi,B24,32,collecting,17,16272,2890,2877,8149,10033,2881,8807,16421,15830,15594,,
5719196,D-TEM,dark,Arabika Temanggung Mukidi,B24,32,collecting,18,16286,2890,2874,8149,10037,2883,8807,16427,15838,15599,,
5720197,D-TEM,dark,Arabika Temanggung Mukidi,B24,32,collecting,19,16297,2890,2877,8149,10040,2881,8807,16432,15845,15603,,
5721196,D-TEM,dark,Arabika Temanggung Mukidi,B24,32,collecting,20,16303,2890,2870,8149,10042,2881,8808,16436,15851,15607,,
5722196,D-TEM,dark,Arabika Temanggung Mukidi,B24,32,collecting,21,16306,2890,2877,8150,10044,2881,8809,16437,15855,15610,,
5723196,D-TEM,dark,Arabika Temanggung Mukidi,B24,32,collecting,22,16307,2890,2872,8150,10047,2881,8810,16439,15858,15613,,
5724196,D-TEM,dark,Arabika Temanggung Mukidi,B24,32,collecting,23,16307,2892,2877,8150,10048,2881,8810,16441,15861,15614,,
5725196,D-TEM,dark,Arabika Temanggung Mukidi,B24,32,collecting,24,16304,2892,2877,8150,10051,2883,8811,16441,15862,15616,,
5726196,D-TEM,dark,Arabika Temanggung Mukidi,B24,32,collecting,25,16301,2890,2874,8150,10051,2883,8812,16441,15863,15617,,
5727196,D-TEM,dark,Arabika Temanggung Mukidi,B24,32,collecting,26,16295,2890,2874,8151,10053,2881,8814,16441,15863,15617,,
5728196,D-TEM,dark,Arabika Temanggung Mukidi,B24,32,collecting,27,16288,2890,2872,8151,10054,2881,8814,16440,15862,15617,,
5729197,D-TEM,dark,Arabika Temanggung Mukidi,B24,32,collecting,28,16280,2890,2877,8151,10054,2881,8816,16437,15860,15617,,
5730196,D-TEM,dark,Arabika Temanggung Mukidi,B24,32,collecting,29,16270,2890,2872,8152,10055,2883,8816,16433,15858,15617,,
5731196,D-TEM,dark,Arabika Temanggung Mukidi,B24,32,collecting,30,16260,2890,2877,8152,10055,2883,8817,16429,15855,15615,,
5732196,D-TEM,dark,Arabika Temanggung Mukidi,B24,32,collecting,31,16250,2890,2874,8152,10054,2883,8818,16426,15852,15614,,
5733196,D-TEM,dark,Arabika Temanggung Mukidi,B24,32,collecting,32,16239,2890,2877,8152,10053,2883,8819,16422,15848,15613,,
5734196,D-TEM,dark,Arabika Temanggung Mukidi,B24,32,collecting,33,16229,2890,2872,8153,10053,2881,8820,16419,15844,15612,,
5735196,D-TEM,dark,Arabika Temanggung Mukidi,B24,32,collecting,34,16218,2890,2874,8153,10053,2883,8820,16415,15841,15610,,
5736197,D-TEM,dark,Arabika Temanggung Mukidi,B24,32,collecting,35,16207,2890,2877,8153,10052,2881,8821,16412,15838,15608,,
5737196,D-TEM,dark,Arabika Temanggung Mukidi,B24,32,collecting,36,16196,2890,2877,8154,10052,2883,8822,16408,15834,15607,,
5738196,D-TEM,dark,Arabika Temanggung Mukidi,B24,32,collecting,37,16186,2890,2877,8154,10052,2881,8823,16404,15830,15605,,
5739196,D-TEM,dark,Arabika Temanggung Mukidi,B24,32,collecting,38,16177,2890,2877,8155,10051,2881,8823,16400,15827,15604,,
5740196,D-TEM,dark,Arabika Temanggung Mukidi,B24,32,collecting,39,16167,2890,2877,8155,10051,2881,8824,16398,15824,15602,,
5741196,D-TEM,dark,Arabika Temanggung Mukidi,B24,32,collecting,40,16157,2890,2874,8155,10051,2881,8825,16395,15821,15601,,
5742196,D-TEM,dark,Arabika Temanggung Mukidi,B24,32,collecting,41,16148,2890,2877,8155,10050,2883,8825,16391,15817,15600,,
5743196,D-TEM,dark,Arabika Temanggung Mukidi,B24,32,collecting,42,16139,2890,2877,8156,10050,2883,8826,16388,15814,15598,,
5744196,D-TEM,dark,Arabika Temanggung Mukidi,B24,32,collecting,43,16130,2890,2872,8156,10050,2883,8827,16385,15810,15595,,
5745197,D-TEM,dark,Arabika Temanggung Mukidi,B24,32,collecting,44,16120,2890,2877,8157,10050,2883,8827,16381,15806,15594,,
5746196,D-TEM,dark,Arabika Temanggung Mukidi,B24,32,collecting,45,16112,2890,2877,8158,10049,2883,8828,16378,15804,15593,,
5747196,D-TEM,dark,Arabika Temanggung Mukidi,B24,32,collecting,46,16103,2890,2877,8158,10049,2883,8829,16375,15801,15591,,
5748196,D-TEM,dark,Arabika Temanggung Mukidi,B24,32,collecting,47,16094,2890,2877,8158,10049,2883,8829,16372,15798,15590,,
5749196,D-TEM,dark,Arabika Temanggung Mukidi,B24,32,collecting,48,16085,2890,2872,8159,10048,2883,8830,16368,15795,15588,,
5750196,D-TEM,dark,Arabika Temanggung Mukidi,B24,32,collecting,49,16075,2890,2877,8159,10048,2883,8831,16364,15791,15586,,
5751196,D-TEM,dark,Arabika Temanggung Mukidi,B24,32,collecting,50,16066,2890,2877,8160,10048,2881,8832,16360,15788,15584,,
5752197,D-TEM,dark,Arabika Temanggung Mukidi,B24,32,collecting,51,16056,2890,2877,8160,10047,2883,8833,16357,15785,15583,,
5753196,D-TEM,dark,Arabika Temanggung Mukidi,B24,32,collecting,52,16046,2890,2874,8160,10047,2881,8833,16352,15781,15581,,
5754196,D-TEM,dark,Arabika Temanggung Mukidi,B24,32,collecting,53,16038,2890,2877,8161,10048,2883,8834,16349,15778,15579,,
5755196,D-TEM,dark,Arabika Temanggung Mukidi,B24,32,collecting,54,16029,2890,2874,8161,10048,2881,8836,16346,15775,15578,,
5756196,D-TEM,dark,Arabika Temanggung Mukidi,B24,32,collecting,55,16021,2890,2877,8162,10049,2883,8836,16343,15773,15577,,
5757196,D-TEM,dark,Arabika Temanggung Mukidi,B24,32,collecting,56,16014,2890,2874,8163,10051,2881,8837,16341,15772,15576,,
5758196,D-TEM,dark,Arabika Temanggung Mukidi,B24,32,collecting,57,16007,2888,2877,8164,10052,2883,8839,16339,15771,15575,,
5759196,D-TEM,dark,Arabika Temanggung Mukidi,B24,32,collecting,58,16001,2888,2877,8164,10053,2883,8841,16337,15770,15575,,
5760196,D-TEM,dark,Arabika Temanggung Mukidi,B24,32,collecting,59,15995,2890,2872,8164,10055,2883,8842,16335,15769,15574,,
5761197,D-TEM,dark,Arabika Temanggung Mukidi,B24,32,collecting,60,15991,2890,2877,8165,10056,2881,8843,16333,15768,15574,,
5762200,D-TEM,dark,Arabika Temanggung Mukidi,B24,33,purging,1,15986,2890,2877,8166,10058,2881,8845,16332,15768,15574,,
5763196,D-TEM,dark,Arabika Temanggung Mukidi,B24,33,purging,2,15980,2890,2877,8168,10061,2883,8848,16332,15768,15578,,
5764196,D-TEM,dark,Arabika Temanggung Mukidi,B24,33,purging,3,15956,2888,2877,8170,10065,2883,8853,16327,15766,15576,,
5765196,D-TEM,dark,Arabika Temanggung Mukidi,B24,33,purging,4,15911,2890,2877,8170,10065,2883,8859,16311,15757,15570,,
5766196,D-TEM,dark,Arabika Temanggung Mukidi,B24,33,purging,5,15852,2890,2874,8170,10063,2883,8866,16286,15740,15561,,
5767196,D-TEM,dark,Arabika Temanggung Mukidi,B24,33,purging,6,15786,2888,2874,8171,10059,2883,8872,16257,15719,15549,,
5768197,D-TEM,dark,Arabika Temanggung Mukidi,B24,33,purging,7,15718,2890,2874,8171,10054,2881,8878,16226,15696,15538,,
5769196,D-TEM,dark,Arabika Temanggung Mukidi,B24,33,purging,8,15650,2888,2877,8170,10050,2883,8883,16198,15673,15525,,
5770196,D-TEM,dark,Arabika Temanggung Mukidi,B24,33,purging,9,15585,2888,2877,8171,10045,2881,8887,16171,15651,15514,,
5771196,D-TEM,dark,Arabika Temanggung Mukidi,B24,33,purging,10,15523,2890,2874,8171,10041,2883,8891,16146,15631,15504,,
5772196,D-TEM,dark,Arabika Temanggung Mukidi,B24,33,purging,11,15464,2888,2877,8171,10037,2883,8894,16124,15611,15493,,
5773196,D-TEM,dark,Arabika Temanggung Mukidi,B24,33,purging,12,15409,2888,2877,8171,10033,2881,8896,16104,15593,15483,,
5774196,D-TEM,dark,Arabika Temanggung Mukidi,B24,33,purging,13,15358,2888,2877,8172,10029,2881,8897,16085,15577,15473,,
5775196,D-TEM,dark,Arabika Temanggung Mukidi,B24,33,purging,14,15310,2888,2874,8172,10025,2881,8899,16069,15561,15465,,
5776196,D-TEM,dark,Arabika Temanggung Mukidi,B24,33,purging,15,15266,2888,2877,8172,10021,2883,8900,16053,15547,15456,,
5777197,D-TEM,dark,Arabika Temanggung Mukidi,B24,33,purging,16,15225,2888,2872,8172,10018,2881,8901,16039,15533,15449,,
5778196,D-TEM,dark,Arabika Temanggung Mukidi,B24,33,purging,17,15185,2888,2877,8173,10013,2881,8901,16027,15520,15441,,
5779196,D-TEM,dark,Arabika Temanggung Mukidi,B24,33,purging,18,15149,2888,2877,8173,10009,2881,8902,16014,15507,15433,,
5780196,D-TEM,dark,Arabika Temanggung Mukidi,B24,33,purging,19,15115,2888,2872,8174,10004,2881,8902,16002,15494,15426,,
5781196,D-TEM,dark,Arabika Temanggung Mukidi,B24,33,purging,20,15083,2888,2877,8174,10000,2881,8903,15991,15482,15420,,
5782196,D-TEM,dark,Arabika Temanggung Mukidi,B24,33,purging,21,15053,2888,2877,8174,9997,2881,8904,15980,15472,15414,,
5783196,D-TEM,dark,Arabika Temanggung Mukidi,B24,33,purging,22,15025,2888,2877,8175,9993,2883,8904,15969,15460,15409,,
5784197,D-TEM,dark,Arabika Temanggung Mukidi,B24,33,purging,23,14999,2888,2877,8175,9989,2881,8905,15959,15450,15403,,
5785196,D-TEM,dark,Arabika Temanggung Mukidi,B24,33,purging,24,14975,2888,2877,8175,9985,2881,8905,15950,15440,15398,,
5786196,D-TEM,dark,Arabika Temanggung Mukidi,B24,33,purging,25,14951,2888,2874,8175,9982,2881,8905,15941,15429,15392,,
5787196,D-TEM,dark,Arabika Temanggung Mukidi,B24,33,purging,26,14928,2888,2877,8175,9978,2881,8906,15933,15420,15387,,
5788196,D-TEM,dark,Arabika Temanggung Mukidi,B24,33,purging,27,14906,2888,2874,8176,9974,2883,8906,15924,15410,15383,,
5789196,D-TEM,dark,Arabika Temanggung Mukidi,B24,33,purging,28,14886,2890,2874,8176,9971,2881,8907,15916,15402,15379,,
5790196,D-TEM,dark,Arabika Temanggung Mukidi,B24,33,purging,29,14869,2890,2874,8176,9969,2881,8908,15909,15394,15376,,
5791196,D-TEM,dark,Arabika Temanggung Mukidi,B24,33,purging,30,14854,2888,2877,8177,9968,2881,8909,15903,15387,15373,,
5792196,D-TEM,dark,Arabika Temanggung Mukidi,B24,33,purging,31,14841,2888,2872,8177,9968,2881,8910,15899,15383,15370,,
5793197,D-TEM,dark,Arabika Temanggung Mukidi,B24,33,purging,32,14829,2888,2877,8177,9966,2883,8911,15895,15378,15367,,
5794196,D-TEM,dark,Arabika Temanggung Mukidi,B24,33,purging,33,14818,2888,2874,8178,9965,2881,8911,15891,15374,15365,,
5795196,D-TEM,dark,Arabika Temanggung Mukidi,B24,33,purging,34,14805,2890,2874,8178,9963,2881,8911,15885,15368,15362,,
5796196,D-TEM,dark,Arabika Temanggung Mukidi,B24,33,purging,35,14788,2890,2874,8178,9960,2881,8913,15878,15361,15359,,
5797196,D-TEM,dark,Arabika Temanggung Mukidi,B24,33,purging,36,14769,2888,2877,8178,9956,2881,8915,15869,15351,15356,,
5798196,D-TEM,dark,Arabika Temanggung Mukidi,B24,33,purging,37,14748,2888,2877,8179,9952,2881,8917,15861,15340,15351,,
5799196,D-TEM,dark,Arabika Temanggung Mukidi,B24,33,purging,38,14728,2886,2874,8179,9947,2883,8920,15852,15330,15347,,
5800197,D-TEM,dark,Arabika Temanggung Mukidi,B24,33,purging,39,14706,2888,2877,8180,9943,2881,8922,15843,15318,15343,,
5801196,D-TEM,dark,Arabika Temanggung Mukidi,B24,33,purging,40,14684,2888,2877,8180,9939,2883,8924,15833,15306,15339,,
5802196,D-TEM,dark,Arabika Temanggung Mukidi,B24,33,purging,41,14664,2888,2877,8180,9936,2881,8927,15823,15295,15336,,
5803196,D-TEM,dark,Arabika Temanggung Mukidi,B24,33,purging,42,14647,2890,2877,8181,9934,2881,8930,15816,15286,15333,,
5804196,D-TEM,dark,Arabika Temanggung Mukidi,B24,33,purging,43,14635,2888,2874,8181,9933,2881,8931,15810,15280,15330,,
5805196,D-TEM,dark,Arabika Temanggung Mukidi,B24,33,purging,44,14626,2890,2877,8182,9933,2881,8931,15807,15276,15328,,
5806196,D-TEM,dark,Arabika Temanggung Mukidi,B24,33,purging,45,14619,2888,2877,8182,9933,2883,8932,15804,15274,15327,,
5807196,D-TEM,dark,Arabika Temanggung Mukidi,B24,33,purging,46,14614,2888,2874,8183,9933,2881,8931,15803,15271,15325,,
5808196,D-TEM,dark,Arabika Temanggung Mukidi,B24,33,purging,47,14607,2890,2872,8183,9933,2883,8931,15801,15269,15323,,
5809197,D-TEM,dark,Arabika Temanggung Mukidi,B24,33,purging,48,14598,2888,2877,8184,9930,2881,8931,15797,15265,15321,,
5810196,D-TEM,dark,Arabika Temanggung Mukidi,B24,33,purging,49,14591,2890,2877,8184,9928,2883,8932,15792,15260,15318,,
5811196,D-TEM,dark,Arabika Temanggung Mukidi,B24,33,purging,50,14585,2888,2870,8185,9928,2881,8932,15789,15257,15317,,
5812196,D-TEM,dark,Arabika Temanggung Mukidi,B24,33,purging,51,14581,2888,2874,8185,9927,2881,8932,15787,15255,15317,,
5813196,D-TEM,dark,Arabika Temanggung Mukidi,B24,33,purging,52,14577,2888,2877,8186,9926,2881,8932,15786,15253,15316,,
5814196,D-TEM,dark,Arabika Temanggung Mukidi,B24,33,purging,53,14573,2888,2872,8186,9925,2881,8932,15783,15251,15315,,
5815196,D-TEM,dark,Arabika Temanggung Mukidi,B24,33,purging,54,14567,2890,2872,8186,9923,2883,8932,15780,15247,15313,,
5816197,D-TEM,dark,Arabika Temanggung Mukidi,B24,33,purging,55,14558,2888,2874,8187,9921,2883,8933,15776,15243,15311,,
5817196,D-TEM,dark,Arabika Temanggung Mukidi,B24,33,purging,56,14547,2888,2877,8188,9919,2883,8935,15771,15237,15309,,
5818196,D-TEM,dark,Arabika Temanggung Mukidi,B24,33,purging,57,14535,2888,2872,8188,9917,2881,8937,15764,15230,15307,,
5819196,D-TEM,dark,Arabika Temanggung Mukidi,B24,33,purging,58,14522,2888,2877,8188,9914,2881,8940,15760,15223,15306,,
5820196,D-TEM,dark,Arabika Temanggung Mukidi,B24,33,purging,59,14507,2888,2874,8189,9912,2881,8942,15754,15215,15303,,
5821196,D-TEM,dark,Arabika Temanggung Mukidi,B24,33,purging,60,14493,2888,2874,8189,9911,2881,8945,15747,15208,15302,,
5822196,D-TEM,dark,Arabika Temanggung Mukidi,B24,33,purging,61,14478,2888,2871,8189,9909,2883,8948,15740,15200,15300,,
5823196,D-TEM,dark,Arabika Temanggung Mukidi,B24,33,purging,62,14466,2890,2872,8190,9907,2879,8950,15735,15194,15297,,
5824196,D-TEM,dark,Arabika Temanggung Mukidi,B24,33,purging,63,14454,2888,2872,8191,9906,2881,8953,15730,15188,15297,,
5825197,D-TEM,dark,Arabika Temanggung Mukidi,B24,33,purging,64,14442,2888,2870,8191,9905,2881,8955,15726,15182,15295,,
5826196,D-TEM,dark,Arabika Temanggung Mukidi,B24,33,purging,65,14431,2888,2870,8192,9903,2879,8957,15721,15177,15293,,
5827196,D-TEM,dark,Arabika Temanggung Mukidi,B24,33,purging,66,14421,2888,2874,8192,9903,2881,8959,15716,15172,15292,,
5828196,D-TEM,dark,Arabika Temanggung Mukidi,B24,33,purging,67,14411,2888,2874,8193,9902,2881,8961,15711,15167,15292,,
5829196,D-TEM,dark,Arabika Temanggung Mukidi,B24,33,purging,68,14402,2888,2877,8194,9901,2881,8962,15708,15163,15291,,
5830196,D-TEM,dark,Arabika Temanggung Mukidi,B24,33,purging,69,14393,2888,2877,8194,9900,2883,8965,15704,15159,15290,,
5831196,D-TEM,dark,Arabika Temanggung Mukidi,B24,33,purging,70,14385,2890,2874,8195,9900,2883,8966,15701,15156,15288,,
5832197,D-TEM,dark,Arabika Temanggung Mukidi,B24,33,purging,71,14378,2888,2872,8196,9900,2881,8967,15697,15152,15287,,
5833196,D-TEM,dark,Arabika Temanggung Mukidi,B24,33,purging,72,14371,2888,2872,8196,9900,2881,8969,15694,15149,15287,,
5834196,D-TEM,dark,Arabika Temanggung Mukidi,B24,33,purging,73,14363,2888,2877,8197,9901,2881,8971,15692,15147,15286,,
5835196,D-TEM,dark,Arabika Temanggung Mukidi,B24,33,purging,74,14356,2890,2872,8198,9901,2881,8973,15690,15145,15286,,
5836196,D-TEM,dark,Arabika Temanggung Mukidi,B24,33,purging,75,14349,2888,2874,8199,9902,2881,8975,15687,15142,15285,,
5837196,D-TEM,dark,Arabika Temanggung Mukidi,B24,33,purging,76,14343,2890,2874,8199,9901,2881,8976,15684,15139,15284,,
5838196,D-TEM,dark,Arabika Temanggung Mukidi,B24,33,purging,77,14336,2888,2874,8200,9900,2883,8977,15681,15136,15283,,
5839196,D-TEM,dark,Arabika Temanggung Mukidi,B24,33,purging,78,14331,2890,2874,8201,9900,2883,8978,15679,15134,15282,,
5840196,D-TEM,dark,Arabika Temanggung Mukidi,B24,33,purging,79,14326,2888,2871,8201,9900,2881,8978,15676,15131,15282,,
5841197,D-TEM,dark,Arabika Temanggung Mukidi,B24,33,purging,80,14321,2888,2874,8202,9899,2881,8979,15673,15128,15281,,
5842196,D-TEM,dark,Arabika Temanggung Mukidi,B24,33,purging,81,14317,2888,2874,8203,9900,2881,8980,15671,15127,15281,,
5843196,D-TEM,dark,Arabika Temanggung Mukidi,B24,33,purging,82,14314,2888,2872,8203,9900,2881,8981,15669,15125,15281,,
5844196,D-TEM,dark,Arabika Temanggung Mukidi,B24,33,purging,83,14311,2888,2874,8203,9900,2881,8981,15667,15123,15280,,
5845196,D-TEM,dark,Arabika Temanggung Mukidi,B24,33,purging,84,14308,2888,2874,8204,9899,2881,8982,15665,15122,15279,,
5846196,D-TEM,dark,Arabika Temanggung Mukidi,B24,33,purging,85,14305,2888,2872,8205,9898,2881,8982,15663,15120,15278,,
5847196,D-TEM,dark,Arabika Temanggung Mukidi,B24,33,purging,86,14304,2888,2877,8206,9898,2881,8982,15661,15119,15278,,
5848197,D-TEM,dark,Arabika Temanggung Mukidi,B24,33,purging,87,14301,2890,2872,8207,9898,2881,8983,15660,15118,15278,,
5849196,D-TEM,dark,Arabika Temanggung Mukidi,B24,33,purging,88,14300,2888,2872,8207,9899,2881,8983,15660,15117,15277,,
5850196,D-TEM,dark,Arabika Temanggung Mukidi,B24,33,purging,89,14299,2886,2877,8208,9898,2881,8984,15658,15117,15277,,
5851196,D-TEM,dark,Arabika Temanggung Mukidi,B24,33,purging,90,14297,2888,2873,8209,9898,2881,8984,15657,15116,15278,,
5852196,D-TEM,dark,Arabika Temanggung Mukidi,B24,33,purging,91,14295,2890,2877,8209,9899,2881,8985,15656,15116,15278,,
5853196,D-TEM,dark,Arabika Temanggung Mukidi,B24,33,purging,92,14294,2888,2870,8210,9900,2881,8986,15656,15116,15278,,
5854196,D-TEM,dark,Arabika Temanggung Mukidi,B24,33,purging,93,14293,2888,2872,8210,9900,2881,8986,15655,15116,15278,,
5855196,D-TEM,dark,Arabika Temanggung Mukidi,B24,33,purging,94,14291,2888,2874,8211,9900,2881,8987,15654,15116,15278,,
5856196,D-TEM,dark,Arabika Temanggung Mukidi,B24,33,purging,95,14292,2888,2874,8212,9900,2881,8987,15653,15116,15278,,
5857197,D-TEM,dark,Arabika Temanggung Mukidi,B24,33,purging,96,14292,2888,2877,8213,9901,2881,8988,15653,15117,15278,,
5858196,D-TEM,dark,Arabika Temanggung Mukidi,B24,33,purging,97,14292,2888,2874,8213,9901,2881,8988,15652,15118,15278,,
5859196,D-TEM,dark,Arabika Temanggung Mukidi,B24,33,purging,98,14292,2890,2874,8214,9902,2881,8988,15651,15118,15278,,
5860196,D-TEM,dark,Arabika Temanggung Mukidi,B24,33,purging,99,14293,2888,2872,8215,9902,2881,8988,15651,15118,15278,,
5861196,D-TEM,dark,Arabika Temanggung Mukidi,B24,33,purging,100,14294,2890,2874,8215,9902,2881,8988,15651,15119,15278,,
5862196,D-TEM,dark,Arabika Temanggung Mukidi,B24,33,purging,101,14295,2888,2877,8216,9902,2881,8987,15650,15119,15279,,
5863196,D-TEM,dark,Arabika Temanggung Mukidi,B24,33,purging,102,14296,2888,2870,8217,9903,2881,8988,15650,15120,15279,,
5864197,D-TEM,dark,Arabika Temanggung Mukidi,B24,33,purging,103,14297,2888,2872,8217,9903,2881,8988,15650,15120,15279,,
5865196,D-TEM,dark,Arabika Temanggung Mukidi,B24,33,purging,104,14298,2888,2877,8218,9903,2879,8988,15649,15122,15279,,
5866196,D-TEM,dark,Arabika Temanggung Mukidi,B24,33,purging,105,14298,2888,2874,8219,9904,2881,8988,15648,15122,15281,,
5867196,D-TEM,dark,Arabika Temanggung Mukidi,B24,33,purging,106,14299,2888,2872,8219,9904,2881,8989,15648,15123,15281,,
5868196,D-TEM,dark,Arabika Temanggung Mukidi,B24,33,purging,107,14300,2888,2874,8220,9904,2881,8988,15648,15124,15281,,
5869196,D-TEM,dark,Arabika Temanggung Mukidi,B24,33,purging,108,14300,2888,2874,8221,9904,2883,8988,15649,15124,15281,,
5870196,D-TEM,dark,Arabika Temanggung Mukidi,B24,33,purging,109,14300,2888,2877,8221,9903,2881,8988,15648,15125,15282,,
5871196,D-TEM,dark,Arabika Temanggung Mukidi,B24,33,purging,110,14301,2890,2872,8222,9903,2881,8988,15648,15125,15282,,
5872196,D-TEM,dark,Arabika Temanggung Mukidi,B24,33,purging,111,14301,2888,2874,8222,9904,2881,8988,15646,15126,15283,,
5873197,D-TEM,dark,Arabika Temanggung Mukidi,B24,33,purging,112,14302,2890,2871,8223,9904,2883,8989,15646,15126,15282,,
5874196,D-TEM,dark,Arabika Temanggung Mukidi,B24,33,purging,113,14302,2888,2874,8224,9905,2881,8989,15646,15126,15282,,
5875196,D-TEM,dark,Arabika Temanggung Mukidi,B24,33,purging,114,14302,2888,2873,8225,9905,2881,8989,15646,15127,15283,,
5876196,D-TEM,dark,Arabika Temanggung Mukidi,B24,33,purging,115,14302,2888,2870,8225,9905,2883,8990,15646,15128,15284,,
5877196,D-TEM,dark,Arabika Temanggung Mukidi,B24,33,purging,116,14302,2888,2870,8226,9906,2881,8990,15645,15128,15285,,
5878196,D-TEM,dark,Arabika Temanggung Mukidi,B24,33,purging,117,14302,2888,2874,8227,9907,2881,8992,15645,15129,15286,,
5879196,D-TEM,dark,Arabika Temanggung Mukidi,B24,33,purging,118,14302,2888,2874,8228,9908,2881,8992,15645,15130,15285,,
5880197,D-TEM,dark,Arabika Temanggung Mukidi,B24,33,purging,119,14302,2890,2874,8228,9908,2881,8993,15645,15130,15285,,
5881196,D-TEM,dark,Arabika Temanggung Mukidi,B24,33,purging,120,14302,2888,2872,8229,9908,2881,8993,15644,15131,15285,,
5882201,D-TEM,dark,Arabika Temanggung Mukidi,B24,33,collecting,1,14302,2888,2877,8229,9908,2881,8993,15644,15132,15285,,
5883196,D-TEM,dark,Arabika Temanggung Mukidi,B24,33,collecting,2,14304,2888,2874,8228,9906,2881,8991,15642,15131,15279,,
5884196,D-TEM,dark,Arabika Temanggung Mukidi,B24,33,collecting,3,14399,2888,2872,8228,9910,2881,8989,15651,15139,15293,,
5885196,D-TEM,dark,Arabika Temanggung Mukidi,B24,33,collecting,4,14622,2890,2871,8228,9932,2881,8987,15706,15183,15328,,
5886196,D-TEM,dark,Arabika Temanggung Mukidi,B24,33,collecting,5,14889,2888,2870,8229,9965,2881,8979,15805,15263,15370,,
5887196,D-TEM,dark,Arabika Temanggung Mukidi,B24,33,collecting,6,15143,2886,2877,8230,9997,2881,8966,15915,15355,15413,,
5888196,D-TEM,dark,Arabika Temanggung Mukidi,B24,33,collecting,7,15364,2888,2877,8231,10024,2881,8952,16013,15446,15452,,
5889197,D-TEM,dark,Arabika Temanggung Mukidi,B24,33,collecting,8,15549,2888,2870,8232,10044,2883,8940,16096,15528,15487,,
5890196,D-TEM,dark,Arabika Temanggung Mukidi,B24,33,collecting,9,15700,2890,2874,8233,10061,2881,8929,16163,15599,15518,,
5891196,D-TEM,dark,Arabika Temanggung Mukidi,B24,33,collecting,10,15824,2888,2870,8233,10074,2881,8922,16217,15658,15543,,
5892196,D-TEM,dark,Arabika Temanggung Mukidi,B24,33,collecting,11,15922,2888,2877,8233,10085,2881,8915,16262,15707,15564,,
5893196,D-TEM,dark,Arabika Temanggung Mukidi,B24,33,collecting,12,16000,2888,2874,8233,10094,2879,8910,16295,15747,15581,,
5894196,D-TEM,dark,Arabika Temanggung Mukidi,B24,33,collecting,13,16060,2888,2870,8234,10102,2881,8907,16321,15780,15596,,
5895196,D-TEM,dark,Arabika Temanggung Mukidi,B24,33,collecting,14,16107,2890,2874,8234,10108,2881,8905,16341,15805,15607,,
5896197,D-TEM,dark,Arabika Temanggung Mukidi,B24,33,collecting,15,16143,2890,2874,8234,10113,2881,8903,16356,15825,15616,,
5897196,D-TEM,dark,Arabika Temanggung Mukidi,B24,33,collecting,16,16168,2888,2877,8234,10118,2881,8902,16366,15840,15624,,
5898196,D-TEM,dark,Arabika Temanggung Mukidi,B24,33,collecting,17,16187,2890,2874,8234,10121,2881,8902,16375,15852,15630,,
5899196,D-TEM,dark,Arabika Temanggung Mukidi,B24,33,collecting,18,16200,2890,2874,8234,10123,2883,8902,16380,15861,15635,,
5900196,D-TEM,dark,Arabika Temanggung Mukidi,B24,33,collecting,19,16209,2888,2872,8234,10126,2881,8902,16385,15869,15640,,
5901196,D-TEM,dark,Arabika Temanggung Mukidi,B24,33,collecting,20,16214,2892,2869,8234,10128,2883,8903,16388,15874,15644,,
5902196,D-TEM,dark,Arabika Temanggung Mukidi,B24,33,collecting,21,16216,2888,2870,8234,10131,2881,8904,16389,15877,15647,,
5903196,D-TEM,dark,Arabika Temanggung Mukidi,B24,33,collecting,22,16216,2890,2875,8235,10132,2883,8905,16390,15880,15649,,
5904196,D-TEM,dark,Arabika Temanggung Mukidi,B24,33,collecting,23,16214,2890,2877,8235,10134,2881,8907,16391,15881,15652,,
5905197,D-TEM,dark,Arabika Temanggung Mukidi,B24,33,collecting,24,16211,2888,2872,8235,10136,2881,8908,16392,15883,15653,,
5906196,D-TEM,dark,Arabika Temanggung Mukidi,B24,33,collecting,25,16208,2889,2868,8235,10138,2881,8909,16394,15884,15655,,
5907196,D-TEM,dark,Arabika Temanggung Mukidi,B24,33,collecting,26,16202,2888,2874,8235,10139,2881,8910,16392,15884,15656,,
5908196,D-TEM,dark,Arabika Temanggung Mukidi,B24,33,collecting,27,16196,2890,2872,8236,10140,2881,8911,16392,15883,15657,,
5909196,D-TEM,dark,Arabika Temanggung Mukidi,B24,33,collecting,28,16189,2888,2869,8236,10141,2881,8912,16390,15882,15657,,
5910196,D-TEM,dark,Arabika Temanggung Mukidi,B24,33,collecting,29,16181,2892,2870,8236,10141,2881,8914,16389,15881,15657,,
5911196,D-TEM,dark,Arabika Temanggung Mukidi,B24,33,collecting,30,16171,2888,2874,8237,10142,2879,8915,16386,15879,15657,,
5912197,D-TEM,dark,Arabika Temanggung Mukidi,B24,33,collecting,31,16162,2886,2877,8237,10143,2883,8916,16384,15876,15655,,
5913196,D-TEM,dark,Arabika Temanggung Mukidi,B24,33,collecting,32,16152,2890,2872,8237,10143,2881,8917,16381,15874,15655,,
5914196,D-TEM,dark,Arabika Temanggung Mukidi,B24,33,collecting,33,16142,2888,2872,8237,10142,2881,8918,16377,15871,15654,,
5915196,D-TEM,dark,Arabika Temanggung Mukidi,B24,33,collecting,34,16132,2888,2877,8238,10143,2881,8919,16374,15868,15653,,
5916196,D-TEM,dark,Arabika Temanggung Mukidi,B24,33,collecting,35,16121,2888,2872,8238,10142,2881,8919,16371,15865,15652,,
5917196,D-TEM,dark,Arabika Temanggung Mukidi,B24,33,collecting,36,16111,2890,2870,8239,10142,2881,8920,16367,15860,15651,,
5918196,D-TEM,dark,Arabika Temanggung Mukidi,B24,33,collecting,37,16099,2890,2870,8239,10141,2881,8921,16364,15858,15649,,
5919196,D-TEM,dark,Arabika Temanggung Mukidi,B24,33,collecting,38,16089,2890,2874,8239,10141,2881,8923,16361,15854,15647,,
5920196,D-TEM,dark,Arabika Temanggung Mukidi,B24,33,collecting,39,16077,2888,2872,8239,10141,2881,8924,16357,15849,15645,,
5921197,D-TEM,dark,Arabika Temanggung Mukidi,B24,33,collecting,40,16066,2887,2874,8240,10140,2881,8924,16353,15846,15643,,
5922196,D-TEM,dark,Arabika Temanggung Mukidi,B24,33,collecting,41,16055,2889,2874,8240,10140,2881,8925,16348,15841,15641,,
5923196,D-TEM,dark,Arabika Temanggung Mukidi,B24,33,collecting,42,16044,2890,2873,8241,10139,2881,8926,16345,15837,15640,,
5924196,D-TEM,dark,Arabika Temanggung Mukidi,B24,33,collecting,43,16034,2888,2877,8241,10139,2881,8926,16341,15833,15638,,
5925196,D-TEM,dark,Arabika Temanggung Mukidi,B24,33,collecting,44,16022,2888,2874,8242,10138,2881,8928,16337,15829,15635,,
5926196,D-TEM,dark,Arabika Temanggung Mukidi,B24,33,collecting,45,16010,2886,2869,8242,10137,2881,8928,16333,15825,15633,,
5927196,D-TEM,dark,Arabika Temanggung Mukidi,B24,33,collecting,46,15998,2888,2872,8242,10136,2881,8929,16328,15820,15630,,
5928197,D-TEM,dark,Arabika Temanggung Mukidi,B24,33,collecting,47,15986,2888,2874,8243,10135,2881,8930,16323,15816,15629,,
5929196,D-TEM,dark,Arabika Temanggung Mukidi,B24,33,collecting,48,15976,2890,2872,8243,10135,2881,8931,16319,15811,15627,,
5930196,D-TEM,dark,Arabika Temanggung Mukidi,B24,33,collecting,49,15966,2890,2877,8244,10134,2883,8931,16316,15807,15626,,
5931196,D-TEM,dark,Arabika Temanggung Mukidi,B24,33,collecting,50,15955,2886,2872,8243,10133,2881,8932,16311,15803,15624,,
5932196,D-TEM,dark,Arabika Temanggung Mukidi,B24,33,collecting,51,15947,2888,2874,8244,10133,2881,8934,16308,15799,15621,,
5933196,D-TEM,dark,Arabika Temanggung Mukidi,B24,33,collecting,52,15938,2888,2877,8245,10133,2881,8934,16305,15796,15619,,
5934196,D-TEM,dark,Arabika Temanggung Mukidi,B24,33,collecting,53,15931,2888,2868,8245,10132,2881,8935,16302,15792,15618,,
5935196,D-TEM,dark,Arabika Temanggung Mukidi,B24,33,collecting,54,15922,2888,2877,8245,10132,2883,8935,16299,15789,15617,,
5936196,D-TEM,dark,Arabika Temanggung Mukidi,B24,33,collecting,55,15914,2888,2874,8246,10132,2879,8936,16297,15786,15615,,
5937197,D-TEM,dark,Arabika Temanggung Mukidi,B24,33,collecting,56,15907,2886,2874,8246,10132,2879,8937,16294,15783,15614,,
5938196,D-TEM,dark,Arabika Temanggung Mukidi,B24,33,collecting,57,15900,2890,2872,8246,10132,2881,8938,16291,15780,15611,,
5939196,D-TEM,dark,Arabika Temanggung Mukidi,B24,33,collecting,58,15892,2888,2874,8247,10131,2881,8938,16289,15777,15611,,
5940196,D-TEM,dark,Arabika Temanggung Mukidi,B24,33,collecting,59,15885,2888,2871,8247,10131,2881,8939,16285,15774,15610,,
5941196,D-TEM,dark,Arabika Temanggung Mukidi,B24,33,collecting,60,15877,2888,2874,8248,10131,2881,8940,16283,15771,15608,,
5942200,D-TEM,dark,Arabika Temanggung Mukidi,B24,34,purging,1,15869,2890,2873,8248,10130,2881,8940,16279,15768,15605,,
5943196,D-TEM,dark,Arabika Temanggung Mukidi,B24,34,purging,2,15862,2888,2877,8251,10132,2881,8943,16278,15766,15609,,
5944197,D-TEM,dark,Arabika Temanggung Mukidi,B24,34,purging,3,15834,2888,2872,8252,10134,2881,8947,16273,15762,15607,,
5945196,D-TEM,dark,Arabika Temanggung Mukidi,B24,34,purging,4,15783,2890,2870,8253,10135,2881,8955,16255,15751,15602,,
5946196,D-TEM,dark,Arabika Temanggung Mukidi,B24,34,purging,5,15718,2888,2874,8254,10133,2881,8963,16228,15734,15592,,
5947196,D-TEM,dark,Arabika Temanggung Mukidi,B24,34,purging,6,15645,2888,2873,8254,10130,2881,8972,16196,15710,15581,,
5948196,D-TEM,dark,Arabika Temanggung Mukidi,B24,34,purging,7,15568,2883,2870,8254,10125,2881,8979,16163,15685,15568,,
5949196,D-TEM,dark,Arabika Temanggung Mukidi,B24,34,purging,8,15491,2888,2874,8254,10119,2881,8985,16131,15658,15554,,
5950196,D-TEM,dark,Arabika Temanggung Mukidi,B24,34,purging,9,15415,2888,2868,8255,10114,2881,8990,16101,15632,15541,,
5951196,D-TEM,dark,Arabika Temanggung Mukidi,B24,34,purging,10,15343,2888,2872,8255,10108,2881,8993,16073,15607,15528,,
5952196,D-TEM,dark,Arabika Temanggung Mukidi,B24,34,purging,11,15274,2890,2868,8256,10102,2881,8997,16046,15582,15516,,
5953197,D-TEM,dark,Arabika Temanggung Mukidi,B24,34,purging,12,15210,2890,2870,8256,10096,2881,9000,16023,15560,15505,,
5954196,D-TEM,dark,Arabika Temanggung Mukidi,B24,34,purging,13,15149,2890,2870,8257,10090,2881,9002,16002,15539,15494,,
5955196,D-TEM,dark,Arabika Temanggung Mukidi,B24,34,purging,14,15093,2890,2870,8257,10084,2881,9003,15983,15520,15485,,
5956196,D-TEM,dark,Arabika Temanggung Mukidi,B24,34,purging,15,15040,2890,2868,8257,10079,2883,9006,15965,15502,15476,,
5957196,D-TEM,dark,Arabika Temanggung Mukidi,B24,34,purging,16,14992,2890,2874,8257,10075,2883,9007,15949,15485,15467,,
5958196,D-TEM,dark,Arabika Temanggung Mukidi,B24,34,purging,17,14947,2888,2872,8258,10071,2883,9009,15934,15469,15460,,
5959196,D-TEM,dark,Arabika Temanggung Mukidi,B24,34,purging,18,14905,2888,2872,8259,10067,2883,9010,15919,15455,15452,,
5960197,D-TEM,dark,Arabika Temanggung Mukidi,B24,34,purging,19,14867,2890,2874,8259,10063,2881,9011,15906,15441,15445,,
5961196,D-TEM,dark,Arabika Temanggung Mukidi,B24,34,purging,20,14832,2888,2873,8259,10060,2883,9011,15893,15428,15438,,
5962196,D-TEM,dark,Arabika Temanggung Mukidi,B24,34,purging,21,14800,2890,2868,8260,10056,2881,9012,15881,15416,15431,,
5963196,D-TEM,dark,Arabika Temanggung Mukidi,B24,34,purging,22,14771,2888,2874,8260,10053,2881,9013,15871,15405,15426,,
5964196,D-TEM,dark,Arabika Temanggung Mukidi,B24,34,purging,23,14744,2890,2874,8261,10049,2879,9014,15861,15395,15421,,
5965196,D-TEM,dark,Arabika Temanggung Mukidi,B24,34,purging,24,14718,2888,2874,8261,10047,2879,9015,15852,15385,15417,,
5966196,D-TEM,dark,Arabika Temanggung Mukidi,B24,34,purging,25,14695,2890,2870,8262,10045,2879,9016,15844,15377,15412,,
5967196,D-TEM,dark,Arabika Temanggung Mukidi,B24,34,purging,26,14673,2890,2872,8262,10044,2883,9017,15836,15369,15408,,
5968196,D-TEM,dark,Arabika Temanggung Mukidi,B24,34,purging,27,14654,2888,2868,8263,10042,2883,9019,15829,15362,15404,,
5969197,D-TEM,dark,Arabika Temanggung Mukidi,B24,34,purging,28,14634,2888,2874,8263,10041,2881,9020,15822,15356,15402,,
5970196,D-TEM,dark,Arabika Temanggung Mukidi,B24,34,purging,29,14617,2888,2872,8265,10042,2881,9022,15816,15350,15399,,
5971196,D-TEM,dark,Arabika Temanggung Mukidi,B24,34,purging,30,14600,2888,2868,8265,10042,2883,9023,15810,15345,15396,,
5972196,D-TEM,dark,Arabika Temanggung Mukidi,B24,34,purging,31,14586,2888,2872,8265,10040,2883,9024,15804,15339,15392,,
5973196,D-TEM,dark,Arabika Temanggung Mukidi,B24,34,purging,32,14573,2886,2871,8266,10038,2881,9023,15798,15334,15388,,
5974196,D-TEM,dark,Arabika Temanggung Mukidi,B24,34,purging,33,14560,2890,2873,8266,10036,2881,9023,15792,15328,15385,,
5975196,D-TEM,dark,Arabika Temanggung Mukidi,B24,34,purging,34,14549,2888,2871,8267,10034,2881,9023,15788,15323,15382,,
5976197,D-TEM,dark,Arabika Temanggung Mukidi,B24,34,purging,35,14539,2888,2870,8267,10033,2881,9023,15783,15318,15379,,
5977196,D-TEM,dark,Arabika Temanggung Mukidi,B24,34,purging,36,14529,2890,2872,8268,10031,2881,9023,15779,15314,15377,,
5978196,D-TEM,dark,Arabika Temanggung Mukidi,B24,34,purging,37,14521,2890,2868,8269,10030,2883,9022,15774,15309,15375,,
5979196,D-TEM,dark,Arabika Temanggung Mukidi,B24,34,purging,38,14512,2883,2872,8269,10029,2883,9023,15770,15306,15374,,
5980196,D-TEM,dark,Arabika Temanggung Mukidi,B24,34,purging,39,14504,2888,2872,8270,10028,2881,9025,15766,15302,15373,,
5981196,D-TEM,dark,Arabika Temanggung Mukidi,B24,34,purging,40,14496,2888,2872,8271,10028,2883,9026,15763,15299,15372,,
5982196,D-TEM,dark,Arabika Temanggung Mukidi,B24,34,purging,41,14487,2888,2871,8271,10028,2881,9028,15759,15296,15370,,
5983196,D-TEM,dark,Arabika Temanggung Mukidi,B24,34,purging,42,14478,2890,2872,8272,10027,2883,9028,15756,15292,15366,,
5984196,D-TEM,dark,Arabika Temanggung Mukidi,B24,34,purging,43,14468,2886,2870,8272,10025,2881,9028,15751,15287,15364,,
5985197,D-TEM,dark,Arabika Temanggung Mukidi,B24,34,purging,44,14459,2890,2872,8273,10022,2881,9027,15747,15281,15361,,
5986196,D-TEM,dark,Arabika Temanggung Mukidi,B24,34,purging,45,14450,2886,2870,8273,10020,2883,9027,15741,15276,15358,,
5987196,D-TEM,dark,Arabika Temanggung Mukidi,B24,34,purging,46,14441,2888,2868,8274,10018,2883,9027,15736,15271,15355,,
5988196,D-TEM,dark,Arabika Temanggung Mukidi,B24,34,purging,47,14433,2890,2870,8274,10015,2881,9027,15732,15266,15353,,
5989196,D-TEM,dark,Arabika Temanggung Mukidi,B24,34,purging,48,14426,2890,2872,8275,10013,2881,9027,15728,15261,15352,,
5990196,D-TEM,dark,Arabika Temanggung Mukidi,B24,34,purging,49,14419,2883,2869,8275,10011,2881,9027,15724,15257,15349,,
5991196,D-TEM,dark,Arabika Temanggung Mukidi,B24,34,purging,50,14413,2888,2872,8276,10009,2883,9027,15720,15253,15347,,
5992197,D-TEM,dark,Arabika Temanggung Mukidi,B24,34,purging,51,14407,2885,2874,8276,10007,2883,9027,15717,15248,15346,,
5993196,D-TEM,dark,Arabika Temanggung Mukidi,B24,34,purging,52,14401,2886,2872,8277,10005,2881,9027,15714,15245,15343,,
5994196,D-TEM,dark,Arabika Temanggung Mukidi,B24,34,purging,53,14396,2890,2872,8277,10004,2881,9027,15710,15241,15342,,
5995196,D-TEM,dark,Arabika Temanggung Mukidi,B24,34,purging,54,14390,2886,2868,8278,10002,2881,9027,15707,15238,15341,,
5996196,D-TEM,dark,Arabika Temanggung Mukidi,B24,34,purging,55,14386,2888,2874,8278,10001,2879,9027,15705,15234,15339,,
5997196,D-TEM,dark,Arabika Temanggung Mukidi,B24,34,purging,56,14380,2888,2873,8279,10000,2881,9026,15703,15232,15336,,
5998196,D-TEM,dark,Arabika Temanggung Mukidi,B24,34,purging,57,14376,2890,2868,8280,9998,2883,9026,15700,15229,15334,,
5999196,D-TEM,dark,Arabika Temanggung Mukidi,B24,34,purging,58,14371,2890,2872,8280,9996,2883,9026,15697,15225,15333,,
6000196,D-TEM,dark,Arabika Temanggung Mukidi,B24,34,purging,59,14365,2890,2868,8280,9995,2881,9026,15694,15222,15332,,
6001197,D-TEM,dark,Arabika Temanggung Mukidi,B24,34,purging,60,14361,2889,2868,8281,9993,2881,9026,15692,15220,15331,,
6002196,D-TEM,dark,Arabika Temanggung Mukidi,B24,34,purging,61,14357,2890,2868,8282,9993,2883,9026,15689,15217,15330,,
6003196,D-TEM,dark,Arabika Temanggung Mukidi,B24,34,purging,62,14354,2888,2871,8282,9992,2879,9025,15687,15214,15329,,
6004196,D-TEM,dark,Arabika Temanggung Mukidi,B24,34,purging,63,14350,2888,2868,8282,9991,2883,9025,15685,15211,15327,,
6005196,D-TEM,dark,Arabika Temanggung Mukidi,B24,34,purging,64,14347,2888,2868,8283,9989,2881,9025,15683,15209,15326,,
6006196,D-TEM,dark,Arabika Temanggung Mukidi,B24,34,purging,65,14344,2888,2872,8284,9988,2883,9025,15680,15207,15326,,
6007196,D-TEM,dark,Arabika Temanggung Mukidi,B24,34,purging,66,14340,2890,2870,8284,9986,2879,9025,15678,15205,15323,,
6008197,D-TEM,dark,Arabika Temanggung Mukidi,B24,34,purging,67,14336,2890,2872,8285,9985,2881,9024,15675,15203,15322,,
6009196,D-TEM,dark,Arabika Temanggung Mukidi,B24,34,purging,68,14333,2888,2873,8285,9983,2881,9025,15674,15200,15321,,
6010196,D-TEM,dark,Arabika Temanggung Mukidi,B24,34,purging,69,14329,2888,2870,8285,9981,2881,9024,15672,15197,15320,,
6011196,D-TEM,dark,Arabika Temanggung Mukidi,B24,34,purging,70,14326,2890,2871,8286,9980,2879,9024,15670,15195,15319,,
6012196,D-TEM,dark,Arabika Temanggung Mukidi,B24,34,purging,71,14323,2883,2867,8286,9978,2881,9024,15667,15192,15317,,
6013196,D-TEM,dark,Arabika Temanggung Mukidi,B24,34,purging,72,14319,2890,2867,8287,9978,2879,9024,15665,15190,15317,,
6014196,D-TEM,dark,Arabika Temanggung Mukidi,B24,34,purging,73,14316,2883,2869,8287,9977,2881,9025,15662,15188,15317,,
6015196,D-TEM,dark,Arabika Temanggung Mukidi,B24,34,purging,74,14314,2886,2866,8288,9975,2881,9025,15660,15185,15315,,
6016196,D-TEM,dark,Arabika Temanggung Mukidi,B24,34,purging,75,14312,2888,2871,8288,9974,2883,9025,15659,15184,15314,,
6017197,D-TEM,dark,Arabika Temanggung Mukidi,B24,34,purging,76,14309,2888,2874,8289,9973,2883,9025,15657,15182,15313,,
6018196,D-TEM,dark,Arabika Temanggung Mukidi,B24,34,purging,77,14307,2890,2871,8289,9973,2881,9025,15656,15180,15313,,
6019196,D-TEM,dark,Arabika Temanggung Mukidi,B24,34,purging,78,14305,2888,2870,8290,9972,2879,9026,15654,15179,15313,,
6020196,D-TEM,dark,Arabika Temanggung Mukidi,B24,34,purging,79,14303,2888,2870,8290,9972,2883,9026,15652,15178,15313,,
6021196,D-TEM,dark,Arabika Temanggung Mukidi,B24,34,purging,80,14301,2890,2870,8291,9971,2883,9025,15650,15177,15312,,
6022196,D-TEM,dark,Arabika Temanggung Mukidi,B24,34,purging,81,14298,2888,2872,8292,9971,2881,9026,15649,15176,15312,,
6023196,D-TEM,dark,Arabika Temanggung Mukidi,B24,34,purging,82,14297,2885,2871,8292,9970,2879,9026,15648,15175,15312,,
6024197,D-TEM,dark,Arabika Temanggung Mukidi,B24,34,purging,83,14294,2885,2872,8292,9970,2883,9027,15645,15173,15312,,
6025196,D-TEM,dark,Arabika Temanggung Mukidi,B24,34,purging,84,14292,2883,2869,8293,9970,2883,9027,15644,15172,15312,,
6026196,D-TEM,dark,Arabika Temanggung Mukidi,B24,34,purging,85,14289,2888,2872,8293,9970,2883,9028,15644,15172,15311,,
6027196,D-TEM,dark,Arabika Temanggung Mukidi,B24,34,purging,86,14287,2890,2869,8294,9970,2879,9029,15642,15170,15311,,
6028196,D-TEM,dark,Arabika Temanggung Mukidi,B24,34,purging,87,14284,2890,2872,8295,9969,2883,9030,15641,15169,15311,,
6029196,D-TEM,dark,Arabika Temanggung Mukidi,B24,34,purging,88,14280,2888,2870,8295,9969,2883,9031,15641,15168,15311,,
6030196,D-TEM,dark,Arabika Temanggung Mukidi,B24,34,purging,89,14277,2890,2870,8296,9969,2883,9032,15639,15167,15311,,
6031196,D-TEM,dark,Arabika Temanggung Mukidi,B24,34,purging,90,14274,2890,2872,8296,9969,2883,9033,15637,15166,15312,,
6032196,D-TEM,dark,Arabika Temanggung Mukidi,B24,34,purging,91,14271,2887,2871,8297,9969,2879,9034,15636,15164,15311,,
6033197,D-TEM,dark,Arabika Temanggung Mukidi,B24,34,purging,92,14268,2885,2870,8297,9968,2883,9034,15636,15163,15311,,
6034196,D-TEM,dark,Arabika Temanggung Mukidi,B24,34,purging,93,14266,2890,2872,8298,9969,2883,9035,15635,15163,15310,,
6035196,D-TEM,dark,Arabika Temanggung Mukidi,B24,34,purging,94,14264,2890,2868,8298,9969,2883,9035,15633,15162,15309,,
6036196,D-TEM,dark,Arabika Temanggung Mukidi,B24,34,purging,95,14263,2885,2868,8299,9968,2883,9035,15631,15161,15309,,
6037196,D-TEM,dark,Arabika Temanggung Mukidi,B24,34,purging,96,14261,2887,2868,8299,9967,2881,9035,15630,15160,15309,,
6038196,D-TEM,dark,Arabika Temanggung Mukidi,B24,34,purging,97,14259,2887,2868,8299,9967,2879,9035,15627,15159,15308,,
6039196,D-TEM,dark,Arabika Temanggung Mukidi,B24,34,purging,98,14257,2883,2868,8299,9967,2883,9036,15625,15158,15308,,
6040197,D-TEM,dark,Arabika Temanggung Mukidi,B24,34,purging,99,14255,2883,2868,8300,9965,2881,9036,15625,15157,15307,,
6041196,D-TEM,dark,Arabika Temanggung Mukidi,B24,34,purging,100,14253,2883,2871,8301,9965,2881,9036,15624,15156,15306,,
6042196,D-TEM,dark,Arabika Temanggung Mukidi,B24,34,purging,101,14250,2881,2873,8302,9964,2883,9036,15623,15154,15305,,
6043196,D-TEM,dark,Arabika Temanggung Mukidi,B24,34,purging,102,14247,2883,2871,8302,9963,2881,9036,15622,15153,15305,,
6044196,D-TEM,dark,Arabika Temanggung Mukidi,B24,34,purging,103,14246,2883,2870,8302,9963,2879,9036,15620,15151,15304,,
6045196,D-TEM,dark,Arabika Temanggung Mukidi,B24,34,purging,104,14244,2883,2871,8303,9963,2883,9036,15619,15151,15305,,
6046196,D-TEM,dark,Arabika Temanggung Mukidi,B24,34,purging,105,14243,2886,2870,8303,9963,2881,9036,15618,15150,15304,,
6047196,D-TEM,dark,Arabika Temanggung Mukidi,B24,34,purging,106,14241,2885,2872,8303,9962,2883,9036,15618,15150,15304,,
6048196,D-TEM,dark,Arabika Temanggung Mukidi,B24,34,purging,107,14239,2885,2874,8304,9961,2883,9037,15617,15149,15303,,
6049197,D-TEM,dark,Arabika Temanggung Mukidi,B24,34,purging,108,14237,2890,2868,8304,9961,2883,9037,15616,15148,15303,,
6050196,D-TEM,dark,Arabika Temanggung Mukidi,B24,34,purging,109,14235,2886,2870,8304,9960,2883,9037,15613,15146,15304,,
6051196,D-TEM,dark,Arabika Temanggung Mukidi,B24,34,purging,110,14233,2890,2870,8305,9959,2883,9037,15612,15145,15302,,
6052196,D-TEM,dark,Arabika Temanggung Mukidi,B24,34,purging,111,14230,2888,2868,8305,9958,2883,9038,15610,15144,15303,,
6053196,D-TEM,dark,Arabika Temanggung Mukidi,B24,34,purging,112,14227,2881,2874,8305,9958,2879,9038,15609,15143,15303,,
6054196,D-TEM,dark,Arabika Temanggung Mukidi,B24,34,purging,113,14225,2888,2869,8306,9958,2881,9039,15608,15141,15302,,
6055196,D-TEM,dark,Arabika Temanggung Mukidi,B24,34,purging,114,14222,2883,2868,8307,9958,2883,9039,15607,15140,15302,,
6056197,D-TEM,dark,Arabika Temanggung Mukidi,B24,34,purging,115,14220,2883,2868,8307,9958,2881,9040,15606,15139,15302,,
6057196,D-TEM,dark,Arabika Temanggung Mukidi,B24,34,purging,116,14219,2883,2872,8307,9957,2879,9041,15604,15138,15303,,
6058196,D-TEM,dark,Arabika Temanggung Mukidi,B24,34,purging,117,14218,2888,2872,8308,9957,2881,9041,15603,15138,15303,,
6059196,D-TEM,dark,Arabika Temanggung Mukidi,B24,34,purging,118,14218,2883,2870,8308,9957,2881,9042,15602,15138,15303,,
6060196,D-TEM,dark,Arabika Temanggung Mukidi,B24,34,purging,119,14217,2887,2874,8309,9958,2881,9042,15600,15137,15303,,
6061196,D-TEM,dark,Arabika Temanggung Mukidi,B24,34,purging,120,14217,2888,2870,8309,9958,2881,9042,15600,15137,15303,,
6062200,D-TEM,dark,Arabika Temanggung Mukidi,B24,34,collecting,1,14217,2887,2869,8309,9958,2879,9042,15601,15138,15302,,
6063196,D-TEM,dark,Arabika Temanggung Mukidi,B24,34,collecting,2,14217,2883,2872,8308,9955,2881,9041,15599,15137,15295,,
6064196,D-TEM,dark,Arabika Temanggung Mukidi,B24,34,collecting,3,14310,2888,2868,8307,9958,2883,9038,15606,15142,15309,,
6065197,D-TEM,dark,Arabika Temanggung Mukidi,B24,34,collecting,4,14536,2883,2871,8308,9978,2883,9037,15664,15185,15342,,
6066196,D-TEM,dark,Arabika Temanggung Mukidi,B24,34,collecting,5,14808,2890,2870,8308,10010,2883,9030,15765,15261,15385,,
6067196,D-TEM,dark,Arabika Temanggung Mukidi,B24,34,collecting,6,15069,2890,2870,8309,10041,2881,9020,15874,15353,15429,,
6068196,D-TEM,dark,Arabika Temanggung Mukidi,B24,34,collecting,7,15299,2887,2870,8310,10069,2879,9008,15976,15445,15469,,
6069196,D-TEM,dark,Arabika Temanggung Mukidi,B24,34,collecting,8,15492,2890,2870,8310,10091,2879,8996,16063,15528,15506,,
6070196,D-TEM,dark,Arabika Temanggung Mukidi,B24,34,collecting,9,15651,2889,2869,8310,10108,2881,8987,16134,15601,15538,,
6071196,D-TEM,dark,Arabika Temanggung Mukidi,B24,34,collecting,10,15778,2885,2870,8311,10123,2883,8979,16191,15663,15564,,
6072197,D-TEM,dark,Arabika Temanggung Mukidi,B24,34,collecting,11,15880,2890,2870,8311,10134,2883,8972,16235,15713,15586,,
6073196,D-TEM,dark,Arabika Temanggung Mukidi,B24,34,collecting,12,15961,2890,2869,8310,10143,2883,8968,16270,15755,15604,,
6074196,D-TEM,dark,Arabika Temanggung Mukidi,B24,34,collecting,13,16026,2890,2870,8311,10151,2881,8964,16298,15789,15619,,
6075196,D-TEM,dark,Arabika Temanggung Mukidi,B24,34,collecting,14,16076,2890,2870,8311,10158,2883,8962,16320,15816,15632,,
6076196,D-TEM,dark,Arabika Temanggung Mukidi,B24,34,collecting,15,16114,2890,2870,8310,10163,2883,8960,16337,15838,15643,,
6077196,D-TEM,dark,Arabika Temanggung Mukidi,B24,34,collecting,16,16144,2888,2871,8311,10168,2881,8960,16349,15855,15651,,
6078196,D-TEM,dark,Arabika Temanggung Mukidi,B24,34,collecting,17,16165,2890,2872,8311,10172,2881,8959,16359,15869,15658,,
6079196,D-TEM,dark,Arabika Temanggung Mukidi,B24,34,collecting,18,16180,2889,2871,8311,10176,2881,8959,16366,15880,15663,,
6080196,D-TEM,dark,Arabika Temanggung Mukidi,B24,34,collecting,19,16188,2890,2871,8311,10179,2879,8960,16370,15887,15668,,
6081197,D-TEM,dark,Arabika Temanggung Mukidi,B24,34,collecting,20,16192,2890,2872,8311,10181,2879,8960,16372,15892,15671,,
6082196,D-TEM,dark,Arabika Temanggung Mukidi,B24,34,collecting,21,16192,2888,2870,8311,10183,2881,8961,16374,15895,15673,,
6083196,D-TEM,dark,Arabika Temanggung Mukidi,B24,34,collecting,22,16191,2888,2870,8311,10185,2883,8962,16374,15897,15675,,
6084196,D-TEM,dark,Arabika Temanggung Mukidi,B24,34,collecting,23,16187,2885,2870,8311,10186,2879,8963,16374,15898,15676,,
6085196,D-TEM,dark,Arabika Temanggung Mukidi,B24,34,collecting,24,16183,2886,2866,8312,10187,2883,8964,16373,15898,15677,,
6086196,D-TEM,dark,Arabika Temanggung Mukidi,B24,34,collecting,25,16177,2890,2871,8312,10188,2883,8966,16373,15898,15678,,
6087196,D-TEM,dark,Arabika Temanggung Mukidi,B24,34,collecting,26,16170,2886,2871,8312,10189,2883,8966,16372,15898,15679,,
6088197,D-TEM,dark,Arabika Temanggung Mukidi,B24,34,collecting,27,16163,2890,2868,8312,10190,2881,8967,16370,15897,15679,,
6089196,D-TEM,dark,Arabika Temanggung Mukidi,B24,34,collecting,28,16154,2887,2869,8312,10190,2883,8968,16368,15895,15679,,
6090196,D-TEM,dark,Arabika Temanggung Mukidi,B24,34,collecting,29,16144,2889,2869,8313,10190,2881,8970,16366,15893,15679,,
6091196,D-TEM,dark,Arabika Temanggung Mukidi,B24,34,collecting,30,16133,2886,2869,8313,10190,2883,8970,16362,15890,15678,,
6092196,D-TEM,dark,Arabika Temanggung Mukidi,B24,34,collecting,31,16121,2890,2871,8313,10190,2883,8972,16358,15887,15677,,
6093196,D-TEM,dark,Arabika Temanggung Mukidi,B24,34,collecting,32,16109,2886,2874,8314,10189,2883,8973,16354,15882,15675,,
6094196,D-TEM,dark,Arabika Temanggung Mukidi,B24,34,collecting,33,16096,2890,2868,8314,10189,2883,8973,16349,15878,15673,,
6095196,D-TEM,dark,Arabika Temanggung Mukidi,B24,34,collecting,34,16082,2888,2867,8315,10189,2883,8974,16345,15874,15671,,
6096196,D-TEM,dark,Arabika Temanggung Mukidi,B24,34,collecting,35,16068,2886,2871,8315,10188,2883,8974,16340,15869,15669,,
6097197,D-TEM,dark,Arabika Temanggung Mukidi,B24,34,collecting,36,16053,2890,2869,8315,10188,2879,8976,16334,15864,15667,,
6098196,D-TEM,dark,Arabika Temanggung Mukidi,B24,34,collecting,37,16040,2884,2870,8315,10187,2881,8977,16330,15860,15665,,
6099196,D-TEM,dark,Arabika Temanggung Mukidi,B24,34,collecting,38,16026,2887,2866,8316,10186,2883,8978,16325,15855,15663,,
6100196,D-TEM,dark,Arabika Temanggung Mukidi,B24,34,collecting,39,16012,2888,2870,8316,10185,2883,8979,16320,15850,15660,,
6101196,D-TEM,dark,Arabika Temanggung Mukidi,B24,34,collecting,40,15998,2886,2870,8317,10184,2881,8980,16315,15845,15658,,
6102196,D-TEM,dark,Arabika Temanggung Mukidi,B24,34,collecting,41,15984,2886,2872,8317,10183,2883,8981,16311,15839,15655,,
6103196,D-TEM,dark,Arabika Temanggung Mukidi,B24,34,collecting,42,15971,2883,2870,8317,10183,2883,8982,16305,15834,15654,,
6104197,D-TEM,dark,Arabika Temanggung Mukidi,B24,34,collecting,43,15958,2885,2870,8318,10182,2883,8983,16300,15830,15651,,
6105196,D-TEM,dark,Arabika Temanggung Mukidi,B24,34,collecting,44,15945,2885,2872,8318,10182,2881,8984,16295,15825,15649,,
6106196,D-TEM,dark,Arabika Temanggung Mukidi,B24,34,collecting,45,15934,2890,2870,8318,10182,2883,8985,16291,15821,15647,,
6107196,D-TEM,dark,Arabika Temanggung Mukidi,B24,34,collecting,46,15922,2887,2870,8319,10181,2883,8986,16287,15817,15646,,
6108196,D-TEM,dark,Arabika Temanggung Mukidi,B24,34,collecting,47,15910,2883,2873,8319,10181,2881,8987,16283,15812,15644,,
6109196,D-TEM,dark,Arabika Temanggung Mukidi,B24,34,collecting,48,15898,2886,2866,8321,10181,2883,8988,16279,15809,15641,,
6110196,D-TEM,dark,Arabika Temanggung Mukidi,B24,34,collecting,49,15888,2890,2869,8321,10181,2879,8989,16276,15805,15640,,
6111196,D-TEM,dark,Arabika Temanggung Mukidi,B24,34,collecting,50,15878,2887,2871,8321,10181,2883,8990,16272,15802,15638,,
6112196,D-TEM,dark,Arabika Temanggung Mukidi,B24,34,collecting,51,15870,2888,2872,8321,10180,2883,8991,16269,15798,15637,,
6113197,D-TEM,dark,Arabika Temanggung Mukidi,B24,34,collecting,52,15862,2883,2870,8322,10181,2883,8992,16266,15796,15635,,
6114196,D-TEM,dark,Arabika Temanggung Mukidi,B24,34,collecting,53,15855,2888,2868,8323,10181,2881,8993,16263,15793,15635,,
6115196,D-TEM,dark,Arabika Temanggung Mukidi,B24,34,collecting,54,15849,2885,2870,8323,10182,2879,8994,16262,15791,15634,,
6116196,D-TEM,dark,Arabika Temanggung Mukidi,B24,34,collecting,55,15843,2887,2870,8324,10183,2883,8995,16260,15790,15633,,
6117196,D-TEM,dark,Arabika Temanggung Mukidi,B24,34,collecting,56,15838,2890,2871,8324,10183,2883,8996,16258,15788,15633,,
6118196,D-TEM,dark,Arabika Temanggung Mukidi,B24,34,collecting,57,15832,2887,2868,8325,10184,2881,8998,16257,15787,15632,,
6119196,D-TEM,dark,Arabika Temanggung Mukidi,B24,34,collecting,58,15825,2886,2871,8325,10185,2881,8998,16254,15785,15631,,
6120197,D-TEM,dark,Arabika Temanggung Mukidi,B24,34,collecting,59,15819,2887,2869,8326,10185,2883,9000,16252,15783,15631,,
6121196,D-TEM,dark,Arabika Temanggung Mukidi,B24,34,collecting,60,15811,2890,2870,8326,10185,2883,9001,16248,15781,15630,,
6122201,D-TEM,dark,Arabika Temanggung Mukidi,B24,35,purging,1,15804,2888,2870,8327,10185,2883,9001,16245,15778,15628,,
6123196,D-TEM,dark,Arabika Temanggung Mukidi,B24,35,purging,2,15797,2887,2869,8329,10188,2881,9004,16245,15777,15631,,
6124196,D-TEM,dark,Arabika Temanggung Mukidi,B24,35,purging,3,15768,2887,2870,8331,10190,2880,9009,16239,15772,15629,,
6125196,D-TEM,dark,Arabika Temanggung Mukidi,B24,35,purging,4,15716,2887,2873,8332,10189,2883,9014,16221,15761,15622,,
6126196,D-TEM,dark,Arabika Temanggung Mukidi,B24,35,purging,5,15649,2885,2872,8332,10186,2883,9021,16193,15741,15610,,
6127196,D-TEM,dark,Arabika Temanggung Mukidi,B24,35,purging,6,15574,2889,2869,8333,10180,2883,9028,16161,15717,15597,,
6128196,D-TEM,dark,Arabika Temanggung Mukidi,B24,35,purging,7,15496,2890,2869,8333,10174,2880,9033,16127,15690,15583,,
6129197,D-TEM,dark,Arabika Temanggung Mukidi,B24,35,purging,8,15418,2887,2869,8333,10167,2883,9038,16095,15662,15569,,
6130196,D-TEM,dark,Arabika Temanggung Mukidi,B24,35,purging,9,15341,2885,2869,8333,10161,2883,9042,16063,15635,15555,,
6131196,D-TEM,dark,Arabika Temanggung Mukidi,B24,35,purging,10,15268,2884,2866,8334,10155,2883,9045,16035,15609,15542,,
6132196,D-TEM,dark,Arabika Temanggung Mukidi,B24,35,purging,11,15199,2887,2869,8334,10148,2881,9048,16008,15585,15531,,
6133196,D-TEM,dark,Arabika Temanggung Mukidi,B24,35,purging,12,15135,2890,2871,8334,10142,2881,9050,15985,15562,15519,,
6134196,D-TEM,dark,Arabika Temanggung Mukidi,B24,35,purging,13,15074,2888,2868,8335,10136,2881,9051,15964,15542,15509,,
6135196,D-TEM,dark,Arabika Temanggung Mukidi,B24,35,purging,14,15019,2885,2870,8336,10132,2883,9053,15945,15523,15499,,
6136197,D-TEM,dark,Arabika Temanggung Mukidi,B24,35,purging,15,14969,2886,2871,8336,10127,2883,9055,15928,15505,15489,,
6137196,D-TEM,dark,Arabika Temanggung Mukidi,B24,35,purging,16,14922,2885,2871,8336,10123,2881,9055,15912,15490,15481,,
6138196,D-TEM,dark,Arabika Temanggung Mukidi,B24,35,purging,17,14878,2885,2868,8337,10119,2881,9055,15897,15475,15474,,
6139196,D-TEM,dark,Arabika Temanggung Mukidi,B24,35,purging,18,14839,2885,2869,8337,10115,2883,9056,15885,15462,15466,,
6140196,D-TEM,dark,Arabika Temanggung Mukidi,B24,35,purging,19,14803,2886,2870,8337,10112,2883,9057,15873,15449,15459,,
6141196,D-TEM,dark,Arabika Temanggung Mukidi,B24,35,purging,20,14769,2884,2870,8337,10109,2879,9057,15861,15438,15453,,
6142196,D-TEM,dark,Arabika Temanggung Mukidi,B24,35,purging,21,14738,2887,2867,8338,10105,2883,9057,15850,15426,15447,,
6143196,D-TEM,dark,Arabika Temanggung Mukidi,B24,35,purging,22,14709,2884,2867,8338,10102,2883,9057,15840,15416,15441,,
6144196,D-TEM,dark,Arabika Temanggung Mukidi,B24,35,purging,23,14682,2883,2869,8339,10098,2883,9058,15831,15406,15435,,
6145197,D-TEM,dark,Arabika Temanggung Mukidi,B24,35,purging,24,14657,2890,2871,8339,10096,2883,9058,15822,15396,15429,,
6146196,D-TEM,dark,Arabika Temanggung Mukidi,B24,35,purging,25,14633,2886,2867,8339,10092,2880,9058,15812,15387,15424,,
6147196,D-TEM,dark,Arabika Temanggung Mukidi,B24,35,purging,26,14611,2885,2868,8340,10089,2883,9059,15804,15378,15419,,
6148196,D-TEM,dark,Arabika Temanggung Mukidi,B24,35,purging,27,14591,2888,2871,8340,10086,2880,9059,15795,15368,15415,,
6149196,D-TEM,dark,Arabika Temanggung Mukidi,B24,35,purging,28,14572,2882,2866,8340,10084,2881,9059,15787,15360,15410,,
6150196,D-TEM,dark,Arabika Temanggung Mukidi,B24,35,purging,29,14554,2886,2866,8340,10080,2883,9059,15780,15351,15406,,
6151196,D-TEM,dark,Arabika Temanggung Mukidi,B24,35,purging,30,14537,2887,2866,8341,10077,2883,9059,15773,15344,15402,,
6152197,D-TEM,dark,Arabika Temanggung Mukidi,B24,35,purging,31,14521,2884,2868,8341,10074,2883,9059,15766,15337,15399,,
6153196,D-TEM,dark,Arabika Temanggung Mukidi,B24,35,purging,32,14506,2888,2870,8341,10072,2879,9059,15761,15330,15395,,
6154196,D-TEM,dark,Arabika Temanggung Mukidi,B24,35,purging,33,14493,2886,2868,8342,10070,2883,9060,15755,15323,15392,,
6155196,D-TEM,dark,Arabika Temanggung Mukidi,B24,35,purging,34,14480,2886,2866,8342,10068,2883,9060,15750,15317,15389,,
6156196,D-TEM,dark,Arabika Temanggung Mukidi,B24,35,purging,35,14469,2886,2868,8342,10067,2883,9060,15744,15311,15386,,
6157196,D-TEM,dark,Arabika Temanggung Mukidi,B24,35,purging,36,14457,2885,2870,8343,10065,2883,9060,15739,15306,15382,,
6158196,D-TEM,dark,Arabika Temanggung Mukidi,B24,35,purging,37,14447,2886,2870,8343,10062,2880,9060,15734,15301,15379,,
6159196,D-TEM,dark,Arabika Temanggung Mukidi,B24,35,purging,38,14436,2886,2868,8343,10061,2883,9060,15731,15295,15376,,
6160196,D-TEM,dark,Arabika Temanggung Mukidi,B24,35,purging,39,14425,2885,2870,8344,10059,2883,9060,15725,15290,15373,,
6161197,D-TEM,dark,Arabika Temanggung Mukidi,B24,35,purging,40,14416,2884,2868,8344,10057,2883,9060,15720,15285,15371,,
6162196,D-TEM,dark,Arabika Temanggung Mukidi,B24,35,purging,41,14407,2885,2870,8344,10054,2883,9059,15715,15280,15369,,
6163196,D-TEM,dark,Arabika Temanggung Mukidi,B24,35,purging,42,14398,2885,2867,8345,10053,2881,9059,15711,15275,15366,,
6164196,D-TEM,dark,Arabika Temanggung Mukidi,B24,35,purging,43,14391,2885,2869,8345,10052,2880,9060,15706,15271,15364,,
6165196,D-TEM,dark,Arabika Temanggung Mukidi,B24,35,purging,44,14383,2890,2868,8345,10050,2883,9060,15703,15267,15361,,
6166196,D-TEM,dark,Arabika Temanggung Mukidi,B24,35,purging,45,14376,2884,2868,8346,10048,2881,9059,15699,15262,15359,,
6167196,D-TEM,dark,Arabika Temanggung Mukidi,B24,35,purging,46,14369,2884,2868,8346,10046,2883,9060,15696,15258,15357,,
6168197,D-TEM,dark,Arabika Temanggung Mukidi,B24,35,purging,47,14363,2885,2868,8346,10045,2881,9060,15693,15254,15356,,
6169196,D-TEM,dark,Arabika Temanggung Mukidi,B24,35,purging,48,14356,2885,2871,8346,10043,2883,9060,15689,15249,15354,,
6170196,D-TEM,dark,Arabika Temanggung Mukidi,B24,35,purging,49,14350,2885,2869,8347,10041,2883,9060,15684,15246,15352,,
6171196,D-TEM,dark,Arabika Temanggung Mukidi,B24,35,purging,50,14345,2885,2871,8347,10040,2883,9059,15680,15242,15350,,
6172196,D-TEM,dark,Arabika Temanggung Mukidi,B24,35,purging,51,14339,2883,2866,8347,10038,2881,9059,15677,15239,15349,,
6173196,D-TEM,dark,Arabika Temanggung Mukidi,B24,35,purging,52,14334,2886,2872,8348,10037,2883,9059,15674,15235,15347,,
6174196,D-TEM,dark,Arabika Temanggung Mukidi,B24,35,purging,53,14329,2885,2872,8348,10036,2883,9060,15671,15232,15346,,
6175196,D-TEM,dark,Arabika Temanggung Mukidi,B24,35,purging,54,14323,2883,2869,8349,10035,2883,9060,15669,15229,15344,,
6176196,D-TEM,dark,Arabika Temanggung Mukidi,B24,35,purging,55,14319,2883,2868,8349,10033,2883,9060,15666,15226,15342,,
6177197,D-TEM,dark,Arabika Temanggung Mukidi,B24,35,purging,56,14314,2884,2869,8349,10032,2881,9060,15663,15222,15341,,
6178196,D-TEM,dark,Arabika Temanggung Mukidi,B24,35,purging,57,14310,2885,2868,8350,10031,2883,9060,15660,15219,15339,,
6179196,D-TEM,dark,Arabika Temanggung Mukidi,B24,35,purging,58,14306,2886,2871,8350,10029,2880,9060,15657,15217,15338,,
6180196,D-TEM,dark,Arabika Temanggung Mukidi,B24,35,purging,59,14301,2886,2868,8351,10028,2880,9060,15654,15214,15337,,
6181196,D-TEM,dark,Arabika Temanggung Mukidi,B24,35,purging,60,14298,2886,2868,8351,10027,2883,9060,15653,15212,15336,,
6182196,D-TEM,dark,Arabika Temanggung Mukidi,B24,35,purging,61,14294,2881,2868,8352,10026,2883,9060,15650,15209,15335,,
6183196,D-TEM,dark,Arabika Temanggung Mukidi,B24,35,purging,62,14291,2883,2866,8352,10025,2883,9060,15647,15208,15334,,
6184197,D-TEM,dark,Arabika Temanggung Mukidi,B24,35,purging,63,14289,2881,2870,8352,10023,2883,9059,15645,15205,15332,,
6185196,D-TEM,dark,Arabika Temanggung Mukidi,B24,35,purging,64,14285,2884,2870,8353,10022,2883,9060,15644,15203,15331,,
6186196,D-TEM,dark,Arabika Temanggung Mukidi,B24,35,purging,65,14281,2883,2866,8353,10021,2883,9060,15643,15201,15329,,
6187196,D-TEM,dark,Arabika Temanggung Mukidi,B24,35,purging,66,14277,2881,2868,8354,10020,2883,9059,15640,15199,15328,,
6188196,D-TEM,dark,Arabika Temanggung Mukidi,B24,35,purging,67,14273,2883,2871,8354,10019,2880,9059,15639,15197,15327,,
6189196,D-TEM,dark,Arabika Temanggung Mukidi,B24,35,purging,68,14269,2881,2866,8355,10017,2883,9059,15636,15194,15327,,
6190196,D-TEM,dark,Arabika Temanggung Mukidi,B24,35,purging,69,14267,2883,2870,8355,10016,2883,9059,15634,15192,15326,,
6191196,D-TEM,dark,Arabika Temanggung Mukidi,B24,35,purging,70,14264,2884,2869,8355,10015,2881,9059,15632,15189,15325,,
6192196,D-TEM,dark,Arabika Temanggung Mukidi,B24,35,purging,71,14261,2889,2868,8356,10013,2883,9059,15630,15188,15323,,
6193197,D-TEM,dark,Arabika Temanggung Mukidi,B24,35,purging,72,14258,2879,2871,8357,10013,2883,9060,15627,15186,15322,,
6194196,D-TEM,dark,Arabika Temanggung Mukidi,B24,35,purging,73,14255,2879,2869,8357,10012,2880,9059,15626,15184,15322,,
6195196,D-TEM,dark,Arabika Temanggung Mukidi,B24,35,purging,74,14252,2886,2868,8357,10011,2883,9059,15624,15182,15321,,
6196196,D-TEM,dark,Arabika Temanggung Mukidi,B24,35,purging,75,14250,2882,2866,8357,10010,2883,9059,15622,15179,15320,,
6197196,D-TEM,dark,Arabika Temanggung Mukidi,B24,35,purging,76,14248,2881,2870,8358,10009,2880,9059,15620,15178,15318,,
6198196,D-TEM,dark,Arabika Temanggung Mukidi,B24,35,purging,77,14245,2883,2868,8358,10008,2883,9058,15619,15176,15317,,
6199196,D-TEM,dark,Arabika Temanggung Mukidi,B24,35,purging,78,14243,2883,2868,8359,10007,2881,9057,15617,15175,15317,,
6200197,D-TEM,dark,Arabika Temanggung Mukidi,B24,35,purging,79,14241,2883,2868,8359,10005,2883,9057,15615,15173,15316,,
6201196,D-TEM,dark,Arabika Temanggung Mukidi,B24,35,purging,80,14239,2890,2870,8359,10003,2883,9057,15613,15171,15314,,
6202196,D-TEM,dark,Arabika Temanggung Mukidi,B24,35,purging,81,14238,2883,2870,8360,10002,2883,9056,15612,15169,15313,,
6203196,D-TEM,dark,Arabika Temanggung Mukidi,B24,35,purging,82,14235,2882,2870,8360,10000,2883,9056,15610,15167,15311,,
6204196,D-TEM,dark,Arabika Temanggung Mukidi,B24,35,purging,83,14233,2884,2869,8361,9999,2883,9055,15608,15165,15311,,
6205196,D-TEM,dark,Arabika Temanggung Mukidi,B24,35,purging,84,14231,2884,2870,8361,9997,2880,9055,15607,15162,15309,,
6206196,D-TEM,dark,Arabika Temanggung Mukidi,B24,35,purging,85,14228,2882,2868,8361,9995,2883,9054,15605,15160,15308,,
6207196,D-TEM,dark,Arabika Temanggung Mukidi,B24,35,purging,86,14227,2885,2870,8362,9993,2883,9052,15603,15157,15305,,
6208196,D-TEM,dark,Arabika Temanggung Mukidi,B24,35,purging,87,14226,2888,2868,8362,9991,2883,9051,15600,15154,15303,,
6209197,D-TEM,dark,Arabika Temanggung Mukidi,B24,35,purging,88,14223,2883,2870,8363,9988,2883,9049,15598,15151,15301,,
6210196,D-TEM,dark,Arabika Temanggung Mukidi,B24,35,purging,89,14223,2881,2868,8363,9985,2883,9047,15595,15148,15299,,
6211196,D-TEM,dark,Arabika Temanggung Mukidi,B24,35,purging,90,14221,2881,2866,8364,9983,2883,9045,15592,15145,15296,,
6212196,D-TEM,dark,Arabika Temanggung Mukidi,B24,35,purging,91,14221,2882,2868,8364,9980,2883,9043,15589,15142,15294,,
6213196,D-TEM,dark,Arabika Temanggung Mukidi,B24,35,purging,92,14220,2884,2870,8364,9978,2883,9042,15588,15140,15293,,
6214196,D-TEM,dark,Arabika Temanggung Mukidi,B24,35,purging,93,14219,2886,2870,8365,9975,2880,9040,15586,15137,15291,,
6215196,D-TEM,dark,Arabika Temanggung Mukidi,B24,35,purging,94,14218,2879,2866,8365,9973,2883,9039,15585,15135,15290,,
6216197,D-TEM,dark,Arabika Temanggung Mukidi,B24,35,purging,95,14216,2886,2866,8365,9971,2881,9038,15583,15132,15288,,
6217196,D-TEM,dark,Arabika Temanggung Mukidi,B24,35,purging,96,14215,2882,2870,8366,9969,2880,9037,15582,15130,15285,,
6218196,D-TEM,dark,Arabika Temanggung Mukidi,B24,35,purging,97,14215,2881,2866,8366,9967,2883,9035,15580,15128,15283,,
6219196,D-TEM,dark,Arabika Temanggung Mukidi,B24,35,purging,98,14214,2881,2868,8366,9965,2883,9032,15579,15125,15281,,
6220196,D-TEM,dark,Arabika Temanggung Mukidi,B24,35,purging,99,14213,2885,2868,8366,9962,2883,9031,15578,15123,15279,,
6221196,D-TEM,dark,Arabika Temanggung Mukidi,B24,35,purging,100,14212,2884,2868,8367,9960,2883,9029,15575,15120,15277,,
6222196,D-TEM,dark,Arabika Temanggung Mukidi,B24,35,purging,101,14212,2882,2866,8367,9956,2880,9027,15573,15117,15274,,
6223196,D-TEM,dark,Arabika Temanggung Mukidi,B24,35,purging,102,14212,2886,2868,8367,9952,2883,9024,15571,15114,15270,,
6224196,D-TEM,dark,Arabika Temanggung Mukidi,B24,35,purging,103,14211,2884,2866,8368,9948,2883,9020,15569,15109,15265,,
6225197,D-TEM,dark,Arabika Temanggung Mukidi,B24,35,purging,104,14211,2883,2868,8368,9942,2883,9016,15566,15105,15261,,
6226196,D-TEM,dark,Arabika Temanggung Mukidi,B24,35,purging,105,14211,2886,2866,8368,9937,2880,9011,15562,15100,15257,,
6227196,D-TEM,dark,Arabika Temanggung Mukidi,B24,35,purging,106,14210,2883,2868,8369,9932,2883,9007,15558,15095,15253,,
6228196,D-TEM,dark,Arabika Temanggung Mukidi,B24,35,purging,107,14211,2881,2870,8368,9926,2883,9002,15554,15090,15247,,
6229196,D-TEM,dark,Arabika Temanggung Mukidi,B24,35,purging,108,14211,2883,2868,8369,9920,2881,8997,15551,15084,15242,,
6230196,D-TEM,dark,Arabika Temanggung Mukidi,B24,35,purging,109,14211,2882,2871,8369,9913,2883,8991,15547,15078,15238,,
6231196,D-TEM,dark,Arabika Temanggung Mukidi,B24,35,purging,110,14211,2884,2868,8369,9907,2883,8986,15544,15072,15233,,
6232197,D-TEM,dark,Arabika Temanggung Mukidi,B24,35,purging,111,14211,2883,2866,8369,9900,2883,8982,15541,15066,15228,,
6233196,D-TEM,dark,Arabika Temanggung Mukidi,B24,35,purging,112,14211,2879,2868,8370,9893,2883,8978,15538,15059,15222,,
6234196,D-TEM,dark,Arabika Temanggung Mukidi,B24,35,purging,113,14210,2884,2868,8369,9887,2883,8972,15534,15052,15218,,
6235196,D-TEM,dark,Arabika Temanggung Mukidi,B24,35,purging,114,14210,2881,2869,8369,9881,2880,8968,15532,15046,15214,,
6236196,D-TEM,dark,Arabika Temanggung Mukidi,B24,35,purging,115,14209,2885,2866,8369,9874,2883,8965,15529,15040,15210,,
6237196,D-TEM,dark,Arabika Temanggung Mukidi,B24,35,purging,116,14209,2881,2866,8370,9869,2883,8961,15525,15034,15207,,
6238196,D-TEM,dark,Arabika Temanggung Mukidi,B24,35,purging,117,14209,2882,2869,8370,9864,2883,8958,15523,15029,15203,,
6239196,D-TEM,dark,Arabika Temanggung Mukidi,B24,35,purging,118,14208,2881,2869,8369,9859,2883,8955,15521,15024,15197,,
6240196,D-TEM,dark,Arabika Temanggung Mukidi,B24,35,purging,119,14208,2884,2868,8369,9853,2883,8950,15518,15018,15192,,
6241197,D-TEM,dark,Arabika Temanggung Mukidi,B24,35,purging,120,14209,2882,2869,8369,9848,2883,8946,15515,15012,15188,,
6242200,D-TEM,dark,Arabika Temanggung Mukidi,B24,35,collecting,1,14210,2884,2870,8369,9843,2880,8942,15512,15007,15186,,
6243196,D-TEM,dark,Arabika Temanggung Mukidi,B24,35,collecting,2,14211,2880,2866,8367,9836,2880,8938,15509,15002,15181,,
6244196,D-TEM,dark,Arabika Temanggung Mukidi,B24,35,collecting,3,14305,2884,2869,8366,9838,2880,8940,15518,15005,15205,,
6245196,D-TEM,dark,Arabika Temanggung Mukidi,B24,35,collecting,4,14529,2886,2868,8366,9865,2881,8950,15579,15051,15251,,
6246196,D-TEM,dark,Arabika Temanggung Mukidi,B24,35,collecting,5,14804,2884,2872,8366,9909,2880,8960,15693,15138,15306,,
6247196,D-TEM,dark,Arabika Temanggung Mukidi,B24,35,collecting,6,15070,2886,2866,8366,9954,2883,8964,15813,15242,15361,,
6248197,D-TEM,dark,Arabika Temanggung Mukidi,B24,35,collecting,7,15304,2884,2869,8366,9995,2883,8965,15926,15346,15412,,
6249196,D-TEM,dark,Arabika Temanggung Mukidi,B24,35,collecting,8,15501,2884,2869,8366,10029,2883,8962,16021,15442,15456,,
6250196,D-TEM,dark,Arabika Temanggung Mukidi,B24,35,collecting,9,15663,2884,2871,8367,10056,2883,8959,16099,15525,15493,,
6251196,D-TEM,dark,Arabika Temanggung Mukidi,B24,35,collecting,10,15796,2882,2868,8367,10078,2880,8956,16163,15597,15523,,
6252196,D-TEM,dark,Arabika Temanggung Mukidi,B24,35,collecting,11,15903,2884,2868,8366,10094,2883,8953,16211,15656,15549,,
6253196,D-TEM,dark,Arabika Temanggung Mukidi,B24,35,collecting,12,15988,2884,2868,8367,10108,2881,8950,16252,15705,15570,,
6254196,D-TEM,dark,Arabika Temanggung Mukidi,B24,35,collecting,13,16056,2884,2866,8367,10119,2883,8947,16283,15744,15586,,
6255196,D-TEM,dark,Arabika Temanggung Mukidi,B24,35,collecting,14,16110,2885,2868,8366,10127,2883,8944,16307,15776,15600,,
6256196,D-TEM,dark,Arabika Temanggung Mukidi,B24,35,collecting,15,16152,2885,2868,8366,10134,2883,8942,16325,15801,15610,,
6257197,D-TEM,dark,Arabika Temanggung Mukidi,B24,35,collecting,16,16184,2886,2866,8366,10139,2883,8940,16339,15822,15618,,
6258196,D-TEM,dark,Arabika Temanggung Mukidi,B24,35,collecting,17,16207,2886,2872,8366,10143,2883,8938,16349,15837,15625,,
6259196,D-TEM,dark,Arabika Temanggung Mukidi,B24,35,collecting,18,16223,2883,2869,8365,10146,2883,8935,16356,15848,15629,,
6260196,D-TEM,dark,Arabika Temanggung Mukidi,B24,35,collecting,19,16235,2888,2866,8366,10147,2883,8934,16361,15857,15632,,
6261196,D-TEM,dark,Arabika Temanggung Mukidi,B24,35,collecting,20,16241,2885,2866,8366,10148,2881,8932,16364,15862,15635,,
6262196,D-TEM,dark,Arabika Temanggung Mukidi,B24,35,collecting,21,16243,2886,2870,8365,10148,2883,8931,16364,15866,15636,,
6263196,D-TEM,dark,Arabika Temanggung Mukidi,B24,35,collecting,22,16241,2886,2866,8365,10147,2883,8928,16363,15867,15635,,
6264197,D-TEM,dark,Arabika Temanggung Mukidi,B24,35,collecting,23,16237,2885,2871,8365,10147,2883,8927,16362,15867,15635,,
6265196,D-TEM,dark,Arabika Temanggung Mukidi,B24,35,collecting,24,16231,2882,2871,8364,10145,2880,8926,16359,15865,15633,,
6266196,D-TEM,dark,Arabika Temanggung Mukidi,B24,35,collecting,25,16223,2885,2866,8364,10144,2883,8925,16356,15862,15633,,
6267196,D-TEM,dark,Arabika Temanggung Mukidi,B24,35,collecting,26,16214,2885,2868,8364,10142,2881,8923,16352,15859,15630,,
6268196,D-TEM,dark,Arabika Temanggung Mukidi,B24,35,collecting,27,16204,2886,2871,8364,10140,2881,8922,16347,15854,15628,,
6269196,D-TEM,dark,Arabika Temanggung Mukidi,B24,35,collecting,28,16192,2887,2871,8364,10138,2879,8921,16342,15849,15625,,
6270196,D-TEM,dark,Arabika Temanggung Mukidi,B24,35,collecting,29,16179,2889,2868,8364,10135,2880,8920,16338,15844,15621,,
6271196,D-TEM,dark,Arabika Temanggung Mukidi,B24,35,collecting,30,16166,2886,2868,8364,10133,2878,8918,16333,15838,15618,,
6272196,D-TEM,dark,Arabika Temanggung Mukidi,B24,35,collecting,31,16154,2888,2870,8364,10130,2880,8917,16328,15832,15615,,
6273197,D-TEM,dark,Arabika Temanggung Mukidi,B24,35,collecting,32,16141,2885,2868,8364,10127,2881,8916,16322,15826,15612,,
6274196,D-TEM,dark,Arabika Temanggung Mukidi,B24,35,collecting,33,16128,2884,2868,8364,10124,2883,8915,16317,15819,15608,,
6275196,D-TEM,dark,Arabika Temanggung Mukidi,B24,35,collecting,34,16114,2886,2868,8363,10121,2883,8915,16311,15813,15605,,
6276196,D-TEM,dark,Arabika Temanggung Mukidi,B24,35,collecting,35,16101,2890,2868,8364,10119,2883,8914,16306,15806,15601,,
6277196,D-TEM,dark,Arabika Temanggung Mukidi,B24,35,collecting,36,16088,2887,2869,8364,10116,2883,8914,16301,15800,15598,,
6278196,D-TEM,dark,Arabika Temanggung Mukidi,B24,35,collecting,37,16074,2883,2870,8363,10114,2880,8913,16296,15794,15594,,
6279196,D-TEM,dark,Arabika Temanggung Mukidi,B24,35,collecting,38,16060,2890,2871,8363,10112,2883,8913,16291,15787,15590,,
6280197,D-TEM,dark,Arabika Temanggung Mukidi,B24,35,collecting,39,16045,2888,2865,8364,10109,2881,8912,16284,15780,15585,,
6281196,D-TEM,dark,Arabika Temanggung Mukidi,B24,35,collecting,40,16030,2890,2868,8364,10106,2881,8912,16277,15773,15581,,
6282196,D-TEM,dark,Arabika Temanggung Mukidi,B24,35,collecting,41,16015,2885,2870,8363,10103,2880,8911,16271,15766,15578,,
6283196,D-TEM,dark,Arabika Temanggung Mukidi,B24,35,collecting,42,16001,2890,2866,8364,10101,2881,8912,16265,15758,15574,,
6284196,D-TEM,dark,Arabika Temanggung Mukidi,B24,35,collecting,43,15987,2888,2868,8363,10099,2883,8911,16258,15752,15571,,
6285196,D-TEM,dark,Arabika Temanggung Mukidi,B24,35,collecting,44,15974,2890,2870,8364,10096,2881,8911,16253,15744,15566,,
6286196,D-TEM,dark,Arabika Temanggung Mukidi,B24,35,collecting,45,15960,2890,2871,8364,10094,2883,8911,16247,15738,15562,,
6287196,D-TEM,dark,Arabika Temanggung Mukidi,B24,35,collecting,46,15947,2887,2870,8363,10093,2883,8911,16242,15732,15559,,
6288196,D-TEM,dark,Arabika Temanggung Mukidi,B24,35,collecting,47,15934,2886,2871,8364,10090,2883,8911,16238,15726,15556,,
6289197,D-TEM,dark,Arabika Temanggung Mukidi,B24,35,collecting,48,15923,2884,2870,8364,10089,2883,8911,16232,15721,15552,,
6290196,D-TEM,dark,Arabika Temanggung Mukidi,B24,35,collecting,49,15911,2884,2870,8364,10087,2883,8910,16227,15715,15548,,
6291196,D-TEM,dark,Arabika Temanggung Mukidi,B24,35,collecting,50,15900,2884,2868,8363,10086,2883,8910,16223,15709,15546,,
6292196,D-TEM,dark,Arabika Temanggung Mukidi,B24,35,collecting,51,15890,2884,2870,8364,10084,2883,8910,16218,15704,15543,,
6293196,D-TEM,dark,Arabika Temanggung Mukidi,B24,35,collecting,52,15881,2887,2871,8364,10083,2883,8910,16215,15700,15541,,
6294196,D-TEM,dark,Arabika Temanggung Mukidi,B24,35,collecting,53,15873,2884,2868,8364,10082,2883,8911,16211,15695,15539,,
6295196,D-TEM,dark,Arabika Temanggung Mukidi,B24,35,collecting,54,15866,2885,2868,8364,10081,2883,8910,16208,15692,15536,,
6296197,D-TEM,dark,Arabika Temanggung Mukidi,B24,35,collecting,55,15860,2884,2868,8364,10079,2883,8910,16205,15687,15534,,
6297196,D-TEM,dark,Arabika Temanggung Mukidi,B24,35,collecting,56,15853,2885,2870,8364,10078,2883,8909,16203,15685,15532,,
6298196,D-TEM,dark,Arabika Temanggung Mukidi,B24,35,collecting,57,15848,2887,2866,8364,10077,2883,8909,16201,15681,15529,,
6299196,D-TEM,dark,Arabika Temanggung Mukidi,B24,35,collecting,58,15842,2885,2868,8364,10076,2883,8909,16199,15678,15527,,
6300196,D-TEM,dark,Arabika Temanggung Mukidi,B24,35,collecting,59,15837,2886,2871,8364,10074,2883,8908,16196,15674,15525,,
6301196,D-TEM,dark,Arabika Temanggung Mukidi,B24,35,collecting,60,15832,2885,2870,8364,10072,2880,8908,16193,15672,15523,,
6302200,D-TEM,dark,Arabika Temanggung Mukidi,B24,36,purging,1,15827,2884,2868,8364,10071,2883,8906,16190,15668,15520,,
6303196,D-TEM,dark,Arabika Temanggung Mukidi,B24,36,purging,2,15821,2887,2870,8366,10072,2883,8908,16189,15665,15520,,
6304196,D-TEM,dark,Arabika Temanggung Mukidi,B24,36,purging,3,15794,2884,2868,8367,10070,2883,8908,16182,15659,15509,,
6305197,D-TEM,dark,Arabika Temanggung Mukidi,B24,36,purging,4,15745,2886,2867,8368,10061,2883,8904,16161,15642,15490,,
6306196,D-TEM,dark,Arabika Temanggung Mukidi,B24,36,purging,5,15683,2885,2871,8368,10048,2883,8899,16128,15615,15470,,
6307196,D-TEM,dark,Arabika Temanggung Mukidi,B24,36,purging,6,15613,2885,2870,8367,10032,2883,8894,16092,15583,15448,,
6308196,D-TEM,dark,Arabika Temanggung Mukidi,B24,36,purging,7,15540,2886,2868,8367,10014,2880,8889,16055,15548,15427,,
6309196,D-TEM,dark,Arabika Temanggung Mukidi,B24,36,purging,8,15467,2884,2868,8366,9998,2883,8885,16019,15512,15406,,
6310196,D-TEM,dark,Arabika Temanggung Mukidi,B24,36,purging,9,15396,2884,2867,8366,9983,2883,8881,15985,15478,15388,,
6311196,D-TEM,dark,Arabika Temanggung Mukidi,B24,36,purging,10,15327,2888,2866,8366,9968,2883,8878,15954,15445,15369,,
6312197,D-TEM,dark,Arabika Temanggung Mukidi,B24,36,purging,11,15261,2885,2868,8365,9955,2883,8876,15926,15414,15353,,
6313196,D-TEM,dark,Arabika Temanggung Mukidi,B24,36,purging,12,15199,2885,2872,8365,9943,2881,8874,15900,15386,15338,,
6314196,D-TEM,dark,Arabika Temanggung Mukidi,B24,36,purging,13,15141,2890,2869,8364,9933,2880,8873,15878,15359,15324,,
6315196,D-TEM,dark,Arabika Temanggung Mukidi,B24,36,purging,14,15087,2884,2871,8364,9923,2883,8871,15857,15335,15311,,
6316196,D-TEM,dark,Arabika Temanggung Mukidi,B24,36,purging,15,15036,2884,2870,8363,9914,2883,8870,15839,15312,15299,,
6317196,D-TEM,dark,Arabika Temanggung Mukidi,B24,36,purging,16,14989,2887,2870,8362,9906,2883,8870,15822,15292,15288,,
6318196,D-TEM,dark,Arabika Temanggung Mukidi,B24,36,purging,17,14947,2884,2870,8362,9899,2883,8869,15806,15273,15279,,
6319196,D-TEM,dark,Arabika Temanggung Mukidi,B24,36,purging,18,14907,2882,2868,8362,9892,2880,8869,15792,15255,15271,,
6320196,D-TEM,dark,Arabika Temanggung Mukidi,B24,36,purging,19,14870,2882,2866,8361,9887,2883,8870,15779,15240,15263,,
6321197,D-TEM,dark,Arabika Temanggung Mukidi,B24,36,purging,20,14836,2884,2871,8361,9882,2883,8871,15768,15225,15256,,
6322196,D-TEM,dark,Arabika Temanggung Mukidi,B24,36,purging,21,14805,2886,2866,8360,9878,2879,8872,15756,15212,15250,,
6323196,D-TEM,dark,Arabika Temanggung Mukidi,B24,36,purging,22,14777,2885,2871,8359,9874,2883,8873,15746,15199,15242,,
6324196,D-TEM,dark,Arabika Temanggung Mukidi,B24,36,purging,23,14750,2884,2868,8359,9869,2883,8873,15736,15187,15236,,
6325196,D-TEM,dark,Arabika Temanggung Mukidi,B24,36,purging,24,14725,2888,2871,8358,9865,2883,8873,15727,15176,15229,,
6326196,D-TEM,dark,Arabika Temanggung Mukidi,B24,36,purging,25,14702,2884,2868,8358,9861,2883,8872,15717,15164,15222,,
6327196,D-TEM,dark,Arabika Temanggung Mukidi,B24,36,purging,26,14680,2885,2866,8358,9856,2883,8871,15709,15153,15216,,
6328197,D-TEM,dark,Arabika Temanggung Mukidi,B24,36,purging,27,14660,2886,2871,8357,9852,2879,8870,15701,15143,15209,,
6329196,D-TEM,dark,Arabika Temanggung Mukidi,B24,36,purging,28,14641,2887,2871,8357,9848,2883,8868,15692,15133,15204,,
6330196,D-TEM,dark,Arabika Temanggung Mukidi,B24,36,purging,29,14623,2885,2866,8356,9844,2883,8868,15685,15122,15198,,
6331196,D-TEM,dark,Arabika Temanggung Mukidi,B24,36,purging,30,14607,2885,2871,8356,9839,2883,8866,15676,15113,15193,,
6332196,D-TEM,dark,Arabika Temanggung Mukidi,B24,36,purging,31,14592,2890,2866,8355,9835,2880,8866,15669,15103,15187,,
6333196,D-TEM,dark,Arabika Temanggung Mukidi,B24,36,purging,32,14578,2888,2867,8355,9830,2881,8864,15662,15094,15181,,
6334196,D-TEM,dark,Arabika Temanggung Mukidi,B24,36,purging,33,14565,2884,2868,8355,9826,2881,8862,15655,15085,15174,,
6335196,D-TEM,dark,Arabika Temanggung Mukidi,B24,36,purging,34,14553,2884,2867,8354,9820,2883,8858,15648,15076,15167,,
6336196,D-TEM,dark,Arabika Temanggung Mukidi,B24,36,purging,35,14542,2886,2869,8354,9814,2883,8855,15641,15067,15161,,
6337197,D-TEM,dark,Arabika Temanggung Mukidi,B24,36,purging,36,14532,2885,2871,8353,9808,2883,8852,15634,15057,15154,,
6338196,D-TEM,dark,Arabika Temanggung Mukidi,B24,36,purging,37,14522,2887,2868,8353,9802,2881,8848,15628,15048,15149,,
6339196,D-TEM,dark,Arabika Temanggung Mukidi,B24,36,purging,38,14513,2885,2866,8352,9796,2883,8846,15621,15039,15144,,
6340196,D-TEM,dark,Arabika Temanggung Mukidi,B24,36,purging,39,14504,2887,2870,8352,9791,2883,8844,15616,15030,15138,,
6341196,D-TEM,dark,Arabika Temanggung Mukidi,B24,36,purging,40,14496,2888,2870,8351,9786,2880,8842,15609,15022,15133,,
6342196,D-TEM,dark,Arabika Temanggung Mukidi,B24,36,purging,41,14488,2884,2869,8351,9781,2883,8839,15604,15014,15127,,
6343196,D-TEM,dark,Arabika Temanggung Mukidi,B24,36,purging,42,14481,2885,2866,8350,9775,2883,8836,15598,15005,15121,,
6344197,D-TEM,dark,Arabika Temanggung Mukidi,B24,36,purging,43,14474,2886,2869,8350,9769,2883,8833,15592,14997,15115,,
6345196,D-TEM,dark,Arabika Temanggung Mukidi,B24,36,purging,44,14467,2884,2871,8349,9764,2883,8830,15586,14989,15110,,
6346196,D-TEM,dark,Arabika Temanggung Mukidi,B24,36,purging,45,14461,2885,2868,8349,9759,2883,8827,15582,14982,15106,,
6347196,D-TEM,dark,Arabika Temanggung Mukidi,B24,36,purging,46,14455,2884,2870,8348,9754,2883,8825,15578,14974,15101,,
6348196,D-TEM,dark,Arabika Temanggung Mukidi,B24,36,purging,47,14448,2883,2867,8348,9749,2883,8823,15573,14967,15098,,
6349196,D-TEM,dark,Arabika Temanggung Mukidi,B24,36,purging,48,14442,2884,2870,8347,9745,2881,8822,15570,14960,15094,,
6350196,D-TEM,dark,Arabika Temanggung Mukidi,B24,36,purging,49,14437,2888,2868,8347,9741,2879,8821,15566,14954,15091,,
6351196,D-TEM,dark,Arabika Temanggung Mukidi,B24,36,purging,50,14431,2885,2870,8346,9738,2880,8820,15562,14948,15089,,
6352196,D-TEM,dark,Arabika Temanggung Mukidi,B24,36,purging,51,14426,2888,2870,8346,9735,2881,8820,15559,14943,15087,,
6353197,D-TEM,dark,Arabika Temanggung Mukidi,B24,36,purging,52,14421,2885,2870,8346,9733,2883,8820,15556,14939,15084,,
6354196,D-TEM,dark,Arabika Temanggung Mukidi,B24,36,purging,53,14416,2886,2869,8345,9730,2883,8819,15554,14934,15081,,
6355196,D-TEM,dark,Arabika Temanggung Mukidi,B24,36,purging,54,14411,2885,2869,8345,9727,2881,8819,15551,14930,15079,,
6356196,D-TEM,dark,Arabika Temanggung Mukidi,B24,36,purging,55,14407,2885,2868,8345,9725,2879,8819,15548,14925,15076,,
6357196,D-TEM,dark,Arabika Temanggung Mukidi,B24,36,purging,56,14402,2885,2868,8344,9723,2883,8818,15545,14920,15074,,
6358196,D-TEM,dark,Arabika Temanggung Mukidi,B24,36,purging,57,14397,2884,2868,8343,9720,2883,8817,15542,14916,15071,,
6359196,D-TEM,dark,Arabika Temanggung Mukidi,B24,36,purging,58,14394,2888,2868,8343,9718,2883,8815,15538,14912,15068,,
6360197,D-TEM,dark,Arabika Temanggung Mukidi,B24,36,purging,59,14391,2887,2868,8342,9714,2883,8815,15536,14908,15066,,
6361196,D-TEM,dark,Arabika Temanggung Mukidi,B24,36,purging,60,14388,2887,2870,8342,9712,2883,8814,15533,14904,15064,,
6362196,D-TEM,dark,Arabika Temanggung Mukidi,B24,36,purging,61,14384,2890,2870,8342,9710,2883,8813,15531,14900,15062,,
6363196,D-TEM,dark,Arabika Temanggung Mukidi,B24,36,purging,62,14381,2888,2871,8341,9708,2883,8813,15529,14896,15059,,
6364196,D-TEM,dark,Arabika Temanggung Mukidi,B24,36,purging,63,14377,2888,2871,8340,9706,2883,8812,15526,14892,15056,,
6365196,D-TEM,dark,Arabika Temanggung Mukidi,B24,36,purging,64,14374,2890,2870,8340,9703,2883,8811,15524,14888,15055,,
6366196,D-TEM,dark,Arabika Temanggung Mukidi,B24,36,purging,65,14371,2884,2868,8340,9701,2881,8810,15521,14885,15053,,
6367196,D-TEM,dark,Arabika Temanggung Mukidi,B24,36,purging,66,14368,2885,2870,8339,9698,2883,8809,15520,14881,15050,,
6368196,D-TEM,dark,Arabika Temanggung Mukidi,B24,36,purging,67,14364,2883,2870,8338,9696,2883,8808,15517,14878,15049,,
6369197,D-TEM,dark,Arabika Temanggung Mukidi,B24,36,purging,68,14362,2885,2870,8338,9694,2883,8807,15516,14875,15047,,
6370196,D-TEM,dark,Arabika Temanggung Mukidi,B24,36,purging,69,14359,2888,2871,8338,9692,2883,8807,15513,14872,15045,,
6371196,D-TEM,dark,Arabika Temanggung Mukidi,B24,36,purging,70,14356,2884,2871,8337,9690,2881,8806,15511,14868,15042,,
6372196,D-TEM,dark,Arabika Temanggung Mukidi,B24,36,purging,71,14354,2890,2868,8336,9686,2883,8804,15508,14864,15039,,
6373196,D-TEM,dark,Arabika Temanggung Mukidi,B24,36,purging,72,14351,2890,2868,8336,9682,2881,8802,15506,14860,15036,,
6374196,D-TEM,dark,Arabika Temanggung Mukidi,B24,36,purging,73,14349,2885,2870,8336,9679,2883,8800,15503,14856,15033,,
6375196,D-TEM,dark,Arabika Temanggung Mukidi,B24,36,purging,74,14347,2887,2869,8335,9675,2879,8798,15500,14851,15030,,
6376197,D-TEM,dark,Arabika Temanggung Mukidi,B24,36,purging,75,14345,2884,2869,8335,9671,2883,8795,15497,14847,15027,,
6377196,D-TEM,dark,Arabika Temanggung Mukidi,B24,36,purging,76,14343,2885,2869,8334,9668,2879,8793,15494,14842,15024,,
6378196,D-TEM,dark,Arabika Temanggung Mukidi,B24,36,purging,77,14342,2884,2866,8334,9665,2883,8792,15491,14838,15021,,
6379196,D-TEM,dark,Arabika Temanggung Mukidi,B24,36,purging,78,14341,2884,2868,8334,9662,2883,8790,15488,14834,15019,,
6380196,D-TEM,dark,Arabika Temanggung Mukidi,B24,36,purging,79,14339,2887,2869,8333,9658,2879,8789,15486,14830,15017,,
6381196,D-TEM,dark,Arabika Temanggung Mukidi,B24,36,purging,80,14338,2890,2868,8332,9655,2881,8787,15484,14826,15015,,
6382196,D-TEM,dark,Arabika Temanggung Mukidi,B24,36,purging,81,14336,2883,2870,8332,9652,2883,8786,15482,14822,15012,,
6383196,D-TEM,dark,Arabika Temanggung Mukidi,B24,36,purging,82,14334,2885,2868,8331,9649,2881,8785,15480,14819,15011,,
6384196,D-TEM,dark,Arabika Temanggung Mukidi,B24,36,purging,83,14331,2887,2871,8331,9646,2883,8784,15478,14815,15008,,
6385197,D-TEM,dark,Arabika Temanggung Mukidi,B24,36,purging,84,14330,2885,2872,8330,9643,2883,8783,15477,14812,15007,,
6386196,D-TEM,dark,Arabika Temanggung Mukidi,B24,36,purging,85,14327,2889,2872,8330,9641,2880,8782,15474,14809,15005,,
6387196,D-TEM,dark,Arabika Temanggung Mukidi,B24,36,purging,86,14326,2887,2868,8330,9639,2883,8782,15472,14806,15004,,
6388196,D-TEM,dark,Arabika Temanggung Mukidi,B24,36,purging,87,14324,2885,2867,8329,9636,2880,8781,15471,14803,15001,,
6389196,D-TEM,dark,Arabika Temanggung Mukidi,B24,36,purging,88,14322,2887,2868,8329,9634,2883,8780,15470,14800,14999,,
6390196,D-TEM,dark,Arabika Temanggung Mukidi,B24,36,purging,89,14320,2886,2870,8328,9631,2883,8780,15469,14797,14998,,
6391196,D-TEM,dark,Arabika Temanggung Mukidi,B24,36,purging,90,14319,2885,2872,8328,9630,2883,8779,15467,14795,14997,,
6392197,D-TEM,dark,Arabika Temanggung Mukidi,B24,36,purging,91,14317,2890,2866,8327,9628,2883,8779,15465,14792,14995,,
6393196,D-TEM,dark,Arabika Temanggung Mukidi,B24,36,purging,92,14314,2885,2868,8327,9627,2883,8778,15464,14790,14994,,
6394196,D-TEM,dark,Arabika Temanggung Mukidi,B24,36,purging,93,14313,2885,2872,8326,9624,2883,8777,15461,14786,14992,,
6395196,D-TEM,dark,Arabika Temanggung Mukidi,B24,36,purging,94,14311,2887,2866,8326,9622,2883,8776,15459,14782,14989,,
6396196,D-TEM,dark,Arabika Temanggung Mukidi,B24,36,purging,95,14309,2888,2874,8325,9619,2881,8775,15457,14779,14987,,
6397196,D-TEM,dark,Arabika Temanggung Mukidi,B24,36,purging,96,14307,2888,2870,8325,9617,2883,8773,15455,14776,14986,,
6398196,D-TEM,dark,Arabika Temanggung Mukidi,B24,36,purging,97,14305,2890,2870,8325,9615,2883,8773,15454,14773,14985,,
6399196,D-TEM,dark,Arabika Temanggung Mukidi,B24,36,purging,98,14304,2888,2871,8324,9612,2883,8772,15453,14770,14983,,
6400196,D-TEM,dark,Arabika Temanggung Mukidi,B24,36,purging,99,14302,2886,2868,8324,9611,2881,8772,15451,14768,14982,,
6401197,D-TEM,dark,Arabika Temanggung Mukidi,B24,36,purging,100,14301,2890,2871,8323,9609,2881,8772,15450,14765,14981,,
6402196,D-TEM,dark,Arabika Temanggung Mukidi,B24,36,purging,101,14299,2888,2866,8323,9609,2883,8772,15448,14764,14981,,
6403196,D-TEM,dark,Arabika Temanggung Mukidi,B24,36,purging,102,14297,2884,2872,8322,9609,2883,8772,15447,14762,14981,,
6404196,D-TEM,dark,Arabika Temanggung Mukidi,B24,36,purging,103,14295,2890,2869,8322,9608,2883,8773,15447,14761,14981,,
6405196,D-TEM,dark,Arabika Temanggung Mukidi,B24,36,purging,104,14294,2890,2872,8322,9608,2883,8774,15447,14761,14983,,
6406196,D-TEM,dark,Arabika Temanggung Mukidi,B24,36,purging,105,14293,2885,2870,8321,9608,2881,8777,15447,14761,14984,,
6407196,D-TEM,dark,Arabika Temanggung Mukidi,B24,36,purging,106,14292,2890,2870,8321,9610,2879,8778,15447,14761,14984,,
6408197,D-TEM,dark,Arabika Temanggung Mukidi,B24,36,purging,107,14292,2888,2870,8320,9610,2883,8780,15447,14761,14985,,
6409196,D-TEM,dark,Arabika Temanggung Mukidi,B24,36,purging,108,14291,2886,2870,8320,9611,2883,8782,15448,14762,14986,,
6410196,D-TEM,dark,Arabika Temanggung Mukidi,B24,36,purging,109,14290,2885,2868,8320,9613,2883,8784,15449,14763,14987,,
6411196,D-TEM,dark,Arabika Temanggung Mukidi,B24,36,purging,110,14289,2888,2870,8320,9614,2883,8785,15449,14764,14987,,
6412196,D-TEM,dark,Arabika Temanggung Mukidi,B24,36,purging,111,14289,2890,2872,8319,9615,2883,8785,15449,14765,14987,,
6413196,D-TEM,dark,Arabika Temanggung Mukidi,B24,36,purging,112,14288,2890,2869,8319,9615,2879,8785,15449,14765,14985,,
6414196,D-TEM,dark,Arabika Temanggung Mukidi,B24,36,purging,113,14287,2887,2872,8318,9614,2883,8784,15447,14763,14984,,
6415196,D-TEM,dark,Arabika Temanggung Mukidi,B24,36,purging,114,14286,2890,2870,8318,9612,2879,8782,15445,14762,14982,,
6416196,D-TEM,dark,Arabika Temanggung Mukidi,B24,36,purging,115,14284,2890,2868,8317,9609,2883,8780,15444,14760,14980,,
6417197,D-TEM,dark,Arabika Temanggung Mukidi,B24,36,purging,116,14282,2883,2869,8317,9607,2883,8778,15441,14757,14978,,
6418196,D-TEM,dark,Arabika Temanggung Mukidi,B24,36,purging,117,14280,2883,2870,8316,9604,2883,8777,15440,14754,14976,,
6419196,D-TEM,dark,Arabika Temanggung Mukidi,B24,36,purging,118,14279,2883,2870,8316,9600,2883,8775,15437,14751,14972,,
6420196,D-TEM,dark,Arabika Temanggung Mukidi,B24,36,purging,119,14277,2885,2869,8315,9596,2879,8772,15434,14747,14969,,
6421196,D-TEM,dark,Arabika Temanggung Mukidi,B24,36,purging,120,14275,2890,2871,8315,9592,2883,8769,15432,14743,14967,,
6422200,D-TEM,dark,Arabika Temanggung Mukidi,B24,36,collecting,1,14274,2883,2868,8315,9588,2881,8766,15429,14739,14963,,
6423196,D-TEM,dark,Arabika Temanggung Mukidi,B24,36,collecting,2,14273,2883,2872,8312,9582,2883,8761,15425,14734,14961,,
6424197,D-TEM,dark,Arabika Temanggung Mukidi,B24,36,collecting,3,14361,2886,2870,8311,9590,2883,8767,15433,14740,14994,,
6425196,D-TEM,dark,Arabika Temanggung Mukidi,B24,36,collecting,4,14576,2885,2871,8311,9625,2878,8785,15494,14793,15050,,
6426196,D-TEM,dark,Arabika Temanggung Mukidi,B24,36,collecting,5,14839,2883,2869,8311,9676,2883,8803,15606,14887,15111,,
6427196,D-TEM,dark,Arabika Temanggung Mukidi,B24,36,collecting,6,15094,2890,2869,8311,9729,2883,8814,15730,15000,15169,,
6428196,D-TEM,dark,Arabika Temanggung Mukidi,B24,36,collecting,7,15318,2882,2876,8311,9777,2881,8820,15841,15112,15222,,
6429196,D-TEM,dark,Arabika Temanggung Mukidi,B24,36,collecting,8,15507,2888,2868,8311,9818,2881,8823,15936,15215,15270,,
6430196,D-TEM,dark,Arabika Temanggung Mukidi,B24,36,collecting,9,15662,2888,2870,8311,9850,2883,8824,16015,15306,15308,,
6431196,D-TEM,dark,Arabika Temanggung Mukidi,B24,36,collecting,10,15790,2890,2868,8311,9876,2879,8824,16077,15383,15342,,
6432196,D-TEM,dark,Arabika Temanggung Mukidi,B24,36,collecting,11,15892,2889,2869,8311,9897,2883,8823,16127,15447,15369,,
6433197,D-TEM,dark,Arabika Temanggung Mukidi,B24,36,collecting,12,15976,2890,2869,8311,9914,2883,8822,16167,15501,15391,,
6434196,D-TEM,dark,Arabika Temanggung Mukidi,B24,36,collecting,13,16044,2890,2870,8310,9928,2883,8821,16199,15546,15409,,
6435196,D-TEM,dark,Arabika Temanggung Mukidi,B24,36,collecting,14,16099,2884,2872,8310,9939,2883,8818,16224,15583,15425,,
6436196,D-TEM,dark,Arabika Temanggung Mukidi,B24,36,collecting,15,16142,2888,2868,8310,9947,2883,8816,16244,15613,15438,,
6437196,D-TEM,dark,Arabika Temanggung Mukidi,B24,36,collecting,16,16175,2888,2872,8309,9954,2879,8814,16260,15637,15448,,
6438196,D-TEM,dark,Arabika Temanggung Mukidi,B24,36,collecting,17,16200,2889,2872,8310,9958,2881,8812,16271,15655,15454,,
6439196,D-TEM,dark,Arabika Temanggung Mukidi,B24,36,collecting,18,16216,2889,2870,8309,9961,2879,8809,16279,15668,15458,,
6440197,D-TEM,dark,Arabika Temanggung Mukidi,B24,36,collecting,19,16226,2889,2871,8309,9961,2883,8806,16283,15677,15461,,
6441196,D-TEM,dark,Arabika Temanggung Mukidi,B24,36,collecting,20,16230,2888,2870,8309,9961,2881,8804,16284,15682,15462,,
6442196,D-TEM,dark,Arabika Temanggung Mukidi,B24,36,collecting,21,16231,2890,2872,8308,9959,2883,8802,16284,15684,15462,,
6443196,D-TEM,dark,Arabika Temanggung Mukidi,B24,36,collecting,22,16229,2890,2870,8308,9958,2881,8799,16281,15684,15461,,
6444196,D-TEM,dark,Arabika Temanggung Mukidi,B24,36,collecting,23,16223,2886,2869,8307,9956,2883,8797,16278,15683,15460,,
6445196,D-TEM,dark,Arabika Temanggung Mukidi,B24,36,collecting,24,16216,2890,2870,8307,9953,2881,8794,16275,15680,15457,,
6446196,D-TEM,dark,Arabika Temanggung Mukidi,B24,36,collecting,25,16206,2890,2868,8307,9950,2883,8792,16269,15676,15454,,
6447196,D-TEM,dark,Arabika Temanggung Mukidi,B24,36,collecting,26,16193,2888,2870,8306,9946,2883,8790,16263,15669,15450,,
6448196,D-TEM,dark,Arabika Temanggung Mukidi,B24,36,collecting,27,16180,2886,2869,8306,9942,2883,8788,16257,15662,15446,,
6449197,D-TEM,dark,Arabika Temanggung Mukidi,B24,36,collecting,28,16167,2892,2868,8305,9938,2883,8786,16250,15655,15444,,
6450196,D-TEM,dark,Arabika Temanggung Mukidi,B24,36,collecting,29,16155,2889,2870,8305,9934,2883,8785,16245,15648,15439,,
6451196,D-TEM,dark,Arabika Temanggung Mukidi,B24,36,collecting,30,16142,2890,2870,8305,9931,2881,8782,16239,15641,15436,,
6452196,D-TEM,dark,Arabika Temanggung Mukidi,B24,36,collecting,31,16129,2888,2872,8305,9927,2883,8781,16233,15633,15432,,
6453196,D-TEM,dark,Arabika Temanggung Mukidi,B24,36,collecting,32,16116,2889,2868,8304,9924,2879,8780,16228,15626,15428,,
6454196,D-TEM,dark,Arabika Temanggung Mukidi,B24,36,collecting,33,16103,2890,2871,8304,9920,2879,8778,16223,15619,15424,,
6455196,D-TEM,dark,Arabika Temanggung Mukidi,B24,36,collecting,34,16089,2890,2870,8304,9916,2881,8776,16218,15611,15420,,
6456197,D-TEM,dark,Arabika Temanggung Mukidi,B24,36,collecting,35,16075,2892,2868,8303,9912,2881,8775,16212,15604,15415,,
6457196,D-TEM,dark,Arabika Temanggung Mukidi,B24,36,collecting,36,16062,2888,2870,8303,9908,2881,8774,16205,15596,15410,,
6458196,D-TEM,dark,Arabika Temanggung Mukidi,B24,36,collecting,37,16048,2889,2870,8303,9906,2883,8772,16199,15588,15407,,
6459196,D-TEM,dark,Arabika Temanggung Mukidi,B24,36,collecting,38,16035,2888,2873,8302,9903,2881,8771,16193,15581,15403,,
6460196,D-TEM,dark,Arabika Temanggung Mukidi,B24,36,collecting,39,16024,2888,2872,8302,9899,2883,8769,16188,15574,15399,,
6461196,D-TEM,dark,Arabika Temanggung Mukidi,B24,36,collecting,40,16011,2888,2870,8302,9896,2881,8769,16183,15567,15395,,
6462196,D-TEM,dark,Arabika Temanggung Mukidi,B24,36,collecting,41,15999,2887,2869,8302,9893,2879,8768,16177,15559,15390,,
6463196,D-TEM,dark,Arabika Temanggung Mukidi,B24,36,collecting,42,15988,2892,2870,8301,9890,2883,8767,16172,15552,15386,,
6464196,D-TEM,dark,Arabika Temanggung Mukidi,B24,36,collecting,43,15975,2886,2868,8301,9887,2883,8766,16167,15545,15382,,
6465197,D-TEM,dark,Arabika Temanggung Mukidi,B24,36,collecting,44,15963,2890,2876,8301,9883,2879,8765,16162,15538,15378,,
6466196,D-TEM,dark,Arabika Temanggung Mukidi,B24,36,collecting,45,15952,2888,2870,8300,9881,2879,8764,16157,15531,15375,,
6467196,D-TEM,dark,Arabika Temanggung Mukidi,B24,36,collecting,46,15941,2883,2870,8300,9878,2879,8764,16152,15525,15371,,
6468196,D-TEM,dark,Arabika Temanggung Mukidi,B24,36,collecting,47,15930,2890,2870,8300,9875,2879,8763,16147,15518,15367,,
6469196,D-TEM,dark,Arabika Temanggung Mukidi,B24,36,collecting,48,15920,2888,2868,8300,9873,2883,8762,16142,15512,15364,,
6470196,D-TEM,dark,Arabika Temanggung Mukidi,B24,36,collecting,49,15911,2890,2870,8299,9871,2879,8762,16138,15506,15361,,
6471196,D-TEM,dark,Arabika Temanggung Mukidi,B24,36,collecting,50,15902,2888,2872,8299,9868,2881,8762,16134,15500,15358,,
6472197,D-TEM,dark,Arabika Temanggung Mukidi,B24,36,collecting,51,15893,2889,2868,8299,9866,2883,8761,16129,15495,15355,,
6473196,D-TEM,dark,Arabika Temanggung Mukidi,B24,36,collecting,52,15884,2888,2871,8299,9865,2883,8760,16125,15489,15352,,
6474196,D-TEM,dark,Arabika Temanggung Mukidi,B24,36,collecting,53,15875,2886,2868,8298,9863,2883,8759,16122,15484,15349,,
6475196,D-TEM,dark,Arabika Temanggung Mukidi,B24,36,collecting,54,15867,2888,2874,8298,9860,2881,8759,16119,15479,15347,,
6476196,D-TEM,dark,Arabika Temanggung Mukidi,B24,36,collecting,55,15859,2890,2870,8298,9859,2883,8759,16116,15475,15344,,
6477196,D-TEM,dark,Arabika Temanggung Mukidi,B24,36,collecting,56,15852,2890,2871,8298,9858,2881,8759,16113,15470,15342,,
6478196,D-TEM,dark,Arabika Temanggung Mukidi,B24,36,collecting,57,15846,2888,2870,8298,9856,2883,8759,16109,15466,15339,,
6479196,D-TEM,dark,Arabika Temanggung Mukidi,B24,36,collecting,58,15840,2886,2872,8298,9856,2883,8758,16106,15463,15337,,
6480196,D-TEM,dark,Arabika Temanggung Mukidi,B24,36,collecting,59,15834,2888,2872,8298,9855,2881,8759,16103,15458,15335,,
6481197,D-TEM,dark,Arabika Temanggung Mukidi,B24,36,collecting,60,15828,2888,2869,8297,9855,2881,8758,16101,15455,15332,,
6482200,D-TEM,dark,Arabika Temanggung Mukidi,B24,37,purging,1,15821,2890,2871,8297,9854,2881,8758,16098,15451,15330,,
6483196,D-TEM,dark,Arabika Temanggung Mukidi,B24,37,purging,2,15815,2890,2870,8299,9854,2883,8760,16096,15448,15332,,
6484196,D-TEM,dark,Arabika Temanggung Mukidi,B24,37,purging,3,15788,2887,2870,8300,9854,2881,8764,16091,15443,15326,,
6485196,D-TEM,dark,Arabika Temanggung Mukidi,B24,37,purging,4,15738,2888,2866,8300,9850,2881,8766,16072,15428,15314,,
6486196,D-TEM,dark,Arabika Temanggung Mukidi,B24,37,purging,5,15675,2890,2870,8299,9842,2883,8769,16042,15404,15298,,
6487196,D-TEM,dark,Arabika Temanggung Mukidi,B24,37,purging,6,15603,2888,2869,8299,9832,2881,8770,16007,15374,15281,,
6488197,D-TEM,dark,Arabika Temanggung Mukidi,B24,37,purging,7,15528,2888,2869,8299,9820,2883,8772,15971,15342,15262,,
6489196,D-TEM,dark,Arabika Temanggung Mukidi,B24,37,purging,8,15453,2890,2869,8298,9809,2881,8772,15936,15309,15243,,
6490196,D-TEM,dark,Arabika Temanggung Mukidi,B24,37,purging,9,15380,2890,2870,8298,9797,2881,8771,15903,15276,15225,,
6491196,D-TEM,dark,Arabika Temanggung Mukidi,B24,37,purging,10,15310,2890,2868,8298,9785,2881,8770,15873,15245,15208,,
6492196,D-TEM,dark,Arabika Temanggung Mukidi,B24,37,purging,11,15245,2888,2870,8297,9774,2881,8768,15845,15216,15192,,
6493196,D-TEM,dark,Arabika Temanggung Mukidi,B24,37,purging,12,15183,2888,2868,8297,9763,2883,8766,15819,15188,15178,,
6494196,D-TEM,dark,Arabika Temanggung Mukidi,B24,37,purging,13,15126,2890,2870,8296,9753,2881,8764,15797,15162,15164,,
6495196,D-TEM,dark,Arabika Temanggung Mukidi,B24,37,purging,14,15072,2883,2873,8295,9745,2883,8762,15777,15138,15150,,
6496196,D-TEM,dark,Arabika Temanggung Mukidi,B24,37,purging,15,15022,2886,2868,8295,9735,2881,8759,15758,15116,15138,,
6497197,D-TEM,dark,Arabika Temanggung Mukidi,B24,37,purging,16,14978,2888,2868,8295,9726,2881,8757,15740,15094,15126,,
6498196,D-TEM,dark,Arabika Temanggung Mukidi,B24,37,purging,17,14936,2887,2872,8294,9717,2881,8754,15723,15073,15115,,
6499196,D-TEM,dark,Arabika Temanggung Mukidi,B24,37,purging,18,14898,2888,2868,8294,9709,2881,8751,15707,15054,15104,,
6500196,D-TEM,dark,Arabika Temanggung Mukidi,B24,37,purging,19,14862,2890,2869,8293,9701,2879,8749,15693,15036,15095,,
6501196,D-TEM,dark,Arabika Temanggung Mukidi,B24,37,purging,20,14828,2888,2869,8292,9694,2883,8747,15681,15019,15086,,
6502196,D-TEM,dark,Arabika Temanggung Mukidi,B24,37,purging,21,14798,2883,2870,8291,9687,2883,8745,15668,15003,15077,,
6503196,D-TEM,dark,Arabika Temanggung Mukidi,B24,37,purging,22,14771,2883,2870,8291,9681,2881,8744,15657,14988,15069,,
6504197,D-TEM,dark,Arabika Temanggung Mukidi,B24,37,purging,23,14743,2886,2871,8290,9675,2881,8743,15646,14974,15062,,
6505196,D-TEM,dark,Arabika Temanggung Mukidi,B24,37,purging,24,14719,2888,2871,8290,9670,2883,8743,15636,14961,15055,,
6506196,D-TEM,dark,Arabika Temanggung Mukidi,B24,37,purging,25,14696,2890,2871,8289,9665,2881,8743,15626,14948,15048,,
6507196,D-TEM,dark,Arabika Temanggung Mukidi,B24,37,purging,26,14675,2890,2872,8289,9659,2879,8742,15618,14936,15041,,
6508196,D-TEM,dark,Arabika Temanggung Mukidi,B24,37,purging,27,14654,2890,2868,8289,9654,2883,8741,15609,14923,15033,,
6509196,D-TEM,dark,Arabika Temanggung Mukidi,B24,37,purging,28,14635,2885,2874,8288,9649,2879,8738,15600,14912,15027,,
6510196,D-TEM,dark,Arabika Temanggung Mukidi,B24,37,purging,29,14618,2888,2870,8288,9644,2881,8737,15592,14900,15020,,
6511196,D-TEM,dark,Arabika Temanggung Mukidi,B24,37,purging,30,14601,2890,2872,8287,9638,2881,8735,15584,14889,15014,,
6512196,D-TEM,dark,Arabika Temanggung Mukidi,B24,37,purging,31,14586,2883,2870,8287,9633,2883,8733,15576,14878,15009,,
6513197,D-TEM,dark,Arabika Temanggung Mukidi,B24,37,purging,32,14572,2890,2870,8286,9627,2879,8732,15568,14867,15003,,
6514196,D-TEM,dark,Arabika Temanggung Mukidi,B24,37,purging,33,14558,2890,2868,8286,9622,2881,8731,15561,14858,14998,,
6515196,D-TEM,dark,Arabika Temanggung Mukidi,B24,37,purging,34,14546,2885,2871,8285,9618,2881,8730,15554,14848,14993,,
6516196,D-TEM,dark,Arabika Temanggung Mukidi,B24,37,purging,35,14534,2890,2871,8285,9615,2881,8729,15548,14840,14989,,
6517196,D-TEM,dark,Arabika Temanggung Mukidi,B24,37,purging,36,14523,2886,2870,8285,9611,2883,8729,15543,14832,14984,,
6518196,D-TEM,dark,Arabika Temanggung Mukidi,B24,37,purging,37,14511,2888,2872,8284,9607,2883,8728,15538,14823,14979,,
6519196,D-TEM,dark,Arabika Temanggung Mukidi,B24,37,purging,38,14500,2886,2872,8283,9603,2881,8726,15532,14816,14974,,
6520197,D-TEM,dark,Arabika Temanggung Mukidi,B24,37,purging,39,14490,2890,2872,8283,9600,2883,8725,15526,14808,14969,,
6521196,D-TEM,dark,Arabika Temanggung Mukidi,B24,37,purging,40,14481,2888,2872,8283,9596,2883,8724,15520,14800,14965,,
6522196,D-TEM,dark,Arabika Temanggung Mukidi,B24,37,purging,41,14472,2883,2872,8283,9591,2881,8722,15516,14792,14960,,
6523196,D-TEM,dark,Arabika Temanggung Mukidi,B24,37,purging,42,14464,2886,2872,8282,9587,2881,8721,15511,14785,14956,,
6524196,D-TEM,dark,Arabika Temanggung Mukidi,B24,37,purging,43,14456,2890,2874,8282,9583,2883,8719,15507,14778,14952,,
6525196,D-TEM,dark,Arabika Temanggung Mukidi,B24,37,purging,44,14448,2890,2870,8281,9579,2883,8718,15502,14771,14948,,
6526196,D-TEM,dark,Arabika Temanggung Mukidi,B24,37,purging,45,14442,2890,2869,8281,9575,2881,8717,15497,14764,14944,,
6527196,D-TEM,dark,Arabika Temanggung Mukidi,B24,37,purging,46,14435,2890,2870,8280,9572,2881,8716,15492,14757,14940,,
6528196,D-TEM,dark,Arabika Temanggung Mukidi,B24,37,purging,47,14428,2888,2870,8280,9568,2881,8714,15488,14752,14937,,
6529197,D-TEM,dark,Arabika Temanggung Mukidi,B24,37,purging,48,14422,2890,2872,8280,9565,2881,8714,15485,14746,14935,,
6530196,D-TEM,dark,Arabika Temanggung Mukidi,B24,37,purging,49,14417,2888,2870,8279,9563,2881,8713,15481,14740,14931,,
6531196,D-TEM,dark,Arabika Temanggung Mukidi,B24,37,purging,50,14411,2890,2867,8278,9560,2883,8713,15478,14735,14928,,
6532196,D-TEM,dark,Arabika Temanggung Mukidi,B24,37,purging,51,14406,2890,2871,8278,9557,2879,8712,15474,14729,14925,,
6533196,D-TEM,dark,Arabika Temanggung Mukidi,B24,37,purging,52,14400,2890,2870,8278,9554,2879,8711,15472,14724,14922,,
6534196,D-TEM,dark,Arabika Temanggung Mukidi,B24,37,purging,53,14395,2888,2872,8277,9550,2879,8710,15468,14718,14919,,
6535196,D-TEM,dark,Arabika Temanggung Mukidi,B24,37,purging,54,14389,2888,2868,8276,9547,2881,8709,15464,14712,14917,,
6536197,D-TEM,dark,Arabika Temanggung Mukidi,B24,37,purging,55,14383,2888,2868,8276,9544,2881,8709,15460,14706,14914,,
6537196,D-TEM,dark,Arabika Temanggung Mukidi,B24,37,purging,56,14378,2890,2870,8276,9541,2881,8708,15454,14701,14911,,
6538196,D-TEM,dark,Arabika Temanggung Mukidi,B24,37,purging,57,14372,2888,2870,8275,9538,2881,8708,15451,14696,14907,,
6539196,D-TEM,dark,Arabika Temanggung Mukidi,B24,37,purging,58,14367,2888,2870,8275,9535,2881,8706,15447,14690,14905,,
6540196,D-TEM,dark,Arabika Temanggung Mukidi,B24,37,purging,59,14363,2890,2868,8275,9532,2881,8705,15444,14685,14902,,
6541196,D-TEM,dark,Arabika Temanggung Mukidi,B24,37,purging,60,14358,2887,2870,8274,9529,2881,8704,15440,14680,14899,,
6542196,D-TEM,dark,Arabika Temanggung Mukidi,B24,37,purging,61,14352,2890,2872,8274,9526,2879,8702,15436,14674,14895,,
6543196,D-TEM,dark,Arabika Temanggung Mukidi,B24,37,purging,62,14347,2888,2872,8273,9522,2881,8701,15433,14669,14892,,
6544196,D-TEM,dark,Arabika Temanggung Mukidi,B24,37,purging,63,14342,2888,2870,8273,9519,2881,8700,15429,14662,14890,,
6545197,D-TEM,dark,Arabika Temanggung Mukidi,B24,37,purging,64,14337,2890,2874,8273,9516,2881,8699,15425,14657,14887,,
6546196,D-TEM,dark,Arabika Temanggung Mukidi,B24,37,purging,65,14332,2888,2870,8272,9513,2881,8699,15421,14651,14884,,
6547196,D-TEM,dark,Arabika Temanggung Mukidi,B24,37,purging,66,14327,2890,2869,8272,9510,2883,8698,15417,14645,14881,,
6548196,D-TEM,dark,Arabika Temanggung Mukidi,B24,37,purging,67,14321,2890,2870,8272,9506,2881,8698,15414,14640,14879,,
6549196,D-TEM,dark,Arabika Temanggung Mukidi,B24,37,purging,68,14317,2890,2870,8271,9504,2881,8697,15411,14634,14877,,
6550196,D-TEM,dark,Arabika Temanggung Mukidi,B24,37,purging,69,14312,2888,2868,8271,9501,2883,8697,15407,14630,14875,,
6551196,D-TEM,dark,Arabika Temanggung Mukidi,B24,37,purging,70,14308,2890,2870,8270,9498,2879,8697,15405,14625,14873,,
6552197,D-TEM,dark,Arabika Temanggung Mukidi,B24,37,purging,71,14304,2890,2871,8270,9496,2883,8696,15402,14621,14871,,
6553196,D-TEM,dark,Arabika Temanggung Mukidi,B24,37,purging,72,14300,2890,2871,8270,9494,2881,8696,15399,14617,14868,,
6554196,D-TEM,dark,Arabika Temanggung Mukidi,B24,37,purging,73,14297,2890,2874,8270,9492,2881,8696,15397,14614,14867,,
6555196,D-TEM,dark,Arabika Temanggung Mukidi,B24,37,purging,74,14293,2888,2874,8269,9490,2881,8697,15395,14610,14866,,
6556196,D-TEM,dark,Arabika Temanggung Mukidi,B24,37,purging,75,14290,2886,2868,8269,9490,2879,8697,15394,14607,14866,,
6557196,D-TEM,dark,Arabika Temanggung Mukidi,B24,37,purging,76,14286,2886,2874,8269,9489,2881,8698,15393,14605,14865,,
6558196,D-TEM,dark,Arabika Temanggung Mukidi,B24,37,purging,77,14283,2890,2872,8269,9488,2879,8699,15391,14602,14864,,
6559196,D-TEM,dark,Arabika Temanggung Mukidi,B24,37,purging,78,14280,2888,2872,8269,9488,2881,8699,15389,14600,14863,,
6560196,D-TEM,dark,Arabika Temanggung Mukidi,B24,37,purging,79,14277,2887,2869,8268,9487,2881,8699,15386,14597,14862,,
6561197,D-TEM,dark,Arabika Temanggung Mukidi,B24,37,purging,80,14274,2886,2868,8268,9486,2881,8699,15384,14594,14859,,
6562196,D-TEM,dark,Arabika Temanggung Mukidi,B24,37,purging,81,14272,2888,2870,8268,9484,2883,8699,15382,14591,14858,,
6563196,D-TEM,dark,Arabika Temanggung Mukidi,B24,37,purging,82,14270,2886,2868,8267,9483,2879,8698,15379,14589,14856,,
6564196,D-TEM,dark,Arabika Temanggung Mukidi,B24,37,purging,83,14268,2888,2872,8267,9481,2881,8697,15378,14586,14854,,
6565196,D-TEM,dark,Arabika Temanggung Mukidi,B24,37,purging,84,14267,2890,2870,8267,9480,2883,8697,15376,14584,14853,,
6566196,D-TEM,dark,Arabika Temanggung Mukidi,B24,37,purging,85,14264,2888,2868,8267,9478,2881,8696,15375,14582,14852,,
6567196,D-TEM,dark,Arabika Temanggung Mukidi,B24,37,purging,86,14262,2890,2868,8267,9476,2881,8696,15373,14579,14851,,
6568197,D-TEM,dark,Arabika Temanggung Mukidi,B24,37,purging,87,14260,2890,2868,8267,9474,2883,8696,15371,14577,14848,,
6569196,D-TEM,dark,Arabika Temanggung Mukidi,B24,37,purging,88,14258,2885,2868,8266,9472,2883,8695,15370,14574,14848,,
6570196,D-TEM,dark,Arabika Temanggung Mukidi,B24,37,purging,89,14256,2888,2868,8266,9470,2881,8694,15369,14572,14846,,
6571196,D-TEM,dark,Arabika Temanggung Mukidi,B24,37,purging,90,14254,2888,2872,8266,9469,2881,8694,15366,14569,14845,,
6572196,D-TEM,dark,Arabika Temanggung Mukidi,B24,37,purging,91,14253,2883,2874,8265,9468,2881,8693,15364,14567,14844,,
6573196,D-TEM,dark,Arabika Temanggung Mukidi,B24,37,purging,92,14251,2883,2870,8265,9467,2881,8692,15362,14564,14843,,
6574196,D-TEM,dark,Arabika Temanggung Mukidi,B24,37,purging,93,14250,2885,2874,8265,9465,2883,8693,15361,14562,14842,,
6575196,D-TEM,dark,Arabika Temanggung Mukidi,B24,37,purging,94,14247,2888,2872,8265,9464,2881,8693,15361,14559,14841,,
6576196,D-TEM,dark,Arabika Temanggung Mukidi,B24,37,purging,95,14245,2888,2868,8265,9462,2883,8692,15359,14557,14839,,
6577197,D-TEM,dark,Arabika Temanggung Mukidi,B24,37,purging,96,14243,2884,2870,8264,9461,2883,8692,15356,14555,14838,,
6578196,D-TEM,dark,Arabika Temanggung Mukidi,B24,37,purging,97,14241,2888,2868,8264,9459,2881,8691,15355,14551,14837,,
6579196,D-TEM,dark,Arabika Temanggung Mukidi,B24,37,purging,98,14238,2884,2870,8264,9457,2881,8690,15353,14549,14834,,
6580196,D-TEM,dark,Arabika Temanggung Mukidi,B24,37,purging,99,14237,2888,2874,8264,9455,2881,8689,15350,14546,14832,,
6581196,D-TEM,dark,Arabika Temanggung Mukidi,B24,37,purging,100,14236,2883,2869,8264,9453,2883,8688,15347,14543,14830,,
6582196,D-TEM,dark,Arabika Temanggung Mukidi,B24,37,purging,101,14236,2888,2872,8263,9451,2883,8686,15346,14540,14827,,
6583196,D-TEM,dark,Arabika Temanggung Mukidi,B24,37,purging,102,14236,2883,2868,8263,9448,2881,8684,15345,14538,14826,,
6584197,D-TEM,dark,Arabika Temanggung Mukidi,B24,37,purging,103,14236,2887,2868,8263,9445,2883,8682,15343,14536,14824,,
6585196,D-TEM,dark,Arabika Temanggung Mukidi,B24,37,purging,104,14237,2888,2874,8263,9443,2883,8680,15342,14534,14821,,
6586196,D-TEM,dark,Arabika Temanggung Mukidi,B24,37,purging,105,14237,2888,2873,8262,9441,2881,8678,15341,14532,14819,,
6587196,D-TEM,dark,Arabika Temanggung Mukidi,B24,37,purging,106,14236,2883,2874,8262,9438,2879,8677,15340,14530,14818,,
6588196,D-TEM,dark,Arabika Temanggung Mukidi,B24,37,purging,107,14236,2883,2877,8262,9435,2881,8675,15339,14528,14817,,
6589196,D-TEM,dark,Arabika Temanggung Mukidi,B24,37,purging,108,14236,2887,2871,8261,9434,2881,8675,15339,14526,14816,,
6590196,D-TEM,dark,Arabika Temanggung Mukidi,B24,37,purging,109,14237,2883,2870,8261,9432,2883,8674,15337,14524,14814,,
6591196,D-TEM,dark,Arabika Temanggung Mukidi,B24,37,purging,110,14237,2888,2870,8260,9430,2883,8673,15336,14522,14813,,
6592196,D-TEM,dark,Arabika Temanggung Mukidi,B24,37,purging,111,14237,2883,2872,8260,9427,2881,8672,15335,14521,14811,,
6593197,D-TEM,dark,Arabika Temanggung Mukidi,B24,37,purging,112,14237,2883,2874,8260,9426,2881,8670,15335,14519,14809,,
6594196,D-TEM,dark,Arabika Temanggung Mukidi,B24,37,purging,113,14238,2888,2874,8260,9424,2883,8668,15333,14517,14807,,
6595196,D-TEM,dark,Arabika Temanggung Mukidi,B24,37,purging,114,14238,2883,2874,8260,9421,2881,8665,15332,14516,14806,,
6596196,D-TEM,dark,Arabika Temanggung Mukidi,B24,37,purging,115,14239,2883,2874,8259,9418,2881,8664,15331,14514,14806,,
6597196,D-TEM,dark,Arabika Temanggung Mukidi,B24,37,purging,116,14239,2883,2874,8259,9417,2881,8664,15330,14512,14806,,
6598196,D-TEM,dark,Arabika Temanggung Mukidi,B24,37,purging,117,14238,2890,2870,8259,9416,2881,8665,15329,14511,14804,,
6599196,D-TEM,dark,Arabika Temanggung Mukidi,B24,37,purging,118,14237,2883,2871,8259,9414,2879,8664,15329,14509,14804,,
6600197,D-TEM,dark,Arabika Temanggung Mukidi,B24,37,purging,119,14237,2888,2870,8258,9413,2881,8664,15328,14507,14803,,
6601196,D-TEM,dark,Arabika Temanggung Mukidi,B24,37,purging,120,14236,2890,2873,8257,9412,2883,8663,15326,14505,14801,,
6602201,D-TEM,dark,Arabika Temanggung Mukidi,B24,37,collecting,1,14236,2883,2874,8257,9410,2883,8663,15325,14504,14800,,
6603196,D-TEM,dark,Arabika Temanggung Mukidi,B24,37,collecting,2,14237,2883,2872,8255,9406,2883,8660,15323,14502,14801,,
6604196,D-TEM,dark,Arabika Temanggung Mukidi,B24,37,collecting,3,14324,2888,2870,8254,9416,2881,8669,15337,14513,14834,,
6605196,D-TEM,dark,Arabika Temanggung Mukidi,B24,37,collecting,4,14543,2888,2868,8253,9454,2881,8690,15406,14569,14893,,
6606196,D-TEM,dark,Arabika Temanggung Mukidi,B24,37,collecting,5,14807,2890,2870,8253,9508,2883,8709,15517,14668,14956,,
6607196,D-TEM,dark,Arabika Temanggung Mukidi,B24,37,collecting,6,15062,2888,2868,8253,9565,2881,8722,15642,14783,15020,,
6608196,D-TEM,dark,Arabika Temanggung Mukidi,B24,37,collecting,7,15287,2890,2874,8254,9616,2881,8729,15756,14898,15074,,
6609197,D-TEM,dark,Arabika Temanggung Mukidi,B24,37,collecting,8,15475,2888,2874,8254,9657,2881,8733,15851,15004,15122,,
6610196,D-TEM,dark,Arabika Temanggung Mukidi,B24,37,collecting,9,15631,2890,2872,8254,9690,2881,8735,15928,15095,15161,,
6611196,D-TEM,dark,Arabika Temanggung Mukidi,B24,37,collecting,10,15756,2890,2872,8254,9716,2883,8735,15991,15174,15194,,
6612196,D-TEM,dark,Arabika Temanggung Mukidi,B24,37,collecting,11,15858,2888,2874,8254,9737,2881,8735,16041,15241,15221,,
6613196,D-TEM,dark,Arabika Temanggung Mukidi,B24,37,collecting,12,15942,2888,2874,8254,9754,2881,8733,16082,15297,15245,,
6614196,D-TEM,dark,Arabika Temanggung Mukidi,B24,37,collecting,13,16008,2890,2868,8255,9768,2881,8732,16114,15343,15263,,
6615196,D-TEM,dark,Arabika Temanggung Mukidi,B24,37,collecting,14,16061,2892,2874,8255,9779,2879,8730,16138,15381,15277,,
6616197,D-TEM,dark,Arabika Temanggung Mukidi,B24,37,collecting,15,16102,2888,2874,8254,9788,2881,8728,16158,15412,15288,,
6617196,D-TEM,dark,Arabika Temanggung Mukidi,B24,37,collecting,16,16132,2889,2869,8254,9793,2881,8726,16171,15437,15298,,
6618196,D-TEM,dark,Arabika Temanggung Mukidi,B24,37,collecting,17,16154,2888,2870,8254,9798,2881,8723,16181,15456,15304,,
6619196,D-TEM,dark,Arabika Temanggung Mukidi,B24,37,collecting,18,16169,2888,2870,8254,9801,2881,8721,16187,15470,15310,,
6620196,D-TEM,dark,Arabika Temanggung Mukidi,B24,37,collecting,19,16179,2890,2874,8254,9802,2881,8718,16192,15481,15313,,
6621196,D-TEM,dark,Arabika Temanggung Mukidi,B24,37,collecting,20,16185,2888,2872,8253,9802,2881,8716,16194,15488,15315,,
6622196,D-TEM,dark,Arabika Temanggung Mukidi,B24,37,collecting,21,16187,2888,2870,8254,9803,2881,8715,16194,15493,15316,,
6623196,D-TEM,dark,Arabika Temanggung Mukidi,B24,37,collecting,22,16185,2888,2874,8254,9802,2881,8713,16194,15495,15316,,
6624196,D-TEM,dark,Arabika Temanggung Mukidi,B24,37,collecting,23,16181,2890,2872,8253,9801,2881,8711,16192,15496,15315,,
6625197,D-TEM,dark,Arabika Temanggung Mukidi,B24,37,collecting,24,16175,2888,2872,8253,9798,2881,8709,16190,15496,15313,,
6626196,D-TEM,dark,Arabika Temanggung Mukidi,B24,37,collecting,25,16167,2888,2874,8253,9795,2881,8706,16186,15493,15311,,
6627196,D-TEM,dark,Arabika Temanggung Mukidi,B24,37,collecting,26,16158,2888,2874,8253,9792,2883,8705,16182,15490,15308,,
6628196,D-TEM,dark,Arabika Temanggung Mukidi,B24,37,collecting,27,16148,2888,2874,8253,9789,2881,8703,16178,15487,15306,,
6629196,D-TEM,dark,Arabika Temanggung Mukidi,B24,37,collecting,28,16139,2888,2874,8253,9787,2881,8702,16173,15483,15303,,
6630196,D-TEM,dark,Arabika Temanggung Mukidi,B24,37,collecting,29,16128,2888,2868,8253,9785,2881,8701,16169,15478,15301,,
6631196,D-TEM,dark,Arabika Temanggung Mukidi,B24,37,collecting,30,16118,2888,2870,8253,9782,2881,8699,16166,15473,15298,,
6632197,D-TEM,dark,Arabika Temanggung Mukidi,B24,37,collecting,31,16107,2888,2874,8253,9780,2881,8697,16162,15469,15296,,
6633196,D-TEM,dark,Arabika Temanggung Mukidi,B24,37,collecting,32,16095,2888,2874,8252,9777,2881,8696,16156,15463,15292,,
6634196,D-TEM,dark,Arabika Temanggung Mukidi,B24,37,collecting,33,16082,2890,2869,8252,9774,2881,8694,16150,15457,15288,,
6635196,D-TEM,dark,Arabika Temanggung Mukidi,B24,37,collecting,34,16068,2888,2874,8252,9770,2881,8692,16145,15450,15285,,
6636196,D-TEM,dark,Arabika Temanggung Mukidi,B24,37,collecting,35,16055,2889,2872,8252,9767,2881,8691,16139,15443,15279,,
6637196,D-TEM,dark,Arabika Temanggung Mukidi,B24,37,collecting,36,16042,2890,2872,8252,9764,2881,8690,16133,15436,15275,,
6638196,D-TEM,dark,Arabika Temanggung Mukidi,B24,37,collecting,37,16027,2886,2874,8252,9760,2883,8688,16127,15429,15271,,
6639196,D-TEM,dark,Arabika Temanggung Mukidi,B24,37,collecting,38,16013,2888,2874,8252,9757,2881,8687,16120,15422,15267,,
6640196,D-TEM,dark,Arabika Temanggung Mukidi,B24,37,collecting,39,15999,2890,2876,8252,9754,2879,8686,16113,15413,15262,,
6641197,D-TEM,dark,Arabika Temanggung Mukidi,B24,37,collecting,40,15985,2888,2872,8252,9750,2881,8685,16107,15406,15257,,
6642196,D-TEM,dark,Arabika Temanggung Mukidi,B24,37,collecting,41,15971,2888,2874,8251,9747,2881,8683,16101,15398,15253,,
6643196,D-TEM,dark,Arabika Temanggung Mukidi,B24,37,collecting,42,15958,2886,2873,8251,9743,2883,8683,16095,15391,15249,,
6644196,D-TEM,dark,Arabika Temanggung Mukidi,B24,37,collecting,43,15946,2888,2870,8251,9740,2881,8682,16090,15384,15245,,
6645196,D-TEM,dark,Arabika Temanggung Mukidi,B24,37,collecting,44,15935,2888,2872,8251,9738,2881,8681,16085,15376,15242,,
6646196,D-TEM,dark,Arabika Temanggung Mukidi,B24,37,collecting,45,15924,2888,2872,8251,9735,2883,8680,16080,15370,15238,,
6647196,D-TEM,dark,Arabika Temanggung Mukidi,B24,37,collecting,46,15914,2890,2870,8251,9733,2881,8679,16076,15364,15235,,
6648197,D-TEM,dark,Arabika Temanggung Mukidi,B24,37,collecting,47,15906,2888,2870,8250,9730,2881,8678,16072,15358,15231,,
6649196,D-TEM,dark,Arabika Temanggung Mukidi,B24,37,collecting,48,15896,2890,2868,8250,9729,2881,8678,16067,15352,15228,,
6650196,D-TEM,dark,Arabika Temanggung Mukidi,B24,37,collecting,49,15887,2888,2874,8250,9726,2881,8677,16063,15346,15224,,
6651196,D-TEM,dark,Arabika Temanggung Mukidi,B24,37,collecting,50,15877,2890,2869,8250,9723,2881,8675,16058,15341,15220,,
6652196,D-TEM,dark,Arabika Temanggung Mukidi,B24,37,collecting,51,15867,2888,2874,8250,9721,2883,8674,16053,15334,15217,,
6653196,D-TEM,dark,Arabika Temanggung Mukidi,B24,37,collecting,52,15857,2888,2870,8250,9718,2881,8674,16049,15328,15214,,
6654196,D-TEM,dark,Arabika Temanggung Mukidi,B24,37,collecting,53,15849,2883,2874,8250,9715,2879,8673,16045,15322,15210,,
6655196,D-TEM,dark,Arabika Temanggung Mukidi,B24,37,collecting,54,15841,2890,2870,8249,9713,2881,8672,16041,15317,15208,,
6656196,D-TEM,dark,Arabika Temanggung Mukidi,B24,37,collecting,55,15833,2888,2873,8249,9710,2881,8671,16038,15312,15204,,
6657197,D-TEM,dark,Arabika Temanggung Mukidi,B24,37,collecting,56,15826,2888,2873,8249,9709,2881,8671,16034,15306,15201,,
6658196,D-TEM,dark,Arabika Temanggung Mukidi,B24,37,collecting,57,15820,2890,2871,8249,9707,2881,8670,16031,15302,15198,,
6659196,D-TEM,dark,Arabika Temanggung Mukidi,B24,37,collecting,58,15815,2884,2869,8249,9705,2881,8670,16028,15297,15196,,
6660196,D-TEM,dark,Arabika Temanggung Mukidi,B24,37,collecting,59,15810,2888,2871,8248,9704,2881,8669,16026,15293,15193,,
6661196,D-TEM,dark,Arabika Temanggung Mukidi,B24,37,collecting,60,15806,2888,2874,8248,9702,2883,8669,16025,15289,15191,,
6662200,D-TEM,dark,Arabika Temanggung Mukidi,B24,38,purging,1,15803,2886,2867,8248,9700,2879,8668,16024,15286,15189,,
6663196,D-TEM,dark,Arabika Temanggung Mukidi,B24,38,purging,2,15798,2883,2872,8250,9701,2883,8670,16022,15284,15191,,
6664197,D-TEM,dark,Arabika Temanggung Mukidi,B24,38,purging,3,15772,2890,2874,8251,9700,2881,8671,16016,15277,15181,,
6665196,D-TEM,dark,Arabika Temanggung Mukidi,B24,38,purging,4,15724,2886,2872,8251,9693,2883,8671,15996,15261,15166,,
6666196,D-TEM,dark,Arabika Temanggung Mukidi,B24,38,purging,5,15662,2888,2868,8251,9682,2881,8669,15964,15235,15147,,
6667196,D-TEM,dark,Arabika Temanggung Mukidi,B24,38,purging,6,15593,2890,2870,8250,9668,2881,8666,15928,15202,15127,,
6668196,D-TEM,dark,Arabika Temanggung Mukidi,B24,38,purging,7,15520,2888,2874,8250,9654,2883,8664,15890,15168,15108,,
6669196,D-TEM,dark,Arabika Temanggung Mukidi,B24,38,purging,8,15447,2890,2874,8249,9640,2881,8663,15854,15132,15088,,
6670196,D-TEM,dark,Arabika Temanggung Mukidi,B24,38,purging,9,15376,2888,2874,8248,9626,2883,8661,15821,15098,15070,,
6671196,D-TEM,dark,Arabika Temanggung Mukidi,B24,38,purging,10,15307,2888,2872,8248,9613,2883,8659,15790,15065,15053,,
6672196,D-TEM,dark,Arabika Temanggung Mukidi,B24,38,purging,11,15241,2890,2874,8247,9602,2883,8658,15762,15033,15037,,
6673197,D-TEM,dark,Arabika Temanggung Mukidi,B24,38,purging,12,15179,2888,2877,8247,9591,2883,8657,15736,15004,15022,,
6674196,D-TEM,dark,Arabika Temanggung Mukidi,B24,38,purging,13,15121,2890,2874,8246,9580,2881,8655,15712,14977,15008,,
6675196,D-TEM,dark,Arabika Temanggung Mukidi,B24,38,purging,14,15067,2886,2872,8246,9570,2883,8654,15692,14952,14995,,
6676196,D-TEM,dark,Arabika Temanggung Mukidi,B24,38,purging,15,15017,2886,2872,8245,9562,2881,8653,15674,14929,14983,,
6677196,D-TEM,dark,Arabika Temanggung Mukidi,B24,38,purging,16,14972,2888,2870,8244,9554,2881,8652,15656,14907,14973,,
6678196,D-TEM,dark,Arabika Temanggung Mukidi,B24,38,purging,17,14929,2888,2872,8244,9547,2881,8650,15639,14887,14961,,
6679196,D-TEM,dark,Arabika Temanggung Mukidi,B24,38,purging,18,14889,2888,2869,8243,9540,2881,8649,15623,14868,14951,,
6680197,D-TEM,dark,Arabika Temanggung Mukidi,B24,38,purging,19,14852,2888,2874,8243,9533,2881,8648,15608,14849,14942,,
6681196,D-TEM,dark,Arabika Temanggung Mukidi,B24,38,purging,20,14817,2888,2870,8243,9526,2881,8647,15594,14832,14933,,
6682196,D-TEM,dark,Arabika Temanggung Mukidi,B24,38,purging,21,14785,2888,2874,8242,9520,2881,8646,15581,14815,14925,,
6683196,D-TEM,dark,Arabika Temanggung Mukidi,B24,38,purging,22,14755,2888,2874,8241,9514,2881,8646,15569,14800,14918,,
6684196,D-TEM,dark,Arabika Temanggung Mukidi,B24,38,purging,23,14728,2888,2874,8241,9510,2881,8646,15559,14785,14911,,
6685196,D-TEM,dark,Arabika Temanggung Mukidi,B24,38,purging,24,14702,2888,2872,8241,9505,2881,8645,15549,14772,14904,,
6686196,D-TEM,dark,Arabika Temanggung Mukidi,B24,38,purging,25,14678,2888,2874,8240,9500,2881,8645,15539,14759,14897,,
6687196,D-TEM,dark,Arabika Temanggung Mukidi,B24,38,purging,26,14656,2888,2871,8239,9496,2881,8644,15530,14747,14891,,
6688196,D-TEM,dark,Arabika Temanggung Mukidi,B24,38,purging,27,14635,2888,2875,8238,9491,2881,8644,15521,14735,14885,,
6689197,D-TEM,dark,Arabika Temanggung Mukidi,B24,38,purging,28,14616,2888,2871,8238,9487,2879,8644,15513,14724,14880,,
6690196,D-TEM,dark,Arabika Temanggung Mukidi,B24,38,purging,29,14600,2888,2874,8237,9483,2879,8643,15506,14714,14874,,
6691196,D-TEM,dark,Arabika Temanggung Mukidi,B24,38,purging,30,14584,2886,2870,8237,9479,2881,8642,15498,14704,14870,,
6692196,D-TEM,dark,Arabika Temanggung Mukidi,B24,38,purging,31,14568,2888,2874,8236,9475,2883,8641,15491,14694,14865,,
6693196,D-TEM,dark,Arabika Temanggung Mukidi,B24,38,purging,32,14555,2886,2872,8236,9471,2881,8641,15484,14684,14859,,
6694196,D-TEM,dark,Arabika Temanggung Mukidi,B24,38,purging,33,14541,2888,2870,8235,9468,2881,8640,15478,14675,14853,,
6695196,D-TEM,dark,Arabika Temanggung Mukidi,B24,38,purging,34,14528,2886,2872,8234,9464,2881,8640,15472,14667,14849,,
6696197,D-TEM,dark,Arabika Temanggung Mukidi,B24,38,purging,35,14515,2888,2874,8234,9460,2883,8639,15465,14658,14845,,
6697196,D-TEM,dark,Arabika Temanggung Mukidi,B24,38,purging,36,14503,2888,2874,8233,9456,2881,8638,15460,14649,14839,,
6698196,D-TEM,dark,Arabika Temanggung Mukidi,B24,38,purging,37,14492,2888,2872,8233,9451,2881,8636,15452,14639,14833,,
6699196,D-TEM,dark,Arabika Temanggung Mukidi,B24,38,purging,38,14481,2888,2870,8233,9446,2881,8634,15445,14629,14828,,
6700196,D-TEM,dark,Arabika Temanggung Mukidi,B24,38,purging,39,14470,2890,2870,8232,9441,2883,8632,15438,14620,14823,,
6701196,D-TEM,dark,Arabika Temanggung Mukidi,B24,38,purging,40,14461,2888,2867,8232,9437,2883,8631,15431,14611,14818,,
6702196,D-TEM,dark,Arabika Temanggung Mukidi,B24,38,purging,41,14452,2888,2870,8231,9433,2881,8631,15425,14602,14814,,
6703196,D-TEM,dark,Arabika Temanggung Mukidi,B24,38,purging,42,14443,2888,2872,8230,9430,2881,8630,15421,14595,14811,,
6704196,D-TEM,dark,Arabika Temanggung Mukidi,B24,38,purging,43,14433,2888,2870,8230,9426,2881,8629,15416,14587,14805,,
6705197,D-TEM,dark,Arabika Temanggung Mukidi,B24,38,purging,44,14425,2888,2872,8230,9422,2881,8628,15411,14579,14801,,
6706196,D-TEM,dark,Arabika Temanggung Mukidi,B24,38,purging,45,14416,2890,2872,8229,9419,2881,8626,15406,14571,14797,,
6707196,D-TEM,dark,Arabika Temanggung Mukidi,B24,38,purging,46,14408,2888,2872,8229,9414,2883,8625,15401,14564,14793,,
6708196,D-TEM,dark,Arabika Temanggung Mukidi,B24,38,purging,47,14400,2888,2877,8228,9411,2881,8623,15397,14557,14790,,
6709196,D-TEM,dark,Arabika Temanggung Mukidi,B24,38,purging,48,14393,2890,2874,8228,9408,2881,8623,15392,14550,14786,,
6710196,D-TEM,dark,Arabika Temanggung Mukidi,B24,38,purging,49,14385,2888,2876,8227,9404,2879,8622,15387,14543,14782,,
6711196,D-TEM,dark,Arabika Temanggung Mukidi,B24,38,purging,50,14377,2888,2877,8227,9400,2881,8621,15383,14536,14778,,
6712197,D-TEM,dark,Arabika Temanggung Mukidi,B24,38,purging,51,14371,2886,2874,8227,9396,2881,8620,15378,14530,14773,,
6713196,D-TEM,dark,Arabika Temanggung Mukidi,B24,38,purging,52,14364,2888,2872,8226,9393,2881,8618,15374,14523,14769,,
6714196,D-TEM,dark,Arabika Temanggung Mukidi,B24,38,purging,53,14358,2886,2877,8225,9389,2881,8617,15369,14516,14767,,
6715196,D-TEM,dark,Arabika Temanggung Mukidi,B24,38,purging,54,14353,2890,2872,8225,9386,2883,8615,15365,14509,14763,,
6716196,D-TEM,dark,Arabika Temanggung Mukidi,B24,38,purging,55,14347,2888,2870,8224,9382,2881,8614,15360,14502,14760,,
6717196,D-TEM,dark,Arabika Temanggung Mukidi,B24,38,purging,56,14340,2888,2872,8224,9378,2883,8614,15356,14496,14757,,
6718196,D-TEM,dark,Arabika Temanggung Mukidi,B24,38,purging,57,14335,2886,2871,8223,9375,2881,8613,15352,14490,14754,,
6719196,D-TEM,dark,Arabika Temanggung Mukidi,B24,38,purging,58,14330,2888,2868,8223,9372,2881,8612,15348,14485,14751,,
6720196,D-TEM,dark,Arabika Temanggung Mukidi,B24,38,purging,59,14326,2888,2872,8222,9369,2881,8612,15346,14479,14749,,
6721197,D-TEM,dark,Arabika Temanggung Mukidi,B24,38,purging,60,14322,2888,2868,8222,9366,2883,8610,15343,14474,14746,,
6722196,D-TEM,dark,Arabika Temanggung Mukidi,B24,38,purging,61,14317,2888,2872,8222,9363,2879,8609,15340,14469,14743,,
6723196,D-TEM,dark,Arabika Temanggung Mukidi,B24,38,purging,62,14313,2888,2872,8221,9360,2881,8609,15337,14464,14741,,
6724196,D-TEM,dark,Arabika Temanggung Mukidi,B24,38,purging,63,14309,2888,2874,8220,9357,2881,8609,15333,14459,14738,,
6725196,D-TEM,dark,Arabika Temanggung Mukidi,B24,38,purging,64,14305,2890,2871,8220,9355,2883,8609,15330,14454,14736,,
6726196,D-TEM,dark,Arabika Temanggung Mukidi,B24,38,purging,65,14300,2888,2868,8220,9352,2881,8608,15326,14449,14734,,
6727196,D-TEM,dark,Arabika Temanggung Mukidi,B24,38,purging,66,14296,2888,2874,8219,9350,2881,8608,15323,14445,14731,,
6728197,D-TEM,dark,Arabika Temanggung Mukidi,B24,38,purging,67,14292,2888,2874,8219,9348,2881,8607,15320,14441,14729,,
6729196,D-TEM,dark,Arabika Temanggung Mukidi,B24,38,purging,68,14287,2888,2877,8218,9346,2879,8606,15318,14436,14727,,
6730196,D-TEM,dark,Arabika Temanggung Mukidi,B24,38,purging,69,14282,2888,2870,8218,9342,2881,8606,15314,14432,14725,,
6731196,D-TEM,dark,Arabika Temanggung Mukidi,B24,38,purging,70,14277,2888,2870,8217,9340,2881,8606,15312,14427,14723,,
6732196,D-TEM,dark,Arabika Temanggung Mukidi,B24,38,purging,71,14274,2888,2874,8217,9338,2881,8605,15310,14422,14721,,
6733196,D-TEM,dark,Arabika Temanggung Mukidi,B24,38,purging,72,14271,2888,2870,8217,9337,2881,8605,15307,14419,14720,,
6734196,D-TEM,dark,Arabika Temanggung Mukidi,B24,38,purging,73,14268,2888,2871,8216,9335,2881,8605,15305,14416,14719,,
6735196,D-TEM,dark,Arabika Temanggung Mukidi,B24,38,purging,74,14264,2888,2870,8216,9334,2883,8606,15303,14412,14717,,
6736196,D-TEM,dark,Arabika Temanggung Mukidi,B24,38,purging,75,14260,2886,2872,8215,9332,2881,8606,15301,14409,14716,,
6737197,D-TEM,dark,Arabika Temanggung Mukidi,B24,38,purging,76,14256,2886,2874,8215,9332,2881,8607,15298,14406,14715,,
6738196,D-TEM,dark,Arabika Temanggung Mukidi,B24,38,purging,77,14251,2888,2870,8215,9330,2883,8607,15297,14402,14713,,
6739196,D-TEM,dark,Arabika Temanggung Mukidi,B24,38,purging,78,14247,2888,2874,8214,9329,2881,8608,15294,14399,14712,,
6740196,D-TEM,dark,Arabika Temanggung Mukidi,B24,38,purging,79,14243,2890,2870,8214,9327,2881,8608,15291,14395,14711,,
6741196,D-TEM,dark,Arabika Temanggung Mukidi,B24,38,purging,80,14240,2888,2874,8213,9326,2881,8608,15288,14392,14710,,
6742196,D-TEM,dark,Arabika Temanggung Mukidi,B24,38,purging,81,14236,2883,2872,8213,9325,2883,8610,15286,14389,14709,,
6743196,D-TEM,dark,Arabika Temanggung Mukidi,B24,38,purging,82,14233,2883,2873,8213,9324,2881,8610,15284,14386,14708,,
6744197,D-TEM,dark,Arabika Temanggung Mukidi,B24,38,purging,83,14230,2888,2872,8212,9324,2881,8611,15282,14384,14708,,
6745196,D-TEM,dark,Arabika Temanggung Mukidi,B24,38,purging,84,14227,2888,2877,8211,9323,2879,8611,15281,14382,14706,,
6746196,D-TEM,dark,Arabika Temanggung Mukidi,B24,38,purging,85,14224,2888,2872,8211,9322,2883,8611,15279,14379,14705,,
6747196,D-TEM,dark,Arabika Temanggung Mukidi,B24,38,purging,86,14221,2886,2872,8211,9322,2883,8611,15277,14376,14704,,
6748196,D-TEM,dark,Arabika Temanggung Mukidi,B24,38,purging,87,14218,2883,2868,8210,9321,2881,8611,15274,14374,14703,,
6749196,D-TEM,dark,Arabika Temanggung Mukidi,B24,38,purging,88,14213,2886,2877,8210,9319,2881,8611,15272,14371,14702,,
6750196,D-TEM,dark,Arabika Temanggung Mukidi,B24,38,purging,89,14208,2883,2877,8209,9318,2881,8612,15270,14368,14702,,
6751196,D-TEM,dark,Arabika Temanggung Mukidi,B24,38,purging,90,14204,2883,2872,8209,9317,2881,8613,15268,14365,14700,,
6752196,D-TEM,dark,Arabika Temanggung Mukidi,B24,38,purging,91,14200,2883,2872,8209,9316,2881,8613,15265,14362,14699,,
6753197,D-TEM,dark,Arabika Temanggung Mukidi,B24,38,purging,92,14196,2885,2870,8209,9316,2881,8614,15263,14360,14699,,
6754196,D-TEM,dark,Arabika Temanggung Mukidi,B24,38,purging,93,14192,2883,2869,8209,9315,2881,8615,15260,14358,14698,,
6755196,D-TEM,dark,Arabika Temanggung Mukidi,B24,38,purging,94,14189,2883,2870,8208,9315,2881,8616,15259,14357,14699,,
6756196,D-TEM,dark,Arabika Temanggung Mukidi,B24,38,purging,95,14185,2888,2872,8208,9315,2881,8616,15256,14355,14697,,
6757196,D-TEM,dark,Arabika Temanggung Mukidi,B24,38,purging,96,14182,2888,2872,8208,9314,2881,8617,15253,14353,14695,,
6758196,D-TEM,dark,Arabika Temanggung Mukidi,B24,38,purging,97,14179,2888,2872,8208,9313,2881,8617,15251,14350,14693,,
6759196,D-TEM,dark,Arabika Temanggung Mukidi,B24,38,purging,98,14175,2886,2874,8207,9312,2881,8616,15248,14347,14691,,
6760197,D-TEM,dark,Arabika Temanggung Mukidi,B24,38,purging,99,14171,2883,2869,8207,9309,2881,8616,15245,14344,14689,,
6761196,D-TEM,dark,Arabika Temanggung Mukidi,B24,38,purging,100,14167,2885,2870,8207,9306,2881,8615,15242,14340,14687,,
6762196,D-TEM,dark,Arabika Temanggung Mukidi,B24,38,purging,101,14162,2883,2870,8206,9303,2881,8614,15238,14336,14685,,
6763196,D-TEM,dark,Arabika Temanggung Mukidi,B24,38,purging,102,14158,2883,2874,8206,9302,2881,8613,15235,14332,14683,,
6764196,D-TEM,dark,Arabika Temanggung Mukidi,B24,38,purging,103,14155,2883,2872,8206,9299,2881,8612,15231,14328,14680,,
6765196,D-TEM,dark,Arabika Temanggung Mukidi,B24,38,purging,104,14152,2883,2875,8206,9297,2881,8611,15228,14324,14678,,
6766196,D-TEM,dark,Arabika Temanggung Mukidi,B24,38,purging,105,14149,2883,2874,8205,9295,2881,8610,15226,14321,14676,,
6767196,D-TEM,dark,Arabika Temanggung Mukidi,B24,38,purging,106,14146,2883,2870,8204,9294,2883,8610,15224,14318,14675,,
6768196,D-TEM,dark,Arabika Temanggung Mukidi,B24,38,purging,107,14144,2883,2872,8204,9293,2881,8610,15224,14316,14675,,
6769197,D-TEM,dark,Arabika Temanggung Mukidi,B24,38,purging,108,14141,2883,2877,8204,9292,2881,8610,15222,14313,14674,,
6770196,D-TEM,dark,Arabika Temanggung Mukidi,B24,38,purging,109,14139,2888,2874,8204,9291,2881,8609,15220,14311,14672,,
6771196,D-TEM,dark,Arabika Temanggung Mukidi,B24,38,purging,110,14137,2883,2874,8204,9289,2881,8608,15218,14309,14670,,
6772196,D-TEM,dark,Arabika Temanggung Mukidi,B24,38,purging,111,14135,2884,2874,8203,9286,2881,8607,15216,14306,14667,,
6773196,D-TEM,dark,Arabika Temanggung Mukidi,B24,38,purging,112,14133,2883,2872,8203,9284,2883,8606,15213,14302,14666,,
6774196,D-TEM,dark,Arabika Temanggung Mukidi,B24,38,purging,113,14131,2883,2872,8202,9282,2879,8605,15210,14299,14664,,
6775196,D-TEM,dark,Arabika Temanggung Mukidi,B24,38,purging,114,14130,2883,2874,8202,9280,2881,8604,15208,14296,14662,,
6776197,D-TEM,dark,Arabika Temanggung Mukidi,B24,38,purging,115,14128,2883,2873,8202,9277,2881,8602,15206,14293,14660,,
6777196,D-TEM,dark,Arabika Temanggung Mukidi,B24,38,purging,116,14127,2885,2872,8202,9274,2881,8601,15204,14290,14658,,
6778196,D-TEM,dark,Arabika Temanggung Mukidi,B24,38,purging,117,14126,2886,2874,8201,9272,2881,8599,15203,14287,14656,,
6779196,D-TEM,dark,Arabika Temanggung Mukidi,B24,38,purging,118,14125,2884,2872,8200,9270,2881,8598,15200,14283,14654,,
6780196,D-TEM,dark,Arabika Temanggung Mukidi,B24,38,purging,119,14124,2886,2874,8200,9268,2881,8597,15199,14281,14653,,
6781196,D-TEM,dark,Arabika Temanggung Mukidi,B24,38,purging,120,14124,2883,2870,8199,9265,2879,8596,15198,14278,14652,,
6782200,D-TEM,dark,Arabika Temanggung Mukidi,B24,38,collecting,1,14123,2886,2874,8199,9264,2881,8596,15197,14276,14650,,
6783196,D-TEM,dark,Arabika Temanggung Mukidi,B24,38,collecting,2,14124,2886,2872,8196,9261,2881,8594,15194,14273,14653,,
6784196,D-TEM,dark,Arabika Temanggung Mukidi,B24,38,collecting,3,14218,2883,2874,8195,9273,2881,8604,15208,14285,14691,,
6785197,D-TEM,dark,Arabika Temanggung Mukidi,B24,38,collecting,4,14448,2888,2872,8195,9317,2881,8627,15280,14349,14750,,
6786196,D-TEM,dark,Arabika Temanggung Mukidi,B24,38,collecting,5,14724,2888,2874,8195,9377,2883,8646,15399,14459,14817,,
6787196,D-TEM,dark,Arabika Temanggung Mukidi,B24,38,collecting,6,14989,2888,2874,8195,9438,2879,8658,15529,14586,14880,,
6788196,D-TEM,dark,Arabika Temanggung Mukidi,B24,38,collecting,7,15221,2888,2872,8195,9491,2881,8665,15648,14713,14939,,
6789196,D-TEM,dark,Arabika Temanggung Mukidi,B24,38,collecting,8,15417,2888,2877,8196,9535,2881,8669,15748,14830,14989,,
6790196,D-TEM,dark,Arabika Temanggung Mukidi,B24,38,collecting,9,15578,2888,2871,8196,9570,2881,8670,15830,14932,15032,,
6791196,D-TEM,dark,Arabika Temanggung Mukidi,B24,38,collecting,10,15710,2888,2874,8196,9598,2881,8670,15896,15021,15068,,
6792197,D-TEM,dark,Arabika Temanggung Mukidi,B24,38,collecting,11,15817,2888,2877,8196,9621,2881,8670,15950,15095,15097,,
6793196,D-TEM,dark,Arabika Temanggung Mukidi,B24,38,collecting,12,15901,2888,2872,8196,9639,2881,8668,15991,15156,15120,,
6794196,D-TEM,dark,Arabika Temanggung Mukidi,B24,38,collecting,13,15966,2888,2873,8196,9652,2881,8667,16023,15206,15138,,
6795196,D-TEM,dark,Arabika Temanggung Mukidi,B24,38,collecting,14,16017,2888,2877,8196,9662,2881,8665,16047,15245,15153,,
6796196,D-TEM,dark,Arabika Temanggung Mukidi,B24,38,collecting,15,16056,2890,2870,8196,9668,2881,8663,16064,15277,15164,,
6797196,D-TEM,dark,Arabika Temanggung Mukidi,B24,38,collecting,16,16085,2892,2872,8196,9674,2881,8661,16078,15301,15173,,
6798196,D-TEM,dark,Arabika Temanggung Mukidi,B24,38,collecting,17,16106,2890,2872,8196,9678,2883,8659,16087,15320,15179,,
6799196,D-TEM,dark,Arabika Temanggung Mukidi,B24,38,collecting,18,16120,2888,2874,8196,9680,2881,8656,16093,15335,15185,,
6800196,D-TEM,dark,Arabika Temanggung Mukidi,B24,38,collecting,19,16128,2892,2872,8196,9681,2881,8654,16097,15345,15187,,
6801197,D-TEM,dark,Arabika Temanggung Mukidi,B24,38,collecting,20,16132,2890,2874,8195,9680,2881,8653,16099,15351,15188,,
6802196,D-TEM,dark,Arabika Temanggung Mukidi,B24,38,collecting,21,16131,2890,2877,8195,9679,2883,8651,16098,15355,15188,,
6803196,D-TEM,dark,Arabika Temanggung Mukidi,B24,38,collecting,22,16127,2890,2875,8195,9677,2881,8649,16097,15356,15188,,
6804196,D-TEM,dark,Arabika Temanggung Mukidi,B24,38,collecting,23,16121,2890,2873,8195,9674,2881,8647,16093,15355,15187,,
6805196,D-TEM,dark,Arabika Temanggung Mukidi,B24,38,collecting,24,16114,2888,2870,8195,9672,2881,8645,16090,15354,15185,,
6806196,D-TEM,dark,Arabika Temanggung Mukidi,B24,38,collecting,25,16106,2888,2872,8195,9670,2881,8644,16087,15351,15183,,
6807196,D-TEM,dark,Arabika Temanggung Mukidi,B24,38,collecting,26,16097,2890,2874,8195,9668,2881,8642,16083,15348,15180,,
6808197,D-TEM,dark,Arabika Temanggung Mukidi,B24,38,collecting,27,16087,2890,2874,8194,9664,2881,8641,16078,15343,15179,,
6809196,D-TEM,dark,Arabika Temanggung Mukidi,B24,38,collecting,28,16076,2890,2872,8194,9661,2883,8639,16074,15339,15176,,
6810196,D-TEM,dark,Arabika Temanggung Mukidi,B24,38,collecting,29,16065,2892,2877,8194,9659,2881,8638,16070,15334,15174,,
6811196,D-TEM,dark,Arabika Temanggung Mukidi,B24,38,collecting,30,16053,2889,2874,8194,9655,2881,8636,16065,15328,15170,,
6812196,D-TEM,dark,Arabika Temanggung Mukidi,B24,38,collecting,31,16040,2892,2872,8194,9651,2881,8634,16059,15321,15165,,
6813196,D-TEM,dark,Arabika Temanggung Mukidi,B24,38,collecting,32,16026,2890,2870,8194,9648,2881,8633,16053,15313,15162,,
6814196,D-TEM,dark,Arabika Temanggung Mukidi,B24,38,collecting,33,16013,2890,2874,8194,9644,2883,8632,16046,15306,15159,,
6815196,D-TEM,dark,Arabika Temanggung Mukidi,B24,38,collecting,34,16001,2890,2872,8194,9642,2881,8631,16041,15299,15154,,
6816196,D-TEM,dark,Arabika Temanggung Mukidi,B24,38,collecting,35,15989,2886,2871,8194,9638,2881,8629,16036,15291,15151,,
6817197,D-TEM,dark,Arabika Temanggung Mukidi,B24,38,collecting,36,15976,2890,2872,8194,9634,2881,8628,16031,15284,15147,,
6818196,D-TEM,dark,Arabika Temanggung Mukidi,B24,38,collecting,37,15965,2888,2877,8193,9632,2881,8627,16026,15276,15144,,
6819196,D-TEM,dark,Arabika Temanggung Mukidi,B24,38,collecting,38,15953,2888,2872,8193,9628,2879,8626,16021,15270,15140,,
6820196,D-TEM,dark,Arabika Temanggung Mukidi,B24,38,collecting,39,15942,2888,2874,8193,9625,2883,8625,16016,15262,15136,,
6821196,D-TEM,dark,Arabika Temanggung Mukidi,B24,38,collecting,40,15930,2888,2873,8193,9622,2883,8623,16010,15255,15131,,
6822196,D-TEM,dark,Arabika Temanggung Mukidi,B24,38,collecting,41,15917,2888,2877,8193,9618,2881,8622,16005,15247,15127,,
6823196,D-TEM,dark,Arabika Temanggung Mukidi,B24,38,collecting,42,15906,2888,2874,8193,9615,2881,8621,15999,15239,15123,,
6824197,D-TEM,dark,Arabika Temanggung Mukidi,B24,38,collecting,43,15894,2888,2876,8193,9611,2881,8620,15993,15232,15119,,
6825196,D-TEM,dark,Arabika Temanggung Mukidi,B24,38,collecting,44,15882,2888,2874,8193,9608,2881,8619,15988,15225,15115,,
6826196,D-TEM,dark,Arabika Temanggung Mukidi,B24,38,collecting,45,15872,2886,2872,8193,9605,2881,8618,15983,15218,15112,,
6827196,D-TEM,dark,Arabika Temanggung Mukidi,B24,38,collecting,46,15862,2890,2872,8192,9603,2881,8617,15978,15211,15108,,
6828196,D-TEM,dark,Arabika Temanggung Mukidi,B24,38,collecting,47,15851,2886,2874,8192,9600,2879,8616,15973,15204,15104,,
6829196,D-TEM,dark,Arabika Temanggung Mukidi,B24,38,collecting,48,15841,2888,2877,8192,9597,2881,8615,15969,15198,15100,,
6830196,D-TEM,dark,Arabika Temanggung Mukidi,B24,38,collecting,49,15833,2888,2868,8192,9595,2881,8615,15964,15191,15097,,
6831196,D-TEM,dark,Arabika Temanggung Mukidi,B24,38,collecting,50,15825,2886,2874,8192,9593,2881,8614,15961,15186,15094,,
6832196,D-TEM,dark,Arabika Temanggung Mukidi,B24,38,collecting,51,15817,2888,2877,8192,9591,2881,8613,15958,15180,15092,,
6833197,D-TEM,dark,Arabika Temanggung Mukidi,B24,38,collecting,52,15810,2886,2877,8192,9589,2881,8612,15955,15175,15088,,
6834196,D-TEM,dark,Arabika Temanggung Mukidi,B24,38,collecting,53,15803,2890,2874,8192,9587,2881,8612,15951,15170,15085,,
6835196,D-TEM,dark,Arabika Temanggung Mukidi,B24,38,collecting,54,15794,2888,2877,8192,9585,2883,8611,15947,15165,15081,,
6836196,D-TEM,dark,Arabika Temanggung Mukidi,B24,38,collecting,55,15787,2888,2874,8192,9583,2881,8610,15943,15159,15078,,
6837196,D-TEM,dark,Arabika Temanggung Mukidi,B24,38,collecting,56,15779,2888,2875,8192,9581,2881,8609,15939,15154,15076,,
6838196,D-TEM,dark,Arabika Temanggung Mukidi,B24,38,collecting,57,15772,2886,2877,8192,9579,2881,8609,15936,15149,15072,,
6839196,D-TEM,dark,Arabika Temanggung Mukidi,B24,38,collecting,58,15765,2890,2877,8192,9577,2883,8608,15933,15144,15069,,
6840197,D-TEM,dark,Arabika Temanggung Mukidi,B24,38,collecting,59,15758,2888,2873,8191,9576,2881,8607,15930,15139,15067,,
6841196,D-TEM,dark,Arabika Temanggung Mukidi,B24,38,collecting,60,15751,2886,2870,8192,9573,2881,8607,15927,15135,15064,,
6842201,D-TEM,dark,Arabika Temanggung Mukidi,B24,39,purging,1,15746,2888,2877,8191,9572,2881,8606,15923,15130,15061,,
6843196,D-TEM,dark,Arabika Temanggung Mukidi,B24,39,purging,2,15740,2888,2872,8193,9573,2881,8608,15921,15126,15062,,
6844196,D-TEM,dark,Arabika Temanggung Mukidi,B24,39,purging,3,15714,2890,2874,8194,9572,2881,8609,15915,15120,15051,,
6845196,D-TEM,dark,Arabika Temanggung Mukidi,B24,39,purging,4,15666,2888,2877,8194,9565,2883,8607,15894,15103,15034,,
6846196,D-TEM,dark,Arabika Temanggung Mukidi,B24,39,purging,5,15605,2888,2874,8194,9553,2881,8602,15861,15076,15014,,
6847196,D-TEM,dark,Arabika Temanggung Mukidi,B24,39,purging,6,15536,2890,2874,8193,9537,2881,8597,15825,15043,14992,,
6848196,D-TEM,dark,Arabika Temanggung Mukidi,B24,39,purging,7,15463,2890,2874,8193,9521,2881,8593,15787,15007,14970,,
6849197,D-TEM,dark,Arabika Temanggung Mukidi,B24,39,purging,8,15391,2888,2874,8193,9505,2881,8588,15750,14970,14949,,
6850196,D-TEM,dark,Arabika Temanggung Mukidi,B24,39,purging,9,15319,2888,2877,8192,9489,2881,8585,15716,14934,14930,,
6851196,D-TEM,dark,Arabika Temanggung Mukidi,B24,39,purging,10,15251,2888,2872,8191,9475,2881,8581,15684,14899,14912,,
6852196,D-TEM,dark,Arabika Temanggung Mukidi,B24,39,purging,11,15186,2888,2872,8190,9461,2881,8578,15655,14866,14895,,
6853196,D-TEM,dark,Arabika Temanggung Mukidi,B24,39,purging,12,15124,2888,2874,8190,9450,2881,8575,15628,14836,14879,,
6854196,D-TEM,dark,Arabika Temanggung Mukidi,B24,39,purging,13,15067,2890,2874,8189,9440,2883,8573,15604,14808,14865,,
6855196,D-TEM,dark,Arabika Temanggung Mukidi,B24,39,purging,14,15013,2888,2874,8189,9430,2881,8571,15582,14782,14852,,
6856197,D-TEM,dark,Arabika Temanggung Mukidi,B24,39,purging,15,14964,2890,2870,8188,9421,2881,8569,15563,14758,14839,,
6857196,D-TEM,dark,Arabika Temanggung Mukidi,B24,39,purging,16,14918,2888,2872,8188,9412,2881,8567,15545,14735,14827,,
6858196,D-TEM,dark,Arabika Temanggung Mukidi,B24,39,purging,17,14875,2888,2868,8187,9404,2881,8566,15528,14714,14816,,
6859196,D-TEM,dark,Arabika Temanggung Mukidi,B24,39,purging,18,14836,2888,2877,8186,9397,2881,8564,15513,14695,14806,,
6860196,D-TEM,dark,Arabika Temanggung Mukidi,B24,39,purging,19,14799,2888,2874,8186,9390,2883,8563,15499,14676,14795,,
6861196,D-TEM,dark,Arabika Temanggung Mukidi,B24,39,purging,20,14766,2888,2877,8185,9383,2883,8561,15485,14658,14786,,
6862196,D-TEM,dark,Arabika Temanggung Mukidi,B24,39,purging,21,14735,2888,2874,8184,9375,2881,8558,15471,14640,14777,,
6863196,D-TEM,dark,Arabika Temanggung Mukidi,B24,39,purging,22,14707,2888,2870,8183,9368,2881,8556,15459,14624,14769,,
6864196,D-TEM,dark,Arabika Temanggung Mukidi,B24,39,purging,23,14680,2888,2874,8183,9362,2881,8555,15448,14609,14760,,
6865197,D-TEM,dark,Arabika Temanggung Mukidi,B24,39,purging,24,14655,2883,2874,8182,9357,2881,8553,15436,14594,14752,,
6866196,D-TEM,dark,Arabika Temanggung Mukidi,B24,39,purging,25,14632,2888,2868,8182,9351,2881,8551,15426,14580,14745,,
6867196,D-TEM,dark,Arabika Temanggung Mukidi,B24,39,purging,26,14611,2886,2872,8181,9345,2881,8549,15418,14566,14738,,
6868196,D-TEM,dark,Arabika Temanggung Mukidi,B24,39,purging,27,14592,2890,2871,8180,9339,2881,8548,15409,14554,14731,,
6869196,D-TEM,dark,Arabika Temanggung Mukidi,B24,39,purging,28,14574,2888,2873,8179,9334,2883,8546,15400,14542,14725,,
6870196,D-TEM,dark,Arabika Temanggung Mukidi,B24,39,purging,29,14558,2888,2872,8179,9329,2881,8545,15391,14530,14719,,
6871196,D-TEM,dark,Arabika Temanggung Mukidi,B24,39,purging,30,14541,2888,2877,8178,9325,2881,8544,15384,14519,14714,,
6872197,D-TEM,dark,Arabika Temanggung Mukidi,B24,39,purging,31,14526,2888,2872,8178,9321,2881,8543,15377,14509,14709,,
6873196,D-TEM,dark,Arabika Temanggung Mukidi,B24,39,purging,32,14512,2888,2874,8177,9317,2883,8543,15370,14499,14703,,
6874196,D-TEM,dark,Arabika Temanggung Mukidi,B24,39,purging,33,14499,2888,2877,8176,9313,2881,8542,15364,14490,14698,,
6875196,D-TEM,dark,Arabika Temanggung Mukidi,B24,39,purging,34,14486,2888,2877,8176,9310,2881,8542,15358,14481,14694,,
6876196,D-TEM,dark,Arabika Temanggung Mukidi,B24,39,purging,35,14475,2890,2874,8175,9307,2881,8541,15352,14472,14689,,
6877196,D-TEM,dark,Arabika Temanggung Mukidi,B24,39,purging,36,14464,2888,2877,8175,9304,2883,8540,15345,14465,14685,,
6878196,D-TEM,dark,Arabika Temanggung Mukidi,B24,39,purging,37,14454,2888,2870,8174,9302,2881,8540,15340,14458,14680,,
6879196,D-TEM,dark,Arabika Temanggung Mukidi,B24,39,purging,38,14444,2888,2874,8174,9300,2881,8539,15335,14450,14676,,
6880196,D-TEM,dark,Arabika Temanggung Mukidi,B24,39,purging,39,14434,2888,2874,8172,9296,2881,8537,15329,14442,14672,,
6881197,D-TEM,dark,Arabika Temanggung Mukidi,B24,39,purging,40,14425,2888,2874,8172,9292,2881,8535,15324,14435,14666,,
6882196,D-TEM,dark,Arabika Temanggung Mukidi,B24,39,purging,41,14417,2886,2872,8171,9287,2881,8534,15318,14427,14662,,
6883196,D-TEM,dark,Arabika Temanggung Mukidi,B24,39,purging,42,14409,2888,2874,8171,9283,2881,8531,15313,14420,14658,,
6884196,D-TEM,dark,Arabika Temanggung Mukidi,B24,39,purging,43,14402,2890,2872,8170,9280,2883,8530,15308,14413,14655,,
6885196,D-TEM,dark,Arabika Temanggung Mukidi,B24,39,purging,44,14394,2888,2872,8169,9277,2881,8530,15304,14407,14652,,
6886196,D-TEM,dark,Arabika Temanggung Mukidi,B24,39,purging,45,14388,2888,2872,8169,9274,2881,8529,15300,14401,14648,,
6887196,D-TEM,dark,Arabika Temanggung Mukidi,B24,39,purging,46,14381,2888,2873,8168,9271,2881,8527,15295,14395,14644,,
6888197,D-TEM,dark,Arabika Temanggung Mukidi,B24,39,purging,47,14374,2888,2874,8167,9267,2881,8526,15291,14388,14639,,
6889196,D-TEM,dark,Arabika Temanggung Mukidi,B24,39,purging,48,14369,2890,2871,8166,9262,2883,8523,15286,14381,14635,,
6890196,D-TEM,dark,Arabika Temanggung Mukidi,B24,39,purging,49,14363,2888,2872,8166,9259,2881,8521,15282,14375,14631,,
6891196,D-TEM,dark,Arabika Temanggung Mukidi,B24,39,purging,50,14359,2888,2877,8165,9255,2881,8519,15278,14369,14627,,
6892196,D-TEM,dark,Arabika Temanggung Mukidi,B24,39,purging,51,14353,2888,2874,8165,9252,2881,8517,15274,14363,14625,,
6893196,D-TEM,dark,Arabika Temanggung Mukidi,B24,39,purging,52,14349,2888,2872,8164,9249,2881,8517,15270,14358,14622,,
6894196,D-TEM,dark,Arabika Temanggung Mukidi,B24,39,purging,53,14345,2888,2874,8163,9247,2881,8517,15267,14353,14620,,
6895196,D-TEM,dark,Arabika Temanggung Mukidi,B24,39,purging,54,14341,2888,2874,8163,9245,2883,8517,15263,14348,14618,,
6896196,D-TEM,dark,Arabika Temanggung Mukidi,B24,39,purging,55,14337,2888,2872,8162,9243,2881,8517,15260,14345,14616,,
6897197,D-TEM,dark,Arabika Temanggung Mukidi,B24,39,purging,56,14333,2888,2872,8162,9241,2881,8516,15257,14340,14613,,
6898196,D-TEM,dark,Arabika Temanggung Mukidi,B24,39,purging,57,14329,2890,2872,8161,9238,2881,8516,15254,14336,14611,,
6899196,D-TEM,dark,Arabika Temanggung Mukidi,B24,39,purging,58,14325,2888,2872,8161,9235,2881,8515,15251,14331,14609,,
6900196,D-TEM,dark,Arabika Temanggung Mukidi,B24,39,purging,59,14321,2890,2874,8160,9233,2881,8515,15248,14326,14608,,
6901196,D-TEM,dark,Arabika Temanggung Mukidi,B24,39,purging,60,14316,2888,2874,8159,9231,2881,8515,15245,14322,14605,,
6902196,D-TEM,dark,Arabika Temanggung Mukidi,B24,39,purging,61,14311,2890,2874,8159,9229,2881,8515,15244,14318,14604,,
6903196,D-TEM,dark,Arabika Temanggung Mukidi,B24,39,purging,62,14307,2888,2870,8158,9228,2881,8515,15241,14314,14602,,
6904197,D-TEM,dark,Arabika Temanggung Mukidi,B24,39,purging,63,14302,2888,2877,8158,9225,2883,8514,15238,14310,14600,,
6905196,D-TEM,dark,Arabika Temanggung Mukidi,B24,39,purging,64,14298,2888,2874,8157,9223,2883,8514,15236,14306,14599,,
6906196,D-TEM,dark,Arabika Temanggung Mukidi,B24,39,purging,65,14295,2888,2872,8157,9221,2881,8514,15232,14303,14597,,
6907196,D-TEM,dark,Arabika Temanggung Mukidi,B24,39,purging,66,14292,2888,2871,8156,9220,2883,8514,15230,14300,14595,,
6908196,D-TEM,dark,Arabika Temanggung Mukidi,B24,39,purging,67,14289,2888,2872,8156,9219,2881,8513,15228,14298,14593,,
6909196,D-TEM,dark,Arabika Temanggung Mukidi,B24,39,purging,68,14285,2888,2877,8155,9218,2881,8513,15225,14296,14592,,
6910196,D-TEM,dark,Arabika Temanggung Mukidi,B24,39,purging,69,14283,2888,2877,8155,9218,2883,8513,15223,14293,14591,,
6911196,D-TEM,dark,Arabika Temanggung Mukidi,B24,39,purging,70,14281,2888,2874,8155,9218,2881,8513,15221,14291,14590,,
6912196,D-TEM,dark,Arabika Temanggung Mukidi,B24,39,purging,71,14278,2888,2877,8154,9218,2881,8514,15219,14290,14590,,
6913197,D-TEM,dark,Arabika Temanggung Mukidi,B24,39,purging,72,14275,2888,2874,8154,9217,2881,8514,15218,14290,14590,,
6914196,D-TEM,dark,Arabika Temanggung Mukidi,B24,39,purging,73,14273,2888,2874,8153,9217,2883,8515,15216,14290,14590,,
6915196,D-TEM,dark,Arabika Temanggung Mukidi,B24,39,purging,74,14271,2890,2872,8153,9217,2883,8516,15215,14290,14589,,
6916196,D-TEM,dark,Arabika Temanggung Mukidi,B24,39,purging,75,14269,2888,2870,8153,9217,2881,8516,15213,14289,14587,,
6917196,D-TEM,dark,Arabika Temanggung Mukidi,B24,39,purging,76,14267,2888,2874,8153,9217,2881,8515,15210,14288,14586,,
6918196,D-TEM,dark,Arabika Temanggung Mukidi,B24,39,purging,77,14265,2888,2877,8152,9216,2883,8515,15207,14286,14586,,
6919196,D-TEM,dark,Arabika Temanggung Mukidi,B24,39,purging,78,14262,2888,2874,8152,9216,2881,8515,15205,14285,14584,,
6920197,D-TEM,dark,Arabika Temanggung Mukidi,B24,39,purging,79,14260,2888,2874,8152,9215,2881,8515,15203,14284,14583,,
6921196,D-TEM,dark,Arabika Temanggung Mukidi,B24,39,purging,80,14257,2888,2872,8151,9215,2881,8514,15201,14283,14582,,
6922196,D-TEM,dark,Arabika Temanggung Mukidi,B24,39,purging,81,14255,2890,2877,8151,9215,2881,8514,15200,14282,14582,,
6923196,D-TEM,dark,Arabika Temanggung Mukidi,B24,39,purging,82,14253,2886,2874,8150,9214,2881,8514,15197,14281,14581,,
6924196,D-TEM,dark,Arabika Temanggung Mukidi,B24,39,purging,83,14251,2888,2874,8150,9213,2881,8514,15195,14279,14581,,
6925196,D-TEM,dark,Arabika Temanggung Mukidi,B24,39,purging,84,14249,2888,2877,8150,9213,2881,8514,15194,14279,14581,,
6926196,D-TEM,dark,Arabika Temanggung Mukidi,B24,39,purging,85,14247,2888,2874,8150,9212,2881,8515,15193,14278,14580,,
6927196,D-TEM,dark,Arabika Temanggung Mukidi,B24,39,purging,86,14245,2888,2877,8149,9212,2883,8515,15191,14277,14580,,
6928196,D-TEM,dark,Arabika Temanggung Mukidi,B24,39,purging,87,14242,2888,2874,8148,9211,2881,8515,15189,14276,14579,,
6929197,D-TEM,dark,Arabika Temanggung Mukidi,B24,39,purging,88,14239,2888,2874,8148,9210,2881,8515,15187,14274,14578,,
6930196,D-TEM,dark,Arabika Temanggung Mukidi,B24,39,purging,89,14236,2886,2874,8148,9209,2881,8516,15185,14272,14578,,
6931196,D-TEM,dark,Arabika Temanggung Mukidi,B24,39,purging,90,14233,2888,2877,8147,9208,2881,8516,15183,14271,14577,,
6932196,D-TEM,dark,Arabika Temanggung Mukidi,B24,39,purging,91,14228,2890,2874,8147,9208,2881,8517,15181,14269,14576,,
6933196,D-TEM,dark,Arabika Temanggung Mukidi,B24,39,purging,92,14225,2886,2874,8146,9207,2881,8517,15179,14268,14575,,
6934196,D-TEM,dark,Arabika Temanggung Mukidi,B24,39,purging,93,14221,2886,2874,8146,9206,2883,8517,15176,14265,14574,,
6935196,D-TEM,dark,Arabika Temanggung Mukidi,B24,39,purging,94,14218,2884,2874,8146,9205,2881,8516,15174,14263,14572,,
6936197,D-TEM,dark,Arabika Temanggung Mukidi,B24,39,purging,95,14215,2886,2874,8145,9203,2881,8516,15171,14260,14570,,
6937196,D-TEM,dark,Arabika Temanggung Mukidi,B24,39,purging,96,14213,2886,2874,8144,9201,2881,8515,15168,14257,14569,,
6938196,D-TEM,dark,Arabika Temanggung Mukidi,B24,39,purging,97,14211,2888,2870,8144,9199,2881,8513,15165,14254,14567,,
6939196,D-TEM,dark,Arabika Temanggung Mukidi,B24,39,purging,98,14208,2886,2877,8143,9197,2881,8512,15163,14251,14565,,
6940196,D-TEM,dark,Arabika Temanggung Mukidi,B24,39,purging,99,14207,2886,2877,8143,9194,2881,8510,15161,14247,14562,,
6941196,D-TEM,dark,Arabika Temanggung Mukidi,B24,39,purging,100,14206,2883,2877,8142,9191,2881,8508,15159,14244,14559,,
6942196,D-TEM,dark,Arabika Temanggung Mukidi,B24,39,purging,101,14205,2883,2877,8142,9189,2881,8507,15157,14240,14557,,
6943196,D-TEM,dark,Arabika Temanggung Mukidi,B24,39,purging,102,14204,2886,2877,8140,9185,2883,8505,15155,14237,14555,,
6944196,D-TEM,dark,Arabika Temanggung Mukidi,B24,39,purging,103,14203,2883,2877,8141,9183,2881,8504,15154,14234,14554,,
6945197,D-TEM,dark,Arabika Temanggung Mukidi,B24,39,purging,104,14202,2883,2874,8140,9181,2883,8503,15152,14232,14553,,
6946196,D-TEM,dark,Arabika Temanggung Mukidi,B24,39,purging,105,14201,2886,2874,8139,9179,2881,8502,15151,14229,14552,,
6947196,D-TEM,dark,Arabika Temanggung Mukidi,B24,39,purging,106,14199,2883,2877,8139,9178,2881,8502,15149,14227,14551,,
6948196,D-TEM,dark,Arabika Temanggung Mukidi,B24,39,purging,107,14198,2883,2877,8138,9176,2881,8503,15148,14225,14551,,
6949196,D-TEM,dark,Arabika Temanggung Mukidi,B24,39,purging,108,14196,2886,2872,8138,9176,2881,8503,15146,14222,14551,,
6950196,D-TEM,dark,Arabika Temanggung Mukidi,B24,39,purging,109,14193,2883,2877,8137,9175,2881,8504,15144,14220,14549,,
6951196,D-TEM,dark,Arabika Temanggung Mukidi,B24,39,purging,110,14190,2886,2877,8137,9175,2881,8504,15143,14219,14550,,
6952197,D-TEM,dark,Arabika Temanggung Mukidi,B24,39,purging,111,14186,2886,2874,8132,9167,2881,8505,15130,14206,14539,,
6953196,D-TEM,dark,Arabika Temanggung Mukidi,B24,39,purging,112,14183,2884,2874,8134,9167,2883,8506,15136,14215,14550,,
6954196,D-TEM,dark,Arabika Temanggung Mukidi,B24,39,purging,113,14179,2888,2874,8136,9174,2881,8507,15137,14213,14550,,
6955196,D-TEM,dark,Arabika Temanggung Mukidi,B24,39,purging,114,14176,2886,2877,8133,9173,2881,8509,15136,14208,14547,,
6956196,D-TEM,dark,Arabika Temanggung Mukidi,B24,39,purging,115,14172,2888,2874,8134,9173,2881,8510,15134,14209,14550,,
6957196,D-TEM,dark,Arabika Temanggung Mukidi,B24,39,purging,116,14168,2883,2874,8134,9174,2881,8513,15133,14207,14549,,
6958196,D-TEM,dark,Arabika Temanggung Mukidi,B24,39,purging,117,14164,2886,2874,8134,9174,2883,8514,15131,14206,14548,,
6959196,D-TEM,dark,Arabika Temanggung Mukidi,B24,39,purging,118,14162,2886,2873,8133,9174,2881,8515,15131,14205,14549,,
6960196,D-TEM,dark,Arabika Temanggung Mukidi,B24,39,purging,119,14158,2886,2877,8133,9174,2881,8515,15129,14204,14548,,
6961197,D-TEM,dark,Arabika Temanggung Mukidi,B24,39,purging,120,14156,2886,2874,8133,9175,2883,8515,15128,14203,14549,,
6962200,D-TEM,dark,Arabika Temanggung Mukidi,B24,39,collecting,1,14155,2886,2872,8132,9174,2883,8516,15127,14202,14547,,
6963196,D-TEM,dark,Arabika Temanggung Mukidi,B24,39,collecting,2,14155,2883,2877,8129,9172,2881,8514,15125,14201,14551,,
6964196,D-TEM,dark,Arabika Temanggung Mukidi,B24,39,collecting,3,14243,2888,2870,8128,9183,2881,8524,15136,14210,14589,,
6965196,D-TEM,dark,Arabika Temanggung Mukidi,B24,39,collecting,4,14464,2888,2877,8127,9221,2883,8546,15207,14269,14648,,
6966196,D-TEM,dark,Arabika Temanggung Mukidi,B24,39,collecting,5,14734,2888,2873,8126,9275,2881,8567,15327,14368,14711,,
6967196,D-TEM,dark,Arabika Temanggung Mukidi,B24,39,collecting,6,14994,2888,2869,8126,9332,2881,8581,15456,14485,14775,,
6968197,D-TEM,dark,Arabika Temanggung Mukidi,B24,39,collecting,7,15222,2888,2874,8126,9382,2883,8589,15575,14603,14832,,
6969196,D-TEM,dark,Arabika Temanggung Mukidi,B24,39,collecting,8,15414,2890,2877,8126,9425,2883,8594,15677,14713,14883,,
6970196,D-TEM,dark,Arabika Temanggung Mukidi,B24,39,collecting,9,15572,2888,2868,8126,9460,2881,8595,15760,14810,14924,,
6971196,D-TEM,dark,Arabika Temanggung Mukidi,B24,39,collecting,10,15699,2888,2870,8126,9487,2881,8596,15824,14892,14958,,
6972196,D-TEM,dark,Arabika Temanggung Mukidi,B24,39,collecting,11,15802,2888,2877,8126,9509,2883,8596,15876,14962,14987,,
6973196,D-TEM,dark,Arabika Temanggung Mukidi,B24,39,collecting,12,15884,2888,2874,8125,9525,2881,8596,15918,15020,15010,,
6974196,D-TEM,dark,Arabika Temanggung Mukidi,B24,39,collecting,13,15949,2886,2872,8126,9539,2881,8595,15949,15068,15029,,
6975196,D-TEM,dark,Arabika Temanggung Mukidi,B24,39,collecting,14,15998,2890,2874,8125,9549,2881,8593,15973,15107,15043,,
6976196,D-TEM,dark,Arabika Temanggung Mukidi,B24,39,collecting,15,16036,2890,2877,8125,9557,2883,8592,15991,15138,15055,,
6977197,D-TEM,dark,Arabika Temanggung Mukidi,B24,39,collecting,16,16065,2890,2877,8125,9563,2883,8590,16003,15163,15063,,
6978196,D-TEM,dark,Arabika Temanggung Mukidi,B24,39,collecting,17,16085,2888,2874,8125,9567,2881,8588,16013,15181,15070,,
6979196,D-TEM,dark,Arabika Temanggung Mukidi,B24,39,collecting,18,16098,2888,2877,8125,9569,2883,8587,16018,15193,15074,,
6980196,D-TEM,dark,Arabika Temanggung Mukidi,B24,39,collecting,19,16107,2890,2872,8125,9570,2883,8585,16023,15206,15077,,
6981196,D-TEM,dark,Arabika Temanggung Mukidi,B24,39,collecting,20,16111,2888,2874,8125,9570,2881,8583,16024,15213,15079,,
6982196,D-TEM,dark,Arabika Temanggung Mukidi,B24,39,collecting,21,16112,2888,2877,8124,9571,2881,8581,16025,15218,15080,,
6983196,D-TEM,dark,Arabika Temanggung Mukidi,B24,39,collecting,22,16110,2890,2872,8124,9571,2881,8579,16024,15218,15079,,
6984197,D-TEM,dark,Arabika Temanggung Mukidi,B24,39,collecting,23,16107,2890,2874,8124,9570,2881,8578,16022,15224,15081,,
6985196,D-TEM,dark,Arabika Temanggung Mukidi,B24,39,collecting,24,16101,2890,2877,8124,9569,2883,8576,16020,15223,15081,,
6986196,D-TEM,dark,Arabika Temanggung Mukidi,B24,39,collecting,25,16095,2890,2877,8124,9567,2883,8575,16018,15223,15080,,
6987196,D-TEM,dark,Arabika Temanggung Mukidi,B24,39,collecting,26,16087,2890,2877,8123,9566,2881,8573,16012,15220,15078,,
6988196,D-TEM,dark,Arabika Temanggung Mukidi,B24,39,collecting,27,16079,2890,2877,8123,9563,2881,8572,16012,15220,15077,,
6989196,D-TEM,dark,Arabika Temanggung Mukidi,B24,39,collecting,28,16070,2890,2877,8123,9562,2883,8571,16009,15216,15075,,
6990196,D-TEM,dark,Arabika Temanggung Mukidi,B24,39,collecting,29,16060,2890,2877,8123,9559,2881,8570,16007,15214,15072,,
6991196,D-TEM,dark,Arabika Temanggung Mukidi,B24,39,collecting,30,16048,2890,2877,8123,9558,2881,8569,16001,15210,15070,,
6992196,D-TEM,dark,Arabika Temanggung Mukidi,B24,39,collecting,31,16035,2888,2874,8123,9556,2881,8568,15996,15205,15067,,
6993197,D-TEM,dark,Arabika Temanggung Mukidi,B24,39,collecting,32,16022,2890,2877,8123,9553,2881,8568,15990,15199,15064,,
6994196,D-TEM,dark,Arabika Temanggung Mukidi,B24,39,collecting,33,16009,2888,2874,8123,9550,2881,8567,15984,15193,15061,,
6995196,D-TEM,dark,Arabika Temanggung Mukidi,B24,39,collecting,34,15995,2888,2874,8123,9548,2883,8566,15978,15186,15057,,
6996196,D-TEM,dark,Arabika Temanggung Mukidi,B24,39,collecting,35,15980,2888,2877,8122,9545,2881,8565,15971,15180,15053,,
6997196,D-TEM,dark,Arabika Temanggung Mukidi,B24,39,collecting,36,15965,2890,2872,8122,9542,2881,8564,15965,15173,15049,,
6998196,D-TEM,dark,Arabika Temanggung Mukidi,B24,39,collecting,37,15950,2888,2874,8122,9539,2883,8564,15958,15165,15045,,
6999196,D-TEM,dark,Arabika Temanggung Mukidi,B24,39,collecting,38,15936,2888,2874,8122,9537,2881,8563,15951,15157,15041,,
7000197,D-TEM,dark,Arabika Temanggung Mukidi,B24,39,collecting,39,15922,2888,2877,8122,9534,2881,8562,15945,15150,15037,,
7001196,D-TEM,dark,Arabika Temanggung Mukidi,B24,39,collecting,40,15908,2890,2877,8122,9531,2881,8562,15939,15143,15033,,
7002196,D-TEM,dark,Arabika Temanggung Mukidi,B24,39,collecting,41,15895,2888,2877,8122,9529,2881,8562,15934,15137,15030,,
7003196,D-TEM,dark,Arabika Temanggung Mukidi,B24,39,collecting,42,15883,2888,2874,8121,9527,2881,8561,15928,15130,15027,,
7004196,D-TEM,dark,Arabika Temanggung Mukidi,B24,39,collecting,43,15870,2888,2877,8121,9526,2881,8561,15923,15125,15024,,
7005196,D-TEM,dark,Arabika Temanggung Mukidi,B24,39,collecting,44,15858,2888,2874,8121,9524,2881,8560,15919,15120,15021,,
7006196,D-TEM,dark,Arabika Temanggung Mukidi,B24,39,collecting,45,15847,2888,2877,8121,9523,2883,8560,15914,15114,15018,,
7007196,D-TEM,dark,Arabika Temanggung Mukidi,B24,39,collecting,46,15837,2888,2874,8121,9521,2883,8560,15909,15109,15016,,
7008196,D-TEM,dark,Arabika Temanggung Mukidi,B24,39,collecting,47,15828,2890,2874,8121,9520,2881,8560,15906,15105,15013,,
7009197,D-TEM,dark,Arabika Temanggung Mukidi,B24,39,collecting,48,15819,2888,2877,8121,9520,2881,8559,15902,15101,15010,,
7010196,D-TEM,dark,Arabika Temanggung Mukidi,B24,39,collecting,49,15810,2888,2870,8121,9519,2881,8559,15898,15097,15008,,
7011196,D-TEM,dark,Arabika Temanggung Mukidi,B24,39,collecting,50,15800,2890,2877,8121,9518,2883,8559,15895,15093,15006,,
7012196,D-TEM,dark,Arabika Temanggung Mukidi,B24,39,collecting,51,15791,2888,2875,8120,9518,2881,8560,15892,15089,15004,,
7013196,D-TEM,dark,Arabika Temanggung Mukidi,B24,39,collecting,52,15783,2888,2874,8120,9518,2881,8559,15888,15087,15003,,
7014196,D-TEM,dark,Arabika Temanggung Mukidi,B24,39,collecting,53,15774,2888,2874,8120,9517,2881,8559,15884,15083,15001,,
7015196,D-TEM,dark,Arabika Temanggung Mukidi,B24,39,collecting,54,15766,2888,2874,8120,9517,2881,8560,15881,15080,14999,,
7016197,D-TEM,dark,Arabika Temanggung Mukidi,B24,39,collecting,55,15758,2888,2877,8120,9516,2881,8560,15878,15077,14997,,
7017196,D-TEM,dark,Arabika Temanggung Mukidi,B24,39,collecting,56,15751,2888,2877,8119,9516,2881,8561,15875,15073,14996,,
7018196,D-TEM,dark,Arabika Temanggung Mukidi,B24,39,collecting,57,15744,2888,2872,8119,9516,2883,8562,15872,15071,14995,,
7019196,D-TEM,dark,Arabika Temanggung Mukidi,B24,39,collecting,58,15738,2888,2874,8119,9517,2881,8563,15870,15069,14994,,
7020196,D-TEM,dark,Arabika Temanggung Mukidi,B24,39,collecting,59,15731,2890,2874,8119,9518,2881,8564,15870,15067,14994,,
7021196,D-TEM,dark,Arabika Temanggung Mukidi,B24,39,collecting,60,15725,2888,2874,8119,9518,2883,8564,15867,15066,14993,,
7022200,D-TEM,dark,Arabika Temanggung Mukidi,B24,40,purging,1,15718,2886,2874,8119,9519,2881,8565,15865,15063,14993,,
7023196,D-TEM,dark,Arabika Temanggung Mukidi,B24,40,purging,2,15711,2890,2877,8121,9522,2881,8569,15863,15063,14997,,
7024196,D-TEM,dark,Arabika Temanggung Mukidi,B24,40,purging,3,15684,2888,2872,8122,9526,2879,8573,15858,15060,14993,,
7025197,D-TEM,dark,Arabika Temanggung Mukidi,B24,40,purging,4,15635,2888,2877,8122,9525,2883,8578,15840,15049,14984,,
7026196,D-TEM,dark,Arabika Temanggung Mukidi,B24,40,purging,5,15571,2888,2874,8122,9521,2881,8583,15811,15029,14971,,
7027196,D-TEM,dark,Arabika Temanggung Mukidi,B24,40,purging,6,15500,2888,2877,8122,9515,2883,8588,15777,15003,14957,,
7028196,D-TEM,dark,Arabika Temanggung Mukidi,B24,40,purging,7,15425,2890,2877,8121,9509,2881,8591,15742,14976,14942,,
7029196,D-TEM,dark,Arabika Temanggung Mukidi,B24,40,purging,8,15350,2888,2872,8121,9501,2881,8594,15708,14947,14927,,
7030196,D-TEM,dark,Arabika Temanggung Mukidi,B24,40,purging,9,15275,2888,2874,8120,9495,2881,8597,15676,14918,14913,,
7031196,D-TEM,dark,Arabika Temanggung Mukidi,B24,40,purging,10,15204,2888,2872,8120,9488,2883,8600,15647,14892,14899,,
7032197,D-TEM,dark,Arabika Temanggung Mukidi,B24,40,purging,11,15137,2888,2872,8119,9481,2881,8601,15620,14866,14886,,
7033196,D-TEM,dark,Arabika Temanggung Mukidi,B24,40,purging,12,15073,2886,2877,8119,9475,2881,8602,15594,14841,14873,,
7034196,D-TEM,dark,Arabika Temanggung Mukidi,B24,40,purging,13,15013,2888,2877,8119,9469,2883,8602,15571,14818,14862,,
7035196,D-TEM,dark,Arabika Temanggung Mukidi,B24,40,purging,14,14958,2890,2872,8118,9463,2881,8603,15550,14797,14852,,
7036196,D-TEM,dark,Arabika Temanggung Mukidi,B24,40,purging,15,14906,2888,2874,8117,9457,2881,8604,15531,14777,14843,,
7037196,D-TEM,dark,Arabika Temanggung Mukidi,B24,40,purging,16,14858,2888,2874,8117,9452,2881,8605,15513,14758,14835,,
7038196,D-TEM,dark,Arabika Temanggung Mukidi,B24,40,purging,17,14814,2886,2874,8116,9447,2881,8606,15497,14741,14827,,
7039196,D-TEM,dark,Arabika Temanggung Mukidi,B24,40,purging,18,14774,2888,2874,8116,9443,2883,8607,15483,14725,14819,,
7040196,D-TEM,dark,Arabika Temanggung Mukidi,B24,40,purging,19,14735,2888,2877,8116,9440,2881,8608,15468,14710,14812,,
7041197,D-TEM,dark,Arabika Temanggung Mukidi,B24,40,purging,20,14700,2888,2877,8115,9437,2883,8608,15455,14696,14805,,
7042196,D-TEM,dark,Arabika Temanggung Mukidi,B24,40,purging,21,14668,2888,2874,8115,9432,2883,8608,15444,14683,14800,,
7043196,D-TEM,dark,Arabika Temanggung Mukidi,B24,40,purging,22,14638,2888,2877,8115,9429,2881,8609,15432,14671,14794,,
7044196,D-TEM,dark,Arabika Temanggung Mukidi,B24,40,purging,23,14610,2890,2877,8115,9426,2883,8610,15422,14659,14788,,
7045196,D-TEM,dark,Arabika Temanggung Mukidi,B24,40,purging,24,14585,2888,2874,8114,9423,2881,8610,15411,14648,14782,,
7046196,D-TEM,dark,Arabika Temanggung Mukidi,B24,40,purging,25,14560,2888,2877,8114,9421,2883,8611,15401,14637,14777,,
7047196,D-TEM,dark,Arabika Temanggung Mukidi,B24,40,purging,26,14538,2888,2874,8114,9419,2881,8611,15393,14627,14772,,
7048197,D-TEM,dark,Arabika Temanggung Mukidi,B24,40,purging,27,14517,2890,2874,8113,9416,2881,8611,15385,14617,14768,,
7049196,D-TEM,dark,Arabika Temanggung Mukidi,B24,40,purging,28,14496,2888,2877,8114,9414,2881,8611,15378,14608,14765,,
7050196,D-TEM,dark,Arabika Temanggung Mukidi,B24,40,purging,29,14478,2890,2877,8113,9413,2881,8612,15370,14599,14761,,
7051196,D-TEM,dark,Arabika Temanggung Mukidi,B24,40,purging,30,14462,2888,2877,8113,9411,2881,8613,15363,14592,14759,,
7052196,D-TEM,dark,Arabika Temanggung Mukidi,B24,40,purging,31,14445,2888,2874,8112,9409,2883,8616,15356,14585,14758,,
7053196,D-TEM,dark,Arabika Temanggung Mukidi,B24,40,purging,32,14430,2888,2874,8112,9409,2883,8618,15350,14579,14755,,
7054196,D-TEM,dark,Arabika Temanggung Mukidi,B24,40,purging,33,14415,2888,2874,8112,9409,2881,8620,15344,14574,14753,,
7055196,D-TEM,dark,Arabika Temanggung Mukidi,B24,40,purging,34,14401,2890,2874,8112,9409,2881,8622,15338,14568,14750,,
7056196,D-TEM,dark,Arabika Temanggung Mukidi,B24,40,purging,35,14388,2890,2877,8111,9409,2881,8623,15332,14563,14748,,
7057197,D-TEM,dark,Arabika Temanggung Mukidi,B24,40,purging,36,14375,2886,2874,8112,9410,2881,8624,15327,14559,14745,,
7058196,D-TEM,dark,Arabika Temanggung Mukidi,B24,40,purging,37,14363,2888,2877,8111,9410,2881,8625,15322,14554,14743,,
7059196,D-TEM,dark,Arabika Temanggung Mukidi,B24,40,purging,38,14352,2888,2877,8111,9409,2883,8626,15317,14549,14741,,
7060196,D-TEM,dark,Arabika Temanggung Mukidi,B24,40,purging,39,14342,2888,2874,8111,9409,2881,8627,15312,14545,14739,,
7061196,D-TEM,dark,Arabika Temanggung Mukidi,B24,40,purging,40,14332,2888,2872,8110,9407,2883,8627,15307,14540,14736,,
7062196,D-TEM,dark,Arabika Temanggung Mukidi,B24,40,purging,41,14322,2888,2877,8110,9406,2881,8628,15302,14535,14735,,
7063196,D-TEM,dark,Arabika Temanggung Mukidi,B24,40,purging,42,14313,2888,2877,8110,9405,2883,8628,15298,14531,14733,,
7064197,D-TEM,dark,Arabika Temanggung Mukidi,B24,40,purging,43,14305,2888,2872,8110,9403,2883,8628,15294,14526,14731,,
7065196,D-TEM,dark,Arabika Temanggung Mukidi,B24,40,purging,44,14297,2888,2874,8110,9403,2883,8628,15290,14522,14729,,
7066196,D-TEM,dark,Arabika Temanggung Mukidi,B24,40,purging,45,14289,2890,2877,8110,9402,2881,8630,15286,14519,14728,,
7067196,D-TEM,dark,Arabika Temanggung Mukidi,B24,40,purging,46,14281,2890,2872,8110,9402,2883,8630,15281,14515,14726,,
7068196,D-TEM,dark,Arabika Temanggung Mukidi,B24,40,purging,47,14274,2888,2877,8110,9403,2881,8632,15277,14512,14726,,
7069196,D-TEM,dark,Arabika Temanggung Mukidi,B24,40,purging,48,14267,2888,2872,8109,9402,2881,8632,15273,14508,14725,,
7070196,D-TEM,dark,Arabika Temanggung Mukidi,B24,40,purging,49,14260,2886,2872,8109,9401,2883,8634,15270,14505,14724,,
7071196,D-TEM,dark,Arabika Temanggung Mukidi,B24,40,purging,50,14253,2888,2872,8109,9401,2883,8636,15267,14502,14724,,
7072196,D-TEM,dark,Arabika Temanggung Mukidi,B24,40,purging,51,14245,2888,2874,8109,9401,2881,8637,15263,14500,14723,,
7073197,D-TEM,dark,Arabika Temanggung Mukidi,B24,40,purging,52,14238,2888,2874,8109,9401,2883,8639,15259,14497,14723,,
7074196,D-TEM,dark,Arabika Temanggung Mukidi,B24,40,purging,53,14231,2888,2874,8109,9401,2883,8641,15256,14494,14723,,
7075196,D-TEM,dark,Arabika Temanggung Mukidi,B24,40,purging,54,14224,2888,2877,8109,9402,2881,8643,15253,14492,14724,,
7076196,D-TEM,dark,Arabika Temanggung Mukidi,B24,40,purging,55,14216,2886,2877,8109,9403,2881,8645,15250,14489,14724,,
7077196,D-TEM,dark,Arabika Temanggung Mukidi,B24,40,purging,56,14209,2886,2877,8108,9404,2881,8648,15246,14486,14724,,
7078196,D-TEM,dark,Arabika Temanggung Mukidi,B24,40,purging,57,14201,2886,2877,8109,9404,2881,8650,15242,14484,14725,,
7079196,D-TEM,dark,Arabika Temanggung Mukidi,B24,40,purging,58,14194,2886,2874,8109,9405,2881,8653,15240,14482,14724,,
7080197,D-TEM,dark,Arabika Temanggung Mukidi,B24,40,purging,59,14187,2883,2877,8109,9406,2883,8655,15238,14480,14724,,
7081196,D-TEM,dark,Arabika Temanggung Mukidi,B24,40,purging,60,14180,2886,2877,8109,9407,2881,8656,15234,14478,14723,,
7082196,D-TEM,dark,Arabika Temanggung Mukidi,B24,40,purging,61,14175,2883,2877,8109,9408,2881,8657,15231,14476,14722,,
7083196,D-TEM,dark,Arabika Temanggung Mukidi,B24,40,purging,62,14169,2886,2874,8109,9409,2881,8658,15229,14475,14722,,
7084196,D-TEM,dark,Arabika Temanggung Mukidi,B24,40,purging,63,14164,2886,2877,8109,9410,2881,8659,15227,14473,14723,,
7085196,D-TEM,dark,Arabika Temanggung Mukidi,B24,40,purging,64,14158,2884,2872,8109,9411,2883,8661,15225,14472,14724,,
7086196,D-TEM,dark,Arabika Temanggung Mukidi,B24,40,purging,65,14151,2886,2874,8109,9411,2883,8663,15223,14470,14725,,
7087196,D-TEM,dark,Arabika Temanggung Mukidi,B24,40,purging,66,14145,2886,2872,8109,9412,2881,8666,15220,14469,14724,,
7088196,D-TEM,dark,Arabika Temanggung Mukidi,B24,40,purging,67,14138,2886,2877,8109,9412,2881,8668,15217,14467,14726,,
7089197,D-TEM,dark,Arabika Temanggung Mukidi,B24,40,purging,68,14132,2883,2877,8109,9413,2883,8669,15215,14466,14726,,
7090196,D-TEM,dark,Arabika Temanggung Mukidi,B24,40,purging,69,14126,2884,2870,8108,9413,2883,8671,15211,14463,14725,,
7091196,D-TEM,dark,Arabika Temanggung Mukidi,B24,40,purging,70,14120,2886,2877,8108,9413,2883,8673,15209,14461,14724,,
7092196,D-TEM,dark,Arabika Temanggung Mukidi,B24,40,purging,71,14114,2886,2872,8108,9413,2881,8674,15206,14459,14723,,
7093196,D-TEM,dark,Arabika Temanggung Mukidi,B24,40,purging,72,14109,2886,2877,8109,9413,2881,8675,15204,14456,14724,,
7094196,D-TEM,dark,Arabika Temanggung Mukidi,B24,40,purging,73,14104,2886,2872,8108,9413,2883,8675,15202,14454,14723,,
7095196,D-TEM,dark,Arabika Temanggung Mukidi,B24,40,purging,74,14099,2886,2877,8109,9413,2881,8675,15199,14452,14722,,
7096197,D-TEM,dark,Arabika Temanggung Mukidi,B24,40,purging,75,14094,2886,2875,8109,9412,2883,8676,15196,14449,14722,,
7097196,D-TEM,dark,Arabika Temanggung Mukidi,B24,40,purging,76,14090,2886,2872,8108,9411,2883,8676,15194,14447,14721,,
7098196,D-TEM,dark,Arabika Temanggung Mukidi,B24,40,purging,77,14087,2884,2874,8109,9410,2883,8677,15191,14445,14721,,
7099196,D-TEM,dark,Arabika Temanggung Mukidi,B24,40,purging,78,14083,2886,2877,8109,9409,2881,8677,15189,14442,14720,,
7100196,D-TEM,dark,Arabika Temanggung Mukidi,B24,40,purging,79,14080,2886,2870,8109,9409,2881,8677,15187,14440,14719,,
7101196,D-TEM,dark,Arabika Temanggung Mukidi,B24,40,purging,80,14076,2883,2877,8109,9409,2881,8677,15184,14437,14718,,
7102196,D-TEM,dark,Arabika Temanggung Mukidi,B24,40,purging,81,14072,2886,2874,8109,9407,2883,8677,15182,14435,14718,,
7103196,D-TEM,dark,Arabika Temanggung Mukidi,B24,40,purging,82,14068,2886,2877,8109,9406,2881,8678,15179,14432,14717,,
7104196,D-TEM,dark,Arabika Temanggung Mukidi,B24,40,purging,83,14065,2883,2874,8109,9406,2881,8678,15177,14430,14717,,
7105197,D-TEM,dark,Arabika Temanggung Mukidi,B24,40,purging,84,14061,2883,2870,8109,9404,2883,8678,15176,14428,14716,,
7106196,D-TEM,dark,Arabika Temanggung Mukidi,B24,40,purging,85,14058,2888,2877,8109,9403,2883,8678,15172,14426,14715,,
7107196,D-TEM,dark,Arabika Temanggung Mukidi,B24,40,purging,86,14053,2886,2874,8109,9402,2881,8678,15171,14423,14714,,
7108196,D-TEM,dark,Arabika Temanggung Mukidi,B24,40,purging,87,14050,2883,2874,8109,9399,2881,8678,15168,14419,14713,,
7109196,D-TEM,dark,Arabika Temanggung Mukidi,B24,40,purging,88,14045,2886,2877,8109,9398,2881,8678,15166,14416,14713,,
7110196,D-TEM,dark,Arabika Temanggung Mukidi,B24,40,purging,89,14042,2886,2877,8109,9398,2883,8679,15164,14413,14712,,
7111196,D-TEM,dark,Arabika Temanggung Mukidi,B24,40,purging,90,14038,2883,2877,8110,9398,2883,8679,15161,14411,14712,,
7112197,D-TEM,dark,Arabika Temanggung Mukidi,B24,40,purging,91,14035,2886,2874,8110,9398,2881,8680,15159,14410,14712,,
7113196,D-TEM,dark,Arabika Temanggung Mukidi,B24,40,purging,92,14032,2886,2877,8110,9398,2881,8680,15158,14408,14712,,
7114196,D-TEM,dark,Arabika Temanggung Mukidi,B24,40,purging,93,14029,2886,2877,8110,9398,2881,8682,15156,14407,14712,,
7115196,D-TEM,dark,Arabika Temanggung Mukidi,B24,40,purging,94,14028,2883,2874,8110,9398,2883,8683,15156,14407,14713,,
7116196,D-TEM,dark,Arabika Temanggung Mukidi,B24,40,purging,95,14025,2886,2877,8111,9399,2883,8685,15154,14407,14714,,
7117196,D-TEM,dark,Arabika Temanggung Mukidi,B24,40,purging,96,14024,2886,2874,8111,9401,2883,8686,15153,14407,14715,,
7118196,D-TEM,dark,Arabika Temanggung Mukidi,B24,40,purging,97,14022,2883,2877,8111,9401,2883,8687,15151,14407,14715,,
7119196,D-TEM,dark,Arabika Temanggung Mukidi,B24,40,purging,98,14020,2886,2874,8111,9402,2881,8688,15151,14407,14716,,
7120196,D-TEM,dark,Arabika Temanggung Mukidi,B24,40,purging,99,14018,2886,2877,8111,9403,2881,8689,15150,14408,14717,,
7121197,D-TEM,dark,Arabika Temanggung Mukidi,B24,40,purging,100,14016,2886,2874,8111,9404,2881,8690,15149,14408,14717,,
7122196,D-TEM,dark,Arabika Temanggung Mukidi,B24,40,purging,101,14015,2886,2877,8112,9405,2881,8691,15147,14408,14718,,
7123196,D-TEM,dark,Arabika Temanggung Mukidi,B24,40,purging,102,14014,2888,2874,8112,9406,2881,8691,15146,14407,14719,,
7124196,D-TEM,dark,Arabika Temanggung Mukidi,B24,40,purging,103,14012,2883,2877,8112,9406,2883,8692,15145,14407,14718,,
7125196,D-TEM,dark,Arabika Temanggung Mukidi,B24,40,purging,104,14010,2886,2877,8112,9406,2881,8692,15144,14407,14718,,
7126196,D-TEM,dark,Arabika Temanggung Mukidi,B24,40,purging,105,14008,2883,2872,8112,9406,2883,8693,15142,14407,14719,,
7127196,D-TEM,dark,Arabika Temanggung Mukidi,B24,40,purging,106,14006,2886,2877,8113,9406,2881,8694,15143,14406,14720,,
7128197,D-TEM,dark,Arabika Temanggung Mukidi,B24,40,purging,107,14004,2886,2874,8113,9407,2883,8695,15141,14406,14720,,
7129196,D-TEM,dark,Arabika Temanggung Mukidi,B24,40,purging,108,14001,2883,2875,8113,9406,2883,8695,15140,14405,14720,,
7130196,D-TEM,dark,Arabika Temanggung Mukidi,B24,40,purging,109,13999,2886,2872,8113,9406,2881,8696,15138,14404,14720,,
7131196,D-TEM,dark,Arabika Temanggung Mukidi,B24,40,purging,110,13997,2886,2875,8113,9406,2883,8696,15137,14403,14720,,
7132196,D-TEM,dark,Arabika Temanggung Mukidi,B24,40,purging,111,13994,2886,2877,8113,9405,2881,8696,15136,14402,14719,,
7133196,D-TEM,dark,Arabika Temanggung Mukidi,B24,40,purging,112,13991,2883,2874,8113,9405,2881,8696,15135,14400,14718,,
7134196,D-TEM,dark,Arabika Temanggung Mukidi,B24,40,purging,113,13989,2883,2877,8114,9404,2881,8695,15134,14399,14718,,
7135196,D-TEM,dark,Arabika Temanggung Mukidi,B24,40,purging,114,13986,2886,2877,8114,9403,2881,8695,15133,14397,14717,,
7136196,D-TEM,dark,Arabika Temanggung Mukidi,B24,40,purging,115,13984,2883,2874,8114,9403,2881,8696,15131,14396,14717,,
7137197,D-TEM,dark,Arabika Temanggung Mukidi,B24,40,purging,116,13983,2888,2874,8114,9402,2881,8696,15129,14395,14717,,
7138196,D-TEM,dark,Arabika Temanggung Mukidi,B24,40,purging,117,13982,2886,2874,8114,9402,2881,8696,15129,14395,14716,,
7139196,D-TEM,dark,Arabika Temanggung Mukidi,B24,40,purging,118,13983,2886,2877,8114,9403,2881,8695,15127,14395,14716,,
7140196,D-TEM,dark,Arabika Temanggung Mukidi,B24,40,purging,119,13983,2883,2874,8115,9402,2881,8695,15126,14395,14716,,
7141196,D-TEM,dark,Arabika Temanggung Mukidi,B24,40,purging,120,13983,2886,2877,8115,9402,2881,8694,15125,14395,14716,,
7142200,D-TEM,dark,Arabika Temanggung Mukidi,B24,40,collecting,1,13984,2886,2874,8115,9402,2881,8694,15125,14396,14717,,
7143196,D-TEM,dark,Arabika Temanggung Mukidi,B24,40,collecting,2,13985,2888,2877,8114,9401,2881,8693,15124,14396,14715,,
7144197,D-TEM,dark,Arabika Temanggung Mukidi,B24,40,collecting,3,14083,2886,2877,8113,9409,2881,8696,15134,14406,14738,,
7145196,D-TEM,dark,Arabika Temanggung Mukidi,B24,40,collecting,4,14319,2888,2874,8113,9438,2883,8704,15200,14457,14786,,
7146196,D-TEM,dark,Arabika Temanggung Mukidi,B24,40,collecting,5,14606,2888,2877,8113,9480,2881,8708,15314,14550,14841,,
7147196,D-TEM,dark,Arabika Temanggung Mukidi,B24,40,collecting,6,14885,2890,2874,8113,9525,2883,8705,15441,14661,14895,,
7148196,D-TEM,dark,Arabika Temanggung Mukidi,B24,40,collecting,7,15129,2888,2877,8114,9562,2881,8700,15561,14773,14944,,
7149196,D-TEM,dark,Arabika Temanggung Mukidi,B24,40,collecting,8,15335,2888,2875,8114,9594,2881,8694,15664,14877,14989,,
7150196,D-TEM,dark,Arabika Temanggung Mukidi,B24,40,collecting,9,15504,2888,2874,8114,9619,2881,8689,15747,14968,15027,,
7151196,D-TEM,dark,Arabika Temanggung Mukidi,B24,40,collecting,10,15640,2888,2877,8115,9639,2881,8684,15814,15045,15058,,
7152196,D-TEM,dark,Arabika Temanggung Mukidi,B24,40,collecting,11,15748,2888,2877,8115,9654,2881,8680,15866,15109,15084,,
7153197,D-TEM,dark,Arabika Temanggung Mukidi,B24,40,collecting,12,15834,2890,2877,8115,9666,2883,8677,15907,15162,15105,,
7154196,D-TEM,dark,Arabika Temanggung Mukidi,B24,40,collecting,13,15901,2888,2874,8115,9675,2881,8675,15939,15205,15123,,
7155196,D-TEM,dark,Arabika Temanggung Mukidi,B24,40,collecting,14,15953,2890,2874,8115,9683,2881,8673,15963,15240,15136,,
7156196,D-TEM,dark,Arabika Temanggung Mukidi,B24,40,collecting,15,15991,2890,2877,8115,9689,2881,8672,15980,15267,15147,,
7157196,D-TEM,dark,Arabika Temanggung Mukidi,B24,40,collecting,16,16019,2890,2874,8115,9694,2881,8671,15994,15289,15155,,
7158196,D-TEM,dark,Arabika Temanggung Mukidi,B24,40,collecting,17,16039,2888,2874,8115,9697,2881,8671,16003,15306,15162,,
7159196,D-TEM,dark,Arabika Temanggung Mukidi,B24,40,collecting,18,16051,2890,2871,8115,9700,2881,8670,16010,15319,15168,,
7160197,D-TEM,dark,Arabika Temanggung Mukidi,B24,40,collecting,19,16059,2890,2874,8115,9702,2883,8671,16014,15328,15172,,
7161196,D-TEM,dark,Arabika Temanggung Mukidi,B24,40,collecting,20,16063,2890,2877,8115,9704,2881,8671,16015,15335,15175,,
7162196,D-TEM,dark,Arabika Temanggung Mukidi,B24,40,collecting,21,16064,2890,2870,8115,9705,2881,8672,16018,15341,15179,,
7163196,D-TEM,dark,Arabika Temanggung Mukidi,B24,40,collecting,22,16063,2890,2877,8115,9707,2881,8673,16020,15345,15181,,
7164196,D-TEM,dark,Arabika Temanggung Mukidi,B24,40,collecting,23,16061,2888,2877,8115,9708,2881,8674,16021,15348,15183,,
7165196,D-TEM,dark,Arabika Temanggung Mukidi,B24,40,collecting,24,16057,2890,2874,8115,9710,2881,8675,16022,15351,15185,,
7166196,D-TEM,dark,Arabika Temanggung Mukidi,B24,40,collecting,25,16051,2890,2877,8115,9711,2881,8676,16022,15353,15187,,
7167196,D-TEM,dark,Arabika Temanggung Mukidi,B24,40,collecting,26,16043,2888,2877,8115,9712,2881,8677,16021,15353,15188,,
7168196,D-TEM,dark,Arabika Temanggung Mukidi,B24,40,collecting,27,16034,2888,2877,8115,9712,2881,8678,16018,15353,15188,,
7169197,D-TEM,dark,Arabika Temanggung Mukidi,B24,40,collecting,28,16023,2890,2874,8115,9712,2881,8679,16014,15351,15188,,
7170196,D-TEM,dark,Arabika Temanggung Mukidi,B24,40,collecting,29,16010,2888,2877,8115,9712,2881,8680,16010,15348,15187,,
7171196,D-TEM,dark,Arabika Temanggung Mukidi,B24,40,collecting,30,15997,2888,2877,8115,9712,2883,8681,16006,15345,15186,,
7172196,D-TEM,dark,Arabika Temanggung Mukidi,B24,40,collecting,31,15983,2888,2877,8116,9712,2881,8682,16001,15342,15186,,
7173196,D-TEM,dark,Arabika Temanggung Mukidi,B24,40,collecting,32,15969,2890,2877,8116,9712,2881,8684,15997,15338,15184,,
7174196,D-TEM,dark,Arabika Temanggung Mukidi,B24,40,collecting,33,15953,2890,2872,8116,9711,2881,8685,15992,15333,15182,,
7175196,D-TEM,dark,Arabika Temanggung Mukidi,B24,40,collecting,34,15938,2890,2872,8116,9711,2881,8686,15986,15329,15180,,
7176197,D-TEM,dark,Arabika Temanggung Mukidi,B24,40,collecting,35,15922,2888,2877,8116,9711,2881,8688,15979,15324,15177,,
7177196,D-TEM,dark,Arabika Temanggung Mukidi,B24,40,collecting,36,15905,2888,2876,8117,9711,2881,8689,15974,15319,15175,,
7178196,D-TEM,dark,Arabika Temanggung Mukidi,B24,40,collecting,37,15889,2888,2877,8117,9710,2883,8690,15968,15313,15173,,
7179196,D-TEM,dark,Arabika Temanggung Mukidi,B24,40,collecting,38,15873,2888,2872,8117,9709,2881,8691,15962,15307,15170,,
7180196,D-TEM,dark,Arabika Temanggung Mukidi,B24,40,collecting,39,15858,2888,2872,8117,9709,2881,8693,15955,15301,15168,,
7181196,D-TEM,dark,Arabika Temanggung Mukidi,B24,40,collecting,40,15842,2888,2877,8118,9708,2881,8694,15950,15295,15166,,
7182196,D-TEM,dark,Arabika Temanggung Mukidi,B24,40,collecting,41,15826,2888,2877,8118,9708,2881,8695,15943,15289,15164,,
7183196,D-TEM,dark,Arabika Temanggung Mukidi,B24,40,collecting,42,15812,2888,2874,8118,9708,2881,8696,15937,15284,15162,,
7184196,D-TEM,dark,Arabika Temanggung Mukidi,B24,40,collecting,43,15798,2888,2872,8119,9708,2881,8697,15932,15279,15160,,
7185197,D-TEM,dark,Arabika Temanggung Mukidi,B24,40,collecting,44,15785,2888,2877,8119,9706,2881,8699,15929,15274,15158,,
7186196,D-TEM,dark,Arabika Temanggung Mukidi,B24,40,collecting,45,15773,2888,2877,8119,9706,2881,8700,15924,15270,15155,,
7187196,D-TEM,dark,Arabika Temanggung Mukidi,B24,40,collecting,46,15761,2888,2874,8119,9706,2883,8701,15920,15266,15154,,
7188196,D-TEM,dark,Arabika Temanggung Mukidi,B24,40,collecting,47,15749,2888,2874,8120,9706,2881,8702,15916,15262,15152,,
7189196,D-TEM,dark,Arabika Temanggung Mukidi,B24,40,collecting,48,15737,2888,2872,8120,9706,2881,8703,15912,15257,15149,,
7190196,D-TEM,dark,Arabika Temanggung Mukidi,B24,40,collecting,49,15726,2888,2870,8120,9706,2881,8704,15907,15253,15148,,
7191196,D-TEM,dark,Arabika Temanggung Mukidi,B24,40,collecting,50,15714,2888,2877,8120,9705,2881,8706,15902,15248,15147,,
7192197,D-TEM,dark,Arabika Temanggung Mukidi,B24,40,collecting,51,15703,2888,2872,8120,9705,2881,8706,15897,15244,15145,,
7193196,D-TEM,dark,Arabika Temanggung Mukidi,B24,40,collecting,52,15691,2888,2877,8121,9705,2881,8707,15892,15239,15143,,
7194196,D-TEM,dark,Arabika Temanggung Mukidi,B24,40,collecting,53,15680,2888,2868,8121,9705,2881,8708,15888,15235,15140,,
7195196,D-TEM,dark,Arabika Temanggung Mukidi,B24,40,collecting,54,15670,2888,2872,8121,9705,2881,8709,15884,15231,15139,,
7196196,D-TEM,dark,Arabika Temanggung Mukidi,B24,40,collecting,55,15661,2888,2877,8121,9705,2883,8710,15881,15227,15137,,
7197196,D-TEM,dark,Arabika Temanggung Mukidi,B24,40,collecting,56,15652,2890,2874,8122,9705,2881,8711,15878,15225,15136,,
7198196,D-TEM,dark,Arabika Temanggung Mukidi,B24,40,collecting,57,15643,2890,2874,8122,9705,2881,8712,15874,15221,15134,,
7199196,D-TEM,dark,Arabika Temanggung Mukidi,B24,40,collecting,58,15635,2890,2872,8122,9705,2881,8713,15871,15218,15133,,
7200196,D-TEM,dark,Arabika Temanggung Mukidi,B24,40,collecting,59,15627,2888,2877,8123,9706,2883,8714,15868,15215,15132,,
7201197,D-TEM,dark,Arabika Temanggung Mukidi,B24,40,collecting,60,15620,2888,2874,8123,9706,2881,8715,15864,15212,15132,,
