timestamp,sample_id,roast_level,origin,batch_id,run_id,phase,sample_idx,adc_tgs822,adc_mq135,adc_mq9,adc_tgs2611,adc_tgs2620,adc_tgs2600,adc_tgs2602,adc_mq8,adc_tgs813,adc_tgs816,temperature,humidity
2177,L-MAN,light,Arabika Manglayang Jawa Barat,B01,1,purging,1,10435,2816,2802,8341,9395,2779,9075,14341,14572,13444,,
3176,L-MAN,light,Arabika Manglayang Jawa Barat,B01,1,purging,2,10430,2813,2802,8341,9393,2781,9073,14334,14568,13442,,
4176,L-MAN,light,Arabika Manglayang Jawa Barat,B01,1,purging,3,10425,2813,2803,8341,9392,2782,9072,14329,14565,13441,,
5175,L-MAN,light,Arabika Manglayang Jawa Barat,B01,1,purging,4,10421,2813,2802,8340,9393,2782,9074,14327,14562,13441,,
6176,L-MAN,light,Arabika Manglayang Jawa Barat,B01,1,purging,5,10419,2812,2803,8341,9394,2782,9076,14324,14561,13445,,
7176,L-MAN,light,Arabika Manglayang Jawa Barat,B01,1,purging,6,10419,2812,2805,8340,9397,2782,9080,14324,14561,13445,,
8176,L-MAN,light,Arabika Manglayang Jawa Barat,B01,1,purging,7,10420,2809,2806,8340,9398,2782,9080,14321,14560,13437,,
9177,L-MAN,light,Arabika Manglayang Jawa Barat,B01,1,purging,8,10422,2813,2803,8341,9397,2782,9078,14316,14558,13433,,
10176,L-MAN,light,Arabika Manglayang Jawa Barat,B01,1,purging,9,10423,2812,2802,8340,9396,2785,9077,14311,14557,13433,,
11176,L-MAN,light,Arabika Manglayang Jawa Barat,B01,1,purging,10,10423,2814,2802,8340,9396,2782,9076,14308,14556,13431,,
12176,L-MAN,light,Arabika Manglayang Jawa Barat,B01,1,purging,11,10422,2812,2803,8340,9395,2782,9075,14304,14555,13425,,
13176,L-MAN,light,Arabika Manglayang Jawa Barat,B01,1,purging,12,10422,2814,2803,8340,9392,2782,9070,14298,14553,13418,,
14176,L-MAN,light,Arabika Manglayang Jawa Barat,B01,1,purging,13,10421,2812,2802,8340,9389,2782,9066,14293,14549,13421,,
15176,L-MAN,light,Arabika Manglayang Jawa Barat,B01,1,purging,14,10419,2812,2802,8339,9388,2784,9065,14292,14548,13419,,
16177,L-MAN,light,Arabika Manglayang Jawa Barat,B01,1,purging,15,10417,2814,2803,8339,9386,2782,9064,14287,14546,13414,,
17176,L-MAN,light,Arabika Manglayang Jawa Barat,B01,1,purging,16,10416,2812,2802,8339,9384,2782,9062,14284,14543,13411,,
18177,L-MAN,light,Arabika Manglayang Jawa Barat,B01,1,purging,17,10414,2811,2802,8338,9381,2784,9060,14279,14540,13407,,
19176,L-MAN,light,Arabika Manglayang Jawa Barat,B01,1,purging,18,10414,2812,2803,8338,9378,2782,9055,14275,14536,13402,,
20176,L-MAN,light,Arabika Manglayang Jawa Barat,B01,1,purging,19,10414,2812,2806,8337,9375,2784,9053,14271,14533,13404,,
21176,L-MAN,light,Arabika Manglayang Jawa Barat,B01,1,purging,20,10411,2813,2803,8337,9377,2782,9055,14271,14531,13409,,
22176,L-MAN,light,Arabika Manglayang Jawa Barat,B01,1,purging,21,10410,2810,2806,8336,9380,2782,9060,14272,14532,13411,,
23176,L-MAN,light,Arabika Manglayang Jawa Barat,B01,1,purging,22,10408,2812,2803,8337,9382,2782,9062,14271,14532,13408,,
24176,L-MAN,light,Arabika Manglayang Jawa Barat,B01,1,purging,23,10409,2813,2802,8336,9382,2782,9062,14268,14532,13403,,
25177,L-MAN,light,Arabika Manglayang Jawa Barat,B01,1,purging,24,10410,2811,2806,8336,9381,2782,9059,14263,14531,13400,,
26176,L-MAN,light,Arabika Manglayang Jawa Barat,B01,1,purging,25,10411,2813,2802,8335,9379,2782,9055,14259,14528,13396,,
27176,L-MAN,light,Arabika Manglayang Jawa Barat,B01,1,purging,26,10413,2812,2802,8335,9375,2782,9052,14255,14527,13391,,
28176,L-MAN,light,Arabika Manglayang Jawa Barat,B01,1,purging,27,10415,2811,2803,8334,9372,2782,9049,14251,14524,13387,,
29176,L-MAN,light,Arabika Manglayang Jawa Barat,B01,1,purging,28,10416,2814,2802,8334,9368,2782,9045,14247,14520,13384,,
30176,L-MAN,light,Arabika Manglayang Jawa Barat,B01,1,purging,29,10416,2812,2803,8333,9364,2785,9041,14244,14517,13382,,
31176,L-MAN,light,Arabika Manglayang Jawa Barat,B01,1,purging,30,10415,2814,2803,8332,9361,2782,9038,14241,14513,13379,,
32177,L-MAN,light,Arabika Manglayang Jawa Barat,B01,1,purging,31,10414,2812,2803,8332,9358,2782,9035,14239,14509,13376,,
33176,L-MAN,light,Arabika Manglayang Jawa Barat,B01,1,purging,32,10414,2816,2804,8331,9354,2782,9032,14236,14506,13373,,
34177,L-MAN,light,Arabika Manglayang Jawa Barat,B01,1,purging,33,10414,2815,2803,8330,9351,2782,9029,14233,14502,13370,,
35176,L-MAN,light,Arabika Manglayang Jawa Barat,B01,1,purging,34,10414,2812,2802,8329,9348,2782,9026,14230,14498,13369,,
36176,L-MAN,light,Arabika Manglayang Jawa Barat,B01,1,purging,35,10413,2815,2802,8329,9347,2782,9026,14228,14495,13367,,
37176,L-MAN,light,Arabika Manglayang Jawa Barat,B01,1,purging,36,10412,2813,2806,8328,9345,2784,9023,14224,14492,13362,,
38176,L-MAN,light,Arabika Manglayang Jawa Barat,B01,1,purging,37,10412,2814,2802,8328,9341,2782,9020,14221,14488,13359,,
39176,L-MAN,light,Arabika Manglayang Jawa Barat,B01,1,purging,38,10411,2812,2802,8327,9338,2782,9018,14219,14484,13358,,
40176,L-MAN,light,Arabika Manglayang Jawa Barat,B01,1,purging,39,10410,2816,2803,8326,9335,2782,9017,14217,14480,13357,,
41177,L-MAN,light,Arabika Manglayang Jawa Barat,B01,1,purging,40,10409,2815,2802,8325,9334,2782,9017,14216,14476,13358,,
42176,L-MAN,light,Arabika Manglayang Jawa Barat,B01,1,purging,41,10406,2812,2801,8325,9332,2782,9018,14214,14474,13355,,
43176,L-MAN,light,Arabika Manglayang Jawa Barat,B01,1,purging,42,10406,2812,2804,8324,9332,2782,9017,14212,14471,13352,,
44176,L-MAN,light,Arabika Manglayang Jawa Barat,B01,1,purging,43,10408,2813,2802,8323,9333,2782,9017,14211,14470,13352,,
45176,L-MAN,light,Arabika Manglayang Jawa Barat,B01,1,purging,44,10413,2814,2804,8323,9334,2782,9017,14210,14470,13350,,
46176,L-MAN,light,Arabika Manglayang Jawa Barat,B01,1,purging,45,10420,2811,2807,8322,9334,2782,9016,14209,14470,13350,,
47176,L-MAN,light,Arabika Manglayang Jawa Barat,B01,1,purging,46,10425,2812,2805,8322,9335,2782,9016,14209,14471,13350,,
48177,L-MAN,light,Arabika Manglayang Jawa Barat,B01,1,purging,47,10429,2809,2801,8321,9335,2782,9015,14209,14471,13350,,
49176,L-MAN,light,Arabika Manglayang Jawa Barat,B01,1,purging,48,10431,2811,2803,8321,9333,2782,9014,14208,14470,13349,,
50177,L-MAN,light,Arabika Manglayang Jawa Barat,B01,1,purging,49,10432,2810,2804,8320,9331,2782,9013,14207,14469,13348,,
51176,L-MAN,light,Arabika Manglayang Jawa Barat,B01,1,purging,50,10433,2812,2805,8319,9331,2785,9013,14207,14467,13350,,
52176,L-MAN,light,Arabika Manglayang Jawa Barat,B01,1,purging,51,10434,2816,2803,8319,9330,2781,9014,14207,14465,13349,,
53176,L-MAN,light,Arabika Manglayang Jawa Barat,B01,1,purging,52,10436,2814,2802,8318,9330,2782,9014,14206,14465,13348,,
54176,L-MAN,light,Arabika Manglayang Jawa Barat,B01,1,purging,53,10438,2812,2803,8318,9330,2782,9014,14205,14464,13347,,
55176,L-MAN,light,Arabika Manglayang Jawa Barat,B01,1,purging,54,10438,2812,2799,8317,9329,2782,9013,14204,14463,13347,,
56176,L-MAN,light,Arabika Manglayang Jawa Barat,B01,1,purging,55,10438,2812,2806,8317,9329,2782,9013,14204,14462,13346,,
57177,L-MAN,light,Arabika Manglayang Jawa Barat,B01,1,purging,56,10439,2815,2802,8316,9327,2782,9012,14203,14460,13345,,
58176,L-MAN,light,Arabika Manglayang Jawa Barat,B01,1,purging,57,10438,2811,2805,8316,9326,2782,9012,14201,14459,13344,,
59176,L-MAN,light,Arabika Manglayang Jawa Barat,B01,1,purging,58,10436,2812,2799,8315,9324,2782,9011,14199,14457,13342,,
60176,L-MAN,light,Arabika Manglayang Jawa Barat,B01,1,purging,59,10435,2813,2805,8315,9323,2782,9010,14198,14455,13341,,
61176,L-MAN,light,Arabika Manglayang Jawa Barat,B01,1,purging,60,10434,2812,2806,8314,9322,2782,9009,14196,14453,13340,,
62179,L-MAN,light,Arabika Manglayang Jawa Barat,B01,1,collecting,1,10434,2812,2800,8314,9321,2782,9009,14195,14451,13339,,
63176,L-MAN,light,Arabika Manglayang Jawa Barat,B01,1,collecting,2,10434,2813,2805,8313,9320,2782,9009,14194,14450,13339,,
64177,L-MAN,light,Arabika Manglayang Jawa Barat,B01,1,collecting,3,10435,2811,2803,8312,9320,2782,9009,14193,14449,13340,,
65176,L-MAN,light,Arabika Manglayang Jawa Barat,B01,1,collecting,4,10448,2812,2805,8311,9328,2782,9015,14199,14450,13366,,
66177,L-MAN,light,Arabika Manglayang Jawa Barat,B01,1,collecting,5,10800,2814,2805,8311,9447,2781,9130,14301,14492,13586,,
67176,L-MAN,light,Arabika Manglayang Jawa Barat,B01,1,collecting,6,11835,2811,2802,8310,9692,2782,9367,14659,14685,13901,,
68176,L-MAN,light,Arabika Manglayang Jawa Barat,B01,1,collecting,7,13012,2815,2803,8310,9959,2782,9606,15114,15001,14197,,
69176,L-MAN,light,Arabika Manglayang Jawa Barat,B01,1,collecting,8,13945,2818,2804,8311,10176,2784,9783,15513,15337,14431,,
70176,L-MAN,light,Arabika Manglayang Jawa Barat,B01,1,collecting,9,14567,2820,2802,8312,10324,2784,9882,15814,15625,14590,,
71176,L-MAN,light,Arabika Manglayang Jawa Barat,B01,1,collecting,10,14954,2821,2803,8312,10422,2784,9932,16016,15837,14713,,
72176,L-MAN,light,Arabika Manglayang Jawa Barat,B01,1,collecting,11,15213,2818,2802,8312,10493,2784,9965,16164,15995,14810,,
73177,L-MAN,light,Arabika Manglayang Jawa Barat,B01,1,collecting,12,15380,2824,2803,8311,10541,2786,9984,16263,16112,14878,,
74176,L-MAN,light,Arabika Manglayang Jawa Barat,B01,1,collecting,13,15478,2818,2802,8312,10570,2786,9993,16326,16194,14926,,
75176,L-MAN,light,Arabika Manglayang Jawa Barat,B01,1,collecting,14,15524,2821,2802,8311,10582,2784,9985,16362,16250,14947,,
76176,L-MAN,light,Arabika Manglayang Jawa Barat,B01,1,collecting,15,15516,2818,2802,8311,10572,2784,9958,16362,16278,14942,,
77176,L-MAN,light,Arabika Manglayang Jawa Barat,B01,1,collecting,16,15467,2824,2803,8311,10545,2784,9920,16337,16280,14918,,
78176,L-MAN,light,Arabika Manglayang Jawa Barat,B01,1,collecting,17,15394,2820,2807,8311,10509,2785,9877,16300,16265,14889,,
79176,L-MAN,light,Arabika Manglayang Jawa Barat,B01,1,collecting,18,15309,2824,2802,8311,10471,2784,9834,16260,16240,14862,,
80177,L-MAN,light,Arabika Manglayang Jawa Barat,B01,1,collecting,19,15222,2818,2803,8312,10436,2782,9797,16225,16213,14839,,
81176,L-MAN,light,Arabika Manglayang Jawa Barat,B01,1,collecting,20,15141,2817,2805,8312,10407,2782,9765,16197,16187,14821,,
82177,L-MAN,light,Arabika Manglayang Jawa Barat,B01,1,collecting,21,15069,2824,2803,8313,10384,2781,9740,16179,16163,14808,,
83176,L-MAN,light,Arabika Manglayang Jawa Barat,B01,1,collecting,22,15008,2823,2804,8313,10365,2782,9722,16167,16145,14799,,
84176,L-MAN,light,Arabika Manglayang Jawa Barat,B01,1,collecting,23,14956,2818,2803,8313,10349,2786,9704,16160,16129,14791,,
85176,L-MAN,light,Arabika Manglayang Jawa Barat,B01,1,collecting,24,14913,2821,2802,8313,10335,2782,9686,16155,16117,14783,,
86176,L-MAN,light,Arabika Manglayang Jawa Barat,B01,1,collecting,25,14875,2819,2802,8313,10323,2782,9672,16153,16106,14777,,
87176,L-MAN,light,Arabika Manglayang Jawa Barat,B01,1,collecting,26,14844,2819,2803,8313,10312,2782,9659,16152,16096,14772,,
88176,L-MAN,light,Arabika Manglayang Jawa Barat,B01,1,collecting,27,14814,2819,2803,8313,10301,2782,9648,16151,16087,14766,,
89177,L-MAN,light,Arabika Manglayang Jawa Barat,B01,1,collecting,28,14788,2819,2800,8313,10291,2782,9635,16151,16079,14761,,
90176,L-MAN,light,Arabika Manglayang Jawa Barat,B01,1,collecting,29,14764,2819,2802,8312,10282,2782,9624,16150,16070,14756,,
91176,L-MAN,light,Arabika Manglayang Jawa Barat,B01,1,collecting,30,14744,2819,2803,8313,10273,2782,9612,16150,16063,14750,,
92176,L-MAN,light,Arabika Manglayang Jawa Barat,B01,1,collecting,31,14725,2820,2801,8312,10264,2782,9600,16150,16055,14743,,
93176,L-MAN,light,Arabika Manglayang Jawa Barat,B01,1,collecting,32,14708,2817,2802,8312,10255,2782,9588,16149,16047,14737,,
94176,L-MAN,light,Arabika Manglayang Jawa Barat,B01,1,collecting,33,14690,2819,2805,8312,10246,2782,9577,16148,16039,14733,,
95176,L-MAN,light,Arabika Manglayang Jawa Barat,B01,1,collecting,34,14673,2819,2802,8312,10240,2785,9568,16147,16033,14730,,
96177,L-MAN,light,Arabika Manglayang Jawa Barat,B01,1,collecting,35,14656,2819,2802,8312,10234,2782,9560,16147,16026,14725,,
97176,L-MAN,light,Arabika Manglayang Jawa Barat,B01,1,collecting,36,14638,2817,2807,8311,10229,2782,9552,16145,16019,14721,,
98177,L-MAN,light,Arabika Manglayang Jawa Barat,B01,1,collecting,37,14620,2821,2805,8311,10223,2782,9545,16143,16013,14717,,
99176,L-MAN,light,Arabika Manglayang Jawa Barat,B01,1,collecting,38,14601,2819,2801,8311,10217,2782,9536,16142,16007,14713,,
100176,L-MAN,light,Arabika Manglayang Jawa Barat,B01,1,collecting,39,14583,2818,2802,8310,10213,2782,9531,16140,16002,14708,,
101176,L-MAN,light,Arabika Manglayang Jawa Barat,B01,1,collecting,40,14564,2820,2805,8309,10209,2782,9527,16138,15996,14705,,
102176,L-MAN,light,Arabika Manglayang Jawa Barat,B01,1,collecting,41,14546,2818,2800,8310,10206,2781,9524,16137,15991,14703,,
103176,L-MAN,light,Arabika Manglayang Jawa Barat,B01,1,collecting,42,14529,2823,2803,8310,10203,2785,9522,16136,15987,14701,,
104176,L-MAN,light,Arabika Manglayang Jawa Barat,B01,1,collecting,43,14512,2818,2801,8310,10200,2782,9519,16135,15982,14696,,
105177,L-MAN,light,Arabika Manglayang Jawa Barat,B01,1,collecting,44,14495,2818,2803,8309,10196,2782,9513,16132,15977,14691,,
106176,L-MAN,light,Arabika Manglayang Jawa Barat,B01,1,collecting,45,14480,2817,2801,8308,10191,2782,9508,16131,15973,14687,,
107176,L-MAN,light,Arabika Manglayang Jawa Barat,B01,1,collecting,46,14466,2820,2805,8309,10187,2785,9503,16130,15968,14683,,
108176,L-MAN,light,Arabika Manglayang Jawa Barat,B01,1,collecting,47,14455,2821,2803,8308,10185,2782,9500,16129,15964,14681,,
109176,L-MAN,light,Arabika Manglayang Jawa Barat,B01,1,collecting,48,14445,2818,2807,8307,10182,2784,9496,16128,15961,14677,,
110176,L-MAN,light,Arabika Manglayang Jawa Barat,B01,1,collecting,49,14436,2819,2802,8307,10178,2782,9491,16127,15958,14673,,
111176,L-MAN,light,Arabika Manglayang Jawa Barat,B01,1,collecting,50,14428,2819,2803,8306,10173,2785,9486,16126,15954,14669,,
112177,L-MAN,light,Arabika Manglayang Jawa Barat,B01,1,collecting,51,14420,2816,2800,8306,10170,2782,9481,16126,15950,14666,,
113176,L-MAN,light,Arabika Manglayang Jawa Barat,B01,1,collecting,52,14411,2819,2802,8306,10167,2782,9479,16126,15948,14665,,
114177,L-MAN,light,Arabika Manglayang Jawa Barat,B01,1,collecting,53,14403,2820,2804,8305,10166,2782,9476,16127,15945,14663,,
115176,L-MAN,light,Arabika Manglayang Jawa Barat,B01,1,collecting,54,14397,2819,2803,8304,10165,2782,9474,16128,15943,14662,,
116176,L-MAN,light,Arabika Manglayang Jawa Barat,B01,1,collecting,55,14390,2819,2802,8304,10163,2785,9473,16129,15941,14660,,
117176,L-MAN,light,Arabika Manglayang Jawa Barat,B01,1,collecting,56,14383,2819,2803,8303,10163,2785,9470,16130,15940,14659,,
118176,L-MAN,light,Arabika Manglayang Jawa Barat,B01,1,collecting,57,14377,2822,2805,8303,10161,2782,9468,16131,15939,14657,,
119176,L-MAN,light,Arabika Manglayang Jawa Barat,B01,1,collecting,58,14371,2822,2805,8303,10159,2785,9467,16131,15937,14654,,
120176,L-MAN,light,Arabika Manglayang Jawa Barat,B01,1,collecting,59,14365,2817,2805,8302,10158,2781,9465,16131,15936,14652,,
121177,L-MAN,light,Arabika Manglayang Jawa Barat,B01,1,collecting,60,14358,2818,2802,8302,10156,2782,9466,16132,15935,14651,,
122176,L-MAN,light,Arabika Manglayang Jawa Barat,B01,1,collecting,61,14351,2818,2808,8301,10155,2781,9464,16133,15933,14649,,
123176,L-MAN,light,Arabika Manglayang Jawa Barat,B01,1,collecting,62,14345,2819,2802,8301,10154,2784,9462,16133,15932,14647,,
124176,L-MAN,light,Arabika Manglayang Jawa Barat,B01,1,collecting,63,14339,2816,2803,8300,10152,2782,9459,16133,15931,14645,,
125176,L-MAN,light,Arabika Manglayang Jawa Barat,B01,1,collecting,64,14335,2816,2804,8300,10152,2781,9457,16133,15930,14645,,
126176,L-MAN,light,Arabika Manglayang Jawa Barat,B01,1,collecting,65,14332,2816,2804,8299,10151,2782,9456,16134,15929,14644,,
127176,L-MAN,light,Arabika Manglayang Jawa Barat,B01,1,collecting,66,14329,2816,2802,8298,10150,2781,9454,16135,15929,14642,,
128177,L-MAN,light,Arabika Manglayang Jawa Barat,B01,1,collecting,67,14328,2816,2803,8298,10149,2781,9451,16136,15929,14640,,
129176,L-MAN,light,Arabika Manglayang Jawa Barat,B01,1,collecting,68,14327,2818,2806,8297,10148,2785,9449,16137,15929,14638,,
130177,L-MAN,light,Arabika Manglayang Jawa Barat,B01,1,collecting,69,14325,2818,2802,8297,10146,2782,9446,16138,15928,14636,,
131176,L-MAN,light,Arabika Manglayang Jawa Barat,B01,1,collecting,70,14322,2817,2803,8296,10143,2782,9443,16138,15927,14634,,
132176,L-MAN,light,Arabika Manglayang Jawa Barat,B01,1,collecting,71,14320,2818,2804,8296,10141,2782,9439,16138,15926,14631,,
133176,L-MAN,light,Arabika Manglayang Jawa Barat,B01,1,collecting,72,14316,2816,2801,8295,10140,2782,9436,16138,15924,14630,,
134176,L-MAN,light,Arabika Manglayang Jawa Barat,B01,1,collecting,73,14313,2819,2801,8295,10138,2782,9434,16138,15924,14629,,
135176,L-MAN,light,Arabika Manglayang Jawa Barat,B01,1,collecting,74,14310,2820,2803,8294,10137,2782,9433,16139,15923,14629,,
136176,L-MAN,light,Arabika Manglayang Jawa Barat,B01,1,collecting,75,14305,2819,2806,8293,10137,2781,9432,16140,15923,14626,,
137177,L-MAN,light,Arabika Manglayang Jawa Barat,B01,1,collecting,76,14299,2820,2802,8293,10137,2784,9432,16140,15922,14625,,
138176,L-MAN,light,Arabika Manglayang Jawa Barat,B01,1,collecting,77,14293,2817,2802,8292,10136,2781,9430,16140,15921,14624,,
139176,L-MAN,light,Arabika Manglayang Jawa Barat,B01,1,collecting,78,14287,2818,2804,8292,10136,2785,9429,16140,15921,14623,,
140176,L-MAN,light,Arabika Manglayang Jawa Barat,B01,1,collecting,79,14281,2817,2805,8291,10135,2782,9428,16140,15921,14622,,
141176,L-MAN,light,Arabika Manglayang Jawa Barat,B01,1,collecting,80,14276,2816,2807,8291,10134,2784,9426,16140,15920,14621,,
142176,L-MAN,light,Arabika Manglayang Jawa Barat,B01,1,collecting,81,14273,2821,2800,8290,10134,2785,9427,16141,15920,14619,,
143176,L-MAN,light,Arabika Manglayang Jawa Barat,B01,1,collecting,82,14269,2818,2802,8290,10133,2782,9426,16141,15919,14618,,
144177,L-MAN,light,Arabika Manglayang Jawa Barat,B01,1,collecting,83,14265,2817,2804,8289,10133,2782,9426,16142,15919,14617,,
145176,L-MAN,light,Arabika Manglayang Jawa Barat,B01,1,collecting,84,14261,2817,2802,8289,10132,2782,9425,16142,15919,14616,,
146177,L-MAN,light,Arabika Manglayang Jawa Barat,B01,1,collecting,85,14256,2817,2804,8288,10131,2782,9425,16143,15919,14615,,
147176,L-MAN,light,Arabika Manglayang Jawa Barat,B01,1,collecting,86,14253,2817,2803,8287,10132,2784,9425,16143,15919,14615,,
148176,L-MAN,light,Arabika Manglayang Jawa Barat,B01,1,collecting,87,14249,2817,2799,8287,10132,2782,9424,16144,15920,14614,,
149176,L-MAN,light,Arabika Manglayang Jawa Barat,B01,1,collecting,88,14247,2822,2803,8287,10133,2784,9423,16145,15921,14613,,
150176,L-MAN,light,Arabika Manglayang Jawa Barat,B01,1,collecting,89,14244,2816,2806,8287,10133,2782,9424,16146,15921,14612,,
151176,L-MAN,light,Arabika Manglayang Jawa Barat,B01,1,collecting,90,14239,2816,2800,8286,10132,2781,9422,16145,15921,14611,,
152176,L-MAN,light,Arabika Manglayang Jawa Barat,B01,1,collecting,91,14236,2812,2803,8286,10132,2784,9422,16146,15922,14610,,
153177,L-MAN,light,Arabika Manglayang Jawa Barat,B01,1,collecting,92,14231,2818,2799,8285,10131,2782,9421,16146,15922,14609,,
154176,L-MAN,light,Arabika Manglayang Jawa Barat,B01,1,collecting,93,14228,2817,2804,8285,10131,2782,9420,16146,15922,14607,,
155176,L-MAN,light,Arabika Manglayang Jawa Barat,B01,1,collecting,94,14224,2817,2802,8285,10129,2782,9417,16146,15922,14606,,
156176,L-MAN,light,Arabika Manglayang Jawa Barat,B01,1,collecting,95,14222,2821,2802,8284,10128,2782,9416,16146,15922,14605,,
157176,L-MAN,light,Arabika Manglayang Jawa Barat,B01,1,collecting,96,14220,2817,2801,8283,10128,2782,9416,16146,15922,14604,,
158176,L-MAN,light,Arabika Manglayang Jawa Barat,B01,1,collecting,97,14218,2818,2803,8283,10128,2782,9417,16147,15922,14604,,
159176,L-MAN,light,Arabika Manglayang Jawa Barat,B01,1,collecting,98,14215,2817,2799,8282,10129,2781,9417,16148,15923,14604,,
160177,L-MAN,light,Arabika Manglayang Jawa Barat,B01,1,collecting,99,14214,2816,2805,8282,10129,2784,9416,16149,15924,14604,,
161176,L-MAN,light,Arabika Manglayang Jawa Barat,B01,1,collecting,100,14213,2815,2803,8281,10128,2782,9415,16150,15924,14603,,
162177,L-MAN,light,Arabika Manglayang Jawa Barat,B01,1,collecting,101,14213,2817,2802,8281,10128,2782,9414,16151,15925,14601,,
163176,L-MAN,light,Arabika Manglayang Jawa Barat,B01,1,collecting,102,14212,2816,2805,8280,10127,2785,9411,16151,15925,14600,,
164176,L-MAN,light,Arabika Manglayang Jawa Barat,B01,1,collecting,103,14212,2821,2803,8280,10125,2784,9410,16152,15925,14598,,
165176,L-MAN,light,Arabika Manglayang Jawa Barat,B01,1,collecting,104,14211,2819,2803,8279,10123,2782,9409,16153,15924,14595,,
166176,L-MAN,light,Arabika Manglayang Jawa Barat,B01,1,collecting,105,14210,2818,2801,8279,10120,2781,9405,16152,15924,14591,,
167176,L-MAN,light,Arabika Manglayang Jawa Barat,B01,1,collecting,106,14208,2816,2807,8278,10117,2782,9401,16152,15923,14588,,
168176,L-MAN,light,Arabika Manglayang Jawa Barat,B01,1,collecting,107,14206,2817,2803,8278,10115,2785,9397,16151,15921,14585,,
169177,L-MAN,light,Arabika Manglayang Jawa Barat,B01,1,collecting,108,14203,2821,2804,8277,10113,2784,9394,16151,15921,14583,,
170176,L-MAN,light,Arabika Manglayang Jawa Barat,B01,1,collecting,109,14201,2816,2798,8277,10111,2782,9392,16150,15920,14581,,
171176,L-MAN,light,Arabika Manglayang Jawa Barat,B01,1,collecting,110,14199,2817,2803,8276,10108,2782,9389,16150,15919,14579,,
172176,L-MAN,light,Arabika Manglayang Jawa Barat,B01,1,collecting,111,14197,2816,2805,8276,10106,2781,9385,16150,15918,14577,,
173176,L-MAN,light,Arabika Manglayang Jawa Barat,B01,1,collecting,112,14196,2818,2802,8275,10103,2781,9385,16150,15916,14575,,
174176,L-MAN,light,Arabika Manglayang Jawa Barat,B01,1,collecting,113,14193,2816,2803,8274,10101,2781,9383,16149,15915,14573,,
175176,L-MAN,light,Arabika Manglayang Jawa Barat,B01,1,collecting,114,14190,2817,2800,8273,10099,2785,9380,16150,15913,14571,,
176177,L-MAN,light,Arabika Manglayang Jawa Barat,B01,1,collecting,115,14186,2816,2801,8273,10097,2781,9377,16149,15912,14570,,
177176,L-MAN,light,Arabika Manglayang Jawa Barat,B01,1,collecting,116,14182,2819,2805,8273,10096,2782,9375,16149,15911,14568,,
178177,L-MAN,light,Arabika Manglayang Jawa Barat,B01,1,collecting,117,14179,2813,2802,8273,10095,2782,9375,16149,15910,14566,,
179176,L-MAN,light,Arabika Manglayang Jawa Barat,B01,1,collecting,118,14175,2820,2802,8272,10093,2782,9374,16148,15909,14564,,
180176,L-MAN,light,Arabika Manglayang Jawa Barat,B01,1,collecting,119,14171,2816,2804,8271,10091,2784,9371,16148,15908,14562,,
181176,L-MAN,light,Arabika Manglayang Jawa Barat,B01,1,collecting,120,14168,2821,2803,8270,10090,2782,9371,16147,15906,14560,,
182176,L-MAN,light,Arabika Manglayang Jawa Barat,B01,1,collecting,121,14164,2817,2801,8270,10087,2782,9369,16146,15904,14557,,
183176,L-MAN,light,Arabika Manglayang Jawa Barat,B01,1,collecting,122,14160,2814,2803,8269,10083,2784,9366,16145,15902,14554,,
184176,L-MAN,light,Arabika Manglayang Jawa Barat,B01,1,collecting,123,14157,2818,2805,8268,10080,2781,9364,16143,15900,14552,,
185177,L-MAN,light,Arabika Manglayang Jawa Barat,B01,1,collecting,124,14153,2815,2803,8267,10077,2781,9362,16141,15896,14548,,
186176,L-MAN,light,Arabika Manglayang Jawa Barat,B01,1,collecting,125,14149,2816,2802,8267,10074,2785,9360,16140,15894,14546,,
187176,L-MAN,light,Arabika Manglayang Jawa Barat,B01,1,collecting,126,14144,2819,2801,8266,10072,2784,9358,16138,15891,14544,,
188176,L-MAN,light,Arabika Manglayang Jawa Barat,B01,1,collecting,127,14141,2816,2802,8265,10070,2784,9357,16138,15889,14541,,
189176,L-MAN,light,Arabika Manglayang Jawa Barat,B01,1,collecting,128,14136,2818,2801,8265,10067,2785,9355,16137,15887,14540,,
190176,L-MAN,light,Arabika Manglayang Jawa Barat,B01,1,collecting,129,14133,2816,2804,8264,10065,2781,9354,16136,15885,14538,,
191176,L-MAN,light,Arabika Manglayang Jawa Barat,B01,1,collecting,130,14129,2816,2802,8263,10064,2784,9354,16135,15884,14535,,
192177,L-MAN,light,Arabika Manglayang Jawa Barat,B01,1,collecting,131,14124,2816,2802,8263,10062,2782,9352,16134,15882,14534,,
193176,L-MAN,light,Arabika Manglayang Jawa Barat,B01,1,collecting,132,14120,2821,2803,8263,10061,2781,9351,16133,15880,14532,,
194177,L-MAN,light,Arabika Manglayang Jawa Barat,B01,1,collecting,133,14116,2815,2799,8262,10060,2782,9351,16132,15878,14531,,
195176,L-MAN,light,Arabika Manglayang Jawa Barat,B01,1,collecting,134,14110,2817,2803,8262,10059,2781,9351,16131,15877,14529,,
196176,L-MAN,light,Arabika Manglayang Jawa Barat,B01,1,collecting,135,14105,2816,2800,8261,10058,2784,9352,16130,15876,14529,,
197176,L-MAN,light,Arabika Manglayang Jawa Barat,B01,1,collecting,136,14101,2815,2801,8261,10059,2784,9353,16130,15875,14528,,
198176,L-MAN,light,Arabika Manglayang Jawa Barat,B01,1,collecting,137,14096,2815,2801,8261,10059,2781,9352,16129,15875,14528,,
199176,L-MAN,light,Arabika Manglayang Jawa Barat,B01,1,collecting,138,14092,2821,2805,8261,10059,2782,9351,16129,15874,14528,,
200176,L-MAN,light,Arabika Manglayang Jawa Barat,B01,1,collecting,139,14089,2818,2801,8260,10060,2785,9353,16129,15875,14528,,
201177,L-MAN,light,Arabika Manglayang Jawa Barat,B01,1,collecting,140,14086,2817,2800,8260,10062,2784,9355,16130,15875,14529,,
202176,L-MAN,light,Arabika Manglayang Jawa Barat,B01,1,collecting,141,14083,2821,2800,8260,10064,2781,9358,16131,15877,14530,,
203176,L-MAN,light,Arabika Manglayang Jawa Barat,B01,1,collecting,142,14080,2816,2803,8259,10066,2784,9361,16132,15879,14531,,
204176,L-MAN,light,Arabika Manglayang Jawa Barat,B01,1,collecting,143,14078,2821,2801,8259,10069,2782,9364,16133,15880,14533,,
205176,L-MAN,light,Arabika Manglayang Jawa Barat,B01,1,collecting,144,14073,2816,2799,8259,10072,2784,9368,16132,15882,14535,,
206176,L-MAN,light,Arabika Manglayang Jawa Barat,B01,1,collecting,145,14068,2819,2800,8259,10075,2784,9371,16133,15884,14536,,
207176,L-MAN,light,Arabika Manglayang Jawa Barat,B01,1,collecting,146,14063,2820,2805,8258,10077,2781,9373,16132,15885,14537,,
208177,L-MAN,light,Arabika Manglayang Jawa Barat,B01,1,collecting,147,14057,2820,2800,8258,10079,2783,9375,16131,15888,14538,,
209176,L-MAN,light,Arabika Manglayang Jawa Barat,B01,1,collecting,148,14051,2820,2802,8258,10080,2781,9378,16130,15889,14536,,
210177,L-MAN,light,Arabika Manglayang Jawa Barat,B01,1,collecting,149,14045,2819,2803,8258,10079,2784,9378,16128,15889,14533,,
211176,L-MAN,light,Arabika Manglayang Jawa Barat,B01,1,collecting,150,14038,2819,2803,8258,10077,2782,9375,16125,15888,14530,,
212176,L-MAN,light,Arabika Manglayang Jawa Barat,B01,1,collecting,151,14033,2814,2802,8257,10074,2782,9372,16123,15887,14527,,
213176,L-MAN,light,Arabika Manglayang Jawa Barat,B01,1,collecting,152,14028,2822,2799,8256,10071,2781,9370,16120,15884,14523,,
214176,L-MAN,light,Arabika Manglayang Jawa Barat,B01,1,collecting,153,14023,2816,2802,8256,10067,2784,9366,16118,15882,14520,,
215176,L-MAN,light,Arabika Manglayang Jawa Barat,B01,1,collecting,154,14020,2818,2803,8255,10064,2784,9363,16115,15880,14516,,
216176,L-MAN,light,Arabika Manglayang Jawa Barat,B01,1,collecting,155,14016,2816,2799,8255,10061,2782,9360,16114,15877,14513,,
217177,L-MAN,light,Arabika Manglayang Jawa Barat,B01,1,collecting,156,14013,2819,2802,8254,10057,2784,9357,16112,15875,14509,,
218176,L-MAN,light,Arabika Manglayang Jawa Barat,B01,1,collecting,157,14011,2815,2804,8254,10053,2785,9354,16111,15872,14505,,
219176,L-MAN,light,Arabika Manglayang Jawa Barat,B01,1,collecting,158,14007,2814,2800,8253,10049,2784,9352,16107,15868,14502,,
220176,L-MAN,light,Arabika Manglayang Jawa Barat,B01,1,collecting,159,14003,2816,2802,8253,10046,2782,9348,16106,15865,14498,,
221176,L-MAN,light,Arabika Manglayang Jawa Barat,B01,1,collecting,160,14000,2814,2799,8252,10043,2782,9345,16103,15862,14495,,
222176,L-MAN,light,Arabika Manglayang Jawa Barat,B01,1,collecting,161,13997,2816,2802,8251,10040,2784,9342,16101,15859,14493,,
223176,L-MAN,light,Arabika Manglayang Jawa Barat,B01,1,collecting,162,13992,2820,2801,8251,10037,2784,9340,16099,15857,14490,,
224177,L-MAN,light,Arabika Manglayang Jawa Barat,B01,1,collecting,163,13989,2815,2801,8250,10034,2784,9339,16098,15854,14488,,
225176,L-MAN,light,Arabika Manglayang Jawa Barat,B01,1,collecting,164,13986,2819,2801,8250,10032,2782,9337,16097,15851,14487,,
226177,L-MAN,light,Arabika Manglayang Jawa Barat,B01,1,collecting,165,13984,2817,2797,8249,10031,2785,9335,16096,15850,14485,,
227176,L-MAN,light,Arabika Manglayang Jawa Barat,B01,1,collecting,166,13981,2815,2802,8248,10030,2784,9335,16095,15849,14483,,
228176,L-MAN,light,Arabika Manglayang Jawa Barat,B01,1,collecting,167,13978,2813,2806,8248,10028,2781,9335,16095,15847,14482,,
229176,L-MAN,light,Arabika Manglayang Jawa Barat,B01,1,collecting,168,13975,2816,2801,8247,10027,2782,9335,16094,15846,14480,,
230176,L-MAN,light,Arabika Manglayang Jawa Barat,B01,1,collecting,169,13973,2816,2805,8246,10026,2784,9334,16093,15844,14477,,
231176,L-MAN,light,Arabika Manglayang Jawa Barat,B01,1,collecting,170,13970,2821,2801,8245,10023,2781,9333,16092,15842,14475,,
232176,L-MAN,light,Arabika Manglayang Jawa Barat,B01,1,collecting,171,13967,2816,2800,8245,10022,2782,9332,16091,15840,14473,,
233177,L-MAN,light,Arabika Manglayang Jawa Barat,B01,1,collecting,172,13963,2821,2802,8244,10021,2785,9330,16090,15839,14472,,
234176,L-MAN,light,Arabika Manglayang Jawa Barat,B01,1,collecting,173,13961,2820,2803,8244,10019,2785,9330,16089,15838,14469,,
235176,L-MAN,light,Arabika Manglayang Jawa Barat,B01,1,collecting,174,13959,2820,2803,8243,10018,2782,9329,16088,15837,14469,,
236176,L-MAN,light,Arabika Manglayang Jawa Barat,B01,1,collecting,175,13955,2821,2802,8242,10018,2782,9328,16088,15836,14469,,
237176,L-MAN,light,Arabika Manglayang Jawa Barat,B01,1,collecting,176,13953,2819,2798,8241,10018,2784,9329,16088,15836,14469,,
238176,L-MAN,light,Arabika Manglayang Jawa Barat,B01,1,collecting,177,13952,2813,2799,8241,10020,2781,9329,16088,15836,14468,,
239176,L-MAN,light,Arabika Manglayang Jawa Barat,B01,1,collecting,178,13951,2817,2799,8240,10021,2782,9331,16089,15837,14469,,
240177,L-MAN,light,Arabika Manglayang Jawa Barat,B01,1,collecting,179,13951,2819,2799,8240,10023,2784,9334,16090,15838,14470,,
241176,L-MAN,light,Arabika Manglayang Jawa Barat,B01,1,collecting,180,13951,2821,2800,8240,10024,2784,9335,16092,15839,14471,,
242180,L-MAN,light,Arabika Manglayang Jawa Barat,B01,2,purging,1,13948,2816,2803,8239,10027,2785,9337,16092,15840,14473,,
243176,L-MAN,light,Arabika Manglayang Jawa Barat,B01,2,purging,2,13947,2818,2801,8239,10030,2782,9339,16094,15842,14475,,
244176,L-MAN,light,Arabika Manglayang Jawa Barat,B01,2,purging,3,13946,2817,2800,8238,10033,2781,9342,16096,15845,14478,,
245176,L-MAN,light,Arabika Manglayang Jawa Barat,B01,2,purging,4,13945,2815,2799,8238,10037,2784,9347,16097,15848,14481,,
246176,L-MAN,light,Arabika Manglayang Jawa Barat,B01,2,purging,5,13943,2818,2802,8237,10039,2785,9350,16097,15851,14480,,
247176,L-MAN,light,Arabika Manglayang Jawa Barat,B01,2,purging,6,13903,2815,2802,8237,10030,2785,9338,16083,15848,14459,,
248176,L-MAN,light,Arabika Manglayang Jawa Barat,B01,2,purging,7,13810,2812,2801,8237,10012,2784,9317,16051,15833,14436,,
249177,L-MAN,light,Arabika Manglayang Jawa Barat,B01,2,purging,8,13680,2817,2798,8237,9997,2782,9301,16013,15812,14416,,
250176,L-MAN,light,Arabika Manglayang Jawa Barat,B01,2,purging,9,13527,2814,2802,8237,9982,2784,9288,15972,15788,14393,,
251176,L-MAN,light,Arabika Manglayang Jawa Barat,B01,2,purging,10,13361,2818,2800,8237,9966,2784,9276,15928,15761,14364,,
252176,L-MAN,light,Arabika Manglayang Jawa Barat,B01,2,purging,11,13193,2817,2799,8237,9943,2781,9260,15882,15731,14329,,
253176,L-MAN,light,Arabika Manglayang Jawa Barat,B01,2,purging,12,13029,2817,2798,8237,9920,2782,9243,15836,15698,14296,,
254176,L-MAN,light,Arabika Manglayang Jawa Barat,B01,2,purging,13,12873,2812,2803,8237,9897,2782,9228,15793,15665,14267,,
255176,L-MAN,light,Arabika Manglayang Jawa Barat,B01,2,purging,14,12726,2812,2799,8237,9876,2785,9214,15754,15633,14239,,
256177,L-MAN,light,Arabika Manglayang Jawa Barat,B01,2,purging,15,12591,2809,2801,8237,9855,2784,9202,15718,15603,14213,,
257176,L-MAN,light,Arabika Manglayang Jawa Barat,B01,2,purging,16,12469,2811,2800,8237,9838,2784,9190,15686,15576,14190,,
258177,L-MAN,light,Arabika Manglayang Jawa Barat,B01,2,purging,17,12357,2812,2797,8237,9822,2784,9180,15656,15550,14169,,
259176,L-MAN,light,Arabika Manglayang Jawa Barat,B01,2,purging,18,12258,2815,2798,8236,9809,2782,9173,15629,15527,14152,,
260176,L-MAN,light,Arabika Manglayang Jawa Barat,B01,2,purging,19,12168,2810,2800,8236,9798,2784,9167,15605,15506,14136,,
261176,L-MAN,light,Arabika Manglayang Jawa Barat,B01,2,purging,20,12087,2809,2797,8236,9788,2784,9164,15582,15487,14121,,
262176,L-MAN,light,Arabika Manglayang Jawa Barat,B01,2,purging,21,12012,2816,2800,8236,9778,2782,9159,15559,15469,14101,,
263176,L-MAN,light,Arabika Manglayang Jawa Barat,B01,2,purging,22,11944,2812,2799,8236,9765,2782,9151,15535,15450,14080,,
264176,L-MAN,light,Arabika Manglayang Jawa Barat,B01,2,purging,23,11882,2810,2802,8235,9750,2782,9143,15511,15430,14060,,
265177,L-MAN,light,Arabika Manglayang Jawa Barat,B01,2,purging,24,11824,2817,2799,8235,9735,2782,9134,15487,15409,14042,,
266176,L-MAN,light,Arabika Manglayang Jawa Barat,B01,2,purging,25,11771,2812,2802,8235,9723,2782,9127,15465,15390,14030,,
267176,L-MAN,light,Arabika Manglayang Jawa Barat,B01,2,purging,26,11723,2809,2800,8235,9717,2782,9126,15448,15374,14023,,
268176,L-MAN,light,Arabika Manglayang Jawa Barat,B01,2,purging,27,11678,2811,2800,8234,9715,2784,9129,15434,15361,14018,,
269176,L-MAN,light,Arabika Manglayang Jawa Barat,B01,2,purging,28,11637,2810,2800,8234,9716,2782,9134,15420,15351,14014,,
270176,L-MAN,light,Arabika Manglayang Jawa Barat,B01,2,purging,29,11601,2809,2800,8234,9717,2784,9141,15409,15344,14006,,
271176,L-MAN,light,Arabika Manglayang Jawa Barat,B01,2,purging,30,11571,2812,2802,8234,9720,2782,9146,15396,15338,14000,,
272177,L-MAN,light,Arabika Manglayang Jawa Barat,B01,2,purging,31,11544,2813,2797,8234,9721,2782,9151,15385,15332,13996,,
273176,L-MAN,light,Arabika Manglayang Jawa Barat,B01,2,purging,32,11521,2810,2805,8234,9723,2784,9155,15374,15327,13989,,
274177,L-MAN,light,Arabika Manglayang Jawa Barat,B01,2,purging,33,11499,2810,2800,8234,9723,2784,9157,15363,15323,13984,,
275176,L-MAN,light,Arabika Manglayang Jawa Barat,B01,2,purging,34,11479,2811,2797,8234,9721,2782,9159,15352,15317,13977,,
276176,L-MAN,light,Arabika Manglayang Jawa Barat,B01,2,purging,35,11461,2816,2802,8234,9720,2782,9161,15341,15311,13972,,
277176,L-MAN,light,Arabika Manglayang Jawa Barat,B01,2,purging,36,11444,2808,2803,8234,9720,2782,9163,15331,15306,13970,,
278176,L-MAN,light,Arabika Manglayang Jawa Barat,B01,2,purging,37,11428,2811,2798,8234,9721,2782,9166,15322,15303,13965,,
279176,L-MAN,light,Arabika Manglayang Jawa Barat,B01,2,purging,38,11414,2811,2799,8234,9721,2782,9168,15313,15299,13961,,
280176,L-MAN,light,Arabika Manglayang Jawa Barat,B01,2,purging,39,11400,2812,2800,8234,9722,2782,9171,15303,15296,13956,,
281177,L-MAN,light,Arabika Manglayang Jawa Barat,B01,2,purging,40,11387,2809,2800,8234,9721,2783,9173,15294,15293,13951,,
282176,L-MAN,light,Arabika Manglayang Jawa Barat,B01,2,purging,41,11374,2810,2798,8234,9717,2784,9172,15283,15288,13941,,
283176,L-MAN,light,Arabika Manglayang Jawa Barat,B01,2,purging,42,11360,2808,2804,8234,9710,2784,9167,15271,15281,13931,,
284176,L-MAN,light,Arabika Manglayang Jawa Barat,B01,2,purging,43,11347,2810,2799,8234,9703,2782,9162,15259,15272,13924,,
285176,L-MAN,light,Arabika Manglayang Jawa Barat,B01,2,purging,44,11335,2810,2799,8233,9697,2783,9160,15250,15265,13918,,
286176,L-MAN,light,Arabika Manglayang Jawa Barat,B01,2,purging,45,11322,2808,2802,8232,9692,2782,9158,15241,15258,13912,,
287176,L-MAN,light,Arabika Manglayang Jawa Barat,B01,2,purging,46,11310,2814,2800,8231,9689,2784,9157,15231,15250,13906,,
288177,L-MAN,light,Arabika Manglayang Jawa Barat,B01,2,purging,47,11299,2810,2801,8232,9685,2782,9156,15222,15244,13901,,
289176,L-MAN,light,Arabika Manglayang Jawa Barat,B01,2,purging,48,11289,2813,2798,8231,9683,2782,9156,15213,15238,13897,,
290177,L-MAN,light,Arabika Manglayang Jawa Barat,B01,2,purging,49,11277,2810,2799,8231,9681,2781,9158,15206,15233,13895,,
291176,L-MAN,light,Arabika Manglayang Jawa Barat,B01,2,purging,50,11263,2810,2802,8231,9680,2782,9160,15198,15228,13892,,
292176,L-MAN,light,Arabika Manglayang Jawa Barat,B01,2,purging,51,11249,2810,2797,8231,9681,2784,9163,15190,15223,13891,,
293176,L-MAN,light,Arabika Manglayang Jawa Barat,B01,2,purging,52,11234,2813,2799,8231,9679,2784,9166,15183,15220,13884,,
294176,L-MAN,light,Arabika Manglayang Jawa Barat,B01,2,purging,53,11221,2808,2801,8231,9677,2782,9166,15173,15214,13878,,
295176,L-MAN,light,Arabika Manglayang Jawa Barat,B01,2,purging,54,11209,2808,2803,8231,9675,2782,9166,15164,15209,13874,,
296176,L-MAN,light,Arabika Manglayang Jawa Barat,B01,2,purging,55,11197,2811,2799,8231,9673,2782,9166,15156,15204,13869,,
297177,L-MAN,light,Arabika Manglayang Jawa Barat,B01,2,purging,56,11186,2811,2799,8230,9671,2782,9166,15147,15200,13864,,
298176,L-MAN,light,Arabika Manglayang Jawa Barat,B01,2,purging,57,11175,2810,2799,8230,9668,2782,9165,15139,15195,13860,,
299176,L-MAN,light,Arabika Manglayang Jawa Barat,B01,2,purging,58,11163,2810,2801,8230,9665,2782,9165,15130,15190,13855,,
300176,L-MAN,light,Arabika Manglayang Jawa Barat,B01,2,purging,59,11151,2811,2797,8230,9661,2782,9164,15121,15184,13847,,
301176,L-MAN,light,Arabika Manglayang Jawa Barat,B01,2,purging,60,11139,2811,2799,8230,9659,2782,9163,15111,15178,13847,,
302176,L-MAN,light,Arabika Manglayang Jawa Barat,B01,2,purging,61,11124,2810,2804,8230,9659,2782,9167,15105,15174,13845,,
303179,L-MAN,light,Arabika Manglayang Jawa Barat,B01,2,collecting,1,11108,2812,2796,8230,9656,2782,9167,15095,15168,13835,,
304177,L-MAN,light,Arabika Manglayang Jawa Barat,B01,2,collecting,2,11090,2810,2802,8231,9651,2782,9165,15083,15161,13827,,
305176,L-MAN,light,Arabika Manglayang Jawa Barat,B01,2,collecting,3,11073,2808,2802,8230,9643,2784,9161,15071,15152,13817,,
306177,L-MAN,light,Arabika Manglayang Jawa Barat,B01,2,collecting,4,11058,2807,2801,8230,9638,2782,9157,15059,15143,13812,,
307176,L-MAN,light,Arabika Manglayang Jawa Barat,B01,2,collecting,5,11047,2807,2800,8230,9639,2785,9158,15053,15135,13838,,
308176,L-MAN,light,Arabika Manglayang Jawa Barat,B01,2,collecting,6,11157,2807,2799,8229,9695,2782,9212,15103,15148,13935,,
309176,L-MAN,light,Arabika Manglayang Jawa Barat,B01,2,collecting,7,11710,2809,2798,8229,9831,2782,9353,15285,15235,14109,,
310176,L-MAN,light,Arabika Manglayang Jawa Barat,B01,2,collecting,8,12516,2813,2798,8229,9982,2782,9502,15520,15392,14269,,
311176,L-MAN,light,Arabika Manglayang Jawa Barat,B01,2,collecting,9,13188,2810,2800,8229,10103,2782,9606,15718,15559,14400,,
312176,L-MAN,light,Arabika Manglayang Jawa Barat,B01,2,collecting,10,13696,2814,2798,8229,10201,2782,9684,15883,15708,14513,,
313177,L-MAN,light,Arabika Manglayang Jawa Barat,B01,2,collecting,11,14072,2814,2800,8229,10279,2784,9744,16018,15836,14606,,
314176,L-MAN,light,Arabika Manglayang Jawa Barat,B01,2,collecting,12,14350,2813,2798,8228,10339,2783,9786,16122,15941,14676,,
315176,L-MAN,light,Arabika Manglayang Jawa Barat,B01,2,collecting,13,14552,2812,2797,8228,10381,2783,9808,16198,16025,14727,,
316176,L-MAN,light,Arabika Manglayang Jawa Barat,B01,2,collecting,14,14695,2817,2799,8228,10408,2783,9816,16253,16088,14761,,
317176,L-MAN,light,Arabika Manglayang Jawa Barat,B01,2,collecting,15,14789,2814,2797,8228,10421,2783,9813,16289,16135,14784,,
318176,L-MAN,light,Arabika Manglayang Jawa Barat,B01,2,collecting,16,14846,2814,2800,8228,10425,2782,9801,16311,16167,14798,,
319176,L-MAN,light,Arabika Manglayang Jawa Barat,B01,2,collecting,17,14875,2815,2798,8228,10423,2783,9785,16323,16187,14805,,
320177,L-MAN,light,Arabika Manglayang Jawa Barat,B01,2,collecting,18,14883,2817,2802,8228,10416,2782,9768,16329,16199,14807,,
321176,L-MAN,light,Arabika Manglayang Jawa Barat,B01,2,collecting,19,14875,2815,2800,8227,10407,2782,9749,16330,16204,14807,,
322177,L-MAN,light,Arabika Manglayang Jawa Barat,B01,2,collecting,20,14855,2815,2801,8228,10397,2782,9733,16327,16205,14805,,
323176,L-MAN,light,Arabika Manglayang Jawa Barat,B01,2,collecting,21,14828,2816,2799,8227,10386,2784,9716,16323,16203,14802,,
324176,L-MAN,light,Arabika Manglayang Jawa Barat,B01,2,collecting,22,14796,2815,2796,8227,10376,2783,9700,16318,16198,14798,,
325176,L-MAN,light,Arabika Manglayang Jawa Barat,B01,2,collecting,23,14763,2815,2798,8227,10366,2782,9685,16313,16193,14795,,
326176,L-MAN,light,Arabika Manglayang Jawa Barat,B01,2,collecting,24,14727,2815,2800,8227,10357,2782,9671,16309,16187,14790,,
327176,L-MAN,light,Arabika Manglayang Jawa Barat,B01,2,collecting,25,14690,2815,2797,8227,10349,2782,9659,16304,16180,14785,,
328176,L-MAN,light,Arabika Manglayang Jawa Barat,B01,2,collecting,26,14654,2815,2800,8227,10340,2782,9648,16298,16173,14779,,
329177,L-MAN,light,Arabika Manglayang Jawa Barat,B01,2,collecting,27,14617,2821,2799,8227,10331,2782,9636,16292,16165,14774,,
330176,L-MAN,light,Arabika Manglayang Jawa Barat,B01,2,collecting,28,14582,2816,2799,8227,10323,2782,9628,16286,16157,14770,,
331176,L-MAN,light,Arabika Manglayang Jawa Barat,B01,2,collecting,29,14548,2814,2798,8226,10317,2782,9619,16281,16150,14766,,
332176,L-MAN,light,Arabika Manglayang Jawa Barat,B01,2,collecting,30,14515,2814,2801,8226,10312,2782,9613,16277,16144,14764,,
333176,L-MAN,light,Arabika Manglayang Jawa Barat,B01,2,collecting,31,14482,2814,2801,8226,10309,2782,9606,16273,16139,14761,,
334176,L-MAN,light,Arabika Manglayang Jawa Barat,B01,2,collecting,32,14452,2814,2795,8226,10306,2782,9602,16270,16134,14759,,
335176,L-MAN,light,Arabika Manglayang Jawa Barat,B01,2,collecting,33,14425,2814,2799,8226,10303,2784,9599,16266,16129,14756,,
336177,L-MAN,light,Arabika Manglayang Jawa Barat,B01,2,collecting,34,14398,2812,2797,8226,10300,2783,9596,16262,16124,14754,,
337176,L-MAN,light,Arabika Manglayang Jawa Barat,B01,2,collecting,35,14375,2814,2804,8225,10298,2785,9592,16259,16119,14752,,
338177,L-MAN,light,Arabika Manglayang Jawa Barat,B01,2,collecting,36,14353,2815,2798,8225,10295,2782,9589,16257,16115,14748,,
339176,L-MAN,light,Arabika Manglayang Jawa Barat,B01,2,collecting,37,14334,2815,2799,8225,10292,2782,9585,16255,16111,14746,,
340176,L-MAN,light,Arabika Manglayang Jawa Barat,B01,2,collecting,38,14316,2813,2797,8226,10289,2782,9582,16253,16107,14744,,
341176,L-MAN,light,Arabika Manglayang Jawa Barat,B01,2,collecting,39,14300,2815,2801,8225,10286,2782,9577,16251,16103,14741,,
342176,L-MAN,light,Arabika Manglayang Jawa Barat,B01,2,collecting,40,14285,2816,2801,8225,10283,2782,9575,16249,16099,14739,,
343176,L-MAN,light,Arabika Manglayang Jawa Barat,B01,2,collecting,41,14274,2813,2802,8225,10280,2782,9572,16248,16096,14737,,
344176,L-MAN,light,Arabika Manglayang Jawa Barat,B01,2,collecting,42,14264,2816,2799,8224,10278,2782,9570,16247,16093,14735,,
345177,L-MAN,light,Arabika Manglayang Jawa Barat,B01,2,collecting,43,14256,2814,2802,8224,10276,2782,9568,16247,16090,14734,,
346176,L-MAN,light,Arabika Manglayang Jawa Barat,B01,2,collecting,44,14249,2815,2796,8224,10274,2782,9564,16246,16087,14733,,
347176,L-MAN,light,Arabika Manglayang Jawa Barat,B01,2,collecting,45,14242,2814,2797,8223,10272,2782,9562,16247,16086,14731,,
348176,L-MAN,light,Arabika Manglayang Jawa Barat,B01,2,collecting,46,14234,2813,2797,8223,10271,2782,9560,16247,16084,14730,,
349176,L-MAN,light,Arabika Manglayang Jawa Barat,B01,2,collecting,47,14228,2811,2797,8223,10269,2783,9558,16248,16082,14729,,
350176,L-MAN,light,Arabika Manglayang Jawa Barat,B01,2,collecting,48,14222,2817,2796,8223,10269,2782,9557,16248,16081,14729,,
351176,L-MAN,light,Arabika Manglayang Jawa Barat,B01,2,collecting,49,14217,2816,2800,8222,10268,2782,9557,16249,16080,14729,,
352177,L-MAN,light,Arabika Manglayang Jawa Barat,B01,2,collecting,50,14214,2815,2800,8222,10268,2782,9555,16251,16079,14729,,
353176,L-MAN,light,Arabika Manglayang Jawa Barat,B01,2,collecting,51,14213,2814,2801,8222,10268,2782,9557,16252,16078,14729,,
354177,L-MAN,light,Arabika Manglayang Jawa Barat,B01,2,collecting,52,14213,2814,2802,8222,10269,2782,9556,16255,16079,14731,,
355176,L-MAN,light,Arabika Manglayang Jawa Barat,B01,2,collecting,53,14216,2814,2798,8221,10270,2784,9557,16258,16079,14733,,
356176,L-MAN,light,Arabika Manglayang Jawa Barat,B01,2,collecting,54,14220,2813,2798,8221,10272,2782,9558,16262,16081,14736,,
357176,L-MAN,light,Arabika Manglayang Jawa Barat,B01,2,collecting,55,14227,2815,2797,8221,10274,2782,9558,16266,16083,14737,,
358176,L-MAN,light,Arabika Manglayang Jawa Barat,B01,2,collecting,56,14235,2811,2799,8221,10276,2782,9560,16270,16085,14740,,
359176,L-MAN,light,Arabika Manglayang Jawa Barat,B01,2,collecting,57,14241,2814,2799,8221,10278,2782,9563,16274,16087,14742,,
360176,L-MAN,light,Arabika Manglayang Jawa Barat,B01,2,collecting,58,14247,2814,2796,8221,10280,2782,9563,16278,16090,14744,,
361177,L-MAN,light,Arabika Manglayang Jawa Barat,B01,2,collecting,59,14253,2815,2797,8221,10282,2782,9563,16281,16092,14745,,
362176,L-MAN,light,Arabika Manglayang Jawa Barat,B01,2,collecting,60,14258,2814,2797,8220,10283,2782,9563,16284,16094,14748,,
363176,L-MAN,light,Arabika Manglayang Jawa Barat,B01,2,collecting,61,14264,2814,2797,8220,10284,2782,9564,16287,16095,14749,,
364176,L-MAN,light,Arabika Manglayang Jawa Barat,B01,2,collecting,62,14267,2816,2800,8220,10284,2782,9563,16289,16097,14751,,
365176,L-MAN,light,Arabika Manglayang Jawa Barat,B01,2,collecting,63,14269,2817,2797,8219,10285,2782,9563,16291,16099,14752,,
366176,L-MAN,light,Arabika Manglayang Jawa Barat,B01,2,collecting,64,14270,2815,2798,8219,10286,2782,9563,16294,16100,14752,,
367176,L-MAN,light,Arabika Manglayang Jawa Barat,B01,2,collecting,65,14268,2813,2797,8219,10286,2782,9563,16295,16101,14753,,
368177,L-MAN,light,Arabika Manglayang Jawa Barat,B01,2,collecting,66,14265,2812,2797,8218,10285,2782,9562,16296,16102,14753,,
369176,L-MAN,light,Arabika Manglayang Jawa Barat,B01,2,collecting,67,14263,2814,2798,8217,10285,2782,9561,16297,16102,14753,,
370177,L-MAN,light,Arabika Manglayang Jawa Barat,B01,2,collecting,68,14260,2814,2800,8218,10285,2782,9560,16297,16102,14752,,
371176,L-MAN,light,Arabika Manglayang Jawa Barat,B01,2,collecting,69,14256,2813,2799,8218,10284,2782,9560,16298,16102,14753,,
372176,L-MAN,light,Arabika Manglayang Jawa Barat,B01,2,collecting,70,14252,2814,2798,8218,10285,2782,9559,16298,16102,14752,,
373176,L-MAN,light,Arabika Manglayang Jawa Barat,B01,2,collecting,71,14248,2812,2797,8218,10284,2782,9559,16298,16102,14751,,
374176,L-MAN,light,Arabika Manglayang Jawa Barat,B01,2,collecting,72,14243,2816,2797,8217,10284,2784,9559,16298,16102,14752,,
375176,L-MAN,light,Arabika Manglayang Jawa Barat,B01,2,collecting,73,14240,2813,2798,8217,10283,2781,9558,16298,16101,14751,,
376176,L-MAN,light,Arabika Manglayang Jawa Barat,B01,2,collecting,74,14235,2813,2797,8217,10283,2782,9557,16298,16101,14751,,
377177,L-MAN,light,Arabika Manglayang Jawa Barat,B01,2,collecting,75,14231,2814,2797,8217,10283,2782,9556,16298,16101,14751,,
378176,L-MAN,light,Arabika Manglayang Jawa Barat,B01,2,collecting,76,14225,2816,2799,8217,10284,2782,9559,16298,16100,14751,,
379176,L-MAN,light,Arabika Manglayang Jawa Barat,B01,2,collecting,77,14218,2812,2798,8217,10285,2782,9558,16298,16101,14751,,
380176,L-MAN,light,Arabika Manglayang Jawa Barat,B01,2,collecting,78,14210,2812,2796,8217,10285,2782,9558,16297,16100,14752,,
381176,L-MAN,light,Arabika Manglayang Jawa Barat,B01,2,collecting,79,14202,2813,2797,8217,10285,2782,9558,16295,16099,14751,,
382176,L-MAN,light,Arabika Manglayang Jawa Barat,B01,2,collecting,80,14191,2813,2795,8217,10285,2782,9558,16293,16099,14749,,
383176,L-MAN,light,Arabika Manglayang Jawa Barat,B01,2,collecting,81,14178,2812,2802,8217,10284,2783,9558,16290,16098,14747,,
384177,L-MAN,light,Arabika Manglayang Jawa Barat,B01,2,collecting,82,14164,2813,2795,8217,10283,2781,9555,16287,16096,14745,,
385176,L-MAN,light,Arabika Manglayang Jawa Barat,B01,2,collecting,83,14151,2813,2798,8217,10282,2782,9555,16282,16094,14742,,
386177,L-MAN,light,Arabika Manglayang Jawa Barat,B01,2,collecting,84,14136,2815,2798,8217,10280,2782,9554,16278,16091,14740,,
387176,L-MAN,light,Arabika Manglayang Jawa Barat,B01,2,collecting,85,14123,2814,2797,8217,10279,2782,9553,16274,16089,14737,,
388176,L-MAN,light,Arabika Manglayang Jawa Barat,B01,2,collecting,86,14108,2814,2797,8216,10275,2782,9551,16270,16085,14733,,
389176,L-MAN,light,Arabika Manglayang Jawa Barat,B01,2,collecting,87,14093,2811,2797,8216,10272,2782,9548,16265,16082,14730,,
390176,L-MAN,light,Arabika Manglayang Jawa Barat,B01,2,collecting,88,14078,2811,2799,8216,10270,2782,9548,16260,16079,14726,,
391176,L-MAN,light,Arabika Manglayang Jawa Barat,B01,2,collecting,89,14065,2813,2797,8216,10268,2782,9545,16256,16075,14723,,
392176,L-MAN,light,Arabika Manglayang Jawa Barat,B01,2,collecting,90,14052,2815,2798,8216,10266,2782,9545,16253,16072,14720,,
393177,L-MAN,light,Arabika Manglayang Jawa Barat,B01,2,collecting,91,14039,2811,2795,8216,10264,2781,9544,16248,16069,14718,,
394176,L-MAN,light,Arabika Manglayang Jawa Barat,B01,2,collecting,92,14028,2811,2799,8216,10263,2782,9543,16246,16067,14716,,
395176,L-MAN,light,Arabika Manglayang Jawa Barat,B01,2,collecting,93,14019,2813,2800,8216,10263,2782,9542,16242,16064,14714,,
396176,L-MAN,light,Arabika Manglayang Jawa Barat,B01,2,collecting,94,14010,2813,2797,8216,10262,2782,9541,16241,16062,14712,,
397176,L-MAN,light,Arabika Manglayang Jawa Barat,B01,2,collecting,95,14002,2815,2797,8215,10262,2782,9542,16239,16061,14711,,
398176,L-MAN,light,Arabika Manglayang Jawa Barat,B01,2,collecting,96,13996,2813,2798,8216,10262,2783,9541,16237,16059,14710,,
399176,L-MAN,light,Arabika Manglayang Jawa Barat,B01,2,collecting,97,13989,2812,2799,8215,10263,2782,9542,16236,16059,14710,,
400177,L-MAN,light,Arabika Manglayang Jawa Barat,B01,2,collecting,98,13984,2815,2798,8215,10263,2782,9544,16235,16059,14710,,
401176,L-MAN,light,Arabika Manglayang Jawa Barat,B01,2,collecting,99,13978,2815,2796,8215,10264,2782,9544,16235,16058,14710,,
402177,L-MAN,light,Arabika Manglayang Jawa Barat,B01,2,collecting,100,13972,2815,2797,8215,10265,2782,9546,16234,16059,14710,,
403176,L-MAN,light,Arabika Manglayang Jawa Barat,B01,2,collecting,101,13966,2815,2798,8215,10266,2781,9546,16233,16059,14709,,
404176,L-MAN,light,Arabika Manglayang Jawa Barat,B01,2,collecting,102,13959,2815,2796,8215,10268,2782,9547,16231,16060,14710,,
405176,L-MAN,light,Arabika Manglayang Jawa Barat,B01,2,collecting,103,13953,2815,2797,8215,10269,2782,9549,16230,16060,14709,,
406176,L-MAN,light,Arabika Manglayang Jawa Barat,B01,2,collecting,104,13947,2814,2798,8216,10269,2782,9550,16228,16060,14708,,
407176,L-MAN,light,Arabika Manglayang Jawa Barat,B01,2,collecting,105,13940,2815,2800,8215,10270,2781,9550,16226,16060,14708,,
408176,L-MAN,light,Arabika Manglayang Jawa Barat,B01,2,collecting,106,13933,2814,2798,8215,10270,2784,9552,16224,16060,14707,,
409177,L-MAN,light,Arabika Manglayang Jawa Barat,B01,2,collecting,107,13925,2812,2802,8216,10271,2782,9553,16223,16060,14706,,
410176,L-MAN,light,Arabika Manglayang Jawa Barat,B01,2,collecting,108,13918,2813,2798,8215,10271,2782,9553,16220,16060,14705,,
411176,L-MAN,light,Arabika Manglayang Jawa Barat,B01,2,collecting,109,13910,2812,2796,8216,10271,2782,9551,16218,16059,14704,,
412176,L-MAN,light,Arabika Manglayang Jawa Barat,B01,2,collecting,110,13904,2812,2799,8215,10271,2782,9551,16217,16058,14703,,
413176,L-MAN,light,Arabika Manglayang Jawa Barat,B01,2,collecting,111,13898,2814,2800,8216,10270,2782,9551,16215,16058,14702,,
414176,L-MAN,light,Arabika Manglayang Jawa Barat,B01,2,collecting,112,13893,2812,2799,8216,10269,2782,9551,16213,16057,14700,,
415176,L-MAN,light,Arabika Manglayang Jawa Barat,B01,2,collecting,113,13888,2814,2797,8216,10269,2782,9549,16211,16056,14698,,
416177,L-MAN,light,Arabika Manglayang Jawa Barat,B01,2,collecting,114,13884,2813,2797,8216,10268,2781,9549,16209,16055,14697,,
417176,L-MAN,light,Arabika Manglayang Jawa Barat,B01,2,collecting,115,13880,2812,2797,8216,10267,2784,9549,16206,16054,14696,,
418177,L-MAN,light,Arabika Manglayang Jawa Barat,B01,2,collecting,116,13874,2812,2795,8215,10266,2782,9548,16205,16053,14695,,
419176,L-MAN,light,Arabika Manglayang Jawa Barat,B01,2,collecting,117,13870,2814,2796,8215,10265,2782,9548,16204,16052,14693,,
420176,L-MAN,light,Arabika Manglayang Jawa Barat,B01,2,collecting,118,13866,2810,2796,8215,10264,2782,9547,16202,16051,14691,,
421176,L-MAN,light,Arabika Manglayang Jawa Barat,B01,2,collecting,119,13862,2811,2796,8215,10263,2782,9546,16200,16049,14690,,
422176,L-MAN,light,Arabika Manglayang Jawa Barat,B01,2,collecting,120,13858,2811,2795,8215,10262,2782,9544,16197,16048,14689,,
423176,L-MAN,light,Arabika Manglayang Jawa Barat,B01,2,collecting,121,13854,2814,2800,8215,10261,2782,9544,16196,16046,14688,,
424176,L-MAN,light,Arabika Manglayang Jawa Barat,B01,2,collecting,122,13850,2812,2798,8215,10260,2782,9544,16194,16045,14686,,
425177,L-MAN,light,Arabika Manglayang Jawa Barat,B01,2,collecting,123,13846,2811,2795,8215,10259,2782,9543,16192,16043,14684,,
426176,L-MAN,light,Arabika Manglayang Jawa Barat,B01,2,collecting,124,13840,2812,2795,8215,10257,2782,9543,16190,16042,14682,,
427176,L-MAN,light,Arabika Manglayang Jawa Barat,B01,2,collecting,125,13837,2813,2796,8215,10256,2782,9542,16187,16040,14680,,
428176,L-MAN,light,Arabika Manglayang Jawa Barat,B01,2,collecting,126,13833,2809,2798,8215,10255,2782,9542,16185,16038,14678,,
429176,L-MAN,light,Arabika Manglayang Jawa Barat,B01,2,collecting,127,13829,2813,2799,8215,10254,2781,9541,16183,16037,14676,,
430176,L-MAN,light,Arabika Manglayang Jawa Barat,B01,2,collecting,128,13824,2811,2798,8215,10252,2782,9540,16181,16035,14674,,
431176,L-MAN,light,Arabika Manglayang Jawa Barat,B01,2,collecting,129,13818,2812,2797,8215,10251,2782,9536,16178,16033,14672,,
432177,L-MAN,light,Arabika Manglayang Jawa Barat,B01,2,collecting,130,13811,2810,2798,8215,10249,2782,9534,16175,16031,14669,,
433176,L-MAN,light,Arabika Manglayang Jawa Barat,B01,2,collecting,131,13804,2815,2799,8215,10247,2782,9533,16173,16029,14668,,
434177,L-MAN,light,Arabika Manglayang Jawa Barat,B01,2,collecting,132,13798,2815,2796,8215,10246,2781,9532,16171,16027,14665,,
435176,L-MAN,light,Arabika Manglayang Jawa Barat,B01,2,collecting,133,13791,2812,2796,8215,10245,2782,9531,16169,16025,14663,,
436176,L-MAN,light,Arabika Manglayang Jawa Barat,B01,2,collecting,134,13784,2812,2796,8215,10243,2781,9532,16166,16024,14661,,
437176,L-MAN,light,Arabika Manglayang Jawa Barat,B01,2,collecting,135,13777,2812,2796,8215,10242,2782,9531,16164,16021,14660,,
438176,L-MAN,light,Arabika Manglayang Jawa Barat,B01,2,collecting,136,13771,2812,2801,8215,10242,2781,9531,16162,16020,14659,,
439176,L-MAN,light,Arabika Manglayang Jawa Barat,B01,2,collecting,137,13764,2814,2799,8215,10241,2782,9531,16160,16019,14658,,
440176,L-MAN,light,Arabika Manglayang Jawa Barat,B01,2,collecting,138,13758,2812,2795,8215,10241,2782,9531,16159,16017,14657,,
441177,L-MAN,light,Arabika Manglayang Jawa Barat,B01,2,collecting,139,13753,2814,2800,8214,10240,2782,9530,16157,16016,14656,,
442176,L-MAN,light,Arabika Manglayang Jawa Barat,B01,2,collecting,140,13750,2812,2797,8215,10240,2782,9531,16155,16015,14656,,
443176,L-MAN,light,Arabika Manglayang Jawa Barat,B01,2,collecting,141,13746,2812,2798,8214,10239,2782,9532,16153,16013,14654,,
444176,L-MAN,light,Arabika Manglayang Jawa Barat,B01,2,collecting,142,13745,2813,2795,8214,10238,2782,9531,16152,16012,14653,,
445176,L-MAN,light,Arabika Manglayang Jawa Barat,B01,2,collecting,143,13742,2809,2795,8215,10239,2782,9531,16151,16011,14652,,
446176,L-MAN,light,Arabika Manglayang Jawa Barat,B01,2,collecting,144,13739,2811,2797,8215,10240,2780,9532,16150,16011,14653,,
447176,L-MAN,light,Arabika Manglayang Jawa Barat,B01,2,collecting,145,13736,2817,2796,8215,10241,2781,9534,16149,16012,14653,,
448177,L-MAN,light,Arabika Manglayang Jawa Barat,B01,2,collecting,146,13733,2811,2795,8215,10242,2781,9535,16148,16012,14654,,
449176,L-MAN,light,Arabika Manglayang Jawa Barat,B01,2,collecting,147,13731,2810,2799,8215,10243,2782,9537,16148,16012,14654,,
450177,L-MAN,light,Arabika Manglayang Jawa Barat,B01,2,collecting,148,13728,2811,2798,8215,10245,2781,9537,16147,16013,14654,,
451176,L-MAN,light,Arabika Manglayang Jawa Barat,B01,2,collecting,149,13725,2811,2796,8215,10245,2780,9539,16146,16013,14654,,
452176,L-MAN,light,Arabika Manglayang Jawa Barat,B01,2,collecting,150,13722,2810,2795,8215,10246,2782,9539,16145,16013,14654,,
453176,L-MAN,light,Arabika Manglayang Jawa Barat,B01,2,collecting,151,13719,2809,2796,8215,10247,2781,9540,16144,16013,14654,,
454176,L-MAN,light,Arabika Manglayang Jawa Barat,B01,2,collecting,152,13717,2810,2797,8215,10247,2781,9542,16143,16013,14653,,
455176,L-MAN,light,Arabika Manglayang Jawa Barat,B01,2,collecting,153,13714,2811,2796,8215,10247,2780,9543,16142,16013,14653,,
456176,L-MAN,light,Arabika Manglayang Jawa Barat,B01,2,collecting,154,13711,2812,2795,8215,10246,2781,9542,16142,16013,14652,,
457177,L-MAN,light,Arabika Manglayang Jawa Barat,B01,2,collecting,155,13706,2815,2797,8215,10246,2782,9542,16140,16012,14651,,
458176,L-MAN,light,Arabika Manglayang Jawa Barat,B01,2,collecting,156,13703,2811,2795,8215,10245,2782,9542,16139,16011,14650,,
459176,L-MAN,light,Arabika Manglayang Jawa Barat,B01,2,collecting,157,13699,2811,2795,8215,10245,2780,9542,16138,16010,14649,,
460176,L-MAN,light,Arabika Manglayang Jawa Barat,B01,2,collecting,158,13696,2812,2794,8215,10243,2780,9543,16136,16009,14649,,
461176,L-MAN,light,Arabika Manglayang Jawa Barat,B01,2,collecting,159,13693,2812,2797,8215,10244,2782,9543,16135,16008,14648,,
462176,L-MAN,light,Arabika Manglayang Jawa Barat,B01,2,collecting,160,13690,2810,2798,8215,10243,2782,9541,16134,16007,14647,,
463176,L-MAN,light,Arabika Manglayang Jawa Barat,B01,2,collecting,161,13689,2814,2795,8215,10243,2779,9542,16133,16007,14647,,
464177,L-MAN,light,Arabika Manglayang Jawa Barat,B01,2,collecting,162,13687,2812,2796,8215,10243,2782,9543,16133,16007,14648,,
465176,L-MAN,light,Arabika Manglayang Jawa Barat,B01,2,collecting,163,13686,2812,2801,8216,10244,2781,9544,16133,16007,14648,,
466177,L-MAN,light,Arabika Manglayang Jawa Barat,B01,2,collecting,164,13687,2812,2796,8215,10245,2779,9545,16133,16007,14649,,
467176,L-MAN,light,Arabika Manglayang Jawa Barat,B01,2,collecting,165,13688,2813,2798,8215,10246,2779,9546,16134,16007,14651,,
468176,L-MAN,light,Arabika Manglayang Jawa Barat,B01,2,collecting,166,13690,2812,2797,8216,10247,2781,9548,16135,16008,14651,,
469176,L-MAN,light,Arabika Manglayang Jawa Barat,B01,2,collecting,167,13691,2809,2797,8216,10248,2782,9549,16135,16009,14653,,
470176,L-MAN,light,Arabika Manglayang Jawa Barat,B01,2,collecting,168,13693,2811,2797,8215,10249,2780,9551,16136,16010,14654,,
471176,L-MAN,light,Arabika Manglayang Jawa Barat,B01,2,collecting,169,13696,2811,2796,8215,10251,2780,9553,16137,16011,14655,,
472176,L-MAN,light,Arabika Manglayang Jawa Barat,B01,2,collecting,170,13698,2814,2797,8215,10252,2780,9554,16137,16013,14657,,
473177,L-MAN,light,Arabika Manglayang Jawa Barat,B01,2,collecting,171,13700,2811,2797,8215,10253,2781,9556,16138,16013,14658,,
474176,L-MAN,light,Arabika Manglayang Jawa Barat,B01,2,collecting,172,13702,2812,2796,8215,10255,2781,9558,16139,16014,14660,,
475176,L-MAN,light,Arabika Manglayang Jawa Barat,B01,2,collecting,173,13703,2811,2795,8215,10257,2781,9561,16139,16015,14661,,
476176,L-MAN,light,Arabika Manglayang Jawa Barat,B01,2,collecting,174,13703,2810,2795,8215,10259,2780,9562,16139,16015,14663,,
477176,L-MAN,light,Arabika Manglayang Jawa Barat,B01,2,collecting,175,13702,2812,2797,8215,10260,2782,9564,16139,16017,14663,,
478176,L-MAN,light,Arabika Manglayang Jawa Barat,B01,2,collecting,176,13701,2809,2797,8215,10261,2780,9564,16139,16018,14664,,
479176,L-MAN,light,Arabika Manglayang Jawa Barat,B01,2,collecting,177,13699,2811,2795,8215,10262,2779,9565,16139,16018,14665,,
480177,L-MAN,light,Arabika Manglayang Jawa Barat,B01,2,collecting,178,13697,2809,2796,8215,10262,2782,9567,16139,16019,14665,,
481176,L-MAN,light,Arabika Manglayang Jawa Barat,B01,2,collecting,179,13695,2813,2797,8214,10263,2780,9569,16138,16019,14665,,
482177,L-MAN,light,Arabika Manglayang Jawa Barat,B01,2,collecting,180,13693,2809,2798,8214,10263,2781,9570,16137,16019,14664,,
483179,L-MAN,light,Arabika Manglayang Jawa Barat,B01,3,purging,1,13690,2808,2797,8215,10263,2779,9568,16135,16019,14663,,
484176,L-MAN,light,Arabika Manglayang Jawa Barat,B01,3,purging,2,13688,2809,2799,8215,10261,2781,9568,16133,16018,14663,,
485176,L-MAN,light,Arabika Manglayang Jawa Barat,B01,3,purging,3,13682,2809,2798,8215,10260,2779,9569,16130,16016,14667,,
486176,L-MAN,light,Arabika Manglayang Jawa Barat,B01,3,purging,4,13655,2812,2793,8215,10255,2780,9566,16122,16012,14656,,
487176,L-MAN,light,Arabika Manglayang Jawa Barat,B01,3,purging,5,13585,2811,2796,8215,10242,2782,9553,16100,16002,14635,,
488176,L-MAN,light,Arabika Manglayang Jawa Barat,B01,3,purging,6,13481,2808,2794,8215,10225,2781,9534,16069,15984,14612,,
489177,L-MAN,light,Arabika Manglayang Jawa Barat,B01,3,purging,7,13353,2809,2796,8215,10206,2782,9515,16033,15961,14587,,
490176,L-MAN,light,Arabika Manglayang Jawa Barat,B01,3,purging,8,13213,2810,2798,8215,10185,2782,9496,15995,15934,14561,,
491176,L-MAN,light,Arabika Manglayang Jawa Barat,B01,3,purging,9,13068,2809,2796,8215,10164,2781,9479,15957,15907,14535,,
492176,L-MAN,light,Arabika Manglayang Jawa Barat,B01,3,purging,10,12923,2808,2796,8214,10144,2782,9463,15920,15879,14511,,
493176,L-MAN,light,Arabika Manglayang Jawa Barat,B01,3,purging,11,12783,2808,2795,8214,10128,2781,9452,15887,15853,14490,,
494176,L-MAN,light,Arabika Manglayang Jawa Barat,B01,3,purging,12,12651,2807,2796,8214,10113,2782,9442,15855,15829,14469,,
495176,L-MAN,light,Arabika Manglayang Jawa Barat,B01,3,purging,13,12527,2808,2798,8213,10099,2780,9433,15826,15805,14450,,
496177,L-MAN,light,Arabika Manglayang Jawa Barat,B01,3,purging,14,12412,2809,2797,8213,10086,2780,9427,15798,15784,14432,,
497176,L-MAN,light,Arabika Manglayang Jawa Barat,B01,3,purging,15,12306,2809,2796,8213,10074,2780,9419,15772,15763,14414,,
498177,L-MAN,light,Arabika Manglayang Jawa Barat,B01,3,purging,16,12210,2809,2797,8213,10063,2779,9414,15748,15743,14398,,
499176,L-MAN,light,Arabika Manglayang Jawa Barat,B01,3,purging,17,12121,2807,2795,8213,10053,2780,9410,15725,15725,14383,,
500176,L-MAN,light,Arabika Manglayang Jawa Barat,B01,3,purging,18,12042,2807,2795,8212,10044,2782,9406,15703,15708,14368,,
501176,L-MAN,light,Arabika Manglayang Jawa Barat,B01,3,purging,19,11969,2805,2796,8212,10035,2780,9402,15682,15692,14354,,
502176,L-MAN,light,Arabika Manglayang Jawa Barat,B01,3,purging,20,11903,2806,2795,8212,10026,2782,9399,15662,15676,14341,,
503176,L-MAN,light,Arabika Manglayang Jawa Barat,B01,3,purging,21,11843,2806,2794,8212,10018,2780,9396,15643,15662,14328,,
504176,L-MAN,light,Arabika Manglayang Jawa Barat,B01,3,purging,22,11790,2807,2797,8211,10011,2781,9393,15625,15648,14315,,
505177,L-MAN,light,Arabika Manglayang Jawa Barat,B01,3,purging,23,11741,2807,2796,8211,10005,2780,9390,15608,15634,14305,,
506176,L-MAN,light,Arabika Manglayang Jawa Barat,B01,3,purging,24,11697,2808,2795,8211,9998,2782,9388,15592,15622,14293,,
507176,L-MAN,light,Arabika Manglayang Jawa Barat,B01,3,purging,25,11657,2807,2795,8211,9992,2780,9385,15575,15610,14282,,
508176,L-MAN,light,Arabika Manglayang Jawa Barat,B01,3,purging,26,11621,2807,2795,8211,9985,2782,9382,15560,15599,14271,,
509176,L-MAN,light,Arabika Manglayang Jawa Barat,B01,3,purging,27,11587,2808,2799,8210,9979,2779,9379,15544,15587,14259,,
510176,L-MAN,light,Arabika Manglayang Jawa Barat,B01,3,purging,28,11556,2805,2797,8210,9971,2783,9375,15529,15576,14248,,
511176,L-MAN,light,Arabika Manglayang Jawa Barat,B01,3,purging,29,11528,2805,2795,8210,9964,2780,9371,15515,15565,14238,,
512177,L-MAN,light,Arabika Manglayang Jawa Barat,B01,3,purging,30,11503,2805,2796,8210,9957,2782,9367,15501,15554,14227,,
513176,L-MAN,light,Arabika Manglayang Jawa Barat,B01,3,purging,31,11479,2809,2795,8209,9950,2779,9365,15487,15543,14219,,
514177,L-MAN,light,Arabika Manglayang Jawa Barat,B01,3,purging,32,11455,2809,2794,8209,9945,2780,9362,15475,15533,14211,,
515176,L-MAN,light,Arabika Manglayang Jawa Barat,B01,3,purging,33,11433,2805,2796,8209,9940,2779,9360,15463,15524,14205,,
516176,L-MAN,light,Arabika Manglayang Jawa Barat,B01,3,purging,34,11413,2805,2796,8209,9936,2781,9360,15452,15515,14197,,
517176,L-MAN,light,Arabika Manglayang Jawa Barat,B01,3,purging,35,11393,2806,2796,8208,9932,2780,9361,15441,15507,14191,,
518176,L-MAN,light,Arabika Manglayang Jawa Barat,B01,3,purging,36,11374,2806,2796,8208,9929,2780,9361,15431,15499,14184,,
519176,L-MAN,light,Arabika Manglayang Jawa Barat,B01,3,purging,37,11356,2806,2796,8208,9926,2782,9361,15421,15492,14178,,
520176,L-MAN,light,Arabika Manglayang Jawa Barat,B01,3,purging,38,11339,2807,2797,8207,9923,2779,9361,15411,15485,14172,,
521177,L-MAN,light,Arabika Manglayang Jawa Barat,B01,3,purging,39,11323,2805,2795,8207,9921,2780,9361,15401,15478,14167,,
522176,L-MAN,light,Arabika Manglayang Jawa Barat,B01,3,purging,40,11308,2807,2796,8207,9920,2782,9362,15392,15472,14165,,
523176,L-MAN,light,Arabika Manglayang Jawa Barat,B01,3,purging,41,11293,2805,2795,8207,9924,2780,9369,15386,15469,14168,,
524176,L-MAN,light,Arabika Manglayang Jawa Barat,B01,3,purging,42,11277,2804,2796,8208,9931,2780,9378,15381,15468,14171,,
525176,L-MAN,light,Arabika Manglayang Jawa Barat,B01,3,purging,43,11262,2805,2798,8208,9936,2780,9387,15376,15468,14167,,
526176,L-MAN,light,Arabika Manglayang Jawa Barat,B01,3,purging,44,11247,2806,2799,8208,9938,2780,9390,15367,15467,14163,,
527176,L-MAN,light,Arabika Manglayang Jawa Barat,B01,3,purging,45,11235,2805,2796,8208,9937,2780,9392,15359,15464,14159,,
528177,L-MAN,light,Arabika Manglayang Jawa Barat,B01,3,purging,46,11221,2806,2795,8209,9937,2782,9393,15350,15461,14154,,
529176,L-MAN,light,Arabika Manglayang Jawa Barat,B01,3,purging,47,11209,2805,2799,8209,9934,2780,9392,15341,15456,14147,,
530177,L-MAN,light,Arabika Manglayang Jawa Barat,B01,3,purging,48,11198,2807,2796,8209,9929,2783,9389,15331,15451,14139,,
531176,L-MAN,light,Arabika Manglayang Jawa Barat,B01,3,purging,49,11187,2807,2795,8209,9925,2779,9386,15321,15444,14132,,
532176,L-MAN,light,Arabika Manglayang Jawa Barat,B01,3,purging,50,11179,2807,2796,8208,9920,2781,9383,15311,15438,14127,,
533176,L-MAN,light,Arabika Manglayang Jawa Barat,B01,3,purging,51,11170,2806,2797,8209,9916,2779,9381,15303,15432,14122,,
534176,L-MAN,light,Arabika Manglayang Jawa Barat,B01,3,purging,52,11161,2806,2797,8209,9913,2782,9380,15295,15426,14117,,
535176,L-MAN,light,Arabika Manglayang Jawa Barat,B01,3,purging,53,11152,2805,2795,8209,9910,2780,9379,15287,15422,14114,,
536176,L-MAN,light,Arabika Manglayang Jawa Barat,B01,3,purging,54,11144,2803,2796,8209,9908,2780,9379,15279,15416,14108,,
537177,L-MAN,light,Arabika Manglayang Jawa Barat,B01,3,purging,55,11135,2805,2797,8209,9905,2780,9378,15271,15411,14104,,
538176,L-MAN,light,Arabika Manglayang Jawa Barat,B01,3,purging,56,11127,2805,2795,8209,9901,2780,9376,15264,15405,14098,,
539176,L-MAN,light,Arabika Manglayang Jawa Barat,B01,3,purging,57,11119,2804,2795,8209,9897,2779,9373,15256,15399,14093,,
540176,L-MAN,light,Arabika Manglayang Jawa Barat,B01,3,purging,58,11112,2806,2799,8209,9894,2780,9371,15248,15394,14088,,
541176,L-MAN,light,Arabika Manglayang Jawa Barat,B01,3,purging,59,11106,2805,2794,8208,9893,2779,9370,15242,15389,14086,,
542176,L-MAN,light,Arabika Manglayang Jawa Barat,B01,3,purging,60,11098,2805,2796,8209,9893,2780,9371,15237,15384,14086,,
543179,L-MAN,light,Arabika Manglayang Jawa Barat,B01,3,collecting,1,11090,2806,2797,8209,9896,2780,9374,15232,15381,14087,,
544177,L-MAN,light,Arabika Manglayang Jawa Barat,B01,3,collecting,2,11085,2805,2797,8210,9899,2780,9377,15229,15380,14087,,
545176,L-MAN,light,Arabika Manglayang Jawa Barat,B01,3,collecting,3,11084,2805,2794,8211,9907,2779,9386,15230,15381,14113,,
546177,L-MAN,light,Arabika Manglayang Jawa Barat,B01,3,collecting,4,11172,2805,2792,8211,9940,2779,9422,15260,15393,14167,,
547176,L-MAN,light,Arabika Manglayang Jawa Barat,B01,3,collecting,5,11500,2804,2798,8212,10011,2780,9507,15352,15440,14254,,
548176,L-MAN,light,Arabika Manglayang Jawa Barat,B01,3,collecting,6,11973,2806,2796,8212,10092,2779,9592,15472,15521,14335,,
549176,L-MAN,light,Arabika Manglayang Jawa Barat,B01,3,collecting,7,12429,2807,2796,8212,10160,2782,9654,15578,15609,14404,,
550176,L-MAN,light,Arabika Manglayang Jawa Barat,B01,3,collecting,8,12811,2808,2797,8213,10217,2780,9698,15673,15691,14471,,
551176,L-MAN,light,Arabika Manglayang Jawa Barat,B01,3,collecting,9,13122,2807,2798,8213,10266,2779,9735,15759,15767,14532,,
552176,L-MAN,light,Arabika Manglayang Jawa Barat,B01,3,collecting,10,13371,2807,2794,8214,10310,2783,9768,15831,15834,14589,,
553177,L-MAN,light,Arabika Manglayang Jawa Barat,B01,3,collecting,11,13588,2811,2796,8215,10352,2783,9799,15900,15898,14642,,
554176,L-MAN,light,Arabika Manglayang Jawa Barat,B01,3,collecting,12,13771,2807,2795,8215,10389,2780,9823,15962,15956,14687,,
555176,L-MAN,light,Arabika Manglayang Jawa Barat,B01,3,collecting,13,13919,2810,2795,8216,10416,2783,9836,16014,16007,14721,,
556176,L-MAN,light,Arabika Manglayang Jawa Barat,B01,3,collecting,14,14029,2812,2796,8217,10432,2783,9840,16051,16047,14743,,
557176,L-MAN,light,Arabika Manglayang Jawa Barat,B01,3,collecting,15,14100,2810,2795,8218,10440,2782,9837,16075,16076,14756,,
558176,L-MAN,light,Arabika Manglayang Jawa Barat,B01,3,collecting,16,14140,2810,2795,8219,10441,2780,9826,16089,16096,14762,,
559176,L-MAN,light,Arabika Manglayang Jawa Barat,B01,3,collecting,17,14156,2812,2795,8219,10436,2783,9811,16095,16107,14765,,
560177,L-MAN,light,Arabika Manglayang Jawa Barat,B01,3,collecting,18,14154,2811,2797,8220,10430,2780,9799,16097,16112,14764,,
561176,L-MAN,light,Arabika Manglayang Jawa Barat,B01,3,collecting,19,14141,2812,2796,8220,10422,2783,9783,16096,16113,14763,,
562177,L-MAN,light,Arabika Manglayang Jawa Barat,B01,3,collecting,20,14120,2810,2796,8221,10414,2780,9770,16094,16112,14760,,
563176,L-MAN,light,Arabika Manglayang Jawa Barat,B01,3,collecting,21,14096,2810,2793,8222,10406,2780,9758,16092,16109,14758,,
564176,L-MAN,light,Arabika Manglayang Jawa Barat,B01,3,collecting,22,14072,2809,2797,8222,10399,2780,9745,16089,16105,14757,,
565176,L-MAN,light,Arabika Manglayang Jawa Barat,B01,3,collecting,23,14048,2810,2795,8223,10394,2780,9736,16088,16101,14756,,
566176,L-MAN,light,Arabika Manglayang Jawa Barat,B01,3,collecting,24,14027,2810,2792,8223,10389,2780,9729,16088,16098,14755,,
567176,L-MAN,light,Arabika Manglayang Jawa Barat,B01,3,collecting,25,14007,2810,2794,8224,10385,2780,9723,16088,16095,14754,,
568176,L-MAN,light,Arabika Manglayang Jawa Barat,B01,3,collecting,26,13990,2810,2796,8224,10381,2781,9716,16089,16092,14754,,
569177,L-MAN,light,Arabika Manglayang Jawa Barat,B01,3,collecting,27,13976,2809,2799,8225,10378,2780,9710,16091,16090,14754,,
570176,L-MAN,light,Arabika Manglayang Jawa Barat,B01,3,collecting,28,13962,2812,2796,8225,10375,2782,9706,16092,16088,14754,,
571176,L-MAN,light,Arabika Manglayang Jawa Barat,B01,3,collecting,29,13951,2808,2799,8225,10373,2780,9703,16095,16085,14754,,
572176,L-MAN,light,Arabika Manglayang Jawa Barat,B01,3,collecting,30,13941,2809,2798,8226,10371,2779,9699,16096,16083,14754,,
573176,L-MAN,light,Arabika Manglayang Jawa Barat,B01,3,collecting,31,13930,2809,2796,8227,10369,2782,9695,16098,16082,14756,,
574176,L-MAN,light,Arabika Manglayang Jawa Barat,B01,3,collecting,32,13922,2809,2796,8227,10367,2782,9691,16099,16080,14756,,
575176,L-MAN,light,Arabika Manglayang Jawa Barat,B01,3,collecting,33,13916,2811,2793,8227,10367,2782,9690,16102,16080,14757,,
576177,L-MAN,light,Arabika Manglayang Jawa Barat,B01,3,collecting,34,13910,2808,2795,8228,10367,2782,9689,16104,16079,14759,,
577176,L-MAN,light,Arabika Manglayang Jawa Barat,B01,3,collecting,35,13906,2809,2798,8228,10367,2780,9687,16107,16078,14759,,
578177,L-MAN,light,Arabika Manglayang Jawa Barat,B01,3,collecting,36,13902,2815,2795,8229,10367,2780,9684,16109,16078,14761,,
579176,L-MAN,light,Arabika Manglayang Jawa Barat,B01,3,collecting,37,13899,2810,2796,8230,10367,2779,9684,16112,16079,14762,,
580176,L-MAN,light,Arabika Manglayang Jawa Barat,B01,3,collecting,38,13897,2809,2799,8230,10368,2779,9683,16115,16079,14764,,
581176,L-MAN,light,Arabika Manglayang Jawa Barat,B01,3,collecting,39,13896,2809,2796,8230,10369,2782,9682,16118,16079,14766,,
582176,L-MAN,light,Arabika Manglayang Jawa Barat,B01,3,collecting,40,13896,2811,2795,8230,10369,2779,9681,16121,16080,14766,,
583176,L-MAN,light,Arabika Manglayang Jawa Barat,B01,3,collecting,41,13897,2810,2794,8230,10370,2779,9680,16125,16080,14769,,
584176,L-MAN,light,Arabika Manglayang Jawa Barat,B01,3,collecting,42,13899,2809,2794,8231,10371,2782,9682,16128,16081,14771,,
585177,L-MAN,light,Arabika Manglayang Jawa Barat,B01,3,collecting,43,13901,2809,2796,8231,10372,2779,9683,16132,16083,14773,,
586176,L-MAN,light,Arabika Manglayang Jawa Barat,B01,3,collecting,44,13903,2811,2795,8232,10374,2782,9684,16136,16084,14776,,
587176,L-MAN,light,Arabika Manglayang Jawa Barat,B01,3,collecting,45,13906,2808,2795,8232,10375,2780,9684,16140,16085,14778,,
588176,L-MAN,light,Arabika Manglayang Jawa Barat,B01,3,collecting,46,13909,2808,2796,8232,10377,2779,9683,16143,16088,14779,,
589176,L-MAN,light,Arabika Manglayang Jawa Barat,B01,3,collecting,47,13912,2808,2795,8233,10379,2779,9683,16147,16089,14782,,
590176,L-MAN,light,Arabika Manglayang Jawa Barat,B01,3,collecting,48,13915,2808,2794,8233,10380,2783,9684,16151,16090,14784,,
591176,L-MAN,light,Arabika Manglayang Jawa Barat,B01,3,collecting,49,13917,2809,2799,8234,10382,2779,9684,16154,16092,14785,,
592177,L-MAN,light,Arabika Manglayang Jawa Barat,B01,3,collecting,50,13919,2809,2801,8235,10383,2782,9684,16157,16094,14787,,
593176,L-MAN,light,Arabika Manglayang Jawa Barat,B01,3,collecting,51,13922,2812,2795,8235,10384,2780,9685,16160,16095,14789,,
594177,L-MAN,light,Arabika Manglayang Jawa Barat,B01,3,collecting,52,13923,2809,2793,8235,10386,2779,9686,16162,16097,14792,,
595176,L-MAN,light,Arabika Manglayang Jawa Barat,B01,3,collecting,53,13923,2809,2800,8236,10387,2783,9686,16165,16099,14792,,
596176,L-MAN,light,Arabika Manglayang Jawa Barat,B01,3,collecting,54,13923,2810,2797,8236,10388,2779,9688,16168,16100,14794,,
597176,L-MAN,light,Arabika Manglayang Jawa Barat,B01,3,collecting,55,13922,2808,2799,8237,10389,2785,9686,16170,16101,14795,,
598176,L-MAN,light,Arabika Manglayang Jawa Barat,B01,3,collecting,56,13923,2810,2794,8237,10390,2782,9686,16172,16102,14797,,
599176,L-MAN,light,Arabika Manglayang Jawa Barat,B01,3,collecting,57,13924,2809,2795,8238,10390,2779,9685,16175,16104,14798,,
600176,L-MAN,light,Arabika Manglayang Jawa Barat,B01,3,collecting,58,13925,2809,2797,8238,10391,2780,9685,16177,16105,14799,,
601177,L-MAN,light,Arabika Manglayang Jawa Barat,B01,3,collecting,59,13925,2809,2799,8238,10392,2782,9685,16178,16106,14800,,
602176,L-MAN,light,Arabika Manglayang Jawa Barat,B01,3,collecting,60,13926,2810,2795,8238,10393,2785,9684,16180,16106,14801,,
603176,L-MAN,light,Arabika Manglayang Jawa Barat,B01,3,collecting,61,13926,2809,2794,8239,10394,2779,9684,16182,16107,14802,,
604176,L-MAN,light,Arabika Manglayang Jawa Barat,B01,3,collecting,62,13924,2812,2795,8240,10395,2782,9684,16183,16108,14803,,
605176,L-MAN,light,Arabika Manglayang Jawa Barat,B01,3,collecting,63,13922,2811,2797,8240,10396,2780,9685,16184,16109,14803,,
606176,L-MAN,light,Arabika Manglayang Jawa Barat,B01,3,collecting,64,13920,2809,2795,8241,10396,2779,9685,16185,16110,14804,,
607176,L-MAN,light,Arabika Manglayang Jawa Barat,B01,3,collecting,65,13916,2809,2795,8241,10397,2782,9684,16187,16110,14805,,
608177,L-MAN,light,Arabika Manglayang Jawa Barat,B01,3,collecting,66,13912,2809,2796,8241,10397,2782,9684,16187,16111,14806,,
609176,L-MAN,light,Arabika Manglayang Jawa Barat,B01,3,collecting,67,13908,2808,2795,8241,10397,2779,9684,16188,16112,14806,,
610177,L-MAN,light,Arabika Manglayang Jawa Barat,B01,3,collecting,68,13904,2809,2796,8241,10398,2782,9683,16188,16112,14806,,
611176,L-MAN,light,Arabika Manglayang Jawa Barat,B01,3,collecting,69,13900,2809,2794,8241,10398,2779,9684,16188,16112,14806,,
612176,L-MAN,light,Arabika Manglayang Jawa Barat,B01,3,collecting,70,13896,2809,2795,8242,10398,2779,9684,16189,16113,14807,,
613176,L-MAN,light,Arabika Manglayang Jawa Barat,B01,3,collecting,71,13893,2808,2797,8242,10399,2782,9686,16189,16113,14808,,
614176,L-MAN,light,Arabika Manglayang Jawa Barat,B01,3,collecting,72,13888,2809,2797,8242,10400,2785,9685,16189,16114,14808,,
615176,L-MAN,light,Arabika Manglayang Jawa Barat,B01,3,collecting,73,13884,2812,2795,8243,10401,2782,9684,16189,16114,14808,,
616176,L-MAN,light,Arabika Manglayang Jawa Barat,B01,3,collecting,74,13879,2808,2795,8243,10402,2779,9685,16189,16115,14809,,
617177,L-MAN,light,Arabika Manglayang Jawa Barat,B01,3,collecting,75,13875,2811,2795,8243,10402,2779,9685,16190,16115,14809,,
618176,L-MAN,light,Arabika Manglayang Jawa Barat,B01,3,collecting,76,13870,2810,2797,8244,10404,2782,9685,16191,16116,14809,,
619176,L-MAN,light,Arabika Manglayang Jawa Barat,B01,3,collecting,77,13865,2808,2796,8244,10405,2782,9685,16190,16117,14810,,
620176,L-MAN,light,Arabika Manglayang Jawa Barat,B01,3,collecting,78,13861,2809,2795,8244,10405,2782,9687,16190,16117,14810,,
621176,L-MAN,light,Arabika Manglayang Jawa Barat,B01,3,collecting,79,13857,2808,2796,8245,10406,2783,9687,16190,16118,14809,,
622176,L-MAN,light,Arabika Manglayang Jawa Barat,B01,3,collecting,80,13853,2809,2795,8245,10406,2782,9687,16190,16118,14809,,
623176,L-MAN,light,Arabika Manglayang Jawa Barat,B01,3,collecting,81,13847,2808,2796,8245,10406,2779,9687,16189,16117,14809,,
624177,L-MAN,light,Arabika Manglayang Jawa Barat,B01,3,collecting,82,13842,2808,2795,8245,10405,2782,9686,16189,16117,14808,,
625176,L-MAN,light,Arabika Manglayang Jawa Barat,B01,3,collecting,83,13838,2810,2794,8246,10405,2779,9687,16188,16117,14808,,
626177,L-MAN,light,Arabika Manglayang Jawa Barat,B01,3,collecting,84,13833,2810,2797,8246,10405,2779,9686,16188,16116,14807,,
627176,L-MAN,light,Arabika Manglayang Jawa Barat,B01,3,collecting,85,13828,2809,2796,8246,10405,2782,9685,16186,16116,14807,,
628176,L-MAN,light,Arabika Manglayang Jawa Barat,B01,3,collecting,86,13824,2808,2795,8246,10404,2782,9684,16186,16115,14806,,
629176,L-MAN,light,Arabika Manglayang Jawa Barat,B01,3,collecting,87,13821,2808,2799,8247,10403,2782,9683,16185,16115,14806,,
630176,L-MAN,light,Arabika Manglayang Jawa Barat,B01,3,collecting,88,13818,2806,2794,8247,10403,2783,9683,16185,16114,14805,,
631176,L-MAN,light,Arabika Manglayang Jawa Barat,B01,3,collecting,89,13813,2807,2796,8247,10403,2783,9682,16185,16113,14805,,
632176,L-MAN,light,Arabika Manglayang Jawa Barat,B01,3,collecting,90,13810,2808,2800,8247,10402,2782,9682,16184,16113,14804,,
633177,L-MAN,light,Arabika Manglayang Jawa Barat,B01,3,collecting,91,13805,2810,2797,8247,10402,2779,9682,16183,16112,14804,,
634176,L-MAN,light,Arabika Manglayang Jawa Barat,B01,3,collecting,92,13801,2810,2795,8247,10401,2779,9681,16182,16112,14803,,
635176,L-MAN,light,Arabika Manglayang Jawa Barat,B01,3,collecting,93,13797,2808,2797,8248,10402,2779,9682,16182,16111,14802,,
636176,L-MAN,light,Arabika Manglayang Jawa Barat,B01,3,collecting,94,13791,2810,2794,8248,10401,2782,9682,16180,16111,14802,,
637176,L-MAN,light,Arabika Manglayang Jawa Barat,B01,3,collecting,95,13788,2809,2792,8248,10400,2782,9682,16180,16110,14801,,
638176,L-MAN,light,Arabika Manglayang Jawa Barat,B01,3,collecting,96,13782,2809,2797,8248,10401,2779,9681,16178,16110,14800,,
639176,L-MAN,light,Arabika Manglayang Jawa Barat,B01,3,collecting,97,13776,2810,2794,8248,10400,2779,9680,16177,16109,14799,,
640177,L-MAN,light,Arabika Manglayang Jawa Barat,B01,3,collecting,98,13770,2810,2797,8249,10400,2779,9679,16176,16108,14798,,
641176,L-MAN,light,Arabika Manglayang Jawa Barat,B01,3,collecting,99,13766,2808,2795,8249,10399,2783,9679,16175,16107,14797,,
642177,L-MAN,light,Arabika Manglayang Jawa Barat,B01,3,collecting,100,13761,2809,2796,8249,10399,2779,9679,16174,16106,14796,,
643176,L-MAN,light,Arabika Manglayang Jawa Barat,B01,3,collecting,101,13756,2806,2795,8249,10398,2782,9679,16172,16105,14795,,
644176,L-MAN,light,Arabika Manglayang Jawa Barat,B01,3,collecting,102,13751,2807,2793,8250,10398,2782,9678,16171,16104,14794,,
645176,L-MAN,light,Arabika Manglayang Jawa Barat,B01,3,collecting,103,13746,2810,2795,8250,10398,2782,9678,16170,16103,14793,,
646176,L-MAN,light,Arabika Manglayang Jawa Barat,B01,3,collecting,104,13740,2808,2795,8250,10397,2783,9677,16168,16103,14792,,
647176,L-MAN,light,Arabika Manglayang Jawa Barat,B01,3,collecting,105,13735,2808,2798,8250,10396,2782,9675,16167,16102,14791,,
648176,L-MAN,light,Arabika Manglayang Jawa Barat,B01,3,collecting,106,13729,2810,2798,8250,10396,2782,9676,16166,16101,14790,,
649177,L-MAN,light,Arabika Manglayang Jawa Barat,B01,3,collecting,107,13723,2808,2796,8251,10396,2782,9676,16164,16100,14789,,
650176,L-MAN,light,Arabika Manglayang Jawa Barat,B01,3,collecting,108,13717,2808,2796,8251,10396,2783,9675,16163,16099,14789,,
651176,L-MAN,light,Arabika Manglayang Jawa Barat,B01,3,collecting,109,13712,2807,2794,8251,10395,2779,9675,16162,16098,14788,,
652176,L-MAN,light,Arabika Manglayang Jawa Barat,B01,3,collecting,110,13707,2808,2795,8251,10395,2782,9676,16160,16097,14788,,
653176,L-MAN,light,Arabika Manglayang Jawa Barat,B01,3,collecting,111,13702,2808,2794,8252,10395,2782,9674,16160,16097,14787,,
654176,L-MAN,light,Arabika Manglayang Jawa Barat,B01,3,collecting,112,13698,2808,2794,8252,10396,2780,9676,16159,16097,14787,,
655176,L-MAN,light,Arabika Manglayang Jawa Barat,B01,3,collecting,113,13695,2807,2798,8252,10396,2779,9677,16157,16097,14786,,
656177,L-MAN,light,Arabika Manglayang Jawa Barat,B01,3,collecting,114,13691,2808,2792,8253,10396,2780,9676,16157,16097,14786,,
657176,L-MAN,light,Arabika Manglayang Jawa Barat,B01,3,collecting,115,13686,2807,2798,8253,10396,2782,9677,16156,16097,14785,,
658177,L-MAN,light,Arabika Manglayang Jawa Barat,B01,3,collecting,116,13682,2808,2794,8253,10397,2782,9677,16155,16097,14785,,
659176,L-MAN,light,Arabika Manglayang Jawa Barat,B01,3,collecting,117,13677,2808,2794,8254,10397,2782,9678,16154,16097,14784,,
660176,L-MAN,light,Arabika Manglayang Jawa Barat,B01,3,collecting,118,13673,2810,2794,8254,10397,2782,9677,16152,16096,14784,,
661176,L-MAN,light,Arabika Manglayang Jawa Barat,B01,3,collecting,119,13668,2808,2792,8254,10396,2782,9677,16151,16096,14783,,
662176,L-MAN,light,Arabika Manglayang Jawa Barat,B01,3,collecting,120,13664,2808,2794,8254,10395,2782,9678,16150,16095,14782,,
663176,L-MAN,light,Arabika Manglayang Jawa Barat,B01,3,collecting,121,13660,2810,2794,8254,10395,2782,9678,16149,16095,14781,,
664176,L-MAN,light,Arabika Manglayang Jawa Barat,B01,3,collecting,122,13657,2810,2794,8254,10395,2782,9678,16148,16094,14781,,
665177,L-MAN,light,Arabika Manglayang Jawa Barat,B01,3,collecting,123,13653,2812,2795,8255,10395,2782,9677,16147,16093,14780,,
666176,L-MAN,light,Arabika Manglayang Jawa Barat,B01,3,collecting,124,13651,2808,2794,8255,10394,2782,9677,16146,16093,14780,,
667176,L-MAN,light,Arabika Manglayang Jawa Barat,B01,3,collecting,125,13648,2806,2795,8255,10394,2782,9676,16144,16092,14779,,
668176,L-MAN,light,Arabika Manglayang Jawa Barat,B01,3,collecting,126,13646,2808,2796,8256,10395,2782,9674,16143,16092,14779,,
669176,L-MAN,light,Arabika Manglayang Jawa Barat,B01,3,collecting,127,13644,2808,2793,8256,10395,2779,9675,16143,16092,14779,,
670176,L-MAN,light,Arabika Manglayang Jawa Barat,B01,3,collecting,128,13642,2808,2799,8256,10395,2781,9676,16143,16092,14779,,
671176,L-MAN,light,Arabika Manglayang Jawa Barat,B01,3,collecting,129,13642,2807,2797,8256,10395,2782,9678,16143,16092,14779,,
672177,L-MAN,light,Arabika Manglayang Jawa Barat,B01,3,collecting,130,13641,2809,2794,8257,10396,2782,9679,16142,16092,14779,,
673176,L-MAN,light,Arabika Manglayang Jawa Barat,B01,3,collecting,131,13642,2808,2795,8257,10396,2783,9679,16143,16093,14779,,
674177,L-MAN,light,Arabika Manglayang Jawa Barat,B01,3,collecting,132,13643,2807,2794,8257,10397,2779,9680,16143,16093,14780,,
675176,L-MAN,light,Arabika Manglayang Jawa Barat,B01,3,collecting,133,13643,2808,2796,8257,10398,2782,9682,16143,16093,14780,,
676176,L-MAN,light,Arabika Manglayang Jawa Barat,B01,3,collecting,134,13642,2806,2794,8258,10399,2783,9682,16143,16094,14780,,
677176,L-MAN,light,Arabika Manglayang Jawa Barat,B01,3,collecting,135,13642,2809,2795,8257,10399,2779,9681,16143,16095,14781,,
678176,L-MAN,light,Arabika Manglayang Jawa Barat,B01,3,collecting,136,13641,2807,2793,8258,10400,2779,9683,16142,16095,14780,,
679176,L-MAN,light,Arabika Manglayang Jawa Barat,B01,3,collecting,137,13640,2808,2793,8258,10400,2779,9682,16143,16095,14781,,
680176,L-MAN,light,Arabika Manglayang Jawa Barat,B01,3,collecting,138,13638,2806,2797,8258,10400,2782,9682,16142,16096,14780,,
681177,L-MAN,light,Arabika Manglayang Jawa Barat,B01,3,collecting,139,13635,2805,2793,8258,10400,2782,9683,16142,16096,14780,,
682176,L-MAN,light,Arabika Manglayang Jawa Barat,B01,3,collecting,140,13633,2808,2793,8259,10400,2779,9684,16141,16096,14780,,
683176,L-MAN,light,Arabika Manglayang Jawa Barat,B01,3,collecting,141,13631,2805,2792,8259,10400,2782,9684,16141,16096,14780,,
684176,L-MAN,light,Arabika Manglayang Jawa Barat,B01,3,collecting,142,13628,2807,2792,8259,10400,2779,9683,16140,16096,14780,,
685176,L-MAN,light,Arabika Manglayang Jawa Barat,B01,3,collecting,143,13626,2808,2795,8260,10399,2780,9682,16139,16096,14779,,
686176,L-MAN,light,Arabika Manglayang Jawa Barat,B01,3,collecting,144,13625,2806,2793,8260,10399,2782,9683,16138,16096,14779,,
687176,L-MAN,light,Arabika Manglayang Jawa Barat,B01,3,collecting,145,13624,2808,2799,8260,10399,2782,9683,16138,16096,14779,,
688177,L-MAN,light,Arabika Manglayang Jawa Barat,B01,3,collecting,146,13623,2809,2791,8260,10399,2782,9684,16137,16095,14779,,
689176,L-MAN,light,Arabika Manglayang Jawa Barat,B01,3,collecting,147,13622,2807,2796,8261,10399,2782,9684,16137,16095,14778,,
690177,L-MAN,light,Arabika Manglayang Jawa Barat,B01,3,collecting,148,13620,2807,2793,8260,10399,2783,9682,16136,16094,14778,,
691176,L-MAN,light,Arabika Manglayang Jawa Barat,B01,3,collecting,149,13619,2807,2795,8261,10399,2782,9683,16135,16095,14777,,
692176,L-MAN,light,Arabika Manglayang Jawa Barat,B01,3,collecting,150,13617,2809,2795,8261,10398,2782,9682,16134,16094,14777,,
693176,L-MAN,light,Arabika Manglayang Jawa Barat,B01,3,collecting,151,13615,2808,2794,8261,10398,2782,9682,16134,16093,14777,,
694176,L-MAN,light,Arabika Manglayang Jawa Barat,B01,3,collecting,152,13612,2807,2794,8262,10397,2779,9681,16133,16092,14776,,
695176,L-MAN,light,Arabika Manglayang Jawa Barat,B01,3,collecting,153,13609,2809,2795,8261,10397,2782,9680,16132,16092,14776,,
696176,L-MAN,light,Arabika Manglayang Jawa Barat,B01,3,collecting,154,13606,2811,2796,8262,10397,2783,9681,16131,16091,14775,,
697177,L-MAN,light,Arabika Manglayang Jawa Barat,B01,3,collecting,155,13601,2808,2797,8262,10396,2779,9681,16130,16091,14775,,
698176,L-MAN,light,Arabika Manglayang Jawa Barat,B01,3,collecting,156,13597,2808,2795,8262,10396,2782,9680,16129,16090,14774,,
699176,L-MAN,light,Arabika Manglayang Jawa Barat,B01,3,collecting,157,13592,2805,2796,8262,10396,2783,9680,16127,16089,14773,,
700176,L-MAN,light,Arabika Manglayang Jawa Barat,B01,3,collecting,158,13589,2808,2795,8262,10396,2782,9681,16126,16088,14773,,
701176,L-MAN,light,Arabika Manglayang Jawa Barat,B01,3,collecting,159,13584,2807,2796,8262,10396,2782,9681,16125,16087,14772,,
702176,L-MAN,light,Arabika Manglayang Jawa Barat,B01,3,collecting,160,13579,2805,2793,8263,10396,2782,9682,16124,16086,14772,,
703176,L-MAN,light,Arabika Manglayang Jawa Barat,B01,3,collecting,161,13574,2809,2793,8263,10396,2782,9682,16123,16086,14772,,
704177,L-MAN,light,Arabika Manglayang Jawa Barat,B01,3,collecting,162,13568,2808,2795,8263,10396,2782,9682,16121,16085,14772,,
705176,L-MAN,light,Arabika Manglayang Jawa Barat,B01,3,collecting,163,13562,2807,2792,8263,10395,2782,9682,16120,16084,14771,,
706177,L-MAN,light,Arabika Manglayang Jawa Barat,B01,3,collecting,164,13557,2810,2791,8263,10396,2782,9683,16118,16084,14770,,
707176,L-MAN,light,Arabika Manglayang Jawa Barat,B01,3,collecting,165,13550,2807,2792,8263,10397,2780,9683,16116,16083,14769,,
708176,L-MAN,light,Arabika Manglayang Jawa Barat,B01,3,collecting,166,13543,2809,2794,8264,10396,2782,9683,16114,16082,14769,,
709176,L-MAN,light,Arabika Manglayang Jawa Barat,B01,3,collecting,167,13534,2806,2792,8264,10396,2782,9682,16112,16081,14767,,
710176,L-MAN,light,Arabika Manglayang Jawa Barat,B01,3,collecting,168,13525,2807,2793,8265,10396,2783,9682,16110,16080,14766,,
711176,L-MAN,light,Arabika Manglayang Jawa Barat,B01,3,collecting,169,13517,2808,2793,8265,10395,2782,9682,16106,16078,14764,,
712176,L-MAN,light,Arabika Manglayang Jawa Barat,B01,3,collecting,170,13508,2810,2792,8265,10395,2782,9682,16104,16077,14763,,
713177,L-MAN,light,Arabika Manglayang Jawa Barat,B01,3,collecting,171,13499,2805,2793,8265,10395,2782,9683,16102,16076,14761,,
714176,L-MAN,light,Arabika Manglayang Jawa Barat,B01,3,collecting,172,13489,2807,2794,8266,10394,2782,9682,16099,16075,14760,,
715176,L-MAN,light,Arabika Manglayang Jawa Barat,B01,3,collecting,173,13480,2810,2793,8266,10393,2782,9681,16096,16073,14759,,
716176,L-MAN,light,Arabika Manglayang Jawa Barat,B01,3,collecting,174,13471,2806,2792,8267,10393,2782,9679,16093,16072,14757,,
717176,L-MAN,light,Arabika Manglayang Jawa Barat,B01,3,collecting,175,13464,2807,2797,8267,10392,2779,9680,16091,16070,14756,,
718176,L-MAN,light,Arabika Manglayang Jawa Barat,B01,3,collecting,176,13456,2806,2794,8267,10392,2782,9680,16088,16068,14755,,
719176,L-MAN,light,Arabika Manglayang Jawa Barat,B01,3,collecting,177,13449,2805,2793,8268,10391,2783,9680,16086,16067,14754,,
720177,L-MAN,light,Arabika Manglayang Jawa Barat,B01,3,collecting,178,13442,2805,2791,8268,10391,2780,9680,16084,16066,14753,,
721176,L-MAN,light,Arabika Manglayang Jawa Barat,B01,3,collecting,179,13436,2804,2793,8269,10390,2782,9679,16081,16064,14751,,
722177,L-MAN,light,Arabika Manglayang Jawa Barat,B01,3,collecting,180,13429,2809,2793,8269,10389,2782,9678,16079,16063,14751,,
723179,L-MAN,light,Arabika Manglayang Jawa Barat,B01,4,purging,1,13422,2804,2795,8270,10389,2782,9679,16077,16061,14751,,
724176,L-MAN,light,Arabika Manglayang Jawa Barat,B01,4,purging,2,13395,2806,2792,8270,10383,2782,9672,16069,16058,14742,,
725176,L-MAN,light,Arabika Manglayang Jawa Barat,B01,4,purging,3,13328,2806,2793,8270,10377,2782,9665,16054,16050,14739,,
726176,L-MAN,light,Arabika Manglayang Jawa Barat,B01,4,purging,4,13227,2805,2790,8270,10366,2779,9655,16031,16037,14716,,
727176,L-MAN,light,Arabika Manglayang Jawa Barat,B01,4,purging,5,13106,2803,2794,8270,10351,2782,9639,15998,16019,14692,,
728176,L-MAN,light,Arabika Manglayang Jawa Barat,B01,4,purging,6,12974,2803,2794,8271,10334,2782,9622,15964,15996,14668,,
729177,L-MAN,light,Arabika Manglayang Jawa Barat,B01,4,purging,7,12840,2805,2793,8272,10315,2782,9607,15931,15973,14645,,
730176,L-MAN,light,Arabika Manglayang Jawa Barat,B01,4,purging,8,12708,2804,2793,8272,10297,2782,9592,15898,15948,14623,,
731176,L-MAN,light,Arabika Manglayang Jawa Barat,B01,4,purging,9,12582,2802,2794,8272,10281,2782,9580,15868,15925,14602,,
732176,L-MAN,light,Arabika Manglayang Jawa Barat,B01,4,purging,10,12464,2803,2793,8272,10265,2782,9568,15839,15902,14581,,
733176,L-MAN,light,Arabika Manglayang Jawa Barat,B01,4,purging,11,12353,2803,2793,8273,10250,2782,9558,15811,15880,14562,,
734176,L-MAN,light,Arabika Manglayang Jawa Barat,B01,4,purging,12,12250,2804,2794,8273,10236,2782,9549,15786,15859,14543,,
735176,L-MAN,light,Arabika Manglayang Jawa Barat,B01,4,purging,13,12156,2805,2792,8273,10222,2782,9540,15762,15839,14526,,
736177,L-MAN,light,Arabika Manglayang Jawa Barat,B01,4,purging,14,12070,2802,2792,8274,10210,2782,9533,15739,15820,14511,,
737176,L-MAN,light,Arabika Manglayang Jawa Barat,B01,4,purging,15,11991,2802,2794,8274,10199,2782,9526,15718,15802,14496,,
738177,L-MAN,light,Arabika Manglayang Jawa Barat,B01,4,purging,16,11920,2801,2794,8274,10188,2782,9521,15697,15785,14482,,
739176,L-MAN,light,Arabika Manglayang Jawa Barat,B01,4,purging,17,11855,2804,2791,8274,10180,2780,9516,15678,15769,14470,,
740176,L-MAN,light,Arabika Manglayang Jawa Barat,B01,4,purging,18,11796,2801,2795,8274,10173,2782,9514,15662,15755,14459,,
741176,L-MAN,light,Arabika Manglayang Jawa Barat,B01,4,purging,19,11741,2802,2793,8275,10166,2782,9512,15645,15742,14446,,
742176,L-MAN,light,Arabika Manglayang Jawa Barat,B01,4,purging,20,11693,2802,2793,8274,10158,2782,9509,15628,15728,14434,,
743176,L-MAN,light,Arabika Manglayang Jawa Barat,B01,4,purging,21,11649,2801,2793,8275,10151,2782,9506,15611,15715,14424,,
744176,L-MAN,light,Arabika Manglayang Jawa Barat,B01,4,purging,22,11609,2801,2793,8275,10144,2782,9502,15596,15703,14413,,
745177,L-MAN,light,Arabika Manglayang Jawa Barat,B01,4,purging,23,11571,2801,2796,8275,10137,2780,9500,15581,15692,14402,,
746176,L-MAN,light,Arabika Manglayang Jawa Barat,B01,4,purging,24,11537,2802,2794,8275,10131,2782,9497,15566,15680,14392,,
747176,L-MAN,light,Arabika Manglayang Jawa Barat,B01,4,purging,25,11505,2805,2794,8275,10125,2782,9494,15552,15669,14383,,
748176,L-MAN,light,Arabika Manglayang Jawa Barat,B01,4,purging,26,11475,2801,2792,8275,10119,2782,9492,15539,15659,14373,,
749176,L-MAN,light,Arabika Manglayang Jawa Barat,B01,4,purging,27,11448,2804,2792,8276,10114,2782,9490,15526,15649,14364,,
750176,L-MAN,light,Arabika Manglayang Jawa Barat,B01,4,purging,28,11423,2801,2793,8276,10108,2782,9487,15513,15639,14356,,
751176,L-MAN,light,Arabika Manglayang Jawa Barat,B01,4,purging,29,11400,2804,2796,8276,10103,2782,9485,15501,15630,14347,,
752177,L-MAN,light,Arabika Manglayang Jawa Barat,B01,4,purging,30,11379,2801,2792,8276,10098,2782,9484,15489,15621,14340,,
753176,L-MAN,light,Arabika Manglayang Jawa Barat,B01,4,purging,31,11359,2805,2794,8276,10094,2782,9482,15478,15612,14332,,
754177,L-MAN,light,Arabika Manglayang Jawa Barat,B01,4,purging,32,11341,2802,2792,8276,10089,2782,9480,15467,15604,14326,,
755176,L-MAN,light,Arabika Manglayang Jawa Barat,B01,4,purging,33,11322,2805,2792,8276,10085,2782,9479,15457,15596,14319,,
756176,L-MAN,light,Arabika Manglayang Jawa Barat,B01,4,purging,34,11306,2804,2793,8276,10082,2780,9478,15447,15589,14313,,
757176,L-MAN,light,Arabika Manglayang Jawa Barat,B01,4,purging,35,11290,2803,2794,8276,10078,2782,9477,15437,15582,14306,,
758176,L-MAN,light,Arabika Manglayang Jawa Barat,B01,4,purging,36,11274,2802,2791,8276,10075,2782,9477,15428,15575,14299,,
759176,L-MAN,light,Arabika Manglayang Jawa Barat,B01,4,purging,37,11259,2803,2790,8276,10071,2783,9475,15417,15568,14293,,
760176,L-MAN,light,Arabika Manglayang Jawa Barat,B01,4,purging,38,11245,2800,2793,8277,10068,2782,9475,15409,15560,14287,,
761177,L-MAN,light,Arabika Manglayang Jawa Barat,B01,4,purging,39,11231,2801,2790,8277,10064,2783,9474,15399,15553,14282,,
762176,L-MAN,light,Arabika Manglayang Jawa Barat,B01,4,purging,40,11218,2801,2794,8277,10061,2782,9473,15390,15546,14276,,
763176,L-MAN,light,Arabika Manglayang Jawa Barat,B01,4,purging,41,11205,2799,2793,8277,10057,2782,9472,15381,15539,14270,,
764176,L-MAN,light,Arabika Manglayang Jawa Barat,B01,4,purging,42,11191,2805,2792,8277,10054,2782,9471,15372,15533,14265,,
765176,L-MAN,light,Arabika Manglayang Jawa Barat,B01,4,purging,43,11178,2800,2793,8277,10051,2782,9470,15364,15526,14260,,
766176,L-MAN,light,Arabika Manglayang Jawa Barat,B01,4,purging,44,11164,2804,2790,8277,10047,2783,9470,15355,15520,14254,,
767176,L-MAN,light,Arabika Manglayang Jawa Barat,B01,4,purging,45,11152,2805,2794,8277,10044,2780,9470,15347,15514,14249,,
768177,L-MAN,light,Arabika Manglayang Jawa Barat,B01,4,purging,46,11140,2800,2793,8277,10041,2782,9469,15339,15508,14245,,
769176,L-MAN,light,Arabika Manglayang Jawa Barat,B01,4,purging,47,11130,2800,2793,8278,10039,2782,9469,15331,15502,14240,,
770177,L-MAN,light,Arabika Manglayang Jawa Barat,B01,4,purging,48,11120,2800,2793,8278,10036,2782,9469,15324,15497,14236,,
771176,L-MAN,light,Arabika Manglayang Jawa Barat,B01,4,purging,49,11109,2802,2793,8278,10034,2782,9470,15317,15492,14232,,
772176,L-MAN,light,Arabika Manglayang Jawa Barat,B01,4,purging,50,11100,2804,2792,8278,10032,2782,9470,15310,15486,14228,,
773176,L-MAN,light,Arabika Manglayang Jawa Barat,B01,4,purging,51,11090,2803,2792,8278,10030,2782,9471,15303,15481,14225,,
774176,L-MAN,light,Arabika Manglayang Jawa Barat,B01,4,purging,52,11081,2803,2791,8279,10029,2782,9471,15296,15477,14221,,
775176,L-MAN,light,Arabika Manglayang Jawa Barat,B01,4,purging,53,11072,2804,2793,8279,10028,2782,9472,15290,15473,14217,,
776176,L-MAN,light,Arabika Manglayang Jawa Barat,B01,4,purging,54,11065,2801,2791,8279,10026,2782,9473,15283,15468,14214,,
777177,L-MAN,light,Arabika Manglayang Jawa Barat,B01,4,purging,55,11059,2802,2792,8279,10024,2782,9473,15277,15464,14211,,
778176,L-MAN,light,Arabika Manglayang Jawa Barat,B01,4,purging,56,11053,2804,2792,8280,10023,2783,9473,15271,15460,14207,,
779176,L-MAN,light,Arabika Manglayang Jawa Barat,B01,4,purging,57,11047,2799,2790,8280,10021,2782,9473,15265,15457,14204,,
780176,L-MAN,light,Arabika Manglayang Jawa Barat,B01,4,purging,58,11040,2800,2795,8280,10020,2780,9474,15259,15453,14201,,
781176,L-MAN,light,Arabika Manglayang Jawa Barat,B01,4,purging,59,11033,2801,2792,8280,10019,2780,9473,15253,15449,14198,,
782176,L-MAN,light,Arabika Manglayang Jawa Barat,B01,4,purging,60,11027,2802,2791,8280,10017,2782,9472,15246,15446,14194,,
783179,L-MAN,light,Arabika Manglayang Jawa Barat,B01,4,collecting,1,11020,2800,2793,8281,10015,2782,9472,15241,15441,14191,,
784177,L-MAN,light,Arabika Manglayang Jawa Barat,B01,4,collecting,2,11014,2801,2792,8280,10012,2782,9470,15235,15438,14187,,
785176,L-MAN,light,Arabika Manglayang Jawa Barat,B01,4,collecting,3,11008,2804,2795,8281,10010,2782,9470,15229,15433,14184,,
786177,L-MAN,light,Arabika Manglayang Jawa Barat,B01,4,collecting,4,11002,2804,2792,8281,10008,2782,9469,15223,15429,14180,,
787176,L-MAN,light,Arabika Manglayang Jawa Barat,B01,4,collecting,5,10997,2803,2790,8281,10006,2782,9469,15218,15425,14177,,
788176,L-MAN,light,Arabika Manglayang Jawa Barat,B01,4,collecting,6,10992,2801,2793,8282,10004,2779,9468,15213,15421,14174,,
789176,L-MAN,light,Arabika Manglayang Jawa Barat,B01,4,collecting,7,10987,2803,2790,8282,10002,2779,9468,15207,15417,14171,,
790176,L-MAN,light,Arabika Manglayang Jawa Barat,B01,4,collecting,8,10981,2801,2790,8282,10000,2782,9469,15202,15413,14170,,
791176,L-MAN,light,Arabika Manglayang Jawa Barat,B01,4,collecting,9,10976,2802,2792,8282,9999,2782,9468,15197,15409,14167,,
792176,L-MAN,light,Arabika Manglayang Jawa Barat,B01,4,collecting,10,10971,2801,2793,8283,9998,2782,9467,15192,15406,14164,,
793177,L-MAN,light,Arabika Manglayang Jawa Barat,B01,4,collecting,11,10965,2802,2791,8283,9996,2780,9466,15186,15402,14161,,
794176,L-MAN,light,Arabika Manglayang Jawa Barat,B01,4,collecting,12,10960,2802,2792,8284,9994,2782,9466,15181,15398,14159,,
795176,L-MAN,light,Arabika Manglayang Jawa Barat,B01,4,collecting,13,10955,2799,2792,8284,9992,2782,9467,15177,15395,14157,,
796176,L-MAN,light,Arabika Manglayang Jawa Barat,B01,4,collecting,14,10950,2802,2793,8284,9995,2782,9470,15175,15392,14182,,
797176,L-MAN,light,Arabika Manglayang Jawa Barat,B01,4,collecting,15,10970,2801,2791,8284,10028,2782,9506,15206,15401,14261,,
798176,L-MAN,light,Arabika Manglayang Jawa Barat,B01,4,collecting,16,11097,2802,2790,8285,10093,2782,9585,15275,15437,14331,,
799176,L-MAN,light,Arabika Manglayang Jawa Barat,B01,4,collecting,17,11421,2803,2792,8285,10184,2782,9687,15368,15501,14412,,
800177,L-MAN,light,Arabika Manglayang Jawa Barat,B01,4,collecting,18,11930,2803,2793,8286,10283,2782,9791,15498,15598,14510,,
801176,L-MAN,light,Arabika Manglayang Jawa Barat,B01,4,collecting,19,12425,2802,2790,8287,10370,2781,9871,15620,15706,14596,,
802177,L-MAN,light,Arabika Manglayang Jawa Barat,B01,4,collecting,20,12865,2802,2790,8289,10447,2784,9936,15736,15813,14680,,
803176,L-MAN,light,Arabika Manglayang Jawa Barat,B01,4,collecting,21,13225,2804,2793,8290,10508,2780,9982,15837,15911,14751,,
804176,L-MAN,light,Arabika Manglayang Jawa Barat,B01,4,collecting,22,13494,2806,2791,8291,10555,2782,10014,15916,15994,14809,,
805176,L-MAN,light,Arabika Manglayang Jawa Barat,B01,4,collecting,23,13678,2805,2789,8292,10589,2783,10031,15972,16061,14851,,
806176,L-MAN,light,Arabika Manglayang Jawa Barat,B01,4,collecting,24,13797,2808,2793,8293,10616,2783,10042,16011,16112,14886,,
807176,L-MAN,light,Arabika Manglayang Jawa Barat,B01,4,collecting,25,13878,2805,2790,8294,10638,2784,10052,16043,16152,14918,,
808176,L-MAN,light,Arabika Manglayang Jawa Barat,B01,4,collecting,26,13936,2805,2793,8295,10658,2781,10063,16070,16185,14944,,
809177,L-MAN,light,Arabika Manglayang Jawa Barat,B01,4,collecting,27,13979,2809,2790,8297,10672,2780,10068,16092,16213,14963,,
810176,L-MAN,light,Arabika Manglayang Jawa Barat,B01,4,collecting,28,14005,2808,2793,8297,10681,2780,10067,16106,16235,14974,,
811176,L-MAN,light,Arabika Manglayang Jawa Barat,B01,4,collecting,29,14016,2806,2792,8299,10683,2783,10061,16114,16251,14977,,
812176,L-MAN,light,Arabika Manglayang Jawa Barat,B01,4,collecting,30,14019,2805,2790,8300,10680,2783,10050,16118,16260,14977,,
813176,L-MAN,light,Arabika Manglayang Jawa Barat,B01,4,collecting,31,14015,2805,2790,8301,10674,2781,10034,16119,16266,14976,,
814176,L-MAN,light,Arabika Manglayang Jawa Barat,B01,4,collecting,32,14007,2807,2791,8302,10666,2784,10019,16119,16267,14974,,
815176,L-MAN,light,Arabika Manglayang Jawa Barat,B01,4,collecting,33,13998,2805,2791,8303,10657,2784,10003,16118,16268,14971,,
816177,L-MAN,light,Arabika Manglayang Jawa Barat,B01,4,collecting,34,13985,2805,2790,8305,10648,2784,9989,16118,16266,14968,,
817176,L-MAN,light,Arabika Manglayang Jawa Barat,B01,4,collecting,35,13970,2808,2790,8306,10638,2780,9973,16118,16263,14963,,
818177,L-MAN,light,Arabika Manglayang Jawa Barat,B01,4,collecting,36,13954,2805,2790,8307,10627,2783,9958,16115,16258,14959,,
819176,L-MAN,light,Arabika Manglayang Jawa Barat,B01,4,collecting,37,13937,2803,2793,8307,10618,2783,9942,16114,16253,14954,,
820176,L-MAN,light,Arabika Manglayang Jawa Barat,B01,4,collecting,38,13918,2805,2789,8308,10607,2783,9928,16111,16246,14948,,
821176,L-MAN,light,Arabika Manglayang Jawa Barat,B01,4,collecting,39,13898,2808,2789,8309,10598,2782,9915,16108,16240,14942,,
822176,L-MAN,light,Arabika Manglayang Jawa Barat,B01,4,collecting,40,13877,2809,2792,8310,10589,2783,9903,16104,16233,14937,,
823176,L-MAN,light,Arabika Manglayang Jawa Barat,B01,4,collecting,41,13855,2805,2789,8310,10579,2784,9889,16101,16226,14932,,
824176,L-MAN,light,Arabika Manglayang Jawa Barat,B01,4,collecting,42,13832,2804,2790,8311,10572,2784,9878,16097,16219,14928,,
825177,L-MAN,light,Arabika Manglayang Jawa Barat,B01,4,collecting,43,13809,2805,2790,8311,10564,2781,9868,16094,16211,14921,,
826176,L-MAN,light,Arabika Manglayang Jawa Barat,B01,4,collecting,44,13786,2803,2790,8312,10556,2784,9858,16089,16204,14914,,
827176,L-MAN,light,Arabika Manglayang Jawa Barat,B01,4,collecting,45,13763,2808,2791,8312,10548,2784,9848,16084,16195,14907,,
828176,L-MAN,light,Arabika Manglayang Jawa Barat,B01,4,collecting,46,13739,2807,2789,8312,10539,2783,9838,16079,16187,14900,,
829176,L-MAN,light,Arabika Manglayang Jawa Barat,B01,4,collecting,47,13716,2808,2789,8313,10531,2780,9828,16073,16179,14894,,
830176,L-MAN,light,Arabika Manglayang Jawa Barat,B01,4,collecting,48,13691,2807,2789,8314,10523,2782,9818,16068,16170,14887,,
831176,L-MAN,light,Arabika Manglayang Jawa Barat,B01,4,collecting,49,13667,2807,2794,8314,10515,2782,9809,16063,16160,14879,,
832177,L-MAN,light,Arabika Manglayang Jawa Barat,B01,4,collecting,50,13643,2808,2790,8314,10507,2782,9799,16058,16152,14873,,
833176,L-MAN,light,Arabika Manglayang Jawa Barat,B01,4,collecting,51,13619,2808,2794,8315,10499,2782,9790,16053,16143,14866,,
834177,L-MAN,light,Arabika Manglayang Jawa Barat,B01,4,collecting,52,13599,2805,2790,8315,10492,2783,9785,16048,16135,14860,,
835176,L-MAN,light,Arabika Manglayang Jawa Barat,B01,4,collecting,53,13581,2807,2791,8315,10486,2784,9779,16044,16128,14854,,
836176,L-MAN,light,Arabika Manglayang Jawa Barat,B01,4,collecting,54,13565,2803,2792,8315,10480,2782,9773,16040,16121,14849,,
837176,L-MAN,light,Arabika Manglayang Jawa Barat,B01,4,collecting,55,13549,2807,2792,8315,10475,2782,9767,16036,16114,14843,,
838176,L-MAN,light,Arabika Manglayang Jawa Barat,B01,4,collecting,56,13535,2802,2789,8315,10469,2780,9762,16033,16107,14838,,
839176,L-MAN,light,Arabika Manglayang Jawa Barat,B01,4,collecting,57,13522,2807,2789,8316,10464,2780,9757,16030,16100,14834,,
840176,L-MAN,light,Arabika Manglayang Jawa Barat,B01,4,collecting,58,13509,2806,2790,8316,10459,2780,9753,16027,16094,14829,,
841177,L-MAN,light,Arabika Manglayang Jawa Barat,B01,4,collecting,59,13497,2804,2789,8316,10454,2782,9748,16023,16088,14825,,
842176,L-MAN,light,Arabika Manglayang Jawa Barat,B01,4,collecting,60,13486,2805,2790,8316,10450,2782,9744,16020,16083,14821,,
843176,L-MAN,light,Arabika Manglayang Jawa Barat,B01,4,collecting,61,13474,2805,2790,8316,10445,2780,9740,16018,16077,14816,,
844176,L-MAN,light,Arabika Manglayang Jawa Barat,B01,4,collecting,62,13462,2807,2788,8317,10442,2782,9735,16014,16072,14812,,
845176,L-MAN,light,Arabika Manglayang Jawa Barat,B01,4,collecting,63,13452,2805,2791,8317,10438,2782,9732,16011,16067,14808,,
846176,L-MAN,light,Arabika Manglayang Jawa Barat,B01,4,collecting,64,13440,2805,2790,8318,10434,2783,9730,16008,16062,14803,,
847176,L-MAN,light,Arabika Manglayang Jawa Barat,B01,4,collecting,65,13429,2806,2790,8318,10431,2782,9726,16004,16057,14799,,
848177,L-MAN,light,Arabika Manglayang Jawa Barat,B01,4,collecting,66,13416,2809,2789,8318,10426,2780,9722,16001,16052,14794,,
849176,L-MAN,light,Arabika Manglayang Jawa Barat,B01,4,collecting,67,13405,2806,2790,8318,10423,2782,9717,15997,16047,14788,,
850177,L-MAN,light,Arabika Manglayang Jawa Barat,B01,4,collecting,68,13394,2806,2791,8318,10418,2782,9713,15993,16042,14783,,
851176,L-MAN,light,Arabika Manglayang Jawa Barat,B01,4,collecting,69,13383,2803,2793,8319,10413,2782,9709,15990,16037,14778,,
852176,L-MAN,light,Arabika Manglayang Jawa Barat,B01,4,collecting,70,13372,2807,2790,8318,10409,2782,9705,15986,16032,14772,,
853176,L-MAN,light,Arabika Manglayang Jawa Barat,B01,4,collecting,71,13360,2807,2790,8318,10404,2779,9699,15981,16027,14767,,
854176,L-MAN,light,Arabika Manglayang Jawa Barat,B01,4,collecting,72,13348,2805,2793,8319,10400,2782,9694,15977,16022,14762,,
855176,L-MAN,light,Arabika Manglayang Jawa Barat,B01,4,collecting,73,13335,2805,2790,8319,10395,2782,9689,15972,16016,14756,,
856176,L-MAN,light,Arabika Manglayang Jawa Barat,B01,4,collecting,74,13324,2804,2790,8319,10390,2779,9685,15968,16011,14750,,
857177,L-MAN,light,Arabika Manglayang Jawa Barat,B01,4,collecting,75,13311,2804,2789,8319,10385,2782,9679,15964,16005,14745,,
858176,L-MAN,light,Arabika Manglayang Jawa Barat,B01,4,collecting,76,13300,2808,2789,8319,10380,2782,9676,15961,16000,14740,,
859176,L-MAN,light,Arabika Manglayang Jawa Barat,B01,4,collecting,77,13291,2806,2792,8319,10376,2782,9673,15957,15994,14735,,
860176,L-MAN,light,Arabika Manglayang Jawa Barat,B01,4,collecting,78,13284,2806,2789,8319,10373,2782,9669,15954,15990,14731,,
861176,L-MAN,light,Arabika Manglayang Jawa Barat,B01,4,collecting,79,13278,2805,2789,8319,10370,2782,9665,15952,15986,14728,,
862176,L-MAN,light,Arabika Manglayang Jawa Barat,B01,4,collecting,80,13275,2801,2789,8319,10366,2782,9663,15950,15982,14724,,
863176,L-MAN,light,Arabika Manglayang Jawa Barat,B01,4,collecting,81,13275,2806,2792,8319,10364,2782,9661,15948,15979,14720,,
864177,L-MAN,light,Arabika Manglayang Jawa Barat,B01,4,collecting,82,13273,2804,2790,8319,10361,2782,9658,15947,15976,14717,,
865176,L-MAN,light,Arabika Manglayang Jawa Barat,B01,4,collecting,83,13272,2803,2789,8319,10357,2782,9654,15945,15972,14713,,
866177,L-MAN,light,Arabika Manglayang Jawa Barat,B01,4,collecting,84,13272,2804,2788,8318,10354,2782,9652,15944,15969,14710,,
867176,L-MAN,light,Arabika Manglayang Jawa Barat,B01,4,collecting,85,13273,2807,2792,8318,10351,2782,9651,15942,15966,14706,,
868176,L-MAN,light,Arabika Manglayang Jawa Barat,B01,4,collecting,86,13273,2803,2788,8318,10348,2782,9648,15941,15962,14704,,
869176,L-MAN,light,Arabika Manglayang Jawa Barat,B01,4,collecting,87,13274,2805,2792,8318,10345,2782,9646,15941,15960,14701,,
870176,L-MAN,light,Arabika Manglayang Jawa Barat,B01,4,collecting,88,13279,2802,2789,8318,10343,2782,9644,15940,15957,14698,,
871176,L-MAN,light,Arabika Manglayang Jawa Barat,B01,4,collecting,89,13283,2805,2789,8318,10340,2782,9643,15940,15955,14696,,
872176,L-MAN,light,Arabika Manglayang Jawa Barat,B01,4,collecting,90,13290,2803,2792,8318,10339,2782,9642,15941,15954,14695,,
873177,L-MAN,light,Arabika Manglayang Jawa Barat,B01,4,collecting,91,13299,2804,2789,8318,10339,2782,9641,15942,15953,14694,,
874176,L-MAN,light,Arabika Manglayang Jawa Barat,B01,4,collecting,92,13311,2807,2789,8318,10338,2782,9642,15945,15952,14694,,
875176,L-MAN,light,Arabika Manglayang Jawa Barat,B01,4,collecting,93,13324,2807,2790,8318,10338,2782,9641,15948,15952,14694,,
876176,L-MAN,light,Arabika Manglayang Jawa Barat,B01,4,collecting,94,13338,2806,2788,8318,10338,2782,9642,15952,15953,14694,,
877176,L-MAN,light,Arabika Manglayang Jawa Barat,B01,4,collecting,95,13352,2805,2789,8318,10338,2780,9641,15955,15954,14694,,
878176,L-MAN,light,Arabika Manglayang Jawa Barat,B01,4,collecting,96,13365,2804,2790,8318,10338,2782,9639,15957,15955,14693,,
879176,L-MAN,light,Arabika Manglayang Jawa Barat,B01,4,collecting,97,13375,2802,2790,8318,10337,2782,9639,15960,15955,14692,,
880177,L-MAN,light,Arabika Manglayang Jawa Barat,B01,4,collecting,98,13383,2805,2789,8318,10336,2779,9638,15961,15955,14691,,
881176,L-MAN,light,Arabika Manglayang Jawa Barat,B01,4,collecting,99,13389,2807,2789,8318,10334,2782,9636,15961,15955,14689,,
882177,L-MAN,light,Arabika Manglayang Jawa Barat,B01,4,collecting,100,13394,2804,2788,8318,10332,2782,9633,15962,15955,14687,,
883176,L-MAN,light,Arabika Manglayang Jawa Barat,B01,4,collecting,101,13395,2804,2789,8318,10330,2780,9630,15962,15954,14686,,
884176,L-MAN,light,Arabika Manglayang Jawa Barat,B01,4,collecting,102,13396,2805,2789,8318,10327,2780,9627,15962,15953,14683,,
885176,L-MAN,light,Arabika Manglayang Jawa Barat,B01,4,collecting,103,13395,2805,2789,8318,10325,2782,9624,15962,15951,14681,,
886176,L-MAN,light,Arabika Manglayang Jawa Barat,B01,4,collecting,104,13393,2804,2789,8318,10323,2780,9622,15961,15950,14679,,
887176,L-MAN,light,Arabika Manglayang Jawa Barat,B01,4,collecting,105,13391,2803,2789,8317,10320,2779,9621,15961,15947,14677,,
888176,L-MAN,light,Arabika Manglayang Jawa Barat,B01,4,collecting,106,13390,2804,2792,8317,10318,2782,9619,15961,15946,14676,,
889177,L-MAN,light,Arabika Manglayang Jawa Barat,B01,4,collecting,107,13390,2803,2790,8317,10316,2782,9617,15961,15945,14674,,
890176,L-MAN,light,Arabika Manglayang Jawa Barat,B01,4,collecting,108,13393,2803,2789,8317,10315,2782,9616,15961,15944,14672,,
891176,L-MAN,light,Arabika Manglayang Jawa Barat,B01,4,collecting,109,13396,2803,2791,8316,10313,2780,9615,15961,15942,14670,,
892176,L-MAN,light,Arabika Manglayang Jawa Barat,B01,4,collecting,110,13398,2807,2790,8317,10312,2780,9613,15961,15941,14669,,
893176,L-MAN,light,Arabika Manglayang Jawa Barat,B01,4,collecting,111,13399,2803,2789,8316,10310,2780,9612,15962,15940,14666,,
894176,L-MAN,light,Arabika Manglayang Jawa Barat,B01,4,collecting,112,13399,2805,2789,8316,10308,2782,9609,15961,15938,14664,,
895176,L-MAN,light,Arabika Manglayang Jawa Barat,B01,4,collecting,113,13399,2805,2788,8316,10305,2782,9606,15960,15937,14661,,
896177,L-MAN,light,Arabika Manglayang Jawa Barat,B01,4,collecting,114,13398,2802,2789,8315,10303,2780,9603,15960,15935,14658,,
897176,L-MAN,light,Arabika Manglayang Jawa Barat,B01,4,collecting,115,13396,2805,2789,8316,10300,2782,9601,15959,15933,14656,,
898177,L-MAN,light,Arabika Manglayang Jawa Barat,B01,4,collecting,116,13391,2803,2791,8316,10298,2782,9598,15957,15931,14653,,
899176,L-MAN,light,Arabika Manglayang Jawa Barat,B01,4,collecting,117,13387,2801,2789,8316,10295,2779,9595,15956,15928,14651,,
900176,L-MAN,light,Arabika Manglayang Jawa Barat,B01,4,collecting,118,13383,2804,2787,8316,10293,2782,9593,15954,15925,14649,,
901176,L-MAN,light,Arabika Manglayang Jawa Barat,B01,4,collecting,119,13379,2806,2792,8316,10291,2782,9592,15953,15924,14647,,
902176,L-MAN,light,Arabika Manglayang Jawa Barat,B01,4,collecting,120,13374,2803,2789,8315,10290,2782,9590,15952,15922,14644,,
903176,L-MAN,light,Arabika Manglayang Jawa Barat,B01,4,collecting,121,13370,2802,2791,8315,10288,2780,9590,15951,15920,14642,,
904176,L-MAN,light,Arabika Manglayang Jawa Barat,B01,4,collecting,122,13365,2807,2789,8315,10286,2782,9588,15950,15918,14640,,
905177,L-MAN,light,Arabika Manglayang Jawa Barat,B01,4,collecting,123,13361,2804,2789,8314,10284,2780,9586,15948,15916,14638,,
906176,L-MAN,light,Arabika Manglayang Jawa Barat,B01,4,collecting,124,13356,2805,2789,8314,10283,2782,9585,15947,15914,14636,,
907176,L-MAN,light,Arabika Manglayang Jawa Barat,B01,4,collecting,125,13350,2803,2791,8314,10281,2782,9584,15946,15913,14634,,
908176,L-MAN,light,Arabika Manglayang Jawa Barat,B01,4,collecting,126,13346,2807,2789,8314,10280,2782,9584,15945,15911,14632,,
909176,L-MAN,light,Arabika Manglayang Jawa Barat,B01,4,collecting,127,13343,2807,2789,8314,10278,2783,9582,15944,15910,14630,,
910176,L-MAN,light,Arabika Manglayang Jawa Barat,B01,4,collecting,128,13340,2805,2789,8313,10277,2779,9583,15944,15908,14629,,
911176,L-MAN,light,Arabika Manglayang Jawa Barat,B01,4,collecting,129,13339,2802,2789,8314,10277,2780,9582,15944,15907,14628,,
912177,L-MAN,light,Arabika Manglayang Jawa Barat,B01,4,collecting,130,13340,2802,2794,8314,10275,2780,9582,15943,15906,14626,,
913176,L-MAN,light,Arabika Manglayang Jawa Barat,B01,4,collecting,131,13341,2805,2787,8314,10274,2782,9581,15943,15905,14626,,
914177,L-MAN,light,Arabika Manglayang Jawa Barat,B01,4,collecting,132,13342,2804,2786,8314,10274,2782,9581,15943,15905,14624,,
915176,L-MAN,light,Arabika Manglayang Jawa Barat,B01,4,collecting,133,13343,2803,2786,8313,10272,2780,9580,15943,15904,14623,,
916176,L-MAN,light,Arabika Manglayang Jawa Barat,B01,4,collecting,134,13344,2806,2789,8313,10271,2782,9579,15943,15903,14621,,
917176,L-MAN,light,Arabika Manglayang Jawa Barat,B01,4,collecting,135,13344,2805,2787,8313,10269,2782,9577,15942,15902,14619,,
918176,L-MAN,light,Arabika Manglayang Jawa Barat,B01,4,collecting,136,13343,2803,2789,8313,10268,2782,9576,15942,15900,14618,,
919176,L-MAN,light,Arabika Manglayang Jawa Barat,B01,4,collecting,137,13340,2802,2787,8313,10266,2782,9574,15940,15899,14616,,
920176,L-MAN,light,Arabika Manglayang Jawa Barat,B01,4,collecting,138,13336,2802,2788,8313,10264,2780,9573,15939,15897,14614,,
921177,L-MAN,light,Arabika Manglayang Jawa Barat,B01,4,collecting,139,13332,2802,2789,8312,10262,2782,9573,15937,15895,14612,,
922176,L-MAN,light,Arabika Manglayang Jawa Barat,B01,4,collecting,140,13328,2804,2787,8312,10260,2780,9571,15936,15893,14610,,
923176,L-MAN,light,Arabika Manglayang Jawa Barat,B01,4,collecting,141,13323,2801,2788,8312,10259,2780,9570,15934,15891,14607,,
924176,L-MAN,light,Arabika Manglayang Jawa Barat,B01,4,collecting,142,13317,2803,2787,8312,10257,2782,9569,15931,15889,14604,,
925176,L-MAN,light,Arabika Manglayang Jawa Barat,B01,4,collecting,143,13310,2803,2789,8312,10254,2780,9567,15929,15886,14601,,
926176,L-MAN,light,Arabika Manglayang Jawa Barat,B01,4,collecting,144,13300,2804,2786,8312,10251,2782,9565,15925,15883,14597,,
927176,L-MAN,light,Arabika Manglayang Jawa Barat,B01,4,collecting,145,13288,2806,2789,8313,10248,2782,9563,15923,15881,14595,,
928177,L-MAN,light,Arabika Manglayang Jawa Barat,B01,4,collecting,146,13278,2806,2790,8313,10246,2780,9562,15920,15878,14591,,
929176,L-MAN,light,Arabika Manglayang Jawa Barat,B01,4,collecting,147,13268,2802,2794,8313,10244,2780,9559,15916,15875,14588,,
930177,L-MAN,light,Arabika Manglayang Jawa Barat,B01,4,collecting,148,13260,2803,2789,8314,10242,2779,9558,15914,15872,14586,,
931176,L-MAN,light,Arabika Manglayang Jawa Barat,B01,4,collecting,149,13253,2802,2788,8315,10241,2782,9556,15911,15870,14583,,
932176,L-MAN,light,Arabika Manglayang Jawa Barat,B01,4,collecting,150,13246,2802,2789,8315,10239,2782,9555,15909,15867,14580,,
933176,L-MAN,light,Arabika Manglayang Jawa Barat,B01,4,collecting,151,13239,2802,2792,8315,10237,2782,9556,15907,15865,14577,,
934176,L-MAN,light,Arabika Manglayang Jawa Barat,B01,4,collecting,152,13234,2804,2789,8315,10235,2780,9554,15904,15862,14575,,
935176,L-MAN,light,Arabika Manglayang Jawa Barat,B01,4,collecting,153,13228,2800,2789,8315,10233,2779,9552,15902,15860,14573,,
936176,L-MAN,light,Arabika Manglayang Jawa Barat,B01,4,collecting,154,13224,2803,2789,8315,10232,2782,9551,15900,15858,14571,,
937177,L-MAN,light,Arabika Manglayang Jawa Barat,B01,4,collecting,155,13219,2805,2788,8314,10231,2779,9552,15899,15856,14570,,
938176,L-MAN,light,Arabika Manglayang Jawa Barat,B01,4,collecting,156,13216,2803,2789,8315,10230,2782,9552,15898,15855,14569,,
939176,L-MAN,light,Arabika Manglayang Jawa Barat,B01,4,collecting,157,13214,2801,2788,8315,10230,2779,9553,15898,15853,14568,,
940176,L-MAN,light,Arabika Manglayang Jawa Barat,B01,4,collecting,158,13213,2800,2789,8314,10230,2782,9553,15898,15853,14567,,
941176,L-MAN,light,Arabika Manglayang Jawa Barat,B01,4,collecting,159,13214,2800,2789,8315,10229,2782,9553,15897,15852,14566,,
942176,L-MAN,light,Arabika Manglayang Jawa Barat,B01,4,collecting,160,13217,2801,2789,8314,10229,2780,9554,15898,15852,14566,,
943176,L-MAN,light,Arabika Manglayang Jawa Barat,B01,4,collecting,161,13223,2801,2792,8314,10229,2782,9554,15899,15852,14565,,
944177,L-MAN,light,Arabika Manglayang Jawa Barat,B01,4,collecting,162,13231,2801,2787,8314,10229,2780,9556,15901,15852,14565,,
945176,L-MAN,light,Arabika Manglayang Jawa Barat,B01,4,collecting,163,13240,2802,2792,8314,10230,2780,9557,15902,15853,14565,,
946177,L-MAN,light,Arabika Manglayang Jawa Barat,B01,4,collecting,164,13249,2805,2792,8313,10229,2782,9556,15903,15853,14565,,
947176,L-MAN,light,Arabika Manglayang Jawa Barat,B01,4,collecting,165,13257,2802,2789,8313,10229,2780,9556,15904,15854,14565,,
948176,L-MAN,light,Arabika Manglayang Jawa Barat,B01,4,collecting,166,13265,2806,2789,8313,10229,2782,9555,15905,15854,14565,,
949176,L-MAN,light,Arabika Manglayang Jawa Barat,B01,4,collecting,167,13272,2803,2790,8313,10228,2780,9557,15907,15854,14564,,
950176,L-MAN,light,Arabika Manglayang Jawa Barat,B01,4,collecting,168,13279,2802,2789,8313,10228,2779,9556,15908,15854,14564,,
951176,L-MAN,light,Arabika Manglayang Jawa Barat,B01,4,collecting,169,13284,2801,2789,8313,10227,2780,9555,15909,15854,14564,,
952176,L-MAN,light,Arabika Manglayang Jawa Barat,B01,4,collecting,170,13289,2803,2789,8312,10226,2782,9555,15910,15854,14563,,
953177,L-MAN,light,Arabika Manglayang Jawa Barat,B01,4,collecting,171,13294,2802,2789,8312,10226,2782,9555,15911,15854,14562,,
954176,L-MAN,light,Arabika Manglayang Jawa Barat,B01,4,collecting,172,13298,2806,2787,8312,10225,2779,9554,15911,15854,14561,,
955176,L-MAN,light,Arabika Manglayang Jawa Barat,B01,4,collecting,173,13300,2803,2787,8312,10224,2780,9553,15911,15854,14561,,
956176,L-MAN,light,Arabika Manglayang Jawa Barat,B01,4,collecting,174,13300,2807,2789,8312,10223,2782,9551,15912,15853,14560,,
957176,L-MAN,light,Arabika Manglayang Jawa Barat,B01,4,collecting,175,13299,2804,2786,8311,10222,2782,9550,15911,15852,14559,,
958176,L-MAN,light,Arabika Manglayang Jawa Barat,B01,4,collecting,176,13297,2804,2788,8311,10221,2782,9549,15910,15851,14558,,
959176,L-MAN,light,Arabika Manglayang Jawa Barat,B01,4,collecting,177,13293,2803,2789,8311,10218,2782,9548,15908,15849,14556,,
960177,L-MAN,light,Arabika Manglayang Jawa Barat,B01,4,collecting,178,13285,2802,2789,8311,10220,2782,9552,15907,15848,14568,,
961176,L-MAN,light,Arabika Manglayang Jawa Barat,B01,4,collecting,179,13281,2803,2791,8311,10230,2782,9565,15913,15850,14590,,
962177,L-MAN,light,Arabika Manglayang Jawa Barat,B01,4,collecting,180,13282,2806,2789,8311,10250,2782,9590,15928,15859,14616,,
963179,L-MAN,light,Arabika Manglayang Jawa Barat,B01,5,purging,1,13279,2805,2791,8311,10272,2780,9616,15942,15872,14634,,
964176,L-MAN,light,Arabika Manglayang Jawa Barat,B01,5,purging,2,13262,2803,2788,8311,10290,2780,9634,15947,15883,14636,,
965176,L-MAN,light,Arabika Manglayang Jawa Barat,B01,5,purging,3,13238,2804,2789,8311,10295,2779,9639,15940,15890,14617,,
966176,L-MAN,light,Arabika Manglayang Jawa Barat,B01,5,purging,4,13187,2801,2787,8312,10283,2780,9621,15916,15887,14586,,
967176,L-MAN,light,Arabika Manglayang Jawa Barat,B01,5,purging,5,13101,2802,2787,8312,10261,2780,9591,15883,15873,14555,,
968175,L-MAN,light,Arabika Manglayang Jawa Barat,B01,5,purging,6,12990,2800,2789,8313,10234,2782,9561,15845,15850,14525,,
969176,L-MAN,light,Arabika Manglayang Jawa Barat,B01,5,purging,7,12869,2801,2789,8313,10206,2782,9531,15807,15824,14495,,
970176,L-MAN,light,Arabika Manglayang Jawa Barat,B01,5,purging,8,12744,2800,2790,8314,10179,2780,9505,15771,15795,14467,,
971176,L-MAN,light,Arabika Manglayang Jawa Barat,B01,5,purging,9,12618,2801,2789,8313,10154,2779,9483,15737,15767,14442,,
972176,L-MAN,light,Arabika Manglayang Jawa Barat,B01,5,purging,10,12497,2801,2789,8314,10132,2782,9464,15706,15739,14419,,
973176,L-MAN,light,Arabika Manglayang Jawa Barat,B01,5,purging,11,12382,2801,2788,8313,10112,2782,9447,15677,15713,14397,,
974176,L-MAN,light,Arabika Manglayang Jawa Barat,B01,5,purging,12,12276,2800,2789,8313,10094,2780,9433,15650,15689,14378,,
975176,L-MAN,light,Arabika Manglayang Jawa Barat,B01,5,purging,13,12177,2802,2789,8313,10078,2783,9422,15626,15665,14359,,
976177,L-MAN,light,Arabika Manglayang Jawa Barat,B01,5,purging,14,12086,2800,2788,8312,10065,2782,9412,15604,15644,14345,,
977176,L-MAN,light,Arabika Manglayang Jawa Barat,B01,5,purging,15,12001,2802,2790,8312,10052,2779,9405,15583,15623,14329,,
978177,L-MAN,light,Arabika Manglayang Jawa Barat,B01,5,purging,16,11923,2799,2790,8312,10039,2780,9398,15562,15603,14312,,
979176,L-MAN,light,Arabika Manglayang Jawa Barat,B01,5,purging,17,11853,2800,2793,8311,10026,2782,9390,15542,15583,14296,,
980176,L-MAN,light,Arabika Manglayang Jawa Barat,B01,5,purging,18,11791,2798,2790,8311,10015,2779,9383,15523,15565,14282,,
981176,L-MAN,light,Arabika Manglayang Jawa Barat,B01,5,purging,19,11734,2798,2788,8310,10004,2780,9378,15505,15548,14269,,
982176,L-MAN,light,Arabika Manglayang Jawa Barat,B01,5,purging,20,11683,2803,2791,8310,9995,2780,9374,15489,15532,14257,,
983176,L-MAN,light,Arabika Manglayang Jawa Barat,B01,5,purging,21,11636,2798,2792,8309,9987,2782,9370,15473,15517,14245,,
984176,L-MAN,light,Arabika Manglayang Jawa Barat,B01,5,purging,22,11595,2799,2794,8309,9979,2780,9366,15457,15503,14231,,
985177,L-MAN,light,Arabika Manglayang Jawa Barat,B01,5,purging,23,11556,2798,2789,8309,9971,2782,9362,15442,15490,14220,,
986176,L-MAN,light,Arabika Manglayang Jawa Barat,B01,5,purging,24,11522,2801,2790,8308,9963,2782,9357,15427,15477,14207,,
987176,L-MAN,light,Arabika Manglayang Jawa Barat,B01,5,purging,25,11491,2802,2789,8308,9954,2779,9352,15413,15464,14195,,
988176,L-MAN,light,Arabika Manglayang Jawa Barat,B01,5,purging,26,11463,2800,2789,8307,9945,2782,9346,15399,15451,14183,,
989176,L-MAN,light,Arabika Manglayang Jawa Barat,B01,5,purging,27,11437,2801,2790,8306,9936,2780,9341,15385,15438,14172,,
990176,L-MAN,light,Arabika Manglayang Jawa Barat,B01,5,purging,28,11413,2801,2788,8306,9929,2782,9336,15372,15426,14161,,
991176,L-MAN,light,Arabika Manglayang Jawa Barat,B01,5,purging,29,11391,2802,2790,8306,9920,2782,9331,15360,15414,14150,,
992177,L-MAN,light,Arabika Manglayang Jawa Barat,B01,5,purging,30,11370,2799,2790,8305,9912,2780,9326,15347,15402,14139,,
993176,L-MAN,light,Arabika Manglayang Jawa Barat,B01,5,purging,31,11350,2800,2793,8305,9905,2782,9322,15335,15391,14129,,
994177,L-MAN,light,Arabika Manglayang Jawa Barat,B01,5,purging,32,11333,2799,2790,8304,9897,2783,9318,15325,15380,14120,,
995176,L-MAN,light,Arabika Manglayang Jawa Barat,B01,5,purging,33,11316,2802,2790,8303,9890,2782,9314,15314,15370,14111,,
996176,L-MAN,light,Arabika Manglayang Jawa Barat,B01,5,purging,34,11301,2800,2793,8302,9883,2782,9311,15303,15359,14101,,
997176,L-MAN,light,Arabika Manglayang Jawa Barat,B01,5,purging,35,11286,2799,2789,8302,9876,2782,9306,15292,15348,14093,,
998176,L-MAN,light,Arabika Manglayang Jawa Barat,B01,5,purging,36,11273,2802,2789,8301,9869,2780,9303,15283,15338,14084,,
999176,L-MAN,light,Arabika Manglayang Jawa Barat,B01,5,purging,37,11260,2802,2790,8300,9863,2780,9301,15273,15329,14076,,
1000176,L-MAN,light,Arabika Manglayang Jawa Barat,B01,5,purging,38,11249,2799,2788,8300,9857,2782,9297,15263,15319,14068,,
1001177,L-MAN,light,Arabika Manglayang Jawa Barat,B01,5,purging,39,11237,2799,2789,8299,9852,2779,9294,15254,15312,14061,,
1002176,L-MAN,light,Arabika Manglayang Jawa Barat,B01,5,purging,40,11226,2801,2789,8299,9847,2782,9292,15245,15303,14054,,
1003176,L-MAN,light,Arabika Manglayang Jawa Barat,B01,5,purging,41,11216,2801,2793,8297,9842,2779,9290,15237,15295,14047,,
1004176,L-MAN,light,Arabika Manglayang Jawa Barat,B01,5,purging,42,11206,2798,2790,8297,9837,2783,9288,15229,15287,14041,,
1005176,L-MAN,light,Arabika Manglayang Jawa Barat,B01,5,purging,43,11196,2799,2789,8296,9833,2782,9287,15221,15280,14033,,
1006176,L-MAN,light,Arabika Manglayang Jawa Barat,B01,5,purging,44,11188,2799,2789,8295,9829,2780,9285,15213,15273,14027,,
1007176,L-MAN,light,Arabika Manglayang Jawa Barat,B01,5,purging,45,11179,2799,2790,8295,9825,2779,9283,15206,15266,14022,,
1008177,L-MAN,light,Arabika Manglayang Jawa Barat,B01,5,purging,46,11171,2798,2792,8294,9821,2782,9281,15199,15259,14015,,
1009176,L-MAN,light,Arabika Manglayang Jawa Barat,B01,5,purging,47,11164,2802,2790,8294,9817,2782,9280,15191,15252,14009,,
1010177,L-MAN,light,Arabika Manglayang Jawa Barat,B01,5,purging,48,11157,2801,2789,8293,9814,2782,9277,15184,15246,14004,,
1011176,L-MAN,light,Arabika Manglayang Jawa Barat,B01,5,purging,49,11151,2801,2789,8293,9812,2780,9277,15177,15240,13999,,
1012176,L-MAN,light,Arabika Manglayang Jawa Barat,B01,5,purging,50,11144,2798,2791,8293,9810,2782,9276,15171,15235,13994,,
1013176,L-MAN,light,Arabika Manglayang Jawa Barat,B01,5,purging,51,11138,2801,2794,8292,9808,2783,9275,15165,15230,13989,,
1014176,L-MAN,light,Arabika Manglayang Jawa Barat,B01,5,purging,52,11132,2797,2791,8292,9807,2782,9274,15158,15226,13986,,
1015176,L-MAN,light,Arabika Manglayang Jawa Barat,B01,5,purging,53,11126,2799,2792,8292,9805,2782,9274,15152,15223,13982,,
1016176,L-MAN,light,Arabika Manglayang Jawa Barat,B01,5,purging,54,11120,2800,2790,8291,9805,2779,9276,15147,15219,13980,,
1017177,L-MAN,light,Arabika Manglayang Jawa Barat,B01,5,purging,55,11114,2801,2789,8291,9804,2780,9277,15142,15217,13976,,
1018176,L-MAN,light,Arabika Manglayang Jawa Barat,B01,5,purging,56,11108,2798,2790,8291,9804,2780,9277,15136,15214,13972,,
1019176,L-MAN,light,Arabika Manglayang Jawa Barat,B01,5,purging,57,11102,2801,2789,8290,9802,2780,9277,15130,15211,13969,,
1020176,L-MAN,light,Arabika Manglayang Jawa Barat,B01,5,purging,58,11097,2801,2789,8290,9803,2782,9278,15125,15208,13973,,
1021176,L-MAN,light,Arabika Manglayang Jawa Barat,B01,5,purging,59,11091,2803,2790,8290,9811,2779,9285,15125,15209,13978,,
1022176,L-MAN,light,Arabika Manglayang Jawa Barat,B01,5,purging,60,11083,2801,2791,8290,9818,2782,9292,15125,15212,13980,,
1023179,L-MAN,light,Arabika Manglayang Jawa Barat,B01,5,collecting,1,11076,2801,2789,8290,9823,2782,9298,15122,15213,13981,,
1024177,L-MAN,light,Arabika Manglayang Jawa Barat,B01,5,collecting,2,11070,2798,2793,8290,9832,2782,9307,15123,15215,14007,,
1025176,L-MAN,light,Arabika Manglayang Jawa Barat,B01,5,collecting,3,11135,2802,2792,8290,9867,2779,9352,15156,15227,14071,,
1026177,L-MAN,light,Arabika Manglayang Jawa Barat,B01,5,collecting,4,11431,2799,2791,8290,9947,2782,9446,15245,15274,14173,,
1027176,L-MAN,light,Arabika Manglayang Jawa Barat,B01,5,collecting,5,11940,2802,2789,8290,10051,2782,9562,15386,15367,14292,,
1028176,L-MAN,light,Arabika Manglayang Jawa Barat,B01,5,collecting,6,12448,2799,2790,8291,10150,2780,9661,15525,15479,14391,,
1029176,L-MAN,light,Arabika Manglayang Jawa Barat,B01,5,collecting,7,12860,2805,2790,8291,10233,2780,9734,15644,15588,14474,,
1030176,L-MAN,light,Arabika Manglayang Jawa Barat,B01,5,collecting,8,13175,2801,2793,8292,10299,2782,9787,15738,15685,14540,,
1031176,L-MAN,light,Arabika Manglayang Jawa Barat,B01,5,collecting,9,13415,2805,2790,8292,10350,2782,9824,15810,15766,14590,,
1032176,L-MAN,light,Arabika Manglayang Jawa Barat,B01,5,collecting,10,13596,2806,2792,8293,10384,2783,9843,15863,15833,14624,,
1033177,L-MAN,light,Arabika Manglayang Jawa Barat,B01,5,collecting,11,13724,2804,2789,8294,10403,2784,9849,15900,15883,14645,,
1034176,L-MAN,light,Arabika Manglayang Jawa Barat,B01,5,collecting,12,13807,2805,2790,8295,10411,2779,9844,15921,15919,14655,,
1035176,L-MAN,light,Arabika Manglayang Jawa Barat,B01,5,collecting,13,13855,2808,2792,8296,10409,2782,9829,15932,15941,14657,,
1036176,L-MAN,light,Arabika Manglayang Jawa Barat,B01,5,collecting,14,13875,2808,2790,8296,10401,2782,9810,15935,15954,14654,,
1037176,L-MAN,light,Arabika Manglayang Jawa Barat,B01,5,collecting,15,13875,2804,2789,8297,10388,2784,9786,15933,15959,14649,,
1038176,L-MAN,light,Arabika Manglayang Jawa Barat,B01,5,collecting,16,13861,2805,2792,8297,10373,2780,9763,15927,15959,14641,,
1039176,L-MAN,light,Arabika Manglayang Jawa Barat,B01,5,collecting,17,13835,2804,2790,8298,10358,2779,9739,15919,15954,14632,,
1040177,L-MAN,light,Arabika Manglayang Jawa Barat,B01,5,collecting,18,13801,2807,2790,8298,10341,2782,9717,15910,15946,14622,,
1041176,L-MAN,light,Arabika Manglayang Jawa Barat,B01,5,collecting,19,13762,2804,2789,8298,10325,2782,9694,15900,15936,14610,,
1042177,L-MAN,light,Arabika Manglayang Jawa Barat,B01,5,collecting,20,13719,2805,2792,8298,10309,2782,9673,15889,15924,14599,,
1043176,L-MAN,light,Arabika Manglayang Jawa Barat,B01,5,collecting,21,13672,2804,2791,8298,10292,2782,9654,15879,15912,14587,,
1044176,L-MAN,light,Arabika Manglayang Jawa Barat,B01,5,collecting,22,13625,2808,2789,8298,10277,2782,9635,15868,15899,14575,,
1045176,L-MAN,light,Arabika Manglayang Jawa Barat,B01,5,collecting,23,13579,2808,2789,8298,10263,2782,9618,15857,15886,14565,,
1046176,L-MAN,light,Arabika Manglayang Jawa Barat,B01,5,collecting,24,13533,2803,2790,8298,10249,2782,9603,15848,15872,14555,,
1047176,L-MAN,light,Arabika Manglayang Jawa Barat,B01,5,collecting,25,13490,2805,2789,8298,10237,2782,9590,15839,15860,14545,,
1048176,L-MAN,light,Arabika Manglayang Jawa Barat,B01,5,collecting,26,13448,2805,2789,8298,10226,2782,9578,15830,15847,14536,,
1049177,L-MAN,light,Arabika Manglayang Jawa Barat,B01,5,collecting,27,13410,2805,2791,8297,10216,2782,9566,15822,15835,14527,,
1050176,L-MAN,light,Arabika Manglayang Jawa Barat,B01,5,collecting,28,13374,2805,2795,8297,10207,2782,9555,15815,15824,14519,,
1051176,L-MAN,light,Arabika Manglayang Jawa Barat,B01,5,collecting,29,13340,2803,2791,8297,10198,2779,9547,15808,15813,14511,,
1052176,L-MAN,light,Arabika Manglayang Jawa Barat,B01,5,collecting,30,13309,2807,2793,8297,10190,2782,9538,15801,15803,14503,,
1053176,L-MAN,light,Arabika Manglayang Jawa Barat,B01,5,collecting,31,13281,2802,2791,8297,10182,2782,9530,15795,15794,14495,,
1054176,L-MAN,light,Arabika Manglayang Jawa Barat,B01,5,collecting,32,13257,2804,2790,8297,10174,2780,9524,15789,15784,14488,,
1055176,L-MAN,light,Arabika Manglayang Jawa Barat,B01,5,collecting,33,13234,2804,2789,8296,10167,2782,9516,15784,15775,14482,,
1056177,L-MAN,light,Arabika Manglayang Jawa Barat,B01,5,collecting,34,13214,2804,2792,8296,10161,2782,9508,15780,15768,14476,,
1057176,L-MAN,light,Arabika Manglayang Jawa Barat,B01,5,collecting,35,13195,2806,2789,8296,10155,2780,9503,15776,15760,14470,,
1058177,L-MAN,light,Arabika Manglayang Jawa Barat,B01,5,collecting,36,13181,2802,2790,8296,10149,2782,9499,15773,15752,14465,,
1059176,L-MAN,light,Arabika Manglayang Jawa Barat,B01,5,collecting,37,13167,2803,2789,8295,10145,2782,9495,15770,15746,14460,,
1060176,L-MAN,light,Arabika Manglayang Jawa Barat,B01,5,collecting,38,13156,2803,2791,8295,10140,2782,9490,15768,15740,14456,,
1061176,L-MAN,light,Arabika Manglayang Jawa Barat,B01,5,collecting,39,13146,2803,2792,8295,10136,2780,9486,15765,15735,14453,,
1062176,L-MAN,light,Arabika Manglayang Jawa Barat,B01,5,collecting,40,13138,2802,2790,8295,10133,2782,9484,15764,15730,14449,,
1063176,L-MAN,light,Arabika Manglayang Jawa Barat,B01,5,collecting,41,13130,2802,2789,8295,10130,2780,9480,15762,15725,14446,,
1064176,L-MAN,light,Arabika Manglayang Jawa Barat,B01,5,collecting,42,13124,2802,2791,8294,10128,2782,9478,15760,15721,14443,,
1065177,L-MAN,light,Arabika Manglayang Jawa Barat,B01,5,collecting,43,13120,2800,2790,8294,10126,2782,9478,15760,15718,14442,,
1066176,L-MAN,light,Arabika Manglayang Jawa Barat,B01,5,collecting,44,13118,2802,2793,8294,10126,2782,9478,15759,15715,14441,,
1067176,L-MAN,light,Arabika Manglayang Jawa Barat,B01,5,collecting,45,13116,2803,2790,8293,10125,2782,9478,15760,15713,14440,,
1068176,L-MAN,light,Arabika Manglayang Jawa Barat,B01,5,collecting,46,13116,2803,2792,8293,10124,2782,9477,15760,15711,14439,,
1069176,L-MAN,light,Arabika Manglayang Jawa Barat,B01,5,collecting,47,13118,2802,2789,8293,10124,2782,9476,15760,15710,14438,,
1070176,L-MAN,light,Arabika Manglayang Jawa Barat,B01,5,collecting,48,13121,2806,2790,8292,10123,2780,9476,15761,15709,14436,,
1071176,L-MAN,light,Arabika Manglayang Jawa Barat,B01,5,collecting,49,13123,2806,2792,8292,10123,2779,9474,15761,15708,14436,,
1072177,L-MAN,light,Arabika Manglayang Jawa Barat,B01,5,collecting,50,13125,2807,2789,8292,10122,2782,9474,15762,15707,14435,,
1073176,L-MAN,light,Arabika Manglayang Jawa Barat,B01,5,collecting,51,13127,2805,2790,8291,10121,2782,9475,15763,15706,14433,,
1074177,L-MAN,light,Arabika Manglayang Jawa Barat,B01,5,collecting,52,13129,2800,2793,8291,10121,2782,9475,15763,15705,14432,,
1075176,L-MAN,light,Arabika Manglayang Jawa Barat,B01,5,collecting,53,13130,2802,2792,8290,10120,2779,9473,15763,15704,14430,,
1076176,L-MAN,light,Arabika Manglayang Jawa Barat,B01,5,collecting,54,13130,2804,2789,8291,10118,2782,9471,15762,15702,14428,,
1077176,L-MAN,light,Arabika Manglayang Jawa Barat,B01,5,collecting,55,13130,2802,2789,8290,10117,2785,9469,15761,15701,14426,,
1078176,L-MAN,light,Arabika Manglayang Jawa Barat,B01,5,collecting,56,13127,2802,2791,8290,10114,2779,9467,15760,15699,14423,,
1079176,L-MAN,light,Arabika Manglayang Jawa Barat,B01,5,collecting,57,13122,2807,2792,8290,10112,2782,9465,15758,15697,14419,,
1080176,L-MAN,light,Arabika Manglayang Jawa Barat,B01,5,collecting,58,13115,2802,2794,8289,10109,2780,9462,15755,15694,14416,,
1081177,L-MAN,light,Arabika Manglayang Jawa Barat,B01,5,collecting,59,13107,2802,2794,8289,10106,2782,9458,15752,15691,14412,,
1082176,L-MAN,light,Arabika Manglayang Jawa Barat,B01,5,collecting,60,13097,2808,2790,8289,10102,2780,9455,15749,15688,14409,,
1083176,L-MAN,light,Arabika Manglayang Jawa Barat,B01,5,collecting,61,13088,2804,2789,8288,10099,2782,9452,15748,15685,14406,,
1084176,L-MAN,light,Arabika Manglayang Jawa Barat,B01,5,collecting,62,13081,2807,2789,8288,10097,2782,9450,15746,15681,14404,,
1085176,L-MAN,light,Arabika Manglayang Jawa Barat,B01,5,collecting,63,13074,2806,2790,8288,10095,2782,9448,15743,15679,14401,,
1086176,L-MAN,light,Arabika Manglayang Jawa Barat,B01,5,collecting,64,13068,2806,2790,8287,10094,2782,9447,15742,15676,14399,,
1087176,L-MAN,light,Arabika Manglayang Jawa Barat,B01,5,collecting,65,13064,2806,2790,8286,10092,2782,9446,15741,15674,14397,,
1088177,L-MAN,light,Arabika Manglayang Jawa Barat,B01,5,collecting,66,13061,2802,2789,8286,10092,2782,9445,15740,15672,14395,,
1089176,L-MAN,light,Arabika Manglayang Jawa Barat,B01,5,collecting,67,13060,2801,2791,8286,10091,2782,9445,15739,15671,14393,,
1090177,L-MAN,light,Arabika Manglayang Jawa Barat,B01,5,collecting,68,13060,2803,2792,8286,10089,2780,9444,15739,15669,14392,,
1091176,L-MAN,light,Arabika Manglayang Jawa Barat,B01,5,collecting,69,13061,2806,2790,8285,10087,2780,9443,15739,15668,14390,,
1092176,L-MAN,light,Arabika Manglayang Jawa Barat,B01,5,collecting,70,13062,2802,2790,8285,10085,2782,9441,15738,15667,14388,,
1093176,L-MAN,light,Arabika Manglayang Jawa Barat,B01,5,collecting,71,13063,2802,2793,8284,10085,2780,9439,15738,15666,14386,,
1094176,L-MAN,light,Arabika Manglayang Jawa Barat,B01,5,collecting,72,13062,2807,2789,8284,10082,2782,9438,15737,15664,14383,,
1095176,L-MAN,light,Arabika Manglayang Jawa Barat,B01,5,collecting,73,13060,2807,2790,8284,10081,2780,9435,15736,15662,14381,,
1096176,L-MAN,light,Arabika Manglayang Jawa Barat,B01,5,collecting,74,13059,2803,2789,8284,10078,2782,9432,15734,15660,14378,,
1097177,L-MAN,light,Arabika Manglayang Jawa Barat,B01,5,collecting,75,13056,2802,2795,8283,10075,2782,9430,15733,15657,14375,,
1098176,L-MAN,light,Arabika Manglayang Jawa Barat,B01,5,collecting,76,13054,2801,2789,8283,10073,2783,9428,15731,15655,14373,,
1099176,L-MAN,light,Arabika Manglayang Jawa Barat,B01,5,collecting,77,13052,2804,2790,8283,10071,2782,9426,15730,15653,14371,,
1100176,L-MAN,light,Arabika Manglayang Jawa Barat,B01,5,collecting,78,13049,2802,2791,8282,10069,2779,9424,15729,15651,14369,,
1101176,L-MAN,light,Arabika Manglayang Jawa Barat,B01,5,collecting,79,13047,2806,2793,8282,10067,2782,9423,15729,15649,14367,,
1102176,L-MAN,light,Arabika Manglayang Jawa Barat,B01,5,collecting,80,13045,2803,2790,8282,10066,2782,9423,15728,15648,14365,,
1103176,L-MAN,light,Arabika Manglayang Jawa Barat,B01,5,collecting,81,13043,2802,2792,8281,10064,2780,9420,15727,15646,14365,,
1104177,L-MAN,light,Arabika Manglayang Jawa Barat,B01,5,collecting,82,13041,2804,2791,8280,10063,2782,9419,15727,15644,14363,,
1105176,L-MAN,light,Arabika Manglayang Jawa Barat,B01,5,collecting,83,13040,2803,2791,8280,10062,2782,9418,15726,15643,14362,,
1106177,L-MAN,light,Arabika Manglayang Jawa Barat,B01,5,collecting,84,13039,2802,2790,8280,10062,2782,9418,15725,15641,14361,,
1107176,L-MAN,light,Arabika Manglayang Jawa Barat,B01,5,collecting,85,13039,2802,2790,8279,10062,2780,9419,15725,15641,14361,,
1108176,L-MAN,light,Arabika Manglayang Jawa Barat,B01,5,collecting,86,13038,2803,2791,8279,10062,2780,9419,15726,15641,14361,,
1109176,L-MAN,light,Arabika Manglayang Jawa Barat,B01,5,collecting,87,13038,2803,2791,8279,10063,2782,9420,15726,15640,14361,,
1110176,L-MAN,light,Arabika Manglayang Jawa Barat,B01,5,collecting,88,13040,2802,2793,8279,10063,2782,9421,15726,15640,14361,,
1111176,L-MAN,light,Arabika Manglayang Jawa Barat,B01,5,collecting,89,13041,2805,2792,8278,10063,2783,9423,15726,15640,14360,,
1112176,L-MAN,light,Arabika Manglayang Jawa Barat,B01,5,collecting,90,13041,2807,2792,8278,10063,2779,9423,15726,15640,14359,,
1113177,L-MAN,light,Arabika Manglayang Jawa Barat,B01,5,collecting,91,13042,2802,2793,8276,10062,2782,9423,15726,15639,14357,,
1114176,L-MAN,light,Arabika Manglayang Jawa Barat,B01,5,collecting,92,13044,2808,2788,8276,10061,2779,9421,15725,15639,14356,,
1115176,L-MAN,light,Arabika Manglayang Jawa Barat,B01,5,collecting,93,13046,2804,2790,8276,10060,2780,9422,15725,15639,14355,,
1116176,L-MAN,light,Arabika Manglayang Jawa Barat,B01,5,collecting,94,13048,2802,2790,8275,10060,2782,9420,15725,15638,14355,,
1117176,L-MAN,light,Arabika Manglayang Jawa Barat,B01,5,collecting,95,13052,2803,2794,8275,10060,2782,9420,15726,15639,14354,,
1118176,L-MAN,light,Arabika Manglayang Jawa Barat,B01,5,collecting,96,13053,2802,2790,8274,10060,2780,9420,15726,15639,14354,,
1119176,L-MAN,light,Arabika Manglayang Jawa Barat,B01,5,collecting,97,13054,2803,2793,8274,10059,2779,9419,15725,15639,14352,,
1120177,L-MAN,light,Arabika Manglayang Jawa Barat,B01,5,collecting,98,13052,2804,2793,8273,10058,2782,9418,15725,15638,14350,,
1121176,L-MAN,light,Arabika Manglayang Jawa Barat,B01,5,collecting,99,13050,2804,2788,8273,10056,2782,9416,15724,15637,14348,,
1122177,L-MAN,light,Arabika Manglayang Jawa Barat,B01,5,collecting,100,13047,2804,2791,8272,10055,2782,9414,15722,15636,14347,,
1123176,L-MAN,light,Arabika Manglayang Jawa Barat,B01,5,collecting,101,13043,2805,2789,8271,10054,2779,9412,15721,15634,14346,,
1124176,L-MAN,light,Arabika Manglayang Jawa Barat,B01,5,collecting,102,13039,2805,2792,8271,10052,2782,9411,15720,15633,14344,,
1125176,L-MAN,light,Arabika Manglayang Jawa Barat,B01,5,collecting,103,13036,2807,2790,8270,10051,2782,9411,15720,15632,14343,,
1126176,L-MAN,light,Arabika Manglayang Jawa Barat,B01,5,collecting,104,13034,2803,2790,8270,10050,2780,9411,15719,15631,14342,,
1127176,L-MAN,light,Arabika Manglayang Jawa Barat,B01,5,collecting,105,13034,2805,2795,8270,10050,2782,9411,15719,15630,14341,,
1128176,L-MAN,light,Arabika Manglayang Jawa Barat,B01,5,collecting,106,13035,2802,2791,8269,10049,2780,9410,15718,15629,14340,,
1129177,L-MAN,light,Arabika Manglayang Jawa Barat,B01,5,collecting,107,13035,2802,2795,8269,10047,2782,9408,15718,15629,14338,,
1130176,L-MAN,light,Arabika Manglayang Jawa Barat,B01,5,collecting,108,13034,2801,2793,8268,10046,2780,9407,15717,15628,14337,,
1131176,L-MAN,light,Arabika Manglayang Jawa Barat,B01,5,collecting,109,13034,2802,2793,8268,10045,2782,9407,15717,15627,14336,,
1132176,L-MAN,light,Arabika Manglayang Jawa Barat,B01,5,collecting,110,13035,2803,2790,8268,10044,2782,9405,15717,15626,14334,,
1133176,L-MAN,light,Arabika Manglayang Jawa Barat,B01,5,collecting,111,13034,2802,2790,8268,10043,2780,9404,15716,15625,14333,,
1134176,L-MAN,light,Arabika Manglayang Jawa Barat,B01,5,collecting,112,13034,2806,2795,8267,10042,2780,9403,15716,15623,14332,,
1135176,L-MAN,light,Arabika Manglayang Jawa Barat,B01,5,collecting,113,13036,2804,2790,8267,10040,2780,9402,15716,15623,14331,,
1136177,L-MAN,light,Arabika Manglayang Jawa Barat,B01,5,collecting,114,13035,2807,2789,8266,10040,2780,9402,15715,15622,14329,,
1137176,L-MAN,light,Arabika Manglayang Jawa Barat,B01,5,collecting,115,13034,2803,2793,8267,10039,2782,9400,15714,15621,14328,,
1138177,L-MAN,light,Arabika Manglayang Jawa Barat,B01,5,collecting,116,13033,2806,2789,8266,10038,2779,9398,15714,15619,14327,,
1139176,L-MAN,light,Arabika Manglayang Jawa Barat,B01,5,collecting,117,13032,2802,2791,8266,10037,2782,9398,15713,15618,14327,,
1140176,L-MAN,light,Arabika Manglayang Jawa Barat,B01,5,collecting,118,13031,2806,2790,8266,10036,2782,9397,15713,15617,14325,,
1141176,L-MAN,light,Arabika Manglayang Jawa Barat,B01,5,collecting,119,13030,2804,2795,8265,10036,2779,9398,15713,15616,14326,,
1142176,L-MAN,light,Arabika Manglayang Jawa Barat,B01,5,collecting,120,13030,2802,2792,8264,10035,2780,9399,15713,15616,14326,,
1143176,L-MAN,light,Arabika Manglayang Jawa Barat,B01,5,collecting,121,13028,2801,2793,8264,10036,2779,9400,15714,15616,14327,,
1144176,L-MAN,light,Arabika Manglayang Jawa Barat,B01,5,collecting,122,13028,2804,2791,8264,10038,2779,9401,15714,15616,14326,,
1145177,L-MAN,light,Arabika Manglayang Jawa Barat,B01,5,collecting,123,13027,2804,2792,8263,10040,2782,9402,15714,15617,14328,,
1146176,L-MAN,light,Arabika Manglayang Jawa Barat,B01,5,collecting,124,13026,2802,2791,8263,10041,2782,9404,15714,15618,14329,,
1147176,L-MAN,light,Arabika Manglayang Jawa Barat,B01,5,collecting,125,13025,2802,2791,8263,10043,2782,9406,15714,15619,14328,,
1148176,L-MAN,light,Arabika Manglayang Jawa Barat,B01,5,collecting,126,13024,2804,2792,8263,10043,2779,9406,15714,15620,14328,,
1149176,L-MAN,light,Arabika Manglayang Jawa Barat,B01,5,collecting,127,13023,2802,2791,8262,10043,2780,9407,15713,15620,14327,,
1150176,L-MAN,light,Arabika Manglayang Jawa Barat,B01,5,collecting,128,13022,2802,2791,8261,10044,2779,9408,15713,15620,14327,,
1151176,L-MAN,light,Arabika Manglayang Jawa Barat,B01,5,collecting,129,13021,2804,2790,8261,10044,2783,9407,15713,15621,14327,,
1152177,L-MAN,light,Arabika Manglayang Jawa Barat,B01,5,collecting,130,13020,2803,2789,8261,10044,2780,9407,15713,15621,14326,,
1153176,L-MAN,light,Arabika Manglayang Jawa Barat,B01,5,collecting,131,13020,2803,2792,8261,10044,2779,9408,15712,15620,14326,,
1154177,L-MAN,light,Arabika Manglayang Jawa Barat,B01,5,collecting,132,13020,2807,2789,8261,10044,2782,9409,15712,15621,14325,,
1155176,L-MAN,light,Arabika Manglayang Jawa Barat,B01,5,collecting,133,13019,2802,2791,8260,10044,2780,9408,15711,15620,14324,,
1156176,L-MAN,light,Arabika Manglayang Jawa Barat,B01,5,collecting,134,13017,2805,2794,8260,10043,2780,9406,15710,15619,14323,,
1157176,L-MAN,light,Arabika Manglayang Jawa Barat,B01,5,collecting,135,13014,2801,2790,8259,10041,2782,9405,15710,15619,14322,,
1158176,L-MAN,light,Arabika Manglayang Jawa Barat,B01,5,collecting,136,13011,2801,2792,8258,10040,2780,9403,15709,15617,14320,,
1159176,L-MAN,light,Arabika Manglayang Jawa Barat,B01,5,collecting,137,13009,2801,2794,8258,10038,2779,9402,15707,15617,14319,,
1160176,L-MAN,light,Arabika Manglayang Jawa Barat,B01,5,collecting,138,13008,2802,2793,8258,10037,2780,9400,15707,15615,14319,,
1161177,L-MAN,light,Arabika Manglayang Jawa Barat,B01,5,collecting,139,13008,2801,2794,8257,10036,2782,9400,15706,15613,14318,,
1162176,L-MAN,light,Arabika Manglayang Jawa Barat,B01,5,collecting,140,13008,2802,2793,8256,10035,2782,9401,15706,15613,14316,,
1163176,L-MAN,light,Arabika Manglayang Jawa Barat,B01,5,collecting,141,13009,2801,2792,8256,10035,2779,9401,15706,15612,14316,,
1164176,L-MAN,light,Arabika Manglayang Jawa Barat,B01,5,collecting,142,13010,2803,2791,8256,10036,2782,9401,15706,15612,14316,,
1165176,L-MAN,light,Arabika Manglayang Jawa Barat,B01,5,collecting,143,13012,2803,2790,8256,10036,2782,9402,15706,15612,14316,,
1166176,L-MAN,light,Arabika Manglayang Jawa Barat,B01,5,collecting,144,13013,2805,2791,8255,10036,2782,9401,15707,15612,14316,,
1167176,L-MAN,light,Arabika Manglayang Jawa Barat,B01,5,collecting,145,13013,2804,2791,8255,10035,2779,9401,15707,15612,14315,,
1168177,L-MAN,light,Arabika Manglayang Jawa Barat,B01,5,collecting,146,13014,2802,2790,8255,10033,2782,9399,15706,15611,14314,,
1169176,L-MAN,light,Arabika Manglayang Jawa Barat,B01,5,collecting,147,13015,2805,2790,8254,10031,2780,9398,15705,15609,14312,,
1170177,L-MAN,light,Arabika Manglayang Jawa Barat,B01,5,collecting,148,13015,2802,2789,8253,10029,2782,9396,15704,15608,14310,,
1171176,L-MAN,light,Arabika Manglayang Jawa Barat,B01,5,collecting,149,13014,2806,2791,8253,10026,2782,9393,15703,15606,14307,,
1172176,L-MAN,light,Arabika Manglayang Jawa Barat,B01,5,collecting,150,13013,2807,2791,8252,10025,2782,9391,15702,15603,14305,,
1173176,L-MAN,light,Arabika Manglayang Jawa Barat,B01,5,collecting,151,13011,2802,2790,8252,10022,2782,9389,15700,15601,14304,,
1174176,L-MAN,light,Arabika Manglayang Jawa Barat,B01,5,collecting,152,13012,2805,2792,8252,10021,2782,9388,15700,15600,14303,,
1175176,L-MAN,light,Arabika Manglayang Jawa Barat,B01,5,collecting,153,13011,2802,2790,8251,10019,2782,9387,15699,15598,14301,,
1176176,L-MAN,light,Arabika Manglayang Jawa Barat,B01,5,collecting,154,13011,2801,2792,8251,10017,2780,9386,15699,15596,14299,,
1177177,L-MAN,light,Arabika Manglayang Jawa Barat,B01,5,collecting,155,13011,2804,2792,8251,10015,2780,9384,15697,15594,14297,,
1178176,L-MAN,light,Arabika Manglayang Jawa Barat,B01,5,collecting,156,13009,2805,2793,8250,10014,2780,9383,15696,15593,14296,,
1179176,L-MAN,light,Arabika Manglayang Jawa Barat,B01,5,collecting,157,13008,2803,2791,8249,10012,2779,9382,15696,15592,14294,,
1180176,L-MAN,light,Arabika Manglayang Jawa Barat,B01,5,collecting,158,13007,2803,2789,8249,10010,2782,9380,15695,15590,14293,,
1181176,L-MAN,light,Arabika Manglayang Jawa Barat,B01,5,collecting,159,13008,2804,2793,8248,10009,2782,9378,15695,15588,14292,,
1182176,L-MAN,light,Arabika Manglayang Jawa Barat,B01,5,collecting,160,13008,2802,2791,8248,10008,2782,9378,15694,15587,14290,,
1183176,L-MAN,light,Arabika Manglayang Jawa Barat,B01,5,collecting,161,13009,2805,2792,8248,10006,2780,9377,15693,15585,14288,,
1184177,L-MAN,light,Arabika Manglayang Jawa Barat,B01,5,collecting,162,13008,2804,2791,8247,10004,2782,9375,15693,15584,14286,,
1185176,L-MAN,light,Arabika Manglayang Jawa Barat,B01,5,collecting,163,13009,2801,2792,8247,10001,2782,9374,15692,15582,14285,,
1186177,L-MAN,light,Arabika Manglayang Jawa Barat,B01,5,collecting,164,13007,2806,2790,8246,10000,2780,9373,15691,15580,14284,,
1187176,L-MAN,light,Arabika Manglayang Jawa Barat,B01,5,collecting,165,13006,2803,2790,8245,9998,2782,9372,15690,15578,14282,,
1188176,L-MAN,light,Arabika Manglayang Jawa Barat,B01,5,collecting,166,13004,2801,2796,8245,9996,2782,9371,15689,15576,14280,,
1189176,L-MAN,light,Arabika Manglayang Jawa Barat,B01,5,collecting,167,13003,2804,2794,8244,9995,2782,9370,15689,15574,14280,,
1190176,L-MAN,light,Arabika Manglayang Jawa Barat,B01,5,collecting,168,13003,2803,2791,8244,9995,2782,9370,15688,15573,14279,,
1191176,L-MAN,light,Arabika Manglayang Jawa Barat,B01,5,collecting,169,13001,2802,2790,8243,9994,2780,9369,15688,15572,14278,,
1192176,L-MAN,light,Arabika Manglayang Jawa Barat,B01,5,collecting,170,13000,2802,2793,8243,9995,2782,9368,15688,15572,14277,,
1193177,L-MAN,light,Arabika Manglayang Jawa Barat,B01,5,collecting,171,13000,2804,2792,8242,9994,2782,9369,15687,15571,14277,,
1194176,L-MAN,light,Arabika Manglayang Jawa Barat,B01,5,collecting,172,13001,2802,2792,8242,9993,2782,9370,15687,15570,14276,,
1195176,L-MAN,light,Arabika Manglayang Jawa Barat,B01,5,collecting,173,13001,2801,2793,8241,9993,2782,9369,15686,15570,14275,,
1196176,L-MAN,light,Arabika Manglayang Jawa Barat,B01,5,collecting,174,13000,2806,2792,8241,9992,2780,9368,15685,15568,14273,,
1197176,L-MAN,light,Arabika Manglayang Jawa Barat,B01,5,collecting,175,12999,2801,2791,8241,9991,2780,9367,15684,15567,14272,,
1198176,L-MAN,light,Arabika Manglayang Jawa Barat,B01,5,collecting,176,12998,2802,2793,8240,9990,2780,9366,15684,15566,14271,,
1199176,L-MAN,light,Arabika Manglayang Jawa Barat,B01,5,collecting,177,12995,2804,2791,8239,9988,2782,9365,15683,15565,14269,,
1200177,L-MAN,light,Arabika Manglayang Jawa Barat,B01,5,collecting,178,12992,2805,2792,8238,9987,2779,9365,15682,15563,14268,,
1201176,L-MAN,light,Arabika Manglayang Jawa Barat,B01,5,collecting,179,12989,2801,2793,8238,9985,2780,9363,15681,15562,14266,,
1202177,L-MAN,light,Arabika Manglayang Jawa Barat,B01,5,collecting,180,12986,2803,2795,8237,9984,2782,9361,15679,15560,14265,,
1203179,L-MAN,light,Arabika Manglayang Jawa Barat,B01,6,purging,1,12984,2805,2793,8237,9982,2782,9361,15678,15558,14263,,
1204176,L-MAN,light,Arabika Manglayang Jawa Barat,B01,6,purging,2,12983,2802,2792,8236,9984,2782,9362,15678,15557,14271,,
1205176,L-MAN,light,Arabika Manglayang Jawa Barat,B01,6,purging,3,12984,2800,2792,8235,9987,2782,9368,15684,15559,14270,,
1206176,L-MAN,light,Arabika Manglayang Jawa Barat,B01,6,purging,4,12959,2804,2791,8235,9979,2782,9360,15675,15556,14252,,
1207176,L-MAN,light,Arabika Manglayang Jawa Barat,B01,6,purging,5,12894,2803,2792,8235,9964,2782,9344,15653,15544,14232,,
1208176,L-MAN,light,Arabika Manglayang Jawa Barat,B01,6,purging,6,12803,2803,2792,8234,9944,2782,9325,15624,15526,14209,,
1209177,L-MAN,light,Arabika Manglayang Jawa Barat,B01,6,purging,7,12696,2803,2791,8234,9924,2782,9306,15594,15502,14186,,
1210176,L-MAN,light,Arabika Manglayang Jawa Barat,B01,6,purging,8,12582,2803,2791,8233,9903,2780,9288,15563,15478,14163,,
1211176,L-MAN,light,Arabika Manglayang Jawa Barat,B01,6,purging,9,12467,2806,2791,8232,9883,2783,9271,15532,15452,14141,,
1212176,L-MAN,light,Arabika Manglayang Jawa Barat,B01,6,purging,10,12355,2804,2792,8231,9864,2782,9257,15504,15427,14119,,
1213176,L-MAN,light,Arabika Manglayang Jawa Barat,B01,6,purging,11,12248,2805,2793,8230,9847,2782,9244,15478,15402,14100,,
1214176,L-MAN,light,Arabika Manglayang Jawa Barat,B01,6,purging,12,12148,2805,2792,8229,9831,2782,9233,15452,15379,14081,,
1215176,L-MAN,light,Arabika Manglayang Jawa Barat,B01,6,purging,13,12055,2804,2793,8228,9816,2779,9223,15428,15356,14064,,
1216177,L-MAN,light,Arabika Manglayang Jawa Barat,B01,6,purging,14,11969,2801,2795,8227,9803,2780,9215,15406,15335,14048,,
1217176,L-MAN,light,Arabika Manglayang Jawa Barat,B01,6,purging,15,11891,2802,2793,8226,9791,2780,9209,15386,15316,14034,,
1218177,L-MAN,light,Arabika Manglayang Jawa Barat,B01,6,purging,16,11820,2801,2794,8224,9781,2780,9203,15367,15298,14020,,
1219176,L-MAN,light,Arabika Manglayang Jawa Barat,B01,6,purging,17,11755,2804,2791,8224,9772,2779,9198,15350,15280,14007,,
1220176,L-MAN,light,Arabika Manglayang Jawa Barat,B01,6,purging,18,11696,2803,2794,8222,9762,2782,9193,15331,15265,13994,,
1221176,L-MAN,light,Arabika Manglayang Jawa Barat,B01,6,purging,19,11644,2801,2792,8221,9753,2779,9188,15315,15249,13981,,
1222176,L-MAN,light,Arabika Manglayang Jawa Barat,B01,6,purging,20,11596,2804,2791,8220,9745,2782,9186,15300,15235,13972,,
1223176,L-MAN,light,Arabika Manglayang Jawa Barat,B01,6,purging,21,11553,2805,2791,8219,9738,2782,9183,15286,15221,13961,,
1224176,L-MAN,light,Arabika Manglayang Jawa Barat,B01,6,purging,22,11513,2802,2790,8218,9732,2782,9182,15272,15209,13952,,
1225177,L-MAN,light,Arabika Manglayang Jawa Barat,B01,6,purging,23,11476,2801,2793,8217,9727,2780,9180,15259,15197,13942,,
1226176,L-MAN,light,Arabika Manglayang Jawa Barat,B01,6,purging,24,11443,2804,2794,8216,9721,2779,9178,15246,15185,13932,,
1227176,L-MAN,light,Arabika Manglayang Jawa Barat,B01,6,purging,25,11414,2801,2794,8215,9714,2782,9176,15233,15175,13921,,
1228176,L-MAN,light,Arabika Manglayang Jawa Barat,B01,6,purging,26,11387,2804,2792,8214,9707,2782,9172,15221,15164,13910,,
1229176,L-MAN,light,Arabika Manglayang Jawa Barat,B01,6,purging,27,11363,2801,2791,8213,9700,2780,9167,15208,15153,13900,,
1230176,L-MAN,light,Arabika Manglayang Jawa Barat,B01,6,purging,28,11340,2801,2792,8211,9694,2782,9164,15196,15142,13890,,
1231176,L-MAN,light,Arabika Manglayang Jawa Barat,B01,6,purging,29,11320,2800,2793,8211,9687,2780,9160,15184,15132,13882,,
1232177,L-MAN,light,Arabika Manglayang Jawa Barat,B01,6,purging,30,11301,2801,2791,8209,9682,2782,9157,15173,15123,13874,,
1233176,L-MAN,light,Arabika Manglayang Jawa Barat,B01,6,purging,31,11283,2800,2791,8208,9678,2782,9155,15163,15114,13867,,
1234177,L-MAN,light,Arabika Manglayang Jawa Barat,B01,6,purging,32,11266,2804,2792,8207,9674,2782,9154,15153,15106,13860,,
1235176,L-MAN,light,Arabika Manglayang Jawa Barat,B01,6,purging,33,11249,2803,2796,8206,9670,2782,9153,15144,15098,13852,,
1236176,L-MAN,light,Arabika Manglayang Jawa Barat,B01,6,purging,34,11235,2799,2791,8206,9665,2782,9151,15134,15090,13844,,
1237176,L-MAN,light,Arabika Manglayang Jawa Barat,B01,6,purging,35,11220,2804,2791,8205,9661,2782,9148,15125,15083,13837,,
1238176,L-MAN,light,Arabika Manglayang Jawa Barat,B01,6,purging,36,11207,2801,2795,8204,9656,2782,9146,15116,15074,13831,,
1239176,L-MAN,light,Arabika Manglayang Jawa Barat,B01,6,purging,37,11194,2805,2791,8203,9653,2780,9147,15109,15068,13828,,
1240176,L-MAN,light,Arabika Manglayang Jawa Barat,B01,6,purging,38,11181,2802,2792,8202,9650,2780,9146,15101,15061,13820,,
1241177,L-MAN,light,Arabika Manglayang Jawa Barat,B01,6,purging,39,11169,2805,2791,8201,9646,2780,9145,15093,15055,13814,,
1242176,L-MAN,light,Arabika Manglayang Jawa Barat,B01,6,purging,40,11158,2802,2791,8200,9642,2782,9143,15084,15047,13807,,
1243176,L-MAN,light,Arabika Manglayang Jawa Barat,B01,6,purging,41,11148,2802,2794,8200,9638,2783,9141,15077,15041,13802,,
1244176,L-MAN,light,Arabika Manglayang Jawa Barat,B01,6,purging,42,11139,2806,2792,8199,9634,2782,9140,15069,15034,13797,,
1245176,L-MAN,light,Arabika Manglayang Jawa Barat,B01,6,purging,43,11130,2800,2792,8198,9631,2782,9139,15062,15028,13791,,
1246176,L-MAN,light,Arabika Manglayang Jawa Barat,B01,6,purging,44,11121,2802,2791,8197,9627,2782,9137,15055,15021,13786,,
1247176,L-MAN,light,Arabika Manglayang Jawa Barat,B01,6,purging,45,11111,2802,2793,8196,9625,2782,9137,15047,15016,13781,,
1248177,L-MAN,light,Arabika Manglayang Jawa Barat,B01,6,purging,46,11103,2799,2793,8195,9622,2782,9136,15040,15011,13777,,
1249176,L-MAN,light,Arabika Manglayang Jawa Barat,B01,6,purging,47,11095,2801,2793,8195,9620,2782,9136,15034,15005,13772,,
1250177,L-MAN,light,Arabika Manglayang Jawa Barat,B01,6,purging,48,11087,2799,2794,8194,9617,2782,9135,15027,15000,13767,,
1251176,L-MAN,light,Arabika Manglayang Jawa Barat,B01,6,purging,49,11080,2802,2795,8193,9614,2780,9135,15022,14996,13763,,
1252176,L-MAN,light,Arabika Manglayang Jawa Barat,B01,6,purging,50,11074,2803,2791,8192,9611,2782,9133,15015,14991,13758,,
1253176,L-MAN,light,Arabika Manglayang Jawa Barat,B01,6,purging,51,11068,2805,2792,8191,9610,2782,9134,15009,14987,13755,,
1254176,L-MAN,light,Arabika Manglayang Jawa Barat,B01,6,purging,52,11061,2801,2796,8190,9609,2780,9133,15004,14983,13752,,
1255176,L-MAN,light,Arabika Manglayang Jawa Barat,B01,6,purging,53,11054,2802,2790,8190,9605,2782,9133,14999,14978,13747,,
1256176,L-MAN,light,Arabika Manglayang Jawa Barat,B01,6,purging,54,11047,2801,2792,8189,9604,2780,9133,14993,14974,13744,,
1257177,L-MAN,light,Arabika Manglayang Jawa Barat,B01,6,purging,55,11041,2803,2791,8188,9602,2780,9133,14987,14969,13742,,
1258176,L-MAN,light,Arabika Manglayang Jawa Barat,B01,6,purging,56,11035,2806,2792,8187,9602,2782,9135,14983,14966,13742,,
1259176,L-MAN,light,Arabika Manglayang Jawa Barat,B01,6,purging,57,11027,2800,2791,8187,9602,2780,9137,14979,14963,13740,,
1260176,L-MAN,light,Arabika Manglayang Jawa Barat,B01,6,purging,58,11021,2801,2793,8186,9603,2779,9140,14976,14961,13742,,
1261176,L-MAN,light,Arabika Manglayang Jawa Barat,B01,6,purging,59,11013,2803,2790,8185,9604,2780,9144,14973,14959,13741,,
1262176,L-MAN,light,Arabika Manglayang Jawa Barat,B01,6,purging,60,11006,2804,2793,8185,9606,2782,9148,14970,14958,13742,,
1263179,L-MAN,light,Arabika Manglayang Jawa Barat,B01,6,collecting,1,10999,2804,2793,8184,9608,2782,9152,14967,14956,13740,,
1264177,L-MAN,light,Arabika Manglayang Jawa Barat,B01,6,collecting,2,10993,2800,2794,8184,9608,2780,9153,14962,14954,13733,,
1265176,L-MAN,light,Arabika Manglayang Jawa Barat,B01,6,collecting,3,10988,2802,2797,8183,9607,2782,9151,14955,14952,13727,,
1266177,L-MAN,light,Arabika Manglayang Jawa Barat,B01,6,collecting,4,10984,2803,2793,8183,9606,2782,9149,14948,14950,13724,,
1267176,L-MAN,light,Arabika Manglayang Jawa Barat,B01,6,collecting,5,10980,2803,2794,8182,9602,2782,9146,14942,14947,13717,,
1268176,L-MAN,light,Arabika Manglayang Jawa Barat,B01,6,collecting,6,10976,2803,2790,8181,9599,2780,9143,14936,14942,13712,,
1269176,L-MAN,light,Arabika Manglayang Jawa Barat,B01,6,collecting,7,10973,2803,2792,8181,9595,2782,9140,14930,14938,13714,,
1270176,L-MAN,light,Arabika Manglayang Jawa Barat,B01,6,collecting,8,10969,2806,2793,8180,9597,2780,9144,14928,14936,13720,,
1271176,L-MAN,light,Arabika Manglayang Jawa Barat,B01,6,collecting,9,10972,2806,2790,8180,9608,2780,9158,14931,14938,13751,,
1272176,L-MAN,light,Arabika Manglayang Jawa Barat,B01,6,collecting,10,11051,2802,2791,8179,9643,2782,9202,14963,14954,13826,,
1273177,L-MAN,light,Arabika Manglayang Jawa Barat,B01,6,collecting,11,11143,2805,2793,8179,9699,2782,9274,15020,14990,13904,,
1274176,L-MAN,light,Arabika Manglayang Jawa Barat,B01,6,collecting,12,11258,2806,2794,8179,9771,2782,9361,15085,15039,13974,,
1275176,L-MAN,light,Arabika Manglayang Jawa Barat,B01,6,collecting,13,11483,2800,2794,8179,9853,2782,9452,15157,15103,14039,,
1276176,L-MAN,light,Arabika Manglayang Jawa Barat,B01,6,collecting,14,11819,2801,2793,8180,9939,2782,9538,15241,15184,14116,,
1277176,L-MAN,light,Arabika Manglayang Jawa Barat,B01,6,collecting,15,12205,2804,2791,8181,10020,2782,9609,15340,15278,14192,,
1278176,L-MAN,light,Arabika Manglayang Jawa Barat,B01,6,collecting,16,12564,2802,2792,8182,10088,2782,9667,15435,15374,14257,,
1279176,L-MAN,light,Arabika Manglayang Jawa Barat,B01,6,collecting,17,12866,2804,2793,8183,10143,2782,9707,15517,15460,14317,,
1280177,L-MAN,light,Arabika Manglayang Jawa Barat,B01,6,collecting,18,13141,2807,2794,8183,10195,2780,9747,15596,15541,14386,,
1281176,L-MAN,light,Arabika Manglayang Jawa Barat,B01,6,collecting,19,13371,2806,2795,8185,10237,2781,9774,15672,15617,14432,,
1282177,L-MAN,light,Arabika Manglayang Jawa Barat,B01,6,collecting,20,13530,2806,2792,8186,10265,2780,9784,15722,15678,14464,,
1283176,L-MAN,light,Arabika Manglayang Jawa Barat,B01,6,collecting,21,13650,2808,2792,8186,10289,2782,9793,15763,15726,14502,,
1284176,L-MAN,light,Arabika Manglayang Jawa Barat,B01,6,collecting,22,13739,2808,2792,8187,10304,2783,9795,15797,15767,14518,,
1285176,L-MAN,light,Arabika Manglayang Jawa Barat,B01,6,collecting,23,13783,2805,2792,8188,10303,2780,9780,15810,15793,14514,,
1286176,L-MAN,light,Arabika Manglayang Jawa Barat,B01,6,collecting,24,13786,2804,2794,8188,10290,2779,9752,15806,15805,14503,,
1287176,L-MAN,light,Arabika Manglayang Jawa Barat,B01,6,collecting,25,13760,2807,2793,8189,10272,2782,9721,15793,15803,14489,,
1288176,L-MAN,light,Arabika Manglayang Jawa Barat,B01,6,collecting,26,13715,2807,2792,8189,10248,2780,9688,15775,15794,14470,,
1289177,L-MAN,light,Arabika Manglayang Jawa Barat,B01,6,collecting,27,13662,2808,2796,8189,10224,2782,9657,15755,15780,14451,,
1290176,L-MAN,light,Arabika Manglayang Jawa Barat,B01,6,collecting,28,13606,2808,2793,8189,10200,2782,9628,15737,15764,14435,,
1291176,L-MAN,light,Arabika Manglayang Jawa Barat,B01,6,collecting,29,13550,2807,2792,8189,10179,2783,9602,15722,15748,14420,,
1292176,L-MAN,light,Arabika Manglayang Jawa Barat,B01,6,collecting,30,13499,2805,2793,8189,10160,2780,9579,15708,15732,14406,,
1293176,L-MAN,light,Arabika Manglayang Jawa Barat,B01,6,collecting,31,13451,2806,2792,8189,10143,2782,9559,15697,15716,14394,,
1294176,L-MAN,light,Arabika Manglayang Jawa Barat,B01,6,collecting,32,13410,2809,2793,8189,10128,2780,9542,15687,15703,14384,,
1295176,L-MAN,light,Arabika Manglayang Jawa Barat,B01,6,collecting,33,13375,2806,2793,8189,10115,2782,9527,15679,15690,14375,,
1296177,L-MAN,light,Arabika Manglayang Jawa Barat,B01,6,collecting,34,13343,2808,2793,8188,10103,2782,9512,15673,15678,14367,,
1297176,L-MAN,light,Arabika Manglayang Jawa Barat,B01,6,collecting,35,13316,2806,2792,8188,10092,2782,9500,15668,15666,14359,,
1298177,L-MAN,light,Arabika Manglayang Jawa Barat,B01,6,collecting,36,13293,2807,2791,8188,10083,2782,9489,15664,15656,14352,,
1299176,L-MAN,light,Arabika Manglayang Jawa Barat,B01,6,collecting,37,13276,2808,2794,8187,10074,2782,9479,15660,15647,14346,,
1300176,L-MAN,light,Arabika Manglayang Jawa Barat,B01,6,collecting,38,13261,2806,2793,8187,10068,2782,9470,15657,15639,14341,,
1301176,L-MAN,light,Arabika Manglayang Jawa Barat,B01,6,collecting,39,13249,2809,2793,8186,10062,2779,9463,15656,15632,14338,,
1302176,L-MAN,light,Arabika Manglayang Jawa Barat,B01,6,collecting,40,13238,2806,2792,8186,10056,2782,9458,15655,15626,14334,,
1303176,L-MAN,light,Arabika Manglayang Jawa Barat,B01,6,collecting,41,13230,2805,2793,8185,10051,2780,9453,15655,15621,14331,,
1304176,L-MAN,light,Arabika Manglayang Jawa Barat,B01,6,collecting,42,13223,2805,2795,8185,10048,2782,9449,15654,15616,14328,,
1305177,L-MAN,light,Arabika Manglayang Jawa Barat,B01,6,collecting,43,13216,2808,2794,8184,10044,2780,9443,15654,15611,14325,,
1306176,L-MAN,light,Arabika Manglayang Jawa Barat,B01,6,collecting,44,13211,2807,2793,8184,10039,2780,9438,15653,15606,14321,,
1307176,L-MAN,light,Arabika Manglayang Jawa Barat,B01,6,collecting,45,13205,2806,2796,8183,10035,2782,9433,15652,15602,14317,,
1308176,L-MAN,light,Arabika Manglayang Jawa Barat,B01,6,collecting,46,13202,2808,2797,8182,10031,2782,9428,15652,15598,14314,,
1309176,L-MAN,light,Arabika Manglayang Jawa Barat,B01,6,collecting,47,13200,2809,2796,8182,10027,2783,9425,15651,15594,14311,,
1310176,L-MAN,light,Arabika Manglayang Jawa Barat,B01,6,collecting,48,13198,2809,2793,8181,10024,2780,9422,15652,15589,14308,,
1311176,L-MAN,light,Arabika Manglayang Jawa Barat,B01,6,collecting,49,13196,2804,2791,8181,10021,2782,9419,15651,15586,14305,,
1312177,L-MAN,light,Arabika Manglayang Jawa Barat,B01,6,collecting,50,13196,2804,2796,8180,10018,2780,9414,15651,15582,14304,,
1313176,L-MAN,light,Arabika Manglayang Jawa Barat,B01,6,collecting,51,13196,2805,2794,8180,10016,2782,9412,15652,15580,14302,,
1314177,L-MAN,light,Arabika Manglayang Jawa Barat,B01,6,collecting,52,13197,2805,2793,8179,10014,2780,9410,15652,15577,14300,,
1315176,L-MAN,light,Arabika Manglayang Jawa Barat,B01,6,collecting,53,13199,2805,2794,8179,10013,2782,9406,15654,15575,14299,,
1316176,L-MAN,light,Arabika Manglayang Jawa Barat,B01,6,collecting,54,13201,2807,2792,8178,10011,2780,9404,15655,15574,14297,,
1317176,L-MAN,light,Arabika Manglayang Jawa Barat,B01,6,collecting,55,13203,2805,2793,8177,10010,2782,9402,15657,15572,14296,,
1318176,L-MAN,light,Arabika Manglayang Jawa Barat,B01,6,collecting,56,13204,2805,2794,8177,10008,2782,9399,15658,15571,14294,,
1319176,L-MAN,light,Arabika Manglayang Jawa Barat,B01,6,collecting,57,13205,2810,2795,8176,10007,2782,9396,15658,15569,14292,,
1320176,L-MAN,light,Arabika Manglayang Jawa Barat,B01,6,collecting,58,13207,2809,2795,8176,10004,2782,9395,15659,15568,14290,,
1321177,L-MAN,light,Arabika Manglayang Jawa Barat,B01,6,collecting,59,13207,2808,2792,8175,10002,2782,9392,15659,15566,14288,,
1322176,L-MAN,light,Arabika Manglayang Jawa Barat,B01,6,collecting,60,13207,2804,2794,8175,10001,2782,9389,15660,15564,14287,,
1323176,L-MAN,light,Arabika Manglayang Jawa Barat,B01,6,collecting,61,13206,2805,2794,8174,9998,2783,9387,15661,15562,14285,,
1324176,L-MAN,light,Arabika Manglayang Jawa Barat,B01,6,collecting,62,13205,2805,2794,8174,9996,2780,9385,15661,15560,14284,,
1325176,L-MAN,light,Arabika Manglayang Jawa Barat,B01,6,collecting,63,13203,2807,2797,8173,9995,2782,9383,15662,15558,14282,,
1326176,L-MAN,light,Arabika Manglayang Jawa Barat,B01,6,collecting,64,13203,2809,2793,8172,9992,2782,9382,15662,15557,14281,,
1327176,L-MAN,light,Arabika Manglayang Jawa Barat,B01,6,collecting,65,13203,2804,2791,8172,9992,2782,9379,15662,15555,14279,,
1328177,L-MAN,light,Arabika Manglayang Jawa Barat,B01,6,collecting,66,13202,2804,2792,8171,9990,2780,9378,15663,15554,14278,,
1329176,L-MAN,light,Arabika Manglayang Jawa Barat,B01,6,collecting,67,13202,2805,2794,8171,9988,2782,9377,15664,15552,14277,,
1330177,L-MAN,light,Arabika Manglayang Jawa Barat,B01,6,collecting,68,13203,2804,2796,8170,9988,2782,9377,15666,15552,14278,,
1331176,L-MAN,light,Arabika Manglayang Jawa Barat,B01,6,collecting,69,13204,2804,2796,8170,9987,2780,9375,15667,15551,14278,,
1332176,L-MAN,light,Arabika Manglayang Jawa Barat,B01,6,collecting,70,13205,2807,2796,8169,9987,2779,9375,15668,15551,14276,,
1333176,L-MAN,light,Arabika Manglayang Jawa Barat,B01,6,collecting,71,13206,2805,2794,8169,9985,2780,9375,15669,15551,14274,,
1334176,L-MAN,light,Arabika Manglayang Jawa Barat,B01,6,collecting,72,13206,2804,2794,8168,9984,2782,9373,15669,15549,14273,,
1335176,L-MAN,light,Arabika Manglayang Jawa Barat,B01,6,collecting,73,13206,2805,2792,8168,9983,2780,9371,15669,15549,14271,,
1336176,L-MAN,light,Arabika Manglayang Jawa Barat,B01,6,collecting,74,13206,2804,2794,8168,9982,2780,9370,15670,15548,14270,,
1337177,L-MAN,light,Arabika Manglayang Jawa Barat,B01,6,collecting,75,13203,2808,2794,8167,9981,2780,9370,15670,15548,14270,,
1338176,L-MAN,light,Arabika Manglayang Jawa Barat,B01,6,collecting,76,13203,2804,2792,8166,9981,2782,9370,15670,15548,14271,,
1339176,L-MAN,light,Arabika Manglayang Jawa Barat,B01,6,collecting,77,13202,2807,2791,8166,9982,2782,9371,15672,15548,14271,,
1340176,L-MAN,light,Arabika Manglayang Jawa Barat,B01,6,collecting,78,13202,2805,2794,8166,9983,2782,9370,15673,15549,14271,,
1341176,L-MAN,light,Arabika Manglayang Jawa Barat,B01,6,collecting,79,13202,2805,2793,8166,9984,2782,9370,15674,15549,14270,,
1342176,L-MAN,light,Arabika Manglayang Jawa Barat,B01,6,collecting,80,13202,2808,2793,8165,9984,2782,9369,15674,15550,14269,,
1343176,L-MAN,light,Arabika Manglayang Jawa Barat,B01,6,collecting,81,13202,2805,2793,8165,9983,2783,9367,15674,15550,14268,,
1344177,L-MAN,light,Arabika Manglayang Jawa Barat,B01,6,collecting,82,13203,2807,2794,8164,9981,2782,9366,15675,15549,14266,,
1345176,L-MAN,light,Arabika Manglayang Jawa Barat,B01,6,collecting,83,13203,2806,2794,8164,9980,2782,9364,15675,15549,14265,,
1346177,L-MAN,light,Arabika Manglayang Jawa Barat,B01,6,collecting,84,13204,2807,2794,8163,9978,2782,9362,15674,15548,14264,,
1347176,L-MAN,light,Arabika Manglayang Jawa Barat,B01,6,collecting,85,13204,2805,2793,8163,9976,2782,9361,15675,15546,14262,,
1348176,L-MAN,light,Arabika Manglayang Jawa Barat,B01,6,collecting,86,13204,2803,2794,8162,9974,2782,9360,15675,15545,14261,,
1349176,L-MAN,light,Arabika Manglayang Jawa Barat,B01,6,collecting,87,13203,2802,2793,8161,9973,2782,9359,15675,15543,14259,,
1350176,L-MAN,light,Arabika Manglayang Jawa Barat,B01,6,collecting,88,13201,2806,2792,8160,9971,2782,9358,15675,15543,14257,,
1351176,L-MAN,light,Arabika Manglayang Jawa Barat,B01,6,collecting,89,13199,2805,2794,8160,9968,2782,9356,15673,15541,14255,,
1352176,L-MAN,light,Arabika Manglayang Jawa Barat,B01,6,collecting,90,13195,2804,2795,8160,9964,2782,9353,15672,15538,14252,,
1353177,L-MAN,light,Arabika Manglayang Jawa Barat,B01,6,collecting,91,13191,2805,2795,8159,9961,2782,9350,15671,15535,14249,,
1354176,L-MAN,light,Arabika Manglayang Jawa Barat,B01,6,collecting,92,13188,2805,2798,8158,9958,2782,9347,15669,15532,14246,,
1355176,L-MAN,light,Arabika Manglayang Jawa Barat,B01,6,collecting,93,13185,2806,2797,8158,9955,2782,9345,15668,15530,14243,,
1356176,L-MAN,light,Arabika Manglayang Jawa Barat,B01,6,collecting,94,13181,2805,2794,8157,9952,2782,9343,15666,15527,14240,,
1357176,L-MAN,light,Arabika Manglayang Jawa Barat,B01,6,collecting,95,13178,2804,2796,8157,9949,2782,9341,15665,15524,14237,,
1358176,L-MAN,light,Arabika Manglayang Jawa Barat,B01,6,collecting,96,13175,2805,2796,8156,9946,2782,9339,15664,15521,14235,,
1359176,L-MAN,light,Arabika Manglayang Jawa Barat,B01,6,collecting,97,13173,2805,2794,8155,9943,2780,9337,15663,15519,14234,,
1360177,L-MAN,light,Arabika Manglayang Jawa Barat,B01,6,collecting,98,13170,2804,2795,8154,9942,2782,9335,15663,15517,14233,,
1361176,L-MAN,light,Arabika Manglayang Jawa Barat,B01,6,collecting,99,13167,2809,2794,8154,9940,2783,9335,15663,15515,14232,,
1362177,L-MAN,light,Arabika Manglayang Jawa Barat,B01,6,collecting,100,13166,2806,2797,8153,9940,2782,9335,15663,15514,14231,,
1363176,L-MAN,light,Arabika Manglayang Jawa Barat,B01,6,collecting,101,13163,2806,2796,8152,9939,2782,9336,15663,15513,14230,,
1364176,L-MAN,light,Arabika Manglayang Jawa Barat,B01,6,collecting,102,13161,2810,2794,8152,9939,2782,9334,15664,15512,14230,,
1365176,L-MAN,light,Arabika Manglayang Jawa Barat,B01,6,collecting,103,13161,2805,2797,8151,9939,2782,9334,15664,15512,14228,,
1366176,L-MAN,light,Arabika Manglayang Jawa Barat,B01,6,collecting,104,13161,2806,2795,8151,9939,2782,9333,15664,15511,14226,,
1367176,L-MAN,light,Arabika Manglayang Jawa Barat,B01,6,collecting,105,13160,2811,2796,8150,9937,2782,9332,15663,15510,14225,,
1368176,L-MAN,light,Arabika Manglayang Jawa Barat,B01,6,collecting,106,13158,2807,2795,8149,9936,2782,9330,15663,15509,14223,,
1369177,L-MAN,light,Arabika Manglayang Jawa Barat,B01,6,collecting,107,13154,2806,2795,8149,9935,2780,9329,15662,15508,14222,,
1370176,L-MAN,light,Arabika Manglayang Jawa Barat,B01,6,collecting,108,13152,2807,2795,8148,9934,2782,9329,15662,15507,14221,,
1371176,L-MAN,light,Arabika Manglayang Jawa Barat,B01,6,collecting,109,13150,2809,2793,8148,9933,2782,9329,15661,15507,14220,,
1372176,L-MAN,light,Arabika Manglayang Jawa Barat,B01,6,collecting,110,13148,2806,2794,8147,9933,2779,9328,15661,15506,14218,,
1373176,L-MAN,light,Arabika Manglayang Jawa Barat,B01,6,collecting,111,13147,2809,2793,8146,9932,2782,9326,15660,15505,14217,,
1374176,L-MAN,light,Arabika Manglayang Jawa Barat,B01,6,collecting,112,13146,2810,2794,8146,9931,2783,9326,15659,15504,14215,,
1375176,L-MAN,light,Arabika Manglayang Jawa Barat,B01,6,collecting,113,13143,2806,2795,8145,9929,2782,9325,15657,15503,14213,,
1376177,L-MAN,light,Arabika Manglayang Jawa Barat,B01,6,collecting,114,13141,2806,2797,8145,9927,2782,9323,15656,15501,14210,,
1377176,L-MAN,light,Arabika Manglayang Jawa Barat,B01,6,collecting,115,13140,2807,2795,8144,9925,2782,9321,15655,15499,14207,,
1378177,L-MAN,light,Arabika Manglayang Jawa Barat,B01,6,collecting,116,13138,2804,2794,8144,9923,2782,9319,15654,15497,14205,,
1379176,L-MAN,light,Arabika Manglayang Jawa Barat,B01,6,collecting,117,13136,2807,2794,8143,9920,2782,9317,15652,15495,14203,,
1380176,L-MAN,light,Arabika Manglayang Jawa Barat,B01,6,collecting,118,13134,2804,2793,8142,9918,2782,9316,15651,15494,14200,,
1381176,L-MAN,light,Arabika Manglayang Jawa Barat,B01,6,collecting,119,13131,2805,2795,8142,9917,2783,9314,15650,15492,14200,,
1382176,L-MAN,light,Arabika Manglayang Jawa Barat,B01,6,collecting,120,13127,2805,2792,8141,9917,2782,9314,15650,15491,14199,,
1383176,L-MAN,light,Arabika Manglayang Jawa Barat,B01,6,collecting,121,13124,2805,2794,8141,9917,2783,9314,15649,15490,14198,,
1384176,L-MAN,light,Arabika Manglayang Jawa Barat,B01,6,collecting,122,13119,2804,2797,8140,9917,2782,9315,15649,15491,14199,,
1385177,L-MAN,light,Arabika Manglayang Jawa Barat,B01,6,collecting,123,13116,2806,2795,8139,9917,2782,9314,15648,15490,14199,,
1386176,L-MAN,light,Arabika Manglayang Jawa Barat,B01,6,collecting,124,13112,2809,2795,8139,9918,2782,9314,15648,15490,14198,,
1387176,L-MAN,light,Arabika Manglayang Jawa Barat,B01,6,collecting,125,13108,2807,2794,8138,9917,2782,9316,15647,15488,14196,,
1388176,L-MAN,light,Arabika Manglayang Jawa Barat,B01,6,collecting,126,13105,2808,2795,8137,9915,2782,9313,15646,15487,14193,,
1389176,L-MAN,light,Arabika Manglayang Jawa Barat,B01,6,collecting,127,13103,2806,2797,8137,9913,2782,9313,15644,15486,14191,,
1390176,L-MAN,light,Arabika Manglayang Jawa Barat,B01,6,collecting,128,13100,2811,2797,8136,9912,2780,9311,15643,15484,14189,,
1391176,L-MAN,light,Arabika Manglayang Jawa Barat,B01,6,collecting,129,13097,2806,2795,8135,9909,2782,9311,15642,15482,14187,,
1392177,L-MAN,light,Arabika Manglayang Jawa Barat,B01,6,collecting,130,13094,2804,2795,8135,9908,2782,9311,15641,15481,14185,,
1393176,L-MAN,light,Arabika Manglayang Jawa Barat,B01,6,collecting,131,13092,2807,2795,8135,9908,2783,9310,15640,15480,14185,,
1394177,L-MAN,light,Arabika Manglayang Jawa Barat,B01,6,collecting,132,13090,2804,2793,8134,9909,2782,9310,15640,15480,14184,,
1395176,L-MAN,light,Arabika Manglayang Jawa Barat,B01,6,collecting,133,13089,2804,2795,8134,9908,2782,9310,15639,15480,14182,,
1396176,L-MAN,light,Arabika Manglayang Jawa Barat,B01,6,collecting,134,13088,2805,2794,8133,9908,2780,9308,15638,15480,14181,,
1397176,L-MAN,light,Arabika Manglayang Jawa Barat,B01,6,collecting,135,13087,2805,2798,8133,9907,2782,9309,15638,15479,14180,,
1398176,L-MAN,light,Arabika Manglayang Jawa Barat,B01,6,collecting,136,13084,2809,2796,8133,9906,2782,9308,15637,15478,14178,,
1399176,L-MAN,light,Arabika Manglayang Jawa Barat,B01,6,collecting,137,13082,2809,2797,8132,9904,2780,9306,15636,15477,14176,,
1400176,L-MAN,light,Arabika Manglayang Jawa Barat,B01,6,collecting,138,13081,2805,2792,8132,9903,2783,9305,15634,15476,14174,,
1401177,L-MAN,light,Arabika Manglayang Jawa Barat,B01,6,collecting,139,13079,2805,2799,8131,9901,2782,9304,15634,15475,14172,,
1402176,L-MAN,light,Arabika Manglayang Jawa Barat,B01,6,collecting,140,13079,2805,2795,8130,9900,2783,9303,15633,15474,14170,,
1403176,L-MAN,light,Arabika Manglayang Jawa Barat,B01,6,collecting,141,13079,2805,2795,8130,9899,2782,9301,15632,15473,14169,,
1404176,L-MAN,light,Arabika Manglayang Jawa Barat,B01,6,collecting,142,13079,2806,2795,8130,9897,2780,9299,15631,15471,14167,,
1405176,L-MAN,light,Arabika Manglayang Jawa Barat,B01,6,collecting,143,13080,2805,2795,8129,9896,2779,9298,15632,15470,14166,,
1406176,L-MAN,light,Arabika Manglayang Jawa Barat,B01,6,collecting,144,13083,2806,2799,8128,9895,2782,9297,15632,15470,14166,,
1407176,L-MAN,light,Arabika Manglayang Jawa Barat,B01,6,collecting,145,13086,2807,2794,8128,9895,2782,9296,15632,15470,14165,,
1408177,L-MAN,light,Arabika Manglayang Jawa Barat,B01,6,collecting,146,13088,2811,2795,8128,9894,2782,9295,15633,15469,14164,,
1409176,L-MAN,light,Arabika Manglayang Jawa Barat,B01,6,collecting,147,13089,2804,2795,8127,9892,2782,9294,15632,15468,14162,,
1410177,L-MAN,light,Arabika Manglayang Jawa Barat,B01,6,collecting,148,13085,2809,2793,8126,9890,2782,9292,15630,15467,14160,,
1411176,L-MAN,light,Arabika Manglayang Jawa Barat,B01,6,collecting,149,13079,2806,2795,8126,9888,2782,9291,15629,15465,14158,,
1412176,L-MAN,light,Arabika Manglayang Jawa Barat,B01,6,collecting,150,13072,2806,2795,8125,9886,2782,9289,15627,15463,14155,,
1413176,L-MAN,light,Arabika Manglayang Jawa Barat,B01,6,collecting,151,13066,2807,2795,8124,9884,2782,9287,15625,15461,14153,,
1414176,L-MAN,light,Arabika Manglayang Jawa Barat,B01,6,collecting,152,13061,2806,2795,8124,9883,2782,9287,15623,15459,14152,,
1415176,L-MAN,light,Arabika Manglayang Jawa Barat,B01,6,collecting,153,13060,2807,2793,8123,9881,2782,9287,15622,15457,14150,,
1416176,L-MAN,light,Arabika Manglayang Jawa Barat,B01,6,collecting,154,13060,2808,2795,8122,9881,2782,9287,15622,15456,14151,,
1417177,L-MAN,light,Arabika Manglayang Jawa Barat,B01,6,collecting,155,13061,2806,2795,8122,9882,2782,9288,15623,15456,14150,,
1418176,L-MAN,light,Arabika Manglayang Jawa Barat,B01,6,collecting,156,13060,2809,2795,8121,9883,2782,9288,15622,15457,14150,,
1419176,L-MAN,light,Arabika Manglayang Jawa Barat,B01,6,collecting,157,13060,2808,2795,8121,9883,2783,9288,15622,15457,14149,,
1420176,L-MAN,light,Arabika Manglayang Jawa Barat,B01,6,collecting,158,13060,2809,2791,8120,9883,2779,9287,15622,15457,14149,,
1421176,L-MAN,light,Arabika Manglayang Jawa Barat,B01,6,collecting,159,13060,2807,2794,8119,9882,2782,9286,15622,15457,14148,,
1422176,L-MAN,light,Arabika Manglayang Jawa Barat,B01,6,collecting,160,13059,2806,2793,8119,9882,2783,9286,15622,15456,14146,,
1423176,L-MAN,light,Arabika Manglayang Jawa Barat,B01,6,collecting,161,13060,2808,2795,8118,9881,2783,9286,15621,15456,14145,,
1424177,L-MAN,light,Arabika Manglayang Jawa Barat,B01,6,collecting,162,13059,2806,2796,8117,9880,2782,9284,15621,15455,14144,,
1425176,L-MAN,light,Arabika Manglayang Jawa Barat,B01,6,collecting,163,13059,2804,2795,8117,9879,2782,9284,15620,15454,14144,,
1426177,L-MAN,light,Arabika Manglayang Jawa Barat,B01,6,collecting,164,13059,2807,2795,8116,9878,2782,9283,15620,15454,14142,,
1427176,L-MAN,light,Arabika Manglayang Jawa Barat,B01,6,collecting,165,13058,2808,2793,8116,9877,2782,9283,15619,15453,14142,,
1428176,L-MAN,light,Arabika Manglayang Jawa Barat,B01,6,collecting,166,13057,2804,2795,8115,9876,2782,9282,15619,15452,14140,,
1429176,L-MAN,light,Arabika Manglayang Jawa Barat,B01,6,collecting,167,13057,2805,2793,8115,9875,2782,9282,15618,15451,14139,,
1430176,L-MAN,light,Arabika Manglayang Jawa Barat,B01,6,collecting,168,13059,2806,2795,8114,9874,2783,9280,15617,15450,14137,,
1431176,L-MAN,light,Arabika Manglayang Jawa Barat,B01,6,collecting,169,13059,2805,2794,8113,9873,2782,9279,15616,15449,14134,,
1432176,L-MAN,light,Arabika Manglayang Jawa Barat,B01,6,collecting,170,13060,2806,2795,8113,9872,2782,9277,15616,15449,14133,,
1433177,L-MAN,light,Arabika Manglayang Jawa Barat,B01,6,collecting,171,13059,2807,2796,8112,9871,2783,9275,15615,15448,14132,,
1434176,L-MAN,light,Arabika Manglayang Jawa Barat,B01,6,collecting,172,13059,2810,2792,8112,9870,2782,9273,15614,15448,14131,,
1435176,L-MAN,light,Arabika Manglayang Jawa Barat,B01,6,collecting,173,13059,2806,2793,8111,9870,2782,9274,15614,15447,14130,,
1436176,L-MAN,light,Arabika Manglayang Jawa Barat,B01,6,collecting,174,13058,2808,2797,8111,9870,2782,9273,15614,15447,14129,,
1437176,L-MAN,light,Arabika Manglayang Jawa Barat,B01,6,collecting,175,13057,2805,2792,8111,9870,2783,9273,15613,15447,14129,,
1438176,L-MAN,light,Arabika Manglayang Jawa Barat,B01,6,collecting,176,13057,2807,2799,8110,9870,2782,9272,15613,15447,14128,,
1439176,L-MAN,light,Arabika Manglayang Jawa Barat,B01,6,collecting,177,13055,2809,2796,8109,9869,2782,9272,15613,15447,14128,,
1440177,L-MAN,light,Arabika Manglayang Jawa Barat,B01,6,collecting,178,13054,2807,2799,8109,9869,2782,9272,15613,15446,14127,,
1441176,L-MAN,light,Arabika Manglayang Jawa Barat,B01,6,collecting,179,13053,2804,2792,8108,9868,2782,9271,15613,15447,14127,,
1442177,L-MAN,light,Arabika Manglayang Jawa Barat,B01,6,collecting,180,13052,2805,2795,8107,9867,2782,9271,15613,15446,14125,,
1443179,L-MAN,light,Arabika Manglayang Jawa Barat,B01,7,purging,1,13052,2808,2796,8107,9866,2783,9270,15612,15445,14125,,
1444176,L-MAN,light,Arabika Manglayang Jawa Barat,B01,7,purging,2,13052,2806,2797,8106,9866,2779,9270,15612,15445,14124,,
1445176,L-MAN,light,Arabika Manglayang Jawa Barat,B01,7,purging,3,13050,2808,2797,8105,9865,2782,9269,15611,15444,14123,,
1446176,L-MAN,light,Arabika Manglayang Jawa Barat,B01,7,purging,4,13049,2807,2796,8105,9864,2782,9268,15611,15443,14122,,
1447176,L-MAN,light,Arabika Manglayang Jawa Barat,B01,7,purging,5,13049,2808,2795,8105,9864,2783,9268,15610,15443,14121,,
1448176,L-MAN,light,Arabika Manglayang Jawa Barat,B01,7,purging,6,13047,2808,2795,8104,9864,2782,9268,15610,15443,14121,,
1449177,L-MAN,light,Arabika Manglayang Jawa Barat,B01,7,purging,7,13047,2807,2794,8103,9863,2783,9268,15610,15443,14120,,
1450176,L-MAN,light,Arabika Manglayang Jawa Barat,B01,7,purging,8,13045,2808,2795,8103,9862,2779,9267,15609,15442,14118,,
1451176,L-MAN,light,Arabika Manglayang Jawa Barat,B01,7,purging,9,13045,2805,2796,8102,9861,2783,9266,15608,15441,14117,,
1452176,L-MAN,light,Arabika Manglayang Jawa Barat,B01,7,purging,10,13043,2811,2799,8102,9860,2782,9265,15608,15440,14115,,
1453176,L-MAN,light,Arabika Manglayang Jawa Barat,B01,7,purging,11,13042,2808,2796,8101,9860,2782,9264,15607,15439,14113,,
1454176,L-MAN,light,Arabika Manglayang Jawa Barat,B01,7,purging,12,13041,2806,2796,8100,9859,2782,9263,15606,15439,14112,,
1455176,L-MAN,light,Arabika Manglayang Jawa Barat,B01,7,purging,13,13040,2812,2794,8100,9858,2782,9261,15605,15438,14111,,
1456177,L-MAN,light,Arabika Manglayang Jawa Barat,B01,7,purging,14,13041,2808,2793,8100,9857,2782,9260,15605,15437,14109,,
1457176,L-MAN,light,Arabika Manglayang Jawa Barat,B01,7,purging,15,13042,2807,2800,8099,9857,2782,9260,15604,15437,14110,,
1458177,L-MAN,light,Arabika Manglayang Jawa Barat,B01,7,purging,16,13042,2808,2795,8099,9858,2782,9261,15604,15437,14110,,
1459176,L-MAN,light,Arabika Manglayang Jawa Barat,B01,7,purging,17,13041,2808,2794,8099,9859,2782,9262,15604,15438,14110,,
1460176,L-MAN,light,Arabika Manglayang Jawa Barat,B01,7,purging,18,13041,2809,2795,8098,9859,2783,9262,15604,15439,14110,,
1461176,L-MAN,light,Arabika Manglayang Jawa Barat,B01,7,purging,19,13042,2807,2795,8097,9860,2779,9262,15604,15440,14109,,
1462176,L-MAN,light,Arabika Manglayang Jawa Barat,B01,7,purging,20,13043,2808,2794,8097,9862,2782,9264,15604,15440,14112,,
1463176,L-MAN,light,Arabika Manglayang Jawa Barat,B01,7,purging,21,13044,2806,2796,8097,9862,2782,9263,15607,15442,14109,,
1464176,L-MAN,light,Arabika Manglayang Jawa Barat,B01,7,purging,22,13011,2806,2795,8096,9853,2782,9251,15597,15440,14094,,
1465177,L-MAN,light,Arabika Manglayang Jawa Barat,B01,7,purging,23,12941,2806,2795,8096,9840,2782,9235,15577,15428,14076,,
1466176,L-MAN,light,Arabika Manglayang Jawa Barat,B01,7,purging,24,12845,2810,2796,8094,9824,2782,9218,15549,15412,14055,,
1467176,L-MAN,light,Arabika Manglayang Jawa Barat,B01,7,purging,25,12737,2807,2796,8094,9808,2782,9201,15520,15392,14036,,
1468176,L-MAN,light,Arabika Manglayang Jawa Barat,B01,7,purging,26,12622,2806,2795,8094,9793,2779,9187,15491,15370,14016,,
1469176,L-MAN,light,Arabika Manglayang Jawa Barat,B01,7,purging,27,12506,2806,2792,8093,9778,2782,9174,15463,15349,13997,,
1470176,L-MAN,light,Arabika Manglayang Jawa Barat,B01,7,purging,28,12394,2806,2796,8092,9764,2783,9162,15436,15328,13979,,
1471176,L-MAN,light,Arabika Manglayang Jawa Barat,B01,7,purging,29,12286,2805,2798,8092,9750,2782,9153,15410,15307,13960,,
1472177,L-MAN,light,Arabika Manglayang Jawa Barat,B01,7,purging,30,12185,2806,2795,8091,9737,2783,9143,15385,15287,13942,,
1473176,L-MAN,light,Arabika Manglayang Jawa Barat,B01,7,purging,31,12092,2806,2796,8090,9725,2782,9136,15362,15267,13928,,
1474177,L-MAN,light,Arabika Manglayang Jawa Barat,B01,7,purging,32,12005,2806,2796,8089,9714,2783,9130,15341,15250,13912,,
1475176,L-MAN,light,Arabika Manglayang Jawa Barat,B01,7,purging,33,11926,2807,2796,8088,9704,2783,9123,15320,15232,13898,,
1476176,L-MAN,light,Arabika Manglayang Jawa Barat,B01,7,purging,34,11853,2805,2799,8088,9695,2782,9118,15302,15216,13886,,
1477176,L-MAN,light,Arabika Manglayang Jawa Barat,B01,7,purging,35,11788,2812,2795,8087,9687,2782,9115,15285,15201,13876,,
1478176,L-MAN,light,Arabika Manglayang Jawa Barat,B01,7,purging,36,11729,2807,2796,8086,9681,2779,9112,15268,15188,13866,,
1479176,L-MAN,light,Arabika Manglayang Jawa Barat,B01,7,purging,37,11674,2805,2796,8085,9675,2779,9111,15253,15175,13857,,
1480176,L-MAN,light,Arabika Manglayang Jawa Barat,B01,7,purging,38,11625,2803,2795,8084,9670,2782,9111,15239,15164,13847,,
1481177,L-MAN,light,Arabika Manglayang Jawa Barat,B01,7,purging,39,11580,2806,2795,8083,9665,2782,9110,15225,15153,13838,,
1482176,L-MAN,light,Arabika Manglayang Jawa Barat,B01,7,purging,40,11540,2805,2795,8083,9660,2782,9109,15211,15143,13829,,
1483176,L-MAN,light,Arabika Manglayang Jawa Barat,B01,7,purging,41,11504,2806,2794,8082,9657,2782,9107,15199,15132,13823,,
1484176,L-MAN,light,Arabika Manglayang Jawa Barat,B01,7,purging,42,11472,2805,2801,8081,9655,2782,9109,15188,15125,13819,,
1485176,L-MAN,light,Arabika Manglayang Jawa Barat,B01,7,purging,43,11443,2808,2796,8080,9653,2782,9110,15177,15117,13811,,
1486176,L-MAN,light,Arabika Manglayang Jawa Barat,B01,7,purging,44,11416,2806,2799,8080,9650,2783,9109,15165,15110,13803,,
1487176,L-MAN,light,Arabika Manglayang Jawa Barat,B01,7,purging,45,11390,2804,2798,8079,9647,2783,9109,15155,15103,13799,,
1488177,L-MAN,light,Arabika Manglayang Jawa Barat,B01,7,purging,46,11367,2805,2795,8078,9647,2779,9111,15146,15097,13795,,
1489176,L-MAN,light,Arabika Manglayang Jawa Barat,B01,7,purging,47,11344,2805,2796,8078,9646,2782,9113,15137,15093,13790,,
1490177,L-MAN,light,Arabika Manglayang Jawa Barat,B01,7,purging,48,11323,2805,2796,8077,9644,2782,9114,15127,15087,13785,,
1491176,L-MAN,light,Arabika Manglayang Jawa Barat,B01,7,purging,49,11302,2805,2797,8076,9642,2782,9115,15118,15081,13780,,
1492176,L-MAN,light,Arabika Manglayang Jawa Barat,B01,7,purging,50,11283,2805,2795,8076,9641,2783,9117,15110,15076,13777,,
1493176,L-MAN,light,Arabika Manglayang Jawa Barat,B01,7,purging,51,11265,2805,2795,8075,9640,2783,9118,15101,15071,13773,,
1494176,L-MAN,light,Arabika Manglayang Jawa Barat,B01,7,purging,52,11248,2806,2801,8075,9639,2783,9119,15093,15066,13769,,
1495176,L-MAN,light,Arabika Manglayang Jawa Barat,B01,7,purging,53,11232,2807,2795,8074,9637,2783,9120,15084,15061,13763,,
1496176,L-MAN,light,Arabika Manglayang Jawa Barat,B01,7,purging,54,11217,2806,2797,8073,9636,2779,9121,15076,15057,13762,,
1497177,L-MAN,light,Arabika Manglayang Jawa Barat,B01,7,purging,55,11202,2806,2801,8073,9637,2782,9125,15071,15053,13763,,
1498176,L-MAN,light,Arabika Manglayang Jawa Barat,B01,7,purging,56,11188,2807,2800,8072,9638,2782,9128,15064,15050,13758,,
1499176,L-MAN,light,Arabika Manglayang Jawa Barat,B01,7,purging,57,11173,2805,2798,8072,9637,2782,9129,15056,15046,13753,,
1500176,L-MAN,light,Arabika Manglayang Jawa Barat,B01,7,purging,58,11160,2805,2795,8072,9635,2782,9130,15048,15042,13749,,
1501176,L-MAN,light,Arabika Manglayang Jawa Barat,B01,7,purging,59,11148,2804,2795,8071,9634,2782,9131,15041,15038,13746,,
1502176,L-MAN,light,Arabika Manglayang Jawa Barat,B01,7,purging,60,11136,2805,2794,8070,9633,2782,9132,15033,15035,13743,,
1503179,L-MAN,light,Arabika Manglayang Jawa Barat,B01,7,collecting,1,11125,2804,2796,8070,9632,2782,9132,15026,15031,13738,,
1504177,L-MAN,light,Arabika Manglayang Jawa Barat,B01,7,collecting,2,11115,2804,2799,8069,9630,2782,9131,15018,15027,13733,,
1505176,L-MAN,light,Arabika Manglayang Jawa Barat,B01,7,collecting,3,11105,2804,2796,8069,9627,2783,9129,15010,15022,13726,,
1506177,L-MAN,light,Arabika Manglayang Jawa Barat,B01,7,collecting,4,11095,2805,2797,8068,9623,2779,9125,15002,15017,13722,,
1507176,L-MAN,light,Arabika Manglayang Jawa Barat,B01,7,collecting,5,11086,2806,2796,8068,9619,2781,9122,14994,15011,13715,,
1508176,L-MAN,light,Arabika Manglayang Jawa Barat,B01,7,collecting,6,11076,2805,2796,8067,9614,2782,9119,14986,15005,13712,,
1509176,L-MAN,light,Arabika Manglayang Jawa Barat,B01,7,collecting,7,11083,2806,2795,8066,9623,2782,9137,14988,15001,13765,,
1510176,L-MAN,light,Arabika Manglayang Jawa Barat,B01,7,collecting,8,11161,2805,2796,8066,9664,2782,9197,15031,15019,13833,,
1511176,L-MAN,light,Arabika Manglayang Jawa Barat,B01,7,collecting,9,11257,2807,2799,8066,9715,2783,9260,15079,15053,13882,,
1512176,L-MAN,light,Arabika Manglayang Jawa Barat,B01,7,collecting,10,11352,2805,2796,8066,9764,2781,9316,15119,15090,13919,,
1513177,L-MAN,light,Arabika Manglayang Jawa Barat,B01,7,collecting,11,11473,2805,2795,8066,9814,2782,9370,15156,15131,13961,,
1514176,L-MAN,light,Arabika Manglayang Jawa Barat,B01,7,collecting,12,11648,2807,2796,8067,9864,2779,9424,15200,15178,14001,,
1515176,L-MAN,light,Arabika Manglayang Jawa Barat,B01,7,collecting,13,11867,2806,2796,8068,9910,2779,9466,15248,15230,14033,,
1516176,L-MAN,light,Arabika Manglayang Jawa Barat,B01,7,collecting,14,12134,2806,2801,8069,9958,2780,9504,15305,15285,14084,,
1517176,L-MAN,light,Arabika Manglayang Jawa Barat,B01,7,collecting,15,12445,2806,2799,8070,10007,2781,9546,15376,15350,14143,,
1518176,L-MAN,light,Arabika Manglayang Jawa Barat,B01,7,collecting,16,12743,2805,2795,8071,10051,2779,9582,15452,15417,14198,,
1519176,L-MAN,light,Arabika Manglayang Jawa Barat,B01,7,collecting,17,12998,2807,2796,8071,10088,2783,9612,15520,15482,14245,,
1520177,L-MAN,light,Arabika Manglayang Jawa Barat,B01,7,collecting,18,13198,2808,2797,8072,10120,2783,9632,15579,15539,14285,,
1521176,L-MAN,light,Arabika Manglayang Jawa Barat,B01,7,collecting,19,13348,2811,2794,8073,10144,2783,9646,15625,15587,14317,,
1522177,L-MAN,light,Arabika Manglayang Jawa Barat,B01,7,collecting,20,13454,2809,2797,8074,10163,2783,9651,15658,15626,14340,,
1523176,L-MAN,light,Arabika Manglayang Jawa Barat,B01,7,collecting,21,13523,2809,2801,8075,10175,2782,9651,15681,15656,14354,,
1524176,L-MAN,light,Arabika Manglayang Jawa Barat,B01,7,collecting,22,13564,2811,2796,8076,10181,2782,9645,15696,15678,14363,,
1525176,L-MAN,light,Arabika Manglayang Jawa Barat,B01,7,collecting,23,13587,2811,2796,8077,10184,2782,9636,15705,15694,14368,,
1526176,L-MAN,light,Arabika Manglayang Jawa Barat,B01,7,collecting,24,13597,2810,2796,8078,10183,2782,9625,15711,15705,14370,,
1527176,L-MAN,light,Arabika Manglayang Jawa Barat,B01,7,collecting,25,13600,2809,2797,8078,10179,2782,9614,15715,15713,14370,,
1528176,L-MAN,light,Arabika Manglayang Jawa Barat,B01,7,collecting,26,13596,2808,2797,8079,10173,2782,9601,15717,15717,14369,,
1529177,L-MAN,light,Arabika Manglayang Jawa Barat,B01,7,collecting,27,13590,2808,2796,8079,10167,2782,9590,15717,15718,14366,,
1530176,L-MAN,light,Arabika Manglayang Jawa Barat,B01,7,collecting,28,13580,2808,2798,8080,10160,2779,9577,15718,15719,14364,,
1531176,L-MAN,light,Arabika Manglayang Jawa Barat,B01,7,collecting,29,13570,2809,2795,8081,10153,2783,9564,15717,15719,14361,,
1532176,L-MAN,light,Arabika Manglayang Jawa Barat,B01,7,collecting,30,13561,2811,2795,8081,10146,2782,9552,15718,15717,14358,,
1533176,L-MAN,light,Arabika Manglayang Jawa Barat,B01,7,collecting,31,13550,2811,2795,8082,10140,2780,9541,15718,15715,14355,,
1534176,L-MAN,light,Arabika Manglayang Jawa Barat,B01,7,collecting,32,13539,2809,2796,8082,10134,2779,9531,15719,15713,14353,,
1535176,L-MAN,light,Arabika Manglayang Jawa Barat,B01,7,collecting,33,13529,2810,2794,8082,10128,2780,9522,15720,15710,14351,,
1536177,L-MAN,light,Arabika Manglayang Jawa Barat,B01,7,collecting,34,13520,2810,2796,8082,10122,2782,9513,15721,15707,14349,,
1537176,L-MAN,light,Arabika Manglayang Jawa Barat,B01,7,collecting,35,13511,2809,2797,8082,10117,2782,9504,15721,15705,14347,,
1538177,L-MAN,light,Arabika Manglayang Jawa Barat,B01,7,collecting,36,13501,2809,2795,8083,10113,2785,9497,15723,15702,14345,,
1539176,L-MAN,light,Arabika Manglayang Jawa Barat,B01,7,collecting,37,13492,2810,2794,8083,10109,2782,9490,15724,15700,14343,,
1540176,L-MAN,light,Arabika Manglayang Jawa Barat,B01,7,collecting,38,13483,2808,2794,8082,10106,2780,9485,15724,15697,14341,,
1541176,L-MAN,light,Arabika Manglayang Jawa Barat,B01,7,collecting,39,13475,2811,2792,8083,10102,2783,9479,15726,15695,14340,,
1542176,L-MAN,light,Arabika Manglayang Jawa Barat,B01,7,collecting,40,13467,2811,2794,8083,10099,2785,9473,15727,15692,14338,,
1543176,L-MAN,light,Arabika Manglayang Jawa Barat,B01,7,collecting,41,13460,2808,2794,8083,10096,2779,9469,15728,15690,14337,,
1544176,L-MAN,light,Arabika Manglayang Jawa Barat,B01,7,collecting,42,13454,2809,2797,8083,10093,2782,9463,15730,15688,14335,,
1545177,L-MAN,light,Arabika Manglayang Jawa Barat,B01,7,collecting,43,13448,2808,2796,8083,10090,2779,9460,15730,15687,14334,,
1546176,L-MAN,light,Arabika Manglayang Jawa Barat,B01,7,collecting,44,13444,2810,2794,8083,10089,2782,9457,15731,15685,14334,,
1547176,L-MAN,light,Arabika Manglayang Jawa Barat,B01,7,collecting,45,13438,2809,2795,8083,10088,2782,9454,15733,15684,14334,,
1548176,L-MAN,light,Arabika Manglayang Jawa Barat,B01,7,collecting,46,13434,2808,2798,8082,10087,2779,9451,15735,15683,14335,,
1549176,L-MAN,light,Arabika Manglayang Jawa Barat,B01,7,collecting,47,13430,2808,2797,8082,10087,2782,9451,15737,15683,14336,,
1550176,L-MAN,light,Arabika Manglayang Jawa Barat,B01,7,collecting,48,13427,2809,2801,8082,10087,2781,9451,15739,15683,14337,,
1551176,L-MAN,light,Arabika Manglayang Jawa Barat,B01,7,collecting,49,13424,2812,2796,8082,10088,2779,9450,15741,15684,14338,,
1552177,L-MAN,light,Arabika Manglayang Jawa Barat,B01,7,collecting,50,13421,2808,2796,8082,10090,2782,9450,15744,15685,14340,,
1553176,L-MAN,light,Arabika Manglayang Jawa Barat,B01,7,collecting,51,13418,2809,2795,8082,10092,2782,9449,15746,15686,14342,,
1554177,L-MAN,light,Arabika Manglayang Jawa Barat,B01,7,collecting,52,13415,2809,2795,8082,10093,2782,9450,15748,15687,14343,,
1555176,L-MAN,light,Arabika Manglayang Jawa Barat,B01,7,collecting,53,13412,2811,2795,8083,10096,2782,9451,15751,15689,14346,,
1556176,L-MAN,light,Arabika Manglayang Jawa Barat,B01,7,collecting,54,13409,2807,2795,8083,10098,2782,9453,15753,15691,14348,,
1557176,L-MAN,light,Arabika Manglayang Jawa Barat,B01,7,collecting,55,13407,2814,2797,8082,10101,2779,9453,15755,15693,14351,,
1558176,L-MAN,light,Arabika Manglayang Jawa Barat,B01,7,collecting,56,13404,2812,2796,8082,10103,2783,9457,15757,15695,14353,,
1559176,L-MAN,light,Arabika Manglayang Jawa Barat,B01,7,collecting,57,13402,2809,2799,8082,10106,2782,9459,15759,15698,14355,,
1560176,L-MAN,light,Arabika Manglayang Jawa Barat,B01,7,collecting,58,13401,2811,2795,8082,10109,2783,9461,15761,15701,14358,,
1561177,L-MAN,light,Arabika Manglayang Jawa Barat,B01,7,collecting,59,13399,2807,2795,8082,10112,2782,9463,15762,15703,14360,,
1562176,L-MAN,light,Arabika Manglayang Jawa Barat,B01,7,collecting,60,13396,2811,2796,8082,10115,2782,9465,15765,15706,14362,,
1563176,L-MAN,light,Arabika Manglayang Jawa Barat,B01,7,collecting,61,13394,2810,2795,8083,10118,2783,9466,15766,15709,14365,,
1564176,L-MAN,light,Arabika Manglayang Jawa Barat,B01,7,collecting,62,13391,2811,2795,8083,10121,2780,9467,15767,15712,14366,,
1565176,L-MAN,light,Arabika Manglayang Jawa Barat,B01,7,collecting,63,13387,2808,2799,8082,10124,2779,9468,15770,15715,14368,,
1566176,L-MAN,light,Arabika Manglayang Jawa Barat,B01,7,collecting,64,13383,2811,2795,8082,10126,2779,9469,15771,15718,14370,,
1567176,L-MAN,light,Arabika Manglayang Jawa Barat,B01,7,collecting,65,13381,2809,2795,8082,10128,2782,9471,15772,15720,14371,,
1568177,L-MAN,light,Arabika Manglayang Jawa Barat,B01,7,collecting,66,13378,2810,2799,8082,10130,2782,9473,15773,15722,14373,,
1569176,L-MAN,light,Arabika Manglayang Jawa Barat,B01,7,collecting,67,13377,2809,2798,8082,10133,2782,9474,15774,15725,14375,,
1570177,L-MAN,light,Arabika Manglayang Jawa Barat,B01,7,collecting,68,13376,2811,2795,8082,10134,2779,9475,15776,15728,14377,,
1571176,L-MAN,light,Arabika Manglayang Jawa Barat,B01,7,collecting,69,13376,2808,2795,8082,10137,2782,9477,15778,15730,14379,,
1572176,L-MAN,light,Arabika Manglayang Jawa Barat,B01,7,collecting,70,13376,2812,2795,8082,10139,2782,9478,15780,15733,14381,,
1573176,L-MAN,light,Arabika Manglayang Jawa Barat,B01,7,collecting,71,13376,2811,2795,8082,10141,2779,9479,15782,15736,14383,,
1574176,L-MAN,light,Arabika Manglayang Jawa Barat,B01,7,collecting,72,13377,2812,2795,8082,10143,2780,9480,15784,15738,14386,,
1575176,L-MAN,light,Arabika Manglayang Jawa Barat,B01,7,collecting,73,13379,2811,2797,8082,10145,2782,9482,15787,15741,14388,,
1576176,L-MAN,light,Arabika Manglayang Jawa Barat,B01,7,collecting,74,13382,2809,2796,8082,10148,2782,9484,15789,15744,14391,,
1577177,L-MAN,light,Arabika Manglayang Jawa Barat,B01,7,collecting,75,13386,2809,2796,8081,10151,2783,9486,15792,15747,14394,,
1578176,L-MAN,light,Arabika Manglayang Jawa Barat,B01,7,collecting,76,13391,2810,2795,8082,10154,2780,9488,15795,15751,14396,,
1579176,L-MAN,light,Arabika Manglayang Jawa Barat,B01,7,collecting,77,13399,2810,2797,8082,10157,2782,9490,15798,15755,14400,,
1580176,L-MAN,light,Arabika Manglayang Jawa Barat,B01,7,collecting,78,13408,2810,2796,8082,10160,2783,9493,15802,15759,14403,,
1581176,L-MAN,light,Arabika Manglayang Jawa Barat,B01,7,collecting,79,13418,2808,2797,8082,10163,2782,9495,15806,15763,14406,,
1582176,L-MAN,light,Arabika Manglayang Jawa Barat,B01,7,collecting,80,13429,2809,2796,8082,10166,2779,9497,15810,15767,14410,,
1583176,L-MAN,light,Arabika Manglayang Jawa Barat,B01,7,collecting,81,13439,2808,2796,8082,10169,2779,9498,15815,15772,14414,,
1584177,L-MAN,light,Arabika Manglayang Jawa Barat,B01,7,collecting,82,13449,2810,2797,8082,10172,2782,9500,15818,15776,14417,,
1585176,L-MAN,light,Arabika Manglayang Jawa Barat,B01,7,collecting,83,13458,2809,2795,8081,10175,2785,9501,15822,15780,14420,,
1586177,L-MAN,light,Arabika Manglayang Jawa Barat,B01,7,collecting,84,13467,2812,2796,8082,10178,2782,9502,15827,15785,14424,,
1587176,L-MAN,light,Arabika Manglayang Jawa Barat,B01,7,collecting,85,13474,2811,2796,8081,10180,2779,9503,15830,15789,14427,,
1588176,L-MAN,light,Arabika Manglayang Jawa Barat,B01,7,collecting,86,13481,2812,2797,8081,10183,2780,9503,15834,15792,14429,,
1589176,L-MAN,light,Arabika Manglayang Jawa Barat,B01,7,collecting,87,13488,2811,2795,8081,10185,2783,9505,15837,15796,14432,,
1590176,L-MAN,light,Arabika Manglayang Jawa Barat,B01,7,collecting,88,13492,2811,2796,8081,10189,2782,9508,15841,15799,14440,,
1591176,L-MAN,light,Arabika Manglayang Jawa Barat,B01,7,collecting,89,13495,2810,2799,8081,10196,2780,9513,15847,15805,14450,,
1592176,L-MAN,light,Arabika Manglayang Jawa Barat,B01,7,collecting,90,13495,2809,2797,8081,10206,2783,9522,15853,15811,14461,,
1593177,L-MAN,light,Arabika Manglayang Jawa Barat,B01,7,collecting,91,13488,2811,2795,8081,10215,2782,9532,15858,15817,14471,,
1594176,L-MAN,light,Arabika Manglayang Jawa Barat,B01,7,collecting,92,13476,2812,2799,8082,10225,2779,9542,15861,15824,14477,,
1595176,L-MAN,light,Arabika Manglayang Jawa Barat,B01,7,collecting,93,13462,2810,2796,8082,10232,2782,9550,15862,15829,14481,,
1596176,L-MAN,light,Arabika Manglayang Jawa Barat,B01,7,collecting,94,13448,2812,2797,8082,10239,2782,9556,15862,15834,14484,,
1597176,L-MAN,light,Arabika Manglayang Jawa Barat,B01,7,collecting,95,13435,2811,2797,8082,10244,2780,9562,15861,15838,14487,,
1598176,L-MAN,light,Arabika Manglayang Jawa Barat,B01,7,collecting,96,13423,2813,2795,8083,10249,2782,9566,15861,15842,14489,,
1599176,L-MAN,light,Arabika Manglayang Jawa Barat,B01,7,collecting,97,13413,2809,2795,8084,10253,2779,9568,15859,15845,14490,,
1600177,L-MAN,light,Arabika Manglayang Jawa Barat,B01,7,collecting,98,13404,2811,2799,8084,10256,2782,9569,15858,15849,14491,,
1601176,L-MAN,light,Arabika Manglayang Jawa Barat,B01,7,collecting,99,13398,2809,2797,8085,10258,2782,9572,15858,15852,14493,,
1602177,L-MAN,light,Arabika Manglayang Jawa Barat,B01,7,collecting,100,13394,2812,2796,8086,10261,2782,9575,15858,15855,14495,,
1603176,L-MAN,light,Arabika Manglayang Jawa Barat,B01,7,collecting,101,13391,2812,2795,8086,10265,2783,9577,15859,15859,14498,,
1604176,L-MAN,light,Arabika Manglayang Jawa Barat,B01,7,collecting,102,13390,2812,2796,8087,10269,2779,9579,15861,15863,14501,,
1605176,L-MAN,light,Arabika Manglayang Jawa Barat,B01,7,collecting,103,13390,2811,2797,8088,10272,2782,9582,15862,15867,14504,,
1606176,L-MAN,light,Arabika Manglayang Jawa Barat,B01,7,collecting,104,13390,2809,2796,8088,10275,2779,9582,15862,15871,14506,,
1607176,L-MAN,light,Arabika Manglayang Jawa Barat,B01,7,collecting,105,13391,2811,2797,8089,10277,2781,9583,15863,15875,14508,,
1608176,L-MAN,light,Arabika Manglayang Jawa Barat,B01,7,collecting,106,13391,2815,2799,8089,10280,2780,9584,15864,15878,14509,,
1609177,L-MAN,light,Arabika Manglayang Jawa Barat,B01,7,collecting,107,13390,2807,2796,8090,10280,2782,9585,15865,15881,14510,,
1610176,L-MAN,light,Arabika Manglayang Jawa Barat,B01,7,collecting,108,13391,2811,2796,8090,10281,2782,9586,15865,15883,14510,,
1611176,L-MAN,light,Arabika Manglayang Jawa Barat,B01,7,collecting,109,13391,2809,2797,8090,10281,2780,9584,15864,15885,14510,,
1612176,L-MAN,light,Arabika Manglayang Jawa Barat,B01,7,collecting,110,13390,2809,2796,8091,10282,2783,9583,15864,15886,14512,,
1613176,L-MAN,light,Arabika Manglayang Jawa Barat,B01,7,collecting,111,13387,2811,2795,8092,10283,2782,9582,15864,15888,14514,,
1614176,L-MAN,light,Arabika Manglayang Jawa Barat,B01,7,collecting,112,13382,2811,2796,8092,10284,2779,9582,15864,15890,14516,,
1615176,L-MAN,light,Arabika Manglayang Jawa Barat,B01,7,collecting,113,13378,2813,2796,8092,10285,2783,9582,15864,15892,14517,,
1616177,L-MAN,light,Arabika Manglayang Jawa Barat,B01,7,collecting,114,13374,2811,2797,8092,10287,2779,9582,15864,15893,14519,,
1617176,L-MAN,light,Arabika Manglayang Jawa Barat,B01,7,collecting,115,13371,2812,2798,8092,10289,2780,9582,15864,15895,14520,,
1618177,L-MAN,light,Arabika Manglayang Jawa Barat,B01,7,collecting,116,13369,2811,2795,8093,10290,2779,9584,15865,15896,14521,,
1619176,L-MAN,light,Arabika Manglayang Jawa Barat,B01,7,collecting,117,13366,2811,2798,8093,10291,2779,9584,15864,15897,14521,,
1620176,L-MAN,light,Arabika Manglayang Jawa Barat,B01,7,collecting,118,13363,2809,2795,8093,10291,2783,9583,15863,15899,14521,,
1621176,L-MAN,light,Arabika Manglayang Jawa Barat,B01,7,collecting,119,13359,2811,2795,8093,10291,2779,9582,15863,15899,14521,,
1622176,L-MAN,light,Arabika Manglayang Jawa Barat,B01,7,collecting,120,13356,2811,2798,8093,10290,2779,9581,15862,15900,14520,,
1623176,L-MAN,light,Arabika Manglayang Jawa Barat,B01,7,collecting,121,13352,2811,2795,8093,10289,2783,9580,15861,15899,14519,,
1624176,L-MAN,light,Arabika Manglayang Jawa Barat,B01,7,collecting,122,13348,2810,2796,8094,10288,2785,9577,15860,15899,14518,,
1625177,L-MAN,light,Arabika Manglayang Jawa Barat,B01,7,collecting,123,13344,2810,2795,8094,10286,2780,9575,15858,15898,14516,,
1626176,L-MAN,light,Arabika Manglayang Jawa Barat,B01,7,collecting,124,13341,2811,2797,8094,10283,2783,9573,15856,15897,14514,,
1627176,L-MAN,light,Arabika Manglayang Jawa Barat,B01,7,collecting,125,13337,2815,2798,8094,10281,2779,9570,15855,15895,14513,,
1628176,L-MAN,light,Arabika Manglayang Jawa Barat,B01,7,collecting,126,13334,2810,2795,8094,10278,2779,9566,15854,15894,14510,,
1629176,L-MAN,light,Arabika Manglayang Jawa Barat,B01,7,collecting,127,13332,2808,2799,8094,10276,2779,9564,15852,15892,14509,,
1630176,L-MAN,light,Arabika Manglayang Jawa Barat,B01,7,collecting,128,13328,2811,2796,8094,10273,2782,9562,15851,15891,14507,,
1631176,L-MAN,light,Arabika Manglayang Jawa Barat,B01,7,collecting,129,13326,2810,2797,8094,10271,2780,9559,15850,15888,14505,,
1632177,L-MAN,light,Arabika Manglayang Jawa Barat,B01,7,collecting,130,13322,2812,2797,8094,10268,2783,9557,15849,15887,14504,,
1633176,L-MAN,light,Arabika Manglayang Jawa Barat,B01,7,collecting,131,13320,2811,2796,8094,10266,2782,9554,15847,15884,14503,,
1634177,L-MAN,light,Arabika Manglayang Jawa Barat,B01,7,collecting,132,13319,2809,2795,8094,10265,2782,9552,15846,15882,14502,,
1635176,L-MAN,light,Arabika Manglayang Jawa Barat,B01,7,collecting,133,13317,2811,2796,8094,10263,2782,9550,15845,15881,14501,,
1636176,L-MAN,light,Arabika Manglayang Jawa Barat,B01,7,collecting,134,13315,2812,2798,8094,10262,2782,9548,15844,15880,14499,,
1637176,L-MAN,light,Arabika Manglayang Jawa Barat,B01,7,collecting,135,13312,2809,2799,8094,10261,2783,9547,15843,15878,14499,,
1638176,L-MAN,light,Arabika Manglayang Jawa Barat,B01,7,collecting,136,13308,2808,2795,8093,10260,2779,9546,15843,15878,14499,,
1639176,L-MAN,light,Arabika Manglayang Jawa Barat,B01,7,collecting,137,13304,2811,2795,8094,10261,2780,9546,15842,15877,14499,,
1640176,L-MAN,light,Arabika Manglayang Jawa Barat,B01,7,collecting,138,13301,2812,2796,8093,10262,2783,9546,15842,15877,14501,,
1641177,L-MAN,light,Arabika Manglayang Jawa Barat,B01,7,collecting,139,13297,2808,2795,8094,10264,2780,9549,15842,15877,14502,,
1642176,L-MAN,light,Arabika Manglayang Jawa Barat,B01,7,collecting,140,13293,2809,2797,8094,10266,2779,9551,15841,15878,14503,,
1643176,L-MAN,light,Arabika Manglayang Jawa Barat,B01,7,collecting,141,13288,2810,2795,8094,10268,2782,9552,15841,15880,14504,,
1644176,L-MAN,light,Arabika Manglayang Jawa Barat,B01,7,collecting,142,13283,2809,2798,8094,10270,2780,9555,15840,15881,14505,,
1645176,L-MAN,light,Arabika Manglayang Jawa Barat,B01,7,collecting,143,13276,2812,2798,8094,10272,2779,9556,15840,15882,14506,,
1646176,L-MAN,light,Arabika Manglayang Jawa Barat,B01,7,collecting,144,13269,2809,2796,8095,10274,2779,9559,15838,15883,14507,,
1647176,L-MAN,light,Arabika Manglayang Jawa Barat,B01,7,collecting,145,13259,2809,2799,8095,10276,2779,9560,15837,15884,14507,,
1648177,L-MAN,light,Arabika Manglayang Jawa Barat,B01,7,collecting,146,13248,2808,2797,8095,10277,2782,9562,15835,15884,14506,,
1649176,L-MAN,light,Arabika Manglayang Jawa Barat,B01,7,collecting,147,13237,2808,2795,8095,10277,2780,9562,15833,15884,14505,,
1650177,L-MAN,light,Arabika Manglayang Jawa Barat,B01,7,collecting,148,13225,2811,2795,8096,10277,2782,9562,15830,15884,14504,,
1651176,L-MAN,light,Arabika Manglayang Jawa Barat,B01,7,collecting,149,13213,2811,2798,8096,10277,2779,9562,15827,15883,14502,,
1652176,L-MAN,light,Arabika Manglayang Jawa Barat,B01,7,collecting,150,13201,2809,2796,8097,10276,2779,9559,15824,15882,14500,,
1653176,L-MAN,light,Arabika Manglayang Jawa Barat,B01,7,collecting,151,13190,2811,2795,8097,10275,2779,9558,15820,15881,14499,,
1654176,L-MAN,light,Arabika Manglayang Jawa Barat,B01,7,collecting,152,13179,2807,2795,8097,10274,2780,9558,15816,15879,14496,,
1655176,L-MAN,light,Arabika Manglayang Jawa Barat,B01,7,collecting,153,13168,2809,2797,8097,10272,2780,9555,15813,15877,14494,,
1656176,L-MAN,light,Arabika Manglayang Jawa Barat,B01,7,collecting,154,13158,2811,2798,8097,10270,2782,9554,15810,15876,14492,,
1657177,L-MAN,light,Arabika Manglayang Jawa Barat,B01,7,collecting,155,13148,2809,2798,8097,10268,2780,9551,15807,15873,14490,,
1658176,L-MAN,light,Arabika Manglayang Jawa Barat,B01,7,collecting,156,13141,2808,2798,8097,10266,2783,9550,15804,15871,14489,,
1659176,L-MAN,light,Arabika Manglayang Jawa Barat,B01,7,collecting,157,13135,2809,2796,8098,10265,2782,9549,15801,15869,14488,,
1660176,L-MAN,light,Arabika Manglayang Jawa Barat,B01,7,collecting,158,13128,2808,2801,8098,10264,2782,9548,15799,15868,14487,,
1661176,L-MAN,light,Arabika Manglayang Jawa Barat,B01,7,collecting,159,13122,2807,2795,8098,10263,2781,9547,15797,15866,14486,,
1662176,L-MAN,light,Arabika Manglayang Jawa Barat,B01,7,collecting,160,13116,2807,2794,8098,10263,2779,9547,15796,15865,14485,,
1663176,L-MAN,light,Arabika Manglayang Jawa Barat,B01,7,collecting,161,13107,2809,2800,8098,10262,2779,9546,15793,15863,14484,,
1664177,L-MAN,light,Arabika Manglayang Jawa Barat,B01,7,collecting,162,13096,2809,2795,8098,10260,2780,9546,15790,15861,14482,,
1665176,L-MAN,light,Arabika Manglayang Jawa Barat,B01,7,collecting,163,13079,2808,2795,8098,10258,2779,9543,15785,15858,14478,,
1666177,L-MAN,light,Arabika Manglayang Jawa Barat,B01,7,collecting,164,13059,2809,2796,8098,10255,2783,9540,15779,15854,14474,,
1667176,L-MAN,light,Arabika Manglayang Jawa Barat,B01,7,collecting,165,13036,2811,2795,8098,10251,2780,9537,15772,15850,14469,,
1668176,L-MAN,light,Arabika Manglayang Jawa Barat,B01,7,collecting,166,13011,2812,2797,8099,10247,2779,9535,15765,15844,14464,,
1669176,L-MAN,light,Arabika Manglayang Jawa Barat,B01,7,collecting,167,12987,2808,2797,8098,10243,2779,9532,15757,15838,14459,,
1670176,L-MAN,light,Arabika Manglayang Jawa Barat,B01,7,collecting,168,12963,2808,2801,8099,10240,2783,9529,15750,15833,14453,,
1671176,L-MAN,light,Arabika Manglayang Jawa Barat,B01,7,collecting,169,12943,2808,2797,8099,10236,2783,9527,15743,15828,14449,,
1672176,L-MAN,light,Arabika Manglayang Jawa Barat,B01,7,collecting,170,12925,2809,2798,8100,10233,2779,9524,15737,15823,14445,,
1673177,L-MAN,light,Arabika Manglayang Jawa Barat,B01,7,collecting,171,12909,2808,2793,8100,10230,2781,9521,15732,15819,14443,,
1674176,L-MAN,light,Arabika Manglayang Jawa Barat,B01,7,collecting,172,12898,2808,2797,8100,10228,2780,9521,15728,15816,14440,,
1675176,L-MAN,light,Arabika Manglayang Jawa Barat,B01,7,collecting,173,12889,2811,2795,8100,10228,2779,9521,15725,15813,14439,,
1676176,L-MAN,light,Arabika Manglayang Jawa Barat,B01,7,collecting,174,12883,2808,2797,8100,10228,2779,9522,15723,15811,14439,,
1677176,L-MAN,light,Arabika Manglayang Jawa Barat,B01,7,collecting,175,12879,2811,2795,8101,10230,2780,9525,15721,15810,14442,,
1678176,L-MAN,light,Arabika Manglayang Jawa Barat,B01,7,collecting,176,12875,2809,2799,8101,10234,2779,9529,15720,15811,14443,,
1679176,L-MAN,light,Arabika Manglayang Jawa Barat,B01,7,collecting,177,12871,2809,2797,8101,10237,2781,9532,15720,15812,14444,,
1680177,L-MAN,light,Arabika Manglayang Jawa Barat,B01,7,collecting,178,12867,2809,2796,8102,10238,2779,9534,15719,15812,14444,,
1681176,L-MAN,light,Arabika Manglayang Jawa Barat,B01,7,collecting,179,12864,2809,2794,8102,10239,2779,9535,15717,15813,14443,,
1682177,L-MAN,light,Arabika Manglayang Jawa Barat,B01,7,collecting,180,12862,2807,2798,8101,10238,2780,9536,15715,15812,14441,,
1683179,L-MAN,light,Arabika Manglayang Jawa Barat,B01,8,purging,1,12861,2808,2795,8102,10237,2779,9534,15713,15811,14439,,
1684176,L-MAN,light,Arabika Manglayang Jawa Barat,B01,8,purging,2,12861,2807,2799,8102,10235,2782,9534,15710,15810,14437,,
1685176,L-MAN,light,Arabika Manglayang Jawa Barat,B01,8,purging,3,12860,2809,2795,8102,10233,2779,9536,15709,15809,14446,,
1686176,L-MAN,light,Arabika Manglayang Jawa Barat,B01,8,purging,4,12832,2811,2798,8102,10230,2779,9533,15705,15806,14433,,
1687176,L-MAN,light,Arabika Manglayang Jawa Barat,B01,8,purging,5,12773,2810,2798,8102,10218,2779,9519,15688,15797,14416,,
1688175,L-MAN,light,Arabika Manglayang Jawa Barat,B01,8,purging,6,12688,2807,2795,8101,10205,2779,9505,15663,15782,14404,,
1689177,L-MAN,light,Arabika Manglayang Jawa Barat,B01,8,purging,7,12587,2808,2797,8101,10200,2779,9501,15642,15768,14408,,
1690176,L-MAN,light,Arabika Manglayang Jawa Barat,B01,8,purging,8,12477,2809,2795,8101,10203,2782,9507,15625,15759,14404,,
1691176,L-MAN,light,Arabika Manglayang Jawa Barat,B01,8,purging,9,12366,2810,2795,8102,10201,2779,9509,15605,15750,14390,,
1692176,L-MAN,light,Arabika Manglayang Jawa Barat,B01,8,purging,10,12257,2811,2798,8102,10194,2780,9506,15581,15738,14371,,
1693176,L-MAN,light,Arabika Manglayang Jawa Barat,B01,8,purging,11,12153,2808,2795,8102,10182,2779,9495,15554,15721,14349,,
1694176,L-MAN,light,Arabika Manglayang Jawa Barat,B01,8,purging,12,12056,2808,2795,8101,10166,2779,9481,15527,15702,14330,,
1695176,L-MAN,light,Arabika Manglayang Jawa Barat,B01,8,purging,13,11965,2807,2797,8101,10151,2779,9471,15502,15683,14316,,
1696177,L-MAN,light,Arabika Manglayang Jawa Barat,B01,8,purging,14,11879,2807,2796,8101,10139,2782,9465,15481,15665,14303,,
1697176,L-MAN,light,Arabika Manglayang Jawa Barat,B01,8,purging,15,11801,2806,2798,8100,10129,2782,9458,15461,15649,14293,,
1698177,L-MAN,light,Arabika Manglayang Jawa Barat,B01,8,purging,16,11728,2809,2798,8099,10122,2779,9457,15445,15634,14292,,
1699176,L-MAN,light,Arabika Manglayang Jawa Barat,B01,8,purging,17,11659,2808,2796,8099,10117,2779,9459,15431,15622,14281,,
1700176,L-MAN,light,Arabika Manglayang Jawa Barat,B01,8,purging,18,11598,2805,2795,8098,10112,2780,9458,15414,15611,14271,,
1701176,L-MAN,light,Arabika Manglayang Jawa Barat,B01,8,purging,19,11542,2806,2796,8098,10107,2779,9456,15398,15599,14259,,
1702176,L-MAN,light,Arabika Manglayang Jawa Barat,B01,8,purging,20,11493,2808,2796,8098,10101,2779,9453,15381,15588,14246,,
1703176,L-MAN,light,Arabika Manglayang Jawa Barat,B01,8,purging,21,11449,2806,2797,8098,10093,2782,9447,15363,15577,14232,,
1704176,L-MAN,light,Arabika Manglayang Jawa Barat,B01,8,purging,22,11410,2807,2795,8097,10084,2779,9441,15347,15565,14221,,
1705177,L-MAN,light,Arabika Manglayang Jawa Barat,B01,8,purging,23,11374,2807,2796,8097,10078,2780,9437,15332,15554,14218,,
1706176,L-MAN,light,Arabika Manglayang Jawa Barat,B01,8,purging,24,11340,2808,2799,8097,10073,2782,9437,15320,15544,14211,,
1707176,L-MAN,light,Arabika Manglayang Jawa Barat,B01,8,purging,25,11308,2806,2798,8096,10068,2779,9436,15308,15536,14203,,
1708176,L-MAN,light,Arabika Manglayang Jawa Barat,B01,8,purging,26,11279,2807,2798,8096,10065,2779,9435,15295,15527,14195,,
1709176,L-MAN,light,Arabika Manglayang Jawa Barat,B01,8,purging,27,11253,2806,2796,8096,10060,2782,9433,15283,15520,14186,,
1710176,L-MAN,light,Arabika Manglayang Jawa Barat,B01,8,purging,28,11229,2805,2796,8096,10055,2782,9430,15269,15511,14177,,
1711176,L-MAN,light,Arabika Manglayang Jawa Barat,B01,8,purging,29,11208,2809,2801,8095,10054,2779,9431,15259,15504,14182,,
1712177,L-MAN,light,Arabika Manglayang Jawa Barat,B01,8,purging,30,11189,2810,2795,8096,10057,2779,9437,15252,15502,14176,,
1713176,L-MAN,light,Arabika Manglayang Jawa Barat,B01,8,purging,31,11170,2806,2795,8096,10056,2779,9436,15243,15497,14167,,
1714177,L-MAN,light,Arabika Manglayang Jawa Barat,B01,8,purging,32,11153,2808,2797,8096,10054,2779,9435,15232,15492,14164,,
1715176,L-MAN,light,Arabika Manglayang Jawa Barat,B01,8,purging,33,11136,2806,2798,8096,10055,2782,9438,15225,15488,14164,,
1716176,L-MAN,light,Arabika Manglayang Jawa Barat,B01,8,purging,34,11120,2806,2797,8096,10054,2779,9440,15217,15485,14156,,
1717176,L-MAN,light,Arabika Manglayang Jawa Barat,B01,8,purging,35,11105,2808,2798,8096,10051,2779,9438,15206,15480,14149,,
1718176,L-MAN,light,Arabika Manglayang Jawa Barat,B01,8,purging,36,11091,2807,2795,8096,10049,2779,9436,15197,15474,14146,,
1719176,L-MAN,light,Arabika Manglayang Jawa Barat,B01,8,purging,37,11078,2809,2795,8097,10047,2779,9436,15189,15469,14143,,
1720176,L-MAN,light,Arabika Manglayang Jawa Barat,B01,8,purging,38,11065,2804,2798,8097,10045,2780,9437,15181,15466,14136,,
1721177,L-MAN,light,Arabika Manglayang Jawa Barat,B01,8,purging,39,11053,2805,2795,8097,10041,2780,9434,15171,15460,14128,,
1722176,L-MAN,light,Arabika Manglayang Jawa Barat,B01,8,purging,40,11043,2809,2797,8097,10036,2780,9429,15161,15454,14121,,
1723176,L-MAN,light,Arabika Manglayang Jawa Barat,B01,8,purging,41,11031,2805,2798,8097,10030,2779,9424,15151,15448,14115,,
1724176,L-MAN,light,Arabika Manglayang Jawa Barat,B01,8,purging,42,11021,2805,2796,8097,10025,2779,9420,15142,15441,14109,,
1725176,L-MAN,light,Arabika Manglayang Jawa Barat,B01,8,purging,43,11011,2808,2796,8097,10021,2779,9418,15133,15435,14105,,
1726176,L-MAN,light,Arabika Manglayang Jawa Barat,B01,8,purging,44,11002,2805,2795,8097,10018,2782,9416,15126,15429,14102,,
1727176,L-MAN,light,Arabika Manglayang Jawa Barat,B01,8,purging,45,10992,2808,2801,8097,10018,2779,9417,15120,15426,14101,,
1728177,L-MAN,light,Arabika Manglayang Jawa Barat,B01,8,purging,46,10982,2807,2795,8097,10017,2780,9417,15114,15423,14098,,
1729176,L-MAN,light,Arabika Manglayang Jawa Barat,B01,8,purging,47,10972,2807,2796,8097,10016,2782,9418,15108,15420,14095,,
1730177,L-MAN,light,Arabika Manglayang Jawa Barat,B01,8,purging,48,10963,2807,2797,8097,10014,2780,9418,15101,15416,14092,,
1731176,L-MAN,light,Arabika Manglayang Jawa Barat,B01,8,purging,49,10955,2805,2796,8097,10013,2780,9417,15094,15411,14088,,
1732176,L-MAN,light,Arabika Manglayang Jawa Barat,B01,8,purging,50,10946,2808,2795,8097,10010,2779,9416,15088,15408,14084,,
1733176,L-MAN,light,Arabika Manglayang Jawa Barat,B01,8,purging,51,10939,2807,2797,8097,10008,2779,9415,15081,15403,14081,,
1734176,L-MAN,light,Arabika Manglayang Jawa Barat,B01,8,purging,52,10931,2806,2795,8097,10006,2779,9414,15075,15399,14077,,
1735176,L-MAN,light,Arabika Manglayang Jawa Barat,B01,8,purging,53,10923,2807,2795,8096,10003,2779,9412,15069,15394,14073,,
1736176,L-MAN,light,Arabika Manglayang Jawa Barat,B01,8,purging,54,10916,2805,2801,8096,10001,2780,9413,15063,15390,14075,,
1737177,L-MAN,light,Arabika Manglayang Jawa Barat,B01,8,purging,55,10907,2806,2798,8096,9999,2782,9414,15059,15386,14071,,
1738176,L-MAN,light,Arabika Manglayang Jawa Barat,B01,8,purging,56,10899,2807,2799,8096,9997,2785,9414,15053,15382,14066,,
1739176,L-MAN,light,Arabika Manglayang Jawa Barat,B01,8,purging,57,10892,2806,2795,8096,9993,2782,9412,15046,15376,14061,,
1740176,L-MAN,light,Arabika Manglayang Jawa Barat,B01,8,purging,58,10884,2807,2797,8095,9989,2779,9410,15039,15370,14063,,
1741176,L-MAN,light,Arabika Manglayang Jawa Barat,B01,8,purging,59,10875,2808,2796,8095,9995,2779,9421,15042,15367,14086,,
1742176,L-MAN,light,Arabika Manglayang Jawa Barat,B01,8,purging,60,10864,2808,2797,8095,10003,2779,9436,15047,15369,14084,,
1743179,L-MAN,light,Arabika Manglayang Jawa Barat,B01,8,collecting,1,10853,2808,2797,8095,10008,2782,9442,15043,15369,14078,,
1744177,L-MAN,light,Arabika Manglayang Jawa Barat,B01,8,collecting,2,10845,2807,2797,8095,10007,2780,9443,15035,15366,14069,,
1745176,L-MAN,light,Arabika Manglayang Jawa Barat,B01,8,collecting,3,10838,2805,2794,8096,10013,2782,9450,15029,15363,14118,,
1746177,L-MAN,light,Arabika Manglayang Jawa Barat,B01,8,collecting,4,10872,2806,2796,8096,10046,2780,9501,15061,15376,14159,,
1747176,L-MAN,light,Arabika Manglayang Jawa Barat,B01,8,collecting,5,11055,2808,2801,8095,10100,2779,9567,15113,15409,14209,,
1748176,L-MAN,light,Arabika Manglayang Jawa Barat,B01,8,collecting,6,11359,2809,2798,8097,10162,2779,9631,15184,15462,14265,,
1749176,L-MAN,light,Arabika Manglayang Jawa Barat,B01,8,collecting,7,11747,2807,2795,8098,10227,2782,9696,15269,15528,14330,,
1750176,L-MAN,light,Arabika Manglayang Jawa Barat,B01,8,collecting,8,12162,2808,2797,8099,10288,2783,9753,15362,15605,14399,,
1751176,L-MAN,light,Arabika Manglayang Jawa Barat,B01,8,collecting,9,12549,2809,2799,8100,10344,2783,9800,15456,15682,14465,,
1752176,L-MAN,light,Arabika Manglayang Jawa Barat,B01,8,collecting,10,12865,2808,2796,8101,10390,2783,9835,15540,15756,14521,,
1753177,L-MAN,light,Arabika Manglayang Jawa Barat,B01,8,collecting,11,13101,2811,2795,8102,10426,2780,9858,15607,15820,14564,,
1754176,L-MAN,light,Arabika Manglayang Jawa Barat,B01,8,collecting,12,13265,2812,2797,8103,10450,2780,9869,15655,15870,14593,,
1755176,L-MAN,light,Arabika Manglayang Jawa Barat,B01,8,collecting,13,13371,2810,2797,8104,10465,2783,9868,15687,15908,14610,,
1756176,L-MAN,light,Arabika Manglayang Jawa Barat,B01,8,collecting,14,13431,2808,2796,8105,10471,2783,9862,15705,15934,14619,,
1757176,L-MAN,light,Arabika Manglayang Jawa Barat,B01,8,collecting,15,13456,2811,2797,8106,10471,2783,9848,15713,15951,14622,,
1758176,L-MAN,light,Arabika Manglayang Jawa Barat,B01,8,collecting,16,13457,2809,2798,8107,10465,2783,9832,15714,15959,14621,,
1759176,L-MAN,light,Arabika Manglayang Jawa Barat,B01,8,collecting,17,13442,2811,2799,8108,10457,2780,9816,15711,15962,14616,,
1760177,L-MAN,light,Arabika Manglayang Jawa Barat,B01,8,collecting,18,13415,2810,2796,8109,10448,2783,9799,15706,15961,14612,,
1761176,L-MAN,light,Arabika Manglayang Jawa Barat,B01,8,collecting,19,13384,2808,2799,8110,10439,2782,9782,15701,15958,14607,,
1762177,L-MAN,light,Arabika Manglayang Jawa Barat,B01,8,collecting,20,13351,2812,2796,8111,10428,2783,9767,15695,15953,14601,,
1763176,L-MAN,light,Arabika Manglayang Jawa Barat,B01,8,collecting,21,13318,2808,2795,8112,10419,2780,9753,15689,15947,14595,,
1764176,L-MAN,light,Arabika Manglayang Jawa Barat,B01,8,collecting,22,13283,2809,2796,8114,10410,2779,9740,15684,15941,14590,,
1765176,L-MAN,light,Arabika Manglayang Jawa Barat,B01,8,collecting,23,13248,2809,2797,8114,10400,2781,9728,15678,15935,14584,,
1766176,L-MAN,light,Arabika Manglayang Jawa Barat,B01,8,collecting,24,13214,2808,2799,8115,10390,2780,9715,15673,15928,14578,,
1767176,L-MAN,light,Arabika Manglayang Jawa Barat,B01,8,collecting,25,13182,2811,2795,8116,10381,2783,9705,15668,15921,14572,,
1768176,L-MAN,light,Arabika Manglayang Jawa Barat,B01,8,collecting,26,13151,2807,2797,8116,10373,2782,9695,15662,15913,14566,,
1769177,L-MAN,light,Arabika Manglayang Jawa Barat,B01,8,collecting,27,13122,2809,2797,8117,10366,2779,9685,15658,15906,14560,,
1770176,L-MAN,light,Arabika Manglayang Jawa Barat,B01,8,collecting,28,13096,2809,2795,8117,10358,2779,9675,15654,15899,14555,,
1771176,L-MAN,light,Arabika Manglayang Jawa Barat,B01,8,collecting,29,13073,2810,2796,8119,10353,2779,9667,15649,15892,14551,,
1772176,L-MAN,light,Arabika Manglayang Jawa Barat,B01,8,collecting,30,13052,2808,2795,8119,10346,2779,9658,15647,15886,14547,,
1773176,L-MAN,light,Arabika Manglayang Jawa Barat,B01,8,collecting,31,13032,2808,2796,8119,10340,2782,9652,15644,15880,14542,,
1774176,L-MAN,light,Arabika Manglayang Jawa Barat,B01,8,collecting,32,13016,2811,2795,8119,10336,2782,9647,15641,15875,14539,,
1775176,L-MAN,light,Arabika Manglayang Jawa Barat,B01,8,collecting,33,13002,2810,2795,8119,10331,2779,9642,15639,15869,14536,,
1776177,L-MAN,light,Arabika Manglayang Jawa Barat,B01,8,collecting,34,12991,2809,2798,8120,10327,2779,9637,15637,15864,14534,,
1777176,L-MAN,light,Arabika Manglayang Jawa Barat,B01,8,collecting,35,12981,2811,2798,8120,10324,2780,9633,15636,15860,14532,,
1778177,L-MAN,light,Arabika Manglayang Jawa Barat,B01,8,collecting,36,12972,2812,2798,8121,10322,2779,9630,15636,15857,14531,,
1779176,L-MAN,light,Arabika Manglayang Jawa Barat,B01,8,collecting,37,12965,2808,2801,8121,10320,2781,9628,15636,15854,14530,,
1780176,L-MAN,light,Arabika Manglayang Jawa Barat,B01,8,collecting,38,12961,2808,2795,8121,10319,2779,9626,15637,15853,14529,,
1781176,L-MAN,light,Arabika Manglayang Jawa Barat,B01,8,collecting,39,12958,2809,2796,8121,10318,2785,9626,15637,15850,14528,,
1782176,L-MAN,light,Arabika Manglayang Jawa Barat,B01,8,collecting,40,12957,2812,2797,8122,10318,2779,9625,15638,15849,14528,,
1783176,L-MAN,light,Arabika Manglayang Jawa Barat,B01,8,collecting,41,12957,2809,2797,8123,10317,2779,9623,15639,15848,14528,,
1784176,L-MAN,light,Arabika Manglayang Jawa Barat,B01,8,collecting,42,12957,2811,2796,8122,10317,2779,9621,15641,15847,14528,,
1785177,L-MAN,light,Arabika Manglayang Jawa Barat,B01,8,collecting,43,12958,2810,2795,8123,10317,2780,9620,15642,15846,14528,,
1786176,L-MAN,light,Arabika Manglayang Jawa Barat,B01,8,collecting,44,12960,2811,2796,8123,10317,2781,9620,15644,15846,14528,,
1787176,L-MAN,light,Arabika Manglayang Jawa Barat,B01,8,collecting,45,12960,2809,2795,8124,10317,2785,9619,15644,15845,14528,,
1788176,L-MAN,light,Arabika Manglayang Jawa Barat,B01,8,collecting,46,12962,2808,2797,8124,10317,2780,9618,15646,15845,14528,,
1789176,L-MAN,light,Arabika Manglayang Jawa Barat,B01,8,collecting,47,12965,2808,2795,8124,10318,2779,9618,15648,15845,14529,,
1790176,L-MAN,light,Arabika Manglayang Jawa Barat,B01,8,collecting,48,12967,2811,2795,8125,10318,2780,9617,15650,15845,14529,,
1791176,L-MAN,light,Arabika Manglayang Jawa Barat,B01,8,collecting,49,12968,2811,2799,8125,10318,2780,9616,15651,15845,14530,,
1792177,L-MAN,light,Arabika Manglayang Jawa Barat,B01,8,collecting,50,12969,2809,2795,8125,10318,2780,9616,15652,15845,14530,,
1793176,L-MAN,light,Arabika Manglayang Jawa Barat,B01,8,collecting,51,12972,2810,2796,8125,10317,2780,9617,15653,15845,14530,,
1794177,L-MAN,light,Arabika Manglayang Jawa Barat,B01,8,collecting,52,12975,2811,2796,8125,10317,2779,9616,15655,15845,14529,,
1795176,L-MAN,light,Arabika Manglayang Jawa Barat,B01,8,collecting,53,12978,2811,2796,8126,10317,2780,9615,15656,15845,14529,,
1796176,L-MAN,light,Arabika Manglayang Jawa Barat,B01,8,collecting,54,12980,2811,2797,8126,10315,2779,9614,15657,15845,14529,,
1797176,L-MAN,light,Arabika Manglayang Jawa Barat,B01,8,collecting,55,12981,2808,2796,8126,10314,2779,9612,15658,15844,14528,,
1798176,L-MAN,light,Arabika Manglayang Jawa Barat,B01,8,collecting,56,12981,2808,2796,8126,10313,2780,9610,15658,15844,14527,,
1799176,L-MAN,light,Arabika Manglayang Jawa Barat,B01,8,collecting,57,12980,2807,2796,8126,10312,2782,9608,15658,15843,14527,,
1800176,L-MAN,light,Arabika Manglayang Jawa Barat,B01,8,collecting,58,12978,2811,2797,8126,10311,2779,9607,15658,15842,14525,,
1801177,L-MAN,light,Arabika Manglayang Jawa Barat,B01,8,collecting,59,12975,2808,2796,8126,10309,2779,9605,15658,15841,14524,,
1802176,L-MAN,light,Arabika Manglayang Jawa Barat,B01,8,collecting,60,12972,2807,2796,8126,10307,2779,9604,15657,15840,14523,,
1803176,L-MAN,light,Arabika Manglayang Jawa Barat,B01,8,collecting,61,12967,2807,2797,8126,10306,2780,9601,15657,15838,14521,,
1804176,L-MAN,light,Arabika Manglayang Jawa Barat,B01,8,collecting,62,12962,2808,2798,8127,10304,2780,9599,15656,15836,14519,,
1805176,L-MAN,light,Arabika Manglayang Jawa Barat,B01,8,collecting,63,12958,2807,2795,8127,10303,2779,9597,15656,15834,14518,,
1806176,L-MAN,light,Arabika Manglayang Jawa Barat,B01,8,collecting,64,12953,2811,2795,8127,10302,2782,9595,15655,15833,14517,,
1807176,L-MAN,light,Arabika Manglayang Jawa Barat,B01,8,collecting,65,12950,2806,2796,8127,10301,2781,9594,15654,15831,14515,,
1808177,L-MAN,light,Arabika Manglayang Jawa Barat,B01,8,collecting,66,12947,2808,2796,8127,10299,2780,9593,15654,15831,14515,,
1809176,L-MAN,light,Arabika Manglayang Jawa Barat,B01,8,collecting,67,12943,2812,2797,8128,10299,2779,9592,15654,15829,14514,,
1810177,L-MAN,light,Arabika Manglayang Jawa Barat,B01,8,collecting,68,12940,2807,2797,8127,10298,2781,9592,15654,15828,14514,,
1811176,L-MAN,light,Arabika Manglayang Jawa Barat,B01,8,collecting,69,12937,2808,2798,8128,10298,2779,9592,15654,15828,14514,,
1812176,L-MAN,light,Arabika Manglayang Jawa Barat,B01,8,collecting,70,12934,2812,2799,8128,10298,2779,9592,15655,15828,14514,,
1813176,L-MAN,light,Arabika Manglayang Jawa Barat,B01,8,collecting,71,12932,2809,2797,8128,10299,2780,9592,15655,15827,14514,,
1814176,L-MAN,light,Arabika Manglayang Jawa Barat,B01,8,collecting,72,12929,2811,2797,8128,10298,2779,9592,15655,15827,14514,,
1815176,L-MAN,light,Arabika Manglayang Jawa Barat,B01,8,collecting,73,12929,2813,2796,8128,10299,2785,9592,15655,15827,14514,,
1816176,L-MAN,light,Arabika Manglayang Jawa Barat,B01,8,collecting,74,12928,2809,2798,8129,10298,2780,9592,15655,15827,14513,,
1817177,L-MAN,light,Arabika Manglayang Jawa Barat,B01,8,collecting,75,12925,2808,2796,8129,10298,2782,9592,15654,15826,14512,,
1818176,L-MAN,light,Arabika Manglayang Jawa Barat,B01,8,collecting,76,12922,2808,2797,8129,10297,2779,9591,15654,15826,14512,,
1819176,L-MAN,light,Arabika Manglayang Jawa Barat,B01,8,collecting,77,12920,2808,2797,8129,10297,2782,9591,15654,15825,14512,,
1820176,L-MAN,light,Arabika Manglayang Jawa Barat,B01,8,collecting,78,12918,2807,2798,8129,10298,2785,9590,15655,15825,14512,,
1821176,L-MAN,light,Arabika Manglayang Jawa Barat,B01,8,collecting,79,12917,2807,2797,8129,10298,2785,9590,15655,15826,14512,,
1822176,L-MAN,light,Arabika Manglayang Jawa Barat,B01,8,collecting,80,12917,2809,2794,8130,10299,2779,9590,15655,15826,14512,,
1823176,L-MAN,light,Arabika Manglayang Jawa Barat,B01,8,collecting,81,12917,2809,2799,8130,10299,2780,9591,15655,15826,14513,,
1824177,L-MAN,light,Arabika Manglayang Jawa Barat,B01,8,collecting,82,12917,2811,2795,8131,10300,2782,9592,15657,15827,14514,,
1825176,L-MAN,light,Arabika Manglayang Jawa Barat,B01,8,collecting,83,12917,2808,2796,8131,10302,2780,9593,15658,15828,14515,,
1826177,L-MAN,light,Arabika Manglayang Jawa Barat,B01,8,collecting,84,12916,2808,2798,8131,10304,2779,9595,15659,15829,14516,,
1827176,L-MAN,light,Arabika Manglayang Jawa Barat,B01,8,collecting,85,12915,2811,2796,8131,10305,2779,9597,15659,15830,14518,,
1828176,L-MAN,light,Arabika Manglayang Jawa Barat,B01,8,collecting,86,12915,2810,2801,8132,10307,2780,9599,15661,15831,14520,,
1829176,L-MAN,light,Arabika Manglayang Jawa Barat,B01,8,collecting,87,12916,2813,2798,8132,10309,2782,9600,15662,15833,14521,,
1830176,L-MAN,light,Arabika Manglayang Jawa Barat,B01,8,collecting,88,12916,2811,2796,8132,10311,2782,9603,15663,15835,14524,,
1831176,L-MAN,light,Arabika Manglayang Jawa Barat,B01,8,collecting,89,12917,2809,2795,8133,10315,2782,9605,15665,15837,14526,,
1832176,L-MAN,light,Arabika Manglayang Jawa Barat,B01,8,collecting,90,12917,2809,2796,8133,10318,2779,9609,15666,15840,14529,,
1833177,L-MAN,light,Arabika Manglayang Jawa Barat,B01,8,collecting,91,12917,2811,2797,8134,10321,2785,9611,15668,15843,14531,,
1834176,L-MAN,light,Arabika Manglayang Jawa Barat,B01,8,collecting,92,12918,2807,2799,8134,10323,2780,9613,15669,15845,14533,,
1835176,L-MAN,light,Arabika Manglayang Jawa Barat,B01,8,collecting,93,12918,2809,2795,8134,10325,2779,9617,15671,15847,14534,,
1836176,L-MAN,light,Arabika Manglayang Jawa Barat,B01,8,collecting,94,12919,2809,2796,8135,10326,2780,9618,15671,15849,14535,,
1837176,L-MAN,light,Arabika Manglayang Jawa Barat,B01,8,collecting,95,12920,2808,2796,8135,10328,2782,9618,15671,15851,14536,,
1838176,L-MAN,light,Arabika Manglayang Jawa Barat,B01,8,collecting,96,12920,2808,2796,8135,10330,2780,9619,15672,15853,14537,,
1839176,L-MAN,light,Arabika Manglayang Jawa Barat,B01,8,collecting,97,12918,2809,2797,8136,10331,2780,9619,15671,15854,14537,,
1840177,L-MAN,light,Arabika Manglayang Jawa Barat,B01,8,collecting,98,12917,2808,2798,8136,10331,2779,9620,15671,15855,14537,,
1841176,L-MAN,light,Arabika Manglayang Jawa Barat,B01,8,collecting,99,12916,2806,2796,8137,10331,2785,9620,15671,15856,14538,,
1842177,L-MAN,light,Arabika Manglayang Jawa Barat,B01,8,collecting,100,12914,2808,2799,8137,10332,2780,9620,15671,15857,14538,,
1843176,L-MAN,light,Arabika Manglayang Jawa Barat,B01,8,collecting,101,12912,2807,2796,8137,10332,2780,9619,15671,15857,14538,,
1844176,L-MAN,light,Arabika Manglayang Jawa Barat,B01,8,collecting,102,12910,2808,2802,8137,10332,2781,9619,15671,15858,14538,,
1845176,L-MAN,light,Arabika Manglayang Jawa Barat,B01,8,collecting,103,12908,2809,2796,8138,10333,2780,9619,15671,15858,14538,,
1846176,L-MAN,light,Arabika Manglayang Jawa Barat,B01,8,collecting,104,12907,2810,2798,8137,10333,2779,9619,15671,15859,14539,,
1847176,L-MAN,light,Arabika Manglayang Jawa Barat,B01,8,collecting,105,12905,2811,2795,8137,10334,2780,9619,15671,15859,14539,,
1848176,L-MAN,light,Arabika Manglayang Jawa Barat,B01,8,collecting,106,12902,2809,2799,8138,10333,2779,9619,15670,15859,14539,,
1849177,L-MAN,light,Arabika Manglayang Jawa Barat,B01,8,collecting,107,12900,2808,2797,8138,10334,2780,9620,15671,15859,14539,,
1850176,L-MAN,light,Arabika Manglayang Jawa Barat,B01,8,collecting,108,12897,2809,2796,8139,10333,2779,9619,15670,15860,14539,,
1851176,L-MAN,light,Arabika Manglayang Jawa Barat,B01,8,collecting,109,12895,2807,2799,8138,10333,2781,9620,15670,15859,14539,,
1852176,L-MAN,light,Arabika Manglayang Jawa Barat,B01,8,collecting,110,12892,2811,2797,8139,10333,2782,9619,15669,15860,14539,,
1853176,L-MAN,light,Arabika Manglayang Jawa Barat,B01,8,collecting,111,12888,2808,2797,8139,10333,2780,9619,15669,15860,14539,,
1854176,L-MAN,light,Arabika Manglayang Jawa Barat,B01,8,collecting,112,12885,2809,2795,8140,10333,2780,9619,15668,15859,14539,,
1855176,L-MAN,light,Arabika Manglayang Jawa Barat,B01,8,collecting,113,12883,2809,2798,8139,10333,2780,9619,15668,15859,14539,,
1856177,L-MAN,light,Arabika Manglayang Jawa Barat,B01,8,collecting,114,12880,2811,2797,8140,10333,2783,9619,15667,15859,14538,,
1857176,L-MAN,light,Arabika Manglayang Jawa Barat,B01,8,collecting,115,12877,2813,2796,8140,10332,2780,9618,15667,15858,14538,,
1858177,L-MAN,light,Arabika Manglayang Jawa Barat,B01,8,collecting,116,12875,2809,2796,8140,10332,2779,9617,15666,15858,14539,,
1859176,L-MAN,light,Arabika Manglayang Jawa Barat,B01,8,collecting,117,12873,2809,2796,8141,10332,2779,9617,15665,15858,14538,,
1860176,L-MAN,light,Arabika Manglayang Jawa Barat,B01,8,collecting,118,12869,2807,2795,8141,10332,2782,9617,15665,15858,14537,,
1861176,L-MAN,light,Arabika Manglayang Jawa Barat,B01,8,collecting,119,12866,2807,2795,8141,10331,2782,9616,15664,15857,14537,,
1862176,L-MAN,light,Arabika Manglayang Jawa Barat,B01,8,collecting,120,12862,2812,2799,8141,10330,2779,9617,15663,15857,14536,,
1863176,L-MAN,light,Arabika Manglayang Jawa Barat,B01,8,collecting,121,12857,2808,2797,8141,10330,2779,9616,15661,15856,14536,,
1864176,L-MAN,light,Arabika Manglayang Jawa Barat,B01,8,collecting,122,12853,2809,2797,8141,10330,2779,9615,15660,15855,14535,,
1865177,L-MAN,light,Arabika Manglayang Jawa Barat,B01,8,collecting,123,12849,2807,2796,8141,10330,2780,9615,15659,15855,14535,,
1866176,L-MAN,light,Arabika Manglayang Jawa Barat,B01,8,collecting,124,12844,2811,2795,8142,10330,2780,9615,15659,15854,14535,,
1867176,L-MAN,light,Arabika Manglayang Jawa Barat,B01,8,collecting,125,12841,2807,2795,8142,10330,2779,9614,15658,15854,14534,,
1868176,L-MAN,light,Arabika Manglayang Jawa Barat,B01,8,collecting,126,12838,2808,2799,8142,10330,2779,9614,15656,15854,14534,,
1869176,L-MAN,light,Arabika Manglayang Jawa Barat,B01,8,collecting,127,12836,2810,2799,8142,10331,2780,9615,15656,15854,14534,,
1870176,L-MAN,light,Arabika Manglayang Jawa Barat,B01,8,collecting,128,12834,2809,2799,8143,10332,2780,9616,15656,15855,14534,,
1871176,L-MAN,light,Arabika Manglayang Jawa Barat,B01,8,collecting,129,12831,2808,2796,8143,10332,2779,9616,15655,15855,14535,,
1872177,L-MAN,light,Arabika Manglayang Jawa Barat,B01,8,collecting,130,12830,2810,2798,8144,10332,2780,9616,15654,15855,14534,,
1873176,L-MAN,light,Arabika Manglayang Jawa Barat,B01,8,collecting,131,12828,2809,2797,8144,10333,2780,9617,15653,15856,14534,,
1874177,L-MAN,light,Arabika Manglayang Jawa Barat,B01,8,collecting,132,12826,2811,2797,8144,10333,2779,9617,15653,15856,14535,,
1875176,L-MAN,light,Arabika Manglayang Jawa Barat,B01,8,collecting,133,12823,2808,2799,8145,10333,2780,9615,15653,15856,14534,,
1876176,L-MAN,light,Arabika Manglayang Jawa Barat,B01,8,collecting,134,12820,2807,2795,8145,10333,2780,9615,15651,15856,14533,,
1877176,L-MAN,light,Arabika Manglayang Jawa Barat,B01,8,collecting,135,12816,2810,2795,8145,10333,2780,9616,15651,15856,14533,,
1878176,L-MAN,light,Arabika Manglayang Jawa Barat,B01,8,collecting,136,12813,2808,2799,8146,10332,2780,9616,15650,15855,14533,,
1879176,L-MAN,light,Arabika Manglayang Jawa Barat,B01,8,collecting,137,12809,2808,2798,8146,10332,2780,9615,15649,15855,14532,,
1880176,L-MAN,light,Arabika Manglayang Jawa Barat,B01,8,collecting,138,12805,2810,2795,8146,10332,2779,9615,15647,15854,14532,,
1881177,L-MAN,light,Arabika Manglayang Jawa Barat,B01,8,collecting,139,12800,2811,2797,8146,10332,2782,9614,15646,15853,14531,,
1882176,L-MAN,light,Arabika Manglayang Jawa Barat,B01,8,collecting,140,12796,2812,2798,8146,10332,2782,9613,15646,15854,14531,,
1883176,L-MAN,light,Arabika Manglayang Jawa Barat,B01,8,collecting,141,12792,2807,2799,8146,10331,2779,9613,15645,15853,14531,,
1884176,L-MAN,light,Arabika Manglayang Jawa Barat,B01,8,collecting,142,12791,2809,2796,8146,10332,2782,9614,15644,15852,14531,,
1885176,L-MAN,light,Arabika Manglayang Jawa Barat,B01,8,collecting,143,12788,2811,2797,8147,10332,2779,9615,15644,15853,14530,,
1886176,L-MAN,light,Arabika Manglayang Jawa Barat,B01,8,collecting,144,12788,2809,2795,8147,10333,2779,9616,15643,15853,14531,,
1887176,L-MAN,light,Arabika Manglayang Jawa Barat,B01,8,collecting,145,12788,2809,2795,8147,10334,2782,9617,15643,15854,14532,,
1888177,L-MAN,light,Arabika Manglayang Jawa Barat,B01,8,collecting,146,12790,2808,2797,8147,10335,2779,9618,15644,15855,14533,,
1889176,L-MAN,light,Arabika Manglayang Jawa Barat,B01,8,collecting,147,12793,2808,2797,8147,10337,2779,9619,15644,15856,14534,,
1890177,L-MAN,light,Arabika Manglayang Jawa Barat,B01,8,collecting,148,12794,2810,2798,8148,10339,2779,9620,15645,15857,14536,,
1891176,L-MAN,light,Arabika Manglayang Jawa Barat,B01,8,collecting,149,12795,2807,2795,8149,10341,2780,9622,15646,15859,14538,,
1892176,L-MAN,light,Arabika Manglayang Jawa Barat,B01,8,collecting,150,12797,2811,2798,8149,10344,2779,9625,15647,15861,14540,,
1893176,L-MAN,light,Arabika Manglayang Jawa Barat,B01,8,collecting,151,12797,2809,2795,8149,10346,2779,9628,15648,15863,14542,,
1894176,L-MAN,light,Arabika Manglayang Jawa Barat,B01,8,collecting,152,12798,2811,2795,8150,10348,2780,9630,15648,15865,14544,,
1895176,L-MAN,light,Arabika Manglayang Jawa Barat,B01,8,collecting,153,12800,2810,2797,8150,10351,2779,9632,15649,15867,14546,,
1896176,L-MAN,light,Arabika Manglayang Jawa Barat,B01,8,collecting,154,12800,2808,2801,8150,10353,2780,9634,15650,15869,14547,,
1897177,L-MAN,light,Arabika Manglayang Jawa Barat,B01,8,collecting,155,12799,2807,2795,8151,10355,2782,9635,15650,15871,14549,,
1898176,L-MAN,light,Arabika Manglayang Jawa Barat,B01,8,collecting,156,12798,2809,2796,8151,10356,2782,9637,15651,15873,14550,,
1899176,L-MAN,light,Arabika Manglayang Jawa Barat,B01,8,collecting,157,12797,2811,2796,8151,10358,2781,9638,15651,15874,14551,,
1900176,L-MAN,light,Arabika Manglayang Jawa Barat,B01,8,collecting,158,12796,2808,2796,8152,10359,2780,9639,15651,15876,14552,,
1901176,L-MAN,light,Arabika Manglayang Jawa Barat,B01,8,collecting,159,12796,2808,2796,8152,10361,2779,9640,15651,15877,14552,,
1902176,L-MAN,light,Arabika Manglayang Jawa Barat,B01,8,collecting,160,12796,2811,2797,8153,10362,2780,9641,15651,15878,14553,,
1903176,L-MAN,light,Arabika Manglayang Jawa Barat,B01,8,collecting,161,12795,2811,2799,8153,10363,2779,9641,15650,15879,14553,,
1904177,L-MAN,light,Arabika Manglayang Jawa Barat,B01,8,collecting,162,12792,2811,2796,8153,10363,2779,9641,15649,15879,14554,,
1905176,L-MAN,light,Arabika Manglayang Jawa Barat,B01,8,collecting,163,12790,2811,2797,8154,10363,2779,9640,15648,15880,14553,,
1906177,L-MAN,light,Arabika Manglayang Jawa Barat,B01,8,collecting,164,12787,2808,2796,8154,10363,2780,9640,15647,15880,14553,,
1907176,L-MAN,light,Arabika Manglayang Jawa Barat,B01,8,collecting,165,12785,2809,2799,8154,10363,2780,9639,15646,15880,14553,,
1908176,L-MAN,light,Arabika Manglayang Jawa Barat,B01,8,collecting,166,12782,2811,2795,8155,10363,2779,9639,15645,15880,14553,,
1909176,L-MAN,light,Arabika Manglayang Jawa Barat,B01,8,collecting,167,12779,2808,2799,8155,10363,2779,9640,15644,15879,14553,,
1910176,L-MAN,light,Arabika Manglayang Jawa Barat,B01,8,collecting,168,12776,2808,2798,8155,10363,2779,9639,15644,15880,14553,,
1911176,L-MAN,light,Arabika Manglayang Jawa Barat,B01,8,collecting,169,12774,2809,2798,8156,10363,2779,9641,15644,15880,14553,,
1912176,L-MAN,light,Arabika Manglayang Jawa Barat,B01,8,collecting,170,12771,2810,2796,8156,10364,2779,9641,15643,15880,14554,,
1913177,L-MAN,light,Arabika Manglayang Jawa Barat,B01,8,collecting,171,12768,2812,2796,8157,10365,2782,9641,15643,15880,14554,,
1914176,L-MAN,light,Arabika Manglayang Jawa Barat,B01,8,collecting,172,12765,2807,2795,8157,10366,2780,9641,15643,15881,14556,,
1915176,L-MAN,light,Arabika Manglayang Jawa Barat,B01,8,collecting,173,12762,2809,2799,8158,10367,2780,9643,15643,15881,14557,,
1916176,L-MAN,light,Arabika Manglayang Jawa Barat,B01,8,collecting,174,12759,2809,2801,8158,10369,2783,9645,15642,15882,14559,,
1917176,L-MAN,light,Arabika Manglayang Jawa Barat,B01,8,collecting,175,12757,2808,2797,8158,10371,2780,9647,15642,15883,14561,,
1918176,L-MAN,light,Arabika Manglayang Jawa Barat,B01,8,collecting,176,12756,2809,2797,8158,10374,2780,9649,15643,15885,14563,,
1919176,L-MAN,light,Arabika Manglayang Jawa Barat,B01,8,collecting,177,12755,2806,2799,8159,10377,2779,9652,15644,15887,14565,,
1920177,L-MAN,light,Arabika Manglayang Jawa Barat,B01,8,collecting,178,12753,2807,2797,8159,10380,2783,9655,15644,15889,14567,,
1921176,L-MAN,light,Arabika Manglayang Jawa Barat,B01,8,collecting,179,12752,2813,2795,8160,10384,2780,9659,15645,15892,14570,,
1922177,L-MAN,light,Arabika Manglayang Jawa Barat,B01,8,collecting,180,12752,2808,2797,8161,10387,2782,9663,15645,15895,14572,,
1923179,L-MAN,light,Arabika Manglayang Jawa Barat,B01,9,purging,1,12750,2809,2799,8161,10391,2782,9665,15646,15898,14575,,
1924175,L-MAN,light,Arabika Manglayang Jawa Barat,B01,9,purging,2,12748,2808,2795,8162,10396,2780,9668,15647,15902,14578,,
1925176,L-MAN,light,Arabika Manglayang Jawa Barat,B01,9,purging,3,12747,2809,2798,8162,10399,2779,9671,15647,15905,14580,,
1926175,L-MAN,light,Arabika Manglayang Jawa Barat,B01,9,purging,4,12741,2811,2795,8163,10400,2779,9671,15646,15906,14579,,
1927176,L-MAN,light,Arabika Manglayang Jawa Barat,B01,9,purging,5,12703,2812,2796,8164,10395,2780,9664,15636,15905,14569,,
1928176,L-MAN,light,Arabika Manglayang Jawa Barat,B01,9,purging,6,12632,2808,2801,8164,10386,2779,9651,15617,15898,14555,,
1929176,L-MAN,light,Arabika Manglayang Jawa Barat,B01,9,purging,7,12538,2809,2797,8164,10374,2780,9636,15593,15886,14539,,
1930176,L-MAN,light,Arabika Manglayang Jawa Barat,B01,9,purging,8,12431,2807,2797,8164,10362,2779,9622,15567,15870,14523,,
1931176,L-MAN,light,Arabika Manglayang Jawa Barat,B01,9,purging,9,12319,2809,2795,8164,10350,2781,9611,15540,15855,14510,,
1932176,L-MAN,light,Arabika Manglayang Jawa Barat,B01,9,purging,10,12207,2806,2796,8164,10339,2779,9601,15515,15838,14495,,
1933176,L-MAN,light,Arabika Manglayang Jawa Barat,B01,9,purging,11,12099,2808,2798,8164,10328,2782,9593,15491,15823,14482,,
1934176,L-MAN,light,Arabika Manglayang Jawa Barat,B01,9,purging,12,11996,2807,2798,8165,10318,2780,9585,15467,15806,14468,,
1935176,L-MAN,light,Arabika Manglayang Jawa Barat,B01,9,purging,13,11898,2807,2796,8165,10307,2780,9578,15445,15790,14453,,
1936177,L-MAN,light,Arabika Manglayang Jawa Barat,B01,9,purging,14,11807,2807,2797,8164,10295,2779,9570,15423,15774,14438,,
1937176,L-MAN,light,Arabika Manglayang Jawa Barat,B01,9,purging,15,11723,2810,2796,8164,10284,2782,9561,15402,15757,14424,,
1938177,L-MAN,light,Arabika Manglayang Jawa Barat,B01,9,purging,16,11646,2812,2795,8164,10273,2780,9555,15381,15741,14412,,
1939176,L-MAN,light,Arabika Manglayang Jawa Barat,B01,9,purging,17,11577,2807,2796,8164,10265,2782,9550,15363,15727,14400,,
1940176,L-MAN,light,Arabika Manglayang Jawa Barat,B01,9,purging,18,11516,2807,2795,8164,10257,2783,9545,15345,15714,14388,,
1941176,L-MAN,light,Arabika Manglayang Jawa Barat,B01,9,purging,19,11459,2809,2799,8164,10250,2781,9542,15328,15702,14378,,
1942176,L-MAN,light,Arabika Manglayang Jawa Barat,B01,9,purging,20,11409,2809,2796,8164,10244,2780,9538,15312,15691,14370,,
1943176,L-MAN,light,Arabika Manglayang Jawa Barat,B01,9,purging,21,11362,2804,2797,8164,10239,2780,9537,15298,15681,14361,,
1944176,L-MAN,light,Arabika Manglayang Jawa Barat,B01,9,purging,22,11320,2807,2795,8164,10233,2779,9533,15284,15670,14351,,
1945177,L-MAN,light,Arabika Manglayang Jawa Barat,B01,9,purging,23,11280,2808,2795,8163,10225,2782,9528,15270,15659,14341,,
1946176,L-MAN,light,Arabika Manglayang Jawa Barat,B01,9,purging,24,11244,2806,2796,8163,10219,2782,9526,15256,15648,14333,,
1947176,L-MAN,light,Arabika Manglayang Jawa Barat,B01,9,purging,25,11210,2811,2797,8162,10213,2779,9523,15243,15638,14324,,
1948176,L-MAN,light,Arabika Manglayang Jawa Barat,B01,9,purging,26,11180,2806,2797,8163,10208,2779,9520,15230,15629,14316,,
1949176,L-MAN,light,Arabika Manglayang Jawa Barat,B01,9,purging,27,11153,2808,2799,8162,10203,2779,9517,15218,15620,14308,,
1950176,L-MAN,light,Arabika Manglayang Jawa Barat,B01,9,purging,28,11129,2809,2797,8162,10199,2779,9514,15206,15612,14301,,
1951176,L-MAN,light,Arabika Manglayang Jawa Barat,B01,9,purging,29,11107,2807,2795,8162,10195,2779,9513,15195,15605,14295,,
1952177,L-MAN,light,Arabika Manglayang Jawa Barat,B01,9,purging,30,11086,2808,2799,8162,10190,2782,9511,15184,15597,14288,,
1953176,L-MAN,light,Arabika Manglayang Jawa Barat,B01,9,purging,31,11066,2810,2796,8162,10185,2779,9509,15174,15589,14281,,
1954177,L-MAN,light,Arabika Manglayang Jawa Barat,B01,9,purging,32,11047,2806,2798,8161,10181,2780,9507,15163,15581,14275,,
1955176,L-MAN,light,Arabika Manglayang Jawa Barat,B01,9,purging,33,11029,2809,2796,8161,10176,2779,9505,15154,15574,14269,,
1956176,L-MAN,light,Arabika Manglayang Jawa Barat,B01,9,purging,34,11012,2809,2796,8161,10173,2780,9503,15144,15567,14263,,
1957176,L-MAN,light,Arabika Manglayang Jawa Barat,B01,9,purging,35,10995,2806,2797,8161,10169,2779,9502,15135,15561,14257,,
1958176,L-MAN,light,Arabika Manglayang Jawa Barat,B01,9,purging,36,10979,2808,2798,8160,10165,2782,9501,15126,15554,14252,,
1959176,L-MAN,light,Arabika Manglayang Jawa Barat,B01,9,purging,37,10965,2811,2796,8160,10163,2782,9500,15117,15549,14248,,
1960176,L-MAN,light,Arabika Manglayang Jawa Barat,B01,9,purging,38,10950,2807,2799,8160,10159,2782,9498,15109,15542,14242,,
1961177,L-MAN,light,Arabika Manglayang Jawa Barat,B01,9,purging,39,10936,2811,2796,8160,10157,2782,9497,15101,15537,14237,,
1962176,L-MAN,light,Arabika Manglayang Jawa Barat,B01,9,purging,40,10924,2811,2797,8159,10154,2780,9496,15092,15531,14232,,
1963176,L-MAN,light,Arabika Manglayang Jawa Barat,B01,9,purging,41,10912,2807,2796,8160,10151,2780,9495,15084,15526,14227,,
1964176,L-MAN,light,Arabika Manglayang Jawa Barat,B01,9,purging,42,10900,2808,2796,8159,10148,2782,9493,15077,15520,14223,,
1965176,L-MAN,light,Arabika Manglayang Jawa Barat,B01,9,purging,43,10889,2808,2797,8159,10146,2779,9493,15069,15515,14219,,
1966176,L-MAN,light,Arabika Manglayang Jawa Barat,B01,9,purging,44,10879,2807,2801,8159,10143,2780,9492,15062,15510,14215,,
1967176,L-MAN,light,Arabika Manglayang Jawa Barat,B01,9,purging,45,10869,2810,2795,8159,10141,2779,9491,15054,15505,14211,,
1968177,L-MAN,light,Arabika Manglayang Jawa Barat,B01,9,purging,46,10859,2812,2797,8160,10139,2782,9491,15048,15501,14208,,
1969176,L-MAN,light,Arabika Manglayang Jawa Barat,B01,9,purging,47,10850,2806,2796,8159,10138,2780,9491,15042,15497,14205,,
1970177,L-MAN,light,Arabika Manglayang Jawa Barat,B01,9,purging,48,10841,2808,2795,8160,10137,2780,9491,15035,15494,14202,,
1971176,L-MAN,light,Arabika Manglayang Jawa Barat,B01,9,purging,49,10833,2809,2797,8160,10136,2782,9491,15029,15491,14199,,
1972176,L-MAN,light,Arabika Manglayang Jawa Barat,B01,9,purging,50,10824,2809,2795,8160,10135,2779,9492,15023,15487,14196,,
1973176,L-MAN,light,Arabika Manglayang Jawa Barat,B01,9,purging,51,10816,2806,2796,8160,10134,2780,9491,15016,15484,14193,,
1974176,L-MAN,light,Arabika Manglayang Jawa Barat,B01,9,purging,52,10808,2809,2798,8160,10133,2780,9491,15010,15480,14189,,
1975176,L-MAN,light,Arabika Manglayang Jawa Barat,B01,9,purging,53,10801,2810,2800,8160,10131,2779,9490,15004,15477,14187,,
1976176,L-MAN,light,Arabika Manglayang Jawa Barat,B01,9,purging,54,10794,2806,2795,8160,10129,2780,9489,14999,15474,14183,,
1977177,L-MAN,light,Arabika Manglayang Jawa Barat,B01,9,purging,55,10788,2811,2799,8160,10127,2779,9490,14993,15470,14180,,
1978176,L-MAN,light,Arabika Manglayang Jawa Barat,B01,9,purging,56,10782,2810,2797,8160,10126,2779,9489,14987,15467,14177,,
1979176,L-MAN,light,Arabika Manglayang Jawa Barat,B01,9,purging,57,10776,2809,2798,8161,10125,2779,9489,14981,15464,14175,,
1980176,L-MAN,light,Arabika Manglayang Jawa Barat,B01,9,purging,58,10770,2806,2797,8160,10123,2780,9488,14976,15461,14172,,
1981176,L-MAN,light,Arabika Manglayang Jawa Barat,B01,9,purging,59,10765,2808,2798,8161,10122,2779,9488,14971,15458,14169,,
1982176,L-MAN,light,Arabika Manglayang Jawa Barat,B01,9,purging,60,10760,2809,2797,8161,10121,2780,9487,14965,15456,14167,,
1983179,L-MAN,light,Arabika Manglayang Jawa Barat,B01,9,collecting,1,10756,2806,2797,8161,10120,2780,9488,14960,15453,14167,,
1984177,L-MAN,light,Arabika Manglayang Jawa Barat,B01,9,collecting,2,10750,2805,2797,8161,10121,2780,9490,14957,15451,14167,,
1985176,L-MAN,light,Arabika Manglayang Jawa Barat,B01,9,collecting,3,10744,2806,2796,8161,10128,2780,9499,14957,15450,14193,,
1986177,L-MAN,light,Arabika Manglayang Jawa Barat,B01,9,collecting,4,10754,2809,2797,8161,10145,2781,9525,14969,15456,14207,,
1987176,L-MAN,light,Arabika Manglayang Jawa Barat,B01,9,collecting,5,10898,2808,2797,8162,10180,2780,9572,15000,15473,14250,,
1988176,L-MAN,light,Arabika Manglayang Jawa Barat,B01,9,collecting,6,11217,2806,2796,8162,10231,2779,9632,15069,15515,14309,,
1989176,L-MAN,light,Arabika Manglayang Jawa Barat,B01,9,collecting,7,11616,2808,2796,8162,10288,2780,9690,15156,15573,14372,,
1990176,L-MAN,light,Arabika Manglayang Jawa Barat,B01,9,collecting,8,12020,2809,2799,8163,10345,2779,9741,15254,15643,14437,,
1991176,L-MAN,light,Arabika Manglayang Jawa Barat,B01,9,collecting,9,12392,2808,2799,8164,10396,2783,9783,15349,15714,14498,,
1992176,L-MAN,light,Arabika Manglayang Jawa Barat,B01,9,collecting,10,12702,2808,2797,8165,10440,2780,9817,15431,15782,14551,,
1993177,L-MAN,light,Arabika Manglayang Jawa Barat,B01,9,collecting,11,12945,2809,2797,8166,10475,2782,9840,15500,15842,14592,,
1994176,L-MAN,light,Arabika Manglayang Jawa Barat,B01,9,collecting,12,13122,2813,2795,8166,10500,2783,9852,15552,15891,14623,,
1995176,L-MAN,light,Arabika Manglayang Jawa Barat,B01,9,collecting,13,13239,2809,2797,8168,10516,2782,9855,15589,15929,14643,,
1996176,L-MAN,light,Arabika Manglayang Jawa Barat,B01,9,collecting,14,13298,2811,2795,8169,10521,2780,9847,15608,15955,14651,,
1997176,L-MAN,light,Arabika Manglayang Jawa Barat,B01,9,collecting,15,13308,2812,2799,8169,10518,2779,9832,15612,15968,14650,,
1998176,L-MAN,light,Arabika Manglayang Jawa Barat,B01,9,collecting,16,13280,2810,2796,8171,10510,2780,9814,15606,15972,14645,,
1999176,L-MAN,light,Arabika Manglayang Jawa Barat,B01,9,collecting,17,13229,2810,2797,8171,10500,2780,9797,15594,15968,14637,,
2000177,L-MAN,light,Arabika Manglayang Jawa Barat,B01,9,collecting,18,13166,2808,2797,8172,10488,2780,9779,15580,15961,14629,,
2001176,L-MAN,light,Arabika Manglayang Jawa Barat,B01,9,collecting,19,13098,2811,2795,8173,10477,2780,9764,15566,15952,14620,,
2002177,L-MAN,light,Arabika Manglayang Jawa Barat,B01,9,collecting,20,13030,2809,2799,8174,10467,2782,9752,15554,15943,14612,,
2003176,L-MAN,light,Arabika Manglayang Jawa Barat,B01,9,collecting,21,12965,2810,2796,8175,10457,2783,9740,15542,15933,14605,,
2004176,L-MAN,light,Arabika Manglayang Jawa Barat,B01,9,collecting,22,12907,2812,2795,8175,10449,2783,9730,15532,15923,14598,,
2005176,L-MAN,light,Arabika Manglayang Jawa Barat,B01,9,collecting,23,12853,2807,2799,8176,10440,2779,9722,15524,15915,14592,,
2006176,L-MAN,light,Arabika Manglayang Jawa Barat,B01,9,collecting,24,12806,2808,2799,8177,10433,2779,9715,15516,15906,14586,,
2007176,L-MAN,light,Arabika Manglayang Jawa Barat,B01,9,collecting,25,12763,2807,2798,8177,10426,2782,9708,15510,15899,14582,,
2008176,L-MAN,light,Arabika Manglayang Jawa Barat,B01,9,collecting,26,12726,2811,2798,8178,10421,2779,9702,15505,15892,14579,,
2009177,L-MAN,light,Arabika Manglayang Jawa Barat,B01,9,collecting,27,12694,2809,2796,8179,10417,2780,9697,15500,15886,14575,,
2010176,L-MAN,light,Arabika Manglayang Jawa Barat,B01,9,collecting,28,12668,2807,2797,8179,10413,2780,9693,15497,15881,14573,,
2011176,L-MAN,light,Arabika Manglayang Jawa Barat,B01,9,collecting,29,12646,2811,2797,8180,10412,2779,9689,15494,15877,14571,,
2012176,L-MAN,light,Arabika Manglayang Jawa Barat,B01,9,collecting,30,12628,2808,2799,8180,10410,2782,9688,15492,15873,14569,,
2013176,L-MAN,light,Arabika Manglayang Jawa Barat,B01,9,collecting,31,12614,2809,2796,8181,10408,2779,9686,15490,15870,14568,,
2014176,L-MAN,light,Arabika Manglayang Jawa Barat,B01,9,collecting,32,12601,2811,2798,8181,10406,2783,9683,15489,15868,14566,,
2015176,L-MAN,light,Arabika Manglayang Jawa Barat,B01,9,collecting,33,12590,2810,2797,8182,10404,2780,9680,15488,15865,14565,,
2016177,L-MAN,light,Arabika Manglayang Jawa Barat,B01,9,collecting,34,12581,2807,2799,8183,10403,2779,9678,15486,15863,14563,,
2017176,L-MAN,light,Arabika Manglayang Jawa Barat,B01,9,collecting,35,12571,2811,2796,8183,10401,2782,9675,15485,15861,14562,,
2018177,L-MAN,light,Arabika Manglayang Jawa Barat,B01,9,collecting,36,12562,2811,2798,8184,10400,2782,9673,15483,15859,14561,,
2019176,L-MAN,light,Arabika Manglayang Jawa Barat,B01,9,collecting,37,12554,2808,2797,8184,10399,2780,9671,15482,15857,14559,,
2020176,L-MAN,light,Arabika Manglayang Jawa Barat,B01,9,collecting,38,12545,2810,2798,8185,10397,2781,9669,15480,15854,14558,,
2021176,L-MAN,light,Arabika Manglayang Jawa Barat,B01,9,collecting,39,12537,2808,2798,8186,10395,2782,9667,15478,15852,14556,,
2022176,L-MAN,light,Arabika Manglayang Jawa Barat,B01,9,collecting,40,12528,2807,2799,8186,10393,2782,9666,15476,15850,14555,,
2023176,L-MAN,light,Arabika Manglayang Jawa Barat,B01,9,collecting,41,12519,2809,2797,8186,10392,2780,9664,15475,15848,14553,,
2024176,L-MAN,light,Arabika Manglayang Jawa Barat,B01,9,collecting,42,12508,2809,2797,8187,10391,2779,9662,15473,15845,14551,,
2025177,L-MAN,light,Arabika Manglayang Jawa Barat,B01,9,collecting,43,12498,2809,2796,8187,10389,2780,9661,15471,15843,14550,,
2026176,L-MAN,light,Arabika Manglayang Jawa Barat,B01,9,collecting,44,12487,2807,2796,8188,10387,2779,9660,15468,15840,14549,,
2027176,L-MAN,light,Arabika Manglayang Jawa Barat,B01,9,collecting,45,12475,2808,2796,8188,10386,2782,9658,15466,15838,14547,,
2028176,L-MAN,light,Arabika Manglayang Jawa Barat,B01,9,collecting,46,12462,2807,2795,8188,10384,2782,9656,15463,15836,14545,,
2029176,L-MAN,light,Arabika Manglayang Jawa Barat,B01,9,collecting,47,12450,2809,2798,8189,10383,2780,9654,15461,15834,14543,,
2030176,L-MAN,light,Arabika Manglayang Jawa Barat,B01,9,collecting,48,12438,2808,2795,8189,10382,2779,9652,15458,15831,14541,,
2031176,L-MAN,light,Arabika Manglayang Jawa Barat,B01,9,collecting,49,12428,2810,2799,8190,10380,2783,9652,15456,15829,14540,,
2032177,L-MAN,light,Arabika Manglayang Jawa Barat,B01,9,collecting,50,12419,2807,2801,8190,10379,2782,9650,15454,15827,14538,,
2033176,L-MAN,light,Arabika Manglayang Jawa Barat,B01,9,collecting,51,12410,2808,2797,8190,10378,2779,9649,15451,15824,14536,,
2034177,L-MAN,light,Arabika Manglayang Jawa Barat,B01,9,collecting,52,12401,2808,2795,8191,10377,2781,9649,15449,15822,14534,,
2035176,L-MAN,light,Arabika Manglayang Jawa Barat,B01,9,collecting,53,12391,2812,2795,8192,10376,2780,9648,15447,15821,14533,,
2036176,L-MAN,light,Arabika Manglayang Jawa Barat,B01,9,collecting,54,12383,2808,2796,8192,10375,2780,9646,15444,15818,14531,,
2037176,L-MAN,light,Arabika Manglayang Jawa Barat,B01,9,collecting,55,12375,2808,2796,8192,10374,2779,9645,15442,15817,14530,,
2038176,L-MAN,light,Arabika Manglayang Jawa Barat,B01,9,collecting,56,12367,2809,2798,8193,10374,2783,9644,15440,15815,14528,,
2039176,L-MAN,light,Arabika Manglayang Jawa Barat,B01,9,collecting,57,12361,2808,2795,8193,10373,2780,9644,15438,15814,14527,,
2040176,L-MAN,light,Arabika Manglayang Jawa Barat,B01,9,collecting,58,12356,2807,2796,8193,10372,2779,9643,15436,15812,14526,,
2041177,L-MAN,light,Arabika Manglayang Jawa Barat,B01,9,collecting,59,12351,2813,2797,8193,10372,2785,9642,15435,15811,14525,,
2042176,L-MAN,light,Arabika Manglayang Jawa Barat,B01,9,collecting,60,12348,2809,2797,8194,10372,2779,9642,15433,15810,14524,,
2043176,L-MAN,light,Arabika Manglayang Jawa Barat,B01,9,collecting,61,12345,2809,2796,8195,10371,2780,9642,15432,15810,14524,,
2044176,L-MAN,light,Arabika Manglayang Jawa Barat,B01,9,collecting,62,12344,2806,2796,8195,10371,2780,9642,15431,15809,14522,,
2045176,L-MAN,light,Arabika Manglayang Jawa Barat,B01,9,collecting,63,12344,2809,2796,8195,10370,2782,9641,15430,15808,14522,,
2046176,L-MAN,light,Arabika Manglayang Jawa Barat,B01,9,collecting,64,12344,2808,2797,8196,10370,2780,9641,15430,15807,14521,,
2047176,L-MAN,light,Arabika Manglayang Jawa Barat,B01,9,collecting,65,12343,2810,2798,8196,10370,2780,9641,15429,15806,14521,,
2048177,L-MAN,light,Arabika Manglayang Jawa Barat,B01,9,collecting,66,12342,2811,2798,8196,10369,2780,9641,15428,15806,14521,,
2049176,L-MAN,light,Arabika Manglayang Jawa Barat,B01,9,collecting,67,12341,2809,2801,8196,10369,2779,9640,15428,15806,14520,,
2050177,L-MAN,light,Arabika Manglayang Jawa Barat,B01,9,collecting,68,12340,2809,2798,8196,10369,2780,9640,15427,15806,14520,,
2051176,L-MAN,light,Arabika Manglayang Jawa Barat,B01,9,collecting,69,12340,2811,2797,8197,10369,2780,9640,15427,15805,14520,,
2052176,L-MAN,light,Arabika Manglayang Jawa Barat,B01,9,collecting,70,12338,2809,2800,8197,10369,2782,9640,15426,15804,14519,,
2053176,L-MAN,light,Arabika Manglayang Jawa Barat,B01,9,collecting,71,12335,2808,2799,8197,10368,2780,9640,15425,15803,14519,,
2054176,L-MAN,light,Arabika Manglayang Jawa Barat,B01,9,collecting,72,12332,2808,2797,8198,10368,2783,9640,15424,15802,14519,,
2055176,L-MAN,light,Arabika Manglayang Jawa Barat,B01,9,collecting,73,12330,2808,2797,8198,10367,2783,9641,15423,15802,14519,,
2056176,L-MAN,light,Arabika Manglayang Jawa Barat,B01,9,collecting,74,12328,2807,2795,8198,10367,2779,9640,15422,15801,14519,,
2057177,L-MAN,light,Arabika Manglayang Jawa Barat,B01,9,collecting,75,12327,2806,2795,8199,10368,2780,9641,15422,15801,14519,,
2058176,L-MAN,light,Arabika Manglayang Jawa Barat,B01,9,collecting,76,12324,2809,2795,8199,10367,2781,9640,15422,15800,14518,,
2059176,L-MAN,light,Arabika Manglayang Jawa Barat,B01,9,collecting,77,12321,2808,2794,8199,10367,2779,9640,15421,15801,14518,,
2060176,L-MAN,light,Arabika Manglayang Jawa Barat,B01,9,collecting,78,12319,2810,2798,8200,10367,2779,9640,15420,15800,14518,,
2061176,L-MAN,light,Arabika Manglayang Jawa Barat,B01,9,collecting,79,12317,2810,2795,8201,10368,2780,9639,15420,15799,14517,,
2062176,L-MAN,light,Arabika Manglayang Jawa Barat,B01,9,collecting,80,12315,2808,2798,8201,10368,2779,9639,15419,15799,14517,,
2063176,L-MAN,light,Arabika Manglayang Jawa Barat,B01,9,collecting,81,12313,2809,2797,8201,10367,2780,9638,15418,15799,14516,,
2064177,L-MAN,light,Arabika Manglayang Jawa Barat,B01,9,collecting,82,12310,2808,2797,8201,10368,2780,9637,15417,15799,14516,,
2065176,L-MAN,light,Arabika Manglayang Jawa Barat,B01,9,collecting,83,12308,2809,2801,8202,10367,2780,9637,15416,15798,14516,,
2066177,L-MAN,light,Arabika Manglayang Jawa Barat,B01,9,collecting,84,12306,2809,2797,8202,10366,2780,9638,15416,15797,14515,,
2067176,L-MAN,light,Arabika Manglayang Jawa Barat,B01,9,collecting,85,12305,2808,2799,8202,10366,2783,9639,15415,15797,14515,,
2068176,L-MAN,light,Arabika Manglayang Jawa Barat,B01,9,collecting,86,12304,2807,2795,8203,10366,2780,9638,15415,15796,14515,,
2069176,L-MAN,light,Arabika Manglayang Jawa Barat,B01,9,collecting,87,12304,2807,2797,8203,10366,2780,9639,15414,15795,14514,,
2070176,L-MAN,light,Arabika Manglayang Jawa Barat,B01,9,collecting,88,12304,2809,2796,8203,10365,2779,9639,15415,15795,14514,,
2071176,L-MAN,light,Arabika Manglayang Jawa Barat,B01,9,collecting,89,12303,2809,2798,8204,10366,2779,9639,15413,15795,14514,,
2072176,L-MAN,light,Arabika Manglayang Jawa Barat,B01,9,collecting,90,12303,2807,2797,8204,10366,2780,9641,15413,15795,14515,,
2073177,L-MAN,light,Arabika Manglayang Jawa Barat,B01,9,collecting,91,12301,2807,2798,8204,10367,2782,9640,15413,15795,14515,,
2074176,L-MAN,light,Arabika Manglayang Jawa Barat,B01,9,collecting,92,12301,2808,2795,8205,10367,2779,9641,15413,15796,14515,,
2075176,L-MAN,light,Arabika Manglayang Jawa Barat,B01,9,collecting,93,12301,2807,2797,8206,10368,2779,9641,15412,15796,14515,,
2076176,L-MAN,light,Arabika Manglayang Jawa Barat,B01,9,collecting,94,12302,2809,2795,8206,10369,2780,9640,15413,15797,14515,,
2077176,L-MAN,light,Arabika Manglayang Jawa Barat,B01,9,collecting,95,12305,2809,2795,8207,10369,2782,9640,15412,15797,14514,,
2078176,L-MAN,light,Arabika Manglayang Jawa Barat,B01,9,collecting,96,12310,2809,2796,8207,10369,2780,9640,15413,15797,14514,,
2079176,L-MAN,light,Arabika Manglayang Jawa Barat,B01,9,collecting,97,12316,2812,2796,8207,10370,2780,9641,15414,15798,14514,,
2080177,L-MAN,light,Arabika Manglayang Jawa Barat,B01,9,collecting,98,12325,2813,2798,8208,10370,2779,9640,15414,15799,14515,,
2081176,L-MAN,light,Arabika Manglayang Jawa Barat,B01,9,collecting,99,12334,2808,2797,8208,10369,2779,9639,15416,15799,14515,,
2082177,L-MAN,light,Arabika Manglayang Jawa Barat,B01,9,collecting,100,12346,2809,2797,8209,10369,2779,9639,15417,15800,14514,,
2083176,L-MAN,light,Arabika Manglayang Jawa Barat,B01,9,collecting,101,12356,2807,2799,8209,10369,2779,9638,15418,15801,14515,,
2084176,L-MAN,light,Arabika Manglayang Jawa Barat,B01,9,collecting,102,12367,2809,2797,8209,10369,2779,9637,15420,15802,14516,,
2085176,L-MAN,light,Arabika Manglayang Jawa Barat,B01,9,collecting,103,12378,2809,2797,8209,10368,2779,9637,15421,15803,14516,,
2086176,L-MAN,light,Arabika Manglayang Jawa Barat,B01,9,collecting,104,12389,2808,2796,8210,10369,2780,9637,15422,15804,14516,,
2087176,L-MAN,light,Arabika Manglayang Jawa Barat,B01,9,collecting,105,12400,2809,2795,8210,10369,2780,9636,15424,15805,14517,,
2088176,L-MAN,light,Arabika Manglayang Jawa Barat,B01,9,collecting,106,12410,2807,2800,8211,10369,2780,9635,15426,15806,14518,,
2089177,L-MAN,light,Arabika Manglayang Jawa Barat,B01,9,collecting,107,12420,2810,2797,8211,10369,2782,9636,15429,15808,14518,,
2090176,L-MAN,light,Arabika Manglayang Jawa Barat,B01,9,collecting,108,12429,2810,2798,8211,10369,2780,9635,15430,15809,14517,,
2091176,L-MAN,light,Arabika Manglayang Jawa Barat,B01,9,collecting,109,12439,2808,2798,8211,10368,2783,9633,15431,15809,14516,,
2092176,L-MAN,light,Arabika Manglayang Jawa Barat,B01,9,collecting,110,12448,2808,2795,8211,10367,2782,9631,15432,15809,14516,,
2093176,L-MAN,light,Arabika Manglayang Jawa Barat,B01,9,collecting,111,12457,2808,2798,8211,10366,2779,9629,15433,15810,14515,,
2094176,L-MAN,light,Arabika Manglayang Jawa Barat,B01,9,collecting,112,12466,2809,2796,8212,10365,2780,9628,15434,15810,14514,,
2095176,L-MAN,light,Arabika Manglayang Jawa Barat,B01,9,collecting,113,12477,2808,2796,8212,10364,2782,9627,15435,15811,14514,,
2096177,L-MAN,light,Arabika Manglayang Jawa Barat,B01,9,collecting,114,12486,2808,2801,8212,10363,2782,9624,15437,15811,14514,,
2097176,L-MAN,light,Arabika Manglayang Jawa Barat,B01,9,collecting,115,12497,2808,2797,8212,10362,2779,9622,15439,15811,14514,,
2098177,L-MAN,light,Arabika Manglayang Jawa Barat,B01,9,collecting,116,12506,2807,2797,8212,10361,2782,9619,15440,15812,14512,,
2099176,L-MAN,light,Arabika Manglayang Jawa Barat,B01,9,collecting,117,12514,2810,2794,8212,10360,2779,9617,15442,15812,14512,,
2100176,L-MAN,light,Arabika Manglayang Jawa Barat,B01,9,collecting,118,12522,2808,2797,8213,10359,2779,9614,15443,15813,14511,,
2101176,L-MAN,light,Arabika Manglayang Jawa Barat,B01,9,collecting,119,12530,2808,2796,8213,10356,2780,9613,15444,15812,14510,,
2102176,L-MAN,light,Arabika Manglayang Jawa Barat,B01,9,collecting,120,12536,2810,2797,8212,10354,2779,9611,15445,15812,14509,,
2103176,L-MAN,light,Arabika Manglayang Jawa Barat,B01,9,collecting,121,12542,2809,2797,8212,10353,2779,9608,15446,15812,14508,,
2104176,L-MAN,light,Arabika Manglayang Jawa Barat,B01,9,collecting,122,12546,2810,2798,8212,10350,2780,9604,15446,15811,14506,,
2105177,L-MAN,light,Arabika Manglayang Jawa Barat,B01,9,collecting,123,12550,2811,2797,8212,10348,2780,9602,15447,15810,14507,,
2106176,L-MAN,light,Arabika Manglayang Jawa Barat,B01,9,collecting,124,12552,2809,2796,8212,10347,2780,9600,15447,15809,14506,,
2107176,L-MAN,light,Arabika Manglayang Jawa Barat,B01,9,collecting,125,12552,2810,2796,8213,10347,2785,9598,15448,15808,14505,,
2108176,L-MAN,light,Arabika Manglayang Jawa Barat,B01,9,collecting,126,12552,2808,2795,8212,10346,2782,9596,15449,15808,14505,,
2109176,L-MAN,light,Arabika Manglayang Jawa Barat,B01,9,collecting,127,12551,2808,2797,8213,10345,2783,9596,15449,15807,14504,,
2110176,L-MAN,light,Arabika Manglayang Jawa Barat,B01,9,collecting,128,12551,2811,2798,8213,10344,2780,9595,15450,15807,14503,,
2111176,L-MAN,light,Arabika Manglayang Jawa Barat,B01,9,collecting,129,12549,2807,2795,8212,10343,2782,9595,15450,15806,14503,,
2112177,L-MAN,light,Arabika Manglayang Jawa Barat,B01,9,collecting,130,12549,2807,2798,8212,10343,2780,9595,15451,15805,14503,,
2113176,L-MAN,light,Arabika Manglayang Jawa Barat,B01,9,collecting,131,12548,2812,2796,8212,10342,2779,9595,15451,15805,14503,,
2114177,L-MAN,light,Arabika Manglayang Jawa Barat,B01,9,collecting,132,12548,2808,2802,8213,10343,2780,9594,15452,15804,14503,,
2115176,L-MAN,light,Arabika Manglayang Jawa Barat,B01,9,collecting,133,12547,2811,2796,8212,10343,2782,9593,15452,15804,14503,,
2116176,L-MAN,light,Arabika Manglayang Jawa Barat,B01,9,collecting,134,12548,2809,2797,8213,10342,2781,9592,15453,15804,14503,,
2117176,L-MAN,light,Arabika Manglayang Jawa Barat,B01,9,collecting,135,12549,2808,2801,8213,10342,2780,9592,15453,15804,14502,,
2118176,L-MAN,light,Arabika Manglayang Jawa Barat,B01,9,collecting,136,12552,2809,2797,8213,10341,2781,9592,15454,15804,14501,,
2119176,L-MAN,light,Arabika Manglayang Jawa Barat,B01,9,collecting,137,12554,2807,2795,8212,10340,2780,9591,15454,15804,14501,,
2120176,L-MAN,light,Arabika Manglayang Jawa Barat,B01,9,collecting,138,12556,2807,2795,8213,10340,2780,9590,15455,15804,14500,,
2121177,L-MAN,light,Arabika Manglayang Jawa Barat,B01,9,collecting,139,12557,2808,2800,8212,10340,2783,9589,15455,15804,14500,,
2122176,L-MAN,light,Arabika Manglayang Jawa Barat,B01,9,collecting,140,12558,2807,2799,8213,10340,2782,9589,15456,15804,14500,,
2123176,L-MAN,light,Arabika Manglayang Jawa Barat,B01,9,collecting,141,12558,2811,2799,8212,10339,2782,9588,15456,15804,14499,,
2124176,L-MAN,light,Arabika Manglayang Jawa Barat,B01,9,collecting,142,12559,2808,2797,8212,10338,2782,9587,15456,15803,14498,,
2125176,L-MAN,light,Arabika Manglayang Jawa Barat,B01,9,collecting,143,12558,2812,2797,8213,10336,2782,9586,15455,15803,14496,,
2126176,L-MAN,light,Arabika Manglayang Jawa Barat,B01,9,collecting,144,12555,2811,2797,8212,10335,2780,9582,15455,15803,14495,,
2127176,L-MAN,light,Arabika Manglayang Jawa Barat,B01,9,collecting,145,12551,2812,2798,8212,10332,2779,9580,15454,15800,14492,,
2128177,L-MAN,light,Arabika Manglayang Jawa Barat,B01,9,collecting,146,12547,2809,2795,8212,10330,2780,9579,15452,15799,14491,,
2129176,L-MAN,light,Arabika Manglayang Jawa Barat,B01,9,collecting,147,12543,2810,2798,8212,10328,2782,9578,15451,15797,14489,,
2130177,L-MAN,light,Arabika Manglayang Jawa Barat,B01,9,collecting,148,12537,2807,2795,8212,10326,2782,9576,15449,15795,14487,,
2131176,L-MAN,light,Arabika Manglayang Jawa Barat,B01,9,collecting,149,12530,2809,2799,8212,10324,2780,9574,15448,15793,14485,,
2132176,L-MAN,light,Arabika Manglayang Jawa Barat,B01,9,collecting,150,12524,2807,2795,8212,10323,2782,9571,15446,15790,14483,,
2133176,L-MAN,light,Arabika Manglayang Jawa Barat,B01,9,collecting,151,12515,2807,2798,8212,10321,2779,9570,15443,15788,14482,,
2134176,L-MAN,light,Arabika Manglayang Jawa Barat,B01,9,collecting,152,12507,2808,2795,8212,10320,2782,9568,15442,15786,14480,,
2135176,L-MAN,light,Arabika Manglayang Jawa Barat,B01,9,collecting,153,12500,2809,2797,8212,10319,2780,9567,15440,15785,14480,,
2136176,L-MAN,light,Arabika Manglayang Jawa Barat,B01,9,collecting,154,12491,2807,2795,8212,10319,2783,9568,15439,15783,14478,,
2137177,L-MAN,light,Arabika Manglayang Jawa Barat,B01,9,collecting,155,12484,2806,2797,8212,10317,2779,9567,15437,15782,14476,,
2138176,L-MAN,light,Arabika Manglayang Jawa Barat,B01,9,collecting,156,12476,2808,2795,8212,10317,2779,9565,15434,15780,14473,,
2139176,L-MAN,light,Arabika Manglayang Jawa Barat,B01,9,collecting,157,12469,2808,2797,8212,10315,2779,9563,15432,15779,14471,,
2140176,L-MAN,light,Arabika Manglayang Jawa Barat,B01,9,collecting,158,12462,2812,2799,8212,10313,2780,9561,15429,15776,14468,,
2141176,L-MAN,light,Arabika Manglayang Jawa Barat,B01,9,collecting,159,12454,2811,2801,8212,10311,2782,9560,15427,15773,14467,,
2142176,L-MAN,light,Arabika Manglayang Jawa Barat,B01,9,collecting,160,12447,2808,2799,8212,10309,2780,9559,15425,15772,14463,,
2143176,L-MAN,light,Arabika Manglayang Jawa Barat,B01,9,collecting,161,12439,2809,2798,8212,10307,2780,9556,15422,15770,14460,,
2144177,L-MAN,light,Arabika Manglayang Jawa Barat,B01,9,collecting,162,12431,2808,2797,8213,10304,2779,9553,15419,15767,14457,,
2145176,L-MAN,light,Arabika Manglayang Jawa Barat,B01,9,collecting,163,12423,2807,2799,8213,10302,2780,9551,15416,15765,14454,,
2146177,L-MAN,light,Arabika Manglayang Jawa Barat,B01,9,collecting,164,12417,2808,2796,8212,10299,2782,9548,15413,15762,14452,,
2147176,L-MAN,light,Arabika Manglayang Jawa Barat,B01,9,collecting,165,12411,2807,2797,8213,10298,2780,9547,15411,15760,14450,,
2148176,L-MAN,light,Arabika Manglayang Jawa Barat,B01,9,collecting,166,12406,2810,2798,8213,10296,2780,9546,15408,15758,14449,,
2149176,L-MAN,light,Arabika Manglayang Jawa Barat,B01,9,collecting,167,12401,2809,2796,8213,10295,2782,9546,15407,15756,14448,,
2150176,L-MAN,light,Arabika Manglayang Jawa Barat,B01,9,collecting,168,12398,2807,2798,8213,10294,2780,9547,15406,15754,14447,,
2151176,L-MAN,light,Arabika Manglayang Jawa Barat,B01,9,collecting,169,12396,2811,2798,8212,10293,2779,9546,15405,15753,14445,,
2152176,L-MAN,light,Arabika Manglayang Jawa Barat,B01,9,collecting,170,12395,2808,2797,8212,10292,2779,9546,15404,15751,14444,,
2153177,L-MAN,light,Arabika Manglayang Jawa Barat,B01,9,collecting,171,12395,2807,2797,8212,10290,2779,9546,15403,15750,14443,,
2154176,L-MAN,light,Arabika Manglayang Jawa Barat,B01,9,collecting,172,12395,2808,2798,8212,10289,2780,9544,15403,15748,14442,,
2155176,L-MAN,light,Arabika Manglayang Jawa Barat,B01,9,collecting,173,12394,2811,2796,8212,10289,2780,9544,15402,15747,14440,,
2156176,L-MAN,light,Arabika Manglayang Jawa Barat,B01,9,collecting,174,12395,2809,2799,8212,10287,2781,9543,15402,15745,14439,,
2157176,L-MAN,light,Arabika Manglayang Jawa Barat,B01,9,collecting,175,12396,2808,2798,8212,10286,2779,9542,15401,15744,14438,,
2158176,L-MAN,light,Arabika Manglayang Jawa Barat,B01,9,collecting,176,12398,2809,2798,8211,10285,2780,9542,15400,15743,14438,,
2159176,L-MAN,light,Arabika Manglayang Jawa Barat,B01,9,collecting,177,12402,2810,2798,8211,10284,2782,9542,15401,15742,14436,,
2160177,L-MAN,light,Arabika Manglayang Jawa Barat,B01,9,collecting,178,12405,2809,2795,8211,10284,2782,9541,15400,15742,14436,,
2161176,L-MAN,light,Arabika Manglayang Jawa Barat,B01,9,collecting,179,12407,2810,2795,8211,10283,2782,9540,15401,15741,14435,,
2162177,L-MAN,light,Arabika Manglayang Jawa Barat,B01,9,collecting,180,12408,2808,2795,8212,10282,2780,9539,15401,15740,14434,,
2163179,L-MAN,light,Arabika Manglayang Jawa Barat,B01,10,purging,1,12407,2808,2797,8212,10281,2780,9538,15400,15739,14435,,
2164176,L-MAN,light,Arabika Manglayang Jawa Barat,B01,10,purging,2,12402,2809,2797,8212,10280,2782,9539,15401,15738,14437,,
2165176,L-MAN,light,Arabika Manglayang Jawa Barat,B01,10,purging,3,12369,2809,2795,8212,10275,2779,9533,15394,15736,14425,,
2166176,L-MAN,light,Arabika Manglayang Jawa Barat,B01,10,purging,4,12307,2808,2795,8211,10264,2783,9521,15376,15726,14410,,
2167176,L-MAN,light,Arabika Manglayang Jawa Barat,B01,10,purging,5,12225,2810,2799,8211,10251,2783,9507,15354,15712,14393,,
2168176,L-MAN,light,Arabika Manglayang Jawa Barat,B01,10,purging,6,12132,2808,2799,8211,10236,2781,9493,15330,15696,14376,,
2169177,L-MAN,light,Arabika Manglayang Jawa Barat,B01,10,purging,7,12035,2807,2798,8211,10221,2782,9480,15305,15678,14360,,
2170176,L-MAN,light,Arabika Manglayang Jawa Barat,B01,10,purging,8,11938,2807,2798,8210,10207,2780,9469,15281,15659,14343,,
2171176,L-MAN,light,Arabika Manglayang Jawa Barat,B01,10,purging,9,11843,2807,2800,8210,10194,2779,9459,15258,15641,14327,,
2172176,L-MAN,light,Arabika Manglayang Jawa Barat,B01,10,purging,10,11752,2812,2795,8209,10181,2779,9450,15235,15623,14311,,
2173176,L-MAN,light,Arabika Manglayang Jawa Barat,B01,10,purging,11,11668,2814,2797,8209,10170,2782,9441,15215,15606,14298,,
2174176,L-MAN,light,Arabika Manglayang Jawa Barat,B01,10,purging,12,11589,2807,2798,8208,10159,2780,9433,15195,15589,14285,,
2175176,L-MAN,light,Arabika Manglayang Jawa Barat,B01,10,purging,13,11518,2807,2797,8208,10148,2782,9427,15176,15574,14272,,
2176177,L-MAN,light,Arabika Manglayang Jawa Barat,B01,10,purging,14,11453,2809,2796,8208,10140,2779,9422,15159,15560,14260,,
2177176,L-MAN,light,Arabika Manglayang Jawa Barat,B01,10,purging,15,11395,2806,2799,8207,10132,2781,9417,15143,15546,14249,,
2178177,L-MAN,light,Arabika Manglayang Jawa Barat,B01,10,purging,16,11343,2806,2799,8207,10125,2779,9413,15127,15533,14238,,
2179176,L-MAN,light,Arabika Manglayang Jawa Barat,B01,10,purging,17,11295,2808,2797,8206,10117,2782,9408,15112,15521,14227,,
2180176,L-MAN,light,Arabika Manglayang Jawa Barat,B01,10,purging,18,11250,2808,2798,8206,10110,2780,9403,15098,15509,14218,,
2181176,L-MAN,light,Arabika Manglayang Jawa Barat,B01,10,purging,19,11211,2808,2795,8205,10103,2779,9400,15084,15498,14209,,
2182176,L-MAN,light,Arabika Manglayang Jawa Barat,B01,10,purging,20,11176,2806,2799,8205,10098,2780,9398,15071,15487,14200,,
2183176,L-MAN,light,Arabika Manglayang Jawa Barat,B01,10,purging,21,11144,2809,2795,8204,10091,2780,9393,15059,15478,14191,,
2184176,L-MAN,light,Arabika Manglayang Jawa Barat,B01,10,purging,22,11115,2807,2798,8203,10085,2779,9389,15047,15468,14182,,
2185177,L-MAN,light,Arabika Manglayang Jawa Barat,B01,10,purging,23,11088,2807,2795,8202,10078,2780,9387,15035,15458,14173,,
2186176,L-MAN,light,Arabika Manglayang Jawa Barat,B01,10,purging,24,11064,2809,2798,8202,10073,2779,9384,15024,15448,14166,,
2187176,L-MAN,light,Arabika Manglayang Jawa Barat,B01,10,purging,25,11041,2808,2797,8202,10068,2779,9381,15013,15440,14158,,
2188176,L-MAN,light,Arabika Manglayang Jawa Barat,B01,10,purging,26,11020,2809,2797,8201,10063,2780,9378,15003,15431,14150,,
2189176,L-MAN,light,Arabika Manglayang Jawa Barat,B01,10,purging,27,11001,2807,2797,8201,10057,2779,9376,14993,15424,14144,,
2190176,L-MAN,light,Arabika Manglayang Jawa Barat,B01,10,purging,28,10983,2809,2798,8200,10054,2779,9374,14984,15416,14137,,
2191176,L-MAN,light,Arabika Manglayang Jawa Barat,B01,10,purging,29,10966,2806,2796,8200,10049,2779,9373,14975,15409,14131,,
2192177,L-MAN,light,Arabika Manglayang Jawa Barat,B01,10,purging,30,10949,2806,2795,8198,10045,2780,9371,14966,15402,14124,,
2193176,L-MAN,light,Arabika Manglayang Jawa Barat,B01,10,purging,31,10936,2806,2798,8198,10041,2782,9370,14957,15394,14118,,
2194177,L-MAN,light,Arabika Manglayang Jawa Barat,B01,10,purging,32,10922,2806,2798,8197,10037,2779,9367,14949,15388,14112,,
2195176,L-MAN,light,Arabika Manglayang Jawa Barat,B01,10,purging,33,10910,2806,2797,8197,10033,2782,9366,14940,15381,14105,,
2196176,L-MAN,light,Arabika Manglayang Jawa Barat,B01,10,purging,34,10898,2808,2798,8197,10028,2782,9363,14932,15374,14099,,
2197176,L-MAN,light,Arabika Manglayang Jawa Barat,B01,10,purging,35,10887,2809,2797,8196,10024,2782,9361,14924,15368,14094,,
2198176,L-MAN,light,Arabika Manglayang Jawa Barat,B01,10,purging,36,10875,2809,2796,8195,10020,2780,9359,14916,15361,14088,,
2199176,L-MAN,light,Arabika Manglayang Jawa Barat,B01,10,purging,37,10865,2809,2798,8195,10017,2779,9358,14909,15355,14084,,
2200176,L-MAN,light,Arabika Manglayang Jawa Barat,B01,10,purging,38,10855,2807,2799,8194,10014,2779,9357,14903,15349,14079,,
2201177,L-MAN,light,Arabika Manglayang Jawa Barat,B01,10,purging,39,10846,2809,2796,8194,10012,2779,9356,14896,15344,14075,,
2202176,L-MAN,light,Arabika Manglayang Jawa Barat,B01,10,purging,40,10837,2809,2799,8193,10009,2780,9355,14889,15339,14070,,
2203176,L-MAN,light,Arabika Manglayang Jawa Barat,B01,10,purging,41,10829,2811,2795,8193,10006,2782,9354,14882,15334,14064,,
2204176,L-MAN,light,Arabika Manglayang Jawa Barat,B01,10,purging,42,10819,2809,2796,8193,10004,2782,9352,14875,15330,14060,,
2205176,L-MAN,light,Arabika Manglayang Jawa Barat,B01,10,purging,43,10811,2808,2796,8193,10001,2781,9351,14868,15325,14055,,
2206176,L-MAN,light,Arabika Manglayang Jawa Barat,B01,10,purging,44,10803,2808,2795,8193,10000,2779,9351,14862,15321,14052,,
2207176,L-MAN,light,Arabika Manglayang Jawa Barat,B01,10,purging,45,10794,2808,2795,8192,9997,2783,9350,14855,15317,14047,,
2208177,L-MAN,light,Arabika Manglayang Jawa Barat,B01,10,purging,46,10786,2809,2799,8192,9994,2780,9348,14849,15312,14043,,
2209176,L-MAN,light,Arabika Manglayang Jawa Barat,B01,10,purging,47,10777,2807,2795,8191,9991,2779,9347,14843,15308,14039,,
2210177,L-MAN,light,Arabika Manglayang Jawa Barat,B01,10,purging,48,10768,2809,2798,8191,9987,2780,9346,14837,15302,14034,,
2211176,L-MAN,light,Arabika Manglayang Jawa Barat,B01,10,purging,49,10758,2804,2797,8190,9983,2780,9344,14830,15297,14030,,
2212176,L-MAN,light,Arabika Manglayang Jawa Barat,B01,10,purging,50,10747,2805,2796,8190,9981,2780,9343,14824,15291,14027,,
2213176,L-MAN,light,Arabika Manglayang Jawa Barat,B01,10,purging,51,10738,2805,2796,8190,9979,2779,9343,14818,15287,14024,,
2214176,L-MAN,light,Arabika Manglayang Jawa Barat,B01,10,purging,52,10729,2806,2798,8190,9978,2779,9344,14813,15283,14022,,
2215176,L-MAN,light,Arabika Manglayang Jawa Barat,B01,10,purging,53,10720,2807,2800,8189,9979,2780,9346,14808,15280,14024,,
2216176,L-MAN,light,Arabika Manglayang Jawa Barat,B01,10,purging,54,10711,2804,2795,8189,9981,2779,9351,14805,15279,14024,,
2217177,L-MAN,light,Arabika Manglayang Jawa Barat,B01,10,purging,55,10701,2805,2798,8189,9983,2782,9354,14801,15278,14020,,
2218176,L-MAN,light,Arabika Manglayang Jawa Barat,B01,10,purging,56,10694,2807,2802,8189,9982,2780,9355,14795,15276,14014,,
2219176,L-MAN,light,Arabika Manglayang Jawa Barat,B01,10,purging,57,10687,2806,2797,8188,9979,2779,9352,14788,15272,14009,,
2220176,L-MAN,light,Arabika Manglayang Jawa Barat,B01,10,purging,58,10681,2807,2795,8189,9976,2780,9350,14782,15268,14006,,
2221176,L-MAN,light,Arabika Manglayang Jawa Barat,B01,10,purging,59,10674,2806,2796,8188,9974,2779,9350,14777,15264,14002,,
2222176,L-MAN,light,Arabika Manglayang Jawa Barat,B01,10,purging,60,10668,2807,2801,8188,9971,2780,9348,14771,15260,14002,,
2223179,L-MAN,light,Arabika Manglayang Jawa Barat,B01,10,collecting,1,10662,2807,2798,8188,9971,2780,9351,14769,15257,14004,,
2224177,L-MAN,light,Arabika Manglayang Jawa Barat,B01,10,collecting,2,10657,2805,2798,8188,9971,2780,9352,14767,15255,14003,,
2225176,L-MAN,light,Arabika Manglayang Jawa Barat,B01,10,collecting,3,10657,2805,2797,8187,9980,2779,9364,14771,15255,14036,,
2226177,L-MAN,light,Arabika Manglayang Jawa Barat,B01,10,collecting,4,10663,2805,2795,8187,10000,2779,9394,14789,15263,14068,,
2227176,L-MAN,light,Arabika Manglayang Jawa Barat,B01,10,collecting,5,10691,2806,2795,8187,10031,2782,9433,14812,15277,14091,,
2228176,L-MAN,light,Arabika Manglayang Jawa Barat,B01,10,collecting,6,10881,2811,2796,8187,10082,2783,9496,14855,15307,14143,,
2229176,L-MAN,light,Arabika Manglayang Jawa Barat,B01,10,collecting,7,11240,2808,2798,8187,10145,2780,9561,14935,15366,14205,,
2230176,L-MAN,light,Arabika Manglayang Jawa Barat,B01,10,collecting,8,11648,2808,2795,8188,10207,2780,9617,15033,15439,14274,,
2231176,L-MAN,light,Arabika Manglayang Jawa Barat,B01,10,collecting,9,12020,2808,2797,8188,10263,2779,9663,15128,15514,14338,,
2232176,L-MAN,light,Arabika Manglayang Jawa Barat,B01,10,collecting,10,12338,2808,2796,8189,10313,2780,9704,15214,15585,14393,,
2233177,L-MAN,light,Arabika Manglayang Jawa Barat,B01,10,collecting,11,12625,2811,2799,8190,10360,2781,9739,15295,15654,14449,,
2234176,L-MAN,light,Arabika Manglayang Jawa Barat,B01,10,collecting,12,12867,2810,2797,8190,10398,2782,9765,15367,15719,14493,,
2235176,L-MAN,light,Arabika Manglayang Jawa Barat,B01,10,collecting,13,13058,2812,2798,8192,10426,2782,9779,15425,15774,14525,,
2236176,L-MAN,light,Arabika Manglayang Jawa Barat,B01,10,collecting,14,13204,2811,2799,8192,10445,2780,9785,15469,15818,14550,,
2237176,L-MAN,light,Arabika Manglayang Jawa Barat,B01,10,collecting,15,13313,2813,2796,8193,10458,2780,9786,15505,15853,14570,,
2238176,L-MAN,light,Arabika Manglayang Jawa Barat,B01,10,collecting,16,13395,2812,2798,8194,10467,2780,9783,15533,15881,14585,,
2239176,L-MAN,light,Arabika Manglayang Jawa Barat,B01,10,collecting,17,13455,2812,2800,8195,10472,2780,9778,15556,15903,14598,,
2240177,L-MAN,light,Arabika Manglayang Jawa Barat,B01,10,collecting,18,13499,2811,2795,8196,10474,2783,9771,15575,15921,14608,,
2241176,L-MAN,light,Arabika Manglayang Jawa Barat,B01,10,collecting,19,13525,2813,2797,8196,10474,2780,9763,15588,15933,14615,,
2242177,L-MAN,light,Arabika Manglayang Jawa Barat,B01,10,collecting,20,13536,2812,2795,8196,10471,2783,9752,15598,15942,14618,,
2243176,L-MAN,light,Arabika Manglayang Jawa Barat,B01,10,collecting,21,13532,2812,2798,8195,10467,2779,9739,15603,15947,14619,,
2244176,L-MAN,light,Arabika Manglayang Jawa Barat,B01,10,collecting,22,13518,2811,2796,8196,10461,2780,9727,15605,15950,14617,,
2245176,L-MAN,light,Arabika Manglayang Jawa Barat,B01,10,collecting,23,13496,2811,2797,8196,10455,2779,9715,15604,15949,14615,,
2246176,L-MAN,light,Arabika Manglayang Jawa Barat,B01,10,collecting,24,13469,2808,2796,8197,10448,2780,9702,15602,15947,14610,,
2247176,L-MAN,light,Arabika Manglayang Jawa Barat,B01,10,collecting,25,13437,2812,2800,8198,10439,2782,9690,15598,15942,14606,,
2248176,L-MAN,light,Arabika Manglayang Jawa Barat,B01,10,collecting,26,13404,2809,2796,8198,10432,2780,9679,15594,15937,14600,,
2249177,L-MAN,light,Arabika Manglayang Jawa Barat,B01,10,collecting,27,13370,2812,2797,8198,10423,2779,9667,15589,15931,14594,,
2250176,L-MAN,light,Arabika Manglayang Jawa Barat,B01,10,collecting,28,13337,2811,2795,8199,10414,2779,9657,15584,15924,14588,,
2251176,L-MAN,light,Arabika Manglayang Jawa Barat,B01,10,collecting,29,13303,2812,2800,8199,10405,2783,9647,15578,15917,14581,,
2252176,L-MAN,light,Arabika Manglayang Jawa Barat,B01,10,collecting,30,13270,2811,2795,8199,10397,2782,9636,15573,15910,14576,,
2253176,L-MAN,light,Arabika Manglayang Jawa Barat,B01,10,collecting,31,13239,2807,2801,8200,10390,2780,9627,15569,15902,14570,,
2254176,L-MAN,light,Arabika Manglayang Jawa Barat,B01,10,collecting,32,13208,2812,2797,8200,10383,2782,9617,15564,15896,14565,,
2255176,L-MAN,light,Arabika Manglayang Jawa Barat,B01,10,collecting,33,13180,2811,2795,8200,10376,2779,9609,15560,15888,14558,,
2256177,L-MAN,light,Arabika Manglayang Jawa Barat,B01,10,collecting,34,13154,2813,2798,8201,10369,2782,9601,15555,15881,14552,,
2257176,L-MAN,light,Arabika Manglayang Jawa Barat,B01,10,collecting,35,13130,2813,2795,8200,10362,2780,9594,15551,15875,14547,,
2258177,L-MAN,light,Arabika Manglayang Jawa Barat,B01,10,collecting,36,13107,2806,2796,8201,10356,2779,9588,15547,15868,14541,,
2259176,L-MAN,light,Arabika Manglayang Jawa Barat,B01,10,collecting,37,13086,2811,2795,8201,10350,2779,9580,15543,15862,14536,,
2260176,L-MAN,light,Arabika Manglayang Jawa Barat,B01,10,collecting,38,13067,2810,2795,8201,10345,2780,9575,15539,15855,14532,,
2261176,L-MAN,light,Arabika Manglayang Jawa Barat,B01,10,collecting,39,13048,2809,2797,8202,10340,2780,9569,15536,15850,14527,,
2262176,L-MAN,light,Arabika Manglayang Jawa Barat,B01,10,collecting,40,13031,2810,2797,8202,10334,2782,9564,15533,15844,14522,,
2263176,L-MAN,light,Arabika Manglayang Jawa Barat,B01,10,collecting,41,13016,2811,2798,8201,10330,2779,9560,15530,15838,14517,,
2264176,L-MAN,light,Arabika Manglayang Jawa Barat,B01,10,collecting,42,13002,2809,2797,8201,10325,2780,9555,15527,15833,14513,,
2265177,L-MAN,light,Arabika Manglayang Jawa Barat,B01,10,collecting,43,12989,2808,2796,8201,10320,2779,9549,15524,15828,14508,,
2266176,L-MAN,light,Arabika Manglayang Jawa Barat,B01,10,collecting,44,12976,2811,2797,8201,10316,2779,9544,15521,15823,14504,,
2267176,L-MAN,light,Arabika Manglayang Jawa Barat,B01,10,collecting,45,12965,2808,2795,8201,10311,2779,9540,15518,15818,14499,,
2268176,L-MAN,light,Arabika Manglayang Jawa Barat,B01,10,collecting,46,12952,2810,2796,8201,10307,2782,9535,15515,15813,14496,,
2269176,L-MAN,light,Arabika Manglayang Jawa Barat,B01,10,collecting,47,12941,2809,2795,8201,10303,2779,9531,15513,15809,14491,,
2270176,L-MAN,light,Arabika Manglayang Jawa Barat,B01,10,collecting,48,12930,2810,2798,8201,10299,2780,9528,15511,15805,14488,,
2271176,L-MAN,light,Arabika Manglayang Jawa Barat,B01,10,collecting,49,12922,2809,2797,8201,10297,2779,9525,15508,15802,14485,,
2272177,L-MAN,light,Arabika Manglayang Jawa Barat,B01,10,collecting,50,12913,2808,2796,8201,10293,2779,9522,15507,15797,14481,,
2273176,L-MAN,light,Arabika Manglayang Jawa Barat,B01,10,collecting,51,12905,2808,2795,8201,10290,2780,9518,15505,15794,14477,,
2274177,L-MAN,light,Arabika Manglayang Jawa Barat,B01,10,collecting,52,12899,2808,2796,8201,10287,2779,9514,15503,15790,14473,,
2275176,L-MAN,light,Arabika Manglayang Jawa Barat,B01,10,collecting,53,12892,2811,2795,8200,10284,2779,9512,15501,15787,14470,,
2276176,L-MAN,light,Arabika Manglayang Jawa Barat,B01,10,collecting,54,12887,2808,2795,8200,10281,2779,9509,15500,15784,14467,,
2277176,L-MAN,light,Arabika Manglayang Jawa Barat,B01,10,collecting,55,12882,2811,2797,8200,10279,2779,9507,15498,15781,14464,,
2278176,L-MAN,light,Arabika Manglayang Jawa Barat,B01,10,collecting,56,12877,2810,2796,8200,10277,2779,9504,15497,15778,14461,,
2279176,L-MAN,light,Arabika Manglayang Jawa Barat,B01,10,collecting,57,12871,2809,2801,8200,10274,2779,9501,15496,15776,14459,,
2280176,L-MAN,light,Arabika Manglayang Jawa Barat,B01,10,collecting,58,12867,2809,2797,8199,10272,2780,9499,15495,15774,14455,,
2281177,L-MAN,light,Arabika Manglayang Jawa Barat,B01,10,collecting,59,12864,2811,2795,8199,10269,2780,9495,15494,15771,14452,,
2282176,L-MAN,light,Arabika Manglayang Jawa Barat,B01,10,collecting,60,12859,2808,2797,8199,10266,2780,9492,15492,15768,14449,,
2283176,L-MAN,light,Arabika Manglayang Jawa Barat,B01,10,collecting,61,12855,2808,2797,8199,10263,2779,9491,15491,15766,14446,,
2284176,L-MAN,light,Arabika Manglayang Jawa Barat,B01,10,collecting,62,12850,2809,2798,8199,10262,2779,9488,15489,15763,14444,,
2285176,L-MAN,light,Arabika Manglayang Jawa Barat,B01,10,collecting,63,12844,2806,2795,8199,10261,2782,9486,15488,15761,14442,,
2286176,L-MAN,light,Arabika Manglayang Jawa Barat,B01,10,collecting,64,12839,2807,2795,8199,10260,2783,9486,15487,15761,14440,,
2287176,L-MAN,light,Arabika Manglayang Jawa Barat,B01,10,collecting,65,12832,2809,2795,8199,10260,2779,9485,15485,15759,14438,,
2288177,L-MAN,light,Arabika Manglayang Jawa Barat,B01,10,collecting,66,12825,2807,2793,8199,10259,2782,9484,15484,15758,14435,,
2289176,L-MAN,light,Arabika Manglayang Jawa Barat,B01,10,collecting,67,12820,2810,2796,8199,10258,2782,9482,15482,15757,14433,,
2290177,L-MAN,light,Arabika Manglayang Jawa Barat,B01,10,collecting,68,12815,2807,2796,8199,10256,2780,9481,15481,15755,14431,,
2291176,L-MAN,light,Arabika Manglayang Jawa Barat,B01,10,collecting,69,12810,2811,2799,8199,10255,2782,9480,15480,15754,14430,,
2292176,L-MAN,light,Arabika Manglayang Jawa Barat,B01,10,collecting,70,12805,2807,2796,8199,10254,2779,9478,15479,15753,14428,,
2293176,L-MAN,light,Arabika Manglayang Jawa Barat,B01,10,collecting,71,12799,2807,2798,8199,10253,2780,9476,15477,15752,14426,,
2294176,L-MAN,light,Arabika Manglayang Jawa Barat,B01,10,collecting,72,12794,2809,2797,8199,10252,2783,9474,15476,15749,14425,,
2295176,L-MAN,light,Arabika Manglayang Jawa Barat,B01,10,collecting,73,12788,2808,2795,8200,10251,2779,9474,15475,15749,14424,,
2296176,L-MAN,light,Arabika Manglayang Jawa Barat,B01,10,collecting,74,12783,2807,2796,8199,10251,2783,9475,15474,15747,14422,,
2297177,L-MAN,light,Arabika Manglayang Jawa Barat,B01,10,collecting,75,12777,2805,2795,8199,10250,2780,9476,15473,15747,14421,,
2298176,L-MAN,light,Arabika Manglayang Jawa Barat,B01,10,collecting,76,12774,2809,2797,8199,10250,2779,9475,15473,15746,14420,,
2299176,L-MAN,light,Arabika Manglayang Jawa Barat,B01,10,collecting,77,12770,2812,2798,8199,10250,2779,9474,15471,15745,14418,,
2300176,L-MAN,light,Arabika Manglayang Jawa Barat,B01,10,collecting,78,12765,2809,2798,8199,10249,2783,9475,15470,15745,14416,,
2301176,L-MAN,light,Arabika Manglayang Jawa Barat,B01,10,collecting,79,12761,2810,2795,8199,10248,2782,9473,15468,15744,14414,,
2302176,L-MAN,light,Arabika Manglayang Jawa Barat,B01,10,collecting,80,12756,2811,2798,8199,10248,2779,9472,15467,15744,14413,,
2303176,L-MAN,light,Arabika Manglayang Jawa Barat,B01,10,collecting,81,12752,2811,2797,8199,10248,2782,9472,15465,15743,14412,,
2304177,L-MAN,light,Arabika Manglayang Jawa Barat,B01,10,collecting,82,12747,2807,2794,8199,10247,2782,9472,15465,15742,14410,,
2305176,L-MAN,light,Arabika Manglayang Jawa Barat,B01,10,collecting,83,12743,2810,2797,8199,10247,2782,9471,15464,15742,14410,,
2306177,L-MAN,light,Arabika Manglayang Jawa Barat,B01,10,collecting,84,12740,2810,2795,8198,10247,2782,9471,15463,15742,14410,,
2307176,L-MAN,light,Arabika Manglayang Jawa Barat,B01,10,collecting,85,12736,2810,2797,8198,10247,2779,9471,15462,15742,14408,,
2308176,L-MAN,light,Arabika Manglayang Jawa Barat,B01,10,collecting,86,12731,2808,2797,8198,10247,2782,9471,15461,15741,14406,,
2309176,L-MAN,light,Arabika Manglayang Jawa Barat,B01,10,collecting,87,12726,2809,2796,8198,10246,2779,9469,15459,15740,14404,,
2310176,L-MAN,light,Arabika Manglayang Jawa Barat,B01,10,collecting,88,12721,2809,2796,8198,10244,2785,9467,15457,15739,14401,,
2311176,L-MAN,light,Arabika Manglayang Jawa Barat,B01,10,collecting,89,12715,2805,2795,8198,10241,2785,9465,15456,15738,14399,,
2312176,L-MAN,light,Arabika Manglayang Jawa Barat,B01,10,collecting,90,12711,2807,2797,8198,10239,2780,9464,15454,15736,14397,,
2313177,L-MAN,light,Arabika Manglayang Jawa Barat,B01,10,collecting,91,12707,2810,2801,8198,10237,2782,9462,15452,15734,14395,,
2314176,L-MAN,light,Arabika Manglayang Jawa Barat,B01,10,collecting,92,12702,2812,2795,8198,10235,2782,9461,15451,15732,14392,,
2315176,L-MAN,light,Arabika Manglayang Jawa Barat,B01,10,collecting,93,12698,2807,2797,8198,10232,2779,9459,15448,15730,14389,,
2316176,L-MAN,light,Arabika Manglayang Jawa Barat,B01,10,collecting,94,12694,2808,2796,8197,10230,2779,9457,15446,15728,14387,,
2317176,L-MAN,light,Arabika Manglayang Jawa Barat,B01,10,collecting,95,12691,2808,2797,8197,10228,2779,9454,15445,15726,14385,,
2318176,L-MAN,light,Arabika Manglayang Jawa Barat,B01,10,collecting,96,12689,2809,2799,8196,10227,2782,9452,15444,15724,14383,,
2319176,L-MAN,light,Arabika Manglayang Jawa Barat,B01,10,collecting,97,12687,2808,2798,8197,10226,2779,9450,15443,15723,14381,,
2320177,L-MAN,light,Arabika Manglayang Jawa Barat,B01,10,collecting,98,12685,2810,2797,8197,10225,2779,9451,15442,15722,14380,,
2321176,L-MAN,light,Arabika Manglayang Jawa Barat,B01,10,collecting,99,12684,2810,2796,8196,10224,2779,9450,15442,15721,14379,,
2322177,L-MAN,light,Arabika Manglayang Jawa Barat,B01,10,collecting,100,12682,2809,2797,8196,10223,2779,9450,15440,15720,14377,,
2323176,L-MAN,light,Arabika Manglayang Jawa Barat,B01,10,collecting,101,12681,2806,2798,8196,10221,2781,9449,15440,15719,14376,,
2324176,L-MAN,light,Arabika Manglayang Jawa Barat,B01,10,collecting,102,12681,2807,2796,8196,10221,2779,9448,15439,15718,14374,,
2325176,L-MAN,light,Arabika Manglayang Jawa Barat,B01,10,collecting,103,12682,2805,2795,8195,10219,2783,9448,15439,15718,14373,,
2326176,L-MAN,light,Arabika Manglayang Jawa Barat,B01,10,collecting,104,12683,2807,2796,8195,10219,2781,9447,15439,15716,14372,,
2327176,L-MAN,light,Arabika Manglayang Jawa Barat,B01,10,collecting,105,12683,2807,2796,8195,10219,2779,9445,15438,15717,14373,,
2328176,L-MAN,light,Arabika Manglayang Jawa Barat,B01,10,collecting,106,12683,2807,2798,8195,10218,2783,9446,15438,15716,14372,,
2329177,L-MAN,light,Arabika Manglayang Jawa Barat,B01,10,collecting,107,12683,2808,2795,8195,10218,2782,9446,15438,15716,14371,,
2330176,L-MAN,light,Arabika Manglayang Jawa Barat,B01,10,collecting,108,12683,2807,2795,8195,10218,2782,9445,15438,15716,14370,,
2331176,L-MAN,light,Arabika Manglayang Jawa Barat,B01,10,collecting,109,12683,2806,2798,8195,10217,2782,9444,15438,15716,14369,,
2332176,L-MAN,light,Arabika Manglayang Jawa Barat,B01,10,collecting,110,12683,2806,2796,8195,10216,2782,9444,15437,15715,14368,,
2333176,L-MAN,light,Arabika Manglayang Jawa Barat,B01,10,collecting,111,12682,2810,2796,8195,10216,2779,9444,15437,15714,14368,,
2334176,L-MAN,light,Arabika Manglayang Jawa Barat,B01,10,collecting,112,12680,2810,2796,8195,10215,2779,9443,15437,15714,14368,,
2335176,L-MAN,light,Arabika Manglayang Jawa Barat,B01,10,collecting,113,12678,2808,2795,8195,10214,2779,9443,15436,15713,14367,,
2336177,L-MAN,light,Arabika Manglayang Jawa Barat,B01,10,collecting,114,12678,2807,2795,8194,10214,2779,9442,15437,15713,14366,,
2337176,L-MAN,light,Arabika Manglayang Jawa Barat,B01,10,collecting,115,12677,2808,2795,8194,10213,2782,9443,15436,15712,14365,,
2338177,L-MAN,light,Arabika Manglayang Jawa Barat,B01,10,collecting,116,12676,2808,2797,8193,10212,2782,9442,15436,15712,14364,,
2339176,L-MAN,light,Arabika Manglayang Jawa Barat,B01,10,collecting,117,12675,2809,2797,8193,10212,2782,9443,15435,15711,14364,,
2340176,L-MAN,light,Arabika Manglayang Jawa Barat,B01,10,collecting,118,12675,2807,2795,8193,10211,2782,9442,15434,15710,14362,,
2341176,L-MAN,light,Arabika Manglayang Jawa Barat,B01,10,collecting,119,12673,2808,2795,8193,10209,2785,9442,15433,15710,14362,,
2342176,L-MAN,light,Arabika Manglayang Jawa Barat,B01,10,collecting,120,12672,2807,2799,8193,10210,2782,9443,15433,15710,14362,,
2343176,L-MAN,light,Arabika Manglayang Jawa Barat,B01,10,collecting,121,12670,2808,2796,8193,10211,2782,9444,15434,15710,14362,,
2344176,L-MAN,light,Arabika Manglayang Jawa Barat,B01,10,collecting,122,12669,2807,2796,8193,10211,2783,9444,15434,15710,14361,,
2345177,L-MAN,light,Arabika Manglayang Jawa Barat,B01,10,collecting,123,12667,2806,2797,8192,10211,2782,9444,15434,15709,14361,,
2346176,L-MAN,light,Arabika Manglayang Jawa Barat,B01,10,collecting,124,12664,2809,2795,8192,10211,2780,9444,15433,15710,14360,,
2347176,L-MAN,light,Arabika Manglayang Jawa Barat,B01,10,collecting,125,12662,2808,2795,8192,10211,2782,9444,15433,15710,14361,,
2348176,L-MAN,light,Arabika Manglayang Jawa Barat,B01,10,collecting,126,12661,2811,2796,8192,10211,2781,9444,15432,15710,14360,,
2349176,L-MAN,light,Arabika Manglayang Jawa Barat,B01,10,collecting,127,12659,2807,2799,8192,10211,2782,9444,15432,15710,14360,,
2350176,L-MAN,light,Arabika Manglayang Jawa Barat,B01,10,collecting,128,12657,2806,2795,8192,10212,2783,9444,15433,15710,14359,,
2351176,L-MAN,light,Arabika Manglayang Jawa Barat,B01,10,collecting,129,12655,2808,2796,8192,10212,2779,9444,15432,15710,14359,,
2352177,L-MAN,light,Arabika Manglayang Jawa Barat,B01,10,collecting,130,12653,2806,2797,8192,10211,2781,9445,15432,15711,14359,,
2353176,L-MAN,light,Arabika Manglayang Jawa Barat,B01,10,collecting,131,12652,2807,2796,8192,10212,2782,9444,15431,15711,14358,,
2354177,L-MAN,light,Arabika Manglayang Jawa Barat,B01,10,collecting,132,12649,2806,2796,8192,10212,2782,9444,15431,15711,14358,,
2355176,L-MAN,light,Arabika Manglayang Jawa Barat,B01,10,collecting,133,12648,2807,2799,8192,10212,2779,9445,15431,15710,14358,,
2356176,L-MAN,light,Arabika Manglayang Jawa Barat,B01,10,collecting,134,12646,2808,2796,8192,10212,2779,9446,15430,15711,14358,,
2357176,L-MAN,light,Arabika Manglayang Jawa Barat,B01,10,collecting,135,12644,2809,2795,8192,10213,2782,9448,15430,15711,14360,,
2358176,L-MAN,light,Arabika Manglayang Jawa Barat,B01,10,collecting,136,12641,2806,2799,8192,10215,2779,9450,15431,15712,14362,,
2359176,L-MAN,light,Arabika Manglayang Jawa Barat,B01,10,collecting,137,12635,2809,2799,8192,10217,2783,9453,15431,15713,14363,,
2360176,L-MAN,light,Arabika Manglayang Jawa Barat,B01,10,collecting,138,12631,2809,2799,8192,10219,2783,9455,15431,15714,14363,,
2361177,L-MAN,light,Arabika Manglayang Jawa Barat,B01,10,collecting,139,12625,2811,2794,8192,10220,2780,9456,15430,15715,14362,,
2362176,L-MAN,light,Arabika Manglayang Jawa Barat,B01,10,collecting,140,12620,2806,2795,8192,10220,2783,9455,15428,15715,14361,,
2363176,L-MAN,light,Arabika Manglayang Jawa Barat,B01,10,collecting,141,12613,2807,2794,8192,10219,2782,9456,15426,15715,14359,,
2364176,L-MAN,light,Arabika Manglayang Jawa Barat,B01,10,collecting,142,12606,2807,2793,8192,10218,2779,9455,15424,15714,14357,,
2365176,L-MAN,light,Arabika Manglayang Jawa Barat,B01,10,collecting,143,12600,2807,2795,8193,10218,2779,9454,15421,15713,14358,,
2366176,L-MAN,light,Arabika Manglayang Jawa Barat,B01,10,collecting,144,12593,2806,2795,8192,10218,2779,9454,15421,15712,14359,,
2367176,L-MAN,light,Arabika Manglayang Jawa Barat,B01,10,collecting,145,12586,2808,2795,8192,10219,2782,9455,15421,15713,14362,,
2368177,L-MAN,light,Arabika Manglayang Jawa Barat,B01,10,collecting,146,12580,2807,2797,8192,10220,2780,9457,15420,15713,14361,,
2369176,L-MAN,light,Arabika Manglayang Jawa Barat,B01,10,collecting,147,12575,2805,2796,8192,10221,2782,9458,15419,15713,14359,,
2370177,L-MAN,light,Arabika Manglayang Jawa Barat,B01,10,collecting,148,12569,2804,2797,8192,10220,2782,9458,15417,15713,14358,,
2371176,L-MAN,light,Arabika Manglayang Jawa Barat,B01,10,collecting,149,12564,2807,2795,8192,10220,2782,9459,15415,15712,14356,,
2372176,L-MAN,light,Arabika Manglayang Jawa Barat,B01,10,collecting,150,12559,2806,2796,8192,10219,2782,9457,15413,15711,14355,,
2373176,L-MAN,light,Arabika Manglayang Jawa Barat,B01,10,collecting,151,12555,2806,2796,8192,10218,2779,9457,15411,15710,14353,,
2374176,L-MAN,light,Arabika Manglayang Jawa Barat,B01,10,collecting,152,12551,2807,2796,8192,10216,2785,9455,15409,15709,14352,,
2375176,L-MAN,light,Arabika Manglayang Jawa Barat,B01,10,collecting,153,12548,2806,2795,8192,10215,2779,9454,15408,15709,14352,,
2376176,L-MAN,light,Arabika Manglayang Jawa Barat,B01,10,collecting,154,12543,2806,2795,8192,10216,2779,9455,15406,15709,14352,,
2377177,L-MAN,light,Arabika Manglayang Jawa Barat,B01,10,collecting,155,12540,2805,2798,8191,10216,2782,9456,15406,15709,14353,,
2378176,L-MAN,light,Arabika Manglayang Jawa Barat,B01,10,collecting,156,12535,2807,2794,8192,10218,2782,9459,15406,15709,14355,,
2379176,L-MAN,light,Arabika Manglayang Jawa Barat,B01,10,collecting,157,12531,2806,2795,8192,10220,2782,9462,15406,15710,14358,,
2380176,L-MAN,light,Arabika Manglayang Jawa Barat,B01,10,collecting,158,12527,2805,2792,8192,10224,2782,9465,15406,15712,14359,,
2381176,L-MAN,light,Arabika Manglayang Jawa Barat,B01,10,collecting,159,12524,2806,2799,8193,10228,2779,9468,15406,15714,14360,,
2382176,L-MAN,light,Arabika Manglayang Jawa Barat,B01,10,collecting,160,12521,2807,2794,8193,10232,2779,9472,15406,15717,14362,,
2383176,L-MAN,light,Arabika Manglayang Jawa Barat,B01,10,collecting,161,12517,2810,2797,8193,10235,2782,9474,15405,15720,14364,,
2384177,L-MAN,light,Arabika Manglayang Jawa Barat,B01,10,collecting,162,12514,2808,2796,8194,10238,2782,9477,15405,15722,14365,,
2385176,L-MAN,light,Arabika Manglayang Jawa Barat,B01,10,collecting,163,12510,2805,2799,8194,10240,2782,9478,15405,15724,14365,,
2386177,L-MAN,light,Arabika Manglayang Jawa Barat,B01,10,collecting,164,12506,2805,2799,8194,10239,2780,9478,15403,15725,14364,,
2387176,L-MAN,light,Arabika Manglayang Jawa Barat,B01,10,collecting,165,12502,2809,2795,8195,10237,2782,9475,15402,15724,14362,,
2388176,L-MAN,light,Arabika Manglayang Jawa Barat,B01,10,collecting,166,12499,2807,2796,8194,10234,2780,9474,15399,15722,14358,,
2389176,L-MAN,light,Arabika Manglayang Jawa Barat,B01,10,collecting,167,12495,2806,2800,8194,10230,2783,9471,15397,15719,14356,,
2390176,L-MAN,light,Arabika Manglayang Jawa Barat,B01,10,collecting,168,12491,2807,2795,8193,10228,2782,9469,15394,15716,14355,,
2391176,L-MAN,light,Arabika Manglayang Jawa Barat,B01,10,collecting,169,12486,2808,2797,8194,10225,2782,9467,15392,15714,14353,,
2392176,L-MAN,light,Arabika Manglayang Jawa Barat,B01,10,collecting,170,12483,2811,2795,8193,10222,2783,9464,15389,15712,14351,,
2393177,L-MAN,light,Arabika Manglayang Jawa Barat,B01,10,collecting,171,12478,2807,2798,8194,10219,2781,9462,15387,15710,14347,,
2394176,L-MAN,light,Arabika Manglayang Jawa Barat,B01,10,collecting,172,12474,2806,2794,8193,10215,2782,9457,15384,15707,14342,,
2395176,L-MAN,light,Arabika Manglayang Jawa Barat,B01,10,collecting,173,12471,2802,2794,8193,10211,2782,9454,15380,15703,14339,,
2396176,L-MAN,light,Arabika Manglayang Jawa Barat,B01,10,collecting,174,12468,2806,2796,8193,10208,2779,9451,15378,15700,14337,,
2397176,L-MAN,light,Arabika Manglayang Jawa Barat,B01,10,collecting,175,12465,2804,2796,8192,10207,2782,9449,15376,15697,14338,,
2398176,L-MAN,light,Arabika Manglayang Jawa Barat,B01,10,collecting,176,12463,2807,2798,8192,10207,2782,9452,15376,15696,14341,,
2399176,L-MAN,light,Arabika Manglayang Jawa Barat,B01,10,collecting,177,12461,2806,2799,8193,10209,2779,9455,15377,15696,14342,,
2400177,L-MAN,light,Arabika Manglayang Jawa Barat,B01,10,collecting,178,12459,2806,2795,8193,10210,2783,9455,15377,15697,14341,,
2401176,L-MAN,light,Arabika Manglayang Jawa Barat,B01,10,collecting,179,12458,2810,2795,8193,10209,2785,9455,15377,15696,14339,,
2402177,L-MAN,light,Arabika Manglayang Jawa Barat,B01,10,collecting,180,12459,2805,2799,8193,10208,2782,9453,15375,15695,14335,,
