timestamp,sample_id,roast_level,origin,batch_id,run_id,phase,sample_idx,adc_tgs822,adc_mq135,adc_mq9,adc_tgs2611,adc_tgs2620,adc_tgs2600,adc_tgs2602,adc_mq8,adc_tgs813,adc_tgs816,temperature,humidity
2169,M-CAT,medium,Arabiki Catuji Mekarwangi,B10,1,purging,1,9963,2785,2782,8083,9419,2779,9456,14512,13668,14060,,
3168,M-CAT,medium,Arabiki Catuji Mekarwangi,B10,1,purging,2,9955,2788,2781,8083,9419,2781,9457,14506,13661,14058,,
4168,M-CAT,medium,Arabiki Catuji Mekarwangi,B10,1,purging,3,9947,2786,2781,8084,9419,2781,9457,14500,13653,14056,,
5169,M-CAT,medium,Arabiki Catuji Mekarwangi,B10,1,purging,4,9940,2791,2780,8085,9418,2782,9457,14495,13647,14054,,
6169,M-CAT,medium,Arabiki Catuji Mekarwangi,B10,1,purging,5,9933,2786,2778,8086,9419,2781,9458,14489,13641,14051,,
7170,M-CAT,medium,Arabiki Catuji Mekarwangi,B10,1,purging,6,9927,2783,2779,8086,9419,2780,9459,14483,13635,14050,,
8169,M-CAT,medium,Arabiki Catuji Mekarwangi,B10,1,purging,7,9921,2786,2779,8087,9420,2781,9462,14478,13629,14048,,
9169,M-CAT,medium,Arabiki Catuji Mekarwangi,B10,1,purging,8,9916,2788,2780,8088,9422,2780,9463,14472,13626,14047,,
10169,M-CAT,medium,Arabiki Catuji Mekarwangi,B10,1,purging,9,9911,2785,2779,8089,9422,2781,9464,14467,13622,14045,,
11169,M-CAT,medium,Arabiki Catuji Mekarwangi,B10,1,purging,10,9907,2789,2778,8089,9422,2779,9464,14462,13618,14043,,
12169,M-CAT,medium,Arabiki Catuji Mekarwangi,B10,1,purging,11,9902,2788,2778,8090,9422,2778,9465,14457,13613,14042,,
13169,M-CAT,medium,Arabiki Catuji Mekarwangi,B10,1,purging,12,9896,2789,2778,8090,9422,2781,9466,14452,13608,14041,,
14170,M-CAT,medium,Arabiki Catuji Mekarwangi,B10,1,purging,13,9891,2788,2782,8091,9421,2782,9466,14447,13604,14039,,
15169,M-CAT,medium,Arabiki Catuji Mekarwangi,B10,1,purging,14,9886,2789,2782,8092,9420,2778,9465,14442,13599,14037,,
16169,M-CAT,medium,Arabiki Catuji Mekarwangi,B10,1,purging,15,9880,2785,2778,8091,9421,2782,9465,14437,13594,14035,,
17169,M-CAT,medium,Arabiki Catuji Mekarwangi,B10,1,purging,16,9875,2788,2778,8092,9420,2782,9465,14431,13590,14031,,
18169,M-CAT,medium,Arabiki Catuji Mekarwangi,B10,1,purging,17,9871,2788,2779,8093,9418,2782,9465,14424,13584,14028,,
19169,M-CAT,medium,Arabiki Catuji Mekarwangi,B10,1,purging,18,9867,2786,2779,8094,9416,2779,9464,14419,13579,14025,,
20169,M-CAT,medium,Arabiki Catuji Mekarwangi,B10,1,purging,19,9864,2788,2782,8094,9414,2781,9461,14412,13574,14020,,
21169,M-CAT,medium,Arabiki Catuji Mekarwangi,B10,1,purging,20,9862,2783,2779,8095,9412,2778,9458,14406,13569,14017,,
22169,M-CAT,medium,Arabiki Catuji Mekarwangi,B10,1,purging,21,9859,2786,2781,8095,9409,2782,9455,14400,13563,14014,,
23170,M-CAT,medium,Arabiki Catuji Mekarwangi,B10,1,purging,22,9857,2788,2778,8096,9406,2780,9453,14395,13558,14011,,
24169,M-CAT,medium,Arabiki Catuji Mekarwangi,B10,1,purging,23,9854,2786,2779,8096,9404,2782,9450,14389,13553,14008,,
25169,M-CAT,medium,Arabiki Catuji Mekarwangi,B10,1,purging,24,9852,2788,2781,8097,9400,2782,9447,14383,13548,14002,,
26169,M-CAT,medium,Arabiki Catuji Mekarwangi,B10,1,purging,25,9850,2786,2778,8097,9395,2778,9443,14375,13542,13997,,
27169,M-CAT,medium,Arabiki Catuji Mekarwangi,B10,1,purging,26,9847,2785,2778,8098,9391,2780,9438,14368,13536,13992,,
28169,M-CAT,medium,Arabiki Catuji Mekarwangi,B10,1,purging,27,9845,2789,2779,8098,9387,2780,9432,14362,13529,13988,,
29169,M-CAT,medium,Arabiki Catuji Mekarwangi,B10,1,purging,28,9843,2789,2779,8098,9382,2782,9429,14356,13524,13984,,
30170,M-CAT,medium,Arabiki Catuji Mekarwangi,B10,1,purging,29,9840,2786,2782,8099,9378,2781,9426,14350,13517,13983,,
31169,M-CAT,medium,Arabiki Catuji Mekarwangi,B10,1,purging,30,9838,2783,2778,8099,9376,2782,9424,14346,13512,13981,,
32169,M-CAT,medium,Arabiki Catuji Mekarwangi,B10,1,purging,31,9835,2785,2779,8099,9374,2782,9424,14343,13507,13980,,
33169,M-CAT,medium,Arabiki Catuji Mekarwangi,B10,1,purging,32,9832,2785,2782,8100,9373,2780,9425,14339,13502,13979,,
34169,M-CAT,medium,Arabiki Catuji Mekarwangi,B10,1,purging,33,9830,2786,2782,8100,9372,2781,9427,14335,13498,13976,,
35169,M-CAT,medium,Arabiki Catuji Mekarwangi,B10,1,purging,34,9827,2789,2782,8100,9371,2781,9426,14330,13494,13973,,
36169,M-CAT,medium,Arabiki Catuji Mekarwangi,B10,1,purging,35,9825,2786,2779,8100,9369,2782,9426,14326,13489,13970,,
37169,M-CAT,medium,Arabiki Catuji Mekarwangi,B10,1,purging,36,9823,2788,2778,8101,9368,2781,9423,14321,13484,13967,,
38169,M-CAT,medium,Arabiki Catuji Mekarwangi,B10,1,purging,37,9821,2786,2782,8101,9365,2777,9420,14316,13479,13964,,
39170,M-CAT,medium,Arabiki Catuji Mekarwangi,B10,1,purging,38,9820,2789,2779,8102,9363,2781,9419,14310,13475,13961,,
40169,M-CAT,medium,Arabiki Catuji Mekarwangi,B10,1,purging,39,9819,2788,2780,8102,9361,2782,9417,14306,13471,13957,,
41169,M-CAT,medium,Arabiki Catuji Mekarwangi,B10,1,purging,40,9818,2785,2782,8103,9358,2782,9414,14301,13466,13954,,
42169,M-CAT,medium,Arabiki Catuji Mekarwangi,B10,1,purging,41,9817,2785,2779,8103,9356,2780,9411,14296,13462,13951,,
43169,M-CAT,medium,Arabiki Catuji Mekarwangi,B10,1,purging,42,9816,2788,2781,8103,9354,2778,9409,14292,13457,13950,,
44169,M-CAT,medium,Arabiki Catuji Mekarwangi,B10,1,purging,43,9814,2788,2780,8104,9352,2781,9408,14288,13454,13947,,
45169,M-CAT,medium,Arabiki Catuji Mekarwangi,B10,1,purging,44,9813,2786,2782,8105,9350,2782,9406,14283,13450,13943,,
46170,M-CAT,medium,Arabiki Catuji Mekarwangi,B10,1,purging,45,9811,2785,2779,8104,9347,2781,9403,14279,13446,13940,,
47169,M-CAT,medium,Arabiki Catuji Mekarwangi,B10,1,purging,46,9810,2786,2779,8105,9344,2780,9401,14273,13441,13936,,
48169,M-CAT,medium,Arabiki Catuji Mekarwangi,B10,1,purging,47,9809,2788,2779,8105,9341,2782,9398,14268,13437,13934,,
49169,M-CAT,medium,Arabiki Catuji Mekarwangi,B10,1,purging,48,9808,2787,2778,8105,9339,2782,9397,14264,13432,13932,,
50169,M-CAT,medium,Arabiki Catuji Mekarwangi,B10,1,purging,49,9807,2786,2778,8106,9337,2780,9395,14260,13428,13928,,
51169,M-CAT,medium,Arabiki Catuji Mekarwangi,B10,1,purging,50,9807,2786,2778,8106,9334,2781,9392,14255,13424,13924,,
52169,M-CAT,medium,Arabiki Catuji Mekarwangi,B10,1,purging,51,9806,2788,2779,8106,9331,2781,9389,14250,13420,13920,,
53169,M-CAT,medium,Arabiki Catuji Mekarwangi,B10,1,purging,52,9806,2785,2781,8107,9328,2777,9385,14245,13415,13917,,
54169,M-CAT,medium,Arabiki Catuji Mekarwangi,B10,1,purging,53,9806,2786,2778,8107,9325,2778,9383,14240,13411,13915,,
55170,M-CAT,medium,Arabiki Catuji Mekarwangi,B10,1,purging,54,9807,2790,2780,8107,9323,2781,9381,14236,13408,13913,,
56169,M-CAT,medium,Arabiki Catuji Mekarwangi,B10,1,purging,55,9807,2789,2782,8108,9322,2781,9380,14233,13404,13911,,
57169,M-CAT,medium,Arabiki Catuji Mekarwangi,B10,1,purging,56,9807,2785,2778,8108,9319,2782,9379,14229,13400,13908,,
58169,M-CAT,medium,Arabiki Catuji Mekarwangi,B10,1,purging,57,9806,2785,2782,8108,9316,2782,9376,14224,13397,13901,,
59169,M-CAT,medium,Arabiki Catuji Mekarwangi,B10,1,purging,58,9807,2786,2779,8108,9312,2780,9370,14217,13392,13896,,
60169,M-CAT,medium,Arabiki Catuji Mekarwangi,B10,1,purging,59,9807,2785,2779,8109,9307,2782,9366,14211,13387,13892,,
61169,M-CAT,medium,Arabiki Catuji Mekarwangi,B10,1,purging,60,9807,2789,2778,8109,9303,2782,9361,14206,13382,13889,,
62170,M-CAT,medium,Arabiki Catuji Mekarwangi,B10,1,purging,61,9808,2788,2779,8109,9298,2781,9358,14202,13378,13885,,
63169,M-CAT,medium,Arabiki Catuji Mekarwangi,B10,1,purging,62,9808,2786,2779,8109,9294,2782,9354,14198,13373,13882,,
64169,M-CAT,medium,Arabiki Catuji Mekarwangi,B10,1,purging,63,9808,2791,2779,8109,9291,2781,9352,14194,13369,13880,,
65169,M-CAT,medium,Arabiki Catuji Mekarwangi,B10,1,purging,64,9808,2786,2778,8109,9288,2780,9350,14190,13365,13878,,
66169,M-CAT,medium,Arabiki Catuji Mekarwangi,B10,1,purging,65,9808,2788,2779,8109,9285,2781,9347,14187,13361,13874,,
67169,M-CAT,medium,Arabiki Catuji Mekarwangi,B10,1,purging,66,9808,2786,2778,8109,9283,2782,9345,14183,13356,13871,,
68169,M-CAT,medium,Arabiki Catuji Mekarwangi,B10,1,purging,67,9808,2785,2779,8109,9281,2780,9344,14179,13352,13869,,
69169,M-CAT,medium,Arabiki Catuji Mekarwangi,B10,1,purging,68,9808,2786,2779,8109,9279,2781,9341,14175,13348,13866,,
70169,M-CAT,medium,Arabiki Catuji Mekarwangi,B10,1,purging,69,9808,2786,2778,8110,9277,2780,9340,14171,13345,13864,,
71170,M-CAT,medium,Arabiki Catuji Mekarwangi,B10,1,purging,70,9808,2786,2781,8109,9275,2782,9338,14168,13341,13862,,
72169,M-CAT,medium,Arabiki Catuji Mekarwangi,B10,1,purging,71,9808,2785,2779,8110,9273,2781,9338,14165,13337,13860,,
73169,M-CAT,medium,Arabiki Catuji Mekarwangi,B10,1,purging,72,9808,2786,2779,8110,9271,2782,9336,14162,13334,13859,,
74169,M-CAT,medium,Arabiki Catuji Mekarwangi,B10,1,purging,73,9807,2785,2779,8110,9270,2781,9335,14159,13331,13857,,
75169,M-CAT,medium,Arabiki Catuji Mekarwangi,B10,1,purging,74,9806,2788,2778,8110,9269,2781,9335,14157,13329,13856,,
76169,M-CAT,medium,Arabiki Catuji Mekarwangi,B10,1,purging,75,9806,2785,2779,8111,9268,2780,9335,14154,13326,13854,,
77169,M-CAT,medium,Arabiki Catuji Mekarwangi,B10,1,purging,76,9805,2789,2778,8111,9267,2780,9336,14151,13324,13853,,
78170,M-CAT,medium,Arabiki Catuji Mekarwangi,B10,1,purging,77,9804,2786,2776,8111,9267,2780,9336,14148,13322,13850,,
79169,M-CAT,medium,Arabiki Catuji Mekarwangi,B10,1,purging,78,9804,2786,2779,8111,9265,2782,9335,14144,13319,13848,,
80169,M-CAT,medium,Arabiki Catuji Mekarwangi,B10,1,purging,79,9805,2786,2779,8111,9263,2779,9333,14141,13317,13846,,
81169,M-CAT,medium,Arabiki Catuji Mekarwangi,B10,1,purging,80,9805,2789,2778,8111,9261,2777,9332,14138,13314,13845,,
82169,M-CAT,medium,Arabiki Catuji Mekarwangi,B10,1,purging,81,9805,2789,2782,8111,9260,2782,9331,14135,13311,13843,,
83169,M-CAT,medium,Arabiki Catuji Mekarwangi,B10,1,purging,82,9804,2786,2778,8111,9259,2782,9331,14132,13309,13841,,
84169,M-CAT,medium,Arabiki Catuji Mekarwangi,B10,1,purging,83,9804,2788,2778,8111,9257,2781,9330,14129,13306,13840,,
85169,M-CAT,medium,Arabiki Catuji Mekarwangi,B10,1,purging,84,9804,2783,2782,8111,9257,2782,9329,14127,13303,13839,,
86169,M-CAT,medium,Arabiki Catuji Mekarwangi,B10,1,purging,85,9803,2788,2780,8111,9256,2781,9329,14124,13301,13838,,
87170,M-CAT,medium,Arabiki Catuji Mekarwangi,B10,1,purging,86,9803,2789,2779,8112,9255,2780,9329,14122,13299,13837,,
88169,M-CAT,medium,Arabiki Catuji Mekarwangi,B10,1,purging,87,9802,2785,2779,8112,9254,2782,9328,14119,13297,13835,,
89169,M-CAT,medium,Arabiki Catuji Mekarwangi,B10,1,purging,88,9802,2789,2779,8112,9254,2780,9329,14117,13296,13834,,
90169,M-CAT,medium,Arabiki Catuji Mekarwangi,B10,1,purging,89,9800,2785,2778,8112,9254,2780,9329,14114,13294,13833,,
91169,M-CAT,medium,Arabiki Catuji Mekarwangi,B10,1,purging,90,9800,2785,2779,8112,9254,2780,9329,14112,13292,13832,,
92169,M-CAT,medium,Arabiki Catuji Mekarwangi,B10,1,purging,91,9798,2785,2778,8112,9253,2778,9328,14109,13290,13830,,
93169,M-CAT,medium,Arabiki Catuji Mekarwangi,B10,1,purging,92,9798,2785,2778,8113,9252,2781,9328,14106,13288,13828,,
94170,M-CAT,medium,Arabiki Catuji Mekarwangi,B10,1,purging,93,9798,2789,2776,8112,9250,2781,9327,14103,13285,13828,,
95169,M-CAT,medium,Arabiki Catuji Mekarwangi,B10,1,purging,94,9798,2789,2779,8113,9250,2777,9326,14101,13283,13827,,
96169,M-CAT,medium,Arabiki Catuji Mekarwangi,B10,1,purging,95,9798,2786,2779,8112,9249,2782,9326,14098,13282,13825,,
97169,M-CAT,medium,Arabiki Catuji Mekarwangi,B10,1,purging,96,9797,2785,2779,8112,9248,2781,9325,14095,13280,13824,,
98169,M-CAT,medium,Arabiki Catuji Mekarwangi,B10,1,purging,97,9797,2788,2779,8113,9248,2780,9325,14092,13278,13823,,
99169,M-CAT,medium,Arabiki Catuji Mekarwangi,B10,1,purging,98,9796,2788,2779,8113,9247,2782,9324,14090,13277,13822,,
100169,M-CAT,medium,Arabiki Catuji Mekarwangi,B10,1,purging,99,9796,2786,2780,8113,9246,2780,9323,14088,13275,13821,,
101169,M-CAT,medium,Arabiki Catuji Mekarwangi,B10,1,purging,100,9795,2786,2777,8113,9245,2780,9323,14085,13273,13820,,
102169,M-CAT,medium,Arabiki Catuji Mekarwangi,B10,1,purging,101,9794,2783,2782,8113,9245,2781,9323,14083,13271,13818,,
103170,M-CAT,medium,Arabiki Catuji Mekarwangi,B10,1,purging,102,9794,2785,2779,8113,9244,2781,9323,14080,13270,13817,,
104169,M-CAT,medium,Arabiki Catuji Mekarwangi,B10,1,purging,103,9794,2788,2780,8113,9243,2781,9322,14077,13267,13814,,
105169,M-CAT,medium,Arabiki Catuji Mekarwangi,B10,1,purging,104,9793,2786,2782,8114,9242,2781,9321,14074,13266,13813,,
106169,M-CAT,medium,Arabiki Catuji Mekarwangi,B10,1,purging,105,9793,2791,2778,8113,9240,2781,9319,14071,13264,13810,,
107169,M-CAT,medium,Arabiki Catuji Mekarwangi,B10,1,purging,106,9794,2789,2778,8113,9238,2780,9318,14067,13262,13808,,
108169,M-CAT,medium,Arabiki Catuji Mekarwangi,B10,1,purging,107,9794,2788,2778,8113,9237,2780,9316,14064,13259,13807,,
109169,M-CAT,medium,Arabiki Catuji Mekarwangi,B10,1,purging,108,9794,2788,2778,8113,9236,2782,9314,14061,13258,13805,,
110170,M-CAT,medium,Arabiki Catuji Mekarwangi,B10,1,purging,109,9793,2786,2779,8113,9235,2781,9313,14059,13256,13804,,
111169,M-CAT,medium,Arabiki Catuji Mekarwangi,B10,1,purging,110,9793,2785,2779,8114,9233,2781,9313,14056,13254,13803,,
112169,M-CAT,medium,Arabiki Catuji Mekarwangi,B10,1,purging,111,9793,2789,2779,8114,9232,2781,9312,14054,13252,13802,,
113169,M-CAT,medium,Arabiki Catuji Mekarwangi,B10,1,purging,112,9794,2785,2778,8114,9231,2781,9312,14052,13250,13800,,
114169,M-CAT,medium,Arabiki Catuji Mekarwangi,B10,1,purging,113,9794,2785,2779,8113,9230,2778,9311,14050,13249,13799,,
115169,M-CAT,medium,Arabiki Catuji Mekarwangi,B10,1,purging,114,9794,2783,2778,8114,9229,2782,9310,14047,13247,13797,,
116169,M-CAT,medium,Arabiki Catuji Mekarwangi,B10,1,purging,115,9794,2785,2779,8113,9227,2781,9308,14044,13244,13794,,
117169,M-CAT,medium,Arabiki Catuji Mekarwangi,B10,1,purging,116,9794,2785,2779,8113,9225,2780,9306,14040,13242,13793,,
118169,M-CAT,medium,Arabiki Catuji Mekarwangi,B10,1,purging,117,9793,2787,2778,8114,9222,2781,9303,14038,13239,13790,,
119170,M-CAT,medium,Arabiki Catuji Mekarwangi,B10,1,purging,118,9793,2786,2779,8113,9220,2781,9301,14035,13237,13788,,
120169,M-CAT,medium,Arabiki Catuji Mekarwangi,B10,1,purging,119,9794,2783,2779,8113,9218,2781,9300,14032,13234,13787,,
121169,M-CAT,medium,Arabiki Catuji Mekarwangi,B10,1,purging,120,9794,2785,2779,8113,9216,2780,9299,14029,13232,13785,,
122172,M-CAT,medium,Arabiki Catuji Mekarwangi,B10,1,collecting,1,9794,2785,2782,8114,9214,2782,9298,14027,13230,13784,,
123169,M-CAT,medium,Arabiki Catuji Mekarwangi,B10,1,collecting,2,9794,2790,2776,8114,9214,2780,9295,14024,13228,13782,,
124169,M-CAT,medium,Arabiki Catuji Mekarwangi,B10,1,collecting,3,9800,2786,2778,8114,9216,2782,9298,14023,13226,13793,,
125169,M-CAT,medium,Arabiki Catuji Mekarwangi,B10,1,collecting,4,10535,2787,2779,8114,9369,2782,9444,14175,13278,14066,,
126170,M-CAT,medium,Arabiki Catuji Mekarwangi,B10,1,collecting,5,12533,2788,2779,8115,9733,2782,9776,14744,13610,14492,,
127169,M-CAT,medium,Arabiki Catuji Mekarwangi,B10,1,collecting,6,14327,2795,2779,8116,10103,2783,10074,15497,14213,14870,,
128169,M-CAT,medium,Arabiki Catuji Mekarwangi,B10,1,collecting,7,15509,2795,2778,8116,10381,2783,10257,16152,14885,15157,,
129169,M-CAT,medium,Arabiki Catuji Mekarwangi,B10,1,collecting,8,16236,2796,2778,8116,10571,2783,10338,16633,15468,15361,,
130169,M-CAT,medium,Arabiki Catuji Mekarwangi,B10,1,collecting,9,16697,2796,2781,8115,10700,2781,10372,16970,15915,15513,,
131169,M-CAT,medium,Arabiki Catuji Mekarwangi,B10,1,collecting,10,17002,2795,2778,8114,10793,2783,10384,17208,16246,15627,,
132169,M-CAT,medium,Arabiki Catuji Mekarwangi,B10,1,collecting,11,17208,2798,2778,8114,10854,2783,10382,17375,16492,15706,,
133169,M-CAT,medium,Arabiki Catuji Mekarwangi,B10,1,collecting,12,17343,2796,2778,8113,10890,2781,10366,17489,16671,15760,,
134169,M-CAT,medium,Arabiki Catuji Mekarwangi,B10,1,collecting,13,17426,2799,2779,8111,10906,2783,10340,17561,16798,15792,,
135170,M-CAT,medium,Arabiki Catuji Mekarwangi,B10,1,collecting,14,17468,2795,2782,8110,10904,2781,10304,17599,16883,15804,,
136169,M-CAT,medium,Arabiki Catuji Mekarwangi,B10,1,collecting,15,17478,2796,2779,8109,10888,2783,10262,17611,16934,15805,,
137169,M-CAT,medium,Arabiki Catuji Mekarwangi,B10,1,collecting,16,17464,2798,2780,8108,10864,2784,10220,17603,16960,15794,,
138169,M-CAT,medium,Arabiki Catuji Mekarwangi,B10,1,collecting,17,17431,2798,2778,8107,10830,2781,10178,17581,16967,15777,,
139169,M-CAT,medium,Arabiki Catuji Mekarwangi,B10,1,collecting,18,17382,2796,2779,8106,10792,2783,10136,17549,16958,15756,,
140169,M-CAT,medium,Arabiki Catuji Mekarwangi,B10,1,collecting,19,17322,2795,2782,8105,10751,2783,10097,17511,16939,15730,,
141169,M-CAT,medium,Arabiki Catuji Mekarwangi,B10,1,collecting,20,17254,2798,2779,8104,10709,2781,10060,17469,16911,15706,,
142170,M-CAT,medium,Arabiki Catuji Mekarwangi,B10,1,collecting,21,17185,2796,2779,8103,10670,2783,10031,17430,16879,15683,,
143169,M-CAT,medium,Arabiki Catuji Mekarwangi,B10,1,collecting,22,17112,2796,2779,8102,10631,2780,10003,17389,16846,15656,,
144169,M-CAT,medium,Arabiki Catuji Mekarwangi,B10,1,collecting,23,17037,2795,2779,8101,10594,2782,9979,17350,16810,15635,,
145169,M-CAT,medium,Arabiki Catuji Mekarwangi,B10,1,collecting,24,16965,2796,2778,8101,10562,2783,9957,17313,16774,15615,,
146169,M-CAT,medium,Arabiki Catuji Mekarwangi,B10,1,collecting,25,16896,2798,2777,8100,10531,2783,9940,17279,16740,15594,,
147169,M-CAT,medium,Arabiki Catuji Mekarwangi,B10,1,collecting,26,16827,2795,2778,8099,10501,2781,9921,17247,16707,15574,,
148169,M-CAT,medium,Arabiki Catuji Mekarwangi,B10,1,collecting,27,16758,2796,2780,8098,10473,2783,9904,17214,16673,15555,,
149169,M-CAT,medium,Arabiki Catuji Mekarwangi,B10,1,collecting,28,16693,2798,2779,8098,10447,2783,9890,17183,16641,15536,,
150169,M-CAT,medium,Arabiki Catuji Mekarwangi,B10,1,collecting,29,16630,2795,2778,8097,10423,2783,9876,17154,16610,15520,,
151170,M-CAT,medium,Arabiki Catuji Mekarwangi,B10,1,collecting,30,16571,2798,2779,8096,10401,2783,9864,17128,16580,15504,,
152169,M-CAT,medium,Arabiki Catuji Mekarwangi,B10,1,collecting,31,16516,2795,2779,8096,10381,2781,9854,17106,16552,15489,,
153169,M-CAT,medium,Arabiki Catuji Mekarwangi,B10,1,collecting,32,16462,2795,2779,8096,10362,2780,9843,17082,16525,15474,,
154169,M-CAT,medium,Arabiki Catuji Mekarwangi,B10,1,collecting,33,16409,2795,2780,8095,10343,2781,9830,17058,16498,15458,,
155169,M-CAT,medium,Arabiki Catuji Mekarwangi,B10,1,collecting,34,16358,2799,2778,8095,10326,2778,9821,17035,16472,15445,,
156169,M-CAT,medium,Arabiki Catuji Mekarwangi,B10,1,collecting,35,16312,2795,2778,8094,10310,2782,9814,17014,16447,15431,,
157169,M-CAT,medium,Arabiki Catuji Mekarwangi,B10,1,collecting,36,16268,2794,2782,8094,10296,2782,9806,16995,16424,15419,,
158170,M-CAT,medium,Arabiki Catuji Mekarwangi,B10,1,collecting,37,16228,2795,2779,8093,10283,2780,9801,16977,16401,15409,,
159169,M-CAT,medium,Arabiki Catuji Mekarwangi,B10,1,collecting,38,16191,2797,2778,8093,10271,2781,9796,16960,16381,15398,,
160169,M-CAT,medium,Arabiki Catuji Mekarwangi,B10,1,collecting,39,16158,2795,2779,8093,10260,2781,9792,16945,16361,15389,,
161169,M-CAT,medium,Arabiki Catuji Mekarwangi,B10,1,collecting,40,16126,2794,2780,8092,10248,2782,9787,16931,16343,15378,,
162169,M-CAT,medium,Arabiki Catuji Mekarwangi,B10,1,collecting,41,16093,2795,2782,8092,10237,2780,9777,16916,16325,15367,,
163169,M-CAT,medium,Arabiki Catuji Mekarwangi,B10,1,collecting,42,16059,2794,2778,8092,10226,2782,9771,16899,16307,15356,,
164169,M-CAT,medium,Arabiki Catuji Mekarwangi,B10,1,collecting,43,16030,2795,2782,8092,10217,2781,9767,16886,16289,15348,,
165169,M-CAT,medium,Arabiki Catuji Mekarwangi,B10,1,collecting,44,16004,2795,2778,8091,10208,2780,9763,16873,16272,15338,,
166169,M-CAT,medium,Arabiki Catuji Mekarwangi,B10,1,collecting,45,15977,2796,2778,8090,10198,2781,9759,16860,16256,15329,,
167170,M-CAT,medium,Arabiki Catuji Mekarwangi,B10,1,collecting,46,15950,2795,2779,8091,10190,2782,9753,16847,16241,15320,,
168169,M-CAT,medium,Arabiki Catuji Mekarwangi,B10,1,collecting,47,15925,2795,2781,8090,10181,2781,9748,16834,16226,15311,,
169169,M-CAT,medium,Arabiki Catuji Mekarwangi,B10,1,collecting,48,15900,2795,2782,8090,10173,2781,9743,16822,16211,15303,,
170169,M-CAT,medium,Arabiki Catuji Mekarwangi,B10,1,collecting,49,15879,2795,2780,8090,10166,2781,9740,16811,16195,15297,,
171169,M-CAT,medium,Arabiki Catuji Mekarwangi,B10,1,collecting,50,15861,2795,2779,8090,10160,2782,9738,16802,16183,15291,,
172169,M-CAT,medium,Arabiki Catuji Mekarwangi,B10,1,collecting,51,15845,2795,2780,8089,10155,2779,9737,16795,16172,15286,,
173169,M-CAT,medium,Arabiki Catuji Mekarwangi,B10,1,collecting,52,15833,2794,2780,8089,10151,2780,9735,16790,16162,15282,,
174170,M-CAT,medium,Arabiki Catuji Mekarwangi,B10,1,collecting,53,15820,2797,2782,8089,10148,2779,9731,16784,16153,15277,,
175169,M-CAT,medium,Arabiki Catuji Mekarwangi,B10,1,collecting,54,15810,2795,2779,8089,10145,2781,9730,16779,16145,15274,,
176169,M-CAT,medium,Arabiki Catuji Mekarwangi,B10,1,collecting,55,15803,2798,2779,8089,10143,2780,9729,16774,16139,15271,,
177169,M-CAT,medium,Arabiki Catuji Mekarwangi,B10,1,collecting,56,15794,2794,2778,8088,10140,2782,9729,16770,16133,15266,,
178169,M-CAT,medium,Arabiki Catuji Mekarwangi,B10,1,collecting,57,15784,2794,2780,8088,10137,2782,9730,16766,16126,15264,,
179169,M-CAT,medium,Arabiki Catuji Mekarwangi,B10,1,collecting,58,15779,2798,2778,8088,10134,2781,9731,16763,16120,15261,,
180169,M-CAT,medium,Arabiki Catuji Mekarwangi,B10,1,collecting,59,15775,2795,2780,8087,10133,2782,9729,16761,16115,15260,,
181169,M-CAT,medium,Arabiki Catuji Mekarwangi,B10,1,collecting,60,15774,2794,2782,8087,10132,2782,9727,16761,16111,15258,,
182169,M-CAT,medium,Arabiki Catuji Mekarwangi,B10,1,collecting,61,15771,2794,2779,8086,10131,2780,9725,16759,16108,15255,,
183170,M-CAT,medium,Arabiki Catuji Mekarwangi,B10,1,collecting,62,15764,2794,2780,8087,10127,2780,9723,16755,16104,15250,,
184169,M-CAT,medium,Arabiki Catuji Mekarwangi,B10,1,collecting,63,15752,2794,2779,8086,10122,2781,9718,16748,16098,15245,,
185169,M-CAT,medium,Arabiki Catuji Mekarwangi,B10,1,collecting,64,15741,2795,2784,8086,10117,2781,9716,16740,16090,15239,,
186169,M-CAT,medium,Arabiki Catuji Mekarwangi,B10,1,collecting,65,15727,2792,2780,8085,10111,2781,9712,16733,16082,15232,,
187169,M-CAT,medium,Arabiki Catuji Mekarwangi,B10,1,collecting,66,15710,2795,2781,8085,10105,2781,9709,16724,16073,15226,,
188169,M-CAT,medium,Arabiki Catuji Mekarwangi,B10,1,collecting,67,15695,2794,2782,8085,10101,2782,9706,16717,16064,15222,,
189169,M-CAT,medium,Arabiki Catuji Mekarwangi,B10,1,collecting,68,15685,2795,2777,8084,10097,2780,9704,16713,16057,15218,,
190170,M-CAT,medium,Arabiki Catuji Mekarwangi,B10,1,collecting,69,15675,2798,2780,8084,10094,2780,9703,16708,16050,15214,,
191169,M-CAT,medium,Arabiki Catuji Mekarwangi,B10,1,collecting,70,15666,2795,2779,8084,10091,2781,9701,16703,16043,15211,,
192169,M-CAT,medium,Arabiki Catuji Mekarwangi,B10,1,collecting,71,15656,2795,2782,8083,10087,2780,9698,16698,16037,15206,,
193169,M-CAT,medium,Arabiki Catuji Mekarwangi,B10,1,collecting,72,15647,2795,2780,8083,10083,2781,9696,16694,16030,15202,,
194169,M-CAT,medium,Arabiki Catuji Mekarwangi,B10,1,collecting,73,15637,2795,2778,8083,10079,2781,9693,16689,16024,15198,,
195169,M-CAT,medium,Arabiki Catuji Mekarwangi,B10,1,collecting,74,15628,2794,2779,8083,10076,2782,9692,16685,16018,15194,,
196169,M-CAT,medium,Arabiki Catuji Mekarwangi,B10,1,collecting,75,15619,2795,2779,8082,10072,2781,9688,16680,16012,15189,,
197169,M-CAT,medium,Arabiki Catuji Mekarwangi,B10,1,collecting,76,15608,2794,2782,8082,10067,2781,9686,16674,16005,15184,,
198169,M-CAT,medium,Arabiki Catuji Mekarwangi,B10,1,collecting,77,15599,2797,2778,8082,10063,2780,9685,16669,15998,15179,,
199170,M-CAT,medium,Arabiki Catuji Mekarwangi,B10,1,collecting,78,15589,2797,2779,8081,10058,2782,9682,16662,15991,15173,,
200169,M-CAT,medium,Arabiki Catuji Mekarwangi,B10,1,collecting,79,15577,2794,2779,8081,10052,2781,9676,16655,15984,15167,,
201169,M-CAT,medium,Arabiki Catuji Mekarwangi,B10,1,collecting,80,15564,2794,2778,8080,10047,2781,9672,16648,15975,15162,,
202169,M-CAT,medium,Arabiki Catuji Mekarwangi,B10,1,collecting,81,15552,2795,2778,8081,10042,2780,9668,16641,15967,15156,,
203169,M-CAT,medium,Arabiki Catuji Mekarwangi,B10,1,collecting,82,15538,2794,2778,8080,10036,2782,9665,16633,15959,15150,,
204169,M-CAT,medium,Arabiki Catuji Mekarwangi,B10,1,collecting,83,15522,2798,2780,8080,10030,2781,9660,16625,15950,15142,,
205169,M-CAT,medium,Arabiki Catuji Mekarwangi,B10,1,collecting,84,15506,2795,2780,8079,10024,2782,9656,16617,15941,15138,,
206170,M-CAT,medium,Arabiki Catuji Mekarwangi,B10,1,collecting,85,15492,2794,2781,8079,10020,2781,9652,16611,15932,15132,,
207169,M-CAT,medium,Arabiki Catuji Mekarwangi,B10,1,collecting,86,15479,2795,2779,8079,10016,2779,9649,16605,15923,15128,,
208169,M-CAT,medium,Arabiki Catuji Mekarwangi,B10,1,collecting,87,15468,2795,2779,8079,10012,2782,9648,16600,15916,15124,,
209169,M-CAT,medium,Arabiki Catuji Mekarwangi,B10,1,collecting,88,15460,2795,2780,8079,10009,2780,9647,16594,15909,15120,,
210169,M-CAT,medium,Arabiki Catuji Mekarwangi,B10,1,collecting,89,15451,2795,2779,8078,10006,2781,9643,16590,15902,15116,,
211169,M-CAT,medium,Arabiki Catuji Mekarwangi,B10,1,collecting,90,15445,2799,2781,8078,10004,2781,9643,16587,15896,15114,,
212169,M-CAT,medium,Arabiki Catuji Mekarwangi,B10,1,collecting,91,15441,2794,2779,8078,10003,2781,9642,16585,15892,15112,,
213169,M-CAT,medium,Arabiki Catuji Mekarwangi,B10,1,collecting,92,15437,2798,2779,8077,10001,2777,9644,16582,15888,15109,,
214169,M-CAT,medium,Arabiki Catuji Mekarwangi,B10,1,collecting,93,15432,2795,2778,8077,9998,2782,9643,16579,15884,15105,,
215170,M-CAT,medium,Arabiki Catuji Mekarwangi,B10,1,collecting,94,15425,2795,2778,8077,9995,2781,9642,16574,15879,15101,,
216169,M-CAT,medium,Arabiki Catuji Mekarwangi,B10,1,collecting,95,15416,2798,2780,8076,9991,2780,9638,16569,15873,15096,,
217169,M-CAT,medium,Arabiki Catuji Mekarwangi,B10,1,collecting,96,15405,2798,2778,8076,9986,2781,9636,16563,15867,15092,,
218169,M-CAT,medium,Arabiki Catuji Mekarwangi,B10,1,collecting,97,15394,2795,2782,8076,9983,2782,9632,16557,15860,15087,,
219169,M-CAT,medium,Arabiki Catuji Mekarwangi,B10,1,collecting,98,15385,2795,2778,8075,9980,2781,9631,16552,15854,15084,,
220169,M-CAT,medium,Arabiki Catuji Mekarwangi,B10,1,collecting,99,15376,2792,2777,8075,9977,2780,9628,16547,15848,15079,,
221169,M-CAT,medium,Arabiki Catuji Mekarwangi,B10,1,collecting,100,15367,2796,2782,8075,9973,2781,9626,16541,15842,15075,,
222170,M-CAT,medium,Arabiki Catuji Mekarwangi,B10,1,collecting,101,15359,2795,2783,8075,9969,2781,9625,16536,15836,15071,,
223169,M-CAT,medium,Arabiki Catuji Mekarwangi,B10,1,collecting,102,15350,2795,2779,8074,9966,2781,9623,16531,15830,15067,,
224169,M-CAT,medium,Arabiki Catuji Mekarwangi,B10,1,collecting,103,15342,2795,2781,8074,9962,2781,9622,16526,15824,15062,,
225169,M-CAT,medium,Arabiki Catuji Mekarwangi,B10,1,collecting,104,15333,2794,2779,8074,9957,2781,9620,16520,15817,15057,,
226169,M-CAT,medium,Arabiki Catuji Mekarwangi,B10,1,collecting,105,15322,2798,2779,8074,9953,2780,9618,16514,15811,15051,,
227169,M-CAT,medium,Arabiki Catuji Mekarwangi,B10,1,collecting,106,15310,2794,2782,8073,9949,2778,9614,16507,15803,15046,,
228169,M-CAT,medium,Arabiki Catuji Mekarwangi,B10,1,collecting,107,15296,2795,2778,8073,9944,2782,9609,16500,15796,15041,,
229169,M-CAT,medium,Arabiki Catuji Mekarwangi,B10,1,collecting,108,15282,2795,2779,8073,9940,2782,9604,16492,15788,15035,,
230169,M-CAT,medium,Arabiki Catuji Mekarwangi,B10,1,collecting,109,15268,2795,2779,8073,9935,2778,9601,16485,15780,15030,,
231170,M-CAT,medium,Arabiki Catuji Mekarwangi,B10,1,collecting,110,15257,2795,2778,8073,9931,2782,9600,16479,15772,15025,,
232169,M-CAT,medium,Arabiki Catuji Mekarwangi,B10,1,collecting,111,15247,2799,2779,8072,9928,2778,9598,16474,15765,15021,,
233169,M-CAT,medium,Arabiki Catuji Mekarwangi,B10,1,collecting,112,15237,2794,2782,8072,9924,2781,9595,16468,15758,15015,,
234169,M-CAT,medium,Arabiki Catuji Mekarwangi,B10,1,collecting,113,15227,2794,2780,8072,9920,2780,9591,16463,15752,15010,,
235169,M-CAT,medium,Arabiki Catuji Mekarwangi,B10,1,collecting,114,15216,2795,2779,8072,9916,2781,9588,16457,15745,15005,,
236169,M-CAT,medium,Arabiki Catuji Mekarwangi,B10,1,collecting,115,15204,2794,2779,8071,9911,2780,9585,16450,15738,15000,,
237169,M-CAT,medium,Arabiki Catuji Mekarwangi,B10,1,collecting,116,15191,2795,2779,8071,9905,2781,9581,16443,15730,14994,,
238170,M-CAT,medium,Arabiki Catuji Mekarwangi,B10,1,collecting,117,15179,2795,2780,8070,9901,2777,9578,16436,15722,14989,,
239169,M-CAT,medium,Arabiki Catuji Mekarwangi,B10,1,collecting,118,15165,2794,2779,8070,9897,2778,9576,16429,15714,14982,,
240169,M-CAT,medium,Arabiki Catuji Mekarwangi,B10,1,collecting,119,15150,2794,2779,8070,9891,2782,9571,16420,15705,14977,,
241169,M-CAT,medium,Arabiki Catuji Mekarwangi,B10,1,collecting,120,15138,2795,2779,8070,9888,2780,9570,16413,15697,14973,,
242172,M-CAT,medium,Arabiki Catuji Mekarwangi,B10,2,purging,1,15129,2795,2783,8069,9886,2781,9569,16408,15690,14970,,
243169,M-CAT,medium,Arabiki Catuji Mekarwangi,B10,2,purging,2,15119,2795,2780,8069,9883,2782,9568,16404,15684,14966,,
244169,M-CAT,medium,Arabiki Catuji Mekarwangi,B10,2,purging,3,15111,2795,2778,8069,9881,2781,9568,16399,15678,14963,,
245169,M-CAT,medium,Arabiki Catuji Mekarwangi,B10,2,purging,4,15102,2794,2779,8068,9878,2780,9567,16394,15673,14959,,
246169,M-CAT,medium,Arabiki Catuji Mekarwangi,B10,2,purging,5,15092,2795,2777,8068,9874,2782,9565,16388,15666,14954,,
247170,M-CAT,medium,Arabiki Catuji Mekarwangi,B10,2,purging,6,15076,2795,2778,8067,9869,2780,9562,16381,15659,14949,,
248169,M-CAT,medium,Arabiki Catuji Mekarwangi,B10,2,purging,7,15011,2794,2779,8067,9849,2781,9545,16352,15645,14914,,
249169,M-CAT,medium,Arabiki Catuji Mekarwangi,B10,2,purging,8,14883,2792,2779,8067,9814,2781,9514,16293,15609,14869,,
250169,M-CAT,medium,Arabiki Catuji Mekarwangi,B10,2,purging,9,14712,2795,2780,8066,9772,2782,9479,16222,15555,14821,,
251169,M-CAT,medium,Arabiki Catuji Mekarwangi,B10,2,purging,10,14514,2797,2778,8066,9727,2780,9448,16144,15488,14774,,
252169,M-CAT,medium,Arabiki Catuji Mekarwangi,B10,2,purging,11,14302,2793,2779,8067,9685,2782,9421,16067,15416,14728,,
253169,M-CAT,medium,Arabiki Catuji Mekarwangi,B10,2,purging,12,14082,2793,2778,8066,9643,2782,9398,15993,15340,14685,,
254170,M-CAT,medium,Arabiki Catuji Mekarwangi,B10,2,purging,13,13862,2792,2778,8066,9606,2780,9378,15924,15265,14644,,
255169,M-CAT,medium,Arabiki Catuji Mekarwangi,B10,2,purging,14,13647,2792,2778,8066,9572,2782,9364,15860,15193,14607,,
256169,M-CAT,medium,Arabiki Catuji Mekarwangi,B10,2,purging,15,13438,2795,2779,8066,9542,2781,9351,15801,15122,14573,,
257169,M-CAT,medium,Arabiki Catuji Mekarwangi,B10,2,purging,16,13239,2792,2779,8066,9515,2782,9339,15747,15056,14542,,
258169,M-CAT,medium,Arabiki Catuji Mekarwangi,B10,2,purging,17,13051,2794,2778,8067,9490,2782,9330,15697,14993,14512,,
259169,M-CAT,medium,Arabiki Catuji Mekarwangi,B10,2,purging,18,12874,2791,2781,8066,9468,2781,9322,15650,14933,14484,,
260169,M-CAT,medium,Arabiki Catuji Mekarwangi,B10,2,purging,19,12709,2791,2778,8067,9448,2777,9314,15608,14876,14459,,
261169,M-CAT,medium,Arabiki Catuji Mekarwangi,B10,2,purging,20,12555,2789,2781,8067,9430,2781,9308,15567,14822,14435,,
262169,M-CAT,medium,Arabiki Catuji Mekarwangi,B10,2,purging,21,12412,2789,2778,8067,9414,2782,9302,15528,14772,14412,,
263170,M-CAT,medium,Arabiki Catuji Mekarwangi,B10,2,purging,22,12280,2789,2782,8066,9400,2782,9297,15492,14724,14392,,
264169,M-CAT,medium,Arabiki Catuji Mekarwangi,B10,2,purging,23,12158,2788,2785,8067,9388,2779,9294,15458,14678,14371,,
265169,M-CAT,medium,Arabiki Catuji Mekarwangi,B10,2,purging,24,12045,2792,2779,8067,9376,2780,9289,15426,14634,14352,,
266169,M-CAT,medium,Arabiki Catuji Mekarwangi,B10,2,purging,25,11942,2789,2779,8067,9364,2782,9286,15395,14593,14333,,
267169,M-CAT,medium,Arabiki Catuji Mekarwangi,B10,2,purging,26,11846,2791,2780,8066,9353,2781,9282,15365,14553,14315,,
268169,M-CAT,medium,Arabiki Catuji Mekarwangi,B10,2,purging,27,11758,2788,2779,8066,9343,2782,9277,15336,14515,14298,,
269169,M-CAT,medium,Arabiki Catuji Mekarwangi,B10,2,purging,28,11676,2794,2780,8066,9333,2782,9273,15309,14479,14282,,
270170,M-CAT,medium,Arabiki Catuji Mekarwangi,B10,2,purging,29,11599,2789,2780,8066,9324,2779,9269,15283,14444,14265,,
271169,M-CAT,medium,Arabiki Catuji Mekarwangi,B10,2,purging,30,11529,2791,2779,8067,9315,2781,9266,15257,14411,14250,,
272169,M-CAT,medium,Arabiki Catuji Mekarwangi,B10,2,purging,31,11463,2794,2780,8066,9307,2782,9263,15233,14379,14236,,
273169,M-CAT,medium,Arabiki Catuji Mekarwangi,B10,2,purging,32,11401,2788,2781,8067,9299,2781,9260,15210,14349,14222,,
274169,M-CAT,medium,Arabiki Catuji Mekarwangi,B10,2,purging,33,11344,2788,2782,8067,9293,2780,9257,15187,14320,14208,,
275169,M-CAT,medium,Arabiki Catuji Mekarwangi,B10,2,purging,34,11290,2789,2778,8066,9286,2779,9254,15165,14292,14195,,
276169,M-CAT,medium,Arabiki Catuji Mekarwangi,B10,2,purging,35,11241,2788,2782,8066,9280,2782,9252,15144,14264,14183,,
277169,M-CAT,medium,Arabiki Catuji Mekarwangi,B10,2,purging,36,11194,2788,2783,8067,9275,2777,9250,15124,14239,14172,,
278169,M-CAT,medium,Arabiki Catuji Mekarwangi,B10,2,purging,37,11150,2788,2782,8066,9269,2780,9249,15105,14215,14161,,
279170,M-CAT,medium,Arabiki Catuji Mekarwangi,B10,2,purging,38,11107,2791,2782,8067,9264,2782,9247,15086,14191,14150,,
280169,M-CAT,medium,Arabiki Catuji Mekarwangi,B10,2,purging,39,11067,2791,2782,8066,9260,2782,9245,15068,14168,14139,,
281169,M-CAT,medium,Arabiki Catuji Mekarwangi,B10,2,purging,40,11029,2788,2782,8066,9255,2781,9243,15050,14146,14128,,
282169,M-CAT,medium,Arabiki Catuji Mekarwangi,B10,2,purging,41,10994,2791,2779,8066,9250,2781,9240,15033,14125,14118,,
283169,M-CAT,medium,Arabiki Catuji Mekarwangi,B10,2,purging,42,10959,2788,2782,8066,9246,2781,9239,15016,14104,14108,,
284169,M-CAT,medium,Arabiki Catuji Mekarwangi,B10,2,purging,43,10926,2786,2780,8066,9242,2782,9238,14999,14084,14099,,
285169,M-CAT,medium,Arabiki Catuji Mekarwangi,B10,2,purging,44,10895,2790,2779,8066,9237,2782,9237,14983,14064,14089,,
286170,M-CAT,medium,Arabiki Catuji Mekarwangi,B10,2,purging,45,10865,2788,2779,8066,9234,2782,9237,14967,14045,14080,,
287169,M-CAT,medium,Arabiki Catuji Mekarwangi,B10,2,purging,46,10838,2791,2778,8065,9230,2782,9234,14952,14027,14071,,
288169,M-CAT,medium,Arabiki Catuji Mekarwangi,B10,2,purging,47,10812,2788,2782,8065,9226,2778,9233,14936,14009,14062,,
289169,M-CAT,medium,Arabiki Catuji Mekarwangi,B10,2,purging,48,10787,2788,2780,8065,9222,2780,9230,14922,13991,14054,,
290169,M-CAT,medium,Arabiki Catuji Mekarwangi,B10,2,purging,49,10762,2788,2779,8065,9219,2778,9229,14907,13974,14046,,
291169,M-CAT,medium,Arabiki Catuji Mekarwangi,B10,2,purging,50,10739,2786,2780,8065,9216,2782,9227,14893,13958,14038,,
292169,M-CAT,medium,Arabiki Catuji Mekarwangi,B10,2,purging,51,10716,2787,2781,8065,9213,2782,9225,14880,13942,14031,,
293169,M-CAT,medium,Arabiki Catuji Mekarwangi,B10,2,purging,52,10695,2788,2779,8065,9209,2782,9224,14866,13927,14024,,
294169,M-CAT,medium,Arabiki Catuji Mekarwangi,B10,2,purging,53,10675,2791,2779,8064,9206,2781,9224,14853,13912,14016,,
295170,M-CAT,medium,Arabiki Catuji Mekarwangi,B10,2,purging,54,10654,2786,2780,8064,9203,2781,9223,14840,13898,14009,,
296169,M-CAT,medium,Arabiki Catuji Mekarwangi,B10,2,purging,55,10634,2791,2779,8064,9201,2780,9223,14828,13884,14003,,
297169,M-CAT,medium,Arabiki Catuji Mekarwangi,B10,2,purging,56,10615,2791,2782,8064,9199,2782,9223,14816,13870,13997,,
298169,M-CAT,medium,Arabiki Catuji Mekarwangi,B10,2,purging,57,10596,2791,2779,8064,9197,2778,9222,14804,13857,13990,,
299169,M-CAT,medium,Arabiki Catuji Mekarwangi,B10,2,purging,58,10578,2788,2781,8064,9194,2781,9220,14793,13845,13984,,
300169,M-CAT,medium,Arabiki Catuji Mekarwangi,B10,2,purging,59,10561,2789,2782,8064,9192,2782,9219,14781,13832,13977,,
301169,M-CAT,medium,Arabiki Catuji Mekarwangi,B10,2,purging,60,10545,2786,2782,8064,9190,2782,9219,14770,13819,13971,,
302170,M-CAT,medium,Arabiki Catuji Mekarwangi,B10,2,purging,61,10530,2785,2778,8064,9187,2779,9218,14758,13807,13965,,
303169,M-CAT,medium,Arabiki Catuji Mekarwangi,B10,2,purging,62,10515,2788,2782,8064,9185,2782,9217,14747,13796,13958,,
304169,M-CAT,medium,Arabiki Catuji Mekarwangi,B10,2,purging,63,10502,2787,2784,8064,9183,2781,9215,14736,13784,13952,,
305169,M-CAT,medium,Arabiki Catuji Mekarwangi,B10,2,purging,64,10488,2789,2779,8064,9180,2777,9213,14725,13773,13946,,
306169,M-CAT,medium,Arabiki Catuji Mekarwangi,B10,2,purging,65,10475,2785,2779,8063,9177,2781,9213,14715,13762,13940,,
307169,M-CAT,medium,Arabiki Catuji Mekarwangi,B10,2,purging,66,10464,2786,2780,8063,9174,2778,9211,14704,13751,13934,,
308169,M-CAT,medium,Arabiki Catuji Mekarwangi,B10,2,purging,67,10452,2785,2783,8063,9172,2782,9210,14694,13740,13928,,
309169,M-CAT,medium,Arabiki Catuji Mekarwangi,B10,2,purging,68,10440,2786,2779,8063,9169,2778,9208,14684,13730,13923,,
310169,M-CAT,medium,Arabiki Catuji Mekarwangi,B10,2,purging,69,10429,2786,2779,8063,9166,2781,9206,14673,13719,13917,,
311170,M-CAT,medium,Arabiki Catuji Mekarwangi,B10,2,purging,70,10417,2788,2780,8063,9163,2782,9205,14663,13709,13912,,
312169,M-CAT,medium,Arabiki Catuji Mekarwangi,B10,2,purging,71,10405,2786,2780,8063,9161,2781,9203,14654,13698,13907,,
313169,M-CAT,medium,Arabiki Catuji Mekarwangi,B10,2,purging,72,10394,2788,2778,8062,9158,2781,9202,14644,13688,13901,,
314169,M-CAT,medium,Arabiki Catuji Mekarwangi,B10,2,purging,73,10384,2785,2779,8062,9156,2778,9200,14635,13678,13896,,
315169,M-CAT,medium,Arabiki Catuji Mekarwangi,B10,2,purging,74,10373,2787,2778,8062,9154,2778,9199,14626,13669,13891,,
316169,M-CAT,medium,Arabiki Catuji Mekarwangi,B10,2,purging,75,10363,2787,2779,8062,9151,2779,9199,14617,13659,13887,,
317169,M-CAT,medium,Arabiki Catuji Mekarwangi,B10,2,purging,76,10354,2791,2781,8062,9149,2782,9198,14607,13649,13881,,
318170,M-CAT,medium,Arabiki Catuji Mekarwangi,B10,2,purging,77,10344,2788,2779,8061,9146,2782,9196,14598,13641,13876,,
319169,M-CAT,medium,Arabiki Catuji Mekarwangi,B10,2,purging,78,10334,2786,2780,8061,9144,2780,9195,14589,13631,13871,,
320169,M-CAT,medium,Arabiki Catuji Mekarwangi,B10,2,purging,79,10325,2786,2781,8061,9141,2782,9194,14580,13622,13866,,
321169,M-CAT,medium,Arabiki Catuji Mekarwangi,B10,2,purging,80,10316,2788,2780,8062,9138,2781,9192,14571,13613,13861,,
322169,M-CAT,medium,Arabiki Catuji Mekarwangi,B10,2,purging,81,10307,2787,2780,8061,9136,2779,9190,14563,13604,13856,,
323169,M-CAT,medium,Arabiki Catuji Mekarwangi,B10,2,purging,82,10299,2790,2778,8061,9133,2778,9189,14554,13596,13852,,
324169,M-CAT,medium,Arabiki Catuji Mekarwangi,B10,2,purging,83,10290,2790,2779,8061,9131,2779,9188,14546,13587,13848,,
325169,M-CAT,medium,Arabiki Catuji Mekarwangi,B10,2,purging,84,10282,2786,2779,8061,9129,2778,9187,14538,13579,13844,,
326169,M-CAT,medium,Arabiki Catuji Mekarwangi,B10,2,purging,85,10275,2786,2779,8061,9128,2781,9186,14531,13572,13840,,
327170,M-CAT,medium,Arabiki Catuji Mekarwangi,B10,2,purging,86,10267,2791,2779,8061,9127,2781,9186,14524,13564,13836,,
328169,M-CAT,medium,Arabiki Catuji Mekarwangi,B10,2,purging,87,10260,2791,2779,8061,9126,2781,9187,14516,13557,13833,,
329169,M-CAT,medium,Arabiki Catuji Mekarwangi,B10,2,purging,88,10253,2788,2783,8060,9124,2782,9185,14509,13550,13829,,
330169,M-CAT,medium,Arabiki Catuji Mekarwangi,B10,2,purging,89,10247,2792,2783,8060,9122,2781,9184,14501,13543,13825,,
331169,M-CAT,medium,Arabiki Catuji Mekarwangi,B10,2,purging,90,10239,2786,2780,8060,9120,2782,9184,14494,13535,13822,,
332169,M-CAT,medium,Arabiki Catuji Mekarwangi,B10,2,purging,91,10232,2786,2783,8060,9119,2780,9184,14487,13528,13817,,
333169,M-CAT,medium,Arabiki Catuji Mekarwangi,B10,2,purging,92,10226,2786,2778,8059,9117,2780,9182,14480,13521,13814,,
334170,M-CAT,medium,Arabiki Catuji Mekarwangi,B10,2,purging,93,10218,2786,2779,8059,9114,2778,9182,14473,13514,13810,,
335169,M-CAT,medium,Arabiki Catuji Mekarwangi,B10,2,purging,94,10211,2787,2782,8059,9112,2780,9180,14466,13506,13808,,
336169,M-CAT,medium,Arabiki Catuji Mekarwangi,B10,2,purging,95,10204,2786,2779,8059,9111,2778,9180,14459,13499,13804,,
337169,M-CAT,medium,Arabiki Catuji Mekarwangi,B10,2,purging,96,10198,2787,2779,8059,9110,2781,9179,14452,13493,13801,,
338169,M-CAT,medium,Arabiki Catuji Mekarwangi,B10,2,purging,97,10191,2789,2781,8058,9109,2781,9178,14445,13487,13797,,
339169,M-CAT,medium,Arabiki Catuji Mekarwangi,B10,2,purging,98,10185,2786,2781,8058,9107,2781,9178,14438,13480,13794,,
340169,M-CAT,medium,Arabiki Catuji Mekarwangi,B10,2,purging,99,10178,2787,2780,8057,9105,2782,9177,14431,13474,13790,,
341169,M-CAT,medium,Arabiki Catuji Mekarwangi,B10,2,purging,100,10173,2789,2780,8058,9103,2781,9177,14424,13468,13787,,
342169,M-CAT,medium,Arabiki Catuji Mekarwangi,B10,2,purging,101,10168,2785,2780,8057,9102,2781,9177,14418,13461,13784,,
343170,M-CAT,medium,Arabiki Catuji Mekarwangi,B10,2,purging,102,10162,2788,2780,8057,9101,2781,9176,14412,13455,13781,,
344169,M-CAT,medium,Arabiki Catuji Mekarwangi,B10,2,purging,103,10157,2786,2783,8057,9100,2777,9176,14406,13448,13778,,
345169,M-CAT,medium,Arabiki Catuji Mekarwangi,B10,2,purging,104,10152,2786,2779,8056,9099,2781,9175,14399,13443,13775,,
346169,M-CAT,medium,Arabiki Catuji Mekarwangi,B10,2,purging,105,10147,2791,2783,8056,9098,2782,9176,14393,13437,13772,,
347169,M-CAT,medium,Arabiki Catuji Mekarwangi,B10,2,purging,106,10142,2785,2778,8056,9097,2780,9176,14387,13432,13769,,
348169,M-CAT,medium,Arabiki Catuji Mekarwangi,B10,2,purging,107,10137,2789,2780,8056,9096,2779,9175,14382,13427,13767,,
349169,M-CAT,medium,Arabiki Catuji Mekarwangi,B10,2,purging,108,10132,2788,2782,8056,9095,2780,9174,14376,13421,13764,,
350170,M-CAT,medium,Arabiki Catuji Mekarwangi,B10,2,purging,109,10128,2788,2780,8056,9094,2781,9174,14369,13417,13761,,
351169,M-CAT,medium,Arabiki Catuji Mekarwangi,B10,2,purging,110,10125,2786,2780,8056,9093,2779,9173,14364,13412,13758,,
352169,M-CAT,medium,Arabiki Catuji Mekarwangi,B10,2,purging,111,10121,2789,2779,8056,9092,2782,9173,14358,13406,13756,,
353169,M-CAT,medium,Arabiki Catuji Mekarwangi,B10,2,purging,112,10116,2787,2779,8055,9091,2778,9172,14353,13401,13753,,
354169,M-CAT,medium,Arabiki Catuji Mekarwangi,B10,2,purging,113,10113,2788,2782,8056,9090,2782,9171,14347,13396,13751,,
355169,M-CAT,medium,Arabiki Catuji Mekarwangi,B10,2,purging,114,10109,2788,2780,8055,9089,2779,9171,14342,13392,13748,,
356169,M-CAT,medium,Arabiki Catuji Mekarwangi,B10,2,purging,115,10105,2787,2779,8055,9088,2782,9171,14336,13388,13746,,
357169,M-CAT,medium,Arabiki Catuji Mekarwangi,B10,2,purging,116,10101,2788,2780,8055,9088,2777,9171,14330,13383,13743,,
358169,M-CAT,medium,Arabiki Catuji Mekarwangi,B10,2,purging,117,10098,2788,2780,8054,9087,2782,9169,14325,13378,13740,,
359170,M-CAT,medium,Arabiki Catuji Mekarwangi,B10,2,purging,118,10095,2787,2782,8054,9085,2778,9168,14320,13374,13738,,
360169,M-CAT,medium,Arabiki Catuji Mekarwangi,B10,2,purging,119,10092,2788,2777,8054,9084,2778,9168,14314,13369,13736,,
361169,M-CAT,medium,Arabiki Catuji Mekarwangi,B10,2,purging,120,10090,2789,2785,8054,9083,2778,9168,14310,13365,13734,,
362172,M-CAT,medium,Arabiki Catuji Mekarwangi,B10,2,collecting,1,10087,2787,2784,8054,9082,2780,9167,14304,13361,13730,,
363169,M-CAT,medium,Arabiki Catuji Mekarwangi,B10,2,collecting,2,10085,2786,2782,8054,9084,2782,9168,14302,13357,13745,,
364169,M-CAT,medium,Arabiki Catuji Mekarwangi,B10,2,collecting,3,10273,2791,2783,8054,9128,2782,9214,14341,13365,13820,,
365169,M-CAT,medium,Arabiki Catuji Mekarwangi,B10,2,collecting,4,11148,2789,2783,8054,9281,2780,9348,14526,13462,14013,,
366170,M-CAT,medium,Arabiki Catuji Mekarwangi,B10,2,collecting,5,12577,2792,2779,8054,9527,2783,9550,14918,13728,14281,,
367169,M-CAT,medium,Arabiki Catuji Mekarwangi,B10,2,collecting,6,13851,2793,2779,8054,9757,2778,9715,15385,14127,14517,,
368169,M-CAT,medium,Arabiki Catuji Mekarwangi,B10,2,collecting,7,14760,2795,2783,8054,9932,2779,9817,15802,14557,14709,,
369169,M-CAT,medium,Arabiki Catuji Mekarwangi,B10,2,collecting,8,15391,2797,2784,8053,10060,2778,9880,16134,14946,14863,,
370169,M-CAT,medium,Arabiki Catuji Mekarwangi,B10,2,collecting,9,15827,2796,2783,8052,10152,2780,9912,16388,15271,14976,,
371169,M-CAT,medium,Arabiki Catuji Mekarwangi,B10,2,collecting,10,16106,2795,2780,8051,10206,2781,9911,16561,15523,15042,,
372169,M-CAT,medium,Arabiki Catuji Mekarwangi,B10,2,collecting,11,16264,2798,2785,8050,10227,2780,9884,16659,15703,15075,,
373169,M-CAT,medium,Arabiki Catuji Mekarwangi,B10,2,collecting,12,16342,2799,2779,8050,10226,2777,9847,16705,15820,15086,,
374169,M-CAT,medium,Arabiki Catuji Mekarwangi,B10,2,collecting,13,16362,2795,2783,8048,10207,2781,9805,16714,15887,15080,,
375170,M-CAT,medium,Arabiki Catuji Mekarwangi,B10,2,collecting,14,16343,2795,2783,8047,10179,2779,9763,16699,15921,15065,,
376169,M-CAT,medium,Arabiki Catuji Mekarwangi,B10,2,collecting,15,16296,2796,2783,8046,10145,2781,9723,16671,15928,15047,,
377169,M-CAT,medium,Arabiki Catuji Mekarwangi,B10,2,collecting,16,16232,2797,2781,8046,10110,2778,9689,16636,15921,15026,,
378169,M-CAT,medium,Arabiki Catuji Mekarwangi,B10,2,collecting,17,16162,2797,2783,8045,10077,2778,9660,16601,15904,15007,,
379169,M-CAT,medium,Arabiki Catuji Mekarwangi,B10,2,collecting,18,16086,2795,2780,8044,10046,2782,9636,16565,15882,14988,,
380169,M-CAT,medium,Arabiki Catuji Mekarwangi,B10,2,collecting,19,16005,2795,2784,8043,10015,2779,9614,16530,15856,14969,,
381169,M-CAT,medium,Arabiki Catuji Mekarwangi,B10,2,collecting,20,15925,2795,2779,8043,9987,2778,9596,16498,15829,14952,,
382170,M-CAT,medium,Arabiki Catuji Mekarwangi,B10,2,collecting,21,15849,2794,2783,8042,9964,2780,9581,16471,15803,14939,,
383169,M-CAT,medium,Arabiki Catuji Mekarwangi,B10,2,collecting,22,15777,2796,2783,8041,9943,2781,9570,16446,15778,14926,,
384169,M-CAT,medium,Arabiki Catuji Mekarwangi,B10,2,collecting,23,15711,2799,2783,8041,9925,2782,9560,16424,15756,14915,,
385169,M-CAT,medium,Arabiki Catuji Mekarwangi,B10,2,collecting,24,15648,2796,2780,8040,9908,2782,9552,16405,15734,14904,,
386169,M-CAT,medium,Arabiki Catuji Mekarwangi,B10,2,collecting,25,15588,2795,2780,8040,9892,2781,9545,16386,15713,14895,,
387169,M-CAT,medium,Arabiki Catuji Mekarwangi,B10,2,collecting,26,15537,2799,2780,8039,9881,2778,9540,16373,15694,14890,,
388169,M-CAT,medium,Arabiki Catuji Mekarwangi,B10,2,collecting,27,15493,2796,2785,8038,9872,2781,9537,16361,15678,14884,,
389169,M-CAT,medium,Arabiki Catuji Mekarwangi,B10,2,collecting,28,15453,2796,2781,8038,9862,2779,9532,16350,15664,14877,,
390169,M-CAT,medium,Arabiki Catuji Mekarwangi,B10,2,collecting,29,15415,2795,2785,8037,9854,2782,9528,16340,15651,14872,,
391170,M-CAT,medium,Arabiki Catuji Mekarwangi,B10,2,collecting,30,15378,2796,2780,8036,9844,2782,9524,16330,15638,14866,,
392169,M-CAT,medium,Arabiki Catuji Mekarwangi,B10,2,collecting,31,15344,2795,2780,8036,9836,2782,9519,16320,15625,14860,,
393169,M-CAT,medium,Arabiki Catuji Mekarwangi,B10,2,collecting,32,15313,2795,2783,8035,9829,2781,9517,16311,15613,14855,,
394169,M-CAT,medium,Arabiki Catuji Mekarwangi,B10,2,collecting,33,15285,2796,2784,8034,9823,2779,9514,16303,15602,14849,,
395169,M-CAT,medium,Arabiki Catuji Mekarwangi,B10,2,collecting,34,15255,2795,2779,8034,9815,2781,9510,16292,15590,14843,,
396169,M-CAT,medium,Arabiki Catuji Mekarwangi,B10,2,collecting,35,15227,2796,2779,8033,9809,2782,9506,16282,15579,14838,,
397169,M-CAT,medium,Arabiki Catuji Mekarwangi,B10,2,collecting,36,15204,2794,2783,8032,9803,2781,9503,16274,15568,14834,,
398170,M-CAT,medium,Arabiki Catuji Mekarwangi,B10,2,collecting,37,15184,2795,2783,8032,9799,2781,9502,16268,15558,14831,,
399169,M-CAT,medium,Arabiki Catuji Mekarwangi,B10,2,collecting,38,15170,2797,2784,8031,9796,2782,9501,16265,15550,14830,,
400169,M-CAT,medium,Arabiki Catuji Mekarwangi,B10,2,collecting,39,15159,2799,2783,8031,9796,2781,9501,16264,15545,14831,,
401169,M-CAT,medium,Arabiki Catuji Mekarwangi,B10,2,collecting,40,15160,2799,2779,8030,9798,2782,9506,16268,15543,14836,,
402169,M-CAT,medium,Arabiki Catuji Mekarwangi,B10,2,collecting,41,15171,2795,2780,8030,9801,2780,9511,16276,15545,14841,,
403169,M-CAT,medium,Arabiki Catuji Mekarwangi,B10,2,collecting,42,15184,2795,2785,8030,9805,2781,9514,16285,15549,14844,,
404169,M-CAT,medium,Arabiki Catuji Mekarwangi,B10,2,collecting,43,15195,2798,2785,8029,9807,2782,9515,16291,15553,14845,,
405169,M-CAT,medium,Arabiki Catuji Mekarwangi,B10,2,collecting,44,15201,2795,2781,8028,9807,2779,9514,16296,15557,14846,,
406169,M-CAT,medium,Arabiki Catuji Mekarwangi,B10,2,collecting,45,15204,2798,2784,8028,9805,2777,9512,16298,15559,14846,,
407170,M-CAT,medium,Arabiki Catuji Mekarwangi,B10,2,collecting,46,15201,2796,2779,8027,9803,2782,9508,16298,15558,14844,,
408169,M-CAT,medium,Arabiki Catuji Mekarwangi,B10,2,collecting,47,15198,2799,2782,8027,9800,2778,9504,16297,15556,14842,,
409169,M-CAT,medium,Arabiki Catuji Mekarwangi,B10,2,collecting,48,15193,2796,2781,8027,9797,2780,9501,16295,15554,14840,,
410169,M-CAT,medium,Arabiki Catuji Mekarwangi,B10,2,collecting,49,15191,2795,2782,8026,9796,2780,9502,16294,15552,14842,,
411169,M-CAT,medium,Arabiki Catuji Mekarwangi,B10,2,collecting,50,15195,2796,2783,8025,9797,2781,9505,16298,15552,14845,,
412169,M-CAT,medium,Arabiki Catuji Mekarwangi,B10,2,collecting,51,15205,2796,2779,8024,9801,2781,9508,16306,15554,14850,,
413169,M-CAT,medium,Arabiki Catuji Mekarwangi,B10,2,collecting,52,15218,2796,2780,8024,9804,2781,9509,16314,15558,14855,,
414170,M-CAT,medium,Arabiki Catuji Mekarwangi,B10,2,collecting,53,15233,2797,2783,8024,9808,2780,9511,16324,15565,14858,,
415169,M-CAT,medium,Arabiki Catuji Mekarwangi,B10,2,collecting,54,15243,2797,2782,8024,9809,2782,9513,16328,15570,14859,,
416169,M-CAT,medium,Arabiki Catuji Mekarwangi,B10,2,collecting,55,15247,2796,2779,8023,9808,2781,9511,16331,15573,14859,,
417169,M-CAT,medium,Arabiki Catuji Mekarwangi,B10,2,collecting,56,15248,2799,2780,8022,9806,2782,9509,16332,15575,14858,,
418169,M-CAT,medium,Arabiki Catuji Mekarwangi,B10,2,collecting,57,15244,2799,2780,8022,9803,2778,9505,16330,15575,14855,,
419169,M-CAT,medium,Arabiki Catuji Mekarwangi,B10,2,collecting,58,15233,2795,2783,8022,9798,2780,9500,16325,15572,14850,,
420169,M-CAT,medium,Arabiki Catuji Mekarwangi,B10,2,collecting,59,15222,2798,2782,8020,9794,2781,9495,16320,15566,14847,,
421169,M-CAT,medium,Arabiki Catuji Mekarwangi,B10,2,collecting,60,15214,2796,2780,8020,9791,2781,9493,16318,15562,14847,,
422169,M-CAT,medium,Arabiki Catuji Mekarwangi,B10,2,collecting,61,15214,2795,2780,8020,9790,2783,9492,16320,15560,14848,,
423170,M-CAT,medium,Arabiki Catuji Mekarwangi,B10,2,collecting,62,15214,2796,2786,8019,9790,2778,9492,16322,15559,14847,,
424169,M-CAT,medium,Arabiki Catuji Mekarwangi,B10,2,collecting,63,15213,2799,2785,8018,9788,2781,9492,16322,15558,14847,,
425169,M-CAT,medium,Arabiki Catuji Mekarwangi,B10,2,collecting,64,15213,2797,2781,8018,9787,2779,9492,16323,15557,14847,,
426169,M-CAT,medium,Arabiki Catuji Mekarwangi,B10,2,collecting,65,15213,2798,2782,8017,9786,2781,9492,16323,15556,14845,,
427169,M-CAT,medium,Arabiki Catuji Mekarwangi,B10,2,collecting,66,15212,2796,2786,8017,9784,2781,9492,16323,15555,14845,,
428169,M-CAT,medium,Arabiki Catuji Mekarwangi,B10,2,collecting,67,15214,2798,2785,8017,9783,2782,9492,16325,15554,14846,,
429169,M-CAT,medium,Arabiki Catuji Mekarwangi,B10,2,collecting,68,15216,2799,2783,8016,9783,2782,9492,16327,15555,14847,,
430170,M-CAT,medium,Arabiki Catuji Mekarwangi,B10,2,collecting,69,15216,2796,2781,8016,9782,2782,9491,16329,15555,14845,,
431169,M-CAT,medium,Arabiki Catuji Mekarwangi,B10,2,collecting,70,15214,2801,2781,8015,9780,2779,9490,16328,15554,14844,,
432169,M-CAT,medium,Arabiki Catuji Mekarwangi,B10,2,collecting,71,15207,2796,2779,8015,9776,2779,9486,16326,15552,14840,,
433169,M-CAT,medium,Arabiki Catuji Mekarwangi,B10,2,collecting,72,15200,2796,2786,8014,9774,2779,9484,16322,15548,14839,,
434169,M-CAT,medium,Arabiki Catuji Mekarwangi,B10,2,collecting,73,15193,2799,2780,8013,9772,2780,9481,16320,15545,14836,,
435169,M-CAT,medium,Arabiki Catuji Mekarwangi,B10,2,collecting,74,15188,2796,2783,8013,9769,2779,9478,16318,15542,14835,,
436169,M-CAT,medium,Arabiki Catuji Mekarwangi,B10,2,collecting,75,15183,2801,2785,8013,9767,2778,9478,16317,15539,14833,,
437169,M-CAT,medium,Arabiki Catuji Mekarwangi,B10,2,collecting,76,15179,2795,2780,8012,9765,2780,9477,16316,15536,14832,,
438169,M-CAT,medium,Arabiki Catuji Mekarwangi,B10,2,collecting,77,15177,2796,2783,8011,9765,2778,9477,16317,15534,14833,,
439170,M-CAT,medium,Arabiki Catuji Mekarwangi,B10,2,collecting,78,15181,2799,2783,8011,9767,2778,9482,16320,15534,14836,,
440169,M-CAT,medium,Arabiki Catuji Mekarwangi,B10,2,collecting,79,15187,2795,2783,8010,9769,2780,9484,16325,15535,14838,,
441169,M-CAT,medium,Arabiki Catuji Mekarwangi,B10,2,collecting,80,15193,2796,2783,8010,9769,2781,9483,16328,15537,14839,,
442169,M-CAT,medium,Arabiki Catuji Mekarwangi,B10,2,collecting,81,15196,2796,2783,8009,9770,2780,9482,16330,15539,14840,,
443169,M-CAT,medium,Arabiki Catuji Mekarwangi,B10,2,collecting,82,15204,2796,2783,8009,9772,2781,9484,16335,15540,14844,,
444169,M-CAT,medium,Arabiki Catuji Mekarwangi,B10,2,collecting,83,15213,2795,2779,8008,9774,2780,9486,16340,15544,14845,,
445169,M-CAT,medium,Arabiki Catuji Mekarwangi,B10,2,collecting,84,15221,2799,2783,8008,9776,2780,9485,16345,15547,14848,,
446170,M-CAT,medium,Arabiki Catuji Mekarwangi,B10,2,collecting,85,15228,2799,2780,8007,9778,2779,9488,16349,15550,14850,,
447169,M-CAT,medium,Arabiki Catuji Mekarwangi,B10,2,collecting,86,15238,2796,2784,8007,9781,2778,9491,16355,15554,14853,,
448169,M-CAT,medium,Arabiki Catuji Mekarwangi,B10,2,collecting,87,15248,2796,2783,8006,9783,2781,9492,16360,15558,14857,,
449169,M-CAT,medium,Arabiki Catuji Mekarwangi,B10,2,collecting,88,15259,2797,2779,8006,9786,2782,9493,16367,15563,14861,,
450169,M-CAT,medium,Arabiki Catuji Mekarwangi,B10,2,collecting,89,15274,2795,2782,8006,9790,2779,9496,16375,15569,14866,,
451169,M-CAT,medium,Arabiki Catuji Mekarwangi,B10,2,collecting,90,15289,2799,2785,8005,9793,2778,9500,16383,15576,14869,,
452169,M-CAT,medium,Arabiki Catuji Mekarwangi,B10,2,collecting,91,15299,2799,2783,8004,9793,2780,9500,16388,15582,14868,,
453169,M-CAT,medium,Arabiki Catuji Mekarwangi,B10,2,collecting,92,15301,2797,2782,8004,9790,2781,9494,16388,15584,14864,,
454169,M-CAT,medium,Arabiki Catuji Mekarwangi,B10,2,collecting,93,15294,2795,2779,8003,9785,2778,9488,16385,15583,14860,,
455170,M-CAT,medium,Arabiki Catuji Mekarwangi,B10,2,collecting,94,15286,2800,2784,8003,9781,2781,9482,16380,15580,14858,,
456169,M-CAT,medium,Arabiki Catuji Mekarwangi,B10,2,collecting,95,15282,2799,2780,8002,9779,2779,9481,16378,15577,14857,,
457169,M-CAT,medium,Arabiki Catuji Mekarwangi,B10,2,collecting,96,15278,2800,2780,8002,9776,2782,9479,16378,15575,14855,,
458169,M-CAT,medium,Arabiki Catuji Mekarwangi,B10,2,collecting,97,15272,2796,2781,8001,9773,2779,9477,16374,15573,14852,,
459169,M-CAT,medium,Arabiki Catuji Mekarwangi,B10,2,collecting,98,15260,2798,2783,8000,9768,2782,9474,16370,15568,14847,,
460169,M-CAT,medium,Arabiki Catuji Mekarwangi,B10,2,collecting,99,15245,2796,2785,8000,9763,2782,9470,16363,15562,14842,,
461169,M-CAT,medium,Arabiki Catuji Mekarwangi,B10,2,collecting,100,15231,2796,2786,7999,9758,2781,9466,16357,15555,14838,,
462170,M-CAT,medium,Arabiki Catuji Mekarwangi,B10,2,collecting,101,15216,2797,2783,7999,9754,2782,9462,16351,15548,14834,,
463169,M-CAT,medium,Arabiki Catuji Mekarwangi,B10,2,collecting,102,15203,2796,2782,7998,9750,2780,9461,16346,15542,14831,,
464169,M-CAT,medium,Arabiki Catuji Mekarwangi,B10,2,collecting,103,15196,2797,2786,7998,9750,2778,9462,16344,15536,14832,,
465169,M-CAT,medium,Arabiki Catuji Mekarwangi,B10,2,collecting,104,15198,2795,2781,7997,9751,2779,9465,16347,15535,14835,,
466169,M-CAT,medium,Arabiki Catuji Mekarwangi,B10,2,collecting,105,15206,2795,2783,7997,9754,2778,9469,16352,15536,14838,,
467169,M-CAT,medium,Arabiki Catuji Mekarwangi,B10,2,collecting,106,15213,2797,2782,7996,9756,2783,9470,16357,15538,14839,,
468169,M-CAT,medium,Arabiki Catuji Mekarwangi,B10,2,collecting,107,15219,2796,2786,7996,9757,2781,9471,16361,15541,14840,,
469169,M-CAT,medium,Arabiki Catuji Mekarwangi,B10,2,collecting,108,15225,2800,2785,7995,9758,2780,9471,16364,15543,14842,,
470169,M-CAT,medium,Arabiki Catuji Mekarwangi,B10,2,collecting,109,15229,2796,2783,7995,9758,2782,9469,16366,15544,14841,,
471170,M-CAT,medium,Arabiki Catuji Mekarwangi,B10,2,collecting,110,15228,2796,2785,7994,9756,2779,9467,16365,15544,14838,,
472169,M-CAT,medium,Arabiki Catuji Mekarwangi,B10,2,collecting,111,15224,2799,2781,7994,9752,2782,9464,16362,15543,14834,,
473169,M-CAT,medium,Arabiki Catuji Mekarwangi,B10,2,collecting,112,15217,2801,2787,7993,9749,2779,9462,16357,15539,14832,,
474169,M-CAT,medium,Arabiki Catuji Mekarwangi,B10,2,collecting,113,15209,2799,2786,7992,9745,2781,9459,16353,15535,14828,,
475169,M-CAT,medium,Arabiki Catuji Mekarwangi,B10,2,collecting,114,15200,2799,2780,7992,9741,2781,9456,16348,15530,14825,,
476169,M-CAT,medium,Arabiki Catuji Mekarwangi,B10,2,collecting,115,15194,2796,2784,7992,9739,2781,9456,16345,15525,14823,,
477169,M-CAT,medium,Arabiki Catuji Mekarwangi,B10,2,collecting,116,15193,2798,2786,7991,9739,2781,9456,16346,15523,14825,,
478170,M-CAT,medium,Arabiki Catuji Mekarwangi,B10,2,collecting,117,15198,2798,2784,7990,9740,2782,9457,16349,15522,14826,,
479169,M-CAT,medium,Arabiki Catuji Mekarwangi,B10,2,collecting,118,15199,2799,2780,7990,9739,2780,9455,16351,15523,14823,,
480169,M-CAT,medium,Arabiki Catuji Mekarwangi,B10,2,collecting,119,15192,2796,2785,7989,9735,2779,9450,16347,15521,14817,,
481169,M-CAT,medium,Arabiki Catuji Mekarwangi,B10,2,collecting,120,15179,2796,2780,7989,9729,2779,9445,16340,15516,14811,,
482172,M-CAT,medium,Arabiki Catuji Mekarwangi,B10,3,purging,1,15161,2799,2786,7989,9723,2782,9440,16331,15507,14805,,
483169,M-CAT,medium,Arabiki Catuji Mekarwangi,B10,3,purging,2,15148,2797,2784,7988,9720,2780,9439,16324,15499,14804,,
484169,M-CAT,medium,Arabiki Catuji Mekarwangi,B10,3,purging,3,15125,2799,2784,7987,9710,2782,9433,16315,15492,14786,,
485169,M-CAT,medium,Arabiki Catuji Mekarwangi,B10,3,purging,4,15035,2796,2786,7987,9681,2779,9406,16272,15471,14743,,
486169,M-CAT,medium,Arabiki Catuji Mekarwangi,B10,3,purging,5,14884,2799,2781,7987,9638,2781,9368,16203,15427,14694,,
487170,M-CAT,medium,Arabiki Catuji Mekarwangi,B10,3,purging,6,14695,2799,2783,7986,9590,2780,9333,16120,15362,14642,,
488169,M-CAT,medium,Arabiki Catuji Mekarwangi,B10,3,purging,7,14483,2796,2783,7986,9542,2781,9300,16034,15288,14592,,
489169,M-CAT,medium,Arabiki Catuji Mekarwangi,B10,3,purging,8,14257,2795,2781,7985,9497,2781,9273,15951,15208,14543,,
490169,M-CAT,medium,Arabiki Catuji Mekarwangi,B10,3,purging,9,14026,2797,2782,7985,9455,2780,9252,15873,15127,14499,,
491169,M-CAT,medium,Arabiki Catuji Mekarwangi,B10,3,purging,10,13794,2798,2784,7985,9417,2779,9233,15801,15048,14457,,
492169,M-CAT,medium,Arabiki Catuji Mekarwangi,B10,3,purging,11,13568,2794,2781,7984,9384,2778,9219,15735,14972,14420,,
493169,M-CAT,medium,Arabiki Catuji Mekarwangi,B10,3,purging,12,13348,2797,2781,7984,9355,2782,9208,15674,14900,14387,,
494170,M-CAT,medium,Arabiki Catuji Mekarwangi,B10,3,purging,13,13140,2795,2786,7984,9332,2777,9202,15620,14832,14359,,
495169,M-CAT,medium,Arabiki Catuji Mekarwangi,B10,3,purging,14,12943,2795,2786,7985,9312,2778,9199,15570,14770,14333,,
496169,M-CAT,medium,Arabiki Catuji Mekarwangi,B10,3,purging,15,12758,2791,2785,7985,9296,2781,9196,15524,14712,14308,,
497169,M-CAT,medium,Arabiki Catuji Mekarwangi,B10,3,purging,16,12586,2792,2783,7985,9282,2781,9194,15481,14658,14285,,
498169,M-CAT,medium,Arabiki Catuji Mekarwangi,B10,3,purging,17,12427,2792,2786,7985,9271,2782,9192,15440,14608,14261,,
499169,M-CAT,medium,Arabiki Catuji Mekarwangi,B10,3,purging,18,12281,2791,2781,7985,9260,2779,9190,15402,14561,14242,,
500169,M-CAT,medium,Arabiki Catuji Mekarwangi,B10,3,purging,19,12147,2793,2784,7986,9251,2782,9188,15367,14516,14224,,
501169,M-CAT,medium,Arabiki Catuji Mekarwangi,B10,3,purging,20,12025,2791,2783,7986,9244,2779,9188,15334,14475,14209,,
502169,M-CAT,medium,Arabiki Catuji Mekarwangi,B10,3,purging,21,11913,2791,2781,7986,9246,2782,9195,15305,14441,14200,,
503170,M-CAT,medium,Arabiki Catuji Mekarwangi,B10,3,purging,22,11815,2794,2780,7988,9250,2780,9202,15279,14413,14189,,
504169,M-CAT,medium,Arabiki Catuji Mekarwangi,B10,3,purging,23,11725,2794,2781,7988,9248,2779,9204,15251,14384,14172,,
505169,M-CAT,medium,Arabiki Catuji Mekarwangi,B10,3,purging,24,11639,2791,2781,7988,9241,2779,9201,15222,14352,14155,,
506169,M-CAT,medium,Arabiki Catuji Mekarwangi,B10,3,purging,25,11561,2791,2786,7988,9241,2781,9203,15197,14323,14153,,
507169,M-CAT,medium,Arabiki Catuji Mekarwangi,B10,3,purging,26,11492,2789,2782,7989,9247,2782,9210,15176,14301,14145,,
508169,M-CAT,medium,Arabiki Catuji Mekarwangi,B10,3,purging,27,11428,2796,2781,7990,9251,2782,9216,15156,14281,14136,,
509169,M-CAT,medium,Arabiki Catuji Mekarwangi,B10,3,purging,28,11368,2796,2782,7990,9248,2781,9217,15133,14259,14121,,
510170,M-CAT,medium,Arabiki Catuji Mekarwangi,B10,3,purging,29,11309,2793,2782,7990,9241,2782,9213,15109,14232,14107,,
511169,M-CAT,medium,Arabiki Catuji Mekarwangi,B10,3,purging,30,11255,2788,2786,7989,9231,2780,9207,15085,14205,14091,,
512169,M-CAT,medium,Arabiki Catuji Mekarwangi,B10,3,purging,31,11203,2789,2781,7989,9219,2779,9199,15061,14175,14075,,
513169,M-CAT,medium,Arabiki Catuji Mekarwangi,B10,3,purging,32,11154,2791,2782,7988,9207,2777,9190,15037,14146,14061,,
514169,M-CAT,medium,Arabiki Catuji Mekarwangi,B10,3,purging,33,11105,2795,2783,7988,9196,2779,9182,15015,14118,14046,,
515169,M-CAT,medium,Arabiki Catuji Mekarwangi,B10,3,purging,34,11060,2789,2783,7987,9190,2782,9179,14994,14091,14040,,
516169,M-CAT,medium,Arabiki Catuji Mekarwangi,B10,3,purging,35,11022,2790,2781,7988,9199,2780,9187,14979,14076,14042,,
517169,M-CAT,medium,Arabiki Catuji Mekarwangi,B10,3,purging,36,10991,2791,2783,7991,9216,2780,9199,14967,14072,14039,,
518169,M-CAT,medium,Arabiki Catuji Mekarwangi,B10,3,purging,37,10960,2794,2781,7992,9216,2782,9200,14951,14061,14025,,
519170,M-CAT,medium,Arabiki Catuji Mekarwangi,B10,3,purging,38,10927,2792,2781,7990,9205,2779,9192,14930,14040,14009,,
520169,M-CAT,medium,Arabiki Catuji Mekarwangi,B10,3,purging,39,10894,2796,2784,7989,9192,2780,9181,14910,14016,13995,,
521169,M-CAT,medium,Arabiki Catuji Mekarwangi,B10,3,purging,40,10862,2792,2781,7988,9177,2779,9170,14890,13991,13980,,
522169,M-CAT,medium,Arabiki Catuji Mekarwangi,B10,3,purging,41,10831,2788,2782,7987,9162,2781,9160,14869,13964,13966,,
523169,M-CAT,medium,Arabiki Catuji Mekarwangi,B10,3,purging,42,10800,2792,2781,7986,9147,2781,9150,14851,13937,13952,,
524169,M-CAT,medium,Arabiki Catuji Mekarwangi,B10,3,purging,43,10771,2797,2783,7986,9134,2780,9142,14833,13910,13941,,
525169,M-CAT,medium,Arabiki Catuji Mekarwangi,B10,3,purging,44,10741,2792,2781,7985,9123,2779,9136,14816,13886,13929,,
526170,M-CAT,medium,Arabiki Catuji Mekarwangi,B10,3,purging,45,10714,2795,2781,7985,9113,2780,9131,14799,13861,13919,,
527169,M-CAT,medium,Arabiki Catuji Mekarwangi,B10,3,purging,46,10688,2792,2782,7985,9105,2780,9127,14784,13839,13908,,
528169,M-CAT,medium,Arabiki Catuji Mekarwangi,B10,3,purging,47,10664,2788,2781,7984,9097,2782,9122,14770,13817,13898,,
529169,M-CAT,medium,Arabiki Catuji Mekarwangi,B10,3,purging,48,10640,2793,2786,7984,9089,2781,9118,14754,13796,13888,,
530169,M-CAT,medium,Arabiki Catuji Mekarwangi,B10,3,purging,49,10619,2788,2786,7983,9083,2781,9115,14740,13776,13879,,
531169,M-CAT,medium,Arabiki Catuji Mekarwangi,B10,3,purging,50,10597,2791,2781,7983,9076,2782,9112,14727,13756,13872,,
532169,M-CAT,medium,Arabiki Catuji Mekarwangi,B10,3,purging,51,10576,2788,2784,7982,9071,2780,9110,14713,13738,13864,,
533169,M-CAT,medium,Arabiki Catuji Mekarwangi,B10,3,purging,52,10558,2788,2782,7982,9067,2782,9110,14700,13721,13857,,
534169,M-CAT,medium,Arabiki Catuji Mekarwangi,B10,3,purging,53,10539,2789,2786,7982,9064,2780,9110,14689,13705,13850,,
535170,M-CAT,medium,Arabiki Catuji Mekarwangi,B10,3,purging,54,10522,2789,2784,7981,9063,2779,9112,14678,13690,13845,,
536169,M-CAT,medium,Arabiki Catuji Mekarwangi,B10,3,purging,55,10507,2788,2782,7982,9063,2781,9112,14667,13678,13839,,
537169,M-CAT,medium,Arabiki Catuji Mekarwangi,B10,3,purging,56,10492,2793,2781,7982,9062,2781,9113,14656,13665,13833,,
538169,M-CAT,medium,Arabiki Catuji Mekarwangi,B10,3,purging,57,10478,2788,2783,7982,9062,2782,9114,14646,13655,13830,,
539169,M-CAT,medium,Arabiki Catuji Mekarwangi,B10,3,purging,58,10465,2788,2780,7982,9065,2782,9117,14636,13646,13827,,
540169,M-CAT,medium,Arabiki Catuji Mekarwangi,B10,3,purging,59,10453,2788,2781,7981,9069,2779,9120,14627,13639,13825,,
541169,M-CAT,medium,Arabiki Catuji Mekarwangi,B10,3,purging,60,10444,2791,2786,7982,9079,2780,9129,14620,13637,13829,,
542170,M-CAT,medium,Arabiki Catuji Mekarwangi,B10,3,purging,61,10436,2792,2786,7983,9088,2781,9136,14613,13637,13826,,
543169,M-CAT,medium,Arabiki Catuji Mekarwangi,B10,3,purging,62,10427,2788,2783,7983,9093,2780,9139,14604,13634,13823,,
544169,M-CAT,medium,Arabiki Catuji Mekarwangi,B10,3,purging,63,10417,2792,2782,7983,9096,2781,9140,14596,13630,13819,,
545169,M-CAT,medium,Arabiki Catuji Mekarwangi,B10,3,purging,64,10408,2789,2781,7983,9099,2779,9141,14586,13626,13817,,
546169,M-CAT,medium,Arabiki Catuji Mekarwangi,B10,3,purging,65,10400,2788,2783,7983,9105,2780,9145,14578,13625,13818,,
547169,M-CAT,medium,Arabiki Catuji Mekarwangi,B10,3,purging,66,10393,2789,2784,7984,9107,2779,9146,14570,13623,13812,,
548169,M-CAT,medium,Arabiki Catuji Mekarwangi,B10,3,purging,67,10385,2792,2786,7983,9102,2782,9141,14560,13615,13803,,
549169,M-CAT,medium,Arabiki Catuji Mekarwangi,B10,3,purging,68,10375,2788,2783,7982,9092,2779,9133,14549,13603,13795,,
550169,M-CAT,medium,Arabiki Catuji Mekarwangi,B10,3,purging,69,10363,2790,2786,7981,9082,2780,9126,14537,13588,13787,,
551170,M-CAT,medium,Arabiki Catuji Mekarwangi,B10,3,purging,70,10351,2789,2781,7980,9073,2782,9120,14526,13575,13781,,
552169,M-CAT,medium,Arabiki Catuji Mekarwangi,B10,3,purging,71,10340,2789,2780,7980,9068,2781,9118,14517,13562,13776,,
553169,M-CAT,medium,Arabiki Catuji Mekarwangi,B10,3,purging,72,10329,2789,2782,7980,9063,2780,9117,14508,13550,13772,,
554169,M-CAT,medium,Arabiki Catuji Mekarwangi,B10,3,purging,73,10318,2792,2781,7979,9060,2782,9118,14499,13540,13768,,
555169,M-CAT,medium,Arabiki Catuji Mekarwangi,B10,3,purging,74,10308,2788,2784,7979,9056,2780,9116,14490,13529,13761,,
556169,M-CAT,medium,Arabiki Catuji Mekarwangi,B10,3,purging,75,10298,2795,2785,7978,9052,2779,9112,14481,13517,13755,,
557169,M-CAT,medium,Arabiki Catuji Mekarwangi,B10,3,purging,76,10288,2789,2786,7978,9047,2782,9110,14473,13506,13750,,
558170,M-CAT,medium,Arabiki Catuji Mekarwangi,B10,3,purging,77,10279,2788,2783,7977,9043,2781,9108,14463,13495,13745,,
559169,M-CAT,medium,Arabiki Catuji Mekarwangi,B10,3,purging,78,10270,2792,2783,7977,9040,2781,9106,14455,13484,13740,,
560169,M-CAT,medium,Arabiki Catuji Mekarwangi,B10,3,purging,79,10262,2788,2784,7977,9040,2781,9106,14447,13476,13737,,
561169,M-CAT,medium,Arabiki Catuji Mekarwangi,B10,3,purging,80,10254,2792,2782,7977,9037,2780,9105,14439,13468,13733,,
562169,M-CAT,medium,Arabiki Catuji Mekarwangi,B10,3,purging,81,10247,2791,2785,7976,9036,2780,9104,14431,13460,13729,,
563169,M-CAT,medium,Arabiki Catuji Mekarwangi,B10,3,purging,82,10239,2788,2781,7976,9033,2779,9104,14423,13452,13725,,
564169,M-CAT,medium,Arabiki Catuji Mekarwangi,B10,3,purging,83,10233,2791,2786,7976,9030,2781,9102,14416,13444,13721,,
565169,M-CAT,medium,Arabiki Catuji Mekarwangi,B10,3,purging,84,10226,2794,2781,7976,9027,2780,9100,14409,13435,13716,,
566169,M-CAT,medium,Arabiki Catuji Mekarwangi,B10,3,purging,85,10219,2789,2783,7976,9027,2780,9100,14401,13428,13716,,
567170,M-CAT,medium,Arabiki Catuji Mekarwangi,B10,3,purging,86,10216,2789,2785,7977,9052,2780,9116,14399,13434,13738,,
568169,M-CAT,medium,Arabiki Catuji Mekarwangi,B10,3,purging,87,10223,2791,2782,7981,9093,2779,9142,14405,13464,13752,,
569169,M-CAT,medium,Arabiki Catuji Mekarwangi,B10,3,purging,88,10230,2789,2781,7984,9126,2780,9164,14407,13493,13762,,
570169,M-CAT,medium,Arabiki Catuji Mekarwangi,B10,3,purging,89,10236,2788,2781,7985,9142,2781,9172,14405,13514,13760,,
571169,M-CAT,medium,Arabiki Catuji Mekarwangi,B10,3,purging,90,10236,2788,2781,7985,9142,2782,9170,14398,13522,13754,,
572169,M-CAT,medium,Arabiki Catuji Mekarwangi,B10,3,purging,91,10233,2792,2786,7983,9132,2781,9161,14389,13518,13747,,
573169,M-CAT,medium,Arabiki Catuji Mekarwangi,B10,3,purging,92,10226,2788,2782,7981,9123,2782,9153,14379,13510,13742,,
574170,M-CAT,medium,Arabiki Catuji Mekarwangi,B10,3,purging,93,10220,2791,2786,7981,9125,2779,9152,14371,13508,13742,,
575169,M-CAT,medium,Arabiki Catuji Mekarwangi,B10,3,purging,94,10217,2791,2781,7982,9123,2780,9148,14364,13508,13737,,
576169,M-CAT,medium,Arabiki Catuji Mekarwangi,B10,3,purging,95,10211,2791,2783,7981,9113,2780,9140,14355,13501,13728,,
577169,M-CAT,medium,Arabiki Catuji Mekarwangi,B10,3,purging,96,10204,2788,2781,7980,9100,2779,9131,14346,13489,13721,,
578169,M-CAT,medium,Arabiki Catuji Mekarwangi,B10,3,purging,97,10195,2788,2783,7978,9087,2782,9122,14337,13476,13715,,
579169,M-CAT,medium,Arabiki Catuji Mekarwangi,B10,3,purging,98,10187,2795,2786,7977,9078,2782,9117,14329,13463,13710,,
580169,M-CAT,medium,Arabiki Catuji Mekarwangi,B10,3,purging,99,10180,2792,2781,7978,9075,2777,9116,14322,13454,13709,,
581169,M-CAT,medium,Arabiki Catuji Mekarwangi,B10,3,purging,100,10175,2791,2784,7978,9072,2782,9115,14317,13448,13705,,
582169,M-CAT,medium,Arabiki Catuji Mekarwangi,B10,3,purging,101,10170,2789,2784,7978,9067,2781,9111,14309,13439,13700,,
583170,M-CAT,medium,Arabiki Catuji Mekarwangi,B10,3,purging,102,10167,2788,2785,7978,9087,2781,9123,14307,13443,13719,,
584169,M-CAT,medium,Arabiki Catuji Mekarwangi,B10,3,purging,103,10171,2791,2785,7982,9119,2780,9145,14310,13466,13732,,
585169,M-CAT,medium,Arabiki Catuji Mekarwangi,B10,3,purging,104,10179,2788,2782,7985,9139,2782,9157,14311,13488,13731,,
586169,M-CAT,medium,Arabiki Catuji Mekarwangi,B10,3,purging,105,10182,2788,2782,7985,9146,2782,9159,14306,13497,13733,,
587169,M-CAT,medium,Arabiki Catuji Mekarwangi,B10,3,purging,106,10184,2792,2782,7985,9155,2782,9161,14301,13508,13734,,
588169,M-CAT,medium,Arabiki Catuji Mekarwangi,B10,3,purging,107,10185,2788,2782,7985,9163,2782,9163,14298,13517,13738,,
589169,M-CAT,medium,Arabiki Catuji Mekarwangi,B10,3,purging,108,10186,2789,2786,7985,9162,2780,9162,14293,13522,13733,,
590170,M-CAT,medium,Arabiki Catuji Mekarwangi,B10,3,purging,109,10182,2791,2786,7984,9147,2780,9151,14284,13515,13721,,
591169,M-CAT,medium,Arabiki Catuji Mekarwangi,B10,3,purging,110,10173,2790,2786,7981,9126,2782,9136,14274,13499,13710,,
592169,M-CAT,medium,Arabiki Catuji Mekarwangi,B10,3,purging,111,10163,2789,2784,7979,9105,2780,9123,14263,13479,13700,,
593169,M-CAT,medium,Arabiki Catuji Mekarwangi,B10,3,purging,112,10153,2790,2786,7977,9085,2780,9112,14253,13458,13691,,
594169,M-CAT,medium,Arabiki Catuji Mekarwangi,B10,3,purging,113,10141,2788,2781,7976,9068,2782,9102,14244,13437,13683,,
595169,M-CAT,medium,Arabiki Catuji Mekarwangi,B10,3,purging,114,10131,2791,2784,7975,9054,2779,9093,14236,13417,13676,,
596169,M-CAT,medium,Arabiki Catuji Mekarwangi,B10,3,purging,115,10122,2788,2781,7974,9042,2779,9087,14228,13399,13669,,
597169,M-CAT,medium,Arabiki Catuji Mekarwangi,B10,3,purging,116,10114,2789,2781,7973,9031,2779,9082,14221,13382,13663,,
598169,M-CAT,medium,Arabiki Catuji Mekarwangi,B10,3,purging,117,10106,2788,2786,7972,9022,2779,9079,14215,13367,13658,,
599170,M-CAT,medium,Arabiki Catuji Mekarwangi,B10,3,purging,118,10099,2789,2783,7972,9014,2780,9077,14209,13352,13653,,
600169,M-CAT,medium,Arabiki Catuji Mekarwangi,B10,3,purging,119,10093,2791,2781,7972,9009,2782,9075,14204,13339,13648,,
601169,M-CAT,medium,Arabiki Catuji Mekarwangi,B10,3,purging,120,10089,2792,2783,7972,9006,2780,9075,14198,13327,13648,,
602172,M-CAT,medium,Arabiki Catuji Mekarwangi,B10,3,collecting,1,10088,2793,2781,7972,9015,2780,9083,14196,13327,13652,,
603169,M-CAT,medium,Arabiki Catuji Mekarwangi,B10,3,collecting,2,10089,2789,2783,7973,9020,2781,9087,14194,13326,13650,,
604169,M-CAT,medium,Arabiki Catuji Mekarwangi,B10,3,collecting,3,10089,2792,2784,7973,9020,2780,9087,14189,13323,13645,,
605169,M-CAT,medium,Arabiki Catuji Mekarwangi,B10,3,collecting,4,10088,2788,2788,7972,9018,2778,9085,14183,13317,13642,,
606170,M-CAT,medium,Arabiki Catuji Mekarwangi,B10,3,collecting,5,10086,2789,2787,7972,9017,2779,9083,14178,13312,13640,,
607169,M-CAT,medium,Arabiki Catuji Mekarwangi,B10,3,collecting,6,10215,2796,2781,7972,9050,2781,9111,14202,13311,13710,,
608169,M-CAT,medium,Arabiki Catuji Mekarwangi,B10,3,collecting,7,11273,2793,2781,7971,9231,2782,9275,14445,13419,13957,,
609169,M-CAT,medium,Arabiki Catuji Mekarwangi,B10,3,collecting,8,12788,2795,2786,7971,9478,2782,9474,14894,13714,14224,,
610169,M-CAT,medium,Arabiki Catuji Mekarwangi,B10,3,collecting,9,14072,2799,2783,7970,9700,2781,9621,15390,14128,14469,,
611169,M-CAT,medium,Arabiki Catuji Mekarwangi,B10,3,collecting,10,14982,2799,2784,7970,9869,2781,9717,15832,14567,14666,,
612169,M-CAT,medium,Arabiki Catuji Mekarwangi,B10,3,collecting,11,15602,2801,2786,7969,9989,2781,9771,16176,14963,14815,,
613169,M-CAT,medium,Arabiki Catuji Mekarwangi,B10,3,collecting,12,16015,2803,2786,7967,10071,2781,9793,16427,15282,14922,,
614169,M-CAT,medium,Arabiki Catuji Mekarwangi,B10,3,collecting,13,16288,2799,2781,7966,10123,2780,9794,16603,15527,14999,,
615170,M-CAT,medium,Arabiki Catuji Mekarwangi,B10,3,collecting,14,16468,2803,2784,7965,10155,2779,9783,16722,15709,15051,,
616169,M-CAT,medium,Arabiki Catuji Mekarwangi,B10,3,collecting,15,16579,2801,2782,7963,10168,2781,9762,16799,15843,15080,,
617169,M-CAT,medium,Arabiki Catuji Mekarwangi,B10,3,collecting,16,16631,2798,2787,7962,10163,2782,9730,16837,15932,15088,,
618169,M-CAT,medium,Arabiki Catuji Mekarwangi,B10,3,collecting,17,16632,2797,2781,7961,10142,2783,9691,16837,15984,15075,,
619169,M-CAT,medium,Arabiki Catuji Mekarwangi,B10,3,collecting,18,16591,2798,2781,7959,10109,2780,9647,16810,16000,15052,,
620169,M-CAT,medium,Arabiki Catuji Mekarwangi,B10,3,collecting,19,16529,2799,2783,7958,10070,2781,9609,16769,15993,15028,,
621169,M-CAT,medium,Arabiki Catuji Mekarwangi,B10,3,collecting,20,16456,2801,2780,7957,10033,2780,9578,16726,15972,15005,,
622170,M-CAT,medium,Arabiki Catuji Mekarwangi,B10,3,collecting,21,16379,2801,2783,7956,9999,2779,9552,16686,15945,14984,,
623169,M-CAT,medium,Arabiki Catuji Mekarwangi,B10,3,collecting,22,16300,2801,2781,7954,9966,2781,9531,16649,15916,14964,,
624169,M-CAT,medium,Arabiki Catuji Mekarwangi,B10,3,collecting,23,16221,2798,2782,7953,9937,2779,9513,16615,15885,14948,,
625169,M-CAT,medium,Arabiki Catuji Mekarwangi,B10,3,collecting,24,16145,2800,2781,7952,9911,2779,9500,16585,15856,14930,,
626169,M-CAT,medium,Arabiki Catuji Mekarwangi,B10,3,collecting,25,16061,2798,2781,7951,9882,2779,9484,16551,15826,14907,,
627169,M-CAT,medium,Arabiki Catuji Mekarwangi,B10,3,collecting,26,15971,2799,2781,7950,9854,2780,9465,16512,15793,14884,,
628169,M-CAT,medium,Arabiki Catuji Mekarwangi,B10,3,collecting,27,15879,2802,2786,7950,9825,2782,9449,16472,15755,14861,,
629169,M-CAT,medium,Arabiki Catuji Mekarwangi,B10,3,collecting,28,15788,2800,2786,7949,9799,2782,9434,16434,15717,14839,,
630169,M-CAT,medium,Arabiki Catuji Mekarwangi,B10,3,collecting,29,15697,2801,2786,7948,9774,2779,9420,16396,15679,14818,,
631170,M-CAT,medium,Arabiki Catuji Mekarwangi,B10,3,collecting,30,15614,2795,2787,7947,9760,2780,9415,16364,15645,14808,,
632169,M-CAT,medium,Arabiki Catuji Mekarwangi,B10,3,collecting,31,15553,2800,2783,7948,9756,2783,9419,16346,15620,14805,,
633169,M-CAT,medium,Arabiki Catuji Mekarwangi,B10,3,collecting,32,15513,2799,2783,7948,9761,2780,9431,16341,15607,14813,,
634169,M-CAT,medium,Arabiki Catuji Mekarwangi,B10,3,collecting,33,15508,2797,2786,7949,9778,2779,9450,16353,15607,14833,,
635169,M-CAT,medium,Arabiki Catuji Mekarwangi,B10,3,collecting,34,15525,2803,2784,7949,9797,2780,9468,16377,15620,14846,,
636169,M-CAT,medium,Arabiki Catuji Mekarwangi,B10,3,collecting,35,15531,2799,2787,7950,9807,2779,9472,16390,15636,14849,,
637169,M-CAT,medium,Arabiki Catuji Mekarwangi,B10,3,collecting,36,15517,2801,2780,7949,9807,2781,9467,16388,15645,14842,,
638170,M-CAT,medium,Arabiki Catuji Mekarwangi,B10,3,collecting,37,15482,2801,2781,7950,9800,2780,9457,16372,15642,14832,,
639169,M-CAT,medium,Arabiki Catuji Mekarwangi,B10,3,collecting,38,15452,2802,2781,7949,9797,2780,9456,16358,15633,14834,,
640169,M-CAT,medium,Arabiki Catuji Mekarwangi,B10,3,collecting,39,15445,2797,2786,7949,9802,2782,9461,16358,15628,14841,,
641169,M-CAT,medium,Arabiki Catuji Mekarwangi,B10,3,collecting,40,15439,2799,2786,7949,9804,2778,9462,16360,15630,14838,,
642169,M-CAT,medium,Arabiki Catuji Mekarwangi,B10,3,collecting,41,15412,2801,2783,7949,9795,2779,9453,16348,15626,14824,,
643169,M-CAT,medium,Arabiki Catuji Mekarwangi,B10,3,collecting,42,15367,2798,2787,7948,9781,2782,9440,16326,15613,14809,,
644169,M-CAT,medium,Arabiki Catuji Mekarwangi,B10,3,collecting,43,15318,2800,2782,7947,9766,2779,9428,16301,15594,14796,,
645169,M-CAT,medium,Arabiki Catuji Mekarwangi,B10,3,collecting,44,15273,2797,2783,7946,9754,2782,9420,16280,15572,14787,,
646169,M-CAT,medium,Arabiki Catuji Mekarwangi,B10,3,collecting,45,15241,2799,2782,7946,9745,2781,9417,16266,15553,14782,,
647170,M-CAT,medium,Arabiki Catuji Mekarwangi,B10,3,collecting,46,15219,2798,2783,7945,9739,2779,9414,16259,15538,14777,,
648169,M-CAT,medium,Arabiki Catuji Mekarwangi,B10,3,collecting,47,15202,2803,2782,7943,9733,2780,9412,16253,15526,14773,,
649169,M-CAT,medium,Arabiki Catuji Mekarwangi,B10,3,collecting,48,15191,2803,2784,7942,9726,2782,9409,16249,15515,14769,,
650169,M-CAT,medium,Arabiki Catuji Mekarwangi,B10,3,collecting,49,15183,2801,2783,7942,9722,2779,9408,16248,15506,14769,,
651169,M-CAT,medium,Arabiki Catuji Mekarwangi,B10,3,collecting,50,15190,2804,2782,7940,9721,2782,9411,16253,15501,14773,,
652169,M-CAT,medium,Arabiki Catuji Mekarwangi,B10,3,collecting,51,15204,2803,2781,7940,9720,2779,9415,16260,15499,14775,,
653169,M-CAT,medium,Arabiki Catuji Mekarwangi,B10,3,collecting,52,15209,2797,2788,7939,9715,2781,9411,16263,15499,14770,,
654170,M-CAT,medium,Arabiki Catuji Mekarwangi,B10,3,collecting,53,15199,2801,2786,7938,9706,2781,9402,16256,15493,14759,,
655169,M-CAT,medium,Arabiki Catuji Mekarwangi,B10,3,collecting,54,15174,2798,2782,7937,9692,2780,9391,16242,15481,14746,,
656169,M-CAT,medium,Arabiki Catuji Mekarwangi,B10,3,collecting,55,15141,2800,2788,7936,9679,2779,9381,16223,15464,14735,,
657169,M-CAT,medium,Arabiki Catuji Mekarwangi,B10,3,collecting,56,15118,2798,2782,7935,9672,2779,9377,16212,15446,14735,,
658169,M-CAT,medium,Arabiki Catuji Mekarwangi,B10,3,collecting,57,15115,2800,2783,7935,9671,2780,9380,16211,15436,14736,,
659169,M-CAT,medium,Arabiki Catuji Mekarwangi,B10,3,collecting,58,15109,2797,2785,7934,9667,2781,9380,16210,15430,14729,,
660169,M-CAT,medium,Arabiki Catuji Mekarwangi,B10,3,collecting,59,15089,2803,2786,7933,9659,2777,9374,16202,15422,14718,,
661169,M-CAT,medium,Arabiki Catuji Mekarwangi,B10,3,collecting,60,15059,2800,2788,7932,9649,2780,9369,16186,15408,14709,,
662169,M-CAT,medium,Arabiki Catuji Mekarwangi,B10,3,collecting,61,15035,2803,2783,7932,9644,2781,9368,16176,15394,14706,,
663170,M-CAT,medium,Arabiki Catuji Mekarwangi,B10,3,collecting,62,15023,2800,2783,7931,9641,2779,9368,16171,15383,14703,,
664169,M-CAT,medium,Arabiki Catuji Mekarwangi,B10,3,collecting,63,15005,2797,2785,7931,9636,2782,9365,16163,15374,14694,,
665169,M-CAT,medium,Arabiki Catuji Mekarwangi,B10,3,collecting,64,14981,2802,2782,7930,9630,2780,9361,16152,15362,14687,,
666169,M-CAT,medium,Arabiki Catuji Mekarwangi,B10,3,collecting,65,14959,2803,2786,7930,9625,2780,9359,16142,15350,14683,,
667169,M-CAT,medium,Arabiki Catuji Mekarwangi,B10,3,collecting,66,14948,2801,2782,7930,9624,2780,9358,16137,15341,14682,,
668169,M-CAT,medium,Arabiki Catuji Mekarwangi,B10,3,collecting,67,14940,2800,2781,7929,9622,2781,9358,16134,15335,14679,,
669169,M-CAT,medium,Arabiki Catuji Mekarwangi,B10,3,collecting,68,14940,2801,2781,7928,9624,2781,9360,16135,15329,14685,,
670170,M-CAT,medium,Arabiki Catuji Mekarwangi,B10,3,collecting,69,14986,2798,2786,7928,9643,2782,9381,16156,15334,14716,,
671169,M-CAT,medium,Arabiki Catuji Mekarwangi,B10,3,collecting,70,15097,2797,2783,7927,9678,2779,9417,16210,15361,14758,,
672169,M-CAT,medium,Arabiki Catuji Mekarwangi,B10,3,collecting,71,15221,2801,2781,7927,9711,2780,9445,16275,15406,14787,,
673169,M-CAT,medium,Arabiki Catuji Mekarwangi,B10,3,collecting,72,15311,2801,2785,7926,9730,2780,9452,16319,15452,14801,,
674169,M-CAT,medium,Arabiki Catuji Mekarwangi,B10,3,collecting,73,15369,2797,2784,7925,9740,2782,9450,16345,15486,14810,,
675169,M-CAT,medium,Arabiki Catuji Mekarwangi,B10,3,collecting,74,15410,2799,2783,7925,9743,2782,9446,16361,15510,14814,,
676169,M-CAT,medium,Arabiki Catuji Mekarwangi,B10,3,collecting,75,15424,2798,2787,7924,9738,2782,9435,16364,15524,14806,,
677169,M-CAT,medium,Arabiki Catuji Mekarwangi,B10,3,collecting,76,15408,2805,2784,7923,9724,2780,9419,16351,15526,14790,,
678169,M-CAT,medium,Arabiki Catuji Mekarwangi,B10,3,collecting,77,15368,2796,2786,7923,9706,2779,9399,16326,15515,14772,,
679170,M-CAT,medium,Arabiki Catuji Mekarwangi,B10,3,collecting,78,15321,2798,2783,7922,9688,2781,9384,16300,15496,14756,,
680169,M-CAT,medium,Arabiki Catuji Mekarwangi,B10,3,collecting,79,15275,2800,2784,7921,9674,2780,9375,16277,15475,14745,,
681169,M-CAT,medium,Arabiki Catuji Mekarwangi,B10,3,collecting,80,15242,2798,2783,7921,9666,2782,9371,16263,15456,14740,,
682169,M-CAT,medium,Arabiki Catuji Mekarwangi,B10,3,collecting,81,15217,2797,2783,7920,9659,2781,9371,16255,15443,14734,,
683169,M-CAT,medium,Arabiki Catuji Mekarwangi,B10,3,collecting,82,15191,2805,2782,7920,9651,2780,9368,16246,15432,14725,,
684169,M-CAT,medium,Arabiki Catuji Mekarwangi,B10,3,collecting,83,15159,2800,2781,7919,9642,2779,9361,16233,15419,14715,,
685169,M-CAT,medium,Arabiki Catuji Mekarwangi,B10,3,collecting,84,15123,2804,2781,7918,9631,2782,9355,16217,15404,14705,,
686170,M-CAT,medium,Arabiki Catuji Mekarwangi,B10,3,collecting,85,15088,2802,2782,7918,9624,2781,9350,16202,15388,14697,,
687169,M-CAT,medium,Arabiki Catuji Mekarwangi,B10,3,collecting,86,15067,2797,2786,7917,9622,2782,9354,16195,15373,14701,,
688169,M-CAT,medium,Arabiki Catuji Mekarwangi,B10,3,collecting,87,15088,2802,2785,7917,9637,2780,9373,16211,15371,14723,,
689169,M-CAT,medium,Arabiki Catuji Mekarwangi,B10,3,collecting,88,15154,2797,2783,7916,9663,2780,9399,16250,15387,14753,,
690169,M-CAT,medium,Arabiki Catuji Mekarwangi,B10,3,collecting,89,15232,2800,2787,7916,9688,2782,9419,16294,15417,14778,,
691169,M-CAT,medium,Arabiki Catuji Mekarwangi,B10,3,collecting,90,15318,2800,2783,7916,9716,2781,9440,16341,15452,14809,,
692169,M-CAT,medium,Arabiki Catuji Mekarwangi,B10,3,collecting,91,15428,2801,2787,7915,9751,2779,9468,16397,15495,14851,,
693169,M-CAT,medium,Arabiki Catuji Mekarwangi,B10,3,collecting,92,15544,2797,2783,7915,9785,2782,9491,16460,15548,14883,,
694169,M-CAT,medium,Arabiki Catuji Mekarwangi,B10,3,collecting,93,15636,2799,2785,7914,9808,2780,9502,16509,15600,14902,,
695170,M-CAT,medium,Arabiki Catuji Mekarwangi,B10,3,collecting,94,15697,2804,2782,7913,9819,2780,9503,16538,15642,14912,,
696169,M-CAT,medium,Arabiki Catuji Mekarwangi,B10,3,collecting,95,15728,2798,2783,7913,9820,2781,9495,16551,15669,14911,,
697169,M-CAT,medium,Arabiki Catuji Mekarwangi,B10,3,collecting,96,15728,2804,2781,7912,9811,2781,9481,16545,15682,14898,,
698169,M-CAT,medium,Arabiki Catuji Mekarwangi,B10,3,collecting,97,15697,2799,2787,7911,9792,2780,9459,16522,15679,14877,,
699169,M-CAT,medium,Arabiki Catuji Mekarwangi,B10,3,collecting,98,15639,2801,2784,7911,9767,2781,9436,16487,15662,14853,,
700169,M-CAT,medium,Arabiki Catuji Mekarwangi,B10,3,collecting,99,15574,2802,2786,7910,9745,2780,9418,16450,15636,14833,,
701169,M-CAT,medium,Arabiki Catuji Mekarwangi,B10,3,collecting,100,15511,2800,2782,7909,9726,2779,9406,16418,15608,14816,,
702170,M-CAT,medium,Arabiki Catuji Mekarwangi,B10,3,collecting,101,15453,2803,2782,7910,9710,2779,9398,16393,15581,14803,,
703169,M-CAT,medium,Arabiki Catuji Mekarwangi,B10,3,collecting,102,15407,2799,2782,7909,9700,2780,9394,16375,15558,14796,,
704169,M-CAT,medium,Arabiki Catuji Mekarwangi,B10,3,collecting,103,15374,2803,2786,7909,9695,2782,9393,16365,15541,14794,,
705169,M-CAT,medium,Arabiki Catuji Mekarwangi,B10,3,collecting,104,15349,2799,2784,7908,9691,2780,9393,16359,15529,14787,,
706169,M-CAT,medium,Arabiki Catuji Mekarwangi,B10,3,collecting,105,15317,2801,2786,7908,9683,2781,9389,16347,15518,14778,,
707169,M-CAT,medium,Arabiki Catuji Mekarwangi,B10,3,collecting,106,15275,2801,2784,7907,9672,2779,9385,16330,15503,14766,,
708169,M-CAT,medium,Arabiki Catuji Mekarwangi,B10,3,collecting,107,15232,2803,2781,7906,9663,2780,9380,16311,15485,14757,,
709169,M-CAT,medium,Arabiki Catuji Mekarwangi,B10,3,collecting,108,15200,2797,2783,7906,9658,2781,9380,16299,15468,14755,,
710169,M-CAT,medium,Arabiki Catuji Mekarwangi,B10,3,collecting,109,15189,2798,2782,7905,9661,2780,9386,16299,15458,14760,,
711170,M-CAT,medium,Arabiki Catuji Mekarwangi,B10,3,collecting,110,15188,2800,2785,7905,9666,2781,9392,16304,15455,14762,,
712169,M-CAT,medium,Arabiki Catuji Mekarwangi,B10,3,collecting,111,15182,2801,2784,7904,9666,2780,9394,16303,15454,14758,,
713169,M-CAT,medium,Arabiki Catuji Mekarwangi,B10,3,collecting,112,15167,2804,2786,7904,9663,2782,9392,16297,15450,14753,,
714169,M-CAT,medium,Arabiki Catuji Mekarwangi,B10,3,collecting,113,15148,2802,2783,7903,9661,2780,9391,16289,15443,14751,,
715169,M-CAT,medium,Arabiki Catuji Mekarwangi,B10,3,collecting,114,15148,2803,2782,7903,9666,2782,9397,16290,15437,14759,,
716169,M-CAT,medium,Arabiki Catuji Mekarwangi,B10,3,collecting,115,15162,2803,2783,7903,9672,2780,9408,16300,15440,14765,,
717169,M-CAT,medium,Arabiki Catuji Mekarwangi,B10,3,collecting,116,15169,2803,2783,7903,9675,2781,9410,16304,15444,14763,,
718170,M-CAT,medium,Arabiki Catuji Mekarwangi,B10,3,collecting,117,15161,2798,2783,7903,9673,2780,9409,16299,15443,14759,,
719169,M-CAT,medium,Arabiki Catuji Mekarwangi,B10,3,collecting,118,15150,2800,2783,7903,9672,2781,9408,16292,15440,14759,,
720169,M-CAT,medium,Arabiki Catuji Mekarwangi,B10,3,collecting,119,15148,2799,2783,7902,9676,2782,9412,16293,15438,14764,,
721169,M-CAT,medium,Arabiki Catuji Mekarwangi,B10,3,collecting,120,15151,2801,2782,7902,9680,2780,9418,16296,15438,14765,,
722172,M-CAT,medium,Arabiki Catuji Mekarwangi,B10,4,purging,1,15145,2801,2786,7901,9680,2779,9419,16293,15439,14761,,
723169,M-CAT,medium,Arabiki Catuji Mekarwangi,B10,4,purging,2,15117,2798,2783,7901,9675,2782,9414,16281,15434,14751,,
724168,M-CAT,medium,Arabiki Catuji Mekarwangi,B10,4,purging,3,15074,2800,2785,7901,9669,2780,9409,16261,15422,14746,,
725168,M-CAT,medium,Arabiki Catuji Mekarwangi,B10,4,purging,4,15000,2799,2782,7901,9657,2780,9402,16231,15407,14721,,
726169,M-CAT,medium,Arabiki Catuji Mekarwangi,B10,4,purging,5,14873,2804,2782,7901,9630,2782,9383,16173,15375,14680,,
727170,M-CAT,medium,Arabiki Catuji Mekarwangi,B10,4,purging,6,14702,2800,2782,7901,9596,2781,9356,16101,15326,14635,,
728169,M-CAT,medium,Arabiki Catuji Mekarwangi,B10,4,purging,7,14501,2796,2786,7901,9558,2782,9330,16022,15264,14592,,
729169,M-CAT,medium,Arabiki Catuji Mekarwangi,B10,4,purging,8,14285,2797,2788,7900,9518,2782,9308,15945,15194,14549,,
730168,M-CAT,medium,Arabiki Catuji Mekarwangi,B10,4,purging,9,14060,2796,2783,7901,9482,2779,9290,15871,15122,14509,,
731169,M-CAT,medium,Arabiki Catuji Mekarwangi,B10,4,purging,10,13833,2796,2785,7900,9449,2780,9277,15802,15050,14470,,
732169,M-CAT,medium,Arabiki Catuji Mekarwangi,B10,4,purging,11,13609,2798,2781,7900,9419,2780,9265,15738,14980,14435,,
733169,M-CAT,medium,Arabiki Catuji Mekarwangi,B10,4,purging,12,13392,2798,2787,7901,9393,2782,9255,15678,14912,14403,,
734170,M-CAT,medium,Arabiki Catuji Mekarwangi,B10,4,purging,13,13184,2794,2786,7901,9372,2782,9251,15624,14850,14375,,
735169,M-CAT,medium,Arabiki Catuji Mekarwangi,B10,4,purging,14,12987,2799,2783,7901,9352,2782,9246,15574,14790,14348,,
736169,M-CAT,medium,Arabiki Catuji Mekarwangi,B10,4,purging,15,12802,2796,2784,7902,9334,2781,9241,15527,14733,14323,,
737169,M-CAT,medium,Arabiki Catuji Mekarwangi,B10,4,purging,16,12629,2796,2783,7902,9317,2779,9237,15484,14679,14301,,
738169,M-CAT,medium,Arabiki Catuji Mekarwangi,B10,4,purging,17,12467,2795,2786,7902,9304,2780,9234,15444,14628,14280,,
739169,M-CAT,medium,Arabiki Catuji Mekarwangi,B10,4,purging,18,12318,2794,2783,7902,9291,2781,9231,15406,14580,14259,,
740169,M-CAT,medium,Arabiki Catuji Mekarwangi,B10,4,purging,19,12178,2797,2784,7903,9280,2778,9228,15370,14535,14240,,
741169,M-CAT,medium,Arabiki Catuji Mekarwangi,B10,4,purging,20,12050,2797,2782,7903,9270,2779,9228,15337,14492,14221,,
742169,M-CAT,medium,Arabiki Catuji Mekarwangi,B10,4,purging,21,11933,2793,2782,7903,9260,2779,9226,15303,14451,14203,,
743170,M-CAT,medium,Arabiki Catuji Mekarwangi,B10,4,purging,22,11826,2798,2783,7903,9251,2779,9223,15271,14412,14185,,
744169,M-CAT,medium,Arabiki Catuji Mekarwangi,B10,4,purging,23,11727,2793,2786,7904,9242,2779,9218,15242,14375,14169,,
745169,M-CAT,medium,Arabiki Catuji Mekarwangi,B10,4,purging,24,11636,2795,2788,7904,9235,2779,9216,15213,14341,14154,,
746169,M-CAT,medium,Arabiki Catuji Mekarwangi,B10,4,purging,25,11552,2795,2787,7905,9228,2779,9214,15186,14309,14138,,
747169,M-CAT,medium,Arabiki Catuji Mekarwangi,B10,4,purging,26,11475,2791,2786,7905,9220,2782,9211,15159,14277,14122,,
748169,M-CAT,medium,Arabiki Catuji Mekarwangi,B10,4,purging,27,11405,2794,2783,7906,9212,2780,9207,15132,14244,14108,,
749169,M-CAT,medium,Arabiki Catuji Mekarwangi,B10,4,purging,28,11339,2794,2789,7905,9204,2781,9203,15108,14214,14096,,
750170,M-CAT,medium,Arabiki Catuji Mekarwangi,B10,4,purging,29,11278,2792,2786,7906,9198,2782,9201,15085,14185,14083,,
751169,M-CAT,medium,Arabiki Catuji Mekarwangi,B10,4,purging,30,11221,2795,2786,7906,9192,2782,9199,15063,14158,14072,,
752169,M-CAT,medium,Arabiki Catuji Mekarwangi,B10,4,purging,31,11167,2791,2787,7906,9188,2782,9198,15042,14132,14061,,
753169,M-CAT,medium,Arabiki Catuji Mekarwangi,B10,4,purging,32,11117,2793,2783,7906,9183,2782,9198,15022,14107,14050,,
754169,M-CAT,medium,Arabiki Catuji Mekarwangi,B10,4,purging,33,11070,2793,2785,7907,9179,2779,9197,15002,14083,14039,,
755169,M-CAT,medium,Arabiki Catuji Mekarwangi,B10,4,purging,34,11026,2793,2788,7907,9175,2780,9196,14983,14060,14029,,
756169,M-CAT,medium,Arabiki Catuji Mekarwangi,B10,4,purging,35,10985,2793,2782,7907,9171,2782,9195,14964,14038,14019,,
757169,M-CAT,medium,Arabiki Catuji Mekarwangi,B10,4,purging,36,10946,2791,2787,7907,9168,2782,9195,14945,14016,14010,,
758169,M-CAT,medium,Arabiki Catuji Mekarwangi,B10,4,purging,37,10909,2791,2787,7907,9164,2782,9195,14928,13995,14003,,
759170,M-CAT,medium,Arabiki Catuji Mekarwangi,B10,4,purging,38,10873,2792,2784,7908,9162,2782,9196,14912,13975,13995,,
760169,M-CAT,medium,Arabiki Catuji Mekarwangi,B10,4,purging,39,10838,2791,2783,7908,9160,2779,9197,14896,13957,13986,,
761169,M-CAT,medium,Arabiki Catuji Mekarwangi,B10,4,purging,40,10806,2798,2782,7908,9157,2780,9197,14880,13939,13979,,
762169,M-CAT,medium,Arabiki Catuji Mekarwangi,B10,4,purging,41,10775,2792,2786,7908,9156,2782,9197,14864,13920,13972,,
763169,M-CAT,medium,Arabiki Catuji Mekarwangi,B10,4,purging,42,10746,2791,2784,7908,9154,2782,9197,14850,13904,13964,,
764169,M-CAT,medium,Arabiki Catuji Mekarwangi,B10,4,purging,43,10718,2797,2786,7909,9152,2780,9198,14835,13887,13958,,
765169,M-CAT,medium,Arabiki Catuji Mekarwangi,B10,4,purging,44,10692,2797,2783,7909,9152,2782,9199,14821,13872,13952,,
766170,M-CAT,medium,Arabiki Catuji Mekarwangi,B10,4,purging,45,10667,2792,2783,7909,9152,2780,9200,14808,13858,13946,,
767169,M-CAT,medium,Arabiki Catuji Mekarwangi,B10,4,purging,46,10643,2791,2784,7910,9150,2782,9200,14794,13844,13939,,
768169,M-CAT,medium,Arabiki Catuji Mekarwangi,B10,4,purging,47,10619,2791,2786,7910,9149,2782,9200,14780,13830,13933,,
769169,M-CAT,medium,Arabiki Catuji Mekarwangi,B10,4,purging,48,10597,2794,2788,7910,9147,2782,9202,14767,13817,13928,,
770169,M-CAT,medium,Arabiki Catuji Mekarwangi,B10,4,purging,49,10576,2792,2784,7910,9147,2780,9202,14755,13804,13921,,
771169,M-CAT,medium,Arabiki Catuji Mekarwangi,B10,4,purging,50,10556,2791,2786,7910,9146,2780,9202,14742,13791,13916,,
772169,M-CAT,medium,Arabiki Catuji Mekarwangi,B10,4,purging,51,10536,2797,2784,7911,9145,2780,9202,14730,13778,13911,,
773169,M-CAT,medium,Arabiki Catuji Mekarwangi,B10,4,purging,52,10516,2793,2787,7911,9146,2779,9204,14718,13767,13908,,
774169,M-CAT,medium,Arabiki Catuji Mekarwangi,B10,4,purging,53,10497,2795,2785,7912,9146,2782,9206,14707,13758,13903,,
775170,M-CAT,medium,Arabiki Catuji Mekarwangi,B10,4,purging,54,10479,2793,2782,7912,9146,2782,9208,14697,13746,13897,,
776169,M-CAT,medium,Arabiki Catuji Mekarwangi,B10,4,purging,55,10462,2791,2787,7912,9147,2782,9208,14686,13736,13898,,
777169,M-CAT,medium,Arabiki Catuji Mekarwangi,B10,4,purging,56,10447,2792,2784,7913,9164,2779,9221,14679,13736,13905,,
778169,M-CAT,medium,Arabiki Catuji Mekarwangi,B10,4,purging,57,10435,2795,2783,7916,9192,2779,9240,14673,13746,13918,,
779169,M-CAT,medium,Arabiki Catuji Mekarwangi,B10,4,purging,58,10429,2792,2783,7921,9236,2782,9267,14672,13774,13937,,
780169,M-CAT,medium,Arabiki Catuji Mekarwangi,B10,4,purging,59,10427,2795,2783,7926,9286,2780,9297,14674,13813,13955,,
781169,M-CAT,medium,Arabiki Catuji Mekarwangi,B10,4,purging,60,10426,2796,2788,7930,9321,2780,9316,14672,13849,13961,,
782170,M-CAT,medium,Arabiki Catuji Mekarwangi,B10,4,purging,61,10420,2791,2787,7930,9325,2782,9316,14665,13862,13954,,
783169,M-CAT,medium,Arabiki Catuji Mekarwangi,B10,4,purging,62,10408,2789,2783,7927,9312,2778,9306,14653,13857,13945,,
784169,M-CAT,medium,Arabiki Catuji Mekarwangi,B10,4,purging,63,10391,2792,2787,7924,9295,2782,9295,14640,13843,13936,,
785169,M-CAT,medium,Arabiki Catuji Mekarwangi,B10,4,purging,64,10374,2797,2783,7923,9286,2782,9289,14628,13827,13938,,
786169,M-CAT,medium,Arabiki Catuji Mekarwangi,B10,4,purging,65,10362,2794,2784,7924,9303,2780,9304,14624,13830,13953,,
787169,M-CAT,medium,Arabiki Catuji Mekarwangi,B10,4,purging,66,10355,2793,2785,7928,9322,2780,9319,14622,13842,13958,,
788169,M-CAT,medium,Arabiki Catuji Mekarwangi,B10,4,purging,67,10347,2794,2784,7930,9331,2780,9325,14617,13849,13958,,
789169,M-CAT,medium,Arabiki Catuji Mekarwangi,B10,4,purging,68,10337,2792,2784,7930,9334,2780,9328,14610,13849,13958,,
790169,M-CAT,medium,Arabiki Catuji Mekarwangi,B10,4,purging,69,10324,2792,2783,7930,9332,2781,9327,14602,13846,13955,,
791170,M-CAT,medium,Arabiki Catuji Mekarwangi,B10,4,purging,70,10310,2791,2786,7929,9325,2782,9323,14592,13837,13947,,
792169,M-CAT,medium,Arabiki Catuji Mekarwangi,B10,4,purging,71,10294,2796,2783,7928,9311,2777,9315,14580,13823,13938,,
793169,M-CAT,medium,Arabiki Catuji Mekarwangi,B10,4,purging,72,10277,2796,2784,7927,9296,2779,9305,14568,13804,13930,,
794169,M-CAT,medium,Arabiki Catuji Mekarwangi,B10,4,purging,73,10258,2792,2781,7926,9281,2780,9298,14557,13784,13923,,
795169,M-CAT,medium,Arabiki Catuji Mekarwangi,B10,4,purging,74,10239,2792,2788,7925,9268,2782,9293,14546,13764,13916,,
796169,M-CAT,medium,Arabiki Catuji Mekarwangi,B10,4,purging,75,10220,2792,2784,7925,9257,2782,9288,14536,13745,13910,,
797169,M-CAT,medium,Arabiki Catuji Mekarwangi,B10,4,purging,76,10202,2793,2785,7925,9248,2782,9286,14526,13727,13906,,
798170,M-CAT,medium,Arabiki Catuji Mekarwangi,B10,4,purging,77,10185,2794,2786,7925,9241,2780,9283,14518,13710,13901,,
799169,M-CAT,medium,Arabiki Catuji Mekarwangi,B10,4,purging,78,10169,2789,2786,7925,9236,2780,9283,14510,13694,13897,,
800169,M-CAT,medium,Arabiki Catuji Mekarwangi,B10,4,purging,79,10153,2795,2783,7926,9231,2780,9284,14502,13679,13892,,
801169,M-CAT,medium,Arabiki Catuji Mekarwangi,B10,4,purging,80,10139,2792,2787,7926,9227,2777,9284,14493,13666,13888,,
802169,M-CAT,medium,Arabiki Catuji Mekarwangi,B10,4,purging,81,10127,2791,2785,7926,9225,2782,9284,14485,13653,13884,,
803169,M-CAT,medium,Arabiki Catuji Mekarwangi,B10,4,purging,82,10115,2789,2786,7926,9222,2779,9285,14477,13642,13880,,
804169,M-CAT,medium,Arabiki Catuji Mekarwangi,B10,4,purging,83,10104,2791,2782,7927,9219,2780,9285,14469,13631,13877,,
805169,M-CAT,medium,Arabiki Catuji Mekarwangi,B10,4,purging,84,10094,2794,2786,7928,9218,2781,9285,14461,13621,13873,,
806169,M-CAT,medium,Arabiki Catuji Mekarwangi,B10,4,purging,85,10085,2791,2787,7928,9216,2780,9285,14453,13611,13870,,
807170,M-CAT,medium,Arabiki Catuji Mekarwangi,B10,4,purging,86,10076,2792,2783,7928,9215,2781,9284,14446,13602,13867,,
808169,M-CAT,medium,Arabiki Catuji Mekarwangi,B10,4,purging,87,10067,2792,2785,7929,9213,2781,9284,14438,13593,13862,,
809169,M-CAT,medium,Arabiki Catuji Mekarwangi,B10,4,purging,88,10060,2792,2783,7929,9211,2779,9283,14430,13583,13858,,
810169,M-CAT,medium,Arabiki Catuji Mekarwangi,B10,4,purging,89,10053,2792,2783,7929,9209,2780,9282,14422,13575,13854,,
811169,M-CAT,medium,Arabiki Catuji Mekarwangi,B10,4,purging,90,10046,2794,2783,7930,9207,2783,9280,14415,13567,13851,,
812169,M-CAT,medium,Arabiki Catuji Mekarwangi,B10,4,purging,91,10040,2795,2786,7931,9209,2782,9283,14409,13562,13852,,
813169,M-CAT,medium,Arabiki Catuji Mekarwangi,B10,4,purging,92,10037,2796,2786,7932,9213,2779,9287,14403,13559,13853,,
814170,M-CAT,medium,Arabiki Catuji Mekarwangi,B10,4,purging,93,10036,2792,2789,7934,9248,2782,9308,14401,13575,13873,,
815169,M-CAT,medium,Arabiki Catuji Mekarwangi,B10,4,purging,94,10043,2795,2782,7940,9289,2782,9331,14403,13610,13883,,
816169,M-CAT,medium,Arabiki Catuji Mekarwangi,B10,4,purging,95,10047,2789,2788,7943,9310,2781,9341,14402,13633,13890,,
817169,M-CAT,medium,Arabiki Catuji Mekarwangi,B10,4,purging,96,10052,2792,2786,7944,9339,2781,9355,14401,13659,13901,,
818169,M-CAT,medium,Arabiki Catuji Mekarwangi,B10,4,purging,97,10055,2795,2786,7946,9348,2779,9359,14399,13678,13900,,
819169,M-CAT,medium,Arabiki Catuji Mekarwangi,B10,4,purging,98,10053,2795,2786,7945,9342,2779,9353,14392,13681,13897,,
820169,M-CAT,medium,Arabiki Catuji Mekarwangi,B10,4,purging,99,10047,2793,2783,7943,9332,2779,9346,14385,13675,13893,,
821169,M-CAT,medium,Arabiki Catuji Mekarwangi,B10,4,purging,100,10038,2795,2788,7942,9320,2779,9340,14378,13666,13889,,
822169,M-CAT,medium,Arabiki Catuji Mekarwangi,B10,4,purging,101,10029,2792,2787,7941,9308,2780,9334,14370,13653,13883,,
823170,M-CAT,medium,Arabiki Catuji Mekarwangi,B10,4,purging,102,10019,2794,2785,7940,9297,2780,9328,14362,13640,13876,,
824169,M-CAT,medium,Arabiki Catuji Mekarwangi,B10,4,purging,103,10009,2795,2783,7940,9285,2779,9322,14354,13625,13870,,
825169,M-CAT,medium,Arabiki Catuji Mekarwangi,B10,4,purging,104,10000,2794,2784,7940,9275,2780,9316,14345,13611,13864,,
826169,M-CAT,medium,Arabiki Catuji Mekarwangi,B10,4,purging,105,9991,2792,2786,7940,9265,2782,9310,14337,13597,13859,,
827169,M-CAT,medium,Arabiki Catuji Mekarwangi,B10,4,purging,106,9982,2793,2784,7940,9257,2782,9306,14330,13584,13854,,
828169,M-CAT,medium,Arabiki Catuji Mekarwangi,B10,4,purging,107,9974,2790,2784,7940,9250,2779,9303,14324,13570,13851,,
829169,M-CAT,medium,Arabiki Catuji Mekarwangi,B10,4,purging,108,9965,2789,2786,7940,9243,2779,9301,14318,13558,13848,,
830170,M-CAT,medium,Arabiki Catuji Mekarwangi,B10,4,purging,109,9958,2792,2786,7941,9238,2782,9300,14311,13547,13844,,
831169,M-CAT,medium,Arabiki Catuji Mekarwangi,B10,4,purging,110,9951,2794,2784,7941,9235,2779,9299,14305,13536,13840,,
832169,M-CAT,medium,Arabiki Catuji Mekarwangi,B10,4,purging,111,9945,2796,2788,7941,9232,2782,9298,14299,13527,13837,,
833169,M-CAT,medium,Arabiki Catuji Mekarwangi,B10,4,purging,112,9940,2789,2787,7942,9229,2782,9297,14292,13518,13834,,
834169,M-CAT,medium,Arabiki Catuji Mekarwangi,B10,4,purging,113,9935,2790,2787,7942,9226,2781,9296,14287,13509,13832,,
835169,M-CAT,medium,Arabiki Catuji Mekarwangi,B10,4,purging,114,9930,2790,2785,7943,9227,2780,9298,14284,13503,13836,,
836169,M-CAT,medium,Arabiki Catuji Mekarwangi,B10,4,purging,115,9924,2792,2785,7944,9227,2782,9302,14281,13498,13835,,
837169,M-CAT,medium,Arabiki Catuji Mekarwangi,B10,4,purging,116,9917,2790,2786,7944,9227,2782,9306,14278,13491,13834,,
838169,M-CAT,medium,Arabiki Catuji Mekarwangi,B10,4,purging,117,9911,2793,2786,7944,9230,2782,9309,14273,13486,13835,,
839170,M-CAT,medium,Arabiki Catuji Mekarwangi,B10,4,purging,118,9906,2796,2783,7945,9234,2780,9313,14269,13485,13836,,
840169,M-CAT,medium,Arabiki Catuji Mekarwangi,B10,4,purging,119,9903,2792,2783,7947,9250,2782,9324,14268,13489,13845,,
841169,M-CAT,medium,Arabiki Catuji Mekarwangi,B10,4,purging,120,9904,2796,2786,7950,9269,2781,9337,14267,13503,13849,,
842172,M-CAT,medium,Arabiki Catuji Mekarwangi,B10,4,collecting,1,9903,2792,2785,7951,9275,2779,9339,14264,13509,13846,,
843169,M-CAT,medium,Arabiki Catuji Mekarwangi,B10,4,collecting,2,9901,2790,2783,7951,9274,2782,9337,14258,13508,13844,,
844169,M-CAT,medium,Arabiki Catuji Mekarwangi,B10,4,collecting,3,9906,2791,2789,7950,9273,2782,9337,14254,13504,13846,,
845169,M-CAT,medium,Arabiki Catuji Mekarwangi,B10,4,collecting,4,10352,2791,2783,7950,9345,2780,9396,14324,13526,13958,,
846170,M-CAT,medium,Arabiki Catuji Mekarwangi,B10,4,collecting,5,11544,2796,2786,7950,9517,2779,9543,14600,13679,14162,,
847169,M-CAT,medium,Arabiki Catuji Mekarwangi,B10,4,collecting,6,12900,2796,2789,7951,9716,2779,9686,15000,13974,14377,,
848169,M-CAT,medium,Arabiki Catuji Mekarwangi,B10,4,collecting,7,14005,2799,2785,7951,9884,2782,9791,15413,14340,14575,,
849169,M-CAT,medium,Arabiki Catuji Mekarwangi,B10,4,collecting,8,14815,2796,2786,7951,10011,2784,9853,15776,14711,14736,,
850169,M-CAT,medium,Arabiki Catuji Mekarwangi,B10,4,collecting,9,15375,2802,2784,7950,10101,2784,9881,16060,15041,14858,,
851169,M-CAT,medium,Arabiki Catuji Mekarwangi,B10,4,collecting,10,15741,2801,2783,7950,10159,2780,9886,16261,15307,14943,,
852169,M-CAT,medium,Arabiki Catuji Mekarwangi,B10,4,collecting,11,15967,2803,2783,7949,10193,2781,9876,16390,15507,14997,,
853169,M-CAT,medium,Arabiki Catuji Mekarwangi,B10,4,collecting,12,16092,2802,2786,7948,10205,2780,9854,16463,15648,15024,,
854169,M-CAT,medium,Arabiki Catuji Mekarwangi,B10,4,collecting,13,16139,2798,2786,7947,10199,2782,9824,16489,15737,15029,,
855170,M-CAT,medium,Arabiki Catuji Mekarwangi,B10,4,collecting,14,16129,2801,2783,7946,10182,2782,9788,16481,15786,15020,,
856169,M-CAT,medium,Arabiki Catuji Mekarwangi,B10,4,collecting,15,16083,2802,2785,7945,10156,2782,9754,16454,15804,15004,,
857169,M-CAT,medium,Arabiki Catuji Mekarwangi,B10,4,collecting,16,16013,2805,2786,7945,10126,2779,9724,16415,15801,14985,,
858169,M-CAT,medium,Arabiki Catuji Mekarwangi,B10,4,collecting,17,15933,2802,2784,7944,10098,2782,9702,16376,15786,14968,,
859169,M-CAT,medium,Arabiki Catuji Mekarwangi,B10,4,collecting,18,15849,2803,2787,7943,10071,2782,9684,16340,15766,14952,,
860169,M-CAT,medium,Arabiki Catuji Mekarwangi,B10,4,collecting,19,15762,2804,2787,7943,10045,2780,9667,16306,15743,14934,,
861169,M-CAT,medium,Arabiki Catuji Mekarwangi,B10,4,collecting,20,15674,2804,2784,7942,10021,2782,9654,16274,15718,14919,,
862170,M-CAT,medium,Arabiki Catuji Mekarwangi,B10,4,collecting,21,15588,2803,2786,7942,10000,2781,9645,16243,15693,14906,,
863169,M-CAT,medium,Arabiki Catuji Mekarwangi,B10,4,collecting,22,15504,2801,2785,7942,9980,2780,9636,16216,15668,14893,,
864169,M-CAT,medium,Arabiki Catuji Mekarwangi,B10,4,collecting,23,15421,2798,2785,7942,9962,2782,9625,16189,15644,14879,,
865169,M-CAT,medium,Arabiki Catuji Mekarwangi,B10,4,collecting,24,15335,2800,2786,7942,9943,2779,9616,16161,15618,14865,,
866169,M-CAT,medium,Arabiki Catuji Mekarwangi,B10,4,collecting,25,15249,2799,2786,7942,9925,2782,9607,16132,15592,14850,,
867169,M-CAT,medium,Arabiki Catuji Mekarwangi,B10,4,collecting,26,15165,2797,2787,7941,9908,2782,9599,16105,15565,14837,,
868169,M-CAT,medium,Arabiki Catuji Mekarwangi,B10,4,collecting,27,15087,2801,2783,7942,9894,2782,9593,16080,15539,14825,,
869169,M-CAT,medium,Arabiki Catuji Mekarwangi,B10,4,collecting,28,15015,2800,2786,7942,9882,2780,9590,16057,15514,14815,,
870169,M-CAT,medium,Arabiki Catuji Mekarwangi,B10,4,collecting,29,14951,2798,2788,7942,9871,2780,9588,16037,15491,14806,,
871170,M-CAT,medium,Arabiki Catuji Mekarwangi,B10,4,collecting,30,14894,2798,2783,7942,9863,2779,9586,16022,15470,14801,,
872169,M-CAT,medium,Arabiki Catuji Mekarwangi,B10,4,collecting,31,14850,2798,2785,7941,9858,2779,9587,16010,15454,14797,,
873169,M-CAT,medium,Arabiki Catuji Mekarwangi,B10,4,collecting,32,14817,2804,2786,7942,9855,2779,9590,16003,15440,14796,,
874169,M-CAT,medium,Arabiki Catuji Mekarwangi,B10,4,collecting,33,14792,2801,2785,7942,9854,2780,9591,16000,15431,14795,,
875169,M-CAT,medium,Arabiki Catuji Mekarwangi,B10,4,collecting,34,14771,2805,2786,7943,9852,2779,9592,15996,15424,14793,,
876169,M-CAT,medium,Arabiki Catuji Mekarwangi,B10,4,collecting,35,14752,2800,2785,7943,9850,2782,9593,15991,15417,14791,,
877169,M-CAT,medium,Arabiki Catuji Mekarwangi,B10,4,collecting,36,14736,2802,2786,7943,9850,2781,9592,15987,15411,14790,,
878170,M-CAT,medium,Arabiki Catuji Mekarwangi,B10,4,collecting,37,14726,2802,2785,7943,9850,2779,9593,15986,15407,14792,,
879169,M-CAT,medium,Arabiki Catuji Mekarwangi,B10,4,collecting,38,14725,2801,2786,7944,9854,2779,9598,15989,15406,14795,,
880169,M-CAT,medium,Arabiki Catuji Mekarwangi,B10,4,collecting,39,14731,2801,2783,7944,9858,2782,9601,15994,15408,14799,,
881169,M-CAT,medium,Arabiki Catuji Mekarwangi,B10,4,collecting,40,14739,2798,2785,7944,9862,2782,9605,16000,15411,14802,,
882169,M-CAT,medium,Arabiki Catuji Mekarwangi,B10,4,collecting,41,14741,2802,2787,7944,9863,2780,9606,16002,15415,14802,,
883169,M-CAT,medium,Arabiki Catuji Mekarwangi,B10,4,collecting,42,14738,2801,2783,7944,9863,2779,9604,16001,15416,14801,,
884169,M-CAT,medium,Arabiki Catuji Mekarwangi,B10,4,collecting,43,14737,2801,2786,7944,9864,2779,9604,16000,15416,14804,,
885169,M-CAT,medium,Arabiki Catuji Mekarwangi,B10,4,collecting,44,14746,2801,2786,7945,9867,2779,9605,16004,15418,14808,,
886169,M-CAT,medium,Arabiki Catuji Mekarwangi,B10,4,collecting,45,14757,2803,2787,7945,9870,2782,9607,16010,15422,14811,,
887170,M-CAT,medium,Arabiki Catuji Mekarwangi,B10,4,collecting,46,14761,2804,2789,7945,9871,2782,9608,16012,15426,14810,,
888169,M-CAT,medium,Arabiki Catuji Mekarwangi,B10,4,collecting,47,14753,2803,2786,7946,9869,2782,9606,16010,15427,14807,,
889169,M-CAT,medium,Arabiki Catuji Mekarwangi,B10,4,collecting,48,14743,2798,2788,7945,9868,2782,9604,16005,15426,14807,,
890169,M-CAT,medium,Arabiki Catuji Mekarwangi,B10,4,collecting,49,14739,2799,2784,7946,9871,2782,9607,16003,15425,14810,,
891169,M-CAT,medium,Arabiki Catuji Mekarwangi,B10,4,collecting,50,14744,2804,2788,7946,9877,2782,9613,16008,15428,14817,,
892169,M-CAT,medium,Arabiki Catuji Mekarwangi,B10,4,collecting,51,14756,2801,2787,7947,9885,2780,9619,16016,15436,14823,,
893169,M-CAT,medium,Arabiki Catuji Mekarwangi,B10,4,collecting,52,14764,2800,2788,7948,9891,2780,9623,16020,15445,14825,,
894170,M-CAT,medium,Arabiki Catuji Mekarwangi,B10,4,collecting,53,14760,2801,2787,7949,9895,2781,9623,16020,15452,14825,,
895169,M-CAT,medium,Arabiki Catuji Mekarwangi,B10,4,collecting,54,14746,2802,2785,7949,9895,2780,9620,16015,15454,14821,,
896169,M-CAT,medium,Arabiki Catuji Mekarwangi,B10,4,collecting,55,14723,2802,2781,7950,9892,2782,9616,16005,15453,14815,,
897169,M-CAT,medium,Arabiki Catuji Mekarwangi,B10,4,collecting,56,14694,2801,2784,7950,9887,2782,9610,15992,15447,14809,,
898169,M-CAT,medium,Arabiki Catuji Mekarwangi,B10,4,collecting,57,14663,2803,2784,7950,9881,2780,9604,15980,15438,14803,,
899169,M-CAT,medium,Arabiki Catuji Mekarwangi,B10,4,collecting,58,14635,2801,2783,7950,9875,2780,9601,15970,15428,14799,,
900169,M-CAT,medium,Arabiki Catuji Mekarwangi,B10,4,collecting,59,14613,2805,2782,7950,9870,2782,9598,15962,15419,14794,,
901169,M-CAT,medium,Arabiki Catuji Mekarwangi,B10,4,collecting,60,14590,2803,2785,7950,9864,2780,9595,15954,15409,14788,,
902169,M-CAT,medium,Arabiki Catuji Mekarwangi,B10,4,collecting,61,14563,2803,2786,7950,9858,2782,9590,15945,15399,14783,,
903170,M-CAT,medium,Arabiki Catuji Mekarwangi,B10,4,collecting,62,14539,2796,2788,7950,9852,2782,9586,15935,15388,14778,,
904169,M-CAT,medium,Arabiki Catuji Mekarwangi,B10,4,collecting,63,14519,2800,2786,7950,9847,2779,9586,15927,15378,14774,,
905169,M-CAT,medium,Arabiki Catuji Mekarwangi,B10,4,collecting,64,14502,2798,2786,7950,9843,2780,9586,15921,15369,14771,,
906169,M-CAT,medium,Arabiki Catuji Mekarwangi,B10,4,collecting,65,14488,2797,2788,7951,9840,2782,9585,15916,15361,14769,,
907169,M-CAT,medium,Arabiki Catuji Mekarwangi,B10,4,collecting,66,14476,2799,2784,7951,9837,2780,9585,15913,15354,14768,,
908169,M-CAT,medium,Arabiki Catuji Mekarwangi,B10,4,collecting,67,14471,2799,2783,7951,9836,2782,9586,15912,15348,14768,,
909169,M-CAT,medium,Arabiki Catuji Mekarwangi,B10,4,collecting,68,14470,2799,2787,7951,9836,2780,9588,15912,15345,14768,,
910170,M-CAT,medium,Arabiki Catuji Mekarwangi,B10,4,collecting,69,14468,2799,2786,7951,9835,2782,9588,15913,15342,14768,,
911169,M-CAT,medium,Arabiki Catuji Mekarwangi,B10,4,collecting,70,14471,2797,2785,7951,9836,2779,9591,15912,15340,14769,,
912169,M-CAT,medium,Arabiki Catuji Mekarwangi,B10,4,collecting,71,14473,2804,2787,7951,9835,2780,9590,15913,15339,14769,,
913169,M-CAT,medium,Arabiki Catuji Mekarwangi,B10,4,collecting,72,14473,2799,2783,7951,9835,2782,9589,15913,15337,14768,,
914169,M-CAT,medium,Arabiki Catuji Mekarwangi,B10,4,collecting,73,14473,2799,2784,7951,9835,2779,9590,15912,15335,14768,,
915169,M-CAT,medium,Arabiki Catuji Mekarwangi,B10,4,collecting,74,14473,2802,2783,7951,9834,2779,9590,15913,15334,14768,,
916169,M-CAT,medium,Arabiki Catuji Mekarwangi,B10,4,collecting,75,14479,2803,2782,7951,9836,2782,9592,15915,15333,14770,,
917169,M-CAT,medium,Arabiki Catuji Mekarwangi,B10,4,collecting,76,14489,2798,2784,7952,9838,2782,9596,15919,15334,14773,,
918169,M-CAT,medium,Arabiki Catuji Mekarwangi,B10,4,collecting,77,14500,2798,2783,7952,9840,2780,9598,15924,15336,14775,,
919170,M-CAT,medium,Arabiki Catuji Mekarwangi,B10,4,collecting,78,14510,2797,2788,7952,9842,2780,9600,15928,15339,14777,,
920169,M-CAT,medium,Arabiki Catuji Mekarwangi,B10,4,collecting,79,14520,2799,2786,7952,9844,2780,9602,15931,15341,14779,,
921169,M-CAT,medium,Arabiki Catuji Mekarwangi,B10,4,collecting,80,14528,2798,2785,7952,9845,2782,9604,15934,15344,14780,,
922169,M-CAT,medium,Arabiki Catuji Mekarwangi,B10,4,collecting,81,14534,2797,2785,7952,9846,2780,9606,15936,15346,14782,,
923169,M-CAT,medium,Arabiki Catuji Mekarwangi,B10,4,collecting,82,14541,2799,2783,7952,9848,2782,9606,15939,15348,14784,,
924169,M-CAT,medium,Arabiki Catuji Mekarwangi,B10,4,collecting,83,14547,2799,2787,7953,9849,2782,9606,15942,15351,14786,,
925169,M-CAT,medium,Arabiki Catuji Mekarwangi,B10,4,collecting,84,14551,2799,2785,7953,9850,2779,9605,15944,15353,14785,,
926170,M-CAT,medium,Arabiki Catuji Mekarwangi,B10,4,collecting,85,14549,2797,2784,7954,9849,2782,9604,15943,15354,14785,,
927169,M-CAT,medium,Arabiki Catuji Mekarwangi,B10,4,collecting,86,14545,2802,2782,7954,9847,2782,9602,15942,15354,14784,,
928169,M-CAT,medium,Arabiki Catuji Mekarwangi,B10,4,collecting,87,14540,2800,2787,7954,9846,2782,9602,15941,15353,14783,,
929169,M-CAT,medium,Arabiki Catuji Mekarwangi,B10,4,collecting,88,14535,2799,2786,7955,9846,2780,9601,15939,15352,14783,,
930169,M-CAT,medium,Arabiki Catuji Mekarwangi,B10,4,collecting,89,14531,2800,2783,7955,9846,2782,9603,15938,15351,14783,,
931169,M-CAT,medium,Arabiki Catuji Mekarwangi,B10,4,collecting,90,14530,2796,2784,7955,9847,2780,9605,15939,15350,14784,,
932169,M-CAT,medium,Arabiki Catuji Mekarwangi,B10,4,collecting,91,14532,2796,2783,7955,9848,2779,9608,15940,15351,14786,,
933169,M-CAT,medium,Arabiki Catuji Mekarwangi,B10,4,collecting,92,14536,2799,2785,7955,9849,2779,9610,15942,15351,14787,,
934169,M-CAT,medium,Arabiki Catuji Mekarwangi,B10,4,collecting,93,14538,2801,2785,7955,9850,2780,9610,15944,15353,14787,,
935170,M-CAT,medium,Arabiki Catuji Mekarwangi,B10,4,collecting,94,14535,2798,2786,7956,9849,2780,9609,15943,15354,14786,,
936169,M-CAT,medium,Arabiki Catuji Mekarwangi,B10,4,collecting,95,14532,2800,2787,7956,9849,2782,9608,15942,15353,14787,,
937169,M-CAT,medium,Arabiki Catuji Mekarwangi,B10,4,collecting,96,14531,2799,2788,7956,9850,2781,9609,15942,15353,14786,,
938169,M-CAT,medium,Arabiki Catuji Mekarwangi,B10,4,collecting,97,14530,2799,2787,7957,9850,2779,9609,15941,15353,14786,,
939169,M-CAT,medium,Arabiki Catuji Mekarwangi,B10,4,collecting,98,14527,2799,2784,7957,9849,2777,9608,15941,15353,14786,,
940169,M-CAT,medium,Arabiki Catuji Mekarwangi,B10,4,collecting,99,14523,2801,2785,7957,9849,2779,9608,15940,15352,14786,,
941169,M-CAT,medium,Arabiki Catuji Mekarwangi,B10,4,collecting,100,14521,2800,2784,7957,9849,2782,9609,15939,15351,14787,,
942170,M-CAT,medium,Arabiki Catuji Mekarwangi,B10,4,collecting,101,14520,2797,2785,7958,9850,2782,9612,15940,15351,14787,,
943169,M-CAT,medium,Arabiki Catuji Mekarwangi,B10,4,collecting,102,14525,2795,2782,7958,9853,2780,9613,15943,15353,14791,,
944169,M-CAT,medium,Arabiki Catuji Mekarwangi,B10,4,collecting,103,14533,2801,2785,7959,9856,2780,9617,15948,15356,14794,,
945169,M-CAT,medium,Arabiki Catuji Mekarwangi,B10,4,collecting,104,14543,2800,2788,7959,9859,2782,9620,15953,15360,14798,,
946169,M-CAT,medium,Arabiki Catuji Mekarwangi,B10,4,collecting,105,14552,2798,2786,7959,9861,2782,9622,15957,15363,14800,,
947169,M-CAT,medium,Arabiki Catuji Mekarwangi,B10,4,collecting,106,14558,2797,2782,7959,9864,2781,9622,15960,15368,14802,,
948169,M-CAT,medium,Arabiki Catuji Mekarwangi,B10,4,collecting,107,14563,2800,2786,7960,9866,2782,9622,15961,15372,14804,,
949169,M-CAT,medium,Arabiki Catuji Mekarwangi,B10,4,collecting,108,14570,2799,2785,7960,9870,2781,9625,15965,15375,14808,,
950169,M-CAT,medium,Arabiki Catuji Mekarwangi,B10,4,collecting,109,14579,2802,2788,7960,9874,2779,9629,15970,15379,14811,,
951170,M-CAT,medium,Arabiki Catuji Mekarwangi,B10,4,collecting,110,14590,2797,2790,7960,9877,2782,9633,15975,15384,14815,,
952169,M-CAT,medium,Arabiki Catuji Mekarwangi,B10,4,collecting,111,14605,2802,2786,7961,9882,2781,9637,15983,15390,14821,,
953169,M-CAT,medium,Arabiki Catuji Mekarwangi,B10,4,collecting,112,14618,2796,2788,7961,9885,2779,9638,15989,15398,14823,,
954169,M-CAT,medium,Arabiki Catuji Mekarwangi,B10,4,collecting,113,14618,2797,2784,7962,9885,2779,9636,15989,15402,14820,,
955169,M-CAT,medium,Arabiki Catuji Mekarwangi,B10,4,collecting,114,14604,2799,2786,7962,9880,2782,9632,15983,15402,14814,,
956169,M-CAT,medium,Arabiki Catuji Mekarwangi,B10,4,collecting,115,14578,2803,2786,7962,9874,2782,9626,15971,15397,14807,,
957169,M-CAT,medium,Arabiki Catuji Mekarwangi,B10,4,collecting,116,14551,2799,2785,7963,9869,2781,9624,15961,15389,14803,,
958170,M-CAT,medium,Arabiki Catuji Mekarwangi,B10,4,collecting,117,14538,2799,2786,7963,9868,2780,9623,15956,15382,14805,,
959169,M-CAT,medium,Arabiki Catuji Mekarwangi,B10,4,collecting,118,14536,2799,2783,7963,9870,2782,9625,15957,15380,14808,,
960169,M-CAT,medium,Arabiki Catuji Mekarwangi,B10,4,collecting,119,14538,2801,2784,7964,9873,2782,9628,15960,15380,14810,,
961169,M-CAT,medium,Arabiki Catuji Mekarwangi,B10,4,collecting,120,14544,2804,2786,7964,9876,2781,9630,15965,15383,14814,,
962172,M-CAT,medium,Arabiki Catuji Mekarwangi,B10,5,purging,1,14555,2798,2786,7965,9881,2781,9635,15972,15387,14819,,
963169,M-CAT,medium,Arabiki Catuji Mekarwangi,B10,5,purging,2,14573,2802,2785,7965,9886,2780,9640,15981,15393,14826,,
964169,M-CAT,medium,Arabiki Catuji Mekarwangi,B10,5,purging,3,14594,2800,2786,7965,9892,2779,9644,15991,15401,14832,,
965169,M-CAT,medium,Arabiki Catuji Mekarwangi,B10,5,purging,4,14605,2804,2786,7965,9893,2777,9645,15998,15409,14832,,
966169,M-CAT,medium,Arabiki Catuji Mekarwangi,B10,5,purging,5,14553,2796,2786,7966,9878,2777,9630,15975,15406,14805,,
967170,M-CAT,medium,Arabiki Catuji Mekarwangi,B10,5,purging,6,14432,2799,2787,7966,9849,2782,9603,15924,15381,14770,,
968168,M-CAT,medium,Arabiki Catuji Mekarwangi,B10,5,purging,7,14268,2800,2786,7966,9814,2779,9574,15857,15337,14731,,
969169,M-CAT,medium,Arabiki Catuji Mekarwangi,B10,5,purging,8,14076,2799,2786,7967,9776,2782,9549,15786,15281,14691,,
970169,M-CAT,medium,Arabiki Catuji Mekarwangi,B10,5,purging,9,13869,2801,2786,7967,9739,2782,9527,15716,15218,14652,,
971169,M-CAT,medium,Arabiki Catuji Mekarwangi,B10,5,purging,10,13655,2800,2789,7968,9705,2782,9509,15649,15152,14615,,
972169,M-CAT,medium,Arabiki Catuji Mekarwangi,B10,5,purging,11,13440,2800,2788,7969,9674,2780,9494,15587,15086,14582,,
973169,M-CAT,medium,Arabiki Catuji Mekarwangi,B10,5,purging,12,13231,2802,2785,7970,9646,2780,9482,15530,15023,14552,,
974170,M-CAT,medium,Arabiki Catuji Mekarwangi,B10,5,purging,13,13028,2798,2786,7971,9622,2779,9474,15478,14962,14524,,
975169,M-CAT,medium,Arabiki Catuji Mekarwangi,B10,5,purging,14,12835,2798,2785,7972,9600,2779,9467,15430,14904,14497,,
976169,M-CAT,medium,Arabiki Catuji Mekarwangi,B10,5,purging,15,12653,2798,2787,7973,9582,2779,9459,15385,14849,14473,,
977169,M-CAT,medium,Arabiki Catuji Mekarwangi,B10,5,purging,16,12482,2796,2783,7974,9564,2781,9455,15344,14797,14451,,
978169,M-CAT,medium,Arabiki Catuji Mekarwangi,B10,5,purging,17,12322,2794,2784,7975,9548,2782,9452,15305,14748,14431,,
979169,M-CAT,medium,Arabiki Catuji Mekarwangi,B10,5,purging,18,12174,2795,2788,7975,9534,2782,9449,15269,14701,14411,,
980169,M-CAT,medium,Arabiki Catuji Mekarwangi,B10,5,purging,19,12037,2792,2788,7976,9522,2779,9447,15235,14656,14393,,
981169,M-CAT,medium,Arabiki Catuji Mekarwangi,B10,5,purging,20,11910,2792,2786,7977,9511,2782,9444,15203,14615,14376,,
982169,M-CAT,medium,Arabiki Catuji Mekarwangi,B10,5,purging,21,11793,2798,2786,7978,9501,2781,9443,15173,14574,14360,,
983170,M-CAT,medium,Arabiki Catuji Mekarwangi,B10,5,purging,22,11685,2794,2785,7979,9492,2782,9441,15144,14537,14344,,
984169,M-CAT,medium,Arabiki Catuji Mekarwangi,B10,5,purging,23,11586,2794,2786,7979,9483,2779,9438,15117,14501,14329,,
985169,M-CAT,medium,Arabiki Catuji Mekarwangi,B10,5,purging,24,11495,2794,2784,7980,9475,2780,9437,15090,14467,14315,,
986169,M-CAT,medium,Arabiki Catuji Mekarwangi,B10,5,purging,25,11412,2795,2783,7981,9467,2779,9434,15066,14433,14301,,
987169,M-CAT,medium,Arabiki Catuji Mekarwangi,B10,5,purging,26,11335,2795,2784,7982,9460,2782,9432,15042,14402,14288,,
988169,M-CAT,medium,Arabiki Catuji Mekarwangi,B10,5,purging,27,11264,2793,2785,7982,9453,2782,9431,15019,14372,14276,,
989169,M-CAT,medium,Arabiki Catuji Mekarwangi,B10,5,purging,28,11197,2799,2782,7983,9448,2780,9428,14997,14344,14264,,
990170,M-CAT,medium,Arabiki Catuji Mekarwangi,B10,5,purging,29,11135,2792,2786,7984,9441,2779,9427,14976,14317,14254,,
991169,M-CAT,medium,Arabiki Catuji Mekarwangi,B10,5,purging,30,11078,2792,2786,7985,9437,2779,9427,14956,14291,14244,,
992169,M-CAT,medium,Arabiki Catuji Mekarwangi,B10,5,purging,31,11023,2795,2785,7986,9433,2780,9426,14938,14266,14235,,
993169,M-CAT,medium,Arabiki Catuji Mekarwangi,B10,5,purging,32,10971,2794,2782,7986,9429,2780,9427,14920,14243,14226,,
994169,M-CAT,medium,Arabiki Catuji Mekarwangi,B10,5,purging,33,10924,2792,2786,7987,9425,2782,9427,14902,14220,14217,,
995169,M-CAT,medium,Arabiki Catuji Mekarwangi,B10,5,purging,34,10878,2793,2784,7988,9422,2780,9428,14884,14198,14208,,
996169,M-CAT,medium,Arabiki Catuji Mekarwangi,B10,5,purging,35,10836,2793,2785,7988,9419,2782,9428,14867,14177,14200,,
997169,M-CAT,medium,Arabiki Catuji Mekarwangi,B10,5,purging,36,10796,2792,2784,7989,9416,2782,9428,14851,14156,14191,,
998169,M-CAT,medium,Arabiki Catuji Mekarwangi,B10,5,purging,37,10758,2795,2783,7990,9413,2780,9429,14835,14137,14184,,
999170,M-CAT,medium,Arabiki Catuji Mekarwangi,B10,5,purging,38,10722,2792,2782,7991,9412,2780,9429,14820,14119,14178,,
1000169,M-CAT,medium,Arabiki Catuji Mekarwangi,B10,5,purging,39,10688,2793,2782,7992,9411,2782,9430,14806,14101,14170,,
1001169,M-CAT,medium,Arabiki Catuji Mekarwangi,B10,5,purging,40,10656,2795,2790,7993,9410,2779,9431,14792,14085,14164,,
1002169,M-CAT,medium,Arabiki Catuji Mekarwangi,B10,5,purging,41,10624,2795,2785,7994,9409,2782,9433,14778,14069,14159,,
1003169,M-CAT,medium,Arabiki Catuji Mekarwangi,B10,5,purging,42,10594,2794,2786,7994,9408,2779,9435,14765,14053,14153,,
1004169,M-CAT,medium,Arabiki Catuji Mekarwangi,B10,5,purging,43,10565,2795,2783,7995,9408,2780,9436,14752,14039,14147,,
1005169,M-CAT,medium,Arabiki Catuji Mekarwangi,B10,5,purging,44,10538,2795,2788,7996,9407,2782,9436,14739,14025,14140,,
1006170,M-CAT,medium,Arabiki Catuji Mekarwangi,B10,5,purging,45,10512,2791,2783,7997,9406,2782,9436,14727,14011,14134,,
1007169,M-CAT,medium,Arabiki Catuji Mekarwangi,B10,5,purging,46,10486,2791,2786,7998,9404,2779,9436,14713,13998,14128,,
1008169,M-CAT,medium,Arabiki Catuji Mekarwangi,B10,5,purging,47,10462,2796,2785,7999,9402,2779,9435,14700,13984,14122,,
1009169,M-CAT,medium,Arabiki Catuji Mekarwangi,B10,5,purging,48,10439,2795,2785,7999,9400,2779,9433,14688,13970,14115,,
1010169,M-CAT,medium,Arabiki Catuji Mekarwangi,B10,5,purging,49,10417,2792,2785,8000,9398,2782,9432,14675,13957,14109,,
1011169,M-CAT,medium,Arabiki Catuji Mekarwangi,B10,5,purging,50,10396,2791,2788,8001,9395,2779,9430,14663,13944,14103,,
1012169,M-CAT,medium,Arabiki Catuji Mekarwangi,B10,5,purging,51,10376,2795,2783,8002,9393,2779,9429,14651,13932,14097,,
1013169,M-CAT,medium,Arabiki Catuji Mekarwangi,B10,5,purging,52,10358,2789,2789,8003,9391,2779,9428,14640,13920,14092,,
1014169,M-CAT,medium,Arabiki Catuji Mekarwangi,B10,5,purging,53,10339,2794,2786,8004,9390,2779,9428,14629,13908,14086,,
1015170,M-CAT,medium,Arabiki Catuji Mekarwangi,B10,5,purging,54,10322,2795,2787,8005,9388,2782,9427,14618,13897,14082,,
1016169,M-CAT,medium,Arabiki Catuji Mekarwangi,B10,5,purging,55,10305,2794,2785,8005,9386,2779,9427,14608,13885,14078,,
1017169,M-CAT,medium,Arabiki Catuji Mekarwangi,B10,5,purging,56,10290,2791,2786,8005,9385,2783,9428,14598,13875,14073,,
1018169,M-CAT,medium,Arabiki Catuji Mekarwangi,B10,5,purging,57,10275,2792,2785,8006,9383,2780,9428,14588,13864,14068,,
1019169,M-CAT,medium,Arabiki Catuji Mekarwangi,B10,5,purging,58,10260,2797,2786,8007,9382,2779,9428,14578,13855,14064,,
1020169,M-CAT,medium,Arabiki Catuji Mekarwangi,B10,5,purging,59,10246,2796,2784,8008,9381,2780,9428,14569,13845,14060,,
1021169,M-CAT,medium,Arabiki Catuji Mekarwangi,B10,5,purging,60,10233,2790,2785,8009,9381,2782,9429,14559,13836,14057,,
1022170,M-CAT,medium,Arabiki Catuji Mekarwangi,B10,5,purging,61,10219,2792,2789,8010,9380,2779,9429,14551,13827,14053,,
1023169,M-CAT,medium,Arabiki Catuji Mekarwangi,B10,5,purging,62,10206,2792,2783,8011,9379,2781,9429,14542,13819,14049,,
1024169,M-CAT,medium,Arabiki Catuji Mekarwangi,B10,5,purging,63,10192,2795,2783,8011,9379,2780,9428,14532,13810,14046,,
1025169,M-CAT,medium,Arabiki Catuji Mekarwangi,B10,5,purging,64,10180,2795,2788,8012,9378,2780,9429,14524,13801,14041,,
1026169,M-CAT,medium,Arabiki Catuji Mekarwangi,B10,5,purging,65,10169,2795,2783,8012,9377,2782,9429,14515,13793,14038,,
1027169,M-CAT,medium,Arabiki Catuji Mekarwangi,B10,5,purging,66,10157,2792,2785,8013,9376,2780,9429,14507,13785,14034,,
1028169,M-CAT,medium,Arabiki Catuji Mekarwangi,B10,5,purging,67,10146,2794,2785,8014,9375,2782,9429,14499,13777,14031,,
1029169,M-CAT,medium,Arabiki Catuji Mekarwangi,B10,5,purging,68,10135,2792,2784,8015,9374,2782,9430,14491,13770,14028,,
1030169,M-CAT,medium,Arabiki Catuji Mekarwangi,B10,5,purging,69,10124,2792,2783,8015,9373,2779,9430,14482,13762,14024,,
1031170,M-CAT,medium,Arabiki Catuji Mekarwangi,B10,5,purging,70,10115,2795,2784,8016,9372,2782,9430,14474,13755,14020,,
1032169,M-CAT,medium,Arabiki Catuji Mekarwangi,B10,5,purging,71,10105,2795,2788,8017,9371,2780,9430,14465,13747,14016,,
1033169,M-CAT,medium,Arabiki Catuji Mekarwangi,B10,5,purging,72,10096,2789,2785,8018,9374,2781,9431,14458,13743,14016,,
1034169,M-CAT,medium,Arabiki Catuji Mekarwangi,B10,5,purging,73,10088,2796,2787,8020,9379,2782,9435,14451,13741,14015,,
1035169,M-CAT,medium,Arabiki Catuji Mekarwangi,B10,5,purging,74,10082,2790,2785,8021,9385,2782,9437,14444,13741,14013,,
1036169,M-CAT,medium,Arabiki Catuji Mekarwangi,B10,5,purging,75,10075,2792,2785,8022,9388,2782,9439,14438,13740,14013,,
1037169,M-CAT,medium,Arabiki Catuji Mekarwangi,B10,5,purging,76,10069,2792,2782,8023,9393,2782,9440,14431,13740,14012,,
1038170,M-CAT,medium,Arabiki Catuji Mekarwangi,B10,5,purging,77,10062,2795,2782,8024,9400,2779,9442,14425,13742,14012,,
1039169,M-CAT,medium,Arabiki Catuji Mekarwangi,B10,5,purging,78,10055,2797,2782,8026,9405,2780,9445,14418,13743,14011,,
1040169,M-CAT,medium,Arabiki Catuji Mekarwangi,B10,5,purging,79,10048,2790,2785,8027,9404,2782,9443,14412,13742,14009,,
1041169,M-CAT,medium,Arabiki Catuji Mekarwangi,B10,5,purging,80,10040,2794,2783,8027,9401,2780,9441,14405,13736,14006,,
1042169,M-CAT,medium,Arabiki Catuji Mekarwangi,B10,5,purging,81,10031,2792,2783,8027,9397,2780,9440,14398,13729,14002,,
1043169,M-CAT,medium,Arabiki Catuji Mekarwangi,B10,5,purging,82,10023,2791,2787,8027,9392,2782,9438,14390,13721,13999,,
1044169,M-CAT,medium,Arabiki Catuji Mekarwangi,B10,5,purging,83,10015,2792,2786,8027,9389,2779,9437,14384,13713,13996,,
1045169,M-CAT,medium,Arabiki Catuji Mekarwangi,B10,5,purging,84,10006,2790,2784,8027,9385,2779,9436,14377,13705,13993,,
1046169,M-CAT,medium,Arabiki Catuji Mekarwangi,B10,5,purging,85,9999,2791,2785,8028,9383,2782,9435,14370,13697,13989,,
1047170,M-CAT,medium,Arabiki Catuji Mekarwangi,B10,5,purging,86,9992,2789,2787,8029,9384,2782,9436,14364,13693,13990,,
1048169,M-CAT,medium,Arabiki Catuji Mekarwangi,B10,5,purging,87,9986,2792,2786,8030,9394,2780,9440,14359,13693,13993,,
1049169,M-CAT,medium,Arabiki Catuji Mekarwangi,B10,5,purging,88,9981,2790,2788,8033,9401,2782,9446,14356,13696,13994,,
1050169,M-CAT,medium,Arabiki Catuji Mekarwangi,B10,5,purging,89,9976,2793,2784,8034,9403,2782,9448,14351,13697,13993,,
1051169,M-CAT,medium,Arabiki Catuji Mekarwangi,B10,5,purging,90,9969,2792,2788,8034,9403,2782,9450,14346,13693,13992,,
1052169,M-CAT,medium,Arabiki Catuji Mekarwangi,B10,5,purging,91,9962,2789,2786,8034,9401,2780,9449,14341,13689,13989,,
1053169,M-CAT,medium,Arabiki Catuji Mekarwangi,B10,5,purging,92,9956,2792,2784,8035,9398,2782,9448,14334,13682,13986,,
1054170,M-CAT,medium,Arabiki Catuji Mekarwangi,B10,5,purging,93,9949,2791,2786,8035,9395,2780,9446,14328,13674,13982,,
1055169,M-CAT,medium,Arabiki Catuji Mekarwangi,B10,5,purging,94,9942,2793,2784,8035,9391,2780,9443,14321,13668,13979,,
1056169,M-CAT,medium,Arabiki Catuji Mekarwangi,B10,5,purging,95,9936,2797,2782,8036,9388,2782,9441,14314,13660,13975,,
1057169,M-CAT,medium,Arabiki Catuji Mekarwangi,B10,5,purging,96,9929,2793,2788,8036,9385,2779,9440,14308,13653,13972,,
1058169,M-CAT,medium,Arabiki Catuji Mekarwangi,B10,5,purging,97,9924,2796,2789,8037,9382,2779,9437,14301,13645,13969,,
1059169,M-CAT,medium,Arabiki Catuji Mekarwangi,B10,5,purging,98,9917,2796,2782,8038,9381,2781,9438,14296,13640,13968,,
1060169,M-CAT,medium,Arabiki Catuji Mekarwangi,B10,5,purging,99,9911,2789,2787,8038,9381,2782,9438,14292,13636,13970,,
1061169,M-CAT,medium,Arabiki Catuji Mekarwangi,B10,5,purging,100,9906,2797,2783,8039,9383,2782,9442,14288,13632,13969,,
1062169,M-CAT,medium,Arabiki Catuji Mekarwangi,B10,5,purging,101,9900,2790,2787,8040,9383,2782,9446,14284,13627,13968,,
1063170,M-CAT,medium,Arabiki Catuji Mekarwangi,B10,5,purging,102,9894,2793,2788,8041,9383,2780,9446,14279,13623,13967,,
1064169,M-CAT,medium,Arabiki Catuji Mekarwangi,B10,5,purging,103,9889,2797,2785,8042,9383,2782,9446,14273,13619,13963,,
1065169,M-CAT,medium,Arabiki Catuji Mekarwangi,B10,5,purging,104,9884,2792,2786,8042,9382,2780,9445,14267,13614,13960,,
1066169,M-CAT,medium,Arabiki Catuji Mekarwangi,B10,5,purging,105,9880,2792,2788,8043,9389,2780,9449,14263,13613,13969,,
1067169,M-CAT,medium,Arabiki Catuji Mekarwangi,B10,5,purging,106,9879,2795,2788,8046,9412,2780,9466,14266,13626,13985,,
1068169,M-CAT,medium,Arabiki Catuji Mekarwangi,B10,5,purging,107,9882,2792,2786,8050,9442,2779,9485,14268,13651,13991,,
1069169,M-CAT,medium,Arabiki Catuji Mekarwangi,B10,5,purging,108,9885,2793,2786,8053,9466,2780,9496,14267,13673,13999,,
1070170,M-CAT,medium,Arabiki Catuji Mekarwangi,B10,5,purging,109,9887,2792,2786,8055,9478,2780,9502,14265,13690,13997,,
1071169,M-CAT,medium,Arabiki Catuji Mekarwangi,B10,5,purging,110,9887,2792,2788,8054,9475,2782,9498,14258,13694,13993,,
1072169,M-CAT,medium,Arabiki Catuji Mekarwangi,B10,5,purging,111,9884,2792,2785,8053,9465,2782,9489,14250,13690,13986,,
1073169,M-CAT,medium,Arabiki Catuji Mekarwangi,B10,5,purging,112,9878,2788,2783,8052,9455,2779,9480,14242,13682,13983,,
1074169,M-CAT,medium,Arabiki Catuji Mekarwangi,B10,5,purging,113,9877,2795,2789,8055,9477,2779,9490,14238,13692,13996,,
1075169,M-CAT,medium,Arabiki Catuji Mekarwangi,B10,5,purging,114,9882,2789,2787,8061,9516,2779,9509,14238,13725,14011,,
1076169,M-CAT,medium,Arabiki Catuji Mekarwangi,B10,5,purging,115,9890,2791,2785,8066,9544,2779,9521,14238,13760,14017,,
1077169,M-CAT,medium,Arabiki Catuji Mekarwangi,B10,5,purging,116,9896,2797,2786,8068,9555,2780,9523,14235,13783,14020,,
1078169,M-CAT,medium,Arabiki Catuji Mekarwangi,B10,5,purging,117,9899,2791,2785,8068,9562,2780,9523,14233,13797,14024,,
1079170,M-CAT,medium,Arabiki Catuji Mekarwangi,B10,5,purging,118,9900,2792,2785,8069,9567,2780,9524,14229,13809,14027,,
1080169,M-CAT,medium,Arabiki Catuji Mekarwangi,B10,5,purging,119,9900,2789,2784,8069,9566,2782,9521,14226,13816,14025,,
1081169,M-CAT,medium,Arabiki Catuji Mekarwangi,B10,5,purging,120,9898,2793,2782,8068,9557,2782,9513,14220,13815,14022,,
1082172,M-CAT,medium,Arabiki Catuji Mekarwangi,B10,5,collecting,1,9893,2791,2785,8067,9542,2782,9502,14213,13807,14015,,
1083169,M-CAT,medium,Arabiki Catuji Mekarwangi,B10,5,collecting,2,9886,2789,2783,8066,9527,2782,9494,14206,13795,14012,,
1084169,M-CAT,medium,Arabiki Catuji Mekarwangi,B10,5,collecting,3,9878,2789,2786,8066,9514,2779,9485,14200,13784,14007,,
1085169,M-CAT,medium,Arabiki Catuji Mekarwangi,B10,5,collecting,4,9877,2791,2786,8065,9502,2782,9481,14195,13770,14003,,
1086170,M-CAT,medium,Arabiki Catuji Mekarwangi,B10,5,collecting,5,10198,2791,2784,8065,9548,2781,9524,14245,13776,14088,,
1087169,M-CAT,medium,Arabiki Catuji Mekarwangi,B10,5,collecting,6,11348,2794,2783,8064,9702,2777,9671,14492,13900,14285,,
1088169,M-CAT,medium,Arabiki Catuji Mekarwangi,B10,5,collecting,7,12744,2796,2785,8064,9896,2780,9823,14885,14172,14498,,
1089169,M-CAT,medium,Arabiki Catuji Mekarwangi,B10,5,collecting,8,13871,2801,2786,8063,10059,2783,9929,15301,14523,14694,,
1090169,M-CAT,medium,Arabiki Catuji Mekarwangi,B10,5,collecting,9,14684,2801,2788,8063,10179,2784,9988,15667,14879,14848,,
1091169,M-CAT,medium,Arabiki Catuji Mekarwangi,B10,5,collecting,10,15228,2802,2786,8062,10260,2784,10011,15943,15190,14960,,
1092169,M-CAT,medium,Arabiki Catuji Mekarwangi,B10,5,collecting,11,15591,2801,2783,8061,10315,2780,10013,16140,15438,15045,,
1093169,M-CAT,medium,Arabiki Catuji Mekarwangi,B10,5,collecting,12,15822,2801,2783,8060,10346,2781,10002,16273,15626,15097,,
1094169,M-CAT,medium,Arabiki Catuji Mekarwangi,B10,5,collecting,13,15951,2802,2786,8059,10358,2783,9980,16347,15759,15125,,
1095170,M-CAT,medium,Arabiki Catuji Mekarwangi,B10,5,collecting,14,16009,2800,2783,8057,10355,2784,9953,16381,15847,15134,,
1096169,M-CAT,medium,Arabiki Catuji Mekarwangi,B10,5,collecting,15,16013,2805,2784,8057,10342,2784,9924,16385,15897,15132,,
1097169,M-CAT,medium,Arabiki Catuji Mekarwangi,B10,5,collecting,16,15980,2798,2785,8056,10321,2783,9894,16370,15920,15121,,
1098169,M-CAT,medium,Arabiki Catuji Mekarwangi,B10,5,collecting,17,15923,2801,2788,8055,10295,2781,9868,16343,15924,15106,,
1099169,M-CAT,medium,Arabiki Catuji Mekarwangi,B10,5,collecting,18,15851,2800,2784,8055,10268,2781,9844,16311,15915,15090,,
1100169,M-CAT,medium,Arabiki Catuji Mekarwangi,B10,5,collecting,19,15768,2798,2786,8054,10239,2782,9823,16277,15897,15071,,
1101169,M-CAT,medium,Arabiki Catuji Mekarwangi,B10,5,collecting,20,15677,2798,2783,8054,10211,2780,9804,16239,15873,15052,,
1102170,M-CAT,medium,Arabiki Catuji Mekarwangi,B10,5,collecting,21,15581,2799,2786,8053,10184,2782,9788,16203,15845,15034,,
1103169,M-CAT,medium,Arabiki Catuji Mekarwangi,B10,5,collecting,22,15485,2798,2783,8053,10158,2780,9775,16167,15815,15016,,
1104169,M-CAT,medium,Arabiki Catuji Mekarwangi,B10,5,collecting,23,15390,2799,2783,8053,10134,2781,9763,16135,15784,15000,,
1105169,M-CAT,medium,Arabiki Catuji Mekarwangi,B10,5,collecting,24,15299,2801,2784,8052,10114,2781,9753,16103,15755,14985,,
1106169,M-CAT,medium,Arabiki Catuji Mekarwangi,B10,5,collecting,25,15212,2802,2786,8052,10095,2782,9744,16076,15727,14971,,
1107169,M-CAT,medium,Arabiki Catuji Mekarwangi,B10,5,collecting,26,15130,2802,2784,8052,10078,2782,9738,16050,15699,14959,,
1108169,M-CAT,medium,Arabiki Catuji Mekarwangi,B10,5,collecting,27,15056,2800,2786,8052,10063,2780,9734,16027,15673,14948,,
1109169,M-CAT,medium,Arabiki Catuji Mekarwangi,B10,5,collecting,28,14988,2805,2782,8053,10050,2779,9728,16007,15650,14937,,
1110169,M-CAT,medium,Arabiki Catuji Mekarwangi,B10,5,collecting,29,14924,2800,2786,8053,10038,2782,9723,15989,15628,14928,,
1111170,M-CAT,medium,Arabiki Catuji Mekarwangi,B10,5,collecting,30,14862,2805,2783,8053,10027,2780,9718,15971,15607,14919,,
1112169,M-CAT,medium,Arabiki Catuji Mekarwangi,B10,5,collecting,31,14805,2798,2786,8053,10017,2781,9714,15954,15587,14910,,
1113169,M-CAT,medium,Arabiki Catuji Mekarwangi,B10,5,collecting,32,14755,2803,2783,8054,10008,2779,9710,15939,15568,14903,,
1114169,M-CAT,medium,Arabiki Catuji Mekarwangi,B10,5,collecting,33,14708,2803,2788,8053,10000,2780,9708,15925,15550,14896,,
1115169,M-CAT,medium,Arabiki Catuji Mekarwangi,B10,5,collecting,34,14665,2803,2783,8054,9992,2779,9707,15912,15534,14889,,
1116169,M-CAT,medium,Arabiki Catuji Mekarwangi,B10,5,collecting,35,14625,2803,2786,8054,9986,2780,9704,15899,15518,14883,,
1117169,M-CAT,medium,Arabiki Catuji Mekarwangi,B10,5,collecting,36,14589,2795,2783,8054,9981,2781,9702,15888,15504,14876,,
1118170,M-CAT,medium,Arabiki Catuji Mekarwangi,B10,5,collecting,37,14555,2796,2783,8055,9976,2782,9700,15877,15492,14871,,
1119169,M-CAT,medium,Arabiki Catuji Mekarwangi,B10,5,collecting,38,14523,2802,2783,8055,9971,2781,9697,15867,15479,14866,,
1120169,M-CAT,medium,Arabiki Catuji Mekarwangi,B10,5,collecting,39,14495,2797,2783,8055,9967,2781,9696,15858,15467,14861,,
1121169,M-CAT,medium,Arabiki Catuji Mekarwangi,B10,5,collecting,40,14470,2799,2784,8056,9964,2779,9695,15850,15457,14858,,
1122169,M-CAT,medium,Arabiki Catuji Mekarwangi,B10,5,collecting,41,14448,2802,2786,8056,9961,2782,9696,15842,15447,14854,,
1123169,M-CAT,medium,Arabiki Catuji Mekarwangi,B10,5,collecting,42,14427,2797,2784,8056,9958,2779,9696,15834,15438,14850,,
1124169,M-CAT,medium,Arabiki Catuji Mekarwangi,B10,5,collecting,43,14407,2800,2785,8056,9956,2781,9694,15827,15430,14846,,
1125169,M-CAT,medium,Arabiki Catuji Mekarwangi,B10,5,collecting,44,14387,2800,2783,8057,9953,2782,9693,15820,15421,14842,,
1126169,M-CAT,medium,Arabiki Catuji Mekarwangi,B10,5,collecting,45,14370,2802,2785,8057,9950,2782,9692,15813,15413,14838,,
1127170,M-CAT,medium,Arabiki Catuji Mekarwangi,B10,5,collecting,46,14353,2804,2785,8058,9947,2782,9692,15806,15406,14835,,
1128169,M-CAT,medium,Arabiki Catuji Mekarwangi,B10,5,collecting,47,14337,2799,2785,8058,9946,2782,9692,15800,15399,14833,,
1129169,M-CAT,medium,Arabiki Catuji Mekarwangi,B10,5,collecting,48,14324,2799,2786,8058,9944,2782,9693,15795,15392,14830,,
1130169,M-CAT,medium,Arabiki Catuji Mekarwangi,B10,5,collecting,49,14313,2797,2786,8059,9943,2782,9693,15791,15387,14828,,
1131169,M-CAT,medium,Arabiki Catuji Mekarwangi,B10,5,collecting,50,14304,2801,2782,8060,9942,2783,9694,15788,15381,14827,,
1132169,M-CAT,medium,Arabiki Catuji Mekarwangi,B10,5,collecting,51,14295,2797,2783,8059,9942,2780,9695,15784,15377,14825,,
1133169,M-CAT,medium,Arabiki Catuji Mekarwangi,B10,5,collecting,52,14286,2799,2783,8060,9941,2780,9694,15780,15372,14823,,
1134170,M-CAT,medium,Arabiki Catuji Mekarwangi,B10,5,collecting,53,14277,2798,2782,8060,9939,2781,9693,15777,15368,14821,,
1135169,M-CAT,medium,Arabiki Catuji Mekarwangi,B10,5,collecting,54,14267,2796,2783,8060,9938,2779,9692,15772,15363,14818,,
1136169,M-CAT,medium,Arabiki Catuji Mekarwangi,B10,5,collecting,55,14258,2800,2787,8061,9936,2782,9692,15769,15358,14818,,
1137169,M-CAT,medium,Arabiki Catuji Mekarwangi,B10,5,collecting,56,14252,2802,2786,8061,9935,2780,9693,15766,15355,14816,,
1138169,M-CAT,medium,Arabiki Catuji Mekarwangi,B10,5,collecting,57,14247,2796,2784,8062,9935,2781,9694,15763,15351,14814,,
1139169,M-CAT,medium,Arabiki Catuji Mekarwangi,B10,5,collecting,58,14241,2796,2783,8062,9934,2782,9695,15761,15347,14812,,
1140169,M-CAT,medium,Arabiki Catuji Mekarwangi,B10,5,collecting,59,14235,2802,2781,8062,9932,2780,9695,15758,15344,14811,,
1141169,M-CAT,medium,Arabiki Catuji Mekarwangi,B10,5,collecting,60,14230,2797,2783,8062,9931,2782,9695,15756,15341,14811,,
1142169,M-CAT,medium,Arabiki Catuji Mekarwangi,B10,5,collecting,61,14225,2802,2784,8063,9930,2780,9695,15754,15338,14809,,
1143170,M-CAT,medium,Arabiki Catuji Mekarwangi,B10,5,collecting,62,14220,2796,2782,8063,9929,2780,9695,15752,15335,14809,,
1144169,M-CAT,medium,Arabiki Catuji Mekarwangi,B10,5,collecting,63,14215,2799,2781,8064,9928,2782,9695,15750,15332,14806,,
1145169,M-CAT,medium,Arabiki Catuji Mekarwangi,B10,5,collecting,64,14207,2798,2781,8064,9927,2779,9692,15747,15328,14805,,
1146169,M-CAT,medium,Arabiki Catuji Mekarwangi,B10,5,collecting,65,14201,2797,2785,8064,9926,2779,9691,15744,15325,14804,,
1147169,M-CAT,medium,Arabiki Catuji Mekarwangi,B10,5,collecting,66,14196,2797,2783,8064,9926,2780,9692,15741,15323,14803,,
1148169,M-CAT,medium,Arabiki Catuji Mekarwangi,B10,5,collecting,67,14192,2800,2782,8065,9926,2782,9692,15739,15320,14802,,
1149169,M-CAT,medium,Arabiki Catuji Mekarwangi,B10,5,collecting,68,14188,2802,2784,8066,9925,2782,9691,15738,15318,14801,,
1150170,M-CAT,medium,Arabiki Catuji Mekarwangi,B10,5,collecting,69,14185,2799,2782,8066,9925,2779,9691,15737,15316,14801,,
1151169,M-CAT,medium,Arabiki Catuji Mekarwangi,B10,5,collecting,70,14181,2799,2785,8066,9924,2782,9692,15736,15315,14799,,
1152169,M-CAT,medium,Arabiki Catuji Mekarwangi,B10,5,collecting,71,14178,2796,2787,8067,9924,2779,9692,15734,15313,14799,,
1153169,M-CAT,medium,Arabiki Catuji Mekarwangi,B10,5,collecting,72,14174,2797,2784,8067,9924,2779,9692,15732,15311,14798,,
1154169,M-CAT,medium,Arabiki Catuji Mekarwangi,B10,5,collecting,73,14170,2796,2787,8068,9924,2781,9692,15730,15309,14796,,
1155169,M-CAT,medium,Arabiki Catuji Mekarwangi,B10,5,collecting,74,14167,2799,2782,8068,9923,2782,9692,15729,15308,14796,,
1156169,M-CAT,medium,Arabiki Catuji Mekarwangi,B10,5,collecting,75,14165,2796,2785,8069,9923,2783,9692,15728,15306,14795,,
1157169,M-CAT,medium,Arabiki Catuji Mekarwangi,B10,5,collecting,76,14163,2799,2784,8069,9922,2781,9692,15727,15304,14795,,
1158169,M-CAT,medium,Arabiki Catuji Mekarwangi,B10,5,collecting,77,14162,2799,2783,8070,9922,2781,9693,15727,15303,14794,,
1159170,M-CAT,medium,Arabiki Catuji Mekarwangi,B10,5,collecting,78,14160,2801,2785,8070,9921,2781,9693,15725,15302,14793,,
1160169,M-CAT,medium,Arabiki Catuji Mekarwangi,B10,5,collecting,79,14156,2798,2785,8070,9921,2779,9692,15724,15301,14793,,
1161169,M-CAT,medium,Arabiki Catuji Mekarwangi,B10,5,collecting,80,14151,2800,2783,8071,9921,2782,9691,15721,15299,14791,,
1162169,M-CAT,medium,Arabiki Catuji Mekarwangi,B10,5,collecting,81,14146,2798,2785,8071,9920,2782,9691,15720,15297,14791,,
1163169,M-CAT,medium,Arabiki Catuji Mekarwangi,B10,5,collecting,82,14141,2797,2782,8072,9919,2780,9691,15718,15296,14790,,
1164169,M-CAT,medium,Arabiki Catuji Mekarwangi,B10,5,collecting,83,14136,2796,2781,8072,9919,2782,9690,15716,15295,14789,,
1165169,M-CAT,medium,Arabiki Catuji Mekarwangi,B10,5,collecting,84,14131,2797,2783,8072,9918,2781,9689,15715,15293,14788,,
1166170,M-CAT,medium,Arabiki Catuji Mekarwangi,B10,5,collecting,85,14127,2799,2786,8073,9918,2781,9689,15714,15291,14787,,
1167169,M-CAT,medium,Arabiki Catuji Mekarwangi,B10,5,collecting,86,14123,2800,2786,8073,9917,2782,9686,15712,15290,14785,,
1168169,M-CAT,medium,Arabiki Catuji Mekarwangi,B10,5,collecting,87,14118,2799,2783,8073,9916,2780,9685,15710,15288,14785,,
1169169,M-CAT,medium,Arabiki Catuji Mekarwangi,B10,5,collecting,88,14114,2799,2787,8074,9915,2780,9687,15709,15286,14783,,
1170169,M-CAT,medium,Arabiki Catuji Mekarwangi,B10,5,collecting,89,14108,2801,2782,8074,9914,2780,9686,15706,15283,14782,,
1171169,M-CAT,medium,Arabiki Catuji Mekarwangi,B10,5,collecting,90,14104,2796,2785,8075,9914,2781,9686,15704,15281,14780,,
1172169,M-CAT,medium,Arabiki Catuji Mekarwangi,B10,5,collecting,91,14099,2802,2788,8075,9913,2782,9686,15702,15279,14779,,
1173169,M-CAT,medium,Arabiki Catuji Mekarwangi,B10,5,collecting,92,14093,2800,2785,8075,9912,2780,9684,15700,15277,14778,,
1174169,M-CAT,medium,Arabiki Catuji Mekarwangi,B10,5,collecting,93,14088,2798,2784,8076,9912,2780,9683,15698,15275,14777,,
1175170,M-CAT,medium,Arabiki Catuji Mekarwangi,B10,5,collecting,94,14084,2796,2783,8077,9911,2780,9683,15696,15273,14776,,
1176169,M-CAT,medium,Arabiki Catuji Mekarwangi,B10,5,collecting,95,14081,2798,2781,8077,9911,2780,9684,15695,15272,14776,,
1177169,M-CAT,medium,Arabiki Catuji Mekarwangi,B10,5,collecting,96,14079,2795,2782,8078,9912,2782,9686,15694,15271,14776,,
1178169,M-CAT,medium,Arabiki Catuji Mekarwangi,B10,5,collecting,97,14079,2799,2785,8078,9912,2782,9687,15694,15270,14775,,
1179169,M-CAT,medium,Arabiki Catuji Mekarwangi,B10,5,collecting,98,14079,2796,2786,8078,9912,2780,9688,15694,15269,14776,,
1180169,M-CAT,medium,Arabiki Catuji Mekarwangi,B10,5,collecting,99,14079,2798,2783,8079,9912,2782,9688,15693,15268,14776,,
1181169,M-CAT,medium,Arabiki Catuji Mekarwangi,B10,5,collecting,100,14077,2798,2781,8079,9912,2780,9689,15693,15268,14775,,
1182170,M-CAT,medium,Arabiki Catuji Mekarwangi,B10,5,collecting,101,14074,2798,2785,8079,9912,2782,9688,15692,15267,14774,,
1183169,M-CAT,medium,Arabiki Catuji Mekarwangi,B10,5,collecting,102,14072,2796,2783,8080,9912,2779,9687,15691,15266,14774,,
1184169,M-CAT,medium,Arabiki Catuji Mekarwangi,B10,5,collecting,103,14073,2796,2787,8080,9914,2782,9687,15692,15266,14775,,
1185169,M-CAT,medium,Arabiki Catuji Mekarwangi,B10,5,collecting,104,14078,2796,2782,8080,9914,2780,9689,15694,15267,14776,,
1186169,M-CAT,medium,Arabiki Catuji Mekarwangi,B10,5,collecting,105,14080,2798,2781,8081,9916,2780,9691,15695,15268,14777,,
1187169,M-CAT,medium,Arabiki Catuji Mekarwangi,B10,5,collecting,106,14080,2795,2786,8082,9919,2782,9691,15695,15270,14779,,
1188169,M-CAT,medium,Arabiki Catuji Mekarwangi,B10,5,collecting,107,14082,2799,2788,8083,9925,2784,9695,15695,15275,14782,,
1189169,M-CAT,medium,Arabiki Catuji Mekarwangi,B10,5,collecting,108,14082,2798,2782,8084,9933,2780,9700,15697,15281,14786,,
1190169,M-CAT,medium,Arabiki Catuji Mekarwangi,B10,5,collecting,109,14083,2796,2781,8086,9942,2779,9707,15697,15289,14789,,
1191170,M-CAT,medium,Arabiki Catuji Mekarwangi,B10,5,collecting,110,14084,2801,2782,8087,9951,2782,9712,15698,15298,14793,,
1192169,M-CAT,medium,Arabiki Catuji Mekarwangi,B10,5,collecting,111,14083,2802,2784,8088,9960,2782,9716,15699,15307,14797,,
1193169,M-CAT,medium,Arabiki Catuji Mekarwangi,B10,5,collecting,112,14084,2797,2783,8089,9968,2782,9721,15700,15315,14800,,
1194169,M-CAT,medium,Arabiki Catuji Mekarwangi,B10,5,collecting,113,14084,2799,2784,8090,9974,2782,9724,15702,15322,14802,,
1195169,M-CAT,medium,Arabiki Catuji Mekarwangi,B10,5,collecting,114,14084,2796,2781,8091,9977,2780,9725,15702,15328,14804,,
1196169,M-CAT,medium,Arabiki Catuji Mekarwangi,B10,5,collecting,115,14081,2799,2782,8091,9978,2782,9725,15701,15331,14805,,
1197169,M-CAT,medium,Arabiki Catuji Mekarwangi,B10,5,collecting,116,14080,2798,2783,8091,9978,2779,9724,15701,15332,14806,,
1198170,M-CAT,medium,Arabiki Catuji Mekarwangi,B10,5,collecting,117,14076,2796,2785,8092,9978,2780,9725,15700,15333,14806,,
1199169,M-CAT,medium,Arabiki Catuji Mekarwangi,B10,5,collecting,118,14073,2796,2781,8091,9977,2781,9724,15699,15333,14806,,
1200169,M-CAT,medium,Arabiki Catuji Mekarwangi,B10,5,collecting,119,14071,2797,2782,8091,9976,2780,9724,15699,15332,14807,,
1201169,M-CAT,medium,Arabiki Catuji Mekarwangi,B10,5,collecting,120,14072,2796,2782,8092,9976,2782,9725,15700,15333,14808,,
