timestamp,sample_id,roast_level,origin,batch_id,run_id,phase,sample_idx,adc_tgs822,adc_mq135,adc_mq9,adc_tgs2611,adc_tgs2620,adc_tgs2600,adc_tgs2602,adc_mq8,adc_tgs813,adc_tgs816,temperature,humidity
2172,M-RAT,medium,Arabika Ratawali Aceh,B04,1,purging,1,11623,2802,2796,8251,9720,2782,9436,15461,15369,14676,,
3173,M-RAT,medium,Arabika Ratawali Aceh,B04,1,purging,2,11601,2804,2792,8251,9714,2782,9433,15446,15355,14666,,
4173,M-RAT,medium,Arabika Ratawali Aceh,B04,1,purging,3,11579,2803,2794,8251,9709,2782,9433,15430,15341,14657,,
5173,M-RAT,medium,Arabika Ratawali Aceh,B04,1,purging,4,11557,2803,2793,8251,9704,2782,9433,15416,15328,14650,,
6173,M-RAT,medium,Arabika Ratawali Aceh,B04,1,purging,5,11535,2802,2794,8251,9700,2782,9433,15403,15314,14642,,
7174,M-RAT,medium,Arabika Ratawali Aceh,B04,1,purging,6,11514,2801,2795,8251,9695,2782,9433,15389,15302,14633,,
8173,M-RAT,medium,Arabika Ratawali Aceh,B04,1,purging,7,11494,2805,2793,8252,9691,2782,9433,15375,15289,14624,,
9174,M-RAT,medium,Arabika Ratawali Aceh,B04,1,purging,8,11475,2803,2793,8252,9686,2782,9432,15361,15277,14615,,
10173,M-RAT,medium,Arabika Ratawali Aceh,B04,1,purging,9,11457,2803,2793,8252,9682,2782,9430,15347,15266,14605,,
11173,M-RAT,medium,Arabika Ratawali Aceh,B04,1,purging,10,11439,2803,2794,8253,9677,2779,9428,15333,15254,14597,,
12173,M-RAT,medium,Arabika Ratawali Aceh,B04,1,purging,11,11422,2801,2796,8253,9672,2779,9426,15320,15242,14588,,
13173,M-RAT,medium,Arabika Ratawali Aceh,B04,1,purging,12,11406,2802,2794,8253,9667,2782,9424,15307,15230,14580,,
14173,M-RAT,medium,Arabika Ratawali Aceh,B04,1,purging,13,11391,2802,2791,8253,9662,2782,9422,15294,15219,14572,,
15173,M-RAT,medium,Arabika Ratawali Aceh,B04,1,purging,14,11375,2800,2794,8254,9657,2779,9422,15282,15208,14564,,
16174,M-RAT,medium,Arabika Ratawali Aceh,B04,1,purging,15,11361,2801,2792,8254,9652,2782,9419,15269,15197,14556,,
17173,M-RAT,medium,Arabika Ratawali Aceh,B04,1,purging,16,11347,2803,2796,8254,9648,2782,9418,15256,15186,14548,,
18173,M-RAT,medium,Arabika Ratawali Aceh,B04,1,purging,17,11333,2804,2794,8254,9643,2782,9416,15244,15175,14540,,
19173,M-RAT,medium,Arabika Ratawali Aceh,B04,1,purging,18,11319,2802,2793,8255,9638,2782,9414,15232,15164,14532,,
20173,M-RAT,medium,Arabika Ratawali Aceh,B04,1,purging,19,11306,2802,2792,8255,9633,2782,9412,15220,15154,14525,,
21173,M-RAT,medium,Arabika Ratawali Aceh,B04,1,purging,20,11293,2802,2791,8255,9629,2782,9410,15209,15144,14517,,
22173,M-RAT,medium,Arabika Ratawali Aceh,B04,1,purging,21,11281,2804,2792,8255,9625,2782,9408,15197,15134,14510,,
23174,M-RAT,medium,Arabika Ratawali Aceh,B04,1,purging,22,11270,2800,2793,8255,9620,2782,9407,15185,15124,14503,,
24173,M-RAT,medium,Arabika Ratawali Aceh,B04,1,purging,23,11259,2802,2793,8256,9616,2782,9405,15174,15114,14496,,
25174,M-RAT,medium,Arabika Ratawali Aceh,B04,1,purging,24,11246,2802,2793,8256,9612,2782,9402,15163,15105,14488,,
26173,M-RAT,medium,Arabika Ratawali Aceh,B04,1,purging,25,11235,2801,2792,8256,9607,2782,9400,15152,15095,14482,,
27173,M-RAT,medium,Arabika Ratawali Aceh,B04,1,purging,26,11223,2801,2794,8256,9603,2783,9397,15141,15086,14475,,
28173,M-RAT,medium,Arabika Ratawali Aceh,B04,1,purging,27,11212,2799,2793,8257,9599,2782,9396,15131,15077,14468,,
29173,M-RAT,medium,Arabika Ratawali Aceh,B04,1,purging,28,11201,2804,2791,8257,9594,2780,9393,15120,15068,14461,,
30173,M-RAT,medium,Arabika Ratawali Aceh,B04,1,purging,29,11191,2799,2791,8257,9590,2782,9391,15109,15059,14454,,
31173,M-RAT,medium,Arabika Ratawali Aceh,B04,1,purging,30,11181,2802,2796,8257,9585,2779,9388,15098,15049,14447,,
32174,M-RAT,medium,Arabika Ratawali Aceh,B04,1,purging,31,11171,2803,2792,8257,9580,2783,9386,15088,15040,14441,,
33173,M-RAT,medium,Arabika Ratawali Aceh,B04,1,purging,32,11162,2803,2793,8257,9575,2782,9384,15078,15030,14434,,
34173,M-RAT,medium,Arabika Ratawali Aceh,B04,1,purging,33,11152,2806,2794,8257,9571,2782,9382,15068,15021,14427,,
35173,M-RAT,medium,Arabika Ratawali Aceh,B04,1,purging,34,11144,2803,2791,8257,9567,2779,9379,15058,15013,14420,,
36173,M-RAT,medium,Arabika Ratawali Aceh,B04,1,purging,35,11136,2804,2791,8258,9562,2782,9377,15048,15003,14413,,
37173,M-RAT,medium,Arabika Ratawali Aceh,B04,1,purging,36,11129,2801,2794,8258,9558,2779,9375,15039,14994,14408,,
38173,M-RAT,medium,Arabika Ratawali Aceh,B04,1,purging,37,11122,2800,2796,8258,9554,2782,9372,15029,14986,14401,,
39174,M-RAT,medium,Arabika Ratawali Aceh,B04,1,purging,38,11114,2801,2796,8258,9549,2782,9370,15020,14978,14396,,
40173,M-RAT,medium,Arabika Ratawali Aceh,B04,1,purging,39,11106,2800,2792,8258,9546,2782,9368,15011,14969,14391,,
41174,M-RAT,medium,Arabika Ratawali Aceh,B04,1,purging,40,11099,2800,2793,8258,9542,2780,9366,15003,14961,14386,,
42173,M-RAT,medium,Arabika Ratawali Aceh,B04,1,purging,41,11091,2805,2793,8258,9540,2782,9366,14995,14953,14383,,
43173,M-RAT,medium,Arabika Ratawali Aceh,B04,1,purging,42,11083,2805,2792,8258,9541,2779,9371,14991,14947,14392,,
44173,M-RAT,medium,Arabika Ratawali Aceh,B04,1,purging,43,11073,2800,2794,8258,9546,2782,9383,14991,14943,14415,,
45173,M-RAT,medium,Arabika Ratawali Aceh,B04,1,purging,44,11056,2805,2795,8259,9571,2779,9425,15011,14946,14474,,
46173,M-RAT,medium,Arabika Ratawali Aceh,B04,1,purging,45,11031,2801,2793,8259,9612,2782,9487,15040,14960,14516,,
47173,M-RAT,medium,Arabika Ratawali Aceh,B04,1,purging,46,11002,2805,2792,8260,9656,2780,9549,15062,14979,14540,,
48174,M-RAT,medium,Arabika Ratawali Aceh,B04,1,purging,47,10976,2806,2795,8261,9693,2782,9594,15068,14995,14546,,
49173,M-RAT,medium,Arabika Ratawali Aceh,B04,1,purging,48,10955,2803,2791,8262,9718,2782,9619,15064,15008,14541,,
50173,M-RAT,medium,Arabika Ratawali Aceh,B04,1,purging,49,10941,2802,2795,8264,9730,2782,9627,15049,15015,14530,,
51173,M-RAT,medium,Arabika Ratawali Aceh,B04,1,purging,50,10931,2800,2794,8265,9734,2782,9624,15033,15019,14517,,
52173,M-RAT,medium,Arabika Ratawali Aceh,B04,1,purging,51,10926,2801,2793,8267,9731,2780,9612,15014,15017,14501,,
53173,M-RAT,medium,Arabika Ratawali Aceh,B04,1,purging,52,10924,2804,2796,8268,9723,2782,9597,14997,15015,14494,,
54173,M-RAT,medium,Arabika Ratawali Aceh,B04,1,purging,53,10924,2806,2790,8269,9715,2780,9583,14983,15011,14480,,
55174,M-RAT,medium,Arabika Ratawali Aceh,B04,1,purging,54,10925,2803,2792,8270,9704,2782,9566,14966,15004,14468,,
56173,M-RAT,medium,Arabika Ratawali Aceh,B04,1,purging,55,10927,2801,2792,8271,9691,2780,9548,14950,14996,14451,,
57174,M-RAT,medium,Arabika Ratawali Aceh,B04,1,purging,56,10928,2802,2793,8272,9676,2779,9528,14934,14987,14436,,
58173,M-RAT,medium,Arabika Ratawali Aceh,B04,1,purging,57,10932,2801,2792,8273,9660,2782,9508,14918,14976,14425,,
59173,M-RAT,medium,Arabika Ratawali Aceh,B04,1,purging,58,10934,2802,2790,8274,9650,2782,9496,14910,14967,14433,,
60173,M-RAT,medium,Arabika Ratawali Aceh,B04,1,purging,59,10933,2802,2791,8274,9646,2782,9496,14909,14961,14435,,
61173,M-RAT,medium,Arabika Ratawali Aceh,B04,1,purging,60,10931,2803,2791,8275,9647,2782,9500,14907,14956,14441,,
62176,M-RAT,medium,Arabika Ratawali Aceh,B04,1,collecting,1,10927,2802,2790,8275,9655,2782,9515,14911,14953,14467,,
63173,M-RAT,medium,Arabika Ratawali Aceh,B04,1,collecting,2,10920,2801,2791,8276,9668,2779,9537,14920,14956,14475,,
64174,M-RAT,medium,Arabika Ratawali Aceh,B04,1,collecting,3,10913,2802,2791,8276,9681,2782,9555,14921,14958,14475,,
65173,M-RAT,medium,Arabika Ratawali Aceh,B04,1,collecting,4,11129,2802,2792,8277,9729,2782,9597,14954,14968,14538,,
66173,M-RAT,medium,Arabika Ratawali Aceh,B04,1,collecting,5,11874,2803,2792,8277,9843,2780,9696,15113,15037,14676,,
67173,M-RAT,medium,Arabika Ratawali Aceh,B04,1,collecting,6,12928,2803,2792,8278,10000,2782,9832,15374,15187,14851,,
68173,M-RAT,medium,Arabika Ratawali Aceh,B04,1,collecting,7,13948,2805,2791,8279,10161,2782,9957,15681,15401,15040,,
69173,M-RAT,medium,Arabika Ratawali Aceh,B04,1,collecting,8,14731,2809,2792,8280,10297,2782,10053,15963,15637,15203,,
70173,M-RAT,medium,Arabika Ratawali Aceh,B04,1,collecting,9,15284,2809,2795,8280,10407,2780,10120,16188,15856,15336,,
71174,M-RAT,medium,Arabika Ratawali Aceh,B04,1,collecting,10,15687,2810,2793,8280,10502,2783,10171,16375,16046,15452,,
72173,M-RAT,medium,Arabika Ratawali Aceh,B04,1,collecting,11,15978,2810,2795,8280,10582,2782,10215,16522,16208,15550,,
73174,M-RAT,medium,Arabika Ratawali Aceh,B04,1,collecting,12,16183,2812,2791,8280,10651,2784,10249,16637,16342,15629,,
74173,M-RAT,medium,Arabika Ratawali Aceh,B04,1,collecting,13,16338,2810,2795,8280,10713,2783,10279,16732,16452,15697,,
75173,M-RAT,medium,Arabika Ratawali Aceh,B04,1,collecting,14,16462,2809,2791,8281,10765,2783,10302,16813,16546,15756,,
76173,M-RAT,medium,Arabika Ratawali Aceh,B04,1,collecting,15,16564,2809,2790,8282,10810,2779,10321,16884,16626,15806,,
77173,M-RAT,medium,Arabika Ratawali Aceh,B04,1,collecting,16,16643,2812,2789,8282,10843,2781,10330,16941,16695,15843,,
78173,M-RAT,medium,Arabika Ratawali Aceh,B04,1,collecting,17,16700,2808,2793,8283,10866,2786,10332,16984,16750,15870,,
79173,M-RAT,medium,Arabika Ratawali Aceh,B04,1,collecting,18,16743,2808,2790,8283,10880,2783,10328,17019,16793,15891,,
80174,M-RAT,medium,Arabika Ratawali Aceh,B04,1,collecting,19,16773,2807,2792,8283,10886,2783,10317,17044,16826,15904,,
81173,M-RAT,medium,Arabika Ratawali Aceh,B04,1,collecting,20,16795,2808,2792,8284,10886,2783,10304,17064,16851,15913,,
82173,M-RAT,medium,Arabika Ratawali Aceh,B04,1,collecting,21,16810,2808,2793,8284,10881,2783,10289,17079,16869,15919,,
83173,M-RAT,medium,Arabika Ratawali Aceh,B04,1,collecting,22,16821,2809,2789,8284,10874,2783,10269,17091,16882,15922,,
84173,M-RAT,medium,Arabika Ratawali Aceh,B04,1,collecting,23,16827,2808,2792,8284,10864,2784,10248,17102,16891,15922,,
85173,M-RAT,medium,Arabika Ratawali Aceh,B04,1,collecting,24,16829,2807,2794,8284,10852,2783,10227,17109,16896,15921,,
86173,M-RAT,medium,Arabika Ratawali Aceh,B04,1,collecting,25,16828,2808,2790,8284,10838,2780,10203,17114,16898,15916,,
87174,M-RAT,medium,Arabika Ratawali Aceh,B04,1,collecting,26,16821,2810,2790,8285,10821,2784,10179,17116,16897,15910,,
88173,M-RAT,medium,Arabika Ratawali Aceh,B04,1,collecting,27,16814,2808,2789,8284,10804,2784,10157,17117,16894,15905,,
89174,M-RAT,medium,Arabika Ratawali Aceh,B04,1,collecting,28,16804,2808,2790,8284,10787,2783,10135,17116,16888,15897,,
90173,M-RAT,medium,Arabika Ratawali Aceh,B04,1,collecting,29,16793,2811,2794,8284,10770,2782,10113,17116,16881,15890,,
91173,M-RAT,medium,Arabika Ratawali Aceh,B04,1,collecting,30,16780,2808,2794,8284,10753,2780,10092,17114,16873,15881,,
92173,M-RAT,medium,Arabika Ratawali Aceh,B04,1,collecting,31,16765,2807,2791,8284,10736,2783,10073,17110,16865,15872,,
93173,M-RAT,medium,Arabika Ratawali Aceh,B04,1,collecting,32,16752,2809,2789,8283,10721,2784,10053,17107,16855,15866,,
94173,M-RAT,medium,Arabika Ratawali Aceh,B04,1,collecting,33,16740,2807,2790,8283,10707,2784,10040,17106,16847,15859,,
95173,M-RAT,medium,Arabika Ratawali Aceh,B04,1,collecting,34,16727,2808,2789,8283,10693,2781,10022,17105,16838,15851,,
96174,M-RAT,medium,Arabika Ratawali Aceh,B04,1,collecting,35,16713,2807,2795,8283,10678,2784,10006,17102,16829,15844,,
97173,M-RAT,medium,Arabika Ratawali Aceh,B04,1,collecting,36,16702,2805,2793,8282,10666,2779,9994,17100,16820,15838,,
98173,M-RAT,medium,Arabika Ratawali Aceh,B04,1,collecting,37,16692,2808,2793,8282,10656,2784,9983,17101,16812,15832,,
99173,M-RAT,medium,Arabika Ratawali Aceh,B04,1,collecting,38,16683,2809,2789,8281,10645,2783,9972,17100,16805,15826,,
100173,M-RAT,medium,Arabika Ratawali Aceh,B04,1,collecting,39,16671,2810,2790,8280,10634,2783,9960,17099,16797,15819,,
101173,M-RAT,medium,Arabika Ratawali Aceh,B04,1,collecting,40,16657,2810,2790,8280,10623,2784,9950,17095,16789,15811,,
102173,M-RAT,medium,Arabika Ratawali Aceh,B04,1,collecting,41,16644,2808,2792,8280,10613,2780,9939,17091,16780,15805,,
103174,M-RAT,medium,Arabika Ratawali Aceh,B04,1,collecting,42,16633,2811,2789,8280,10605,2783,9932,17089,16772,15800,,
104173,M-RAT,medium,Arabika Ratawali Aceh,B04,1,collecting,43,16625,2809,2792,8279,10597,2786,9925,17089,16765,15797,,
105174,M-RAT,medium,Arabika Ratawali Aceh,B04,1,collecting,44,16619,2807,2793,8279,10591,2783,9918,17090,16760,15793,,
106173,M-RAT,medium,Arabika Ratawali Aceh,B04,1,collecting,45,16613,2809,2787,8278,10584,2780,9911,17091,16754,15790,,
107173,M-RAT,medium,Arabika Ratawali Aceh,B04,1,collecting,46,16606,2811,2794,8278,10577,2782,9903,17092,16750,15785,,
108173,M-RAT,medium,Arabika Ratawali Aceh,B04,1,collecting,47,16600,2811,2790,8277,10572,2781,9898,17093,16744,15782,,
109173,M-RAT,medium,Arabika Ratawali Aceh,B04,1,collecting,48,16593,2809,2789,8276,10565,2783,9891,17092,16740,15777,,
110173,M-RAT,medium,Arabika Ratawali Aceh,B04,1,collecting,49,16585,2808,2791,8276,10559,2783,9886,17090,16735,15773,,
111173,M-RAT,medium,Arabika Ratawali Aceh,B04,1,collecting,50,16579,2807,2792,8275,10554,2783,9885,17088,16730,15768,,
112174,M-RAT,medium,Arabika Ratawali Aceh,B04,1,collecting,51,16571,2808,2789,8274,10547,2783,9880,17087,16724,15764,,
113173,M-RAT,medium,Arabika Ratawali Aceh,B04,1,collecting,52,16563,2808,2789,8274,10541,2784,9873,17085,16719,15758,,
114173,M-RAT,medium,Arabika Ratawali Aceh,B04,1,collecting,53,16555,2808,2788,8273,10535,2783,9868,17083,16714,15754,,
115173,M-RAT,medium,Arabika Ratawali Aceh,B04,1,collecting,54,16549,2807,2792,8273,10531,2783,9863,17082,16709,15749,,
116173,M-RAT,medium,Arabika Ratawali Aceh,B04,1,collecting,55,16542,2810,2789,8272,10525,2784,9858,17079,16704,15745,,
117173,M-RAT,medium,Arabika Ratawali Aceh,B04,1,collecting,56,16535,2809,2789,8272,10520,2783,9851,17079,16699,15741,,
118173,M-RAT,medium,Arabika Ratawali Aceh,B04,1,collecting,57,16528,2809,2791,8272,10515,2780,9847,17077,16695,15737,,
119174,M-RAT,medium,Arabika Ratawali Aceh,B04,1,collecting,58,16521,2807,2791,8271,10510,2783,9842,17076,16690,15733,,
120173,M-RAT,medium,Arabika Ratawali Aceh,B04,1,collecting,59,16514,2806,2790,8271,10506,2782,9840,17074,16685,15730,,
121174,M-RAT,medium,Arabika Ratawali Aceh,B04,1,collecting,60,16507,2808,2791,8270,10501,2783,9837,17072,16681,15725,,
122173,M-RAT,medium,Arabika Ratawali Aceh,B04,1,collecting,61,16495,2806,2790,8270,10495,2784,9831,17067,16676,15718,,
123173,M-RAT,medium,Arabika Ratawali Aceh,B04,1,collecting,62,16483,2808,2793,8269,10490,2784,9826,17063,16670,15714,,
124173,M-RAT,medium,Arabika Ratawali Aceh,B04,1,collecting,63,16476,2806,2789,8269,10485,2783,9823,17060,16665,15711,,
125173,M-RAT,medium,Arabika Ratawali Aceh,B04,1,collecting,64,16468,2808,2789,8269,10482,2780,9821,17058,16660,15707,,
126173,M-RAT,medium,Arabika Ratawali Aceh,B04,1,collecting,65,16461,2809,2789,8268,10478,2779,9817,17056,16656,15704,,
127173,M-RAT,medium,Arabika Ratawali Aceh,B04,1,collecting,66,16456,2808,2790,8267,10474,2783,9816,17056,16652,15701,,
128174,M-RAT,medium,Arabika Ratawali Aceh,B04,1,collecting,67,16453,2811,2792,8267,10472,2782,9814,17056,16649,15700,,
129173,M-RAT,medium,Arabika Ratawali Aceh,B04,1,collecting,68,16450,2811,2788,8266,10470,2779,9813,17057,16647,15698,,
130173,M-RAT,medium,Arabika Ratawali Aceh,B04,1,collecting,69,16447,2807,2790,8266,10467,2783,9812,17057,16645,15695,,
131173,M-RAT,medium,Arabika Ratawali Aceh,B04,1,collecting,70,16440,2811,2789,8265,10464,2781,9807,17055,16642,15691,,
132173,M-RAT,medium,Arabika Ratawali Aceh,B04,1,collecting,71,16431,2807,2789,8265,10460,2783,9804,17050,16638,15687,,
133173,M-RAT,medium,Arabika Ratawali Aceh,B04,1,collecting,72,16424,2808,2790,8264,10456,2782,9801,17047,16634,15682,,
134173,M-RAT,medium,Arabika Ratawali Aceh,B04,1,collecting,73,16413,2809,2791,8264,10451,2782,9798,17042,16629,15677,,
135174,M-RAT,medium,Arabika Ratawali Aceh,B04,1,collecting,74,16404,2809,2789,8264,10448,2782,9795,17040,16624,15674,,
136173,M-RAT,medium,Arabika Ratawali Aceh,B04,1,collecting,75,16396,2809,2792,8264,10445,2780,9792,17037,16621,15671,,
137174,M-RAT,medium,Arabika Ratawali Aceh,B04,1,collecting,76,16390,2808,2789,8263,10442,2780,9792,17035,16617,15668,,
138173,M-RAT,medium,Arabika Ratawali Aceh,B04,1,collecting,77,16387,2811,2790,8262,10440,2782,9792,17036,16614,15667,,
139173,M-RAT,medium,Arabika Ratawali Aceh,B04,1,collecting,78,16385,2808,2789,8263,10438,2782,9792,17035,16612,15665,,
140173,M-RAT,medium,Arabika Ratawali Aceh,B04,1,collecting,79,16383,2805,2789,8262,10438,2783,9789,17036,16611,15664,,
141173,M-RAT,medium,Arabika Ratawali Aceh,B04,1,collecting,80,16382,2807,2788,8262,10436,2779,9785,17036,16610,15662,,
142173,M-RAT,medium,Arabika Ratawali Aceh,B04,1,collecting,81,16380,2811,2789,8261,10434,2779,9783,17036,16609,15660,,
143173,M-RAT,medium,Arabika Ratawali Aceh,B04,1,collecting,82,16381,2810,2789,8261,10434,2782,9784,17037,16608,15660,,
144174,M-RAT,medium,Arabika Ratawali Aceh,B04,1,collecting,83,16383,2808,2790,8261,10433,2780,9785,17038,16608,15659,,
145173,M-RAT,medium,Arabika Ratawali Aceh,B04,1,collecting,84,16385,2808,2790,8260,10432,2782,9786,17040,16608,15658,,
146173,M-RAT,medium,Arabika Ratawali Aceh,B04,1,collecting,85,16385,2811,2790,8260,10431,2782,9784,17041,16608,15656,,
147173,M-RAT,medium,Arabika Ratawali Aceh,B04,1,collecting,86,16380,2806,2789,8259,10428,2779,9780,17038,16606,15651,,
148173,M-RAT,medium,Arabika Ratawali Aceh,B04,1,collecting,87,16372,2808,2792,8259,10423,2783,9776,17033,16602,15646,,
149173,M-RAT,medium,Arabika Ratawali Aceh,B04,1,collecting,88,16364,2807,2789,8258,10420,2782,9772,17029,16599,15643,,
150173,M-RAT,medium,Arabika Ratawali Aceh,B04,1,collecting,89,16357,2806,2789,8258,10416,2782,9770,17026,16595,15639,,
151174,M-RAT,medium,Arabika Ratawali Aceh,B04,1,collecting,90,16350,2807,2789,8257,10413,2782,9768,17022,16591,15635,,
152173,M-RAT,medium,Arabika Ratawali Aceh,B04,1,collecting,91,16346,2807,2793,8257,10410,2780,9767,17021,16588,15634,,
153174,M-RAT,medium,Arabika Ratawali Aceh,B04,1,collecting,92,16345,2805,2789,8257,10409,2782,9766,17022,16586,15632,,
154173,M-RAT,medium,Arabika Ratawali Aceh,B04,1,collecting,93,16344,2808,2789,8256,10408,2782,9766,17022,16585,15631,,
155173,M-RAT,medium,Arabika Ratawali Aceh,B04,1,collecting,94,16343,2807,2788,8256,10406,2780,9764,17022,16584,15628,,
156173,M-RAT,medium,Arabika Ratawali Aceh,B04,1,collecting,95,16342,2808,2789,8255,10404,2779,9762,17021,16582,15626,,
157173,M-RAT,medium,Arabika Ratawali Aceh,B04,1,collecting,96,16339,2806,2788,8255,10401,2780,9759,17020,16580,15622,,
158173,M-RAT,medium,Arabika Ratawali Aceh,B04,1,collecting,97,16332,2807,2792,8255,10397,2782,9755,17016,16578,15618,,
159173,M-RAT,medium,Arabika Ratawali Aceh,B04,1,collecting,98,16326,2806,2789,8254,10395,2780,9756,17014,16574,15616,,
160174,M-RAT,medium,Arabika Ratawali Aceh,B04,1,collecting,99,16321,2808,2789,8254,10392,2779,9752,17011,16572,15612,,
161173,M-RAT,medium,Arabika Ratawali Aceh,B04,1,collecting,100,16313,2804,2789,8254,10388,2780,9746,17008,16568,15608,,
162173,M-RAT,medium,Arabika Ratawali Aceh,B04,1,collecting,101,16306,2809,2788,8254,10385,2780,9745,17005,16565,15605,,
163173,M-RAT,medium,Arabika Ratawali Aceh,B04,1,collecting,102,16302,2806,2789,8253,10384,2782,9744,17004,16562,15603,,
164173,M-RAT,medium,Arabika Ratawali Aceh,B04,1,collecting,103,16299,2807,2788,8253,10382,2782,9744,17003,16560,15601,,
165173,M-RAT,medium,Arabika Ratawali Aceh,B04,1,collecting,104,16297,2805,2789,8253,10381,2779,9743,17003,16558,15599,,
166173,M-RAT,medium,Arabika Ratawali Aceh,B04,1,collecting,105,16298,2806,2790,8252,10380,2780,9744,17004,16556,15600,,
167174,M-RAT,medium,Arabika Ratawali Aceh,B04,1,collecting,106,16300,2805,2790,8252,10380,2779,9745,17006,16556,15599,,
168173,M-RAT,medium,Arabika Ratawali Aceh,B04,1,collecting,107,16303,2807,2789,8252,10380,2780,9746,17007,16556,15599,,
169174,M-RAT,medium,Arabika Ratawali Aceh,B04,1,collecting,108,16308,2807,2789,8252,10380,2780,9746,17008,16557,15599,,
170173,M-RAT,medium,Arabika Ratawali Aceh,B04,1,collecting,109,16310,2804,2788,8251,10380,2782,9744,17010,16557,15599,,
171173,M-RAT,medium,Arabika Ratawali Aceh,B04,1,collecting,110,16313,2809,2792,8251,10380,2782,9744,17011,16558,15599,,
172173,M-RAT,medium,Arabika Ratawali Aceh,B04,1,collecting,111,16312,2805,2792,8251,10379,2782,9742,17012,16558,15596,,
173173,M-RAT,medium,Arabika Ratawali Aceh,B04,1,collecting,112,16308,2810,2788,8251,10377,2780,9740,17010,16557,15594,,
174173,M-RAT,medium,Arabika Ratawali Aceh,B04,1,collecting,113,16305,2807,2787,8250,10376,2782,9738,17008,16556,15593,,
175173,M-RAT,medium,Arabika Ratawali Aceh,B04,1,collecting,114,16303,2810,2788,8250,10375,2779,9737,17008,16554,15592,,
176174,M-RAT,medium,Arabika Ratawali Aceh,B04,1,collecting,115,16301,2804,2788,8249,10375,2780,9736,17008,16553,15591,,
177173,M-RAT,medium,Arabika Ratawali Aceh,B04,1,collecting,116,16299,2807,2790,8249,10373,2782,9737,17007,16552,15588,,
178173,M-RAT,medium,Arabika Ratawali Aceh,B04,1,collecting,117,16296,2805,2787,8249,10372,2779,9736,17006,16552,15587,,
179173,M-RAT,medium,Arabika Ratawali Aceh,B04,1,collecting,118,16294,2805,2789,8249,10371,2782,9736,17006,16550,15585,,
180173,M-RAT,medium,Arabika Ratawali Aceh,B04,1,collecting,119,16292,2804,2789,8248,10369,2782,9735,17005,16549,15584,,
181173,M-RAT,medium,Arabika Ratawali Aceh,B04,1,collecting,120,16289,2804,2788,8248,10368,2780,9735,17004,16548,15583,,
182173,M-RAT,medium,Arabika Ratawali Aceh,B04,1,collecting,121,16288,2805,2788,8247,10367,2779,9734,17004,16547,15582,,
183174,M-RAT,medium,Arabika Ratawali Aceh,B04,1,collecting,122,16288,2807,2790,8247,10366,2783,9735,17004,16546,15580,,
184173,M-RAT,medium,Arabika Ratawali Aceh,B04,1,collecting,123,16287,2805,2787,8246,10365,2780,9734,17003,16545,15579,,
185174,M-RAT,medium,Arabika Ratawali Aceh,B04,1,collecting,124,16286,2804,2786,8246,10364,2782,9734,17003,16544,15578,,
186173,M-RAT,medium,Arabika Ratawali Aceh,B04,1,collecting,125,16285,2809,2787,8246,10364,2780,9732,17003,16544,15578,,
187173,M-RAT,medium,Arabika Ratawali Aceh,B04,1,collecting,126,16283,2804,2790,8246,10362,2783,9730,17002,16543,15575,,
188173,M-RAT,medium,Arabika Ratawali Aceh,B04,1,collecting,127,16279,2804,2787,8246,10361,2782,9728,17001,16542,15573,,
189173,M-RAT,medium,Arabika Ratawali Aceh,B04,1,collecting,128,16274,2805,2792,8245,10359,2780,9728,16997,16540,15570,,
190173,M-RAT,medium,Arabika Ratawali Aceh,B04,1,collecting,129,16268,2805,2789,8245,10357,2782,9725,16996,16537,15568,,
191173,M-RAT,medium,Arabika Ratawali Aceh,B04,1,collecting,130,16266,2806,2793,8244,10355,2782,9724,16995,16535,15566,,
192174,M-RAT,medium,Arabika Ratawali Aceh,B04,1,collecting,131,16265,2807,2792,8243,10354,2780,9724,16995,16534,15566,,
193173,M-RAT,medium,Arabika Ratawali Aceh,B04,1,collecting,132,16267,2805,2788,8243,10353,2782,9725,16995,16533,15564,,
194173,M-RAT,medium,Arabika Ratawali Aceh,B04,1,collecting,133,16267,2805,2788,8242,10352,2780,9723,16995,16533,15562,,
195173,M-RAT,medium,Arabika Ratawali Aceh,B04,1,collecting,134,16266,2807,2789,8242,10351,2779,9721,16994,16532,15560,,
196173,M-RAT,medium,Arabika Ratawali Aceh,B04,1,collecting,135,16266,2807,2788,8241,10348,2779,9720,16994,16531,15559,,
197173,M-RAT,medium,Arabika Ratawali Aceh,B04,1,collecting,136,16262,2808,2788,8241,10346,2782,9719,16992,16529,15555,,
198173,M-RAT,medium,Arabika Ratawali Aceh,B04,1,collecting,137,16257,2805,2788,8241,10343,2780,9716,16989,16527,15552,,
199174,M-RAT,medium,Arabika Ratawali Aceh,B04,1,collecting,138,16253,2803,2789,8240,10341,2780,9715,16987,16525,15550,,
200173,M-RAT,medium,Arabika Ratawali Aceh,B04,1,collecting,139,16251,2805,2788,8240,10339,2779,9713,16987,16522,15549,,
201174,M-RAT,medium,Arabika Ratawali Aceh,B04,1,collecting,140,16251,2804,2787,8239,10338,2779,9713,16988,16521,15548,,
202173,M-RAT,medium,Arabika Ratawali Aceh,B04,1,collecting,141,16250,2804,2788,8239,10336,2782,9710,16987,16520,15545,,
203173,M-RAT,medium,Arabika Ratawali Aceh,B04,1,collecting,142,16247,2805,2792,8238,10334,2780,9706,16986,16518,15543,,
204173,M-RAT,medium,Arabika Ratawali Aceh,B04,1,collecting,143,16243,2804,2787,8238,10330,2782,9704,16984,16516,15539,,
205173,M-RAT,medium,Arabika Ratawali Aceh,B04,1,collecting,144,16237,2805,2789,8238,10327,2780,9702,16981,16514,15536,,
206173,M-RAT,medium,Arabika Ratawali Aceh,B04,1,collecting,145,16228,2809,2788,8237,10323,2782,9697,16976,16511,15530,,
207173,M-RAT,medium,Arabika Ratawali Aceh,B04,1,collecting,146,16216,2805,2788,8237,10318,2780,9692,16969,16506,15525,,
208174,M-RAT,medium,Arabika Ratawali Aceh,B04,1,collecting,147,16206,2803,2787,8237,10315,2782,9690,16965,16501,15522,,
209173,M-RAT,medium,Arabika Ratawali Aceh,B04,1,collecting,148,16200,2805,2786,8236,10312,2780,9690,16963,16497,15521,,
210173,M-RAT,medium,Arabika Ratawali Aceh,B04,1,collecting,149,16197,2804,2786,8235,10311,2780,9691,16963,16495,15519,,
211173,M-RAT,medium,Arabika Ratawali Aceh,B04,1,collecting,150,16197,2805,2788,8235,10310,2780,9691,16962,16493,15518,,
212173,M-RAT,medium,Arabika Ratawali Aceh,B04,1,collecting,151,16197,2804,2787,8234,10309,2782,9690,16963,16492,15517,,
213173,M-RAT,medium,Arabika Ratawali Aceh,B04,1,collecting,152,16196,2805,2789,8234,10308,2780,9688,16962,16491,15515,,
214173,M-RAT,medium,Arabika Ratawali Aceh,B04,1,collecting,153,16197,2806,2786,8234,10308,2782,9688,16963,16491,15516,,
215174,M-RAT,medium,Arabika Ratawali Aceh,B04,1,collecting,154,16200,2808,2786,8234,10309,2779,9688,16965,16490,15516,,
216173,M-RAT,medium,Arabika Ratawali Aceh,B04,1,collecting,155,16205,2804,2790,8233,10309,2782,9690,16965,16491,15516,,
217174,M-RAT,medium,Arabika Ratawali Aceh,B04,1,collecting,156,16209,2802,2787,8233,10310,2782,9691,16968,16492,15515,,
218173,M-RAT,medium,Arabika Ratawali Aceh,B04,1,collecting,157,16210,2805,2786,8232,10309,2779,9691,16968,16492,15514,,
219173,M-RAT,medium,Arabika Ratawali Aceh,B04,1,collecting,158,16209,2804,2787,8232,10307,2780,9691,16968,16492,15514,,
220173,M-RAT,medium,Arabika Ratawali Aceh,B04,1,collecting,159,16209,2803,2789,8231,10307,2782,9690,16966,16491,15512,,
221173,M-RAT,medium,Arabika Ratawali Aceh,B04,1,collecting,160,16210,2803,2787,8231,10305,2782,9688,16966,16491,15510,,
222173,M-RAT,medium,Arabika Ratawali Aceh,B04,1,collecting,161,16202,2806,2789,8231,10301,2782,9683,16962,16489,15504,,
223173,M-RAT,medium,Arabika Ratawali Aceh,B04,1,collecting,162,16186,2803,2786,8230,10296,2780,9677,16953,16485,15496,,
224174,M-RAT,medium,Arabika Ratawali Aceh,B04,1,collecting,163,16161,2803,2789,8229,10288,2779,9670,16940,16477,15486,,
225173,M-RAT,medium,Arabika Ratawali Aceh,B04,1,collecting,164,16134,2808,2785,8228,10279,2780,9662,16927,16467,15476,,
226173,M-RAT,medium,Arabika Ratawali Aceh,B04,1,collecting,165,16109,2805,2786,8228,10272,2779,9657,16917,16458,15469,,
227173,M-RAT,medium,Arabika Ratawali Aceh,B04,1,collecting,166,16088,2808,2786,8228,10267,2780,9657,16908,16449,15464,,
228173,M-RAT,medium,Arabika Ratawali Aceh,B04,1,collecting,167,16070,2805,2789,8228,10262,2780,9655,16901,16442,15457,,
229173,M-RAT,medium,Arabika Ratawali Aceh,B04,1,collecting,168,16054,2803,2789,8227,10258,2782,9651,16895,16434,15454,,
230173,M-RAT,medium,Arabika Ratawali Aceh,B04,1,collecting,169,16045,2805,2789,8227,10256,2779,9654,16892,16430,15453,,
231174,M-RAT,medium,Arabika Ratawali Aceh,B04,1,collecting,170,16040,2802,2788,8227,10255,2779,9655,16891,16426,15450,,
232173,M-RAT,medium,Arabika Ratawali Aceh,B04,1,collecting,171,16035,2804,2790,8227,10253,2782,9654,16889,16424,15448,,
233174,M-RAT,medium,Arabika Ratawali Aceh,B04,1,collecting,172,16029,2804,2792,8227,10251,2782,9652,16885,16421,15445,,
234173,M-RAT,medium,Arabika Ratawali Aceh,B04,1,collecting,173,16022,2804,2785,8227,10249,2782,9652,16881,16418,15441,,
235173,M-RAT,medium,Arabika Ratawali Aceh,B04,1,collecting,174,16019,2804,2788,8226,10249,2779,9652,16879,16416,15442,,
236173,M-RAT,medium,Arabika Ratawali Aceh,B04,1,collecting,175,16020,2805,2790,8226,10249,2782,9651,16880,16414,15440,,
237173,M-RAT,medium,Arabika Ratawali Aceh,B04,1,collecting,176,16019,2805,2786,8225,10248,2782,9651,16881,16414,15439,,
238173,M-RAT,medium,Arabika Ratawali Aceh,B04,1,collecting,177,16021,2805,2786,8225,10248,2780,9653,16881,16413,15440,,
239173,M-RAT,medium,Arabika Ratawali Aceh,B04,1,collecting,178,16025,2804,2789,8224,10249,2782,9655,16881,16413,15439,,
240174,M-RAT,medium,Arabika Ratawali Aceh,B04,1,collecting,179,16025,2802,2787,8224,10248,2779,9654,16880,16413,15437,,
241173,M-RAT,medium,Arabika Ratawali Aceh,B04,1,collecting,180,16027,2803,2786,8224,10249,2782,9654,16880,16413,15438,,
242177,M-RAT,medium,Arabika Ratawali Aceh,B04,2,purging,1,16030,2803,2787,8223,10247,2782,9652,16881,16413,15435,,
243173,M-RAT,medium,Arabika Ratawali Aceh,B04,2,purging,2,16027,2803,2787,8223,10245,2782,9649,16878,16411,15431,,
244173,M-RAT,medium,Arabika Ratawali Aceh,B04,2,purging,3,16022,2804,2785,8223,10242,2780,9646,16874,16409,15432,,
245173,M-RAT,medium,Arabika Ratawali Aceh,B04,2,purging,4,15989,2802,2786,8222,10232,2779,9638,16860,16405,15412,,
246173,M-RAT,medium,Arabika Ratawali Aceh,B04,2,purging,5,15901,2803,2786,8222,10207,2780,9610,16816,16387,15371,,
247174,M-RAT,medium,Arabika Ratawali Aceh,B04,2,purging,6,15771,2805,2786,8222,10170,2779,9574,16754,16353,15323,,
248173,M-RAT,medium,Arabika Ratawali Aceh,B04,2,purging,7,15611,2802,2785,8221,10128,2780,9536,16685,16307,15274,,
249174,M-RAT,medium,Arabika Ratawali Aceh,B04,2,purging,8,15430,2803,2784,8221,10085,2782,9503,16613,16254,15227,,
250173,M-RAT,medium,Arabika Ratawali Aceh,B04,2,purging,9,15236,2807,2786,8221,10046,2779,9477,16545,16199,15187,,
251173,M-RAT,medium,Arabika Ratawali Aceh,B04,2,purging,10,15035,2802,2788,8221,10011,2780,9459,16482,16144,15148,,
252173,M-RAT,medium,Arabika Ratawali Aceh,B04,2,purging,11,14832,2805,2787,8221,9985,2782,9452,16426,16094,15130,,
253173,M-RAT,medium,Arabika Ratawali Aceh,B04,2,purging,12,14626,2802,2787,8221,9973,2779,9459,16382,16050,15127,,
254173,M-RAT,medium,Arabika Ratawali Aceh,B04,2,purging,13,14420,2804,2787,8220,9972,2782,9485,16346,16015,15112,,
255173,M-RAT,medium,Arabika Ratawali Aceh,B04,2,purging,14,14219,2800,2785,8221,9970,2782,9503,16305,15983,15090,,
256174,M-RAT,medium,Arabika Ratawali Aceh,B04,2,purging,15,14027,2802,2788,8221,9968,2780,9516,16264,15952,15074,,
257173,M-RAT,medium,Arabika Ratawali Aceh,B04,2,purging,16,13845,2803,2787,8222,9965,2780,9531,16227,15924,15066,,
258173,M-RAT,medium,Arabika Ratawali Aceh,B04,2,purging,17,13671,2802,2789,8223,9969,2779,9552,16196,15899,15069,,
259173,M-RAT,medium,Arabika Ratawali Aceh,B04,2,purging,18,13505,2799,2785,8224,9986,2780,9590,16178,15882,15069,,
260173,M-RAT,medium,Arabika Ratawali Aceh,B04,2,purging,19,13350,2800,2788,8225,9987,2782,9603,16141,15864,15027,,
261173,M-RAT,medium,Arabika Ratawali Aceh,B04,2,purging,20,13214,2801,2786,8226,9970,2782,9588,16093,15837,14982,,
262173,M-RAT,medium,Arabika Ratawali Aceh,B04,2,purging,21,13093,2804,2786,8227,9941,2782,9559,16043,15804,14940,,
263174,M-RAT,medium,Arabika Ratawali Aceh,B04,2,purging,22,12986,2798,2784,8228,9907,2779,9526,15997,15768,14903,,
264173,M-RAT,medium,Arabika Ratawali Aceh,B04,2,purging,23,12888,2797,2789,8229,9874,2782,9495,15956,15732,14873,,
265174,M-RAT,medium,Arabika Ratawali Aceh,B04,2,purging,24,12799,2799,2785,8229,9843,2782,9470,15919,15697,14843,,
266173,M-RAT,medium,Arabika Ratawali Aceh,B04,2,purging,25,12716,2799,2787,8229,9815,2779,9447,15884,15663,14815,,
267173,M-RAT,medium,Arabika Ratawali Aceh,B04,2,purging,26,12641,2797,2786,8230,9790,2782,9426,15852,15630,14788,,
268173,M-RAT,medium,Arabika Ratawali Aceh,B04,2,purging,27,12570,2801,2785,8230,9766,2779,9407,15821,15599,14764,,
269173,M-RAT,medium,Arabika Ratawali Aceh,B04,2,purging,28,12504,2799,2787,8230,9745,2779,9392,15791,15568,14742,,
270173,M-RAT,medium,Arabika Ratawali Aceh,B04,2,purging,29,12442,2795,2788,8230,9726,2779,9379,15764,15539,14722,,
271173,M-RAT,medium,Arabika Ratawali Aceh,B04,2,purging,30,12384,2796,2787,8231,9710,2782,9369,15738,15513,14702,,
272174,M-RAT,medium,Arabika Ratawali Aceh,B04,2,purging,31,12330,2799,2787,8231,9695,2782,9359,15713,15486,14684,,
273173,M-RAT,medium,Arabika Ratawali Aceh,B04,2,purging,32,12279,2797,2786,8231,9683,2779,9351,15689,15462,14667,,
274173,M-RAT,medium,Arabika Ratawali Aceh,B04,2,purging,33,12232,2798,2786,8231,9670,2779,9345,15666,15439,14650,,
275173,M-RAT,medium,Arabika Ratawali Aceh,B04,2,purging,34,12186,2799,2787,8231,9658,2779,9339,15644,15417,14634,,
276173,M-RAT,medium,Arabika Ratawali Aceh,B04,2,purging,35,12144,2797,2787,8231,9646,2780,9333,15623,15395,14618,,
277173,M-RAT,medium,Arabika Ratawali Aceh,B04,2,purging,36,12103,2798,2786,8231,9635,2782,9327,15602,15373,14602,,
278173,M-RAT,medium,Arabika Ratawali Aceh,B04,2,purging,37,12064,2795,2786,8230,9623,2780,9320,15581,15352,14587,,
279174,M-RAT,medium,Arabika Ratawali Aceh,B04,2,purging,38,12027,2797,2788,8230,9612,2779,9313,15560,15330,14572,,
280173,M-RAT,medium,Arabika Ratawali Aceh,B04,2,purging,39,11992,2801,2786,8230,9601,2780,9308,15540,15309,14557,,
281174,M-RAT,medium,Arabika Ratawali Aceh,B04,2,purging,40,11959,2797,2788,8229,9590,2782,9302,15521,15289,14543,,
282173,M-RAT,medium,Arabika Ratawali Aceh,B04,2,purging,41,11927,2797,2786,8229,9580,2779,9297,15503,15270,14529,,
283173,M-RAT,medium,Arabika Ratawali Aceh,B04,2,purging,42,11897,2800,2786,8229,9569,2779,9292,15484,15251,14516,,
284173,M-RAT,medium,Arabika Ratawali Aceh,B04,2,purging,43,11869,2797,2786,8228,9560,2780,9289,15467,15232,14503,,
285173,M-RAT,medium,Arabika Ratawali Aceh,B04,2,purging,44,11842,2796,2789,8228,9551,2779,9284,15450,15214,14491,,
286173,M-RAT,medium,Arabika Ratawali Aceh,B04,2,purging,45,11816,2802,2786,8228,9542,2782,9281,15433,15197,14479,,
287173,M-RAT,medium,Arabika Ratawali Aceh,B04,2,purging,46,11790,2799,2786,8228,9535,2782,9278,15417,15180,14467,,
288174,M-RAT,medium,Arabika Ratawali Aceh,B04,2,purging,47,11766,2795,2787,8228,9528,2782,9275,15401,15164,14456,,
289173,M-RAT,medium,Arabika Ratawali Aceh,B04,2,purging,48,11744,2798,2786,8227,9521,2782,9272,15385,15149,14445,,
290173,M-RAT,medium,Arabika Ratawali Aceh,B04,2,purging,49,11723,2800,2788,8227,9513,2780,9268,15371,15134,14435,,
291173,M-RAT,medium,Arabika Ratawali Aceh,B04,2,purging,50,11701,2800,2785,8227,9508,2779,9265,15356,15119,14425,,
292173,M-RAT,medium,Arabika Ratawali Aceh,B04,2,purging,51,11681,2801,2787,8226,9501,2780,9263,15341,15104,14416,,
293173,M-RAT,medium,Arabika Ratawali Aceh,B04,2,purging,52,11661,2797,2785,8226,9495,2782,9261,15327,15090,14406,,
294173,M-RAT,medium,Arabika Ratawali Aceh,B04,2,purging,53,11642,2797,2786,8226,9489,2782,9260,15314,15077,14397,,
295174,M-RAT,medium,Arabika Ratawali Aceh,B04,2,purging,54,11623,2800,2786,8225,9483,2782,9257,15301,15064,14388,,
296173,M-RAT,medium,Arabika Ratawali Aceh,B04,2,purging,55,11605,2797,2792,8225,9478,2779,9256,15288,15051,14379,,
297174,M-RAT,medium,Arabika Ratawali Aceh,B04,2,purging,56,11588,2796,2786,8225,9473,2782,9255,15274,15039,14370,,
298173,M-RAT,medium,Arabika Ratawali Aceh,B04,2,purging,57,11571,2795,2788,8225,9468,2779,9253,15262,15026,14362,,
299173,M-RAT,medium,Arabika Ratawali Aceh,B04,2,purging,58,11556,2800,2787,8224,9463,2780,9251,15249,15014,14354,,
300173,M-RAT,medium,Arabika Ratawali Aceh,B04,2,purging,59,11540,2800,2788,8224,9457,2782,9249,15237,15003,14346,,
301173,M-RAT,medium,Arabika Ratawali Aceh,B04,2,purging,60,11525,2796,2788,8224,9452,2782,9246,15225,14991,14338,,
302176,M-RAT,medium,Arabika Ratawali Aceh,B04,2,collecting,1,11509,2797,2787,8223,9447,2782,9243,15213,14979,14331,,
303173,M-RAT,medium,Arabika Ratawali Aceh,B04,2,collecting,2,11495,2800,2786,8223,9443,2780,9242,15202,14968,14323,,
304174,M-RAT,medium,Arabika Ratawali Aceh,B04,2,collecting,3,11482,2800,2789,8222,9439,2780,9240,15190,14957,14315,,
305173,M-RAT,medium,Arabika Ratawali Aceh,B04,2,collecting,4,11471,2798,2786,8222,9436,2780,9242,15180,14947,14322,,
306173,M-RAT,medium,Arabika Ratawali Aceh,B04,2,collecting,5,11573,2797,2789,8222,9462,2779,9272,15201,14946,14366,,
307173,M-RAT,medium,Arabika Ratawali Aceh,B04,2,collecting,6,12006,2801,2788,8222,9535,2780,9342,15298,14982,14459,,
308173,M-RAT,medium,Arabika Ratawali Aceh,B04,2,collecting,7,12703,2798,2787,8222,9642,2780,9439,15470,15071,14581,,
309173,M-RAT,medium,Arabika Ratawali Aceh,B04,2,collecting,8,13439,2800,2786,8221,9753,2780,9534,15663,15203,14703,,
310173,M-RAT,medium,Arabika Ratawali Aceh,B04,2,collecting,9,14044,2802,2789,8221,9849,2782,9607,15837,15349,14810,,
311174,M-RAT,medium,Arabika Ratawali Aceh,B04,2,collecting,10,14515,2803,2787,8221,9930,2780,9662,15983,15489,14902,,
312173,M-RAT,medium,Arabika Ratawali Aceh,B04,2,collecting,11,14876,2805,2786,8221,9998,2782,9702,16102,15617,14978,,
313174,M-RAT,medium,Arabika Ratawali Aceh,B04,2,collecting,12,15131,2802,2787,8220,10052,2780,9730,16193,15725,15037,,
314173,M-RAT,medium,Arabika Ratawali Aceh,B04,2,collecting,13,15313,2802,2789,8220,10095,2780,9750,16263,15813,15085,,
315173,M-RAT,medium,Arabika Ratawali Aceh,B04,2,collecting,14,15459,2803,2787,8219,10133,2780,9766,16323,15887,15130,,
316173,M-RAT,medium,Arabika Ratawali Aceh,B04,2,collecting,15,15583,2808,2785,8219,10167,2782,9782,16379,15951,15169,,
317173,M-RAT,medium,Arabika Ratawali Aceh,B04,2,collecting,16,15688,2801,2789,8219,10196,2782,9796,16430,16010,15203,,
318173,M-RAT,medium,Arabika Ratawali Aceh,B04,2,collecting,17,15769,2804,2787,8219,10218,2780,9804,16471,16060,15228,,
319173,M-RAT,medium,Arabika Ratawali Aceh,B04,2,collecting,18,15829,2805,2787,8219,10235,2780,9805,16502,16102,15249,,
320174,M-RAT,medium,Arabika Ratawali Aceh,B04,2,collecting,19,15873,2804,2788,8218,10244,2780,9801,16525,16136,15265,,
321173,M-RAT,medium,Arabika Ratawali Aceh,B04,2,collecting,20,15902,2803,2786,8218,10250,2782,9794,16544,16162,15275,,
322173,M-RAT,medium,Arabika Ratawali Aceh,B04,2,collecting,21,15919,2804,2786,8218,10253,2782,9788,16557,16182,15284,,
323173,M-RAT,medium,Arabika Ratawali Aceh,B04,2,collecting,22,15933,2804,2786,8218,10255,2780,9782,16568,16198,15291,,
324173,M-RAT,medium,Arabika Ratawali Aceh,B04,2,collecting,23,15942,2804,2787,8218,10254,2782,9775,16578,16211,15296,,
325173,M-RAT,medium,Arabika Ratawali Aceh,B04,2,collecting,24,15942,2803,2788,8217,10250,2779,9765,16583,16221,15297,,
326173,M-RAT,medium,Arabika Ratawali Aceh,B04,2,collecting,25,15932,2804,2786,8217,10243,2779,9754,16582,16225,15294,,
327174,M-RAT,medium,Arabika Ratawali Aceh,B04,2,collecting,26,15917,2804,2787,8217,10235,2782,9741,16580,16226,15292,,
328173,M-RAT,medium,Arabika Ratawali Aceh,B04,2,collecting,27,15904,2805,2787,8216,10229,2780,9732,16580,16226,15292,,
329174,M-RAT,medium,Arabika Ratawali Aceh,B04,2,collecting,28,15898,2806,2789,8216,10225,2780,9727,16584,16226,15295,,
330173,M-RAT,medium,Arabika Ratawali Aceh,B04,2,collecting,29,15896,2805,2789,8216,10222,2782,9723,16590,16228,15296,,
331173,M-RAT,medium,Arabika Ratawali Aceh,B04,2,collecting,30,15895,2806,2788,8215,10218,2782,9718,16595,16230,15298,,
332173,M-RAT,medium,Arabika Ratawali Aceh,B04,2,collecting,31,15892,2805,2788,8215,10214,2782,9711,16599,16232,15298,,
333173,M-RAT,medium,Arabika Ratawali Aceh,B04,2,collecting,32,15887,2804,2787,8215,10209,2780,9702,16602,16232,15296,,
334173,M-RAT,medium,Arabika Ratawali Aceh,B04,2,collecting,33,15875,2804,2788,8214,10202,2780,9692,16600,16231,15292,,
335173,M-RAT,medium,Arabika Ratawali Aceh,B04,2,collecting,34,15863,2805,2789,8214,10195,2780,9682,16599,16227,15290,,
336174,M-RAT,medium,Arabika Ratawali Aceh,B04,2,collecting,35,15854,2803,2786,8214,10189,2780,9677,16599,16224,15288,,
337173,M-RAT,medium,Arabika Ratawali Aceh,B04,2,collecting,36,15844,2808,2789,8213,10183,2782,9670,16597,16221,15284,,
338173,M-RAT,medium,Arabika Ratawali Aceh,B04,2,collecting,37,15834,2805,2790,8212,10176,2782,9664,16596,16217,15281,,
339173,M-RAT,medium,Arabika Ratawali Aceh,B04,2,collecting,38,15825,2805,2787,8211,10170,2782,9660,16594,16213,15278,,
340173,M-RAT,medium,Arabika Ratawali Aceh,B04,2,collecting,39,15815,2808,2792,8211,10165,2780,9654,16593,16209,15275,,
341173,M-RAT,medium,Arabika Ratawali Aceh,B04,2,collecting,40,15802,2805,2789,8210,10158,2782,9647,16590,16204,15269,,
342173,M-RAT,medium,Arabika Ratawali Aceh,B04,2,collecting,41,15785,2805,2789,8210,10150,2780,9639,16585,16198,15264,,
343174,M-RAT,medium,Arabika Ratawali Aceh,B04,2,collecting,42,15774,2803,2788,8209,10144,2780,9634,16583,16191,15262,,
344173,M-RAT,medium,Arabika Ratawali Aceh,B04,2,collecting,43,15766,2804,2786,8209,10140,2782,9631,16583,16186,15259,,
345174,M-RAT,medium,Arabika Ratawali Aceh,B04,2,collecting,44,15755,2805,2786,8208,10134,2780,9626,16580,16182,15254,,
346173,M-RAT,medium,Arabika Ratawali Aceh,B04,2,collecting,45,15742,2805,2789,8207,10129,2779,9619,16577,16176,15251,,
347173,M-RAT,medium,Arabika Ratawali Aceh,B04,2,collecting,46,15735,2802,2787,8207,10126,2782,9616,16577,16171,15251,,
348173,M-RAT,medium,Arabika Ratawali Aceh,B04,2,collecting,47,15733,2802,2786,8206,10124,2779,9614,16580,16169,15251,,
349173,M-RAT,medium,Arabika Ratawali Aceh,B04,2,collecting,48,15731,2805,2792,8206,10121,2780,9612,16582,16166,15249,,
350173,M-RAT,medium,Arabika Ratawali Aceh,B04,2,collecting,49,15730,2804,2792,8205,10119,2782,9612,16583,16164,15248,,
351173,M-RAT,medium,Arabika Ratawali Aceh,B04,2,collecting,50,15728,2803,2789,8204,10116,2780,9610,16583,16162,15245,,
352174,M-RAT,medium,Arabika Ratawali Aceh,B04,2,collecting,51,15723,2803,2789,8204,10113,2782,9605,16581,16159,15241,,
353173,M-RAT,medium,Arabika Ratawali Aceh,B04,2,collecting,52,15716,2805,2789,8203,10109,2780,9600,16578,16155,15238,,
354173,M-RAT,medium,Arabika Ratawali Aceh,B04,2,collecting,53,15710,2805,2789,8203,10105,2780,9596,16577,16151,15236,,
355173,M-RAT,medium,Arabika Ratawali Aceh,B04,2,collecting,54,15705,2805,2787,8202,10101,2782,9592,16576,16148,15233,,
356173,M-RAT,medium,Arabika Ratawali Aceh,B04,2,collecting,55,15700,2805,2788,8202,10097,2780,9589,16575,16144,15231,,
357173,M-RAT,medium,Arabika Ratawali Aceh,B04,2,collecting,56,15693,2805,2787,8201,10094,2779,9586,16574,16141,15227,,
358173,M-RAT,medium,Arabika Ratawali Aceh,B04,2,collecting,57,15682,2805,2787,8200,10089,2782,9583,16570,16137,15224,,
359174,M-RAT,medium,Arabika Ratawali Aceh,B04,2,collecting,58,15672,2807,2786,8199,10085,2779,9579,16567,16132,15220,,
360173,M-RAT,medium,Arabika Ratawali Aceh,B04,2,collecting,59,15657,2806,2789,8199,10081,2779,9574,16561,16127,15214,,
361174,M-RAT,medium,Arabika Ratawali Aceh,B04,2,collecting,60,15641,2805,2790,8198,10076,2782,9571,16555,16121,15210,,
362173,M-RAT,medium,Arabika Ratawali Aceh,B04,2,collecting,61,15628,2804,2790,8197,10073,2782,9568,16551,16116,15206,,
363173,M-RAT,medium,Arabika Ratawali Aceh,B04,2,collecting,62,15619,2805,2786,8197,10069,2780,9567,16548,16111,15204,,
364173,M-RAT,medium,Arabika Ratawali Aceh,B04,2,collecting,63,15614,2805,2786,8196,10067,2779,9567,16547,16106,15202,,
365173,M-RAT,medium,Arabika Ratawali Aceh,B04,2,collecting,64,15612,2803,2789,8196,10066,2780,9566,16548,16104,15202,,
366173,M-RAT,medium,Arabika Ratawali Aceh,B04,2,collecting,65,15612,2804,2789,8195,10066,2780,9567,16550,16102,15202,,
367173,M-RAT,medium,Arabika Ratawali Aceh,B04,2,collecting,66,15614,2802,2790,8195,10066,2780,9568,16551,16101,15202,,
368174,M-RAT,medium,Arabika Ratawali Aceh,B04,2,collecting,67,15617,2805,2787,8194,10065,2782,9568,16553,16101,15203,,
369173,M-RAT,medium,Arabika Ratawali Aceh,B04,2,collecting,68,15620,2805,2789,8193,10066,2780,9568,16555,16101,15202,,
370173,M-RAT,medium,Arabika Ratawali Aceh,B04,2,collecting,69,15623,2803,2788,8193,10066,2782,9567,16556,16100,15201,,
371173,M-RAT,medium,Arabika Ratawali Aceh,B04,2,collecting,70,15619,2804,2788,8193,10063,2780,9564,16555,16099,15197,,
372173,M-RAT,medium,Arabika Ratawali Aceh,B04,2,collecting,71,15611,2804,2789,8192,10060,2780,9561,16551,16097,15194,,
373173,M-RAT,medium,Arabika Ratawali Aceh,B04,2,collecting,72,15606,2805,2786,8192,10057,2780,9558,16549,16093,15192,,
374173,M-RAT,medium,Arabika Ratawali Aceh,B04,2,collecting,73,15601,2803,2789,8191,10054,2782,9557,16547,16090,15189,,
375174,M-RAT,medium,Arabika Ratawali Aceh,B04,2,collecting,74,15601,2803,2789,8190,10053,2782,9556,16547,16088,15188,,
376173,M-RAT,medium,Arabika Ratawali Aceh,B04,2,collecting,75,15599,2804,2787,8190,10051,2777,9554,16547,16086,15186,,
377174,M-RAT,medium,Arabika Ratawali Aceh,B04,2,collecting,76,15595,2803,2788,8189,10048,2782,9550,16545,16084,15183,,
378173,M-RAT,medium,Arabika Ratawali Aceh,B04,2,collecting,77,15588,2805,2787,8189,10045,2780,9547,16542,16081,15179,,
379173,M-RAT,medium,Arabika Ratawali Aceh,B04,2,collecting,78,15582,2804,2787,8188,10041,2783,9546,16538,16077,15177,,
380173,M-RAT,medium,Arabika Ratawali Aceh,B04,2,collecting,79,15578,2806,2788,8188,10039,2782,9543,16536,16073,15175,,
381173,M-RAT,medium,Arabika Ratawali Aceh,B04,2,collecting,80,15578,2804,2789,8187,10037,2780,9544,16537,16072,15174,,
382173,M-RAT,medium,Arabika Ratawali Aceh,B04,2,collecting,81,15578,2806,2789,8186,10036,2782,9544,16537,16069,15172,,
383173,M-RAT,medium,Arabika Ratawali Aceh,B04,2,collecting,82,15577,2805,2788,8186,10034,2780,9542,16536,16067,15170,,
384174,M-RAT,medium,Arabika Ratawali Aceh,B04,2,collecting,83,15574,2806,2788,8185,10031,2782,9540,16534,16065,15167,,
385173,M-RAT,medium,Arabika Ratawali Aceh,B04,2,collecting,84,15569,2805,2791,8184,10029,2779,9537,16533,16063,15166,,
386173,M-RAT,medium,Arabika Ratawali Aceh,B04,2,collecting,85,15566,2804,2789,8184,10027,2782,9536,16532,16059,15164,,
387173,M-RAT,medium,Arabika Ratawali Aceh,B04,2,collecting,86,15560,2803,2789,8183,10024,2780,9532,16530,16057,15159,,
388173,M-RAT,medium,Arabika Ratawali Aceh,B04,2,collecting,87,15552,2805,2788,8183,10022,2782,9528,16526,16053,15156,,
389173,M-RAT,medium,Arabika Ratawali Aceh,B04,2,collecting,88,15546,2803,2789,8182,10020,2779,9527,16524,16050,15155,,
390173,M-RAT,medium,Arabika Ratawali Aceh,B04,2,collecting,89,15544,2803,2787,8181,10019,2782,9529,16523,16048,15154,,
391174,M-RAT,medium,Arabika Ratawali Aceh,B04,2,collecting,90,15542,2807,2789,8181,10017,2782,9529,16523,16046,15152,,
392173,M-RAT,medium,Arabika Ratawali Aceh,B04,2,collecting,91,15540,2806,2792,8180,10016,2779,9528,16521,16044,15151,,
393174,M-RAT,medium,Arabika Ratawali Aceh,B04,2,collecting,92,15540,2807,2789,8179,10017,2782,9527,16522,16044,15151,,
394173,M-RAT,medium,Arabika Ratawali Aceh,B04,2,collecting,93,15540,2806,2789,8178,10015,2779,9526,16522,16043,15150,,
395173,M-RAT,medium,Arabika Ratawali Aceh,B04,2,collecting,94,15537,2808,2788,8178,10015,2782,9526,16522,16042,15149,,
396173,M-RAT,medium,Arabika Ratawali Aceh,B04,2,collecting,95,15536,2805,2789,8177,10014,2779,9527,16521,16040,15148,,
397173,M-RAT,medium,Arabika Ratawali Aceh,B04,2,collecting,96,15535,2808,2789,8177,10014,2780,9527,16520,16040,15148,,
398173,M-RAT,medium,Arabika Ratawali Aceh,B04,2,collecting,97,15536,2803,2788,8177,10014,2782,9527,16522,16039,15147,,
399173,M-RAT,medium,Arabika Ratawali Aceh,B04,2,collecting,98,15535,2805,2792,8176,10013,2782,9525,16522,16039,15146,,
400174,M-RAT,medium,Arabika Ratawali Aceh,B04,2,collecting,99,15534,2804,2788,8175,10012,2780,9526,16521,16038,15146,,
401173,M-RAT,medium,Arabika Ratawali Aceh,B04,2,collecting,100,15532,2803,2789,8175,10012,2780,9526,16521,16037,15145,,
402173,M-RAT,medium,Arabika Ratawali Aceh,B04,2,collecting,101,15530,2805,2789,8175,10011,2780,9525,16519,16037,15143,,
403173,M-RAT,medium,Arabika Ratawali Aceh,B04,2,collecting,102,15529,2805,2786,8174,10011,2779,9526,16519,16036,15144,,
404173,M-RAT,medium,Arabika Ratawali Aceh,B04,2,collecting,103,15530,2803,2787,8174,10011,2780,9527,16521,16036,15144,,
405173,M-RAT,medium,Arabika Ratawali Aceh,B04,2,collecting,104,15531,2804,2788,8173,10011,2780,9526,16522,16036,15143,,
406173,M-RAT,medium,Arabika Ratawali Aceh,B04,2,collecting,105,15531,2804,2788,8172,10010,2782,9524,16522,16035,15142,,
407174,M-RAT,medium,Arabika Ratawali Aceh,B04,2,collecting,106,15527,2804,2789,8172,10009,2780,9522,16520,16035,15139,,
408173,M-RAT,medium,Arabika Ratawali Aceh,B04,2,collecting,107,15520,2805,2787,8171,10006,2780,9519,16516,16032,15136,,
409174,M-RAT,medium,Arabika Ratawali Aceh,B04,2,collecting,108,15512,2804,2788,8170,10004,2780,9518,16512,16030,15133,,
410173,M-RAT,medium,Arabika Ratawali Aceh,B04,2,collecting,109,15505,2805,2789,8170,10001,2780,9517,16509,16026,15131,,
411173,M-RAT,medium,Arabika Ratawali Aceh,B04,2,collecting,110,15500,2805,2792,8170,9999,2782,9517,16508,16024,15129,,
412173,M-RAT,medium,Arabika Ratawali Aceh,B04,2,collecting,111,15499,2808,2789,8169,9998,2782,9517,16508,16022,15129,,
413173,M-RAT,medium,Arabika Ratawali Aceh,B04,2,collecting,112,15497,2804,2786,8169,9996,2782,9516,16507,16020,15127,,
414173,M-RAT,medium,Arabika Ratawali Aceh,B04,2,collecting,113,15494,2804,2789,8168,9995,2780,9513,16506,16018,15126,,
415173,M-RAT,medium,Arabika Ratawali Aceh,B04,2,collecting,114,15490,2805,2788,8167,9993,2782,9512,16504,16017,15123,,
416174,M-RAT,medium,Arabika Ratawali Aceh,B04,2,collecting,115,15486,2806,2789,8166,9991,2779,9510,16502,16014,15121,,
417173,M-RAT,medium,Arabika Ratawali Aceh,B04,2,collecting,116,15483,2808,2788,8166,9989,2779,9510,16500,16012,15119,,
418173,M-RAT,medium,Arabika Ratawali Aceh,B04,2,collecting,117,15481,2804,2787,8165,9987,2779,9511,16498,16010,15117,,
419173,M-RAT,medium,Arabika Ratawali Aceh,B04,2,collecting,118,15479,2804,2789,8164,9986,2780,9510,16496,16007,15115,,
420173,M-RAT,medium,Arabika Ratawali Aceh,B04,2,collecting,119,15476,2804,2787,8164,9984,2780,9507,16495,16005,15114,,
421173,M-RAT,medium,Arabika Ratawali Aceh,B04,2,collecting,120,15478,2803,2787,8163,9983,2780,9507,16496,16003,15113,,
422173,M-RAT,medium,Arabika Ratawali Aceh,B04,2,collecting,121,15478,2805,2789,8163,9982,2779,9507,16496,16002,15112,,
423174,M-RAT,medium,Arabika Ratawali Aceh,B04,2,collecting,122,15479,2804,2789,8162,9981,2779,9506,16497,16001,15111,,
424173,M-RAT,medium,Arabika Ratawali Aceh,B04,2,collecting,123,15478,2805,2787,8162,9979,2782,9506,16496,16000,15109,,
425174,M-RAT,medium,Arabika Ratawali Aceh,B04,2,collecting,124,15474,2803,2789,8161,9977,2780,9503,16493,15998,15106,,
426173,M-RAT,medium,Arabika Ratawali Aceh,B04,2,collecting,125,15469,2802,2788,8161,9975,2780,9500,16490,15995,15104,,
427173,M-RAT,medium,Arabika Ratawali Aceh,B04,2,collecting,126,15465,2808,2789,8160,9973,2782,9497,16489,15992,15102,,
428173,M-RAT,medium,Arabika Ratawali Aceh,B04,2,collecting,127,15462,2805,2789,8160,9971,2782,9497,16487,15990,15101,,
429173,M-RAT,medium,Arabika Ratawali Aceh,B04,2,collecting,128,15461,2807,2786,8159,9970,2780,9497,16488,15988,15100,,
430173,M-RAT,medium,Arabika Ratawali Aceh,B04,2,collecting,129,15462,2804,2789,8158,9969,2780,9498,16487,15987,15099,,
431173,M-RAT,medium,Arabika Ratawali Aceh,B04,2,collecting,130,15462,2805,2789,8158,9968,2780,9498,16486,15986,15098,,
432174,M-RAT,medium,Arabika Ratawali Aceh,B04,2,collecting,131,15460,2805,2787,8158,9968,2779,9497,16486,15985,15097,,
433173,M-RAT,medium,Arabika Ratawali Aceh,B04,2,collecting,132,15461,2806,2789,8158,9968,2779,9497,16486,15985,15098,,
434173,M-RAT,medium,Arabika Ratawali Aceh,B04,2,collecting,133,15465,2802,2787,8157,9969,2777,9499,16487,15984,15099,,
435173,M-RAT,medium,Arabika Ratawali Aceh,B04,2,collecting,134,15471,2805,2787,8156,9970,2780,9502,16490,15985,15100,,
436173,M-RAT,medium,Arabika Ratawali Aceh,B04,2,collecting,135,15476,2804,2789,8156,9971,2782,9502,16493,15986,15100,,
437173,M-RAT,medium,Arabika Ratawali Aceh,B04,2,collecting,136,15480,2805,2789,8156,9971,2780,9500,16494,15987,15100,,
438173,M-RAT,medium,Arabika Ratawali Aceh,B04,2,collecting,137,15482,2804,2788,8155,9971,2780,9500,16494,15988,15099,,
439174,M-RAT,medium,Arabika Ratawali Aceh,B04,2,collecting,138,15479,2802,2787,8155,9969,2779,9499,16492,15987,15096,,
440173,M-RAT,medium,Arabika Ratawali Aceh,B04,2,collecting,139,15472,2807,2785,8154,9966,2780,9494,16488,15985,15093,,
441174,M-RAT,medium,Arabika Ratawali Aceh,B04,2,collecting,140,15464,2804,2792,8154,9963,2780,9492,16484,15982,15090,,
442173,M-RAT,medium,Arabika Ratawali Aceh,B04,2,collecting,141,15458,2803,2788,8154,9961,2782,9490,16480,15979,15089,,
443173,M-RAT,medium,Arabika Ratawali Aceh,B04,2,collecting,142,15455,2805,2788,8153,9960,2779,9490,16480,15977,15088,,
444173,M-RAT,medium,Arabika Ratawali Aceh,B04,2,collecting,143,15454,2804,2789,8153,9959,2780,9492,16480,15975,15087,,
445173,M-RAT,medium,Arabika Ratawali Aceh,B04,2,collecting,144,15453,2804,2789,8152,9958,2781,9492,16479,15974,15085,,
446173,M-RAT,medium,Arabika Ratawali Aceh,B04,2,collecting,145,15453,2803,2788,8152,9957,2782,9493,16479,15973,15085,,
447173,M-RAT,medium,Arabika Ratawali Aceh,B04,2,collecting,146,15452,2802,2785,8151,9956,2780,9491,16479,15972,15083,,
448174,M-RAT,medium,Arabika Ratawali Aceh,B04,2,collecting,147,15449,2803,2789,8151,9954,2780,9489,16477,15971,15080,,
449173,M-RAT,medium,Arabika Ratawali Aceh,B04,2,collecting,148,15446,2807,2786,8150,9953,2780,9488,16475,15968,15079,,
450173,M-RAT,medium,Arabika Ratawali Aceh,B04,2,collecting,149,15444,2802,2787,8150,9951,2779,9487,16475,15967,15078,,
451173,M-RAT,medium,Arabika Ratawali Aceh,B04,2,collecting,150,15441,2804,2786,8149,9950,2780,9486,16474,15965,15076,,
452173,M-RAT,medium,Arabika Ratawali Aceh,B04,2,collecting,151,15438,2806,2789,8149,9948,2782,9483,16471,15963,15075,,
453173,M-RAT,medium,Arabika Ratawali Aceh,B04,2,collecting,152,15436,2802,2790,8148,9947,2782,9483,16470,15962,15073,,
454173,M-RAT,medium,Arabika Ratawali Aceh,B04,2,collecting,153,15434,2804,2789,8148,9946,2782,9484,16469,15960,15072,,
455174,M-RAT,medium,Arabika Ratawali Aceh,B04,2,collecting,154,15436,2805,2789,8147,9946,2779,9483,16470,15959,15073,,
456173,M-RAT,medium,Arabika Ratawali Aceh,B04,2,collecting,155,15440,2802,2787,8146,9947,2782,9484,16473,15959,15074,,
457174,M-RAT,medium,Arabika Ratawali Aceh,B04,2,collecting,156,15445,2804,2787,8146,9947,2779,9484,16474,15960,15074,,
458173,M-RAT,medium,Arabika Ratawali Aceh,B04,2,collecting,157,15447,2803,2789,8145,9947,2779,9482,16474,15960,15072,,
459173,M-RAT,medium,Arabika Ratawali Aceh,B04,2,collecting,158,15445,2805,2787,8145,9945,2780,9480,16473,15960,15071,,
460173,M-RAT,medium,Arabika Ratawali Aceh,B04,2,collecting,159,15445,2805,2789,8145,9945,2782,9481,16474,15959,15071,,
461173,M-RAT,medium,Arabika Ratawali Aceh,B04,2,collecting,160,15445,2807,2787,8144,9944,2780,9479,16473,15958,15069,,
462173,M-RAT,medium,Arabika Ratawali Aceh,B04,2,collecting,161,15442,2805,2786,8144,9942,2782,9478,16470,15958,15068,,
463173,M-RAT,medium,Arabika Ratawali Aceh,B04,2,collecting,162,15438,2802,2789,8143,9941,2780,9475,16469,15955,15066,,
464174,M-RAT,medium,Arabika Ratawali Aceh,B04,2,collecting,163,15437,2805,2787,8143,9940,2782,9476,16469,15954,15066,,
465173,M-RAT,medium,Arabika Ratawali Aceh,B04,2,collecting,164,15437,2802,2784,8142,9939,2780,9477,16467,15953,15065,,
466173,M-RAT,medium,Arabika Ratawali Aceh,B04,2,collecting,165,15435,2802,2786,8142,9938,2782,9475,16467,15952,15063,,
467173,M-RAT,medium,Arabika Ratawali Aceh,B04,2,collecting,166,15432,2805,2788,8142,9937,2782,9474,16465,15951,15061,,
468173,M-RAT,medium,Arabika Ratawali Aceh,B04,2,collecting,167,15428,2805,2787,8141,9935,2782,9473,16464,15950,15060,,
469173,M-RAT,medium,Arabika Ratawali Aceh,B04,2,collecting,168,15422,2803,2789,8140,9934,2779,9472,16462,15948,15057,,
470173,M-RAT,medium,Arabika Ratawali Aceh,B04,2,collecting,169,15417,2803,2786,8140,9933,2779,9471,16459,15946,15055,,
471174,M-RAT,medium,Arabika Ratawali Aceh,B04,2,collecting,170,15413,2802,2787,8140,9931,2779,9470,16458,15944,15054,,
472173,M-RAT,medium,Arabika Ratawali Aceh,B04,2,collecting,171,15410,2804,2792,8139,9930,2782,9471,16457,15942,15053,,
473174,M-RAT,medium,Arabika Ratawali Aceh,B04,2,collecting,172,15405,2805,2787,8139,9929,2782,9469,16455,15940,15050,,
474173,M-RAT,medium,Arabika Ratawali Aceh,B04,2,collecting,173,15397,2806,2787,8138,9926,2780,9467,16452,15938,15048,,
475173,M-RAT,medium,Arabika Ratawali Aceh,B04,2,collecting,174,15389,2804,2787,8138,9924,2779,9465,16448,15935,15044,,
476173,M-RAT,medium,Arabika Ratawali Aceh,B04,2,collecting,175,15382,2803,2788,8138,9923,2780,9465,16444,15932,15044,,
477173,M-RAT,medium,Arabika Ratawali Aceh,B04,2,collecting,176,15380,2803,2789,8137,9922,2780,9466,16444,15930,15044,,
478173,M-RAT,medium,Arabika Ratawali Aceh,B04,2,collecting,177,15378,2802,2791,8137,9923,2782,9466,16443,15929,15043,,
479173,M-RAT,medium,Arabika Ratawali Aceh,B04,2,collecting,178,15377,2804,2788,8136,9922,2779,9466,16443,15928,15042,,
480174,M-RAT,medium,Arabika Ratawali Aceh,B04,2,collecting,179,15377,2803,2792,8136,9922,2779,9467,16443,15928,15042,,
481173,M-RAT,medium,Arabika Ratawali Aceh,B04,2,collecting,180,15378,2805,2786,8136,9921,2779,9469,16443,15927,15042,,
482177,M-RAT,medium,Arabika Ratawali Aceh,B04,3,purging,1,15375,2801,2786,8135,9923,2779,9469,16443,15927,15047,,
483173,M-RAT,medium,Arabika Ratawali Aceh,B04,3,purging,2,15359,2803,2788,8135,9931,2779,9479,16443,15929,15064,,
484173,M-RAT,medium,Arabika Ratawali Aceh,B04,3,purging,3,15317,2803,2785,8135,9934,2782,9487,16435,15930,15046,,
485173,M-RAT,medium,Arabika Ratawali Aceh,B04,3,purging,4,15226,2803,2786,8135,9917,2780,9469,16395,15917,15005,,
486173,M-RAT,medium,Arabika Ratawali Aceh,B04,3,purging,5,15097,2801,2788,8134,9884,2782,9436,16338,15887,14960,,
487174,M-RAT,medium,Arabika Ratawali Aceh,B04,3,purging,6,14939,2803,2789,8134,9844,2780,9400,16273,15844,14913,,
488173,M-RAT,medium,Arabika Ratawali Aceh,B04,3,purging,7,14763,2803,2788,8133,9802,2779,9365,16208,15795,14867,,
489174,M-RAT,medium,Arabika Ratawali Aceh,B04,3,purging,8,14578,2803,2789,8133,9762,2782,9335,16144,15743,14825,,
490173,M-RAT,medium,Arabika Ratawali Aceh,B04,3,purging,9,14389,2801,2786,8133,9724,2782,9310,16085,15690,14785,,
491173,M-RAT,medium,Arabika Ratawali Aceh,B04,3,purging,10,14201,2804,2788,8132,9689,2780,9289,16030,15638,14748,,
492173,M-RAT,medium,Arabika Ratawali Aceh,B04,3,purging,11,14016,2805,2786,8132,9659,2782,9272,15978,15589,14715,,
493173,M-RAT,medium,Arabika Ratawali Aceh,B04,3,purging,12,13837,2799,2792,8132,9630,2780,9258,15932,15542,14684,,
494173,M-RAT,medium,Arabika Ratawali Aceh,B04,3,purging,13,13667,2800,2785,8132,9606,2780,9247,15888,15498,14655,,
495173,M-RAT,medium,Arabika Ratawali Aceh,B04,3,purging,14,13505,2801,2789,8131,9583,2782,9237,15847,15456,14628,,
496174,M-RAT,medium,Arabika Ratawali Aceh,B04,3,purging,15,13352,2802,2785,8131,9562,2782,9229,15809,15416,14603,,
497173,M-RAT,medium,Arabika Ratawali Aceh,B04,3,purging,16,13209,2799,2786,8131,9544,2779,9221,15773,15379,14580,,
498173,M-RAT,medium,Arabika Ratawali Aceh,B04,3,purging,17,13077,2799,2789,8131,9527,2782,9215,15739,15344,14557,,
499173,M-RAT,medium,Arabika Ratawali Aceh,B04,3,purging,18,12954,2801,2785,8130,9512,2779,9210,15707,15311,14536,,
500173,M-RAT,medium,Arabika Ratawali Aceh,B04,3,purging,19,12841,2801,2786,8130,9498,2782,9206,15677,15280,14516,,
501173,M-RAT,medium,Arabika Ratawali Aceh,B04,3,purging,20,12736,2797,2787,8130,9486,2780,9202,15648,15250,14497,,
502173,M-RAT,medium,Arabika Ratawali Aceh,B04,3,purging,21,12640,2799,2784,8130,9473,2782,9196,15619,15222,14477,,
503174,M-RAT,medium,Arabika Ratawali Aceh,B04,3,purging,22,12552,2799,2788,8129,9461,2780,9191,15592,15195,14460,,
504173,M-RAT,medium,Arabika Ratawali Aceh,B04,3,purging,23,12471,2799,2786,8130,9449,2780,9187,15566,15169,14442,,
505174,M-RAT,medium,Arabika Ratawali Aceh,B04,3,purging,24,12396,2802,2788,8129,9439,2782,9183,15541,15144,14426,,
506173,M-RAT,medium,Arabika Ratawali Aceh,B04,3,purging,25,12326,2797,2788,8129,9431,2780,9180,15517,15121,14412,,
507173,M-RAT,medium,Arabika Ratawali Aceh,B04,3,purging,26,12262,2796,2789,8129,9423,2782,9177,15495,15099,14397,,
508173,M-RAT,medium,Arabika Ratawali Aceh,B04,3,purging,27,12203,2797,2788,8129,9415,2779,9175,15473,15078,14383,,
509173,M-RAT,medium,Arabika Ratawali Aceh,B04,3,purging,28,12148,2798,2787,8128,9407,2780,9173,15452,15057,14370,,
510173,M-RAT,medium,Arabika Ratawali Aceh,B04,3,purging,29,12097,2798,2788,8128,9399,2782,9171,15432,15038,14358,,
511173,M-RAT,medium,Arabika Ratawali Aceh,B04,3,purging,30,12050,2796,2787,8128,9392,2780,9169,15412,15020,14344,,
512174,M-RAT,medium,Arabika Ratawali Aceh,B04,3,purging,31,12006,2798,2783,8127,9385,2782,9165,15393,15001,14332,,
513173,M-RAT,medium,Arabika Ratawali Aceh,B04,3,purging,32,11965,2797,2784,8127,9378,2779,9163,15374,14983,14320,,
514173,M-RAT,medium,Arabika Ratawali Aceh,B04,3,purging,33,11927,2799,2786,8127,9371,2782,9161,15355,14966,14308,,
515173,M-RAT,medium,Arabika Ratawali Aceh,B04,3,purging,34,11891,2799,2789,8127,9364,2782,9157,15338,14949,14297,,
516173,M-RAT,medium,Arabika Ratawali Aceh,B04,3,purging,35,11858,2801,2785,8126,9358,2779,9155,15320,14933,14286,,
517173,M-RAT,medium,Arabika Ratawali Aceh,B04,3,purging,36,11827,2795,2788,8126,9352,2779,9154,15304,14918,14275,,
518173,M-RAT,medium,Arabika Ratawali Aceh,B04,3,purging,37,11797,2800,2785,8126,9347,2779,9153,15288,14903,14266,,
519174,M-RAT,medium,Arabika Ratawali Aceh,B04,3,purging,38,11769,2796,2786,8125,9342,2779,9151,15272,14889,14257,,
520173,M-RAT,medium,Arabika Ratawali Aceh,B04,3,purging,39,11742,2796,2788,8125,9338,2780,9148,15257,14875,14247,,
521174,M-RAT,medium,Arabika Ratawali Aceh,B04,3,purging,40,11716,2798,2785,8125,9333,2779,9147,15242,14862,14238,,
522173,M-RAT,medium,Arabika Ratawali Aceh,B04,3,purging,41,11693,2796,2788,8125,9328,2780,9145,15228,14849,14230,,
523173,M-RAT,medium,Arabika Ratawali Aceh,B04,3,purging,42,11670,2802,2785,8125,9323,2782,9144,15213,14835,14221,,
524173,M-RAT,medium,Arabika Ratawali Aceh,B04,3,purging,43,11647,2797,2789,8124,9318,2779,9143,15200,14823,14212,,
525173,M-RAT,medium,Arabika Ratawali Aceh,B04,3,purging,44,11626,2797,2787,8124,9312,2779,9141,15186,14809,14203,,
526173,M-RAT,medium,Arabika Ratawali Aceh,B04,3,purging,45,11605,2802,2786,8124,9307,2782,9140,15173,14797,14195,,
527173,M-RAT,medium,Arabika Ratawali Aceh,B04,3,purging,46,11586,2797,2790,8123,9303,2780,9138,15160,14785,14187,,
528174,M-RAT,medium,Arabika Ratawali Aceh,B04,3,purging,47,11567,2796,2786,8123,9299,2779,9137,15147,14773,14180,,
529173,M-RAT,medium,Arabika Ratawali Aceh,B04,3,purging,48,11548,2799,2789,8123,9295,2779,9136,15135,14762,14173,,
530173,M-RAT,medium,Arabika Ratawali Aceh,B04,3,purging,49,11531,2795,2784,8122,9291,2779,9136,15123,14751,14166,,
531173,M-RAT,medium,Arabika Ratawali Aceh,B04,3,purging,50,11515,2795,2787,8122,9287,2782,9134,15112,14740,14159,,
532173,M-RAT,medium,Arabika Ratawali Aceh,B04,3,purging,51,11499,2798,2788,8122,9284,2779,9134,15100,14729,14152,,
533173,M-RAT,medium,Arabika Ratawali Aceh,B04,3,purging,52,11485,2796,2786,8122,9281,2780,9133,15089,14719,14146,,
534173,M-RAT,medium,Arabika Ratawali Aceh,B04,3,purging,53,11471,2797,2788,8121,9277,2782,9132,15078,14709,14139,,
535174,M-RAT,medium,Arabika Ratawali Aceh,B04,3,purging,54,11458,2800,2788,8121,9274,2782,9131,15067,14700,14133,,
536173,M-RAT,medium,Arabika Ratawali Aceh,B04,3,purging,55,11444,2800,2786,8121,9271,2780,9131,15057,14690,14128,,
537174,M-RAT,medium,Arabika Ratawali Aceh,B04,3,purging,56,11431,2798,2786,8121,9269,2782,9131,15047,14681,14122,,
538173,M-RAT,medium,Arabika Ratawali Aceh,B04,3,purging,57,11418,2796,2785,8120,9266,2782,9131,15037,14672,14117,,
539173,M-RAT,medium,Arabika Ratawali Aceh,B04,3,purging,58,11406,2798,2786,8120,9265,2780,9131,15027,14664,14112,,
540173,M-RAT,medium,Arabika Ratawali Aceh,B04,3,purging,59,11394,2799,2787,8121,9265,2780,9131,15017,14658,14106,,
541173,M-RAT,medium,Arabika Ratawali Aceh,B04,3,purging,60,11382,2795,2785,8120,9264,2780,9132,15007,14651,14102,,
542176,M-RAT,medium,Arabika Ratawali Aceh,B04,3,collecting,1,11371,2795,2787,8120,9262,2782,9132,14997,14644,14097,,
543173,M-RAT,medium,Arabika Ratawali Aceh,B04,3,collecting,2,11361,2796,2786,8120,9261,2777,9132,14988,14638,14093,,
544174,M-RAT,medium,Arabika Ratawali Aceh,B04,3,collecting,3,11350,2796,2787,8120,9258,2779,9132,14980,14631,14088,,
545173,M-RAT,medium,Arabika Ratawali Aceh,B04,3,collecting,4,11340,2796,2786,8119,9256,2782,9131,14970,14624,14082,,
546173,M-RAT,medium,Arabika Ratawali Aceh,B04,3,collecting,5,11330,2795,2788,8119,9252,2780,9129,14961,14616,14076,,
547173,M-RAT,medium,Arabika Ratawali Aceh,B04,3,collecting,6,11320,2798,2785,8118,9249,2779,9127,14951,14609,14072,,
548173,M-RAT,medium,Arabika Ratawali Aceh,B04,3,collecting,7,11311,2795,2785,8118,9245,2782,9125,14943,14601,14067,,
549173,M-RAT,medium,Arabika Ratawali Aceh,B04,3,collecting,8,11301,2801,2786,8118,9247,2780,9129,14936,14593,14084,,
550173,M-RAT,medium,Arabika Ratawali Aceh,B04,3,collecting,9,11334,2795,2786,8117,9275,2780,9161,14958,14597,14136,,
551174,M-RAT,medium,Arabika Ratawali Aceh,B04,3,collecting,10,11655,2795,2787,8118,9349,2780,9240,15042,14631,14228,,
552173,M-RAT,medium,Arabika Ratawali Aceh,B04,3,collecting,11,12263,2796,2784,8118,9458,2779,9341,15193,14715,14346,,
553174,M-RAT,medium,Arabika Ratawali Aceh,B04,3,collecting,12,12931,2797,2785,8118,9576,2782,9443,15374,14841,14471,,
554173,M-RAT,medium,Arabika Ratawali Aceh,B04,3,collecting,13,13532,2803,2788,8119,9686,2782,9534,15550,14987,14589,,
555173,M-RAT,medium,Arabika Ratawali Aceh,B04,3,collecting,14,14026,2799,2786,8119,9785,2782,9609,15707,15135,14693,,
556173,M-RAT,medium,Arabika Ratawali Aceh,B04,3,collecting,15,14417,2801,2783,8119,9871,2779,9673,15840,15275,14785,,
557173,M-RAT,medium,Arabika Ratawali Aceh,B04,3,collecting,16,14723,2802,2787,8119,9946,2782,9723,15952,15403,14864,,
558173,M-RAT,medium,Arabika Ratawali Aceh,B04,3,collecting,17,14962,2798,2788,8119,10011,2780,9760,16046,15516,14933,,
559173,M-RAT,medium,Arabika Ratawali Aceh,B04,3,collecting,18,15148,2805,2785,8120,10065,2779,9792,16124,15616,14989,,
560174,M-RAT,medium,Arabika Ratawali Aceh,B04,3,collecting,19,15293,2805,2786,8120,10109,2782,9816,16189,15702,15035,,
561173,M-RAT,medium,Arabika Ratawali Aceh,B04,3,collecting,20,15407,2802,2787,8121,10144,2782,9830,16241,15774,15073,,
562173,M-RAT,medium,Arabika Ratawali Aceh,B04,3,collecting,21,15498,2804,2789,8121,10170,2777,9838,16284,15836,15101,,
563173,M-RAT,medium,Arabika Ratawali Aceh,B04,3,collecting,22,15569,2802,2786,8122,10189,2784,9839,16318,15887,15124,,
564173,M-RAT,medium,Arabika Ratawali Aceh,B04,3,collecting,23,15626,2802,2787,8123,10202,2780,9837,16346,15929,15143,,
565173,M-RAT,medium,Arabika Ratawali Aceh,B04,3,collecting,24,15672,2802,2786,8123,10209,2781,9830,16370,15965,15155,,
566173,M-RAT,medium,Arabika Ratawali Aceh,B04,3,collecting,25,15708,2801,2786,8123,10211,2779,9820,16389,15993,15164,,
567174,M-RAT,medium,Arabika Ratawali Aceh,B04,3,collecting,26,15736,2805,2786,8124,10209,2782,9808,16403,16015,15171,,
568173,M-RAT,medium,Arabika Ratawali Aceh,B04,3,collecting,27,15755,2801,2788,8124,10205,2782,9793,16417,16032,15175,,
569174,M-RAT,medium,Arabika Ratawali Aceh,B04,3,collecting,28,15766,2801,2787,8124,10197,2779,9775,16425,16045,15176,,
570173,M-RAT,medium,Arabika Ratawali Aceh,B04,3,collecting,29,15773,2804,2789,8124,10188,2780,9759,16430,16053,15176,,
571173,M-RAT,medium,Arabika Ratawali Aceh,B04,3,collecting,30,15777,2801,2786,8124,10178,2779,9744,16437,16059,15176,,
572173,M-RAT,medium,Arabika Ratawali Aceh,B04,3,collecting,31,15779,2805,2785,8124,10169,2779,9729,16442,16063,15175,,
573173,M-RAT,medium,Arabika Ratawali Aceh,B04,3,collecting,32,15780,2805,2786,8125,10159,2779,9715,16446,16065,15172,,
574173,M-RAT,medium,Arabika Ratawali Aceh,B04,3,collecting,33,15777,2803,2787,8125,10148,2779,9699,16449,16066,15169,,
575173,M-RAT,medium,Arabika Ratawali Aceh,B04,3,collecting,34,15775,2803,2788,8125,10137,2782,9686,16450,16064,15167,,
576174,M-RAT,medium,Arabika Ratawali Aceh,B04,3,collecting,35,15775,2801,2783,8124,10128,2782,9675,16455,16063,15166,,
577173,M-RAT,medium,Arabika Ratawali Aceh,B04,3,collecting,36,15776,2803,2785,8124,10119,2782,9665,16460,16062,15165,,
578173,M-RAT,medium,Arabika Ratawali Aceh,B04,3,collecting,37,15776,2804,2787,8124,10111,2782,9656,16464,16061,15164,,
579173,M-RAT,medium,Arabika Ratawali Aceh,B04,3,collecting,38,15776,2802,2788,8124,10104,2782,9646,16468,16059,15162,,
580173,M-RAT,medium,Arabika Ratawali Aceh,B04,3,collecting,39,15774,2801,2786,8124,10096,2782,9636,16470,16057,15160,,
581173,M-RAT,medium,Arabika Ratawali Aceh,B04,3,collecting,40,15772,2802,2787,8124,10089,2782,9626,16472,16055,15159,,
582173,M-RAT,medium,Arabika Ratawali Aceh,B04,3,collecting,41,15768,2801,2785,8124,10081,2782,9618,16474,16052,15155,,
583174,M-RAT,medium,Arabika Ratawali Aceh,B04,3,collecting,42,15763,2804,2786,8124,10074,2782,9610,16475,16048,15152,,
584173,M-RAT,medium,Arabika Ratawali Aceh,B04,3,collecting,43,15758,2804,2786,8124,10067,2782,9602,16476,16044,15150,,
585174,M-RAT,medium,Arabika Ratawali Aceh,B04,3,collecting,44,15752,2801,2787,8123,10061,2780,9594,16477,16040,15147,,
586173,M-RAT,medium,Arabika Ratawali Aceh,B04,3,collecting,45,15748,2805,2785,8124,10055,2779,9587,16479,16036,15145,,
587173,M-RAT,medium,Arabika Ratawali Aceh,B04,3,collecting,46,15744,2803,2783,8124,10050,2779,9584,16481,16032,15144,,
588173,M-RAT,medium,Arabika Ratawali Aceh,B04,3,collecting,47,15741,2804,2786,8124,10045,2782,9580,16483,16029,15142,,
589173,M-RAT,medium,Arabika Ratawali Aceh,B04,3,collecting,48,15740,2804,2783,8124,10041,2782,9577,16485,16027,15141,,
590173,M-RAT,medium,Arabika Ratawali Aceh,B04,3,collecting,49,15739,2804,2786,8125,10037,2782,9573,16488,16025,15140,,
591173,M-RAT,medium,Arabika Ratawali Aceh,B04,3,collecting,50,15737,2803,2789,8124,10033,2780,9569,16489,16023,15138,,
592174,M-RAT,medium,Arabika Ratawali Aceh,B04,3,collecting,51,15735,2802,2786,8124,10030,2780,9564,16491,16021,15137,,
593173,M-RAT,medium,Arabika Ratawali Aceh,B04,3,collecting,52,15731,2806,2786,8124,10026,2781,9558,16492,16018,15133,,
594173,M-RAT,medium,Arabika Ratawali Aceh,B04,3,collecting,53,15725,2799,2783,8124,10021,2779,9554,16492,16015,15130,,
595173,M-RAT,medium,Arabika Ratawali Aceh,B04,3,collecting,54,15716,2804,2784,8124,10016,2781,9548,16490,16011,15127,,
596173,M-RAT,medium,Arabika Ratawali Aceh,B04,3,collecting,55,15707,2799,2786,8124,10011,2780,9542,16487,16007,15124,,
597173,M-RAT,medium,Arabika Ratawali Aceh,B04,3,collecting,56,15700,2801,2787,8124,10007,2779,9537,16487,16002,15121,,
598173,M-RAT,medium,Arabika Ratawali Aceh,B04,3,collecting,57,15694,2801,2786,8123,10003,2782,9532,16487,15999,15119,,
599174,M-RAT,medium,Arabika Ratawali Aceh,B04,3,collecting,58,15688,2805,2788,8123,9999,2782,9530,16486,15995,15116,,
600173,M-RAT,medium,Arabika Ratawali Aceh,B04,3,collecting,59,15684,2802,2789,8123,9996,2779,9528,16487,15992,15115,,
601174,M-RAT,medium,Arabika Ratawali Aceh,B04,3,collecting,60,15680,2801,2788,8122,9993,2780,9525,16487,15989,15113,,
602173,M-RAT,medium,Arabika Ratawali Aceh,B04,3,collecting,61,15675,2804,2783,8121,9989,2779,9521,16485,15986,15109,,
603173,M-RAT,medium,Arabika Ratawali Aceh,B04,3,collecting,62,15670,2802,2785,8121,9986,2782,9518,16485,15983,15107,,
604173,M-RAT,medium,Arabika Ratawali Aceh,B04,3,collecting,63,15664,2801,2790,8120,9982,2780,9514,16483,15980,15103,,
605173,M-RAT,medium,Arabika Ratawali Aceh,B04,3,collecting,64,15657,2799,2784,8120,9978,2781,9510,16482,15976,15100,,
606173,M-RAT,medium,Arabika Ratawali Aceh,B04,3,collecting,65,15651,2802,2786,8119,9976,2782,9505,16480,15973,15099,,
607173,M-RAT,medium,Arabika Ratawali Aceh,B04,3,collecting,66,15646,2800,2785,8118,9972,2779,9503,16480,15969,15094,,
608174,M-RAT,medium,Arabika Ratawali Aceh,B04,3,collecting,67,15640,2802,2785,8117,9968,2780,9501,16478,15965,15093,,
609173,M-RAT,medium,Arabika Ratawali Aceh,B04,3,collecting,68,15638,2803,2788,8117,9967,2778,9499,16478,15962,15092,,
610173,M-RAT,medium,Arabika Ratawali Aceh,B04,3,collecting,69,15636,2803,2786,8116,9964,2782,9496,16480,15960,15090,,
611173,M-RAT,medium,Arabika Ratawali Aceh,B04,3,collecting,70,15635,2801,2786,8115,9962,2780,9493,16479,15958,15088,,
612173,M-RAT,medium,Arabika Ratawali Aceh,B04,3,collecting,71,15635,2798,2787,8114,9960,2782,9490,16480,15955,15088,,
613173,M-RAT,medium,Arabika Ratawali Aceh,B04,3,collecting,72,15634,2801,2783,8114,9959,2782,9488,16482,15954,15087,,
614173,M-RAT,medium,Arabika Ratawali Aceh,B04,3,collecting,73,15635,2803,2786,8113,9957,2779,9487,16482,15953,15085,,
615174,M-RAT,medium,Arabika Ratawali Aceh,B04,3,collecting,74,15633,2804,2785,8112,9954,2779,9485,16483,15951,15083,,
616173,M-RAT,medium,Arabika Ratawali Aceh,B04,3,collecting,75,15628,2802,2785,8111,9952,2782,9483,16481,15949,15080,,
617174,M-RAT,medium,Arabika Ratawali Aceh,B04,3,collecting,76,15623,2801,2788,8110,9948,2780,9482,16480,15947,15078,,
618173,M-RAT,medium,Arabika Ratawali Aceh,B04,3,collecting,77,15616,2805,2783,8109,9946,2782,9479,16478,15944,15074,,
619173,M-RAT,medium,Arabika Ratawali Aceh,B04,3,collecting,78,15609,2803,2785,8109,9942,2779,9476,16475,15940,15071,,
620173,M-RAT,medium,Arabika Ratawali Aceh,B04,3,collecting,79,15602,2802,2785,8107,9939,2779,9473,16474,15937,15070,,
621173,M-RAT,medium,Arabika Ratawali Aceh,B04,3,collecting,80,15600,2803,2787,8106,9938,2782,9473,16473,15934,15070,,
622173,M-RAT,medium,Arabika Ratawali Aceh,B04,3,collecting,81,15601,2801,2786,8106,9938,2782,9474,16475,15933,15070,,
623173,M-RAT,medium,Arabika Ratawali Aceh,B04,3,collecting,82,15603,2799,2784,8105,9938,2780,9473,16478,15934,15070,,
624174,M-RAT,medium,Arabika Ratawali Aceh,B04,3,collecting,83,15603,2805,2784,8104,9937,2779,9474,16478,15933,15069,,
625173,M-RAT,medium,Arabika Ratawali Aceh,B04,3,collecting,84,15601,2803,2781,8103,9936,2780,9472,16479,15932,15067,,
626173,M-RAT,medium,Arabika Ratawali Aceh,B04,3,collecting,85,15597,2804,2782,8103,9934,2779,9469,16478,15931,15066,,
627173,M-RAT,medium,Arabika Ratawali Aceh,B04,3,collecting,86,15592,2801,2785,8102,9933,2780,9468,16477,15929,15065,,
628173,M-RAT,medium,Arabika Ratawali Aceh,B04,3,collecting,87,15590,2802,2784,8102,9932,2779,9469,16477,15928,15064,,
629173,M-RAT,medium,Arabika Ratawali Aceh,B04,3,collecting,88,15587,2803,2788,8101,9931,2777,9468,16476,15926,15063,,
630173,M-RAT,medium,Arabika Ratawali Aceh,B04,3,collecting,89,15585,2800,2781,8100,9930,2779,9467,16476,15925,15061,,
631174,M-RAT,medium,Arabika Ratawali Aceh,B04,3,collecting,90,15581,2801,2782,8099,9929,2781,9469,16476,15924,15061,,
632173,M-RAT,medium,Arabika Ratawali Aceh,B04,3,collecting,91,15580,2801,2787,8098,9928,2779,9468,16477,15923,15060,,
633174,M-RAT,medium,Arabika Ratawali Aceh,B04,3,collecting,92,15579,2798,2783,8097,9928,2782,9467,16476,15923,15060,,
634173,M-RAT,medium,Arabika Ratawali Aceh,B04,3,collecting,93,15579,2799,2785,8097,9928,2782,9468,16478,15923,15060,,
635173,M-RAT,medium,Arabika Ratawali Aceh,B04,3,collecting,94,15580,2800,2787,8097,9927,2782,9469,16479,15923,15059,,
636173,M-RAT,medium,Arabika Ratawali Aceh,B04,3,collecting,95,15578,2798,2784,8096,9926,2782,9467,16479,15923,15057,,
637173,M-RAT,medium,Arabika Ratawali Aceh,B04,3,collecting,96,15575,2799,2788,8095,9926,2780,9466,16478,15922,15057,,
638173,M-RAT,medium,Arabika Ratawali Aceh,B04,3,collecting,97,15572,2801,2783,8094,9924,2780,9464,16478,15921,15055,,
639173,M-RAT,medium,Arabika Ratawali Aceh,B04,3,collecting,98,15571,2804,2783,8093,9923,2779,9465,16478,15920,15055,,
640174,M-RAT,medium,Arabika Ratawali Aceh,B04,3,collecting,99,15570,2799,2787,8093,9923,2779,9465,16478,15920,15055,,
641173,M-RAT,medium,Arabika Ratawali Aceh,B04,3,collecting,100,15570,2803,2784,8093,9923,2780,9464,16478,15919,15054,,
642173,M-RAT,medium,Arabika Ratawali Aceh,B04,3,collecting,101,15569,2800,2786,8092,9923,2780,9463,16478,15919,15054,,
643173,M-RAT,medium,Arabika Ratawali Aceh,B04,3,collecting,102,15567,2804,2785,8092,9923,2779,9463,16478,15919,15052,,
644173,M-RAT,medium,Arabika Ratawali Aceh,B04,3,collecting,103,15564,2803,2784,8091,9922,2779,9463,16478,15919,15051,,
645173,M-RAT,medium,Arabika Ratawali Aceh,B04,3,collecting,104,15559,2801,2785,8090,9921,2779,9461,16476,15918,15050,,
646173,M-RAT,medium,Arabika Ratawali Aceh,B04,3,collecting,105,15554,2801,2785,8090,9920,2779,9461,16475,15917,15049,,
647174,M-RAT,medium,Arabika Ratawali Aceh,B04,3,collecting,106,15551,2801,2782,8089,9920,2779,9461,16474,15915,15048,,
648173,M-RAT,medium,Arabika Ratawali Aceh,B04,3,collecting,107,15546,2801,2788,8089,9919,2779,9461,16474,15914,15046,,
649174,M-RAT,medium,Arabika Ratawali Aceh,B04,3,collecting,108,15539,2798,2782,8089,9917,2780,9459,16472,15912,15045,,
650173,M-RAT,medium,Arabika Ratawali Aceh,B04,3,collecting,109,15532,2804,2786,8088,9916,2779,9459,16470,15911,15043,,
651173,M-RAT,medium,Arabika Ratawali Aceh,B04,3,collecting,110,15526,2804,2784,8088,9914,2781,9460,16469,15909,15042,,
652173,M-RAT,medium,Arabika Ratawali Aceh,B04,3,collecting,111,15521,2801,2787,8088,9913,2782,9461,16467,15907,15040,,
653173,M-RAT,medium,Arabika Ratawali Aceh,B04,3,collecting,112,15515,2805,2781,8087,9912,2780,9460,16466,15906,15039,,
654173,M-RAT,medium,Arabika Ratawali Aceh,B04,3,collecting,113,15510,2801,2787,8087,9912,2781,9460,16465,15904,15039,,
655173,M-RAT,medium,Arabika Ratawali Aceh,B04,3,collecting,114,15506,2798,2783,8087,9911,2781,9460,16464,15904,15038,,
656174,M-RAT,medium,Arabika Ratawali Aceh,B04,3,collecting,115,15501,2803,2784,8086,9911,2782,9461,16462,15903,15037,,
657173,M-RAT,medium,Arabika Ratawali Aceh,B04,3,collecting,116,15496,2801,2786,8086,9911,2780,9461,16462,15902,15037,,
658173,M-RAT,medium,Arabika Ratawali Aceh,B04,3,collecting,117,15495,2802,2785,8085,9912,2781,9463,16462,15902,15038,,
659173,M-RAT,medium,Arabika Ratawali Aceh,B04,3,collecting,118,15497,2802,2783,8085,9913,2782,9464,16465,15903,15038,,
660173,M-RAT,medium,Arabika Ratawali Aceh,B04,3,collecting,119,15498,2803,2786,8085,9914,2779,9466,16466,15904,15039,,
661173,M-RAT,medium,Arabika Ratawali Aceh,B04,3,collecting,120,15496,2803,2786,8085,9915,2780,9466,16465,15904,15038,,
662173,M-RAT,medium,Arabika Ratawali Aceh,B04,3,collecting,121,15495,2805,2786,8084,9915,2782,9466,16465,15905,15039,,
663174,M-RAT,medium,Arabika Ratawali Aceh,B04,3,collecting,122,15497,2798,2783,8084,9916,2779,9468,16466,15905,15039,,
664173,M-RAT,medium,Arabika Ratawali Aceh,B04,3,collecting,123,15498,2801,2783,8084,9916,2780,9469,16467,15906,15039,,
665174,M-RAT,medium,Arabika Ratawali Aceh,B04,3,collecting,124,15496,2800,2782,8083,9917,2781,9469,16467,15906,15039,,
666173,M-RAT,medium,Arabika Ratawali Aceh,B04,3,collecting,125,15495,2802,2783,8083,9917,2780,9469,16467,15907,15040,,
667173,M-RAT,medium,Arabika Ratawali Aceh,B04,3,collecting,126,15494,2803,2782,8082,9917,2780,9470,16467,15907,15039,,
668173,M-RAT,medium,Arabika Ratawali Aceh,B04,3,collecting,127,15491,2799,2785,8082,9917,2779,9470,16465,15907,15038,,
669173,M-RAT,medium,Arabika Ratawali Aceh,B04,3,collecting,128,15486,2805,2783,8082,9917,2780,9469,16464,15907,15037,,
670173,M-RAT,medium,Arabika Ratawali Aceh,B04,3,collecting,129,15481,2799,2784,8082,9916,2780,9469,16462,15905,15035,,
671173,M-RAT,medium,Arabika Ratawali Aceh,B04,3,collecting,130,15476,2802,2784,8081,9916,2779,9470,16460,15904,15035,,
672174,M-RAT,medium,Arabika Ratawali Aceh,B04,3,collecting,131,15473,2805,2783,8081,9916,2779,9472,16460,15904,15035,,
673173,M-RAT,medium,Arabika Ratawali Aceh,B04,3,collecting,132,15471,2798,2783,8080,9916,2782,9473,16459,15903,15035,,
674173,M-RAT,medium,Arabika Ratawali Aceh,B04,3,collecting,133,15469,2801,2783,8080,9916,2780,9473,16460,15903,15035,,
675173,M-RAT,medium,Arabika Ratawali Aceh,B04,3,collecting,134,15468,2804,2784,8080,9918,2781,9475,16460,15904,15036,,
676173,M-RAT,medium,Arabika Ratawali Aceh,B04,3,collecting,135,15468,2804,2787,8080,9919,2782,9477,16460,15904,15037,,
677173,M-RAT,medium,Arabika Ratawali Aceh,B04,3,collecting,136,15467,2804,2785,8079,9921,2779,9479,16461,15905,15038,,
678173,M-RAT,medium,Arabika Ratawali Aceh,B04,3,collecting,137,15465,2797,2782,8079,9922,2782,9480,16461,15906,15039,,
679174,M-RAT,medium,Arabika Ratawali Aceh,B04,3,collecting,138,15463,2804,2782,8079,9922,2780,9482,16461,15906,15040,,
680173,M-RAT,medium,Arabika Ratawali Aceh,B04,3,collecting,139,15460,2801,2786,8078,9924,2779,9484,16460,15906,15040,,
681174,M-RAT,medium,Arabika Ratawali Aceh,B04,3,collecting,140,15458,2798,2783,8078,9926,2781,9484,16460,15907,15041,,
682173,M-RAT,medium,Arabika Ratawali Aceh,B04,3,collecting,141,15456,2800,2786,8078,9927,2777,9486,16461,15908,15044,,
683173,M-RAT,medium,Arabika Ratawali Aceh,B04,3,collecting,142,15456,2799,2783,8078,9929,2782,9490,16463,15909,15045,,
684173,M-RAT,medium,Arabika Ratawali Aceh,B04,3,collecting,143,15457,2799,2786,8078,9932,2779,9492,16464,15911,15047,,
685173,M-RAT,medium,Arabika Ratawali Aceh,B04,3,collecting,144,15453,2801,2784,8077,9934,2780,9493,16465,15912,15048,,
686173,M-RAT,medium,Arabika Ratawali Aceh,B04,3,collecting,145,15449,2802,2783,8077,9936,2780,9493,16464,15914,15048,,
687173,M-RAT,medium,Arabika Ratawali Aceh,B04,3,collecting,146,15442,2799,2782,8077,9936,2781,9495,16462,15914,15048,,
688174,M-RAT,medium,Arabika Ratawali Aceh,B04,3,collecting,147,15432,2799,2782,8077,9937,2780,9496,16459,15914,15048,,
689173,M-RAT,medium,Arabika Ratawali Aceh,B04,3,collecting,148,15422,2800,2783,8077,9938,2779,9497,16455,15913,15047,,
690173,M-RAT,medium,Arabika Ratawali Aceh,B04,3,collecting,149,15411,2800,2785,8077,9938,2781,9499,16453,15912,15046,,
691173,M-RAT,medium,Arabika Ratawali Aceh,B04,3,collecting,150,15404,2797,2785,8077,9939,2779,9502,16451,15911,15047,,
692173,M-RAT,medium,Arabika Ratawali Aceh,B04,3,collecting,151,15398,2802,2787,8076,9941,2779,9505,16450,15911,15048,,
693173,M-RAT,medium,Arabika Ratawali Aceh,B04,3,collecting,152,15397,2798,2781,8076,9944,2779,9509,16451,15911,15050,,
694173,M-RAT,medium,Arabika Ratawali Aceh,B04,3,collecting,153,15397,2803,2782,8076,9947,2777,9512,16451,15913,15052,,
695174,M-RAT,medium,Arabika Ratawali Aceh,B04,3,collecting,154,15399,2801,2784,8076,9950,2778,9514,16454,15915,15054,,
696173,M-RAT,medium,Arabika Ratawali Aceh,B04,3,collecting,155,15401,2798,2786,8076,9953,2780,9517,16455,15917,15056,,
697174,M-RAT,medium,Arabika Ratawali Aceh,B04,3,collecting,156,15401,2799,2783,8076,9955,2779,9517,16456,15920,15058,,
698173,M-RAT,medium,Arabika Ratawali Aceh,B04,3,collecting,157,15400,2798,2783,8075,9956,2782,9519,16455,15921,15058,,
699173,M-RAT,medium,Arabika Ratawali Aceh,B04,3,collecting,158,15397,2798,2786,8076,9957,2779,9520,16454,15922,15059,,
700173,M-RAT,medium,Arabika Ratawali Aceh,B04,3,collecting,159,15395,2800,2781,8075,9960,2781,9522,16454,15924,15061,,
701173,M-RAT,medium,Arabika Ratawali Aceh,B04,3,collecting,160,15395,2803,2781,8075,9962,2782,9524,16455,15925,15063,,
702173,M-RAT,medium,Arabika Ratawali Aceh,B04,3,collecting,161,15398,2798,2785,8075,9964,2781,9529,16456,15927,15064,,
703173,M-RAT,medium,Arabika Ratawali Aceh,B04,3,collecting,162,15402,2803,2784,8075,9967,2780,9532,16458,15929,15066,,
704174,M-RAT,medium,Arabika Ratawali Aceh,B04,3,collecting,163,15405,2801,2786,8075,9969,2780,9535,16459,15932,15068,,
705173,M-RAT,medium,Arabika Ratawali Aceh,B04,3,collecting,164,15408,2800,2784,8075,9971,2780,9534,16461,15934,15070,,
706173,M-RAT,medium,Arabika Ratawali Aceh,B04,3,collecting,165,15408,2800,2786,8075,9973,2780,9534,16462,15936,15070,,
707173,M-RAT,medium,Arabika Ratawali Aceh,B04,3,collecting,166,15404,2802,2783,8075,9973,2780,9532,16461,15937,15070,,
708173,M-RAT,medium,Arabika Ratawali Aceh,B04,3,collecting,167,15398,2798,2781,8074,9973,2779,9533,16459,15938,15069,,
709173,M-RAT,medium,Arabika Ratawali Aceh,B04,3,collecting,168,15392,2803,2781,8074,9973,2780,9535,16457,15937,15069,,
710173,M-RAT,medium,Arabika Ratawali Aceh,B04,3,collecting,169,15386,2799,2780,8074,9973,2780,9536,16454,15936,15068,,
711174,M-RAT,medium,Arabika Ratawali Aceh,B04,3,collecting,170,15379,2803,2782,8074,9972,2780,9534,16452,15935,15068,,
712173,M-RAT,medium,Arabika Ratawali Aceh,B04,3,collecting,171,15375,2799,2784,8074,9972,2778,9535,16452,15935,15068,,
713174,M-RAT,medium,Arabika Ratawali Aceh,B04,3,collecting,172,15376,2800,2783,8074,9973,2780,9537,16453,15935,15069,,
714173,M-RAT,medium,Arabika Ratawali Aceh,B04,3,collecting,173,15379,2802,2782,8074,9975,2779,9538,16455,15936,15071,,
715173,M-RAT,medium,Arabika Ratawali Aceh,B04,3,collecting,174,15383,2798,2785,8074,9976,2780,9540,16457,15938,15073,,
716173,M-RAT,medium,Arabika Ratawali Aceh,B04,3,collecting,175,15383,2800,2786,8074,9977,2780,9540,16459,15939,15073,,
717173,M-RAT,medium,Arabika Ratawali Aceh,B04,3,collecting,176,15381,2799,2782,8073,9978,2782,9540,16457,15940,15073,,
718173,M-RAT,medium,Arabika Ratawali Aceh,B04,3,collecting,177,15377,2800,2784,8073,9979,2782,9541,16456,15940,15074,,
719173,M-RAT,medium,Arabika Ratawali Aceh,B04,3,collecting,178,15374,2797,2783,8073,9979,2781,9542,16455,15940,15074,,
720174,M-RAT,medium,Arabika Ratawali Aceh,B04,3,collecting,179,15370,2801,2782,8073,9980,2780,9544,16454,15941,15076,,
721173,M-RAT,medium,Arabika Ratawali Aceh,B04,3,collecting,180,15359,2797,2786,8073,9982,2777,9545,16452,15940,15079,,
722177,M-RAT,medium,Arabika Ratawali Aceh,B04,4,purging,1,15344,2802,2785,8073,9988,2779,9553,16452,15941,15089,,
723173,M-RAT,medium,Arabika Ratawali Aceh,B04,4,purging,2,15322,2797,2786,8073,10000,2780,9569,16453,15944,15111,,
724173,M-RAT,medium,Arabika Ratawali Aceh,B04,4,purging,3,15266,2797,2781,8073,10009,2779,9585,16443,15948,15095,,
725173,M-RAT,medium,Arabika Ratawali Aceh,B04,4,purging,4,15163,2797,2782,8073,9999,2778,9574,16404,15938,15062,,
726173,M-RAT,medium,Arabika Ratawali Aceh,B04,4,purging,5,15023,2801,2781,8074,9975,2780,9550,16346,15912,15022,,
727174,M-RAT,medium,Arabika Ratawali Aceh,B04,4,purging,6,14857,2798,2786,8074,9942,2779,9522,16284,15874,14980,,
728173,M-RAT,medium,Arabika Ratawali Aceh,B04,4,purging,7,14677,2796,2781,8075,9908,2780,9495,16221,15830,14939,,
729174,M-RAT,medium,Arabika Ratawali Aceh,B04,4,purging,8,14488,2799,2782,8075,9874,2780,9469,16160,15782,14901,,
730173,M-RAT,medium,Arabika Ratawali Aceh,B04,4,purging,9,14299,2796,2781,8075,9841,2782,9449,16103,15734,14865,,
731173,M-RAT,medium,Arabika Ratawali Aceh,B04,4,purging,10,14110,2801,2781,8075,9811,2780,9432,16050,15688,14831,,
732173,M-RAT,medium,Arabika Ratawali Aceh,B04,4,purging,11,13925,2797,2783,8076,9783,2782,9415,16001,15642,14799,,
733173,M-RAT,medium,Arabika Ratawali Aceh,B04,4,purging,12,13747,2799,2780,8077,9758,2782,9402,15955,15598,14770,,
734173,M-RAT,medium,Arabika Ratawali Aceh,B04,4,purging,13,13577,2795,2787,8077,9734,2780,9392,15912,15557,14743,,
735173,M-RAT,medium,Arabika Ratawali Aceh,B04,4,purging,14,13417,2795,2783,8077,9713,2781,9382,15871,15518,14717,,
736174,M-RAT,medium,Arabika Ratawali Aceh,B04,4,purging,15,13265,2798,2782,8078,9694,2782,9375,15833,15480,14693,,
737173,M-RAT,medium,Arabika Ratawali Aceh,B04,4,purging,16,13123,2793,2782,8078,9676,2782,9368,15798,15445,14671,,
738173,M-RAT,medium,Arabika Ratawali Aceh,B04,4,purging,17,12992,2793,2783,8078,9660,2779,9363,15765,15411,14651,,
739173,M-RAT,medium,Arabika Ratawali Aceh,B04,4,purging,18,12870,2795,2783,8078,9646,2780,9358,15733,15380,14632,,
740173,M-RAT,medium,Arabika Ratawali Aceh,B04,4,purging,19,12758,2792,2787,8079,9634,2779,9353,15703,15350,14613,,
741173,M-RAT,medium,Arabika Ratawali Aceh,B04,4,purging,20,12654,2795,2783,8079,9622,2783,9350,15675,15322,14596,,
742173,M-RAT,medium,Arabika Ratawali Aceh,B04,4,purging,21,12559,2795,2782,8080,9611,2781,9346,15647,15296,14579,,
743174,M-RAT,medium,Arabika Ratawali Aceh,B04,4,purging,22,12471,2795,2783,8080,9601,2779,9343,15622,15270,14564,,
744173,M-RAT,medium,Arabika Ratawali Aceh,B04,4,purging,23,12391,2796,2786,8080,9592,2781,9340,15597,15246,14549,,
745174,M-RAT,medium,Arabika Ratawali Aceh,B04,4,purging,24,12316,2791,2781,8080,9583,2779,9337,15573,15223,14535,,
746173,M-RAT,medium,Arabika Ratawali Aceh,B04,4,purging,25,12247,2796,2782,8081,9576,2782,9336,15551,15202,14522,,
747173,M-RAT,medium,Arabika Ratawali Aceh,B04,4,purging,26,12183,2795,2780,8081,9569,2782,9335,15529,15181,14510,,
748173,M-RAT,medium,Arabika Ratawali Aceh,B04,4,purging,27,12124,2792,2780,8081,9563,2781,9336,15509,15162,14499,,
749173,M-RAT,medium,Arabika Ratawali Aceh,B04,4,purging,28,12069,2796,2781,8082,9558,2779,9337,15489,15143,14488,,
750173,M-RAT,medium,Arabika Ratawali Aceh,B04,4,purging,29,12017,2791,2786,8082,9552,2779,9336,15469,15125,14475,,
751173,M-RAT,medium,Arabika Ratawali Aceh,B04,4,purging,30,11970,2794,2781,8082,9545,2781,9333,15449,15107,14463,,
752174,M-RAT,medium,Arabika Ratawali Aceh,B04,4,purging,31,11926,2794,2786,8083,9538,2779,9330,15429,15089,14449,,
753173,M-RAT,medium,Arabika Ratawali Aceh,B04,4,purging,32,11884,2794,2782,8083,9530,2778,9326,15410,15071,14438,,
754173,M-RAT,medium,Arabika Ratawali Aceh,B04,4,purging,33,11846,2795,2781,8083,9524,2780,9323,15393,15054,14428,,
755173,M-RAT,medium,Arabika Ratawali Aceh,B04,4,purging,34,11810,2791,2781,8084,9518,2779,9322,15375,15037,14418,,
756173,M-RAT,medium,Arabika Ratawali Aceh,B04,4,purging,35,11776,2793,2784,8084,9512,2781,9319,15358,15021,14407,,
757173,M-RAT,medium,Arabika Ratawali Aceh,B04,4,purging,36,11744,2791,2781,8084,9506,2779,9318,15342,15006,14397,,
758173,M-RAT,medium,Arabika Ratawali Aceh,B04,4,purging,37,11714,2791,2783,8084,9500,2780,9316,15325,14991,14388,,
759174,M-RAT,medium,Arabika Ratawali Aceh,B04,4,purging,38,11684,2791,2781,8084,9495,2780,9314,15310,14976,14379,,
760173,M-RAT,medium,Arabika Ratawali Aceh,B04,4,purging,39,11657,2793,2782,8085,9489,2780,9313,15294,14962,14370,,
761174,M-RAT,medium,Arabika Ratawali Aceh,B04,4,purging,40,11630,2792,2782,8085,9484,2780,9313,15280,14948,14362,,
762173,M-RAT,medium,Arabika Ratawali Aceh,B04,4,purging,41,11604,2796,2782,8086,9480,2780,9311,15265,14934,14352,,
763173,M-RAT,medium,Arabika Ratawali Aceh,B04,4,purging,42,11580,2793,2783,8086,9474,2781,9309,15251,14920,14343,,
764173,M-RAT,medium,Arabika Ratawali Aceh,B04,4,purging,43,11555,2792,2786,8086,9469,2778,9307,15236,14907,14335,,
765173,M-RAT,medium,Arabika Ratawali Aceh,B04,4,purging,44,11532,2789,2785,8086,9465,2780,9305,15222,14894,14327,,
766173,M-RAT,medium,Arabika Ratawali Aceh,B04,4,purging,45,11509,2792,2782,8086,9460,2779,9305,15209,14882,14320,,
767173,M-RAT,medium,Arabika Ratawali Aceh,B04,4,purging,46,11487,2791,2784,8087,9457,2779,9304,15197,14869,14314,,
768174,M-RAT,medium,Arabika Ratawali Aceh,B04,4,purging,47,11467,2791,2781,8087,9453,2781,9303,15184,14858,14306,,
769173,M-RAT,medium,Arabika Ratawali Aceh,B04,4,purging,48,11448,2791,2784,8087,9450,2781,9302,15172,14847,14300,,
770173,M-RAT,medium,Arabika Ratawali Aceh,B04,4,purging,49,11429,2793,2785,8088,9447,2777,9301,15160,14836,14293,,
771173,M-RAT,medium,Arabika Ratawali Aceh,B04,4,purging,50,11411,2795,2784,8088,9444,2782,9302,15149,14826,14287,,
772173,M-RAT,medium,Arabika Ratawali Aceh,B04,4,purging,51,11396,2789,2781,8089,9442,2782,9302,15137,14817,14281,,
773173,M-RAT,medium,Arabika Ratawali Aceh,B04,4,purging,52,11380,2789,2779,8089,9440,2780,9304,15127,14808,14277,,
774173,M-RAT,medium,Arabika Ratawali Aceh,B04,4,purging,53,11365,2789,2784,8089,9438,2782,9304,15116,14799,14271,,
775174,M-RAT,medium,Arabika Ratawali Aceh,B04,4,purging,54,11350,2795,2782,8089,9436,2779,9304,15105,14790,14266,,
776173,M-RAT,medium,Arabika Ratawali Aceh,B04,4,purging,55,11336,2791,2781,8090,9434,2779,9305,15095,14782,14260,,
777174,M-RAT,medium,Arabika Ratawali Aceh,B04,4,purging,56,11323,2794,2786,8090,9432,2782,9304,15085,14774,14256,,
778173,M-RAT,medium,Arabika Ratawali Aceh,B04,4,purging,57,11310,2793,2781,8090,9431,2779,9304,15076,14766,14252,,
779173,M-RAT,medium,Arabika Ratawali Aceh,B04,4,purging,58,11296,2791,2784,8091,9430,2781,9304,15067,14758,14249,,
780173,M-RAT,medium,Arabika Ratawali Aceh,B04,4,purging,59,11282,2792,2781,8092,9428,2781,9307,15059,14752,14246,,
781173,M-RAT,medium,Arabika Ratawali Aceh,B04,4,purging,60,11269,2789,2782,8091,9429,2780,9310,15050,14745,14244,,
782176,M-RAT,medium,Arabika Ratawali Aceh,B04,4,collecting,1,11257,2792,2782,8092,9429,2782,9311,15042,14738,14241,,
783173,M-RAT,medium,Arabika Ratawali Aceh,B04,4,collecting,2,11244,2793,2786,8092,9429,2782,9315,15034,14732,14237,,
784174,M-RAT,medium,Arabika Ratawali Aceh,B04,4,collecting,3,11233,2791,2783,8093,9429,2779,9316,15025,14726,14233,,
785173,M-RAT,medium,Arabika Ratawali Aceh,B04,4,collecting,4,11221,2792,2786,8093,9428,2782,9317,15017,14719,14230,,
786173,M-RAT,medium,Arabika Ratawali Aceh,B04,4,collecting,5,11210,2791,2785,8093,9428,2781,9318,15008,14714,14226,,
787173,M-RAT,medium,Arabika Ratawali Aceh,B04,4,collecting,6,11201,2789,2781,8093,9427,2781,9320,15000,14708,14223,,
788173,M-RAT,medium,Arabika Ratawali Aceh,B04,4,collecting,7,11191,2791,2783,8093,9426,2778,9321,14992,14702,14220,,
789173,M-RAT,medium,Arabika Ratawali Aceh,B04,4,collecting,8,11182,2795,2781,8094,9426,2780,9321,14985,14697,14217,,
790173,M-RAT,medium,Arabika Ratawali Aceh,B04,4,collecting,9,11173,2793,2781,8094,9426,2782,9321,14976,14691,14213,,
791174,M-RAT,medium,Arabika Ratawali Aceh,B04,4,collecting,10,11163,2793,2783,8095,9425,2782,9322,14968,14685,14210,,
792173,M-RAT,medium,Arabika Ratawali Aceh,B04,4,collecting,11,11153,2795,2785,8095,9426,2779,9325,14962,14680,14224,,
793174,M-RAT,medium,Arabika Ratawali Aceh,B04,4,collecting,12,11207,2789,2784,8095,9451,2782,9358,14981,14682,14270,,
794173,M-RAT,medium,Arabika Ratawali Aceh,B04,4,collecting,13,11522,2790,2786,8096,9515,2782,9427,15059,14713,14346,,
795173,M-RAT,medium,Arabika Ratawali Aceh,B04,4,collecting,14,12082,2791,2783,8096,9607,2779,9509,15192,14789,14445,,
796173,M-RAT,medium,Arabika Ratawali Aceh,B04,4,collecting,15,12717,2792,2783,8097,9707,2780,9591,15351,14900,14553,,
797173,M-RAT,medium,Arabika Ratawali Aceh,B04,4,collecting,16,13301,2796,2784,8098,9803,2781,9664,15509,15031,14655,,
798173,M-RAT,medium,Arabika Ratawali Aceh,B04,4,collecting,17,13784,2798,2784,8099,9889,2782,9727,15653,15166,14755,,
799173,M-RAT,medium,Arabika Ratawali Aceh,B04,4,collecting,18,14145,2795,2780,8099,9962,2781,9780,15770,15292,14833,,
800174,M-RAT,medium,Arabika Ratawali Aceh,B04,4,collecting,19,14406,2796,2780,8100,10023,2783,9818,15856,15401,14893,,
801173,M-RAT,medium,Arabika Ratawali Aceh,B04,4,collecting,20,14619,2795,2780,8101,10076,2780,9850,15931,15495,14950,,
802173,M-RAT,medium,Arabika Ratawali Aceh,B04,4,collecting,21,14791,2797,2786,8102,10121,2784,9874,15998,15578,14995,,
803173,M-RAT,medium,Arabika Ratawali Aceh,B04,4,collecting,22,14920,2797,2783,8103,10153,2783,9888,16048,15650,15028,,
804173,M-RAT,medium,Arabika Ratawali Aceh,B04,4,collecting,23,15020,2796,2783,8104,10178,2783,9898,16088,15710,15057,,
805173,M-RAT,medium,Arabika Ratawali Aceh,B04,4,collecting,24,15104,2796,2783,8105,10199,2783,9903,16123,15760,15082,,
806173,M-RAT,medium,Arabika Ratawali Aceh,B04,4,collecting,25,15169,2799,2782,8106,10213,2784,9901,16153,15804,15099,,
807174,M-RAT,medium,Arabika Ratawali Aceh,B04,4,collecting,26,15215,2798,2779,8106,10221,2783,9897,16174,15839,15112,,
808173,M-RAT,medium,Arabika Ratawali Aceh,B04,4,collecting,27,15245,2796,2781,8108,10224,2782,9888,16189,15866,15120,,
809174,M-RAT,medium,Arabika Ratawali Aceh,B04,4,collecting,28,15267,2796,2781,8108,10225,2782,9878,16201,15887,15129,,
810173,M-RAT,medium,Arabika Ratawali Aceh,B04,4,collecting,29,15289,2799,2783,8109,10226,2781,9871,16215,15906,15137,,
811173,M-RAT,medium,Arabika Ratawali Aceh,B04,4,collecting,30,15302,2797,2780,8110,10223,2784,9860,16225,15921,15141,,
812173,M-RAT,medium,Arabika Ratawali Aceh,B04,4,collecting,31,15308,2800,2785,8111,10218,2781,9847,16232,15933,15142,,
813173,M-RAT,medium,Arabika Ratawali Aceh,B04,4,collecting,32,15306,2800,2784,8111,10210,2778,9834,16235,15940,15141,,
814173,M-RAT,medium,Arabika Ratawali Aceh,B04,4,collecting,33,15301,2795,2779,8112,10203,2781,9821,16237,15944,15142,,
815173,M-RAT,medium,Arabika Ratawali Aceh,B04,4,collecting,34,15297,2796,2779,8112,10197,2782,9810,16240,15947,15143,,
816174,M-RAT,medium,Arabika Ratawali Aceh,B04,4,collecting,35,15296,2800,2786,8112,10191,2780,9801,16245,15950,15144,,
817173,M-RAT,medium,Arabika Ratawali Aceh,B04,4,collecting,36,15289,2798,2781,8113,10184,2781,9791,16247,15952,15142,,
818173,M-RAT,medium,Arabika Ratawali Aceh,B04,4,collecting,37,15282,2798,2779,8113,10178,2779,9782,16249,15953,15143,,
819173,M-RAT,medium,Arabika Ratawali Aceh,B04,4,collecting,38,15277,2799,2785,8113,10173,2782,9775,16252,15953,15142,,
820173,M-RAT,medium,Arabika Ratawali Aceh,B04,4,collecting,39,15270,2799,2783,8114,10167,2782,9767,16253,15953,15141,,
821173,M-RAT,medium,Arabika Ratawali Aceh,B04,4,collecting,40,15261,2798,2780,8114,10161,2779,9760,16255,15953,15140,,
822173,M-RAT,medium,Arabika Ratawali Aceh,B04,4,collecting,41,15250,2796,2780,8114,10155,2781,9752,16253,15951,15138,,
823174,M-RAT,medium,Arabika Ratawali Aceh,B04,4,collecting,42,15235,2800,2779,8114,10148,2781,9744,16251,15948,15135,,
824173,M-RAT,medium,Arabika Ratawali Aceh,B04,4,collecting,43,15220,2796,2780,8115,10142,2777,9736,16249,15944,15132,,
825174,M-RAT,medium,Arabika Ratawali Aceh,B04,4,collecting,44,15204,2796,2779,8115,10136,2779,9729,16248,15940,15130,,
826173,M-RAT,medium,Arabika Ratawali Aceh,B04,4,collecting,45,15189,2795,2781,8115,10131,2779,9722,16246,15936,15127,,
827173,M-RAT,medium,Arabika Ratawali Aceh,B04,4,collecting,46,15174,2795,2783,8115,10125,2780,9717,16244,15931,15126,,
828173,M-RAT,medium,Arabika Ratawali Aceh,B04,4,collecting,47,15159,2799,2779,8115,10121,2781,9713,16242,15928,15122,,
829173,M-RAT,medium,Arabika Ratawali Aceh,B04,4,collecting,48,15141,2795,2779,8115,10115,2780,9707,16238,15923,15119,,
830173,M-RAT,medium,Arabika Ratawali Aceh,B04,4,collecting,49,15119,2795,2780,8115,10109,2778,9701,16233,15917,15113,,
831173,M-RAT,medium,Arabika Ratawali Aceh,B04,4,collecting,50,15096,2797,2784,8115,10104,2780,9697,16227,15910,15110,,
832174,M-RAT,medium,Arabika Ratawali Aceh,B04,4,collecting,51,15079,2796,2783,8115,10099,2781,9696,16223,15904,15107,,
833173,M-RAT,medium,Arabika Ratawali Aceh,B04,4,collecting,52,15064,2795,2783,8115,10096,2780,9694,16221,15899,15106,,
834173,M-RAT,medium,Arabika Ratawali Aceh,B04,4,collecting,53,15052,2796,2779,8115,10094,2781,9690,16220,15894,15104,,
835173,M-RAT,medium,Arabika Ratawali Aceh,B04,4,collecting,54,15044,2799,2780,8115,10092,2780,9689,16220,15891,15104,,
836173,M-RAT,medium,Arabika Ratawali Aceh,B04,4,collecting,55,15039,2796,2780,8116,10090,2783,9689,16221,15889,15103,,
837173,M-RAT,medium,Arabika Ratawali Aceh,B04,4,collecting,56,15032,2795,2785,8115,10088,2780,9687,16220,15887,15102,,
838173,M-RAT,medium,Arabika Ratawali Aceh,B04,4,collecting,57,15024,2796,2783,8115,10086,2781,9685,16220,15885,15101,,
839174,M-RAT,medium,Arabika Ratawali Aceh,B04,4,collecting,58,15018,2795,2782,8116,10085,2779,9684,16219,15883,15101,,
840173,M-RAT,medium,Arabika Ratawali Aceh,B04,4,collecting,59,15013,2799,2783,8116,10084,2782,9683,16220,15880,15101,,
841174,M-RAT,medium,Arabika Ratawali Aceh,B04,4,collecting,60,15011,2798,2783,8116,10083,2782,9682,16220,15879,15101,,
842173,M-RAT,medium,Arabika Ratawali Aceh,B04,4,collecting,61,15010,2794,2780,8116,10082,2782,9682,16221,15879,15101,,
843173,M-RAT,medium,Arabika Ratawali Aceh,B04,4,collecting,62,15009,2796,2779,8117,10082,2780,9681,16222,15878,15101,,
844173,M-RAT,medium,Arabika Ratawali Aceh,B04,4,collecting,63,15009,2799,2780,8116,10081,2782,9681,16224,15877,15101,,
845173,M-RAT,medium,Arabika Ratawali Aceh,B04,4,collecting,64,15006,2799,2781,8116,10081,2778,9679,16225,15877,15100,,
846173,M-RAT,medium,Arabika Ratawali Aceh,B04,4,collecting,65,14998,2799,2783,8116,10078,2779,9677,16222,15875,15098,,
847173,M-RAT,medium,Arabika Ratawali Aceh,B04,4,collecting,66,14989,2795,2784,8116,10076,2779,9676,16219,15872,15096,,
848174,M-RAT,medium,Arabika Ratawali Aceh,B04,4,collecting,67,14981,2795,2780,8117,10074,2782,9674,16217,15870,15094,,
849173,M-RAT,medium,Arabika Ratawali Aceh,B04,4,collecting,68,14975,2795,2783,8117,10072,2781,9673,16215,15867,15093,,
850173,M-RAT,medium,Arabika Ratawali Aceh,B04,4,collecting,69,14969,2797,2779,8117,10071,2780,9672,16214,15865,15092,,
851173,M-RAT,medium,Arabika Ratawali Aceh,B04,4,collecting,70,14966,2798,2783,8117,10070,2781,9671,16214,15864,15091,,
852173,M-RAT,medium,Arabika Ratawali Aceh,B04,4,collecting,71,14963,2799,2780,8117,10070,2783,9668,16214,15863,15091,,
853173,M-RAT,medium,Arabika Ratawali Aceh,B04,4,collecting,72,14958,2797,2781,8117,10068,2782,9668,16213,15861,15090,,
854173,M-RAT,medium,Arabika Ratawali Aceh,B04,4,collecting,73,14952,2798,2782,8118,10067,2782,9668,16212,15859,15088,,
855174,M-RAT,medium,Arabika Ratawali Aceh,B04,4,collecting,74,14946,2798,2783,8118,10065,2781,9667,16212,15857,15088,,
856173,M-RAT,medium,Arabika Ratawali Aceh,B04,4,collecting,75,14941,2795,2782,8118,10064,2780,9667,16210,15856,15087,,
857174,M-RAT,medium,Arabika Ratawali Aceh,B04,4,collecting,76,14936,2799,2782,8118,10064,2780,9666,16209,15854,15086,,
858173,M-RAT,medium,Arabika Ratawali Aceh,B04,4,collecting,77,14930,2799,2779,8118,10062,2780,9665,16208,15853,15085,,
859173,M-RAT,medium,Arabika Ratawali Aceh,B04,4,collecting,78,14924,2795,2780,8118,10062,2781,9665,16207,15851,15084,,
860173,M-RAT,medium,Arabika Ratawali Aceh,B04,4,collecting,79,14920,2794,2783,8118,10061,2781,9666,16206,15849,15084,,
861173,M-RAT,medium,Arabika Ratawali Aceh,B04,4,collecting,80,14913,2794,2779,8118,10059,2782,9665,16205,15848,15082,,
862173,M-RAT,medium,Arabika Ratawali Aceh,B04,4,collecting,81,14901,2795,2780,8118,10058,2781,9663,16201,15845,15079,,
863173,M-RAT,medium,Arabika Ratawali Aceh,B04,4,collecting,82,14887,2798,2784,8118,10055,2782,9662,16196,15842,15076,,
864174,M-RAT,medium,Arabika Ratawali Aceh,B04,4,collecting,83,14876,2795,2783,8119,10054,2778,9660,16192,15839,15075,,
865173,M-RAT,medium,Arabika Ratawali Aceh,B04,4,collecting,84,14863,2795,2780,8119,10054,2780,9659,16190,15836,15073,,
866173,M-RAT,medium,Arabika Ratawali Aceh,B04,4,collecting,85,14851,2797,2780,8119,10053,2778,9660,16186,15833,15072,,
867173,M-RAT,medium,Arabika Ratawali Aceh,B04,4,collecting,86,14842,2795,2779,8119,10052,2780,9662,16184,15831,15071,,
868173,M-RAT,medium,Arabika Ratawali Aceh,B04,4,collecting,87,14836,2795,2779,8120,10052,2781,9663,16184,15829,15072,,
869173,M-RAT,medium,Arabika Ratawali Aceh,B04,4,collecting,88,14834,2796,2783,8120,10054,2778,9665,16183,15829,15072,,
870173,M-RAT,medium,Arabika Ratawali Aceh,B04,4,collecting,89,14830,2795,2779,8120,10054,2779,9665,16183,15828,15072,,
871174,M-RAT,medium,Arabika Ratawali Aceh,B04,4,collecting,90,14824,2795,2783,8120,10054,2782,9665,16181,15828,15071,,
872173,M-RAT,medium,Arabika Ratawali Aceh,B04,4,collecting,91,14820,2798,2782,8120,10054,2781,9666,16180,15827,15071,,
873174,M-RAT,medium,Arabika Ratawali Aceh,B04,4,collecting,92,14820,2795,2780,8121,10055,2781,9668,16180,15826,15071,,
874173,M-RAT,medium,Arabika Ratawali Aceh,B04,4,collecting,93,14821,2795,2779,8121,10055,2782,9669,16179,15826,15071,,
875173,M-RAT,medium,Arabika Ratawali Aceh,B04,4,collecting,94,14821,2796,2779,8121,10056,2781,9667,16180,15827,15071,,
876173,M-RAT,medium,Arabika Ratawali Aceh,B04,4,collecting,95,14819,2795,2784,8122,10055,2781,9666,16179,15826,15069,,
877173,M-RAT,medium,Arabika Ratawali Aceh,B04,4,collecting,96,14814,2800,2784,8122,10053,2781,9664,16177,15825,15068,,
878173,M-RAT,medium,Arabika Ratawali Aceh,B04,4,collecting,97,14809,2794,2783,8122,10052,2780,9663,16175,15823,15066,,
879173,M-RAT,medium,Arabika Ratawali Aceh,B04,4,collecting,98,14803,2795,2782,8122,10050,2779,9662,16173,15822,15064,,
880174,M-RAT,medium,Arabika Ratawali Aceh,B04,4,collecting,99,14797,2798,2779,8123,10049,2779,9659,16171,15820,15064,,
881173,M-RAT,medium,Arabika Ratawali Aceh,B04,4,collecting,100,14794,2795,2780,8123,10048,2780,9659,16171,15818,15064,,
882173,M-RAT,medium,Arabika Ratawali Aceh,B04,4,collecting,101,14791,2794,2780,8123,10047,2780,9659,16171,15816,15062,,
883173,M-RAT,medium,Arabika Ratawali Aceh,B04,4,collecting,102,14787,2795,2780,8123,10046,2780,9660,16169,15815,15061,,
884173,M-RAT,medium,Arabika Ratawali Aceh,B04,4,collecting,103,14782,2797,2779,8124,10046,2781,9660,16167,15814,15061,,
885173,M-RAT,medium,Arabika Ratawali Aceh,B04,4,collecting,104,14779,2793,2779,8123,10045,2778,9660,16166,15813,15061,,
886173,M-RAT,medium,Arabika Ratawali Aceh,B04,4,collecting,105,14777,2796,2779,8124,10044,2778,9658,16166,15812,15060,,
887174,M-RAT,medium,Arabika Ratawali Aceh,B04,4,collecting,106,14774,2794,2779,8124,10044,2782,9658,16166,15811,15059,,
888173,M-RAT,medium,Arabika Ratawali Aceh,B04,4,collecting,107,14771,2796,2779,8124,10044,2779,9658,16164,15810,15059,,
889174,M-RAT,medium,Arabika Ratawali Aceh,B04,4,collecting,108,14769,2793,2783,8124,10044,2781,9659,16163,15809,15059,,
890173,M-RAT,medium,Arabika Ratawali Aceh,B04,4,collecting,109,14765,2794,2779,8125,10045,2782,9660,16161,15809,15058,,
891173,M-RAT,medium,Arabika Ratawali Aceh,B04,4,collecting,110,14760,2794,2781,8125,10045,2780,9660,16160,15807,15057,,
892173,M-RAT,medium,Arabika Ratawali Aceh,B04,4,collecting,111,14756,2798,2778,8126,10044,2781,9662,16159,15807,15056,,
893173,M-RAT,medium,Arabika Ratawali Aceh,B04,4,collecting,112,14749,2792,2780,8125,10042,2781,9661,16156,15805,15054,,
894173,M-RAT,medium,Arabika Ratawali Aceh,B04,4,collecting,113,14738,2795,2779,8126,10041,2781,9659,16153,15802,15052,,
895173,M-RAT,medium,Arabika Ratawali Aceh,B04,4,collecting,114,14732,2795,2778,8126,10040,2778,9658,16151,15800,15052,,
896174,M-RAT,medium,Arabika Ratawali Aceh,B04,4,collecting,115,14726,2795,2783,8127,10040,2782,9659,16149,15799,15051,,
897173,M-RAT,medium,Arabika Ratawali Aceh,B04,4,collecting,116,14722,2795,2778,8127,10040,2782,9659,16148,15797,15051,,
898173,M-RAT,medium,Arabika Ratawali Aceh,B04,4,collecting,117,14719,2794,2783,8127,10040,2778,9660,16147,15796,15051,,
899173,M-RAT,medium,Arabika Ratawali Aceh,B04,4,collecting,118,14717,2798,2780,8128,10040,2780,9660,16147,15796,15050,,
900173,M-RAT,medium,Arabika Ratawali Aceh,B04,4,collecting,119,14717,2795,2781,8128,10040,2782,9662,16147,15796,15050,,
901173,M-RAT,medium,Arabika Ratawali Aceh,B04,4,collecting,120,14717,2794,2779,8128,10040,2781,9664,16147,15795,15050,,
902173,M-RAT,medium,Arabika Ratawali Aceh,B04,4,collecting,121,14712,2795,2782,8128,10039,2780,9662,16145,15794,15048,,
903174,M-RAT,medium,Arabika Ratawali Aceh,B04,4,collecting,122,14702,2794,2779,8128,10038,2781,9660,16141,15792,15045,,
904173,M-RAT,medium,Arabika Ratawali Aceh,B04,4,collecting,123,14692,2795,2780,8129,10036,2782,9659,16137,15790,15044,,
905174,M-RAT,medium,Arabika Ratawali Aceh,B04,4,collecting,124,14684,2795,2780,8129,10035,2782,9659,16133,15787,15042,,
906173,M-RAT,medium,Arabika Ratawali Aceh,B04,4,collecting,125,14679,2796,2780,8129,10034,2782,9660,16132,15785,15042,,
907173,M-RAT,medium,Arabika Ratawali Aceh,B04,4,collecting,126,14676,2794,2779,8130,10034,2781,9662,16131,15784,15041,,
908173,M-RAT,medium,Arabika Ratawali Aceh,B04,4,collecting,127,14672,2797,2783,8130,10034,2781,9662,16130,15782,15041,,
909173,M-RAT,medium,Arabika Ratawali Aceh,B04,4,collecting,128,14671,2794,2782,8130,10034,2780,9662,16130,15781,15041,,
910173,M-RAT,medium,Arabika Ratawali Aceh,B04,4,collecting,129,14671,2794,2778,8131,10035,2781,9662,16129,15781,15041,,
911173,M-RAT,medium,Arabika Ratawali Aceh,B04,4,collecting,130,14672,2795,2778,8131,10036,2782,9662,16131,15781,15042,,
912174,M-RAT,medium,Arabika Ratawali Aceh,B04,4,collecting,131,14673,2795,2780,8131,10037,2781,9663,16132,15782,15042,,
913173,M-RAT,medium,Arabika Ratawali Aceh,B04,4,collecting,132,14673,2795,2778,8132,10036,2779,9664,16133,15782,15043,,
914173,M-RAT,medium,Arabika Ratawali Aceh,B04,4,collecting,133,14670,2793,2783,8132,10037,2781,9665,16131,15782,15042,,
915173,M-RAT,medium,Arabika Ratawali Aceh,B04,4,collecting,134,14668,2795,2779,8133,10037,2780,9666,16130,15781,15043,,
916173,M-RAT,medium,Arabika Ratawali Aceh,B04,4,collecting,135,14664,2794,2780,8133,10037,2780,9666,16129,15781,15042,,
917173,M-RAT,medium,Arabika Ratawali Aceh,B04,4,collecting,136,14658,2795,2783,8133,10037,2780,9666,16127,15780,15042,,
918173,M-RAT,medium,Arabika Ratawali Aceh,B04,4,collecting,137,14657,2796,2779,8134,10038,2778,9669,16127,15780,15043,,
919174,M-RAT,medium,Arabika Ratawali Aceh,B04,4,collecting,138,14657,2797,2779,8134,10039,2779,9670,16127,15780,15043,,
920173,M-RAT,medium,Arabika Ratawali Aceh,B04,4,collecting,139,14656,2795,2778,8134,10039,2781,9670,16127,15780,15043,,
921174,M-RAT,medium,Arabika Ratawali Aceh,B04,4,collecting,140,14654,2794,2782,8134,10040,2781,9671,16126,15780,15044,,
922173,M-RAT,medium,Arabika Ratawali Aceh,B04,4,collecting,141,14651,2792,2782,8135,10041,2781,9671,16125,15780,15044,,
923173,M-RAT,medium,Arabika Ratawali Aceh,B04,4,collecting,142,14650,2795,2778,8135,10042,2777,9673,16126,15781,15044,,
924173,M-RAT,medium,Arabika Ratawali Aceh,B04,4,collecting,143,14646,2794,2779,8136,10042,2782,9673,16124,15781,15044,,
925173,M-RAT,medium,Arabika Ratawali Aceh,B04,4,collecting,144,14640,2794,2780,8136,10042,2782,9674,16122,15780,15043,,
926173,M-RAT,medium,Arabika Ratawali Aceh,B04,4,collecting,145,14633,2793,2778,8137,10041,2781,9674,16120,15779,15042,,
927173,M-RAT,medium,Arabika Ratawali Aceh,B04,4,collecting,146,14627,2795,2781,8137,10040,2780,9675,16117,15778,15041,,
928174,M-RAT,medium,Arabika Ratawali Aceh,B04,4,collecting,147,14622,2794,2779,8137,10040,2781,9676,16115,15777,15041,,
929173,M-RAT,medium,Arabika Ratawali Aceh,B04,4,collecting,148,14618,2793,2779,8137,10041,2780,9677,16116,15776,15042,,
930173,M-RAT,medium,Arabika Ratawali Aceh,B04,4,collecting,149,14617,2795,2782,8138,10043,2782,9677,16115,15776,15042,,
931173,M-RAT,medium,Arabika Ratawali Aceh,B04,4,collecting,150,14618,2794,2779,8138,10044,2781,9679,16116,15776,15043,,
932173,M-RAT,medium,Arabika Ratawali Aceh,B04,4,collecting,151,14619,2794,2780,8138,10045,2782,9682,16116,15776,15044,,
933173,M-RAT,medium,Arabika Ratawali Aceh,B04,4,collecting,152,14620,2793,2780,8138,10045,2782,9681,16116,15777,15045,,
934173,M-RAT,medium,Arabika Ratawali Aceh,B04,4,collecting,153,14619,2792,2782,8139,10046,2781,9681,16115,15777,15044,,
935174,M-RAT,medium,Arabika Ratawali Aceh,B04,4,collecting,154,14617,2794,2779,8140,10046,2780,9680,16115,15778,15044,,
936173,M-RAT,medium,Arabika Ratawali Aceh,B04,4,collecting,155,14612,2795,2784,8140,10045,2781,9681,16112,15777,15042,,
937174,M-RAT,medium,Arabika Ratawali Aceh,B04,4,collecting,156,14603,2796,2782,8140,10043,2778,9680,16109,15775,15040,,
938173,M-RAT,medium,Arabika Ratawali Aceh,B04,4,collecting,157,14595,2796,2778,8140,10043,2782,9680,16105,15773,15040,,
939173,M-RAT,medium,Arabika Ratawali Aceh,B04,4,collecting,158,14593,2792,2782,8141,10043,2778,9682,16104,15771,15041,,
940173,M-RAT,medium,Arabika Ratawali Aceh,B04,4,collecting,159,14593,2795,2779,8141,10044,2781,9684,16105,15771,15041,,
941173,M-RAT,medium,Arabika Ratawali Aceh,B04,4,collecting,160,14593,2792,2778,8141,10045,2782,9684,16105,15771,15042,,
942173,M-RAT,medium,Arabika Ratawali Aceh,B04,4,collecting,161,14588,2795,2782,8142,10045,2780,9684,16104,15771,15041,,
943173,M-RAT,medium,Arabika Ratawali Aceh,B04,4,collecting,162,14586,2794,2778,8142,10045,2782,9685,16103,15771,15041,,
944174,M-RAT,medium,Arabika Ratawali Aceh,B04,4,collecting,163,14589,2794,2779,8143,10047,2782,9687,16105,15771,15044,,
945173,M-RAT,medium,Arabika Ratawali Aceh,B04,4,collecting,164,14598,2793,2779,8143,10049,2781,9689,16107,15773,15046,,
946173,M-RAT,medium,Arabika Ratawali Aceh,B04,4,collecting,165,14606,2795,2778,8144,10051,2781,9691,16110,15775,15048,,
947173,M-RAT,medium,Arabika Ratawali Aceh,B04,4,collecting,166,14613,2795,2779,8145,10053,2782,9692,16112,15776,15050,,
948173,M-RAT,medium,Arabika Ratawali Aceh,B04,4,collecting,167,14620,2793,2782,8144,10055,2782,9694,16115,15778,15052,,
949173,M-RAT,medium,Arabika Ratawali Aceh,B04,4,collecting,168,14626,2794,2778,8145,10057,2782,9695,16117,15781,15053,,
950173,M-RAT,medium,Arabika Ratawali Aceh,B04,4,collecting,169,14625,2795,2778,8145,10058,2782,9694,16116,15783,15052,,
951174,M-RAT,medium,Arabika Ratawali Aceh,B04,4,collecting,170,14622,2795,2779,8146,10057,2782,9692,16114,15783,15052,,
952173,M-RAT,medium,Arabika Ratawali Aceh,B04,4,collecting,171,14619,2795,2782,8146,10057,2781,9693,16113,15782,15052,,
953174,M-RAT,medium,Arabika Ratawali Aceh,B04,4,collecting,172,14618,2794,2778,8147,10058,2780,9695,16112,15783,15053,,
954173,M-RAT,medium,Arabika Ratawali Aceh,B04,4,collecting,173,14615,2793,2779,8147,10057,2777,9695,16111,15782,15052,,
955173,M-RAT,medium,Arabika Ratawali Aceh,B04,4,collecting,174,14614,2793,2779,8147,10058,2781,9695,16112,15782,15053,,
956173,M-RAT,medium,Arabika Ratawali Aceh,B04,4,collecting,175,14618,2793,2778,8148,10059,2780,9697,16113,15783,15055,,
957173,M-RAT,medium,Arabika Ratawali Aceh,B04,4,collecting,176,14620,2792,2779,8148,10060,2780,9698,16115,15784,15056,,
958173,M-RAT,medium,Arabika Ratawali Aceh,B04,4,collecting,177,14623,2793,2780,8149,10062,2780,9698,16116,15785,15057,,
959173,M-RAT,medium,Arabika Ratawali Aceh,B04,4,collecting,178,14625,2794,2779,8150,10063,2780,9699,16116,15786,15057,,
960174,M-RAT,medium,Arabika Ratawali Aceh,B04,4,collecting,179,14624,2795,2778,8150,10063,2780,9699,16116,15787,15057,,
961173,M-RAT,medium,Arabika Ratawali Aceh,B04,4,collecting,180,14623,2794,2782,8151,10063,2781,9699,16116,15787,15057,,
962177,M-RAT,medium,Arabika Ratawali Aceh,B04,5,purging,1,14619,2796,2782,8151,10063,2782,9700,16114,15787,15058,,
963173,M-RAT,medium,Arabika Ratawali Aceh,B04,5,purging,2,14613,2792,2778,8151,10063,2782,9699,16113,15787,15057,,
964173,M-RAT,medium,Arabika Ratawali Aceh,B04,5,purging,3,14605,2792,2778,8152,10066,2782,9703,16114,15787,15069,,
965173,M-RAT,medium,Arabika Ratawali Aceh,B04,5,purging,4,14561,2793,2778,8152,10063,2781,9702,16104,15786,15053,,
966173,M-RAT,medium,Arabika Ratawali Aceh,B04,5,purging,5,14462,2794,2778,8152,10047,2782,9688,16070,15773,15027,,
967174,M-RAT,medium,Arabika Ratawali Aceh,B04,5,purging,6,14325,2793,2779,8153,10025,2780,9667,16023,15748,14996,,
968173,M-RAT,medium,Arabika Ratawali Aceh,B04,5,purging,7,14166,2792,2781,8154,9999,2780,9646,15971,15714,14964,,
969174,M-RAT,medium,Arabika Ratawali Aceh,B04,5,purging,8,13992,2793,2779,8154,9971,2781,9625,15918,15675,14932,,
970173,M-RAT,medium,Arabika Ratawali Aceh,B04,5,purging,9,13810,2792,2781,8155,9945,2781,9610,15867,15634,14901,,
971173,M-RAT,medium,Arabika Ratawali Aceh,B04,5,purging,10,13627,2792,2779,8156,9919,2782,9595,15818,15592,14872,,
972173,M-RAT,medium,Arabika Ratawali Aceh,B04,5,purging,11,13448,2793,2778,8156,9895,2780,9584,15773,15552,14845,,
973173,M-RAT,medium,Arabika Ratawali Aceh,B04,5,purging,12,13275,2792,2781,8157,9873,2780,9574,15730,15512,14820,,
974173,M-RAT,medium,Arabika Ratawali Aceh,B04,5,purging,13,13110,2790,2780,8158,9854,2779,9566,15692,15475,14798,,
975173,M-RAT,medium,Arabika Ratawali Aceh,B04,5,purging,14,12956,2791,2778,8158,9837,2782,9561,15656,15440,14777,,
976174,M-RAT,medium,Arabika Ratawali Aceh,B04,5,purging,15,12811,2788,2779,8160,9823,2780,9558,15624,15407,14759,,
977173,M-RAT,medium,Arabika Ratawali Aceh,B04,5,purging,16,12675,2791,2777,8160,9809,2780,9554,15592,15376,14740,,
978173,M-RAT,medium,Arabika Ratawali Aceh,B04,5,purging,17,12550,2789,2778,8161,9797,2782,9551,15562,15346,14721,,
979173,M-RAT,medium,Arabika Ratawali Aceh,B04,5,purging,18,12435,2789,2778,8162,9784,2782,9546,15534,15317,14703,,
980173,M-RAT,medium,Arabika Ratawali Aceh,B04,5,purging,19,12328,2788,2778,8163,9773,2782,9542,15505,15290,14687,,
981173,M-RAT,medium,Arabika Ratawali Aceh,B04,5,purging,20,12230,2788,2778,8164,9761,2782,9538,15479,15263,14672,,
982173,M-RAT,medium,Arabika Ratawali Aceh,B04,5,purging,21,12141,2789,2781,8164,9752,2781,9534,15455,15239,14656,,
983174,M-RAT,medium,Arabika Ratawali Aceh,B04,5,purging,22,12058,2788,2776,8166,9742,2780,9529,15431,15215,14642,,
984173,M-RAT,medium,Arabika Ratawali Aceh,B04,5,purging,23,11983,2791,2778,8166,9733,2781,9527,15409,15193,14628,,
985174,M-RAT,medium,Arabika Ratawali Aceh,B04,5,purging,24,11912,2788,2778,8167,9726,2780,9524,15387,15171,14615,,
986173,M-RAT,medium,Arabika Ratawali Aceh,B04,5,purging,25,11848,2788,2779,8167,9718,2780,9521,15366,15150,14603,,
987173,M-RAT,medium,Arabika Ratawali Aceh,B04,5,purging,26,11789,2791,2779,8168,9711,2780,9520,15347,15131,14592,,
988173,M-RAT,medium,Arabika Ratawali Aceh,B04,5,purging,27,11735,2786,2775,8169,9705,2781,9519,15328,15112,14581,,
989173,M-RAT,medium,Arabika Ratawali Aceh,B04,5,purging,28,11685,2788,2778,8170,9699,2782,9518,15309,15095,14570,,
990173,M-RAT,medium,Arabika Ratawali Aceh,B04,5,purging,29,11638,2788,2778,8170,9693,2782,9516,15291,15077,14559,,
991173,M-RAT,medium,Arabika Ratawali Aceh,B04,5,purging,30,11594,2787,2778,8171,9688,2780,9514,15274,15061,14549,,
992174,M-RAT,medium,Arabika Ratawali Aceh,B04,5,purging,31,11553,2786,2778,8171,9682,2782,9511,15256,15045,14538,,
993173,M-RAT,medium,Arabika Ratawali Aceh,B04,5,purging,32,11514,2787,2778,8172,9676,2782,9509,15240,15029,14529,,
994173,M-RAT,medium,Arabika Ratawali Aceh,B04,5,purging,33,11478,2788,2778,8173,9671,2780,9508,15224,15014,14520,,
995173,M-RAT,medium,Arabika Ratawali Aceh,B04,5,purging,34,11445,2788,2780,8173,9666,2781,9507,15208,14999,14510,,
996173,M-RAT,medium,Arabika Ratawali Aceh,B04,5,purging,35,11414,2790,2776,8174,9661,2780,9505,15193,14985,14501,,
997173,M-RAT,medium,Arabika Ratawali Aceh,B04,5,purging,36,11385,2789,2783,8174,9656,2780,9504,15178,14971,14493,,
998173,M-RAT,medium,Arabika Ratawali Aceh,B04,5,purging,37,11358,2788,2778,8175,9652,2780,9502,15165,14957,14485,,
999174,M-RAT,medium,Arabika Ratawali Aceh,B04,5,purging,38,11333,2791,2778,8175,9649,2780,9501,15151,14945,14478,,
1000173,M-RAT,medium,Arabika Ratawali Aceh,B04,5,purging,39,11309,2789,2777,8176,9646,2781,9501,15139,14933,14472,,
1001174,M-RAT,medium,Arabika Ratawali Aceh,B04,5,purging,40,11286,2786,2778,8176,9643,2780,9501,15127,14921,14465,,
1002173,M-RAT,medium,Arabika Ratawali Aceh,B04,5,purging,41,11264,2788,2778,8177,9640,2780,9501,15114,14910,14458,,
1003173,M-RAT,medium,Arabika Ratawali Aceh,B04,5,purging,42,11242,2789,2779,8177,9636,2780,9500,15102,14899,14451,,
1004173,M-RAT,medium,Arabika Ratawali Aceh,B04,5,purging,43,11222,2787,2779,8178,9633,2780,9499,15090,14888,14444,,
1005173,M-RAT,medium,Arabika Ratawali Aceh,B04,5,purging,44,11203,2789,2778,8179,9630,2780,9499,15079,14877,14442,,
1006173,M-RAT,medium,Arabika Ratawali Aceh,B04,5,purging,45,11183,2788,2779,8179,9628,2781,9502,15069,14868,14437,,
1007173,M-RAT,medium,Arabika Ratawali Aceh,B04,5,purging,46,11165,2789,2782,8180,9627,2780,9503,15059,14858,14430,,
1008174,M-RAT,medium,Arabika Ratawali Aceh,B04,5,purging,47,11149,2789,2775,8181,9625,2780,9503,15047,14849,14424,,
1009173,M-RAT,medium,Arabika Ratawali Aceh,B04,5,purging,48,11133,2787,2779,8181,9623,2781,9502,15036,14840,14418,,
1010173,M-RAT,medium,Arabika Ratawali Aceh,B04,5,purging,49,11117,2786,2778,8181,9620,2782,9502,15025,14830,14412,,
1011173,M-RAT,medium,Arabika Ratawali Aceh,B04,5,purging,50,11103,2785,2776,8182,9617,2777,9501,15015,14821,14406,,
1012173,M-RAT,medium,Arabika Ratawali Aceh,B04,5,purging,51,11089,2786,2778,8183,9614,2780,9499,15005,14812,14401,,
1013173,M-RAT,medium,Arabika Ratawali Aceh,B04,5,purging,52,11075,2788,2778,8183,9611,2780,9499,14995,14804,14396,,
1014173,M-RAT,medium,Arabika Ratawali Aceh,B04,5,purging,53,11062,2786,2778,8184,9609,2782,9499,14985,14795,14391,,
1015174,M-RAT,medium,Arabika Ratawali Aceh,B04,5,purging,54,11050,2789,2780,8185,9606,2782,9499,14975,14787,14385,,
1016173,M-RAT,medium,Arabika Ratawali Aceh,B04,5,purging,55,11039,2789,2778,8185,9603,2782,9498,14967,14778,14380,,
1017174,M-RAT,medium,Arabika Ratawali Aceh,B04,5,purging,56,11027,2789,2779,8186,9601,2780,9497,14957,14771,14376,,
1018173,M-RAT,medium,Arabika Ratawali Aceh,B04,5,purging,57,11017,2789,2777,8187,9598,2782,9497,14949,14763,14371,,
1019173,M-RAT,medium,Arabika Ratawali Aceh,B04,5,purging,58,11007,2787,2779,8187,9596,2782,9495,14940,14756,14366,,
1020173,M-RAT,medium,Arabika Ratawali Aceh,B04,5,purging,59,10997,2790,2778,8188,9595,2781,9494,14931,14748,14362,,
1021173,M-RAT,medium,Arabika Ratawali Aceh,B04,5,purging,60,10987,2791,2776,8188,9593,2781,9493,14923,14741,14358,,
1022176,M-RAT,medium,Arabika Ratawali Aceh,B04,5,collecting,1,10977,2787,2776,8189,9590,2781,9493,14915,14735,14354,,
1023173,M-RAT,medium,Arabika Ratawali Aceh,B04,5,collecting,2,10968,2791,2778,8189,9589,2782,9494,14908,14728,14357,,
1024174,M-RAT,medium,Arabika Ratawali Aceh,B04,5,collecting,3,10961,2785,2778,8190,9593,2782,9501,14905,14723,14367,,
1025173,M-RAT,medium,Arabika Ratawali Aceh,B04,5,collecting,4,11050,2790,2778,8191,9619,2782,9530,14923,14728,14401,,
1026173,M-RAT,medium,Arabika Ratawali Aceh,B04,5,collecting,5,11353,2786,2778,8192,9674,2778,9584,14992,14758,14464,,
1027173,M-RAT,medium,Arabika Ratawali Aceh,B04,5,collecting,6,11817,2788,2779,8193,9746,2782,9651,15095,14822,14539,,
1028173,M-RAT,medium,Arabika Ratawali Aceh,B04,5,collecting,7,12353,2786,2776,8194,9827,2781,9715,15219,14912,14623,,
1029173,M-RAT,medium,Arabika Ratawali Aceh,B04,5,collecting,8,12867,2787,2778,8195,9903,2781,9770,15349,15017,14703,,
1030173,M-RAT,medium,Arabika Ratawali Aceh,B04,5,collecting,9,13316,2791,2778,8196,9972,2780,9818,15469,15128,14778,,
1031174,M-RAT,medium,Arabika Ratawali Aceh,B04,5,collecting,10,13693,2791,2778,8197,10032,2781,9859,15576,15236,14846,,
1032173,M-RAT,medium,Arabika Ratawali Aceh,B04,5,collecting,11,14000,2793,2778,8197,10085,2783,9889,15671,15336,14907,,
1033174,M-RAT,medium,Arabika Ratawali Aceh,B04,5,collecting,12,14240,2794,2778,8198,10130,2783,9911,15753,15428,14958,,
1034173,M-RAT,medium,Arabika Ratawali Aceh,B04,5,collecting,13,14432,2793,2778,8199,10168,2781,9931,15820,15510,15004,,
1035173,M-RAT,medium,Arabika Ratawali Aceh,B04,5,collecting,14,14585,2793,2779,8200,10202,2783,9947,15878,15582,15046,,
1036173,M-RAT,medium,Arabika Ratawali Aceh,B04,5,collecting,15,14698,2795,2781,8201,10230,2783,9959,15926,15645,15080,,
1037173,M-RAT,medium,Arabika Ratawali Aceh,B04,5,collecting,16,14773,2793,2779,8202,10251,2783,9968,15959,15696,15106,,
1038173,M-RAT,medium,Arabika Ratawali Aceh,B04,5,collecting,17,14811,2795,2782,8202,10267,2783,9973,15981,15737,15123,,
1039173,M-RAT,medium,Arabika Ratawali Aceh,B04,5,collecting,18,14820,2796,2778,8203,10276,2780,9974,15991,15767,15132,,
1040174,M-RAT,medium,Arabika Ratawali Aceh,B04,5,collecting,19,14810,2796,2778,8204,10279,2783,9971,15993,15787,15137,,
1041173,M-RAT,medium,Arabika Ratawali Aceh,B04,5,collecting,20,14789,2792,2778,8205,10279,2781,9966,15991,15799,15137,,
1042173,M-RAT,medium,Arabika Ratawali Aceh,B04,5,collecting,21,14760,2795,2778,8206,10275,2783,9956,15985,15807,15135,,
1043173,M-RAT,medium,Arabika Ratawali Aceh,B04,5,collecting,22,14727,2792,2778,8207,10269,2781,9947,15979,15810,15132,,
1044173,M-RAT,medium,Arabika Ratawali Aceh,B04,5,collecting,23,14693,2793,2776,8208,10261,2783,9936,15972,15810,15128,,
1045173,M-RAT,medium,Arabika Ratawali Aceh,B04,5,collecting,24,14657,2793,2776,8209,10253,2783,9925,15965,15809,15122,,
1046173,M-RAT,medium,Arabika Ratawali Aceh,B04,5,collecting,25,14622,2792,2778,8210,10242,2781,9913,15958,15805,15117,,
1047174,M-RAT,medium,Arabika Ratawali Aceh,B04,5,collecting,26,14589,2792,2778,8210,10233,2781,9903,15951,15800,15113,,
1048173,M-RAT,medium,Arabika Ratawali Aceh,B04,5,collecting,27,14560,2791,2778,8211,10223,2784,9894,15945,15795,15108,,
1049174,M-RAT,medium,Arabika Ratawali Aceh,B04,5,collecting,28,14531,2795,2778,8212,10214,2783,9885,15940,15790,15103,,
1050173,M-RAT,medium,Arabika Ratawali Aceh,B04,5,collecting,29,14504,2791,2775,8212,10205,2780,9875,15934,15784,15098,,
1051173,M-RAT,medium,Arabika Ratawali Aceh,B04,5,collecting,30,14477,2793,2780,8213,10196,2783,9867,15928,15778,15093,,
1052173,M-RAT,medium,Arabika Ratawali Aceh,B04,5,collecting,31,14450,2791,2776,8214,10187,2783,9857,15922,15771,15087,,
1053173,M-RAT,medium,Arabika Ratawali Aceh,B04,5,collecting,32,14424,2792,2781,8215,10178,2781,9847,15915,15764,15081,,
1054173,M-RAT,medium,Arabika Ratawali Aceh,B04,5,collecting,33,14399,2791,2779,8216,10170,2780,9839,15909,15757,15076,,
1055173,M-RAT,medium,Arabika Ratawali Aceh,B04,5,collecting,34,14376,2791,2777,8216,10162,2780,9831,15904,15750,15070,,
1056174,M-RAT,medium,Arabika Ratawali Aceh,B04,5,collecting,35,14352,2795,2778,8217,10153,2782,9824,15898,15742,15064,,
1057173,M-RAT,medium,Arabika Ratawali Aceh,B04,5,collecting,36,14327,2795,2778,8217,10145,2780,9815,15891,15734,15057,,
1058173,M-RAT,medium,Arabika Ratawali Aceh,B04,5,collecting,37,14301,2793,2778,8218,10137,2781,9807,15883,15725,15051,,
1059173,M-RAT,medium,Arabika Ratawali Aceh,B04,5,collecting,38,14274,2792,2778,8218,10128,2779,9800,15875,15716,15044,,
1060173,M-RAT,medium,Arabika Ratawali Aceh,B04,5,collecting,39,14248,2792,2776,8219,10120,2780,9794,15867,15707,15039,,
1061173,M-RAT,medium,Arabika Ratawali Aceh,B04,5,collecting,40,14225,2789,2779,8219,10113,2782,9788,15860,15698,15033,,
1062173,M-RAT,medium,Arabika Ratawali Aceh,B04,5,collecting,41,14205,2792,2776,8219,10107,2778,9783,15855,15689,15028,,
1063174,M-RAT,medium,Arabika Ratawali Aceh,B04,5,collecting,42,14186,2789,2776,8219,10101,2779,9778,15850,15682,15023,,
1064173,M-RAT,medium,Arabika Ratawali Aceh,B04,5,collecting,43,14170,2790,2778,8221,10094,2780,9773,15845,15674,15019,,
1065174,M-RAT,medium,Arabika Ratawali Aceh,B04,5,collecting,44,14154,2790,2778,8221,10089,2780,9768,15841,15668,15014,,
1066173,M-RAT,medium,Arabika Ratawali Aceh,B04,5,collecting,45,14138,2790,2776,8221,10084,2780,9762,15837,15661,15010,,
1067173,M-RAT,medium,Arabika Ratawali Aceh,B04,5,collecting,46,14123,2798,2776,8222,10079,2781,9759,15832,15654,15005,,
1068173,M-RAT,medium,Arabika Ratawali Aceh,B04,5,collecting,47,14108,2794,2776,8222,10074,2783,9755,15827,15647,15001,,
1069173,M-RAT,medium,Arabika Ratawali Aceh,B04,5,collecting,48,14095,2790,2778,8222,10069,2780,9753,15822,15641,14998,,
1070173,M-RAT,medium,Arabika Ratawali Aceh,B04,5,collecting,49,14085,2792,2778,8222,10065,2779,9751,15818,15635,14994,,
1071173,M-RAT,medium,Arabika Ratawali Aceh,B04,5,collecting,50,14074,2791,2775,8223,10062,2780,9748,15814,15630,14990,,
1072174,M-RAT,medium,Arabika Ratawali Aceh,B04,5,collecting,51,14063,2791,2777,8223,10058,2781,9744,15810,15625,14987,,
1073173,M-RAT,medium,Arabika Ratawali Aceh,B04,5,collecting,52,14051,2791,2779,8223,10054,2780,9741,15806,15619,14983,,
1074173,M-RAT,medium,Arabika Ratawali Aceh,B04,5,collecting,53,14037,2786,2777,8224,10050,2778,9737,15802,15613,14979,,
1075173,M-RAT,medium,Arabika Ratawali Aceh,B04,5,collecting,54,14025,2791,2778,8224,10047,2781,9736,15798,15607,14976,,
1076173,M-RAT,medium,Arabika Ratawali Aceh,B04,5,collecting,55,14017,2792,2778,8225,10044,2780,9733,15796,15603,14974,,
1077173,M-RAT,medium,Arabika Ratawali Aceh,B04,5,collecting,56,14012,2791,2776,8225,10043,2779,9732,15795,15599,14973,,
1078173,M-RAT,medium,Arabika Ratawali Aceh,B04,5,collecting,57,14008,2792,2776,8226,10042,2778,9733,15794,15597,14974,,
1079174,M-RAT,medium,Arabika Ratawali Aceh,B04,5,collecting,58,14000,2791,2779,8226,10042,2779,9732,15793,15594,14975,,
1080173,M-RAT,medium,Arabika Ratawali Aceh,B04,5,collecting,59,13977,2789,2776,8227,10041,2779,9733,15788,15591,14972,,
1081174,M-RAT,medium,Arabika Ratawali Aceh,B04,5,collecting,60,13946,2790,2776,8227,10039,2781,9734,15780,15585,14969,,
1082173,M-RAT,medium,Arabika Ratawali Aceh,B04,5,collecting,61,13912,2789,2778,8227,10037,2780,9736,15771,15579,14966,,
1083173,M-RAT,medium,Arabika Ratawali Aceh,B04,5,collecting,62,13874,2789,2776,8228,10034,2781,9735,15761,15572,14960,,
1084173,M-RAT,medium,Arabika Ratawali Aceh,B04,5,collecting,63,13842,2793,2776,8228,10033,2780,9737,15752,15564,14957,,
1085173,M-RAT,medium,Arabika Ratawali Aceh,B04,5,collecting,64,13822,2790,2776,8229,10034,2780,9739,15748,15558,14954,,
1086173,M-RAT,medium,Arabika Ratawali Aceh,B04,5,collecting,65,13804,2789,2773,8229,10032,2780,9740,15743,15553,14951,,
1087173,M-RAT,medium,Arabika Ratawali Aceh,B04,5,collecting,66,13784,2795,2779,8230,10030,2778,9739,15737,15549,14947,,
1088174,M-RAT,medium,Arabika Ratawali Aceh,B04,5,collecting,67,13764,2788,2776,8231,10027,2780,9737,15730,15543,14942,,
1089173,M-RAT,medium,Arabika Ratawali Aceh,B04,5,collecting,68,13746,2791,2776,8231,10024,2780,9734,15723,15537,14938,,
1090173,M-RAT,medium,Arabika Ratawali Aceh,B04,5,collecting,69,13734,2790,2776,8232,10022,2781,9732,15718,15531,14935,,
1091173,M-RAT,medium,Arabika Ratawali Aceh,B04,5,collecting,70,13729,2791,2776,8232,10021,2780,9731,15715,15527,14933,,
1092173,M-RAT,medium,Arabika Ratawali Aceh,B04,5,collecting,71,13728,2789,2778,8232,10020,2780,9731,15714,15524,14931,,
1093173,M-RAT,medium,Arabika Ratawali Aceh,B04,5,collecting,72,13734,2789,2776,8233,10019,2780,9731,15714,15522,14931,,
1094173,M-RAT,medium,Arabika Ratawali Aceh,B04,5,collecting,73,13744,2789,2776,8233,10019,2780,9731,15717,15522,14931,,
1095174,M-RAT,medium,Arabika Ratawali Aceh,B04,5,collecting,74,13752,2788,2774,8233,10018,2780,9731,15717,15522,14930,,
1096173,M-RAT,medium,Arabika Ratawali Aceh,B04,5,collecting,75,13756,2789,2776,8234,10017,2777,9729,15716,15521,14929,,
1097174,M-RAT,medium,Arabika Ratawali Aceh,B04,5,collecting,76,13754,2791,2776,8234,10015,2780,9727,15713,15519,14927,,
1098173,M-RAT,medium,Arabika Ratawali Aceh,B04,5,collecting,77,13748,2791,2778,8235,10012,2778,9725,15709,15516,14923,,
1099173,M-RAT,medium,Arabika Ratawali Aceh,B04,5,collecting,78,13737,2792,2782,8235,10009,2779,9723,15703,15512,14919,,
1100173,M-RAT,medium,Arabika Ratawali Aceh,B04,5,collecting,79,13726,2788,2781,8236,10006,2783,9720,15697,15508,14915,,
1101173,M-RAT,medium,Arabika Ratawali Aceh,B04,5,collecting,80,13725,2789,2779,8236,10005,2782,9720,15696,15504,14916,,
1102173,M-RAT,medium,Arabika Ratawali Aceh,B04,5,collecting,81,13736,2792,2775,8237,10005,2780,9721,15699,15503,14918,,
1103173,M-RAT,medium,Arabika Ratawali Aceh,B04,5,collecting,82,13748,2786,2778,8237,10006,2778,9721,15703,15504,14918,,
1104174,M-RAT,medium,Arabika Ratawali Aceh,B04,5,collecting,83,13755,2788,2777,8238,10006,2783,9720,15703,15505,14917,,
1105173,M-RAT,medium,Arabika Ratawali Aceh,B04,5,collecting,84,13751,2788,2776,8238,10004,2780,9717,15700,15504,14914,,
1106173,M-RAT,medium,Arabika Ratawali Aceh,B04,5,collecting,85,13743,2790,2776,8239,10002,2779,9714,15696,15501,14912,,
1107173,M-RAT,medium,Arabika Ratawali Aceh,B04,5,collecting,86,13739,2791,2777,8239,10000,2780,9713,15694,15499,14911,,
1108173,M-RAT,medium,Arabika Ratawali Aceh,B04,5,collecting,87,13739,2790,2776,8240,10001,2779,9713,15693,15498,14910,,
1109173,M-RAT,medium,Arabika Ratawali Aceh,B04,5,collecting,88,13740,2790,2776,8240,10000,2779,9714,15693,15497,14910,,
1110173,M-RAT,medium,Arabika Ratawali Aceh,B04,5,collecting,89,13739,2791,2777,8240,10000,2779,9713,15693,15496,14907,,
1111174,M-RAT,medium,Arabika Ratawali Aceh,B04,5,collecting,90,13734,2790,2776,8241,9998,2783,9712,15690,15493,14906,,
1112173,M-RAT,medium,Arabika Ratawali Aceh,B04,5,collecting,91,13736,2790,2773,8241,9998,2778,9712,15690,15491,14907,,
1113174,M-RAT,medium,Arabika Ratawali Aceh,B04,5,collecting,92,13747,2789,2777,8241,9998,2782,9714,15693,15492,14909,,
1114173,M-RAT,medium,Arabika Ratawali Aceh,B04,5,collecting,93,13754,2790,2776,8242,9998,2780,9714,15694,15493,14908,,
1115173,M-RAT,medium,Arabika Ratawali Aceh,B04,5,collecting,94,13754,2789,2776,8243,9997,2780,9713,15693,15492,14906,,
1116173,M-RAT,medium,Arabika Ratawali Aceh,B04,5,collecting,95,13751,2786,2776,8243,9996,2779,9711,15692,15491,14905,,
1117173,M-RAT,medium,Arabika Ratawali Aceh,B04,5,collecting,96,13744,2790,2776,8243,9994,2780,9711,15688,15490,14903,,
1118173,M-RAT,medium,Arabika Ratawali Aceh,B04,5,collecting,97,13734,2792,2774,8243,9991,2780,9710,15684,15487,14899,,
1119173,M-RAT,medium,Arabika Ratawali Aceh,B04,5,collecting,98,13723,2786,2778,8244,9989,2780,9708,15679,15484,14897,,
1120174,M-RAT,medium,Arabika Ratawali Aceh,B04,5,collecting,99,13713,2789,2778,8245,9987,2780,9707,15676,15480,14895,,
1121173,M-RAT,medium,Arabika Ratawali Aceh,B04,5,collecting,100,13709,2790,2776,8245,9987,2780,9706,15675,15477,14894,,
1122173,M-RAT,medium,Arabika Ratawali Aceh,B04,5,collecting,101,13706,2788,2776,8246,9985,2780,9706,15674,15476,14893,,
1123173,M-RAT,medium,Arabika Ratawali Aceh,B04,5,collecting,102,13700,2789,2774,8246,9983,2779,9705,15671,15474,14891,,
1124173,M-RAT,medium,Arabika Ratawali Aceh,B04,5,collecting,103,13694,2790,2776,8246,9982,2778,9705,15669,15471,14889,,
1125173,M-RAT,medium,Arabika Ratawali Aceh,B04,5,collecting,104,13694,2788,2776,8246,9980,2779,9705,15668,15469,14890,,
1126173,M-RAT,medium,Arabika Ratawali Aceh,B04,5,collecting,105,13701,2789,2776,8247,9982,2780,9707,15670,15469,14891,,
1127174,M-RAT,medium,Arabika Ratawali Aceh,B04,5,collecting,106,13710,2790,2776,8247,9982,2778,9706,15672,15469,14891,,
1128173,M-RAT,medium,Arabika Ratawali Aceh,B04,5,collecting,107,13713,2789,2776,8248,9981,2782,9705,15672,15469,14889,,
1129174,M-RAT,medium,Arabika Ratawali Aceh,B04,5,collecting,108,13714,2790,2779,8248,9980,2780,9705,15671,15468,14888,,
1130173,M-RAT,medium,Arabika Ratawali Aceh,B04,5,collecting,109,13723,2789,2776,8248,9981,2780,9707,15672,15468,14890,,
1131173,M-RAT,medium,Arabika Ratawali Aceh,B04,5,collecting,110,13733,2788,2773,8249,9981,2780,9706,15675,15469,14889,,
1132173,M-RAT,medium,Arabika Ratawali Aceh,B04,5,collecting,111,13746,2788,2775,8249,9982,2781,9708,15677,15470,14892,,
1133173,M-RAT,medium,Arabika Ratawali Aceh,B04,5,collecting,112,13775,2789,2776,8250,9986,2779,9711,15684,15474,14897,,
1134173,M-RAT,medium,Arabika Ratawali Aceh,B04,5,collecting,113,13803,2790,2772,8250,9989,2782,9712,15692,15479,14900,,
1135173,M-RAT,medium,Arabika Ratawali Aceh,B04,5,collecting,114,13832,2788,2776,8250,9992,2780,9713,15700,15485,14903,,
1136174,M-RAT,medium,Arabika Ratawali Aceh,B04,5,collecting,115,13852,2786,2776,8251,9992,2781,9712,15706,15490,14903,,
1137173,M-RAT,medium,Arabika Ratawali Aceh,B04,5,collecting,116,13855,2786,2776,8252,9989,2778,9707,15704,15492,14899,,
1138173,M-RAT,medium,Arabika Ratawali Aceh,B04,5,collecting,117,13842,2790,2776,8251,9984,2777,9700,15698,15491,14893,,
1139173,M-RAT,medium,Arabika Ratawali Aceh,B04,5,collecting,118,13827,2790,2776,8252,9979,2779,9694,15691,15486,14889,,
1140173,M-RAT,medium,Arabika Ratawali Aceh,B04,5,collecting,119,13808,2790,2776,8252,9974,2780,9689,15684,15482,14884,,
1141173,M-RAT,medium,Arabika Ratawali Aceh,B04,5,collecting,120,13790,2786,2775,8252,9969,2780,9685,15678,15476,14879,,
1142173,M-RAT,medium,Arabika Ratawali Aceh,B04,5,collecting,121,13772,2790,2772,8253,9965,2780,9682,15672,15471,14875,,
1143174,M-RAT,medium,Arabika Ratawali Aceh,B04,5,collecting,122,13756,2790,2777,8253,9960,2778,9678,15667,15465,14871,,
1144173,M-RAT,medium,Arabika Ratawali Aceh,B04,5,collecting,123,13749,2792,2779,8253,9958,2780,9677,15664,15460,14870,,
1145174,M-RAT,medium,Arabika Ratawali Aceh,B04,5,collecting,124,13745,2790,2776,8254,9956,2780,9675,15662,15457,14868,,
1146173,M-RAT,medium,Arabika Ratawali Aceh,B04,5,collecting,125,13743,2788,2776,8254,9954,2780,9674,15663,15454,14867,,
1147173,M-RAT,medium,Arabika Ratawali Aceh,B04,5,collecting,126,13745,2789,2774,8254,9952,2780,9674,15663,15452,14866,,
1148173,M-RAT,medium,Arabika Ratawali Aceh,B04,5,collecting,127,13743,2792,2773,8255,9950,2778,9672,15661,15451,14863,,
1149173,M-RAT,medium,Arabika Ratawali Aceh,B04,5,collecting,128,13738,2790,2776,8255,9948,2779,9670,15658,15449,14861,,
1150173,M-RAT,medium,Arabika Ratawali Aceh,B04,5,collecting,129,13741,2789,2773,8255,9946,2779,9670,15658,15447,14860,,
1151173,M-RAT,medium,Arabika Ratawali Aceh,B04,5,collecting,130,13744,2789,2776,8255,9945,2779,9668,15658,15446,14859,,
1152174,M-RAT,medium,Arabika Ratawali Aceh,B04,5,collecting,131,13750,2791,2776,8256,9944,2777,9669,15659,15445,14859,,
1153173,M-RAT,medium,Arabika Ratawali Aceh,B04,5,collecting,132,13760,2787,2776,8256,9944,2780,9669,15661,15444,14859,,
1154173,M-RAT,medium,Arabika Ratawali Aceh,B04,5,collecting,133,13774,2790,2776,8256,9945,2782,9669,15665,15445,14860,,
1155173,M-RAT,medium,Arabika Ratawali Aceh,B04,5,collecting,134,13788,2789,2777,8257,9944,2780,9669,15668,15446,14859,,
1156173,M-RAT,medium,Arabika Ratawali Aceh,B04,5,collecting,135,13790,2791,2781,8256,9942,2783,9665,15667,15446,14856,,
1157173,M-RAT,medium,Arabika Ratawali Aceh,B04,5,collecting,136,13789,2790,2772,8257,9939,2780,9663,15664,15445,14854,,
1158173,M-RAT,medium,Arabika Ratawali Aceh,B04,5,collecting,137,13786,2790,2774,8257,9935,2782,9659,15662,15443,14850,,
1159174,M-RAT,medium,Arabika Ratawali Aceh,B04,5,collecting,138,13776,2790,2776,8258,9930,2780,9653,15656,15439,14844,,
1160173,M-RAT,medium,Arabika Ratawali Aceh,B04,5,collecting,139,13762,2788,2775,8258,9925,2779,9648,15650,15434,14839,,
1161174,M-RAT,medium,Arabika Ratawali Aceh,B04,5,collecting,140,13749,2790,2776,8258,9920,2780,9643,15645,15428,14834,,
1162173,M-RAT,medium,Arabika Ratawali Aceh,B04,5,collecting,141,13740,2790,2776,8258,9915,2780,9641,15641,15423,14831,,
1163173,M-RAT,medium,Arabika Ratawali Aceh,B04,5,collecting,142,13743,2790,2772,8258,9913,2780,9640,15642,15419,14831,,
1164173,M-RAT,medium,Arabika Ratawali Aceh,B04,5,collecting,143,13753,2790,2776,8258,9912,2778,9639,15644,15418,14831,,
1165173,M-RAT,medium,Arabika Ratawali Aceh,B04,5,collecting,144,13767,2790,2774,8258,9911,2780,9640,15647,15418,14830,,
1166173,M-RAT,medium,Arabika Ratawali Aceh,B04,5,collecting,145,13774,2788,2776,8258,9909,2782,9638,15648,15418,14829,,
1167173,M-RAT,medium,Arabika Ratawali Aceh,B04,5,collecting,146,13777,2787,2776,8258,9907,2781,9635,15647,15417,14827,,
1168174,M-RAT,medium,Arabika Ratawali Aceh,B04,5,collecting,147,13783,2790,2779,8259,9905,2780,9633,15648,15416,14826,,
1169173,M-RAT,medium,Arabika Ratawali Aceh,B04,5,collecting,148,13785,2790,2776,8259,9903,2780,9631,15647,15415,14823,,
1170173,M-RAT,medium,Arabika Ratawali Aceh,B04,5,collecting,149,13775,2791,2774,8259,9899,2778,9627,15642,15411,14818,,
1171173,M-RAT,medium,Arabika Ratawali Aceh,B04,5,collecting,150,13765,2789,2777,8260,9895,2780,9623,15637,15406,14815,,
1172173,M-RAT,medium,Arabika Ratawali Aceh,B04,5,collecting,151,13764,2787,2777,8260,9894,2780,9623,15637,15403,14816,,
1173173,M-RAT,medium,Arabika Ratawali Aceh,B04,5,collecting,152,13784,2789,2772,8260,9896,2778,9626,15643,15402,14821,,
1174173,M-RAT,medium,Arabika Ratawali Aceh,B04,5,collecting,153,13812,2790,2776,8260,9900,2780,9629,15653,15406,14824,,
1175174,M-RAT,medium,Arabika Ratawali Aceh,B04,5,collecting,154,13837,2790,2776,8260,9902,2781,9631,15661,15411,14826,,
1176173,M-RAT,medium,Arabika Ratawali Aceh,B04,5,collecting,155,13856,2787,2772,8260,9903,2780,9630,15665,15416,14828,,
1177174,M-RAT,medium,Arabika Ratawali Aceh,B04,5,collecting,156,13860,2789,2776,8260,9901,2780,9627,15665,15418,14825,,
1178173,M-RAT,medium,Arabika Ratawali Aceh,B04,5,collecting,157,13852,2788,2776,8260,9898,2780,9624,15661,15416,14820,,
1179173,M-RAT,medium,Arabika Ratawali Aceh,B04,5,collecting,158,13837,2792,2776,8261,9894,2778,9620,15655,15413,14816,,
1180173,M-RAT,medium,Arabika Ratawali Aceh,B04,5,collecting,159,13822,2790,2776,8261,9889,2777,9618,15649,15408,14813,,
1181173,M-RAT,medium,Arabika Ratawali Aceh,B04,5,collecting,160,13814,2790,2776,8261,9887,2780,9617,15647,15404,14811,,
1182173,M-RAT,medium,Arabika Ratawali Aceh,B04,5,collecting,161,13810,2789,2779,8261,9885,2779,9616,15646,15402,14808,,
1183173,M-RAT,medium,Arabika Ratawali Aceh,B04,5,collecting,162,13799,2788,2776,8261,9881,2780,9612,15643,15399,14803,,
1184174,M-RAT,medium,Arabika Ratawali Aceh,B04,5,collecting,163,13785,2790,2776,8261,9877,2780,9608,15637,15394,14799,,
1185173,M-RAT,medium,Arabika Ratawali Aceh,B04,5,collecting,164,13767,2790,2776,8262,9871,2780,9604,15631,15389,14792,,
1186173,M-RAT,medium,Arabika Ratawali Aceh,B04,5,collecting,165,13746,2789,2774,8262,9865,2780,9598,15623,15382,14786,,
1187173,M-RAT,medium,Arabika Ratawali Aceh,B04,5,collecting,166,13728,2786,2776,8262,9860,2782,9594,15616,15375,14781,,
1188173,M-RAT,medium,Arabika Ratawali Aceh,B04,5,collecting,167,13714,2790,2774,8262,9855,2779,9590,15611,15368,14776,,
1189173,M-RAT,medium,Arabika Ratawali Aceh,B04,5,collecting,168,13700,2786,2775,8262,9851,2781,9587,15606,15362,14770,,
1190173,M-RAT,medium,Arabika Ratawali Aceh,B04,5,collecting,169,13692,2789,2777,8262,9846,2780,9585,15601,15356,14767,,
1191174,M-RAT,medium,Arabika Ratawali Aceh,B04,5,collecting,170,13685,2790,2776,8262,9842,2781,9582,15598,15351,14763,,
1192173,M-RAT,medium,Arabika Ratawali Aceh,B04,5,collecting,171,13679,2787,2773,8262,9838,2780,9578,15595,15345,14759,,
1193174,M-RAT,medium,Arabika Ratawali Aceh,B04,5,collecting,172,13679,2790,2775,8262,9835,2782,9577,15594,15342,14757,,
1194173,M-RAT,medium,Arabika Ratawali Aceh,B04,5,collecting,173,13681,2788,2776,8263,9834,2777,9577,15593,15340,14755,,
1195173,M-RAT,medium,Arabika Ratawali Aceh,B04,5,collecting,174,13681,2790,2776,8263,9831,2780,9574,15591,15338,14752,,
1196173,M-RAT,medium,Arabika Ratawali Aceh,B04,5,collecting,175,13682,2787,2775,8263,9828,2778,9572,15589,15336,14750,,
1197173,M-RAT,medium,Arabika Ratawali Aceh,B04,5,collecting,176,13687,2789,2775,8263,9827,2780,9572,15590,15336,14749,,
1198173,M-RAT,medium,Arabika Ratawali Aceh,B04,5,collecting,177,13692,2787,2776,8263,9825,2782,9570,15590,15335,14748,,
1199173,M-RAT,medium,Arabika Ratawali Aceh,B04,5,collecting,178,13699,2788,2776,8263,9824,2779,9569,15590,15335,14747,,
1200174,M-RAT,medium,Arabika Ratawali Aceh,B04,5,collecting,179,13700,2790,2775,8263,9822,2780,9567,15589,15334,14744,,
1201173,M-RAT,medium,Arabika Ratawali Aceh,B04,5,collecting,180,13693,2787,2772,8263,9819,2780,9564,15585,15332,14739,,
1202177,M-RAT,medium,Arabika Ratawali Aceh,B04,6,purging,1,13683,2787,2773,8263,9815,2783,9560,15579,15327,14735,,
1203173,M-RAT,medium,Arabika Ratawali Aceh,B04,6,purging,2,13672,2787,2775,8263,9811,2778,9557,15575,15323,14732,,
1204173,M-RAT,medium,Arabika Ratawali Aceh,B04,6,purging,3,13668,2790,2774,8263,9808,2778,9556,15573,15319,14730,,
1205173,M-RAT,medium,Arabika Ratawali Aceh,B04,6,purging,4,13666,2790,2779,8263,9806,2779,9556,15572,15316,14729,,
1206173,M-RAT,medium,Arabika Ratawali Aceh,B04,6,purging,5,13667,2790,2772,8263,9805,2780,9555,15572,15313,14728,,
1207174,M-RAT,medium,Arabika Ratawali Aceh,B04,6,purging,6,13665,2787,2772,8263,9803,2780,9553,15571,15312,14726,,
1208173,M-RAT,medium,Arabika Ratawali Aceh,B04,6,purging,7,13630,2787,2776,8263,9794,2780,9546,15561,15306,14711,,
1209174,M-RAT,medium,Arabika Ratawali Aceh,B04,6,purging,8,13547,2789,2774,8263,9777,2781,9531,15533,15292,14689,,
1210173,M-RAT,medium,Arabika Ratawali Aceh,B04,6,purging,9,13428,2788,2776,8263,9755,2777,9512,15495,15267,14663,,
1211173,M-RAT,medium,Arabika Ratawali Aceh,B04,6,purging,10,13287,2787,2773,8263,9731,2777,9494,15453,15236,14635,,
1212173,M-RAT,medium,Arabika Ratawali Aceh,B04,6,purging,11,13137,2788,2774,8264,9708,2780,9476,15411,15201,14609,,
1213173,M-RAT,medium,Arabika Ratawali Aceh,B04,6,purging,12,12983,2783,2775,8263,9685,2779,9462,15369,15164,14583,,
1214173,M-RAT,medium,Arabika Ratawali Aceh,B04,6,purging,13,12830,2785,2776,8263,9664,2778,9449,15331,15128,14558,,
1215173,M-RAT,medium,Arabika Ratawali Aceh,B04,6,purging,14,12683,2783,2773,8264,9644,2782,9439,15294,15092,14535,,
1216174,M-RAT,medium,Arabika Ratawali Aceh,B04,6,purging,15,12542,2783,2776,8263,9626,2780,9430,15261,15058,14513,,
1217173,M-RAT,medium,Arabika Ratawali Aceh,B04,6,purging,16,12411,2783,2775,8263,9609,2781,9422,15229,15025,14492,,
1218173,M-RAT,medium,Arabika Ratawali Aceh,B04,6,purging,17,12288,2785,2774,8263,9593,2779,9415,15199,14993,14475,,
1219173,M-RAT,medium,Arabika Ratawali Aceh,B04,6,purging,18,12175,2783,2773,8264,9580,2780,9410,15172,14964,14458,,
1220173,M-RAT,medium,Arabika Ratawali Aceh,B04,6,purging,19,12070,2782,2776,8264,9567,2780,9404,15148,14936,14443,,
1221173,M-RAT,medium,Arabika Ratawali Aceh,B04,6,purging,20,11974,2785,2776,8264,9557,2780,9401,15124,14909,14427,,
1222173,M-RAT,medium,Arabika Ratawali Aceh,B04,6,purging,21,11886,2787,2774,8265,9546,2780,9399,15101,14884,14412,,
1223174,M-RAT,medium,Arabika Ratawali Aceh,B04,6,purging,22,11806,2783,2773,8264,9536,2778,9395,15078,14860,14397,,
1224173,M-RAT,medium,Arabika Ratawali Aceh,B04,6,purging,23,11733,2787,2774,8264,9528,2780,9390,15057,14838,14383,,
1225174,M-RAT,medium,Arabika Ratawali Aceh,B04,6,purging,24,11668,2785,2775,8265,9519,2778,9386,15037,14816,14370,,
1226173,M-RAT,medium,Arabika Ratawali Aceh,B04,6,purging,25,11608,2783,2776,8265,9510,2780,9383,15018,14795,14358,,
1227173,M-RAT,medium,Arabika Ratawali Aceh,B04,6,purging,26,11554,2783,2776,8265,9502,2783,9380,15001,14776,14346,,
1228173,M-RAT,medium,Arabika Ratawali Aceh,B04,6,purging,27,11504,2785,2779,8265,9495,2780,9377,14984,14757,14336,,
1229173,M-RAT,medium,Arabika Ratawali Aceh,B04,6,purging,28,11460,2782,2776,8265,9489,2781,9374,14967,14739,14325,,
1230173,M-RAT,medium,Arabika Ratawali Aceh,B04,6,purging,29,11419,2787,2779,8265,9484,2779,9373,14951,14722,14315,,
1231173,M-RAT,medium,Arabika Ratawali Aceh,B04,6,purging,30,11381,2787,2773,8266,9477,2777,9370,14936,14706,14304,,
1232174,M-RAT,medium,Arabika Ratawali Aceh,B04,6,purging,31,11347,2785,2775,8265,9471,2783,9368,14921,14690,14295,,
1233173,M-RAT,medium,Arabika Ratawali Aceh,B04,6,purging,32,11315,2783,2776,8266,9465,2781,9365,14907,14676,14285,,
1234173,M-RAT,medium,Arabika Ratawali Aceh,B04,6,purging,33,11285,2785,2774,8265,9459,2779,9363,14893,14661,14277,,
1235173,M-RAT,medium,Arabika Ratawali Aceh,B04,6,purging,34,11257,2786,2776,8265,9455,2779,9361,14880,14647,14268,,
1236173,M-RAT,medium,Arabika Ratawali Aceh,B04,6,purging,35,11232,2785,2772,8266,9449,2780,9359,14867,14634,14259,,
1237173,M-RAT,medium,Arabika Ratawali Aceh,B04,6,purging,36,11209,2783,2775,8265,9444,2780,9358,14855,14621,14252,,
1238173,M-RAT,medium,Arabika Ratawali Aceh,B04,6,purging,37,11187,2786,2774,8266,9440,2779,9355,14843,14608,14243,,
1239174,M-RAT,medium,Arabika Ratawali Aceh,B04,6,purging,38,11166,2783,2772,8266,9436,2780,9352,14831,14596,14236,,
1240173,M-RAT,medium,Arabika Ratawali Aceh,B04,6,purging,39,11147,2783,2778,8266,9431,2780,9351,14819,14584,14229,,
1241174,M-RAT,medium,Arabika Ratawali Aceh,B04,6,purging,40,11129,2786,2775,8266,9428,2778,9350,14808,14573,14221,,
1242173,M-RAT,medium,Arabika Ratawali Aceh,B04,6,purging,41,11112,2787,2775,8266,9424,2782,9349,14797,14563,14213,,
1243173,M-RAT,medium,Arabika Ratawali Aceh,B04,6,purging,42,11096,2786,2775,8266,9420,2779,9346,14786,14551,14207,,
1244173,M-RAT,medium,Arabika Ratawali Aceh,B04,6,purging,43,11080,2783,2777,8266,9416,2782,9345,14776,14541,14199,,
1245173,M-RAT,medium,Arabika Ratawali Aceh,B04,6,purging,44,11065,2784,2776,8267,9412,2780,9342,14765,14531,14193,,
1246173,M-RAT,medium,Arabika Ratawali Aceh,B04,6,purging,45,11051,2785,2773,8266,9409,2781,9340,14755,14521,14186,,
1247173,M-RAT,medium,Arabika Ratawali Aceh,B04,6,purging,46,11037,2786,2772,8266,9405,2780,9339,14746,14511,14180,,
1248174,M-RAT,medium,Arabika Ratawali Aceh,B04,6,purging,47,11025,2783,2773,8266,9401,2780,9337,14737,14502,14174,,
1249173,M-RAT,medium,Arabika Ratawali Aceh,B04,6,purging,48,11012,2785,2775,8266,9397,2783,9335,14727,14493,14166,,
1250173,M-RAT,medium,Arabika Ratawali Aceh,B04,6,purging,49,11001,2787,2776,8266,9392,2780,9332,14717,14483,14159,,
1251173,M-RAT,medium,Arabika Ratawali Aceh,B04,6,purging,50,10990,2783,2776,8266,9388,2778,9329,14708,14473,14153,,
1252173,M-RAT,medium,Arabika Ratawali Aceh,B04,6,purging,51,10979,2782,2779,8266,9384,2780,9327,14699,14465,14148,,
1253173,M-RAT,medium,Arabika Ratawali Aceh,B04,6,purging,52,10970,2783,2772,8266,9381,2780,9326,14690,14456,14143,,
1254173,M-RAT,medium,Arabika Ratawali Aceh,B04,6,purging,53,10959,2782,2773,8266,9377,2779,9324,14682,14447,14137,,
1255174,M-RAT,medium,Arabika Ratawali Aceh,B04,6,purging,54,10950,2783,2775,8266,9374,2777,9323,14674,14439,14132,,
1256173,M-RAT,medium,Arabika Ratawali Aceh,B04,6,purging,55,10941,2784,2776,8266,9371,2780,9321,14666,14431,14127,,
1257174,M-RAT,medium,Arabika Ratawali Aceh,B04,6,purging,56,10933,2782,2777,8265,9369,2778,9321,14658,14424,14123,,
1258173,M-RAT,medium,Arabika Ratawali Aceh,B04,6,purging,57,10924,2785,2776,8265,9366,2782,9321,14651,14416,14119,,
1259173,M-RAT,medium,Arabika Ratawali Aceh,B04,6,purging,58,10916,2787,2779,8266,9364,2780,9322,14645,14409,14119,,
1260173,M-RAT,medium,Arabika Ratawali Aceh,B04,6,purging,59,10907,2782,2774,8265,9365,2780,9326,14641,14403,14121,,
1261173,M-RAT,medium,Arabika Ratawali Aceh,B04,6,purging,60,10898,2785,2775,8266,9366,2778,9330,14637,14398,14117,,
1262176,M-RAT,medium,Arabika Ratawali Aceh,B04,6,collecting,1,10891,2782,2774,8266,9367,2783,9333,14631,14392,14116,,
1263173,M-RAT,medium,Arabika Ratawali Aceh,B04,6,collecting,2,10883,2783,2773,8266,9368,2779,9339,14628,14387,14122,,
1264174,M-RAT,medium,Arabika Ratawali Aceh,B04,6,collecting,3,10880,2783,2772,8266,9373,2780,9348,14626,14384,14121,,
1265173,M-RAT,medium,Arabika Ratawali Aceh,B04,6,collecting,4,10933,2785,2779,8266,9386,2780,9361,14633,14384,14135,,
1266173,M-RAT,medium,Arabika Ratawali Aceh,B04,6,collecting,5,11134,2786,2773,8266,9416,2779,9389,14671,14400,14173,,
1267173,M-RAT,medium,Arabika Ratawali Aceh,B04,6,collecting,6,11466,2782,2774,8266,9461,2780,9427,14741,14439,14223,,
1268173,M-RAT,medium,Arabika Ratawali Aceh,B04,6,collecting,7,11847,2786,2774,8267,9510,2780,9465,14828,14500,14280,,
1269173,M-RAT,medium,Arabika Ratawali Aceh,B04,6,collecting,8,12216,2786,2773,8267,9561,2780,9502,14919,14570,14338,,
1270173,M-RAT,medium,Arabika Ratawali Aceh,B04,6,collecting,9,12563,2785,2774,8267,9610,2780,9537,15009,14647,14395,,
1271174,M-RAT,medium,Arabika Ratawali Aceh,B04,6,collecting,10,12866,2783,2774,8268,9657,2779,9568,15091,14724,14449,,
1272173,M-RAT,medium,Arabika Ratawali Aceh,B04,6,collecting,11,13140,2785,2775,8268,9703,2780,9599,15171,14800,14502,,
1273174,M-RAT,medium,Arabika Ratawali Aceh,B04,6,collecting,12,13386,2787,2774,8268,9746,2780,9630,15247,14876,14552,,
1274173,M-RAT,medium,Arabika Ratawali Aceh,B04,6,collecting,13,13610,2788,2774,8268,9788,2778,9656,15320,14950,14601,,
1275173,M-RAT,medium,Arabika Ratawali Aceh,B04,6,collecting,14,13811,2790,2774,8269,9826,2782,9681,15388,15022,14644,,
1276173,M-RAT,medium,Arabika Ratawali Aceh,B04,6,collecting,15,13983,2789,2773,8269,9858,2781,9697,15447,15090,14679,,
1277173,M-RAT,medium,Arabika Ratawali Aceh,B04,6,collecting,16,14131,2790,2774,8269,9886,2778,9710,15501,15151,14714,,
1278173,M-RAT,medium,Arabika Ratawali Aceh,B04,6,collecting,17,14270,2787,2776,8269,9912,2781,9723,15555,15209,14749,,
1279173,M-RAT,medium,Arabika Ratawali Aceh,B04,6,collecting,18,14397,2790,2774,8270,9936,2779,9733,15607,15265,14779,,
1280174,M-RAT,medium,Arabika Ratawali Aceh,B04,6,collecting,19,14511,2789,2776,8270,9957,2780,9740,15654,15317,14806,,
1281173,M-RAT,medium,Arabika Ratawali Aceh,B04,6,collecting,20,14618,2787,2773,8270,9975,2780,9746,15699,15366,14834,,
1282173,M-RAT,medium,Arabika Ratawali Aceh,B04,6,collecting,21,14718,2789,2777,8270,9993,2778,9751,15745,15412,14861,,
1283173,M-RAT,medium,Arabika Ratawali Aceh,B04,6,collecting,22,14805,2789,2774,8270,10007,2780,9752,15786,15456,14882,,
1284173,M-RAT,medium,Arabika Ratawali Aceh,B04,6,collecting,23,14879,2789,2774,8270,10017,2778,9752,15821,15494,14903,,
1285173,M-RAT,medium,Arabika Ratawali Aceh,B04,6,collecting,24,14942,2790,2776,8270,10026,2777,9751,15852,15529,14919,,
1286173,M-RAT,medium,Arabika Ratawali Aceh,B04,6,collecting,25,14992,2789,2778,8269,10032,2780,9748,15878,15559,14932,,
1287174,M-RAT,medium,Arabika Ratawali Aceh,B04,6,collecting,26,15034,2789,2776,8270,10037,2778,9744,15902,15585,14947,,
1288173,M-RAT,medium,Arabika Ratawali Aceh,B04,6,collecting,27,15076,2789,2775,8270,10044,2781,9743,15928,15609,14961,,
1289174,M-RAT,medium,Arabika Ratawali Aceh,B04,6,collecting,28,15116,2793,2774,8269,10050,2778,9743,15954,15632,14977,,
1290173,M-RAT,medium,Arabika Ratawali Aceh,B04,6,collecting,29,15161,2791,2776,8270,10058,2780,9744,15981,15656,14992,,
1291173,M-RAT,medium,Arabika Ratawali Aceh,B04,6,collecting,30,15197,2790,2774,8270,10062,2781,9742,16004,15679,15002,,
1292173,M-RAT,medium,Arabika Ratawali Aceh,B04,6,collecting,31,15223,2789,2779,8269,10065,2780,9738,16022,15697,15011,,
1293173,M-RAT,medium,Arabika Ratawali Aceh,B04,6,collecting,32,15244,2789,2776,8269,10067,2780,9732,16038,15713,15019,,
1294173,M-RAT,medium,Arabika Ratawali Aceh,B04,6,collecting,33,15259,2792,2773,8269,10068,2780,9728,16051,15726,15026,,
1295173,M-RAT,medium,Arabika Ratawali Aceh,B04,6,collecting,34,15274,2789,2773,8269,10070,2780,9728,16065,15739,15036,,
1296174,M-RAT,medium,Arabika Ratawali Aceh,B04,6,collecting,35,15303,2793,2776,8269,10077,2781,9732,16088,15753,15051,,
1297173,M-RAT,medium,Arabika Ratawali Aceh,B04,6,collecting,36,15338,2789,2775,8268,10084,2782,9737,16112,15770,15063,,
1298173,M-RAT,medium,Arabika Ratawali Aceh,B04,6,collecting,37,15367,2791,2775,8268,10088,2783,9739,16132,15786,15072,,
1299173,M-RAT,medium,Arabika Ratawali Aceh,B04,6,collecting,38,15388,2791,2773,8268,10091,2779,9737,16148,15801,15080,,
1300173,M-RAT,medium,Arabika Ratawali Aceh,B04,6,collecting,39,15401,2789,2775,8268,10093,2780,9734,16160,15813,15085,,
1301173,M-RAT,medium,Arabika Ratawali Aceh,B04,6,collecting,40,15415,2789,2772,8267,10095,2782,9733,16172,15823,15094,,
1302173,M-RAT,medium,Arabika Ratawali Aceh,B04,6,collecting,41,15434,2789,2776,8267,10099,2780,9734,16188,15833,15104,,
1303174,M-RAT,medium,Arabika Ratawali Aceh,B04,6,collecting,42,15460,2793,2772,8267,10105,2778,9736,16208,15846,15116,,
1304173,M-RAT,medium,Arabika Ratawali Aceh,B04,6,collecting,43,15483,2791,2775,8267,10110,2780,9736,16226,15859,15124,,
1305174,M-RAT,medium,Arabika Ratawali Aceh,B04,6,collecting,44,15502,2793,2774,8267,10113,2780,9736,16241,15872,15130,,
1306173,M-RAT,medium,Arabika Ratawali Aceh,B04,6,collecting,45,15510,2789,2774,8266,10113,2780,9733,16249,15881,15133,,
1307173,M-RAT,medium,Arabika Ratawali Aceh,B04,6,collecting,46,15516,2793,2775,8266,10114,2782,9730,16257,15889,15137,,
1308173,M-RAT,medium,Arabika Ratawali Aceh,B04,6,collecting,47,15521,2793,2775,8265,10114,2783,9729,16264,15895,15141,,
1309173,M-RAT,medium,Arabika Ratawali Aceh,B04,6,collecting,48,15527,2792,2775,8265,10114,2781,9726,16271,15900,15144,,
1310173,M-RAT,medium,Arabika Ratawali Aceh,B04,6,collecting,49,15533,2792,2773,8265,10115,2780,9724,16280,15905,15150,,
1311173,M-RAT,medium,Arabika Ratawali Aceh,B04,6,collecting,50,15547,2793,2776,8264,10118,2780,9726,16292,15911,15158,,
1312174,M-RAT,medium,Arabika Ratawali Aceh,B04,6,collecting,51,15563,2792,2773,8264,10120,2779,9727,16306,15920,15163,,
1313173,M-RAT,medium,Arabika Ratawali Aceh,B04,6,collecting,52,15574,2789,2777,8263,10122,2778,9726,16316,15928,15166,,
1314173,M-RAT,medium,Arabika Ratawali Aceh,B04,6,collecting,53,15572,2790,2775,8263,10120,2780,9721,16319,15933,15164,,
1315173,M-RAT,medium,Arabika Ratawali Aceh,B04,6,collecting,54,15561,2790,2775,8262,10115,2779,9715,16318,15935,15160,,
1316173,M-RAT,medium,Arabika Ratawali Aceh,B04,6,collecting,55,15550,2789,2772,8262,10111,2778,9711,16315,15933,15161,,
1317173,M-RAT,medium,Arabika Ratawali Aceh,B04,6,collecting,56,15547,2793,2776,8262,10111,2778,9710,16319,15933,15164,,
1318173,M-RAT,medium,Arabika Ratawali Aceh,B04,6,collecting,57,15547,2789,2775,8262,10111,2779,9710,16325,15934,15165,,
1319174,M-RAT,medium,Arabika Ratawali Aceh,B04,6,collecting,58,15543,2793,2773,8262,10109,2780,9709,16327,15936,15164,,
1320173,M-RAT,medium,Arabika Ratawali Aceh,B04,6,collecting,59,15530,2793,2779,8261,10105,2778,9704,16326,15936,15160,,
1321174,M-RAT,medium,Arabika Ratawali Aceh,B04,6,collecting,60,15523,2793,2775,8260,10103,2777,9702,16326,15934,15164,,
1322173,M-RAT,medium,Arabika Ratawali Aceh,B04,6,collecting,61,15527,2792,2776,8260,10104,2778,9704,16333,15935,15168,,
1323173,M-RAT,medium,Arabika Ratawali Aceh,B04,6,collecting,62,15537,2789,2778,8260,10106,2780,9705,16342,15938,15172,,
1324173,M-RAT,medium,Arabika Ratawali Aceh,B04,6,collecting,63,15548,2793,2774,8260,10108,2777,9706,16351,15943,15176,,
1325173,M-RAT,medium,Arabika Ratawali Aceh,B04,6,collecting,64,15559,2790,2773,8260,10110,2778,9706,16360,15948,15180,,
1326173,M-RAT,medium,Arabika Ratawali Aceh,B04,6,collecting,65,15570,2792,2773,8259,10112,2780,9707,16370,15954,15185,,
1327173,M-RAT,medium,Arabika Ratawali Aceh,B04,6,collecting,66,15582,2792,2772,8259,10114,2782,9708,16377,15959,15188,,
1328174,M-RAT,medium,Arabika Ratawali Aceh,B04,6,collecting,67,15590,2790,2772,8259,10114,2778,9706,16383,15964,15188,,
1329173,M-RAT,medium,Arabika Ratawali Aceh,B04,6,collecting,68,15593,2792,2776,8258,10114,2779,9703,16387,15967,15189,,
1330173,M-RAT,medium,Arabika Ratawali Aceh,B04,6,collecting,69,15597,2792,2773,8258,10114,2783,9703,16390,15968,15190,,
1331173,M-RAT,medium,Arabika Ratawali Aceh,B04,6,collecting,70,15602,2789,2773,8258,10114,2779,9702,16395,15971,15192,,
1332173,M-RAT,medium,Arabika Ratawali Aceh,B04,6,collecting,71,15606,2793,2773,8258,10113,2779,9700,16397,15973,15192,,
1333173,M-RAT,medium,Arabika Ratawali Aceh,B04,6,collecting,72,15605,2792,2774,8257,10111,2778,9699,16400,15975,15191,,
1334173,M-RAT,medium,Arabika Ratawali Aceh,B04,6,collecting,73,15601,2790,2776,8257,10109,2781,9694,16402,15975,15190,,
1335174,M-RAT,medium,Arabika Ratawali Aceh,B04,6,collecting,74,15596,2792,2773,8256,10106,2781,9691,16401,15973,15188,,
1336173,M-RAT,medium,Arabika Ratawali Aceh,B04,6,collecting,75,15593,2790,2773,8256,10105,2783,9690,16402,15973,15189,,
1337174,M-RAT,medium,Arabika Ratawali Aceh,B04,6,collecting,76,15594,2793,2774,8256,10104,2778,9688,16405,15973,15190,,
1338173,M-RAT,medium,Arabika Ratawali Aceh,B04,6,collecting,77,15597,2790,2772,8255,10105,2782,9689,16410,15974,15192,,
1339173,M-RAT,medium,Arabika Ratawali Aceh,B04,6,collecting,78,15600,2790,2776,8255,10104,2778,9688,16413,15976,15191,,
1340173,M-RAT,medium,Arabika Ratawali Aceh,B04,6,collecting,79,15598,2789,2775,8255,10103,2781,9686,16415,15977,15191,,
1341173,M-RAT,medium,Arabika Ratawali Aceh,B04,6,collecting,80,15596,2792,2773,8254,10101,2778,9686,16416,15976,15190,,
1342173,M-RAT,medium,Arabika Ratawali Aceh,B04,6,collecting,81,15595,2793,2776,8254,10100,2780,9685,16417,15976,15191,,
1343173,M-RAT,medium,Arabika Ratawali Aceh,B04,6,collecting,82,15598,2792,2773,8254,10101,2780,9686,16421,15977,15192,,
1344174,M-RAT,medium,Arabika Ratawali Aceh,B04,6,collecting,83,15602,2789,2775,8254,10101,2778,9685,16425,15979,15193,,
1345173,M-RAT,medium,Arabika Ratawali Aceh,B04,6,collecting,84,15603,2790,2773,8254,10101,2779,9684,16427,15981,15193,,
1346173,M-RAT,medium,Arabika Ratawali Aceh,B04,6,collecting,85,15601,2789,2776,8253,10100,2780,9682,16427,15982,15191,,
1347173,M-RAT,medium,Arabika Ratawali Aceh,B04,6,collecting,86,15598,2791,2773,8253,10100,2777,9680,16428,15983,15191,,
1348173,M-RAT,medium,Arabika Ratawali Aceh,B04,6,collecting,87,15595,2790,2773,8253,10099,2778,9679,16429,15983,15190,,
1349173,M-RAT,medium,Arabika Ratawali Aceh,B04,6,collecting,88,15594,2792,2773,8252,10099,2779,9678,16431,15983,15191,,
1350173,M-RAT,medium,Arabika Ratawali Aceh,B04,6,collecting,89,15594,2793,2776,8252,10098,2780,9678,16433,15983,15190,,
1351174,M-RAT,medium,Arabika Ratawali Aceh,B04,6,collecting,90,15591,2793,2774,8252,10096,2778,9679,16434,15984,15190,,
1352173,M-RAT,medium,Arabika Ratawali Aceh,B04,6,collecting,91,15587,2790,2774,8251,10094,2780,9677,16434,15984,15188,,
1353174,M-RAT,medium,Arabika Ratawali Aceh,B04,6,collecting,92,15581,2792,2774,8251,10093,2781,9676,16434,15983,15188,,
1354173,M-RAT,medium,Arabika Ratawali Aceh,B04,6,collecting,93,15576,2790,2774,8251,10092,2777,9674,16433,15982,15187,,
1355173,M-RAT,medium,Arabika Ratawali Aceh,B04,6,collecting,94,15573,2790,2776,8251,10091,2780,9673,16434,15980,15186,,
1356173,M-RAT,medium,Arabika Ratawali Aceh,B04,6,collecting,95,15570,2792,2772,8250,10090,2780,9671,16435,15980,15186,,
1357173,M-RAT,medium,Arabika Ratawali Aceh,B04,6,collecting,96,15569,2790,2773,8250,10089,2781,9671,16436,15980,15186,,
1358173,M-RAT,medium,Arabika Ratawali Aceh,B04,6,collecting,97,15569,2793,2773,8250,10089,2779,9671,16439,15981,15187,,
1359173,M-RAT,medium,Arabika Ratawali Aceh,B04,6,collecting,98,15569,2790,2776,8250,10088,2781,9671,16441,15981,15187,,
1360174,M-RAT,medium,Arabika Ratawali Aceh,B04,6,collecting,99,15569,2789,2775,8250,10088,2781,9670,16442,15982,15187,,
1361173,M-RAT,medium,Arabika Ratawali Aceh,B04,6,collecting,100,15568,2790,2773,8249,10088,2781,9669,16443,15983,15187,,
1362173,M-RAT,medium,Arabika Ratawali Aceh,B04,6,collecting,101,15568,2791,2776,8249,10087,2780,9669,16445,15983,15186,,
1363173,M-RAT,medium,Arabika Ratawali Aceh,B04,6,collecting,102,15568,2790,2773,8249,10087,2779,9668,16445,15983,15185,,
1364173,M-RAT,medium,Arabika Ratawali Aceh,B04,6,collecting,103,15568,2790,2775,8249,10086,2778,9667,16446,15983,15184,,
1365173,M-RAT,medium,Arabika Ratawali Aceh,B04,6,collecting,104,15561,2793,2774,8248,10083,2779,9665,16445,15982,15180,,
1366173,M-RAT,medium,Arabika Ratawali Aceh,B04,6,collecting,105,15549,2790,2776,8248,10079,2778,9661,16439,15979,15174,,
1367174,M-RAT,medium,Arabika Ratawali Aceh,B04,6,collecting,106,15531,2793,2774,8248,10074,2779,9654,16432,15974,15167,,
1368173,M-RAT,medium,Arabika Ratawali Aceh,B04,6,collecting,107,15513,2789,2775,8248,10069,2778,9649,16425,15968,15162,,
1369174,M-RAT,medium,Arabika Ratawali Aceh,B04,6,collecting,108,15499,2790,2773,8248,10065,2779,9647,16419,15963,15158,,
1370173,M-RAT,medium,Arabika Ratawali Aceh,B04,6,collecting,109,15489,2790,2774,8247,10062,2779,9647,16416,15959,15156,,
1371173,M-RAT,medium,Arabika Ratawali Aceh,B04,6,collecting,110,15486,2790,2774,8247,10060,2779,9646,16417,15955,15155,,
1372173,M-RAT,medium,Arabika Ratawali Aceh,B04,6,collecting,111,15482,2793,2773,8247,10059,2778,9644,16417,15953,15152,,
1373173,M-RAT,medium,Arabika Ratawali Aceh,B04,6,collecting,112,15481,2790,2774,8246,10057,2782,9643,16417,15951,15152,,
1374173,M-RAT,medium,Arabika Ratawali Aceh,B04,6,collecting,113,15482,2793,2774,8246,10056,2778,9645,16420,15951,15153,,
1375173,M-RAT,medium,Arabika Ratawali Aceh,B04,6,collecting,114,15490,2793,2773,8246,10056,2781,9647,16422,15951,15154,,
1376174,M-RAT,medium,Arabika Ratawali Aceh,B04,6,collecting,115,15498,2790,2773,8246,10057,2780,9647,16427,15953,15156,,
1377173,M-RAT,medium,Arabika Ratawali Aceh,B04,6,collecting,116,15511,2790,2775,8245,10059,2779,9648,16433,15955,15158,,
1378173,M-RAT,medium,Arabika Ratawali Aceh,B04,6,collecting,117,15520,2790,2774,8245,10060,2780,9647,16438,15958,15158,,
1379173,M-RAT,medium,Arabika Ratawali Aceh,B04,6,collecting,118,15527,2790,2774,8244,10060,2777,9645,16441,15961,15158,,
1380173,M-RAT,medium,Arabika Ratawali Aceh,B04,6,collecting,119,15530,2792,2773,8245,10059,2781,9643,16442,15962,15157,,
1381173,M-RAT,medium,Arabika Ratawali Aceh,B04,6,collecting,120,15530,2792,2774,8244,10058,2780,9641,16442,15962,15156,,
1382173,M-RAT,medium,Arabika Ratawali Aceh,B04,6,collecting,121,15529,2793,2775,8244,10056,2781,9639,16442,15962,15154,,
1383174,M-RAT,medium,Arabika Ratawali Aceh,B04,6,collecting,122,15529,2790,2773,8244,10056,2779,9638,16441,15961,15154,,
1384173,M-RAT,medium,Arabika Ratawali Aceh,B04,6,collecting,123,15531,2789,2774,8243,10055,2778,9639,16442,15962,15154,,
1385174,M-RAT,medium,Arabika Ratawali Aceh,B04,6,collecting,124,15537,2792,2774,8243,10056,2778,9640,16445,15962,15154,,
1386173,M-RAT,medium,Arabika Ratawali Aceh,B04,6,collecting,125,15544,2790,2775,8242,10057,2780,9640,16449,15964,15156,,
1387173,M-RAT,medium,Arabika Ratawali Aceh,B04,6,collecting,126,15549,2790,2774,8243,10056,2779,9638,16451,15966,15155,,
1388173,M-RAT,medium,Arabika Ratawali Aceh,B04,6,collecting,127,15550,2790,2773,8242,10055,2781,9635,16453,15967,15154,,
1389173,M-RAT,medium,Arabika Ratawali Aceh,B04,6,collecting,128,15548,2790,2773,8242,10054,2779,9632,16452,15967,15151,,
1390173,M-RAT,medium,Arabika Ratawali Aceh,B04,6,collecting,129,15542,2789,2773,8241,10051,2778,9628,16450,15966,15148,,
1391173,M-RAT,medium,Arabika Ratawali Aceh,B04,6,collecting,130,15536,2790,2774,8241,10049,2778,9626,16448,15965,15146,,
1392174,M-RAT,medium,Arabika Ratawali Aceh,B04,6,collecting,131,15534,2790,2773,8241,10048,2780,9626,16447,15963,15145,,
1393173,M-RAT,medium,Arabika Ratawali Aceh,B04,6,collecting,132,15533,2790,2776,8240,10046,2778,9626,16448,15963,15145,,
1394173,M-RAT,medium,Arabika Ratawali Aceh,B04,6,collecting,133,15536,2790,2774,8240,10046,2781,9628,16449,15962,15145,,
1395173,M-RAT,medium,Arabika Ratawali Aceh,B04,6,collecting,134,15538,2792,2774,8240,10046,2781,9627,16451,15963,15145,,
1396173,M-RAT,medium,Arabika Ratawali Aceh,B04,6,collecting,135,15537,2792,2773,8239,10045,2778,9626,16451,15963,15143,,
1397173,M-RAT,medium,Arabika Ratawali Aceh,B04,6,collecting,136,15535,2790,2773,8239,10044,2779,9623,16450,15962,15142,,
1398173,M-RAT,medium,Arabika Ratawali Aceh,B04,6,collecting,137,15534,2790,2774,8239,10043,2777,9622,16450,15962,15141,,
1399174,M-RAT,medium,Arabika Ratawali Aceh,B04,6,collecting,138,15532,2790,2773,8238,10042,2781,9620,16451,15962,15140,,
1400173,M-RAT,medium,Arabika Ratawali Aceh,B04,6,collecting,139,15531,2790,2776,8238,10041,2781,9619,16452,15961,15139,,
1401174,M-RAT,medium,Arabika Ratawali Aceh,B04,6,collecting,140,15529,2790,2773,8237,10040,2778,9617,16452,15961,15138,,
1402173,M-RAT,medium,Arabika Ratawali Aceh,B04,6,collecting,141,15528,2790,2773,8237,10039,2780,9616,16453,15961,15137,,
1403173,M-RAT,medium,Arabika Ratawali Aceh,B04,6,collecting,142,15526,2792,2773,8237,10037,2777,9615,16451,15960,15136,,
1404173,M-RAT,medium,Arabika Ratawali Aceh,B04,6,collecting,143,15523,2792,2773,8236,10037,2778,9615,16451,15959,15135,,
1405173,M-RAT,medium,Arabika Ratawali Aceh,B04,6,collecting,144,15520,2790,2774,8235,10035,2778,9614,16450,15958,15133,,
1406173,M-RAT,medium,Arabika Ratawali Aceh,B04,6,collecting,145,15514,2789,2775,8236,10033,2779,9613,16447,15957,15129,,
1407173,M-RAT,medium,Arabika Ratawali Aceh,B04,6,collecting,146,15507,2790,2773,8235,10030,2779,9613,16445,15955,15127,,
1408174,M-RAT,medium,Arabika Ratawali Aceh,B04,6,collecting,147,15501,2793,2773,8235,10029,2780,9612,16442,15953,15126,,
1409173,M-RAT,medium,Arabika Ratawali Aceh,B04,6,collecting,148,15496,2790,2773,8235,10028,2778,9611,16442,15951,15124,,
1410173,M-RAT,medium,Arabika Ratawali Aceh,B04,6,collecting,149,15494,2790,2773,8234,10027,2780,9611,16442,15949,15123,,
1411173,M-RAT,medium,Arabika Ratawali Aceh,B04,6,collecting,150,15494,2790,2773,8234,10026,2780,9609,16443,15948,15123,,
1412173,M-RAT,medium,Arabika Ratawali Aceh,B04,6,collecting,151,15493,2790,2773,8234,10026,2777,9608,16443,15948,15121,,
1413173,M-RAT,medium,Arabika Ratawali Aceh,B04,6,collecting,152,15489,2790,2774,8233,10024,2778,9606,16441,15947,15119,,
1414173,M-RAT,medium,Arabika Ratawali Aceh,B04,6,collecting,153,15484,2790,2774,8233,10021,2779,9604,16439,15945,15116,,
1415174,M-RAT,medium,Arabika Ratawali Aceh,B04,6,collecting,154,15480,2793,2776,8232,10019,2780,9604,16437,15943,15114,,
1416173,M-RAT,medium,Arabika Ratawali Aceh,B04,6,collecting,155,15478,2790,2773,8232,10018,2779,9603,16437,15941,15113,,
1417174,M-RAT,medium,Arabika Ratawali Aceh,B04,6,collecting,156,15478,2790,2773,8232,10017,2781,9602,16437,15941,15112,,
1418173,M-RAT,medium,Arabika Ratawali Aceh,B04,6,collecting,157,15476,2793,2774,8231,10016,2780,9601,16436,15940,15110,,
1419173,M-RAT,medium,Arabika Ratawali Aceh,B04,6,collecting,158,15475,2789,2774,8231,10015,2779,9599,16436,15939,15110,,
1420173,M-RAT,medium,Arabika Ratawali Aceh,B04,6,collecting,159,15477,2793,2776,8230,10014,2779,9597,16439,15939,15109,,
1421173,M-RAT,medium,Arabika Ratawali Aceh,B04,6,collecting,160,15478,2790,2773,8230,10013,2780,9598,16439,15938,15108,,
1422173,M-RAT,medium,Arabika Ratawali Aceh,B04,6,collecting,161,15479,2790,2773,8230,10013,2779,9597,16439,15938,15108,,
1423173,M-RAT,medium,Arabika Ratawali Aceh,B04,6,collecting,162,15481,2790,2773,8229,10013,2781,9598,16440,15938,15108,,
1424174,M-RAT,medium,Arabika Ratawali Aceh,B04,6,collecting,163,15481,2790,2772,8229,10012,2778,9598,16441,15938,15107,,
1425173,M-RAT,medium,Arabika Ratawali Aceh,B04,6,collecting,164,15480,2790,2775,8229,10011,2779,9597,16440,15938,15106,,
1426173,M-RAT,medium,Arabika Ratawali Aceh,B04,6,collecting,165,15479,2789,2773,8228,10010,2781,9597,16440,15938,15104,,
1427173,M-RAT,medium,Arabika Ratawali Aceh,B04,6,collecting,166,15478,2790,2773,8228,10008,2778,9595,16439,15938,15103,,
1428173,M-RAT,medium,Arabika Ratawali Aceh,B04,6,collecting,167,15477,2793,2773,8228,10007,2779,9593,16439,15937,15102,,
1429173,M-RAT,medium,Arabika Ratawali Aceh,B04,6,collecting,168,15476,2790,2773,8227,10006,2778,9591,16439,15936,15101,,
1430173,M-RAT,medium,Arabika Ratawali Aceh,B04,6,collecting,169,15475,2790,2773,8227,10005,2778,9590,16438,15936,15100,,
1431174,M-RAT,medium,Arabika Ratawali Aceh,B04,6,collecting,170,15470,2790,2773,8226,10003,2781,9588,16437,15934,15097,,
1432173,M-RAT,medium,Arabika Ratawali Aceh,B04,6,collecting,171,15444,2793,2774,8227,9994,2780,9579,16426,15931,15080,,
1433174,M-RAT,medium,Arabika Ratawali Aceh,B04,6,collecting,172,15363,2790,2773,8226,9974,2778,9557,16390,15917,15048,,
1434173,M-RAT,medium,Arabika Ratawali Aceh,B04,6,collecting,173,15238,2789,2773,8225,9943,2781,9527,16335,15888,15008,,
1435173,M-RAT,medium,Arabika Ratawali Aceh,B04,6,collecting,174,15083,2789,2775,8225,9909,2780,9495,16272,15847,14965,,
1436173,M-RAT,medium,Arabika Ratawali Aceh,B04,6,collecting,175,14908,2787,2773,8225,9871,2779,9467,16207,15799,14922,,
1437173,M-RAT,medium,Arabika Ratawali Aceh,B04,6,collecting,176,14721,2787,2774,8224,9836,2780,9443,16144,15747,14888,,
1438173,M-RAT,medium,Arabika Ratawali Aceh,B04,6,collecting,177,14529,2789,2773,8224,9807,2778,9430,16087,15696,14856,,
1439173,M-RAT,medium,Arabika Ratawali Aceh,B04,6,collecting,178,14372,2787,2773,8224,9788,2777,9428,16046,15650,14839,,
1440174,M-RAT,medium,Arabika Ratawali Aceh,B04,6,collecting,179,14292,2787,2773,8224,9784,2778,9440,16029,15615,14838,,
1441173,M-RAT,medium,Arabika Ratawali Aceh,B04,6,collecting,180,14285,2790,2772,8224,9791,2779,9460,16036,15598,14848,,
1442177,M-RAT,medium,Arabika Ratawali Aceh,B04,7,purging,1,14358,2789,2773,8224,9811,2778,9488,16063,15597,14877,,
1443173,M-RAT,medium,Arabika Ratawali Aceh,B04,7,purging,2,14486,2790,2773,8223,9841,2780,9521,16110,15615,14913,,
1444173,M-RAT,medium,Arabika Ratawali Aceh,B04,7,purging,3,14628,2789,2773,8223,9875,2781,9559,16160,15646,14954,,
1445173,M-RAT,medium,Arabika Ratawali Aceh,B04,7,purging,4,14738,2789,2776,8223,9902,2782,9585,16199,15682,14965,,
1446173,M-RAT,medium,Arabika Ratawali Aceh,B04,7,purging,5,14760,2792,2773,8223,9903,2780,9577,16193,15702,14941,,
1447174,M-RAT,medium,Arabika Ratawali Aceh,B04,7,purging,6,14705,2789,2773,8223,9884,2780,9548,16156,15698,14907,,
1448173,M-RAT,medium,Arabika Ratawali Aceh,B04,7,purging,7,14599,2789,2773,8223,9853,2777,9512,16103,15675,14867,,
1449174,M-RAT,medium,Arabika Ratawali Aceh,B04,7,purging,8,14457,2787,2774,8222,9817,2781,9475,16044,15639,14825,,
1450173,M-RAT,medium,Arabika Ratawali Aceh,B04,7,purging,9,14297,2787,2773,8222,9780,2781,9443,15985,15595,14784,,
1451173,M-RAT,medium,Arabika Ratawali Aceh,B04,7,purging,10,14126,2787,2773,8222,9743,2779,9415,15927,15548,14744,,
1452173,M-RAT,medium,Arabika Ratawali Aceh,B04,7,purging,11,13951,2787,2772,8222,9707,2781,9390,15873,15499,14707,,
1453173,M-RAT,medium,Arabika Ratawali Aceh,B04,7,purging,12,13777,2787,2775,8221,9674,2781,9369,15822,15450,14673,,
1454173,M-RAT,medium,Arabika Ratawali Aceh,B04,7,purging,13,13607,2787,2773,8222,9644,2781,9352,15775,15403,14641,,
1455173,M-RAT,medium,Arabika Ratawali Aceh,B04,7,purging,14,13441,2787,2775,8221,9617,2778,9337,15731,15358,14611,,
1456174,M-RAT,medium,Arabika Ratawali Aceh,B04,7,purging,15,13283,2787,2775,8221,9592,2781,9325,15689,15314,14583,,
1457173,M-RAT,medium,Arabika Ratawali Aceh,B04,7,purging,16,13134,2784,2773,8220,9569,2780,9314,15651,15272,14557,,
1458173,M-RAT,medium,Arabika Ratawali Aceh,B04,7,purging,17,12993,2784,2773,8220,9548,2779,9305,15614,15233,14532,,
1459173,M-RAT,medium,Arabika Ratawali Aceh,B04,7,purging,18,12863,2784,2773,8220,9529,2781,9297,15580,15196,14510,,
1460173,M-RAT,medium,Arabika Ratawali Aceh,B04,7,purging,19,12743,2784,2774,8220,9513,2779,9291,15549,15160,14489,,
1461173,M-RAT,medium,Arabika Ratawali Aceh,B04,7,purging,20,12632,2786,2773,8219,9497,2782,9287,15519,15128,14469,,
1462173,M-RAT,medium,Arabika Ratawali Aceh,B04,7,purging,21,12529,2784,2774,8219,9483,2779,9281,15491,15096,14449,,
1463174,M-RAT,medium,Arabika Ratawali Aceh,B04,7,purging,22,12435,2786,2773,8219,9470,2778,9275,15462,15067,14430,,
1464173,M-RAT,medium,Arabika Ratawali Aceh,B04,7,purging,23,12349,2783,2776,8219,9457,2778,9270,15436,15038,14411,,
1465174,M-RAT,medium,Arabika Ratawali Aceh,B04,7,purging,24,12269,2785,2773,8219,9446,2780,9265,15410,15010,14394,,
1466173,M-RAT,medium,Arabika Ratawali Aceh,B04,7,purging,25,12195,2783,2773,8219,9434,2779,9262,15385,14984,14378,,
1467173,M-RAT,medium,Arabika Ratawali Aceh,B04,7,purging,26,12127,2783,2773,8218,9423,2777,9258,15362,14959,14362,,
1468173,M-RAT,medium,Arabika Ratawali Aceh,B04,7,purging,27,12064,2783,2773,8218,9413,2780,9253,15339,14935,14346,,
1469173,M-RAT,medium,Arabika Ratawali Aceh,B04,7,purging,28,12007,2785,2773,8218,9403,2782,9248,15317,14910,14331,,
1470173,M-RAT,medium,Arabika Ratawali Aceh,B04,7,purging,29,11953,2783,2773,8218,9394,2780,9244,15295,14888,14317,,
1471173,M-RAT,medium,Arabika Ratawali Aceh,B04,7,purging,30,11904,2783,2773,8218,9385,2781,9240,15275,14866,14303,,
1472174,M-RAT,medium,Arabika Ratawali Aceh,B04,7,purging,31,11857,2783,2773,8217,9376,2778,9236,15255,14846,14290,,
1473173,M-RAT,medium,Arabika Ratawali Aceh,B04,7,purging,32,11814,2782,2774,8217,9368,2781,9233,15236,14826,14278,,
1474173,M-RAT,medium,Arabika Ratawali Aceh,B04,7,purging,33,11774,2783,2773,8217,9361,2780,9231,15218,14807,14266,,
1475173,M-RAT,medium,Arabika Ratawali Aceh,B04,7,purging,34,11736,2782,2776,8216,9354,2781,9229,15201,14788,14255,,
1476173,M-RAT,medium,Arabika Ratawali Aceh,B04,7,purging,35,11700,2782,2773,8216,9349,2780,9227,15184,14771,14244,,
1477173,M-RAT,medium,Arabika Ratawali Aceh,B04,7,purging,36,11667,2785,2774,8215,9343,2778,9225,15168,14754,14233,,
1478173,M-RAT,medium,Arabika Ratawali Aceh,B04,7,purging,37,11635,2782,2773,8215,9337,2781,9225,15151,14737,14223,,
1479174,M-RAT,medium,Arabika Ratawali Aceh,B04,7,purging,38,11605,2785,2773,8215,9332,2781,9223,15135,14721,14213,,
1480173,M-RAT,medium,Arabika Ratawali Aceh,B04,7,purging,39,11578,2782,2773,8215,9326,2780,9222,15120,14706,14204,,
1481174,M-RAT,medium,Arabika Ratawali Aceh,B04,7,purging,40,11550,2782,2773,8215,9321,2778,9220,15106,14691,14194,,
1482173,M-RAT,medium,Arabika Ratawali Aceh,B04,7,purging,41,11524,2783,2773,8215,9317,2778,9220,15091,14677,14186,,
1483173,M-RAT,medium,Arabika Ratawali Aceh,B04,7,purging,42,11500,2783,2773,8214,9313,2781,9220,15077,14663,14177,,
1484173,M-RAT,medium,Arabika Ratawali Aceh,B04,7,purging,43,11477,2783,2773,8214,9309,2780,9219,15063,14650,14169,,
1485173,M-RAT,medium,Arabika Ratawali Aceh,B04,7,purging,44,11455,2783,2773,8214,9304,2780,9218,15050,14637,14160,,
1486173,M-RAT,medium,Arabika Ratawali Aceh,B04,7,purging,45,11434,2782,2773,8214,9300,2781,9217,15037,14624,14153,,
1487173,M-RAT,medium,Arabika Ratawali Aceh,B04,7,purging,46,11415,2785,2774,8214,9297,2781,9216,15024,14612,14145,,
1488174,M-RAT,medium,Arabika Ratawali Aceh,B04,7,purging,47,11396,2782,2773,8213,9294,2780,9215,15012,14600,14137,,
1489173,M-RAT,medium,Arabika Ratawali Aceh,B04,7,purging,48,11378,2782,2773,8213,9290,2780,9214,15000,14589,14130,,
1490173,M-RAT,medium,Arabika Ratawali Aceh,B04,7,purging,49,11360,2783,2773,8213,9286,2781,9213,14988,14578,14122,,
1491173,M-RAT,medium,Arabika Ratawali Aceh,B04,7,purging,50,11342,2782,2775,8212,9282,2777,9211,14976,14566,14115,,
1492173,M-RAT,medium,Arabika Ratawali Aceh,B04,7,purging,51,11326,2782,2773,8213,9278,2780,9210,14964,14555,14107,,
1493173,M-RAT,medium,Arabika Ratawali Aceh,B04,7,purging,52,11310,2782,2774,8212,9274,2782,9209,14952,14545,14100,,
1494173,M-RAT,medium,Arabika Ratawali Aceh,B04,7,purging,53,11294,2782,2773,8212,9270,2781,9208,14941,14534,14093,,
1495174,M-RAT,medium,Arabika Ratawali Aceh,B04,7,purging,54,11280,2785,2773,8212,9266,2781,9207,14930,14524,14086,,
1496173,M-RAT,medium,Arabika Ratawali Aceh,B04,7,purging,55,11265,2785,2773,8211,9262,2781,9205,14919,14513,14080,,
1497174,M-RAT,medium,Arabika Ratawali Aceh,B04,7,purging,56,11252,2785,2773,8211,9259,2777,9204,14908,14503,14073,,
1498173,M-RAT,medium,Arabika Ratawali Aceh,B04,7,purging,57,11239,2780,2773,8211,9255,2781,9204,14898,14493,14067,,
1499173,M-RAT,medium,Arabika Ratawali Aceh,B04,7,purging,58,11227,2782,2773,8211,9252,2778,9202,14888,14484,14060,,
1500173,M-RAT,medium,Arabika Ratawali Aceh,B04,7,purging,59,11216,2782,2773,8211,9248,2781,9200,14877,14475,14053,,
1501173,M-RAT,medium,Arabika Ratawali Aceh,B04,7,purging,60,11205,2783,2773,8211,9245,2778,9197,14867,14466,14047,,
1502176,M-RAT,medium,Arabika Ratawali Aceh,B04,7,collecting,1,11194,2783,2774,8211,9242,2779,9197,14857,14457,14041,,
1503173,M-RAT,medium,Arabika Ratawali Aceh,B04,7,collecting,2,11183,2783,2774,8211,9238,2778,9194,14847,14448,14035,,
1504174,M-RAT,medium,Arabika Ratawali Aceh,B04,7,collecting,3,11172,2782,2774,8210,9235,2779,9192,14838,14439,14029,,
1505173,M-RAT,medium,Arabika Ratawali Aceh,B04,7,collecting,4,11161,2783,2774,8210,9232,2778,9190,14828,14431,14023,,
1506173,M-RAT,medium,Arabika Ratawali Aceh,B04,7,collecting,5,11152,2783,2774,8210,9229,2780,9189,14819,14422,14020,,
1507173,M-RAT,medium,Arabika Ratawali Aceh,B04,7,collecting,6,11148,2782,2773,8210,9230,2779,9193,14814,14415,14026,,
1508173,M-RAT,medium,Arabika Ratawali Aceh,B04,7,collecting,7,11299,2782,2773,8209,9261,2781,9224,14849,14420,14085,,
1509173,M-RAT,medium,Arabika Ratawali Aceh,B04,7,collecting,8,11753,2783,2776,8209,9331,2777,9294,14955,14466,14177,,
1510173,M-RAT,medium,Arabika Ratawali Aceh,B04,7,collecting,9,12392,2783,2773,8209,9426,2780,9380,15113,14558,14286,,
1511174,M-RAT,medium,Arabika Ratawali Aceh,B04,7,collecting,10,13020,2784,2773,8208,9520,2778,9456,15279,14681,14386,,
1512173,M-RAT,medium,Arabika Ratawali Aceh,B04,7,collecting,11,13527,2786,2773,8208,9602,2779,9512,15422,14811,14472,,
1513174,M-RAT,medium,Arabika Ratawali Aceh,B04,7,collecting,12,13943,2787,2774,8209,9674,2777,9557,15546,14936,14551,,
1514173,M-RAT,medium,Arabika Ratawali Aceh,B04,7,collecting,13,14269,2787,2775,8208,9731,2780,9589,15648,15053,14607,,
1515173,M-RAT,medium,Arabika Ratawali Aceh,B04,7,collecting,14,14495,2789,2773,8208,9770,2777,9604,15720,15150,14644,,
1516173,M-RAT,medium,Arabika Ratawali Aceh,B04,7,collecting,15,14645,2789,2773,8208,9793,2779,9603,15766,15226,14668,,
1517173,M-RAT,medium,Arabika Ratawali Aceh,B04,7,collecting,16,14739,2789,2773,8208,9805,2781,9595,15795,15281,14683,,
1518173,M-RAT,medium,Arabika Ratawali Aceh,B04,7,collecting,17,14797,2789,2773,8208,9811,2778,9584,15814,15322,14694,,
1519173,M-RAT,medium,Arabika Ratawali Aceh,B04,7,collecting,18,14834,2787,2773,8208,9814,2781,9577,15827,15352,14702,,
1520174,M-RAT,medium,Arabika Ratawali Aceh,B04,7,collecting,19,14857,2787,2773,8207,9814,2779,9568,15838,15375,14708,,
1521173,M-RAT,medium,Arabika Ratawali Aceh,B04,7,collecting,20,14867,2789,2773,8207,9811,2781,9560,15845,15392,14710,,
1522173,M-RAT,medium,Arabika Ratawali Aceh,B04,7,collecting,21,14867,2787,2774,8206,9807,2780,9550,15849,15406,14712,,
1523173,M-RAT,medium,Arabika Ratawali Aceh,B04,7,collecting,22,14863,2792,2773,8206,9803,2778,9541,15853,15416,14714,,
1524173,M-RAT,medium,Arabika Ratawali Aceh,B04,7,collecting,23,14856,2789,2773,8206,9799,2780,9534,15857,15423,14715,,
1525173,M-RAT,medium,Arabika Ratawali Aceh,B04,7,collecting,24,14850,2789,2773,8206,9796,2782,9527,15861,15430,14718,,
1526173,M-RAT,medium,Arabika Ratawali Aceh,B04,7,collecting,25,14844,2787,2773,8206,9793,2781,9522,15866,15435,14720,,
1527174,M-RAT,medium,Arabika Ratawali Aceh,B04,7,collecting,26,14839,2789,2777,8205,9790,2779,9518,15872,15441,14723,,
1528173,M-RAT,medium,Arabika Ratawali Aceh,B04,7,collecting,27,14839,2787,2773,8205,9790,2782,9515,15880,15446,14731,,
1529174,M-RAT,medium,Arabika Ratawali Aceh,B04,7,collecting,28,14861,2787,2774,8204,9796,2781,9520,15900,15456,14747,,
1530173,M-RAT,medium,Arabika Ratawali Aceh,B04,7,collecting,29,14900,2792,2773,8204,9805,2780,9528,15925,15471,14761,,
1531173,M-RAT,medium,Arabika Ratawali Aceh,B04,7,collecting,30,14939,2787,2773,8204,9813,2779,9530,15947,15489,14771,,
1532173,M-RAT,medium,Arabika Ratawali Aceh,B04,7,collecting,31,14968,2787,2775,8203,9816,2778,9529,15961,15505,14776,,
1533173,M-RAT,medium,Arabika Ratawali Aceh,B04,7,collecting,32,14978,2792,2773,8203,9814,2779,9521,15968,15517,14775,,
1534173,M-RAT,medium,Arabika Ratawali Aceh,B04,7,collecting,33,14971,2790,2773,8203,9809,2780,9510,15966,15522,14770,,
1535173,M-RAT,medium,Arabika Ratawali Aceh,B04,7,collecting,34,14948,2789,2774,8202,9799,2779,9498,15958,15521,14763,,
1536174,M-RAT,medium,Arabika Ratawali Aceh,B04,7,collecting,35,14916,2789,2773,8202,9788,2777,9486,15948,15516,14754,,
1537173,M-RAT,medium,Arabika Ratawali Aceh,B04,7,collecting,36,14877,2787,2776,8201,9777,2781,9477,15934,15507,14744,,
1538173,M-RAT,medium,Arabika Ratawali Aceh,B04,7,collecting,37,14834,2787,2773,8201,9766,2781,9467,15921,15496,14735,,
1539173,M-RAT,medium,Arabika Ratawali Aceh,B04,7,collecting,38,14790,2787,2773,8201,9756,2777,9458,15909,15485,14726,,
1540173,M-RAT,medium,Arabika Ratawali Aceh,B04,7,collecting,39,14749,2792,2773,8200,9747,2778,9453,15898,15473,14720,,
1541173,M-RAT,medium,Arabika Ratawali Aceh,B04,7,collecting,40,14711,2789,2773,8200,9738,2780,9448,15889,15463,14713,,
1542173,M-RAT,medium,Arabika Ratawali Aceh,B04,7,collecting,41,14676,2787,2773,8200,9731,2779,9445,15880,15452,14707,,
1543174,M-RAT,medium,Arabika Ratawali Aceh,B04,7,collecting,42,14644,2792,2773,8199,9724,2778,9440,15872,15443,14702,,
1544173,M-RAT,medium,Arabika Ratawali Aceh,B04,7,collecting,43,14613,2789,2773,8199,9718,2779,9435,15865,15433,14695,,
1545174,M-RAT,medium,Arabika Ratawali Aceh,B04,7,collecting,44,14584,2789,2773,8198,9712,2777,9431,15858,15424,14690,,
1546173,M-RAT,medium,Arabika Ratawali Aceh,B04,7,collecting,45,14557,2792,2776,8198,9707,2780,9429,15851,15416,14685,,
1547173,M-RAT,medium,Arabika Ratawali Aceh,B04,7,collecting,46,14532,2787,2773,8198,9702,2780,9426,15845,15408,14681,,
1548173,M-RAT,medium,Arabika Ratawali Aceh,B04,7,collecting,47,14508,2792,2773,8197,9698,2779,9423,15839,15400,14676,,
1549173,M-RAT,medium,Arabika Ratawali Aceh,B04,7,collecting,48,14486,2789,2773,8197,9693,2781,9420,15835,15393,14672,,
1550173,M-RAT,medium,Arabika Ratawali Aceh,B04,7,collecting,49,14467,2787,2773,8196,9688,2778,9418,15830,15386,14669,,
1551173,M-RAT,medium,Arabika Ratawali Aceh,B04,7,collecting,50,14450,2787,2773,8196,9685,2781,9415,15825,15380,14665,,
1552174,M-RAT,medium,Arabika Ratawali Aceh,B04,7,collecting,51,14434,2787,2774,8196,9681,2779,9413,15821,15374,14661,,
1553173,M-RAT,medium,Arabika Ratawali Aceh,B04,7,collecting,52,14419,2787,2776,8195,9678,2781,9412,15816,15368,14658,,
1554173,M-RAT,medium,Arabika Ratawali Aceh,B04,7,collecting,53,14405,2790,2775,8195,9675,2779,9411,15813,15362,14655,,
1555173,M-RAT,medium,Arabika Ratawali Aceh,B04,7,collecting,54,14393,2787,2775,8195,9672,2779,9409,15809,15357,14651,,
1556173,M-RAT,medium,Arabika Ratawali Aceh,B04,7,collecting,55,14380,2789,2773,8194,9669,2780,9407,15806,15353,14648,,
1557173,M-RAT,medium,Arabika Ratawali Aceh,B04,7,collecting,56,14368,2790,2773,8194,9665,2781,9405,15802,15348,14645,,
1558173,M-RAT,medium,Arabika Ratawali Aceh,B04,7,collecting,57,14356,2792,2773,8193,9663,2779,9402,15798,15343,14642,,
1559174,M-RAT,medium,Arabika Ratawali Aceh,B04,7,collecting,58,14345,2787,2774,8193,9660,2777,9402,15795,15338,14639,,
1560173,M-RAT,medium,Arabika Ratawali Aceh,B04,7,collecting,59,14336,2792,2774,8192,9658,2781,9400,15791,15334,14636,,
1561174,M-RAT,medium,Arabika Ratawali Aceh,B04,7,collecting,60,14328,2790,2773,8192,9655,2781,9398,15789,15330,14633,,
1562173,M-RAT,medium,Arabika Ratawali Aceh,B04,7,collecting,61,14320,2789,2773,8192,9652,2781,9395,15786,15326,14631,,
1563173,M-RAT,medium,Arabika Ratawali Aceh,B04,7,collecting,62,14313,2787,2773,8191,9650,2778,9393,15784,15323,14628,,
1564173,M-RAT,medium,Arabika Ratawali Aceh,B04,7,collecting,63,14307,2787,2773,8191,9649,2778,9393,15780,15319,14625,,
1565173,M-RAT,medium,Arabika Ratawali Aceh,B04,7,collecting,64,14302,2789,2773,8191,9647,2781,9391,15778,15315,14623,,
1566173,M-RAT,medium,Arabika Ratawali Aceh,B04,7,collecting,65,14296,2787,2775,8190,9645,2781,9389,15776,15313,14621,,
1567173,M-RAT,medium,Arabika Ratawali Aceh,B04,7,collecting,66,14291,2789,2776,8189,9643,2779,9388,15774,15310,14619,,
1568174,M-RAT,medium,Arabika Ratawali Aceh,B04,7,collecting,67,14285,2787,2774,8189,9641,2778,9387,15771,15307,14617,,
1569173,M-RAT,medium,Arabika Ratawali Aceh,B04,7,collecting,68,14280,2787,2773,8189,9639,2778,9386,15769,15304,14614,,
1570173,M-RAT,medium,Arabika Ratawali Aceh,B04,7,collecting,69,14276,2787,2773,8189,9637,2782,9385,15766,15301,14612,,
1571173,M-RAT,medium,Arabika Ratawali Aceh,B04,7,collecting,70,14271,2787,2773,8189,9635,2777,9384,15764,15298,14610,,
1572173,M-RAT,medium,Arabika Ratawali Aceh,B04,7,collecting,71,14266,2787,2773,8188,9633,2781,9382,15762,15295,14608,,
1573173,M-RAT,medium,Arabika Ratawali Aceh,B04,7,collecting,72,14260,2787,2773,8188,9630,2781,9380,15760,15292,14606,,
1574173,M-RAT,medium,Arabika Ratawali Aceh,B04,7,collecting,73,14257,2787,2773,8187,9629,2778,9379,15758,15290,14605,,
1575174,M-RAT,medium,Arabika Ratawali Aceh,B04,7,collecting,74,14253,2787,2773,8186,9627,2781,9377,15755,15286,14602,,
1576173,M-RAT,medium,Arabika Ratawali Aceh,B04,7,collecting,75,14247,2787,2773,8186,9625,2777,9378,15754,15284,14600,,
1577174,M-RAT,medium,Arabika Ratawali Aceh,B04,7,collecting,76,14242,2787,2773,8185,9623,2781,9377,15751,15281,14598,,
1578173,M-RAT,medium,Arabika Ratawali Aceh,B04,7,collecting,77,14237,2787,2773,8185,9622,2778,9376,15748,15278,14596,,
1579173,M-RAT,medium,Arabika Ratawali Aceh,B04,7,collecting,78,14233,2787,2773,8184,9621,2780,9375,15746,15276,14594,,
1580173,M-RAT,medium,Arabika Ratawali Aceh,B04,7,collecting,79,14230,2787,2773,8184,9619,2781,9374,15744,15273,14592,,
1581173,M-RAT,medium,Arabika Ratawali Aceh,B04,7,collecting,80,14227,2787,2772,8184,9618,2781,9373,15743,15271,14590,,
1582173,M-RAT,medium,Arabika Ratawali Aceh,B04,7,collecting,81,14224,2787,2773,8183,9616,2777,9371,15741,15269,14589,,
1583173,M-RAT,medium,Arabika Ratawali Aceh,B04,7,collecting,82,14221,2787,2773,8183,9616,2781,9370,15740,15267,14588,,
1584174,M-RAT,medium,Arabika Ratawali Aceh,B04,7,collecting,83,14218,2787,2773,8183,9614,2781,9368,15738,15265,14586,,
1585173,M-RAT,medium,Arabika Ratawali Aceh,B04,7,collecting,84,14214,2787,2774,8182,9612,2781,9367,15737,15263,14585,,
1586173,M-RAT,medium,Arabika Ratawali Aceh,B04,7,collecting,85,14210,2787,2773,8182,9611,2778,9366,15735,15261,14583,,
1587173,M-RAT,medium,Arabika Ratawali Aceh,B04,7,collecting,86,14207,2787,2773,8181,9610,2781,9366,15733,15259,14581,,
1588173,M-RAT,medium,Arabika Ratawali Aceh,B04,7,collecting,87,14203,2787,2773,8181,9609,2781,9366,15731,15257,14580,,
1589173,M-RAT,medium,Arabika Ratawali Aceh,B04,7,collecting,88,14200,2787,2773,8181,9607,2781,9365,15729,15255,14578,,
1590173,M-RAT,medium,Arabika Ratawali Aceh,B04,7,collecting,89,14196,2787,2773,8180,9606,2777,9364,15727,15252,14576,,
1591174,M-RAT,medium,Arabika Ratawali Aceh,B04,7,collecting,90,14192,2786,2773,8180,9605,2780,9362,15726,15250,14574,,
1592173,M-RAT,medium,Arabika Ratawali Aceh,B04,7,collecting,91,14187,2787,2773,8179,9603,2782,9362,15724,15248,14573,,
1593174,M-RAT,medium,Arabika Ratawali Aceh,B04,7,collecting,92,14184,2787,2776,8179,9601,2781,9362,15722,15245,14571,,
1594173,M-RAT,medium,Arabika Ratawali Aceh,B04,7,collecting,93,14182,2787,2773,8178,9600,2778,9362,15719,15243,14570,,
1595173,M-RAT,medium,Arabika Ratawali Aceh,B04,7,collecting,94,14180,2786,2775,8178,9600,2782,9359,15719,15242,14569,,
1596173,M-RAT,medium,Arabika Ratawali Aceh,B04,7,collecting,95,14176,2787,2774,8177,9599,2781,9358,15717,15240,14567,,
1597173,M-RAT,medium,Arabika Ratawali Aceh,B04,7,collecting,96,14173,2786,2773,8177,9597,2780,9358,15715,15238,14565,,
1598173,M-RAT,medium,Arabika Ratawali Aceh,B04,7,collecting,97,14170,2786,2774,8177,9597,2778,9357,15713,15237,14564,,
1599173,M-RAT,medium,Arabika Ratawali Aceh,B04,7,collecting,98,14166,2787,2773,8176,9597,2779,9355,15712,15235,14565,,
1600174,M-RAT,medium,Arabika Ratawali Aceh,B04,7,collecting,99,14157,2787,2773,8176,9597,2780,9358,15711,15234,14568,,
1601173,M-RAT,medium,Arabika Ratawali Aceh,B04,7,collecting,100,14142,2786,2773,8176,9599,2781,9363,15709,15233,14569,,
1602173,M-RAT,medium,Arabika Ratawali Aceh,B04,7,collecting,101,14123,2787,2773,8175,9600,2780,9366,15704,15231,14566,,
1603173,M-RAT,medium,Arabika Ratawali Aceh,B04,7,collecting,102,14102,2787,2774,8175,9600,2781,9367,15698,15228,14561,,
1604173,M-RAT,medium,Arabika Ratawali Aceh,B04,7,collecting,103,14082,2787,2773,8175,9599,2777,9365,15691,15224,14556,,
1605173,M-RAT,medium,Arabika Ratawali Aceh,B04,7,collecting,104,14061,2786,2774,8174,9595,2778,9362,15684,15219,14551,,
1606173,M-RAT,medium,Arabika Ratawali Aceh,B04,7,collecting,105,14041,2787,2773,8174,9591,2780,9359,15675,15213,14544,,
1607174,M-RAT,medium,Arabika Ratawali Aceh,B04,7,collecting,106,14022,2789,2773,8174,9586,2778,9355,15668,15207,14538,,
1608173,M-RAT,medium,Arabika Ratawali Aceh,B04,7,collecting,107,14004,2786,2774,8174,9580,2778,9351,15660,15200,14532,,
1609174,M-RAT,medium,Arabika Ratawali Aceh,B04,7,collecting,108,13987,2786,2773,8174,9574,2780,9346,15652,15193,14525,,
1610173,M-RAT,medium,Arabika Ratawali Aceh,B04,7,collecting,109,13971,2787,2773,8174,9569,2781,9340,15645,15186,14519,,
1611173,M-RAT,medium,Arabika Ratawali Aceh,B04,7,collecting,110,13956,2787,2773,8173,9564,2778,9335,15638,15180,14514,,
1612173,M-RAT,medium,Arabika Ratawali Aceh,B04,7,collecting,111,13942,2787,2773,8173,9558,2778,9330,15632,15173,14509,,
1613173,M-RAT,medium,Arabika Ratawali Aceh,B04,7,collecting,112,13930,2787,2773,8172,9554,2780,9326,15626,15167,14504,,
1614173,M-RAT,medium,Arabika Ratawali Aceh,B04,7,collecting,113,13919,2786,2773,8172,9550,2781,9324,15621,15160,14500,,
1615173,M-RAT,medium,Arabika Ratawali Aceh,B04,7,collecting,114,13909,2787,2777,8171,9546,2779,9322,15616,15155,14497,,
1616174,M-RAT,medium,Arabika Ratawali Aceh,B04,7,collecting,115,13902,2786,2774,8171,9543,2780,9321,15613,15150,14494,,
1617173,M-RAT,medium,Arabika Ratawali Aceh,B04,7,collecting,116,13896,2787,2774,8171,9541,2780,9320,15609,15145,14492,,
1618173,M-RAT,medium,Arabika Ratawali Aceh,B04,7,collecting,117,13892,2787,2773,8170,9539,2781,9321,15607,15141,14490,,
1619173,M-RAT,medium,Arabika Ratawali Aceh,B04,7,collecting,118,13889,2786,2773,8170,9537,2782,9318,15605,15138,14488,,
1620173,M-RAT,medium,Arabika Ratawali Aceh,B04,7,collecting,119,13884,2789,2773,8169,9536,2781,9316,15603,15135,14486,,
1621173,M-RAT,medium,Arabika Ratawali Aceh,B04,7,collecting,120,13879,2786,2773,8169,9535,2781,9315,15600,15132,14484,,
1622173,M-RAT,medium,Arabika Ratawali Aceh,B04,7,collecting,121,13874,2787,2773,8169,9533,2779,9314,15598,15128,14482,,
1623174,M-RAT,medium,Arabika Ratawali Aceh,B04,7,collecting,122,13872,2786,2773,8168,9532,2781,9315,15595,15126,14481,,
1624173,M-RAT,medium,Arabika Ratawali Aceh,B04,7,collecting,123,13870,2787,2773,8168,9531,2778,9316,15593,15123,14479,,
1625174,M-RAT,medium,Arabika Ratawali Aceh,B04,7,collecting,124,13869,2787,2773,8167,9531,2779,9316,15591,15121,14478,,
1626173,M-RAT,medium,Arabika Ratawali Aceh,B04,7,collecting,125,13868,2786,2773,8167,9530,2779,9316,15591,15118,14477,,
1627173,M-RAT,medium,Arabika Ratawali Aceh,B04,7,collecting,126,13866,2787,2777,8167,9530,2781,9316,15588,15117,14477,,
1628173,M-RAT,medium,Arabika Ratawali Aceh,B04,7,collecting,127,13864,2787,2773,8166,9530,2781,9316,15588,15116,14476,,
1629173,M-RAT,medium,Arabika Ratawali Aceh,B04,7,collecting,128,13863,2787,2773,8166,9529,2777,9317,15586,15114,14475,,
1630173,M-RAT,medium,Arabika Ratawali Aceh,B04,7,collecting,129,13862,2786,2773,8165,9529,2778,9317,15585,15112,14473,,
1631173,M-RAT,medium,Arabika Ratawali Aceh,B04,7,collecting,130,13861,2786,2773,8165,9528,2781,9317,15583,15111,14471,,
1632174,M-RAT,medium,Arabika Ratawali Aceh,B04,7,collecting,131,13858,2787,2773,8165,9526,2781,9315,15581,15109,14470,,
1633173,M-RAT,medium,Arabika Ratawali Aceh,B04,7,collecting,132,13854,2790,2775,8164,9525,2780,9315,15578,15106,14468,,
1634173,M-RAT,medium,Arabika Ratawali Aceh,B04,7,collecting,133,13851,2786,2777,8165,9524,2779,9313,15576,15104,14466,,
1635173,M-RAT,medium,Arabika Ratawali Aceh,B04,7,collecting,134,13847,2787,2774,8164,9522,2778,9312,15573,15102,14464,,
1636173,M-RAT,medium,Arabika Ratawali Aceh,B04,7,collecting,135,13843,2787,2773,8164,9520,2781,9312,15571,15100,14463,,
1637173,M-RAT,medium,Arabika Ratawali Aceh,B04,7,collecting,136,13840,2786,2773,8163,9519,2780,9311,15570,15097,14462,,
1638173,M-RAT,medium,Arabika Ratawali Aceh,B04,7,collecting,137,13838,2787,2773,8162,9519,2778,9312,15568,15095,14461,,
1639174,M-RAT,medium,Arabika Ratawali Aceh,B04,7,collecting,138,13838,2787,2773,8162,9518,2781,9312,15566,15094,14459,,
1640173,M-RAT,medium,Arabika Ratawali Aceh,B04,7,collecting,139,13837,2787,2773,8161,9518,2781,9312,15565,15092,14458,,
1641174,M-RAT,medium,Arabika Ratawali Aceh,B04,7,collecting,140,13835,2787,2775,8161,9516,2781,9311,15563,15091,14456,,
1642173,M-RAT,medium,Arabika Ratawali Aceh,B04,7,collecting,141,13832,2787,2773,8161,9515,2778,9310,15561,15089,14455,,
1643173,M-RAT,medium,Arabika Ratawali Aceh,B04,7,collecting,142,13829,2786,2773,8160,9514,2778,9309,15559,15087,14453,,
1644173,M-RAT,medium,Arabika Ratawali Aceh,B04,7,collecting,143,13826,2787,2773,8160,9512,2781,9308,15557,15085,14452,,
1645173,M-RAT,medium,Arabika Ratawali Aceh,B04,7,collecting,144,13823,2787,2773,8159,9511,2779,9308,15555,15083,14451,,
1646173,M-RAT,medium,Arabika Ratawali Aceh,B04,7,collecting,145,13821,2787,2771,8159,9511,2778,9308,15553,15082,14449,,
1647173,M-RAT,medium,Arabika Ratawali Aceh,B04,7,collecting,146,13819,2787,2773,8159,9510,2781,9307,15551,15080,14448,,
1648174,M-RAT,medium,Arabika Ratawali Aceh,B04,7,collecting,147,13816,2787,2773,8158,9509,2781,9306,15549,15078,14446,,
1649173,M-RAT,medium,Arabika Ratawali Aceh,B04,7,collecting,148,13812,2787,2773,8158,9507,2781,9305,15547,15077,14445,,
1650173,M-RAT,medium,Arabika Ratawali Aceh,B04,7,collecting,149,13808,2786,2773,8157,9506,2780,9304,15545,15074,14443,,
1651173,M-RAT,medium,Arabika Ratawali Aceh,B04,7,collecting,150,13805,2787,2773,8157,9505,2778,9303,15543,15072,14442,,
1652173,M-RAT,medium,Arabika Ratawali Aceh,B04,7,collecting,151,13803,2787,2773,8156,9504,2778,9303,15542,15071,14442,,
1653173,M-RAT,medium,Arabika Ratawali Aceh,B04,7,collecting,152,13801,2787,2773,8156,9504,2780,9303,15540,15069,14441,,
1654173,M-RAT,medium,Arabika Ratawali Aceh,B04,7,collecting,153,13800,2787,2773,8155,9504,2781,9302,15539,15067,14440,,
1655174,M-RAT,medium,Arabika Ratawali Aceh,B04,7,collecting,154,13799,2787,2773,8155,9504,2779,9303,15539,15067,14439,,
1656173,M-RAT,medium,Arabika Ratawali Aceh,B04,7,collecting,155,13798,2787,2773,8155,9503,2781,9302,15537,15065,14437,,
1657174,M-RAT,medium,Arabika Ratawali Aceh,B04,7,collecting,156,13796,2787,2776,8154,9502,2781,9301,15534,15064,14434,,
1658173,M-RAT,medium,Arabika Ratawali Aceh,B04,7,collecting,157,13795,2787,2774,8154,9500,2781,9300,15532,15062,14432,,
1659173,M-RAT,medium,Arabika Ratawali Aceh,B04,7,collecting,158,13792,2787,2773,8153,9497,2781,9298,15529,15060,14429,,
1660173,M-RAT,medium,Arabika Ratawali Aceh,B04,7,collecting,159,13790,2789,2773,8153,9495,2778,9294,15527,15058,14426,,
1661173,M-RAT,medium,Arabika Ratawali Aceh,B04,7,collecting,160,13789,2787,2776,8152,9493,2780,9291,15525,15055,14424,,
1662173,M-RAT,medium,Arabika Ratawali Aceh,B04,7,collecting,161,13790,2787,2776,8152,9491,2777,9289,15522,15052,14422,,
1663173,M-RAT,medium,Arabika Ratawali Aceh,B04,7,collecting,162,13789,2787,2773,8152,9489,2778,9288,15521,15051,14422,,
1664174,M-RAT,medium,Arabika Ratawali Aceh,B04,7,collecting,163,13785,2787,2773,8151,9487,2780,9287,15520,15049,14425,,
1665173,M-RAT,medium,Arabika Ratawali Aceh,B04,7,collecting,164,13767,2787,2774,8151,9493,2780,9296,15523,15048,14447,,
1666173,M-RAT,medium,Arabika Ratawali Aceh,B04,7,collecting,165,13730,2787,2776,8150,9509,2780,9322,15527,15051,14471,,
1667173,M-RAT,medium,Arabika Ratawali Aceh,B04,7,collecting,166,13683,2787,2776,8150,9533,2780,9357,15533,15057,14499,,
1668173,M-RAT,medium,Arabika Ratawali Aceh,B04,7,collecting,167,13629,2787,2774,8150,9564,2778,9402,15540,15065,14525,,
1669173,M-RAT,medium,Arabika Ratawali Aceh,B04,7,collecting,168,13580,2787,2773,8150,9597,2781,9446,15545,15077,14548,,
1670173,M-RAT,medium,Arabika Ratawali Aceh,B04,7,collecting,169,13539,2786,2773,8151,9630,2782,9482,15550,15090,14561,,
1671174,M-RAT,medium,Arabika Ratawali Aceh,B04,7,collecting,170,13509,2787,2773,8152,9655,2781,9509,15550,15103,14564,,
1672173,M-RAT,medium,Arabika Ratawali Aceh,B04,7,collecting,171,13493,2787,2773,8152,9671,2780,9522,15546,15113,14561,,
1673174,M-RAT,medium,Arabika Ratawali Aceh,B04,7,collecting,172,13484,2787,2773,8153,9678,2781,9525,15540,15121,14556,,
1674173,M-RAT,medium,Arabika Ratawali Aceh,B04,7,collecting,173,13477,2787,2773,8154,9681,2780,9521,15533,15125,14557,,
1675173,M-RAT,medium,Arabika Ratawali Aceh,B04,7,collecting,174,13462,2787,2773,8155,9684,2778,9524,15529,15130,14569,,
1676173,M-RAT,medium,Arabika Ratawali Aceh,B04,7,collecting,175,13448,2787,2777,8156,9694,2778,9537,15530,15135,14580,,
1677173,M-RAT,medium,Arabika Ratawali Aceh,B04,7,collecting,176,13438,2787,2773,8157,9707,2777,9552,15533,15143,14593,,
1678173,M-RAT,medium,Arabika Ratawali Aceh,B04,7,collecting,177,13429,2787,2773,8158,9723,2778,9570,15537,15154,14612,,
1679173,M-RAT,medium,Arabika Ratawali Aceh,B04,7,collecting,178,13416,2787,2773,8159,9745,2781,9594,15544,15167,14635,,
1680174,M-RAT,medium,Arabika Ratawali Aceh,B04,7,collecting,179,13409,2787,2773,8160,9770,2779,9622,15554,15181,14654,,
1681173,M-RAT,medium,Arabika Ratawali Aceh,B04,7,collecting,180,13420,2787,2773,8161,9795,2780,9647,15566,15198,14671,,
1682177,M-RAT,medium,Arabika Ratawali Aceh,B04,8,purging,1,13443,2790,2773,8163,9821,2781,9670,15578,15217,14691,,
1683173,M-RAT,medium,Arabika Ratawali Aceh,B04,8,purging,2,13489,2787,2773,8164,9847,2780,9693,15598,15239,14716,,
1684173,M-RAT,medium,Arabika Ratawali Aceh,B04,8,purging,3,13541,2787,2776,8165,9869,2779,9712,15618,15265,14713,,
1685173,M-RAT,medium,Arabika Ratawali Aceh,B04,8,purging,4,13540,2787,2775,8167,9859,2778,9687,15596,15277,14661,,
1686173,M-RAT,medium,Arabika Ratawali Aceh,B04,8,purging,5,13483,2787,2775,8169,9822,2781,9631,15549,15267,14607,,
1687174,M-RAT,medium,Arabika Ratawali Aceh,B04,8,purging,6,13390,2787,2775,8170,9769,2781,9568,15490,15238,14553,,
1688173,M-RAT,medium,Arabika Ratawali Aceh,B04,8,purging,7,13275,2787,2776,8171,9711,2782,9504,15430,15198,14503,,
1689174,M-RAT,medium,Arabika Ratawali Aceh,B04,8,purging,8,13147,2786,2773,8171,9656,2780,9445,15374,15153,14458,,
1690173,M-RAT,medium,Arabika Ratawali Aceh,B04,8,purging,9,13013,2784,2775,8171,9603,2778,9395,15322,15104,14416,,
1691173,M-RAT,medium,Arabika Ratawali Aceh,B04,8,purging,10,12877,2787,2774,8171,9557,2777,9354,15276,15056,14381,,
1692173,M-RAT,medium,Arabika Ratawali Aceh,B04,8,purging,11,12742,2783,2777,8171,9516,2780,9320,15234,15010,14349,,
1693173,M-RAT,medium,Arabika Ratawali Aceh,B04,8,purging,12,12613,2783,2772,8171,9480,2779,9292,15196,14966,14318,,
1694173,M-RAT,medium,Arabika Ratawali Aceh,B04,8,purging,13,12490,2786,2774,8170,9448,2779,9268,15161,14923,14289,,
1695173,M-RAT,medium,Arabika Ratawali Aceh,B04,8,purging,14,12376,2786,2773,8169,9419,2780,9246,15128,14882,14262,,
1696174,M-RAT,medium,Arabika Ratawali Aceh,B04,8,purging,15,12269,2782,2773,8169,9392,2781,9228,15097,14844,14238,,
1697173,M-RAT,medium,Arabika Ratawali Aceh,B04,8,purging,16,12171,2782,2773,8167,9368,2780,9213,15069,14807,14216,,
1698173,M-RAT,medium,Arabika Ratawali Aceh,B04,8,purging,17,12080,2783,2773,8166,9347,2781,9201,15042,14772,14195,,
1699173,M-RAT,medium,Arabika Ratawali Aceh,B04,8,purging,18,11998,2783,2773,8166,9328,2781,9189,15018,14740,14176,,
1700173,M-RAT,medium,Arabika Ratawali Aceh,B04,8,purging,19,11922,2785,2773,8165,9311,2780,9179,14995,14709,14159,,
1701173,M-RAT,medium,Arabika Ratawali Aceh,B04,8,purging,20,11853,2782,2773,8164,9296,2778,9171,14974,14680,14142,,
1702173,M-RAT,medium,Arabika Ratawali Aceh,B04,8,purging,21,11791,2782,2773,8163,9282,2779,9163,14953,14653,14126,,
1703174,M-RAT,medium,Arabika Ratawali Aceh,B04,8,purging,22,11734,2785,2773,8163,9269,2777,9157,14933,14628,14111,,
1704173,M-RAT,medium,Arabika Ratawali Aceh,B04,8,purging,23,11682,2783,2776,8162,9258,2779,9151,14914,14603,14097,,
1705174,M-RAT,medium,Arabika Ratawali Aceh,B04,8,purging,24,11635,2783,2773,8162,9247,2781,9146,14897,14580,14083,,
1706173,M-RAT,medium,Arabika Ratawali Aceh,B04,8,purging,25,11592,2782,2773,8161,9238,2781,9140,14881,14558,14072,,
1707173,M-RAT,medium,Arabika Ratawali Aceh,B04,8,purging,26,11552,2783,2773,8160,9229,2778,9137,14865,14538,14060,,
1708173,M-RAT,medium,Arabika Ratawali Aceh,B04,8,purging,27,11515,2783,2774,8159,9220,2781,9134,14850,14518,14048,,
1709173,M-RAT,medium,Arabika Ratawali Aceh,B04,8,purging,28,11481,2783,2775,8158,9213,2778,9129,14835,14499,14037,,
1710173,M-RAT,medium,Arabika Ratawali Aceh,B04,8,purging,29,11450,2780,2772,8158,9205,2778,9126,14820,14482,14026,,
1711173,M-RAT,medium,Arabika Ratawali Aceh,B04,8,purging,30,11421,2780,2775,8157,9198,2777,9123,14807,14465,14017,,
1712174,M-RAT,medium,Arabika Ratawali Aceh,B04,8,purging,31,11395,2783,2774,8157,9192,2778,9123,14794,14448,14008,,
1713173,M-RAT,medium,Arabika Ratawali Aceh,B04,8,purging,32,11369,2784,2773,8156,9186,2778,9121,14781,14432,13998,,
1714173,M-RAT,medium,Arabika Ratawali Aceh,B04,8,purging,33,11346,2782,2773,8156,9182,2778,9119,14769,14417,13991,,
1715173,M-RAT,medium,Arabika Ratawali Aceh,B04,8,purging,34,11324,2783,2774,8155,9177,2780,9118,14758,14404,13983,,
1716173,M-RAT,medium,Arabika Ratawali Aceh,B04,8,purging,35,11303,2783,2773,8154,9172,2777,9118,14746,14390,13974,,
1717173,M-RAT,medium,Arabika Ratawali Aceh,B04,8,purging,36,11283,2782,2773,8154,9167,2778,9116,14734,14377,13965,,
1718173,M-RAT,medium,Arabika Ratawali Aceh,B04,8,purging,37,11264,2785,2774,8153,9161,2780,9114,14723,14364,13957,,
1719174,M-RAT,medium,Arabika Ratawali Aceh,B04,8,purging,38,11247,2782,2772,8153,9156,2781,9112,14711,14351,13949,,
1720173,M-RAT,medium,Arabika Ratawali Aceh,B04,8,purging,39,11230,2785,2773,8153,9151,2778,9107,14700,14339,13940,,
1721174,M-RAT,medium,Arabika Ratawali Aceh,B04,8,purging,40,11214,2782,2774,8152,9146,2779,9105,14689,14328,13933,,
1722173,M-RAT,medium,Arabika Ratawali Aceh,B04,8,purging,41,11199,2782,2774,8151,9142,2779,9103,14679,14316,13928,,
1723173,M-RAT,medium,Arabika Ratawali Aceh,B04,8,purging,42,11184,2782,2775,8151,9139,2779,9102,14671,14305,13923,,
1724173,M-RAT,medium,Arabika Ratawali Aceh,B04,8,purging,43,11169,2782,2775,8150,9136,2781,9103,14662,14295,13917,,
1725173,M-RAT,medium,Arabika Ratawali Aceh,B04,8,purging,44,11154,2783,2774,8150,9133,2779,9102,14653,14285,13910,,
1726173,M-RAT,medium,Arabika Ratawali Aceh,B04,8,purging,45,11141,2785,2772,8149,9130,2779,9102,14643,14275,13904,,
1727173,M-RAT,medium,Arabika Ratawali Aceh,B04,8,purging,46,11130,2783,2773,8148,9127,2781,9100,14634,14266,13897,,
1728174,M-RAT,medium,Arabika Ratawali Aceh,B04,8,purging,47,11119,2782,2773,8148,9123,2781,9098,14624,14257,13891,,
1729173,M-RAT,medium,Arabika Ratawali Aceh,B04,8,purging,48,11108,2785,2773,8147,9120,2780,9097,14615,14248,13885,,
1730173,M-RAT,medium,Arabika Ratawali Aceh,B04,8,purging,49,11097,2783,2773,8147,9116,2778,9094,14607,14239,13879,,
1731173,M-RAT,medium,Arabika Ratawali Aceh,B04,8,purging,50,11087,2785,2776,8146,9112,2779,9093,14598,14230,13873,,
1732173,M-RAT,medium,Arabika Ratawali Aceh,B04,8,purging,51,11078,2782,2773,8145,9108,2781,9091,14589,14221,13867,,
1733173,M-RAT,medium,Arabika Ratawali Aceh,B04,8,purging,52,11069,2782,2775,8145,9105,2778,9090,14581,14212,13864,,
1734173,M-RAT,medium,Arabika Ratawali Aceh,B04,8,purging,53,11060,2787,2774,8145,9104,2777,9091,14575,14205,13862,,
1735174,M-RAT,medium,Arabika Ratawali Aceh,B04,8,purging,54,11050,2785,2774,8144,9102,2778,9093,14569,14198,13858,,
1736173,M-RAT,medium,Arabika Ratawali Aceh,B04,8,purging,55,11040,2782,2774,8144,9100,2780,9094,14562,14191,13853,,
1737174,M-RAT,medium,Arabika Ratawali Aceh,B04,8,purging,56,11032,2782,2775,8143,9098,2780,9092,14553,14183,13846,,
1738173,M-RAT,medium,Arabika Ratawali Aceh,B04,8,purging,57,11025,2782,2773,8142,9095,2780,9090,14545,14176,13841,,
1739173,M-RAT,medium,Arabika Ratawali Aceh,B04,8,purging,58,11019,2782,2775,8142,9093,2779,9088,14538,14169,13836,,
1740173,M-RAT,medium,Arabika Ratawali Aceh,B04,8,purging,59,11012,2783,2774,8142,9090,2780,9085,14530,14162,13831,,
1741173,M-RAT,medium,Arabika Ratawali Aceh,B04,8,purging,60,11005,2784,2778,8141,9087,2777,9083,14522,14156,13827,,
1742176,M-RAT,medium,Arabika Ratawali Aceh,B04,8,collecting,1,10998,2783,2776,8140,9085,2781,9082,14516,14149,13822,,
1743173,M-RAT,medium,Arabika Ratawali Aceh,B04,8,collecting,2,10991,2782,2771,8140,9082,2781,9081,14509,14143,13821,,
1744174,M-RAT,medium,Arabika Ratawali Aceh,B04,8,collecting,3,10984,2785,2779,8139,9081,2781,9082,14504,14138,13816,,
1745173,M-RAT,medium,Arabika Ratawali Aceh,B04,8,collecting,4,10978,2783,2776,8139,9079,2780,9082,14497,14132,13822,,
1746173,M-RAT,medium,Arabika Ratawali Aceh,B04,8,collecting,5,10998,2783,2774,8138,9099,2781,9111,14516,14132,13891,,
1747173,M-RAT,medium,Arabika Ratawali Aceh,B04,8,collecting,6,11177,2783,2773,8138,9159,2780,9186,14584,14156,13974,,
1748173,M-RAT,medium,Arabika Ratawali Aceh,B04,8,collecting,7,11571,2783,2776,8138,9255,2778,9287,14702,14220,14077,,
1749173,M-RAT,medium,Arabika Ratawali Aceh,B04,8,collecting,8,12111,2787,2775,8138,9371,2780,9392,14853,14324,14193,,
1750173,M-RAT,medium,Arabika Ratawali Aceh,B04,8,collecting,9,12635,2783,2772,8138,9485,2781,9489,15011,14453,14298,,
1751174,M-RAT,medium,Arabika Ratawali Aceh,B04,8,collecting,10,13069,2783,2776,8139,9585,2779,9569,15149,14587,14399,,
1752173,M-RAT,medium,Arabika Ratawali Aceh,B04,8,collecting,11,13385,2786,2775,8139,9671,2780,9642,15260,14714,14488,,
1753174,M-RAT,medium,Arabika Ratawali Aceh,B04,8,collecting,12,13594,2787,2774,8140,9746,2779,9705,15342,14825,14560,,
1754173,M-RAT,medium,Arabika Ratawali Aceh,B04,8,collecting,13,13724,2787,2775,8141,9810,2783,9759,15400,14918,14617,,
1755173,M-RAT,medium,Arabika Ratawali Aceh,B04,8,collecting,14,13807,2786,2775,8143,9865,2780,9804,15444,14997,14661,,
1756173,M-RAT,medium,Arabika Ratawali Aceh,B04,8,collecting,15,13859,2789,2773,8145,9910,2779,9838,15474,15062,14693,,
1757173,M-RAT,medium,Arabika Ratawali Aceh,B04,8,collecting,16,13895,2790,2773,8147,9944,2780,9861,15496,15116,14714,,
1758173,M-RAT,medium,Arabika Ratawali Aceh,B04,8,collecting,17,13927,2789,2772,8149,9968,2780,9873,15510,15162,14726,,
1759173,M-RAT,medium,Arabika Ratawali Aceh,B04,8,collecting,18,13955,2787,2778,8151,9983,2780,9874,15520,15200,14733,,
1760174,M-RAT,medium,Arabika Ratawali Aceh,B04,8,collecting,19,13983,2787,2773,8153,9989,2783,9867,15527,15230,14734,,
1761173,M-RAT,medium,Arabika Ratawali Aceh,B04,8,collecting,20,14008,2790,2772,8154,9988,2779,9853,15532,15256,14735,,
1762173,M-RAT,medium,Arabika Ratawali Aceh,B04,8,collecting,21,14040,2787,2775,8156,9985,2779,9837,15539,15277,14737,,
1763173,M-RAT,medium,Arabika Ratawali Aceh,B04,8,collecting,22,14078,2787,2773,8158,9980,2781,9820,15547,15296,14739,,
1764173,M-RAT,medium,Arabika Ratawali Aceh,B04,8,collecting,23,14122,2787,2775,8159,9973,2778,9800,15558,15313,14740,,
1765173,M-RAT,medium,Arabika Ratawali Aceh,B04,8,collecting,24,14165,2790,2772,8160,9965,2779,9778,15571,15329,14741,,
1766173,M-RAT,medium,Arabika Ratawali Aceh,B04,8,collecting,25,14209,2787,2776,8161,9957,2779,9758,15584,15345,14743,,
1767174,M-RAT,medium,Arabika Ratawali Aceh,B04,8,collecting,26,14252,2790,2774,8161,9948,2780,9739,15596,15358,14744,,
1768173,M-RAT,medium,Arabika Ratawali Aceh,B04,8,collecting,27,14292,2789,2776,8162,9938,2780,9719,15608,15370,14742,,
1769174,M-RAT,medium,Arabika Ratawali Aceh,B04,8,collecting,28,14326,2789,2773,8162,9928,2780,9699,15617,15379,14742,,
1770173,M-RAT,medium,Arabika Ratawali Aceh,B04,8,collecting,29,14361,2789,2775,8162,9918,2783,9680,15628,15387,14743,,
1771173,M-RAT,medium,Arabika Ratawali Aceh,B04,8,collecting,30,14397,2789,2773,8163,9910,2780,9664,15640,15395,14745,,
1772173,M-RAT,medium,Arabika Ratawali Aceh,B04,8,collecting,31,14434,2789,2773,8163,9904,2780,9651,15655,15403,14750,,
1773173,M-RAT,medium,Arabika Ratawali Aceh,B04,8,collecting,32,14477,2792,2776,8162,9898,2777,9641,15672,15412,14753,,
1774173,M-RAT,medium,Arabika Ratawali Aceh,B04,8,collecting,33,14515,2789,2779,8162,9893,2780,9629,15687,15421,14756,,
1775173,M-RAT,medium,Arabika Ratawali Aceh,B04,8,collecting,34,14548,2789,2779,8162,9886,2781,9616,15698,15429,14755,,
1776174,M-RAT,medium,Arabika Ratawali Aceh,B04,8,collecting,35,14572,2795,2775,8162,9878,2778,9604,15707,15435,14755,,
1777173,M-RAT,medium,Arabika Ratawali Aceh,B04,8,collecting,36,14594,2789,2779,8161,9871,2778,9591,15716,15440,14756,,
1778173,M-RAT,medium,Arabika Ratawali Aceh,B04,8,collecting,37,14617,2792,2775,8161,9865,2779,9582,15727,15444,14758,,
1779173,M-RAT,medium,Arabika Ratawali Aceh,B04,8,collecting,38,14639,2789,2776,8160,9860,2781,9574,15737,15448,14759,,
1780173,M-RAT,medium,Arabika Ratawali Aceh,B04,8,collecting,39,14658,2789,2776,8160,9854,2778,9564,15746,15451,14758,,
1781173,M-RAT,medium,Arabika Ratawali Aceh,B04,8,collecting,40,14675,2789,2778,8160,9849,2779,9556,15754,15454,14760,,
1782173,M-RAT,medium,Arabika Ratawali Aceh,B04,8,collecting,41,14695,2790,2772,8159,9845,2783,9550,15764,15458,14762,,
1783174,M-RAT,medium,Arabika Ratawali Aceh,B04,8,collecting,42,14713,2793,2776,8158,9841,2780,9544,15774,15461,14763,,
1784173,M-RAT,medium,Arabika Ratawali Aceh,B04,8,collecting,43,14729,2789,2772,8158,9837,2780,9539,15782,15465,14766,,
1785174,M-RAT,medium,Arabika Ratawali Aceh,B04,8,collecting,44,14746,2789,2774,8157,9836,2780,9536,15792,15468,14769,,
1786173,M-RAT,medium,Arabika Ratawali Aceh,B04,8,collecting,45,14767,2789,2778,8157,9835,2777,9533,15803,15473,14773,,
1787173,M-RAT,medium,Arabika Ratawali Aceh,B04,8,collecting,46,14785,2789,2776,8156,9833,2778,9528,15814,15478,14775,,
1788173,M-RAT,medium,Arabika Ratawali Aceh,B04,8,collecting,47,14797,2789,2776,8155,9830,2778,9523,15822,15482,14774,,
1789173,M-RAT,medium,Arabika Ratawali Aceh,B04,8,collecting,48,14800,2789,2776,8154,9825,2781,9519,15825,15484,14773,,
1790173,M-RAT,medium,Arabika Ratawali Aceh,B04,8,collecting,49,14805,2789,2776,8154,9823,2780,9514,15830,15485,14775,,
1791173,M-RAT,medium,Arabika Ratawali Aceh,B04,8,collecting,50,14809,2790,2776,8154,9821,2780,9510,15837,15486,14776,,
1792174,M-RAT,medium,Arabika Ratawali Aceh,B04,8,collecting,51,14812,2789,2774,8153,9820,2779,9509,15843,15488,14779,,
1793173,M-RAT,medium,Arabika Ratawali Aceh,B04,8,collecting,52,14812,2792,2776,8153,9819,2780,9507,15849,15490,14780,,
1794173,M-RAT,medium,Arabika Ratawali Aceh,B04,8,collecting,53,14810,2793,2775,8152,9818,2782,9506,15851,15491,14780,,
1795173,M-RAT,medium,Arabika Ratawali Aceh,B04,8,collecting,54,14805,2790,2776,8151,9816,2778,9503,15853,15491,14779,,
1796173,M-RAT,medium,Arabika Ratawali Aceh,B04,8,collecting,55,14801,2789,2772,8151,9814,2780,9501,15855,15491,14780,,
1797173,M-RAT,medium,Arabika Ratawali Aceh,B04,8,collecting,56,14798,2790,2773,8150,9812,2781,9500,15858,15491,14779,,
1798173,M-RAT,medium,Arabika Ratawali Aceh,B04,8,collecting,57,14795,2789,2775,8150,9811,2778,9499,15860,15491,14780,,
1799174,M-RAT,medium,Arabika Ratawali Aceh,B04,8,collecting,58,14798,2789,2779,8149,9810,2778,9499,15865,15492,14783,,
1800173,M-RAT,medium,Arabika Ratawali Aceh,B04,8,collecting,59,14801,2791,2776,8149,9809,2780,9499,15870,15494,14783,,
1801174,M-RAT,medium,Arabika Ratawali Aceh,B04,8,collecting,60,14802,2789,2777,8148,9809,2779,9498,15874,15495,14784,,
1802173,M-RAT,medium,Arabika Ratawali Aceh,B04,8,collecting,61,14801,2791,2775,8148,9809,2783,9497,15877,15496,14785,,
1803173,M-RAT,medium,Arabika Ratawali Aceh,B04,8,collecting,62,14802,2789,2775,8147,9809,2780,9497,15880,15497,14787,,
1804173,M-RAT,medium,Arabika Ratawali Aceh,B04,8,collecting,63,14805,2789,2774,8146,9809,2780,9498,15885,15499,14790,,
1805173,M-RAT,medium,Arabika Ratawali Aceh,B04,8,collecting,64,14809,2790,2772,8146,9811,2779,9499,15889,15502,14792,,
1806173,M-RAT,medium,Arabika Ratawali Aceh,B04,8,collecting,65,14813,2789,2774,8146,9813,2778,9501,15895,15504,14794,,
1807173,M-RAT,medium,Arabika Ratawali Aceh,B04,8,collecting,66,14818,2791,2773,8145,9813,2780,9502,15900,15507,14796,,
1808174,M-RAT,medium,Arabika Ratawali Aceh,B04,8,collecting,67,14819,2789,2776,8145,9814,2779,9501,15902,15509,14795,,
1809173,M-RAT,medium,Arabika Ratawali Aceh,B04,8,collecting,68,14816,2789,2776,8145,9812,2778,9499,15904,15510,14794,,
1810173,M-RAT,medium,Arabika Ratawali Aceh,B04,8,collecting,69,14813,2789,2774,8144,9811,2780,9497,15905,15511,14794,,
1811173,M-RAT,medium,Arabika Ratawali Aceh,B04,8,collecting,70,14812,2789,2775,8143,9810,2781,9496,15906,15511,14793,,
1812173,M-RAT,medium,Arabika Ratawali Aceh,B04,8,collecting,71,14806,2789,2779,8143,9807,2779,9494,15905,15510,14790,,
1813173,M-RAT,medium,Arabika Ratawali Aceh,B04,8,collecting,72,14798,2789,2776,8143,9806,2781,9492,15904,15509,14789,,
1814173,M-RAT,medium,Arabika Ratawali Aceh,B04,8,collecting,73,14794,2790,2776,8143,9804,2779,9490,15905,15509,14791,,
1815174,M-RAT,medium,Arabika Ratawali Aceh,B04,8,collecting,74,14789,2789,2774,8142,9804,2780,9488,15907,15509,14790,,
1816173,M-RAT,medium,Arabika Ratawali Aceh,B04,8,collecting,75,14781,2789,2774,8141,9803,2778,9488,15905,15508,14790,,
1817174,M-RAT,medium,Arabika Ratawali Aceh,B04,8,collecting,76,14775,2789,2778,8141,9803,2780,9489,15906,15507,14792,,
1818173,M-RAT,medium,Arabika Ratawali Aceh,B04,8,collecting,77,14781,2789,2779,8141,9806,2778,9492,15912,15508,14797,,
1819173,M-RAT,medium,Arabika Ratawali Aceh,B04,8,collecting,78,14793,2792,2778,8140,9810,2780,9495,15920,15512,14802,,
1820173,M-RAT,medium,Arabika Ratawali Aceh,B04,8,collecting,79,14804,2789,2776,8140,9813,2779,9498,15927,15517,14804,,
1821173,M-RAT,medium,Arabika Ratawali Aceh,B04,8,collecting,80,14808,2789,2776,8139,9814,2781,9499,15930,15522,14804,,
1822173,M-RAT,medium,Arabika Ratawali Aceh,B04,8,collecting,81,14804,2793,2776,8140,9813,2779,9497,15930,15524,14801,,
1823173,M-RAT,medium,Arabika Ratawali Aceh,B04,8,collecting,82,14793,2789,2775,8139,9810,2780,9494,15926,15523,14797,,
1824174,M-RAT,medium,Arabika Ratawali Aceh,B04,8,collecting,83,14782,2789,2780,8138,9806,2780,9491,15922,15520,14794,,
1825173,M-RAT,medium,Arabika Ratawali Aceh,B04,8,collecting,84,14774,2791,2779,8138,9805,2780,9487,15920,15518,14793,,
1826173,M-RAT,medium,Arabika Ratawali Aceh,B04,8,collecting,85,14771,2791,2774,8138,9804,2778,9486,15921,15517,14793,,
1827173,M-RAT,medium,Arabika Ratawali Aceh,B04,8,collecting,86,14771,2791,2776,8137,9802,2779,9485,15923,15516,14793,,
1828173,M-RAT,medium,Arabika Ratawali Aceh,B04,8,collecting,87,14769,2789,2776,8137,9801,2779,9484,15923,15516,14791,,
1829173,M-RAT,medium,Arabika Ratawali Aceh,B04,8,collecting,88,14765,2791,2775,8136,9799,2781,9483,15923,15515,14791,,
1830173,M-RAT,medium,Arabika Ratawali Aceh,B04,8,collecting,89,14768,2792,2776,8136,9800,2778,9484,15926,15515,14793,,
1831174,M-RAT,medium,Arabika Ratawali Aceh,B04,8,collecting,90,14775,2793,2776,8136,9800,2782,9484,15930,15516,14794,,
1832173,M-RAT,medium,Arabika Ratawali Aceh,B04,8,collecting,91,14781,2790,2776,8135,9801,2778,9484,15934,15519,14795,,
1833174,M-RAT,medium,Arabika Ratawali Aceh,B04,8,collecting,92,14783,2789,2776,8135,9801,2778,9483,15935,15520,14795,,
1834173,M-RAT,medium,Arabika Ratawali Aceh,B04,8,collecting,93,14783,2792,2776,8134,9801,2779,9482,15936,15522,14794,,
1835173,M-RAT,medium,Arabika Ratawali Aceh,B04,8,collecting,94,14783,2789,2774,8134,9801,2778,9481,15939,15523,14795,,
1836173,M-RAT,medium,Arabika Ratawali Aceh,B04,8,collecting,95,14780,2789,2778,8134,9800,2779,9480,15938,15523,14794,,
1837173,M-RAT,medium,Arabika Ratawali Aceh,B04,8,collecting,96,14780,2791,2776,8134,9800,2782,9480,15940,15523,14796,,
1838173,M-RAT,medium,Arabika Ratawali Aceh,B04,8,collecting,97,14784,2793,2779,8134,9802,2780,9481,15944,15524,14798,,
1839173,M-RAT,medium,Arabika Ratawali Aceh,B04,8,collecting,98,14790,2789,2776,8133,9804,2780,9483,15947,15527,14800,,
1840174,M-RAT,medium,Arabika Ratawali Aceh,B04,8,collecting,99,14794,2792,2776,8132,9805,2781,9485,15950,15530,14802,,
1841173,M-RAT,medium,Arabika Ratawali Aceh,B04,8,collecting,100,14797,2793,2775,8132,9806,2779,9485,15953,15531,14802,,
1842173,M-RAT,medium,Arabika Ratawali Aceh,B04,8,collecting,101,14798,2789,2779,8132,9805,2778,9485,15954,15533,14803,,
1843173,M-RAT,medium,Arabika Ratawali Aceh,B04,8,collecting,102,14796,2789,2774,8131,9805,2779,9486,15955,15534,14803,,
1844173,M-RAT,medium,Arabika Ratawali Aceh,B04,8,collecting,103,14793,2791,2777,8131,9806,2778,9486,15954,15534,14803,,
1845173,M-RAT,medium,Arabika Ratawali Aceh,B04,8,collecting,104,14788,2789,2776,8131,9806,2779,9487,15954,15535,14805,,
1846173,M-RAT,medium,Arabika Ratawali Aceh,B04,8,collecting,105,14783,2789,2776,8131,9807,2780,9488,15954,15535,14804,,
1847174,M-RAT,medium,Arabika Ratawali Aceh,B04,8,collecting,106,14774,2790,2776,8131,9807,2778,9488,15952,15535,14803,,
1848173,M-RAT,medium,Arabika Ratawali Aceh,B04,8,collecting,107,14761,2790,2776,8131,9807,2779,9488,15949,15535,14801,,
1849174,M-RAT,medium,Arabika Ratawali Aceh,B04,8,collecting,108,14750,2789,2774,8131,9807,2781,9488,15947,15534,14802,,
1850173,M-RAT,medium,Arabika Ratawali Aceh,B04,8,collecting,109,14744,2791,2776,8131,9808,2780,9491,15947,15533,14803,,
1851173,M-RAT,medium,Arabika Ratawali Aceh,B04,8,collecting,110,14740,2789,2776,8131,9810,2778,9493,15948,15533,14805,,
1852173,M-RAT,medium,Arabika Ratawali Aceh,B04,8,collecting,111,14738,2791,2776,8131,9812,2780,9497,15949,15534,14808,,
1853173,M-RAT,medium,Arabika Ratawali Aceh,B04,8,collecting,112,14739,2789,2776,8131,9815,2779,9501,15952,15537,14810,,
1854173,M-RAT,medium,Arabika Ratawali Aceh,B04,8,collecting,113,14739,2790,2776,8131,9817,2780,9504,15954,15539,14812,,
1855173,M-RAT,medium,Arabika Ratawali Aceh,B04,8,collecting,114,14739,2789,2776,8131,9821,2779,9506,15957,15542,14815,,
1856174,M-RAT,medium,Arabika Ratawali Aceh,B04,8,collecting,115,14739,2792,2776,8132,9822,2782,9510,15958,15545,14816,,
1857173,M-RAT,medium,Arabika Ratawali Aceh,B04,8,collecting,116,14734,2790,2776,8132,9824,2780,9511,15957,15546,14815,,
1858173,M-RAT,medium,Arabika Ratawali Aceh,B04,8,collecting,117,14728,2793,2776,8131,9825,2778,9512,15956,15547,14816,,
1859173,M-RAT,medium,Arabika Ratawali Aceh,B04,8,collecting,118,14727,2789,2779,8132,9827,2780,9515,15957,15548,14818,,
1860173,M-RAT,medium,Arabika Ratawali Aceh,B04,8,collecting,119,14727,2795,2778,8132,9828,2782,9517,15959,15549,14817,,
1861173,M-RAT,medium,Arabika Ratawali Aceh,B04,8,collecting,120,14724,2792,2777,8133,9828,2780,9515,15957,15551,14815,,
1862173,M-RAT,medium,Arabika Ratawali Aceh,B04,8,collecting,121,14714,2792,2774,8133,9826,2778,9511,15954,15549,14812,,
1863174,M-RAT,medium,Arabika Ratawali Aceh,B04,8,collecting,122,14702,2791,2776,8133,9824,2780,9508,15950,15548,14810,,
1864173,M-RAT,medium,Arabika Ratawali Aceh,B04,8,collecting,123,14695,2791,2776,8132,9823,2780,9508,15947,15545,14811,,
1865174,M-RAT,medium,Arabika Ratawali Aceh,B04,8,collecting,124,14697,2792,2776,8133,9824,2778,9510,15948,15545,14812,,
1866173,M-RAT,medium,Arabika Ratawali Aceh,B04,8,collecting,125,14705,2789,2776,8133,9826,2778,9511,15952,15546,14813,,
1867173,M-RAT,medium,Arabika Ratawali Aceh,B04,8,collecting,126,14710,2791,2778,8133,9826,2780,9512,15955,15548,14814,,
1868173,M-RAT,medium,Arabika Ratawali Aceh,B04,8,collecting,127,14712,2789,2776,8133,9826,2780,9511,15956,15550,14814,,
1869173,M-RAT,medium,Arabika Ratawali Aceh,B04,8,collecting,128,14715,2789,2779,8133,9827,2781,9510,15958,15551,14816,,
1870173,M-RAT,medium,Arabika Ratawali Aceh,B04,8,collecting,129,14720,2789,2776,8133,9828,2783,9512,15960,15553,14818,,
1871173,M-RAT,medium,Arabika Ratawali Aceh,B04,8,collecting,130,14729,2789,2776,8133,9830,2780,9513,15964,15556,14821,,
1872174,M-RAT,medium,Arabika Ratawali Aceh,B04,8,collecting,131,14737,2798,2776,8133,9832,2780,9513,15967,15559,14822,,
1873173,M-RAT,medium,Arabika Ratawali Aceh,B04,8,collecting,132,14740,2791,2776,8133,9832,2782,9513,15969,15561,14822,,
1874173,M-RAT,medium,Arabika Ratawali Aceh,B04,8,collecting,133,14741,2790,2777,8133,9832,2782,9512,15969,15562,14822,,
1875173,M-RAT,medium,Arabika Ratawali Aceh,B04,8,collecting,134,14743,2795,2776,8132,9833,2783,9513,15970,15563,14824,,
1876173,M-RAT,medium,Arabika Ratawali Aceh,B04,8,collecting,135,14753,2789,2776,8132,9835,2780,9513,15975,15566,14828,,
1877173,M-RAT,medium,Arabika Ratawali Aceh,B04,8,collecting,136,14761,2791,2777,8132,9837,2780,9514,15979,15569,14829,,
1878173,M-RAT,medium,Arabika Ratawali Aceh,B04,8,collecting,137,14766,2791,2779,8131,9838,2780,9514,15982,15572,14830,,
1879174,M-RAT,medium,Arabika Ratawali Aceh,B04,8,collecting,138,14768,2792,2776,8131,9838,2778,9513,15983,15573,14830,,
1880173,M-RAT,medium,Arabika Ratawali Aceh,B04,8,collecting,139,14765,2791,2775,8131,9838,2780,9512,15982,15575,14828,,
1881174,M-RAT,medium,Arabika Ratawali Aceh,B04,8,collecting,140,14758,2789,2776,8130,9836,2780,9509,15979,15574,14826,,
1882173,M-RAT,medium,Arabika Ratawali Aceh,B04,8,collecting,141,14749,2791,2778,8129,9834,2781,9507,15977,15573,14824,,
1883173,M-RAT,medium,Arabika Ratawali Aceh,B04,8,collecting,142,14740,2789,2776,8129,9833,2778,9506,15974,15571,14823,,
1884173,M-RAT,medium,Arabika Ratawali Aceh,B04,8,collecting,143,14734,2789,2773,8129,9832,2780,9505,15973,15570,14822,,
1885173,M-RAT,medium,Arabika Ratawali Aceh,B04,8,collecting,144,14726,2789,2776,8128,9830,2779,9503,15971,15569,14820,,
1886173,M-RAT,medium,Arabika Ratawali Aceh,B04,8,collecting,145,14718,2789,2776,8128,9829,2780,9502,15969,15567,14819,,
1887173,M-RAT,medium,Arabika Ratawali Aceh,B04,8,collecting,146,14710,2795,2779,8127,9827,2778,9500,15966,15565,14817,,
1888174,M-RAT,medium,Arabika Ratawali Aceh,B04,8,collecting,147,14702,2795,2776,8127,9826,2781,9500,15964,15563,14816,,
1889173,M-RAT,medium,Arabika Ratawali Aceh,B04,8,collecting,148,14699,2793,2776,8127,9826,2782,9501,15963,15562,14817,,
1890173,M-RAT,medium,Arabika Ratawali Aceh,B04,8,collecting,149,14703,2791,2780,8126,9827,2779,9504,15966,15562,14820,,
1891173,M-RAT,medium,Arabika Ratawali Aceh,B04,8,collecting,150,14708,2791,2776,8126,9829,2778,9506,15970,15564,14821,,
1892173,M-RAT,medium,Arabika Ratawali Aceh,B04,8,collecting,151,14707,2791,2776,8125,9829,2780,9507,15970,15564,14821,,
1893173,M-RAT,medium,Arabika Ratawali Aceh,B04,8,collecting,152,14708,2791,2774,8125,9830,2780,9506,15971,15565,14823,,
1894173,M-RAT,medium,Arabika Ratawali Aceh,B04,8,collecting,153,14712,2791,2778,8124,9832,2780,9509,15973,15566,14825,,
1895174,M-RAT,medium,Arabika Ratawali Aceh,B04,8,collecting,154,14714,2791,2776,8124,9833,2778,9510,15975,15568,14825,,
1896173,M-RAT,medium,Arabika Ratawali Aceh,B04,8,collecting,155,14714,2790,2776,8123,9834,2779,9510,15975,15570,14826,,
1897174,M-RAT,medium,Arabika Ratawali Aceh,B04,8,collecting,156,14716,2791,2774,8123,9836,2781,9512,15976,15571,14827,,
1898173,M-RAT,medium,Arabika Ratawali Aceh,B04,8,collecting,157,14716,2789,2778,8123,9837,2778,9512,15976,15572,14828,,
1899173,M-RAT,medium,Arabika Ratawali Aceh,B04,8,collecting,158,14716,2795,2778,8122,9838,2779,9513,15978,15573,14829,,
1900173,M-RAT,medium,Arabika Ratawali Aceh,B04,8,collecting,159,14715,2795,2778,8123,9839,2779,9514,15977,15575,14829,,
1901173,M-RAT,medium,Arabika Ratawali Aceh,B04,8,collecting,160,14714,2790,2776,8122,9840,2780,9515,15978,15575,14830,,
1902173,M-RAT,medium,Arabika Ratawali Aceh,B04,8,collecting,161,14718,2792,2774,8122,9842,2780,9517,15981,15577,14833,,
1903173,M-RAT,medium,Arabika Ratawali Aceh,B04,8,collecting,162,14721,2791,2774,8122,9844,2778,9519,15983,15579,14835,,
1904174,M-RAT,medium,Arabika Ratawali Aceh,B04,8,collecting,163,14719,2793,2776,8121,9844,2778,9519,15984,15581,14835,,
1905173,M-RAT,medium,Arabika Ratawali Aceh,B04,8,collecting,164,14713,2795,2776,8121,9845,2782,9520,15983,15582,14835,,
1906173,M-RAT,medium,Arabika Ratawali Aceh,B04,8,collecting,165,14709,2793,2776,8121,9846,2780,9522,15983,15582,14837,,
1907173,M-RAT,medium,Arabika Ratawali Aceh,B04,8,collecting,166,14705,2793,2776,8121,9848,2779,9524,15983,15583,14838,,
1908173,M-RAT,medium,Arabika Ratawali Aceh,B04,8,collecting,167,14701,2791,2776,8120,9850,2780,9525,15983,15584,14838,,
1909173,M-RAT,medium,Arabika Ratawali Aceh,B04,8,collecting,168,14695,2792,2775,8120,9851,2781,9526,15982,15585,14839,,
1910173,M-RAT,medium,Arabika Ratawali Aceh,B04,8,collecting,169,14687,2789,2776,8120,9851,2782,9525,15980,15585,14839,,
1911174,M-RAT,medium,Arabika Ratawali Aceh,B04,8,collecting,170,14681,2795,2774,8120,9852,2780,9527,15979,15585,14839,,
1912173,M-RAT,medium,Arabika Ratawali Aceh,B04,8,collecting,171,14679,2793,2778,8120,9854,2781,9530,15979,15586,14841,,
1913174,M-RAT,medium,Arabika Ratawali Aceh,B04,8,collecting,172,14680,2795,2778,8119,9856,2781,9532,15981,15587,14843,,
1914173,M-RAT,medium,Arabika Ratawali Aceh,B04,8,collecting,173,14684,2792,2779,8119,9859,2780,9534,15983,15589,14846,,
1915173,M-RAT,medium,Arabika Ratawali Aceh,B04,8,collecting,174,14684,2789,2777,8119,9859,2779,9535,15985,15591,14846,,
1916173,M-RAT,medium,Arabika Ratawali Aceh,B04,8,collecting,175,14682,2795,2778,8119,9861,2778,9537,15984,15592,14847,,
1917173,M-RAT,medium,Arabika Ratawali Aceh,B04,8,collecting,176,14678,2791,2781,8119,9862,2778,9538,15983,15593,14846,,
1918173,M-RAT,medium,Arabika Ratawali Aceh,B04,8,collecting,177,14669,2791,2776,8119,9862,2781,9538,15980,15594,14846,,
1919173,M-RAT,medium,Arabika Ratawali Aceh,B04,8,collecting,178,14664,2793,2776,8118,9863,2782,9538,15979,15594,14847,,
1920174,M-RAT,medium,Arabika Ratawali Aceh,B04,8,collecting,179,14664,2791,2778,8118,9865,2780,9540,15979,15594,14848,,
1921173,M-RAT,medium,Arabika Ratawali Aceh,B04,8,collecting,180,14663,2791,2776,8118,9866,2781,9541,15980,15595,14850,,
1922177,M-RAT,medium,Arabika Ratawali Aceh,B04,9,purging,1,14661,2793,2776,8118,9868,2781,9542,15981,15597,14851,,
1923173,M-RAT,medium,Arabika Ratawali Aceh,B04,9,purging,2,14660,2790,2777,8118,9870,2780,9545,15981,15598,14853,,
1924173,M-RAT,medium,Arabika Ratawali Aceh,B04,9,purging,3,14653,2791,2778,8118,9874,2779,9549,15983,15601,14871,,
1925173,M-RAT,medium,Arabika Ratawali Aceh,B04,9,purging,4,14606,2795,2775,8118,9876,2780,9556,15974,15603,14856,,
1926173,M-RAT,medium,Arabika Ratawali Aceh,B04,9,purging,5,14508,2791,2776,8118,9864,2780,9544,15939,15592,14829,,
1927174,M-RAT,medium,Arabika Ratawali Aceh,B04,9,purging,6,14373,2792,2776,8117,9846,2780,9527,15892,15568,14806,,
1928173,M-RAT,medium,Arabika Ratawali Aceh,B04,9,purging,7,14214,2796,2776,8118,9828,2780,9518,15845,15539,14784,,
1929174,M-RAT,medium,Arabika Ratawali Aceh,B04,9,purging,8,14039,2792,2776,8118,9808,2783,9508,15793,15504,14751,,
1930173,M-RAT,medium,Arabika Ratawali Aceh,B04,9,purging,9,13857,2791,2776,8118,9786,2781,9495,15741,15466,14721,,
1931173,M-RAT,medium,Arabika Ratawali Aceh,B04,9,purging,10,13675,2792,2778,8118,9764,2780,9483,15692,15427,14697,,
1932173,M-RAT,medium,Arabika Ratawali Aceh,B04,9,purging,11,13497,2791,2779,8119,9743,2782,9475,15646,15388,14666,,
1933173,M-RAT,medium,Arabika Ratawali Aceh,B04,9,purging,12,13325,2793,2778,8119,9724,2780,9466,15602,15350,14652,,
1934173,M-RAT,medium,Arabika Ratawali Aceh,B04,9,purging,13,13158,2790,2782,8119,9713,2780,9471,15568,15316,14658,,
1935173,M-RAT,medium,Arabika Ratawali Aceh,B04,9,purging,14,12994,2787,2779,8119,9723,2780,9504,15554,15292,14676,,
1936174,M-RAT,medium,Arabika Ratawali Aceh,B04,9,purging,15,12836,2788,2774,8119,9731,2780,9530,15531,15273,14649,,
1937173,M-RAT,medium,Arabika Ratawali Aceh,B04,9,purging,16,12695,2788,2778,8120,9728,2780,9534,15493,15250,14619,,
1938173,M-RAT,medium,Arabika Ratawali Aceh,B04,9,purging,17,12567,2788,2778,8121,9717,2780,9524,15455,15224,14593,,
1939173,M-RAT,medium,Arabika Ratawali Aceh,B04,9,purging,18,12453,2788,2776,8123,9700,2780,9509,15417,15195,14566,,
1940173,M-RAT,medium,Arabika Ratawali Aceh,B04,9,purging,19,12348,2785,2779,8124,9682,2782,9494,15382,15167,14543,,
1941173,M-RAT,medium,Arabika Ratawali Aceh,B04,9,purging,20,12254,2789,2778,8124,9665,2780,9480,15352,15140,14532,,
1942173,M-RAT,medium,Arabika Ratawali Aceh,B04,9,purging,21,12165,2787,2778,8125,9655,2780,9476,15330,15115,14521,,
1943174,M-RAT,medium,Arabika Ratawali Aceh,B04,9,purging,22,12084,2786,2778,8125,9646,2779,9471,15305,15093,14502,,
1944173,M-RAT,medium,Arabika Ratawali Aceh,B04,9,purging,23,12009,2788,2776,8126,9634,2780,9464,15278,15071,14484,,
1945174,M-RAT,medium,Arabika Ratawali Aceh,B04,9,purging,24,11940,2789,2776,8127,9624,2779,9458,15255,15049,14475,,
1946173,M-RAT,medium,Arabika Ratawali Aceh,B04,9,purging,25,11875,2789,2779,8127,9616,2780,9456,15234,15028,14461,,
1947173,M-RAT,medium,Arabika Ratawali Aceh,B04,9,purging,26,11821,2785,2778,8127,9607,2781,9451,15212,15008,14449,,
1948173,M-RAT,medium,Arabika Ratawali Aceh,B04,9,purging,27,11768,2787,2775,8127,9601,2783,9449,15193,14989,14442,,
1949173,M-RAT,medium,Arabika Ratawali Aceh,B04,9,purging,28,11718,2789,2780,8128,9596,2782,9451,15176,14972,14433,,
1950173,M-RAT,medium,Arabika Ratawali Aceh,B04,9,purging,29,11671,2789,2781,8129,9591,2779,9451,15158,14957,14420,,
1951173,M-RAT,medium,Arabika Ratawali Aceh,B04,9,purging,30,11628,2786,2773,8129,9587,2779,9448,15139,14940,14413,,
1952174,M-RAT,medium,Arabika Ratawali Aceh,B04,9,purging,31,11587,2786,2777,8130,9583,2779,9448,15122,14925,14400,,
1953173,M-RAT,medium,Arabika Ratawali Aceh,B04,9,purging,32,11549,2787,2776,8130,9576,2779,9443,15103,14910,14388,,
1954173,M-RAT,medium,Arabika Ratawali Aceh,B04,9,purging,33,11515,2787,2778,8131,9569,2780,9437,15085,14894,14375,,
1955173,M-RAT,medium,Arabika Ratawali Aceh,B04,9,purging,34,11483,2787,2775,8131,9561,2780,9430,15067,14878,14362,,
1956173,M-RAT,medium,Arabika Ratawali Aceh,B04,9,purging,35,11452,2788,2778,8132,9554,2781,9423,15049,14863,14351,,
1957173,M-RAT,medium,Arabika Ratawali Aceh,B04,9,purging,36,11424,2786,2778,8132,9546,2780,9417,15032,14848,14339,,
1958173,M-RAT,medium,Arabika Ratawali Aceh,B04,9,purging,37,11398,2788,2778,8132,9539,2780,9411,15015,14833,14329,,
1959174,M-RAT,medium,Arabika Ratawali Aceh,B04,9,purging,38,11374,2789,2776,8133,9531,2780,9405,15000,14819,14319,,
1960173,M-RAT,medium,Arabika Ratawali Aceh,B04,9,purging,39,11351,2787,2778,8132,9525,2778,9400,14985,14805,14310,,
1961174,M-RAT,medium,Arabika Ratawali Aceh,B04,9,purging,40,11329,2789,2778,8133,9519,2778,9397,14971,14792,14301,,
1962173,M-RAT,medium,Arabika Ratawali Aceh,B04,9,purging,41,11307,2786,2778,8133,9513,2781,9393,14958,14779,14292,,
1963173,M-RAT,medium,Arabika Ratawali Aceh,B04,9,purging,42,11287,2788,2778,8134,9507,2780,9389,14944,14767,14283,,
1964173,M-RAT,medium,Arabika Ratawali Aceh,B04,9,purging,43,11267,2790,2776,8134,9501,2782,9384,14930,14754,14273,,
1965173,M-RAT,medium,Arabika Ratawali Aceh,B04,9,purging,44,11248,2786,2778,8134,9494,2782,9380,14915,14741,14264,,
1966173,M-RAT,medium,Arabika Ratawali Aceh,B04,9,purging,45,11231,2785,2778,8134,9489,2780,9375,14903,14728,14257,,
1967173,M-RAT,medium,Arabika Ratawali Aceh,B04,9,purging,46,11213,2786,2777,8134,9484,2780,9374,14892,14716,14250,,
1968174,M-RAT,medium,Arabika Ratawali Aceh,B04,9,purging,47,11196,2786,2776,8135,9480,2780,9371,14880,14705,14244,,
1969173,M-RAT,medium,Arabika Ratawali Aceh,B04,9,purging,48,11180,2787,2777,8135,9476,2783,9370,14870,14695,14238,,
1970173,M-RAT,medium,Arabika Ratawali Aceh,B04,9,purging,49,11165,2787,2779,8135,9473,2780,9369,14859,14685,14232,,
1971173,M-RAT,medium,Arabika Ratawali Aceh,B04,9,purging,50,11150,2788,2778,8135,9469,2780,9369,14849,14674,14226,,
1972173,M-RAT,medium,Arabika Ratawali Aceh,B04,9,purging,51,11135,2788,2778,8135,9466,2780,9367,14839,14665,14220,,
1973173,M-RAT,medium,Arabika Ratawali Aceh,B04,9,purging,52,11122,2786,2776,8136,9464,2780,9367,14829,14656,14215,,
1974173,M-RAT,medium,Arabika Ratawali Aceh,B04,9,purging,53,11107,2788,2778,8136,9460,2780,9366,14819,14647,14208,,
1975174,M-RAT,medium,Arabika Ratawali Aceh,B04,9,purging,54,11095,2788,2776,8136,9457,2779,9364,14808,14638,14202,,
1976173,M-RAT,medium,Arabika Ratawali Aceh,B04,9,purging,55,11082,2787,2779,8136,9455,2779,9362,14799,14629,14196,,
1977174,M-RAT,medium,Arabika Ratawali Aceh,B04,9,purging,56,11070,2785,2781,8136,9451,2780,9361,14789,14620,14190,,
1978173,M-RAT,medium,Arabika Ratawali Aceh,B04,9,purging,57,11059,2785,2780,8136,9448,2780,9362,14780,14611,14186,,
1979173,M-RAT,medium,Arabika Ratawali Aceh,B04,9,purging,58,11049,2789,2779,8137,9445,2780,9360,14771,14603,14179,,
1980173,M-RAT,medium,Arabika Ratawali Aceh,B04,9,purging,59,11039,2785,2780,8136,9441,2782,9356,14760,14594,14171,,
1981173,M-RAT,medium,Arabika Ratawali Aceh,B04,9,purging,60,11029,2789,2778,8137,9436,2780,9352,14750,14585,14164,,
1982176,M-RAT,medium,Arabika Ratawali Aceh,B04,9,collecting,1,11020,2787,2780,8137,9430,2780,9348,14740,14577,14158,,
1983173,M-RAT,medium,Arabika Ratawali Aceh,B04,9,collecting,2,11011,2786,2778,8137,9427,2783,9344,14730,14567,14154,,
1984174,M-RAT,medium,Arabika Ratawali Aceh,B04,9,collecting,3,11002,2789,2776,8137,9424,2780,9344,14724,14560,14157,,
1985173,M-RAT,medium,Arabika Ratawali Aceh,B04,9,collecting,4,10990,2787,2778,8138,9429,2780,9355,14724,14555,14170,,
1986173,M-RAT,medium,Arabika Ratawali Aceh,B04,9,collecting,5,10977,2785,2778,8137,9435,2780,9366,14723,14552,14164,,
1987173,M-RAT,medium,Arabika Ratawali Aceh,B04,9,collecting,6,10965,2790,2778,8138,9437,2780,9370,14715,14548,14157,,
1988173,M-RAT,medium,Arabika Ratawali Aceh,B04,9,collecting,7,10955,2785,2778,8138,9437,2781,9369,14705,14543,14150,,
1989173,M-RAT,medium,Arabika Ratawali Aceh,B04,9,collecting,8,10946,2789,2778,8138,9434,2779,9366,14695,14536,14145,,
1990173,M-RAT,medium,Arabika Ratawali Aceh,B04,9,collecting,9,10938,2787,2779,8138,9431,2780,9363,14686,14531,14140,,
1991174,M-RAT,medium,Arabika Ratawali Aceh,B04,9,collecting,10,10929,2786,2778,8139,9429,2780,9361,14678,14525,14136,,
1992173,M-RAT,medium,Arabika Ratawali Aceh,B04,9,collecting,11,10920,2789,2781,8138,9427,2780,9359,14670,14518,14133,,
1993174,M-RAT,medium,Arabika Ratawali Aceh,B04,9,collecting,12,10911,2787,2778,8139,9427,2780,9362,14667,14513,14142,,
1994173,M-RAT,medium,Arabika Ratawali Aceh,B04,9,collecting,13,10900,2789,2776,8139,9437,2782,9377,14671,14511,14176,,
1995173,M-RAT,medium,Arabika Ratawali Aceh,B04,9,collecting,14,10883,2785,2778,8139,9468,2779,9426,14698,14519,14252,,
1996173,M-RAT,medium,Arabika Ratawali Aceh,B04,9,collecting,15,10857,2786,2777,8139,9514,2780,9498,14737,14538,14292,,
1997173,M-RAT,medium,Arabika Ratawali Aceh,B04,9,collecting,16,10865,2788,2778,8141,9568,2781,9565,14763,14561,14318,,
1998173,M-RAT,medium,Arabika Ratawali Aceh,B04,9,collecting,17,11086,2789,2779,8142,9637,2780,9638,14813,14597,14373,,
1999173,M-RAT,medium,Arabika Ratawali Aceh,B04,9,collecting,18,11499,2785,2778,8143,9717,2780,9709,14901,14660,14428,,
2000174,M-RAT,medium,Arabika Ratawali Aceh,B04,9,collecting,19,12033,2789,2775,8145,9800,2782,9766,15015,14750,14503,,
2001173,M-RAT,medium,Arabika Ratawali Aceh,B04,9,collecting,20,12566,2789,2779,8147,9876,2782,9811,15141,14859,14583,,
2002173,M-RAT,medium,Arabika Ratawali Aceh,B04,9,collecting,21,13036,2789,2775,8148,9943,2780,9847,15261,14974,14661,,
2003173,M-RAT,medium,Arabika Ratawali Aceh,B04,9,collecting,22,13424,2792,2778,8150,10001,2781,9880,15370,15086,14727,,
2004173,M-RAT,medium,Arabika Ratawali Aceh,B04,9,collecting,23,13737,2792,2776,8151,10053,2781,9907,15463,15191,14790,,
2005173,M-RAT,medium,Arabika Ratawali Aceh,B04,9,collecting,24,13989,2792,2778,8152,10099,2783,9931,15545,15286,14847,,
2006173,M-RAT,medium,Arabika Ratawali Aceh,B04,9,collecting,25,14166,2793,2778,8153,10133,2783,9947,15608,15370,14883,,
2007174,M-RAT,medium,Arabika Ratawali Aceh,B04,9,collecting,26,14262,2791,2781,8154,10154,2781,9948,15640,15434,14904,,
2008173,M-RAT,medium,Arabika Ratawali Aceh,B04,9,collecting,27,14325,2792,2778,8155,10169,2781,9948,15662,15481,14922,,
2009174,M-RAT,medium,Arabika Ratawali Aceh,B04,9,collecting,28,14375,2795,2778,8157,10180,2783,9945,15681,15519,14935,,
2010173,M-RAT,medium,Arabika Ratawali Aceh,B04,9,collecting,29,14416,2792,2778,8158,10187,2781,9940,15698,15551,14947,,
2011173,M-RAT,medium,Arabika Ratawali Aceh,B04,9,collecting,30,14460,2792,2776,8159,10193,2780,9935,15718,15579,14961,,
2012173,M-RAT,medium,Arabika Ratawali Aceh,B04,9,collecting,31,14512,2793,2776,8160,10201,2783,9934,15742,15607,14977,,
2013173,M-RAT,medium,Arabika Ratawali Aceh,B04,9,collecting,32,14569,2795,2776,8161,10207,2783,9933,15767,15635,14990,,
2014173,M-RAT,medium,Arabika Ratawali Aceh,B04,9,collecting,33,14616,2794,2778,8161,10208,2780,9925,15789,15660,14998,,
2015173,M-RAT,medium,Arabika Ratawali Aceh,B04,9,collecting,34,14647,2797,2777,8162,10206,2782,9911,15803,15681,15002,,
2016174,M-RAT,medium,Arabika Ratawali Aceh,B04,9,collecting,35,14675,2795,2781,8163,10203,2781,9899,15817,15697,15008,,
2017173,M-RAT,medium,Arabika Ratawali Aceh,B04,9,collecting,36,14704,2794,2779,8164,10201,2780,9888,15831,15712,15015,,
2018173,M-RAT,medium,Arabika Ratawali Aceh,B04,9,collecting,37,14735,2793,2782,8165,10198,2780,9880,15847,15727,15021,,
2019173,M-RAT,medium,Arabika Ratawali Aceh,B04,9,collecting,38,14760,2795,2778,8165,10195,2783,9870,15860,15739,15024,,
2020173,M-RAT,medium,Arabika Ratawali Aceh,B04,9,collecting,39,14782,2794,2778,8165,10191,2782,9861,15872,15750,15028,,
2021173,M-RAT,medium,Arabika Ratawali Aceh,B04,9,collecting,40,14800,2794,2781,8166,10186,2782,9851,15883,15760,15029,,
2022173,M-RAT,medium,Arabika Ratawali Aceh,B04,9,collecting,41,14807,2793,2778,8167,10179,2780,9838,15888,15766,15027,,
2023174,M-RAT,medium,Arabika Ratawali Aceh,B04,9,collecting,42,14802,2792,2779,8167,10169,2777,9823,15889,15768,15023,,
2024173,M-RAT,medium,Arabika Ratawali Aceh,B04,9,collecting,43,14792,2795,2778,8167,10159,2780,9809,15888,15768,15019,,
2025174,M-RAT,medium,Arabika Ratawali Aceh,B04,9,collecting,44,14780,2793,2781,8167,10149,2780,9796,15887,15766,15015,,
2026173,M-RAT,medium,Arabika Ratawali Aceh,B04,9,collecting,45,14768,2794,2776,8168,10140,2779,9786,15886,15763,15012,,
2027173,M-RAT,medium,Arabika Ratawali Aceh,B04,9,collecting,46,14759,2794,2778,8168,10131,2780,9776,15886,15760,15010,,
2028173,M-RAT,medium,Arabika Ratawali Aceh,B04,9,collecting,47,14749,2796,2778,8168,10123,2778,9766,15886,15757,15006,,
2029173,M-RAT,medium,Arabika Ratawali Aceh,B04,9,collecting,48,14734,2793,2779,8168,10115,2780,9758,15885,15753,15002,,
2030173,M-RAT,medium,Arabika Ratawali Aceh,B04,9,collecting,49,14718,2793,2779,8168,10108,2780,9749,15883,15748,14998,,
2031173,M-RAT,medium,Arabika Ratawali Aceh,B04,9,collecting,50,14707,2793,2779,8168,10102,2780,9743,15883,15744,14997,,
2032174,M-RAT,medium,Arabika Ratawali Aceh,B04,9,collecting,51,14702,2791,2778,8169,10097,2780,9739,15886,15741,14996,,
2033173,M-RAT,medium,Arabika Ratawali Aceh,B04,9,collecting,52,14701,2792,2778,8168,10094,2780,9735,15890,15740,14997,,
2034173,M-RAT,medium,Arabika Ratawali Aceh,B04,9,collecting,53,14702,2792,2782,8168,10091,2780,9731,15894,15738,14996,,
2035173,M-RAT,medium,Arabika Ratawali Aceh,B04,9,collecting,54,14700,2790,2781,8168,10085,2780,9727,15896,15737,14994,,
2036173,M-RAT,medium,Arabika Ratawali Aceh,B04,9,collecting,55,14696,2795,2778,8168,10080,2780,9722,15897,15735,14992,,
2037173,M-RAT,medium,Arabika Ratawali Aceh,B04,9,collecting,56,14692,2795,2778,8168,10076,2779,9717,15898,15733,14991,,
2038173,M-RAT,medium,Arabika Ratawali Aceh,B04,9,collecting,57,14688,2794,2778,8168,10072,2781,9713,15899,15731,14989,,
2039174,M-RAT,medium,Arabika Ratawali Aceh,B04,9,collecting,58,14680,2793,2782,8167,10067,2780,9708,15899,15729,14985,,
2040173,M-RAT,medium,Arabika Ratawali Aceh,B04,9,collecting,59,14669,2794,2779,8167,10062,2780,9702,15896,15725,14982,,
2041174,M-RAT,medium,Arabika Ratawali Aceh,B04,9,collecting,60,14658,2792,2778,8167,10057,2780,9696,15895,15720,14979,,
2042173,M-RAT,medium,Arabika Ratawali Aceh,B04,9,collecting,61,14644,2795,2778,8167,10051,2780,9691,15892,15716,14975,,
2043173,M-RAT,medium,Arabika Ratawali Aceh,B04,9,collecting,62,14628,2792,2778,8167,10045,2780,9686,15888,15711,14971,,
2044173,M-RAT,medium,Arabika Ratawali Aceh,B04,9,collecting,63,14610,2793,2778,8167,10040,2782,9681,15884,15705,14966,,
2045173,M-RAT,medium,Arabika Ratawali Aceh,B04,9,collecting,64,14595,2795,2779,8167,10035,2780,9677,15880,15699,14963,,
2046173,M-RAT,medium,Arabika Ratawali Aceh,B04,9,collecting,65,14583,2796,2778,8166,10031,2780,9674,15878,15694,14960,,
2047173,M-RAT,medium,Arabika Ratawali Aceh,B04,9,collecting,66,14571,2793,2779,8167,10027,2780,9671,15875,15689,14957,,
2048174,M-RAT,medium,Arabika Ratawali Aceh,B04,9,collecting,67,14557,2793,2778,8166,10023,2783,9668,15872,15684,14953,,
2049173,M-RAT,medium,Arabika Ratawali Aceh,B04,9,collecting,68,14543,2794,2778,8167,10020,2782,9664,15869,15679,14951,,
2050173,M-RAT,medium,Arabika Ratawali Aceh,B04,9,collecting,69,14532,2792,2779,8167,10017,2780,9663,15867,15674,14949,,
2051173,M-RAT,medium,Arabika Ratawali Aceh,B04,9,collecting,70,14531,2793,2778,8166,10016,2780,9664,15869,15672,14952,,
2052173,M-RAT,medium,Arabika Ratawali Aceh,B04,9,collecting,71,14543,2796,2778,8166,10018,2780,9666,15878,15672,14955,,
2053173,M-RAT,medium,Arabika Ratawali Aceh,B04,9,collecting,72,14553,2793,2779,8166,10018,2780,9667,15883,15674,14956,,
2054173,M-RAT,medium,Arabika Ratawali Aceh,B04,9,collecting,73,14558,2792,2779,8166,10018,2780,9667,15887,15676,14956,,
2055174,M-RAT,medium,Arabika Ratawali Aceh,B04,9,collecting,74,14558,2793,2780,8166,10016,2778,9664,15887,15676,14955,,
2056173,M-RAT,medium,Arabika Ratawali Aceh,B04,9,collecting,75,14552,2793,2777,8165,10014,2780,9661,15886,15675,14951,,
2057174,M-RAT,medium,Arabika Ratawali Aceh,B04,9,collecting,76,14546,2794,2778,8165,10011,2782,9659,15883,15673,14950,,
2058173,M-RAT,medium,Arabika Ratawali Aceh,B04,9,collecting,77,14539,2792,2778,8165,10009,2782,9658,15882,15670,14948,,
2059173,M-RAT,medium,Arabika Ratawali Aceh,B04,9,collecting,78,14526,2792,2778,8165,10007,2783,9655,15879,15668,14945,,
2060173,M-RAT,medium,Arabika Ratawali Aceh,B04,9,collecting,79,14514,2795,2779,8165,10004,2782,9654,15875,15664,14943,,
2061173,M-RAT,medium,Arabika Ratawali Aceh,B04,9,collecting,80,14503,2792,2778,8164,10002,2780,9652,15874,15661,14942,,
2062173,M-RAT,medium,Arabika Ratawali Aceh,B04,9,collecting,81,14498,2794,2778,8165,10002,2778,9654,15873,15659,14943,,
2063173,M-RAT,medium,Arabika Ratawali Aceh,B04,9,collecting,82,14494,2794,2781,8165,10001,2783,9653,15874,15658,14942,,
2064174,M-RAT,medium,Arabika Ratawali Aceh,B04,9,collecting,83,14486,2795,2778,8164,10000,2780,9653,15873,15656,14941,,
2065173,M-RAT,medium,Arabika Ratawali Aceh,B04,9,collecting,84,14481,2794,2778,8164,10000,2781,9655,15872,15655,14941,,
2066173,M-RAT,medium,Arabika Ratawali Aceh,B04,9,collecting,85,14476,2793,2779,8164,9999,2780,9655,15874,15654,14941,,
2067173,M-RAT,medium,Arabika Ratawali Aceh,B04,9,collecting,86,14474,2793,2778,8164,10000,2782,9655,15875,15653,14942,,
2068173,M-RAT,medium,Arabika Ratawali Aceh,B04,9,collecting,87,14475,2792,2778,8164,10001,2778,9657,15876,15653,14943,,
2069173,M-RAT,medium,Arabika Ratawali Aceh,B04,9,collecting,88,14473,2792,2777,8164,10000,2782,9657,15877,15653,14941,,
2070173,M-RAT,medium,Arabika Ratawali Aceh,B04,9,collecting,89,14463,2792,2782,8164,9999,2780,9655,15874,15652,14939,,
2071174,M-RAT,medium,Arabika Ratawali Aceh,B04,9,collecting,90,14453,2793,2778,8164,9997,2780,9655,15869,15650,14936,,
2072173,M-RAT,medium,Arabika Ratawali Aceh,B04,9,collecting,91,14450,2791,2778,8164,9997,2780,9654,15869,15648,14937,,
2073174,M-RAT,medium,Arabika Ratawali Aceh,B04,9,collecting,92,14453,2794,2784,8164,9997,2780,9655,15872,15648,14937,,
2074173,M-RAT,medium,Arabika Ratawali Aceh,B04,9,collecting,93,14451,2793,2779,8164,9996,2780,9654,15872,15648,14935,,
2075173,M-RAT,medium,Arabika Ratawali Aceh,B04,9,collecting,94,14443,2793,2778,8164,9993,2778,9651,15869,15647,14932,,
2076173,M-RAT,medium,Arabika Ratawali Aceh,B04,9,collecting,95,14435,2792,2778,8164,9991,2780,9648,15866,15644,14930,,
2077173,M-RAT,medium,Arabika Ratawali Aceh,B04,9,collecting,96,14432,2792,2778,8164,9990,2779,9647,15865,15642,14930,,
2078173,M-RAT,medium,Arabika Ratawali Aceh,B04,9,collecting,97,14435,2795,2776,8164,9990,2780,9648,15867,15642,14930,,
2079173,M-RAT,medium,Arabika Ratawali Aceh,B04,9,collecting,98,14433,2793,2779,8164,9989,2782,9647,15867,15641,14929,,
2080174,M-RAT,medium,Arabika Ratawali Aceh,B04,9,collecting,99,14431,2794,2781,8165,9987,2780,9646,15866,15640,14927,,
2081173,M-RAT,medium,Arabika Ratawali Aceh,B04,9,collecting,100,14428,2793,2778,8164,9986,2780,9644,15865,15639,14925,,
2082173,M-RAT,medium,Arabika Ratawali Aceh,B04,9,collecting,101,14425,2793,2778,8164,9984,2780,9644,15863,15637,14924,,
2083173,M-RAT,medium,Arabika Ratawali Aceh,B04,9,collecting,102,14424,2795,2780,8164,9983,2778,9643,15863,15635,14924,,
2084173,M-RAT,medium,Arabika Ratawali Aceh,B04,9,collecting,103,14425,2796,2779,8164,9982,2782,9644,15863,15635,14923,,
2085173,M-RAT,medium,Arabika Ratawali Aceh,B04,9,collecting,104,14424,2792,2778,8164,9982,2779,9641,15863,15634,14923,,
2086173,M-RAT,medium,Arabika Ratawali Aceh,B04,9,collecting,105,14421,2793,2779,8164,9982,2781,9641,15864,15634,14923,,
2087174,M-RAT,medium,Arabika Ratawali Aceh,B04,9,collecting,106,14419,2793,2778,8164,9982,2779,9641,15864,15633,14923,,
2088173,M-RAT,medium,Arabika Ratawali Aceh,B04,9,collecting,107,14416,2793,2779,8164,9982,2780,9641,15864,15633,14924,,
2089174,M-RAT,medium,Arabika Ratawali Aceh,B04,9,collecting,108,14416,2796,2778,8164,9982,2783,9643,15865,15632,14925,,
2090173,M-RAT,medium,Arabika Ratawali Aceh,B04,9,collecting,109,14419,2795,2778,8164,9984,2782,9645,15868,15633,14927,,
2091173,M-RAT,medium,Arabika Ratawali Aceh,B04,9,collecting,110,14423,2795,2779,8164,9986,2779,9648,15871,15634,14929,,
2092173,M-RAT,medium,Arabika Ratawali Aceh,B04,9,collecting,111,14426,2793,2780,8164,9987,2778,9650,15873,15636,14931,,
2093173,M-RAT,medium,Arabika Ratawali Aceh,B04,9,collecting,112,14426,2795,2783,8164,9988,2779,9652,15874,15638,14931,,
2094173,M-RAT,medium,Arabika Ratawali Aceh,B04,9,collecting,113,14425,2795,2778,8164,9990,2780,9654,15874,15638,14933,,
2095173,M-RAT,medium,Arabika Ratawali Aceh,B04,9,collecting,114,14426,2795,2778,8164,9992,2781,9655,15875,15639,14935,,
2096174,M-RAT,medium,Arabika Ratawali Aceh,B04,9,collecting,115,14428,2794,2781,8164,9993,2780,9657,15877,15641,14936,,
2097173,M-RAT,medium,Arabika Ratawali Aceh,B04,9,collecting,116,14427,2794,2778,8165,9994,2780,9657,15878,15642,14935,,
2098173,M-RAT,medium,Arabika Ratawali Aceh,B04,9,collecting,117,14425,2795,2779,8164,9995,2780,9658,15878,15643,14936,,
2099173,M-RAT,medium,Arabika Ratawali Aceh,B04,9,collecting,118,14427,2794,2778,8165,9997,2780,9660,15880,15644,14939,,
2100173,M-RAT,medium,Arabika Ratawali Aceh,B04,9,collecting,119,14430,2795,2779,8165,9998,2780,9661,15883,15646,14940,,
2101173,M-RAT,medium,Arabika Ratawali Aceh,B04,9,collecting,120,14429,2797,2778,8165,9999,2782,9662,15883,15646,14939,,
2102173,M-RAT,medium,Arabika Ratawali Aceh,B04,9,collecting,121,14424,2792,2781,8165,10000,2780,9662,15881,15647,14939,,
2103174,M-RAT,medium,Arabika Ratawali Aceh,B04,9,collecting,122,14421,2794,2779,8166,10001,2779,9664,15881,15647,14940,,
2104173,M-RAT,medium,Arabika Ratawali Aceh,B04,9,collecting,123,14418,2793,2778,8166,10001,2780,9666,15881,15648,14940,,
2105174,M-RAT,medium,Arabika Ratawali Aceh,B04,9,collecting,124,14413,2796,2779,8166,10001,2780,9666,15879,15648,14940,,
2106173,M-RAT,medium,Arabika Ratawali Aceh,B04,9,collecting,125,14408,2795,2778,8166,10002,2779,9667,15877,15648,14940,,
2107173,M-RAT,medium,Arabika Ratawali Aceh,B04,9,collecting,126,14406,2794,2779,8167,10002,2780,9668,15878,15647,14941,,
2108173,M-RAT,medium,Arabika Ratawali Aceh,B04,9,collecting,127,14409,2792,2780,8167,10004,2780,9668,15881,15648,14942,,
2109173,M-RAT,medium,Arabika Ratawali Aceh,B04,9,collecting,128,14411,2794,2778,8167,10004,2780,9668,15882,15649,14942,,
2110173,M-RAT,medium,Arabika Ratawali Aceh,B04,9,collecting,129,14411,2793,2779,8167,10004,2779,9668,15883,15649,14942,,
2111173,M-RAT,medium,Arabika Ratawali Aceh,B04,9,collecting,130,14414,2794,2776,8168,10005,2782,9668,15883,15650,14944,,
2112174,M-RAT,medium,Arabika Ratawali Aceh,B04,9,collecting,131,14419,2795,2778,8168,10007,2781,9671,15886,15652,14947,,
2113173,M-RAT,medium,Arabika Ratawali Aceh,B04,9,collecting,132,14419,2792,2780,8168,10009,2780,9676,15887,15654,14949,,
2114173,M-RAT,medium,Arabika Ratawali Aceh,B04,9,collecting,133,14415,2793,2779,8169,10011,2780,9679,15887,15655,14949,,
2115173,M-RAT,medium,Arabika Ratawali Aceh,B04,9,collecting,134,14408,2794,2780,8169,10012,2779,9680,15885,15656,14949,,
2116173,M-RAT,medium,Arabika Ratawali Aceh,B04,9,collecting,135,14403,2795,2781,8170,10014,2779,9680,15885,15656,14949,,
2117173,M-RAT,medium,Arabika Ratawali Aceh,B04,9,collecting,136,14402,2794,2779,8170,10015,2780,9681,15885,15657,14949,,
2118173,M-RAT,medium,Arabika Ratawali Aceh,B04,9,collecting,137,14399,2793,2778,8171,10016,2782,9680,15885,15658,14949,,
2119174,M-RAT,medium,Arabika Ratawali Aceh,B04,9,collecting,138,14395,2793,2780,8172,10015,2780,9680,15884,15658,14948,,
2120173,M-RAT,medium,Arabika Ratawali Aceh,B04,9,collecting,139,14390,2792,2778,8172,10015,2778,9679,15883,15658,14948,,
2121174,M-RAT,medium,Arabika Ratawali Aceh,B04,9,collecting,140,14386,2795,2777,8173,10014,2782,9678,15883,15657,14947,,
2122173,M-RAT,medium,Arabika Ratawali Aceh,B04,9,collecting,141,14382,2798,2779,8173,10013,2780,9677,15881,15656,14947,,
2123173,M-RAT,medium,Arabika Ratawali Aceh,B04,9,collecting,142,14380,2794,2779,8173,10013,2780,9677,15881,15656,14947,,
2124173,M-RAT,medium,Arabika Ratawali Aceh,B04,9,collecting,143,14385,2793,2779,8173,10014,2782,9678,15882,15656,14949,,
2125173,M-RAT,medium,Arabika Ratawali Aceh,B04,9,collecting,144,14408,2792,2781,8174,10018,2780,9682,15891,15659,14957,,
2126173,M-RAT,medium,Arabika Ratawali Aceh,B04,9,collecting,145,14438,2793,2779,8174,10025,2780,9689,15903,15666,14966,,
2127173,M-RAT,medium,Arabika Ratawali Aceh,B04,9,collecting,146,14477,2794,2779,8174,10033,2782,9698,15919,15675,14978,,
2128174,M-RAT,medium,Arabika Ratawali Aceh,B04,9,collecting,147,14514,2797,2779,8174,10043,2780,9707,15934,15687,14991,,
2129173,M-RAT,medium,Arabika Ratawali Aceh,B04,9,collecting,148,14536,2793,2782,8174,10055,2782,9716,15947,15700,15008,,
2130173,M-RAT,medium,Arabika Ratawali Aceh,B04,9,collecting,149,14528,2794,2780,8174,10067,2782,9732,15953,15711,15022,,
2131173,M-RAT,medium,Arabika Ratawali Aceh,B04,9,collecting,150,14502,2794,2779,8174,10082,2781,9748,15953,15719,15033,,
2132173,M-RAT,medium,Arabika Ratawali Aceh,B04,9,collecting,151,14462,2794,2779,8175,10097,2782,9767,15950,15726,15042,,
2133173,M-RAT,medium,Arabika Ratawali Aceh,B04,9,collecting,152,14417,2794,2776,8175,10111,2782,9784,15944,15729,15048,,
2134173,M-RAT,medium,Arabika Ratawali Aceh,B04,9,collecting,153,14380,2796,2778,8176,10125,2780,9802,15940,15733,15057,,
2135174,M-RAT,medium,Arabika Ratawali Aceh,B04,9,collecting,154,14348,2794,2782,8177,10140,2780,9819,15939,15738,15067,,
2136173,M-RAT,medium,Arabika Ratawali Aceh,B04,9,collecting,155,14320,2794,2779,8178,10155,2780,9837,15940,15744,15078,,
2137174,M-RAT,medium,Arabika Ratawali Aceh,B04,9,collecting,156,14292,2795,2778,8179,10170,2781,9856,15940,15752,15088,,
2138173,M-RAT,medium,Arabika Ratawali Aceh,B04,9,collecting,157,14260,2793,2778,8180,10183,2781,9871,15938,15758,15094,,
2139173,M-RAT,medium,Arabika Ratawali Aceh,B04,9,collecting,158,14228,2797,2778,8181,10194,2783,9884,15933,15764,15099,,
2140173,M-RAT,medium,Arabika Ratawali Aceh,B04,9,collecting,159,14195,2795,2779,8182,10203,2783,9895,15927,15768,15102,,
2141173,M-RAT,medium,Arabika Ratawali Aceh,B04,9,collecting,160,14163,2794,2778,8183,10211,2783,9904,15921,15771,15105,,
2142173,M-RAT,medium,Arabika Ratawali Aceh,B04,9,collecting,161,14132,2792,2779,8185,10217,2783,9912,15914,15773,15107,,
2143173,M-RAT,medium,Arabika Ratawali Aceh,B04,9,collecting,162,14095,2794,2779,8185,10222,2783,9917,15906,15775,15108,,
2144174,M-RAT,medium,Arabika Ratawali Aceh,B04,9,collecting,163,14056,2792,2779,8187,10226,2783,9921,15897,15775,15109,,
2145173,M-RAT,medium,Arabika Ratawali Aceh,B04,9,collecting,164,14017,2794,2778,8188,10230,2780,9929,15888,15774,15111,,
2146173,M-RAT,medium,Arabika Ratawali Aceh,B04,9,collecting,165,13981,2794,2782,8190,10235,2783,9936,15881,15773,15114,,
2147173,M-RAT,medium,Arabika Ratawali Aceh,B04,9,collecting,166,13954,2793,2778,8192,10241,2781,9945,15875,15773,15118,,
2148173,M-RAT,medium,Arabika Ratawali Aceh,B04,9,collecting,167,13929,2795,2778,8193,10247,2781,9951,15871,15774,15121,,
2149173,M-RAT,medium,Arabika Ratawali Aceh,B04,9,collecting,168,13910,2792,2779,8195,10254,2783,9959,15868,15776,15125,,
2150173,M-RAT,medium,Arabika Ratawali Aceh,B04,9,collecting,169,13902,2795,2778,8197,10262,2778,9968,15867,15779,15131,,
2151174,M-RAT,medium,Arabika Ratawali Aceh,B04,9,collecting,170,13909,2794,2781,8198,10272,2781,9979,15871,15784,15141,,
2152173,M-RAT,medium,Arabika Ratawali Aceh,B04,9,collecting,171,13925,2792,2779,8200,10284,2783,9989,15879,15793,15154,,
2153174,M-RAT,medium,Arabika Ratawali Aceh,B04,9,collecting,172,13923,2792,2778,8201,10296,2781,10000,15884,15803,15168,,
2154173,M-RAT,medium,Arabika Ratawali Aceh,B04,9,collecting,173,13896,2795,2778,8203,10309,2781,10014,15883,15811,15181,,
2155173,M-RAT,medium,Arabika Ratawali Aceh,B04,9,collecting,174,13848,2790,2781,8205,10321,2781,10032,15877,15816,15191,,
2156173,M-RAT,medium,Arabika Ratawali Aceh,B04,9,collecting,175,13787,2790,2781,8206,10336,2783,10050,15870,15819,15203,,
2157173,M-RAT,medium,Arabika Ratawali Aceh,B04,9,collecting,176,13719,2792,2778,8208,10351,2781,10071,15862,15822,15213,,
2158173,M-RAT,medium,Arabika Ratawali Aceh,B04,9,collecting,177,13651,2793,2781,8210,10368,2780,10093,15853,15824,15221,,
2159173,M-RAT,medium,Arabika Ratawali Aceh,B04,9,collecting,178,13593,2792,2779,8213,10383,2783,10113,15844,15826,15224,,
2160174,M-RAT,medium,Arabika Ratawali Aceh,B04,9,collecting,179,13558,2793,2778,8215,10397,2784,10128,15838,15828,15228,,
2161173,M-RAT,medium,Arabika Ratawali Aceh,B04,9,collecting,180,13537,2794,2779,8218,10408,2783,10140,15836,15833,15234,,
2162177,M-RAT,medium,Arabika Ratawali Aceh,B04,10,purging,1,13513,2793,2781,8220,10416,2783,10147,15831,15838,15235,,
2163173,M-RAT,medium,Arabika Ratawali Aceh,B04,10,purging,2,13485,2790,2778,8223,10422,2783,10151,15822,15840,15236,,
2164173,M-RAT,medium,Arabika Ratawali Aceh,B04,10,purging,3,13450,2792,2778,8225,10426,2783,10156,15815,15842,15234,,
2165173,M-RAT,medium,Arabika Ratawali Aceh,B04,10,purging,4,13388,2795,2779,8227,10414,2783,10140,15785,15837,15187,,
2166173,M-RAT,medium,Arabika Ratawali Aceh,B04,10,purging,5,13297,2791,2778,8230,10379,2783,10091,15732,15817,15127,,
2167174,M-RAT,medium,Arabika Ratawali Aceh,B04,10,purging,6,13185,2789,2779,8232,10327,2781,10027,15669,15781,15070,,
2168173,M-RAT,medium,Arabika Ratawali Aceh,B04,10,purging,7,13062,2791,2778,8233,10270,2781,9961,15608,15738,15018,,
2169174,M-RAT,medium,Arabika Ratawali Aceh,B04,10,purging,8,12933,2793,2779,8235,10213,2783,9899,15553,15691,14971,,
2170173,M-RAT,medium,Arabika Ratawali Aceh,B04,10,purging,9,12803,2789,2778,8236,10159,2782,9846,15501,15642,14928,,
2171173,M-RAT,medium,Arabika Ratawali Aceh,B04,10,purging,10,12674,2788,2782,8238,10110,2782,9800,15454,15594,14889,,
2172173,M-RAT,medium,Arabika Ratawali Aceh,B04,10,purging,11,12549,2794,2779,8238,10065,2781,9760,15410,15546,14853,,
2173173,M-RAT,medium,Arabika Ratawali Aceh,B04,10,purging,12,12430,2791,2778,8238,10024,2781,9725,15371,15501,14823,,
2174173,M-RAT,medium,Arabika Ratawali Aceh,B04,10,purging,13,12316,2788,2783,8238,9991,2782,9700,15338,15458,14798,,
2175173,M-RAT,medium,Arabika Ratawali Aceh,B04,10,purging,14,12209,2791,2782,8238,9962,2781,9681,15307,15418,14774,,
2176174,M-RAT,medium,Arabika Ratawali Aceh,B04,10,purging,15,12109,2790,2781,8238,9937,2780,9663,15278,15380,14751,,
2177173,M-RAT,medium,Arabika Ratawali Aceh,B04,10,purging,16,12015,2788,2779,8239,9915,2780,9648,15250,15344,14725,,
2178173,M-RAT,medium,Arabika Ratawali Aceh,B04,10,purging,17,11929,2791,2781,8239,9892,2779,9633,15222,15310,14702,,
2179173,M-RAT,medium,Arabika Ratawali Aceh,B04,10,purging,18,11849,2791,2778,8239,9872,2782,9618,15195,15277,14681,,
2180173,M-RAT,medium,Arabika Ratawali Aceh,B04,10,purging,19,11777,2792,2781,8239,9852,2781,9605,15170,15245,14661,,
2181173,M-RAT,medium,Arabika Ratawali Aceh,B04,10,purging,20,11711,2788,2781,8239,9835,2782,9593,15147,15215,14642,,
2182173,M-RAT,medium,Arabika Ratawali Aceh,B04,10,purging,21,11650,2789,2779,8239,9818,2783,9582,15125,15187,14624,,
2183174,M-RAT,medium,Arabika Ratawali Aceh,B04,10,purging,22,11594,2790,2779,8239,9805,2780,9575,15105,15159,14612,,
2184173,M-RAT,medium,Arabika Ratawali Aceh,B04,10,purging,23,11541,2789,2782,8239,9794,2782,9571,15088,15134,14601,,
2185174,M-RAT,medium,Arabika Ratawali Aceh,B04,10,purging,24,11493,2788,2778,8239,9784,2780,9568,15071,15111,14584,,
2186173,M-RAT,medium,Arabika Ratawali Aceh,B04,10,purging,25,11450,2791,2780,8240,9773,2778,9561,15052,15088,14569,,
2187173,M-RAT,medium,Arabika Ratawali Aceh,B04,10,purging,26,11410,2791,2778,8239,9761,2782,9555,15034,15067,14554,,
2188173,M-RAT,medium,Arabika Ratawali Aceh,B04,10,purging,27,11373,2785,2779,8239,9750,2782,9549,15017,15045,14540,,
2189173,M-RAT,medium,Arabika Ratawali Aceh,B04,10,purging,28,11340,2791,2780,8239,9740,2780,9543,15000,15025,14526,,
2190173,M-RAT,medium,Arabika Ratawali Aceh,B04,10,purging,29,11309,2791,2778,8239,9729,2780,9535,14983,15005,14513,,
2191173,M-RAT,medium,Arabika Ratawali Aceh,B04,10,purging,30,11280,2788,2781,8239,9720,2782,9529,14968,14986,14502,,
2192174,M-RAT,medium,Arabika Ratawali Aceh,B04,10,purging,31,11253,2788,2779,8239,9712,2782,9525,14953,14967,14490,,
2193173,M-RAT,medium,Arabika Ratawali Aceh,B04,10,purging,32,11227,2788,2782,8239,9703,2780,9520,14939,14949,14479,,
2194173,M-RAT,medium,Arabika Ratawali Aceh,B04,10,purging,33,11203,2788,2779,8239,9695,2780,9516,14926,14933,14469,,
2195173,M-RAT,medium,Arabika Ratawali Aceh,B04,10,purging,34,11180,2791,2780,8239,9688,2778,9513,14912,14916,14459,,
2196173,M-RAT,medium,Arabika Ratawali Aceh,B04,10,purging,35,11157,2789,2779,8239,9682,2781,9510,14900,14901,14451,,
2197173,M-RAT,medium,Arabika Ratawali Aceh,B04,10,purging,36,11137,2792,2779,8239,9676,2780,9508,14888,14885,14442,,
2198173,M-RAT,medium,Arabika Ratawali Aceh,B04,10,purging,37,11117,2789,2779,8239,9671,2782,9507,14877,14871,14437,,
2199174,M-RAT,medium,Arabika Ratawali Aceh,B04,10,purging,38,11098,2789,2778,8239,9667,2780,9509,14868,14859,14433,,
2200173,M-RAT,medium,Arabika Ratawali Aceh,B04,10,purging,39,11079,2789,2782,8239,9668,2778,9519,14864,14848,14439,,
2201174,M-RAT,medium,Arabika Ratawali Aceh,B04,10,purging,40,11060,2790,2780,8239,9670,2778,9526,14857,14839,14430,,
2202173,M-RAT,medium,Arabika Ratawali Aceh,B04,10,purging,41,11041,2788,2778,8240,9670,2780,9527,14845,14829,14421,,
2203173,M-RAT,medium,Arabika Ratawali Aceh,B04,10,purging,42,11024,2790,2779,8240,9667,2779,9527,14833,14819,14412,,
2204173,M-RAT,medium,Arabika Ratawali Aceh,B04,10,purging,43,11008,2789,2779,8240,9664,2780,9525,14821,14808,14405,,
2205173,M-RAT,medium,Arabika Ratawali Aceh,B04,10,purging,44,10994,2790,2781,8241,9660,2780,9523,14810,14799,14397,,
2206173,M-RAT,medium,Arabika Ratawali Aceh,B04,10,purging,45,10979,2786,2778,8240,9656,2780,9520,14801,14788,14392,,
2207173,M-RAT,medium,Arabika Ratawali Aceh,B04,10,purging,46,10965,2788,2778,8241,9651,2780,9518,14791,14778,14385,,
2208174,M-RAT,medium,Arabika Ratawali Aceh,B04,10,purging,47,10951,2791,2781,8241,9648,2779,9518,14780,14768,14378,,
2209173,M-RAT,medium,Arabika Ratawali Aceh,B04,10,purging,48,10938,2786,2779,8241,9644,2780,9516,14771,14759,14371,,
2210173,M-RAT,medium,Arabika Ratawali Aceh,B04,10,purging,49,10926,2788,2781,8241,9641,2783,9514,14761,14749,14366,,
2211173,M-RAT,medium,Arabika Ratawali Aceh,B04,10,purging,50,10915,2786,2779,8241,9637,2780,9512,14751,14740,14360,,
2212173,M-RAT,medium,Arabika Ratawali Aceh,B04,10,purging,51,10904,2788,2779,8242,9633,2780,9510,14743,14731,14353,,
2213173,M-RAT,medium,Arabika Ratawali Aceh,B04,10,purging,52,10893,2791,2778,8242,9629,2779,9509,14734,14722,14347,,
2214173,M-RAT,medium,Arabika Ratawali Aceh,B04,10,purging,53,10882,2789,2779,8242,9627,2780,9507,14725,14714,14342,,
2215174,M-RAT,medium,Arabika Ratawali Aceh,B04,10,purging,54,10872,2787,2779,8242,9623,2780,9505,14717,14705,14337,,
2216173,M-RAT,medium,Arabika Ratawali Aceh,B04,10,purging,55,10862,2786,2782,8242,9620,2783,9503,14708,14698,14331,,
2217174,M-RAT,medium,Arabika Ratawali Aceh,B04,10,purging,56,10851,2788,2778,8243,9617,2782,9504,14700,14690,14327,,
2218173,M-RAT,medium,Arabika Ratawali Aceh,B04,10,purging,57,10842,2789,2784,8243,9615,2781,9502,14692,14682,14321,,
2219173,M-RAT,medium,Arabika Ratawali Aceh,B04,10,purging,58,10832,2787,2778,8243,9612,2780,9502,14685,14675,14316,,
2220173,M-RAT,medium,Arabika Ratawali Aceh,B04,10,purging,59,10823,2791,2778,8244,9610,2780,9501,14677,14667,14312,,
2221173,M-RAT,medium,Arabika Ratawali Aceh,B04,10,purging,60,10814,2785,2779,8244,9607,2779,9500,14669,14660,14307,,
2222176,M-RAT,medium,Arabika Ratawali Aceh,B04,10,collecting,1,10804,2791,2779,8244,9605,2780,9499,14661,14653,14302,,
2223173,M-RAT,medium,Arabika Ratawali Aceh,B04,10,collecting,2,10796,2791,2778,8244,9601,2780,9499,14654,14646,14298,,
2224174,M-RAT,medium,Arabika Ratawali Aceh,B04,10,collecting,3,10787,2791,2780,8245,9598,2780,9496,14647,14639,14292,,
2225173,M-RAT,medium,Arabika Ratawali Aceh,B04,10,collecting,4,10781,2789,2779,8245,9596,2779,9494,14639,14632,14287,,
2226173,M-RAT,medium,Arabika Ratawali Aceh,B04,10,collecting,5,10774,2785,2779,8245,9593,2780,9492,14632,14625,14282,,
2227173,M-RAT,medium,Arabika Ratawali Aceh,B04,10,collecting,6,10767,2789,2782,8245,9590,2780,9491,14625,14618,14279,,
2228173,M-RAT,medium,Arabika Ratawali Aceh,B04,10,collecting,7,10760,2791,2778,8246,9588,2782,9490,14619,14612,14275,,
2229173,M-RAT,medium,Arabika Ratawali Aceh,B04,10,collecting,8,10752,2791,2781,8246,9588,2780,9491,14614,14606,14279,,
2230173,M-RAT,medium,Arabika Ratawali Aceh,B04,10,collecting,9,10750,2790,2779,8246,9590,2780,9497,14612,14602,14279,,
2231174,M-RAT,medium,Arabika Ratawali Aceh,B04,10,collecting,10,10906,2791,2778,8247,9613,2780,9521,14638,14607,14314,,
2232173,M-RAT,medium,Arabika Ratawali Aceh,B04,10,collecting,11,11352,2791,2778,8247,9670,2777,9575,14734,14647,14388,,
2233174,M-RAT,medium,Arabika Ratawali Aceh,B04,10,collecting,12,11986,2791,2779,8247,9748,2782,9643,14881,14730,14481,,
2234173,M-RAT,medium,Arabika Ratawali Aceh,B04,10,collecting,13,12626,2790,2779,8248,9830,2783,9706,15042,14841,14574,,
2235173,M-RAT,medium,Arabika Ratawali Aceh,B04,10,collecting,14,13203,2791,2778,8248,9907,2782,9762,15199,14966,14666,,
2236173,M-RAT,medium,Arabika Ratawali Aceh,B04,10,collecting,15,13682,2791,2779,8248,9977,2780,9805,15344,15094,14750,,
2237173,M-RAT,medium,Arabika Ratawali Aceh,B04,10,collecting,16,14061,2795,2781,8248,10040,2781,9840,15469,15217,14827,,
2238173,M-RAT,medium,Arabika Ratawali Aceh,B04,10,collecting,17,14344,2794,2778,8248,10096,2783,9872,15576,15330,14896,,
2239173,M-RAT,medium,Arabika Ratawali Aceh,B04,10,collecting,18,14548,2794,2781,8248,10145,2780,9900,15662,15428,14952,,
2240174,M-RAT,medium,Arabika Ratawali Aceh,B04,10,collecting,19,14690,2793,2781,8248,10185,2783,9923,15725,15512,14992,,
2241173,M-RAT,medium,Arabika Ratawali Aceh,B04,10,collecting,20,14782,2794,2778,8249,10213,2783,9933,15768,15579,15016,,
2242173,M-RAT,medium,Arabika Ratawali Aceh,B04,10,collecting,21,14836,2792,2778,8249,10231,2778,9935,15794,15630,15034,,
2243173,M-RAT,medium,Arabika Ratawali Aceh,B04,10,collecting,22,14869,2794,2781,8249,10243,2781,9933,15814,15669,15046,,
2244173,M-RAT,medium,Arabika Ratawali Aceh,B04,10,collecting,23,14883,2795,2781,8250,10248,2783,9928,15826,15698,15053,,
2245173,M-RAT,medium,Arabika Ratawali Aceh,B04,10,collecting,24,14885,2796,2778,8250,10249,2783,9920,15833,15720,15057,,
2246173,M-RAT,medium,Arabika Ratawali Aceh,B04,10,collecting,25,14880,2794,2780,8251,10248,2783,9911,15839,15737,15061,,
2247174,M-RAT,medium,Arabika Ratawali Aceh,B04,10,collecting,26,14872,2796,2778,8251,10245,2780,9902,15845,15749,15064,,
2248173,M-RAT,medium,Arabika Ratawali Aceh,B04,10,collecting,27,14861,2795,2783,8251,10241,2781,9894,15850,15759,15066,,
2249174,M-RAT,medium,Arabika Ratawali Aceh,B04,10,collecting,28,14848,2794,2780,8252,10236,2780,9885,15854,15767,15068,,
2250173,M-RAT,medium,Arabika Ratawali Aceh,B04,10,collecting,29,14835,2795,2778,8252,10231,2780,9879,15859,15773,15069,,
2251173,M-RAT,medium,Arabika Ratawali Aceh,B04,10,collecting,30,14827,2795,2778,8252,10227,2780,9872,15863,15778,15072,,
2252173,M-RAT,medium,Arabika Ratawali Aceh,B04,10,collecting,31,14824,2797,2782,8253,10224,2781,9867,15871,15783,15075,,
2253173,M-RAT,medium,Arabika Ratawali Aceh,B04,10,collecting,32,14824,2798,2778,8252,10220,2780,9862,15879,15789,15078,,
2254173,M-RAT,medium,Arabika Ratawali Aceh,B04,10,collecting,33,14823,2794,2778,8253,10217,2781,9856,15887,15795,15080,,
2255173,M-RAT,medium,Arabika Ratawali Aceh,B04,10,collecting,34,14819,2794,2780,8253,10214,2779,9847,15892,15799,15081,,
2256174,M-RAT,medium,Arabika Ratawali Aceh,B04,10,collecting,35,14813,2795,2778,8253,10209,2778,9841,15895,15803,15081,,
2257173,M-RAT,medium,Arabika Ratawali Aceh,B04,10,collecting,36,14802,2794,2778,8253,10204,2780,9834,15897,15804,15080,,
2258173,M-RAT,medium,Arabika Ratawali Aceh,B04,10,collecting,37,14788,2795,2778,8254,10198,2782,9828,15897,15804,15078,,
2259173,M-RAT,medium,Arabika Ratawali Aceh,B04,10,collecting,38,14771,2794,2779,8254,10193,2780,9822,15895,15802,15075,,
2260173,M-RAT,medium,Arabika Ratawali Aceh,B04,10,collecting,39,14752,2794,2779,8254,10187,2781,9814,15894,15799,15072,,
2261173,M-RAT,medium,Arabika Ratawali Aceh,B04,10,collecting,40,14730,2794,2779,8254,10180,2783,9808,15890,15796,15069,,
2262173,M-RAT,medium,Arabika Ratawali Aceh,B04,10,collecting,41,14708,2794,2780,8254,10174,2778,9802,15886,15791,15065,,
2263174,M-RAT,medium,Arabika Ratawali Aceh,B04,10,collecting,42,14686,2793,2778,8254,10168,2780,9796,15884,15787,15062,,
2264173,M-RAT,medium,Arabika Ratawali Aceh,B04,10,collecting,43,14669,2797,2778,8254,10163,2781,9791,15882,15782,15060,,
2265174,M-RAT,medium,Arabika Ratawali Aceh,B04,10,collecting,44,14653,2795,2781,8254,10158,2780,9787,15881,15778,15057,,
2266173,M-RAT,medium,Arabika Ratawali Aceh,B04,10,collecting,45,14636,2795,2780,8254,10153,2782,9783,15880,15774,15055,,
2267173,M-RAT,medium,Arabika Ratawali Aceh,B04,10,collecting,46,14618,2794,2781,8254,10149,2781,9779,15877,15770,15052,,
2268173,M-RAT,medium,Arabika Ratawali Aceh,B04,10,collecting,47,14601,2793,2780,8255,10145,2782,9775,15875,15765,15050,,
2269173,M-RAT,medium,Arabika Ratawali Aceh,B04,10,collecting,48,14585,2794,2779,8255,10141,2782,9773,15873,15761,15047,,
2270173,M-RAT,medium,Arabika Ratawali Aceh,B04,10,collecting,49,14570,2795,2778,8255,10137,2781,9770,15870,15757,15045,,
2271173,M-RAT,medium,Arabika Ratawali Aceh,B04,10,collecting,50,14556,2792,2778,8255,10133,2780,9769,15869,15753,15043,,
2272174,M-RAT,medium,Arabika Ratawali Aceh,B04,10,collecting,51,14543,2792,2779,8255,10130,2780,9769,15867,15750,15041,,
2273173,M-RAT,medium,Arabika Ratawali Aceh,B04,10,collecting,52,14532,2792,2777,8255,10127,2780,9766,15867,15746,15040,,
2274173,M-RAT,medium,Arabika Ratawali Aceh,B04,10,collecting,53,14523,2795,2781,8255,10125,2782,9763,15865,15743,15039,,
2275173,M-RAT,medium,Arabika Ratawali Aceh,B04,10,collecting,54,14515,2794,2778,8255,10123,2778,9761,15866,15741,15037,,
2276173,M-RAT,medium,Arabika Ratawali Aceh,B04,10,collecting,55,14502,2794,2778,8255,10121,2780,9757,15864,15738,15035,,
2277173,M-RAT,medium,Arabika Ratawali Aceh,B04,10,collecting,56,14489,2794,2778,8256,10118,2778,9755,15862,15735,15032,,
2278173,M-RAT,medium,Arabika Ratawali Aceh,B04,10,collecting,57,14475,2791,2778,8256,10115,2779,9753,15859,15731,15030,,
2279174,M-RAT,medium,Arabika Ratawali Aceh,B04,10,collecting,58,14463,2794,2780,8255,10112,2778,9752,15856,15727,15027,,
2280173,M-RAT,medium,Arabika Ratawali Aceh,B04,10,collecting,59,14450,2792,2778,8256,10109,2780,9750,15853,15724,15024,,
2281174,M-RAT,medium,Arabika Ratawali Aceh,B04,10,collecting,60,14438,2796,2778,8256,10107,2782,9749,15851,15720,15023,,
2282173,M-RAT,medium,Arabika Ratawali Aceh,B04,10,collecting,61,14430,2793,2778,8256,10106,2780,9749,15850,15718,15022,,
2283173,M-RAT,medium,Arabika Ratawali Aceh,B04,10,collecting,62,14422,2793,2781,8256,10105,2780,9748,15848,15715,15020,,
2284173,M-RAT,medium,Arabika Ratawali Aceh,B04,10,collecting,63,14413,2793,2782,8256,10102,2780,9745,15847,15713,15018,,
2285173,M-RAT,medium,Arabika Ratawali Aceh,B04,10,collecting,64,14404,2794,2778,8256,10100,2780,9744,15845,15710,15016,,
2286173,M-RAT,medium,Arabika Ratawali Aceh,B04,10,collecting,65,14398,2793,2778,8256,10098,2780,9744,15844,15707,15014,,
2287173,M-RAT,medium,Arabika Ratawali Aceh,B04,10,collecting,66,14390,2794,2778,8256,10095,2780,9741,15842,15705,15012,,
2288174,M-RAT,medium,Arabika Ratawali Aceh,B04,10,collecting,67,14383,2795,2778,8257,10093,2780,9739,15841,15702,15010,,
2289173,M-RAT,medium,Arabika Ratawali Aceh,B04,10,collecting,68,14376,2792,2782,8257,10091,2780,9737,15838,15700,15008,,
2290173,M-RAT,medium,Arabika Ratawali Aceh,B04,10,collecting,69,14370,2793,2778,8257,10089,2780,9735,15837,15697,15005,,
2291173,M-RAT,medium,Arabika Ratawali Aceh,B04,10,collecting,70,14365,2792,2779,8257,10087,2779,9734,15835,15694,15004,,
2292173,M-RAT,medium,Arabika Ratawali Aceh,B04,10,collecting,71,14361,2792,2781,8257,10085,2780,9733,15834,15692,15002,,
2293173,M-RAT,medium,Arabika Ratawali Aceh,B04,10,collecting,72,14356,2791,2779,8257,10083,2780,9730,15833,15690,15000,,
2294173,M-RAT,medium,Arabika Ratawali Aceh,B04,10,collecting,73,14350,2793,2779,8258,10081,2781,9728,15831,15688,14997,,
2295174,M-RAT,medium,Arabika Ratawali Aceh,B04,10,collecting,74,14345,2794,2779,8258,10079,2779,9725,15831,15685,14996,,
2296173,M-RAT,medium,Arabika Ratawali Aceh,B04,10,collecting,75,14342,2796,2778,8258,10077,2780,9723,15831,15682,14995,,
2297174,M-RAT,medium,Arabika Ratawali Aceh,B04,10,collecting,76,14342,2792,2781,8258,10075,2780,9721,15831,15681,14993,,
2298173,M-RAT,medium,Arabika Ratawali Aceh,B04,10,collecting,77,14340,2796,2782,8257,10073,2780,9722,15830,15679,14992,,
2299173,M-RAT,medium,Arabika Ratawali Aceh,B04,10,collecting,78,14340,2793,2778,8257,10072,2780,9722,15830,15677,14991,,
2300173,M-RAT,medium,Arabika Ratawali Aceh,B04,10,collecting,79,14339,2792,2778,8258,10070,2780,9720,15830,15675,14989,,
2301173,M-RAT,medium,Arabika Ratawali Aceh,B04,10,collecting,80,14339,2794,2778,8258,10067,2780,9719,15830,15674,14987,,
2302173,M-RAT,medium,Arabika Ratawali Aceh,B04,10,collecting,81,14339,2795,2778,8258,10066,2780,9718,15830,15673,14985,,
2303173,M-RAT,medium,Arabika Ratawali Aceh,B04,10,collecting,82,14339,2794,2778,8258,10063,2780,9716,15829,15671,14984,,
2304174,M-RAT,medium,Arabika Ratawali Aceh,B04,10,collecting,83,14338,2794,2778,8258,10061,2780,9713,15828,15669,14982,,
2305173,M-RAT,medium,Arabika Ratawali Aceh,B04,10,collecting,84,14337,2794,2779,8258,10059,2780,9712,15827,15667,14979,,
2306173,M-RAT,medium,Arabika Ratawali Aceh,B04,10,collecting,85,14339,2795,2778,8258,10057,2780,9709,15828,15666,14979,,
2307173,M-RAT,medium,Arabika Ratawali Aceh,B04,10,collecting,86,14343,2793,2779,8258,10057,2783,9707,15829,15665,14979,,
2308173,M-RAT,medium,Arabika Ratawali Aceh,B04,10,collecting,87,14344,2792,2779,8258,10054,2781,9705,15830,15664,14977,,
2309173,M-RAT,medium,Arabika Ratawali Aceh,B04,10,collecting,88,14342,2795,2779,8259,10052,2780,9702,15828,15663,14974,,
2310173,M-RAT,medium,Arabika Ratawali Aceh,B04,10,collecting,89,14337,2795,2779,8258,10049,2780,9701,15826,15660,14972,,
2311174,M-RAT,medium,Arabika Ratawali Aceh,B04,10,collecting,90,14331,2792,2779,8258,10045,2782,9697,15824,15658,14969,,
2312173,M-RAT,medium,Arabika Ratawali Aceh,B04,10,collecting,91,14323,2792,2781,8259,10043,2780,9694,15821,15655,14966,,
2313174,M-RAT,medium,Arabika Ratawali Aceh,B04,10,collecting,92,14315,2791,2782,8259,10040,2780,9691,15819,15652,14963,,
2314173,M-RAT,medium,Arabika Ratawali Aceh,B04,10,collecting,93,14306,2796,2779,8259,10036,2782,9689,15816,15648,14959,,
2315173,M-RAT,medium,Arabika Ratawali Aceh,B04,10,collecting,94,14296,2793,2778,8258,10033,2780,9686,15812,15644,14956,,
2316173,M-RAT,medium,Arabika Ratawali Aceh,B04,10,collecting,95,14289,2793,2779,8259,10030,2780,9685,15809,15640,14954,,
2317173,M-RAT,medium,Arabika Ratawali Aceh,B04,10,collecting,96,14285,2797,2779,8259,10028,2778,9684,15809,15637,14952,,
2318173,M-RAT,medium,Arabika Ratawali Aceh,B04,10,collecting,97,14286,2792,2781,8259,10026,2780,9683,15809,15635,14952,,
2319173,M-RAT,medium,Arabika Ratawali Aceh,B04,10,collecting,98,14288,2795,2779,8259,10025,2782,9682,15809,15634,14949,,
2320174,M-RAT,medium,Arabika Ratawali Aceh,B04,10,collecting,99,14290,2792,2778,8259,10023,2779,9680,15810,15632,14948,,
2321173,M-RAT,medium,Arabika Ratawali Aceh,B04,10,collecting,100,14293,2792,2778,8259,10022,2780,9680,15811,15631,14947,,
2322173,M-RAT,medium,Arabika Ratawali Aceh,B04,10,collecting,101,14296,2793,2781,8259,10020,2780,9679,15811,15629,14945,,
2323173,M-RAT,medium,Arabika Ratawali Aceh,B04,10,collecting,102,14297,2794,2782,8259,10019,2780,9676,15811,15629,14945,,
2324173,M-RAT,medium,Arabika Ratawali Aceh,B04,10,collecting,103,14300,2792,2779,8259,10018,2780,9676,15812,15628,14944,,
2325173,M-RAT,medium,Arabika Ratawali Aceh,B04,10,collecting,104,14304,2792,2779,8259,10018,2780,9675,15813,15627,14944,,
2326173,M-RAT,medium,Arabika Ratawali Aceh,B04,10,collecting,105,14308,2792,2777,8259,10017,2782,9673,15814,15627,14944,,
2327174,M-RAT,medium,Arabika Ratawali Aceh,B04,10,collecting,106,14310,2793,2779,8259,10015,2780,9674,15815,15626,14942,,
2328173,M-RAT,medium,Arabika Ratawali Aceh,B04,10,collecting,107,14308,2793,2778,8259,10014,2780,9672,15814,15626,14940,,
2329174,M-RAT,medium,Arabika Ratawali Aceh,B04,10,collecting,108,14304,2792,2778,8259,10012,2778,9670,15812,15624,14938,,
2330173,M-RAT,medium,Arabika Ratawali Aceh,B04,10,collecting,109,14301,2792,2779,8259,10010,2780,9668,15811,15622,14937,,
2331173,M-RAT,medium,Arabika Ratawali Aceh,B04,10,collecting,110,14300,2792,2778,8259,10008,2780,9666,15811,15620,14936,,
2332173,M-RAT,medium,Arabika Ratawali Aceh,B04,10,collecting,111,14297,2792,2779,8259,10007,2780,9665,15810,15619,14934,,
2333173,M-RAT,medium,Arabika Ratawali Aceh,B04,10,collecting,112,14293,2794,2779,8259,10005,2780,9664,15809,15617,14933,,
2334173,M-RAT,medium,Arabika Ratawali Aceh,B04,10,collecting,113,14291,2795,2778,8259,10003,2780,9664,15808,15615,14931,,
2335173,M-RAT,medium,Arabika Ratawali Aceh,B04,10,collecting,114,14291,2793,2778,8259,10001,2780,9663,15809,15613,14929,,
2336174,M-RAT,medium,Arabika Ratawali Aceh,B04,10,collecting,115,14292,2794,2778,8259,9999,2780,9660,15808,15612,14927,,
2337173,M-RAT,medium,Arabika Ratawali Aceh,B04,10,collecting,116,14291,2792,2778,8258,9997,2782,9658,15807,15610,14925,,
2338173,M-RAT,medium,Arabika Ratawali Aceh,B04,10,collecting,117,14292,2791,2779,8259,9995,2780,9655,15806,15608,14923,,
2339173,M-RAT,medium,Arabika Ratawali Aceh,B04,10,collecting,118,14292,2794,2779,8259,9993,2781,9654,15805,15606,14919,,
2340173,M-RAT,medium,Arabika Ratawali Aceh,B04,10,collecting,119,14289,2793,2781,8259,9990,2780,9651,15805,15604,14918,,
2341173,M-RAT,medium,Arabika Ratawali Aceh,B04,10,collecting,120,14289,2793,2778,8259,9988,2780,9649,15804,15602,14916,,
2342173,M-RAT,medium,Arabika Ratawali Aceh,B04,10,collecting,121,14290,2792,2778,8259,9985,2780,9647,15804,15601,14914,,
2343174,M-RAT,medium,Arabika Ratawali Aceh,B04,10,collecting,122,14291,2794,2781,8259,9983,2780,9644,15803,15598,14911,,
2344173,M-RAT,medium,Arabika Ratawali Aceh,B04,10,collecting,123,14289,2795,2779,8259,9980,2779,9642,15802,15596,14909,,
2345174,M-RAT,medium,Arabika Ratawali Aceh,B04,10,collecting,124,14286,2792,2779,8259,9977,2780,9638,15801,15594,14907,,
2346173,M-RAT,medium,Arabika Ratawali Aceh,B04,10,collecting,125,14284,2793,2782,8259,9974,2782,9636,15800,15592,14905,,
2347173,M-RAT,medium,Arabika Ratawali Aceh,B04,10,collecting,126,14285,2792,2778,8258,9972,2779,9634,15799,15590,14904,,
2348173,M-RAT,medium,Arabika Ratawali Aceh,B04,10,collecting,127,14287,2796,2781,8258,9971,2780,9635,15800,15588,14903,,
2349173,M-RAT,medium,Arabika Ratawali Aceh,B04,10,collecting,128,14286,2793,2780,8258,9969,2782,9633,15799,15587,14901,,
2350173,M-RAT,medium,Arabika Ratawali Aceh,B04,10,collecting,129,14283,2792,2778,8258,9967,2778,9631,15797,15585,14898,,
2351173,M-RAT,medium,Arabika Ratawali Aceh,B04,10,collecting,130,14280,2794,2779,8257,9965,2780,9630,15796,15582,14897,,
2352174,M-RAT,medium,Arabika Ratawali Aceh,B04,10,collecting,131,14280,2796,2778,8257,9963,2781,9628,15795,15580,14896,,
2353173,M-RAT,medium,Arabika Ratawali Aceh,B04,10,collecting,132,14280,2793,2782,8258,9962,2780,9627,15795,15578,14894,,
2354173,M-RAT,medium,Arabika Ratawali Aceh,B04,10,collecting,133,14280,2792,2779,8257,9960,2780,9626,15795,15577,14892,,
2355173,M-RAT,medium,Arabika Ratawali Aceh,B04,10,collecting,134,14278,2795,2780,8258,9958,2779,9625,15794,15576,14890,,
2356173,M-RAT,medium,Arabika Ratawali Aceh,B04,10,collecting,135,14274,2795,2778,8258,9956,2782,9624,15792,15574,14888,,
2357173,M-RAT,medium,Arabika Ratawali Aceh,B04,10,collecting,136,14268,2793,2780,8257,9953,2780,9620,15790,15571,14884,,
2358173,M-RAT,medium,Arabika Ratawali Aceh,B04,10,collecting,137,14260,2796,2778,8257,9951,2780,9618,15788,15568,14882,,
2359174,M-RAT,medium,Arabika Ratawali Aceh,B04,10,collecting,138,14253,2792,2778,8257,9948,2780,9616,15785,15564,14879,,
2360173,M-RAT,medium,Arabika Ratawali Aceh,B04,10,collecting,139,14247,2793,2781,8257,9946,2780,9615,15782,15562,14878,,
2361174,M-RAT,medium,Arabika Ratawali Aceh,B04,10,collecting,140,14245,2792,2780,8257,9945,2781,9615,15782,15559,14876,,
2362173,M-RAT,medium,Arabika Ratawali Aceh,B04,10,collecting,141,14245,2797,2779,8257,9943,2782,9615,15781,15557,14875,,
2363173,M-RAT,medium,Arabika Ratawali Aceh,B04,10,collecting,142,14247,2796,2778,8257,9942,2783,9615,15782,15556,14875,,
2364173,M-RAT,medium,Arabika Ratawali Aceh,B04,10,collecting,143,14250,2793,2778,8257,9941,2779,9614,15784,15555,14875,,
2365173,M-RAT,medium,Arabika Ratawali Aceh,B04,10,collecting,144,14253,2792,2778,8256,9940,2781,9613,15784,15554,14875,,
2366173,M-RAT,medium,Arabika Ratawali Aceh,B04,10,collecting,145,14258,2794,2779,8256,9940,2781,9613,15785,15553,14874,,
2367173,M-RAT,medium,Arabika Ratawali Aceh,B04,10,collecting,146,14259,2792,2778,8256,9939,2780,9613,15786,15554,14872,,
2368174,M-RAT,medium,Arabika Ratawali Aceh,B04,10,collecting,147,14258,2795,2779,8256,9937,2782,9611,15784,15552,14869,,
2369173,M-RAT,medium,Arabika Ratawali Aceh,B04,10,collecting,148,14256,2796,2779,8255,9935,2780,9610,15782,15550,14867,,
2370173,M-RAT,medium,Arabika Ratawali Aceh,B04,10,collecting,149,14255,2794,2780,8255,9933,2782,9609,15781,15549,14866,,
2371173,M-RAT,medium,Arabika Ratawali Aceh,B04,10,collecting,150,14257,2792,2782,8255,9932,2781,9607,15782,15547,14865,,
2372173,M-RAT,medium,Arabika Ratawali Aceh,B04,10,collecting,151,14258,2793,2783,8255,9930,2780,9605,15782,15546,14863,,
2373173,M-RAT,medium,Arabika Ratawali Aceh,B04,10,collecting,152,14257,2793,2779,8255,9928,2779,9602,15781,15545,14863,,
2374173,M-RAT,medium,Arabika Ratawali Aceh,B04,10,collecting,153,14256,2796,2779,8255,9926,2781,9602,15781,15543,14861,,
2375174,M-RAT,medium,Arabika Ratawali Aceh,B04,10,collecting,154,14257,2794,2778,8255,9926,2780,9601,15781,15542,14861,,
2376173,M-RAT,medium,Arabika Ratawali Aceh,B04,10,collecting,155,14258,2793,2778,8255,9925,2780,9603,15782,15541,14861,,
2377174,M-RAT,medium,Arabika Ratawali Aceh,B04,10,collecting,156,14260,2795,2776,8255,9925,2779,9603,15783,15541,14861,,
2378173,M-RAT,medium,Arabika Ratawali Aceh,B04,10,collecting,157,14261,2796,2779,8255,9925,2781,9603,15783,15541,14860,,
2379173,M-RAT,medium,Arabika Ratawali Aceh,B04,10,collecting,158,14262,2793,2779,8254,9924,2780,9603,15784,15540,14859,,
2380173,M-RAT,medium,Arabika Ratawali Aceh,B04,10,collecting,159,14262,2796,2778,8254,9924,2780,9604,15783,15539,14859,,
2381173,M-RAT,medium,Arabika Ratawali Aceh,B04,10,collecting,160,14264,2796,2778,8254,9924,2780,9603,15784,15539,14859,,
2382173,M-RAT,medium,Arabika Ratawali Aceh,B04,10,collecting,161,14264,2795,2778,8254,9923,2780,9601,15784,15539,14857,,
2383173,M-RAT,medium,Arabika Ratawali Aceh,B04,10,collecting,162,14261,2794,2778,8254,9921,2780,9600,15783,15537,14856,,
2384174,M-RAT,medium,Arabika Ratawali Aceh,B04,10,collecting,163,14257,2795,2780,8254,9920,2782,9598,15781,15536,14854,,
2385173,M-RAT,medium,Arabika Ratawali Aceh,B04,10,collecting,164,14253,2794,2778,8254,9918,2781,9597,15780,15535,14853,,
2386173,M-RAT,medium,Arabika Ratawali Aceh,B04,10,collecting,165,14249,2794,2779,8254,9917,2780,9596,15779,15533,14852,,
2387173,M-RAT,medium,Arabika Ratawali Aceh,B04,10,collecting,166,14246,2798,2782,8254,9916,2782,9596,15778,15531,14850,,
2388173,M-RAT,medium,Arabika Ratawali Aceh,B04,10,collecting,167,14245,2793,2782,8254,9915,2782,9597,15777,15529,14849,,
2389173,M-RAT,medium,Arabika Ratawali Aceh,B04,10,collecting,168,14241,2794,2782,8254,9913,2781,9595,15776,15528,14847,,
2390173,M-RAT,medium,Arabika Ratawali Aceh,B04,10,collecting,169,14238,2795,2780,8253,9911,2780,9592,15775,15526,14845,,
2391174,M-RAT,medium,Arabika Ratawali Aceh,B04,10,collecting,170,14234,2794,2782,8253,9909,2781,9591,15773,15524,14843,,
2392173,M-RAT,medium,Arabika Ratawali Aceh,B04,10,collecting,171,14232,2793,2779,8253,9907,2780,9589,15772,15522,14841,,
2393174,M-RAT,medium,Arabika Ratawali Aceh,B04,10,collecting,172,14232,2792,2779,8253,9906,2780,9589,15772,15521,14841,,
2394173,M-RAT,medium,Arabika Ratawali Aceh,B04,10,collecting,173,14235,2795,2779,8253,9906,2780,9589,15772,15520,14841,,
2395173,M-RAT,medium,Arabika Ratawali Aceh,B04,10,collecting,174,14235,2792,2779,8253,9904,2780,9588,15772,15519,14839,,
2396173,M-RAT,medium,Arabika Ratawali Aceh,B04,10,collecting,175,14233,2793,2780,8253,9902,2781,9586,15771,15517,14836,,
2397173,M-RAT,medium,Arabika Ratawali Aceh,B04,10,collecting,176,14227,2792,2778,8252,9900,2780,9583,15768,15515,14834,,
2398173,M-RAT,medium,Arabika Ratawali Aceh,B04,10,collecting,177,14222,2795,2778,8253,9898,2783,9581,15767,15512,14832,,
2399173,M-RAT,medium,Arabika Ratawali Aceh,B04,10,collecting,178,14219,2794,2778,8252,9896,2780,9581,15765,15510,14830,,
2400174,M-RAT,medium,Arabika Ratawali Aceh,B04,10,collecting,179,14218,2794,2779,8252,9894,2781,9579,15764,15508,14829,,
2401173,M-RAT,medium,Arabika Ratawali Aceh,B04,10,collecting,180,14220,2794,2779,8251,9893,2779,9578,15765,15506,14828,,
