label,phase,cycle,sample_idx,timestamp,adc_tgs822,adc_mq135,adc_mq9,adc_tgs2611,adc_tgs2620,adc_tgs2600,adc_tgs2602,adc_mq8,adc_tgs813,adc_tgs816,label_code,sample,sample_code,source_file
medium,collecting,1,1,2228,10519,2950,2939,9140,10099,2948,6945,14496,10780,12901,M,Arabika Ratawali Aceh,M-RAT,F:\MBKM ADB ENOSE\smart-coffee-v2\scripts\..\data\medium_20260813_160059.csv
medium,collecting,1,2,3227,12168,2949,2941,9142,10235,2947,7112,14697,11151,13380,M,Arabika Ratawali Aceh,M-RAT,F:\MBKM ADB ENOSE\smart-coffee-v2\scripts\..\data\medium_20260813_160059.csv
medium,collecting,1,3,4228,13789,2953,2938,9144,10456,2946,7277,15137,11897,13761,M,Arabika Ratawali Aceh,M-RAT,F:\MBKM ADB ENOSE\smart-coffee-v2\scripts\..\data\medium_20260813_160059.csv
medium,collecting,1,4,5227,14927,2955,2941,9147,10662,2948,7391,15615,12705,14116,M,Arabika Ratawali Aceh,M-RAT,F:\MBKM ADB ENOSE\smart-coffee-v2\scripts\..\data\medium_20260813_160059.csv
medium,collecting,1,5,6227,15809,2955,2942,9149,10854,2945,7492,16086,13469,14452,M,Arabika Ratawali Aceh,M-RAT,F:\MBKM ADB ENOSE\smart-coffee-v2\scripts\..\data\medium_20260813_160059.csv
medium,collecting,1,6,7227,16446,2960,2940,9151,11018,2946,7560,16509,14117,14730,M,Arabika Ratawali Aceh,M-RAT,F:\MBKM ADB ENOSE\smart-coffee-v2\scripts\..\data\medium_20260813_160059.csv
medium,collecting,1,7,8227,16926,2960,2938,9153,11159,2945,7614,16872,14641,14973,M,Arabika Ratawali Aceh,M-RAT,F:\MBKM ADB ENOSE\smart-coffee-v2\scripts\..\data\medium_20260813_160059.csv
medium,collecting,1,8,9227,17273,2960,2942,9155,11273,2945,7639,17184,15050,15126,M,Arabika Ratawali Aceh,M-RAT,F:\MBKM ADB ENOSE\smart-coffee-v2\scripts\..\data\medium_20260813_160059.csv
medium,collecting,1,9,10227,17445,2960,2939,9157,11334,2945,7604,17389,15297,15178,M,Arabika Ratawali Aceh,M-RAT,F:\MBKM ADB ENOSE\smart-coffee-v2\scripts\..\data\medium_20260813_160059.csv
medium,collecting,1,10,11228,17509,2960,2939,9157,11354,2946,7548,17500,15404,15192,M,Arabika Ratawali Aceh,M-RAT,F:\MBKM ADB ENOSE\smart-coffee-v2\scripts\..\data\medium_20260813_160059.csv
medium,collecting,1,11,12227,17512,2958,2938,9158,11350,2949,7491,17545,15424,15169,M,Arabika Ratawali Aceh,M-RAT,F:\MBKM ADB ENOSE\smart-coffee-v2\scripts\..\data\medium_20260813_160059.csv
medium,collecting,1,12,13228,17469,2960,2939,9158,11326,2946,7436,17542,15385,15124,M,Arabika Ratawali Aceh,M-RAT,F:\MBKM ADB ENOSE\smart-coffee-v2\scripts\..\data\medium_20260813_160059.csv
medium,collecting,1,13,14227,17396,2958,2941,9158,11290,2947,7385,17516,15307,15068,M,Arabika Ratawali Aceh,M-RAT,F:\MBKM ADB ENOSE\smart-coffee-v2\scripts\..\data\medium_20260813_160059.csv
medium,collecting,1,14,15227,17300,2960,2941,9158,11247,2949,7341,17470,15203,15008,M,Arabika Ratawali Aceh,M-RAT,F:\MBKM ADB ENOSE\smart-coffee-v2\scripts\..\data\medium_20260813_160059.csv
medium,collecting,1,15,16227,17189,2958,2942,9158,11200,2943,7304,17412,15088,14947,M,Arabika Ratawali Aceh,M-RAT,F:\MBKM ADB ENOSE\smart-coffee-v2\scripts\..\data\medium_20260813_160059.csv
medium,collecting,1,16,17227,17066,2958,2939,9158,11152,2945,7271,17349,14970,14886,M,Arabika Ratawali Aceh,M-RAT,F:\MBKM ADB ENOSE\smart-coffee-v2\scripts\..\data\medium_20260813_160059.csv
medium,collecting,1,17,18228,16937,2957,2939,9159,11106,2942,7243,17285,14849,14828,M,Arabika Ratawali Aceh,M-RAT,F:\MBKM ADB ENOSE\smart-coffee-v2\scripts\..\data\medium_20260813_160059.csv
medium,collecting,1,18,19227,16808,2960,2939,9159,11063,2948,7220,17225,14733,14778,M,Arabika Ratawali Aceh,M-RAT,F:\MBKM ADB ENOSE\smart-coffee-v2\scripts\..\data\medium_20260813_160059.csv
medium,collecting,1,19,20228,16682,2957,2942,9159,11023,2945,7204,17173,14626,14735,M,Arabika Ratawali Aceh,M-RAT,F:\MBKM ADB ENOSE\smart-coffee-v2\scripts\..\data\medium_20260813_160059.csv
medium,collecting,1,20,21227,16563,2957,2942,9160,10989,2942,7193,17127,14528,14699,M,Arabika Ratawali Aceh,M-RAT,F:\MBKM ADB ENOSE\smart-coffee-v2\scripts\..\data\medium_20260813_160059.csv
medium,collecting,1,21,22227,16451,2960,2941,9161,10960,2943,7184,17087,14442,14667,M,Arabika Ratawali Aceh,M-RAT,F:\MBKM ADB ENOSE\smart-coffee-v2\scripts\..\data\medium_20260813_160059.csv
medium,collecting,1,22,23227,16348,2960,2938,9162,10934,2946,7178,17052,14366,14639,M,Arabika Ratawali Aceh,M-RAT,F:\MBKM ADB ENOSE\smart-coffee-v2\scripts\..\data\medium_20260813_160059.csv
medium,collecting,1,23,24227,16252,2957,2941,9163,10912,2944,7173,17022,14300,14616,M,Arabika Ratawali Aceh,M-RAT,F:\MBKM ADB ENOSE\smart-coffee-v2\scripts\..\data\medium_20260813_160059.csv
medium,collecting,1,24,25227,16166,2955,2941,9164,10895,2946,7171,16997,14243,14597,M,Arabika Ratawali Aceh,M-RAT,F:\MBKM ADB ENOSE\smart-coffee-v2\scripts\..\data\medium_20260813_160059.csv
medium,collecting,1,25,26227,16090,2958,2938,9166,10879,2941,7169,16975,14193,14578,M,Arabika Ratawali Aceh,M-RAT,F:\MBKM ADB ENOSE\smart-coffee-v2\scripts\..\data\medium_20260813_160059.csv
medium,collecting,1,26,27228,16021,2956,2942,9167,10865,2947,7166,16956,14148,14561,M,Arabika Ratawali Aceh,M-RAT,F:\MBKM ADB ENOSE\smart-coffee-v2\scripts\..\data\medium_20260813_160059.csv
medium,collecting,1,27,28227,15959,2957,2942,9168,10852,2945,7163,16940,14107,14546,M,Arabika Ratawali Aceh,M-RAT,F:\MBKM ADB ENOSE\smart-coffee-v2\scripts\..\data\medium_20260813_160059.csv
medium,collecting,1,28,29228,15906,2954,2939,9169,10841,2945,7161,16927,14071,14534,M,Arabika Ratawali Aceh,M-RAT,F:\MBKM ADB ENOSE\smart-coffee-v2\scripts\..\data\medium_20260813_160059.csv
medium,collecting,1,29,30227,15861,2954,2939,9170,10831,2945,7160,16913,14038,14522,M,Arabika Ratawali Aceh,M-RAT,F:\MBKM ADB ENOSE\smart-coffee-v2\scripts\..\data\medium_20260813_160059.csv
medium,collecting,1,30,31227,15820,2959,2941,9171,10822,2946,7158,16902,14011,14513,M,Arabika Ratawali Aceh,M-RAT,F:\MBKM ADB ENOSE\smart-coffee-v2\scripts\..\data\medium_20260813_160059.csv
medium,collecting,1,31,32227,15786,2954,2938,9172,10815,2944,7157,16894,13986,14503,M,Arabika Ratawali Aceh,M-RAT,F:\MBKM ADB ENOSE\smart-coffee-v2\scripts\..\data\medium_20260813_160059.csv
medium,collecting,1,32,33227,15757,2954,2941,9173,10808,2945,7157,16886,13965,14496,M,Arabika Ratawali Aceh,M-RAT,F:\MBKM ADB ENOSE\smart-coffee-v2\scripts\..\data\medium_20260813_160059.csv
medium,collecting,1,33,34228,15731,2953,2939,9174,10804,2944,7157,16881,13947,14490,M,Arabika Ratawali Aceh,M-RAT,F:\MBKM ADB ENOSE\smart-coffee-v2\scripts\..\data\medium_20260813_160059.csv
medium,collecting,1,34,35227,15709,2958,2939,9175,10799,2944,7156,16875,13932,14484,M,Arabika Ratawali Aceh,M-RAT,F:\MBKM ADB ENOSE\smart-coffee-v2\scripts\..\data\medium_20260813_160059.csv
medium,collecting,1,35,36228,15690,2953,2939,9177,10795,2946,7155,16870,13917,14479,M,Arabika Ratawali Aceh,M-RAT,F:\MBKM ADB ENOSE\smart-coffee-v2\scripts\..\data\medium_20260813_160059.csv
medium,collecting,1,36,37227,15675,2958,2939,9177,10792,2943,7155,16867,13904,14474,M,Arabika Ratawali Aceh,M-RAT,F:\MBKM ADB ENOSE\smart-coffee-v2\scripts\..\data\medium_20260813_160059.csv
medium,collecting,1,37,38227,15659,2958,2941,9179,10790,2942,7155,16863,13893,14472,M,Arabika Ratawali Aceh,M-RAT,F:\MBKM ADB ENOSE\smart-coffee-v2\scripts\..\data\medium_20260813_160059.csv
medium,collecting,1,38,39227,15644,2953,2939,9181,10789,2942,7157,16860,13884,14468,M,Arabika Ratawali Aceh,M-RAT,F:\MBKM ADB ENOSE\smart-coffee-v2\scripts\..\data\medium_20260813_160059.csv
medium,collecting,1,39,40227,15630,2957,2938,9182,10788,2945,7158,16857,13875,14464,M,Arabika Ratawali Aceh,M-RAT,F:\MBKM ADB ENOSE\smart-coffee-v2\scripts\..\data\medium_20260813_160059.csv
medium,collecting,1,40,41227,15617,2958,2939,9183,10786,2943,7157,16857,13867,14461,M,Arabika Ratawali Aceh,M-RAT,F:\MBKM ADB ENOSE\smart-coffee-v2\scripts\..\data\medium_20260813_160059.csv
medium,collecting,1,41,42227,15605,2958,2938,9185,10783,2942,7156,16854,13857,14456,M,Arabika Ratawali Aceh,M-RAT,F:\MBKM ADB ENOSE\smart-coffee-v2\scripts\..\data\medium_20260813_160059.csv
medium,collecting,1,42,43228,15595,2954,2938,9186,10780,2943,7155,16850,13848,14452,M,Arabika Ratawali Aceh,M-RAT,F:\MBKM ADB ENOSE\smart-coffee-v2\scripts\..\data\medium_20260813_160059.csv
medium,collecting,1,43,44227,15584,2957,2942,9187,10777,2943,7154,16847,13839,14448,M,Arabika Ratawali Aceh,M-RAT,F:\MBKM ADB ENOSE\smart-coffee-v2\scripts\..\data\medium_20260813_160059.csv
medium,collecting,1,44,45228,15576,2954,2937,9188,10775,2940,7153,16845,13830,14445,M,Arabika Ratawali Aceh,M-RAT,F:\MBKM ADB ENOSE\smart-coffee-v2\scripts\..\data\medium_20260813_160059.csv
medium,collecting,1,45,46227,15569,2957,2938,9190,10773,2944,7153,16843,13823,14442,M,Arabika Ratawali Aceh,M-RAT,F:\MBKM ADB ENOSE\smart-coffee-v2\scripts\..\data\medium_20260813_160059.csv
medium,collecting,1,46,47227,15563,2953,2939,9191,10772,2941,7153,16844,13816,14440,M,Arabika Ratawali Aceh,M-RAT,F:\MBKM ADB ENOSE\smart-coffee-v2\scripts\..\data\medium_20260813_160059.csv
medium,collecting,1,47,48227,15555,2957,2942,9192,10770,2939,7153,16845,13810,14439,M,Arabika Ratawali Aceh,M-RAT,F:\MBKM ADB ENOSE\smart-coffee-v2\scripts\..\data\medium_20260813_160059.csv
medium,collecting,1,48,49227,15550,2957,2942,9193,10770,2941,7153,16843,13805,14437,M,Arabika Ratawali Aceh,M-RAT,F:\MBKM ADB ENOSE\smart-coffee-v2\scripts\..\data\medium_20260813_160059.csv
medium,collecting,1,49,50228,15543,2957,2939,9194,10769,2944,7153,16843,13800,14433,M,Arabika Ratawali Aceh,M-RAT,F:\MBKM ADB ENOSE\smart-coffee-v2\scripts\..\data\medium_20260813_160059.csv
medium,collecting,1,50,51227,15534,2957,2939,9196,10767,2940,7152,16843,13794,14431,M,Arabika Ratawali Aceh,M-RAT,F:\MBKM ADB ENOSE\smart-coffee-v2\scripts\..\data\medium_20260813_160059.csv
medium,collecting,1,51,52228,15526,2957,2942,9197,10766,2943,7152,16843,13788,14430,M,Arabika Ratawali Aceh,M-RAT,F:\MBKM ADB ENOSE\smart-coffee-v2\scripts\..\data\medium_20260813_160059.csv
medium,collecting,1,52,53227,15519,2957,2937,9198,10765,2941,7153,16842,13783,14428,M,Arabika Ratawali Aceh,M-RAT,F:\MBKM ADB ENOSE\smart-coffee-v2\scripts\..\data\medium_20260813_160059.csv
medium,collecting,1,53,54227,15514,2957,2942,9199,10765,2941,7153,16842,13779,14426,M,Arabika Ratawali Aceh,M-RAT,F:\MBKM ADB ENOSE\smart-coffee-v2\scripts\..\data\medium_20260813_160059.csv
medium,collecting,1,54,55227,15510,2958,2938,9200,10765,2942,7152,16841,13775,14426,M,Arabika Ratawali Aceh,M-RAT,F:\MBKM ADB ENOSE\smart-coffee-v2\scripts\..\data\medium_20260813_160059.csv
medium,collecting,1,55,56227,15506,2958,2942,9201,10766,2941,7154,16841,13772,14424,M,Arabika Ratawali Aceh,M-RAT,F:\MBKM ADB ENOSE\smart-coffee-v2\scripts\..\data\medium_20260813_160059.csv
medium,collecting,1,56,57227,15500,2956,2937,9203,10766,2944,7153,16841,13769,14422,M,Arabika Ratawali Aceh,M-RAT,F:\MBKM ADB ENOSE\smart-coffee-v2\scripts\..\data\medium_20260813_160059.csv
medium,collecting,1,57,58227,15494,2957,2938,9204,10766,2939,7153,16838,13765,14420,M,Arabika Ratawali Aceh,M-RAT,F:\MBKM ADB ENOSE\smart-coffee-v2\scripts\..\data\medium_20260813_160059.csv
medium,collecting,1,58,59228,15488,2958,2939,9206,10765,2942,7152,16839,13761,14420,M,Arabika Ratawali Aceh,M-RAT,F:\MBKM ADB ENOSE\smart-coffee-v2\scripts\..\data\medium_20260813_160059.csv
medium,collecting,1,59,60227,15483,2957,2942,9207,10764,2942,7153,16841,13756,14419,M,Arabika Ratawali Aceh,M-RAT,F:\MBKM ADB ENOSE\smart-coffee-v2\scripts\..\data\medium_20260813_160059.csv
medium,collecting,1,60,61228,15477,2958,2938,9208,10763,2941,7154,16842,13752,14417,M,Arabika Ratawali Aceh,M-RAT,F:\MBKM ADB ENOSE\smart-coffee-v2\scripts\..\data\medium_20260813_160059.csv
medium,collecting,1,61,62227,15471,2958,2941,9209,10763,2938,7155,16841,13748,14416,M,Arabika Ratawali Aceh,M-RAT,F:\MBKM ADB ENOSE\smart-coffee-v2\scripts\..\data\medium_20260813_160059.csv
medium,collecting,1,62,63227,15467,2956,2941,9210,10762,2941,7155,16840,13744,14414,M,Arabika Ratawali Aceh,M-RAT,F:\MBKM ADB ENOSE\smart-coffee-v2\scripts\..\data\medium_20260813_160059.csv
medium,collecting,1,63,64227,15462,2954,2941,9211,10762,2941,7155,16841,13740,14412,M,Arabika Ratawali Aceh,M-RAT,F:\MBKM ADB ENOSE\smart-coffee-v2\scripts\..\data\medium_20260813_160059.csv
medium,collecting,1,64,65227,15454,2957,2942,9212,10761,2941,7153,16839,13735,14409,M,Arabika Ratawali Aceh,M-RAT,F:\MBKM ADB ENOSE\smart-coffee-v2\scripts\..\data\medium_20260813_160059.csv
medium,collecting,1,65,66228,15448,2953,2941,9213,10759,2941,7152,16839,13729,14406,M,Arabika Ratawali Aceh,M-RAT,F:\MBKM ADB ENOSE\smart-coffee-v2\scripts\..\data\medium_20260813_160059.csv
medium,collecting,1,66,67227,15441,2957,2941,9214,10757,2938,7152,16836,13723,14403,M,Arabika Ratawali Aceh,M-RAT,F:\MBKM ADB ENOSE\smart-coffee-v2\scripts\..\data\medium_20260813_160059.csv
medium,collecting,1,67,68228,15436,2955,2941,9215,10755,2940,7151,16837,13718,14401,M,Arabika Ratawali Aceh,M-RAT,F:\MBKM ADB ENOSE\smart-coffee-v2\scripts\..\data\medium_20260813_160059.csv
medium,collecting,1,68,69227,15434,2956,2940,9216,10754,2940,7150,16837,13714,14400,M,Arabika Ratawali Aceh,M-RAT,F:\MBKM ADB ENOSE\smart-coffee-v2\scripts\..\data\medium_20260813_160059.csv
medium,collecting,1,69,70227,15432,2957,2941,9218,10752,2938,7151,16837,13711,14397,M,Arabika Ratawali Aceh,M-RAT,F:\MBKM ADB ENOSE\smart-coffee-v2\scripts\..\data\medium_20260813_160059.csv
medium,collecting,1,70,71227,15429,2957,2941,9218,10751,2937,7151,16837,13707,14395,M,Arabika Ratawali Aceh,M-RAT,F:\MBKM ADB ENOSE\smart-coffee-v2\scripts\..\data\medium_20260813_160059.csv
medium,collecting,1,71,72227,15424,2957,2942,9219,10749,2937,7150,16836,13704,14393,M,Arabika Ratawali Aceh,M-RAT,F:\MBKM ADB ENOSE\smart-coffee-v2\scripts\..\data\medium_20260813_160059.csv
medium,collecting,1,72,73227,15421,2957,2942,9220,10748,2940,7149,16836,13701,14391,M,Arabika Ratawali Aceh,M-RAT,F:\MBKM ADB ENOSE\smart-coffee-v2\scripts\..\data\medium_20260813_160059.csv
medium,collecting,1,73,74227,15419,2957,2938,9222,10747,2941,7149,16837,13697,14390,M,Arabika Ratawali Aceh,M-RAT,F:\MBKM ADB ENOSE\smart-coffee-v2\scripts\..\data\medium_20260813_160059.csv
medium,collecting,1,74,75228,15418,2955,2940,9222,10747,2936,7150,16838,13695,14389,M,Arabika Ratawali Aceh,M-RAT,F:\MBKM ADB ENOSE\smart-coffee-v2\scripts\..\data\medium_20260813_160059.csv
medium,collecting,1,75,76227,15416,2957,2937,9223,10746,2941,7150,16837,13692,14388,M,Arabika Ratawali Aceh,M-RAT,F:\MBKM ADB ENOSE\smart-coffee-v2\scripts\..\data\medium_20260813_160059.csv
medium,collecting,1,76,77228,15413,2955,2942,9224,10746,2939,7150,16836,13690,14386,M,Arabika Ratawali Aceh,M-RAT,F:\MBKM ADB ENOSE\smart-coffee-v2\scripts\..\data\medium_20260813_160059.csv
medium,collecting,1,77,78227,15408,2955,2941,9226,10746,2938,7149,16835,13687,14385,M,Arabika Ratawali Aceh,M-RAT,F:\MBKM ADB ENOSE\smart-coffee-v2\scripts\..\data\medium_20260813_160059.csv
medium,collecting,1,78,79227,15400,2957,2940,9227,10745,2937,7150,16835,13683,14384,M,Arabika Ratawali Aceh,M-RAT,F:\MBKM ADB ENOSE\smart-coffee-v2\scripts\..\data\medium_20260813_160059.csv
medium,collecting,1,79,80227,15392,2954,2941,9228,10745,2939,7151,16835,13681,14385,M,Arabika Ratawali Aceh,M-RAT,F:\MBKM ADB ENOSE\smart-coffee-v2\scripts\..\data\medium_20260813_160059.csv
medium,collecting,1,80,81227,15388,2957,2941,9229,10747,2937,7153,16836,13679,14386,M,Arabika Ratawali Aceh,M-RAT,F:\MBKM ADB ENOSE\smart-coffee-v2\scripts\..\data\medium_20260813_160059.csv
medium,collecting,1,81,82228,15384,2955,2940,9230,10749,2936,7155,16836,13678,14386,M,Arabika Ratawali Aceh,M-RAT,F:\MBKM ADB ENOSE\smart-coffee-v2\scripts\..\data\medium_20260813_160059.csv
medium,collecting,1,82,83227,15380,2957,2939,9232,10751,2940,7156,16837,13678,14387,M,Arabika Ratawali Aceh,M-RAT,F:\MBKM ADB ENOSE\smart-coffee-v2\scripts\..\data\medium_20260813_160059.csv
medium,collecting,1,83,84228,15375,2955,2940,9233,10752,2941,7157,16838,13677,14386,M,Arabika Ratawali Aceh,M-RAT,F:\MBKM ADB ENOSE\smart-coffee-v2\scripts\..\data\medium_20260813_160059.csv
medium,collecting,1,84,85227,15370,2955,2937,9234,10752,2939,7158,16836,13675,14384,M,Arabika Ratawali Aceh,M-RAT,F:\MBKM ADB ENOSE\smart-coffee-v2\scripts\..\data\medium_20260813_160059.csv
medium,collecting,1,85,86227,15366,2954,2936,9235,10752,2939,7159,16837,13673,14383,M,Arabika Ratawali Aceh,M-RAT,F:\MBKM ADB ENOSE\smart-coffee-v2\scripts\..\data\medium_20260813_160059.csv
medium,collecting,1,86,87227,15361,2957,2940,9236,10752,2939,7160,16836,13671,14382,M,Arabika Ratawali Aceh,M-RAT,F:\MBKM ADB ENOSE\smart-coffee-v2\scripts\..\data\medium_20260813_160059.csv
medium,collecting,1,87,88227,15359,2955,2940,9238,10752,2939,7160,16836,13668,14382,M,Arabika Ratawali Aceh,M-RAT,F:\MBKM ADB ENOSE\smart-coffee-v2\scripts\..\data\medium_20260813_160059.csv
medium,collecting,1,88,89227,15357,2957,2938,9238,10753,2936,7160,16837,13667,14383,M,Arabika Ratawali Aceh,M-RAT,F:\MBKM ADB ENOSE\smart-coffee-v2\scripts\..\data\medium_20260813_160059.csv
medium,collecting,1,89,90227,15353,2954,2941,9240,10754,2941,7161,16838,13666,14386,M,Arabika Ratawali Aceh,M-RAT,F:\MBKM ADB ENOSE\smart-coffee-v2\scripts\..\data\medium_20260813_160059.csv
medium,collecting,1,90,91228,15349,2954,2941,9241,10758,2936,7164,16840,13669,14390,M,Arabika Ratawali Aceh,M-RAT,F:\MBKM ADB ENOSE\smart-coffee-v2\scripts\..\data\medium_20260813_160059.csv
medium,collecting,1,91,92227,15346,2954,2940,9242,10762,2935,7168,16842,13672,14392,M,Arabika Ratawali Aceh,M-RAT,F:\MBKM ADB ENOSE\smart-coffee-v2\scripts\..\data\medium_20260813_160059.csv
medium,collecting,1,92,93228,15343,2955,2941,9244,10765,2936,7171,16842,13675,14392,M,Arabika Ratawali Aceh,M-RAT,F:\MBKM ADB ENOSE\smart-coffee-v2\scripts\..\data\medium_20260813_160059.csv
medium,collecting,1,93,94227,15339,2954,2940,9245,10767,2936,7172,16842,13676,14392,M,Arabika Ratawali Aceh,M-RAT,F:\MBKM ADB ENOSE\smart-coffee-v2\scripts\..\data\medium_20260813_160059.csv
medium,collecting,1,94,95227,15334,2954,2940,9246,10767,2939,7173,16842,13674,14392,M,Arabika Ratawali Aceh,M-RAT,F:\MBKM ADB ENOSE\smart-coffee-v2\scripts\..\data\medium_20260813_160059.csv
medium,collecting,1,95,96227,15330,2953,2941,9247,10768,2940,7173,16841,13673,14392,M,Arabika Ratawali Aceh,M-RAT,F:\MBKM ADB ENOSE\smart-coffee-v2\scripts\..\data\medium_20260813_160059.csv
medium,collecting,1,96,97227,15327,2957,2940,9248,10768,2934,7174,16841,13671,14392,M,Arabika Ratawali Aceh,M-RAT,F:\MBKM ADB ENOSE\smart-coffee-v2\scripts\..\data\medium_20260813_160059.csv
medium,collecting,1,97,98228,15323,2956,2937,9249,10768,2937,7174,16842,13671,14391,M,Arabika Ratawali Aceh,M-RAT,F:\MBKM ADB ENOSE\smart-coffee-v2\scripts\..\data\medium_20260813_160059.csv
medium,collecting,1,98,99227,15319,2951,2937,9250,10768,2939,7174,16843,13668,14390,M,Arabika Ratawali Aceh,M-RAT,F:\MBKM ADB ENOSE\smart-coffee-v2\scripts\..\data\medium_20260813_160059.csv
medium,collecting,1,99,100228,15314,2953,2937,9251,10767,2939,7173,16842,13664,14388,M,Arabika Ratawali Aceh,M-RAT,F:\MBKM ADB ENOSE\smart-coffee-v2\scripts\..\data\medium_20260813_160059.csv
medium,collecting,1,100,101227,15310,2951,2937,9253,10765,2939,7172,16841,13660,14385,M,Arabika Ratawali Aceh,M-RAT,F:\MBKM ADB ENOSE\smart-coffee-v2\scripts\..\data\medium_20260813_160059.csv
medium,collecting,1,101,102227,15304,2956,2940,9254,10763,2939,7171,16840,13655,14383,M,Arabika Ratawali Aceh,M-RAT,F:\MBKM ADB ENOSE\smart-coffee-v2\scripts\..\data\medium_20260813_160059.csv
medium,collecting,1,102,103227,15301,2955,2937,9255,10762,2939,7171,16840,13650,14382,M,Arabika Ratawali Aceh,M-RAT,F:\MBKM ADB ENOSE\smart-coffee-v2\scripts\..\data\medium_20260813_160059.csv
medium,collecting,1,103,104227,15296,2950,2937,9256,10761,2940,7169,16840,13646,14382,M,Arabika Ratawali Aceh,M-RAT,F:\MBKM ADB ENOSE\smart-coffee-v2\scripts\..\data\medium_20260813_160059.csv
medium,collecting,1,104,105227,15294,2953,2937,9256,10761,2938,7170,16842,13642,14382,M,Arabika Ratawali Aceh,M-RAT,F:\MBKM ADB ENOSE\smart-coffee-v2\scripts\..\data\medium_20260813_160059.csv
medium,collecting,1,105,106227,15292,2955,2937,9257,10761,2939,7171,16840,13641,14382,M,Arabika Ratawali Aceh,M-RAT,F:\MBKM ADB ENOSE\smart-coffee-v2\scripts\..\data\medium_20260813_160059.csv
medium,collecting,1,106,107228,15291,2953,2937,9258,10762,2938,7173,16841,13639,14382,M,Arabika Ratawali Aceh,M-RAT,F:\MBKM ADB ENOSE\smart-coffee-v2\scripts\..\data\medium_20260813_160059.csv
medium,collecting,1,107,108227,15290,2950,2935,9259,10763,2938,7173,16841,13639,14382,M,Arabika Ratawali Aceh,M-RAT,F:\MBKM ADB ENOSE\smart-coffee-v2\scripts\..\data\medium_20260813_160059.csv
medium,collecting,1,108,109228,15286,2952,2937,9260,10763,2938,7173,16841,13638,14382,M,Arabika Ratawali Aceh,M-RAT,F:\MBKM ADB ENOSE\smart-coffee-v2\scripts\..\data\medium_20260813_160059.csv
medium,collecting,1,109,110227,15283,2950,2939,9261,10763,2939,7174,16844,13637,14383,M,Arabika Ratawali Aceh,M-RAT,F:\MBKM ADB ENOSE\smart-coffee-v2\scripts\..\data\medium_20260813_160059.csv
medium,collecting,1,110,111227,15278,2955,2937,9262,10763,2939,7174,16843,13635,14381,M,Arabika Ratawali Aceh,M-RAT,F:\MBKM ADB ENOSE\smart-coffee-v2\scripts\..\data\medium_20260813_160059.csv
medium,collecting,1,111,112227,15272,2954,2934,9263,10763,2938,7174,16844,13632,14381,M,Arabika Ratawali Aceh,M-RAT,F:\MBKM ADB ENOSE\smart-coffee-v2\scripts\..\data\medium_20260813_160059.csv
medium,collecting,1,112,113227,15267,2950,2935,9265,10763,2939,7174,16842,13630,14379,M,Arabika Ratawali Aceh,M-RAT,F:\MBKM ADB ENOSE\smart-coffee-v2\scripts\..\data\medium_20260813_160059.csv
medium,collecting,1,113,114228,15262,2954,2934,9266,10762,2936,7174,16840,13626,14376,M,Arabika Ratawali Aceh,M-RAT,F:\MBKM ADB ENOSE\smart-coffee-v2\scripts\..\data\medium_20260813_160059.csv
medium,collecting,1,114,115227,15258,2953,2934,9267,10761,2938,7174,16837,13622,14373,M,Arabika Ratawali Aceh,M-RAT,F:\MBKM ADB ENOSE\smart-coffee-v2\scripts\..\data\medium_20260813_160059.csv
medium,collecting,1,115,116228,15252,2951,2934,9268,10760,2938,7174,16836,13619,14372,M,Arabika Ratawali Aceh,M-RAT,F:\MBKM ADB ENOSE\smart-coffee-v2\scripts\..\data\medium_20260813_160059.csv
medium,collecting,1,116,117227,15248,2955,2934,9269,10760,2938,7175,16836,13615,14372,M,Arabika Ratawali Aceh,M-RAT,F:\MBKM ADB ENOSE\smart-coffee-v2\scripts\..\data\medium_20260813_160059.csv
medium,collecting,1,117,118227,15242,2952,2938,9270,10759,2938,7175,16834,13612,14369,M,Arabika Ratawali Aceh,M-RAT,F:\MBKM ADB ENOSE\smart-coffee-v2\scripts\..\data\medium_20260813_160059.csv
medium,collecting,1,118,119227,15235,2952,2934,9271,10758,2937,7174,16833,13608,14366,M,Arabika Ratawali Aceh,M-RAT,F:\MBKM ADB ENOSE\smart-coffee-v2\scripts\..\data\medium_20260813_160059.csv
medium,collecting,1,119,120227,15226,2952,2935,9272,10756,2935,7172,16832,13602,14362,M,Arabika Ratawali Aceh,M-RAT,F:\MBKM ADB ENOSE\smart-coffee-v2\scripts\..\data\medium_20260813_160059.csv
medium,collecting,1,120,121227,15216,2954,2935,9273,10754,2936,7172,16829,13596,14359,M,Arabika Ratawali Aceh,M-RAT,F:\MBKM ADB ENOSE\smart-coffee-v2\scripts\..\data\medium_20260813_160059.csv
medium,collecting,1,121,122227,15207,2951,2934,9274,10752,2938,7171,16824,13589,14355,M,Arabika Ratawali Aceh,M-RAT,F:\MBKM ADB ENOSE\smart-coffee-v2\scripts\..\data\medium_20260813_160059.csv
medium,collecting,1,122,123228,15195,2951,2934,9275,10750,2935,7170,16823,13581,14351,M,Arabika Ratawali Aceh,M-RAT,F:\MBKM ADB ENOSE\smart-coffee-v2\scripts\..\data\medium_20260813_160059.csv
medium,collecting,1,123,124227,15184,2951,2934,9275,10747,2937,7170,16820,13574,14347,M,Arabika Ratawali Aceh,M-RAT,F:\MBKM ADB ENOSE\smart-coffee-v2\scripts\..\data\medium_20260813_160059.csv
medium,collecting,1,124,125228,15174,2953,2934,9276,10746,2937,7169,16816,13565,14343,M,Arabika Ratawali Aceh,M-RAT,F:\MBKM ADB ENOSE\smart-coffee-v2\scripts\..\data\medium_20260813_160059.csv
medium,collecting,1,125,126227,15163,2951,2933,9278,10743,2938,7168,16813,13558,14341,M,Arabika Ratawali Aceh,M-RAT,F:\MBKM ADB ENOSE\smart-coffee-v2\scripts\..\data\medium_20260813_160059.csv
medium,collecting,1,126,127227,15155,2953,2938,9279,10742,2936,7168,16812,13551,14338,M,Arabika Ratawali Aceh,M-RAT,F:\MBKM ADB ENOSE\smart-coffee-v2\scripts\..\data\medium_20260813_160059.csv
medium,collecting,1,127,128227,15147,2953,2939,9279,10741,2937,7169,16809,13546,14336,M,Arabika Ratawali Aceh,M-RAT,F:\MBKM ADB ENOSE\smart-coffee-v2\scripts\..\data\medium_20260813_160059.csv
medium,collecting,1,128,129227,15139,2953,2938,9280,10739,2939,7170,16808,13540,14334,M,Arabika Ratawali Aceh,M-RAT,F:\MBKM ADB ENOSE\smart-coffee-v2\scripts\..\data\medium_20260813_160059.csv
medium,collecting,1,129,130228,15133,2949,2934,9281,10739,2936,7170,16806,13536,14333,M,Arabika Ratawali Aceh,M-RAT,F:\MBKM ADB ENOSE\smart-coffee-v2\scripts\..\data\medium_20260813_160059.csv
medium,collecting,1,130,131227,15128,2951,2935,9283,10739,2934,7172,16803,13534,14333,M,Arabika Ratawali Aceh,M-RAT,F:\MBKM ADB ENOSE\smart-coffee-v2\scripts\..\data\medium_20260813_160059.csv
medium,collecting,1,131,132228,15124,2951,2939,9283,10740,2938,7173,16803,13533,14332,M,Arabika Ratawali Aceh,M-RAT,F:\MBKM ADB ENOSE\smart-coffee-v2\scripts\..\data\medium_20260813_160059.csv
medium,collecting,1,132,133227,15122,2951,2934,9285,10741,2938,7175,16802,13531,14332,M,Arabika Ratawali Aceh,M-RAT,F:\MBKM ADB ENOSE\smart-coffee-v2\scripts\..\data\medium_20260813_160059.csv
medium,collecting,1,133,134227,15120,2951,2937,9286,10742,2936,7176,16802,13529,14331,M,Arabika Ratawali Aceh,M-RAT,F:\MBKM ADB ENOSE\smart-coffee-v2\scripts\..\data\medium_20260813_160059.csv
medium,collecting,1,134,135227,15117,2949,2934,9287,10742,2934,7177,16800,13527,14329,M,Arabika Ratawali Aceh,M-RAT,F:\MBKM ADB ENOSE\smart-coffee-v2\scripts\..\data\medium_20260813_160059.csv
medium,collecting,1,135,136227,15111,2951,2937,9288,10742,2935,7177,16800,13524,14327,M,Arabika Ratawali Aceh,M-RAT,F:\MBKM ADB ENOSE\smart-coffee-v2\scripts\..\data\medium_20260813_160059.csv
medium,collecting,1,136,137227,15107,2949,2937,9289,10741,2938,7178,16799,13521,14326,M,Arabika Ratawali Aceh,M-RAT,F:\MBKM ADB ENOSE\smart-coffee-v2\scripts\..\data\medium_20260813_160059.csv
medium,collecting,1,137,138227,15102,2952,2937,9290,10740,2935,7177,16797,13518,14323,M,Arabika Ratawali Aceh,M-RAT,F:\MBKM ADB ENOSE\smart-coffee-v2\scripts\..\data\medium_20260813_160059.csv
medium,collecting,1,138,139228,15098,2952,2934,9291,10740,2935,7177,16795,13515,14322,M,Arabika Ratawali Aceh,M-RAT,F:\MBKM ADB ENOSE\smart-coffee-v2\scripts\..\data\medium_20260813_160059.csv
medium,collecting,1,139,140227,15096,2951,2937,9291,10741,2933,7178,16794,13512,14321,M,Arabika Ratawali Aceh,M-RAT,F:\MBKM ADB ENOSE\smart-coffee-v2\scripts\..\data\medium_20260813_160059.csv
medium,collecting,1,140,141228,15093,2951,2935,9292,10741,2937,7179,16794,13511,14322,M,Arabika Ratawali Aceh,M-RAT,F:\MBKM ADB ENOSE\smart-coffee-v2\scripts\..\data\medium_20260813_160059.csv
medium,collecting,1,141,142227,15091,2947,2938,9293,10742,2935,7179,16792,13509,14322,M,Arabika Ratawali Aceh,M-RAT,F:\MBKM ADB ENOSE\smart-coffee-v2\scripts\..\data\medium_20260813_160059.csv
medium,collecting,1,142,143227,15088,2949,2936,9294,10744,2934,7181,16792,13509,14324,M,Arabika Ratawali Aceh,M-RAT,F:\MBKM ADB ENOSE\smart-coffee-v2\scripts\..\data\medium_20260813_160059.csv
medium,collecting,1,143,144227,15085,2948,2937,9295,10745,2937,7182,16793,13509,14324,M,Arabika Ratawali Aceh,M-RAT,F:\MBKM ADB ENOSE\smart-coffee-v2\scripts\..\data\medium_20260813_160059.csv
medium,collecting,1,144,145227,15081,2951,2937,9297,10745,2935,7183,16793,13508,14322,M,Arabika Ratawali Aceh,M-RAT,F:\MBKM ADB ENOSE\smart-coffee-v2\scripts\..\data\medium_20260813_160059.csv
medium,collecting,1,145,146228,15074,2953,2938,9297,10746,2934,7183,16790,13507,14322,M,Arabika Ratawali Aceh,M-RAT,F:\MBKM ADB ENOSE\smart-coffee-v2\scripts\..\data\medium_20260813_160059.csv
medium,collecting,1,146,147227,15069,2952,2934,9298,10745,2936,7184,16791,13504,14321,M,Arabika Ratawali Aceh,M-RAT,F:\MBKM ADB ENOSE\smart-coffee-v2\scripts\..\data\medium_20260813_160059.csv
medium,collecting,1,147,148228,15063,2952,2935,9300,10745,2936,7184,16789,13501,14319,M,Arabika Ratawali Aceh,M-RAT,F:\MBKM ADB ENOSE\smart-coffee-v2\scripts\..\data\medium_20260813_160059.csv
medium,collecting,1,148,149227,15057,2947,2935,9300,10746,2934,7185,16789,13498,14318,M,Arabika Ratawali Aceh,M-RAT,F:\MBKM ADB ENOSE\smart-coffee-v2\scripts\..\data\medium_20260813_160059.csv
medium,collecting,1,149,150227,15052,2951,2937,9301,10746,2936,7185,16787,13495,14317,M,Arabika Ratawali Aceh,M-RAT,F:\MBKM ADB ENOSE\smart-coffee-v2\scripts\..\data\medium_20260813_160059.csv
medium,collecting,1,150,151227,15042,2948,2934,9302,10745,2934,7185,16785,13491,14315,M,Arabika Ratawali Aceh,M-RAT,F:\MBKM ADB ENOSE\smart-coffee-v2\scripts\..\data\medium_20260813_160059.csv
medium,collecting,1,151,152227,15032,2948,2936,9303,10745,2934,7185,16783,13487,14313,M,Arabika Ratawali Aceh,M-RAT,F:\MBKM ADB ENOSE\smart-coffee-v2\scripts\..\data\medium_20260813_160059.csv
medium,collecting,1,152,153227,15020,2949,2937,9304,10745,2938,7186,16781,13482,14310,M,Arabika Ratawali Aceh,M-RAT,F:\MBKM ADB ENOSE\smart-coffee-v2\scripts\..\data\medium_20260813_160059.csv
medium,collecting,1,153,154227,15010,2950,2933,9305,10744,2936,7186,16777,13476,14307,M,Arabika Ratawali Aceh,M-RAT,F:\MBKM ADB ENOSE\smart-coffee-v2\scripts\..\data\medium_20260813_160059.csv
medium,collecting,1,154,155228,14998,2951,2934,9307,10743,2936,7186,16773,13470,14303,M,Arabika Ratawali Aceh,M-RAT,F:\MBKM ADB ENOSE\smart-coffee-v2\scripts\..\data\medium_20260813_160059.csv
medium,collecting,1,155,156227,14986,2947,2932,9307,10741,2937,7185,16770,13463,14300,M,Arabika Ratawali Aceh,M-RAT,F:\MBKM ADB ENOSE\smart-coffee-v2\scripts\..\data\medium_20260813_160059.csv
medium,collecting,1,156,157228,14974,2948,2933,9308,10740,2936,7184,16767,13456,14296,M,Arabika Ratawali Aceh,M-RAT,F:\MBKM ADB ENOSE\smart-coffee-v2\scripts\..\data\medium_20260813_160059.csv
medium,collecting,1,157,158227,14964,2948,2931,9309,10738,2937,7184,16765,13450,14294,M,Arabika Ratawali Aceh,M-RAT,F:\MBKM ADB ENOSE\smart-coffee-v2\scripts\..\data\medium_20260813_160059.csv
medium,collecting,1,158,159227,14956,2950,2937,9310,10737,2934,7184,16761,13444,14292,M,Arabika Ratawali Aceh,M-RAT,F:\MBKM ADB ENOSE\smart-coffee-v2\scripts\..\data\medium_20260813_160059.csv
medium,collecting,1,159,160227,14948,2952,2933,9311,10737,2934,7185,16758,13439,14292,M,Arabika Ratawali Aceh,M-RAT,F:\MBKM ADB ENOSE\smart-coffee-v2\scripts\..\data\medium_20260813_160059.csv
medium,collecting,1,160,161227,14942,2948,2935,9312,10738,2935,7187,16757,13437,14292,M,Arabika Ratawali Aceh,M-RAT,F:\MBKM ADB ENOSE\smart-coffee-v2\scripts\..\data\medium_20260813_160059.csv
medium,collecting,1,161,162228,14937,2951,2934,9313,10740,2936,7189,16756,13436,14293,M,Arabika Ratawali Aceh,M-RAT,F:\MBKM ADB ENOSE\smart-coffee-v2\scripts\..\data\medium_20260813_160059.csv
medium,collecting,1,162,163227,14931,2946,2934,9314,10740,2935,7190,16755,13434,14291,M,Arabika Ratawali Aceh,M-RAT,F:\MBKM ADB ENOSE\smart-coffee-v2\scripts\..\data\medium_20260813_160059.csv
medium,collecting,1,163,164228,14927,2951,2934,9316,10741,2934,7192,16754,13433,14290,M,Arabika Ratawali Aceh,M-RAT,F:\MBKM ADB ENOSE\smart-coffee-v2\scripts\..\data\medium_20260813_160059.csv
medium,collecting,1,164,165227,14923,2952,2932,9316,10740,2936,7192,16753,13431,14289,M,Arabika Ratawali Aceh,M-RAT,F:\MBKM ADB ENOSE\smart-coffee-v2\scripts\..\data\medium_20260813_160059.csv
medium,collecting,1,165,166227,14919,2951,2932,9317,10740,2937,7193,16751,13428,14286,M,Arabika Ratawali Aceh,M-RAT,F:\MBKM ADB ENOSE\smart-coffee-v2\scripts\..\data\medium_20260813_160059.csv
medium,collecting,1,166,167227,14916,2951,2935,9317,10739,2937,7192,16749,13425,14285,M,Arabika Ratawali Aceh,M-RAT,F:\MBKM ADB ENOSE\smart-coffee-v2\scripts\..\data\medium_20260813_160059.csv
medium,collecting,1,167,168227,14915,2950,2935,9318,10738,2935,7192,16749,13422,14283,M,Arabika Ratawali Aceh,M-RAT,F:\MBKM ADB ENOSE\smart-coffee-v2\scripts\..\data\medium_20260813_160059.csv
medium,collecting,1,168,169227,14913,2951,2932,9319,10737,2934,7192,16746,13419,14280,M,Arabika Ratawali Aceh,M-RAT,F:\MBKM ADB ENOSE\smart-coffee-v2\scripts\..\data\medium_20260813_160059.csv
medium,collecting,1,169,170227,14910,2950,2931,9320,10736,2935,7191,16745,13415,14279,M,Arabika Ratawali Aceh,M-RAT,F:\MBKM ADB ENOSE\smart-coffee-v2\scripts\..\data\medium_20260813_160059.csv
medium,collecting,1,170,171228,14907,2951,2936,9320,10734,2934,7191,16744,13411,14277,M,Arabika Ratawali Aceh,M-RAT,F:\MBKM ADB ENOSE\smart-coffee-v2\scripts\..\data\medium_20260813_160059.csv
medium,collecting,1,171,172227,14906,2949,2935,9321,10733,2935,7190,16741,13407,14274,M,Arabika Ratawali Aceh,M-RAT,F:\MBKM ADB ENOSE\smart-coffee-v2\scripts\..\data\medium_20260813_160059.csv
medium,collecting,1,172,173228,14905,2949,2933,9322,10732,2937,7189,16739,13404,14273,M,Arabika Ratawali Aceh,M-RAT,F:\MBKM ADB ENOSE\smart-coffee-v2\scripts\..\data\medium_20260813_160059.csv
medium,collecting,1,173,174227,14905,2951,2930,9322,10731,2935,7189,16738,13401,14272,M,Arabika Ratawali Aceh,M-RAT,F:\MBKM ADB ENOSE\smart-coffee-v2\scripts\..\data\medium_20260813_160059.csv
medium,collecting,1,174,175227,14904,2946,2931,9323,10731,2933,7189,16737,13398,14271,M,Arabika Ratawali Aceh,M-RAT,F:\MBKM ADB ENOSE\smart-coffee-v2\scripts\..\data\medium_20260813_160059.csv
medium,collecting,1,175,176227,14902,2949,2932,9324,10729,2935,7188,16737,13396,14270,M,Arabika Ratawali Aceh,M-RAT,F:\MBKM ADB ENOSE\smart-coffee-v2\scripts\..\data\medium_20260813_160059.csv
medium,collecting,1,176,177227,14902,2949,2931,9325,10729,2933,7187,16738,13394,14268,M,Arabika Ratawali Aceh,M-RAT,F:\MBKM ADB ENOSE\smart-coffee-v2\scripts\..\data\medium_20260813_160059.csv
medium,collecting,1,177,178228,14902,2949,2931,9326,10728,2936,7187,16737,13392,14266,M,Arabika Ratawali Aceh,M-RAT,F:\MBKM ADB ENOSE\smart-coffee-v2\scripts\..\data\medium_20260813_160059.csv
medium,collecting,1,178,179227,14902,2949,2935,9327,10727,2932,7186,16735,13389,14265,M,Arabika Ratawali Aceh,M-RAT,F:\MBKM ADB ENOSE\smart-coffee-v2\scripts\..\data\medium_20260813_160059.csv
medium,collecting,1,179,180228,14901,2947,2930,9328,10725,2935,7185,16733,13387,14262,M,Arabika Ratawali Aceh,M-RAT,F:\MBKM ADB ENOSE\smart-coffee-v2\scripts\..\data\medium_20260813_160059.csv
medium,collecting,1,180,181227,14900,2949,2930,9328,10724,2935,7184,16731,13384,14260,M,Arabika Ratawali Aceh,M-RAT,F:\MBKM ADB ENOSE\smart-coffee-v2\scripts\..\data\medium_20260813_160059.csv
medium,purging,1,1,182231,14900,2946,2934,9329,10723,2935,7183,16731,13383,14259,M,Arabika Ratawali Aceh,M-RAT,F:\MBKM ADB ENOSE\smart-coffee-v2\scripts\..\data\medium_20260813_160059.csv
medium,purging,1,2,183227,14899,2946,2933,9331,10722,2935,7182,16731,13380,14257,M,Arabika Ratawali Aceh,M-RAT,F:\MBKM ADB ENOSE\smart-coffee-v2\scripts\..\data\medium_20260813_160059.csv
medium,purging,1,3,184227,14897,2949,2930,9331,10720,2932,7182,16732,13376,14255,M,Arabika Ratawali Aceh,M-RAT,F:\MBKM ADB ENOSE\smart-coffee-v2\scripts\..\data\medium_20260813_160059.csv
medium,purging,1,4,185227,14897,2946,2931,9332,10719,2935,7181,16731,13373,14253,M,Arabika Ratawali Aceh,M-RAT,F:\MBKM ADB ENOSE\smart-coffee-v2\scripts\..\data\medium_20260813_160059.csv
medium,purging,1,5,186227,14895,2947,2930,9333,10718,2932,7180,16729,13371,14253,M,Arabika Ratawali Aceh,M-RAT,F:\MBKM ADB ENOSE\smart-coffee-v2\scripts\..\data\medium_20260813_160059.csv
medium,purging,1,6,187228,14895,2949,2932,9334,10718,2934,7180,16730,13369,14253,M,Arabika Ratawali Aceh,M-RAT,F:\MBKM ADB ENOSE\smart-coffee-v2\scripts\..\data\medium_20260813_160059.csv
medium,purging,1,7,188227,14896,2948,2931,9334,10718,2933,7182,16730,13368,14254,M,Arabika Ratawali Aceh,M-RAT,F:\MBKM ADB ENOSE\smart-coffee-v2\scripts\..\data\medium_20260813_160059.csv
medium,purging,1,8,189228,14897,2947,2930,9335,10720,2934,7183,16730,13369,14257,M,Arabika Ratawali Aceh,M-RAT,F:\MBKM ADB ENOSE\smart-coffee-v2\scripts\..\data\medium_20260813_160059.csv
medium,purging,1,9,190227,14897,2949,2930,9337,10723,2932,7185,16730,13372,14257,M,Arabika Ratawali Aceh,M-RAT,F:\MBKM ADB ENOSE\smart-coffee-v2\scripts\..\data\medium_20260813_160059.csv
medium,purging,1,10,191227,14896,2949,2933,9338,10725,2935,7187,16731,13374,14256,M,Arabika Ratawali Aceh,M-RAT,F:\MBKM ADB ENOSE\smart-coffee-v2\scripts\..\data\medium_20260813_160059.csv
medium,purging,1,11,192227,14894,2946,2931,9338,10725,2936,7186,16729,13374,14255,M,Arabika Ratawali Aceh,M-RAT,F:\MBKM ADB ENOSE\smart-coffee-v2\scripts\..\data\medium_20260813_160059.csv
medium,purging,1,12,193227,14893,2947,2931,9340,10725,2936,7185,16731,13372,14254,M,Arabika Ratawali Aceh,M-RAT,F:\MBKM ADB ENOSE\smart-coffee-v2\scripts\..\data\medium_20260813_160059.csv
medium,purging,1,13,194228,14893,2946,2934,9340,10724,2937,7185,16731,13370,14251,M,Arabika Ratawali Aceh,M-RAT,F:\MBKM ADB ENOSE\smart-coffee-v2\scripts\..\data\medium_20260813_160059.csv
medium,purging,1,14,195227,14877,2946,2934,9341,10721,2935,7181,16730,13365,14236,M,Arabika Ratawali Aceh,M-RAT,F:\MBKM ADB ENOSE\smart-coffee-v2\scripts\..\data\medium_20260813_160059.csv
medium,purging,1,15,196228,14789,2946,2931,9342,10713,2936,7168,16711,13338,14201,M,Arabika Ratawali Aceh,M-RAT,F:\MBKM ADB ENOSE\smart-coffee-v2\scripts\..\data\medium_20260813_160059.csv
medium,purging,1,16,197227,14638,2943,2933,9343,10699,2933,7154,16671,13283,14152,M,Arabika Ratawali Aceh,M-RAT,F:\MBKM ADB ENOSE\smart-coffee-v2\scripts\..\data\medium_20260813_160059.csv
medium,purging,1,17,198227,14449,2944,2930,9344,10675,2934,7137,16616,13200,14092,M,Arabika Ratawali Aceh,M-RAT,F:\MBKM ADB ENOSE\smart-coffee-v2\scripts\..\data\medium_20260813_160059.csv
medium,purging,1,18,199227,14239,2944,2934,9345,10644,2937,7119,16554,13097,14032,M,Arabika Ratawali Aceh,M-RAT,F:\MBKM ADB ENOSE\smart-coffee-v2\scripts\..\data\medium_20260813_160059.csv
medium,purging,1,19,200227,14020,2943,2935,9346,10614,2935,7105,16491,12988,13979,M,Arabika Ratawali Aceh,M-RAT,F:\MBKM ADB ENOSE\smart-coffee-v2\scripts\..\data\medium_20260813_160059.csv
medium,purging,1,20,201227,13799,2943,2931,9347,10585,2931,7096,16432,12880,13927,M,Arabika Ratawali Aceh,M-RAT,F:\MBKM ADB ENOSE\smart-coffee-v2\scripts\..\data\medium_20260813_160059.csv
medium,purging,1,21,202227,13582,2944,2932,9348,10557,2936,7087,16375,12774,13881,M,Arabika Ratawali Aceh,M-RAT,F:\MBKM ADB ENOSE\smart-coffee-v2\scripts\..\data\medium_20260813_160059.csv
medium,purging,1,22,203228,13374,2945,2930,9349,10534,2934,7082,16324,12678,13842,M,Arabika Ratawali Aceh,M-RAT,F:\MBKM ADB ENOSE\smart-coffee-v2\scripts\..\data\medium_20260813_160059.csv
medium,purging,1,23,204227,13179,2942,2932,9350,10514,2931,7079,16278,12589,13803,M,Arabika Ratawali Aceh,M-RAT,F:\MBKM ADB ENOSE\smart-coffee-v2\scripts\..\data\medium_20260813_160059.csv
medium,purging,1,24,205228,12996,2945,2928,9351,10492,2934,7072,16233,12502,13762,M,Arabika Ratawali Aceh,M-RAT,F:\MBKM ADB ENOSE\smart-coffee-v2\scripts\..\data\medium_20260813_160059.csv
medium,purging,1,25,206227,12827,2945,2930,9352,10471,2930,7066,16191,12421,13730,M,Arabika Ratawali Aceh,M-RAT,F:\MBKM ADB ENOSE\smart-coffee-v2\scripts\..\data\medium_20260813_160059.csv
medium,purging,1,26,207227,12674,2942,2929,9353,10453,2934,7062,16152,12347,13694,M,Arabika Ratawali Aceh,M-RAT,F:\MBKM ADB ENOSE\smart-coffee-v2\scripts\..\data\medium_20260813_160059.csv
medium,purging,1,27,208227,12533,2941,2930,9354,10434,2934,7055,16115,12274,13657,M,Arabika Ratawali Aceh,M-RAT,F:\MBKM ADB ENOSE\smart-coffee-v2\scripts\..\data\medium_20260813_160059.csv
medium,purging,1,28,209227,12406,2940,2935,9354,10414,2933,7047,16078,12203,13625,M,Arabika Ratawali Aceh,M-RAT,F:\MBKM ADB ENOSE\smart-coffee-v2\scripts\..\data\medium_20260813_160059.csv
medium,purging,1,29,210228,12291,2940,2932,9355,10397,2936,7041,16045,12138,13597,M,Arabika Ratawali Aceh,M-RAT,F:\MBKM ADB ENOSE\smart-coffee-v2\scripts\..\data\medium_20260813_160059.csv
medium,purging,1,30,211227,12188,2942,2932,9356,10381,2931,7036,16014,12079,13569,M,Arabika Ratawali Aceh,M-RAT,F:\MBKM ADB ENOSE\smart-coffee-v2\scripts\..\data\medium_20260813_160059.csv
medium,purging,1,31,212228,12095,2938,2933,9357,10367,2934,7030,15985,12024,13543,M,Arabika Ratawali Aceh,M-RAT,F:\MBKM ADB ENOSE\smart-coffee-v2\scripts\..\data\medium_20260813_160059.csv
medium,purging,1,32,213227,12012,2939,2930,9358,10354,2934,7027,15958,11972,13523,M,Arabika Ratawali Aceh,M-RAT,F:\MBKM ADB ENOSE\smart-coffee-v2\scripts\..\data\medium_20260813_160059.csv
medium,purging,1,33,214227,11937,2937,2928,9359,10342,2930,7023,15933,11925,13499,M,Arabika Ratawali Aceh,M-RAT,F:\MBKM ADB ENOSE\smart-coffee-v2\scripts\..\data\medium_20260813_160059.csv
medium,purging,1,34,215227,11870,2939,2930,9359,10330,2931,7020,15909,11879,13476,M,Arabika Ratawali Aceh,M-RAT,F:\MBKM ADB ENOSE\smart-coffee-v2\scripts\..\data\medium_20260813_160059.csv
medium,purging,1,35,216227,11808,2942,2928,9360,10318,2934,7014,15883,11835,13454,M,Arabika Ratawali Aceh,M-RAT,F:\MBKM ADB ENOSE\smart-coffee-v2\scripts\..\data\medium_20260813_160059.csv
medium,purging,1,36,217227,11753,2939,2928,9360,10309,2934,7012,15861,11795,13438,M,Arabika Ratawali Aceh,M-RAT,F:\MBKM ADB ENOSE\smart-coffee-v2\scripts\..\data\medium_20260813_160059.csv
medium,purging,1,37,218227,11704,2938,2935,9361,10302,2933,7011,15840,11760,13422,M,Arabika Ratawali Aceh,M-RAT,F:\MBKM ADB ENOSE\smart-coffee-v2\scripts\..\data\medium_20260813_160059.csv
medium,purging,1,38,219228,11658,2937,2928,9361,10295,2934,7010,15821,11727,13408,M,Arabika Ratawali Aceh,M-RAT,F:\MBKM ADB ENOSE\smart-coffee-v2\scripts\..\data\medium_20260813_160059.csv
medium,purging,1,39,220227,11616,2935,2930,9362,10290,2930,7011,15803,11696,13394,M,Arabika Ratawali Aceh,M-RAT,F:\MBKM ADB ENOSE\smart-coffee-v2\scripts\..\data\medium_20260813_160059.csv
medium,purging,1,40,221228,11577,2938,2929,9363,10283,2931,7010,15784,11664,13378,M,Arabika Ratawali Aceh,M-RAT,F:\MBKM ADB ENOSE\smart-coffee-v2\scripts\..\data\medium_20260813_160059.csv
medium,purging,1,41,222227,11539,2938,2929,9364,10276,2930,7009,15766,11633,13367,M,Arabika Ratawali Aceh,M-RAT,F:\MBKM ADB ENOSE\smart-coffee-v2\scripts\..\data\medium_20260813_160059.csv
medium,purging,1,42,223227,11504,2939,2930,9365,10274,2934,7012,15752,11606,13363,M,Arabika Ratawali Aceh,M-RAT,F:\MBKM ADB ENOSE\smart-coffee-v2\scripts\..\data\medium_20260813_160059.csv
medium,purging,1,43,224227,11471,2935,2931,9366,10273,2934,7017,15739,11584,13350,M,Arabika Ratawali Aceh,M-RAT,F:\MBKM ADB ENOSE\smart-coffee-v2\scripts\..\data\medium_20260813_160059.csv
medium,purging,1,44,225227,11440,2937,2929,9367,10269,2933,7017,15723,11558,13334,M,Arabika Ratawali Aceh,M-RAT,F:\MBKM ADB ENOSE\smart-coffee-v2\scripts\..\data\medium_20260813_160059.csv
medium,purging,1,45,226228,11412,2934,2925,9368,10263,2934,7015,15704,11531,13320,M,Arabika Ratawali Aceh,M-RAT,F:\MBKM ADB ENOSE\smart-coffee-v2\scripts\..\data\medium_20260813_160059.csv
medium,purging,1,46,227227,11386,2936,2930,9368,10260,2930,7015,15688,11508,13315,M,Arabika Ratawali Aceh,M-RAT,F:\MBKM ADB ENOSE\smart-coffee-v2\scripts\..\data\medium_20260813_160059.csv
medium,purging,1,47,228228,11362,2938,2929,9370,10260,2933,7018,15675,11492,13304,M,Arabika Ratawali Aceh,M-RAT,F:\MBKM ADB ENOSE\smart-coffee-v2\scripts\..\data\medium_20260813_160059.csv
medium,purging,1,48,229227,11340,2937,2929,9371,10257,2933,7018,15660,11473,13294,M,Arabika Ratawali Aceh,M-RAT,F:\MBKM ADB ENOSE\smart-coffee-v2\scripts\..\data\medium_20260813_160059.csv
medium,purging,1,49,230227,11319,2935,2929,9372,10253,2934,7016,15646,11452,13278,M,Arabika Ratawali Aceh,M-RAT,F:\MBKM ADB ENOSE\smart-coffee-v2\scripts\..\data\medium_20260813_160059.csv
medium,purging,1,50,231227,11301,2938,2929,9372,10246,2934,7011,15629,11430,13265,M,Arabika Ratawali Aceh,M-RAT,F:\MBKM ADB ENOSE\smart-coffee-v2\scripts\..\data\medium_20260813_160059.csv
medium,purging,1,51,232227,11283,2939,2930,9373,10241,2934,7008,15614,11408,13253,M,Arabika Ratawali Aceh,M-RAT,F:\MBKM ADB ENOSE\smart-coffee-v2\scripts\..\data\medium_20260813_160059.csv
medium,purging,1,52,233227,11266,2939,2926,9374,10234,2934,7004,15599,11386,13239,M,Arabika Ratawali Aceh,M-RAT,F:\MBKM ADB ENOSE\smart-coffee-v2\scripts\..\data\medium_20260813_160059.csv
medium,purging,1,53,234227,11250,2939,2930,9375,10226,2933,6999,15584,11364,13226,M,Arabika Ratawali Aceh,M-RAT,F:\MBKM ADB ENOSE\smart-coffee-v2\scripts\..\data\medium_20260813_160059.csv
medium,purging,1,54,235228,11234,2936,2928,9375,10221,2932,6996,15570,11343,13217,M,Arabika Ratawali Aceh,M-RAT,F:\MBKM ADB ENOSE\smart-coffee-v2\scripts\..\data\medium_20260813_160059.csv
medium,purging,1,55,236227,11219,2934,2929,9376,10216,2934,6993,15558,11325,13205,M,Arabika Ratawali Aceh,M-RAT,F:\MBKM ADB ENOSE\smart-coffee-v2\scripts\..\data\medium_20260813_160059.csv
medium,purging,1,56,237228,11204,2935,2926,9377,10209,2933,6989,15544,11304,13196,M,Arabika Ratawali Aceh,M-RAT,F:\MBKM ADB ENOSE\smart-coffee-v2\scripts\..\data\medium_20260813_160059.csv
medium,purging,1,57,238227,11191,2937,2928,9377,10207,2934,6990,15533,11289,13190,M,Arabika Ratawali Aceh,M-RAT,F:\MBKM ADB ENOSE\smart-coffee-v2\scripts\..\data\medium_20260813_160059.csv
medium,purging,1,58,239227,11178,2938,2931,9378,10204,2933,6989,15522,11275,13179,M,Arabika Ratawali Aceh,M-RAT,F:\MBKM ADB ENOSE\smart-coffee-v2\scripts\..\data\medium_20260813_160059.csv
medium,purging,1,59,240227,11166,2934,2929,9379,10197,2929,6986,15509,11256,13168,M,Arabika Ratawali Aceh,M-RAT,F:\MBKM ADB ENOSE\smart-coffee-v2\scripts\..\data\medium_20260813_160059.csv
medium,purging,1,60,241227,11154,2933,2929,9379,10193,2933,6985,15497,11239,13165,M,Arabika Ratawali Aceh,M-RAT,F:\MBKM ADB ENOSE\smart-coffee-v2\scripts\..\data\medium_20260813_160059.csv
medium,collecting,2,1,242232,11142,2938,2930,9380,10189,2931,6986,15489,11224,13158,M,Arabika Ratawali Aceh,M-RAT,F:\MBKM ADB ENOSE\smart-coffee-v2\scripts\..\data\medium_20260813_160059.csv
medium,collecting,2,2,243227,11130,2937,2929,9381,10186,2933,6986,15479,11207,13150,M,Arabika Ratawali Aceh,M-RAT,F:\MBKM ADB ENOSE\smart-coffee-v2\scripts\..\data\medium_20260813_160059.csv
medium,collecting,2,3,244228,11120,2937,2929,9381,10182,2933,6986,15470,11192,13149,M,Arabika Ratawali Aceh,M-RAT,F:\MBKM ADB ENOSE\smart-coffee-v2\scripts\..\data\medium_20260813_160059.csv
medium,collecting,2,4,245227,11156,2936,2928,9381,10185,2933,6994,15466,11185,13176,M,Arabika Ratawali Aceh,M-RAT,F:\MBKM ADB ENOSE\smart-coffee-v2\scripts\..\data\medium_20260813_160059.csv
medium,collecting,2,5,246227,11448,2936,2927,9382,10210,2933,7027,15493,11237,13269,M,Arabika Ratawali Aceh,M-RAT,F:\MBKM ADB ENOSE\smart-coffee-v2\scripts\..\data\medium_20260813_160059.csv
medium,collecting,2,6,247227,12140,2936,2928,9383,10272,2932,7092,15597,11416,13455,M,Arabika Ratawali Aceh,M-RAT,F:\MBKM ADB ENOSE\smart-coffee-v2\scripts\..\data\medium_20260813_160059.csv
medium,collecting,2,7,248227,13105,2940,2924,9383,10380,2934,7179,15796,11763,13692,M,Arabika Ratawali Aceh,M-RAT,F:\MBKM ADB ENOSE\smart-coffee-v2\scripts\..\data\medium_20260813_160059.csv
medium,collecting,2,8,249227,14003,2943,2928,9384,10506,2934,7259,16051,12192,13922,M,Arabika Ratawali Aceh,M-RAT,F:\MBKM ADB ENOSE\smart-coffee-v2\scripts\..\data\medium_20260813_160059.csv
medium,collecting,2,9,250227,14834,2943,2928,9385,10642,2934,7341,16317,12668,14204,M,Arabika Ratawali Aceh,M-RAT,F:\MBKM ADB ENOSE\smart-coffee-v2\scripts\..\data\medium_20260813_160059.csv
medium,collecting,2,10,251228,15505,2945,2925,9386,10779,2935,7412,16614,13176,14412,M,Arabika Ratawali Aceh,M-RAT,F:\MBKM ADB ENOSE\smart-coffee-v2\scripts\..\data\medium_20260813_160059.csv
medium,collecting,2,11,252227,15915,2945,2926,9387,10881,2935,7434,16846,13588,14527,M,Arabika Ratawali Aceh,M-RAT,F:\MBKM ADB ENOSE\smart-coffee-v2\scripts\..\data\medium_20260813_160059.csv
medium,collecting,2,12,253228,16102,2942,2927,9388,10934,2933,7412,16984,13846,14560,M,Arabika Ratawali Aceh,M-RAT,F:\MBKM ADB ENOSE\smart-coffee-v2\scripts\..\data\medium_20260813_160059.csv
medium,collecting,2,13,254227,16170,2941,2928,9389,10952,2935,7379,17038,13972,14565,M,Arabika Ratawali Aceh,M-RAT,F:\MBKM ADB ENOSE\smart-coffee-v2\scripts\..\data\medium_20260813_160059.csv
medium,collecting,2,14,255227,16165,2943,2928,9389,10949,2935,7342,17047,14015,14536,M,Arabika Ratawali Aceh,M-RAT,F:\MBKM ADB ENOSE\smart-coffee-v2\scripts\..\data\medium_20260813_160059.csv
medium,collecting,2,15,256227,16196,2942,2927,9389,10943,2932,7328,17039,14021,14593,M,Arabika Ratawali Aceh,M-RAT,F:\MBKM ADB ENOSE\smart-coffee-v2\scripts\..\data\medium_20260813_160059.csv
medium,collecting,2,16,257227,16481,2945,2929,9390,10992,2934,7403,17123,14157,14815,M,Arabika Ratawali Aceh,M-RAT,F:\MBKM ADB ENOSE\smart-coffee-v2\scripts\..\data\medium_20260813_160059.csv
medium,collecting,2,17,258228,16909,2947,2931,9390,11096,2932,7501,17345,14464,15059,M,Arabika Ratawali Aceh,M-RAT,F:\MBKM ADB ENOSE\smart-coffee-v2\scripts\..\data\medium_20260813_160059.csv
medium,collecting,2,18,259227,17297,2944,2926,9391,11208,2935,7558,17627,14839,15268,M,Arabika Ratawali Aceh,M-RAT,F:\MBKM ADB ENOSE\smart-coffee-v2\scripts\..\data\medium_20260813_160059.csv
medium,collecting,2,19,260228,17593,2945,2926,9392,11302,2934,7582,17872,15178,15424,M,Arabika Ratawali Aceh,M-RAT,F:\MBKM ADB ENOSE\smart-coffee-v2\scripts\..\data\medium_20260813_160059.csv
medium,collecting,2,20,261227,17805,2946,2928,9392,11371,2934,7573,18069,15443,15532,M,Arabika Ratawali Aceh,M-RAT,F:\MBKM ADB ENOSE\smart-coffee-v2\scripts\..\data\medium_20260813_160059.csv
medium,collecting,2,21,262227,17951,2946,2926,9393,11417,2932,7547,18213,15633,15597,M,Arabika Ratawali Aceh,M-RAT,F:\MBKM ADB ENOSE\smart-coffee-v2\scripts\..\data\medium_20260813_160059.csv
medium,collecting,2,22,263227,18049,2945,2927,9393,11443,2932,7517,18316,15757,15636,M,Arabika Ratawali Aceh,M-RAT,F:\MBKM ADB ENOSE\smart-coffee-v2\scripts\..\data\medium_20260813_160059.csv
medium,collecting,2,23,264227,18110,2948,2923,9393,11452,2932,7482,18383,15833,15653,M,Arabika Ratawali Aceh,M-RAT,F:\MBKM ADB ENOSE\smart-coffee-v2\scripts\..\data\medium_20260813_160059.csv
medium,collecting,2,24,265227,18144,2947,2927,9393,11449,2932,7443,18424,15871,15650,M,Arabika Ratawali Aceh,M-RAT,F:\MBKM ADB ENOSE\smart-coffee-v2\scripts\..\data\medium_20260813_160059.csv
medium,collecting,2,25,266227,18157,2946,2928,9392,11435,2932,7402,18445,15881,15636,M,Arabika Ratawali Aceh,M-RAT,F:\MBKM ADB ENOSE\smart-coffee-v2\scripts\..\data\medium_20260813_160059.csv
medium,collecting,2,26,267228,18154,2946,2927,9392,11414,2934,7364,18452,15872,15614,M,Arabika Ratawali Aceh,M-RAT,F:\MBKM ADB ENOSE\smart-coffee-v2\scripts\..\data\medium_20260813_160059.csv
medium,collecting,2,27,268227,18139,2943,2926,9392,11390,2931,7325,18446,15848,15590,M,Arabika Ratawali Aceh,M-RAT,F:\MBKM ADB ENOSE\smart-coffee-v2\scripts\..\data\medium_20260813_160059.csv
medium,collecting,2,28,269228,18117,2947,2925,9391,11364,2932,7296,18440,15816,15566,M,Arabika Ratawali Aceh,M-RAT,F:\MBKM ADB ENOSE\smart-coffee-v2\scripts\..\data\medium_20260813_160059.csv
medium,collecting,2,29,270227,18087,2946,2927,9391,11337,2932,7268,18430,15776,15540,M,Arabika Ratawali Aceh,M-RAT,F:\MBKM ADB ENOSE\smart-coffee-v2\scripts\..\data\medium_20260813_160059.csv
medium,collecting,2,30,271227,18053,2944,2925,9392,11308,2932,7247,18415,15734,15514,M,Arabika Ratawali Aceh,M-RAT,F:\MBKM ADB ENOSE\smart-coffee-v2\scripts\..\data\medium_20260813_160059.csv
medium,collecting,2,31,272227,18016,2947,2925,9392,11280,2932,7228,18398,15692,15488,M,Arabika Ratawali Aceh,M-RAT,F:\MBKM ADB ENOSE\smart-coffee-v2\scripts\..\data\medium_20260813_160059.csv
medium,collecting,2,32,273227,17978,2943,2926,9392,11254,2931,7212,18379,15649,15460,M,Arabika Ratawali Aceh,M-RAT,F:\MBKM ADB ENOSE\smart-coffee-v2\scripts\..\data\medium_20260813_160059.csv
medium,collecting,2,33,274228,17938,2948,2930,9392,11228,2932,7196,18360,15607,15433,M,Arabika Ratawali Aceh,M-RAT,F:\MBKM ADB ENOSE\smart-coffee-v2\scripts\..\data\medium_20260813_160059.csv
medium,collecting,2,34,275227,17900,2946,2928,9392,11204,2934,7180,18341,15565,15407,M,Arabika Ratawali Aceh,M-RAT,F:\MBKM ADB ENOSE\smart-coffee-v2\scripts\..\data\medium_20260813_160059.csv
medium,collecting,2,35,276228,17862,2949,2926,9392,11180,2929,7167,18324,15525,15382,M,Arabika Ratawali Aceh,M-RAT,F:\MBKM ADB ENOSE\smart-coffee-v2\scripts\..\data\medium_20260813_160059.csv
medium,collecting,2,36,277227,17826,2942,2928,9392,11157,2931,7156,18307,15487,15360,M,Arabika Ratawali Aceh,M-RAT,F:\MBKM ADB ENOSE\smart-coffee-v2\scripts\..\data\medium_20260813_160059.csv
medium,collecting,2,37,278227,17791,2946,2926,9392,11137,2935,7146,18291,15450,15339,M,Arabika Ratawali Aceh,M-RAT,F:\MBKM ADB ENOSE\smart-coffee-v2\scripts\..\data\medium_20260813_160059.csv
medium,collecting,2,38,279227,17759,2946,2929,9392,11118,2929,7137,18278,15417,15319,M,Arabika Ratawali Aceh,M-RAT,F:\MBKM ADB ENOSE\smart-coffee-v2\scripts\..\data\medium_20260813_160059.csv
medium,collecting,2,39,280227,17727,2944,2926,9392,11101,2932,7127,18265,15386,15302,M,Arabika Ratawali Aceh,M-RAT,F:\MBKM ADB ENOSE\smart-coffee-v2\scripts\..\data\medium_20260813_160059.csv
medium,collecting,2,40,281227,17696,2943,2927,9391,11085,2933,7119,18253,15357,15284,M,Arabika Ratawali Aceh,M-RAT,F:\MBKM ADB ENOSE\smart-coffee-v2\scripts\..\data\medium_20260813_160059.csv
medium,collecting,2,41,282227,17668,2945,2928,9392,11070,2929,7109,18242,15331,15269,M,Arabika Ratawali Aceh,M-RAT,F:\MBKM ADB ENOSE\smart-coffee-v2\scripts\..\data\medium_20260813_160059.csv
medium,collecting,2,42,283228,17642,2945,2927,9391,11056,2933,7103,18236,15306,15255,M,Arabika Ratawali Aceh,M-RAT,F:\MBKM ADB ENOSE\smart-coffee-v2\scripts\..\data\medium_20260813_160059.csv
medium,collecting,2,43,284227,17619,2946,2927,9391,11044,2932,7098,18226,15284,15241,M,Arabika Ratawali Aceh,M-RAT,F:\MBKM ADB ENOSE\smart-coffee-v2\scripts\..\data\medium_20260813_160059.csv
medium,collecting,2,44,285228,17597,2942,2926,9391,11033,2934,7095,18217,15264,15229,M,Arabika Ratawali Aceh,M-RAT,F:\MBKM ADB ENOSE\smart-coffee-v2\scripts\..\data\medium_20260813_160059.csv
medium,collecting,2,45,286227,17577,2942,2927,9392,11023,2928,7092,18210,15246,15218,M,Arabika Ratawali Aceh,M-RAT,F:\MBKM ADB ENOSE\smart-coffee-v2\scripts\..\data\medium_20260813_160059.csv
medium,collecting,2,46,287227,17559,2943,2927,9392,11015,2930,7089,18202,15230,15208,M,Arabika Ratawali Aceh,M-RAT,F:\MBKM ADB ENOSE\smart-coffee-v2\scripts\..\data\medium_20260813_160059.csv
medium,collecting,2,47,288227,17541,2942,2923,9392,11008,2932,7086,18195,15216,15200,M,Arabika Ratawali Aceh,M-RAT,F:\MBKM ADB ENOSE\smart-coffee-v2\scripts\..\data\medium_20260813_160059.csv
medium,collecting,2,48,289227,17526,2944,2926,9392,11002,2932,7084,18191,15204,15193,M,Arabika Ratawali Aceh,M-RAT,F:\MBKM ADB ENOSE\smart-coffee-v2\scripts\..\data\medium_20260813_160059.csv
medium,collecting,2,49,290228,17511,2944,2924,9392,10997,2933,7085,18185,15194,15187,M,Arabika Ratawali Aceh,M-RAT,F:\MBKM ADB ENOSE\smart-coffee-v2\scripts\..\data\medium_20260813_160059.csv
medium,collecting,2,50,291227,17497,2946,2924,9393,10994,2934,7083,18183,15184,15179,M,Arabika Ratawali Aceh,M-RAT,F:\MBKM ADB ENOSE\smart-coffee-v2\scripts\..\data\medium_20260813_160059.csv
medium,collecting,2,51,292228,17485,2942,2926,9393,10990,2933,7083,18180,15174,15172,M,Arabika Ratawali Aceh,M-RAT,F:\MBKM ADB ENOSE\smart-coffee-v2\scripts\..\data\medium_20260813_160059.csv
medium,collecting,2,52,293227,17474,2943,2928,9393,10986,2929,7081,18176,15165,15167,M,Arabika Ratawali Aceh,M-RAT,F:\MBKM ADB ENOSE\smart-coffee-v2\scripts\..\data\medium_20260813_160059.csv
medium,collecting,2,53,294227,17462,2942,2923,9393,10982,2932,7080,18172,15156,15160,M,Arabika Ratawali Aceh,M-RAT,F:\MBKM ADB ENOSE\smart-coffee-v2\scripts\..\data\medium_20260813_160059.csv
medium,collecting,2,54,295227,17453,2942,2925,9393,10978,2929,7080,18169,15149,15153,M,Arabika Ratawali Aceh,M-RAT,F:\MBKM ADB ENOSE\smart-coffee-v2\scripts\..\data\medium_20260813_160059.csv
medium,collecting,2,55,296227,17442,2945,2926,9393,10974,2934,7080,18166,15141,15146,M,Arabika Ratawali Aceh,M-RAT,F:\MBKM ADB ENOSE\smart-coffee-v2\scripts\..\data\medium_20260813_160059.csv
medium,collecting,2,56,297227,17433,2944,2926,9393,10971,2928,7079,18163,15134,15140,M,Arabika Ratawali Aceh,M-RAT,F:\MBKM ADB ENOSE\smart-coffee-v2\scripts\..\data\medium_20260813_160059.csv
medium,collecting,2,57,298227,17424,2943,2926,9394,10967,2933,7078,18158,15128,15133,M,Arabika Ratawali Aceh,M-RAT,F:\MBKM ADB ENOSE\smart-coffee-v2\scripts\..\data\medium_20260813_160059.csv
medium,collecting,2,58,299228,17416,2944,2926,9394,10964,2931,7077,18154,15121,15128,M,Arabika Ratawali Aceh,M-RAT,F:\MBKM ADB ENOSE\smart-coffee-v2\scripts\..\data\medium_20260813_160059.csv
medium,collecting,2,59,300227,17407,2945,2924,9394,10961,2927,7077,18153,15115,15122,M,Arabika Ratawali Aceh,M-RAT,F:\MBKM ADB ENOSE\smart-coffee-v2\scripts\..\data\medium_20260813_160059.csv
medium,collecting,2,60,301228,17399,2945,2925,9395,10959,2926,7076,18152,15109,15116,M,Arabika Ratawali Aceh,M-RAT,F:\MBKM ADB ENOSE\smart-coffee-v2\scripts\..\data\medium_20260813_160059.csv
medium,collecting,2,61,302227,17393,2942,2923,9395,10956,2928,7076,18148,15104,15111,M,Arabika Ratawali Aceh,M-RAT,F:\MBKM ADB ENOSE\smart-coffee-v2\scripts\..\data\medium_20260813_160059.csv
medium,collecting,2,62,303227,17386,2942,2925,9395,10954,2929,7075,18146,15099,15106,M,Arabika Ratawali Aceh,M-RAT,F:\MBKM ADB ENOSE\smart-coffee-v2\scripts\..\data\medium_20260813_160059.csv
medium,collecting,2,63,304227,17379,2945,2925,9395,10951,2929,7074,18146,15094,15101,M,Arabika Ratawali Aceh,M-RAT,F:\MBKM ADB ENOSE\smart-coffee-v2\scripts\..\data\medium_20260813_160059.csv
medium,collecting,2,64,305227,17373,2941,2925,9395,10949,2929,7074,18143,15090,15096,M,Arabika Ratawali Aceh,M-RAT,F:\MBKM ADB ENOSE\smart-coffee-v2\scripts\..\data\medium_20260813_160059.csv
medium,collecting,2,65,306228,17365,2944,2926,9396,10948,2927,7074,18143,15086,15094,M,Arabika Ratawali Aceh,M-RAT,F:\MBKM ADB ENOSE\smart-coffee-v2\scripts\..\data\medium_20260813_160059.csv
medium,collecting,2,66,307227,17360,2942,2920,9396,10946,2929,7074,18141,15082,15089,M,Arabika Ratawali Aceh,M-RAT,F:\MBKM ADB ENOSE\smart-coffee-v2\scripts\..\data\medium_20260813_160059.csv
medium,collecting,2,67,308228,17354,2945,2926,9397,10946,2929,7074,18139,15079,15086,M,Arabika Ratawali Aceh,M-RAT,F:\MBKM ADB ENOSE\smart-coffee-v2\scripts\..\data\medium_20260813_160059.csv
medium,collecting,2,68,309227,17347,2945,2924,9397,10945,2930,7073,18137,15076,15082,M,Arabika Ratawali Aceh,M-RAT,F:\MBKM ADB ENOSE\smart-coffee-v2\scripts\..\data\medium_20260813_160059.csv
medium,collecting,2,69,310227,17341,2945,2923,9397,10944,2928,7073,18136,15072,15078,M,Arabika Ratawali Aceh,M-RAT,F:\MBKM ADB ENOSE\smart-coffee-v2\scripts\..\data\medium_20260813_160059.csv
medium,collecting,2,70,311227,17336,2945,2926,9397,10942,2929,7075,18134,15070,15074,M,Arabika Ratawali Aceh,M-RAT,F:\MBKM ADB ENOSE\smart-coffee-v2\scripts\..\data\medium_20260813_160059.csv
medium,collecting,2,71,312227,17331,2944,2924,9398,10941,2925,7073,18133,15066,15071,M,Arabika Ratawali Aceh,M-RAT,F:\MBKM ADB ENOSE\smart-coffee-v2\scripts\..\data\medium_20260813_160059.csv
medium,collecting,2,72,313227,17327,2942,2921,9398,10940,2931,7075,18131,15063,15068,M,Arabika Ratawali Aceh,M-RAT,F:\MBKM ADB ENOSE\smart-coffee-v2\scripts\..\data\medium_20260813_160059.csv
medium,collecting,2,73,314227,17322,2945,2924,9398,10940,2931,7076,18129,15062,15065,M,Arabika Ratawali Aceh,M-RAT,F:\MBKM ADB ENOSE\smart-coffee-v2\scripts\..\data\medium_20260813_160059.csv
medium,collecting,2,74,315228,17318,2945,2924,9399,10940,2928,7076,18129,15059,15062,M,Arabika Ratawali Aceh,M-RAT,F:\MBKM ADB ENOSE\smart-coffee-v2\scripts\..\data\medium_20260813_160059.csv
medium,collecting,2,75,316227,17313,2946,2925,9399,10939,2929,7077,18125,15058,15059,M,Arabika Ratawali Aceh,M-RAT,F:\MBKM ADB ENOSE\smart-coffee-v2\scripts\..\data\medium_20260813_160059.csv
medium,collecting,2,76,317228,17308,2942,2924,9399,10939,2928,7078,18124,15057,15057,M,Arabika Ratawali Aceh,M-RAT,F:\MBKM ADB ENOSE\smart-coffee-v2\scripts\..\data\medium_20260813_160059.csv
medium,collecting,2,77,318227,17304,2945,2923,9400,10939,2929,7078,18120,15055,15054,M,Arabika Ratawali Aceh,M-RAT,F:\MBKM ADB ENOSE\smart-coffee-v2\scripts\..\data\medium_20260813_160059.csv
medium,collecting,2,78,319227,17300,2945,2926,9400,10939,2929,7078,18121,15054,15052,M,Arabika Ratawali Aceh,M-RAT,F:\MBKM ADB ENOSE\smart-coffee-v2\scripts\..\data\medium_20260813_160059.csv
medium,collecting,2,79,320227,17296,2944,2924,9400,10939,2928,7078,18119,15053,15049,M,Arabika Ratawali Aceh,M-RAT,F:\MBKM ADB ENOSE\smart-coffee-v2\scripts\..\data\medium_20260813_160059.csv
medium,collecting,2,80,321227,17293,2941,2927,9401,10940,2925,7079,18118,15051,15046,M,Arabika Ratawali Aceh,M-RAT,F:\MBKM ADB ENOSE\smart-coffee-v2\scripts\..\data\medium_20260813_160059.csv
medium,collecting,2,81,322228,17289,2945,2924,9402,10939,2929,7080,18117,15049,15044,M,Arabika Ratawali Aceh,M-RAT,F:\MBKM ADB ENOSE\smart-coffee-v2\scripts\..\data\medium_20260813_160059.csv
medium,collecting,2,82,323227,17285,2942,2924,9402,10939,2925,7079,18115,15047,15040,M,Arabika Ratawali Aceh,M-RAT,F:\MBKM ADB ENOSE\smart-coffee-v2\scripts\..\data\medium_20260813_160059.csv
medium,collecting,2,83,324228,17281,2944,2924,9402,10938,2927,7077,18114,15045,15037,M,Arabika Ratawali Aceh,M-RAT,F:\MBKM ADB ENOSE\smart-coffee-v2\scripts\..\data\medium_20260813_160059.csv
medium,collecting,2,84,325227,17276,2941,2924,9403,10938,2929,7078,18112,15042,15034,M,Arabika Ratawali Aceh,M-RAT,F:\MBKM ADB ENOSE\smart-coffee-v2\scripts\..\data\medium_20260813_160059.csv
medium,collecting,2,85,326227,17272,2944,2923,9403,10937,2928,7078,18112,15040,15031,M,Arabika Ratawali Aceh,M-RAT,F:\MBKM ADB ENOSE\smart-coffee-v2\scripts\..\data\medium_20260813_160059.csv
medium,collecting,2,86,327227,17268,2945,2924,9404,10936,2929,7079,18109,15038,15027,M,Arabika Ratawali Aceh,M-RAT,F:\MBKM ADB ENOSE\smart-coffee-v2\scripts\..\data\medium_20260813_160059.csv
medium,collecting,2,87,328227,17264,2941,2923,9404,10936,2928,7079,18107,15035,15024,M,Arabika Ratawali Aceh,M-RAT,F:\MBKM ADB ENOSE\smart-coffee-v2\scripts\..\data\medium_20260813_160059.csv
medium,collecting,2,88,329227,17260,2945,2923,9404,10934,2929,7078,18107,15033,15021,M,Arabika Ratawali Aceh,M-RAT,F:\MBKM ADB ENOSE\smart-coffee-v2\scripts\..\data\medium_20260813_160059.csv
medium,collecting,2,89,330227,17255,2943,2924,9404,10933,2925,7077,18104,15030,15018,M,Arabika Ratawali Aceh,M-RAT,F:\MBKM ADB ENOSE\smart-coffee-v2\scripts\..\data\medium_20260813_160059.csv
medium,collecting,2,90,331228,17250,2944,2924,9404,10933,2924,7077,18104,15028,15016,M,Arabika Ratawali Aceh,M-RAT,F:\MBKM ADB ENOSE\smart-coffee-v2\scripts\..\data\medium_20260813_160059.csv
medium,collecting,2,91,332227,17246,2941,2921,9405,10932,2929,7077,18102,15026,15013,M,Arabika Ratawali Aceh,M-RAT,F:\MBKM ADB ENOSE\smart-coffee-v2\scripts\..\data\medium_20260813_160059.csv
medium,collecting,2,92,333228,17241,2945,2923,9405,10931,2928,7076,18101,15023,15010,M,Arabika Ratawali Aceh,M-RAT,F:\MBKM ADB ENOSE\smart-coffee-v2\scripts\..\data\medium_20260813_160059.csv
medium,collecting,2,93,334227,17237,2943,2924,9405,10930,2927,7077,18098,15021,15007,M,Arabika Ratawali Aceh,M-RAT,F:\MBKM ADB ENOSE\smart-coffee-v2\scripts\..\data\medium_20260813_160059.csv
medium,collecting,2,94,335227,17233,2940,2924,9406,10929,2929,7077,18098,15018,15004,M,Arabika Ratawali Aceh,M-RAT,F:\MBKM ADB ENOSE\smart-coffee-v2\scripts\..\data\medium_20260813_160059.csv
medium,collecting,2,95,336227,17230,2944,2923,9406,10928,2923,7077,18097,15016,15001,M,Arabika Ratawali Aceh,M-RAT,F:\MBKM ADB ENOSE\smart-coffee-v2\scripts\..\data\medium_20260813_160059.csv
medium,collecting,2,96,337227,17227,2941,2923,9406,10928,2927,7077,18096,15014,14997,M,Arabika Ratawali Aceh,M-RAT,F:\MBKM ADB ENOSE\smart-coffee-v2\scripts\..\data\medium_20260813_160059.csv
medium,collecting,2,97,338228,17223,2941,2926,9406,10926,2924,7078,18095,15012,14994,M,Arabika Ratawali Aceh,M-RAT,F:\MBKM ADB ENOSE\smart-coffee-v2\scripts\..\data\medium_20260813_160059.csv
medium,collecting,2,98,339227,17220,2944,2921,9407,10926,2928,7078,18094,15009,14991,M,Arabika Ratawali Aceh,M-RAT,F:\MBKM ADB ENOSE\smart-coffee-v2\scripts\..\data\medium_20260813_160059.csv
medium,collecting,2,99,340228,17217,2941,2924,9407,10925,2928,7077,18091,15007,14988,M,Arabika Ratawali Aceh,M-RAT,F:\MBKM ADB ENOSE\smart-coffee-v2\scripts\..\data\medium_20260813_160059.csv
medium,collecting,2,100,341227,17213,2944,2924,9408,10924,2924,7077,18089,15005,14985,M,Arabika Ratawali Aceh,M-RAT,F:\MBKM ADB ENOSE\smart-coffee-v2\scripts\..\data\medium_20260813_160059.csv
medium,collecting,2,101,342227,17211,2941,2923,9408,10923,2926,7077,18088,15004,14982,M,Arabika Ratawali Aceh,M-RAT,F:\MBKM ADB ENOSE\smart-coffee-v2\scripts\..\data\medium_20260813_160059.csv
medium,collecting,2,102,343227,17208,2943,2923,9409,10923,2928,7077,18086,15002,14980,M,Arabika Ratawali Aceh,M-RAT,F:\MBKM ADB ENOSE\smart-coffee-v2\scripts\..\data\medium_20260813_160059.csv
medium,collecting,2,103,344227,17204,2943,2923,9409,10923,2927,7077,18085,15001,14978,M,Arabika Ratawali Aceh,M-RAT,F:\MBKM ADB ENOSE\smart-coffee-v2\scripts\..\data\medium_20260813_160059.csv
medium,collecting,2,104,345227,17200,2945,2924,9410,10923,2928,7078,18086,15000,14976,M,Arabika Ratawali Aceh,M-RAT,F:\MBKM ADB ENOSE\smart-coffee-v2\scripts\..\data\medium_20260813_160059.csv
medium,collecting,2,105,346227,17197,2940,2924,9410,10924,2924,7080,18087,14998,14975,M,Arabika Ratawali Aceh,M-RAT,F:\MBKM ADB ENOSE\smart-coffee-v2\scripts\..\data\medium_20260813_160059.csv
medium,collecting,2,106,347228,17194,2940,2924,9411,10924,2928,7080,18087,14997,14973,M,Arabika Ratawali Aceh,M-RAT,F:\MBKM ADB ENOSE\smart-coffee-v2\scripts\..\data\medium_20260813_160059.csv
medium,collecting,2,107,348227,17191,2941,2924,9411,10924,2925,7081,18087,14996,14972,M,Arabika Ratawali Aceh,M-RAT,F:\MBKM ADB ENOSE\smart-coffee-v2\scripts\..\data\medium_20260813_160059.csv
medium,collecting,2,108,349228,17188,2945,2926,9412,10924,2925,7080,18083,14995,14969,M,Arabika Ratawali Aceh,M-RAT,F:\MBKM ADB ENOSE\smart-coffee-v2\scripts\..\data\medium_20260813_160059.csv
medium,collecting,2,109,350227,17186,2943,2923,9412,10925,2926,7081,18082,14995,14968,M,Arabika Ratawali Aceh,M-RAT,F:\MBKM ADB ENOSE\smart-coffee-v2\scripts\..\data\medium_20260813_160059.csv
medium,collecting,2,110,351227,17183,2943,2924,9413,10925,2926,7082,18082,14994,14966,M,Arabika Ratawali Aceh,M-RAT,F:\MBKM ADB ENOSE\smart-coffee-v2\scripts\..\data\medium_20260813_160059.csv
medium,collecting,2,111,352227,17180,2941,2922,9413,10925,2927,7082,18081,14992,14964,M,Arabika Ratawali Aceh,M-RAT,F:\MBKM ADB ENOSE\smart-coffee-v2\scripts\..\data\medium_20260813_160059.csv
medium,collecting,2,112,353227,17177,2943,2924,9413,10925,2927,7082,18080,14990,14962,M,Arabika Ratawali Aceh,M-RAT,F:\MBKM ADB ENOSE\smart-coffee-v2\scripts\..\data\medium_20260813_160059.csv
medium,collecting,2,113,354228,17174,2943,2922,9413,10924,2925,7081,18077,14988,14960,M,Arabika Ratawali Aceh,M-RAT,F:\MBKM ADB ENOSE\smart-coffee-v2\scripts\..\data\medium_20260813_160059.csv
medium,collecting,2,114,355227,17171,2940,2926,9413,10924,2926,7080,18076,14986,14958,M,Arabika Ratawali Aceh,M-RAT,F:\MBKM ADB ENOSE\smart-coffee-v2\scripts\..\data\medium_20260813_160059.csv
medium,collecting,2,115,356228,17168,2941,2923,9414,10924,2926,7080,18075,14984,14956,M,Arabika Ratawali Aceh,M-RAT,F:\MBKM ADB ENOSE\smart-coffee-v2\scripts\..\data\medium_20260813_160059.csv
medium,collecting,2,116,357227,17165,2943,2921,9414,10924,2928,7081,18074,14982,14955,M,Arabika Ratawali Aceh,M-RAT,F:\MBKM ADB ENOSE\smart-coffee-v2\scripts\..\data\medium_20260813_160059.csv
medium,collecting,2,117,358227,17163,2941,2923,9414,10923,2925,7082,18072,14980,14952,M,Arabika Ratawali Aceh,M-RAT,F:\MBKM ADB ENOSE\smart-coffee-v2\scripts\..\data\medium_20260813_160059.csv
medium,collecting,2,118,359227,17159,2943,2925,9414,10923,2926,7083,18071,14979,14950,M,Arabika Ratawali Aceh,M-RAT,F:\MBKM ADB ENOSE\smart-coffee-v2\scripts\..\data\medium_20260813_160059.csv
medium,collecting,2,119,360227,17157,2943,2922,9415,10922,2921,7083,18070,14976,14948,M,Arabika Ratawali Aceh,M-RAT,F:\MBKM ADB ENOSE\smart-coffee-v2\scripts\..\data\medium_20260813_160059.csv
medium,collecting,2,120,361227,17154,2941,2923,9415,10921,2926,7083,18069,14974,14946,M,Arabika Ratawali Aceh,M-RAT,F:\MBKM ADB ENOSE\smart-coffee-v2\scripts\..\data\medium_20260813_160059.csv
medium,collecting,2,121,362227,17151,2940,2922,9415,10920,2925,7084,18067,14973,14943,M,Arabika Ratawali Aceh,M-RAT,F:\MBKM ADB ENOSE\smart-coffee-v2\scripts\..\data\medium_20260813_160059.csv
medium,collecting,2,122,363228,17149,2941,2923,9415,10919,2922,7084,18065,14970,14940,M,Arabika Ratawali Aceh,M-RAT,F:\MBKM ADB ENOSE\smart-coffee-v2\scripts\..\data\medium_20260813_160059.csv
medium,collecting,2,123,364227,17146,2943,2921,9416,10919,2927,7083,18062,14969,14937,M,Arabika Ratawali Aceh,M-RAT,F:\MBKM ADB ENOSE\smart-coffee-v2\scripts\..\data\medium_20260813_160059.csv
medium,collecting,2,124,365228,17144,2943,2923,9416,10919,2925,7082,18061,14966,14936,M,Arabika Ratawali Aceh,M-RAT,F:\MBKM ADB ENOSE\smart-coffee-v2\scripts\..\data\medium_20260813_160059.csv
medium,collecting,2,125,366227,17141,2939,2924,9416,10919,2926,7082,18062,14964,14934,M,Arabika Ratawali Aceh,M-RAT,F:\MBKM ADB ENOSE\smart-coffee-v2\scripts\..\data\medium_20260813_160059.csv
medium,collecting,2,126,367227,17137,2942,2921,9416,10918,2924,7082,18061,14962,14934,M,Arabika Ratawali Aceh,M-RAT,F:\MBKM ADB ENOSE\smart-coffee-v2\scripts\..\data\medium_20260813_160059.csv
medium,collecting,2,127,368227,17134,2941,2926,9417,10919,2921,7082,18061,14960,14933,M,Arabika Ratawali Aceh,M-RAT,F:\MBKM ADB ENOSE\smart-coffee-v2\scripts\..\data\medium_20260813_160059.csv
medium,collecting,2,128,369227,17132,2942,2924,9417,10919,2927,7082,18057,14959,14930,M,Arabika Ratawali Aceh,M-RAT,F:\MBKM ADB ENOSE\smart-coffee-v2\scripts\..\data\medium_20260813_160059.csv
medium,collecting,2,129,370228,17128,2940,2922,9417,10919,2923,7083,18058,14957,14929,M,Arabika Ratawali Aceh,M-RAT,F:\MBKM ADB ENOSE\smart-coffee-v2\scripts\..\data\medium_20260813_160059.csv
medium,collecting,2,130,371227,17125,2938,2923,9418,10919,2927,7084,18056,14955,14927,M,Arabika Ratawali Aceh,M-RAT,F:\MBKM ADB ENOSE\smart-coffee-v2\scripts\..\data\medium_20260813_160059.csv
medium,collecting,2,131,372228,17122,2942,2921,9417,10919,2925,7085,18056,14953,14925,M,Arabika Ratawali Aceh,M-RAT,F:\MBKM ADB ENOSE\smart-coffee-v2\scripts\..\data\medium_20260813_160059.csv
medium,collecting,2,132,373227,17120,2942,2926,9418,10918,2925,7086,18055,14951,14923,M,Arabika Ratawali Aceh,M-RAT,F:\MBKM ADB ENOSE\smart-coffee-v2\scripts\..\data\medium_20260813_160059.csv
medium,collecting,2,133,374227,17118,2942,2921,9417,10917,2926,7087,18054,14949,14921,M,Arabika Ratawali Aceh,M-RAT,F:\MBKM ADB ENOSE\smart-coffee-v2\scripts\..\data\medium_20260813_160059.csv
medium,collecting,2,134,375227,17115,2943,2924,9418,10917,2926,7086,18051,14947,14918,M,Arabika Ratawali Aceh,M-RAT,F:\MBKM ADB ENOSE\smart-coffee-v2\scripts\..\data\medium_20260813_160059.csv
medium,collecting,2,135,376227,17113,2941,2922,9418,10917,2924,7086,18051,14944,14916,M,Arabika Ratawali Aceh,M-RAT,F:\MBKM ADB ENOSE\smart-coffee-v2\scripts\..\data\medium_20260813_160059.csv
medium,collecting,2,136,377227,17110,2938,2924,9418,10917,2925,7087,18049,14942,14913,M,Arabika Ratawali Aceh,M-RAT,F:\MBKM ADB ENOSE\smart-coffee-v2\scripts\..\data\medium_20260813_160059.csv
medium,collecting,2,137,378227,17106,2939,2924,9419,10916,2923,7085,18048,14939,14910,M,Arabika Ratawali Aceh,M-RAT,F:\MBKM ADB ENOSE\smart-coffee-v2\scripts\..\data\medium_20260813_160059.csv
medium,collecting,2,138,379228,17104,2940,2921,9419,10915,2925,7085,18048,14936,14909,M,Arabika Ratawali Aceh,M-RAT,F:\MBKM ADB ENOSE\smart-coffee-v2\scripts\..\data\medium_20260813_160059.csv
medium,collecting,2,139,380227,17102,2942,2921,9419,10914,2926,7085,18045,14934,14906,M,Arabika Ratawali Aceh,M-RAT,F:\MBKM ADB ENOSE\smart-coffee-v2\scripts\..\data\medium_20260813_160059.csv
medium,collecting,2,140,381228,17099,2939,2922,9419,10913,2923,7086,18044,14932,14904,M,Arabika Ratawali Aceh,M-RAT,F:\MBKM ADB ENOSE\smart-coffee-v2\scripts\..\data\medium_20260813_160059.csv
medium,collecting,2,141,382227,17097,2941,2925,9419,10912,2925,7086,18044,14929,14903,M,Arabika Ratawali Aceh,M-RAT,F:\MBKM ADB ENOSE\smart-coffee-v2\scripts\..\data\medium_20260813_160059.csv
medium,collecting,2,142,383227,17094,2941,2919,9419,10912,2921,7085,18043,14927,14900,M,Arabika Ratawali Aceh,M-RAT,F:\MBKM ADB ENOSE\smart-coffee-v2\scripts\..\data\medium_20260813_160059.csv
medium,collecting,2,143,384227,17091,2939,2920,9419,10912,2926,7084,18040,14924,14898,M,Arabika Ratawali Aceh,M-RAT,F:\MBKM ADB ENOSE\smart-coffee-v2\scripts\..\data\medium_20260813_160059.csv
medium,collecting,2,144,385227,17088,2941,2920,9420,10912,2925,7084,18038,14922,14896,M,Arabika Ratawali Aceh,M-RAT,F:\MBKM ADB ENOSE\smart-coffee-v2\scripts\..\data\medium_20260813_160059.csv
medium,collecting,2,145,386228,17086,2941,2920,9420,10911,2922,7084,18038,14920,14895,M,Arabika Ratawali Aceh,M-RAT,F:\MBKM ADB ENOSE\smart-coffee-v2\scripts\..\data\medium_20260813_160059.csv
medium,collecting,2,146,387227,17083,2939,2924,9420,10910,2926,7085,18036,14918,14892,M,Arabika Ratawali Aceh,M-RAT,F:\MBKM ADB ENOSE\smart-coffee-v2\scripts\..\data\medium_20260813_160059.csv
medium,collecting,2,147,388228,17080,2939,2920,9420,10910,2923,7085,18036,14915,14891,M,Arabika Ratawali Aceh,M-RAT,F:\MBKM ADB ENOSE\smart-coffee-v2\scripts\..\data\medium_20260813_160059.csv
medium,collecting,2,148,389227,17078,2942,2921,9421,10910,2925,7086,18035,14914,14891,M,Arabika Ratawali Aceh,M-RAT,F:\MBKM ADB ENOSE\smart-coffee-v2\scripts\..\data\medium_20260813_160059.csv
medium,collecting,2,149,390227,17076,2939,2922,9420,10910,2920,7087,18034,14913,14890,M,Arabika Ratawali Aceh,M-RAT,F:\MBKM ADB ENOSE\smart-coffee-v2\scripts\..\data\medium_20260813_160059.csv
medium,collecting,2,150,391227,17074,2941,2923,9421,10911,2921,7088,18031,14912,14889,M,Arabika Ratawali Aceh,M-RAT,F:\MBKM ADB ENOSE\smart-coffee-v2\scripts\..\data\medium_20260813_160059.csv
medium,collecting,2,151,392227,17071,2937,2922,9421,10912,2926,7088,18031,14912,14888,M,Arabika Ratawali Aceh,M-RAT,F:\MBKM ADB ENOSE\smart-coffee-v2\scripts\..\data\medium_20260813_160059.csv
medium,collecting,2,152,393227,17069,2940,2923,9422,10914,2922,7088,18030,14911,14887,M,Arabika Ratawali Aceh,M-RAT,F:\MBKM ADB ENOSE\smart-coffee-v2\scripts\..\data\medium_20260813_160059.csv
medium,collecting,2,153,394227,17066,2942,2922,9422,10915,2925,7089,18030,14910,14886,M,Arabika Ratawali Aceh,M-RAT,F:\MBKM ADB ENOSE\smart-coffee-v2\scripts\..\data\medium_20260813_160059.csv
medium,collecting,2,154,395228,17064,2941,2921,9423,10915,2925,7090,18030,14909,14884,M,Arabika Ratawali Aceh,M-RAT,F:\MBKM ADB ENOSE\smart-coffee-v2\scripts\..\data\medium_20260813_160059.csv
medium,collecting,2,155,396227,17061,2937,2918,9422,10915,2921,7091,18027,14907,14882,M,Arabika Ratawali Aceh,M-RAT,F:\MBKM ADB ENOSE\smart-coffee-v2\scripts\..\data\medium_20260813_160059.csv
medium,collecting,2,156,397228,17058,2941,2919,9423,10915,2924,7090,18027,14904,14881,M,Arabika Ratawali Aceh,M-RAT,F:\MBKM ADB ENOSE\smart-coffee-v2\scripts\..\data\medium_20260813_160059.csv
medium,collecting,2,157,398227,17055,2937,2919,9423,10914,2921,7090,18027,14902,14879,M,Arabika Ratawali Aceh,M-RAT,F:\MBKM ADB ENOSE\smart-coffee-v2\scripts\..\data\medium_20260813_160059.csv
medium,collecting,2,158,399227,17052,2941,2923,9424,10913,2924,7090,18027,14899,14877,M,Arabika Ratawali Aceh,M-RAT,F:\MBKM ADB ENOSE\smart-coffee-v2\scripts\..\data\medium_20260813_160059.csv
medium,collecting,2,159,400227,17050,2939,2919,9423,10912,2925,7090,18025,14896,14875,M,Arabika Ratawali Aceh,M-RAT,F:\MBKM ADB ENOSE\smart-coffee-v2\scripts\..\data\medium_20260813_160059.csv
medium,collecting,2,160,401227,17046,2937,2922,9424,10911,2926,7090,18023,14894,14873,M,Arabika Ratawali Aceh,M-RAT,F:\MBKM ADB ENOSE\smart-coffee-v2\scripts\..\data\medium_20260813_160059.csv
medium,collecting,2,161,402228,17044,2939,2920,9424,10910,2923,7091,18023,14890,14871,M,Arabika Ratawali Aceh,M-RAT,F:\MBKM ADB ENOSE\smart-coffee-v2\scripts\..\data\medium_20260813_160059.csv
medium,collecting,2,162,403227,17042,2940,2922,9424,10909,2923,7090,18021,14887,14868,M,Arabika Ratawali Aceh,M-RAT,F:\MBKM ADB ENOSE\smart-coffee-v2\scripts\..\data\medium_20260813_160059.csv
medium,collecting,2,163,404228,17041,2939,2918,9425,10908,2925,7091,18020,14884,14866,M,Arabika Ratawali Aceh,M-RAT,F:\MBKM ADB ENOSE\smart-coffee-v2\scripts\..\data\medium_20260813_160059.csv
medium,collecting,2,164,405227,17039,2939,2924,9424,10907,2924,7090,18019,14880,14863,M,Arabika Ratawali Aceh,M-RAT,F:\MBKM ADB ENOSE\smart-coffee-v2\scripts\..\data\medium_20260813_160059.csv
medium,collecting,2,165,406227,17035,2941,2919,9424,10906,2924,7090,18016,14877,14861,M,Arabika Ratawali Aceh,M-RAT,F:\MBKM ADB ENOSE\smart-coffee-v2\scripts\..\data\medium_20260813_160059.csv
medium,collecting,2,166,407227,17033,2939,2919,9425,10905,2924,7089,18015,14873,14859,M,Arabika Ratawali Aceh,M-RAT,F:\MBKM ADB ENOSE\smart-coffee-v2\scripts\..\data\medium_20260813_160059.csv
medium,collecting,2,167,408227,17032,2937,2921,9425,10904,2924,7088,18011,14870,14856,M,Arabika Ratawali Aceh,M-RAT,F:\MBKM ADB ENOSE\smart-coffee-v2\scripts\..\data\medium_20260813_160059.csv
medium,collecting,2,168,409227,17029,2940,2920,9425,10903,2922,7088,18012,14866,14855,M,Arabika Ratawali Aceh,M-RAT,F:\MBKM ADB ENOSE\smart-coffee-v2\scripts\..\data\medium_20260813_160059.csv
medium,collecting,2,169,410227,17026,2939,2920,9425,10902,2924,7087,18012,14863,14853,M,Arabika Ratawali Aceh,M-RAT,F:\MBKM ADB ENOSE\smart-coffee-v2\scripts\..\data\medium_20260813_160059.csv
medium,collecting,2,170,411228,17023,2940,2918,9425,10901,2925,7087,18010,14859,14851,M,Arabika Ratawali Aceh,M-RAT,F:\MBKM ADB ENOSE\smart-coffee-v2\scripts\..\data\medium_20260813_160059.csv
medium,collecting,2,171,412227,17020,2940,2919,9425,10899,2922,7087,18009,14856,14849,M,Arabika Ratawali Aceh,M-RAT,F:\MBKM ADB ENOSE\smart-coffee-v2\scripts\..\data\medium_20260813_160059.csv
medium,collecting,2,172,413228,17017,2937,2923,9425,10898,2925,7087,18007,14853,14847,M,Arabika Ratawali Aceh,M-RAT,F:\MBKM ADB ENOSE\smart-coffee-v2\scripts\..\data\medium_20260813_160059.csv
medium,collecting,2,173,414227,17014,2940,2919,9426,10897,2921,7086,18006,14850,14845,M,Arabika Ratawali Aceh,M-RAT,F:\MBKM ADB ENOSE\smart-coffee-v2\scripts\..\data\medium_20260813_160059.csv
medium,collecting,2,174,415227,17011,2939,2918,9425,10896,2922,7087,18003,14847,14843,M,Arabika Ratawali Aceh,M-RAT,F:\MBKM ADB ENOSE\smart-coffee-v2\scripts\..\data\medium_20260813_160059.csv
medium,collecting,2,175,416227,17009,2940,2920,9426,10895,2924,7087,18003,14844,14841,M,Arabika Ratawali Aceh,M-RAT,F:\MBKM ADB ENOSE\smart-coffee-v2\scripts\..\data\medium_20260813_160059.csv
medium,collecting,2,176,417227,17007,2940,2919,9426,10894,2924,7087,18002,14841,14838,M,Arabika Ratawali Aceh,M-RAT,F:\MBKM ADB ENOSE\smart-coffee-v2\scripts\..\data\medium_20260813_160059.csv
medium,collecting,2,177,418228,17005,2939,2920,9426,10892,2925,7086,18001,14838,14837,M,Arabika Ratawali Aceh,M-RAT,F:\MBKM ADB ENOSE\smart-coffee-v2\scripts\..\data\medium_20260813_160059.csv
medium,collecting,2,178,419227,17003,2937,2918,9426,10891,2924,7086,18000,14834,14834,M,Arabika Ratawali Aceh,M-RAT,F:\MBKM ADB ENOSE\smart-coffee-v2\scripts\..\data\medium_20260813_160059.csv
medium,collecting,2,179,420228,17000,2937,2923,9426,10890,2925,7086,17998,14831,14832,M,Arabika Ratawali Aceh,M-RAT,F:\MBKM ADB ENOSE\smart-coffee-v2\scripts\..\data\medium_20260813_160059.csv
medium,collecting,2,180,421227,16998,2940,2919,9427,10889,2924,7085,17996,14827,14830,M,Arabika Ratawali Aceh,M-RAT,F:\MBKM ADB ENOSE\smart-coffee-v2\scripts\..\data\medium_20260813_160059.csv
medium,collecting,2,181,422227,16995,2940,2921,9426,10888,2923,7085,17996,14824,14829,M,Arabika Ratawali Aceh,M-RAT,F:\MBKM ADB ENOSE\smart-coffee-v2\scripts\..\data\medium_20260813_160059.csv
medium,purging,2,1,423230,16993,2939,2918,9427,10887,2924,7085,17995,14820,14826,M,Arabika Ratawali Aceh,M-RAT,F:\MBKM ADB ENOSE\smart-coffee-v2\scripts\..\data\medium_20260813_160059.csv
medium,purging,2,2,424227,16990,2939,2921,9427,10886,2924,7086,17995,14817,14825,M,Arabika Ratawali Aceh,M-RAT,F:\MBKM ADB ENOSE\smart-coffee-v2\scripts\..\data\medium_20260813_160059.csv
medium,purging,2,3,425227,16989,2937,2922,9427,10885,2924,7086,17993,14814,14822,M,Arabika Ratawali Aceh,M-RAT,F:\MBKM ADB ENOSE\smart-coffee-v2\scripts\..\data\medium_20260813_160059.csv
medium,purging,2,4,426227,16985,2939,2923,9427,10885,2924,7085,17992,14811,14825,M,Arabika Ratawali Aceh,M-RAT,F:\MBKM ADB ENOSE\smart-coffee-v2\scripts\..\data\medium_20260813_160059.csv
medium,purging,2,5,427228,16958,2937,2921,9427,10887,2923,7086,17991,14806,14821,M,Arabika Ratawali Aceh,M-RAT,F:\MBKM ADB ENOSE\smart-coffee-v2\scripts\..\data\medium_20260813_160059.csv
medium,purging,2,6,428227,16879,2939,2919,9427,10889,2923,7086,17971,14783,14797,M,Arabika Ratawali Aceh,M-RAT,F:\MBKM ADB ENOSE\smart-coffee-v2\scripts\..\data\medium_20260813_160059.csv
medium,purging,2,7,429228,16762,2936,2921,9427,10885,2923,7084,17930,14731,14748,M,Arabika Ratawali Aceh,M-RAT,F:\MBKM ADB ENOSE\smart-coffee-v2\scripts\..\data\medium_20260813_160059.csv
medium,purging,2,8,430227,16615,2937,2918,9427,10873,2923,7078,17873,14655,14691,M,Arabika Ratawali Aceh,M-RAT,F:\MBKM ADB ENOSE\smart-coffee-v2\scripts\..\data\medium_20260813_160059.csv
medium,purging,2,9,431227,16451,2939,2917,9427,10855,2920,7072,17810,14564,14636,M,Arabika Ratawali Aceh,M-RAT,F:\MBKM ADB ENOSE\smart-coffee-v2\scripts\..\data\medium_20260813_160059.csv
medium,purging,2,10,432227,16275,2939,2923,9427,10834,2923,7069,17746,14467,14574,M,Arabika Ratawali Aceh,M-RAT,F:\MBKM ADB ENOSE\smart-coffee-v2\scripts\..\data\medium_20260813_160059.csv
medium,purging,2,11,433227,16094,2939,2923,9428,10809,2920,7064,17682,14364,14511,M,Arabika Ratawali Aceh,M-RAT,F:\MBKM ADB ENOSE\smart-coffee-v2\scripts\..\data\medium_20260813_160059.csv
medium,purging,2,12,434228,15910,2934,2922,9427,10781,2922,7056,17619,14260,14451,M,Arabika Ratawali Aceh,M-RAT,F:\MBKM ADB ENOSE\smart-coffee-v2\scripts\..\data\medium_20260813_160059.csv
medium,purging,2,13,435227,15726,2934,2917,9428,10752,2921,7049,17560,14157,14394,M,Arabika Ratawali Aceh,M-RAT,F:\MBKM ADB ENOSE\smart-coffee-v2\scripts\..\data\medium_20260813_160059.csv
medium,purging,2,14,436228,15545,2934,2918,9428,10723,2923,7042,17503,14058,14340,M,Arabika Ratawali Aceh,M-RAT,F:\MBKM ADB ENOSE\smart-coffee-v2\scripts\..\data\medium_20260813_160059.csv
medium,purging,2,15,437227,15370,2934,2919,9427,10695,2921,7036,17450,13964,14289,M,Arabika Ratawali Aceh,M-RAT,F:\MBKM ADB ENOSE\smart-coffee-v2\scripts\..\data\medium_20260813_160059.csv
medium,purging,2,16,438227,15199,2934,2918,9428,10667,2921,7031,17400,13873,14243,M,Arabika Ratawali Aceh,M-RAT,F:\MBKM ADB ENOSE\smart-coffee-v2\scripts\..\data\medium_20260813_160059.csv
medium,purging,2,17,439227,15037,2934,2919,9428,10642,2922,7028,17353,13789,14199,M,Arabika Ratawali Aceh,M-RAT,F:\MBKM ADB ENOSE\smart-coffee-v2\scripts\..\data\medium_20260813_160059.csv
medium,purging,2,18,440227,14880,2932,2921,9428,10618,2923,7023,17308,13708,14157,M,Arabika Ratawali Aceh,M-RAT,F:\MBKM ADB ENOSE\smart-coffee-v2\scripts\..\data\medium_20260813_160059.csv
medium,purging,2,19,441227,14733,2936,2919,9428,10595,2919,7019,17266,13631,14117,M,Arabika Ratawali Aceh,M-RAT,F:\MBKM ADB ENOSE\smart-coffee-v2\scripts\..\data\medium_20260813_160059.csv
medium,purging,2,20,442227,14594,2933,2920,9428,10573,2922,7014,17225,13558,14078,M,Arabika Ratawali Aceh,M-RAT,F:\MBKM ADB ENOSE\smart-coffee-v2\scripts\..\data\medium_20260813_160059.csv
medium,purging,2,21,443228,14463,2932,2918,9429,10552,2921,7012,17186,13488,14043,M,Arabika Ratawali Aceh,M-RAT,F:\MBKM ADB ENOSE\smart-coffee-v2\scripts\..\data\medium_20260813_160059.csv
medium,purging,2,22,444227,14341,2934,2918,9428,10533,2921,7008,17149,13422,14009,M,Arabika Ratawali Aceh,M-RAT,F:\MBKM ADB ENOSE\smart-coffee-v2\scripts\..\data\medium_20260813_160059.csv
medium,purging,2,23,445228,14225,2935,2921,9428,10515,2922,7005,17115,13359,13976,M,Arabika Ratawali Aceh,M-RAT,F:\MBKM ADB ENOSE\smart-coffee-v2\scripts\..\data\medium_20260813_160059.csv
medium,purging,2,24,446227,14117,2933,2921,9429,10498,2923,7002,17081,13299,13944,M,Arabika Ratawali Aceh,M-RAT,F:\MBKM ADB ENOSE\smart-coffee-v2\scripts\..\data\medium_20260813_160059.csv
medium,purging,2,25,447227,14016,2933,2922,9429,10482,2919,6998,17048,13241,13915,M,Arabika Ratawali Aceh,M-RAT,F:\MBKM ADB ENOSE\smart-coffee-v2\scripts\..\data\medium_20260813_160059.csv
medium,purging,2,26,448227,13921,2932,2918,9429,10466,2922,6996,17017,13186,13886,M,Arabika Ratawali Aceh,M-RAT,F:\MBKM ADB ENOSE\smart-coffee-v2\scripts\..\data\medium_20260813_160059.csv
medium,purging,2,27,449227,13831,2936,2918,9429,10451,2922,6993,16986,13132,13858,M,Arabika Ratawali Aceh,M-RAT,F:\MBKM ADB ENOSE\smart-coffee-v2\scripts\..\data\medium_20260813_160059.csv
medium,purging,2,28,450228,13747,2931,2920,9429,10438,2922,6990,16956,13081,13831,M,Arabika Ratawali Aceh,M-RAT,F:\MBKM ADB ENOSE\smart-coffee-v2\scripts\..\data\medium_20260813_160059.csv
medium,purging,2,29,451227,13669,2931,2918,9429,10424,2921,6987,16927,13031,13804,M,Arabika Ratawali Aceh,M-RAT,F:\MBKM ADB ENOSE\smart-coffee-v2\scripts\..\data\medium_20260813_160059.csv
medium,purging,2,30,452228,13595,2932,2917,9429,10411,2919,6984,16899,12983,13778,M,Arabika Ratawali Aceh,M-RAT,F:\MBKM ADB ENOSE\smart-coffee-v2\scripts\..\data\medium_20260813_160059.csv
medium,purging,2,31,453227,13527,2931,2919,9429,10398,2921,6981,16872,12936,13753,M,Arabika Ratawali Aceh,M-RAT,F:\MBKM ADB ENOSE\smart-coffee-v2\scripts\..\data\medium_20260813_160059.csv
medium,purging,2,32,454227,13461,2932,2921,9429,10385,2922,6979,16845,12890,13730,M,Arabika Ratawali Aceh,M-RAT,F:\MBKM ADB ENOSE\smart-coffee-v2\scripts\..\data\medium_20260813_160059.csv
medium,purging,2,33,455227,13400,2932,2921,9429,10373,2923,6976,16819,12846,13707,M,Arabika Ratawali Aceh,M-RAT,F:\MBKM ADB ENOSE\smart-coffee-v2\scripts\..\data\medium_20260813_160059.csv
medium,purging,2,34,456227,13341,2931,2919,9429,10362,2922,6974,16794,12804,13688,M,Arabika Ratawali Aceh,M-RAT,F:\MBKM ADB ENOSE\smart-coffee-v2\scripts\..\data\medium_20260813_160059.csv
medium,purging,2,35,457227,13286,2933,2921,9429,10353,2919,6974,16772,12764,13671,M,Arabika Ratawali Aceh,M-RAT,F:\MBKM ADB ENOSE\smart-coffee-v2\scripts\..\data\medium_20260813_160059.csv
medium,purging,2,36,458227,13233,2932,2919,9429,10345,2921,6975,16750,12727,13654,M,Arabika Ratawali Aceh,M-RAT,F:\MBKM ADB ENOSE\smart-coffee-v2\scripts\..\data\medium_20260813_160059.csv
medium,purging,2,37,459228,13184,2933,2920,9429,10337,2919,6976,16729,12690,13635,M,Arabika Ratawali Aceh,M-RAT,F:\MBKM ADB ENOSE\smart-coffee-v2\scripts\..\data\medium_20260813_160059.csv
medium,purging,2,38,460227,13136,2933,2918,9430,10329,2920,6975,16707,12654,13616,M,Arabika Ratawali Aceh,M-RAT,F:\MBKM ADB ENOSE\smart-coffee-v2\scripts\..\data\medium_20260813_160059.csv
medium,purging,2,39,461228,13091,2933,2921,9430,10321,2921,6974,16685,12619,13598,M,Arabika Ratawali Aceh,M-RAT,F:\MBKM ADB ENOSE\smart-coffee-v2\scripts\..\data\medium_20260813_160059.csv
medium,purging,2,40,462227,13047,2930,2921,9429,10314,2922,6972,16664,12584,13580,M,Arabika Ratawali Aceh,M-RAT,F:\MBKM ADB ENOSE\smart-coffee-v2\scripts\..\data\medium_20260813_160059.csv
medium,purging,2,41,463227,13005,2930,2918,9429,10305,2921,6971,16642,12550,13563,M,Arabika Ratawali Aceh,M-RAT,F:\MBKM ADB ENOSE\smart-coffee-v2\scripts\..\data\medium_20260813_160059.csv
medium,purging,2,42,464227,12963,2932,2917,9430,10298,2923,6970,16621,12516,13548,M,Arabika Ratawali Aceh,M-RAT,F:\MBKM ADB ENOSE\smart-coffee-v2\scripts\..\data\medium_20260813_160059.csv
medium,purging,2,43,465227,12924,2930,2923,9430,10291,2919,6969,16602,12485,13533,M,Arabika Ratawali Aceh,M-RAT,F:\MBKM ADB ENOSE\smart-coffee-v2\scripts\..\data\medium_20260813_160059.csv
medium,purging,2,44,466228,12886,2933,2920,9430,10285,2923,6970,16583,12454,13519,M,Arabika Ratawali Aceh,M-RAT,F:\MBKM ADB ENOSE\smart-coffee-v2\scripts\..\data\medium_20260813_160059.csv
medium,purging,2,45,467227,12849,2931,2921,9430,10279,2921,6970,16566,12424,13506,M,Arabika Ratawali Aceh,M-RAT,F:\MBKM ADB ENOSE\smart-coffee-v2\scripts\..\data\medium_20260813_160059.csv
medium,purging,2,46,468228,12813,2933,2921,9429,10273,2922,6970,16548,12394,13494,M,Arabika Ratawali Aceh,M-RAT,F:\MBKM ADB ENOSE\smart-coffee-v2\scripts\..\data\medium_20260813_160059.csv
medium,purging,2,47,469227,12778,2931,2922,9429,10271,2918,6973,16532,12368,13491,M,Arabika Ratawali Aceh,M-RAT,F:\MBKM ADB ENOSE\smart-coffee-v2\scripts\..\data\medium_20260813_160059.csv
medium,purging,2,48,470227,12745,2930,2922,9430,10278,2919,6983,16519,12353,13494,M,Arabika Ratawali Aceh,M-RAT,F:\MBKM ADB ENOSE\smart-coffee-v2\scripts\..\data\medium_20260813_160059.csv
medium,purging,2,49,471227,12712,2931,2921,9431,10284,2920,6994,16509,12341,13496,M,Arabika Ratawali Aceh,M-RAT,F:\MBKM ADB ENOSE\smart-coffee-v2\scripts\..\data\medium_20260813_160059.csv
medium,purging,2,50,472227,12681,2933,2919,9431,10290,2921,7006,16500,12330,13493,M,Arabika Ratawali Aceh,M-RAT,F:\MBKM ADB ENOSE\smart-coffee-v2\scripts\..\data\medium_20260813_160059.csv
medium,purging,2,51,473227,12651,2930,2918,9432,10292,2920,7012,16487,12312,13483,M,Arabika Ratawali Aceh,M-RAT,F:\MBKM ADB ENOSE\smart-coffee-v2\scripts\..\data\medium_20260813_160059.csv
medium,purging,2,52,474227,12623,2930,2918,9432,10292,2921,7015,16472,12294,13473,M,Arabika Ratawali Aceh,M-RAT,F:\MBKM ADB ENOSE\smart-coffee-v2\scripts\..\data\medium_20260813_160059.csv
medium,purging,2,53,475228,12596,2930,2921,9432,10289,2919,7014,16455,12273,13456,M,Arabika Ratawali Aceh,M-RAT,F:\MBKM ADB ENOSE\smart-coffee-v2\scripts\..\data\medium_20260813_160059.csv
medium,purging,2,54,476227,12569,2929,2921,9432,10282,2920,7011,16437,12247,13443,M,Arabika Ratawali Aceh,M-RAT,F:\MBKM ADB ENOSE\smart-coffee-v2\scripts\..\data\medium_20260813_160059.csv
medium,purging,2,55,477228,12544,2934,2918,9432,10279,2919,7010,16420,12224,13442,M,Arabika Ratawali Aceh,M-RAT,F:\MBKM ADB ENOSE\smart-coffee-v2\scripts\..\data\medium_20260813_160059.csv
medium,purging,2,56,478227,12520,2929,2919,9433,10282,2919,7015,16409,12212,13437,M,Arabika Ratawali Aceh,M-RAT,F:\MBKM ADB ENOSE\smart-coffee-v2\scripts\..\data\medium_20260813_160059.csv
medium,purging,2,57,479227,12495,2929,2919,9433,10280,2919,7018,16396,12194,13424,M,Arabika Ratawali Aceh,M-RAT,F:\MBKM ADB ENOSE\smart-coffee-v2\scripts\..\data\medium_20260813_160059.csv
medium,purging,2,58,480227,12470,2929,2922,9434,10276,2919,7016,16380,12171,13419,M,Arabika Ratawali Aceh,M-RAT,F:\MBKM ADB ENOSE\smart-coffee-v2\scripts\..\data\medium_20260813_160059.csv
medium,purging,2,59,481227,12448,2929,2919,9434,10282,2919,7021,16368,12160,13423,M,Arabika Ratawali Aceh,M-RAT,F:\MBKM ADB ENOSE\smart-coffee-v2\scripts\..\data\medium_20260813_160059.csv
medium,purging,2,60,482228,12425,2932,2921,9435,10288,2922,7029,16358,12153,13416,M,Arabika Ratawali Aceh,M-RAT,F:\MBKM ADB ENOSE\smart-coffee-v2\scripts\..\data\medium_20260813_160059.csv
medium,purging,2,61,483227,12401,2928,2921,9436,10286,2923,7030,16345,12137,13405,M,Arabika Ratawali Aceh,M-RAT,F:\MBKM ADB ENOSE\smart-coffee-v2\scripts\..\data\medium_20260813_160059.csv
medium,collecting,3,1,484232,12377,2928,2920,9436,10281,2923,7028,16330,12115,13392,M,Arabika Ratawali Aceh,M-RAT,F:\MBKM ADB ENOSE\smart-coffee-v2\scripts\..\data\medium_20260813_160059.csv
medium,collecting,3,2,485227,12355,2928,2921,9435,10272,2922,7023,16314,12089,13374,M,Arabika Ratawali Aceh,M-RAT,F:\MBKM ADB ENOSE\smart-coffee-v2\scripts\..\data\medium_20260813_160059.csv
medium,collecting,3,3,486227,12332,2930,2919,9435,10262,2922,7016,16296,12060,13362,M,Arabika Ratawali Aceh,M-RAT,F:\MBKM ADB ENOSE\smart-coffee-v2\scripts\..\data\medium_20260813_160059.csv
medium,collecting,3,4,487227,12310,2933,2921,9434,10255,2923,7012,16280,12033,13358,M,Arabika Ratawali Aceh,M-RAT,F:\MBKM ADB ENOSE\smart-coffee-v2\scripts\..\data\medium_20260813_160059.csv
medium,collecting,3,5,488227,12294,2930,2919,9435,10250,2921,7013,16269,12008,13351,M,Arabika Ratawali Aceh,M-RAT,F:\MBKM ADB ENOSE\smart-coffee-v2\scripts\..\data\medium_20260813_160059.csv
medium,collecting,3,6,489227,12374,2929,2919,9434,10251,2923,7022,16264,11999,13388,M,Arabika Ratawali Aceh,M-RAT,F:\MBKM ADB ENOSE\smart-coffee-v2\scripts\..\data\medium_20260813_160059.csv
medium,collecting,3,7,490227,12602,2931,2921,9434,10272,2919,7049,16291,12040,13446,M,Arabika Ratawali Aceh,M-RAT,F:\MBKM ADB ENOSE\smart-coffee-v2\scripts\..\data\medium_20260813_160059.csv
medium,collecting,3,8,491228,12872,2930,2918,9434,10306,2923,7079,16342,12117,13513,M,Arabika Ratawali Aceh,M-RAT,F:\MBKM ADB ENOSE\smart-coffee-v2\scripts\..\data\medium_20260813_160059.csv
medium,collecting,3,9,492227,13194,2933,2917,9434,10347,2919,7112,16406,12225,13595,M,Arabika Ratawali Aceh,M-RAT,F:\MBKM ADB ENOSE\smart-coffee-v2\scripts\..\data\medium_20260813_160059.csv
medium,collecting,3,10,493228,13557,2934,2919,9434,10396,2919,7148,16480,12367,13685,M,Arabika Ratawali Aceh,M-RAT,F:\MBKM ADB ENOSE\smart-coffee-v2\scripts\..\data\medium_20260813_160059.csv
medium,collecting,3,11,494227,13897,2936,2918,9434,10447,2919,7179,16564,12522,13767,M,Arabika Ratawali Aceh,M-RAT,F:\MBKM ADB ENOSE\smart-coffee-v2\scripts\..\data\medium_20260813_160059.csv
medium,collecting,3,12,495227,14239,2934,2918,9434,10498,2920,7207,16645,12685,13856,M,Arabika Ratawali Aceh,M-RAT,F:\MBKM ADB ENOSE\smart-coffee-v2\scripts\..\data\medium_20260813_160059.csv
medium,collecting,3,13,496227,14563,2936,2919,9434,10548,2921,7231,16730,12857,13940,M,Arabika Ratawali Aceh,M-RAT,F:\MBKM ADB ENOSE\smart-coffee-v2\scripts\..\data\medium_20260813_160059.csv
medium,collecting,3,14,497227,14830,2936,2922,9434,10592,2918,7247,16813,13019,14011,M,Arabika Ratawali Aceh,M-RAT,F:\MBKM ADB ENOSE\smart-coffee-v2\scripts\..\data\medium_20260813_160059.csv
medium,collecting,3,15,498228,15045,2932,2921,9434,10629,2923,7256,16883,13161,14068,M,Arabika Ratawali Aceh,M-RAT,F:\MBKM ADB ENOSE\smart-coffee-v2\scripts\..\data\medium_20260813_160059.csv
medium,collecting,3,16,499227,15216,2935,2920,9435,10659,2921,7260,16941,13282,14112,M,Arabika Ratawali Aceh,M-RAT,F:\MBKM ADB ENOSE\smart-coffee-v2\scripts\..\data\medium_20260813_160059.csv
medium,collecting,3,17,500228,15339,2932,2921,9435,10681,2921,7257,16984,13378,14140,M,Arabika Ratawali Aceh,M-RAT,F:\MBKM ADB ENOSE\smart-coffee-v2\scripts\..\data\medium_20260813_160059.csv
medium,collecting,3,18,501227,15411,2932,2919,9434,10693,2922,7249,17012,13444,14151,M,Arabika Ratawali Aceh,M-RAT,F:\MBKM ADB ENOSE\smart-coffee-v2\scripts\..\data\medium_20260813_160059.csv
medium,collecting,3,19,502227,15442,2933,2919,9435,10696,2923,7235,17022,13479,14146,M,Arabika Ratawali Aceh,M-RAT,F:\MBKM ADB ENOSE\smart-coffee-v2\scripts\..\data\medium_20260813_160059.csv
medium,collecting,3,20,503227,15437,2933,2918,9435,10691,2924,7218,17021,13490,14132,M,Arabika Ratawali Aceh,M-RAT,F:\MBKM ADB ENOSE\smart-coffee-v2\scripts\..\data\medium_20260813_160059.csv
medium,collecting,3,21,504227,15401,2934,2920,9435,10680,2918,7200,17008,13478,14109,M,Arabika Ratawali Aceh,M-RAT,F:\MBKM ADB ENOSE\smart-coffee-v2\scripts\..\data\medium_20260813_160059.csv
medium,collecting,3,22,505227,15343,2936,2917,9435,10666,2923,7183,16985,13447,14091,M,Arabika Ratawali Aceh,M-RAT,F:\MBKM ADB ENOSE\smart-coffee-v2\scripts\..\data\medium_20260813_160059.csv
medium,collecting,3,23,506227,15298,2936,2918,9435,10654,2922,7175,16964,13416,14085,M,Arabika Ratawali Aceh,M-RAT,F:\MBKM ADB ENOSE\smart-coffee-v2\scripts\..\data\medium_20260813_160059.csv
medium,collecting,3,24,507228,15265,2932,2917,9435,10647,2921,7171,16955,13393,14078,M,Arabika Ratawali Aceh,M-RAT,F:\MBKM ADB ENOSE\smart-coffee-v2\scripts\..\data\medium_20260813_160059.csv
medium,collecting,3,25,508227,15234,2933,2919,9435,10642,2919,7168,16948,13373,14076,M,Arabika Ratawali Aceh,M-RAT,F:\MBKM ADB ENOSE\smart-coffee-v2\scripts\..\data\medium_20260813_160059.csv
medium,collecting,3,26,509228,15227,2936,2919,9435,10640,2923,7170,16947,13365,14087,M,Arabika Ratawali Aceh,M-RAT,F:\MBKM ADB ENOSE\smart-coffee-v2\scripts\..\data\medium_20260813_160059.csv
medium,collecting,3,27,510227,15219,2934,2919,9435,10642,2919,7173,16952,13363,14093,M,Arabika Ratawali Aceh,M-RAT,F:\MBKM ADB ENOSE\smart-coffee-v2\scripts\..\data\medium_20260813_160059.csv
medium,collecting,3,28,511227,15219,2935,2917,9435,10646,2919,7178,16958,13368,14104,M,Arabika Ratawali Aceh,M-RAT,F:\MBKM ADB ENOSE\smart-coffee-v2\scripts\..\data\medium_20260813_160059.csv
medium,collecting,3,29,512227,15202,2933,2917,9436,10649,2919,7180,16964,13369,14108,M,Arabika Ratawali Aceh,M-RAT,F:\MBKM ADB ENOSE\smart-coffee-v2\scripts\..\data\medium_20260813_160059.csv
medium,collecting,3,30,513227,15166,2936,2918,9436,10651,2923,7183,16964,13362,14112,M,Arabika Ratawali Aceh,M-RAT,F:\MBKM ADB ENOSE\smart-coffee-v2\scripts\..\data\medium_20260813_160059.csv
medium,collecting,3,31,514228,15125,2936,2919,9436,10654,2919,7190,16959,13352,14114,M,Arabika Ratawali Aceh,M-RAT,F:\MBKM ADB ENOSE\smart-coffee-v2\scripts\..\data\medium_20260813_160059.csv
medium,collecting,3,32,515227,15082,2932,2920,9437,10655,2921,7195,16952,13338,14110,M,Arabika Ratawali Aceh,M-RAT,F:\MBKM ADB ENOSE\smart-coffee-v2\scripts\..\data\medium_20260813_160059.csv
medium,collecting,3,33,516228,15029,2932,2917,9436,10655,2921,7197,16942,13319,14099,M,Arabika Ratawali Aceh,M-RAT,F:\MBKM ADB ENOSE\smart-coffee-v2\scripts\..\data\medium_20260813_160059.csv
medium,collecting,3,34,517227,14967,2934,2919,9437,10651,2917,7195,16927,13293,14082,M,Arabika Ratawali Aceh,M-RAT,F:\MBKM ADB ENOSE\smart-coffee-v2\scripts\..\data\medium_20260813_160059.csv
medium,collecting,3,35,518227,14899,2932,2916,9437,10643,2920,7191,16908,13261,14060,M,Arabika Ratawali Aceh,M-RAT,F:\MBKM ADB ENOSE\smart-coffee-v2\scripts\..\data\medium_20260813_160059.csv
medium,collecting,3,36,519227,14832,2931,2918,9437,10632,2920,7184,16886,13222,14035,M,Arabika Ratawali Aceh,M-RAT,F:\MBKM ADB ENOSE\smart-coffee-v2\scripts\..\data\medium_20260813_160059.csv
medium,collecting,3,37,520227,14764,2933,2916,9437,10618,2920,7174,16862,13182,14009,M,Arabika Ratawali Aceh,M-RAT,F:\MBKM ADB ENOSE\smart-coffee-v2\scripts\..\data\medium_20260813_160059.csv
medium,collecting,3,38,521227,14702,2934,2918,9437,10603,2923,7162,16839,13140,13983,M,Arabika Ratawali Aceh,M-RAT,F:\MBKM ADB ENOSE\smart-coffee-v2\scripts\..\data\medium_20260813_160059.csv
medium,collecting,3,39,522227,14642,2932,2918,9437,10588,2922,7151,16816,13098,13959,M,Arabika Ratawali Aceh,M-RAT,F:\MBKM ADB ENOSE\smart-coffee-v2\scripts\..\data\medium_20260813_160059.csv
medium,collecting,3,40,523228,14587,2934,2917,9437,10573,2918,7140,16795,13058,13936,M,Arabika Ratawali Aceh,M-RAT,F:\MBKM ADB ENOSE\smart-coffee-v2\scripts\..\data\medium_20260813_160059.csv
medium,collecting,3,41,524227,14539,2934,2918,9436,10558,2921,7130,16775,13021,13916,M,Arabika Ratawali Aceh,M-RAT,F:\MBKM ADB ENOSE\smart-coffee-v2\scripts\..\data\medium_20260813_160059.csv
medium,collecting,3,42,525228,14494,2933,2917,9437,10544,2921,7121,16758,12985,13897,M,Arabika Ratawali Aceh,M-RAT,F:\MBKM ADB ENOSE\smart-coffee-v2\scripts\..\data\medium_20260813_160059.csv
medium,collecting,3,43,526227,14454,2934,2917,9437,10531,2920,7113,16742,12951,13880,M,Arabika Ratawali Aceh,M-RAT,F:\MBKM ADB ENOSE\smart-coffee-v2\scripts\..\data\medium_20260813_160059.csv
medium,collecting,3,44,527227,14419,2932,2918,9437,10519,2917,7105,16727,12920,13865,M,Arabika Ratawali Aceh,M-RAT,F:\MBKM ADB ENOSE\smart-coffee-v2\scripts\..\data\medium_20260813_160059.csv
medium,collecting,3,45,528227,14387,2931,2918,9436,10507,2923,7099,16714,12890,13850,M,Arabika Ratawali Aceh,M-RAT,F:\MBKM ADB ENOSE\smart-coffee-v2\scripts\..\data\medium_20260813_160059.csv
medium,collecting,3,46,529227,14359,2934,2918,9436,10498,2920,7093,16702,12865,13836,M,Arabika Ratawali Aceh,M-RAT,F:\MBKM ADB ENOSE\smart-coffee-v2\scripts\..\data\medium_20260813_160059.csv
medium,collecting,3,47,530228,14335,2934,2919,9436,10489,2919,7088,16691,12840,13824,M,Arabika Ratawali Aceh,M-RAT,F:\MBKM ADB ENOSE\smart-coffee-v2\scripts\..\data\medium_20260813_160059.csv
medium,collecting,3,48,531227,14315,2934,2918,9436,10479,2919,7083,16681,12817,13812,M,Arabika Ratawali Aceh,M-RAT,F:\MBKM ADB ENOSE\smart-coffee-v2\scripts\..\data\medium_20260813_160059.csv
medium,collecting,3,49,532228,14296,2934,2919,9436,10470,2919,7078,16672,12796,13800,M,Arabika Ratawali Aceh,M-RAT,F:\MBKM ADB ENOSE\smart-coffee-v2\scripts\..\data\medium_20260813_160059.csv
medium,collecting,3,50,533227,14282,2933,2918,9436,10463,2920,7074,16663,12775,13789,M,Arabika Ratawali Aceh,M-RAT,F:\MBKM ADB ENOSE\smart-coffee-v2\scripts\..\data\medium_20260813_160059.csv
medium,collecting,3,51,534227,14268,2931,2918,9436,10456,2922,7070,16653,12756,13780,M,Arabika Ratawali Aceh,M-RAT,F:\MBKM ADB ENOSE\smart-coffee-v2\scripts\..\data\medium_20260813_160059.csv
medium,collecting,3,52,535227,14254,2934,2916,9436,10449,2918,7067,16646,12739,13772,M,Arabika Ratawali Aceh,M-RAT,F:\MBKM ADB ENOSE\smart-coffee-v2\scripts\..\data\medium_20260813_160059.csv
medium,collecting,3,53,536227,14243,2934,2918,9436,10443,2918,7063,16638,12723,13764,M,Arabika Ratawali Aceh,M-RAT,F:\MBKM ADB ENOSE\smart-coffee-v2\scripts\..\data\medium_20260813_160059.csv
medium,collecting,3,54,537227,14233,2934,2917,9436,10439,2920,7062,16631,12709,13759,M,Arabika Ratawali Aceh,M-RAT,F:\MBKM ADB ENOSE\smart-coffee-v2\scripts\..\data\medium_20260813_160059.csv
medium,collecting,3,55,538227,14226,2933,2917,9436,10437,2919,7061,16626,12698,13755,M,Arabika Ratawali Aceh,M-RAT,F:\MBKM ADB ENOSE\smart-coffee-v2\scripts\..\data\medium_20260813_160059.csv
medium,collecting,3,56,539228,14217,2931,2918,9436,10435,2919,7061,16621,12689,13752,M,Arabika Ratawali Aceh,M-RAT,F:\MBKM ADB ENOSE\smart-coffee-v2\scripts\..\data\medium_20260813_160059.csv
medium,collecting,3,57,540227,14211,2934,2919,9436,10434,2921,7062,16617,12680,13748,M,Arabika Ratawali Aceh,M-RAT,F:\MBKM ADB ENOSE\smart-coffee-v2\scripts\..\data\medium_20260813_160059.csv
medium,collecting,3,58,541228,14205,2932,2918,9436,10432,2922,7062,16612,12671,13744,M,Arabika Ratawali Aceh,M-RAT,F:\MBKM ADB ENOSE\smart-coffee-v2\scripts\..\data\medium_20260813_160059.csv
medium,collecting,3,59,542227,14198,2933,2917,9436,10431,2920,7063,16607,12663,13740,M,Arabika Ratawali Aceh,M-RAT,F:\MBKM ADB ENOSE\smart-coffee-v2\scripts\..\data\medium_20260813_160059.csv
medium,collecting,3,60,543227,14192,2930,2917,9436,10427,2917,7062,16602,12653,13736,M,Arabika Ratawali Aceh,M-RAT,F:\MBKM ADB ENOSE\smart-coffee-v2\scripts\..\data\medium_20260813_160059.csv
medium,collecting,3,61,544227,14186,2932,2917,9436,10425,2920,7061,16598,12643,13730,M,Arabika Ratawali Aceh,M-RAT,F:\MBKM ADB ENOSE\smart-coffee-v2\scripts\..\data\medium_20260813_160059.csv
medium,collecting,3,62,545227,14181,2933,2916,9436,10421,2919,7060,16593,12633,13724,M,Arabika Ratawali Aceh,M-RAT,F:\MBKM ADB ENOSE\smart-coffee-v2\scripts\..\data\medium_20260813_160059.csv
medium,collecting,3,63,546228,14177,2934,2916,9436,10418,2920,7058,16587,12623,13718,M,Arabika Ratawali Aceh,M-RAT,F:\MBKM ADB ENOSE\smart-coffee-v2\scripts\..\data\medium_20260813_160059.csv
medium,collecting,3,64,547227,14174,2931,2917,9436,10413,2918,7055,16582,12613,13710,M,Arabika Ratawali Aceh,M-RAT,F:\MBKM ADB ENOSE\smart-coffee-v2\scripts\..\data\medium_20260813_160059.csv
medium,collecting,3,65,548228,14171,2931,2916,9436,10408,2920,7053,16577,12601,13704,M,Arabika Ratawali Aceh,M-RAT,F:\MBKM ADB ENOSE\smart-coffee-v2\scripts\..\data\medium_20260813_160059.csv
medium,collecting,3,66,549227,14167,2931,2916,9435,10403,2919,7049,16572,12591,13698,M,Arabika Ratawali Aceh,M-RAT,F:\MBKM ADB ENOSE\smart-coffee-v2\scripts\..\data\medium_20260813_160059.csv
medium,collecting,3,67,550227,14164,2932,2916,9435,10398,2920,7046,16567,12580,13691,M,Arabika Ratawali Aceh,M-RAT,F:\MBKM ADB ENOSE\smart-coffee-v2\scripts\..\data\medium_20260813_160059.csv
medium,collecting,3,68,551227,14162,2931,2916,9434,10393,2921,7043,16562,12569,13685,M,Arabika Ratawali Aceh,M-RAT,F:\MBKM ADB ENOSE\smart-coffee-v2\scripts\..\data\medium_20260813_160059.csv
medium,collecting,3,69,552227,14159,2930,2920,9434,10388,2922,7040,16557,12558,13679,M,Arabika Ratawali Aceh,M-RAT,F:\MBKM ADB ENOSE\smart-coffee-v2\scripts\..\data\medium_20260813_160059.csv
medium,collecting,3,70,553227,14155,2931,2915,9434,10383,2919,7038,16552,12548,13674,M,Arabika Ratawali Aceh,M-RAT,F:\MBKM ADB ENOSE\smart-coffee-v2\scripts\..\data\medium_20260813_160059.csv
medium,collecting,3,71,554227,14152,2931,2916,9434,10379,2918,7036,16549,12538,13669,M,Arabika Ratawali Aceh,M-RAT,F:\MBKM ADB ENOSE\smart-coffee-v2\scripts\..\data\medium_20260813_160059.csv
medium,collecting,3,72,555228,14148,2933,2916,9433,10375,2919,7034,16546,12529,13664,M,Arabika Ratawali Aceh,M-RAT,F:\MBKM ADB ENOSE\smart-coffee-v2\scripts\..\data\medium_20260813_160059.csv
medium,collecting,3,73,556227,14146,2931,2916,9433,10371,2921,7033,16541,12521,13661,M,Arabika Ratawali Aceh,M-RAT,F:\MBKM ADB ENOSE\smart-coffee-v2\scripts\..\data\medium_20260813_160059.csv
medium,collecting,3,74,557228,14144,2932,2917,9433,10369,2920,7032,16536,12514,13657,M,Arabika Ratawali Aceh,M-RAT,F:\MBKM ADB ENOSE\smart-coffee-v2\scripts\..\data\medium_20260813_160059.csv
medium,collecting,3,75,558227,14142,2933,2916,9433,10367,2919,7030,16533,12507,13654,M,Arabika Ratawali Aceh,M-RAT,F:\MBKM ADB ENOSE\smart-coffee-v2\scripts\..\data\medium_20260813_160059.csv
medium,collecting,3,76,559227,14142,2930,2916,9432,10364,2917,7030,16530,12500,13650,M,Arabika Ratawali Aceh,M-RAT,F:\MBKM ADB ENOSE\smart-coffee-v2\scripts\..\data\medium_20260813_160059.csv
medium,collecting,3,77,560227,14142,2934,2916,9431,10362,2917,7028,16527,12494,13648,M,Arabika Ratawali Aceh,M-RAT,F:\MBKM ADB ENOSE\smart-coffee-v2\scripts\..\data\medium_20260813_160059.csv
medium,collecting,3,78,561227,14143,2930,2916,9431,10359,2920,7027,16524,12489,13644,M,Arabika Ratawali Aceh,M-RAT,F:\MBKM ADB ENOSE\smart-coffee-v2\scripts\..\data\medium_20260813_160059.csv
medium,collecting,3,79,562228,14145,2933,2920,9431,10356,2919,7026,16521,12483,13642,M,Arabika Ratawali Aceh,M-RAT,F:\MBKM ADB ENOSE\smart-coffee-v2\scripts\..\data\medium_20260813_160059.csv
medium,collecting,3,80,563227,14148,2934,2915,9431,10354,2920,7026,16519,12479,13639,M,Arabika Ratawali Aceh,M-RAT,F:\MBKM ADB ENOSE\smart-coffee-v2\scripts\..\data\medium_20260813_160059.csv
medium,collecting,3,81,564228,14151,2934,2916,9430,10352,2919,7025,16518,12475,13638,M,Arabika Ratawali Aceh,M-RAT,F:\MBKM ADB ENOSE\smart-coffee-v2\scripts\..\data\medium_20260813_160059.csv
medium,collecting,3,82,565227,14155,2931,2918,9430,10350,2917,7024,16517,12472,13635,M,Arabika Ratawali Aceh,M-RAT,F:\MBKM ADB ENOSE\smart-coffee-v2\scripts\..\data\medium_20260813_160059.csv
medium,collecting,3,83,566227,14158,2932,2915,9429,10348,2916,7023,16516,12468,13633,M,Arabika Ratawali Aceh,M-RAT,F:\MBKM ADB ENOSE\smart-coffee-v2\scripts\..\data\medium_20260813_160059.csv
medium,collecting,3,84,567227,14163,2931,2916,9429,10347,2915,7022,16513,12464,13631,M,Arabika Ratawali Aceh,M-RAT,F:\MBKM ADB ENOSE\smart-coffee-v2\scripts\..\data\medium_20260813_160059.csv
medium,collecting,3,85,568227,14168,2932,2917,9429,10345,2918,7021,16512,12460,13629,M,Arabika Ratawali Aceh,M-RAT,F:\MBKM ADB ENOSE\smart-coffee-v2\scripts\..\data\medium_20260813_160059.csv
medium,collecting,3,86,569227,14171,2932,2916,9428,10344,2917,7021,16511,12456,13627,M,Arabika Ratawali Aceh,M-RAT,F:\MBKM ADB ENOSE\smart-coffee-v2\scripts\..\data\medium_20260813_160059.csv
medium,collecting,3,87,570227,14175,2931,2916,9429,10343,2915,7020,16511,12454,13626,M,Arabika Ratawali Aceh,M-RAT,F:\MBKM ADB ENOSE\smart-coffee-v2\scripts\..\data\medium_20260813_160059.csv
medium,collecting,3,88,571228,14180,2931,2917,9428,10341,2919,7019,16510,12451,13624,M,Arabika Ratawali Aceh,M-RAT,F:\MBKM ADB ENOSE\smart-coffee-v2\scripts\..\data\medium_20260813_160059.csv
medium,collecting,3,89,572227,14184,2933,2917,9428,10340,2916,7019,16507,12449,13622,M,Arabika Ratawali Aceh,M-RAT,F:\MBKM ADB ENOSE\smart-coffee-v2\scripts\..\data\medium_20260813_160059.csv
medium,collecting,3,90,573228,14189,2932,2917,9427,10338,2919,7017,16506,12446,13621,M,Arabika Ratawali Aceh,M-RAT,F:\MBKM ADB ENOSE\smart-coffee-v2\scripts\..\data\medium_20260813_160059.csv
medium,collecting,3,91,574227,14193,2933,2916,9427,10336,2917,7017,16504,12443,13620,M,Arabika Ratawali Aceh,M-RAT,F:\MBKM ADB ENOSE\smart-coffee-v2\scripts\..\data\medium_20260813_160059.csv
medium,collecting,3,92,575227,14199,2933,2916,9426,10335,2917,7016,16504,12441,13618,M,Arabika Ratawali Aceh,M-RAT,F:\MBKM ADB ENOSE\smart-coffee-v2\scripts\..\data\medium_20260813_160059.csv
medium,collecting,3,93,576227,14205,2930,2916,9426,10333,2917,7015,16503,12440,13616,M,Arabika Ratawali Aceh,M-RAT,F:\MBKM ADB ENOSE\smart-coffee-v2\scripts\..\data\medium_20260813_160059.csv
medium,collecting,3,94,577227,14211,2930,2916,9425,10332,2918,7014,16502,12438,13615,M,Arabika Ratawali Aceh,M-RAT,F:\MBKM ADB ENOSE\smart-coffee-v2\scripts\..\data\medium_20260813_160059.csv
medium,collecting,3,95,578228,14215,2930,2916,9425,10331,2919,7013,16501,12436,13614,M,Arabika Ratawali Aceh,M-RAT,F:\MBKM ADB ENOSE\smart-coffee-v2\scripts\..\data\medium_20260813_160059.csv
medium,collecting,3,96,579227,14219,2933,2916,9425,10330,2918,7013,16500,12435,13615,M,Arabika Ratawali Aceh,M-RAT,F:\MBKM ADB ENOSE\smart-coffee-v2\scripts\..\data\medium_20260813_160059.csv
medium,collecting,3,97,580228,14222,2930,2916,9425,10330,2917,7013,16500,12434,13614,M,Arabika Ratawali Aceh,M-RAT,F:\MBKM ADB ENOSE\smart-coffee-v2\scripts\..\data\medium_20260813_160059.csv
medium,collecting,3,98,581227,14223,2930,2916,9425,10329,2918,7013,16500,12433,13612,M,Arabika Ratawali Aceh,M-RAT,F:\MBKM ADB ENOSE\smart-coffee-v2\scripts\..\data\medium_20260813_160059.csv
medium,collecting,3,99,582227,14223,2930,2915,9424,10328,2916,7012,16498,12431,13611,M,Arabika Ratawali Aceh,M-RAT,F:\MBKM ADB ENOSE\smart-coffee-v2\scripts\..\data\medium_20260813_160059.csv
medium,collecting,3,100,583227,14225,2931,2916,9424,10326,2916,7011,16497,12429,13609,M,Arabika Ratawali Aceh,M-RAT,F:\MBKM ADB ENOSE\smart-coffee-v2\scripts\..\data\medium_20260813_160059.csv
medium,collecting,3,101,584227,14227,2930,2920,9423,10325,2919,7011,16495,12427,13607,M,Arabika Ratawali Aceh,M-RAT,F:\MBKM ADB ENOSE\smart-coffee-v2\scripts\..\data\medium_20260813_160059.csv
medium,collecting,3,102,585227,14227,2930,2918,9423,10324,2917,7010,16494,12424,13604,M,Arabika Ratawali Aceh,M-RAT,F:\MBKM ADB ENOSE\smart-coffee-v2\scripts\..\data\medium_20260813_160059.csv
medium,collecting,3,103,586227,14227,2930,2917,9422,10322,2917,7009,16491,12421,13602,M,Arabika Ratawali Aceh,M-RAT,F:\MBKM ADB ENOSE\smart-coffee-v2\scripts\..\data\medium_20260813_160059.csv
medium,collecting,3,104,587228,14224,2931,2916,9422,10320,2918,7008,16488,12418,13600,M,Arabika Ratawali Aceh,M-RAT,F:\MBKM ADB ENOSE\smart-coffee-v2\scripts\..\data\medium_20260813_160059.csv
medium,collecting,3,105,588227,14223,2930,2917,9422,10319,2919,7008,16486,12414,13599,M,Arabika Ratawali Aceh,M-RAT,F:\MBKM ADB ENOSE\smart-coffee-v2\scripts\..\data\medium_20260813_160059.csv
medium,collecting,3,106,589228,14224,2931,2915,9422,10318,2917,7008,16485,12411,13599,M,Arabika Ratawali Aceh,M-RAT,F:\MBKM ADB ENOSE\smart-coffee-v2\scripts\..\data\medium_20260813_160059.csv
medium,collecting,3,107,590227,14224,2932,2916,9422,10317,2917,7008,16485,12410,13598,M,Arabika Ratawali Aceh,M-RAT,F:\MBKM ADB ENOSE\smart-coffee-v2\scripts\..\data\medium_20260813_160059.csv
medium,collecting,3,108,591227,14223,2930,2916,9421,10317,2916,7008,16485,12408,13599,M,Arabika Ratawali Aceh,M-RAT,F:\MBKM ADB ENOSE\smart-coffee-v2\scripts\..\data\medium_20260813_160059.csv
medium,collecting,3,109,592227,14224,2931,2916,9422,10317,2916,7009,16485,12407,13599,M,Arabika Ratawali Aceh,M-RAT,F:\MBKM ADB ENOSE\smart-coffee-v2\scripts\..\data\medium_20260813_160059.csv
medium,collecting,3,110,593227,14225,2930,2916,9421,10316,2916,7009,16484,12406,13598,M,Arabika Ratawali Aceh,M-RAT,F:\MBKM ADB ENOSE\smart-coffee-v2\scripts\..\data\medium_20260813_160059.csv
medium,collecting,3,111,594228,14225,2929,2916,9421,10316,2918,7009,16483,12405,13597,M,Arabika Ratawali Aceh,M-RAT,F:\MBKM ADB ENOSE\smart-coffee-v2\scripts\..\data\medium_20260813_160059.csv
medium,collecting,3,112,595227,14225,2930,2914,9420,10315,2916,7010,16483,12404,13597,M,Arabika Ratawali Aceh,M-RAT,F:\MBKM ADB ENOSE\smart-coffee-v2\scripts\..\data\medium_20260813_160059.csv
medium,collecting,3,113,596228,14226,2930,2914,9420,10314,2916,7010,16481,12402,13596,M,Arabika Ratawali Aceh,M-RAT,F:\MBKM ADB ENOSE\smart-coffee-v2\scripts\..\data\medium_20260813_160059.csv
medium,collecting,3,114,597227,14224,2932,2915,9420,10313,2916,7009,16480,12399,13593,M,Arabika Ratawali Aceh,M-RAT,F:\MBKM ADB ENOSE\smart-coffee-v2\scripts\..\data\medium_20260813_160059.csv
medium,collecting,3,115,598227,14221,2930,2918,9419,10312,2917,7008,16478,12396,13591,M,Arabika Ratawali Aceh,M-RAT,F:\MBKM ADB ENOSE\smart-coffee-v2\scripts\..\data\medium_20260813_160059.csv
medium,collecting,3,116,599227,14220,2932,2917,9419,10310,2915,7007,16477,12393,13590,M,Arabika Ratawali Aceh,M-RAT,F:\MBKM ADB ENOSE\smart-coffee-v2\scripts\..\data\medium_20260813_160059.csv
medium,collecting,3,117,600227,14219,2930,2918,9419,10309,2916,7007,16475,12390,13588,M,Arabika Ratawali Aceh,M-RAT,F:\MBKM ADB ENOSE\smart-coffee-v2\scripts\..\data\medium_20260813_160059.csv
medium,collecting,3,118,601227,14218,2930,2916,9418,10307,2916,7006,16473,12388,13586,M,Arabika Ratawali Aceh,M-RAT,F:\MBKM ADB ENOSE\smart-coffee-v2\scripts\..\data\medium_20260813_160059.csv
medium,collecting,3,119,602227,14217,2930,2916,9418,10306,2916,7006,16471,12385,13584,M,Arabika Ratawali Aceh,M-RAT,F:\MBKM ADB ENOSE\smart-coffee-v2\scripts\..\data\medium_20260813_160059.csv
medium,collecting,3,120,603228,14215,2930,2919,9417,10304,2916,7005,16469,12381,13581,M,Arabika Ratawali Aceh,M-RAT,F:\MBKM ADB ENOSE\smart-coffee-v2\scripts\..\data\medium_20260813_160059.csv
medium,collecting,3,121,604227,14212,2930,2915,9417,10302,2919,7005,16467,12377,13578,M,Arabika Ratawali Aceh,M-RAT,F:\MBKM ADB ENOSE\smart-coffee-v2\scripts\..\data\medium_20260813_160059.csv
medium,collecting,3,122,605228,14211,2934,2916,9416,10300,2919,7004,16464,12372,13576,M,Arabika Ratawali Aceh,M-RAT,F:\MBKM ADB ENOSE\smart-coffee-v2\scripts\..\data\medium_20260813_160059.csv
medium,collecting,3,123,606227,14209,2932,2916,9416,10298,2917,7002,16461,12369,13575,M,Arabika Ratawali Aceh,M-RAT,F:\MBKM ADB ENOSE\smart-coffee-v2\scripts\..\data\medium_20260813_160059.csv
medium,collecting,3,124,607227,14210,2930,2916,9416,10299,2915,7003,16460,12367,13576,M,Arabika Ratawali Aceh,M-RAT,F:\MBKM ADB ENOSE\smart-coffee-v2\scripts\..\data\medium_20260813_160059.csv
medium,collecting,3,125,608227,14209,2931,2915,9416,10300,2918,7004,16459,12367,13577,M,Arabika Ratawali Aceh,M-RAT,F:\MBKM ADB ENOSE\smart-coffee-v2\scripts\..\data\medium_20260813_160059.csv
medium,collecting,3,126,609227,14208,2930,2914,9416,10302,2918,7006,16458,12367,13579,M,Arabika Ratawali Aceh,M-RAT,F:\MBKM ADB ENOSE\smart-coffee-v2\scripts\..\data\medium_20260813_160059.csv
medium,collecting,3,127,610228,14208,2932,2915,9415,10304,2916,7009,16459,12370,13581,M,Arabika Ratawali Aceh,M-RAT,F:\MBKM ADB ENOSE\smart-coffee-v2\scripts\..\data\medium_20260813_160059.csv
medium,collecting,3,128,611227,14207,2930,2919,9415,10306,2916,7011,16460,12372,13583,M,Arabika Ratawali Aceh,M-RAT,F:\MBKM ADB ENOSE\smart-coffee-v2\scripts\..\data\medium_20260813_160059.csv
medium,collecting,3,129,612228,14205,2930,2916,9416,10308,2915,7013,16458,12373,13582,M,Arabika Ratawali Aceh,M-RAT,F:\MBKM ADB ENOSE\smart-coffee-v2\scripts\..\data\medium_20260813_160059.csv
medium,collecting,3,130,613227,14201,2930,2916,9415,10308,2914,7013,16457,12373,13582,M,Arabika Ratawali Aceh,M-RAT,F:\MBKM ADB ENOSE\smart-coffee-v2\scripts\..\data\medium_20260813_160059.csv
medium,collecting,3,131,614227,14199,2930,2915,9415,10308,2916,7013,16455,12372,13581,M,Arabika Ratawali Aceh,M-RAT,F:\MBKM ADB ENOSE\smart-coffee-v2\scripts\..\data\medium_20260813_160059.csv
medium,collecting,3,132,615227,14197,2930,2916,9415,10307,2914,7013,16454,12370,13580,M,Arabika Ratawali Aceh,M-RAT,F:\MBKM ADB ENOSE\smart-coffee-v2\scripts\..\data\medium_20260813_160059.csv
medium,collecting,3,133,616227,14194,2930,2918,9415,10306,2915,7012,16452,12368,13577,M,Arabika Ratawali Aceh,M-RAT,F:\MBKM ADB ENOSE\smart-coffee-v2\scripts\..\data\medium_20260813_160059.csv
medium,collecting,3,134,617227,14192,2930,2916,9414,10305,2916,7012,16450,12364,13576,M,Arabika Ratawali Aceh,M-RAT,F:\MBKM ADB ENOSE\smart-coffee-v2\scripts\..\data\medium_20260813_160059.csv
medium,collecting,3,135,618227,14189,2930,2914,9414,10304,2916,7011,16448,12361,13574,M,Arabika Ratawali Aceh,M-RAT,F:\MBKM ADB ENOSE\smart-coffee-v2\scripts\..\data\medium_20260813_160059.csv
medium,collecting,3,136,619228,14187,2930,2918,9413,10302,2917,7010,16445,12358,13572,M,Arabika Ratawali Aceh,M-RAT,F:\MBKM ADB ENOSE\smart-coffee-v2\scripts\..\data\medium_20260813_160059.csv
medium,collecting,3,137,620227,14186,2929,2917,9413,10300,2915,7009,16443,12355,13570,M,Arabika Ratawali Aceh,M-RAT,F:\MBKM ADB ENOSE\smart-coffee-v2\scripts\..\data\medium_20260813_160059.csv
medium,collecting,3,138,621228,14188,2930,2917,9413,10298,2917,7007,16442,12352,13568,M,Arabika Ratawali Aceh,M-RAT,F:\MBKM ADB ENOSE\smart-coffee-v2\scripts\..\data\medium_20260813_160059.csv
medium,collecting,3,139,622227,14188,2932,2917,9413,10295,2917,7006,16441,12348,13565,M,Arabika Ratawali Aceh,M-RAT,F:\MBKM ADB ENOSE\smart-coffee-v2\scripts\..\data\medium_20260813_160059.csv
medium,collecting,3,140,623227,14186,2930,2915,9412,10292,2916,7003,16438,12343,13561,M,Arabika Ratawali Aceh,M-RAT,F:\MBKM ADB ENOSE\smart-coffee-v2\scripts\..\data\medium_20260813_160059.csv
medium,collecting,3,141,624227,14186,2930,2918,9412,10290,2914,7001,16436,12339,13558,M,Arabika Ratawali Aceh,M-RAT,F:\MBKM ADB ENOSE\smart-coffee-v2\scripts\..\data\medium_20260813_160059.csv
medium,collecting,3,142,625227,14183,2929,2916,9411,10287,2915,6999,16434,12334,13554,M,Arabika Ratawali Aceh,M-RAT,F:\MBKM ADB ENOSE\smart-coffee-v2\scripts\..\data\medium_20260813_160059.csv
medium,collecting,3,143,626228,14182,2930,2917,9411,10284,2915,6997,16430,12329,13551,M,Arabika Ratawali Aceh,M-RAT,F:\MBKM ADB ENOSE\smart-coffee-v2\scripts\..\data\medium_20260813_160059.csv
medium,collecting,3,144,627227,14183,2929,2914,9410,10282,2914,6995,16429,12324,13549,M,Arabika Ratawali Aceh,M-RAT,F:\MBKM ADB ENOSE\smart-coffee-v2\scripts\..\data\medium_20260813_160059.csv
medium,collecting,3,145,628228,14183,2932,2917,9410,10279,2918,6994,16426,12320,13547,M,Arabika Ratawali Aceh,M-RAT,F:\MBKM ADB ENOSE\smart-coffee-v2\scripts\..\data\medium_20260813_160059.csv
medium,collecting,3,146,629227,14185,2929,2917,9409,10277,2915,6992,16426,12316,13546,M,Arabika Ratawali Aceh,M-RAT,F:\MBKM ADB ENOSE\smart-coffee-v2\scripts\..\data\medium_20260813_160059.csv
medium,collecting,3,147,630227,14184,2929,2914,9408,10274,2918,6991,16425,12313,13543,M,Arabika Ratawali Aceh,M-RAT,F:\MBKM ADB ENOSE\smart-coffee-v2\scripts\..\data\medium_20260813_160059.csv
medium,collecting,3,148,631227,14180,2929,2917,9408,10272,2915,6990,16422,12308,13540,M,Arabika Ratawali Aceh,M-RAT,F:\MBKM ADB ENOSE\smart-coffee-v2\scripts\..\data\medium_20260813_160059.csv
medium,collecting,3,149,632227,14176,2930,2917,9408,10271,2918,6990,16419,12304,13538,M,Arabika Ratawali Aceh,M-RAT,F:\MBKM ADB ENOSE\smart-coffee-v2\scripts\..\data\medium_20260813_160059.csv
medium,collecting,3,150,633227,14171,2928,2917,9407,10270,2915,6990,16417,12299,13537,M,Arabika Ratawali Aceh,M-RAT,F:\MBKM ADB ENOSE\smart-coffee-v2\scripts\..\data\medium_20260813_160059.csv
medium,collecting,3,151,634227,14169,2927,2916,9407,10271,2916,6992,16416,12299,13540,M,Arabika Ratawali Aceh,M-RAT,F:\MBKM ADB ENOSE\smart-coffee-v2\scripts\..\data\medium_20260813_160059.csv
medium,collecting,3,152,635228,14169,2929,2917,9406,10274,2918,6995,16417,12302,13545,M,Arabika Ratawali Aceh,M-RAT,F:\MBKM ADB ENOSE\smart-coffee-v2\scripts\..\data\medium_20260813_160059.csv
medium,collecting,3,153,636227,14170,2930,2918,9406,10280,2914,7000,16419,12306,13552,M,Arabika Ratawali Aceh,M-RAT,F:\MBKM ADB ENOSE\smart-coffee-v2\scripts\..\data\medium_20260813_160059.csv
medium,collecting,3,154,637228,14168,2930,2917,9407,10285,2917,7005,16420,12312,13556,M,Arabika Ratawali Aceh,M-RAT,F:\MBKM ADB ENOSE\smart-coffee-v2\scripts\..\data\medium_20260813_160059.csv
medium,collecting,3,155,638227,14164,2929,2915,9407,10290,2915,7009,16422,12317,13559,M,Arabika Ratawali Aceh,M-RAT,F:\MBKM ADB ENOSE\smart-coffee-v2\scripts\..\data\medium_20260813_160059.csv
medium,collecting,3,156,639227,14159,2933,2917,9407,10294,2918,7012,16422,12321,13559,M,Arabika Ratawali Aceh,M-RAT,F:\MBKM ADB ENOSE\smart-coffee-v2\scripts\..\data\medium_20260813_160059.csv
medium,collecting,3,157,640227,14154,2928,2917,9407,10295,2917,7013,16420,12322,13558,M,Arabika Ratawali Aceh,M-RAT,F:\MBKM ADB ENOSE\smart-coffee-v2\scripts\..\data\medium_20260813_160059.csv
medium,collecting,3,158,641227,14151,2929,2914,9407,10295,2916,7013,16418,12321,13556,M,Arabika Ratawali Aceh,M-RAT,F:\MBKM ADB ENOSE\smart-coffee-v2\scripts\..\data\medium_20260813_160059.csv
medium,collecting,3,159,642228,14150,2928,2917,9406,10294,2919,7012,16416,12319,13553,M,Arabika Ratawali Aceh,M-RAT,F:\MBKM ADB ENOSE\smart-coffee-v2\scripts\..\data\medium_20260813_160059.csv
medium,collecting,3,160,643227,14149,2929,2917,9405,10292,2915,7010,16413,12316,13550,M,Arabika Ratawali Aceh,M-RAT,F:\MBKM ADB ENOSE\smart-coffee-v2\scripts\..\data\medium_20260813_160059.csv
medium,collecting,3,161,644228,14149,2928,2918,9405,10289,2915,7008,16411,12313,13547,M,Arabika Ratawali Aceh,M-RAT,F:\MBKM ADB ENOSE\smart-coffee-v2\scripts\..\data\medium_20260813_160059.csv
medium,collecting,3,162,645227,14148,2929,2916,9405,10286,2914,7005,16408,12309,13543,M,Arabika Ratawali Aceh,M-RAT,F:\MBKM ADB ENOSE\smart-coffee-v2\scripts\..\data\medium_20260813_160059.csv
medium,collecting,3,163,646227,14147,2931,2916,9404,10283,2913,7002,16405,12304,13540,M,Arabika Ratawali Aceh,M-RAT,F:\MBKM ADB ENOSE\smart-coffee-v2\scripts\..\data\medium_20260813_160059.csv
medium,collecting,3,164,647227,14147,2929,2917,9404,10279,2917,6999,16401,12299,13536,M,Arabika Ratawali Aceh,M-RAT,F:\MBKM ADB ENOSE\smart-coffee-v2\scripts\..\data\medium_20260813_160059.csv
medium,collecting,3,165,648227,14144,2932,2917,9402,10275,2915,6996,16398,12292,13533,M,Arabika Ratawali Aceh,M-RAT,F:\MBKM ADB ENOSE\smart-coffee-v2\scripts\..\data\medium_20260813_160059.csv
medium,collecting,3,166,649227,14142,2928,2914,9402,10272,2914,6994,16395,12287,13529,M,Arabika Ratawali Aceh,M-RAT,F:\MBKM ADB ENOSE\smart-coffee-v2\scripts\..\data\medium_20260813_160059.csv
medium,collecting,3,167,650227,14139,2929,2918,9402,10268,2915,6992,16393,12281,13528,M,Arabika Ratawali Aceh,M-RAT,F:\MBKM ADB ENOSE\smart-coffee-v2\scripts\..\data\medium_20260813_160059.csv
medium,collecting,3,168,651228,14140,2931,2916,9401,10265,2917,6991,16392,12277,13525,M,Arabika Ratawali Aceh,M-RAT,F:\MBKM ADB ENOSE\smart-coffee-v2\scripts\..\data\medium_20260813_160059.csv
medium,collecting,3,169,652227,14144,2932,2917,9400,10263,2916,6990,16391,12273,13524,M,Arabika Ratawali Aceh,M-RAT,F:\MBKM ADB ENOSE\smart-coffee-v2\scripts\..\data\medium_20260813_160059.csv
medium,collecting,3,170,653228,14144,2929,2917,9400,10261,2916,6989,16390,12270,13522,M,Arabika Ratawali Aceh,M-RAT,F:\MBKM ADB ENOSE\smart-coffee-v2\scripts\..\data\medium_20260813_160059.csv
medium,collecting,3,171,654227,14145,2928,2917,9400,10259,2914,6989,16389,12267,13521,M,Arabika Ratawali Aceh,M-RAT,F:\MBKM ADB ENOSE\smart-coffee-v2\scripts\..\data\medium_20260813_160059.csv
medium,collecting,3,172,655227,14144,2929,2915,9399,10258,2914,6988,16389,12265,13519,M,Arabika Ratawali Aceh,M-RAT,F:\MBKM ADB ENOSE\smart-coffee-v2\scripts\..\data\medium_20260813_160059.csv
medium,collecting,3,173,656227,14144,2929,2915,9398,10257,2918,6988,16388,12261,13517,M,Arabika Ratawali Aceh,M-RAT,F:\MBKM ADB ENOSE\smart-coffee-v2\scripts\..\data\medium_20260813_160059.csv
medium,collecting,3,174,657227,14142,2929,2917,9398,10255,2914,6987,16386,12257,13513,M,Arabika Ratawali Aceh,M-RAT,F:\MBKM ADB ENOSE\smart-coffee-v2\scripts\..\data\medium_20260813_160059.csv
medium,collecting,3,175,658228,14138,2929,2917,9397,10253,2913,6986,16382,12254,13510,M,Arabika Ratawali Aceh,M-RAT,F:\MBKM ADB ENOSE\smart-coffee-v2\scripts\..\data\medium_20260813_160059.csv
medium,collecting,3,176,659227,14135,2929,2915,9397,10252,2914,6984,16380,12249,13508,M,Arabika Ratawali Aceh,M-RAT,F:\MBKM ADB ENOSE\smart-coffee-v2\scripts\..\data\medium_20260813_160059.csv
medium,collecting,3,177,660228,14132,2930,2917,9397,10249,2917,6983,16377,12245,13505,M,Arabika Ratawali Aceh,M-RAT,F:\MBKM ADB ENOSE\smart-coffee-v2\scripts\..\data\medium_20260813_160059.csv
medium,collecting,3,178,661227,14131,2929,2917,9396,10247,2915,6982,16375,12242,13503,M,Arabika Ratawali Aceh,M-RAT,F:\MBKM ADB ENOSE\smart-coffee-v2\scripts\..\data\medium_20260813_160059.csv
medium,collecting,3,179,662227,14125,2928,2917,9396,10245,2915,6982,16374,12238,13499,M,Arabika Ratawali Aceh,M-RAT,F:\MBKM ADB ENOSE\smart-coffee-v2\scripts\..\data\medium_20260813_160059.csv
medium,collecting,3,180,663227,14102,2928,2915,9395,10241,2915,6978,16370,12229,13489,M,Arabika Ratawali Aceh,M-RAT,F:\MBKM ADB ENOSE\smart-coffee-v2\scripts\..\data\medium_20260813_160059.csv
medium,collecting,3,181,664227,14060,2933,2917,9395,10235,2918,6975,16360,12211,13478,M,Arabika Ratawali Aceh,M-RAT,F:\MBKM ADB ENOSE\smart-coffee-v2\scripts\..\data\medium_20260813_160059.csv
medium,purging,3,1,665230,14008,2928,2917,9394,10230,2914,6973,16345,12189,13470,M,Arabika Ratawali Aceh,M-RAT,F:\MBKM ADB ENOSE\smart-coffee-v2\scripts\..\data\medium_20260813_160059.csv
medium,purging,3,2,666227,13950,2931,2916,9394,10228,2915,6976,16333,12167,13471,M,Arabika Ratawali Aceh,M-RAT,F:\MBKM ADB ENOSE\smart-coffee-v2\scripts\..\data\medium_20260813_160059.csv
medium,purging,3,3,667228,13873,2930,2917,9394,10227,2915,6983,16323,12143,13453,M,Arabika Ratawali Aceh,M-RAT,F:\MBKM ADB ENOSE\smart-coffee-v2\scripts\..\data\medium_20260813_160059.csv
medium,purging,3,4,668227,13763,2929,2914,9394,10219,2914,6982,16298,12103,13424,M,Arabika Ratawali Aceh,M-RAT,F:\MBKM ADB ENOSE\smart-coffee-v2\scripts\..\data\medium_20260813_160059.csv
medium,purging,3,5,669228,13628,2932,2914,9393,10207,2918,6976,16264,12049,13395,M,Arabika Ratawali Aceh,M-RAT,F:\MBKM ADB ENOSE\smart-coffee-v2\scripts\..\data\medium_20260813_160059.csv
medium,purging,3,6,670227,13481,2927,2917,9393,10194,2915,6973,16228,11989,13375,M,Arabika Ratawali Aceh,M-RAT,F:\MBKM ADB ENOSE\smart-coffee-v2\scripts\..\data\medium_20260813_160059.csv
medium,purging,3,7,671227,13329,2926,2913,9392,10185,2915,6977,16198,11929,13360,M,Arabika Ratawali Aceh,M-RAT,F:\MBKM ADB ENOSE\smart-coffee-v2\scripts\..\data\medium_20260813_160059.csv
medium,purging,3,8,672227,13178,2926,2914,9392,10178,2916,6984,16170,11871,13340,M,Arabika Ratawali Aceh,M-RAT,F:\MBKM ADB ENOSE\smart-coffee-v2\scripts\..\data\medium_20260813_160059.csv
medium,purging,3,9,673227,13033,2928,2914,9392,10170,2917,6989,16141,11813,13310,M,Arabika Ratawali Aceh,M-RAT,F:\MBKM ADB ENOSE\smart-coffee-v2\scripts\..\data\medium_20260813_160059.csv
medium,purging,3,10,674228,12897,2926,2916,9392,10159,2913,6987,16107,11755,13278,M,Arabika Ratawali Aceh,M-RAT,F:\MBKM ADB ENOSE\smart-coffee-v2\scripts\..\data\medium_20260813_160059.csv
medium,purging,3,11,675227,12772,2929,2914,9391,10146,2917,6980,16072,11697,13246,M,Arabika Ratawali Aceh,M-RAT,F:\MBKM ADB ENOSE\smart-coffee-v2\scripts\..\data\medium_20260813_160059.csv
medium,purging,3,12,676228,12656,2925,2916,9391,10131,2913,6972,16039,11640,13217,M,Arabika Ratawali Aceh,M-RAT,F:\MBKM ADB ENOSE\smart-coffee-v2\scripts\..\data\medium_20260813_160059.csv
medium,purging,3,13,677227,12551,2925,2916,9391,10116,2914,6964,16007,11587,13191,M,Arabika Ratawali Aceh,M-RAT,F:\MBKM ADB ENOSE\smart-coffee-v2\scripts\..\data\medium_20260813_160059.csv
medium,purging,3,14,678227,12455,2928,2917,9391,10102,2915,6958,15979,11536,13171,M,Arabika Ratawali Aceh,M-RAT,F:\MBKM ADB ENOSE\smart-coffee-v2\scripts\..\data\medium_20260813_160059.csv
medium,purging,3,15,679227,12366,2925,2915,9390,10091,2918,6954,15955,11489,13150,M,Arabika Ratawali Aceh,M-RAT,F:\MBKM ADB ENOSE\smart-coffee-v2\scripts\..\data\medium_20260813_160059.csv
medium,purging,3,16,680227,12286,2928,2915,9390,10079,2915,6950,15931,11445,13129,M,Arabika Ratawali Aceh,M-RAT,F:\MBKM ADB ENOSE\smart-coffee-v2\scripts\..\data\medium_20260813_160059.csv
medium,purging,3,17,681227,12213,2923,2917,9390,10069,2917,6946,15908,11403,13108,M,Arabika Ratawali Aceh,M-RAT,F:\MBKM ADB ENOSE\smart-coffee-v2\scripts\..\data\medium_20260813_160059.csv
medium,purging,3,18,682227,12147,2927,2916,9389,10058,2917,6941,15887,11363,13090,M,Arabika Ratawali Aceh,M-RAT,F:\MBKM ADB ENOSE\smart-coffee-v2\scripts\..\data\medium_20260813_160059.csv
medium,purging,3,19,683228,12088,2924,2915,9388,10048,2912,6937,15866,11325,13072,M,Arabika Ratawali Aceh,M-RAT,F:\MBKM ADB ENOSE\smart-coffee-v2\scripts\..\data\medium_20260813_160059.csv
medium,purging,3,20,684227,12033,2924,2915,9389,10039,2918,6933,15845,11289,13056,M,Arabika Ratawali Aceh,M-RAT,F:\MBKM ADB ENOSE\smart-coffee-v2\scripts\..\data\medium_20260813_160059.csv
medium,purging,3,21,685228,11984,2922,2917,9388,10031,2917,6930,15828,11256,13043,M,Arabika Ratawali Aceh,M-RAT,F:\MBKM ADB ENOSE\smart-coffee-v2\scripts\..\data\medium_20260813_160059.csv
medium,purging,3,22,686227,11940,2925,2916,9388,10024,2916,6929,15811,11226,13032,M,Arabika Ratawali Aceh,M-RAT,F:\MBKM ADB ENOSE\smart-coffee-v2\scripts\..\data\medium_20260813_160059.csv
medium,purging,3,23,687227,11898,2924,2917,9387,10018,2914,6928,15796,11198,13019,M,Arabika Ratawali Aceh,M-RAT,F:\MBKM ADB ENOSE\smart-coffee-v2\scripts\..\data\medium_20260813_160059.csv
medium,purging,3,24,688227,11861,2924,2917,9387,10012,2914,6927,15780,11171,13007,M,Arabika Ratawali Aceh,M-RAT,F:\MBKM ADB ENOSE\smart-coffee-v2\scripts\..\data\medium_20260813_160059.csv
medium,purging,3,25,689227,11827,2927,2917,9387,10006,2914,6925,15766,11144,12996,M,Arabika Ratawali Aceh,M-RAT,F:\MBKM ADB ENOSE\smart-coffee-v2\scripts\..\data\medium_20260813_160059.csv
medium,purging,3,26,690228,11794,2926,2917,9386,10002,2916,6925,15752,11120,12988,M,Arabika Ratawali Aceh,M-RAT,F:\MBKM ADB ENOSE\smart-coffee-v2\scripts\..\data\medium_20260813_160059.csv
medium,purging,3,27,691227,11765,2926,2917,9386,9999,2916,6925,15740,11099,12977,M,Arabika Ratawali Aceh,M-RAT,F:\MBKM ADB ENOSE\smart-coffee-v2\scripts\..\data\medium_20260813_160059.csv
medium,purging,3,28,692228,11738,2923,2914,9385,9996,2915,6925,15726,11079,12972,M,Arabika Ratawali Aceh,M-RAT,F:\MBKM ADB ENOSE\smart-coffee-v2\scripts\..\data\medium_20260813_160059.csv
medium,purging,3,29,693227,11713,2926,2915,9385,9996,2914,6928,15715,11062,12970,M,Arabika Ratawali Aceh,M-RAT,F:\MBKM ADB ENOSE\smart-coffee-v2\scripts\..\data\medium_20260813_160059.csv
medium,purging,3,30,694227,11690,2923,2914,9385,9999,2912,6934,15707,11051,12968,M,Arabika Ratawali Aceh,M-RAT,F:\MBKM ADB ENOSE\smart-coffee-v2\scripts\..\data\medium_20260813_160059.csv
medium,purging,3,31,695227,11669,2923,2917,9385,10003,2914,6939,15699,11042,12964,M,Arabika Ratawali Aceh,M-RAT,F:\MBKM ADB ENOSE\smart-coffee-v2\scripts\..\data\medium_20260813_160059.csv
medium,purging,3,32,696227,11649,2926,2917,9385,10004,2918,6942,15689,11032,12958,M,Arabika Ratawali Aceh,M-RAT,F:\MBKM ADB ENOSE\smart-coffee-v2\scripts\..\data\medium_20260813_160059.csv
medium,purging,3,33,697227,11630,2922,2917,9385,10003,2913,6943,15679,11019,12948,M,Arabika Ratawali Aceh,M-RAT,F:\MBKM ADB ENOSE\smart-coffee-v2\scripts\..\data\medium_20260813_160059.csv
medium,purging,3,34,698227,11611,2926,2913,9385,9997,2915,6941,15667,11002,12936,M,Arabika Ratawali Aceh,M-RAT,F:\MBKM ADB ENOSE\smart-coffee-v2\scripts\..\data\medium_20260813_160059.csv
medium,purging,3,35,699228,11594,2927,2917,9384,9991,2916,6937,15653,10984,12922,M,Arabika Ratawali Aceh,M-RAT,F:\MBKM ADB ENOSE\smart-coffee-v2\scripts\..\data\medium_20260813_160059.csv
medium,purging,3,36,700227,11578,2925,2916,9383,9983,2916,6931,15639,10964,12910,M,Arabika Ratawali Aceh,M-RAT,F:\MBKM ADB ENOSE\smart-coffee-v2\scripts\..\data\medium_20260813_160059.csv
medium,purging,3,37,701228,11563,2921,2917,9383,9976,2916,6926,15625,10944,12897,M,Arabika Ratawali Aceh,M-RAT,F:\MBKM ADB ENOSE\smart-coffee-v2\scripts\..\data\medium_20260813_160059.csv
medium,purging,3,38,702227,11548,2922,2917,9382,9968,2914,6920,15612,10924,12885,M,Arabika Ratawali Aceh,M-RAT,F:\MBKM ADB ENOSE\smart-coffee-v2\scripts\..\data\medium_20260813_160059.csv
medium,purging,3,39,703227,11535,2922,2914,9381,9961,2915,6915,15600,10904,12874,M,Arabika Ratawali Aceh,M-RAT,F:\MBKM ADB ENOSE\smart-coffee-v2\scripts\..\data\medium_20260813_160059.csv
medium,purging,3,40,704227,11522,2923,2915,9380,9954,2916,6911,15587,10885,12863,M,Arabika Ratawali Aceh,M-RAT,F:\MBKM ADB ENOSE\smart-coffee-v2\scripts\..\data\medium_20260813_160059.csv
medium,purging,3,41,705227,11507,2923,2915,9380,9946,2916,6907,15576,10866,12854,M,Arabika Ratawali Aceh,M-RAT,F:\MBKM ADB ENOSE\smart-coffee-v2\scripts\..\data\medium_20260813_160059.csv
medium,purging,3,42,706228,11492,2922,2913,9379,9939,2913,6904,15565,10847,12847,M,Arabika Ratawali Aceh,M-RAT,F:\MBKM ADB ENOSE\smart-coffee-v2\scripts\..\data\medium_20260813_160059.csv
medium,purging,3,43,707227,11477,2923,2915,9379,9937,2917,6904,15556,10829,12854,M,Arabika Ratawali Aceh,M-RAT,F:\MBKM ADB ENOSE\smart-coffee-v2\scripts\..\data\medium_20260813_160059.csv
medium,purging,3,44,708228,11463,2926,2914,9379,9949,2914,6917,15554,10831,12867,M,Arabika Ratawali Aceh,M-RAT,F:\MBKM ADB ENOSE\smart-coffee-v2\scripts\..\data\medium_20260813_160059.csv
medium,purging,3,45,709227,11447,2925,2913,9380,9958,2915,6929,15554,10834,12865,M,Arabika Ratawali Aceh,M-RAT,F:\MBKM ADB ENOSE\smart-coffee-v2\scripts\..\data\medium_20260813_160059.csv
medium,purging,3,46,710227,11430,2923,2914,9380,9961,2915,6934,15548,10829,12861,M,Arabika Ratawali Aceh,M-RAT,F:\MBKM ADB ENOSE\smart-coffee-v2\scripts\..\data\medium_20260813_160059.csv
medium,purging,3,47,711227,11414,2923,2917,9380,9961,2916,6937,15540,10821,12853,M,Arabika Ratawali Aceh,M-RAT,F:\MBKM ADB ENOSE\smart-coffee-v2\scripts\..\data\medium_20260813_160059.csv
medium,purging,3,48,712227,11398,2925,2916,9379,9958,2914,6935,15530,10809,12840,M,Arabika Ratawali Aceh,M-RAT,F:\MBKM ADB ENOSE\smart-coffee-v2\scripts\..\data\medium_20260813_160059.csv
medium,purging,3,49,713227,11384,2925,2914,9379,9952,2917,6930,15517,10792,12834,M,Arabika Ratawali Aceh,M-RAT,F:\MBKM ADB ENOSE\smart-coffee-v2\scripts\..\data\medium_20260813_160059.csv
medium,purging,3,50,714227,11372,2926,2912,9378,9949,2916,6930,15509,10779,12834,M,Arabika Ratawali Aceh,M-RAT,F:\MBKM ADB ENOSE\smart-coffee-v2\scripts\..\data\medium_20260813_160059.csv
medium,purging,3,51,715228,11361,2925,2916,9378,9952,2916,6933,15504,10774,12830,M,Arabika Ratawali Aceh,M-RAT,F:\MBKM ADB ENOSE\smart-coffee-v2\scripts\..\data\medium_20260813_160059.csv
medium,purging,3,52,716227,11349,2926,2912,9378,9951,2915,6934,15496,10765,12820,M,Arabika Ratawali Aceh,M-RAT,F:\MBKM ADB ENOSE\smart-coffee-v2\scripts\..\data\medium_20260813_160059.csv
medium,purging,3,53,717228,11338,2926,2915,9378,9946,2914,6930,15486,10751,12811,M,Arabika Ratawali Aceh,M-RAT,F:\MBKM ADB ENOSE\smart-coffee-v2\scripts\..\data\medium_20260813_160059.csv
medium,purging,3,54,718227,11329,2922,2913,9377,9939,2914,6926,15475,10736,12802,M,Arabika Ratawali Aceh,M-RAT,F:\MBKM ADB ENOSE\smart-coffee-v2\scripts\..\data\medium_20260813_160059.csv
medium,purging,3,55,719227,11319,2925,2911,9376,9932,2917,6922,15464,10721,12792,M,Arabika Ratawali Aceh,M-RAT,F:\MBKM ADB ENOSE\smart-coffee-v2\scripts\..\data\medium_20260813_160059.csv
medium,purging,3,56,720227,11309,2923,2914,9376,9926,2916,6917,15454,10704,12781,M,Arabika Ratawali Aceh,M-RAT,F:\MBKM ADB ENOSE\smart-coffee-v2\scripts\..\data\medium_20260813_160059.csv
medium,purging,3,57,721227,11298,2922,2914,9375,9918,2914,6912,15442,10687,12773,M,Arabika Ratawali Aceh,M-RAT,F:\MBKM ADB ENOSE\smart-coffee-v2\scripts\..\data\medium_20260813_160059.csv
medium,purging,3,58,722228,11288,2925,2916,9375,9915,2913,6910,15434,10674,12772,M,Arabika Ratawali Aceh,M-RAT,F:\MBKM ADB ENOSE\smart-coffee-v2\scripts\..\data\medium_20260813_160059.csv
medium,purging,3,59,723227,11279,2925,2913,9374,9918,2916,6913,15429,10669,12775,M,Arabika Ratawali Aceh,M-RAT,F:\MBKM ADB ENOSE\smart-coffee-v2\scripts\..\data\medium_20260813_160059.csv
medium,purging,3,60,724228,11269,2926,2916,9375,9918,2914,6916,15424,10664,12767,M,Arabika Ratawali Aceh,M-RAT,F:\MBKM ADB ENOSE\smart-coffee-v2\scripts\..\data\medium_20260813_160059.csv
medium,purging,3,61,725227,11260,2922,2915,9375,9917,2914,6916,15417,10656,12764,M,Arabika Ratawali Aceh,M-RAT,F:\MBKM ADB ENOSE\smart-coffee-v2\scripts\..\data\medium_20260813_160059.csv
medium,collecting,4,1,726232,11251,2921,2914,9374,9915,2914,6916,15410,10647,12755,M,Arabika Ratawali Aceh,M-RAT,F:\MBKM ADB ENOSE\smart-coffee-v2\scripts\..\data\medium_20260813_160059.csv
medium,collecting,4,2,727227,11242,2922,2914,9374,9908,2916,6912,15401,10633,12743,M,Arabika Ratawali Aceh,M-RAT,F:\MBKM ADB ENOSE\smart-coffee-v2\scripts\..\data\medium_20260813_160059.csv
medium,collecting,4,3,728227,11234,2921,2913,9373,9901,2914,6906,15390,10616,12733,M,Arabika Ratawali Aceh,M-RAT,F:\MBKM ADB ENOSE\smart-coffee-v2\scripts\..\data\medium_20260813_160059.csv
medium,collecting,4,4,729227,11226,2925,2915,9372,9893,2916,6901,15380,10600,12723,M,Arabika Ratawali Aceh,M-RAT,F:\MBKM ADB ENOSE\smart-coffee-v2\scripts\..\data\medium_20260813_160059.csv
medium,collecting,4,5,730227,11217,2922,2912,9372,9886,2915,6897,15370,10583,12718,M,Arabika Ratawali Aceh,M-RAT,F:\MBKM ADB ENOSE\smart-coffee-v2\scripts\..\data\medium_20260813_160059.csv
medium,collecting,4,6,731228,11211,2922,2913,9371,9884,2914,6896,15364,10573,12718,M,Arabika Ratawali Aceh,M-RAT,F:\MBKM ADB ENOSE\smart-coffee-v2\scripts\..\data\medium_20260813_160059.csv
medium,collecting,4,7,732227,11205,2925,2911,9370,9882,2914,6897,15360,10564,12711,M,Arabika Ratawali Aceh,M-RAT,F:\MBKM ADB ENOSE\smart-coffee-v2\scripts\..\data\medium_20260813_160059.csv
medium,collecting,4,8,733228,11199,2921,2916,9371,9881,2913,6897,15352,10554,12711,M,Arabika Ratawali Aceh,M-RAT,F:\MBKM ADB ENOSE\smart-coffee-v2\scripts\..\data\medium_20260813_160059.csv
medium,collecting,4,9,734227,11194,2925,2912,9370,9883,2916,6900,15348,10551,12711,M,Arabika Ratawali Aceh,M-RAT,F:\MBKM ADB ENOSE\smart-coffee-v2\scripts\..\data\medium_20260813_160059.csv
medium,collecting,4,10,735227,11189,2920,2916,9370,9882,2914,6901,15344,10546,12703,M,Arabika Ratawali Aceh,M-RAT,F:\MBKM ADB ENOSE\smart-coffee-v2\scripts\..\data\medium_20260813_160059.csv
medium,collecting,4,11,736227,11185,2921,2915,9370,9879,2912,6899,15336,10537,12695,M,Arabika Ratawali Aceh,M-RAT,F:\MBKM ADB ENOSE\smart-coffee-v2\scripts\..\data\medium_20260813_160059.csv
medium,collecting,4,12,737227,11182,2925,2912,9369,9877,2913,6897,15328,10530,12700,M,Arabika Ratawali Aceh,M-RAT,F:\MBKM ADB ENOSE\smart-coffee-v2\scripts\..\data\medium_20260813_160059.csv
medium,collecting,4,13,738228,11179,2922,2917,9369,9880,2914,6900,15325,10530,12699,M,Arabika Ratawali Aceh,M-RAT,F:\MBKM ADB ENOSE\smart-coffee-v2\scripts\..\data\medium_20260813_160059.csv
medium,collecting,4,14,739227,11175,2925,2913,9369,9882,2913,6903,15322,10528,12702,M,Arabika Ratawali Aceh,M-RAT,F:\MBKM ADB ENOSE\smart-coffee-v2\scripts\..\data\medium_20260813_160059.csv
medium,collecting,4,15,740228,11171,2921,2912,9368,9886,2914,6908,15321,10531,12702,M,Arabika Ratawali Aceh,M-RAT,F:\MBKM ADB ENOSE\smart-coffee-v2\scripts\..\data\medium_20260813_160059.csv
medium,collecting,4,16,741227,11167,2925,2917,9368,9886,2914,6909,15317,10529,12695,M,Arabika Ratawali Aceh,M-RAT,F:\MBKM ADB ENOSE\smart-coffee-v2\scripts\..\data\medium_20260813_160059.csv
medium,collecting,4,17,742227,11163,2925,2914,9368,9883,2913,6907,15309,10521,12688,M,Arabika Ratawali Aceh,M-RAT,F:\MBKM ADB ENOSE\smart-coffee-v2\scripts\..\data\medium_20260813_160059.csv
medium,collecting,4,18,743227,11157,2920,2917,9367,9881,2913,6905,15303,10515,12688,M,Arabika Ratawali Aceh,M-RAT,F:\MBKM ADB ENOSE\smart-coffee-v2\scripts\..\data\medium_20260813_160059.csv
medium,collecting,4,19,744227,11152,2921,2915,9366,9879,2913,6905,15298,10509,12681,M,Arabika Ratawali Aceh,M-RAT,F:\MBKM ADB ENOSE\smart-coffee-v2\scripts\..\data\medium_20260813_160059.csv
medium,collecting,4,20,745227,11146,2921,2917,9366,9874,2914,6902,15291,10498,12672,M,Arabika Ratawali Aceh,M-RAT,F:\MBKM ADB ENOSE\smart-coffee-v2\scripts\..\data\medium_20260813_160059.csv
medium,collecting,4,21,746227,11140,2925,2912,9365,9868,2912,6898,15283,10486,12666,M,Arabika Ratawali Aceh,M-RAT,F:\MBKM ADB ENOSE\smart-coffee-v2\scripts\..\data\medium_20260813_160059.csv
medium,collecting,4,22,747228,11134,2920,2912,9364,9864,2914,6896,15276,10476,12669,M,Arabika Ratawali Aceh,M-RAT,F:\MBKM ADB ENOSE\smart-coffee-v2\scripts\..\data\medium_20260813_160059.csv
medium,collecting,4,23,748227,11127,2924,2916,9364,9866,2912,6900,15274,10474,12670,M,Arabika Ratawali Aceh,M-RAT,F:\MBKM ADB ENOSE\smart-coffee-v2\scripts\..\data\medium_20260813_160059.csv
medium,collecting,4,24,749228,11121,2924,2917,9364,9865,2916,6901,15271,10469,12665,M,Arabika Ratawali Aceh,M-RAT,F:\MBKM ADB ENOSE\smart-coffee-v2\scripts\..\data\medium_20260813_160059.csv
medium,collecting,4,25,750227,11115,2924,2912,9363,9862,2913,6900,15265,10460,12657,M,Arabika Ratawali Aceh,M-RAT,F:\MBKM ADB ENOSE\smart-coffee-v2\scripts\..\data\medium_20260813_160059.csv
medium,collecting,4,26,751227,11109,2924,2912,9362,9859,2916,6898,15258,10451,12657,M,Arabika Ratawali Aceh,M-RAT,F:\MBKM ADB ENOSE\smart-coffee-v2\scripts\..\data\medium_20260813_160059.csv
medium,collecting,4,27,752227,11106,2921,2911,9361,9863,2916,6901,15254,10450,12661,M,Arabika Ratawali Aceh,M-RAT,F:\MBKM ADB ENOSE\smart-coffee-v2\scripts\..\data\medium_20260813_160059.csv
medium,collecting,4,28,753227,11101,2921,2912,9362,9864,2913,6905,15252,10449,12656,M,Arabika Ratawali Aceh,M-RAT,F:\MBKM ADB ENOSE\smart-coffee-v2\scripts\..\data\medium_20260813_160059.csv
medium,collecting,4,29,754228,11097,2925,2913,9361,9862,2914,6904,15247,10443,12657,M,Arabika Ratawali Aceh,M-RAT,F:\MBKM ADB ENOSE\smart-coffee-v2\scripts\..\data\medium_20260813_160059.csv
medium,collecting,4,30,755227,11157,2925,2911,9361,9870,2916,6911,15248,10450,12704,M,Arabika Ratawali Aceh,M-RAT,F:\MBKM ADB ENOSE\smart-coffee-v2\scripts\..\data\medium_20260813_160059.csv
medium,collecting,4,31,756228,11597,2925,2912,9360,9916,2914,6955,15296,10549,12842,M,Arabika Ratawali Aceh,M-RAT,F:\MBKM ADB ENOSE\smart-coffee-v2\scripts\..\data\medium_20260813_160059.csv
medium,collecting,4,32,757227,12441,2924,2917,9360,10009,2913,7028,15452,10807,13049,M,Arabika Ratawali Aceh,M-RAT,F:\MBKM ADB ENOSE\smart-coffee-v2\scripts\..\data\medium_20260813_160059.csv
medium,collecting,4,33,758227,13354,2927,2917,9360,10128,2914,7101,15679,11189,13271,M,Arabika Ratawali Aceh,M-RAT,F:\MBKM ADB ENOSE\smart-coffee-v2\scripts\..\data\medium_20260813_160059.csv
medium,collecting,4,34,759227,14181,2926,2915,9360,10253,2916,7167,15944,11648,13482,M,Arabika Ratawali Aceh,M-RAT,F:\MBKM ADB ENOSE\smart-coffee-v2\scripts\..\data\medium_20260813_160059.csv
medium,collecting,4,35,760227,14795,2931,2913,9359,10361,2916,7207,16203,12097,13645,M,Arabika Ratawali Aceh,M-RAT,F:\MBKM ADB ENOSE\smart-coffee-v2\scripts\..\data\medium_20260813_160059.csv
medium,collecting,4,36,761227,15186,2931,2916,9359,10438,2915,7222,16395,12459,13754,M,Arabika Ratawali Aceh,M-RAT,F:\MBKM ADB ENOSE\smart-coffee-v2\scripts\..\data\medium_20260813_160059.csv
medium,collecting,4,37,762227,15420,2931,2911,9359,10488,2912,7220,16519,12718,13819,M,Arabika Ratawali Aceh,M-RAT,F:\MBKM ADB ENOSE\smart-coffee-v2\scripts\..\data\medium_20260813_160059.csv
medium,collecting,4,38,763228,15557,2931,2913,9358,10517,2913,7211,16596,12891,13856,M,Arabika Ratawali Aceh,M-RAT,F:\MBKM ADB ENOSE\smart-coffee-v2\scripts\..\data\medium_20260813_160059.csv
medium,collecting,4,39,764227,15633,2930,2914,9357,10531,2913,7195,16637,12999,13872,M,Arabika Ratawali Aceh,M-RAT,F:\MBKM ADB ENOSE\smart-coffee-v2\scripts\..\data\medium_20260813_160059.csv
medium,collecting,4,40,765228,15672,2928,2911,9356,10534,2914,7178,16660,13062,13877,M,Arabika Ratawali Aceh,M-RAT,F:\MBKM ADB ENOSE\smart-coffee-v2\scripts\..\data\medium_20260813_160059.csv
medium,collecting,4,41,766227,15685,2932,2914,9355,10530,2915,7161,16672,13097,13877,M,Arabika Ratawali Aceh,M-RAT,F:\MBKM ADB ENOSE\smart-coffee-v2\scripts\..\data\medium_20260813_160059.csv
medium,collecting,4,42,767227,15681,2932,2912,9354,10523,2913,7146,16677,13114,13874,M,Arabika Ratawali Aceh,M-RAT,F:\MBKM ADB ENOSE\smart-coffee-v2\scripts\..\data\medium_20260813_160059.csv
medium,collecting,4,43,768227,15666,2930,2911,9353,10513,2914,7132,16678,13119,13868,M,Arabika Ratawali Aceh,M-RAT,F:\MBKM ADB ENOSE\smart-coffee-v2\scripts\..\data\medium_20260813_160059.csv
medium,collecting,4,44,769227,15643,2929,2912,9352,10503,2913,7119,16677,13115,13863,M,Arabika Ratawali Aceh,M-RAT,F:\MBKM ADB ENOSE\smart-coffee-v2\scripts\..\data\medium_20260813_160059.csv
medium,collecting,4,45,770228,15614,2930,2915,9351,10492,2916,7109,16676,13107,13857,M,Arabika Ratawali Aceh,M-RAT,F:\MBKM ADB ENOSE\smart-coffee-v2\scripts\..\data\medium_20260813_160059.csv
medium,collecting,4,46,771227,15581,2929,2916,9351,10482,2915,7099,16673,13096,13850,M,Arabika Ratawali Aceh,M-RAT,F:\MBKM ADB ENOSE\smart-coffee-v2\scripts\..\data\medium_20260813_160059.csv
medium,collecting,4,47,772228,15546,2929,2913,9350,10472,2916,7091,16669,13082,13843,M,Arabika Ratawali Aceh,M-RAT,F:\MBKM ADB ENOSE\smart-coffee-v2\scripts\..\data\medium_20260813_160059.csv
medium,collecting,4,48,773227,15510,2929,2915,9349,10462,2914,7084,16664,13067,13835,M,Arabika Ratawali Aceh,M-RAT,F:\MBKM ADB ENOSE\smart-coffee-v2\scripts\..\data\medium_20260813_160059.csv
medium,collecting,4,49,774227,15477,2930,2911,9349,10453,2913,7077,16661,13051,13828,M,Arabika Ratawali Aceh,M-RAT,F:\MBKM ADB ENOSE\smart-coffee-v2\scripts\..\data\medium_20260813_160059.csv
medium,collecting,4,50,775227,15442,2930,2911,9348,10445,2913,7070,16657,13035,13821,M,Arabika Ratawali Aceh,M-RAT,F:\MBKM ADB ENOSE\smart-coffee-v2\scripts\..\data\medium_20260813_160059.csv
medium,collecting,4,51,776227,15408,2929,2912,9347,10436,2911,7064,16653,13020,13815,M,Arabika Ratawali Aceh,M-RAT,F:\MBKM ADB ENOSE\smart-coffee-v2\scripts\..\data\medium_20260813_160059.csv
medium,collecting,4,52,777227,15375,2927,2916,9347,10429,2916,7059,16649,13005,13809,M,Arabika Ratawali Aceh,M-RAT,F:\MBKM ADB ENOSE\smart-coffee-v2\scripts\..\data\medium_20260813_160059.csv
medium,collecting,4,53,778227,15344,2930,2914,9346,10422,2914,7054,16646,12991,13803,M,Arabika Ratawali Aceh,M-RAT,F:\MBKM ADB ENOSE\smart-coffee-v2\scripts\..\data\medium_20260813_160059.csv
medium,collecting,4,54,779228,15314,2930,2912,9345,10415,2917,7050,16643,12977,13796,M,Arabika Ratawali Aceh,M-RAT,F:\MBKM ADB ENOSE\smart-coffee-v2\scripts\..\data\medium_20260813_160059.csv
medium,collecting,4,55,780227,15285,2930,2913,9344,10409,2913,7046,16637,12962,13790,M,Arabika Ratawali Aceh,M-RAT,F:\MBKM ADB ENOSE\smart-coffee-v2\scripts\..\data\medium_20260813_160059.csv
medium,collecting,4,56,781228,15259,2929,2911,9344,10402,2915,7041,16633,12949,13785,M,Arabika Ratawali Aceh,M-RAT,F:\MBKM ADB ENOSE\smart-coffee-v2\scripts\..\data\medium_20260813_160059.csv
medium,collecting,4,57,782227,15235,2929,2913,9343,10397,2916,7038,16630,12936,13780,M,Arabika Ratawali Aceh,M-RAT,F:\MBKM ADB ENOSE\smart-coffee-v2\scripts\..\data\medium_20260813_160059.csv
medium,collecting,4,58,783227,15212,2930,2913,9342,10392,2915,7035,16627,12925,13775,M,Arabika Ratawali Aceh,M-RAT,F:\MBKM ADB ENOSE\smart-coffee-v2\scripts\..\data\medium_20260813_160059.csv
medium,collecting,4,59,784227,15190,2927,2914,9342,10386,2912,7033,16626,12914,13770,M,Arabika Ratawali Aceh,M-RAT,F:\MBKM ADB ENOSE\smart-coffee-v2\scripts\..\data\medium_20260813_160059.csv
medium,collecting,4,60,785227,15171,2929,2911,9341,10382,2916,7030,16623,12904,13767,M,Arabika Ratawali Aceh,M-RAT,F:\MBKM ADB ENOSE\smart-coffee-v2\scripts\..\data\medium_20260813_160059.csv
medium,collecting,4,61,786228,15154,2928,2914,9340,10378,2915,7028,16622,12896,13763,M,Arabika Ratawali Aceh,M-RAT,F:\MBKM ADB ENOSE\smart-coffee-v2\scripts\..\data\medium_20260813_160059.csv
medium,collecting,4,62,787227,15139,2929,2911,9340,10375,2916,7026,16622,12888,13761,M,Arabika Ratawali Aceh,M-RAT,F:\MBKM ADB ENOSE\smart-coffee-v2\scripts\..\data\medium_20260813_160059.csv
medium,collecting,4,63,788228,15124,2931,2913,9339,10373,2913,7026,16621,12882,13760,M,Arabika Ratawali Aceh,M-RAT,F:\MBKM ADB ENOSE\smart-coffee-v2\scripts\..\data\medium_20260813_160059.csv
medium,collecting,4,64,789227,15111,2931,2911,9339,10371,2917,7025,16620,12878,13759,M,Arabika Ratawali Aceh,M-RAT,F:\MBKM ADB ENOSE\smart-coffee-v2\scripts\..\data\medium_20260813_160059.csv
medium,collecting,4,65,790227,15100,2928,2914,9338,10370,2912,7025,16621,12875,13758,M,Arabika Ratawali Aceh,M-RAT,F:\MBKM ADB ENOSE\smart-coffee-v2\scripts\..\data\medium_20260813_160059.csv
medium,collecting,4,66,791227,15089,2928,2913,9338,10370,2914,7025,16620,12872,13757,M,Arabika Ratawali Aceh,M-RAT,F:\MBKM ADB ENOSE\smart-coffee-v2\scripts\..\data\medium_20260813_160059.csv
medium,collecting,4,67,792227,15079,2927,2913,9337,10370,2913,7025,16620,12869,13755,M,Arabika Ratawali Aceh,M-RAT,F:\MBKM ADB ENOSE\smart-coffee-v2\scripts\..\data\medium_20260813_160059.csv
medium,collecting,4,68,793227,15069,2930,2913,9337,10368,2916,7024,16619,12866,13752,M,Arabika Ratawali Aceh,M-RAT,F:\MBKM ADB ENOSE\smart-coffee-v2\scripts\..\data\medium_20260813_160059.csv
medium,collecting,4,69,794227,15057,2929,2911,9336,10367,2913,7023,16618,12862,13749,M,Arabika Ratawali Aceh,M-RAT,F:\MBKM ADB ENOSE\smart-coffee-v2\scripts\..\data\medium_20260813_160059.csv
medium,collecting,4,70,795228,15046,2931,2911,9336,10365,2912,7022,16617,12858,13746,M,Arabika Ratawali Aceh,M-RAT,F:\MBKM ADB ENOSE\smart-coffee-v2\scripts\..\data\medium_20260813_160059.csv
medium,collecting,4,71,796227,15035,2930,2915,9335,10362,2913,7021,16615,12854,13742,M,Arabika Ratawali Aceh,M-RAT,F:\MBKM ADB ENOSE\smart-coffee-v2\scripts\..\data\medium_20260813_160059.csv
medium,collecting,4,72,797228,15022,2927,2914,9335,10360,2916,7019,16612,12848,13739,M,Arabika Ratawali Aceh,M-RAT,F:\MBKM ADB ENOSE\smart-coffee-v2\scripts\..\data\medium_20260813_160059.csv
medium,collecting,4,73,798227,15009,2927,2915,9334,10357,2912,7017,16609,12842,13734,M,Arabika Ratawali Aceh,M-RAT,F:\MBKM ADB ENOSE\smart-coffee-v2\scripts\..\data\medium_20260813_160059.csv
medium,collecting,4,74,799227,14997,2931,2914,9333,10354,2913,7015,16607,12834,13730,M,Arabika Ratawali Aceh,M-RAT,F:\MBKM ADB ENOSE\smart-coffee-v2\scripts\..\data\medium_20260813_160059.csv
medium,collecting,4,75,800227,14985,2930,2910,9332,10352,2913,7014,16604,12828,13727,M,Arabika Ratawali Aceh,M-RAT,F:\MBKM ADB ENOSE\smart-coffee-v2\scripts\..\data\medium_20260813_160059.csv
medium,collecting,4,76,801227,14973,2930,2911,9332,10350,2914,7013,16602,12822,13724,M,Arabika Ratawali Aceh,M-RAT,F:\MBKM ADB ENOSE\smart-coffee-v2\scripts\..\data\medium_20260813_160059.csv
medium,collecting,4,77,802228,14961,2929,2914,9331,10349,2913,7012,16599,12818,13722,M,Arabika Ratawali Aceh,M-RAT,F:\MBKM ADB ENOSE\smart-coffee-v2\scripts\..\data\medium_20260813_160059.csv
medium,collecting,4,78,803227,14951,2929,2910,9331,10346,2916,7011,16596,12814,13718,M,Arabika Ratawali Aceh,M-RAT,F:\MBKM ADB ENOSE\smart-coffee-v2\scripts\..\data\medium_20260813_160059.csv
medium,collecting,4,79,804228,14942,2929,2911,9330,10344,2913,7010,16594,12809,13714,M,Arabika Ratawali Aceh,M-RAT,F:\MBKM ADB ENOSE\smart-coffee-v2\scripts\..\data\medium_20260813_160059.csv
medium,collecting,4,80,805227,14934,2930,2914,9329,10342,2916,7008,16591,12804,13710,M,Arabika Ratawali Aceh,M-RAT,F:\MBKM ADB ENOSE\smart-coffee-v2\scripts\..\data\medium_20260813_160059.csv
medium,collecting,4,81,806227,14926,2930,2916,9328,10339,2913,7006,16589,12799,13707,M,Arabika Ratawali Aceh,M-RAT,F:\MBKM ADB ENOSE\smart-coffee-v2\scripts\..\data\medium_20260813_160059.csv
medium,collecting,4,82,807227,14919,2931,2913,9327,10336,2917,7004,16587,12794,13704,M,Arabika Ratawali Aceh,M-RAT,F:\MBKM ADB ENOSE\smart-coffee-v2\scripts\..\data\medium_20260813_160059.csv
medium,collecting,4,83,808227,14912,2929,2911,9327,10334,2915,7002,16586,12790,13702,M,Arabika Ratawali Aceh,M-RAT,F:\MBKM ADB ENOSE\smart-coffee-v2\scripts\..\data\medium_20260813_160059.csv
medium,collecting,4,84,809227,14905,2927,2910,9327,10332,2912,7002,16585,12787,13699,M,Arabika Ratawali Aceh,M-RAT,F:\MBKM ADB ENOSE\smart-coffee-v2\scripts\..\data\medium_20260813_160059.csv
medium,collecting,4,85,810227,14899,2928,2913,9325,10330,2915,7001,16584,12784,13697,M,Arabika Ratawali Aceh,M-RAT,F:\MBKM ADB ENOSE\smart-coffee-v2\scripts\..\data\medium_20260813_160059.csv
medium,collecting,4,86,811228,14894,2929,2913,9325,10328,2912,7000,16583,12781,13694,M,Arabika Ratawali Aceh,M-RAT,F:\MBKM ADB ENOSE\smart-coffee-v2\scripts\..\data\medium_20260813_160059.csv
medium,collecting,4,87,812227,14890,2926,2914,9324,10327,2915,6999,16581,12778,13692,M,Arabika Ratawali Aceh,M-RAT,F:\MBKM ADB ENOSE\smart-coffee-v2\scripts\..\data\medium_20260813_160059.csv
medium,collecting,4,88,813228,14887,2930,2911,9323,10325,2912,6998,16581,12776,13689,M,Arabika Ratawali Aceh,M-RAT,F:\MBKM ADB ENOSE\smart-coffee-v2\scripts\..\data\medium_20260813_160059.csv
medium,collecting,4,89,814227,14883,2929,2911,9323,10323,2915,6998,16580,12774,13687,M,Arabika Ratawali Aceh,M-RAT,F:\MBKM ADB ENOSE\smart-coffee-v2\scripts\..\data\medium_20260813_160059.csv
medium,collecting,4,90,815227,14880,2928,2914,9322,10322,2914,6997,16580,12772,13685,M,Arabika Ratawali Aceh,M-RAT,F:\MBKM ADB ENOSE\smart-coffee-v2\scripts\..\data\medium_20260813_160059.csv
medium,collecting,4,91,816227,14876,2930,2910,9322,10321,2914,6997,16578,12770,13684,M,Arabika Ratawali Aceh,M-RAT,F:\MBKM ADB ENOSE\smart-coffee-v2\scripts\..\data\medium_20260813_160059.csv
medium,collecting,4,92,817227,14872,2930,2913,9321,10320,2913,6995,16577,12767,13682,M,Arabika Ratawali Aceh,M-RAT,F:\MBKM ADB ENOSE\smart-coffee-v2\scripts\..\data\medium_20260813_160059.csv
medium,collecting,4,93,818228,14868,2929,2912,9320,10318,2912,6994,16576,12764,13679,M,Arabika Ratawali Aceh,M-RAT,F:\MBKM ADB ENOSE\smart-coffee-v2\scripts\..\data\medium_20260813_160059.csv
medium,collecting,4,94,819227,14863,2927,2914,9320,10317,2915,6993,16574,12762,13677,M,Arabika Ratawali Aceh,M-RAT,F:\MBKM ADB ENOSE\smart-coffee-v2\scripts\..\data\medium_20260813_160059.csv
medium,collecting,4,95,820228,14857,2927,2910,9319,10316,2913,6993,16572,12761,13675,M,Arabika Ratawali Aceh,M-RAT,F:\MBKM ADB ENOSE\smart-coffee-v2\scripts\..\data\medium_20260813_160059.csv
medium,collecting,4,96,821227,14851,2928,2911,9319,10316,2913,6993,16571,12760,13675,M,Arabika Ratawali Aceh,M-RAT,F:\MBKM ADB ENOSE\smart-coffee-v2\scripts\..\data\medium_20260813_160059.csv
medium,collecting,4,97,822227,14846,2928,2914,9318,10315,2916,6993,16571,12758,13674,M,Arabika Ratawali Aceh,M-RAT,F:\MBKM ADB ENOSE\smart-coffee-v2\scripts\..\data\medium_20260813_160059.csv
medium,collecting,4,98,823227,14843,2928,2911,9318,10315,2912,6993,16572,12757,13672,M,Arabika Ratawali Aceh,M-RAT,F:\MBKM ADB ENOSE\smart-coffee-v2\scripts\..\data\medium_20260813_160059.csv
medium,collecting,4,99,824227,14839,2929,2914,9317,10315,2916,6993,16571,12757,13672,M,Arabika Ratawali Aceh,M-RAT,F:\MBKM ADB ENOSE\smart-coffee-v2\scripts\..\data\medium_20260813_160059.csv
medium,collecting,4,100,825227,14835,2926,2915,9317,10317,2910,6994,16571,12758,13673,M,Arabika Ratawali Aceh,M-RAT,F:\MBKM ADB ENOSE\smart-coffee-v2\scripts\..\data\medium_20260813_160059.csv
medium,collecting,4,101,826227,14832,2928,2913,9317,10319,2913,6997,16570,12761,13676,M,Arabika Ratawali Aceh,M-RAT,F:\MBKM ADB ENOSE\smart-coffee-v2\scripts\..\data\medium_20260813_160059.csv
medium,collecting,4,102,827228,14828,2930,2911,9317,10322,2915,6999,16571,12764,13678,M,Arabika Ratawali Aceh,M-RAT,F:\MBKM ADB ENOSE\smart-coffee-v2\scripts\..\data\medium_20260813_160059.csv
medium,collecting,4,103,828227,14824,2929,2912,9316,10325,2914,7002,16571,12767,13679,M,Arabika Ratawali Aceh,M-RAT,F:\MBKM ADB ENOSE\smart-coffee-v2\scripts\..\data\medium_20260813_160059.csv
medium,collecting,4,104,829228,14820,2929,2911,9316,10326,2915,7002,16571,12769,13679,M,Arabika Ratawali Aceh,M-RAT,F:\MBKM ADB ENOSE\smart-coffee-v2\scripts\..\data\medium_20260813_160059.csv
medium,collecting,4,105,830227,14816,2929,2916,9315,10327,2912,7004,16570,12771,13679,M,Arabika Ratawali Aceh,M-RAT,F:\MBKM ADB ENOSE\smart-coffee-v2\scripts\..\data\medium_20260813_160059.csv
medium,collecting,4,106,831227,14813,2926,2913,9315,10327,2912,7004,16570,12772,13679,M,Arabika Ratawali Aceh,M-RAT,F:\MBKM ADB ENOSE\smart-coffee-v2\scripts\..\data\medium_20260813_160059.csv
medium,collecting,4,107,832227,14810,2926,2913,9314,10328,2913,7005,16571,12773,13678,M,Arabika Ratawali Aceh,M-RAT,F:\MBKM ADB ENOSE\smart-coffee-v2\scripts\..\data\medium_20260813_160059.csv
medium,collecting,4,108,833227,14808,2930,2911,9314,10329,2911,7005,16570,12774,13676,M,Arabika Ratawali Aceh,M-RAT,F:\MBKM ADB ENOSE\smart-coffee-v2\scripts\..\data\medium_20260813_160059.csv
medium,collecting,4,109,834228,14804,2928,2914,9314,10328,2914,7004,16568,12773,13674,M,Arabika Ratawali Aceh,M-RAT,F:\MBKM ADB ENOSE\smart-coffee-v2\scripts\..\data\medium_20260813_160059.csv
medium,collecting,4,110,835227,14799,2929,2910,9313,10327,2913,7002,16567,12772,13672,M,Arabika Ratawali Aceh,M-RAT,F:\MBKM ADB ENOSE\smart-coffee-v2\scripts\..\data\medium_20260813_160059.csv
medium,collecting,4,111,836228,14794,2929,2913,9312,10326,2913,7001,16565,12771,13671,M,Arabika Ratawali Aceh,M-RAT,F:\MBKM ADB ENOSE\smart-coffee-v2\scripts\..\data\medium_20260813_160059.csv
medium,collecting,4,112,837227,14791,2928,2910,9312,10325,2911,7000,16563,12769,13669,M,Arabika Ratawali Aceh,M-RAT,F:\MBKM ADB ENOSE\smart-coffee-v2\scripts\..\data\medium_20260813_160059.csv
medium,collecting,4,113,838227,14788,2928,2910,9311,10324,2913,7000,16563,12768,13669,M,Arabika Ratawali Aceh,M-RAT,F:\MBKM ADB ENOSE\smart-coffee-v2\scripts\..\data\medium_20260813_160059.csv
medium,collecting,4,114,839227,14784,2930,2913,9310,10324,2916,7000,16563,12769,13668,M,Arabika Ratawali Aceh,M-RAT,F:\MBKM ADB ENOSE\smart-coffee-v2\scripts\..\data\medium_20260813_160059.csv
medium,collecting,4,115,840227,14779,2929,2910,9310,10323,2914,7000,16561,12768,13668,M,Arabika Ratawali Aceh,M-RAT,F:\MBKM ADB ENOSE\smart-coffee-v2\scripts\..\data\medium_20260813_160059.csv
medium,collecting,4,116,841227,14777,2929,2908,9309,10323,2915,7000,16561,12769,13667,M,Arabika Ratawali Aceh,M-RAT,F:\MBKM ADB ENOSE\smart-coffee-v2\scripts\..\data\medium_20260813_160059.csv
medium,collecting,4,117,842227,14774,2925,2911,9308,10323,2916,7000,16560,12768,13666,M,Arabika Ratawali Aceh,M-RAT,F:\MBKM ADB ENOSE\smart-coffee-v2\scripts\..\data\medium_20260813_160059.csv
medium,collecting,4,118,843228,14772,2926,2913,9307,10322,2912,7000,16560,12767,13665,M,Arabika Ratawali Aceh,M-RAT,F:\MBKM ADB ENOSE\smart-coffee-v2\scripts\..\data\medium_20260813_160059.csv
medium,collecting,4,119,844227,14769,2928,2914,9307,10321,2912,6999,16559,12765,13665,M,Arabika Ratawali Aceh,M-RAT,F:\MBKM ADB ENOSE\smart-coffee-v2\scripts\..\data\medium_20260813_160059.csv
medium,collecting,4,120,845228,14767,2926,2910,9306,10321,2913,6999,16558,12763,13664,M,Arabika Ratawali Aceh,M-RAT,F:\MBKM ADB ENOSE\smart-coffee-v2\scripts\..\data\medium_20260813_160059.csv
medium,collecting,4,121,846227,14763,2929,2913,9305,10320,2914,6999,16557,12762,13664,M,Arabika Ratawali Aceh,M-RAT,F:\MBKM ADB ENOSE\smart-coffee-v2\scripts\..\data\medium_20260813_160059.csv
medium,collecting,4,122,847227,14761,2929,2910,9305,10319,2915,6999,16557,12761,13662,M,Arabika Ratawali Aceh,M-RAT,F:\MBKM ADB ENOSE\smart-coffee-v2\scripts\..\data\medium_20260813_160059.csv
medium,collecting,4,123,848227,14757,2929,2914,9303,10319,2912,6999,16557,12760,13662,M,Arabika Ratawali Aceh,M-RAT,F:\MBKM ADB ENOSE\smart-coffee-v2\scripts\..\data\medium_20260813_160059.csv
medium,collecting,4,124,849227,14754,2926,2911,9303,10318,2911,7000,16556,12759,13663,M,Arabika Ratawali Aceh,M-RAT,F:\MBKM ADB ENOSE\smart-coffee-v2\scripts\..\data\medium_20260813_160059.csv
medium,collecting,4,125,850228,14750,2928,2911,9302,10318,2911,7001,16557,12758,13664,M,Arabika Ratawali Aceh,M-RAT,F:\MBKM ADB ENOSE\smart-coffee-v2\scripts\..\data\medium_20260813_160059.csv
medium,collecting,4,126,851227,14748,2926,2914,9301,10319,2917,7003,16557,12759,13665,M,Arabika Ratawali Aceh,M-RAT,F:\MBKM ADB ENOSE\smart-coffee-v2\scripts\..\data\medium_20260813_160059.csv
medium,collecting,4,127,852228,14745,2926,2913,9300,10321,2912,7004,16558,12760,13667,M,Arabika Ratawali Aceh,M-RAT,F:\MBKM ADB ENOSE\smart-coffee-v2\scripts\..\data\medium_20260813_160059.csv
medium,collecting,4,128,853227,14742,2929,2910,9300,10322,2912,7006,16559,12763,13669,M,Arabika Ratawali Aceh,M-RAT,F:\MBKM ADB ENOSE\smart-coffee-v2\scripts\..\data\medium_20260813_160059.csv
medium,collecting,4,129,854227,14739,2929,2911,9299,10325,2910,7008,16560,12765,13671,M,Arabika Ratawali Aceh,M-RAT,F:\MBKM ADB ENOSE\smart-coffee-v2\scripts\..\data\medium_20260813_160059.csv
medium,collecting,4,130,855227,14736,2928,2915,9298,10328,2915,7011,16560,12768,13672,M,Arabika Ratawali Aceh,M-RAT,F:\MBKM ADB ENOSE\smart-coffee-v2\scripts\..\data\medium_20260813_160059.csv
medium,collecting,4,131,856227,14734,2925,2912,9298,10330,2913,7013,16560,12772,13673,M,Arabika Ratawali Aceh,M-RAT,F:\MBKM ADB ENOSE\smart-coffee-v2\scripts\..\data\medium_20260813_160059.csv
medium,collecting,4,132,857227,14733,2928,2912,9298,10333,2915,7015,16560,12775,13676,M,Arabika Ratawali Aceh,M-RAT,F:\MBKM ADB ENOSE\smart-coffee-v2\scripts\..\data\medium_20260813_160059.csv
medium,collecting,4,133,858227,14731,2927,2915,9297,10336,2911,7017,16561,12779,13678,M,Arabika Ratawali Aceh,M-RAT,F:\MBKM ADB ENOSE\smart-coffee-v2\scripts\..\data\medium_20260813_160059.csv
medium,collecting,4,134,859228,14728,2929,2910,9297,10338,2915,7019,16560,12782,13679,M,Arabika Ratawali Aceh,M-RAT,F:\MBKM ADB ENOSE\smart-coffee-v2\scripts\..\data\medium_20260813_160059.csv
medium,collecting,4,135,860227,14726,2924,2910,9296,10339,2911,7020,16559,12783,13678,M,Arabika Ratawali Aceh,M-RAT,F:\MBKM ADB ENOSE\smart-coffee-v2\scripts\..\data\medium_20260813_160059.csv
medium,collecting,4,136,861228,14723,2929,2914,9296,10340,2912,7020,16559,12784,13679,M,Arabika Ratawali Aceh,M-RAT,F:\MBKM ADB ENOSE\smart-coffee-v2\scripts\..\data\medium_20260813_160059.csv
medium,collecting,4,137,862227,14721,2925,2913,9295,10340,2915,7020,16559,12784,13679,M,Arabika Ratawali Aceh,M-RAT,F:\MBKM ADB ENOSE\smart-coffee-v2\scripts\..\data\medium_20260813_160059.csv
medium,collecting,4,138,863227,14719,2925,2912,9295,10341,2912,7021,16557,12785,13680,M,Arabika Ratawali Aceh,M-RAT,F:\MBKM ADB ENOSE\smart-coffee-v2\scripts\..\data\medium_20260813_160059.csv
medium,collecting,4,139,864227,14718,2926,2913,9294,10342,2910,7022,16558,12787,13682,M,Arabika Ratawali Aceh,M-RAT,F:\MBKM ADB ENOSE\smart-coffee-v2\scripts\..\data\medium_20260813_160059.csv
medium,collecting,4,140,865227,14716,2927,2910,9294,10344,2915,7023,16559,12789,13683,M,Arabika Ratawali Aceh,M-RAT,F:\MBKM ADB ENOSE\smart-coffee-v2\scripts\..\data\medium_20260813_160059.csv
medium,collecting,4,141,866228,14714,2930,2914,9294,10345,2911,7024,16559,12790,13683,M,Arabika Ratawali Aceh,M-RAT,F:\MBKM ADB ENOSE\smart-coffee-v2\scripts\..\data\medium_20260813_160059.csv
medium,collecting,4,142,867227,14711,2926,2910,9293,10345,2912,7025,16559,12791,13683,M,Arabika Ratawali Aceh,M-RAT,F:\MBKM ADB ENOSE\smart-coffee-v2\scripts\..\data\medium_20260813_160059.csv
medium,collecting,4,143,868228,14708,2926,2910,9293,10345,2912,7025,16558,12791,13682,M,Arabika Ratawali Aceh,M-RAT,F:\MBKM ADB ENOSE\smart-coffee-v2\scripts\..\data\medium_20260813_160059.csv
medium,collecting,4,144,869227,14704,2926,2910,9292,10344,2910,7024,16557,12789,13681,M,Arabika Ratawali Aceh,M-RAT,F:\MBKM ADB ENOSE\smart-coffee-v2\scripts\..\data\medium_20260813_160059.csv
medium,collecting,4,145,870227,14701,2925,2911,9291,10344,2914,7025,16556,12788,13681,M,Arabika Ratawali Aceh,M-RAT,F:\MBKM ADB ENOSE\smart-coffee-v2\scripts\..\data\medium_20260813_160059.csv
medium,collecting,4,146,871227,14697,2925,2910,9290,10343,2912,7025,16554,12787,13681,M,Arabika Ratawali Aceh,M-RAT,F:\MBKM ADB ENOSE\smart-coffee-v2\scripts\..\data\medium_20260813_160059.csv
medium,collecting,4,147,872227,14693,2926,2910,9290,10342,2912,7026,16554,12786,13681,M,Arabika Ratawali Aceh,M-RAT,F:\MBKM ADB ENOSE\smart-coffee-v2\scripts\..\data\medium_20260813_160059.csv
medium,collecting,4,148,873227,14691,2926,2910,9289,10343,2910,7026,16554,12784,13681,M,Arabika Ratawali Aceh,M-RAT,F:\MBKM ADB ENOSE\smart-coffee-v2\scripts\..\data\medium_20260813_160059.csv
medium,collecting,4,149,874227,14689,2928,2910,9288,10343,2910,7026,16554,12783,13681,M,Arabika Ratawali Aceh,M-RAT,F:\MBKM ADB ENOSE\smart-coffee-v2\scripts\..\data\medium_20260813_160059.csv
medium,collecting,4,150,875228,14687,2925,2910,9288,10343,2913,7028,16553,12783,13681,M,Arabika Ratawali Aceh,M-RAT,F:\MBKM ADB ENOSE\smart-coffee-v2\scripts\..\data\medium_20260813_160059.csv
medium,collecting,4,151,876227,14685,2925,2910,9288,10343,2910,7029,16553,12783,13681,M,Arabika Ratawali Aceh,M-RAT,F:\MBKM ADB ENOSE\smart-coffee-v2\scripts\..\data\medium_20260813_160059.csv
medium,collecting,4,152,877228,14684,2926,2910,9287,10345,2912,7030,16552,12785,13682,M,Arabika Ratawali Aceh,M-RAT,F:\MBKM ADB ENOSE\smart-coffee-v2\scripts\..\data\medium_20260813_160059.csv
medium,collecting,4,153,878227,14682,2928,2909,9286,10347,2914,7031,16553,12787,13684,M,Arabika Ratawali Aceh,M-RAT,F:\MBKM ADB ENOSE\smart-coffee-v2\scripts\..\data\medium_20260813_160059.csv
medium,collecting,4,154,879227,14681,2926,2910,9286,10349,2911,7033,16554,12789,13686,M,Arabika Ratawali Aceh,M-RAT,F:\MBKM ADB ENOSE\smart-coffee-v2\scripts\..\data\medium_20260813_160059.csv
medium,collecting,4,155,880227,14678,2924,2912,9285,10352,2910,7034,16553,12792,13688,M,Arabika Ratawali Aceh,M-RAT,F:\MBKM ADB ENOSE\smart-coffee-v2\scripts\..\data\medium_20260813_160059.csv
medium,collecting,4,156,881227,14676,2930,2912,9285,10354,2912,7036,16553,12796,13689,M,Arabika Ratawali Aceh,M-RAT,F:\MBKM ADB ENOSE\smart-coffee-v2\scripts\..\data\medium_20260813_160059.csv
medium,collecting,4,157,882228,14674,2930,2910,9284,10356,2913,7038,16554,12799,13691,M,Arabika Ratawali Aceh,M-RAT,F:\MBKM ADB ENOSE\smart-coffee-v2\scripts\..\data\medium_20260813_160059.csv
medium,collecting,4,158,883227,14672,2925,2910,9283,10358,2915,7040,16555,12802,13693,M,Arabika Ratawali Aceh,M-RAT,F:\MBKM ADB ENOSE\smart-coffee-v2\scripts\..\data\medium_20260813_160059.csv
medium,collecting,4,159,884228,14670,2925,2912,9283,10360,2912,7040,16555,12805,13693,M,Arabika Ratawali Aceh,M-RAT,F:\MBKM ADB ENOSE\smart-coffee-v2\scripts\..\data\medium_20260813_160059.csv
medium,collecting,4,160,885227,14668,2925,2910,9282,10361,2911,7041,16555,12806,13692,M,Arabika Ratawali Aceh,M-RAT,F:\MBKM ADB ENOSE\smart-coffee-v2\scripts\..\data\medium_20260813_160059.csv
medium,collecting,4,161,886227,14667,2927,2910,9281,10362,2912,7041,16554,12807,13692,M,Arabika Ratawali Aceh,M-RAT,F:\MBKM ADB ENOSE\smart-coffee-v2\scripts\..\data\medium_20260813_160059.csv
medium,collecting,4,162,887227,14666,2925,2910,9281,10362,2912,7041,16553,12807,13692,M,Arabika Ratawali Aceh,M-RAT,F:\MBKM ADB ENOSE\smart-coffee-v2\scripts\..\data\medium_20260813_160059.csv
medium,collecting,4,163,888227,14665,2924,2910,9280,10363,2911,7042,16552,12807,13693,M,Arabika Ratawali Aceh,M-RAT,F:\MBKM ADB ENOSE\smart-coffee-v2\scripts\..\data\medium_20260813_160059.csv
medium,collecting,4,164,889227,14663,2925,2908,9280,10363,2911,7042,16552,12808,13692,M,Arabika Ratawali Aceh,M-RAT,F:\MBKM ADB ENOSE\smart-coffee-v2\scripts\..\data\medium_20260813_160059.csv
medium,collecting,4,165,890227,14660,2926,2912,9279,10362,2912,7041,16552,12807,13691,M,Arabika Ratawali Aceh,M-RAT,F:\MBKM ADB ENOSE\smart-coffee-v2\scripts\..\data\medium_20260813_160059.csv
medium,collecting,4,166,891228,14658,2925,2910,9278,10361,2913,7041,16551,12805,13690,M,Arabika Ratawali Aceh,M-RAT,F:\MBKM ADB ENOSE\smart-coffee-v2\scripts\..\data\medium_20260813_160059.csv
medium,collecting,4,167,892227,14656,2925,2910,9277,10361,2915,7041,16550,12805,13690,M,Arabika Ratawali Aceh,M-RAT,F:\MBKM ADB ENOSE\smart-coffee-v2\scripts\..\data\medium_20260813_160059.csv
medium,collecting,4,168,893228,14654,2925,2910,9276,10361,2911,7041,16550,12805,13690,M,Arabika Ratawali Aceh,M-RAT,F:\MBKM ADB ENOSE\smart-coffee-v2\scripts\..\data\medium_20260813_160059.csv
medium,collecting,4,169,894227,14653,2926,2908,9276,10361,2911,7042,16550,12806,13690,M,Arabika Ratawali Aceh,M-RAT,F:\MBKM ADB ENOSE\smart-coffee-v2\scripts\..\data\medium_20260813_160059.csv
medium,collecting,4,170,895227,14652,2926,2910,9275,10363,2912,7043,16550,12807,13690,M,Arabika Ratawali Aceh,M-RAT,F:\MBKM ADB ENOSE\smart-coffee-v2\scripts\..\data\medium_20260813_160059.csv
medium,collecting,4,171,896227,14652,2925,2908,9275,10364,2914,7044,16550,12808,13692,M,Arabika Ratawali Aceh,M-RAT,F:\MBKM ADB ENOSE\smart-coffee-v2\scripts\..\data\medium_20260813_160059.csv
medium,collecting,4,172,897227,14651,2925,2912,9274,10365,2915,7046,16551,12810,13693,M,Arabika Ratawali Aceh,M-RAT,F:\MBKM ADB ENOSE\smart-coffee-v2\scripts\..\data\medium_20260813_160059.csv
medium,collecting,4,173,898228,14650,2928,2908,9273,10366,2915,7046,16551,12811,13694,M,Arabika Ratawali Aceh,M-RAT,F:\MBKM ADB ENOSE\smart-coffee-v2\scripts\..\data\medium_20260813_160059.csv
medium,collecting,4,174,899227,14650,2925,2912,9273,10367,2915,7048,16551,12813,13696,M,Arabika Ratawali Aceh,M-RAT,F:\MBKM ADB ENOSE\smart-coffee-v2\scripts\..\data\medium_20260813_160059.csv
medium,collecting,4,175,900228,14649,2926,2912,9273,10369,2911,7049,16552,12814,13697,M,Arabika Ratawali Aceh,M-RAT,F:\MBKM ADB ENOSE\smart-coffee-v2\scripts\..\data\medium_20260813_160059.csv
medium,collecting,4,176,901227,14648,2924,2911,9272,10370,2914,7049,16552,12815,13698,M,Arabika Ratawali Aceh,M-RAT,F:\MBKM ADB ENOSE\smart-coffee-v2\scripts\..\data\medium_20260813_160059.csv
medium,collecting,4,177,902227,14647,2925,2910,9271,10372,2910,7050,16552,12818,13699,M,Arabika Ratawali Aceh,M-RAT,F:\MBKM ADB ENOSE\smart-coffee-v2\scripts\..\data\medium_20260813_160059.csv
medium,collecting,4,178,903227,14647,2928,2908,9271,10373,2914,7052,16551,12819,13700,M,Arabika Ratawali Aceh,M-RAT,F:\MBKM ADB ENOSE\smart-coffee-v2\scripts\..\data\medium_20260813_160059.csv
medium,collecting,4,179,904227,14646,2929,2910,9270,10374,2910,7052,16552,12821,13701,M,Arabika Ratawali Aceh,M-RAT,F:\MBKM ADB ENOSE\smart-coffee-v2\scripts\..\data\medium_20260813_160059.csv
medium,collecting,4,180,905227,14645,2923,2910,9270,10375,2910,7054,16551,12822,13701,M,Arabika Ratawali Aceh,M-RAT,F:\MBKM ADB ENOSE\smart-coffee-v2\scripts\..\data\medium_20260813_160059.csv
medium,purging,4,1,906230,14645,2927,2910,9269,10376,2912,7054,16550,12824,13701,M,Arabika Ratawali Aceh,M-RAT,F:\MBKM ADB ENOSE\smart-coffee-v2\scripts\..\data\medium_20260813_160059.csv
medium,purging,4,2,907228,14643,2929,2912,9269,10376,2910,7054,16550,12826,13701,M,Arabika Ratawali Aceh,M-RAT,F:\MBKM ADB ENOSE\smart-coffee-v2\scripts\..\data\medium_20260813_160059.csv
medium,purging,4,3,908227,14641,2925,2908,9268,10377,2910,7054,16551,12827,13701,M,Arabika Ratawali Aceh,M-RAT,F:\MBKM ADB ENOSE\smart-coffee-v2\scripts\..\data\medium_20260813_160059.csv
medium,purging,4,4,909228,14639,2924,2908,9267,10378,2911,7055,16551,12828,13703,M,Arabika Ratawali Aceh,M-RAT,F:\MBKM ADB ENOSE\smart-coffee-v2\scripts\..\data\medium_20260813_160059.csv
medium,purging,4,5,910227,14638,2925,2912,9266,10379,2915,7057,16550,12830,13705,M,Arabika Ratawali Aceh,M-RAT,F:\MBKM ADB ENOSE\smart-coffee-v2\scripts\..\data\medium_20260813_160059.csv
medium,purging,4,6,911227,14626,2923,2910,9266,10381,2912,7058,16552,12831,13707,M,Arabika Ratawali Aceh,M-RAT,F:\MBKM ADB ENOSE\smart-coffee-v2\scripts\..\data\medium_20260813_160059.csv
medium,purging,4,7,912227,14560,2927,2912,9266,10382,2911,7058,16544,12821,13696,M,Arabika Ratawali Aceh,M-RAT,F:\MBKM ADB ENOSE\smart-coffee-v2\scripts\..\data\medium_20260813_160059.csv
medium,purging,4,8,913227,14444,2923,2909,9265,10381,2915,7058,16519,12792,13677,M,Arabika Ratawali Aceh,M-RAT,F:\MBKM ADB ENOSE\smart-coffee-v2\scripts\..\data\medium_20260813_160059.csv
medium,purging,4,9,914228,14296,2928,2912,9266,10377,2910,7062,16484,12748,13650,M,Arabika Ratawali Aceh,M-RAT,F:\MBKM ADB ENOSE\smart-coffee-v2\scripts\..\data\medium_20260813_160059.csv
medium,purging,4,10,915227,14130,2926,2909,9265,10369,2911,7062,16441,12688,13615,M,Arabika Ratawali Aceh,M-RAT,F:\MBKM ADB ENOSE\smart-coffee-v2\scripts\..\data\medium_20260813_160059.csv
medium,purging,4,11,916228,13954,2923,2908,9265,10356,2910,7061,16395,12619,13580,M,Arabika Ratawali Aceh,M-RAT,F:\MBKM ADB ENOSE\smart-coffee-v2\scripts\..\data\medium_20260813_160059.csv
medium,purging,4,12,917227,13776,2926,2909,9264,10342,2914,7059,16348,12545,13546,M,Arabika Ratawali Aceh,M-RAT,F:\MBKM ADB ENOSE\smart-coffee-v2\scripts\..\data\medium_20260813_160059.csv
medium,purging,4,13,918227,13601,2927,2910,9264,10328,2912,7058,16304,12473,13515,M,Arabika Ratawali Aceh,M-RAT,F:\MBKM ADB ENOSE\smart-coffee-v2\scripts\..\data\medium_20260813_160059.csv
medium,purging,4,14,919227,13433,2923,2912,9264,10313,2910,7057,16263,12402,13486,M,Arabika Ratawali Aceh,M-RAT,F:\MBKM ADB ENOSE\smart-coffee-v2\scripts\..\data\medium_20260813_160059.csv
medium,purging,4,15,920227,13273,2925,2909,9263,10300,2910,7056,16226,12336,13458,M,Arabika Ratawali Aceh,M-RAT,F:\MBKM ADB ENOSE\smart-coffee-v2\scripts\..\data\medium_20260813_160059.csv
medium,purging,4,16,921227,13124,2926,2912,9263,10287,2914,7056,16190,12273,13432,M,Arabika Ratawali Aceh,M-RAT,F:\MBKM ADB ENOSE\smart-coffee-v2\scripts\..\data\medium_20260813_160059.csv
medium,purging,4,17,922227,12987,2922,2910,9262,10276,2910,7055,16157,12214,13407,M,Arabika Ratawali Aceh,M-RAT,F:\MBKM ADB ENOSE\smart-coffee-v2\scripts\..\data\medium_20260813_160059.csv
medium,purging,4,18,923228,12860,2922,2909,9262,10264,2910,7054,16125,12159,13383,M,Arabika Ratawali Aceh,M-RAT,F:\MBKM ADB ENOSE\smart-coffee-v2\scripts\..\data\medium_20260813_160059.csv
medium,purging,4,19,924227,12744,2925,2912,9261,10253,2910,7051,16095,12106,13359,M,Arabika Ratawali Aceh,M-RAT,F:\MBKM ADB ENOSE\smart-coffee-v2\scripts\..\data\medium_20260813_160059.csv
medium,purging,4,20,925228,12639,2924,2910,9261,10242,2910,7048,16065,12057,13338,M,Arabika Ratawali Aceh,M-RAT,F:\MBKM ADB ENOSE\smart-coffee-v2\scripts\..\data\medium_20260813_160059.csv
medium,purging,4,21,926227,12543,2924,2909,9261,10234,2910,7046,16038,12012,13319,M,Arabika Ratawali Aceh,M-RAT,F:\MBKM ADB ENOSE\smart-coffee-v2\scripts\..\data\medium_20260813_160059.csv
medium,purging,4,22,927227,12456,2921,2909,9260,10225,2912,7044,16013,11970,13303,M,Arabika Ratawali Aceh,M-RAT,F:\MBKM ADB ENOSE\smart-coffee-v2\scripts\..\data\medium_20260813_160059.csv
medium,purging,4,23,928227,12376,2925,2910,9260,10216,2911,7044,15990,11931,13286,M,Arabika Ratawali Aceh,M-RAT,F:\MBKM ADB ENOSE\smart-coffee-v2\scripts\..\data\medium_20260813_160059.csv
medium,purging,4,24,929227,12304,2923,2909,9260,10209,2910,7043,15968,11894,13271,M,Arabika Ratawali Aceh,M-RAT,F:\MBKM ADB ENOSE\smart-coffee-v2\scripts\..\data\medium_20260813_160059.csv
medium,purging,4,25,930228,12238,2922,2909,9260,10203,2910,7043,15947,11859,13257,M,Arabika Ratawali Aceh,M-RAT,F:\MBKM ADB ENOSE\smart-coffee-v2\scripts\..\data\medium_20260813_160059.csv
medium,purging,4,26,931227,12178,2923,2911,9259,10197,2910,7042,15928,11827,13242,M,Arabika Ratawali Aceh,M-RAT,F:\MBKM ADB ENOSE\smart-coffee-v2\scripts\..\data\medium_20260813_160059.csv
medium,purging,4,27,932228,12123,2922,2907,9259,10191,2912,7042,15908,11795,13228,M,Arabika Ratawali Aceh,M-RAT,F:\MBKM ADB ENOSE\smart-coffee-v2\scripts\..\data\medium_20260813_160059.csv
medium,purging,4,28,933227,12072,2919,2910,9258,10185,2911,7040,15889,11764,13215,M,Arabika Ratawali Aceh,M-RAT,F:\MBKM ADB ENOSE\smart-coffee-v2\scripts\..\data\medium_20260813_160059.csv
medium,purging,4,29,934227,12026,2921,2912,9258,10180,2910,7040,15871,11736,13202,M,Arabika Ratawali Aceh,M-RAT,F:\MBKM ADB ENOSE\smart-coffee-v2\scripts\..\data\medium_20260813_160059.csv
medium,purging,4,30,935227,11984,2921,2909,9257,10175,2910,7039,15854,11708,13190,M,Arabika Ratawali Aceh,M-RAT,F:\MBKM ADB ENOSE\smart-coffee-v2\scripts\..\data\medium_20260813_160059.csv
medium,purging,4,31,936227,11945,2919,2909,9257,10170,2910,7038,15838,11682,13181,M,Arabika Ratawali Aceh,M-RAT,F:\MBKM ADB ENOSE\smart-coffee-v2\scripts\..\data\medium_20260813_160059.csv
medium,purging,4,32,937227,11909,2920,2910,9257,10170,2910,7041,15822,11661,13176,M,Arabika Ratawali Aceh,M-RAT,F:\MBKM ADB ENOSE\smart-coffee-v2\scripts\..\data\medium_20260813_160059.csv
medium,purging,4,33,938227,11875,2923,2910,9256,10170,2912,7044,15810,11644,13168,M,Arabika Ratawali Aceh,M-RAT,F:\MBKM ADB ENOSE\smart-coffee-v2\scripts\..\data\medium_20260813_160059.csv
medium,purging,4,34,939228,11844,2921,2909,9256,10168,2914,7046,15796,11625,13158,M,Arabika Ratawali Aceh,M-RAT,F:\MBKM ADB ENOSE\smart-coffee-v2\scripts\..\data\medium_20260813_160059.csv
medium,purging,4,35,940227,11813,2919,2910,9256,10166,2910,7047,15781,11605,13152,M,Arabika Ratawali Aceh,M-RAT,F:\MBKM ADB ENOSE\smart-coffee-v2\scripts\..\data\medium_20260813_160059.csv
medium,purging,4,36,941228,11785,2921,2909,9256,10166,2914,7049,15769,11588,13148,M,Arabika Ratawali Aceh,M-RAT,F:\MBKM ADB ENOSE\smart-coffee-v2\scripts\..\data\medium_20260813_160059.csv
medium,purging,4,37,942227,11758,2921,2912,9256,10167,2910,7052,15757,11574,13142,M,Arabika Ratawali Aceh,M-RAT,F:\MBKM ADB ENOSE\smart-coffee-v2\scripts\..\data\medium_20260813_160059.csv
medium,purging,4,38,943227,11734,2919,2911,9255,10166,2912,7054,15745,11559,13133,M,Arabika Ratawali Aceh,M-RAT,F:\MBKM ADB ENOSE\smart-coffee-v2\scripts\..\data\medium_20260813_160059.csv
medium,purging,4,39,944227,11710,2918,2909,9255,10163,2912,7053,15732,11542,13120,M,Arabika Ratawali Aceh,M-RAT,F:\MBKM ADB ENOSE\smart-coffee-v2\scripts\..\data\medium_20260813_160059.csv
medium,purging,4,40,945227,11689,2921,2909,9255,10158,2911,7049,15715,11522,13108,M,Arabika Ratawali Aceh,M-RAT,F:\MBKM ADB ENOSE\smart-coffee-v2\scripts\..\data\medium_20260813_160059.csv
medium,purging,4,41,946228,11668,2918,2909,9254,10152,2910,7045,15700,11502,13097,M,Arabika Ratawali Aceh,M-RAT,F:\MBKM ADB ENOSE\smart-coffee-v2\scripts\..\data\medium_20260813_160059.csv
medium,purging,4,42,947227,11649,2920,2909,9254,10146,2910,7041,15686,11483,13086,M,Arabika Ratawali Aceh,M-RAT,F:\MBKM ADB ENOSE\smart-coffee-v2\scripts\..\data\medium_20260813_160059.csv
medium,purging,4,43,948228,11632,2921,2910,9253,10142,2910,7038,15672,11465,13081,M,Arabika Ratawali Aceh,M-RAT,F:\MBKM ADB ENOSE\smart-coffee-v2\scripts\..\data\medium_20260813_160059.csv
medium,purging,4,44,949227,11613,2921,2908,9253,10140,2913,7039,15662,11451,13078,M,Arabika Ratawali Aceh,M-RAT,F:\MBKM ADB ENOSE\smart-coffee-v2\scripts\..\data\medium_20260813_160059.csv
medium,purging,4,45,950227,11596,2921,2910,9252,10139,2909,7041,15654,11437,13077,M,Arabika Ratawali Aceh,M-RAT,F:\MBKM ADB ENOSE\smart-coffee-v2\scripts\..\data\medium_20260813_160059.csv
medium,purging,4,46,951227,11578,2919,2909,9252,10140,2909,7045,15646,11426,13079,M,Arabika Ratawali Aceh,M-RAT,F:\MBKM ADB ENOSE\smart-coffee-v2\scripts\..\data\medium_20260813_160059.csv
medium,purging,4,47,952227,11561,2919,2910,9251,10145,2910,7052,15640,11420,13077,M,Arabika Ratawali Aceh,M-RAT,F:\MBKM ADB ENOSE\smart-coffee-v2\scripts\..\data\medium_20260813_160059.csv
medium,purging,4,48,953227,11545,2921,2909,9251,10147,2913,7055,15633,11412,13070,M,Arabika Ratawali Aceh,M-RAT,F:\MBKM ADB ENOSE\smart-coffee-v2\scripts\..\data\medium_20260813_160059.csv
medium,purging,4,49,954227,11530,2919,2909,9251,10145,2914,7055,15622,11401,13061,M,Arabika Ratawali Aceh,M-RAT,F:\MBKM ADB ENOSE\smart-coffee-v2\scripts\..\data\medium_20260813_160059.csv
medium,purging,4,50,955228,11515,2920,2909,9250,10142,2913,7052,15609,11388,13053,M,Arabika Ratawali Aceh,M-RAT,F:\MBKM ADB ENOSE\smart-coffee-v2\scripts\..\data\medium_20260813_160059.csv
medium,purging,4,51,956227,11501,2920,2912,9249,10139,2909,7050,15598,11374,13046,M,Arabika Ratawali Aceh,M-RAT,F:\MBKM ADB ENOSE\smart-coffee-v2\scripts\..\data\medium_20260813_160059.csv
medium,purging,4,52,957228,11489,2920,2910,9249,10136,2910,7047,15588,11361,13038,M,Arabika Ratawali Aceh,M-RAT,F:\MBKM ADB ENOSE\smart-coffee-v2\scripts\..\data\medium_20260813_160059.csv
medium,purging,4,53,958227,11476,2920,2909,9248,10136,2914,7047,15578,11349,13041,M,Arabika Ratawali Aceh,M-RAT,F:\MBKM ADB ENOSE\smart-coffee-v2\scripts\..\data\medium_20260813_160059.csv
medium,purging,4,54,959227,11464,2917,2907,9248,10140,2912,7051,15573,11346,13043,M,Arabika Ratawali Aceh,M-RAT,F:\MBKM ADB ENOSE\smart-coffee-v2\scripts\..\data\medium_20260813_160059.csv
medium,purging,4,55,960227,11452,2919,2909,9248,10142,2909,7057,15568,11341,13045,M,Arabika Ratawali Aceh,M-RAT,F:\MBKM ADB ENOSE\smart-coffee-v2\scripts\..\data\medium_20260813_160059.csv
medium,purging,4,56,961227,11440,2920,2910,9248,10144,2911,7062,15564,11334,13045,M,Arabika Ratawali Aceh,M-RAT,F:\MBKM ADB ENOSE\smart-coffee-v2\scripts\..\data\medium_20260813_160059.csv
medium,purging,4,57,962228,11428,2920,2909,9247,10146,2909,7067,15560,11327,13047,M,Arabika Ratawali Aceh,M-RAT,F:\MBKM ADB ENOSE\smart-coffee-v2\scripts\..\data\medium_20260813_160059.csv
medium,purging,4,58,963227,11417,2918,2909,9246,10149,2910,7073,15556,11321,13048,M,Arabika Ratawali Aceh,M-RAT,F:\MBKM ADB ENOSE\smart-coffee-v2\scripts\..\data\medium_20260813_160059.csv
medium,purging,4,59,964228,11407,2919,2909,9246,10154,2915,7079,15552,11316,13050,M,Arabika Ratawali Aceh,M-RAT,F:\MBKM ADB ENOSE\smart-coffee-v2\scripts\..\data\medium_20260813_160059.csv
medium,purging,4,60,965227,11398,2921,2909,9246,10162,2909,7086,15548,11318,13056,M,Arabika Ratawali Aceh,M-RAT,F:\MBKM ADB ENOSE\smart-coffee-v2\scripts\..\data\medium_20260813_160059.csv
medium,purging,4,61,966227,11388,2920,2909,9246,10168,2909,7092,15544,11320,13055,M,Arabika Ratawali Aceh,M-RAT,F:\MBKM ADB ENOSE\smart-coffee-v2\scripts\..\data\medium_20260813_160059.csv
medium,collecting,5,1,967231,11379,2918,2909,9246,10170,2909,7095,15538,11317,13050,M,Arabika Ratawali Aceh,M-RAT,F:\MBKM ADB ENOSE\smart-coffee-v2\scripts\..\data\medium_20260813_160059.csv
medium,collecting,5,2,968227,11371,2918,2907,9245,10169,2913,7095,15529,11310,13042,M,Arabika Ratawali Aceh,M-RAT,F:\MBKM ADB ENOSE\smart-coffee-v2\scripts\..\data\medium_20260813_160059.csv
medium,collecting,5,3,969227,11379,2916,2911,9245,10169,2910,7093,15520,11304,13048,M,Arabika Ratawali Aceh,M-RAT,F:\MBKM ADB ENOSE\smart-coffee-v2\scripts\..\data\medium_20260813_160059.csv
medium,collecting,5,4,970227,11513,2919,2908,9244,10179,2912,7103,15526,11319,13080,M,Arabika Ratawali Aceh,M-RAT,F:\MBKM ADB ENOSE\smart-coffee-v2\scripts\..\data\medium_20260813_160059.csv
medium,collecting,5,5,971228,11795,2918,2907,9244,10201,2910,7121,15564,11380,13134,M,Arabika Ratawali Aceh,M-RAT,F:\MBKM ADB ENOSE\smart-coffee-v2\scripts\..\data\medium_20260813_160059.csv
medium,collecting,5,6,972227,12330,2922,2911,9244,10240,2912,7152,15645,11506,13254,M,Arabika Ratawali Aceh,M-RAT,F:\MBKM ADB ENOSE\smart-coffee-v2\scripts\..\data\medium_20260813_160059.csv
medium,collecting,5,7,973228,13239,2924,2907,9243,10313,2909,7209,15816,11767,13441,M,Arabika Ratawali Aceh,M-RAT,F:\MBKM ADB ENOSE\smart-coffee-v2\scripts\..\data\medium_20260813_160059.csv
medium,collecting,5,8,974227,14040,2925,2911,9242,10407,2913,7257,16054,12126,13604,M,Arabika Ratawali Aceh,M-RAT,F:\MBKM ADB ENOSE\smart-coffee-v2\scripts\..\data\medium_20260813_160059.csv
medium,collecting,5,9,975227,14577,2921,2911,9242,10485,2914,7276,16259,12474,13726,M,Arabika Ratawali Aceh,M-RAT,F:\MBKM ADB ENOSE\smart-coffee-v2\scripts\..\data\medium_20260813_160059.csv
medium,collecting,5,10,976227,14901,2922,2906,9241,10540,2914,7276,16398,12745,13808,M,Arabika Ratawali Aceh,M-RAT,F:\MBKM ADB ENOSE\smart-coffee-v2\scripts\..\data\medium_20260813_160059.csv
medium,collecting,5,11,977227,15093,2922,2909,9240,10576,2912,7269,16484,12935,13861,M,Arabika Ratawali Aceh,M-RAT,F:\MBKM ADB ENOSE\smart-coffee-v2\scripts\..\data\medium_20260813_160059.csv
medium,collecting,5,12,978228,15200,2922,2908,9239,10600,2912,7260,16535,13061,13893,M,Arabika Ratawali Aceh,M-RAT,F:\MBKM ADB ENOSE\smart-coffee-v2\scripts\..\data\medium_20260813_160059.csv
medium,collecting,5,13,979227,15246,2922,2910,9238,10614,2914,7252,16563,13140,13911,M,Arabika Ratawali Aceh,M-RAT,F:\MBKM ADB ENOSE\smart-coffee-v2\scripts\..\data\medium_20260813_160059.csv
medium,collecting,5,14,980228,15251,2923,2910,9237,10621,2909,7246,16574,13183,13916,M,Arabika Ratawali Aceh,M-RAT,F:\MBKM ADB ENOSE\smart-coffee-v2\scripts\..\data\medium_20260813_160059.csv
medium,collecting,5,15,981227,15252,2927,2907,9236,10624,2911,7241,16577,13207,13926,M,Arabika Ratawali Aceh,M-RAT,F:\MBKM ADB ENOSE\smart-coffee-v2\scripts\..\data\medium_20260813_160059.csv
medium,collecting,5,16,982227,15262,2924,2907,9235,10627,2912,7239,16587,13229,13935,M,Arabika Ratawali Aceh,M-RAT,F:\MBKM ADB ENOSE\smart-coffee-v2\scripts\..\data\medium_20260813_160059.csv
medium,collecting,5,17,983227,15260,2926,2909,9234,10629,2909,7235,16598,13248,13938,M,Arabika Ratawali Aceh,M-RAT,F:\MBKM ADB ENOSE\smart-coffee-v2\scripts\..\data\medium_20260813_160059.csv
medium,collecting,5,18,984227,15246,2924,2908,9233,10628,2910,7228,16601,13258,13940,M,Arabika Ratawali Aceh,M-RAT,F:\MBKM ADB ENOSE\smart-coffee-v2\scripts\..\data\medium_20260813_160059.csv
medium,collecting,5,19,985227,15233,2923,2912,9233,10627,2911,7223,16605,13266,13943,M,Arabika Ratawali Aceh,M-RAT,F:\MBKM ADB ENOSE\smart-coffee-v2\scripts\..\data\medium_20260813_160059.csv
medium,collecting,5,20,986227,15216,2926,2909,9232,10625,2913,7218,16609,13271,13945,M,Arabika Ratawali Aceh,M-RAT,F:\MBKM ADB ENOSE\smart-coffee-v2\scripts\..\data\medium_20260813_160059.csv
medium,collecting,5,21,987228,15194,2924,2908,9231,10622,2913,7213,16611,13272,13944,M,Arabika Ratawali Aceh,M-RAT,F:\MBKM ADB ENOSE\smart-coffee-v2\scripts\..\data\medium_20260813_160059.csv
medium,collecting,5,22,988227,15163,2926,2911,9231,10619,2911,7207,16610,13270,13940,M,Arabika Ratawali Aceh,M-RAT,F:\MBKM ADB ENOSE\smart-coffee-v2\scripts\..\data\medium_20260813_160059.csv
medium,collecting,5,23,989228,15127,2923,2911,9230,10615,2913,7202,16606,13261,13936,M,Arabika Ratawali Aceh,M-RAT,F:\MBKM ADB ENOSE\smart-coffee-v2\scripts\..\data\medium_20260813_160059.csv
medium,collecting,5,24,990227,15086,2922,2909,9229,10610,2913,7197,16600,13249,13929,M,Arabika Ratawali Aceh,M-RAT,F:\MBKM ADB ENOSE\smart-coffee-v2\scripts\..\data\medium_20260813_160059.csv
medium,collecting,5,25,991227,15043,2922,2906,9228,10604,2911,7192,16593,13234,13921,M,Arabika Ratawali Aceh,M-RAT,F:\MBKM ADB ENOSE\smart-coffee-v2\scripts\..\data\medium_20260813_160059.csv
medium,collecting,5,26,992227,14999,2922,2908,9227,10598,2914,7188,16584,13218,13914,M,Arabika Ratawali Aceh,M-RAT,F:\MBKM ADB ENOSE\smart-coffee-v2\scripts\..\data\medium_20260813_160059.csv
medium,collecting,5,27,993227,14959,2926,2911,9226,10592,2908,7183,16576,13200,13907,M,Arabika Ratawali Aceh,M-RAT,F:\MBKM ADB ENOSE\smart-coffee-v2\scripts\..\data\medium_20260813_160059.csv
medium,collecting,5,28,994228,14919,2924,2911,9225,10586,2914,7180,16570,13184,13899,M,Arabika Ratawali Aceh,M-RAT,F:\MBKM ADB ENOSE\smart-coffee-v2\scripts\..\data\medium_20260813_160059.csv
medium,collecting,5,29,995227,14883,2925,2907,9225,10581,2912,7176,16563,13167,13891,M,Arabika Ratawali Aceh,M-RAT,F:\MBKM ADB ENOSE\smart-coffee-v2\scripts\..\data\medium_20260813_160059.csv
medium,collecting,5,30,996228,14846,2924,2908,9223,10575,2913,7174,16556,13151,13884,M,Arabika Ratawali Aceh,M-RAT,F:\MBKM ADB ENOSE\smart-coffee-v2\scripts\..\data\medium_20260813_160059.csv
medium,collecting,5,31,997227,14811,2926,2906,9223,10570,2910,7171,16549,13135,13877,M,Arabika Ratawali Aceh,M-RAT,F:\MBKM ADB ENOSE\smart-coffee-v2\scripts\..\data\medium_20260813_160059.csv
medium,collecting,5,32,998227,14778,2922,2908,9222,10566,2910,7169,16542,13120,13872,M,Arabika Ratawali Aceh,M-RAT,F:\MBKM ADB ENOSE\smart-coffee-v2\scripts\..\data\medium_20260813_160059.csv
medium,collecting,5,33,999227,14748,2926,2906,9222,10562,2911,7167,16537,13106,13867,M,Arabika Ratawali Aceh,M-RAT,F:\MBKM ADB ENOSE\smart-coffee-v2\scripts\..\data\medium_20260813_160059.csv
medium,collecting,5,34,1000227,14720,2924,2906,9221,10559,2908,7166,16531,13094,13864,M,Arabika Ratawali Aceh,M-RAT,F:\MBKM ADB ENOSE\smart-coffee-v2\scripts\..\data\medium_20260813_160059.csv
medium,collecting,5,35,1001227,14695,2924,2907,9220,10558,2911,7166,16527,13084,13861,M,Arabika Ratawali Aceh,M-RAT,F:\MBKM ADB ENOSE\smart-coffee-v2\scripts\..\data\medium_20260813_160059.csv
medium,collecting,5,36,1002227,14671,2924,2907,9219,10556,2911,7167,16523,13074,13860,M,Arabika Ratawali Aceh,M-RAT,F:\MBKM ADB ENOSE\smart-coffee-v2\scripts\..\data\medium_20260813_160059.csv
medium,collecting,5,37,1003228,14650,2924,2908,9219,10554,2911,7167,16520,13066,13858,M,Arabika Ratawali Aceh,M-RAT,F:\MBKM ADB ENOSE\smart-coffee-v2\scripts\..\data\medium_20260813_160059.csv
medium,collecting,5,38,1004227,14630,2924,2907,9218,10553,2913,7169,16518,13058,13857,M,Arabika Ratawali Aceh,M-RAT,F:\MBKM ADB ENOSE\smart-coffee-v2\scripts\..\data\medium_20260813_160059.csv
medium,collecting,5,39,1005228,14613,2926,2910,9217,10552,2912,7169,16515,13052,13855,M,Arabika Ratawali Aceh,M-RAT,F:\MBKM ADB ENOSE\smart-coffee-v2\scripts\..\data\medium_20260813_160059.csv
medium,collecting,5,40,1006227,14596,2922,2907,9217,10553,2909,7171,16513,13047,13854,M,Arabika Ratawali Aceh,M-RAT,F:\MBKM ADB ENOSE\smart-coffee-v2\scripts\..\data\medium_20260813_160059.csv
medium,collecting,5,41,1007227,14581,2925,2911,9216,10552,2913,7171,16510,13040,13852,M,Arabika Ratawali Aceh,M-RAT,F:\MBKM ADB ENOSE\smart-coffee-v2\scripts\..\data\medium_20260813_160059.csv
medium,collecting,5,42,1008227,14566,2922,2909,9215,10551,2913,7172,16509,13036,13851,M,Arabika Ratawali Aceh,M-RAT,F:\MBKM ADB ENOSE\smart-coffee-v2\scripts\..\data\medium_20260813_160059.csv
medium,collecting,5,43,1009227,14553,2924,2907,9215,10551,2908,7172,16507,13031,13849,M,Arabika Ratawali Aceh,M-RAT,F:\MBKM ADB ENOSE\smart-coffee-v2\scripts\..\data\medium_20260813_160059.csv
medium,collecting,5,44,1010228,14539,2921,2908,9214,10550,2907,7173,16504,13025,13846,M,Arabika Ratawali Aceh,M-RAT,F:\MBKM ADB ENOSE\smart-coffee-v2\scripts\..\data\medium_20260813_160059.csv
medium,collecting,5,45,1011227,14526,2925,2910,9213,10549,2908,7172,16501,13019,13844,M,Arabika Ratawali Aceh,M-RAT,F:\MBKM ADB ENOSE\smart-coffee-v2\scripts\..\data\medium_20260813_160059.csv
medium,collecting,5,46,1012228,14512,2925,2911,9213,10549,2909,7173,16498,13014,13843,M,Arabika Ratawali Aceh,M-RAT,F:\MBKM ADB ENOSE\smart-coffee-v2\scripts\..\data\medium_20260813_160059.csv
medium,collecting,5,47,1013227,14498,2926,2907,9212,10550,2908,7174,16494,13009,13843,M,Arabika Ratawali Aceh,M-RAT,F:\MBKM ADB ENOSE\smart-coffee-v2\scripts\..\data\medium_20260813_160059.csv
medium,collecting,5,48,1014227,14484,2922,2910,9212,10550,2909,7175,16491,13005,13843,M,Arabika Ratawali Aceh,M-RAT,F:\MBKM ADB ENOSE\smart-coffee-v2\scripts\..\data\medium_20260813_160059.csv
medium,collecting,5,49,1015227,14470,2924,2907,9211,10551,2909,7176,16489,13002,13841,M,Arabika Ratawali Aceh,M-RAT,F:\MBKM ADB ENOSE\smart-coffee-v2\scripts\..\data\medium_20260813_160059.csv
medium,collecting,5,50,1016227,14456,2924,2907,9210,10551,2911,7177,16487,12997,13838,M,Arabika Ratawali Aceh,M-RAT,F:\MBKM ADB ENOSE\smart-coffee-v2\scripts\..\data\medium_20260813_160059.csv
medium,collecting,5,51,1017227,14445,2922,2909,9210,10550,2908,7177,16483,12993,13837,M,Arabika Ratawali Aceh,M-RAT,F:\MBKM ADB ENOSE\smart-coffee-v2\scripts\..\data\medium_20260813_160059.csv
medium,collecting,5,52,1018227,14433,2923,2905,9209,10551,2909,7178,16481,12990,13837,M,Arabika Ratawali Aceh,M-RAT,F:\MBKM ADB ENOSE\smart-coffee-v2\scripts\..\data\medium_20260813_160059.csv
medium,collecting,5,53,1019228,14422,2921,2909,9209,10552,2910,7181,16479,12988,13839,M,Arabika Ratawali Aceh,M-RAT,F:\MBKM ADB ENOSE\smart-coffee-v2\scripts\..\data\medium_20260813_160059.csv
medium,collecting,5,54,1020227,14412,2920,2908,9208,10555,2912,7184,16477,12988,13840,M,Arabika Ratawali Aceh,M-RAT,F:\MBKM ADB ENOSE\smart-coffee-v2\scripts\..\data\medium_20260813_160059.csv
medium,collecting,5,55,1021228,14402,2922,2909,9208,10557,2908,7187,16476,12987,13841,M,Arabika Ratawali Aceh,M-RAT,F:\MBKM ADB ENOSE\smart-coffee-v2\scripts\..\data\medium_20260813_160059.csv
medium,collecting,5,56,1022227,14393,2920,2907,9208,10559,2911,7189,16474,12986,13841,M,Arabika Ratawali Aceh,M-RAT,F:\MBKM ADB ENOSE\smart-coffee-v2\scripts\..\data\medium_20260813_160059.csv
medium,collecting,5,57,1023227,14383,2924,2910,9208,10560,2912,7190,16473,12985,13840,M,Arabika Ratawali Aceh,M-RAT,F:\MBKM ADB ENOSE\smart-coffee-v2\scripts\..\data\medium_20260813_160059.csv
medium,collecting,5,58,1024227,14374,2922,2911,9207,10560,2911,7191,16470,12983,13838,M,Arabika Ratawali Aceh,M-RAT,F:\MBKM ADB ENOSE\smart-coffee-v2\scripts\..\data\medium_20260813_160059.csv
medium,collecting,5,59,1025227,14365,2923,2909,9206,10561,2912,7191,16467,12981,13838,M,Arabika Ratawali Aceh,M-RAT,F:\MBKM ADB ENOSE\smart-coffee-v2\scripts\..\data\medium_20260813_160059.csv
medium,collecting,5,60,1026228,14357,2921,2905,9206,10560,2912,7191,16465,12978,13837,M,Arabika Ratawali Aceh,M-RAT,F:\MBKM ADB ENOSE\smart-coffee-v2\scripts\..\data\medium_20260813_160059.csv
medium,collecting,5,61,1027227,14350,2921,2904,9205,10561,2911,7191,16463,12976,13835,M,Arabika Ratawali Aceh,M-RAT,F:\MBKM ADB ENOSE\smart-coffee-v2\scripts\..\data\medium_20260813_160059.csv
medium,collecting,5,62,1028228,14345,2921,2905,9205,10561,2907,7190,16461,12974,13834,M,Arabika Ratawali Aceh,M-RAT,F:\MBKM ADB ENOSE\smart-coffee-v2\scripts\..\data\medium_20260813_160059.csv
medium,collecting,5,63,1029227,14339,2921,2907,9204,10560,2911,7190,16460,12971,13832,M,Arabika Ratawali Aceh,M-RAT,F:\MBKM ADB ENOSE\smart-coffee-v2\scripts\..\data\medium_20260813_160059.csv
medium,collecting,5,64,1030227,14334,2921,2907,9204,10559,2909,7189,16457,12968,13830,M,Arabika Ratawali Aceh,M-RAT,F:\MBKM ADB ENOSE\smart-coffee-v2\scripts\..\data\medium_20260813_160059.csv
medium,collecting,5,65,1031227,14329,2920,2911,9203,10558,2907,7189,16455,12966,13828,M,Arabika Ratawali Aceh,M-RAT,F:\MBKM ADB ENOSE\smart-coffee-v2\scripts\..\data\medium_20260813_160059.csv
medium,collecting,5,66,1032227,14323,2924,2910,9203,10557,2907,7187,16453,12962,13825,M,Arabika Ratawali Aceh,M-RAT,F:\MBKM ADB ENOSE\smart-coffee-v2\scripts\..\data\medium_20260813_160059.csv
medium,collecting,5,67,1033227,14317,2921,2907,9203,10555,2908,7186,16450,12958,13822,M,Arabika Ratawali Aceh,M-RAT,F:\MBKM ADB ENOSE\smart-coffee-v2\scripts\..\data\medium_20260813_160059.csv
medium,collecting,5,68,1034227,14310,2923,2905,9202,10553,2910,7184,16447,12953,13819,M,Arabika Ratawali Aceh,M-RAT,F:\MBKM ADB ENOSE\smart-coffee-v2\scripts\..\data\medium_20260813_160059.csv
medium,collecting,5,69,1035228,14303,2920,2907,9201,10551,2912,7182,16444,12948,13815,M,Arabika Ratawali Aceh,M-RAT,F:\MBKM ADB ENOSE\smart-coffee-v2\scripts\..\data\medium_20260813_160059.csv
medium,collecting,5,70,1036227,14295,2920,2906,9201,10548,2908,7180,16440,12943,13811,M,Arabika Ratawali Aceh,M-RAT,F:\MBKM ADB ENOSE\smart-coffee-v2\scripts\..\data\medium_20260813_160059.csv
medium,collecting,5,71,1037228,14287,2924,2907,9200,10545,2910,7178,16437,12937,13807,M,Arabika Ratawali Aceh,M-RAT,F:\MBKM ADB ENOSE\smart-coffee-v2\scripts\..\data\medium_20260813_160059.csv
medium,collecting,5,72,1038227,14279,2923,2908,9199,10542,2910,7176,16433,12930,13803,M,Arabika Ratawali Aceh,M-RAT,F:\MBKM ADB ENOSE\smart-coffee-v2\scripts\..\data\medium_20260813_160059.csv
medium,collecting,5,73,1039227,14271,2920,2906,9198,10538,2909,7173,16429,12923,13798,M,Arabika Ratawali Aceh,M-RAT,F:\MBKM ADB ENOSE\smart-coffee-v2\scripts\..\data\medium_20260813_160059.csv
medium,collecting,5,74,1040227,14263,2921,2907,9197,10535,2911,7171,16425,12916,13793,M,Arabika Ratawali Aceh,M-RAT,F:\MBKM ADB ENOSE\smart-coffee-v2\scripts\..\data\medium_20260813_160059.csv
medium,collecting,5,75,1041227,14255,2920,2905,9196,10531,2908,7169,16421,12907,13789,M,Arabika Ratawali Aceh,M-RAT,F:\MBKM ADB ENOSE\smart-coffee-v2\scripts\..\data\medium_20260813_160059.csv
medium,collecting,5,76,1042228,14247,2919,2907,9196,10529,2907,7166,16417,12900,13784,M,Arabika Ratawali Aceh,M-RAT,F:\MBKM ADB ENOSE\smart-coffee-v2\scripts\..\data\medium_20260813_160059.csv
medium,collecting,5,77,1043227,14239,2921,2903,9195,10524,2909,7164,16413,12893,13780,M,Arabika Ratawali Aceh,M-RAT,F:\MBKM ADB ENOSE\smart-coffee-v2\scripts\..\data\medium_20260813_160059.csv
medium,collecting,5,78,1044228,14232,2921,2907,9194,10521,2908,7163,16410,12886,13777,M,Arabika Ratawali Aceh,M-RAT,F:\MBKM ADB ENOSE\smart-coffee-v2\scripts\..\data\medium_20260813_160059.csv
medium,collecting,5,79,1045227,14224,2921,2904,9193,10518,2911,7162,16407,12879,13772,M,Arabika Ratawali Aceh,M-RAT,F:\MBKM ADB ENOSE\smart-coffee-v2\scripts\..\data\medium_20260813_160059.csv
medium,collecting,5,80,1046227,14218,2923,2905,9192,10516,2911,7161,16404,12873,13769,M,Arabika Ratawali Aceh,M-RAT,F:\MBKM ADB ENOSE\smart-coffee-v2\scripts\..\data\medium_20260813_160059.csv
medium,collecting,5,81,1047227,14212,2923,2908,9191,10514,2911,7161,16402,12867,13767,M,Arabika Ratawali Aceh,M-RAT,F:\MBKM ADB ENOSE\smart-coffee-v2\scripts\..\data\medium_20260813_160059.csv
medium,collecting,5,82,1048227,14205,2921,2905,9190,10513,2906,7161,16399,12863,13765,M,Arabika Ratawali Aceh,M-RAT,F:\MBKM ADB ENOSE\smart-coffee-v2\scripts\..\data\medium_20260813_160059.csv
medium,collecting,5,83,1049227,14200,2919,2906,9190,10512,2911,7161,16397,12857,13764,M,Arabika Ratawali Aceh,M-RAT,F:\MBKM ADB ENOSE\smart-coffee-v2\scripts\..\data\medium_20260813_160059.csv
medium,collecting,5,84,1050227,14195,2921,2905,9188,10511,2909,7161,16396,12854,13762,M,Arabika Ratawali Aceh,M-RAT,F:\MBKM ADB ENOSE\smart-coffee-v2\scripts\..\data\medium_20260813_160059.csv
medium,collecting,5,85,1051228,14190,2919,2908,9188,10510,2910,7161,16393,12850,13760,M,Arabika Ratawali Aceh,M-RAT,F:\MBKM ADB ENOSE\smart-coffee-v2\scripts\..\data\medium_20260813_160059.csv
medium,collecting,5,86,1052227,14186,2918,2905,9187,10510,2911,7162,16392,12847,13761,M,Arabika Ratawali Aceh,M-RAT,F:\MBKM ADB ENOSE\smart-coffee-v2\scripts\..\data\medium_20260813_160059.csv
medium,collecting,5,87,1053228,14182,2922,2904,9187,10511,2911,7164,16391,12847,13762,M,Arabika Ratawali Aceh,M-RAT,F:\MBKM ADB ENOSE\smart-coffee-v2\scripts\..\data\medium_20260813_160059.csv
medium,collecting,5,88,1054227,14179,2924,2908,9185,10513,2910,7166,16390,12847,13765,M,Arabika Ratawali Aceh,M-RAT,F:\MBKM ADB ENOSE\smart-coffee-v2\scripts\..\data\medium_20260813_160059.csv
medium,collecting,5,89,1055227,14176,2922,2909,9186,10516,2906,7169,16390,12849,13767,M,Arabika Ratawali Aceh,M-RAT,F:\MBKM ADB ENOSE\smart-coffee-v2\scripts\..\data\medium_20260813_160059.csv
medium,collecting,5,90,1056227,14173,2920,2905,9185,10519,2907,7173,16391,12852,13769,M,Arabika Ratawali Aceh,M-RAT,F:\MBKM ADB ENOSE\smart-coffee-v2\scripts\..\data\medium_20260813_160059.csv
medium,collecting,5,91,1057227,14170,2923,2905,9185,10524,2906,7176,16392,12856,13773,M,Arabika Ratawali Aceh,M-RAT,F:\MBKM ADB ENOSE\smart-coffee-v2\scripts\..\data\medium_20260813_160059.csv
medium,collecting,5,92,1058228,14168,2923,2907,9184,10530,2909,7181,16391,12863,13777,M,Arabika Ratawali Aceh,M-RAT,F:\MBKM ADB ENOSE\smart-coffee-v2\scripts\..\data\medium_20260813_160059.csv
medium,collecting,5,93,1059227,14166,2922,2908,9184,10536,2907,7185,16392,12870,13781,M,Arabika Ratawali Aceh,M-RAT,F:\MBKM ADB ENOSE\smart-coffee-v2\scripts\..\data\medium_20260813_160059.csv
medium,collecting,5,94,1060228,14162,2921,2907,9185,10540,2909,7189,16393,12876,13784,M,Arabika Ratawali Aceh,M-RAT,F:\MBKM ADB ENOSE\smart-coffee-v2\scripts\..\data\medium_20260813_160059.csv
medium,collecting,5,95,1061227,14159,2919,2909,9184,10543,2910,7192,16393,12879,13785,M,Arabika Ratawali Aceh,M-RAT,F:\MBKM ADB ENOSE\smart-coffee-v2\scripts\..\data\medium_20260813_160059.csv
medium,collecting,5,96,1062227,14156,2923,2908,9184,10546,2911,7193,16392,12882,13787,M,Arabika Ratawali Aceh,M-RAT,F:\MBKM ADB ENOSE\smart-coffee-v2\scripts\..\data\medium_20260813_160059.csv
medium,collecting,5,97,1063227,14154,2924,2908,9183,10547,2906,7194,16391,12884,13788,M,Arabika Ratawali Aceh,M-RAT,F:\MBKM ADB ENOSE\smart-coffee-v2\scripts\..\data\medium_20260813_160059.csv
medium,collecting,5,98,1064227,14151,2923,2908,9182,10548,2910,7195,16391,12886,13789,M,Arabika Ratawali Aceh,M-RAT,F:\MBKM ADB ENOSE\smart-coffee-v2\scripts\..\data\medium_20260813_160059.csv
medium,collecting,5,99,1065227,14147,2920,2907,9182,10549,2907,7196,16391,12887,13790,M,Arabika Ratawali Aceh,M-RAT,F:\MBKM ADB ENOSE\smart-coffee-v2\scripts\..\data\medium_20260813_160059.csv
medium,collecting,5,100,1066227,14145,2922,2906,9181,10550,2908,7197,16390,12888,13790,M,Arabika Ratawali Aceh,M-RAT,F:\MBKM ADB ENOSE\smart-coffee-v2\scripts\..\data\medium_20260813_160059.csv
medium,collecting,5,101,1067228,14141,2921,2907,9181,10551,2910,7198,16388,12888,13790,M,Arabika Ratawali Aceh,M-RAT,F:\MBKM ADB ENOSE\smart-coffee-v2\scripts\..\data\medium_20260813_160059.csv
medium,collecting,5,102,1068227,14137,2918,2906,9180,10551,2910,7198,16387,12888,13789,M,Arabika Ratawali Aceh,M-RAT,F:\MBKM ADB ENOSE\smart-coffee-v2\scripts\..\data\medium_20260813_160059.csv
medium,collecting,5,103,1069228,14132,2919,2907,9179,10552,2910,7198,16385,12888,13787,M,Arabika Ratawali Aceh,M-RAT,F:\MBKM ADB ENOSE\smart-coffee-v2\scripts\..\data\medium_20260813_160059.csv
medium,collecting,5,104,1070227,14128,2922,2906,9178,10550,2906,7197,16384,12887,13785,M,Arabika Ratawali Aceh,M-RAT,F:\MBKM ADB ENOSE\smart-coffee-v2\scripts\..\data\medium_20260813_160059.csv
medium,collecting,5,105,1071227,14124,2921,2906,9178,10548,2910,7196,16381,12884,13782,M,Arabika Ratawali Aceh,M-RAT,F:\MBKM ADB ENOSE\smart-coffee-v2\scripts\..\data\medium_20260813_160059.csv
medium,collecting,5,106,1072227,14121,2919,2904,9177,10546,2906,7195,16380,12879,13780,M,Arabika Ratawali Aceh,M-RAT,F:\MBKM ADB ENOSE\smart-coffee-v2\scripts\..\data\medium_20260813_160059.csv
medium,collecting,5,107,1073227,14119,2923,2907,9176,10545,2911,7193,16378,12875,13778,M,Arabika Ratawali Aceh,M-RAT,F:\MBKM ADB ENOSE\smart-coffee-v2\scripts\..\data\medium_20260813_160059.csv
medium,collecting,5,108,1074228,14118,2919,2905,9175,10543,2910,7192,16376,12872,13775,M,Arabika Ratawali Aceh,M-RAT,F:\MBKM ADB ENOSE\smart-coffee-v2\scripts\..\data\medium_20260813_160059.csv
medium,collecting,5,109,1075227,14116,2922,2904,9174,10542,2909,7191,16374,12869,13775,M,Arabika Ratawali Aceh,M-RAT,F:\MBKM ADB ENOSE\smart-coffee-v2\scripts\..\data\medium_20260813_160059.csv
medium,collecting,5,110,1076228,14115,2922,2908,9173,10541,2909,7190,16372,12868,13774,M,Arabika Ratawali Aceh,M-RAT,F:\MBKM ADB ENOSE\smart-coffee-v2\scripts\..\data\medium_20260813_160059.csv
medium,collecting,5,111,1077227,14113,2923,2905,9173,10541,2910,7190,16371,12868,13775,M,Arabika Ratawali Aceh,M-RAT,F:\MBKM ADB ENOSE\smart-coffee-v2\scripts\..\data\medium_20260813_160059.csv
medium,collecting,5,112,1078227,14112,2922,2906,9172,10541,2908,7191,16372,12867,13776,M,Arabika Ratawali Aceh,M-RAT,F:\MBKM ADB ENOSE\smart-coffee-v2\scripts\..\data\medium_20260813_160059.csv
medium,collecting,5,113,1079227,14110,2919,2908,9172,10541,2910,7192,16371,12865,13777,M,Arabika Ratawali Aceh,M-RAT,F:\MBKM ADB ENOSE\smart-coffee-v2\scripts\..\data\medium_20260813_160059.csv
medium,collecting,5,114,1080227,14107,2919,2906,9171,10542,2911,7193,16371,12865,13777,M,Arabika Ratawali Aceh,M-RAT,F:\MBKM ADB ENOSE\smart-coffee-v2\scripts\..\data\medium_20260813_160059.csv
medium,collecting,5,115,1081227,14103,2919,2906,9170,10542,2905,7194,16370,12865,13778,M,Arabika Ratawali Aceh,M-RAT,F:\MBKM ADB ENOSE\smart-coffee-v2\scripts\..\data\medium_20260813_160059.csv
medium,collecting,5,116,1082227,14099,2922,2907,9169,10543,2906,7195,16369,12863,13778,M,Arabika Ratawali Aceh,M-RAT,F:\MBKM ADB ENOSE\smart-coffee-v2\scripts\..\data\medium_20260813_160059.csv
medium,collecting,5,117,1083228,14096,2921,2905,9168,10543,2910,7196,16368,12861,13778,M,Arabika Ratawali Aceh,M-RAT,F:\MBKM ADB ENOSE\smart-coffee-v2\scripts\..\data\medium_20260813_160059.csv
medium,collecting,5,118,1084227,14093,2919,2908,9167,10544,2906,7197,16368,12860,13778,M,Arabika Ratawali Aceh,M-RAT,F:\MBKM ADB ENOSE\smart-coffee-v2\scripts\..\data\medium_20260813_160059.csv
medium,collecting,5,119,1085228,14090,2920,2908,9167,10545,2907,7198,16367,12860,13778,M,Arabika Ratawali Aceh,M-RAT,F:\MBKM ADB ENOSE\smart-coffee-v2\scripts\..\data\medium_20260813_160059.csv
medium,collecting,5,120,1086227,14086,2919,2905,9166,10545,2908,7199,16367,12859,13778,M,Arabika Ratawali Aceh,M-RAT,F:\MBKM ADB ENOSE\smart-coffee-v2\scripts\..\data\medium_20260813_160059.csv
medium,collecting,5,121,1087227,14083,2922,2906,9165,10546,2906,7201,16365,12860,13779,M,Arabika Ratawali Aceh,M-RAT,F:\MBKM ADB ENOSE\smart-coffee-v2\scripts\..\data\medium_20260813_160059.csv
medium,collecting,5,122,1088227,14081,2923,2906,9164,10548,2905,7202,16365,12860,13780,M,Arabika Ratawali Aceh,M-RAT,F:\MBKM ADB ENOSE\smart-coffee-v2\scripts\..\data\medium_20260813_160059.csv
medium,collecting,5,123,1089227,14079,2920,2905,9164,10550,2906,7204,16364,12860,13783,M,Arabika Ratawali Aceh,M-RAT,F:\MBKM ADB ENOSE\smart-coffee-v2\scripts\..\data\medium_20260813_160059.csv
medium,collecting,5,124,1090228,14076,2920,2906,9163,10553,2906,7207,16365,12863,13787,M,Arabika Ratawali Aceh,M-RAT,F:\MBKM ADB ENOSE\smart-coffee-v2\scripts\..\data\medium_20260813_160059.csv
medium,collecting,5,125,1091227,14074,2921,2905,9163,10558,2909,7212,16366,12868,13791,M,Arabika Ratawali Aceh,M-RAT,F:\MBKM ADB ENOSE\smart-coffee-v2\scripts\..\data\medium_20260813_160059.csv
medium,collecting,5,126,1092228,14070,2922,2906,9163,10564,2906,7216,16366,12875,13796,M,Arabika Ratawali Aceh,M-RAT,F:\MBKM ADB ENOSE\smart-coffee-v2\scripts\..\data\medium_20260813_160059.csv
medium,collecting,5,127,1093227,14067,2921,2905,9162,10570,2906,7220,16369,12881,13800,M,Arabika Ratawali Aceh,M-RAT,F:\MBKM ADB ENOSE\smart-coffee-v2\scripts\..\data\medium_20260813_160059.csv
medium,collecting,5,128,1094227,14064,2921,2906,9162,10574,2907,7224,16370,12886,13803,M,Arabika Ratawali Aceh,M-RAT,F:\MBKM ADB ENOSE\smart-coffee-v2\scripts\..\data\medium_20260813_160059.csv
medium,collecting,5,129,1095227,14063,2919,2905,9161,10578,2906,7227,16369,12890,13806,M,Arabika Ratawali Aceh,M-RAT,F:\MBKM ADB ENOSE\smart-coffee-v2\scripts\..\data\medium_20260813_160059.csv
medium,collecting,5,130,1096227,14060,2918,2908,9161,10581,2909,7229,16369,12893,13808,M,Arabika Ratawali Aceh,M-RAT,F:\MBKM ADB ENOSE\smart-coffee-v2\scripts\..\data\medium_20260813_160059.csv
medium,collecting,5,131,1097227,14058,2923,2903,9160,10582,2906,7230,16368,12895,13809,M,Arabika Ratawali Aceh,M-RAT,F:\MBKM ADB ENOSE\smart-coffee-v2\scripts\..\data\medium_20260813_160059.csv
medium,collecting,5,132,1098227,14055,2920,2905,9160,10583,2906,7231,16368,12896,13810,M,Arabika Ratawali Aceh,M-RAT,F:\MBKM ADB ENOSE\smart-coffee-v2\scripts\..\data\medium_20260813_160059.csv
medium,collecting,5,133,1099228,14052,2920,2908,9159,10585,2907,7232,16367,12897,13811,M,Arabika Ratawali Aceh,M-RAT,F:\MBKM ADB ENOSE\smart-coffee-v2\scripts\..\data\medium_20260813_160059.csv
medium,collecting,5,134,1100227,14050,2921,2906,9158,10586,2905,7232,16365,12898,13811,M,Arabika Ratawali Aceh,M-RAT,F:\MBKM ADB ENOSE\smart-coffee-v2\scripts\..\data\medium_20260813_160059.csv
medium,collecting,5,135,1101228,14047,2920,2905,9158,10587,2906,7233,16364,12898,13812,M,Arabika Ratawali Aceh,M-RAT,F:\MBKM ADB ENOSE\smart-coffee-v2\scripts\..\data\medium_20260813_160059.csv
medium,collecting,5,136,1102227,14044,2922,2903,9157,10587,2908,7233,16363,12900,13811,M,Arabika Ratawali Aceh,M-RAT,F:\MBKM ADB ENOSE\smart-coffee-v2\scripts\..\data\medium_20260813_160059.csv
medium,collecting,5,137,1103227,14041,2921,2906,9156,10588,2907,7233,16361,12899,13811,M,Arabika Ratawali Aceh,M-RAT,F:\MBKM ADB ENOSE\smart-coffee-v2\scripts\..\data\medium_20260813_160059.csv
medium,collecting,5,138,1104227,14039,2922,2908,9156,10588,2909,7233,16360,12899,13811,M,Arabika Ratawali Aceh,M-RAT,F:\MBKM ADB ENOSE\smart-coffee-v2\scripts\..\data\medium_20260813_160059.csv
medium,collecting,5,139,1105227,14036,2922,2903,9155,10588,2906,7233,16359,12898,13810,M,Arabika Ratawali Aceh,M-RAT,F:\MBKM ADB ENOSE\smart-coffee-v2\scripts\..\data\medium_20260813_160059.csv
medium,collecting,5,140,1106228,14033,2921,2904,9154,10587,2908,7232,16357,12896,13808,M,Arabika Ratawali Aceh,M-RAT,F:\MBKM ADB ENOSE\smart-coffee-v2\scripts\..\data\medium_20260813_160059.csv
medium,collecting,5,141,1107227,14031,2919,2906,9153,10586,2909,7231,16356,12895,13806,M,Arabika Ratawali Aceh,M-RAT,F:\MBKM ADB ENOSE\smart-coffee-v2\scripts\..\data\medium_20260813_160059.csv
medium,collecting,5,142,1108228,14028,2921,2904,9152,10585,2908,7229,16352,12892,13804,M,Arabika Ratawali Aceh,M-RAT,F:\MBKM ADB ENOSE\smart-coffee-v2\scripts\..\data\medium_20260813_160059.csv
medium,collecting,5,143,1109227,14026,2922,2908,9151,10582,2908,7227,16351,12889,13801,M,Arabika Ratawali Aceh,M-RAT,F:\MBKM ADB ENOSE\smart-coffee-v2\scripts\..\data\medium_20260813_160059.csv
medium,collecting,5,144,1110227,14024,2923,2906,9151,10580,2908,7225,16349,12884,13798,M,Arabika Ratawali Aceh,M-RAT,F:\MBKM ADB ENOSE\smart-coffee-v2\scripts\..\data\medium_20260813_160059.csv
medium,collecting,5,145,1111227,14022,2921,2908,9150,10577,2905,7222,16346,12880,13795,M,Arabika Ratawali Aceh,M-RAT,F:\MBKM ADB ENOSE\smart-coffee-v2\scripts\..\data\medium_20260813_160059.csv
medium,collecting,5,146,1112227,14020,2920,2908,9150,10575,2906,7221,16345,12876,13792,M,Arabika Ratawali Aceh,M-RAT,F:\MBKM ADB ENOSE\smart-coffee-v2\scripts\..\data\medium_20260813_160059.csv
medium,collecting,5,147,1113227,14018,2918,2906,9149,10572,2908,7219,16343,12872,13790,M,Arabika Ratawali Aceh,M-RAT,F:\MBKM ADB ENOSE\smart-coffee-v2\scripts\..\data\medium_20260813_160059.csv
medium,collecting,5,148,1114227,14016,2919,2904,9148,10569,2904,7217,16341,12867,13788,M,Arabika Ratawali Aceh,M-RAT,F:\MBKM ADB ENOSE\smart-coffee-v2\scripts\..\data\medium_20260813_160059.csv
medium,collecting,5,149,1115228,14015,2921,2908,9148,10567,2909,7216,16339,12863,13785,M,Arabika Ratawali Aceh,M-RAT,F:\MBKM ADB ENOSE\smart-coffee-v2\scripts\..\data\medium_20260813_160059.csv
medium,collecting,5,150,1116227,14013,2921,2906,9147,10565,2909,7215,16338,12859,13783,M,Arabika Ratawali Aceh,M-RAT,F:\MBKM ADB ENOSE\smart-coffee-v2\scripts\..\data\medium_20260813_160059.csv
medium,collecting,5,151,1117228,14012,2922,2903,9146,10564,2908,7214,16336,12856,13782,M,Arabika Ratawali Aceh,M-RAT,F:\MBKM ADB ENOSE\smart-coffee-v2\scripts\..\data\medium_20260813_160059.csv
medium,collecting,5,152,1118227,14011,2921,2904,9146,10562,2905,7213,16336,12852,13780,M,Arabika Ratawali Aceh,M-RAT,F:\MBKM ADB ENOSE\smart-coffee-v2\scripts\..\data\medium_20260813_160059.csv
medium,collecting,5,153,1119227,14010,2920,2905,9144,10561,2908,7212,16334,12849,13779,M,Arabika Ratawali Aceh,M-RAT,F:\MBKM ADB ENOSE\smart-coffee-v2\scripts\..\data\medium_20260813_160059.csv
medium,collecting,5,154,1120227,14008,2921,2906,9144,10560,2905,7212,16333,12846,13778,M,Arabika Ratawali Aceh,M-RAT,F:\MBKM ADB ENOSE\smart-coffee-v2\scripts\..\data\medium_20260813_160059.csv
medium,collecting,5,155,1121227,14008,2918,2903,9143,10560,2905,7212,16332,12845,13777,M,Arabika Ratawali Aceh,M-RAT,F:\MBKM ADB ENOSE\smart-coffee-v2\scripts\..\data\medium_20260813_160059.csv
medium,collecting,5,156,1122228,14006,2917,2903,9143,10559,2907,7212,16331,12843,13778,M,Arabika Ratawali Aceh,M-RAT,F:\MBKM ADB ENOSE\smart-coffee-v2\scripts\..\data\medium_20260813_160059.csv
medium,collecting,5,157,1123227,14004,2920,2906,9142,10559,2906,7212,16330,12842,13778,M,Arabika Ratawali Aceh,M-RAT,F:\MBKM ADB ENOSE\smart-coffee-v2\scripts\..\data\medium_20260813_160059.csv
medium,collecting,5,158,1124228,14002,2918,2903,9141,10559,2910,7214,16330,12840,13778,M,Arabika Ratawali Aceh,M-RAT,F:\MBKM ADB ENOSE\smart-coffee-v2\scripts\..\data\medium_20260813_160059.csv
medium,collecting,5,159,1125227,14002,2917,2903,9140,10559,2906,7214,16331,12840,13779,M,Arabika Ratawali Aceh,M-RAT,F:\MBKM ADB ENOSE\smart-coffee-v2\scripts\..\data\medium_20260813_160059.csv
medium,collecting,5,160,1126227,14001,2917,2904,9140,10560,2909,7215,16331,12839,13779,M,Arabika Ratawali Aceh,M-RAT,F:\MBKM ADB ENOSE\smart-coffee-v2\scripts\..\data\medium_20260813_160059.csv
medium,collecting,5,161,1127227,14000,2919,2907,9139,10561,2908,7216,16330,12839,13778,M,Arabika Ratawali Aceh,M-RAT,F:\MBKM ADB ENOSE\smart-coffee-v2\scripts\..\data\medium_20260813_160059.csv
medium,collecting,5,162,1128227,13997,2921,2908,9139,10561,2906,7217,16329,12839,13778,M,Arabika Ratawali Aceh,M-RAT,F:\MBKM ADB ENOSE\smart-coffee-v2\scripts\..\data\medium_20260813_160059.csv
medium,collecting,5,163,1129227,13996,2917,2903,9137,10562,2905,7217,16329,12839,13778,M,Arabika Ratawali Aceh,M-RAT,F:\MBKM ADB ENOSE\smart-coffee-v2\scripts\..\data\medium_20260813_160059.csv
medium,collecting,5,164,1130227,13995,2918,2907,9137,10562,2904,7218,16329,12839,13779,M,Arabika Ratawali Aceh,M-RAT,F:\MBKM ADB ENOSE\smart-coffee-v2\scripts\..\data\medium_20260813_160059.csv
medium,collecting,5,165,1131228,13994,2922,2903,9136,10563,2904,7219,16328,12839,13780,M,Arabika Ratawali Aceh,M-RAT,F:\MBKM ADB ENOSE\smart-coffee-v2\scripts\..\data\medium_20260813_160059.csv
medium,collecting,5,166,1132227,13993,2920,2903,9135,10564,2906,7220,16327,12840,13780,M,Arabika Ratawali Aceh,M-RAT,F:\MBKM ADB ENOSE\smart-coffee-v2\scripts\..\data\medium_20260813_160059.csv
medium,collecting,5,167,1133228,13992,2919,2905,9134,10566,2905,7221,16327,12841,13781,M,Arabika Ratawali Aceh,M-RAT,F:\MBKM ADB ENOSE\smart-coffee-v2\scripts\..\data\medium_20260813_160059.csv
medium,collecting,5,168,1134227,13992,2920,2903,9134,10568,2906,7222,16327,12843,13783,M,Arabika Ratawali Aceh,M-RAT,F:\MBKM ADB ENOSE\smart-coffee-v2\scripts\..\data\medium_20260813_160059.csv
medium,collecting,5,169,1135227,13991,2920,2905,9134,10571,2904,7225,16328,12846,13784,M,Arabika Ratawali Aceh,M-RAT,F:\MBKM ADB ENOSE\smart-coffee-v2\scripts\..\data\medium_20260813_160059.csv
medium,collecting,5,170,1136227,13989,2919,2905,9132,10574,2905,7226,16327,12849,13786,M,Arabika Ratawali Aceh,M-RAT,F:\MBKM ADB ENOSE\smart-coffee-v2\scripts\..\data\medium_20260813_160059.csv
medium,collecting,5,171,1137227,13989,2920,2903,9132,10576,2904,7227,16327,12853,13787,M,Arabika Ratawali Aceh,M-RAT,F:\MBKM ADB ENOSE\smart-coffee-v2\scripts\..\data\medium_20260813_160059.csv
medium,collecting,5,172,1138228,13987,2920,2908,9132,10578,2908,7228,16327,12855,13788,M,Arabika Ratawali Aceh,M-RAT,F:\MBKM ADB ENOSE\smart-coffee-v2\scripts\..\data\medium_20260813_160059.csv
medium,collecting,5,173,1139227,13986,2918,2906,9131,10579,2906,7230,16326,12857,13789,M,Arabika Ratawali Aceh,M-RAT,F:\MBKM ADB ENOSE\smart-coffee-v2\scripts\..\data\medium_20260813_160059.csv
medium,collecting,5,174,1140228,13985,2920,2905,9130,10581,2906,7232,16327,12859,13791,M,Arabika Ratawali Aceh,M-RAT,F:\MBKM ADB ENOSE\smart-coffee-v2\scripts\..\data\medium_20260813_160059.csv
medium,collecting,5,175,1141227,13985,2921,2907,9130,10583,2909,7233,16326,12861,13793,M,Arabika Ratawali Aceh,M-RAT,F:\MBKM ADB ENOSE\smart-coffee-v2\scripts\..\data\medium_20260813_160059.csv
medium,collecting,5,176,1142227,13985,2918,2906,9129,10584,2903,7234,16326,12863,13794,M,Arabika Ratawali Aceh,M-RAT,F:\MBKM ADB ENOSE\smart-coffee-v2\scripts\..\data\medium_20260813_160059.csv
medium,collecting,5,177,1143227,13985,2918,2906,9128,10586,2906,7236,16326,12866,13797,M,Arabika Ratawali Aceh,M-RAT,F:\MBKM ADB ENOSE\smart-coffee-v2\scripts\..\data\medium_20260813_160059.csv
medium,collecting,5,178,1144227,13983,2920,2907,9128,10589,2904,7238,16326,12869,13800,M,Arabika Ratawali Aceh,M-RAT,F:\MBKM ADB ENOSE\smart-coffee-v2\scripts\..\data\medium_20260813_160059.csv
medium,collecting,5,179,1145227,13983,2917,2903,9127,10592,2904,7241,16327,12872,13804,M,Arabika Ratawali Aceh,M-RAT,F:\MBKM ADB ENOSE\smart-coffee-v2\scripts\..\data\medium_20260813_160059.csv
medium,collecting,5,180,1146227,13982,2919,2903,9127,10596,2903,7244,16328,12876,13807,M,Arabika Ratawali Aceh,M-RAT,F:\MBKM ADB ENOSE\smart-coffee-v2\scripts\..\data\medium_20260813_160059.csv
medium,purging,5,1,1147231,13982,2917,2903,9127,10599,2905,7247,16329,12880,13809,M,Arabika Ratawali Aceh,M-RAT,F:\MBKM ADB ENOSE\smart-coffee-v2\scripts\..\data\medium_20260813_160059.csv
medium,purging,5,2,1148227,13981,2919,2902,9126,10603,2909,7248,16328,12884,13811,M,Arabika Ratawali Aceh,M-RAT,F:\MBKM ADB ENOSE\smart-coffee-v2\scripts\..\data\medium_20260813_160059.csv
medium,purging,5,3,1149228,13980,2919,2903,9125,10604,2907,7249,16327,12886,13812,M,Arabika Ratawali Aceh,M-RAT,F:\MBKM ADB ENOSE\smart-coffee-v2\scripts\..\data\medium_20260813_160059.csv
medium,purging,5,4,1150227,13980,2917,2904,9125,10605,2908,7249,16327,12888,13812,M,Arabika Ratawali Aceh,M-RAT,F:\MBKM ADB ENOSE\smart-coffee-v2\scripts\..\data\medium_20260813_160059.csv
medium,purging,5,5,1151227,13979,2918,2905,9124,10606,2903,7249,16326,12888,13812,M,Arabika Ratawali Aceh,M-RAT,F:\MBKM ADB ENOSE\smart-coffee-v2\scripts\..\data\medium_20260813_160059.csv
medium,purging,5,6,1152227,13977,2917,2907,9123,10606,2906,7249,16326,12889,13814,M,Arabika Ratawali Aceh,M-RAT,F:\MBKM ADB ENOSE\smart-coffee-v2\scripts\..\data\medium_20260813_160059.csv
medium,purging,5,7,1153227,13952,2919,2904,9123,10605,2908,7248,16324,12885,13806,M,Arabika Ratawali Aceh,M-RAT,F:\MBKM ADB ENOSE\smart-coffee-v2\scripts\..\data\medium_20260813_160059.csv
medium,purging,5,8,1154228,13874,2919,2903,9122,10600,2905,7242,16309,12866,13788,M,Arabika Ratawali Aceh,M-RAT,F:\MBKM ADB ENOSE\smart-coffee-v2\scripts\..\data\medium_20260813_160059.csv
medium,purging,5,9,1155227,13760,2918,2902,9121,10591,2903,7236,16281,12828,13765,M,Arabika Ratawali Aceh,M-RAT,F:\MBKM ADB ENOSE\smart-coffee-v2\scripts\..\data\medium_20260813_160059.csv
medium,purging,5,10,1156228,13623,2919,2902,9121,10580,2908,7232,16248,12779,13739,M,Arabika Ratawali Aceh,M-RAT,F:\MBKM ADB ENOSE\smart-coffee-v2\scripts\..\data\medium_20260813_160059.csv
medium,purging,5,11,1157227,13474,2917,2905,9120,10568,2905,7229,16213,12724,13712,M,Arabika Ratawali Aceh,M-RAT,F:\MBKM ADB ENOSE\smart-coffee-v2\scripts\..\data\medium_20260813_160059.csv
medium,purging,5,12,1158227,13322,2917,2903,9119,10556,2904,7228,16176,12665,13686,M,Arabika Ratawali Aceh,M-RAT,F:\MBKM ADB ENOSE\smart-coffee-v2\scripts\..\data\medium_20260813_160059.csv
medium,purging,5,13,1159227,13171,2915,2902,9118,10544,2907,7226,16141,12606,13660,M,Arabika Ratawali Aceh,M-RAT,F:\MBKM ADB ENOSE\smart-coffee-v2\scripts\..\data\medium_20260813_160059.csv
medium,purging,5,14,1160227,13026,2920,2902,9118,10532,2903,7225,16107,12548,13637,M,Arabika Ratawali Aceh,M-RAT,F:\MBKM ADB ENOSE\smart-coffee-v2\scripts\..\data\medium_20260813_160059.csv
medium,purging,5,15,1161227,12888,2918,2901,9118,10522,2908,7225,16075,12495,13615,M,Arabika Ratawali Aceh,M-RAT,F:\MBKM ADB ENOSE\smart-coffee-v2\scripts\..\data\medium_20260813_160059.csv
medium,purging,5,16,1162227,12760,2915,2905,9117,10513,2903,7225,16046,12444,13595,M,Arabika Ratawali Aceh,M-RAT,F:\MBKM ADB ENOSE\smart-coffee-v2\scripts\..\data\medium_20260813_160059.csv
medium,purging,5,17,1163228,12641,2915,2905,9117,10504,2907,7226,16018,12397,13576,M,Arabika Ratawali Aceh,M-RAT,F:\MBKM ADB ENOSE\smart-coffee-v2\scripts\..\data\medium_20260813_160059.csv
medium,purging,5,18,1164227,12532,2916,2903,9116,10497,2904,7226,15992,12353,13559,M,Arabika Ratawali Aceh,M-RAT,F:\MBKM ADB ENOSE\smart-coffee-v2\scripts\..\data\medium_20260813_160059.csv
medium,purging,5,19,1165228,12432,2915,2905,9115,10489,2903,7225,15967,12311,13542,M,Arabika Ratawali Aceh,M-RAT,F:\MBKM ADB ENOSE\smart-coffee-v2\scripts\..\data\medium_20260813_160059.csv
medium,purging,5,20,1166227,12340,2917,2905,9115,10483,2903,7225,15944,12272,13527,M,Arabika Ratawali Aceh,M-RAT,F:\MBKM ADB ENOSE\smart-coffee-v2\scripts\..\data\medium_20260813_160059.csv
medium,purging,5,21,1167227,12257,2917,2906,9114,10476,2905,7226,15923,12236,13512,M,Arabika Ratawali Aceh,M-RAT,F:\MBKM ADB ENOSE\smart-coffee-v2\scripts\..\data\medium_20260813_160059.csv
medium,purging,5,22,1168227,12181,2916,2907,9114,10470,2902,7226,15902,12203,13499,M,Arabika Ratawali Aceh,M-RAT,F:\MBKM ADB ENOSE\smart-coffee-v2\scripts\..\data\medium_20260813_160059.csv
medium,purging,5,23,1169227,12113,2912,2903,9114,10466,2903,7226,15883,12172,13485,M,Arabika Ratawali Aceh,M-RAT,F:\MBKM ADB ENOSE\smart-coffee-v2\scripts\..\data\medium_20260813_160059.csv
medium,purging,5,24,1170228,12051,2913,2905,9113,10461,2904,7226,15864,12143,13473,M,Arabika Ratawali Aceh,M-RAT,F:\MBKM ADB ENOSE\smart-coffee-v2\scripts\..\data\medium_20260813_160059.csv
medium,purging,5,25,1171227,11994,2915,2902,9113,10457,2903,7226,15846,12114,13461,M,Arabika Ratawali Aceh,M-RAT,F:\MBKM ADB ENOSE\smart-coffee-v2\scripts\..\data\medium_20260813_160059.csv
medium,purging,5,26,1172228,11943,2912,2905,9112,10451,2904,7226,15828,12088,13448,M,Arabika Ratawali Aceh,M-RAT,F:\MBKM ADB ENOSE\smart-coffee-v2\scripts\..\data\medium_20260813_160059.csv
medium,purging,5,27,1173227,11896,2912,2905,9112,10445,2903,7224,15811,12061,13435,M,Arabika Ratawali Aceh,M-RAT,F:\MBKM ADB ENOSE\smart-coffee-v2\scripts\..\data\medium_20260813_160059.csv
medium,purging,5,28,1174227,11854,2915,2905,9111,10440,2903,7222,15794,12036,13424,M,Arabika Ratawali Aceh,M-RAT,F:\MBKM ADB ENOSE\smart-coffee-v2\scripts\..\data\medium_20260813_160059.csv
medium,purging,5,29,1175227,11815,2914,2903,9110,10435,2906,7221,15778,12012,13414,M,Arabika Ratawali Aceh,M-RAT,F:\MBKM ADB ENOSE\smart-coffee-v2\scripts\..\data\medium_20260813_160059.csv
medium,purging,5,30,1176227,11779,2915,2900,9110,10432,2905,7221,15764,11989,13404,M,Arabika Ratawali Aceh,M-RAT,F:\MBKM ADB ENOSE\smart-coffee-v2\scripts\..\data\medium_20260813_160059.csv
medium,purging,5,31,1177227,11746,2912,2905,9109,10429,2906,7220,15750,11969,13396,M,Arabika Ratawali Aceh,M-RAT,F:\MBKM ADB ENOSE\smart-coffee-v2\scripts\..\data\medium_20260813_160059.csv
medium,purging,5,32,1178227,11715,2911,2905,9109,10426,2905,7219,15736,11950,13387,M,Arabika Ratawali Aceh,M-RAT,F:\MBKM ADB ENOSE\smart-coffee-v2\scripts\..\data\medium_20260813_160059.csv
medium,purging,5,33,1179228,11687,2912,2902,9108,10422,2903,7218,15722,11930,13377,M,Arabika Ratawali Aceh,M-RAT,F:\MBKM ADB ENOSE\smart-coffee-v2\scripts\..\data\medium_20260813_160059.csv
medium,purging,5,34,1180227,11661,2915,2906,9108,10418,2902,7218,15709,11912,13368,M,Arabika Ratawali Aceh,M-RAT,F:\MBKM ADB ENOSE\smart-coffee-v2\scripts\..\data\medium_20260813_160059.csv
medium,purging,5,35,1181228,11637,2912,2905,9108,10414,2906,7216,15696,11895,13360,M,Arabika Ratawali Aceh,M-RAT,F:\MBKM ADB ENOSE\smart-coffee-v2\scripts\..\data\medium_20260813_160059.csv
medium,purging,5,36,1182227,11614,2912,2902,9107,10411,2903,7216,15683,11878,13351,M,Arabika Ratawali Aceh,M-RAT,F:\MBKM ADB ENOSE\smart-coffee-v2\scripts\..\data\medium_20260813_160059.csv
medium,purging,5,37,1183227,11592,2914,2902,9107,10408,2904,7214,15671,11861,13342,M,Arabika Ratawali Aceh,M-RAT,F:\MBKM ADB ENOSE\smart-coffee-v2\scripts\..\data\medium_20260813_160059.csv
medium,purging,5,38,1184227,11572,2912,2902,9106,10404,2906,7213,15659,11845,13334,M,Arabika Ratawali Aceh,M-RAT,F:\MBKM ADB ENOSE\smart-coffee-v2\scripts\..\data\medium_20260813_160059.csv
medium,purging,5,39,1185227,11552,2912,2905,9106,10400,2906,7212,15647,11828,13326,M,Arabika Ratawali Aceh,M-RAT,F:\MBKM ADB ENOSE\smart-coffee-v2\scripts\..\data\medium_20260813_160059.csv
medium,purging,5,40,1186228,11533,2912,2902,9105,10396,2902,7210,15636,11813,13319,M,Arabika Ratawali Aceh,M-RAT,F:\MBKM ADB ENOSE\smart-coffee-v2\scripts\..\data\medium_20260813_160059.csv
medium,purging,5,41,1187227,11516,2916,2905,9104,10392,2902,7209,15625,11797,13312,M,Arabika Ratawali Aceh,M-RAT,F:\MBKM ADB ENOSE\smart-coffee-v2\scripts\..\data\medium_20260813_160059.csv
medium,purging,5,42,1188228,11498,2914,2902,9103,10389,2905,7208,15614,11783,13305,M,Arabika Ratawali Aceh,M-RAT,F:\MBKM ADB ENOSE\smart-coffee-v2\scripts\..\data\medium_20260813_160059.csv
medium,purging,5,43,1189227,11482,2915,2905,9103,10386,2901,7208,15604,11768,13299,M,Arabika Ratawali Aceh,M-RAT,F:\MBKM ADB ENOSE\smart-coffee-v2\scripts\..\data\medium_20260813_160059.csv
medium,purging,5,44,1190227,11467,2911,2902,9102,10384,2902,7208,15595,11755,13295,M,Arabika Ratawali Aceh,M-RAT,F:\MBKM ADB ENOSE\smart-coffee-v2\scripts\..\data\medium_20260813_160059.csv
medium,purging,5,45,1191227,11452,2915,2904,9101,10383,2903,7209,15587,11743,13291,M,Arabika Ratawali Aceh,M-RAT,F:\MBKM ADB ENOSE\smart-coffee-v2\scripts\..\data\medium_20260813_160059.csv
medium,purging,5,46,1192227,11438,2912,2906,9101,10382,2904,7210,15579,11733,13285,M,Arabika Ratawali Aceh,M-RAT,F:\MBKM ADB ENOSE\smart-coffee-v2\scripts\..\data\medium_20260813_160059.csv
medium,purging,5,47,1193227,11424,2916,2902,9100,10381,2901,7211,15570,11721,13279,M,Arabika Ratawali Aceh,M-RAT,F:\MBKM ADB ENOSE\smart-coffee-v2\scripts\..\data\medium_20260813_160059.csv
medium,purging,5,48,1194227,6291,2911,2908,4057,4426,2901,1016,6090,4201,4411,M,Arabika Ratawali Aceh,M-RAT,F:\MBKM ADB ENOSE\smart-coffee-v2\scripts\..\data\medium_20260813_160059.csv
medium,purging,5,49,1195228,65535,2894,2903,1117,65535,2892,65535,65535,1,65535,M,Arabika Ratawali Aceh,M-RAT,F:\MBKM ADB ENOSE\smart-coffee-v2\scripts\..\data\medium_20260813_160059.csv
medium,purging,5,50,1196227,106,2893,2900,968,142,2887,125,122,211,170,M,Arabika Ratawali Aceh,M-RAT,F:\MBKM ADB ENOSE\smart-coffee-v2\scripts\..\data\medium_20260813_160059.csv
medium,purging,5,51,1197228,3544,2902,2900,2105,2575,2895,1916,12519,5993,10148,M,Arabika Ratawali Aceh,M-RAT,F:\MBKM ADB ENOSE\smart-coffee-v2\scripts\..\data\medium_20260813_160059.csv
medium,purging,5,52,1198227,6937,2907,2904,4985,5106,2894,2663,13452,7332,11253,M,Arabika Ratawali Aceh,M-RAT,F:\MBKM ADB ENOSE\smart-coffee-v2\scripts\..\data\medium_20260813_160059.csv
medium,purging,5,53,1199227,8315,2908,2902,7881,7558,2899,3511,14081,8654,12003,M,Arabika Ratawali Aceh,M-RAT,F:\MBKM ADB ENOSE\smart-coffee-v2\scripts\..\data\medium_20260813_160059.csv
medium,purging,5,54,1200227,8966,2911,2901,9768,9241,2903,4288,14458,9758,12531,M,Arabika Ratawali Aceh,M-RAT,F:\MBKM ADB ENOSE\smart-coffee-v2\scripts\..\data\medium_20260813_160059.csv
medium,purging,5,55,1201227,9629,2908,2901,10586,10215,2900,4946,14699,10638,12932,M,Arabika Ratawali Aceh,M-RAT,F:\MBKM ADB ENOSE\smart-coffee-v2\scripts\..\data\medium_20260813_160059.csv
medium,purging,5,56,1202228,10215,2911,2900,10613,10722,2903,5488,14872,11314,13231,M,Arabika Ratawali Aceh,M-RAT,F:\MBKM ADB ENOSE\smart-coffee-v2\scripts\..\data\medium_20260813_160059.csv
medium,purging,5,57,1203227,10643,2912,2900,10288,10966,2901,5906,15008,11818,13449,M,Arabika Ratawali Aceh,M-RAT,F:\MBKM ADB ENOSE\smart-coffee-v2\scripts\..\data\medium_20260813_160059.csv
medium,purging,5,58,1204228,10924,2914,2902,9945,11070,2905,6218,15116,12184,13600,M,Arabika Ratawali Aceh,M-RAT,F:\MBKM ADB ENOSE\smart-coffee-v2\scripts\..\data\medium_20260813_160059.csv
medium,purging,5,59,1205227,11098,2911,2904,9684,11098,2904,6448,15204,12442,13703,M,Arabika Ratawali Aceh,M-RAT,F:\MBKM ADB ENOSE\smart-coffee-v2\scripts\..\data\medium_20260813_160059.csv
medium,purging,5,60,1206227,11205,2910,2904,9497,11088,2900,6618,15275,12619,13772,M,Arabika Ratawali Aceh,M-RAT,F:\MBKM ADB ENOSE\smart-coffee-v2\scripts\..\data\medium_20260813_160059.csv
medium,purging,5,61,1207227,11269,2909,2902,9361,11060,2901,6745,15335,12735,13817,M,Arabika Ratawali Aceh,M-RAT,F:\MBKM ADB ENOSE\smart-coffee-v2\scripts\..\data\medium_20260813_160059.csv
medium,collecting,6,1,1208231,11302,2914,2904,9260,11023,2902,6841,15384,12803,13836,M,Arabika Ratawali Aceh,M-RAT,F:\MBKM ADB ENOSE\smart-coffee-v2\scripts\..\data\medium_20260813_160059.csv
medium,collecting,6,2,1209227,11340,2910,2904,9183,10984,2905,6914,15419,12837,13857,M,Arabika Ratawali Aceh,M-RAT,F:\MBKM ADB ENOSE\smart-coffee-v2\scripts\..\data\medium_20260813_160059.csv
medium,collecting,6,3,1210227,11481,2913,2902,9126,10954,2905,6984,15466,12864,13899,M,Arabika Ratawali Aceh,M-RAT,F:\MBKM ADB ENOSE\smart-coffee-v2\scripts\..\data\medium_20260813_160059.csv
medium,collecting,6,4,1211228,11732,2911,2902,9083,10941,2905,7058,15541,12905,13947,M,Arabika Ratawali Aceh,M-RAT,F:\MBKM ADB ENOSE\smart-coffee-v2\scripts\..\data\medium_20260813_160059.csv
medium,collecting,6,5,1212227,12188,2913,2904,9050,10945,2902,7134,15637,12980,14023,M,Arabika Ratawali Aceh,M-RAT,F:\MBKM ADB ENOSE\smart-coffee-v2\scripts\..\data\medium_20260813_160059.csv
medium,collecting,6,6,1213228,12836,2915,2904,9026,10973,2903,7214,15781,13115,14138,M,Arabika Ratawali Aceh,M-RAT,F:\MBKM ADB ENOSE\smart-coffee-v2\scripts\..\data\medium_20260813_160059.csv
medium,collecting,6,7,1214227,13546,2915,2902,9008,11020,2902,7293,15972,13314,14263,M,Arabika Ratawali Aceh,M-RAT,F:\MBKM ADB ENOSE\smart-coffee-v2\scripts\..\data\medium_20260813_160059.csv
medium,collecting,6,8,1215227,14141,2919,2900,8994,11072,2903,7352,16167,13536,14373,M,Arabika Ratawali Aceh,M-RAT,F:\MBKM ADB ENOSE\smart-coffee-v2\scripts\..\data\medium_20260813_160059.csv
medium,collecting,6,9,1216227,14582,2917,2901,8984,11117,2904,7391,16334,13740,14458,M,Arabika Ratawali Aceh,M-RAT,F:\MBKM ADB ENOSE\smart-coffee-v2\scripts\..\data\medium_20260813_160059.csv
medium,collecting,6,10,1217227,14901,2919,2902,8976,11151,2904,7415,16468,13906,14521,M,Arabika Ratawali Aceh,M-RAT,F:\MBKM ADB ENOSE\smart-coffee-v2\scripts\..\data\medium_20260813_160059.csv
medium,collecting,6,11,1218228,15128,2915,2903,8970,11172,2907,7425,16569,14029,14555,M,Arabika Ratawali Aceh,M-RAT,F:\MBKM ADB ENOSE\smart-coffee-v2\scripts\..\data\medium_20260813_160059.csv
medium,collecting,6,12,1219227,15306,2918,2904,8966,11183,2905,7428,16645,14119,14579,M,Arabika Ratawali Aceh,M-RAT,F:\MBKM ADB ENOSE\smart-coffee-v2\scripts\..\data\medium_20260813_160059.csv
medium,collecting,6,13,1220228,15458,2917,2901,8963,11187,2906,7425,16710,14188,14599,M,Arabika Ratawali Aceh,M-RAT,F:\MBKM ADB ENOSE\smart-coffee-v2\scripts\..\data\medium_20260813_160059.csv
medium,collecting,6,14,1221227,15578,2920,2901,8961,11188,2907,7419,16767,14242,14614,M,Arabika Ratawali Aceh,M-RAT,F:\MBKM ADB ENOSE\smart-coffee-v2\scripts\..\data\medium_20260813_160059.csv
medium,collecting,6,15,1222227,15670,2916,2903,8959,11185,2904,7411,16813,14283,14626,M,Arabika Ratawali Aceh,M-RAT,F:\MBKM ADB ENOSE\smart-coffee-v2\scripts\..\data\medium_20260813_160059.csv
medium,collecting,6,16,1223227,15739,2920,2903,8958,11182,2905,7404,16852,14313,14634,M,Arabika Ratawali Aceh,M-RAT,F:\MBKM ADB ENOSE\smart-coffee-v2\scripts\..\data\medium_20260813_160059.csv
medium,collecting,6,17,1224227,15787,2916,2903,8958,11177,2906,7396,16885,14334,14635,M,Arabika Ratawali Aceh,M-RAT,F:\MBKM ADB ENOSE\smart-coffee-v2\scripts\..\data\medium_20260813_160059.csv
medium,collecting,6,18,1225227,15806,2920,2902,8958,11170,2905,7385,16905,14342,14631,M,Arabika Ratawali Aceh,M-RAT,F:\MBKM ADB ENOSE\smart-coffee-v2\scripts\..\data\medium_20260813_160059.csv
medium,collecting,6,19,1226227,15807,2917,2900,8958,11161,2903,7375,16917,14339,14623,M,Arabika Ratawali Aceh,M-RAT,F:\MBKM ADB ENOSE\smart-coffee-v2\scripts\..\data\medium_20260813_160059.csv
medium,collecting,6,20,1227228,15802,2919,2900,8958,11151,2907,7367,16923,14329,14615,M,Arabika Ratawali Aceh,M-RAT,F:\MBKM ADB ENOSE\smart-coffee-v2\scripts\..\data\medium_20260813_160059.csv
medium,collecting,6,21,1228227,15799,2920,2904,8958,11142,2904,7359,16929,14318,14608,M,Arabika Ratawali Aceh,M-RAT,F:\MBKM ADB ENOSE\smart-coffee-v2\scripts\..\data\medium_20260813_160059.csv
medium,collecting,6,22,1229228,15789,2920,2904,8959,11132,2901,7352,16937,14306,14598,M,Arabika Ratawali Aceh,M-RAT,F:\MBKM ADB ENOSE\smart-coffee-v2\scripts\..\data\medium_20260813_160059.csv
medium,collecting,6,23,1230227,15773,2919,2900,8960,11122,2906,7345,16942,14292,14587,M,Arabika Ratawali Aceh,M-RAT,F:\MBKM ADB ENOSE\smart-coffee-v2\scripts\..\data\medium_20260813_160059.csv
medium,collecting,6,24,1231227,15757,2920,2904,8959,11111,2900,7339,16943,14276,14579,M,Arabika Ratawali Aceh,M-RAT,F:\MBKM ADB ENOSE\smart-coffee-v2\scripts\..\data\medium_20260813_160059.csv
medium,collecting,6,25,1232227,15738,2919,2904,8960,11102,2904,7335,16946,14261,14571,M,Arabika Ratawali Aceh,M-RAT,F:\MBKM ADB ENOSE\smart-coffee-v2\scripts\..\data\medium_20260813_160059.csv
medium,collecting,6,26,1233227,15723,2915,2904,8961,11094,2904,7331,16949,14247,14565,M,Arabika Ratawali Aceh,M-RAT,F:\MBKM ADB ENOSE\smart-coffee-v2\scripts\..\data\medium_20260813_160059.csv
medium,collecting,6,27,1234228,15712,2915,2899,8962,11086,2906,7329,16952,14235,14560,M,Arabika Ratawali Aceh,M-RAT,F:\MBKM ADB ENOSE\smart-coffee-v2\scripts\..\data\medium_20260813_160059.csv
medium,collecting,6,28,1235227,15706,2916,2900,8962,11081,2903,7327,16958,14227,14558,M,Arabika Ratawali Aceh,M-RAT,F:\MBKM ADB ENOSE\smart-coffee-v2\scripts\..\data\medium_20260813_160059.csv
medium,collecting,6,29,1236228,15704,2919,2900,8963,11076,2904,7326,16965,14223,14557,M,Arabika Ratawali Aceh,M-RAT,F:\MBKM ADB ENOSE\smart-coffee-v2\scripts\..\data\medium_20260813_160059.csv
medium,collecting,6,30,1237227,15702,2920,2904,8964,11072,2904,7325,16975,14220,14555,M,Arabika Ratawali Aceh,M-RAT,F:\MBKM ADB ENOSE\smart-coffee-v2\scripts\..\data\medium_20260813_160059.csv
medium,collecting,6,31,1238227,15700,2917,2904,8965,11068,2903,7324,16981,14217,14554,M,Arabika Ratawali Aceh,M-RAT,F:\MBKM ADB ENOSE\smart-coffee-v2\scripts\..\data\medium_20260813_160059.csv
medium,collecting,6,32,1239227,15698,2920,2902,8966,11065,2904,7322,16988,14215,14551,M,Arabika Ratawali Aceh,M-RAT,F:\MBKM ADB ENOSE\smart-coffee-v2\scripts\..\data\medium_20260813_160059.csv
medium,collecting,6,33,1240227,15699,2919,2904,8967,11061,2900,7321,16994,14212,14549,M,Arabika Ratawali Aceh,M-RAT,F:\MBKM ADB ENOSE\smart-coffee-v2\scripts\..\data\medium_20260813_160059.csv
medium,collecting,6,34,1241227,15700,2919,2904,8968,11058,2905,7320,17000,14210,14547,M,Arabika Ratawali Aceh,M-RAT,F:\MBKM ADB ENOSE\smart-coffee-v2\scripts\..\data\medium_20260813_160059.csv
medium,collecting,6,35,1242227,15699,2919,2904,8969,11055,2904,7318,17005,14206,14546,M,Arabika Ratawali Aceh,M-RAT,F:\MBKM ADB ENOSE\smart-coffee-v2\scripts\..\data\medium_20260813_160059.csv
medium,collecting,6,36,1243228,15698,2921,2904,8969,11051,2903,7316,17010,14203,14544,M,Arabika Ratawali Aceh,M-RAT,F:\MBKM ADB ENOSE\smart-coffee-v2\scripts\..\data\medium_20260813_160059.csv
medium,collecting,6,37,1244227,15697,2919,2903,8970,11047,2904,7315,17015,14201,14541,M,Arabika Ratawali Aceh,M-RAT,F:\MBKM ADB ENOSE\smart-coffee-v2\scripts\..\data\medium_20260813_160059.csv
medium,collecting,6,38,1245228,15692,2916,2904,8970,11043,2903,7314,17018,14197,14537,M,Arabika Ratawali Aceh,M-RAT,F:\MBKM ADB ENOSE\smart-coffee-v2\scripts\..\data\medium_20260813_160059.csv
medium,collecting,6,39,1246227,15683,2915,2904,8971,11039,2903,7312,17020,14192,14532,M,Arabika Ratawali Aceh,M-RAT,F:\MBKM ADB ENOSE\smart-coffee-v2\scripts\..\data\medium_20260813_160059.csv
medium,collecting,6,40,1247227,15672,2917,2901,8972,11034,2901,7310,17020,14185,14527,M,Arabika Ratawali Aceh,M-RAT,F:\MBKM ADB ENOSE\smart-coffee-v2\scripts\..\data\medium_20260813_160059.csv
medium,collecting,6,41,1248227,15659,2917,2903,8973,11030,2904,7308,17020,14177,14523,M,Arabika Ratawali Aceh,M-RAT,F:\MBKM ADB ENOSE\smart-coffee-v2\scripts\..\data\medium_20260813_160059.csv
medium,collecting,6,42,1249227,15645,2915,2904,8973,11027,2903,7308,17020,14171,14517,M,Arabika Ratawali Aceh,M-RAT,F:\MBKM ADB ENOSE\smart-coffee-v2\scripts\..\data\medium_20260813_160059.csv
medium,collecting,6,43,1250228,15632,2915,2904,8974,11023,2903,7307,17019,14163,14512,M,Arabika Ratawali Aceh,M-RAT,F:\MBKM ADB ENOSE\smart-coffee-v2\scripts\..\data\medium_20260813_160059.csv
medium,collecting,6,44,1251227,15617,2916,2900,8974,11019,2902,7306,17017,14155,14508,M,Arabika Ratawali Aceh,M-RAT,F:\MBKM ADB ENOSE\smart-coffee-v2\scripts\..\data\medium_20260813_160059.csv
medium,collecting,6,45,1252228,15602,2917,2900,8975,11015,2903,7305,17015,14147,14502,M,Arabika Ratawali Aceh,M-RAT,F:\MBKM ADB ENOSE\smart-coffee-v2\scripts\..\data\medium_20260813_160059.csv
medium,collecting,6,46,1253227,15586,2919,2901,8976,11012,2902,7304,17013,14139,14496,M,Arabika Ratawali Aceh,M-RAT,F:\MBKM ADB ENOSE\smart-coffee-v2\scripts\..\data\medium_20260813_160059.csv
medium,collecting,6,47,1254227,15570,2919,2903,8976,11008,2902,7303,17011,14129,14491,M,Arabika Ratawali Aceh,M-RAT,F:\MBKM ADB ENOSE\smart-coffee-v2\scripts\..\data\medium_20260813_160059.csv
medium,collecting,6,48,1255227,15555,2917,2899,8977,11004,2899,7302,17009,14120,14485,M,Arabika Ratawali Aceh,M-RAT,F:\MBKM ADB ENOSE\smart-coffee-v2\scripts\..\data\medium_20260813_160059.csv
medium,collecting,6,49,1256227,15540,2917,2900,8977,11000,2903,7302,17007,14111,14480,M,Arabika Ratawali Aceh,M-RAT,F:\MBKM ADB ENOSE\smart-coffee-v2\scripts\..\data\medium_20260813_160059.csv
medium,collecting,6,50,1257227,15527,2919,2901,8978,10997,2900,7301,17005,14103,14476,M,Arabika Ratawali Aceh,M-RAT,F:\MBKM ADB ENOSE\smart-coffee-v2\scripts\..\data\medium_20260813_160059.csv
medium,collecting,6,51,1258227,15515,2918,2904,8978,10993,2903,7301,17003,14095,14471,M,Arabika Ratawali Aceh,M-RAT,F:\MBKM ADB ENOSE\smart-coffee-v2\scripts\..\data\medium_20260813_160059.csv
medium,collecting,6,52,1259228,15503,2919,2901,8979,10990,2901,7301,17001,14088,14466,M,Arabika Ratawali Aceh,M-RAT,F:\MBKM ADB ENOSE\smart-coffee-v2\scripts\..\data\medium_20260813_160059.csv
medium,collecting,6,53,1260227,15494,2916,2900,8978,10987,2904,7301,17001,14081,14462,M,Arabika Ratawali Aceh,M-RAT,F:\MBKM ADB ENOSE\smart-coffee-v2\scripts\..\data\medium_20260813_160059.csv
medium,collecting,6,54,1261228,15485,2920,2904,8979,10983,2900,7301,17000,14075,14459,M,Arabika Ratawali Aceh,M-RAT,F:\MBKM ADB ENOSE\smart-coffee-v2\scripts\..\data\medium_20260813_160059.csv
medium,collecting,6,55,1262227,15477,2919,2904,8979,10981,2905,7301,17000,14070,14456,M,Arabika Ratawali Aceh,M-RAT,F:\MBKM ADB ENOSE\smart-coffee-v2\scripts\..\data\medium_20260813_160059.csv
medium,collecting,6,56,1263227,15471,2919,2900,8979,10978,2904,7301,17000,14064,14453,M,Arabika Ratawali Aceh,M-RAT,F:\MBKM ADB ENOSE\smart-coffee-v2\scripts\..\data\medium_20260813_160059.csv
medium,collecting,6,57,1264227,15464,2919,2901,8979,10976,2902,7302,16999,14060,14449,M,Arabika Ratawali Aceh,M-RAT,F:\MBKM ADB ENOSE\smart-coffee-v2\scripts\..\data\medium_20260813_160059.csv
medium,collecting,6,58,1265227,15459,2919,2904,8980,10974,2900,7302,17000,14056,14446,M,Arabika Ratawali Aceh,M-RAT,F:\MBKM ADB ENOSE\smart-coffee-v2\scripts\..\data\medium_20260813_160059.csv
medium,collecting,6,59,1266228,15451,2917,2903,8979,10972,2900,7301,16998,14052,14444,M,Arabika Ratawali Aceh,M-RAT,F:\MBKM ADB ENOSE\smart-coffee-v2\scripts\..\data\medium_20260813_160059.csv
medium,collecting,6,60,1267227,15444,2916,2901,8980,10971,2901,7301,16996,14047,14441,M,Arabika Ratawali Aceh,M-RAT,F:\MBKM ADB ENOSE\smart-coffee-v2\scripts\..\data\medium_20260813_160059.csv
medium,collecting,6,61,1268228,15434,2915,2904,8980,10969,2901,7302,16995,14043,14438,M,Arabika Ratawali Aceh,M-RAT,F:\MBKM ADB ENOSE\smart-coffee-v2\scripts\..\data\medium_20260813_160059.csv
medium,collecting,6,62,1269227,15424,2920,2900,8980,10967,2902,7302,16994,14038,14435,M,Arabika Ratawali Aceh,M-RAT,F:\MBKM ADB ENOSE\smart-coffee-v2\scripts\..\data\medium_20260813_160059.csv
medium,collecting,6,63,1270227,15413,2917,2903,8980,10966,2905,7302,16991,14033,14431,M,Arabika Ratawali Aceh,M-RAT,F:\MBKM ADB ENOSE\smart-coffee-v2\scripts\..\data\medium_20260813_160059.csv
medium,collecting,6,64,1271227,15400,2914,2901,8980,10965,2901,7302,16989,14027,14428,M,Arabika Ratawali Aceh,M-RAT,F:\MBKM ADB ENOSE\smart-coffee-v2\scripts\..\data\medium_20260813_160059.csv
medium,collecting,6,65,1272227,15390,2920,2902,8981,10963,2902,7304,16987,14022,14426,M,Arabika Ratawali Aceh,M-RAT,F:\MBKM ADB ENOSE\smart-coffee-v2\scripts\..\data\medium_20260813_160059.csv
medium,collecting,6,66,1273227,15384,2919,2901,8980,10962,2903,7306,16986,14019,14424,M,Arabika Ratawali Aceh,M-RAT,F:\MBKM ADB ENOSE\smart-coffee-v2\scripts\..\data\medium_20260813_160059.csv
medium,collecting,6,67,1274227,15378,2919,2899,8980,10961,2905,7307,16986,14016,14422,M,Arabika Ratawali Aceh,M-RAT,F:\MBKM ADB ENOSE\smart-coffee-v2\scripts\..\data\medium_20260813_160059.csv
medium,collecting,6,68,1275228,15372,2919,2903,8981,10960,2900,7307,16984,14014,14420,M,Arabika Ratawali Aceh,M-RAT,F:\MBKM ADB ENOSE\smart-coffee-v2\scripts\..\data\medium_20260813_160059.csv
medium,collecting,6,69,1276227,15365,2919,2901,8981,10959,2904,7307,16982,14010,14417,M,Arabika Ratawali Aceh,M-RAT,F:\MBKM ADB ENOSE\smart-coffee-v2\scripts\..\data\medium_20260813_160059.csv
medium,collecting,6,70,1277228,15358,2916,2900,8981,10957,2903,7307,16980,14006,14413,M,Arabika Ratawali Aceh,M-RAT,F:\MBKM ADB ENOSE\smart-coffee-v2\scripts\..\data\medium_20260813_160059.csv
medium,collecting,6,71,1278227,15350,2918,2903,8981,10955,2900,7306,16978,14002,14408,M,Arabika Ratawali Aceh,M-RAT,F:\MBKM ADB ENOSE\smart-coffee-v2\scripts\..\data\medium_20260813_160059.csv
medium,collecting,6,72,1279227,15342,2916,2901,8981,10952,2903,7306,16975,13995,14405,M,Arabika Ratawali Aceh,M-RAT,F:\MBKM ADB ENOSE\smart-coffee-v2\scripts\..\data\medium_20260813_160059.csv
medium,collecting,6,73,1280227,15332,2918,2899,8981,10949,2900,7305,16973,13989,14401,M,Arabika Ratawali Aceh,M-RAT,F:\MBKM ADB ENOSE\smart-coffee-v2\scripts\..\data\medium_20260813_160059.csv
medium,collecting,6,74,1281227,15323,2915,2901,8981,10946,2899,7303,16969,13981,14396,M,Arabika Ratawali Aceh,M-RAT,F:\MBKM ADB ENOSE\smart-coffee-v2\scripts\..\data\medium_20260813_160059.csv
medium,collecting,6,75,1282228,15311,2918,2901,8981,10943,2902,7302,16965,13973,14392,M,Arabika Ratawali Aceh,M-RAT,F:\MBKM ADB ENOSE\smart-coffee-v2\scripts\..\data\medium_20260813_160059.csv
medium,collecting,6,76,1283227,15299,2915,2904,8980,10939,2902,7302,16962,13965,14387,M,Arabika Ratawali Aceh,M-RAT,F:\MBKM ADB ENOSE\smart-coffee-v2\scripts\..\data\medium_20260813_160059.csv
medium,collecting,6,77,1284228,15285,2914,2902,8980,10936,2899,7301,16958,13956,14382,M,Arabika Ratawali Aceh,M-RAT,F:\MBKM ADB ENOSE\smart-coffee-v2\scripts\..\data\medium_20260813_160059.csv
medium,collecting,6,78,1285227,15272,2919,2901,8980,10933,2903,7300,16953,13947,14377,M,Arabika Ratawali Aceh,M-RAT,F:\MBKM ADB ENOSE\smart-coffee-v2\scripts\..\data\medium_20260813_160059.csv
medium,collecting,6,79,1286227,15258,2918,2899,8980,10931,2900,7300,16950,13939,14372,M,Arabika Ratawali Aceh,M-RAT,F:\MBKM ADB ENOSE\smart-coffee-v2\scripts\..\data\medium_20260813_160059.csv
medium,collecting,6,80,1287227,15246,2918,2901,8980,10927,2904,7300,16946,13931,14367,M,Arabika Ratawali Aceh,M-RAT,F:\MBKM ADB ENOSE\smart-coffee-v2\scripts\..\data\medium_20260813_160059.csv
medium,collecting,6,81,1288227,15235,2915,2901,8980,10925,2901,7300,16942,13923,14364,M,Arabika Ratawali Aceh,M-RAT,F:\MBKM ADB ENOSE\smart-coffee-v2\scripts\..\data\medium_20260813_160059.csv
medium,collecting,6,82,1289227,15224,2918,2904,8979,10923,2900,7300,16938,13916,14361,M,Arabika Ratawali Aceh,M-RAT,F:\MBKM ADB ENOSE\smart-coffee-v2\scripts\..\data\medium_20260813_160059.csv
medium,collecting,6,83,1290227,15214,2919,2901,8980,10921,2900,7301,16935,13909,14358,M,Arabika Ratawali Aceh,M-RAT,F:\MBKM ADB ENOSE\smart-coffee-v2\scripts\..\data\medium_20260813_160059.csv
medium,collecting,6,84,1291228,15200,2916,2899,8980,10920,2903,7301,16931,13903,14353,M,Arabika Ratawali Aceh,M-RAT,F:\MBKM ADB ENOSE\smart-coffee-v2\scripts\..\data\medium_20260813_160059.csv
medium,collecting,6,85,1292227,15180,2918,2901,8979,10920,2901,7301,16925,13895,14347,M,Arabika Ratawali Aceh,M-RAT,F:\MBKM ADB ENOSE\smart-coffee-v2\scripts\..\data\medium_20260813_160059.csv
medium,collecting,6,86,1293228,15156,2918,2903,8980,10918,2902,7301,16919,13886,14341,M,Arabika Ratawali Aceh,M-RAT,F:\MBKM ADB ENOSE\smart-coffee-v2\scripts\..\data\medium_20260813_160059.csv
medium,collecting,6,87,1294227,15131,2919,2903,8979,10916,2900,7302,16911,13876,14335,M,Arabika Ratawali Aceh,M-RAT,F:\MBKM ADB ENOSE\smart-coffee-v2\scripts\..\data\medium_20260813_160059.csv
medium,collecting,6,88,1295227,15107,2919,2901,8979,10914,2901,7302,16904,13865,14329,M,Arabika Ratawali Aceh,M-RAT,F:\MBKM ADB ENOSE\smart-coffee-v2\scripts\..\data\medium_20260813_160059.csv
medium,collecting,6,89,1296227,15086,2919,2900,8979,10912,2902,7303,16897,13854,14324,M,Arabika Ratawali Aceh,M-RAT,F:\MBKM ADB ENOSE\smart-coffee-v2\scripts\..\data\medium_20260813_160059.csv
medium,collecting,6,90,1297227,15068,2919,2901,8979,10910,2901,7305,16890,13845,14319,M,Arabika Ratawali Aceh,M-RAT,F:\MBKM ADB ENOSE\smart-coffee-v2\scripts\..\data\medium_20260813_160059.csv
medium,collecting,6,91,1298228,15050,2919,2901,8979,10909,2903,7305,16885,13837,14316,M,Arabika Ratawali Aceh,M-RAT,F:\MBKM ADB ENOSE\smart-coffee-v2\scripts\..\data\medium_20260813_160059.csv
medium,collecting,6,92,1299227,15035,2913,2901,8978,10908,2900,7306,16878,13829,14313,M,Arabika Ratawali Aceh,M-RAT,F:\MBKM ADB ENOSE\smart-coffee-v2\scripts\..\data\medium_20260813_160059.csv
medium,collecting,6,93,1300228,15022,2919,2901,8978,10908,2901,7307,16874,13823,14311,M,Arabika Ratawali Aceh,M-RAT,F:\MBKM ADB ENOSE\smart-coffee-v2\scripts\..\data\medium_20260813_160059.csv
medium,collecting,6,94,1301227,15012,2918,2904,8978,10907,2902,7309,16870,13817,14308,M,Arabika Ratawali Aceh,M-RAT,F:\MBKM ADB ENOSE\smart-coffee-v2\scripts\..\data\medium_20260813_160059.csv
medium,collecting,6,95,1302227,15002,2919,2899,8977,10906,2903,7310,16867,13813,14305,M,Arabika Ratawali Aceh,M-RAT,F:\MBKM ADB ENOSE\smart-coffee-v2\scripts\..\data\medium_20260813_160059.csv
medium,collecting,6,96,1303227,14995,2917,2901,8977,10906,2903,7311,16864,13808,14303,M,Arabika Ratawali Aceh,M-RAT,F:\MBKM ADB ENOSE\smart-coffee-v2\scripts\..\data\medium_20260813_160059.csv
medium,collecting,6,97,1304227,14988,2913,2901,8976,10906,2901,7312,16861,13805,14301,M,Arabika Ratawali Aceh,M-RAT,F:\MBKM ADB ENOSE\smart-coffee-v2\scripts\..\data\medium_20260813_160059.csv
medium,collecting,6,98,1305227,14982,2918,2900,8977,10907,2904,7313,16859,13802,14299,M,Arabika Ratawali Aceh,M-RAT,F:\MBKM ADB ENOSE\smart-coffee-v2\scripts\..\data\medium_20260813_160059.csv
medium,collecting,6,99,1306227,14977,2918,2901,8977,10906,2901,7314,16856,13800,14297,M,Arabika Ratawali Aceh,M-RAT,F:\MBKM ADB ENOSE\smart-coffee-v2\scripts\..\data\medium_20260813_160059.csv
medium,collecting,6,100,1307228,14972,2916,2901,8976,10906,2900,7314,16853,13797,14295,M,Arabika Ratawali Aceh,M-RAT,F:\MBKM ADB ENOSE\smart-coffee-v2\scripts\..\data\medium_20260813_160059.csv
medium,collecting,6,101,1308227,14967,2918,2899,8976,10906,2899,7315,16851,13794,14293,M,Arabika Ratawali Aceh,M-RAT,F:\MBKM ADB ENOSE\smart-coffee-v2\scripts\..\data\medium_20260813_160059.csv
medium,collecting,6,102,1309228,14963,2914,2901,8976,10905,2901,7315,16849,13792,14292,M,Arabika Ratawali Aceh,M-RAT,F:\MBKM ADB ENOSE\smart-coffee-v2\scripts\..\data\medium_20260813_160059.csv
medium,collecting,6,103,1310227,14960,2913,2900,8976,10904,2899,7316,16848,13789,14290,M,Arabika Ratawali Aceh,M-RAT,F:\MBKM ADB ENOSE\smart-coffee-v2\scripts\..\data\medium_20260813_160059.csv
medium,collecting,6,104,1311227,14957,2918,2901,8975,10904,2898,7316,16846,13787,14288,M,Arabika Ratawali Aceh,M-RAT,F:\MBKM ADB ENOSE\smart-coffee-v2\scripts\..\data\medium_20260813_160059.csv
medium,collecting,6,105,1312227,14955,2918,2899,8975,10904,2901,7317,16845,13784,14287,M,Arabika Ratawali Aceh,M-RAT,F:\MBKM ADB ENOSE\smart-coffee-v2\scripts\..\data\medium_20260813_160059.csv
medium,collecting,6,106,1313227,14954,2916,2901,8975,10903,2903,7318,16844,13783,14287,M,Arabika Ratawali Aceh,M-RAT,F:\MBKM ADB ENOSE\smart-coffee-v2\scripts\..\data\medium_20260813_160059.csv
medium,collecting,6,107,1314228,14952,2917,2899,8974,10903,2901,7318,16842,13781,14286,M,Arabika Ratawali Aceh,M-RAT,F:\MBKM ADB ENOSE\smart-coffee-v2\scripts\..\data\medium_20260813_160059.csv
medium,collecting,6,108,1315227,14950,2916,2901,8974,10903,2900,7319,16841,13779,14285,M,Arabika Ratawali Aceh,M-RAT,F:\MBKM ADB ENOSE\smart-coffee-v2\scripts\..\data\medium_20260813_160059.csv
medium,collecting,6,109,1316228,14947,2915,2901,8974,10903,2902,7319,16840,13778,14284,M,Arabika Ratawali Aceh,M-RAT,F:\MBKM ADB ENOSE\smart-coffee-v2\scripts\..\data\medium_20260813_160059.csv
medium,collecting,6,110,1317227,14945,2918,2901,8973,10902,2901,7319,16839,13777,14282,M,Arabika Ratawali Aceh,M-RAT,F:\MBKM ADB ENOSE\smart-coffee-v2\scripts\..\data\medium_20260813_160059.csv
medium,collecting,6,111,1318227,14944,2918,2901,8973,10902,2899,7319,16837,13775,14282,M,Arabika Ratawali Aceh,M-RAT,F:\MBKM ADB ENOSE\smart-coffee-v2\scripts\..\data\medium_20260813_160059.csv
medium,collecting,6,112,1319227,14943,2915,2899,8973,10902,2903,7320,16835,13774,14281,M,Arabika Ratawali Aceh,M-RAT,F:\MBKM ADB ENOSE\smart-coffee-v2\scripts\..\data\medium_20260813_160059.csv
medium,collecting,6,113,1320227,14942,2916,2902,8972,10902,2898,7321,16835,13773,14280,M,Arabika Ratawali Aceh,M-RAT,F:\MBKM ADB ENOSE\smart-coffee-v2\scripts\..\data\medium_20260813_160059.csv
medium,collecting,6,114,1321227,14942,2917,2903,8972,10902,2902,7321,16835,13771,14280,M,Arabika Ratawali Aceh,M-RAT,F:\MBKM ADB ENOSE\smart-coffee-v2\scripts\..\data\medium_20260813_160059.csv
medium,collecting,6,115,1322227,14941,2913,2900,8971,10902,2901,7321,16833,13770,14279,M,Arabika Ratawali Aceh,M-RAT,F:\MBKM ADB ENOSE\smart-coffee-v2\scripts\..\data\medium_20260813_160059.csv
medium,collecting,6,116,1323228,14941,2916,2899,8971,10902,2900,7321,16832,13769,14278,M,Arabika Ratawali Aceh,M-RAT,F:\MBKM ADB ENOSE\smart-coffee-v2\scripts\..\data\medium_20260813_160059.csv
medium,collecting,6,117,1324227,14940,2919,2901,8970,10901,2899,7321,16831,13767,14278,M,Arabika Ratawali Aceh,M-RAT,F:\MBKM ADB ENOSE\smart-coffee-v2\scripts\..\data\medium_20260813_160059.csv
medium,collecting,6,118,1325228,14939,2915,2903,8969,10902,2899,7322,16831,13767,14277,M,Arabika Ratawali Aceh,M-RAT,F:\MBKM ADB ENOSE\smart-coffee-v2\scripts\..\data\medium_20260813_160059.csv
medium,collecting,6,119,1326227,14939,2916,2898,8970,10902,2898,7323,16831,13766,14277,M,Arabika Ratawali Aceh,M-RAT,F:\MBKM ADB ENOSE\smart-coffee-v2\scripts\..\data\medium_20260813_160059.csv
medium,collecting,6,120,1327227,14939,2913,2900,8969,10903,2903,7324,16830,13766,14276,M,Arabika Ratawali Aceh,M-RAT,F:\MBKM ADB ENOSE\smart-coffee-v2\scripts\..\data\medium_20260813_160059.csv
medium,collecting,6,121,1328227,14939,2916,2901,8969,10902,2905,7324,16829,13765,14275,M,Arabika Ratawali Aceh,M-RAT,F:\MBKM ADB ENOSE\smart-coffee-v2\scripts\..\data\medium_20260813_160059.csv
medium,collecting,6,122,1329227,14938,2913,2901,8968,10902,2901,7324,16828,13764,14275,M,Arabika Ratawali Aceh,M-RAT,F:\MBKM ADB ENOSE\smart-coffee-v2\scripts\..\data\medium_20260813_160059.csv
medium,collecting,6,123,1330228,14937,2916,2899,8968,10902,2899,7325,16828,13762,14275,M,Arabika Ratawali Aceh,M-RAT,F:\MBKM ADB ENOSE\smart-coffee-v2\scripts\..\data\medium_20260813_160059.csv
medium,collecting,6,124,1331227,14936,2913,2902,8967,10902,2899,7325,16827,13761,14273,M,Arabika Ratawali Aceh,M-RAT,F:\MBKM ADB ENOSE\smart-coffee-v2\scripts\..\data\medium_20260813_160059.csv
medium,collecting,6,125,1332228,14935,2913,2899,8967,10902,2903,7325,16826,13760,14273,M,Arabika Ratawali Aceh,M-RAT,F:\MBKM ADB ENOSE\smart-coffee-v2\scripts\..\data\medium_20260813_160059.csv
medium,collecting,6,126,1333227,14934,2913,2903,8966,10902,2900,7326,16826,13759,14272,M,Arabika Ratawali Aceh,M-RAT,F:\MBKM ADB ENOSE\smart-coffee-v2\scripts\..\data\medium_20260813_160059.csv
medium,collecting,6,127,1334227,14934,2916,2901,8965,10903,2901,7327,16825,13761,14274,M,Arabika Ratawali Aceh,M-RAT,F:\MBKM ADB ENOSE\smart-coffee-v2\scripts\..\data\medium_20260813_160059.csv
medium,collecting,6,128,1335227,14935,2913,2898,8965,10906,2901,7329,16824,13768,14274,M,Arabika Ratawali Aceh,M-RAT,F:\MBKM ADB ENOSE\smart-coffee-v2\scripts\..\data\medium_20260813_160059.csv
medium,collecting,6,129,1336227,14935,2917,2901,8964,10907,2901,7330,16824,13774,14274,M,Arabika Ratawali Aceh,M-RAT,F:\MBKM ADB ENOSE\smart-coffee-v2\scripts\..\data\medium_20260813_160059.csv
medium,collecting,6,130,1337227,14934,2914,2900,8964,10907,2899,7329,16824,13776,14274,M,Arabika Ratawali Aceh,M-RAT,F:\MBKM ADB ENOSE\smart-coffee-v2\scripts\..\data\medium_20260813_160059.csv
medium,collecting,6,131,1338227,14934,2913,2899,8964,10906,2901,7329,16823,13775,14274,M,Arabika Ratawali Aceh,M-RAT,F:\MBKM ADB ENOSE\smart-coffee-v2\scripts\..\data\medium_20260813_160059.csv
medium,collecting,6,132,1339228,14934,2917,2901,8963,10905,2903,7328,16822,13772,14274,M,Arabika Ratawali Aceh,M-RAT,F:\MBKM ADB ENOSE\smart-coffee-v2\scripts\..\data\medium_20260813_160059.csv
medium,collecting,6,133,1340227,14933,2913,2903,8962,10904,2900,7328,16822,13770,14273,M,Arabika Ratawali Aceh,M-RAT,F:\MBKM ADB ENOSE\smart-coffee-v2\scripts\..\data\medium_20260813_160059.csv
medium,collecting,6,134,1341228,14933,2913,2900,8961,10904,2899,7329,16823,13767,14272,M,Arabika Ratawali Aceh,M-RAT,F:\MBKM ADB ENOSE\smart-coffee-v2\scripts\..\data\medium_20260813_160059.csv
medium,collecting,6,135,1342227,14933,2915,2900,8961,10903,2900,7328,16823,13765,14271,M,Arabika Ratawali Aceh,M-RAT,F:\MBKM ADB ENOSE\smart-coffee-v2\scripts\..\data\medium_20260813_160059.csv
medium,collecting,6,136,1343227,14933,2913,2902,8960,10902,2900,7328,16822,13762,14271,M,Arabika Ratawali Aceh,M-RAT,F:\MBKM ADB ENOSE\smart-coffee-v2\scripts\..\data\medium_20260813_160059.csv
medium,collecting,6,137,1344227,14932,2918,2897,8960,10901,2898,7329,16823,13760,14270,M,Arabika Ratawali Aceh,M-RAT,F:\MBKM ADB ENOSE\smart-coffee-v2\scripts\..\data\medium_20260813_160059.csv
medium,collecting,6,138,1345227,14932,2913,2898,8958,10900,2899,7328,16822,13757,14270,M,Arabika Ratawali Aceh,M-RAT,F:\MBKM ADB ENOSE\smart-coffee-v2\scripts\..\data\medium_20260813_160059.csv
medium,collecting,6,139,1346228,14933,2912,2900,8958,10900,2897,7328,16822,13755,14269,M,Arabika Ratawali Aceh,M-RAT,F:\MBKM ADB ENOSE\smart-coffee-v2\scripts\..\data\medium_20260813_160059.csv
medium,collecting,6,140,1347227,14933,2913,2898,8958,10900,2901,7328,16822,13753,14268,M,Arabika Ratawali Aceh,M-RAT,F:\MBKM ADB ENOSE\smart-coffee-v2\scripts\..\data\medium_20260813_160059.csv
medium,collecting,6,141,1348228,14932,2915,2897,8957,10900,2898,7329,16821,13750,14268,M,Arabika Ratawali Aceh,M-RAT,F:\MBKM ADB ENOSE\smart-coffee-v2\scripts\..\data\medium_20260813_160059.csv
medium,collecting,6,142,1349227,14932,2918,2900,8956,10900,2900,7329,16821,13748,14267,M,Arabika Ratawali Aceh,M-RAT,F:\MBKM ADB ENOSE\smart-coffee-v2\scripts\..\data\medium_20260813_160059.csv
medium,collecting,6,143,1350227,14932,2915,2899,8956,10899,2898,7330,16821,13747,14267,M,Arabika Ratawali Aceh,M-RAT,F:\MBKM ADB ENOSE\smart-coffee-v2\scripts\..\data\medium_20260813_160059.csv
medium,collecting,6,144,1351227,14932,2913,2899,8955,10899,2901,7330,16820,13746,14266,M,Arabika Ratawali Aceh,M-RAT,F:\MBKM ADB ENOSE\smart-coffee-v2\scripts\..\data\medium_20260813_160059.csv
medium,collecting,6,145,1352227,14931,2913,2898,8954,10899,2899,7329,16820,13744,14266,M,Arabika Ratawali Aceh,M-RAT,F:\MBKM ADB ENOSE\smart-coffee-v2\scripts\..\data\medium_20260813_160059.csv
medium,collecting,6,146,1353227,14931,2912,2898,8954,10899,2901,7330,16819,13742,14266,M,Arabika Ratawali Aceh,M-RAT,F:\MBKM ADB ENOSE\smart-coffee-v2\scripts\..\data\medium_20260813_160059.csv
medium,collecting,6,147,1354227,14930,2913,2900,8953,10898,2901,7330,16820,13741,14266,M,Arabika Ratawali Aceh,M-RAT,F:\MBKM ADB ENOSE\smart-coffee-v2\scripts\..\data\medium_20260813_160059.csv
medium,collecting,6,148,1355228,14929,2913,2900,8952,10899,2899,7331,16819,13740,14265,M,Arabika Ratawali Aceh,M-RAT,F:\MBKM ADB ENOSE\smart-coffee-v2\scripts\..\data\medium_20260813_160059.csv
medium,collecting,6,149,1356227,14929,2913,2898,8951,10898,2901,7331,16820,13739,14265,M,Arabika Ratawali Aceh,M-RAT,F:\MBKM ADB ENOSE\smart-coffee-v2\scripts\..\data\medium_20260813_160059.csv
medium,collecting,6,150,1357228,14928,2916,2899,8951,10899,2901,7332,16820,13738,14265,M,Arabika Ratawali Aceh,M-RAT,F:\MBKM ADB ENOSE\smart-coffee-v2\scripts\..\data\medium_20260813_160059.csv
medium,collecting,6,151,1358227,14929,2913,2903,8950,10899,2898,7332,16820,13738,14264,M,Arabika Ratawali Aceh,M-RAT,F:\MBKM ADB ENOSE\smart-coffee-v2\scripts\..\data\medium_20260813_160059.csv
medium,collecting,6,152,1359227,14929,2915,2897,8950,10900,2898,7332,16821,13737,14264,M,Arabika Ratawali Aceh,M-RAT,F:\MBKM ADB ENOSE\smart-coffee-v2\scripts\..\data\medium_20260813_160059.csv
medium,collecting,6,153,1360227,14930,2913,2897,8949,10900,2900,7333,16821,13736,14263,M,Arabika Ratawali Aceh,M-RAT,F:\MBKM ADB ENOSE\smart-coffee-v2\scripts\..\data\medium_20260813_160059.csv
medium,collecting,6,154,1361227,14931,2913,2898,8949,10900,2897,7333,16820,13736,14264,M,Arabika Ratawali Aceh,M-RAT,F:\MBKM ADB ENOSE\smart-coffee-v2\scripts\..\data\medium_20260813_160059.csv
medium,collecting,6,155,1362228,14932,2913,2897,8948,10900,2897,7333,16821,13735,14264,M,Arabika Ratawali Aceh,M-RAT,F:\MBKM ADB ENOSE\smart-coffee-v2\scripts\..\data\medium_20260813_160059.csv
medium,collecting,6,156,1363227,14932,2912,2898,8947,10899,2896,7334,16821,13734,14264,M,Arabika Ratawali Aceh,M-RAT,F:\MBKM ADB ENOSE\smart-coffee-v2\scripts\..\data\medium_20260813_160059.csv
medium,collecting,6,157,1364228,14933,2913,2898,8947,10900,2898,7335,16822,13734,14265,M,Arabika Ratawali Aceh,M-RAT,F:\MBKM ADB ENOSE\smart-coffee-v2\scripts\..\data\medium_20260813_160059.csv
medium,collecting,6,158,1365227,14933,2913,2902,8946,10900,2896,7336,16822,13734,14266,M,Arabika Ratawali Aceh,M-RAT,F:\MBKM ADB ENOSE\smart-coffee-v2\scripts\..\data\medium_20260813_160059.csv
medium,collecting,6,159,1366227,14932,2912,2897,8946,10901,2900,7336,16822,13734,14266,M,Arabika Ratawali Aceh,M-RAT,F:\MBKM ADB ENOSE\smart-coffee-v2\scripts\..\data\medium_20260813_160059.csv
medium,collecting,6,160,1367227,14934,2913,2897,8945,10901,2900,7337,16823,13734,14267,M,Arabika Ratawali Aceh,M-RAT,F:\MBKM ADB ENOSE\smart-coffee-v2\scripts\..\data\medium_20260813_160059.csv
medium,collecting,6,161,1368227,14934,2913,2897,8944,10902,2901,7338,16822,13734,14268,M,Arabika Ratawali Aceh,M-RAT,F:\MBKM ADB ENOSE\smart-coffee-v2\scripts\..\data\medium_20260813_160059.csv
medium,collecting,6,162,1369227,14934,2913,2898,8943,10904,2899,7338,16823,13734,14269,M,Arabika Ratawali Aceh,M-RAT,F:\MBKM ADB ENOSE\smart-coffee-v2\scripts\..\data\medium_20260813_160059.csv
medium,collecting,6,163,1370227,14934,2912,2897,8943,10905,2901,7340,16823,13736,14270,M,Arabika Ratawali Aceh,M-RAT,F:\MBKM ADB ENOSE\smart-coffee-v2\scripts\..\data\medium_20260813_160059.csv
medium,collecting,6,164,1371228,14934,2915,2898,8942,10906,2898,7341,16824,13736,14271,M,Arabika Ratawali Aceh,M-RAT,F:\MBKM ADB ENOSE\smart-coffee-v2\scripts\..\data\medium_20260813_160059.csv
medium,collecting,6,165,1372227,14934,2911,2896,8941,10908,2898,7342,16823,13737,14272,M,Arabika Ratawali Aceh,M-RAT,F:\MBKM ADB ENOSE\smart-coffee-v2\scripts\..\data\medium_20260813_160059.csv
medium,collecting,6,166,1373228,14934,2914,2897,8941,10908,2898,7343,16824,13738,14273,M,Arabika Ratawali Aceh,M-RAT,F:\MBKM ADB ENOSE\smart-coffee-v2\scripts\..\data\medium_20260813_160059.csv
medium,collecting,6,167,1374227,14935,2915,2897,8940,10910,2902,7345,16825,13739,14274,M,Arabika Ratawali Aceh,M-RAT,F:\MBKM ADB ENOSE\smart-coffee-v2\scripts\..\data\medium_20260813_160059.csv
medium,collecting,6,168,1375227,14936,2915,2899,8940,10911,2900,7346,16825,13741,14275,M,Arabika Ratawali Aceh,M-RAT,F:\MBKM ADB ENOSE\smart-coffee-v2\scripts\..\data\medium_20260813_160059.csv
medium,collecting,6,169,1376227,14939,2912,2898,8939,10912,2900,7347,16825,13743,14276,M,Arabika Ratawali Aceh,M-RAT,F:\MBKM ADB ENOSE\smart-coffee-v2\scripts\..\data\medium_20260813_160059.csv
medium,collecting,6,170,1377227,14942,2914,2900,8939,10914,2898,7348,16825,13744,14278,M,Arabika Ratawali Aceh,M-RAT,F:\MBKM ADB ENOSE\smart-coffee-v2\scripts\..\data\medium_20260813_160059.csv
medium,collecting,6,171,1378228,14943,2916,2897,8938,10915,2897,7349,16826,13746,14279,M,Arabika Ratawali Aceh,M-RAT,F:\MBKM ADB ENOSE\smart-coffee-v2\scripts\..\data\medium_20260813_160059.csv
medium,collecting,6,172,1379227,14943,2913,2897,8937,10916,2899,7349,16828,13748,14280,M,Arabika Ratawali Aceh,M-RAT,F:\MBKM ADB ENOSE\smart-coffee-v2\scripts\..\data\medium_20260813_160059.csv
medium,collecting,6,173,1380228,14945,2915,2899,8937,10917,2896,7350,16829,13750,14281,M,Arabika Ratawali Aceh,M-RAT,F:\MBKM ADB ENOSE\smart-coffee-v2\scripts\..\data\medium_20260813_160059.csv
medium,collecting,6,174,1381227,14947,2913,2901,8936,10918,2898,7352,16830,13751,14283,M,Arabika Ratawali Aceh,M-RAT,F:\MBKM ADB ENOSE\smart-coffee-v2\scripts\..\data\medium_20260813_160059.csv
medium,collecting,6,175,1382227,14949,2912,2897,8935,10919,2898,7352,16831,13751,14283,M,Arabika Ratawali Aceh,M-RAT,F:\MBKM ADB ENOSE\smart-coffee-v2\scripts\..\data\medium_20260813_160059.csv
medium,collecting,6,176,1383227,14952,2913,2902,8935,10920,2896,7352,16832,13752,14284,M,Arabika Ratawali Aceh,M-RAT,F:\MBKM ADB ENOSE\smart-coffee-v2\scripts\..\data\medium_20260813_160059.csv
medium,collecting,6,177,1384227,14954,2912,2898,8934,10920,2897,7353,16832,13754,14285,M,Arabika Ratawali Aceh,M-RAT,F:\MBKM ADB ENOSE\smart-coffee-v2\scripts\..\data\medium_20260813_160059.csv
medium,collecting,6,178,1385227,14956,2912,2897,8934,10922,2896,7354,16833,13755,14286,M,Arabika Ratawali Aceh,M-RAT,F:\MBKM ADB ENOSE\smart-coffee-v2\scripts\..\data\medium_20260813_160059.csv
medium,collecting,6,179,1386227,14957,2915,2897,8933,10922,2896,7355,16835,13757,14287,M,Arabika Ratawali Aceh,M-RAT,F:\MBKM ADB ENOSE\smart-coffee-v2\scripts\..\data\medium_20260813_160059.csv
medium,collecting,6,180,1387228,14959,2915,2897,8932,10923,2896,7356,16836,13759,14289,M,Arabika Ratawali Aceh,M-RAT,F:\MBKM ADB ENOSE\smart-coffee-v2\scripts\..\data\medium_20260813_160059.csv
medium,purging,6,1,1388230,14960,2916,2896,8932,10926,2902,7356,16837,13761,14290,M,Arabika Ratawali Aceh,M-RAT,F:\MBKM ADB ENOSE\smart-coffee-v2\scripts\..\data\medium_20260813_160059.csv
medium,purging,6,2,1389228,14964,2912,2898,8931,10928,2900,7357,16837,13763,14292,M,Arabika Ratawali Aceh,M-RAT,F:\MBKM ADB ENOSE\smart-coffee-v2\scripts\..\data\medium_20260813_160059.csv
medium,purging,6,3,1390227,14966,2917,2900,8931,10929,2898,7357,16838,13764,14292,M,Arabika Ratawali Aceh,M-RAT,F:\MBKM ADB ENOSE\smart-coffee-v2\scripts\..\data\medium_20260813_160059.csv
medium,purging,6,4,1391227,14960,2917,2897,8930,10929,2900,7357,16839,13766,14293,M,Arabika Ratawali Aceh,M-RAT,F:\MBKM ADB ENOSE\smart-coffee-v2\scripts\..\data\medium_20260813_160059.csv
medium,purging,6,5,1392227,14904,2911,2897,8929,10927,2898,7354,16831,13754,14281,M,Arabika Ratawali Aceh,M-RAT,F:\MBKM ADB ENOSE\smart-coffee-v2\scripts\..\data\medium_20260813_160059.csv
medium,purging,6,6,1393227,14795,2914,2897,8928,10924,2901,7351,16805,13726,14263,M,Arabika Ratawali Aceh,M-RAT,F:\MBKM ADB ENOSE\smart-coffee-v2\scripts\..\data\medium_20260813_160059.csv
medium,purging,6,7,1394228,14651,2912,2897,8928,10919,2899,7352,16769,13680,14237,M,Arabika Ratawali Aceh,M-RAT,F:\MBKM ADB ENOSE\smart-coffee-v2\scripts\..\data\medium_20260813_160059.csv
medium,purging,6,8,1395227,14488,2914,2898,8928,10909,2896,7352,16725,13620,14203,M,Arabika Ratawali Aceh,M-RAT,F:\MBKM ADB ENOSE\smart-coffee-v2\scripts\..\data\medium_20260813_160059.csv
medium,purging,6,9,1396228,14312,2911,2897,8928,10894,2895,7348,16677,13549,14167,M,Arabika Ratawali Aceh,M-RAT,F:\MBKM ADB ENOSE\smart-coffee-v2\scripts\..\data\medium_20260813_160059.csv
medium,purging,6,10,1397227,14134,2912,2897,8927,10879,2900,7346,16629,13475,14133,M,Arabika Ratawali Aceh,M-RAT,F:\MBKM ADB ENOSE\smart-coffee-v2\scripts\..\data\medium_20260813_160059.csv
medium,purging,6,11,1398227,13958,2912,2899,8927,10863,2897,7343,16584,13402,14096,M,Arabika Ratawali Aceh,M-RAT,F:\MBKM ADB ENOSE\smart-coffee-v2\scripts\..\data\medium_20260813_160059.csv
medium,purging,6,12,1399227,13787,2911,2899,8926,10846,2897,7339,16539,13329,14062,M,Arabika Ratawali Aceh,M-RAT,F:\MBKM ADB ENOSE\smart-coffee-v2\scripts\..\data\medium_20260813_160059.csv
medium,purging,6,13,1400227,13623,2913,2901,8926,10829,2898,7335,16497,13259,14028,M,Arabika Ratawali Aceh,M-RAT,F:\MBKM ADB ENOSE\smart-coffee-v2\scripts\..\data\medium_20260813_160059.csv
medium,purging,6,14,1401227,13469,2912,2897,8926,10812,2899,7332,16457,13192,13998,M,Arabika Ratawali Aceh,M-RAT,F:\MBKM ADB ENOSE\smart-coffee-v2\scripts\..\data\medium_20260813_160059.csv
medium,purging,6,15,1402227,13323,2910,2897,8925,10797,2899,7329,16421,13128,13970,M,Arabika Ratawali Aceh,M-RAT,F:\MBKM ADB ENOSE\smart-coffee-v2\scripts\..\data\medium_20260813_160059.csv
medium,purging,6,16,1403228,13187,2910,2899,8924,10781,2895,7325,16386,13068,13943,M,Arabika Ratawali Aceh,M-RAT,F:\MBKM ADB ENOSE\smart-coffee-v2\scripts\..\data\medium_20260813_160059.csv
medium,purging,6,17,1404227,13062,2909,2896,8924,10768,2899,7322,16353,13011,13918,M,Arabika Ratawali Aceh,M-RAT,F:\MBKM ADB ENOSE\smart-coffee-v2\scripts\..\data\medium_20260813_160059.csv
medium,purging,6,18,1405228,12947,2910,2897,8924,10755,2895,7319,16322,12958,13893,M,Arabika Ratawali Aceh,M-RAT,F:\MBKM ADB ENOSE\smart-coffee-v2\scripts\..\data\medium_20260813_160059.csv
medium,purging,6,19,1406227,12840,2908,2898,8923,10742,2899,7317,16293,12907,13870,M,Arabika Ratawali Aceh,M-RAT,F:\MBKM ADB ENOSE\smart-coffee-v2\scripts\..\data\medium_20260813_160059.csv
medium,purging,6,20,1407227,12743,2913,2896,8922,10729,2894,7314,16265,12859,13848,M,Arabika Ratawali Aceh,M-RAT,F:\MBKM ADB ENOSE\smart-coffee-v2\scripts\..\data\medium_20260813_160059.csv
medium,purging,6,21,1408227,12654,2911,2896,8922,10718,2901,7311,16239,12813,13827,M,Arabika Ratawali Aceh,M-RAT,F:\MBKM ADB ENOSE\smart-coffee-v2\scripts\..\data\medium_20260813_160059.csv
medium,purging,6,22,1409227,12573,2911,2896,8921,10707,2900,7309,16214,12770,13809,M,Arabika Ratawali Aceh,M-RAT,F:\MBKM ADB ENOSE\smart-coffee-v2\scripts\..\data\medium_20260813_160059.csv
medium,purging,6,23,1410228,12499,2908,2899,8921,10697,2897,7307,16190,12730,13792,M,Arabika Ratawali Aceh,M-RAT,F:\MBKM ADB ENOSE\smart-coffee-v2\scripts\..\data\medium_20260813_160059.csv
medium,purging,6,24,1411227,12431,2910,2897,8920,10689,2899,7307,16169,12691,13777,M,Arabika Ratawali Aceh,M-RAT,F:\MBKM ADB ENOSE\smart-coffee-v2\scripts\..\data\medium_20260813_160059.csv
medium,purging,6,25,1412228,12369,2911,2896,8919,10682,2896,7307,16147,12656,13761,M,Arabika Ratawali Aceh,M-RAT,F:\MBKM ADB ENOSE\smart-coffee-v2\scripts\..\data\medium_20260813_160059.csv
medium,purging,6,26,1413227,12312,2910,2901,8919,10674,2899,7306,16127,12623,13746,M,Arabika Ratawali Aceh,M-RAT,F:\MBKM ADB ENOSE\smart-coffee-v2\scripts\..\data\medium_20260813_160059.csv
medium,purging,6,27,1414227,12259,2907,2895,8919,10667,2898,7304,16107,12590,13730,M,Arabika Ratawali Aceh,M-RAT,F:\MBKM ADB ENOSE\smart-coffee-v2\scripts\..\data\medium_20260813_160059.csv
medium,purging,6,28,1415227,12210,2906,2899,8918,10659,2896,7302,16087,12558,13715,M,Arabika Ratawali Aceh,M-RAT,F:\MBKM ADB ENOSE\smart-coffee-v2\scripts\..\data\medium_20260813_160059.csv
medium,purging,6,29,1416227,12164,2906,2896,8917,10652,2896,7301,16068,12529,13700,M,Arabika Ratawali Aceh,M-RAT,F:\MBKM ADB ENOSE\smart-coffee-v2\scripts\..\data\medium_20260813_160059.csv
medium,purging,6,30,1417227,12121,2905,2897,8917,10645,2894,7299,16050,12500,13687,M,Arabika Ratawali Aceh,M-RAT,F:\MBKM ADB ENOSE\smart-coffee-v2\scripts\..\data\medium_20260813_160059.csv
medium,purging,6,31,1418227,12081,2906,2895,8916,10638,2899,7297,16032,12472,13674,M,Arabika Ratawali Aceh,M-RAT,F:\MBKM ADB ENOSE\smart-coffee-v2\scripts\..\data\medium_20260813_160059.csv
medium,purging,6,32,1419228,12045,2905,2894,8916,10633,2896,7296,16015,12445,13661,M,Arabika Ratawali Aceh,M-RAT,F:\MBKM ADB ENOSE\smart-coffee-v2\scripts\..\data\medium_20260813_160059.csv
medium,purging,6,33,1420227,12009,2905,2897,8915,10627,2895,7295,15998,12419,13649,M,Arabika Ratawali Aceh,M-RAT,F:\MBKM ADB ENOSE\smart-coffee-v2\scripts\..\data\medium_20260813_160059.csv
medium,purging,6,34,1421228,11974,2910,2895,8915,10621,2901,7293,15982,12394,13638,M,Arabika Ratawali Aceh,M-RAT,F:\MBKM ADB ENOSE\smart-coffee-v2\scripts\..\data\medium_20260813_160059.csv
medium,purging,6,35,1422227,11942,2906,2898,8913,10615,2896,7293,15966,12369,13626,M,Arabika Ratawali Aceh,M-RAT,F:\MBKM ADB ENOSE\smart-coffee-v2\scripts\..\data\medium_20260813_160059.csv
medium,purging,6,36,1423227,11911,2906,2898,8913,10610,2896,7292,15951,12345,13615,M,Arabika Ratawali Aceh,M-RAT,F:\MBKM ADB ENOSE\smart-coffee-v2\scripts\..\data\medium_20260813_160059.csv
medium,purging,6,37,1424227,11882,2908,2897,8913,10605,2896,7291,15936,12322,13605,M,Arabika Ratawali Aceh,M-RAT,F:\MBKM ADB ENOSE\smart-coffee-v2\scripts\..\data\medium_20260813_160059.csv
medium,purging,6,38,1425227,11854,2910,2895,8912,10600,2895,7290,15922,12301,13595,M,Arabika Ratawali Aceh,M-RAT,F:\MBKM ADB ENOSE\smart-coffee-v2\scripts\..\data\medium_20260813_160059.csv
medium,purging,6,39,1426228,11827,2909,2895,8912,10597,2893,7290,15907,12280,13585,M,Arabika Ratawali Aceh,M-RAT,F:\MBKM ADB ENOSE\smart-coffee-v2\scripts\..\data\medium_20260813_160059.csv
medium,purging,6,40,1427227,11803,2910,2897,8911,10593,2893,7290,15894,12260,13576,M,Arabika Ratawali Aceh,M-RAT,F:\MBKM ADB ENOSE\smart-coffee-v2\scripts\..\data\medium_20260813_160059.csv
medium,purging,6,41,1428228,11779,2908,2898,8910,10589,2895,7290,15881,12240,13567,M,Arabika Ratawali Aceh,M-RAT,F:\MBKM ADB ENOSE\smart-coffee-v2\scripts\..\data\medium_20260813_160059.csv
medium,purging,6,42,1429227,11758,2905,2895,8910,10585,2894,7289,15868,12221,13558,M,Arabika Ratawali Aceh,M-RAT,F:\MBKM ADB ENOSE\smart-coffee-v2\scripts\..\data\medium_20260813_160059.csv
medium,purging,6,43,1430227,11736,2907,2898,8910,10581,2894,7289,15855,12203,13549,M,Arabika Ratawali Aceh,M-RAT,F:\MBKM ADB ENOSE\smart-coffee-v2\scripts\..\data\medium_20260813_160059.csv
medium,purging,6,44,1431227,11716,2910,2896,8909,10578,2892,7289,15843,12185,13541,M,Arabika Ratawali Aceh,M-RAT,F:\MBKM ADB ENOSE\smart-coffee-v2\scripts\..\data\medium_20260813_160059.csv
medium,purging,6,45,1432227,11696,2909,2899,8908,10574,2894,7288,15831,12169,13534,M,Arabika Ratawali Aceh,M-RAT,F:\MBKM ADB ENOSE\smart-coffee-v2\scripts\..\data\medium_20260813_160059.csv
medium,purging,6,46,1433227,11677,2907,2900,8908,10572,2897,7288,15819,12153,13526,M,Arabika Ratawali Aceh,M-RAT,F:\MBKM ADB ENOSE\smart-coffee-v2\scripts\..\data\medium_20260813_160059.csv
medium,purging,6,47,1434227,11658,2904,2895,8907,10569,2894,7288,15808,12138,13519,M,Arabika Ratawali Aceh,M-RAT,F:\MBKM ADB ENOSE\smart-coffee-v2\scripts\..\data\medium_20260813_160059.csv
medium,purging,6,48,1435228,11642,2905,2898,8907,10566,2898,7287,15797,12122,13511,M,Arabika Ratawali Aceh,M-RAT,F:\MBKM ADB ENOSE\smart-coffee-v2\scripts\..\data\medium_20260813_160059.csv
medium,purging,6,49,1436227,11625,2910,2899,8906,10564,2894,7287,15786,12108,13505,M,Arabika Ratawali Aceh,M-RAT,F:\MBKM ADB ENOSE\smart-coffee-v2\scripts\..\data\medium_20260813_160059.csv
medium,purging,6,50,1437228,11611,2910,2895,8906,10562,2893,7287,15776,12096,13499,M,Arabika Ratawali Aceh,M-RAT,F:\MBKM ADB ENOSE\smart-coffee-v2\scripts\..\data\medium_20260813_160059.csv
medium,purging,6,51,1438227,11595,2908,2894,8905,10561,2894,7288,15765,12083,13492,M,Arabika Ratawali Aceh,M-RAT,F:\MBKM ADB ENOSE\smart-coffee-v2\scripts\..\data\medium_20260813_160059.csv
medium,purging,6,52,1439227,11580,2908,2898,8905,10558,2896,7287,15755,12070,13484,M,Arabika Ratawali Aceh,M-RAT,F:\MBKM ADB ENOSE\smart-coffee-v2\scripts\..\data\medium_20260813_160059.csv
medium,purging,6,53,1440227,11565,2904,2898,8904,10556,2894,7286,15744,12057,13477,M,Arabika Ratawali Aceh,M-RAT,F:\MBKM ADB ENOSE\smart-coffee-v2\scripts\..\data\medium_20260813_160059.csv
medium,purging,6,54,1441227,11550,2908,2895,8903,10553,2894,7285,15733,12044,13470,M,Arabika Ratawali Aceh,M-RAT,F:\MBKM ADB ENOSE\smart-coffee-v2\scripts\..\data\medium_20260813_160059.csv
medium,purging,6,55,1442228,11537,2905,2896,8902,10550,2893,7284,15722,12031,13464,M,Arabika Ratawali Aceh,M-RAT,F:\MBKM ADB ENOSE\smart-coffee-v2\scripts\..\data\medium_20260813_160059.csv
medium,purging,6,56,1443227,11523,2904,2900,8902,10548,2896,7283,15712,12018,13459,M,Arabika Ratawali Aceh,M-RAT,F:\MBKM ADB ENOSE\smart-coffee-v2\scripts\..\data\medium_20260813_160059.csv
medium,purging,6,57,1444228,11511,2905,2894,8901,10547,2894,7284,15703,12007,13457,M,Arabika Ratawali Aceh,M-RAT,F:\MBKM ADB ENOSE\smart-coffee-v2\scripts\..\data\medium_20260813_160059.csv
medium,purging,6,58,1445227,11500,2907,2893,8901,10548,2894,7286,15695,11999,13452,M,Arabika Ratawali Aceh,M-RAT,F:\MBKM ADB ENOSE\smart-coffee-v2\scripts\..\data\medium_20260813_160059.csv
medium,purging,6,59,1446227,11488,2904,2897,8901,10546,2892,7286,15687,11989,13446,M,Arabika Ratawali Aceh,M-RAT,F:\MBKM ADB ENOSE\smart-coffee-v2\scripts\..\data\medium_20260813_160059.csv
medium,purging,6,60,1447227,11478,2907,2898,8900,10544,2896,7285,15678,11979,13439,M,Arabika Ratawali Aceh,M-RAT,F:\MBKM ADB ENOSE\smart-coffee-v2\scripts\..\data\medium_20260813_160059.csv
medium,purging,6,61,1448227,11467,2908,2897,8900,10541,2895,7284,15667,11967,13430,M,Arabika Ratawali Aceh,M-RAT,F:\MBKM ADB ENOSE\smart-coffee-v2\scripts\..\data\medium_20260813_160059.csv
medium,collecting,7,1,1449231,11457,2906,2897,8899,10537,2898,7280,15657,11954,13423,M,Arabika Ratawali Aceh,M-RAT,F:\MBKM ADB ENOSE\smart-coffee-v2\scripts\..\data\medium_20260813_160059.csv
medium,collecting,7,2,1450227,11447,2907,2894,8899,10533,2896,7278,15648,11942,13417,M,Arabika Ratawali Aceh,M-RAT,F:\MBKM ADB ENOSE\smart-coffee-v2\scripts\..\data\medium_20260813_160059.csv
medium,collecting,7,3,1451228,11438,2907,2896,8898,10530,2895,7277,15639,11930,13412,M,Arabika Ratawali Aceh,M-RAT,F:\MBKM ADB ENOSE\smart-coffee-v2\scripts\..\data\medium_20260813_160059.csv
medium,collecting,7,4,1452227,11432,2908,2898,8897,10527,2893,7276,15630,11919,13409,M,Arabika Ratawali Aceh,M-RAT,F:\MBKM ADB ENOSE\smart-coffee-v2\scripts\..\data\medium_20260813_160059.csv
medium,collecting,7,5,1453228,11456,2905,2896,8897,10527,2898,7278,15625,11913,13417,M,Arabika Ratawali Aceh,M-RAT,F:\MBKM ADB ENOSE\smart-coffee-v2\scripts\..\data\medium_20260813_160059.csv
medium,collecting,7,6,1454227,11591,2906,2898,8896,10534,2894,7288,15635,11928,13443,M,Arabika Ratawali Aceh,M-RAT,F:\MBKM ADB ENOSE\smart-coffee-v2\scripts\..\data\medium_20260813_160059.csv
medium,collecting,7,7,1455227,11850,2909,2895,8895,10552,2894,7304,15672,11980,13488,M,Arabika Ratawali Aceh,M-RAT,F:\MBKM ADB ENOSE\smart-coffee-v2\scripts\..\data\medium_20260813_160059.csv
medium,collecting,7,8,1456227,12198,2908,2895,8895,10579,2895,7324,15730,12070,13549,M,Arabika Ratawali Aceh,M-RAT,F:\MBKM ADB ENOSE\smart-coffee-v2\scripts\..\data\medium_20260813_160059.csv
medium,collecting,7,9,1457227,12692,2908,2898,8894,10622,2894,7353,15815,12210,13653,M,Arabika Ratawali Aceh,M-RAT,F:\MBKM ADB ENOSE\smart-coffee-v2\scripts\..\data\medium_20260813_160059.csv
medium,collecting,7,10,1458228,13261,2909,2899,8893,10679,2898,7390,15948,12413,13758,M,Arabika Ratawali Aceh,M-RAT,F:\MBKM ADB ENOSE\smart-coffee-v2\scripts\..\data\medium_20260813_160059.csv
medium,collecting,7,11,1459227,13716,2908,2897,8893,10733,2898,7411,16078,12625,13846,M,Arabika Ratawali Aceh,M-RAT,F:\MBKM ADB ENOSE\smart-coffee-v2\scripts\..\data\medium_20260813_160059.csv
medium,collecting,7,12,1460228,14090,2910,2898,8892,10777,2898,7422,16189,12822,13925,M,Arabika Ratawali Aceh,M-RAT,F:\MBKM ADB ENOSE\smart-coffee-v2\scripts\..\data\medium_20260813_160059.csv
medium,collecting,7,13,1461227,14400,2910,2894,8892,10815,2897,7429,16291,13000,13996,M,Arabika Ratawali Aceh,M-RAT,F:\MBKM ADB ENOSE\smart-coffee-v2\scripts\..\data\medium_20260813_160059.csv
medium,collecting,7,14,1462227,14647,2912,2895,8891,10847,2901,7434,16380,13157,14057,M,Arabika Ratawali Aceh,M-RAT,F:\MBKM ADB ENOSE\smart-coffee-v2\scripts\..\data\medium_20260813_160059.csv
medium,collecting,7,15,1463227,14844,2908,2895,8889,10873,2897,7436,16455,13291,14108,M,Arabika Ratawali Aceh,M-RAT,F:\MBKM ADB ENOSE\smart-coffee-v2\scripts\..\data\medium_20260813_160059.csv
medium,collecting,7,16,1464227,14994,2913,2896,8889,10895,2897,7436,16517,13403,14151,M,Arabika Ratawali Aceh,M-RAT,F:\MBKM ADB ENOSE\smart-coffee-v2\scripts\..\data\medium_20260813_160059.csv
medium,collecting,7,17,1465227,15116,2912,2895,8887,10915,2897,7436,16566,13497,14194,M,Arabika Ratawali Aceh,M-RAT,F:\MBKM ADB ENOSE\smart-coffee-v2\scripts\..\data\medium_20260813_160059.csv
medium,collecting,7,18,1466227,15231,2910,2895,8886,10936,2892,7441,16621,13585,14236,M,Arabika Ratawali Aceh,M-RAT,F:\MBKM ADB ENOSE\smart-coffee-v2\scripts\..\data\medium_20260813_160059.csv
medium,collecting,7,19,1467228,15324,2910,2895,8885,10954,2898,7444,16668,13663,14272,M,Arabika Ratawali Aceh,M-RAT,F:\MBKM ADB ENOSE\smart-coffee-v2\scripts\..\data\medium_20260813_160059.csv
medium,collecting,7,20,1468227,15406,2913,2895,8884,10972,2897,7448,16712,13736,14303,M,Arabika Ratawali Aceh,M-RAT,F:\MBKM ADB ENOSE\smart-coffee-v2\scripts\..\data\medium_20260813_160059.csv
medium,collecting,7,21,1469228,15434,2910,2898,8883,10982,2898,7440,16742,13787,14302,M,Arabika Ratawali Aceh,M-RAT,F:\MBKM ADB ENOSE\smart-coffee-v2\scripts\..\data\medium_20260813_160059.csv
medium,collecting,7,22,1470227,15444,2910,2896,8882,10984,2893,7428,16749,13813,14306,M,Arabika Ratawali Aceh,M-RAT,F:\MBKM ADB ENOSE\smart-coffee-v2\scripts\..\data\medium_20260813_160059.csv
medium,collecting,7,23,1471227,15456,2910,2896,8881,10982,2893,7417,16758,13829,14309,M,Arabika Ratawali Aceh,M-RAT,F:\MBKM ADB ENOSE\smart-coffee-v2\scripts\..\data\medium_20260813_160059.csv
medium,collecting,7,24,1472227,15449,2909,2895,8880,10978,2892,7406,16766,13838,14304,M,Arabika Ratawali Aceh,M-RAT,F:\MBKM ADB ENOSE\smart-coffee-v2\scripts\..\data\medium_20260813_160059.csv
medium,collecting,7,25,1473227,15433,2909,2895,8879,10973,2898,7397,16766,13837,14305,M,Arabika Ratawali Aceh,M-RAT,F:\MBKM ADB ENOSE\smart-coffee-v2\scripts\..\data\medium_20260813_160059.csv
medium,collecting,7,26,1474228,15415,2911,2896,8877,10970,2897,7391,16770,13836,14306,M,Arabika Ratawali Aceh,M-RAT,F:\MBKM ADB ENOSE\smart-coffee-v2\scripts\..\data\medium_20260813_160059.csv
medium,collecting,7,27,1475227,15383,2910,2894,8876,10966,2892,7386,16770,13831,14300,M,Arabika Ratawali Aceh,M-RAT,F:\MBKM ADB ENOSE\smart-coffee-v2\scripts\..\data\medium_20260813_160059.csv
medium,collecting,7,28,1476228,15335,2910,2895,8875,10962,2892,7379,16762,13818,14289,M,Arabika Ratawali Aceh,M-RAT,F:\MBKM ADB ENOSE\smart-coffee-v2\scripts\..\data\medium_20260813_160059.csv
medium,collecting,7,29,1477227,15280,2909,2895,8874,10956,2897,7374,16749,13796,14279,M,Arabika Ratawali Aceh,M-RAT,F:\MBKM ADB ENOSE\smart-coffee-v2\scripts\..\data\medium_20260813_160059.csv
medium,collecting,7,30,1478227,15222,2914,2895,8873,10950,2892,7369,16737,13773,14265,M,Arabika Ratawali Aceh,M-RAT,F:\MBKM ADB ENOSE\smart-coffee-v2\scripts\..\data\medium_20260813_160059.csv
medium,collecting,7,31,1479227,15149,2911,2897,8872,10941,2892,7362,16720,13744,14247,M,Arabika Ratawali Aceh,M-RAT,F:\MBKM ADB ENOSE\smart-coffee-v2\scripts\..\data\medium_20260813_160059.csv
medium,collecting,7,32,1480227,15067,2909,2896,8871,10931,2892,7354,16698,13709,14226,M,Arabika Ratawali Aceh,M-RAT,F:\MBKM ADB ENOSE\smart-coffee-v2\scripts\..\data\medium_20260813_160059.csv
medium,collecting,7,33,1481227,14980,2913,2895,8871,10920,2894,7348,16674,13669,14206,M,Arabika Ratawali Aceh,M-RAT,F:\MBKM ADB ENOSE\smart-coffee-v2\scripts\..\data\medium_20260813_160059.csv
medium,collecting,7,34,1482227,14895,2908,2893,8869,10908,2892,7342,16650,13628,14185,M,Arabika Ratawali Aceh,M-RAT,F:\MBKM ADB ENOSE\smart-coffee-v2\scripts\..\data\medium_20260813_160059.csv
medium,collecting,7,35,1483228,14813,2910,2894,8869,10897,2892,7337,16628,13587,14166,M,Arabika Ratawali Aceh,M-RAT,F:\MBKM ADB ENOSE\smart-coffee-v2\scripts\..\data\medium_20260813_160059.csv
medium,collecting,7,36,1484227,14737,2914,2893,8868,10886,2892,7333,16608,13548,14149,M,Arabika Ratawali Aceh,M-RAT,F:\MBKM ADB ENOSE\smart-coffee-v2\scripts\..\data\medium_20260813_160059.csv
medium,collecting,7,37,1485228,14664,2913,2893,8867,10876,2893,7329,16589,13512,14133,M,Arabika Ratawali Aceh,M-RAT,F:\MBKM ADB ENOSE\smart-coffee-v2\scripts\..\data\medium_20260813_160059.csv
medium,collecting,7,38,1486227,14598,2912,2893,8866,10868,2893,7326,16572,13479,14117,M,Arabika Ratawali Aceh,M-RAT,F:\MBKM ADB ENOSE\smart-coffee-v2\scripts\..\data\medium_20260813_160059.csv
medium,collecting,7,39,1487227,14539,2912,2896,8865,10859,2893,7323,16556,13448,14102,M,Arabika Ratawali Aceh,M-RAT,F:\MBKM ADB ENOSE\smart-coffee-v2\scripts\..\data\medium_20260813_160059.csv
medium,collecting,7,40,1488227,14485,2913,2893,8864,10849,2892,7319,16541,13418,14089,M,Arabika Ratawali Aceh,M-RAT,F:\MBKM ADB ENOSE\smart-coffee-v2\scripts\..\data\medium_20260813_160059.csv
medium,collecting,7,41,1489227,14436,2909,2893,8863,10841,2893,7316,16527,13389,14075,M,Arabika Ratawali Aceh,M-RAT,F:\MBKM ADB ENOSE\smart-coffee-v2\scripts\..\data\medium_20260813_160059.csv
medium,collecting,7,42,1490228,14393,2909,2895,8863,10832,2892,7312,16513,13363,14063,M,Arabika Ratawali Aceh,M-RAT,F:\MBKM ADB ENOSE\smart-coffee-v2\scripts\..\data\medium_20260813_160059.csv
medium,collecting,7,43,1491227,14354,2908,2893,8862,10824,2892,7309,16502,13340,14052,M,Arabika Ratawali Aceh,M-RAT,F:\MBKM ADB ENOSE\smart-coffee-v2\scripts\..\data\medium_20260813_160059.csv
medium,collecting,7,44,1492228,14320,2911,2893,8861,10817,2893,7307,16491,13318,14042,M,Arabika Ratawali Aceh,M-RAT,F:\MBKM ADB ENOSE\smart-coffee-v2\scripts\..\data\medium_20260813_160059.csv
medium,collecting,7,45,1493227,14289,2910,2894,8860,10810,2894,7304,16481,13297,14032,M,Arabika Ratawali Aceh,M-RAT,F:\MBKM ADB ENOSE\smart-coffee-v2\scripts\..\data\medium_20260813_160059.csv
medium,collecting,7,46,1494227,14261,2910,2894,8859,10804,2893,7302,16472,13279,14022,M,Arabika Ratawali Aceh,M-RAT,F:\MBKM ADB ENOSE\smart-coffee-v2\scripts\..\data\medium_20260813_160059.csv
medium,collecting,7,47,1495227,14235,2909,2895,8858,10798,2892,7299,16464,13260,14013,M,Arabika Ratawali Aceh,M-RAT,F:\MBKM ADB ENOSE\smart-coffee-v2\scripts\..\data\medium_20260813_160059.csv
medium,collecting,7,48,1496227,14210,2908,2893,8857,10793,2894,7298,16455,13244,14004,M,Arabika Ratawali Aceh,M-RAT,F:\MBKM ADB ENOSE\smart-coffee-v2\scripts\..\data\medium_20260813_160059.csv
medium,collecting,7,49,1497227,14189,2913,2896,8857,10788,2893,7296,16447,13229,13996,M,Arabika Ratawali Aceh,M-RAT,F:\MBKM ADB ENOSE\smart-coffee-v2\scripts\..\data\medium_20260813_160059.csv
medium,collecting,7,50,1498227,14168,2912,2895,8856,10783,2894,7294,16440,13214,13988,M,Arabika Ratawali Aceh,M-RAT,F:\MBKM ADB ENOSE\smart-coffee-v2\scripts\..\data\medium_20260813_160059.csv
medium,collecting,7,51,1499228,14147,2909,2893,8855,10778,2893,7292,16432,13200,13981,M,Arabika Ratawali Aceh,M-RAT,F:\MBKM ADB ENOSE\smart-coffee-v2\scripts\..\data\medium_20260813_160059.csv
medium,collecting,7,52,1500227,14126,2910,2893,8855,10773,2894,7291,16424,13186,13973,M,Arabika Ratawali Aceh,M-RAT,F:\MBKM ADB ENOSE\smart-coffee-v2\scripts\..\data\medium_20260813_160059.csv
medium,collecting,7,53,1501228,14104,2911,2893,8854,10768,2892,7289,16416,13171,13965,M,Arabika Ratawali Aceh,M-RAT,F:\MBKM ADB ENOSE\smart-coffee-v2\scripts\..\data\medium_20260813_160059.csv
medium,collecting,7,54,1502227,14082,2914,2895,8853,10763,2892,7287,16407,13157,13957,M,Arabika Ratawali Aceh,M-RAT,F:\MBKM ADB ENOSE\smart-coffee-v2\scripts\..\data\medium_20260813_160059.csv
medium,collecting,7,55,1503227,14063,2908,2895,8852,10759,2891,7286,16400,13142,13950,M,Arabika Ratawali Aceh,M-RAT,F:\MBKM ADB ENOSE\smart-coffee-v2\scripts\..\data\medium_20260813_160059.csv
medium,collecting,7,56,1504227,14043,2909,2896,8851,10754,2894,7284,16392,13128,13943,M,Arabika Ratawali Aceh,M-RAT,F:\MBKM ADB ENOSE\smart-coffee-v2\scripts\..\data\medium_20260813_160059.csv
medium,collecting,7,57,1505227,14025,2912,2894,8850,10750,2892,7283,16385,13114,13936,M,Arabika Ratawali Aceh,M-RAT,F:\MBKM ADB ENOSE\smart-coffee-v2\scripts\..\data\medium_20260813_160059.csv
medium,collecting,7,58,1506228,14009,2907,2897,8849,10746,2892,7282,16378,13102,13929,M,Arabika Ratawali Aceh,M-RAT,F:\MBKM ADB ENOSE\smart-coffee-v2\scripts\..\data\medium_20260813_160059.csv
medium,collecting,7,59,1507227,13993,2908,2893,8849,10742,2894,7280,16371,13090,13922,M,Arabika Ratawali Aceh,M-RAT,F:\MBKM ADB ENOSE\smart-coffee-v2\scripts\..\data\medium_20260813_160059.csv
medium,collecting,7,60,1508228,13979,2907,2893,8848,10738,2892,7279,16364,13078,13916,M,Arabika Ratawali Aceh,M-RAT,F:\MBKM ADB ENOSE\smart-coffee-v2\scripts\..\data\medium_20260813_160059.csv
medium,collecting,7,61,1509227,13965,2908,2893,8847,10735,2892,7278,16358,13067,13910,M,Arabika Ratawali Aceh,M-RAT,F:\MBKM ADB ENOSE\smart-coffee-v2\scripts\..\data\medium_20260813_160059.csv
medium,collecting,7,62,1510227,13952,2910,2897,8846,10732,2892,7276,16351,13056,13905,M,Arabika Ratawali Aceh,M-RAT,F:\MBKM ADB ENOSE\smart-coffee-v2\scripts\..\data\medium_20260813_160059.csv
medium,collecting,7,63,1511227,13938,2907,2893,8845,10728,2893,7276,16346,13046,13899,M,Arabika Ratawali Aceh,M-RAT,F:\MBKM ADB ENOSE\smart-coffee-v2\scripts\..\data\medium_20260813_160059.csv
medium,collecting,7,64,1512227,13927,2908,2893,8844,10725,2893,7274,16340,13037,13894,M,Arabika Ratawali Aceh,M-RAT,F:\MBKM ADB ENOSE\smart-coffee-v2\scripts\..\data\medium_20260813_160059.csv
medium,collecting,7,65,1513227,13916,2907,2893,8843,10722,2892,7273,16335,13028,13889,M,Arabika Ratawali Aceh,M-RAT,F:\MBKM ADB ENOSE\smart-coffee-v2\scripts\..\data\medium_20260813_160059.csv
medium,collecting,7,66,1514227,13906,2908,2893,8842,10719,2891,7272,16330,13019,13883,M,Arabika Ratawali Aceh,M-RAT,F:\MBKM ADB ENOSE\smart-coffee-v2\scripts\..\data\medium_20260813_160059.csv
medium,collecting,7,67,1515228,13896,2908,2893,8842,10716,2894,7270,16325,13010,13877,M,Arabika Ratawali Aceh,M-RAT,F:\MBKM ADB ENOSE\smart-coffee-v2\scripts\..\data\medium_20260813_160059.csv
medium,collecting,7,68,1516227,13888,2909,2893,8841,10712,2891,7269,16320,13002,13873,M,Arabika Ratawali Aceh,M-RAT,F:\MBKM ADB ENOSE\smart-coffee-v2\scripts\..\data\medium_20260813_160059.csv
medium,collecting,7,69,1517228,13881,2907,2893,8840,10710,2892,7268,16314,12994,13868,M,Arabika Ratawali Aceh,M-RAT,F:\MBKM ADB ENOSE\smart-coffee-v2\scripts\..\data\medium_20260813_160059.csv
medium,collecting,7,70,1518227,13873,2907,2893,8839,10708,2892,7266,16310,12987,13863,M,Arabika Ratawali Aceh,M-RAT,F:\MBKM ADB ENOSE\smart-coffee-v2\scripts\..\data\medium_20260813_160059.csv
medium,collecting,7,71,1519227,13868,2908,2893,8838,10704,2892,7265,16306,12980,13859,M,Arabika Ratawali Aceh,M-RAT,F:\MBKM ADB ENOSE\smart-coffee-v2\scripts\..\data\medium_20260813_160059.csv
medium,collecting,7,72,1520227,13862,2910,2899,8837,10702,2891,7264,16303,12973,13855,M,Arabika Ratawali Aceh,M-RAT,F:\MBKM ADB ENOSE\smart-coffee-v2\scripts\..\data\medium_20260813_160059.csv
medium,collecting,7,73,1521227,13856,2910,2893,8835,10700,2891,7263,16298,12967,13852,M,Arabika Ratawali Aceh,M-RAT,F:\MBKM ADB ENOSE\smart-coffee-v2\scripts\..\data\medium_20260813_160059.csv
medium,collecting,7,74,1522228,13849,2909,2893,8835,10697,2892,7262,16295,12961,13848,M,Arabika Ratawali Aceh,M-RAT,F:\MBKM ADB ENOSE\smart-coffee-v2\scripts\..\data\medium_20260813_160059.csv
medium,collecting,7,75,1523227,13842,2910,2893,8834,10696,2892,7262,16291,12955,13846,M,Arabika Ratawali Aceh,M-RAT,F:\MBKM ADB ENOSE\smart-coffee-v2\scripts\..\data\medium_20260813_160059.csv
medium,collecting,7,76,1524228,13837,2906,2893,8833,10695,2892,7262,16287,12950,13843,M,Arabika Ratawali Aceh,M-RAT,F:\MBKM ADB ENOSE\smart-coffee-v2\scripts\..\data\medium_20260813_160059.csv
medium,collecting,7,77,1525227,13830,2908,2895,8833,10694,2891,7263,16284,12946,13842,M,Arabika Ratawali Aceh,M-RAT,F:\MBKM ADB ENOSE\smart-coffee-v2\scripts\..\data\medium_20260813_160059.csv
medium,collecting,7,78,1526227,13825,2907,2893,8831,10693,2896,7264,16282,12942,13840,M,Arabika Ratawali Aceh,M-RAT,F:\MBKM ADB ENOSE\smart-coffee-v2\scripts\..\data\medium_20260813_160059.csv
medium,collecting,7,79,1527227,13821,2907,2893,8831,10693,2892,7265,16280,12939,13839,M,Arabika Ratawali Aceh,M-RAT,F:\MBKM ADB ENOSE\smart-coffee-v2\scripts\..\data\medium_20260813_160059.csv
medium,collecting,7,80,1528227,13817,2907,2893,8830,10693,2894,7266,16278,12936,13838,M,Arabika Ratawali Aceh,M-RAT,F:\MBKM ADB ENOSE\smart-coffee-v2\scripts\..\data\medium_20260813_160059.csv
medium,collecting,7,81,1529227,13812,2909,2893,8829,10693,2891,7267,16276,12933,13836,M,Arabika Ratawali Aceh,M-RAT,F:\MBKM ADB ENOSE\smart-coffee-v2\scripts\..\data\medium_20260813_160059.csv
medium,collecting,7,82,1530227,13807,2907,2893,8828,10694,2894,7269,16274,12930,13835,M,Arabika Ratawali Aceh,M-RAT,F:\MBKM ADB ENOSE\smart-coffee-v2\scripts\..\data\medium_20260813_160059.csv
medium,collecting,7,83,1531228,13803,2907,2894,8827,10693,2891,7269,16270,12928,13833,M,Arabika Ratawali Aceh,M-RAT,F:\MBKM ADB ENOSE\smart-coffee-v2\scripts\..\data\medium_20260813_160059.csv
medium,collecting,7,84,1532227,13797,2912,2896,8826,10693,2896,7269,16267,12924,13831,M,Arabika Ratawali Aceh,M-RAT,F:\MBKM ADB ENOSE\smart-coffee-v2\scripts\..\data\medium_20260813_160059.csv
medium,collecting,7,85,1533228,13792,2910,2893,8825,10692,2892,7269,16264,12920,13829,M,Arabika Ratawali Aceh,M-RAT,F:\MBKM ADB ENOSE\smart-coffee-v2\scripts\..\data\medium_20260813_160059.csv
medium,collecting,7,86,1534227,13788,2911,2893,8824,10691,2894,7269,16262,12917,13827,M,Arabika Ratawali Aceh,M-RAT,F:\MBKM ADB ENOSE\smart-coffee-v2\scripts\..\data\medium_20260813_160059.csv
medium,collecting,7,87,1535227,13783,2907,2897,8824,10691,2892,7269,16259,12914,13824,M,Arabika Ratawali Aceh,M-RAT,F:\MBKM ADB ENOSE\smart-coffee-v2\scripts\..\data\medium_20260813_160059.csv
medium,collecting,7,88,1536227,13779,2911,2895,8823,10690,2892,7268,16257,12911,13822,M,Arabika Ratawali Aceh,M-RAT,F:\MBKM ADB ENOSE\smart-coffee-v2\scripts\..\data\medium_20260813_160059.csv
medium,collecting,7,89,1537227,13776,2911,2897,8822,10689,2891,7268,16255,12908,13820,M,Arabika Ratawali Aceh,M-RAT,F:\MBKM ADB ENOSE\smart-coffee-v2\scripts\..\data\medium_20260813_160059.csv
medium,collecting,7,90,1538228,13773,2909,2893,8821,10688,2892,7267,16252,12904,13818,M,Arabika Ratawali Aceh,M-RAT,F:\MBKM ADB ENOSE\smart-coffee-v2\scripts\..\data\medium_20260813_160059.csv
medium,collecting,7,91,1539227,13769,2908,2895,8820,10686,2891,7266,16249,12900,13814,M,Arabika Ratawali Aceh,M-RAT,F:\MBKM ADB ENOSE\smart-coffee-v2\scripts\..\data\medium_20260813_160059.csv
medium,collecting,7,92,1540228,13763,2910,2893,8819,10684,2891,7265,16245,12896,13810,M,Arabika Ratawali Aceh,M-RAT,F:\MBKM ADB ENOSE\smart-coffee-v2\scripts\..\data\medium_20260813_160059.csv
medium,collecting,7,93,1541227,13758,2911,2897,8818,10681,2894,7263,16241,12890,13807,M,Arabika Ratawali Aceh,M-RAT,F:\MBKM ADB ENOSE\smart-coffee-v2\scripts\..\data\medium_20260813_160059.csv
medium,collecting,7,94,1542227,13753,2907,2893,8817,10679,2891,7261,16238,12885,13803,M,Arabika Ratawali Aceh,M-RAT,F:\MBKM ADB ENOSE\smart-coffee-v2\scripts\..\data\medium_20260813_160059.csv
medium,collecting,7,95,1543227,13749,2907,2893,8816,10677,2891,7260,16235,12879,13799,M,Arabika Ratawali Aceh,M-RAT,F:\MBKM ADB ENOSE\smart-coffee-v2\scripts\..\data\medium_20260813_160059.csv
medium,collecting,7,96,1544227,13745,2907,2895,8816,10674,2891,7258,16232,12873,13796,M,Arabika Ratawali Aceh,M-RAT,F:\MBKM ADB ENOSE\smart-coffee-v2\scripts\..\data\medium_20260813_160059.csv
medium,collecting,7,97,1545227,13742,2908,2897,8815,10671,2892,7257,16229,12867,13793,M,Arabika Ratawali Aceh,M-RAT,F:\MBKM ADB ENOSE\smart-coffee-v2\scripts\..\data\medium_20260813_160059.csv
medium,collecting,7,98,1546227,13737,2906,2894,8813,10668,2893,7255,16225,12862,13789,M,Arabika Ratawali Aceh,M-RAT,F:\MBKM ADB ENOSE\smart-coffee-v2\scripts\..\data\medium_20260813_160059.csv
medium,collecting,7,99,1547228,13732,2912,2894,8812,10667,2896,7254,16222,12857,13785,M,Arabika Ratawali Aceh,M-RAT,F:\MBKM ADB ENOSE\smart-coffee-v2\scripts\..\data\medium_20260813_160059.csv
medium,collecting,7,100,1548227,13729,2907,2895,8812,10664,2890,7252,16219,12852,13782,M,Arabika Ratawali Aceh,M-RAT,F:\MBKM ADB ENOSE\smart-coffee-v2\scripts\..\data\medium_20260813_160059.csv
medium,collecting,7,101,1549228,13727,2909,2893,8810,10661,2891,7251,16217,12846,13779,M,Arabika Ratawali Aceh,M-RAT,F:\MBKM ADB ENOSE\smart-coffee-v2\scripts\..\data\medium_20260813_160059.csv
medium,collecting,7,102,1550227,13725,2909,2893,8809,10659,2892,7250,16213,12841,13776,M,Arabika Ratawali Aceh,M-RAT,F:\MBKM ADB ENOSE\smart-coffee-v2\scripts\..\data\medium_20260813_160059.csv
medium,collecting,7,103,1551227,13723,2907,2893,8808,10657,2892,7249,16211,12837,13774,M,Arabika Ratawali Aceh,M-RAT,F:\MBKM ADB ENOSE\smart-coffee-v2\scripts\..\data\medium_20260813_160059.csv
medium,collecting,7,104,1552227,13721,2912,2893,8807,10656,2894,7248,16209,12833,13771,M,Arabika Ratawali Aceh,M-RAT,F:\MBKM ADB ENOSE\smart-coffee-v2\scripts\..\data\medium_20260813_160059.csv
medium,collecting,7,105,1553227,13717,2907,2893,8806,10654,2896,7248,16207,12828,13769,M,Arabika Ratawali Aceh,M-RAT,F:\MBKM ADB ENOSE\smart-coffee-v2\scripts\..\data\medium_20260813_160059.csv
medium,collecting,7,106,1554228,13714,2910,2895,8805,10652,2891,7247,16205,12825,13767,M,Arabika Ratawali Aceh,M-RAT,F:\MBKM ADB ENOSE\smart-coffee-v2\scripts\..\data\medium_20260813_160059.csv
medium,collecting,7,107,1555227,13712,2912,2897,8804,10651,2894,7247,16203,12822,13765,M,Arabika Ratawali Aceh,M-RAT,F:\MBKM ADB ENOSE\smart-coffee-v2\scripts\..\data\medium_20260813_160059.csv
medium,collecting,7,108,1556228,13710,2907,2895,8804,10649,2891,7246,16201,12819,13763,M,Arabika Ratawali Aceh,M-RAT,F:\MBKM ADB ENOSE\smart-coffee-v2\scripts\..\data\medium_20260813_160059.csv
medium,collecting,7,109,1557227,13708,2907,2897,8803,10648,2895,7246,16199,12816,13761,M,Arabika Ratawali Aceh,M-RAT,F:\MBKM ADB ENOSE\smart-coffee-v2\scripts\..\data\medium_20260813_160059.csv
medium,collecting,7,110,1558227,13705,2907,2896,8802,10646,2891,7245,16198,12813,13759,M,Arabika Ratawali Aceh,M-RAT,F:\MBKM ADB ENOSE\smart-coffee-v2\scripts\..\data\medium_20260813_160059.csv
medium,collecting,7,111,1559227,13703,2907,2895,8801,10645,2891,7245,16195,12810,13755,M,Arabika Ratawali Aceh,M-RAT,F:\MBKM ADB ENOSE\smart-coffee-v2\scripts\..\data\medium_20260813_160059.csv
medium,collecting,7,112,1560227,13701,2906,2897,8800,10644,2890,7244,16192,12807,13753,M,Arabika Ratawali Aceh,M-RAT,F:\MBKM ADB ENOSE\smart-coffee-v2\scripts\..\data\medium_20260813_160059.csv
medium,collecting,7,113,1561227,13699,2907,2893,8799,10643,2894,7243,16190,12804,13751,M,Arabika Ratawali Aceh,M-RAT,F:\MBKM ADB ENOSE\smart-coffee-v2\scripts\..\data\medium_20260813_160059.csv
medium,collecting,7,114,1562227,13699,2910,2893,8798,10642,2892,7242,16188,12801,13748,M,Arabika Ratawali Aceh,M-RAT,F:\MBKM ADB ENOSE\smart-coffee-v2\scripts\..\data\medium_20260813_160059.csv
medium,collecting,7,115,1563228,13697,2907,2892,8797,10641,2891,7241,16186,12797,13746,M,Arabika Ratawali Aceh,M-RAT,F:\MBKM ADB ENOSE\smart-coffee-v2\scripts\..\data\medium_20260813_160059.csv
medium,collecting,7,116,1564227,13696,2907,2897,8796,10639,2894,7240,16184,12794,13744,M,Arabika Ratawali Aceh,M-RAT,F:\MBKM ADB ENOSE\smart-coffee-v2\scripts\..\data\medium_20260813_160059.csv
medium,collecting,7,117,1565228,13694,2907,2893,8795,10638,2890,7239,16182,12792,13743,M,Arabika Ratawali Aceh,M-RAT,F:\MBKM ADB ENOSE\smart-coffee-v2\scripts\..\data\medium_20260813_160059.csv
medium,collecting,7,118,1566227,13692,2912,2895,8794,10637,2892,7239,16181,12789,13741,M,Arabika Ratawali Aceh,M-RAT,F:\MBKM ADB ENOSE\smart-coffee-v2\scripts\..\data\medium_20260813_160059.csv
medium,collecting,7,119,1567227,13689,2911,2893,8794,10636,2894,7239,16179,12787,13740,M,Arabika Ratawali Aceh,M-RAT,F:\MBKM ADB ENOSE\smart-coffee-v2\scripts\..\data\medium_20260813_160059.csv
medium,collecting,7,120,1568227,13686,2907,2893,8792,10636,2891,7239,16178,12784,13739,M,Arabika Ratawali Aceh,M-RAT,F:\MBKM ADB ENOSE\smart-coffee-v2\scripts\..\data\medium_20260813_160059.csv
medium,collecting,7,121,1569227,13685,2911,2895,8791,10635,2891,7240,16177,12783,13739,M,Arabika Ratawali Aceh,M-RAT,F:\MBKM ADB ENOSE\smart-coffee-v2\scripts\..\data\medium_20260813_160059.csv
medium,collecting,7,122,1570228,13683,2907,2893,8791,10635,2892,7240,16177,12780,13738,M,Arabika Ratawali Aceh,M-RAT,F:\MBKM ADB ENOSE\smart-coffee-v2\scripts\..\data\medium_20260813_160059.csv
medium,collecting,7,123,1571227,13681,2907,2891,8790,10634,2891,7241,16175,12778,13737,M,Arabika Ratawali Aceh,M-RAT,F:\MBKM ADB ENOSE\smart-coffee-v2\scripts\..\data\medium_20260813_160059.csv
medium,collecting,7,124,1572228,13678,2907,2893,8789,10633,2891,7240,16173,12775,13734,M,Arabika Ratawali Aceh,M-RAT,F:\MBKM ADB ENOSE\smart-coffee-v2\scripts\..\data\medium_20260813_160059.csv
medium,collecting,7,125,1573227,13675,2907,2893,8788,10632,2891,7239,16170,12771,13731,M,Arabika Ratawali Aceh,M-RAT,F:\MBKM ADB ENOSE\smart-coffee-v2\scripts\..\data\medium_20260813_160059.csv
medium,collecting,7,126,1574227,13671,2906,2890,8787,10629,2891,7238,16167,12765,13727,M,Arabika Ratawali Aceh,M-RAT,F:\MBKM ADB ENOSE\smart-coffee-v2\scripts\..\data\medium_20260813_160059.csv
medium,collecting,7,127,1575227,13667,2907,2893,8786,10626,2892,7236,16164,12760,13723,M,Arabika Ratawali Aceh,M-RAT,F:\MBKM ADB ENOSE\smart-coffee-v2\scripts\..\data\medium_20260813_160059.csv
medium,collecting,7,128,1576227,13665,2907,2893,8785,10623,2891,7234,16161,12754,13719,M,Arabika Ratawali Aceh,M-RAT,F:\MBKM ADB ENOSE\smart-coffee-v2\scripts\..\data\medium_20260813_160059.csv
medium,collecting,7,129,1577227,13662,2907,2893,8784,10619,2891,7232,16157,12747,13715,M,Arabika Ratawali Aceh,M-RAT,F:\MBKM ADB ENOSE\smart-coffee-v2\scripts\..\data\medium_20260813_160059.csv
medium,collecting,7,130,1578227,13658,2911,2893,8783,10616,2891,7230,16154,12741,13711,M,Arabika Ratawali Aceh,M-RAT,F:\MBKM ADB ENOSE\smart-coffee-v2\scripts\..\data\medium_20260813_160059.csv
medium,collecting,7,131,1579228,13653,2907,2895,8782,10613,2894,7229,16152,12734,13708,M,Arabika Ratawali Aceh,M-RAT,F:\MBKM ADB ENOSE\smart-coffee-v2\scripts\..\data\medium_20260813_160059.csv
medium,collecting,7,132,1580227,13649,2907,2893,8781,10610,2894,7227,16149,12728,13704,M,Arabika Ratawali Aceh,M-RAT,F:\MBKM ADB ENOSE\smart-coffee-v2\scripts\..\data\medium_20260813_160059.csv
medium,collecting,7,133,1581228,13646,2906,2893,8780,10607,2891,7226,16147,12723,13702,M,Arabika Ratawali Aceh,M-RAT,F:\MBKM ADB ENOSE\smart-coffee-v2\scripts\..\data\medium_20260813_160059.csv
medium,collecting,7,134,1582227,13644,2906,2893,8779,10605,2894,7225,16145,12717,13699,M,Arabika Ratawali Aceh,M-RAT,F:\MBKM ADB ENOSE\smart-coffee-v2\scripts\..\data\medium_20260813_160059.csv
medium,collecting,7,135,1583227,13641,2906,2894,8779,10603,2892,7224,16142,12713,13697,M,Arabika Ratawali Aceh,M-RAT,F:\MBKM ADB ENOSE\smart-coffee-v2\scripts\..\data\medium_20260813_160059.csv
medium,collecting,7,136,1584227,13639,2911,2893,8777,10602,2892,7224,16140,12708,13696,M,Arabika Ratawali Aceh,M-RAT,F:\MBKM ADB ENOSE\smart-coffee-v2\scripts\..\data\medium_20260813_160059.csv
medium,collecting,7,137,1585227,13637,2907,2893,8777,10601,2891,7224,16139,12705,13695,M,Arabika Ratawali Aceh,M-RAT,F:\MBKM ADB ENOSE\smart-coffee-v2\scripts\..\data\medium_20260813_160059.csv
medium,collecting,7,138,1586228,13635,2906,2893,8775,10600,2891,7224,16137,12703,13694,M,Arabika Ratawali Aceh,M-RAT,F:\MBKM ADB ENOSE\smart-coffee-v2\scripts\..\data\medium_20260813_160059.csv
medium,collecting,7,139,1587227,13631,2908,2893,8775,10600,2891,7225,16136,12700,13692,M,Arabika Ratawali Aceh,M-RAT,F:\MBKM ADB ENOSE\smart-coffee-v2\scripts\..\data\medium_20260813_160059.csv
medium,collecting,7,140,1588228,13629,2906,2895,8774,10598,2894,7224,16134,12697,13689,M,Arabika Ratawali Aceh,M-RAT,F:\MBKM ADB ENOSE\smart-coffee-v2\scripts\..\data\medium_20260813_160059.csv
medium,collecting,7,141,1589227,13627,2909,2895,8773,10597,2892,7223,16131,12693,13687,M,Arabika Ratawali Aceh,M-RAT,F:\MBKM ADB ENOSE\smart-coffee-v2\scripts\..\data\medium_20260813_160059.csv
medium,collecting,7,142,1590227,13625,2909,2895,8772,10595,2892,7222,16129,12688,13684,M,Arabika Ratawali Aceh,M-RAT,F:\MBKM ADB ENOSE\smart-coffee-v2\scripts\..\data\medium_20260813_160059.csv
medium,collecting,7,143,1591227,13623,2906,2895,8771,10593,2891,7221,16127,12684,13681,M,Arabika Ratawali Aceh,M-RAT,F:\MBKM ADB ENOSE\smart-coffee-v2\scripts\..\data\medium_20260813_160059.csv
medium,collecting,7,144,1592227,13620,2911,2895,8770,10591,2894,7220,16125,12680,13679,M,Arabika Ratawali Aceh,M-RAT,F:\MBKM ADB ENOSE\smart-coffee-v2\scripts\..\data\medium_20260813_160059.csv
medium,collecting,7,145,1593227,13618,2906,2895,8769,10589,2894,7219,16123,12676,13677,M,Arabika Ratawali Aceh,M-RAT,F:\MBKM ADB ENOSE\smart-coffee-v2\scripts\..\data\medium_20260813_160059.csv
medium,collecting,7,146,1594227,13615,2907,2893,8768,10588,2894,7219,16121,12673,13675,M,Arabika Ratawali Aceh,M-RAT,F:\MBKM ADB ENOSE\smart-coffee-v2\scripts\..\data\medium_20260813_160059.csv
medium,collecting,7,147,1595228,13613,2907,2893,8767,10587,2893,7219,16119,12670,13673,M,Arabika Ratawali Aceh,M-RAT,F:\MBKM ADB ENOSE\smart-coffee-v2\scripts\..\data\medium_20260813_160059.csv
medium,collecting,7,148,1596227,13610,2909,2891,8766,10586,2894,7219,16118,12667,13671,M,Arabika Ratawali Aceh,M-RAT,F:\MBKM ADB ENOSE\smart-coffee-v2\scripts\..\data\medium_20260813_160059.csv
medium,collecting,7,149,1597228,13610,2911,2893,8765,10585,2894,7219,16117,12664,13669,M,Arabika Ratawali Aceh,M-RAT,F:\MBKM ADB ENOSE\smart-coffee-v2\scripts\..\data\medium_20260813_160059.csv
medium,collecting,7,150,1598227,13607,2907,2893,8763,10584,2890,7219,16115,12662,13668,M,Arabika Ratawali Aceh,M-RAT,F:\MBKM ADB ENOSE\smart-coffee-v2\scripts\..\data\medium_20260813_160059.csv
medium,collecting,7,151,1599227,13605,2908,2893,8763,10583,2894,7219,16114,12659,13667,M,Arabika Ratawali Aceh,M-RAT,F:\MBKM ADB ENOSE\smart-coffee-v2\scripts\..\data\medium_20260813_160059.csv
medium,collecting,7,152,1600227,13604,2906,2893,8762,10582,2892,7219,16112,12658,13667,M,Arabika Ratawali Aceh,M-RAT,F:\MBKM ADB ENOSE\smart-coffee-v2\scripts\..\data\medium_20260813_160059.csv
medium,collecting,7,153,1601227,13602,2904,2893,8761,10583,2890,7219,16111,12657,13666,M,Arabika Ratawali Aceh,M-RAT,F:\MBKM ADB ENOSE\smart-coffee-v2\scripts\..\data\medium_20260813_160059.csv
medium,collecting,7,154,1602228,13602,2911,2893,8760,10582,2891,7220,16111,12657,13666,M,Arabika Ratawali Aceh,M-RAT,F:\MBKM ADB ENOSE\smart-coffee-v2\scripts\..\data\medium_20260813_160059.csv
medium,collecting,7,155,1603227,13600,2906,2893,8759,10583,2895,7221,16109,12656,13666,M,Arabika Ratawali Aceh,M-RAT,F:\MBKM ADB ENOSE\smart-coffee-v2\scripts\..\data\medium_20260813_160059.csv
medium,collecting,7,156,1604228,13599,2909,2895,8758,10583,2891,7221,16108,12655,13665,M,Arabika Ratawali Aceh,M-RAT,F:\MBKM ADB ENOSE\smart-coffee-v2\scripts\..\data\medium_20260813_160059.csv
medium,collecting,7,157,1605227,13599,2906,2897,8757,10583,2894,7222,16107,12654,13663,M,Arabika Ratawali Aceh,M-RAT,F:\MBKM ADB ENOSE\smart-coffee-v2\scripts\..\data\medium_20260813_160059.csv
medium,collecting,7,158,1606227,13597,2910,2895,8756,10582,2896,7221,16106,12652,13663,M,Arabika Ratawali Aceh,M-RAT,F:\MBKM ADB ENOSE\smart-coffee-v2\scripts\..\data\medium_20260813_160059.csv
medium,collecting,7,159,1607227,13595,2908,2893,8755,10581,2895,7222,16105,12650,13661,M,Arabika Ratawali Aceh,M-RAT,F:\MBKM ADB ENOSE\smart-coffee-v2\scripts\..\data\medium_20260813_160059.csv
medium,collecting,7,160,1608227,13595,2907,2893,8754,10581,2894,7222,16104,12648,13661,M,Arabika Ratawali Aceh,M-RAT,F:\MBKM ADB ENOSE\smart-coffee-v2\scripts\..\data\medium_20260813_160059.csv
medium,collecting,7,161,1609227,13593,2907,2893,8753,10581,2891,7222,16103,12647,13662,M,Arabika Ratawali Aceh,M-RAT,F:\MBKM ADB ENOSE\smart-coffee-v2\scripts\..\data\medium_20260813_160059.csv
medium,collecting,7,162,1610227,13592,2907,2893,8752,10583,2894,7224,16103,12649,13664,M,Arabika Ratawali Aceh,M-RAT,F:\MBKM ADB ENOSE\smart-coffee-v2\scripts\..\data\medium_20260813_160059.csv
medium,collecting,7,163,1611228,13592,2911,2893,8751,10586,2894,7226,16103,12651,13666,M,Arabika Ratawali Aceh,M-RAT,F:\MBKM ADB ENOSE\smart-coffee-v2\scripts\..\data\medium_20260813_160059.csv
medium,collecting,7,164,1612227,13592,2909,2892,8751,10590,2893,7229,16103,12655,13668,M,Arabika Ratawali Aceh,M-RAT,F:\MBKM ADB ENOSE\smart-coffee-v2\scripts\..\data\medium_20260813_160059.csv
medium,collecting,7,165,1613228,13591,2910,2893,8750,10592,2894,7231,16103,12658,13669,M,Arabika Ratawali Aceh,M-RAT,F:\MBKM ADB ENOSE\smart-coffee-v2\scripts\..\data\medium_20260813_160059.csv
medium,collecting,7,166,1614227,13590,2907,2893,8749,10595,2890,7232,16103,12661,13671,M,Arabika Ratawali Aceh,M-RAT,F:\MBKM ADB ENOSE\smart-coffee-v2\scripts\..\data\medium_20260813_160059.csv
medium,collecting,7,167,1615227,13588,2911,2895,8749,10599,2891,7235,16103,12665,13675,M,Arabika Ratawali Aceh,M-RAT,F:\MBKM ADB ENOSE\smart-coffee-v2\scripts\..\data\medium_20260813_160059.csv
medium,collecting,7,168,1616227,13587,2910,2893,8748,10603,2891,7239,16104,12669,13679,M,Arabika Ratawali Aceh,M-RAT,F:\MBKM ADB ENOSE\smart-coffee-v2\scripts\..\data\medium_20260813_160059.csv
medium,collecting,7,169,1617227,13586,2908,2895,8747,10607,2894,7243,16105,12674,13682,M,Arabika Ratawali Aceh,M-RAT,F:\MBKM ADB ENOSE\smart-coffee-v2\scripts\..\data\medium_20260813_160059.csv
medium,collecting,7,170,1618228,13584,2904,2893,8747,10611,2894,7246,16106,12679,13684,M,Arabika Ratawali Aceh,M-RAT,F:\MBKM ADB ENOSE\smart-coffee-v2\scripts\..\data\medium_20260813_160059.csv
medium,collecting,7,171,1619227,13582,2907,2894,8746,10613,2891,7248,16106,12683,13686,M,Arabika Ratawali Aceh,M-RAT,F:\MBKM ADB ENOSE\smart-coffee-v2\scripts\..\data\medium_20260813_160059.csv
medium,collecting,7,172,1620228,13581,2910,2893,8745,10615,2893,7250,16106,12685,13686,M,Arabika Ratawali Aceh,M-RAT,F:\MBKM ADB ENOSE\smart-coffee-v2\scripts\..\data\medium_20260813_160059.csv
medium,collecting,7,173,1621227,13581,2907,2893,8744,10615,2891,7250,16105,12687,13684,M,Arabika Ratawali Aceh,M-RAT,F:\MBKM ADB ENOSE\smart-coffee-v2\scripts\..\data\medium_20260813_160059.csv
medium,collecting,7,174,1622227,13580,2906,2895,8743,10615,2895,7249,16103,12686,13682,M,Arabika Ratawali Aceh,M-RAT,F:\MBKM ADB ENOSE\smart-coffee-v2\scripts\..\data\medium_20260813_160059.csv
medium,collecting,7,175,1623227,13579,2907,2893,8743,10614,2891,7247,16101,12686,13679,M,Arabika Ratawali Aceh,M-RAT,F:\MBKM ADB ENOSE\smart-coffee-v2\scripts\..\data\medium_20260813_160059.csv
medium,collecting,7,176,1624227,13578,2910,2893,8742,10611,2890,7244,16099,12684,13675,M,Arabika Ratawali Aceh,M-RAT,F:\MBKM ADB ENOSE\smart-coffee-v2\scripts\..\data\medium_20260813_160059.csv
medium,collecting,7,177,1625227,13578,2905,2893,8741,10609,2891,7241,16096,12682,13672,M,Arabika Ratawali Aceh,M-RAT,F:\MBKM ADB ENOSE\smart-coffee-v2\scripts\..\data\medium_20260813_160059.csv
medium,collecting,7,178,1626227,13578,2911,2893,8740,10605,2894,7238,16093,12677,13669,M,Arabika Ratawali Aceh,M-RAT,F:\MBKM ADB ENOSE\smart-coffee-v2\scripts\..\data\medium_20260813_160059.csv
medium,collecting,7,179,1627228,13577,2906,2893,8738,10602,2892,7235,16090,12673,13665,M,Arabika Ratawali Aceh,M-RAT,F:\MBKM ADB ENOSE\smart-coffee-v2\scripts\..\data\medium_20260813_160059.csv
medium,collecting,7,180,1628227,13575,2907,2893,8737,10600,2891,7232,16087,12669,13661,M,Arabika Ratawali Aceh,M-RAT,F:\MBKM ADB ENOSE\smart-coffee-v2\scripts\..\data\medium_20260813_160059.csv
medium,purging,7,1,1629231,13574,2910,2892,8736,10597,2892,7229,16084,12666,13658,M,Arabika Ratawali Aceh,M-RAT,F:\MBKM ADB ENOSE\smart-coffee-v2\scripts\..\data\medium_20260813_160059.csv
medium,purging,7,2,1630227,13574,2909,2893,8735,10593,2892,7226,16082,12662,13655,M,Arabika Ratawali Aceh,M-RAT,F:\MBKM ADB ENOSE\smart-coffee-v2\scripts\..\data\medium_20260813_160059.csv
medium,purging,7,3,1631227,13574,2908,2895,8734,10590,2891,7223,16080,12658,13651,M,Arabika Ratawali Aceh,M-RAT,F:\MBKM ADB ENOSE\smart-coffee-v2\scripts\..\data\medium_20260813_160059.csv
medium,purging,7,4,1632227,13575,2906,2893,8732,10586,2892,7221,16078,12653,13647,M,Arabika Ratawali Aceh,M-RAT,F:\MBKM ADB ENOSE\smart-coffee-v2\scripts\..\data\medium_20260813_160059.csv
medium,purging,7,5,1633227,13562,2906,2893,8731,10583,2893,7217,16075,12648,13637,M,Arabika Ratawali Aceh,M-RAT,F:\MBKM ADB ENOSE\smart-coffee-v2\scripts\..\data\medium_20260813_160059.csv
medium,purging,7,6,1634228,13506,2911,2893,8729,10575,2891,7208,16061,12631,13617,M,Arabika Ratawali Aceh,M-RAT,F:\MBKM ADB ENOSE\smart-coffee-v2\scripts\..\data\medium_20260813_160059.csv
medium,purging,7,7,1635227,13413,2907,2893,8728,10562,2893,7197,16034,12597,13591,M,Arabika Ratawali Aceh,M-RAT,F:\MBKM ADB ENOSE\smart-coffee-v2\scripts\..\data\medium_20260813_160059.csv
medium,purging,7,8,1636228,13299,2906,2895,8727,10547,2894,7186,16001,12552,13562,M,Arabika Ratawali Aceh,M-RAT,F:\MBKM ADB ENOSE\smart-coffee-v2\scripts\..\data\medium_20260813_160059.csv
medium,purging,7,9,1637227,13174,2905,2893,8726,10532,2894,7176,15966,12499,13537,M,Arabika Ratawali Aceh,M-RAT,F:\MBKM ADB ENOSE\smart-coffee-v2\scripts\..\data\medium_20260813_160059.csv
medium,purging,7,10,1638227,13045,2909,2891,8725,10518,2893,7169,15932,12445,13512,M,Arabika Ratawali Aceh,M-RAT,F:\MBKM ADB ENOSE\smart-coffee-v2\scripts\..\data\medium_20260813_160059.csv
medium,purging,7,11,1639227,12918,2906,2895,8724,10504,2894,7164,15900,12391,13484,M,Arabika Ratawali Aceh,M-RAT,F:\MBKM ADB ENOSE\smart-coffee-v2\scripts\..\data\medium_20260813_160059.csv
medium,purging,7,12,1640227,12795,2904,2897,8723,10489,2890,7158,15867,12336,13458,M,Arabika Ratawali Aceh,M-RAT,F:\MBKM ADB ENOSE\smart-coffee-v2\scripts\..\data\medium_20260813_160059.csv
medium,purging,7,13,1641227,12679,2905,2893,8722,10474,2891,7152,15836,12283,13435,M,Arabika Ratawali Aceh,M-RAT,F:\MBKM ADB ENOSE\smart-coffee-v2\scripts\..\data\medium_20260813_160059.csv
medium,purging,7,14,1642227,12570,2906,2895,8721,10463,2892,7149,15809,12235,13418,M,Arabika Ratawali Aceh,M-RAT,F:\MBKM ADB ENOSE\smart-coffee-v2\scripts\..\data\medium_20260813_160059.csv
medium,purging,7,15,1643228,12470,2907,2892,8721,10455,2894,7149,15786,12193,13402,M,Arabika Ratawali Aceh,M-RAT,F:\MBKM ADB ENOSE\smart-coffee-v2\scripts\..\data\medium_20260813_160059.csv
medium,purging,7,16,1644227,12378,2903,2893,8720,10447,2890,7149,15764,12154,13384,M,Arabika Ratawali Aceh,M-RAT,F:\MBKM ADB ENOSE\smart-coffee-v2\scripts\..\data\medium_20260813_160059.csv
medium,purging,7,17,1645228,12293,2904,2893,8719,10436,2894,7147,15742,12115,13365,M,Arabika Ratawali Aceh,M-RAT,F:\MBKM ADB ENOSE\smart-coffee-v2\scripts\..\data\medium_20260813_160059.csv
medium,purging,7,18,1646227,12216,2902,2893,8718,10426,2892,7144,15720,12076,13347,M,Arabika Ratawali Aceh,M-RAT,F:\MBKM ADB ENOSE\smart-coffee-v2\scripts\..\data\medium_20260813_160059.csv
medium,purging,7,19,1647227,12147,2904,2893,8717,10415,2891,7139,15699,12039,13330,M,Arabika Ratawali Aceh,M-RAT,F:\MBKM ADB ENOSE\smart-coffee-v2\scripts\..\data\medium_20260813_160059.csv
medium,purging,7,20,1648227,12084,2905,2893,8716,10408,2891,7136,15679,12006,13316,M,Arabika Ratawali Aceh,M-RAT,F:\MBKM ADB ENOSE\smart-coffee-v2\scripts\..\data\medium_20260813_160059.csv
medium,purging,7,21,1649227,12028,2904,2893,8715,10401,2891,7135,15661,11976,13303,M,Arabika Ratawali Aceh,M-RAT,F:\MBKM ADB ENOSE\smart-coffee-v2\scripts\..\data\medium_20260813_160059.csv
medium,purging,7,22,1650228,11976,2902,2895,8714,10394,2894,7133,15644,11947,13288,M,Arabika Ratawali Aceh,M-RAT,F:\MBKM ADB ENOSE\smart-coffee-v2\scripts\..\data\medium_20260813_160059.csv
medium,purging,7,23,1651227,11929,2902,2892,8713,10384,2894,7129,15627,11917,13273,M,Arabika Ratawali Aceh,M-RAT,F:\MBKM ADB ENOSE\smart-coffee-v2\scripts\..\data\medium_20260813_160059.csv
medium,purging,7,24,1652228,11887,2906,2893,8712,10377,2890,7126,15610,11888,13263,M,Arabika Ratawali Aceh,M-RAT,F:\MBKM ADB ENOSE\smart-coffee-v2\scripts\..\data\medium_20260813_160059.csv
medium,purging,7,25,1653227,11849,2903,2894,8711,10376,2894,7126,15596,11868,13259,M,Arabika Ratawali Aceh,M-RAT,F:\MBKM ADB ENOSE\smart-coffee-v2\scripts\..\data\medium_20260813_160059.csv
medium,purging,7,26,1654227,11815,2901,2893,8711,10376,2894,7131,15586,11853,13252,M,Arabika Ratawali Aceh,M-RAT,F:\MBKM ADB ENOSE\smart-coffee-v2\scripts\..\data\medium_20260813_160059.csv
medium,purging,7,27,1655227,11782,2904,2895,8710,10373,2894,7131,15573,11834,13240,M,Arabika Ratawali Aceh,M-RAT,F:\MBKM ADB ENOSE\smart-coffee-v2\scripts\..\data\medium_20260813_160059.csv
medium,purging,7,28,1656227,11752,2904,2893,8710,10369,2894,7130,15559,11815,13233,M,Arabika Ratawali Aceh,M-RAT,F:\MBKM ADB ENOSE\smart-coffee-v2\scripts\..\data\medium_20260813_160059.csv
medium,purging,7,29,1657227,11724,2901,2895,8709,10366,2890,7130,15548,11799,13223,M,Arabika Ratawali Aceh,M-RAT,F:\MBKM ADB ENOSE\smart-coffee-v2\scripts\..\data\medium_20260813_160059.csv
medium,purging,7,30,1658227,11698,2904,2893,8708,10362,2890,7129,15535,11781,13215,M,Arabika Ratawali Aceh,M-RAT,F:\MBKM ADB ENOSE\smart-coffee-v2\scripts\..\data\medium_20260813_160059.csv
medium,purging,7,31,1659228,11674,2904,2895,8707,10358,2894,7128,15523,11764,13206,M,Arabika Ratawali Aceh,M-RAT,F:\MBKM ADB ENOSE\smart-coffee-v2\scripts\..\data\medium_20260813_160059.csv
medium,purging,7,32,1660227,11651,2902,2893,8706,10353,2894,7127,15512,11746,13198,M,Arabika Ratawali Aceh,M-RAT,F:\MBKM ADB ENOSE\smart-coffee-v2\scripts\..\data\medium_20260813_160059.csv
medium,purging,7,33,1661228,11629,2900,2893,8705,10351,2892,7126,15501,11730,13193,M,Arabika Ratawali Aceh,M-RAT,F:\MBKM ADB ENOSE\smart-coffee-v2\scripts\..\data\medium_20260813_160059.csv
medium,purging,7,34,1662227,11611,2902,2894,8704,10350,2894,7128,15492,11718,13189,M,Arabika Ratawali Aceh,M-RAT,F:\MBKM ADB ENOSE\smart-coffee-v2\scripts\..\data\medium_20260813_160059.csv
medium,purging,7,35,1663227,11592,2904,2893,8703,10348,2891,7129,15483,11705,13180,M,Arabika Ratawali Aceh,M-RAT,F:\MBKM ADB ENOSE\smart-coffee-v2\scripts\..\data\medium_20260813_160059.csv
medium,purging,7,36,1664227,11576,2902,2893,8703,10346,2890,7129,15473,11693,13176,M,Arabika Ratawali Aceh,M-RAT,F:\MBKM ADB ENOSE\smart-coffee-v2\scripts\..\data\medium_20260813_160059.csv
medium,purging,7,37,1665227,11558,2899,2895,8702,10347,2894,7130,15464,11683,13174,M,Arabika Ratawali Aceh,M-RAT,F:\MBKM ADB ENOSE\smart-coffee-v2\scripts\..\data\medium_20260813_160059.csv
medium,purging,7,38,1666228,11545,2903,2891,8701,10352,2890,7134,15456,11679,13174,M,Arabika Ratawali Aceh,M-RAT,F:\MBKM ADB ENOSE\smart-coffee-v2\scripts\..\data\medium_20260813_160059.csv
medium,purging,7,39,1667227,11530,2903,2893,8701,10354,2894,7137,15450,11675,13171,M,Arabika Ratawali Aceh,M-RAT,F:\MBKM ADB ENOSE\smart-coffee-v2\scripts\..\data\medium_20260813_160059.csv
medium,purging,7,40,1668228,11516,2902,2894,8700,10354,2894,7139,15443,11668,13168,M,Arabika Ratawali Aceh,M-RAT,F:\MBKM ADB ENOSE\smart-coffee-v2\scripts\..\data\medium_20260813_160059.csv
medium,purging,7,41,1669227,11502,2903,2893,8699,10353,2894,7140,15434,11661,13162,M,Arabika Ratawali Aceh,M-RAT,F:\MBKM ADB ENOSE\smart-coffee-v2\scripts\..\data\medium_20260813_160059.csv
medium,purging,7,42,1670227,11488,2903,2891,8699,10351,2894,7139,15425,11651,13157,M,Arabika Ratawali Aceh,M-RAT,F:\MBKM ADB ENOSE\smart-coffee-v2\scripts\..\data\medium_20260813_160059.csv
medium,purging,7,43,1671227,11475,2903,2893,8698,10347,2890,7137,15416,11640,13151,M,Arabika Ratawali Aceh,M-RAT,F:\MBKM ADB ENOSE\smart-coffee-v2\scripts\..\data\medium_20260813_160059.csv
medium,purging,7,44,1672227,11462,2902,2895,8697,10348,2894,7138,15408,11631,13154,M,Arabika Ratawali Aceh,M-RAT,F:\MBKM ADB ENOSE\smart-coffee-v2\scripts\..\data\medium_20260813_160059.csv
medium,purging,7,45,1673227,11451,2903,2895,8697,10356,2891,7145,15405,11634,13157,M,Arabika Ratawali Aceh,M-RAT,F:\MBKM ADB ENOSE\smart-coffee-v2\scripts\..\data\medium_20260813_160059.csv
medium,purging,7,46,1674227,11439,2902,2893,8696,10359,2891,7150,15401,11632,13156,M,Arabika Ratawali Aceh,M-RAT,F:\MBKM ADB ENOSE\smart-coffee-v2\scripts\..\data\medium_20260813_160059.csv
medium,purging,7,47,1675228,11429,2902,2895,8695,10361,2894,7154,15395,11629,13154,M,Arabika Ratawali Aceh,M-RAT,F:\MBKM ADB ENOSE\smart-coffee-v2\scripts\..\data\medium_20260813_160059.csv
medium,purging,7,48,1676227,11418,2904,2895,8695,10359,2890,7154,15388,11621,13145,M,Arabika Ratawali Aceh,M-RAT,F:\MBKM ADB ENOSE\smart-coffee-v2\scripts\..\data\medium_20260813_160059.csv
medium,purging,7,49,1677228,11407,2904,2893,8693,10354,2891,7151,15378,11610,13140,M,Arabika Ratawali Aceh,M-RAT,F:\MBKM ADB ENOSE\smart-coffee-v2\scripts\..\data\medium_20260813_160059.csv
medium,purging,7,50,1678227,11396,2901,2894,8692,10352,2890,7149,15370,11600,13138,M,Arabika Ratawali Aceh,M-RAT,F:\MBKM ADB ENOSE\smart-coffee-v2\scripts\..\data\medium_20260813_160059.csv
medium,purging,7,51,1679227,11385,2904,2891,8691,10349,2893,7149,15363,11591,13130,M,Arabika Ratawali Aceh,M-RAT,F:\MBKM ADB ENOSE\smart-coffee-v2\scripts\..\data\medium_20260813_160059.csv
medium,purging,7,52,1680227,11375,2901,2892,8690,10343,2894,7146,15354,11579,13118,M,Arabika Ratawali Aceh,M-RAT,F:\MBKM ADB ENOSE\smart-coffee-v2\scripts\..\data\medium_20260813_160059.csv
medium,purging,7,53,1681227,11367,2903,2893,8689,10336,2894,7139,15342,11563,13109,M,Arabika Ratawali Aceh,M-RAT,F:\MBKM ADB ENOSE\smart-coffee-v2\scripts\..\data\medium_20260813_160059.csv
medium,purging,7,54,1682228,11360,2903,2893,8687,10330,2893,7134,15332,11548,13102,M,Arabika Ratawali Aceh,M-RAT,F:\MBKM ADB ENOSE\smart-coffee-v2\scripts\..\data\medium_20260813_160059.csv
medium,purging,7,55,1683227,11352,2904,2893,8686,10323,2894,7129,15323,11536,13092,M,Arabika Ratawali Aceh,M-RAT,F:\MBKM ADB ENOSE\smart-coffee-v2\scripts\..\data\medium_20260813_160059.csv
medium,purging,7,56,1684228,11345,2902,2893,8685,10316,2894,7124,15313,11521,13082,M,Arabika Ratawali Aceh,M-RAT,F:\MBKM ADB ENOSE\smart-coffee-v2\scripts\..\data\medium_20260813_160059.csv
medium,purging,7,57,1685227,11338,2904,2895,8683,10309,2890,7119,15304,11506,13080,M,Arabika Ratawali Aceh,M-RAT,F:\MBKM ADB ENOSE\smart-coffee-v2\scripts\..\data\medium_20260813_160059.csv
medium,purging,7,58,1686227,11332,2902,2893,8682,10305,2891,7118,15298,11495,13075,M,Arabika Ratawali Aceh,M-RAT,F:\MBKM ADB ENOSE\smart-coffee-v2\scripts\..\data\medium_20260813_160059.csv
medium,purging,7,59,1687227,11326,2900,2895,8680,10305,2894,7118,15292,11488,13074,M,Arabika Ratawali Aceh,M-RAT,F:\MBKM ADB ENOSE\smart-coffee-v2\scripts\..\data\medium_20260813_160059.csv
medium,purging,7,60,1688227,11320,2901,2895,8679,10305,2890,7120,15289,11481,13080,M,Arabika Ratawali Aceh,M-RAT,F:\MBKM ADB ENOSE\smart-coffee-v2\scripts\..\data\medium_20260813_160059.csv
medium,purging,7,61,1689227,11331,2901,2893,8677,10308,2894,7129,15291,11482,13088,M,Arabika Ratawali Aceh,M-RAT,F:\MBKM ADB ENOSE\smart-coffee-v2\scripts\..\data\medium_20260813_160059.csv
medium,collecting,8,1,1690231,11348,2900,2892,8676,10311,2892,7135,15295,11483,13095,M,Arabika Ratawali Aceh,M-RAT,F:\MBKM ADB ENOSE\smart-coffee-v2\scripts\..\data\medium_20260813_160059.csv
medium,collecting,8,2,1691228,11412,2902,2893,8675,10318,2890,7147,15304,11494,13124,M,Arabika Ratawali Aceh,M-RAT,F:\MBKM ADB ENOSE\smart-coffee-v2\scripts\..\data\medium_20260813_160059.csv
medium,collecting,8,3,1692227,11556,2904,2893,8674,10339,2891,7170,15334,11530,13168,M,Arabika Ratawali Aceh,M-RAT,F:\MBKM ADB ENOSE\smart-coffee-v2\scripts\..\data\medium_20260813_160059.csv
medium,collecting,8,4,1693228,11867,2902,2895,8673,10374,2892,7204,15391,11609,13244,M,Arabika Ratawali Aceh,M-RAT,F:\MBKM ADB ENOSE\smart-coffee-v2\scripts\..\data\medium_20260813_160059.csv
medium,collecting,8,5,1694227,12294,2904,2892,8671,10425,2894,7247,15487,11745,13344,M,Arabika Ratawali Aceh,M-RAT,F:\MBKM ADB ENOSE\smart-coffee-v2\scripts\..\data\medium_20260813_160059.csv
medium,collecting,8,6,1695227,12790,2906,2895,8671,10488,2891,7296,15614,11930,13461,M,Arabika Ratawali Aceh,M-RAT,F:\MBKM ADB ENOSE\smart-coffee-v2\scripts\..\data\medium_20260813_160059.csv
medium,collecting,8,7,1696227,13241,2906,2893,8670,10557,2894,7343,15755,12146,13573,M,Arabika Ratawali Aceh,M-RAT,F:\MBKM ADB ENOSE\smart-coffee-v2\scripts\..\data\medium_20260813_160059.csv
medium,collecting,8,8,1697227,13640,2907,2893,8669,10626,2891,7385,15886,12365,13679,M,Arabika Ratawali Aceh,M-RAT,F:\MBKM ADB ENOSE\smart-coffee-v2\scripts\..\data\medium_20260813_160059.csv
medium,collecting,8,9,1698228,13990,2906,2893,8668,10691,2890,7422,16010,12577,13775,M,Arabika Ratawali Aceh,M-RAT,F:\MBKM ADB ENOSE\smart-coffee-v2\scripts\..\data\medium_20260813_160059.csv
medium,collecting,8,10,1699227,14285,2905,2893,8667,10748,2895,7449,16122,12778,13848,M,Arabika Ratawali Aceh,M-RAT,F:\MBKM ADB ENOSE\smart-coffee-v2\scripts\..\data\medium_20260813_160059.csv
medium,collecting,8,11,1700228,14447,2906,2893,8666,10786,2891,7449,16199,12934,13870,M,Arabika Ratawali Aceh,M-RAT,F:\MBKM ADB ENOSE\smart-coffee-v2\scripts\..\data\medium_20260813_160059.csv
medium,collecting,8,12,1701227,14504,2910,2893,8665,10799,2891,7431,16222,13022,13871,M,Arabika Ratawali Aceh,M-RAT,F:\MBKM ADB ENOSE\smart-coffee-v2\scripts\..\data\medium_20260813_160059.csv
medium,collecting,8,13,1702227,14515,2909,2893,8664,10798,2893,7408,16222,13063,13869,M,Arabika Ratawali Aceh,M-RAT,F:\MBKM ADB ENOSE\smart-coffee-v2\scripts\..\data\medium_20260813_160059.csv
medium,collecting,8,14,1703227,14509,2909,2894,8663,10794,2890,7390,16217,13079,13869,M,Arabika Ratawali Aceh,M-RAT,F:\MBKM ADB ENOSE\smart-coffee-v2\scripts\..\data\medium_20260813_160059.csv
medium,collecting,8,15,1704227,14490,2909,2893,8662,10788,2891,7375,16213,13085,13865,M,Arabika Ratawali Aceh,M-RAT,F:\MBKM ADB ENOSE\smart-coffee-v2\scripts\..\data\medium_20260813_160059.csv
medium,collecting,8,16,1705227,14447,2906,2892,8661,10779,2890,7362,16205,13079,13853,M,Arabika Ratawali Aceh,M-RAT,F:\MBKM ADB ENOSE\smart-coffee-v2\scripts\..\data\medium_20260813_160059.csv
medium,collecting,8,17,1706227,14383,2906,2893,8660,10768,2893,7349,16190,13061,13838,M,Arabika Ratawali Aceh,M-RAT,F:\MBKM ADB ENOSE\smart-coffee-v2\scripts\..\data\medium_20260813_160059.csv
medium,collecting,8,18,1707228,14311,2905,2894,8658,10756,2894,7339,16171,13035,13823,M,Arabika Ratawali Aceh,M-RAT,F:\MBKM ADB ENOSE\smart-coffee-v2\scripts\..\data\medium_20260813_160059.csv
medium,collecting,8,19,1708227,14238,2910,2895,8658,10744,2894,7328,16153,13006,13806,M,Arabika Ratawali Aceh,M-RAT,F:\MBKM ADB ENOSE\smart-coffee-v2\scripts\..\data\medium_20260813_160059.csv
medium,collecting,8,20,1709228,14165,2906,2893,8656,10732,2894,7318,16133,12976,13788,M,Arabika Ratawali Aceh,M-RAT,F:\MBKM ADB ENOSE\smart-coffee-v2\scripts\..\data\medium_20260813_160059.csv
medium,collecting,8,21,1710227,14098,2906,2893,8655,10718,2892,7308,16115,12945,13770,M,Arabika Ratawali Aceh,M-RAT,F:\MBKM ADB ENOSE\smart-coffee-v2\scripts\..\data\medium_20260813_160059.csv
medium,collecting,8,22,1711227,14037,2906,2894,8654,10705,2894,7297,16099,12915,13754,M,Arabika Ratawali Aceh,M-RAT,F:\MBKM ADB ENOSE\smart-coffee-v2\scripts\..\data\medium_20260813_160059.csv
medium,collecting,8,23,1712227,13983,2910,2893,8652,10692,2894,7288,16084,12888,13739,M,Arabika Ratawali Aceh,M-RAT,F:\MBKM ADB ENOSE\smart-coffee-v2\scripts\..\data\medium_20260813_160059.csv
medium,collecting,8,24,1713227,13935,2905,2895,8651,10681,2893,7278,16072,12862,13725,M,Arabika Ratawali Aceh,M-RAT,F:\MBKM ADB ENOSE\smart-coffee-v2\scripts\..\data\medium_20260813_160059.csv
medium,collecting,8,25,1714228,13892,2909,2893,8650,10670,2892,7270,16060,12839,13713,M,Arabika Ratawali Aceh,M-RAT,F:\MBKM ADB ENOSE\smart-coffee-v2\scripts\..\data\medium_20260813_160059.csv
medium,collecting,8,26,1715227,13855,2906,2892,8649,10660,2894,7262,16051,12818,13704,M,Arabika Ratawali Aceh,M-RAT,F:\MBKM ADB ENOSE\smart-coffee-v2\scripts\..\data\medium_20260813_160059.csv
medium,collecting,8,27,1716228,13822,2906,2895,8647,10651,2893,7255,16043,12798,13695,M,Arabika Ratawali Aceh,M-RAT,F:\MBKM ADB ENOSE\smart-coffee-v2\scripts\..\data\medium_20260813_160059.csv
medium,collecting,8,28,1717227,13795,2909,2894,8646,10643,2892,7250,16036,12781,13687,M,Arabika Ratawali Aceh,M-RAT,F:\MBKM ADB ENOSE\smart-coffee-v2\scripts\..\data\medium_20260813_160059.csv
medium,collecting,8,29,1718227,13771,2906,2893,8645,10635,2894,7245,16031,12765,13680,M,Arabika Ratawali Aceh,M-RAT,F:\MBKM ADB ENOSE\smart-coffee-v2\scripts\..\data\medium_20260813_160059.csv
medium,collecting,8,30,1719227,13751,2907,2893,8643,10629,2894,7241,16026,12752,13674,M,Arabika Ratawali Aceh,M-RAT,F:\MBKM ADB ENOSE\smart-coffee-v2\scripts\..\data\medium_20260813_160059.csv
medium,collecting,8,31,1720227,13734,2906,2892,8642,10624,2890,7237,16021,12740,13669,M,Arabika Ratawali Aceh,M-RAT,F:\MBKM ADB ENOSE\smart-coffee-v2\scripts\..\data\medium_20260813_160059.csv
medium,collecting,8,32,1721227,13720,2906,2892,8640,10619,2893,7233,16018,12730,13664,M,Arabika Ratawali Aceh,M-RAT,F:\MBKM ADB ENOSE\smart-coffee-v2\scripts\..\data\medium_20260813_160059.csv
medium,collecting,8,33,1722227,13709,2909,2893,8639,10615,2894,7230,16015,12722,13660,M,Arabika Ratawali Aceh,M-RAT,F:\MBKM ADB ENOSE\smart-coffee-v2\scripts\..\data\medium_20260813_160059.csv
medium,collecting,8,34,1723228,13700,2905,2894,8638,10612,2894,7227,16013,12714,13657,M,Arabika Ratawali Aceh,M-RAT,F:\MBKM ADB ENOSE\smart-coffee-v2\scripts\..\data\medium_20260813_160059.csv
medium,collecting,8,35,1724227,13691,2905,2893,8636,10608,2890,7225,16011,12707,13653,M,Arabika Ratawali Aceh,M-RAT,F:\MBKM ADB ENOSE\smart-coffee-v2\scripts\..\data\medium_20260813_160059.csv
medium,collecting,8,36,1725228,13682,2906,2897,8636,10604,2895,7223,16008,12701,13649,M,Arabika Ratawali Aceh,M-RAT,F:\MBKM ADB ENOSE\smart-coffee-v2\scripts\..\data\medium_20260813_160059.csv
medium,collecting,8,37,1726227,13673,2909,2895,8634,10601,2891,7221,16006,12695,13646,M,Arabika Ratawali Aceh,M-RAT,F:\MBKM ADB ENOSE\smart-coffee-v2\scripts\..\data\medium_20260813_160059.csv
medium,collecting,8,38,1727227,13665,2905,2893,8633,10598,2894,7219,16004,12689,13642,M,Arabika Ratawali Aceh,M-RAT,F:\MBKM ADB ENOSE\smart-coffee-v2\scripts\..\data\medium_20260813_160059.csv
medium,collecting,8,39,1728227,13658,2906,2893,8631,10595,2894,7218,16002,12683,13638,M,Arabika Ratawali Aceh,M-RAT,F:\MBKM ADB ENOSE\smart-coffee-v2\scripts\..\data\medium_20260813_160059.csv
medium,collecting,8,40,1729227,13651,2907,2893,8630,10591,2892,7215,16000,12677,13634,M,Arabika Ratawali Aceh,M-RAT,F:\MBKM ADB ENOSE\smart-coffee-v2\scripts\..\data\medium_20260813_160059.csv
medium,collecting,8,41,1730228,13644,2906,2892,8629,10588,2894,7213,15997,12671,13630,M,Arabika Ratawali Aceh,M-RAT,F:\MBKM ADB ENOSE\smart-coffee-v2\scripts\..\data\medium_20260813_160059.csv
medium,collecting,8,42,1731227,13637,2906,2893,8627,10585,2890,7211,15995,12665,13626,M,Arabika Ratawali Aceh,M-RAT,F:\MBKM ADB ENOSE\smart-coffee-v2\scripts\..\data\medium_20260813_160059.csv
medium,collecting,8,43,1732228,13631,2906,2891,8626,10583,2894,7209,15993,12660,13623,M,Arabika Ratawali Aceh,M-RAT,F:\MBKM ADB ENOSE\smart-coffee-v2\scripts\..\data\medium_20260813_160059.csv
medium,collecting,8,44,1733227,13628,2911,2893,8625,10580,2894,7207,15992,12656,13620,M,Arabika Ratawali Aceh,M-RAT,F:\MBKM ADB ENOSE\smart-coffee-v2\scripts\..\data\medium_20260813_160059.csv
medium,collecting,8,45,1734227,13624,2906,2893,8623,10577,2894,7206,15990,12651,13616,M,Arabika Ratawali Aceh,M-RAT,F:\MBKM ADB ENOSE\smart-coffee-v2\scripts\..\data\medium_20260813_160059.csv
medium,collecting,8,46,1735227,13622,2904,2893,8623,10574,2891,7203,15988,12647,13613,M,Arabika Ratawali Aceh,M-RAT,F:\MBKM ADB ENOSE\smart-coffee-v2\scripts\..\data\medium_20260813_160059.csv
medium,collecting,8,47,1736227,13619,2906,2893,8621,10571,2892,7201,15987,12643,13610,M,Arabika Ratawali Aceh,M-RAT,F:\MBKM ADB ENOSE\smart-coffee-v2\scripts\..\data\medium_20260813_160059.csv
medium,collecting,8,48,1737227,13616,2906,2892,8620,10569,2894,7200,15986,12639,13608,M,Arabika Ratawali Aceh,M-RAT,F:\MBKM ADB ENOSE\smart-coffee-v2\scripts\..\data\medium_20260813_160059.csv
medium,collecting,8,49,1738227,13614,2909,2891,8618,10567,2894,7198,15986,12637,13605,M,Arabika Ratawali Aceh,M-RAT,F:\MBKM ADB ENOSE\smart-coffee-v2\scripts\..\data\medium_20260813_160059.csv
medium,collecting,8,50,1739228,13613,2906,2895,8617,10565,2894,7197,15984,12633,13603,M,Arabika Ratawali Aceh,M-RAT,F:\MBKM ADB ENOSE\smart-coffee-v2\scripts\..\data\medium_20260813_160059.csv
medium,collecting,8,51,1740227,13610,2906,2894,8616,10562,2891,7196,15983,12630,13601,M,Arabika Ratawali Aceh,M-RAT,F:\MBKM ADB ENOSE\smart-coffee-v2\scripts\..\data\medium_20260813_160059.csv
medium,collecting,8,52,1741228,13607,2907,2895,8615,10560,2894,7194,15982,12627,13598,M,Arabika Ratawali Aceh,M-RAT,F:\MBKM ADB ENOSE\smart-coffee-v2\scripts\..\data\medium_20260813_160059.csv
medium,collecting,8,53,1742227,13603,2905,2893,8614,10558,2894,7193,15980,12623,13596,M,Arabika Ratawali Aceh,M-RAT,F:\MBKM ADB ENOSE\smart-coffee-v2\scripts\..\data\medium_20260813_160059.csv
medium,collecting,8,54,1743227,13599,2906,2893,8612,10556,2891,7192,15979,12619,13594,M,Arabika Ratawali Aceh,M-RAT,F:\MBKM ADB ENOSE\smart-coffee-v2\scripts\..\data\medium_20260813_160059.csv
medium,collecting,8,55,1744227,13595,2906,2893,8611,10554,2890,7191,15977,12615,13592,M,Arabika Ratawali Aceh,M-RAT,F:\MBKM ADB ENOSE\smart-coffee-v2\scripts\..\data\medium_20260813_160059.csv
medium,collecting,8,56,1745227,13592,2906,2893,8610,10552,2890,7190,15977,12612,13590,M,Arabika Ratawali Aceh,M-RAT,F:\MBKM ADB ENOSE\smart-coffee-v2\scripts\..\data\medium_20260813_160059.csv
medium,collecting,8,57,1746228,13589,2911,2893,8609,10551,2891,7189,15976,12608,13587,M,Arabika Ratawali Aceh,M-RAT,F:\MBKM ADB ENOSE\smart-coffee-v2\scripts\..\data\medium_20260813_160059.csv
medium,collecting,8,58,1747227,13586,2909,2893,8607,10549,2891,7188,15974,12605,13585,M,Arabika Ratawali Aceh,M-RAT,F:\MBKM ADB ENOSE\smart-coffee-v2\scripts\..\data\medium_20260813_160059.csv
medium,collecting,8,59,1748228,13585,2906,2894,8607,10548,2894,7187,15973,12603,13583,M,Arabika Ratawali Aceh,M-RAT,F:\MBKM ADB ENOSE\smart-coffee-v2\scripts\..\data\medium_20260813_160059.csv
medium,collecting,8,60,1749227,13583,2906,2895,8605,10546,2894,7186,15972,12600,13582,M,Arabika Ratawali Aceh,M-RAT,F:\MBKM ADB ENOSE\smart-coffee-v2\scripts\..\data\medium_20260813_160059.csv
medium,collecting,8,61,1750227,13583,2906,2893,8604,10545,2894,7186,15972,12597,13581,M,Arabika Ratawali Aceh,M-RAT,F:\MBKM ADB ENOSE\smart-coffee-v2\scripts\..\data\medium_20260813_160059.csv
medium,collecting,8,62,1751227,13581,2911,2891,8603,10544,2890,7186,15971,12596,13579,M,Arabika Ratawali Aceh,M-RAT,F:\MBKM ADB ENOSE\smart-coffee-v2\scripts\..\data\medium_20260813_160059.csv
medium,collecting,8,63,1752227,13579,2906,2897,8602,10542,2890,7186,15971,12594,13578,M,Arabika Ratawali Aceh,M-RAT,F:\MBKM ADB ENOSE\smart-coffee-v2\scripts\..\data\medium_20260813_160059.csv
medium,collecting,8,64,1753227,13577,2907,2893,8601,10541,2893,7185,15970,12592,13576,M,Arabika Ratawali Aceh,M-RAT,F:\MBKM ADB ENOSE\smart-coffee-v2\scripts\..\data\medium_20260813_160059.csv
medium,collecting,8,65,1754227,13576,2908,2893,8599,10539,2894,7184,15970,12590,13575,M,Arabika Ratawali Aceh,M-RAT,F:\MBKM ADB ENOSE\smart-coffee-v2\scripts\..\data\medium_20260813_160059.csv
medium,collecting,8,66,1755228,13575,2909,2893,8598,10538,2894,7184,15970,12589,13573,M,Arabika Ratawali Aceh,M-RAT,F:\MBKM ADB ENOSE\smart-coffee-v2\scripts\..\data\medium_20260813_160059.csv
medium,collecting,8,67,1756227,13574,2906,2895,8597,10537,2893,7183,15969,12587,13571,M,Arabika Ratawali Aceh,M-RAT,F:\MBKM ADB ENOSE\smart-coffee-v2\scripts\..\data\medium_20260813_160059.csv
medium,collecting,8,68,1757228,13570,2906,2893,8595,10535,2894,7183,15967,12585,13569,M,Arabika Ratawali Aceh,M-RAT,F:\MBKM ADB ENOSE\smart-coffee-v2\scripts\..\data\medium_20260813_160059.csv
medium,collecting,8,69,1758227,13568,2907,2895,8594,10534,2894,7182,15966,12583,13568,M,Arabika Ratawali Aceh,M-RAT,F:\MBKM ADB ENOSE\smart-coffee-v2\scripts\..\data\medium_20260813_160059.csv
medium,collecting,8,70,1759227,13566,2906,2892,8593,10532,2892,7181,15965,12581,13565,M,Arabika Ratawali Aceh,M-RAT,F:\MBKM ADB ENOSE\smart-coffee-v2\scripts\..\data\medium_20260813_160059.csv
medium,collecting,8,71,1760227,13562,2906,2895,8591,10531,2892,7180,15964,12578,13563,M,Arabika Ratawali Aceh,M-RAT,F:\MBKM ADB ENOSE\smart-coffee-v2\scripts\..\data\medium_20260813_160059.csv
medium,collecting,8,72,1761227,13560,2910,2893,8590,10529,2894,7179,15963,12575,13561,M,Arabika Ratawali Aceh,M-RAT,F:\MBKM ADB ENOSE\smart-coffee-v2\scripts\..\data\medium_20260813_160059.csv
medium,collecting,8,73,1762228,13557,2908,2897,8589,10527,2894,7178,15962,12573,13559,M,Arabika Ratawali Aceh,M-RAT,F:\MBKM ADB ENOSE\smart-coffee-v2\scripts\..\data\medium_20260813_160059.csv
medium,collecting,8,74,1763227,13553,2906,2895,8588,10526,2892,7177,15960,12570,13556,M,Arabika Ratawali Aceh,M-RAT,F:\MBKM ADB ENOSE\smart-coffee-v2\scripts\..\data\medium_20260813_160059.csv
medium,collecting,8,75,1764228,13551,2907,2893,8587,10525,2892,7176,15958,12567,13553,M,Arabika Ratawali Aceh,M-RAT,F:\MBKM ADB ENOSE\smart-coffee-v2\scripts\..\data\medium_20260813_160059.csv
medium,collecting,8,76,1765227,13550,2908,2893,8586,10524,2894,7174,15957,12566,13552,M,Arabika Ratawali Aceh,M-RAT,F:\MBKM ADB ENOSE\smart-coffee-v2\scripts\..\data\medium_20260813_160059.csv
medium,collecting,8,77,1766227,13550,2906,2894,8585,10523,2894,7173,15955,12565,13549,M,Arabika Ratawali Aceh,M-RAT,F:\MBKM ADB ENOSE\smart-coffee-v2\scripts\..\data\medium_20260813_160059.csv
medium,collecting,8,78,1767227,13549,2905,2894,8584,10521,2894,7172,15954,12563,13547,M,Arabika Ratawali Aceh,M-RAT,F:\MBKM ADB ENOSE\smart-coffee-v2\scripts\..\data\medium_20260813_160059.csv
medium,collecting,8,79,1768227,13548,2906,2893,8583,10519,2891,7171,15954,12562,13545,M,Arabika Ratawali Aceh,M-RAT,F:\MBKM ADB ENOSE\smart-coffee-v2\scripts\..\data\medium_20260813_160059.csv
medium,collecting,8,80,1769227,13546,2905,2895,8581,10518,2891,7170,15952,12561,13543,M,Arabika Ratawali Aceh,M-RAT,F:\MBKM ADB ENOSE\smart-coffee-v2\scripts\..\data\medium_20260813_160059.csv
medium,collecting,8,81,1770227,13545,2904,2893,8581,10516,2892,7168,15951,12559,13541,M,Arabika Ratawali Aceh,M-RAT,F:\MBKM ADB ENOSE\smart-coffee-v2\scripts\..\data\medium_20260813_160059.csv
medium,collecting,8,82,1771228,13544,2905,2891,8579,10514,2890,7166,15948,12557,13537,M,Arabika Ratawali Aceh,M-RAT,F:\MBKM ADB ENOSE\smart-coffee-v2\scripts\..\data\medium_20260813_160059.csv
medium,collecting,8,83,1772227,13542,2909,2893,8578,10512,2894,7164,15947,12554,13534,M,Arabika Ratawali Aceh,M-RAT,F:\MBKM ADB ENOSE\smart-coffee-v2\scripts\..\data\medium_20260813_160059.csv
medium,collecting,8,84,1773228,13541,2909,2895,8577,10509,2894,7162,15945,12551,13531,M,Arabika Ratawali Aceh,M-RAT,F:\MBKM ADB ENOSE\smart-coffee-v2\scripts\..\data\medium_20260813_160059.csv
medium,collecting,8,85,1774227,13541,2906,2893,8575,10506,2890,7159,15944,12548,13529,M,Arabika Ratawali Aceh,M-RAT,F:\MBKM ADB ENOSE\smart-coffee-v2\scripts\..\data\medium_20260813_160059.csv
medium,collecting,8,86,1775227,13540,2906,2894,8575,10504,2892,7158,15942,12544,13525,M,Arabika Ratawali Aceh,M-RAT,F:\MBKM ADB ENOSE\smart-coffee-v2\scripts\..\data\medium_20260813_160059.csv
medium,collecting,8,87,1776227,13538,2905,2892,8573,10501,2894,7156,15941,12541,13523,M,Arabika Ratawali Aceh,M-RAT,F:\MBKM ADB ENOSE\smart-coffee-v2\scripts\..\data\medium_20260813_160059.csv
medium,collecting,8,88,1777227,13537,2907,2891,8572,10499,2891,7154,15939,12538,13520,M,Arabika Ratawali Aceh,M-RAT,F:\MBKM ADB ENOSE\smart-coffee-v2\scripts\..\data\medium_20260813_160059.csv
medium,collecting,8,89,1778228,13534,2911,2892,8571,10496,2894,7152,15937,12535,13517,M,Arabika Ratawali Aceh,M-RAT,F:\MBKM ADB ENOSE\smart-coffee-v2\scripts\..\data\medium_20260813_160059.csv
medium,collecting,8,90,1779227,13530,2906,2893,8570,10493,2890,7150,15935,12531,13514,M,Arabika Ratawali Aceh,M-RAT,F:\MBKM ADB ENOSE\smart-coffee-v2\scripts\..\data\medium_20260813_160059.csv
medium,collecting,8,91,1780228,13526,2907,2893,8569,10491,2894,7149,15933,12527,13511,M,Arabika Ratawali Aceh,M-RAT,F:\MBKM ADB ENOSE\smart-coffee-v2\scripts\..\data\medium_20260813_160059.csv
medium,collecting,8,92,1781227,13523,2909,2893,8568,10489,2894,7148,15932,12523,13508,M,Arabika Ratawali Aceh,M-RAT,F:\MBKM ADB ENOSE\smart-coffee-v2\scripts\..\data\medium_20260813_160059.csv
medium,collecting,8,93,1782227,13520,2906,2895,8566,10487,2893,7147,15930,12519,13506,M,Arabika Ratawali Aceh,M-RAT,F:\MBKM ADB ENOSE\smart-coffee-v2\scripts\..\data\medium_20260813_160059.csv
medium,collecting,8,94,1783227,13515,2906,2895,8565,10485,2893,7146,15929,12516,13503,M,Arabika Ratawali Aceh,M-RAT,F:\MBKM ADB ENOSE\smart-coffee-v2\scripts\..\data\medium_20260813_160059.csv
medium,collecting,8,95,1784227,13513,2907,2891,8563,10482,2894,7145,15928,12512,13503,M,Arabika Ratawali Aceh,M-RAT,F:\MBKM ADB ENOSE\smart-coffee-v2\scripts\..\data\medium_20260813_160059.csv
medium,collecting,8,96,1785227,13512,2906,2893,8562,10481,2892,7146,15928,12510,13502,M,Arabika Ratawali Aceh,M-RAT,F:\MBKM ADB ENOSE\smart-coffee-v2\scripts\..\data\medium_20260813_160059.csv
medium,collecting,8,97,1786227,13511,2908,2893,8561,10482,2891,7147,15928,12510,13503,M,Arabika Ratawali Aceh,M-RAT,F:\MBKM ADB ENOSE\smart-coffee-v2\scripts\..\data\medium_20260813_160059.csv
medium,collecting,8,98,1787228,13509,2906,2894,8559,10482,2894,7148,15928,12509,13504,M,Arabika Ratawali Aceh,M-RAT,F:\MBKM ADB ENOSE\smart-coffee-v2\scripts\..\data\medium_20260813_160059.csv
medium,collecting,8,99,1788227,13508,2907,2893,8558,10483,2893,7149,15929,12511,13504,M,Arabika Ratawali Aceh,M-RAT,F:\MBKM ADB ENOSE\smart-coffee-v2\scripts\..\data\medium_20260813_160059.csv
medium,collecting,8,100,1789228,13507,2909,2894,8556,10483,2894,7151,15928,12512,13504,M,Arabika Ratawali Aceh,M-RAT,F:\MBKM ADB ENOSE\smart-coffee-v2\scripts\..\data\medium_20260813_160059.csv
medium,collecting,8,101,1790227,13506,2909,2893,8556,10484,2894,7151,15928,12513,13505,M,Arabika Ratawali Aceh,M-RAT,F:\MBKM ADB ENOSE\smart-coffee-v2\scripts\..\data\medium_20260813_160059.csv
medium,collecting,8,102,1791227,13504,2907,2896,8554,10485,2890,7152,15928,12514,13504,M,Arabika Ratawali Aceh,M-RAT,F:\MBKM ADB ENOSE\smart-coffee-v2\scripts\..\data\medium_20260813_160059.csv
medium,collecting,8,103,1792227,13504,2909,2893,8553,10486,2895,7153,15928,12514,13504,M,Arabika Ratawali Aceh,M-RAT,F:\MBKM ADB ENOSE\smart-coffee-v2\scripts\..\data\medium_20260813_160059.csv
medium,collecting,8,104,1793227,13504,2911,2893,8552,10486,2892,7154,15927,12514,13505,M,Arabika Ratawali Aceh,M-RAT,F:\MBKM ADB ENOSE\smart-coffee-v2\scripts\..\data\medium_20260813_160059.csv
medium,collecting,8,105,1794228,13504,2908,2893,8550,10486,2891,7154,15927,12513,13504,M,Arabika Ratawali Aceh,M-RAT,F:\MBKM ADB ENOSE\smart-coffee-v2\scripts\..\data\medium_20260813_160059.csv
medium,collecting,8,106,1795227,13505,2907,2893,8549,10487,2893,7154,15926,12514,13504,M,Arabika Ratawali Aceh,M-RAT,F:\MBKM ADB ENOSE\smart-coffee-v2\scripts\..\data\medium_20260813_160059.csv
medium,collecting,8,107,1796228,13504,2911,2895,8548,10487,2894,7154,15926,12514,13503,M,Arabika Ratawali Aceh,M-RAT,F:\MBKM ADB ENOSE\smart-coffee-v2\scripts\..\data\medium_20260813_160059.csv
medium,collecting,8,108,1797227,13503,2908,2893,8547,10486,2893,7154,15926,12513,13503,M,Arabika Ratawali Aceh,M-RAT,F:\MBKM ADB ENOSE\smart-coffee-v2\scripts\..\data\medium_20260813_160059.csv
medium,collecting,8,109,1798227,13504,2907,2893,8546,10485,2890,7154,15925,12512,13502,M,Arabika Ratawali Aceh,M-RAT,F:\MBKM ADB ENOSE\smart-coffee-v2\scripts\..\data\medium_20260813_160059.csv
medium,collecting,8,110,1799227,13506,2906,2895,8544,10484,2895,7153,15925,12511,13502,M,Arabika Ratawali Aceh,M-RAT,F:\MBKM ADB ENOSE\smart-coffee-v2\scripts\..\data\medium_20260813_160059.csv
medium,collecting,8,111,1800227,13507,2910,2893,8543,10484,2890,7154,15925,12511,13502,M,Arabika Ratawali Aceh,M-RAT,F:\MBKM ADB ENOSE\smart-coffee-v2\scripts\..\data\medium_20260813_160059.csv
medium,collecting,8,112,1801227,13508,2906,2895,8542,10483,2890,7153,15926,12511,13501,M,Arabika Ratawali Aceh,M-RAT,F:\MBKM ADB ENOSE\smart-coffee-v2\scripts\..\data\medium_20260813_160059.csv
medium,collecting,8,113,1802227,13509,2907,2893,8541,10484,2894,7153,15925,12512,13501,M,Arabika Ratawali Aceh,M-RAT,F:\MBKM ADB ENOSE\smart-coffee-v2\scripts\..\data\medium_20260813_160059.csv
medium,collecting,8,114,1803228,13510,2911,2893,8540,10483,2891,7153,15925,12513,13500,M,Arabika Ratawali Aceh,M-RAT,F:\MBKM ADB ENOSE\smart-coffee-v2\scripts\..\data\medium_20260813_160059.csv
medium,collecting,8,115,1804227,13511,2910,2892,8539,10483,2890,7153,15926,12513,13500,M,Arabika Ratawali Aceh,M-RAT,F:\MBKM ADB ENOSE\smart-coffee-v2\scripts\..\data\medium_20260813_160059.csv
medium,collecting,8,116,1805228,13514,2908,2895,8537,10483,2894,7152,15925,12513,13500,M,Arabika Ratawali Aceh,M-RAT,F:\MBKM ADB ENOSE\smart-coffee-v2\scripts\..\data\medium_20260813_160059.csv
medium,collecting,8,117,1806227,13514,2909,2893,8536,10482,2891,7152,15925,12513,13500,M,Arabika Ratawali Aceh,M-RAT,F:\MBKM ADB ENOSE\smart-coffee-v2\scripts\..\data\medium_20260813_160059.csv
medium,collecting,8,118,1807227,13514,2909,2891,8535,10482,2891,7153,15925,12513,13500,M,Arabika Ratawali Aceh,M-RAT,F:\MBKM ADB ENOSE\smart-coffee-v2\scripts\..\data\medium_20260813_160059.csv
medium,collecting,8,119,1808227,13516,2906,2897,8534,10482,2892,7152,15926,12513,13501,M,Arabika Ratawali Aceh,M-RAT,F:\MBKM ADB ENOSE\smart-coffee-v2\scripts\..\data\medium_20260813_160059.csv
medium,collecting,8,120,1809227,13518,2907,2893,8533,10483,2894,7153,15926,12514,13502,M,Arabika Ratawali Aceh,M-RAT,F:\MBKM ADB ENOSE\smart-coffee-v2\scripts\..\data\medium_20260813_160059.csv
medium,collecting,8,121,1810228,13519,2906,2892,8532,10484,2891,7154,15927,12516,13503,M,Arabika Ratawali Aceh,M-RAT,F:\MBKM ADB ENOSE\smart-coffee-v2\scripts\..\data\medium_20260813_160059.csv
medium,collecting,8,122,1811227,13520,2907,2891,8530,10485,2894,7155,15928,12518,13504,M,Arabika Ratawali Aceh,M-RAT,F:\MBKM ADB ENOSE\smart-coffee-v2\scripts\..\data\medium_20260813_160059.csv
medium,collecting,8,123,1812228,13521,2906,2893,8529,10486,2892,7155,15928,12520,13504,M,Arabika Ratawali Aceh,M-RAT,F:\MBKM ADB ENOSE\smart-coffee-v2\scripts\..\data\medium_20260813_160059.csv
medium,collecting,8,124,1813227,13524,2912,2893,8529,10486,2890,7155,15928,12521,13504,M,Arabika Ratawali Aceh,M-RAT,F:\MBKM ADB ENOSE\smart-coffee-v2\scripts\..\data\medium_20260813_160059.csv
medium,collecting,8,125,1814227,13525,2908,2895,8527,10486,2891,7155,15929,12522,13503,M,Arabika Ratawali Aceh,M-RAT,F:\MBKM ADB ENOSE\smart-coffee-v2\scripts\..\data\medium_20260813_160059.csv
medium,collecting,8,126,1815227,13526,2907,2895,8526,10486,2894,7155,15929,12522,13502,M,Arabika Ratawali Aceh,M-RAT,F:\MBKM ADB ENOSE\smart-coffee-v2\scripts\..\data\medium_20260813_160059.csv
medium,collecting,8,127,1816227,13526,2908,2895,8525,10484,2891,7154,15929,12523,13502,M,Arabika Ratawali Aceh,M-RAT,F:\MBKM ADB ENOSE\smart-coffee-v2\scripts\..\data\medium_20260813_160059.csv
medium,collecting,8,128,1817227,13527,2907,2893,8523,10483,2891,7153,15928,12523,13501,M,Arabika Ratawali Aceh,M-RAT,F:\MBKM ADB ENOSE\smart-coffee-v2\scripts\..\data\medium_20260813_160059.csv
medium,collecting,8,129,1818227,13529,2906,2893,8523,10483,2890,7153,15928,12522,13500,M,Arabika Ratawali Aceh,M-RAT,F:\MBKM ADB ENOSE\smart-coffee-v2\scripts\..\data\medium_20260813_160059.csv
medium,collecting,8,130,1819228,13531,2912,2895,8521,10481,2894,7151,15927,12521,13499,M,Arabika Ratawali Aceh,M-RAT,F:\MBKM ADB ENOSE\smart-coffee-v2\scripts\..\data\medium_20260813_160059.csv
medium,collecting,8,131,1820227,13533,2907,2893,8520,10480,2891,7150,15927,12520,13497,M,Arabika Ratawali Aceh,M-RAT,F:\MBKM ADB ENOSE\smart-coffee-v2\scripts\..\data\medium_20260813_160059.csv
medium,collecting,8,132,1821228,13537,2912,2893,8519,10479,2894,7149,15927,12519,13496,M,Arabika Ratawali Aceh,M-RAT,F:\MBKM ADB ENOSE\smart-coffee-v2\scripts\..\data\medium_20260813_160059.csv
medium,collecting,8,133,1822227,13540,2907,2893,8517,10477,2891,7148,15927,12518,13495,M,Arabika Ratawali Aceh,M-RAT,F:\MBKM ADB ENOSE\smart-coffee-v2\scripts\..\data\medium_20260813_160059.csv
medium,collecting,8,134,1823227,13542,2906,2893,8516,10476,2894,7146,15926,12517,13494,M,Arabika Ratawali Aceh,M-RAT,F:\MBKM ADB ENOSE\smart-coffee-v2\scripts\..\data\medium_20260813_160059.csv
medium,collecting,8,135,1824227,13544,2906,2893,8515,10475,2892,7145,15927,12517,13494,M,Arabika Ratawali Aceh,M-RAT,F:\MBKM ADB ENOSE\smart-coffee-v2\scripts\..\data\medium_20260813_160059.csv
medium,collecting,8,136,1825227,13544,2908,2893,8514,10476,2894,7146,15928,12518,13496,M,Arabika Ratawali Aceh,M-RAT,F:\MBKM ADB ENOSE\smart-coffee-v2\scripts\..\data\medium_20260813_160059.csv
medium,collecting,8,137,1826228,13544,2906,2895,8513,10477,2894,7147,15929,12520,13499,M,Arabika Ratawali Aceh,M-RAT,F:\MBKM ADB ENOSE\smart-coffee-v2\scripts\..\data\medium_20260813_160059.csv
medium,collecting,8,138,1827227,13544,2906,2893,8511,10480,2892,7150,15930,12522,13502,M,Arabika Ratawali Aceh,M-RAT,F:\MBKM ADB ENOSE\smart-coffee-v2\scripts\..\data\medium_20260813_160059.csv
medium,collecting,8,139,1828228,13544,2909,2892,8510,10482,2892,7152,15931,12526,13503,M,Arabika Ratawali Aceh,M-RAT,F:\MBKM ADB ENOSE\smart-coffee-v2\scripts\..\data\medium_20260813_160059.csv
medium,collecting,8,140,1829227,13545,2910,2893,8510,10484,2892,7154,15933,12529,13505,M,Arabika Ratawali Aceh,M-RAT,F:\MBKM ADB ENOSE\smart-coffee-v2\scripts\..\data\medium_20260813_160059.csv
medium,collecting,8,141,1830227,13545,2911,2894,8509,10486,2893,7155,15933,12531,13505,M,Arabika Ratawali Aceh,M-RAT,F:\MBKM ADB ENOSE\smart-coffee-v2\scripts\..\data\medium_20260813_160059.csv
medium,collecting,8,142,1831227,13545,2908,2893,8508,10486,2893,7156,15933,12532,13505,M,Arabika Ratawali Aceh,M-RAT,F:\MBKM ADB ENOSE\smart-coffee-v2\scripts\..\data\medium_20260813_160059.csv
medium,collecting,8,143,1832227,13545,2911,2893,8507,10487,2894,7155,15933,12533,13506,M,Arabika Ratawali Aceh,M-RAT,F:\MBKM ADB ENOSE\smart-coffee-v2\scripts\..\data\medium_20260813_160059.csv
medium,collecting,8,144,1833227,13545,2909,2893,8506,10487,2893,7156,15933,12534,13507,M,Arabika Ratawali Aceh,M-RAT,F:\MBKM ADB ENOSE\smart-coffee-v2\scripts\..\data\medium_20260813_160059.csv
medium,collecting,8,145,1834227,13544,2907,2893,8505,10489,2892,7157,15933,12537,13507,M,Arabika Ratawali Aceh,M-RAT,F:\MBKM ADB ENOSE\smart-coffee-v2\scripts\..\data\medium_20260813_160059.csv
medium,collecting,8,146,1835228,13543,2908,2893,8504,10489,2890,7157,15934,12538,13507,M,Arabika Ratawali Aceh,M-RAT,F:\MBKM ADB ENOSE\smart-coffee-v2\scripts\..\data\medium_20260813_160059.csv
medium,collecting,8,147,1836227,13542,2908,2894,8502,10489,2892,7158,15934,12538,13506,M,Arabika Ratawali Aceh,M-RAT,F:\MBKM ADB ENOSE\smart-coffee-v2\scripts\..\data\medium_20260813_160059.csv
medium,collecting,8,148,1837228,13541,2907,2893,8501,10489,2894,7157,15932,12537,13505,M,Arabika Ratawali Aceh,M-RAT,F:\MBKM ADB ENOSE\smart-coffee-v2\scripts\..\data\medium_20260813_160059.csv
medium,collecting,8,149,1838227,13542,2907,2893,8500,10487,2894,7156,15931,12537,13503,M,Arabika Ratawali Aceh,M-RAT,F:\MBKM ADB ENOSE\smart-coffee-v2\scripts\..\data\medium_20260813_160059.csv
medium,collecting,8,150,1839227,13544,2910,2893,8499,10485,2892,7155,15930,12536,13501,M,Arabika Ratawali Aceh,M-RAT,F:\MBKM ADB ENOSE\smart-coffee-v2\scripts\..\data\medium_20260813_160059.csv
medium,collecting,8,151,1840227,13544,2906,2893,8498,10483,2894,7152,15929,12533,13498,M,Arabika Ratawali Aceh,M-RAT,F:\MBKM ADB ENOSE\smart-coffee-v2\scripts\..\data\medium_20260813_160059.csv
medium,collecting,8,152,1841227,13544,2907,2895,8497,10481,2894,7150,15927,12531,13495,M,Arabika Ratawali Aceh,M-RAT,F:\MBKM ADB ENOSE\smart-coffee-v2\scripts\..\data\medium_20260813_160059.csv
medium,collecting,8,153,1842228,13543,2906,2892,8496,10478,2891,7147,15925,12528,13492,M,Arabika Ratawali Aceh,M-RAT,F:\MBKM ADB ENOSE\smart-coffee-v2\scripts\..\data\medium_20260813_160059.csv
medium,collecting,8,154,1843227,13543,2909,2892,8494,10475,2894,7144,15924,12525,13489,M,Arabika Ratawali Aceh,M-RAT,F:\MBKM ADB ENOSE\smart-coffee-v2\scripts\..\data\medium_20260813_160059.csv
medium,collecting,8,155,1844228,13542,2906,2893,8493,10472,2895,7142,15922,12522,13486,M,Arabika Ratawali Aceh,M-RAT,F:\MBKM ADB ENOSE\smart-coffee-v2\scripts\..\data\medium_20260813_160059.csv
medium,collecting,8,156,1845227,13542,2908,2897,8492,10468,2893,7140,15920,12518,13483,M,Arabika Ratawali Aceh,M-RAT,F:\MBKM ADB ENOSE\smart-coffee-v2\scripts\..\data\medium_20260813_160059.csv
medium,collecting,8,157,1846227,13540,2907,2893,8491,10467,2894,7138,15919,12515,13482,M,Arabika Ratawali Aceh,M-RAT,F:\MBKM ADB ENOSE\smart-coffee-v2\scripts\..\data\medium_20260813_160059.csv
medium,collecting,8,158,1847227,13541,2907,2894,8489,10464,2890,7136,15919,12513,13480,M,Arabika Ratawali Aceh,M-RAT,F:\MBKM ADB ENOSE\smart-coffee-v2\scripts\..\data\medium_20260813_160059.csv
medium,collecting,8,159,1848227,13541,2911,2896,8488,10462,2894,7135,15919,12510,13478,M,Arabika Ratawali Aceh,M-RAT,F:\MBKM ADB ENOSE\smart-coffee-v2\scripts\..\data\medium_20260813_160059.csv
medium,collecting,8,160,1849227,13540,2908,2895,8487,10460,2894,7133,15917,12507,13476,M,Arabika Ratawali Aceh,M-RAT,F:\MBKM ADB ENOSE\smart-coffee-v2\scripts\..\data\medium_20260813_160059.csv
medium,collecting,8,161,1850227,13540,2907,2893,8486,10458,2894,7131,15917,12504,13473,M,Arabika Ratawali Aceh,M-RAT,F:\MBKM ADB ENOSE\smart-coffee-v2\scripts\..\data\medium_20260813_160059.csv
medium,collecting,8,162,1851228,13540,2908,2893,8485,10455,2894,7130,15915,12501,13470,M,Arabika Ratawali Aceh,M-RAT,F:\MBKM ADB ENOSE\smart-coffee-v2\scripts\..\data\medium_20260813_160059.csv
medium,collecting,8,163,1852227,13540,2911,2893,8484,10453,2894,7128,15913,12498,13468,M,Arabika Ratawali Aceh,M-RAT,F:\MBKM ADB ENOSE\smart-coffee-v2\scripts\..\data\medium_20260813_160059.csv
medium,collecting,8,164,1853228,13541,2907,2893,8482,10450,2891,7126,15912,12495,13465,M,Arabika Ratawali Aceh,M-RAT,F:\MBKM ADB ENOSE\smart-coffee-v2\scripts\..\data\medium_20260813_160059.csv
medium,collecting,8,165,1854227,13542,2907,2893,8481,10447,2891,7124,15911,12492,13462,M,Arabika Ratawali Aceh,M-RAT,F:\MBKM ADB ENOSE\smart-coffee-v2\scripts\..\data\medium_20260813_160059.csv
medium,collecting,8,166,1855227,13543,2906,2893,8479,10445,2891,7122,15910,12488,13460,M,Arabika Ratawali Aceh,M-RAT,F:\MBKM ADB ENOSE\smart-coffee-v2\scripts\..\data\medium_20260813_160059.csv
medium,collecting,8,167,1856227,13544,2908,2892,8478,10442,2890,7120,15908,12485,13457,M,Arabika Ratawali Aceh,M-RAT,F:\MBKM ADB ENOSE\smart-coffee-v2\scripts\..\data\medium_20260813_160059.csv
medium,collecting,8,168,1857227,13544,2907,2893,8476,10440,2891,7118,15907,12482,13454,M,Arabika Ratawali Aceh,M-RAT,F:\MBKM ADB ENOSE\smart-coffee-v2\scripts\..\data\medium_20260813_160059.csv
medium,collecting,8,169,1858228,13545,2908,2893,8475,10437,2894,7116,15906,12480,13453,M,Arabika Ratawali Aceh,M-RAT,F:\MBKM ADB ENOSE\smart-coffee-v2\scripts\..\data\medium_20260813_160059.csv
medium,collecting,8,170,1859227,13545,2908,2893,8474,10435,2891,7115,15905,12477,13450,M,Arabika Ratawali Aceh,M-RAT,F:\MBKM ADB ENOSE\smart-coffee-v2\scripts\..\data\medium_20260813_160059.csv
medium,collecting,8,171,1860228,13546,2907,2893,8473,10433,2893,7114,15905,12474,13449,M,Arabika Ratawali Aceh,M-RAT,F:\MBKM ADB ENOSE\smart-coffee-v2\scripts\..\data\medium_20260813_160059.csv
medium,collecting,8,172,1861227,13546,2907,2893,8471,10431,2891,7112,15904,12472,13447,M,Arabika Ratawali Aceh,M-RAT,F:\MBKM ADB ENOSE\smart-coffee-v2\scripts\..\data\medium_20260813_160059.csv
medium,collecting,8,173,1862227,13547,2910,2893,8470,10430,2894,7112,15904,12470,13446,M,Arabika Ratawali Aceh,M-RAT,F:\MBKM ADB ENOSE\smart-coffee-v2\scripts\..\data\medium_20260813_160059.csv
medium,collecting,8,174,1863227,13547,2907,2894,8468,10429,2896,7111,15904,12469,13445,M,Arabika Ratawali Aceh,M-RAT,F:\MBKM ADB ENOSE\smart-coffee-v2\scripts\..\data\medium_20260813_160059.csv
medium,collecting,8,175,1864227,13549,2911,2893,8467,10429,2891,7111,15904,12469,13445,M,Arabika Ratawali Aceh,M-RAT,F:\MBKM ADB ENOSE\smart-coffee-v2\scripts\..\data\medium_20260813_160059.csv
medium,collecting,8,176,1865227,13549,2911,2893,8466,10428,2891,7110,15904,12469,13444,M,Arabika Ratawali Aceh,M-RAT,F:\MBKM ADB ENOSE\smart-coffee-v2\scripts\..\data\medium_20260813_160059.csv
medium,collecting,8,177,1866227,13549,2912,2892,8465,10428,2895,7111,15904,12468,13444,M,Arabika Ratawali Aceh,M-RAT,F:\MBKM ADB ENOSE\smart-coffee-v2\scripts\..\data\medium_20260813_160059.csv
medium,collecting,8,178,1867228,13549,2907,2893,8464,10428,2894,7110,15904,12469,13443,M,Arabika Ratawali Aceh,M-RAT,F:\MBKM ADB ENOSE\smart-coffee-v2\scripts\..\data\medium_20260813_160059.csv
medium,collecting,8,179,1868227,13548,2911,2892,8462,10427,2894,7110,15904,12468,13443,M,Arabika Ratawali Aceh,M-RAT,F:\MBKM ADB ENOSE\smart-coffee-v2\scripts\..\data\medium_20260813_160059.csv
medium,collecting,8,180,1869228,13548,2908,2893,8461,10427,2894,7110,15904,12466,13443,M,Arabika Ratawali Aceh,M-RAT,F:\MBKM ADB ENOSE\smart-coffee-v2\scripts\..\data\medium_20260813_160059.csv
medium,purging,8,1,1870230,13548,2910,2893,8460,10426,2895,7110,15904,12467,13443,M,Arabika Ratawali Aceh,M-RAT,F:\MBKM ADB ENOSE\smart-coffee-v2\scripts\..\data\medium_20260813_160059.csv
medium,purging,8,2,1871227,13549,2910,2897,8459,10426,2894,7111,15904,12466,13443,M,Arabika Ratawali Aceh,M-RAT,F:\MBKM ADB ENOSE\smart-coffee-v2\scripts\..\data\medium_20260813_160059.csv
medium,purging,8,3,1872227,13551,2912,2895,8458,10427,2892,7111,15905,12467,13444,M,Arabika Ratawali Aceh,M-RAT,F:\MBKM ADB ENOSE\smart-coffee-v2\scripts\..\data\medium_20260813_160059.csv
medium,purging,8,4,1873227,13552,2907,2892,8457,10428,2891,7113,15905,12468,13445,M,Arabika Ratawali Aceh,M-RAT,F:\MBKM ADB ENOSE\smart-coffee-v2\scripts\..\data\medium_20260813_160059.csv
medium,purging,8,5,1874228,13553,2908,2895,8456,10429,2890,7114,15907,12471,13447,M,Arabika Ratawali Aceh,M-RAT,F:\MBKM ADB ENOSE\smart-coffee-v2\scripts\..\data\medium_20260813_160059.csv
medium,purging,8,6,1875227,13553,2907,2893,8455,10431,2892,7116,15908,12474,13449,M,Arabika Ratawali Aceh,M-RAT,F:\MBKM ADB ENOSE\smart-coffee-v2\scripts\..\data\medium_20260813_160059.csv
medium,purging,8,7,1876228,13553,2908,2893,8454,10433,2894,7117,15909,12476,13451,M,Arabika Ratawali Aceh,M-RAT,F:\MBKM ADB ENOSE\smart-coffee-v2\scripts\..\data\medium_20260813_160059.csv
medium,purging,8,8,1877227,13553,2911,2893,8453,10435,2895,7119,15910,12478,13452,M,Arabika Ratawali Aceh,M-RAT,F:\MBKM ADB ENOSE\smart-coffee-v2\scripts\..\data\medium_20260813_160059.csv
medium,purging,8,9,1878227,13553,2907,2893,8451,10437,2891,7120,15911,12481,13453,M,Arabika Ratawali Aceh,M-RAT,F:\MBKM ADB ENOSE\smart-coffee-v2\scripts\..\data\medium_20260813_160059.csv
medium,purging,8,10,1879227,13552,2907,2895,8451,10438,2891,7122,15911,12483,13455,M,Arabika Ratawali Aceh,M-RAT,F:\MBKM ADB ENOSE\smart-coffee-v2\scripts\..\data\medium_20260813_160059.csv
medium,purging,8,11,1880227,13551,2908,2892,8450,10440,2892,7123,15912,12485,13456,M,Arabika Ratawali Aceh,M-RAT,F:\MBKM ADB ENOSE\smart-coffee-v2\scripts\..\data\medium_20260813_160059.csv
medium,purging,8,12,1881227,13552,2912,2895,8449,10440,2895,7124,15912,12486,13456,M,Arabika Ratawali Aceh,M-RAT,F:\MBKM ADB ENOSE\smart-coffee-v2\scripts\..\data\medium_20260813_160059.csv
medium,purging,8,13,1882227,13551,2907,2893,8448,10441,2891,7124,15912,12487,13455,M,Arabika Ratawali Aceh,M-RAT,F:\MBKM ADB ENOSE\smart-coffee-v2\scripts\..\data\medium_20260813_160059.csv
medium,purging,8,14,1883228,13551,2911,2893,8446,10440,2891,7124,15911,12487,13455,M,Arabika Ratawali Aceh,M-RAT,F:\MBKM ADB ENOSE\smart-coffee-v2\scripts\..\data\medium_20260813_160059.csv
medium,purging,8,15,1884227,13550,2911,2893,8446,10440,2891,7124,15911,12486,13455,M,Arabika Ratawali Aceh,M-RAT,F:\MBKM ADB ENOSE\smart-coffee-v2\scripts\..\data\medium_20260813_160059.csv
medium,purging,8,16,1885228,13548,2907,2894,8445,10439,2891,7123,15910,12484,13454,M,Arabika Ratawali Aceh,M-RAT,F:\MBKM ADB ENOSE\smart-coffee-v2\scripts\..\data\medium_20260813_160059.csv
medium,purging,8,17,1886227,13546,2906,2893,8443,10438,2890,7123,15909,12483,13453,M,Arabika Ratawali Aceh,M-RAT,F:\MBKM ADB ENOSE\smart-coffee-v2\scripts\..\data\medium_20260813_160059.csv
medium,purging,8,18,1887227,13543,2907,2893,8442,10437,2892,7122,15907,12482,13451,M,Arabika Ratawali Aceh,M-RAT,F:\MBKM ADB ENOSE\smart-coffee-v2\scripts\..\data\medium_20260813_160059.csv
medium,purging,8,19,1888227,13538,2907,2896,8441,10436,2894,7120,15906,12481,13449,M,Arabika Ratawali Aceh,M-RAT,F:\MBKM ADB ENOSE\smart-coffee-v2\scripts\..\data\medium_20260813_160059.csv
medium,purging,8,20,1889227,13497,2910,2895,8440,10435,2892,7119,15904,12473,13443,M,Arabika Ratawali Aceh,M-RAT,F:\MBKM ADB ENOSE\smart-coffee-v2\scripts\..\data\medium_20260813_160059.csv
medium,purging,8,21,1890228,13416,2911,2893,8439,10429,2891,7117,15888,12450,13421,M,Arabika Ratawali Aceh,M-RAT,F:\MBKM ADB ENOSE\smart-coffee-v2\scripts\..\data\medium_20260813_160059.csv
medium,purging,8,22,1891227,13308,2909,2893,8438,10418,2894,7110,15858,12413,13400,M,Arabika Ratawali Aceh,M-RAT,F:\MBKM ADB ENOSE\smart-coffee-v2\scripts\..\data\medium_20260813_160059.csv
medium,purging,8,23,1892228,13184,2908,2893,8437,10407,2891,7106,15826,12366,13382,M,Arabika Ratawali Aceh,M-RAT,F:\MBKM ADB ENOSE\smart-coffee-v2\scripts\..\data\medium_20260813_160059.csv
medium,purging,8,24,1893227,13051,2905,2895,8436,10398,2892,7106,15795,12318,13368,M,Arabika Ratawali Aceh,M-RAT,F:\MBKM ADB ENOSE\smart-coffee-v2\scripts\..\data\medium_20260813_160059.csv
medium,purging,8,25,1894227,12918,2905,2893,8435,10392,2894,7111,15768,12270,13359,M,Arabika Ratawali Aceh,M-RAT,F:\MBKM ADB ENOSE\smart-coffee-v2\scripts\..\data\medium_20260813_160059.csv
medium,purging,8,26,1895227,12788,2905,2893,8434,10388,2892,7119,15745,12225,13349,M,Arabika Ratawali Aceh,M-RAT,F:\MBKM ADB ENOSE\smart-coffee-v2\scripts\..\data\medium_20260813_160059.csv
medium,purging,8,27,1896227,12662,2907,2893,8433,10386,2892,7129,15723,12183,13335,M,Arabika Ratawali Aceh,M-RAT,F:\MBKM ADB ENOSE\smart-coffee-v2\scripts\..\data\medium_20260813_160059.csv
medium,purging,8,28,1897227,12545,2904,2893,8432,10385,2892,7137,15699,12143,13328,M,Arabika Ratawali Aceh,M-RAT,F:\MBKM ADB ENOSE\smart-coffee-v2\scripts\..\data\medium_20260813_160059.csv
medium,purging,8,29,1898227,12434,2908,2893,8432,10385,2892,7147,15680,12108,13318,M,Arabika Ratawali Aceh,M-RAT,F:\MBKM ADB ENOSE\smart-coffee-v2\scripts\..\data\medium_20260813_160059.csv
medium,purging,8,30,1899228,12334,2904,2893,8431,10384,2891,7154,15659,12075,13299,M,Arabika Ratawali Aceh,M-RAT,F:\MBKM ADB ENOSE\smart-coffee-v2\scripts\..\data\medium_20260813_160059.csv
medium,purging,8,31,1900227,12243,2905,2893,8430,10379,2891,7152,15633,12039,13275,M,Arabika Ratawali Aceh,M-RAT,F:\MBKM ADB ENOSE\smart-coffee-v2\scripts\..\data\medium_20260813_160059.csv
medium,purging,8,32,1901228,12162,2907,2893,8430,10369,2891,7145,15604,12003,13256,M,Arabika Ratawali Aceh,M-RAT,F:\MBKM ADB ENOSE\smart-coffee-v2\scripts\..\data\medium_20260813_160059.csv
medium,purging,8,33,1902227,12086,2905,2893,8429,10360,2894,7139,15580,11968,13237,M,Arabika Ratawali Aceh,M-RAT,F:\MBKM ADB ENOSE\smart-coffee-v2\scripts\..\data\medium_20260813_160059.csv
medium,purging,8,34,1903227,12018,2903,2893,8428,10350,2894,7133,15557,11934,13221,M,Arabika Ratawali Aceh,M-RAT,F:\MBKM ADB ENOSE\smart-coffee-v2\scripts\..\data\medium_20260813_160059.csv
medium,purging,8,35,1904227,11956,2903,2893,8427,10342,2891,7130,15537,11903,13213,M,Arabika Ratawali Aceh,M-RAT,F:\MBKM ADB ENOSE\smart-coffee-v2\scripts\..\data\medium_20260813_160059.csv
medium,purging,8,36,1905227,11899,2904,2893,8426,10336,2893,7130,15522,11875,13203,M,Arabika Ratawali Aceh,M-RAT,F:\MBKM ADB ENOSE\smart-coffee-v2\scripts\..\data\medium_20260813_160059.csv
medium,purging,8,37,1906228,11848,2906,2893,8425,10333,2894,7132,15507,11850,13204,M,Arabika Ratawali Aceh,M-RAT,F:\MBKM ADB ENOSE\smart-coffee-v2\scripts\..\data\medium_20260813_160059.csv
medium,purging,8,38,1907227,11800,2905,2895,8424,10334,2894,7139,15499,11829,13194,M,Arabika Ratawali Aceh,M-RAT,F:\MBKM ADB ENOSE\smart-coffee-v2\scripts\..\data\medium_20260813_160059.csv
medium,purging,8,39,1908228,11756,2905,2893,8423,10331,2891,7141,15485,11808,13179,M,Arabika Ratawali Aceh,M-RAT,F:\MBKM ADB ENOSE\smart-coffee-v2\scripts\..\data\medium_20260813_160059.csv
medium,purging,8,40,1909227,11717,2905,2893,8423,10326,2891,7138,15467,11785,13169,M,Arabika Ratawali Aceh,M-RAT,F:\MBKM ADB ENOSE\smart-coffee-v2\scripts\..\data\medium_20260813_160059.csv
medium,purging,8,41,1910227,11681,2905,2893,8422,10323,2895,7138,15452,11765,13167,M,Arabika Ratawali Aceh,M-RAT,F:\MBKM ADB ENOSE\smart-coffee-v2\scripts\..\data\medium_20260813_160059.csv
medium,purging,8,42,1911227,11649,2905,2895,8421,10321,2891,7139,15441,11749,13149,M,Arabika Ratawali Aceh,M-RAT,F:\MBKM ADB ENOSE\smart-coffee-v2\scripts\..\data\medium_20260813_160059.csv
medium,purging,8,43,1912227,11620,2907,2893,8420,10314,2892,7133,15423,11728,13129,M,Arabika Ratawali Aceh,M-RAT,F:\MBKM ADB ENOSE\smart-coffee-v2\scripts\..\data\medium_20260813_160059.csv
medium,purging,8,44,1913227,11594,2904,2893,8420,10304,2891,7124,15402,11705,13114,M,Arabika Ratawali Aceh,M-RAT,F:\MBKM ADB ENOSE\smart-coffee-v2\scripts\..\data\medium_20260813_160059.csv
medium,purging,8,45,1914227,11570,2903,2893,8418,10298,2891,7117,15386,11684,13108,M,Arabika Ratawali Aceh,M-RAT,F:\MBKM ADB ENOSE\smart-coffee-v2\scripts\..\data\medium_20260813_160059.csv
medium,purging,8,46,1915228,11549,2903,2893,8419,10293,2891,7115,15374,11667,13099,M,Arabika Ratawali Aceh,M-RAT,F:\MBKM ADB ENOSE\smart-coffee-v2\scripts\..\data\medium_20260813_160059.csv
medium,purging,8,47,1916227,11529,2904,2893,8418,10291,2892,7114,15363,11653,13091,M,Arabika Ratawali Aceh,M-RAT,F:\MBKM ADB ENOSE\smart-coffee-v2\scripts\..\data\medium_20260813_160059.csv
medium,purging,8,48,1917228,11511,2904,2895,8417,10287,2895,7112,15351,11638,13083,M,Arabika Ratawali Aceh,M-RAT,F:\MBKM ADB ENOSE\smart-coffee-v2\scripts\..\data\medium_20260813_160059.csv
medium,purging,8,49,1918227,11495,2904,2895,8416,10283,2894,7110,15340,11625,13071,M,Arabika Ratawali Aceh,M-RAT,F:\MBKM ADB ENOSE\smart-coffee-v2\scripts\..\data\medium_20260813_160059.csv
medium,purging,8,50,1919227,11479,2904,2893,8415,10276,2891,7104,15326,11608,13058,M,Arabika Ratawali Aceh,M-RAT,F:\MBKM ADB ENOSE\smart-coffee-v2\scripts\..\data\medium_20260813_160059.csv
medium,purging,8,51,1920227,11464,2906,2893,8414,10268,2891,7098,15312,11591,13047,M,Arabika Ratawali Aceh,M-RAT,F:\MBKM ADB ENOSE\smart-coffee-v2\scripts\..\data\medium_20260813_160059.csv
medium,purging,8,52,1921227,11449,2905,2893,8413,10260,2891,7093,15300,11573,13038,M,Arabika Ratawali Aceh,M-RAT,F:\MBKM ADB ENOSE\smart-coffee-v2\scripts\..\data\medium_20260813_160059.csv
medium,purging,8,53,1922228,11436,2903,2893,8411,10254,2891,7090,15290,11557,13037,M,Arabika Ratawali Aceh,M-RAT,F:\MBKM ADB ENOSE\smart-coffee-v2\scripts\..\data\medium_20260813_160059.csv
medium,purging,8,54,1923227,11421,2905,2893,8410,10254,2890,7093,15287,11546,13040,M,Arabika Ratawali Aceh,M-RAT,F:\MBKM ADB ENOSE\smart-coffee-v2\scripts\..\data\medium_20260813_160059.csv
medium,purging,8,55,1924228,11407,2903,2893,8409,10254,2894,7099,15283,11536,13033,M,Arabika Ratawali Aceh,M-RAT,F:\MBKM ADB ENOSE\smart-coffee-v2\scripts\..\data\medium_20260813_160059.csv
medium,purging,8,56,1925227,11394,2903,2894,8409,10252,2894,7099,15274,11525,13022,M,Arabika Ratawali Aceh,M-RAT,F:\MBKM ADB ENOSE\smart-coffee-v2\scripts\..\data\medium_20260813_160059.csv
medium,purging,8,57,1926227,11382,2903,2893,8407,10248,2891,7096,15262,11512,13012,M,Arabika Ratawali Aceh,M-RAT,F:\MBKM ADB ENOSE\smart-coffee-v2\scripts\..\data\medium_20260813_160059.csv
medium,purging,8,58,1927227,11371,2907,2893,8406,10244,2894,7093,15252,11500,13018,M,Arabika Ratawali Aceh,M-RAT,F:\MBKM ADB ENOSE\smart-coffee-v2\scripts\..\data\medium_20260813_160059.csv
medium,purging,8,59,1928227,11357,2902,2892,8405,10246,2890,7101,15252,11492,13030,M,Arabika Ratawali Aceh,M-RAT,F:\MBKM ADB ENOSE\smart-coffee-v2\scripts\..\data\medium_20260813_160059.csv
medium,purging,8,60,1929227,11343,2904,2893,8405,10254,2891,7114,15256,11490,13037,M,Arabika Ratawali Aceh,M-RAT,F:\MBKM ADB ENOSE\smart-coffee-v2\scripts\..\data\medium_20260813_160059.csv
medium,purging,8,61,1930227,11329,2905,2892,8403,10264,2891,7127,15257,11492,13045,M,Arabika Ratawali Aceh,M-RAT,F:\MBKM ADB ENOSE\smart-coffee-v2\scripts\..\data\medium_20260813_160059.csv
medium,collecting,9,1,1931232,11316,2903,2893,8403,10274,2894,7138,15256,11494,13043,M,Arabika Ratawali Aceh,M-RAT,F:\MBKM ADB ENOSE\smart-coffee-v2\scripts\..\data\medium_20260813_160059.csv
medium,collecting,9,2,1932227,11305,2905,2893,8403,10279,2892,7143,15249,11495,13036,M,Arabika Ratawali Aceh,M-RAT,F:\MBKM ADB ENOSE\smart-coffee-v2\scripts\..\data\medium_20260813_160059.csv
medium,collecting,9,3,1933228,11296,2906,2893,8402,10279,2895,7142,15238,11493,13025,M,Arabika Ratawali Aceh,M-RAT,F:\MBKM ADB ENOSE\smart-coffee-v2\scripts\..\data\medium_20260813_160059.csv
medium,collecting,9,4,1934227,11287,2903,2893,8401,10275,2890,7135,15225,11484,13013,M,Arabika Ratawali Aceh,M-RAT,F:\MBKM ADB ENOSE\smart-coffee-v2\scripts\..\data\medium_20260813_160059.csv
medium,collecting,9,5,1935227,11279,2904,2893,8401,10270,2891,7127,15212,11473,13004,M,Arabika Ratawali Aceh,M-RAT,F:\MBKM ADB ENOSE\smart-coffee-v2\scripts\..\data\medium_20260813_160059.csv
medium,collecting,9,6,1936227,11271,2903,2893,8400,10264,2891,7120,15201,11462,12998,M,Arabika Ratawali Aceh,M-RAT,F:\MBKM ADB ENOSE\smart-coffee-v2\scripts\..\data\medium_20260813_160059.csv
medium,collecting,9,7,1937227,11263,2905,2893,8398,10259,2891,7116,15193,11453,12993,M,Arabika Ratawali Aceh,M-RAT,F:\MBKM ADB ENOSE\smart-coffee-v2\scripts\..\data\medium_20260813_160059.csv
medium,collecting,9,8,1938228,11257,2902,2893,8398,10254,2894,7114,15186,11442,12986,M,Arabika Ratawali Aceh,M-RAT,F:\MBKM ADB ENOSE\smart-coffee-v2\scripts\..\data\medium_20260813_160059.csv
medium,collecting,9,9,1939227,11251,2904,2893,8396,10249,2890,7110,15177,11432,12984,M,Arabika Ratawali Aceh,M-RAT,F:\MBKM ADB ENOSE\smart-coffee-v2\scripts\..\data\medium_20260813_160059.csv
medium,collecting,9,10,1940228,11250,2904,2895,8395,10248,2892,7110,15171,11423,12988,M,Arabika Ratawali Aceh,M-RAT,F:\MBKM ADB ENOSE\smart-coffee-v2\scripts\..\data\medium_20260813_160059.csv
medium,collecting,9,11,1941227,11337,2904,2894,8394,10252,2894,7120,15175,11427,13022,M,Arabika Ratawali Aceh,M-RAT,F:\MBKM ADB ENOSE\smart-coffee-v2\scripts\..\data\medium_20260813_160059.csv
medium,collecting,9,12,1942227,11626,2906,2893,8392,10275,2890,7145,15222,11483,13080,M,Arabika Ratawali Aceh,M-RAT,F:\MBKM ADB ENOSE\smart-coffee-v2\scripts\..\data\medium_20260813_160059.csv
medium,collecting,9,13,1943227,11964,2907,2895,8392,10309,2894,7168,15297,11584,13135,M,Arabika Ratawali Aceh,M-RAT,F:\MBKM ADB ENOSE\smart-coffee-v2\scripts\..\data\medium_20260813_160059.csv
medium,collecting,9,14,1944227,12272,2903,2895,8390,10342,2890,7187,15370,11700,13195,M,Arabika Ratawali Aceh,M-RAT,F:\MBKM ADB ENOSE\smart-coffee-v2\scripts\..\data\medium_20260813_160059.csv
medium,collecting,9,15,1945227,12550,2907,2893,8389,10378,2894,7206,15445,11820,13254,M,Arabika Ratawali Aceh,M-RAT,F:\MBKM ADB ENOSE\smart-coffee-v2\scripts\..\data\medium_20260813_160059.csv
medium,collecting,9,16,1946227,12788,2909,2893,8388,10412,2890,7225,15515,11936,13302,M,Arabika Ratawali Aceh,M-RAT,F:\MBKM ADB ENOSE\smart-coffee-v2\scripts\..\data\medium_20260813_160059.csv
medium,collecting,9,17,1947228,12951,2905,2893,8387,10438,2891,7236,15568,12033,13331,M,Arabika Ratawali Aceh,M-RAT,F:\MBKM ADB ENOSE\smart-coffee-v2\scripts\..\data\medium_20260813_160059.csv
medium,collecting,9,18,1948227,13075,2907,2893,8386,10457,2894,7240,15602,12109,13356,M,Arabika Ratawali Aceh,M-RAT,F:\MBKM ADB ENOSE\smart-coffee-v2\scripts\..\data\medium_20260813_160059.csv
medium,collecting,9,19,1949228,13206,2905,2893,8385,10473,2890,7245,15634,12176,13391,M,Arabika Ratawali Aceh,M-RAT,F:\MBKM ADB ENOSE\smart-coffee-v2\scripts\..\data\medium_20260813_160059.csv
medium,collecting,9,20,1950227,13423,2906,2894,8383,10496,2894,7260,15682,12258,13460,M,Arabika Ratawali Aceh,M-RAT,F:\MBKM ADB ENOSE\smart-coffee-v2\scripts\..\data\medium_20260813_160059.csv
medium,collecting,9,21,1951227,13942,2907,2893,8382,10548,2891,7306,15794,12423,13640,M,Arabika Ratawali Aceh,M-RAT,F:\MBKM ADB ENOSE\smart-coffee-v2\scripts\..\data\medium_20260813_160059.csv
medium,collecting,9,22,1952227,14774,2907,2895,8381,10652,2894,7392,16063,12776,13884,M,Arabika Ratawali Aceh,M-RAT,F:\MBKM ADB ENOSE\smart-coffee-v2\scripts\..\data\medium_20260813_160059.csv
medium,collecting,9,23,1953227,15554,2909,2894,8380,10778,2894,7461,16433,13259,14120,M,Arabika Ratawali Aceh,M-RAT,F:\MBKM ADB ENOSE\smart-coffee-v2\scripts\..\data\medium_20260813_160059.csv
medium,collecting,9,24,1954228,16135,2911,2892,8378,10888,2894,7491,16766,13743,14293,M,Arabika Ratawali Aceh,M-RAT,F:\MBKM ADB ENOSE\smart-coffee-v2\scripts\..\data\medium_20260813_160059.csv
medium,collecting,9,25,1955227,16519,2911,2893,8377,10964,2892,7483,17021,14133,14419,M,Arabika Ratawali Aceh,M-RAT,F:\MBKM ADB ENOSE\smart-coffee-v2\scripts\..\data\medium_20260813_160059.csv
medium,collecting,9,26,1956228,16764,2910,2895,8375,11011,2894,7454,17196,14412,14506,M,Arabika Ratawali Aceh,M-RAT,F:\MBKM ADB ENOSE\smart-coffee-v2\scripts\..\data\medium_20260813_160059.csv
medium,collecting,9,27,1957227,16916,2911,2893,8372,11038,2891,7420,17311,14597,14565,M,Arabika Ratawali Aceh,M-RAT,F:\MBKM ADB ENOSE\smart-coffee-v2\scripts\..\data\medium_20260813_160059.csv
medium,collecting,9,28,1958227,17010,2912,2893,8371,11052,2891,7389,17387,14713,14606,M,Arabika Ratawali Aceh,M-RAT,F:\MBKM ADB ENOSE\smart-coffee-v2\scripts\..\data\medium_20260813_160059.csv
medium,collecting,9,29,1959227,17070,2914,2893,8369,11059,2891,7363,17439,14786,14635,M,Arabika Ratawali Aceh,M-RAT,F:\MBKM ADB ENOSE\smart-coffee-v2\scripts\..\data\medium_20260813_160059.csv
medium,collecting,9,30,1960227,17107,2913,2895,8366,11063,2890,7341,17476,14833,14654,M,Arabika Ratawali Aceh,M-RAT,F:\MBKM ADB ENOSE\smart-coffee-v2\scripts\..\data\medium_20260813_160059.csv
medium,collecting,9,31,1961227,17124,2917,2893,8364,11064,2896,7323,17503,14862,14666,M,Arabika Ratawali Aceh,M-RAT,F:\MBKM ADB ENOSE\smart-coffee-v2\scripts\..\data\medium_20260813_160059.csv
medium,collecting,9,32,1962227,17128,2911,2895,8361,11063,2892,7308,17522,14881,14673,M,Arabika Ratawali Aceh,M-RAT,F:\MBKM ADB ENOSE\smart-coffee-v2\scripts\..\data\medium_20260813_160059.csv
medium,collecting,9,33,1963228,17124,2914,2893,8359,11060,2894,7295,17535,14890,14677,M,Arabika Ratawali Aceh,M-RAT,F:\MBKM ADB ENOSE\smart-coffee-v2\scripts\..\data\medium_20260813_160059.csv
medium,collecting,9,34,1964227,17115,2911,2893,8357,11056,2891,7284,17546,14893,14679,M,Arabika Ratawali Aceh,M-RAT,F:\MBKM ADB ENOSE\smart-coffee-v2\scripts\..\data\medium_20260813_160059.csv
medium,collecting,9,35,1965228,17101,2913,2893,8355,11052,2894,7275,17554,14894,14679,M,Arabika Ratawali Aceh,M-RAT,F:\MBKM ADB ENOSE\smart-coffee-v2\scripts\..\data\medium_20260813_160059.csv
medium,collecting,9,36,1966227,17085,2914,2893,8353,11048,2891,7266,17561,14891,14679,M,Arabika Ratawali Aceh,M-RAT,F:\MBKM ADB ENOSE\smart-coffee-v2\scripts\..\data\medium_20260813_160059.csv
medium,collecting,9,37,1967227,17069,2911,2897,8350,11044,2891,7259,17567,14887,14678,M,Arabika Ratawali Aceh,M-RAT,F:\MBKM ADB ENOSE\smart-coffee-v2\scripts\..\data\medium_20260813_160059.csv
medium,collecting,9,38,1968227,17051,2911,2893,8349,11041,2892,7253,17573,14883,14678,M,Arabika Ratawali Aceh,M-RAT,F:\MBKM ADB ENOSE\smart-coffee-v2\scripts\..\data\medium_20260813_160059.csv
medium,collecting,9,39,1969227,17033,2913,2897,8347,11037,2891,7247,17579,14879,14677,M,Arabika Ratawali Aceh,M-RAT,F:\MBKM ADB ENOSE\smart-coffee-v2\scripts\..\data\medium_20260813_160059.csv
medium,collecting,9,40,1970228,17016,2912,2893,8345,11033,2892,7242,17584,14874,14675,M,Arabika Ratawali Aceh,M-RAT,F:\MBKM ADB ENOSE\smart-coffee-v2\scripts\..\data\medium_20260813_160059.csv
medium,collecting,9,41,1971227,16999,2912,2893,8342,11030,2891,7238,17588,14869,14674,M,Arabika Ratawali Aceh,M-RAT,F:\MBKM ADB ENOSE\smart-coffee-v2\scripts\..\data\medium_20260813_160059.csv
medium,collecting,9,42,1972228,16983,2916,2895,8341,11027,2894,7234,17593,14864,14672,M,Arabika Ratawali Aceh,M-RAT,F:\MBKM ADB ENOSE\smart-coffee-v2\scripts\..\data\medium_20260813_160059.csv
medium,collecting,9,43,1973227,16968,2912,2895,8339,11024,2891,7231,17598,14860,14671,M,Arabika Ratawali Aceh,M-RAT,F:\MBKM ADB ENOSE\smart-coffee-v2\scripts\..\data\medium_20260813_160059.csv
medium,collecting,9,44,1974227,16954,2914,2894,8337,11021,2894,7227,17601,14855,14670,M,Arabika Ratawali Aceh,M-RAT,F:\MBKM ADB ENOSE\smart-coffee-v2\scripts\..\data\medium_20260813_160059.csv
medium,collecting,9,45,1975227,16942,2914,2895,8335,11018,2890,7224,17604,14852,14668,M,Arabika Ratawali Aceh,M-RAT,F:\MBKM ADB ENOSE\smart-coffee-v2\scripts\..\data\medium_20260813_160059.csv
medium,collecting,9,46,1976227,16929,2914,2896,8333,11015,2895,7222,17609,14849,14667,M,Arabika Ratawali Aceh,M-RAT,F:\MBKM ADB ENOSE\smart-coffee-v2\scripts\..\data\medium_20260813_160059.csv
medium,collecting,9,47,1977227,16918,2916,2897,8331,11013,2891,7219,17612,14846,14665,M,Arabika Ratawali Aceh,M-RAT,F:\MBKM ADB ENOSE\smart-coffee-v2\scripts\..\data\medium_20260813_160059.csv
medium,collecting,9,48,1978227,16908,2915,2894,8329,11011,2894,7217,17615,14843,14663,M,Arabika Ratawali Aceh,M-RAT,F:\MBKM ADB ENOSE\smart-coffee-v2\scripts\..\data\medium_20260813_160059.csv
medium,collecting,9,49,1979228,16899,2912,2893,8328,11009,2894,7216,17620,14841,14662,M,Arabika Ratawali Aceh,M-RAT,F:\MBKM ADB ENOSE\smart-coffee-v2\scripts\..\data\medium_20260813_160059.csv
medium,collecting,9,50,1980227,16890,2912,2895,8326,11008,2894,7215,17624,14840,14661,M,Arabika Ratawali Aceh,M-RAT,F:\MBKM ADB ENOSE\smart-coffee-v2\scripts\..\data\medium_20260813_160059.csv
medium,collecting,9,51,1981228,16881,2914,2893,8324,11007,2892,7213,17628,14838,14661,M,Arabika Ratawali Aceh,M-RAT,F:\MBKM ADB ENOSE\smart-coffee-v2\scripts\..\data\medium_20260813_160059.csv
medium,collecting,9,52,1982227,16873,2912,2895,8322,11007,2894,7212,17630,14837,14660,M,Arabika Ratawali Aceh,M-RAT,F:\MBKM ADB ENOSE\smart-coffee-v2\scripts\..\data\medium_20260813_160059.csv
medium,collecting,9,53,1983227,16865,2912,2895,8320,11006,2892,7211,17633,14836,14658,M,Arabika Ratawali Aceh,M-RAT,F:\MBKM ADB ENOSE\smart-coffee-v2\scripts\..\data\medium_20260813_160059.csv
medium,collecting,9,54,1984227,16858,2912,2893,8319,11005,2891,7210,17635,14835,14658,M,Arabika Ratawali Aceh,M-RAT,F:\MBKM ADB ENOSE\smart-coffee-v2\scripts\..\data\medium_20260813_160059.csv
medium,collecting,9,55,1985227,16850,2913,2896,8317,11004,2891,7210,17639,14833,14657,M,Arabika Ratawali Aceh,M-RAT,F:\MBKM ADB ENOSE\smart-coffee-v2\scripts\..\data\medium_20260813_160059.csv
medium,collecting,9,56,1986228,16843,2912,2893,8315,11002,2894,7209,17640,14833,14656,M,Arabika Ratawali Aceh,M-RAT,F:\MBKM ADB ENOSE\smart-coffee-v2\scripts\..\data\medium_20260813_160059.csv
medium,collecting,9,57,1987227,16836,2913,2893,8313,11002,2891,7208,17642,14832,14655,M,Arabika Ratawali Aceh,M-RAT,F:\MBKM ADB ENOSE\smart-coffee-v2\scripts\..\data\medium_20260813_160059.csv
medium,collecting,9,58,1988228,16830,2915,2895,8313,11001,2890,7207,17644,14831,14654,M,Arabika Ratawali Aceh,M-RAT,F:\MBKM ADB ENOSE\smart-coffee-v2\scripts\..\data\medium_20260813_160059.csv
medium,collecting,9,59,1989227,16824,2912,2895,8310,11000,2891,7207,17647,14831,14653,M,Arabika Ratawali Aceh,M-RAT,F:\MBKM ADB ENOSE\smart-coffee-v2\scripts\..\data\medium_20260813_160059.csv
medium,collecting,9,60,1990227,16818,2912,2893,8309,10999,2894,7207,17649,14830,14652,M,Arabika Ratawali Aceh,M-RAT,F:\MBKM ADB ENOSE\smart-coffee-v2\scripts\..\data\medium_20260813_160059.csv
medium,collecting,9,61,1991227,16812,2914,2895,8307,10999,2892,7206,17651,14829,14650,M,Arabika Ratawali Aceh,M-RAT,F:\MBKM ADB ENOSE\smart-coffee-v2\scripts\..\data\medium_20260813_160059.csv
medium,collecting,9,62,1992227,16806,2911,2895,8306,10998,2891,7206,17652,14829,14648,M,Arabika Ratawali Aceh,M-RAT,F:\MBKM ADB ENOSE\smart-coffee-v2\scripts\..\data\medium_20260813_160059.csv
medium,collecting,9,63,1993227,16800,2914,2896,8304,10997,2891,7205,17653,14827,14647,M,Arabika Ratawali Aceh,M-RAT,F:\MBKM ADB ENOSE\smart-coffee-v2\scripts\..\data\medium_20260813_160059.csv
medium,collecting,9,64,1994227,16795,2913,2895,8302,10997,2892,7205,17655,14827,14645,M,Arabika Ratawali Aceh,M-RAT,F:\MBKM ADB ENOSE\smart-coffee-v2\scripts\..\data\medium_20260813_160059.csv
medium,collecting,9,65,1995228,16789,2911,2895,8301,10997,2891,7204,17656,14826,14643,M,Arabika Ratawali Aceh,M-RAT,F:\MBKM ADB ENOSE\smart-coffee-v2\scripts\..\data\medium_20260813_160059.csv
medium,collecting,9,66,1996227,16783,2912,2894,8300,10996,2891,7205,17657,14826,14642,M,Arabika Ratawali Aceh,M-RAT,F:\MBKM ADB ENOSE\smart-coffee-v2\scripts\..\data\medium_20260813_160059.csv
medium,collecting,9,67,1997228,16778,2914,2894,8298,10996,2895,7205,17659,14825,14641,M,Arabika Ratawali Aceh,M-RAT,F:\MBKM ADB ENOSE\smart-coffee-v2\scripts\..\data\medium_20260813_160059.csv
medium,collecting,9,68,1998227,16773,2913,2893,8297,10995,2894,7204,17660,14825,14639,M,Arabika Ratawali Aceh,M-RAT,F:\MBKM ADB ENOSE\smart-coffee-v2\scripts\..\data\medium_20260813_160059.csv
medium,collecting,9,69,1999227,16768,2914,2893,8295,10994,2892,7204,17660,14824,14638,M,Arabika Ratawali Aceh,M-RAT,F:\MBKM ADB ENOSE\smart-coffee-v2\scripts\..\data\medium_20260813_160059.csv
medium,collecting,9,70,2000227,16763,2916,2895,8294,10994,2892,7204,17661,14822,14636,M,Arabika Ratawali Aceh,M-RAT,F:\MBKM ADB ENOSE\smart-coffee-v2\scripts\..\data\medium_20260813_160059.csv
medium,collecting,9,71,2001227,16758,2916,2894,8293,10993,2891,7204,17662,14820,14634,M,Arabika Ratawali Aceh,M-RAT,F:\MBKM ADB ENOSE\smart-coffee-v2\scripts\..\data\medium_20260813_160059.csv
medium,collecting,9,72,2002228,16753,2911,2893,8291,10992,2896,7204,17663,14818,14631,M,Arabika Ratawali Aceh,M-RAT,F:\MBKM ADB ENOSE\smart-coffee-v2\scripts\..\data\medium_20260813_160059.csv
medium,collecting,9,73,2003227,16748,2913,2898,8289,10991,2892,7203,17661,14817,14629,M,Arabika Ratawali Aceh,M-RAT,F:\MBKM ADB ENOSE\smart-coffee-v2\scripts\..\data\medium_20260813_160059.csv
medium,collecting,9,74,2004228,16743,2913,2893,8288,10989,2892,7202,17662,14815,14628,M,Arabika Ratawali Aceh,M-RAT,F:\MBKM ADB ENOSE\smart-coffee-v2\scripts\..\data\medium_20260813_160059.csv
medium,collecting,9,75,2005227,16738,2911,2893,8286,10988,2891,7202,17661,14813,14626,M,Arabika Ratawali Aceh,M-RAT,F:\MBKM ADB ENOSE\smart-coffee-v2\scripts\..\data\medium_20260813_160059.csv
medium,collecting,9,76,2006227,16734,2909,2893,8285,10986,2891,7201,17661,14811,14623,M,Arabika Ratawali Aceh,M-RAT,F:\MBKM ADB ENOSE\smart-coffee-v2\scripts\..\data\medium_20260813_160059.csv
medium,collecting,9,77,2007227,16728,2911,2893,8283,10985,2892,7200,17660,14807,14620,M,Arabika Ratawali Aceh,M-RAT,F:\MBKM ADB ENOSE\smart-coffee-v2\scripts\..\data\medium_20260813_160059.csv
medium,collecting,9,78,2008227,16721,2911,2893,8282,10984,2892,7200,17660,14805,14617,M,Arabika Ratawali Aceh,M-RAT,F:\MBKM ADB ENOSE\smart-coffee-v2\scripts\..\data\medium_20260813_160059.csv
medium,collecting,9,79,2009227,16714,2911,2893,8280,10983,2892,7199,17659,14802,14614,M,Arabika Ratawali Aceh,M-RAT,F:\MBKM ADB ENOSE\smart-coffee-v2\scripts\..\data\medium_20260813_160059.csv
medium,collecting,9,80,2010227,16709,2911,2897,8279,10982,2893,7198,17658,14800,14611,M,Arabika Ratawali Aceh,M-RAT,F:\MBKM ADB ENOSE\smart-coffee-v2\scripts\..\data\medium_20260813_160059.csv
medium,collecting,9,81,2011228,16702,2912,2893,8277,10981,2892,7197,17657,14796,14608,M,Arabika Ratawali Aceh,M-RAT,F:\MBKM ADB ENOSE\smart-coffee-v2\scripts\..\data\medium_20260813_160059.csv
medium,collecting,9,82,2012227,16696,2911,2894,8276,10979,2892,7197,17655,14793,14606,M,Arabika Ratawali Aceh,M-RAT,F:\MBKM ADB ENOSE\smart-coffee-v2\scripts\..\data\medium_20260813_160059.csv
medium,collecting,9,83,2013228,16688,2911,2893,8275,10978,2892,7196,17654,14791,14603,M,Arabika Ratawali Aceh,M-RAT,F:\MBKM ADB ENOSE\smart-coffee-v2\scripts\..\data\medium_20260813_160059.csv
medium,collecting,9,84,2014227,16681,2913,2893,8273,10978,2893,7197,17653,14789,14601,M,Arabika Ratawali Aceh,M-RAT,F:\MBKM ADB ENOSE\smart-coffee-v2\scripts\..\data\medium_20260813_160059.csv
medium,collecting,9,85,2015227,16673,2912,2895,8271,10978,2892,7198,17652,14787,14600,M,Arabika Ratawali Aceh,M-RAT,F:\MBKM ADB ENOSE\smart-coffee-v2\scripts\..\data\medium_20260813_160059.csv
medium,collecting,9,86,2016227,16666,2913,2893,8270,10978,2892,7199,17651,14785,14598,M,Arabika Ratawali Aceh,M-RAT,F:\MBKM ADB ENOSE\smart-coffee-v2\scripts\..\data\medium_20260813_160059.csv
medium,collecting,9,87,2017227,16659,2914,2894,8269,10978,2894,7200,17650,14784,14596,M,Arabika Ratawali Aceh,M-RAT,F:\MBKM ADB ENOSE\smart-coffee-v2\scripts\..\data\medium_20260813_160059.csv
medium,collecting,9,88,2018228,16652,2912,2896,8268,10978,2890,7201,17648,14781,14594,M,Arabika Ratawali Aceh,M-RAT,F:\MBKM ADB ENOSE\smart-coffee-v2\scripts\..\data\medium_20260813_160059.csv
medium,collecting,9,89,2019227,16645,2912,2894,8266,10979,2891,7202,17646,14780,14592,M,Arabika Ratawali Aceh,M-RAT,F:\MBKM ADB ENOSE\smart-coffee-v2\scripts\..\data\medium_20260813_160059.csv
medium,collecting,9,90,2020228,16639,2914,2897,8265,10978,2894,7202,17644,14777,14590,M,Arabika Ratawali Aceh,M-RAT,F:\MBKM ADB ENOSE\smart-coffee-v2\scripts\..\data\medium_20260813_160059.csv
medium,collecting,9,91,2021227,16633,2911,2893,8264,10977,2890,7203,17643,14774,14587,M,Arabika Ratawali Aceh,M-RAT,F:\MBKM ADB ENOSE\smart-coffee-v2\scripts\..\data\medium_20260813_160059.csv
medium,collecting,9,92,2022227,16627,2916,2893,8263,10976,2891,7202,17642,14771,14585,M,Arabika Ratawali Aceh,M-RAT,F:\MBKM ADB ENOSE\smart-coffee-v2\scripts\..\data\medium_20260813_160059.csv
medium,collecting,9,93,2023227,16620,2913,2894,8261,10975,2896,7202,17641,14768,14581,M,Arabika Ratawali Aceh,M-RAT,F:\MBKM ADB ENOSE\smart-coffee-v2\scripts\..\data\medium_20260813_160059.csv
medium,collecting,9,94,2024227,16614,2911,2894,8259,10973,2892,7202,17639,14764,14578,M,Arabika Ratawali Aceh,M-RAT,F:\MBKM ADB ENOSE\smart-coffee-v2\scripts\..\data\medium_20260813_160059.csv
medium,collecting,9,95,2025227,16609,2917,2895,8258,10971,2892,7201,17637,14761,14575,M,Arabika Ratawali Aceh,M-RAT,F:\MBKM ADB ENOSE\smart-coffee-v2\scripts\..\data\medium_20260813_160059.csv
medium,collecting,9,96,2026227,16604,2913,2893,8257,10969,2892,7200,17635,14757,14572,M,Arabika Ratawali Aceh,M-RAT,F:\MBKM ADB ENOSE\smart-coffee-v2\scripts\..\data\medium_20260813_160059.csv
medium,collecting,9,97,2027228,16599,2911,2896,8255,10967,2891,7199,17633,14753,14568,M,Arabika Ratawali Aceh,M-RAT,F:\MBKM ADB ENOSE\smart-coffee-v2\scripts\..\data\medium_20260813_160059.csv
medium,collecting,9,98,2028227,16596,2911,2894,8254,10965,2891,7198,17631,14750,14566,M,Arabika Ratawali Aceh,M-RAT,F:\MBKM ADB ENOSE\smart-coffee-v2\scripts\..\data\medium_20260813_160059.csv
medium,collecting,9,99,2029228,16592,2913,2895,8252,10963,2892,7197,17630,14746,14563,M,Arabika Ratawali Aceh,M-RAT,F:\MBKM ADB ENOSE\smart-coffee-v2\scripts\..\data\medium_20260813_160059.csv
medium,collecting,9,100,2030227,16587,2914,2893,8250,10961,2892,7197,17628,14743,14560,M,Arabika Ratawali Aceh,M-RAT,F:\MBKM ADB ENOSE\smart-coffee-v2\scripts\..\data\medium_20260813_160059.csv
medium,collecting,9,101,2031227,16583,2912,2895,8249,10959,2891,7196,17627,14740,14557,M,Arabika Ratawali Aceh,M-RAT,F:\MBKM ADB ENOSE\smart-coffee-v2\scripts\..\data\medium_20260813_160059.csv
medium,collecting,9,102,2032227,16578,2915,2893,8247,10957,2891,7195,17625,14738,14555,M,Arabika Ratawali Aceh,M-RAT,F:\MBKM ADB ENOSE\smart-coffee-v2\scripts\..\data\medium_20260813_160059.csv
medium,collecting,9,103,2033227,16574,2913,2896,8246,10956,2892,7195,17624,14736,14552,M,Arabika Ratawali Aceh,M-RAT,F:\MBKM ADB ENOSE\smart-coffee-v2\scripts\..\data\medium_20260813_160059.csv
medium,collecting,9,104,2034228,16570,2912,2893,8244,10954,2892,7194,17624,14734,14549,M,Arabika Ratawali Aceh,M-RAT,F:\MBKM ADB ENOSE\smart-coffee-v2\scripts\..\data\medium_20260813_160059.csv
medium,collecting,9,105,2035227,16567,2914,2894,8244,10953,2892,7194,17622,14732,14547,M,Arabika Ratawali Aceh,M-RAT,F:\MBKM ADB ENOSE\smart-coffee-v2\scripts\..\data\medium_20260813_160059.csv
medium,collecting,9,106,2036228,16563,2911,2894,8242,10952,2892,7193,17621,14730,14545,M,Arabika Ratawali Aceh,M-RAT,F:\MBKM ADB ENOSE\smart-coffee-v2\scripts\..\data\medium_20260813_160059.csv
medium,collecting,9,107,2037227,16559,2913,2894,8241,10951,2892,7193,17619,14727,14541,M,Arabika Ratawali Aceh,M-RAT,F:\MBKM ADB ENOSE\smart-coffee-v2\scripts\..\data\medium_20260813_160059.csv
medium,collecting,9,108,2038227,16556,2915,2892,8239,10949,2894,7191,17618,14724,14538,M,Arabika Ratawali Aceh,M-RAT,F:\MBKM ADB ENOSE\smart-coffee-v2\scripts\..\data\medium_20260813_160059.csv
medium,collecting,9,109,2039227,16552,2912,2895,8238,10947,2892,7190,17617,14719,14535,M,Arabika Ratawali Aceh,M-RAT,F:\MBKM ADB ENOSE\smart-coffee-v2\scripts\..\data\medium_20260813_160059.csv
medium,collecting,9,110,2040227,16548,2911,2893,8237,10945,2892,7190,17615,14715,14532,M,Arabika Ratawali Aceh,M-RAT,F:\MBKM ADB ENOSE\smart-coffee-v2\scripts\..\data\medium_20260813_160059.csv
medium,collecting,9,111,2041227,16545,2914,2893,8235,10943,2894,7189,17613,14712,14529,M,Arabika Ratawali Aceh,M-RAT,F:\MBKM ADB ENOSE\smart-coffee-v2\scripts\..\data\medium_20260813_160059.csv
medium,collecting,9,112,2042227,16541,2914,2896,8234,10941,2894,7188,17612,14709,14526,M,Arabika Ratawali Aceh,M-RAT,F:\MBKM ADB ENOSE\smart-coffee-v2\scripts\..\data\medium_20260813_160059.csv
medium,collecting,9,113,2043228,16537,2911,2893,8232,10938,2896,7187,17610,14704,14522,M,Arabika Ratawali Aceh,M-RAT,F:\MBKM ADB ENOSE\smart-coffee-v2\scripts\..\data\medium_20260813_160059.csv
medium,collecting,9,114,2044227,16533,2913,2895,8230,10935,2892,7186,17609,14700,14520,M,Arabika Ratawali Aceh,M-RAT,F:\MBKM ADB ENOSE\smart-coffee-v2\scripts\..\data\medium_20260813_160059.csv
medium,collecting,9,115,2045228,16529,2913,2896,8229,10934,2896,7186,17608,14697,14517,M,Arabika Ratawali Aceh,M-RAT,F:\MBKM ADB ENOSE\smart-coffee-v2\scripts\..\data\medium_20260813_160059.csv
medium,collecting,9,116,2046227,16525,2912,2893,8228,10932,2891,7185,17606,14693,14514,M,Arabika Ratawali Aceh,M-RAT,F:\MBKM ADB ENOSE\smart-coffee-v2\scripts\..\data\medium_20260813_160059.csv
medium,collecting,9,117,2047227,16521,2910,2893,8226,10930,2891,7184,17604,14689,14511,M,Arabika Ratawali Aceh,M-RAT,F:\MBKM ADB ENOSE\smart-coffee-v2\scripts\..\data\medium_20260813_160059.csv
medium,collecting,9,118,2048227,16518,2911,2893,8225,10929,2890,7183,17603,14686,14509,M,Arabika Ratawali Aceh,M-RAT,F:\MBKM ADB ENOSE\smart-coffee-v2\scripts\..\data\medium_20260813_160059.csv
medium,collecting,9,119,2049227,16513,2912,2893,8224,10928,2895,7183,17601,14682,14508,M,Arabika Ratawali Aceh,M-RAT,F:\MBKM ADB ENOSE\smart-coffee-v2\scripts\..\data\medium_20260813_160059.csv
medium,collecting,9,120,2050228,16510,2913,2893,8222,10927,2895,7183,17600,14679,14506,M,Arabika Ratawali Aceh,M-RAT,F:\MBKM ADB ENOSE\smart-coffee-v2\scripts\..\data\medium_20260813_160059.csv
medium,collecting,9,121,2051227,16507,2912,2895,8221,10927,2892,7183,17598,14677,14503,M,Arabika Ratawali Aceh,M-RAT,F:\MBKM ADB ENOSE\smart-coffee-v2\scripts\..\data\medium_20260813_160059.csv
medium,collecting,9,122,2052228,16503,2914,2893,8219,10926,2891,7183,17597,14675,14502,M,Arabika Ratawali Aceh,M-RAT,F:\MBKM ADB ENOSE\smart-coffee-v2\scripts\..\data\medium_20260813_160059.csv
medium,collecting,9,123,2053227,16500,2914,2893,8218,10926,2891,7183,17596,14672,14500,M,Arabika Ratawali Aceh,M-RAT,F:\MBKM ADB ENOSE\smart-coffee-v2\scripts\..\data\medium_20260813_160059.csv
medium,collecting,9,124,2054227,16498,2914,2894,8217,10926,2892,7183,17594,14670,14497,M,Arabika Ratawali Aceh,M-RAT,F:\MBKM ADB ENOSE\smart-coffee-v2\scripts\..\data\medium_20260813_160059.csv
medium,collecting,9,125,2055227,16495,2911,2894,8216,10925,2891,7183,17593,14668,14496,M,Arabika Ratawali Aceh,M-RAT,F:\MBKM ADB ENOSE\smart-coffee-v2\scripts\..\data\medium_20260813_160059.csv
medium,collecting,9,126,2056227,16492,2913,2897,8215,10923,2894,7183,17591,14665,14494,M,Arabika Ratawali Aceh,M-RAT,F:\MBKM ADB ENOSE\smart-coffee-v2\scripts\..\data\medium_20260813_160059.csv
medium,collecting,9,127,2057227,16488,2911,2895,8213,10923,2894,7182,17589,14663,14492,M,Arabika Ratawali Aceh,M-RAT,F:\MBKM ADB ENOSE\smart-coffee-v2\scripts\..\data\medium_20260813_160059.csv
medium,collecting,9,128,2058227,16485,2914,2896,8212,10922,2891,7182,17589,14660,14490,M,Arabika Ratawali Aceh,M-RAT,F:\MBKM ADB ENOSE\smart-coffee-v2\scripts\..\data\medium_20260813_160059.csv
medium,collecting,9,129,2059228,16481,2915,2894,8211,10921,2892,7182,17588,14658,14489,M,Arabika Ratawali Aceh,M-RAT,F:\MBKM ADB ENOSE\smart-coffee-v2\scripts\..\data\medium_20260813_160059.csv
medium,collecting,9,130,2060227,16478,2914,2897,8210,10920,2896,7183,17587,14655,14487,M,Arabika Ratawali Aceh,M-RAT,F:\MBKM ADB ENOSE\smart-coffee-v2\scripts\..\data\medium_20260813_160059.csv
medium,collecting,9,131,2061228,16475,2912,2898,8208,10920,2894,7182,17586,14652,14485,M,Arabika Ratawali Aceh,M-RAT,F:\MBKM ADB ENOSE\smart-coffee-v2\scripts\..\data\medium_20260813_160059.csv
medium,collecting,9,132,2062227,16472,2912,2894,8207,10919,2892,7182,17584,14649,14483,M,Arabika Ratawali Aceh,M-RAT,F:\MBKM ADB ENOSE\smart-coffee-v2\scripts\..\data\medium_20260813_160059.csv
medium,collecting,9,133,2063227,16469,2913,2893,8206,10917,2892,7181,17583,14647,14480,M,Arabika Ratawali Aceh,M-RAT,F:\MBKM ADB ENOSE\smart-coffee-v2\scripts\..\data\medium_20260813_160059.csv
medium,collecting,9,134,2064227,16466,2911,2893,8205,10916,2892,7180,17581,14643,14478,M,Arabika Ratawali Aceh,M-RAT,F:\MBKM ADB ENOSE\smart-coffee-v2\scripts\..\data\medium_20260813_160059.csv
medium,collecting,9,135,2065227,16462,2912,2893,8204,10914,2892,7180,17580,14639,14475,M,Arabika Ratawali Aceh,M-RAT,F:\MBKM ADB ENOSE\smart-coffee-v2\scripts\..\data\medium_20260813_160059.csv
medium,collecting,9,136,2066228,16458,2911,2893,8202,10912,2891,7179,17578,14636,14472,M,Arabika Ratawali Aceh,M-RAT,F:\MBKM ADB ENOSE\smart-coffee-v2\scripts\..\data\medium_20260813_160059.csv
medium,collecting,9,137,2067227,16454,2912,2896,8201,10911,2892,7178,17576,14632,14468,M,Arabika Ratawali Aceh,M-RAT,F:\MBKM ADB ENOSE\smart-coffee-v2\scripts\..\data\medium_20260813_160059.csv
medium,collecting,9,138,2068228,16450,2913,2894,8200,10909,2892,7177,17574,14628,14466,M,Arabika Ratawali Aceh,M-RAT,F:\MBKM ADB ENOSE\smart-coffee-v2\scripts\..\data\medium_20260813_160059.csv
medium,collecting,9,139,2069227,16447,2914,2896,8198,10907,2892,7176,17574,14624,14463,M,Arabika Ratawali Aceh,M-RAT,F:\MBKM ADB ENOSE\smart-coffee-v2\scripts\..\data\medium_20260813_160059.csv
medium,collecting,9,140,2070227,16445,2914,2893,8197,10904,2892,7175,17571,14620,14460,M,Arabika Ratawali Aceh,M-RAT,F:\MBKM ADB ENOSE\smart-coffee-v2\scripts\..\data\medium_20260813_160059.csv
medium,collecting,9,141,2071227,16442,2914,2894,8195,10902,2893,7174,17571,14616,14457,M,Arabika Ratawali Aceh,M-RAT,F:\MBKM ADB ENOSE\smart-coffee-v2\scripts\..\data\medium_20260813_160059.csv
medium,collecting,9,142,2072227,16440,2911,2894,8193,10900,2892,7173,17568,14612,14454,M,Arabika Ratawali Aceh,M-RAT,F:\MBKM ADB ENOSE\smart-coffee-v2\scripts\..\data\medium_20260813_160059.csv
medium,collecting,9,143,2073227,16436,2912,2894,8192,10898,2892,7171,17567,14608,14451,M,Arabika Ratawali Aceh,M-RAT,F:\MBKM ADB ENOSE\smart-coffee-v2\scripts\..\data\medium_20260813_160059.csv
medium,collecting,9,144,2074227,16433,2916,2895,8191,10897,2892,7171,17565,14605,14449,M,Arabika Ratawali Aceh,M-RAT,F:\MBKM ADB ENOSE\smart-coffee-v2\scripts\..\data\medium_20260813_160059.csv
medium,collecting,9,145,2075228,16430,2915,2893,8190,10896,2892,7170,17564,14602,14446,M,Arabika Ratawali Aceh,M-RAT,F:\MBKM ADB ENOSE\smart-coffee-v2\scripts\..\data\medium_20260813_160059.csv
medium,collecting,9,146,2076227,16427,2914,2893,8189,10894,2893,7170,17562,14598,14444,M,Arabika Ratawali Aceh,M-RAT,F:\MBKM ADB ENOSE\smart-coffee-v2\scripts\..\data\medium_20260813_160059.csv
medium,collecting,9,147,2077228,16424,2916,2893,8187,10893,2892,7169,17561,14594,14441,M,Arabika Ratawali Aceh,M-RAT,F:\MBKM ADB ENOSE\smart-coffee-v2\scripts\..\data\medium_20260813_160059.csv
medium,collecting,9,148,2078227,16421,2914,2896,8186,10891,2891,7169,17560,14590,14439,M,Arabika Ratawali Aceh,M-RAT,F:\MBKM ADB ENOSE\smart-coffee-v2\scripts\..\data\medium_20260813_160059.csv
medium,collecting,9,149,2079227,16417,2914,2893,8185,10890,2891,7168,17558,14587,14437,M,Arabika Ratawali Aceh,M-RAT,F:\MBKM ADB ENOSE\smart-coffee-v2\scripts\..\data\medium_20260813_160059.csv
medium,collecting,9,150,2080227,16412,2912,2895,8183,10888,2892,7167,17556,14582,14434,M,Arabika Ratawali Aceh,M-RAT,F:\MBKM ADB ENOSE\smart-coffee-v2\scripts\..\data\medium_20260813_160059.csv
medium,collecting,9,151,2081227,16407,2913,2894,8182,10886,2892,7167,17554,14578,14430,M,Arabika Ratawali Aceh,M-RAT,F:\MBKM ADB ENOSE\smart-coffee-v2\scripts\..\data\medium_20260813_160059.csv
medium,collecting,9,152,2082228,16402,2914,2893,8181,10884,2891,7167,17552,14573,14428,M,Arabika Ratawali Aceh,M-RAT,F:\MBKM ADB ENOSE\smart-coffee-v2\scripts\..\data\medium_20260813_160059.csv
medium,collecting,9,153,2083227,16397,2909,2894,8179,10882,2892,7166,17549,14567,14424,M,Arabika Ratawali Aceh,M-RAT,F:\MBKM ADB ENOSE\smart-coffee-v2\scripts\..\data\medium_20260813_160059.csv
medium,collecting,9,154,2084228,16393,2913,2895,8178,10880,2894,7165,17547,14563,14422,M,Arabika Ratawali Aceh,M-RAT,F:\MBKM ADB ENOSE\smart-coffee-v2\scripts\..\data\medium_20260813_160059.csv
medium,collecting,9,155,2085227,16387,2914,2898,8176,10878,2893,7164,17545,14558,14418,M,Arabika Ratawali Aceh,M-RAT,F:\MBKM ADB ENOSE\smart-coffee-v2\scripts\..\data\medium_20260813_160059.csv
medium,collecting,9,156,2086227,16381,2912,2895,8175,10877,2892,7164,17542,14552,14416,M,Arabika Ratawali Aceh,M-RAT,F:\MBKM ADB ENOSE\smart-coffee-v2\scripts\..\data\medium_20260813_160059.csv
medium,collecting,9,157,2087227,16376,2912,2895,8173,10875,2893,7163,17539,14548,14413,M,Arabika Ratawali Aceh,M-RAT,F:\MBKM ADB ENOSE\smart-coffee-v2\scripts\..\data\medium_20260813_160059.csv
medium,collecting,9,158,2088227,16371,2914,2893,8172,10874,2892,7163,17536,14544,14410,M,Arabika Ratawali Aceh,M-RAT,F:\MBKM ADB ENOSE\smart-coffee-v2\scripts\..\data\medium_20260813_160059.csv
medium,collecting,9,159,2089227,16366,2913,2894,8171,10872,2893,7163,17534,14540,14408,M,Arabika Ratawali Aceh,M-RAT,F:\MBKM ADB ENOSE\smart-coffee-v2\scripts\..\data\medium_20260813_160059.csv
medium,collecting,9,160,2090227,16361,2914,2893,8169,10872,2892,7163,17531,14536,14406,M,Arabika Ratawali Aceh,M-RAT,F:\MBKM ADB ENOSE\smart-coffee-v2\scripts\..\data\medium_20260813_160059.csv
medium,collecting,9,161,2091228,16357,2914,2893,8168,10871,2891,7164,17529,14533,14404,M,Arabika Ratawali Aceh,M-RAT,F:\MBKM ADB ENOSE\smart-coffee-v2\scripts\..\data\medium_20260813_160059.csv
medium,collecting,9,162,2092227,16352,2914,2894,8167,10870,2892,7164,17527,14530,14403,M,Arabika Ratawali Aceh,M-RAT,F:\MBKM ADB ENOSE\smart-coffee-v2\scripts\..\data\medium_20260813_160059.csv
medium,collecting,9,163,2093228,16347,2913,2897,8166,10869,2892,7165,17526,14526,14401,M,Arabika Ratawali Aceh,M-RAT,F:\MBKM ADB ENOSE\smart-coffee-v2\scripts\..\data\medium_20260813_160059.csv
medium,collecting,9,164,2094227,16342,2914,2895,8164,10869,2891,7165,17524,14523,14399,M,Arabika Ratawali Aceh,M-RAT,F:\MBKM ADB ENOSE\smart-coffee-v2\scripts\..\data\medium_20260813_160059.csv
medium,collecting,9,165,2095227,16339,2912,2895,8163,10868,2892,7165,17522,14519,14397,M,Arabika Ratawali Aceh,M-RAT,F:\MBKM ADB ENOSE\smart-coffee-v2\scripts\..\data\medium_20260813_160059.csv
medium,collecting,9,166,2096227,16336,2916,2897,8162,10867,2895,7165,17520,14514,14395,M,Arabika Ratawali Aceh,M-RAT,F:\MBKM ADB ENOSE\smart-coffee-v2\scripts\..\data\medium_20260813_160059.csv
medium,collecting,9,167,2097227,16332,2910,2895,8160,10866,2896,7164,17518,14510,14393,M,Arabika Ratawali Aceh,M-RAT,F:\MBKM ADB ENOSE\smart-coffee-v2\scripts\..\data\medium_20260813_160059.csv
medium,collecting,9,168,2098228,16328,2912,2894,8159,10864,2892,7164,17515,14506,14392,M,Arabika Ratawali Aceh,M-RAT,F:\MBKM ADB ENOSE\smart-coffee-v2\scripts\..\data\medium_20260813_160059.csv
medium,collecting,9,169,2099227,16324,2912,2897,8158,10863,2892,7164,17514,14503,14390,M,Arabika Ratawali Aceh,M-RAT,F:\MBKM ADB ENOSE\smart-coffee-v2\scripts\..\data\medium_20260813_160059.csv
medium,collecting,9,170,2100228,16322,2913,2894,8157,10863,2895,7165,17512,14500,14390,M,Arabika Ratawali Aceh,M-RAT,F:\MBKM ADB ENOSE\smart-coffee-v2\scripts\..\data\medium_20260813_160059.csv
medium,collecting,9,171,2101227,16319,2913,2895,8155,10863,2892,7165,17511,14498,14387,M,Arabika Ratawali Aceh,M-RAT,F:\MBKM ADB ENOSE\smart-coffee-v2\scripts\..\data\medium_20260813_160059.csv
medium,collecting,9,172,2102227,16315,2910,2893,8154,10863,2891,7166,17509,14496,14386,M,Arabika Ratawali Aceh,M-RAT,F:\MBKM ADB ENOSE\smart-coffee-v2\scripts\..\data\medium_20260813_160059.csv
medium,collecting,9,173,2103227,16313,2909,2893,8153,10863,2891,7166,17508,14494,14386,M,Arabika Ratawali Aceh,M-RAT,F:\MBKM ADB ENOSE\smart-coffee-v2\scripts\..\data\medium_20260813_160059.csv
medium,collecting,9,174,2104227,16310,2910,2897,8152,10862,2891,7167,17507,14491,14385,M,Arabika Ratawali Aceh,M-RAT,F:\MBKM ADB ENOSE\smart-coffee-v2\scripts\..\data\medium_20260813_160059.csv
medium,collecting,9,175,2105227,16308,2912,2895,8150,10862,2891,7168,17506,14488,14384,M,Arabika Ratawali Aceh,M-RAT,F:\MBKM ADB ENOSE\smart-coffee-v2\scripts\..\data\medium_20260813_160059.csv
medium,collecting,9,176,2106227,16304,2912,2894,8149,10862,2892,7169,17505,14485,14383,M,Arabika Ratawali Aceh,M-RAT,F:\MBKM ADB ENOSE\smart-coffee-v2\scripts\..\data\medium_20260813_160059.csv
medium,collecting,9,177,2107228,16301,2912,2896,8147,10861,2892,7169,17504,14483,14381,M,Arabika Ratawali Aceh,M-RAT,F:\MBKM ADB ENOSE\smart-coffee-v2\scripts\..\data\medium_20260813_160059.csv
medium,collecting,9,178,2108227,16299,2910,2896,8146,10860,2892,7169,17503,14481,14380,M,Arabika Ratawali Aceh,M-RAT,F:\MBKM ADB ENOSE\smart-coffee-v2\scripts\..\data\medium_20260813_160059.csv
medium,collecting,9,179,2109228,16297,2912,2896,8145,10859,2891,7170,17502,14477,14378,M,Arabika Ratawali Aceh,M-RAT,F:\MBKM ADB ENOSE\smart-coffee-v2\scripts\..\data\medium_20260813_160059.csv
medium,collecting,9,180,2110227,16293,2914,2896,8144,10858,2891,7169,17500,14475,14377,M,Arabika Ratawali Aceh,M-RAT,F:\MBKM ADB ENOSE\smart-coffee-v2\scripts\..\data\medium_20260813_160059.csv
medium,collecting,9,181,2111227,16291,2912,2893,8143,10857,2894,7170,17499,14472,14375,M,Arabika Ratawali Aceh,M-RAT,F:\MBKM ADB ENOSE\smart-coffee-v2\scripts\..\data\medium_20260813_160059.csv
medium,purging,9,1,2112230,16288,2912,2894,8141,10856,2892,7169,17498,14470,14374,M,Arabika Ratawali Aceh,M-RAT,F:\MBKM ADB ENOSE\smart-coffee-v2\scripts\..\data\medium_20260813_160059.csv
medium,purging,9,2,2113227,16286,2913,2893,8140,10856,2894,7169,17496,14467,14372,M,Arabika Ratawali Aceh,M-RAT,F:\MBKM ADB ENOSE\smart-coffee-v2\scripts\..\data\medium_20260813_160059.csv
medium,purging,9,3,2114228,16279,2914,2896,8139,10855,2891,7169,17496,14464,14373,M,Arabika Ratawali Aceh,M-RAT,F:\MBKM ADB ENOSE\smart-coffee-v2\scripts\..\data\medium_20260813_160059.csv
medium,purging,9,4,2115227,16236,2914,2898,8138,10857,2894,7167,17488,14455,14364,M,Arabika Ratawali Aceh,M-RAT,F:\MBKM ADB ENOSE\smart-coffee-v2\scripts\..\data\medium_20260813_160059.csv
medium,purging,9,5,2116228,16149,2913,2898,8136,10856,2892,7165,17463,14428,14341,M,Arabika Ratawali Aceh,M-RAT,F:\MBKM ADB ENOSE\smart-coffee-v2\scripts\..\data\medium_20260813_160059.csv
medium,purging,9,6,2117227,16032,2913,2894,8135,10851,2892,7163,17422,14381,14311,M,Arabika Ratawali Aceh,M-RAT,F:\MBKM ADB ENOSE\smart-coffee-v2\scripts\..\data\medium_20260813_160059.csv
medium,purging,9,7,2118227,15894,2910,2896,8134,10840,2891,7160,17374,14320,14271,M,Arabika Ratawali Aceh,M-RAT,F:\MBKM ADB ENOSE\smart-coffee-v2\scripts\..\data\medium_20260813_160059.csv
medium,purging,9,8,2119227,15744,2914,2896,8132,10825,2892,7156,17321,14247,14227,M,Arabika Ratawali Aceh,M-RAT,F:\MBKM ADB ENOSE\smart-coffee-v2\scripts\..\data\medium_20260813_160059.csv
medium,purging,9,9,2120227,15587,2910,2892,8131,10807,2892,7151,17267,14168,14184,M,Arabika Ratawali Aceh,M-RAT,F:\MBKM ADB ENOSE\smart-coffee-v2\scripts\..\data\medium_20260813_160059.csv
medium,purging,9,10,2121227,15427,2911,2895,8130,10787,2894,7148,17213,14088,14141,M,Arabika Ratawali Aceh,M-RAT,F:\MBKM ADB ENOSE\smart-coffee-v2\scripts\..\data\medium_20260813_160059.csv
medium,purging,9,11,2122227,15266,2910,2893,8129,10768,2891,7145,17163,14010,14101,M,Arabika Ratawali Aceh,M-RAT,F:\MBKM ADB ENOSE\smart-coffee-v2\scripts\..\data\medium_20260813_160059.csv
medium,purging,9,12,2123228,15108,2909,2894,8129,10748,2891,7144,17114,13933,14063,M,Arabika Ratawali Aceh,M-RAT,F:\MBKM ADB ENOSE\smart-coffee-v2\scripts\..\data\medium_20260813_160059.csv
medium,purging,9,13,2124227,14953,2911,2897,8128,10729,2891,7142,17068,13860,14027,M,Arabika Ratawali Aceh,M-RAT,F:\MBKM ADB ENOSE\smart-coffee-v2\scripts\..\data\medium_20260813_160059.csv
medium,purging,9,14,2125228,14804,2908,2895,8127,10710,2891,7141,17024,13788,13989,M,Arabika Ratawali Aceh,M-RAT,F:\MBKM ADB ENOSE\smart-coffee-v2\scripts\..\data\medium_20260813_160059.csv
medium,purging,9,15,2126227,14661,2909,2895,8126,10689,2891,7136,16980,13717,13953,M,Arabika Ratawali Aceh,M-RAT,F:\MBKM ADB ENOSE\smart-coffee-v2\scripts\..\data\medium_20260813_160059.csv
medium,purging,9,16,2127227,14526,2910,2893,8125,10671,2892,7133,16939,13651,13919,M,Arabika Ratawali Aceh,M-RAT,F:\MBKM ADB ENOSE\smart-coffee-v2\scripts\..\data\medium_20260813_160059.csv
medium,purging,9,17,2128227,14398,2908,2893,8124,10651,2892,7129,16898,13586,13884,M,Arabika Ratawali Aceh,M-RAT,F:\MBKM ADB ENOSE\smart-coffee-v2\scripts\..\data\medium_20260813_160059.csv
medium,purging,9,18,2129227,14276,2910,2896,8124,10631,2892,7123,16860,13523,13851,M,Arabika Ratawali Aceh,M-RAT,F:\MBKM ADB ENOSE\smart-coffee-v2\scripts\..\data\medium_20260813_160059.csv
medium,purging,9,19,2130228,14162,2909,2898,8123,10611,2892,7117,16822,13461,13818,M,Arabika Ratawali Aceh,M-RAT,F:\MBKM ADB ENOSE\smart-coffee-v2\scripts\..\data\medium_20260813_160059.csv
medium,purging,9,20,2131227,14056,2912,2896,8122,10592,2891,7111,16786,13402,13789,M,Arabika Ratawali Aceh,M-RAT,F:\MBKM ADB ENOSE\smart-coffee-v2\scripts\..\data\medium_20260813_160059.csv
medium,purging,9,21,2132228,13956,2912,2895,8121,10574,2891,7107,16753,13347,13762,M,Arabika Ratawali Aceh,M-RAT,F:\MBKM ADB ENOSE\smart-coffee-v2\scripts\..\data\medium_20260813_160059.csv
medium,purging,9,22,2133227,13862,2912,2893,8120,10559,2892,7103,16721,13295,13738,M,Arabika Ratawali Aceh,M-RAT,F:\MBKM ADB ENOSE\smart-coffee-v2\scripts\..\data\medium_20260813_160059.csv
medium,purging,9,23,2134227,13774,2909,2893,8119,10545,2893,7102,16691,13246,13715,M,Arabika Ratawali Aceh,M-RAT,F:\MBKM ADB ENOSE\smart-coffee-v2\scripts\..\data\medium_20260813_160059.csv
medium,purging,9,24,2135227,13690,2908,2897,8118,10532,2892,7101,16663,13200,13692,M,Arabika Ratawali Aceh,M-RAT,F:\MBKM ADB ENOSE\smart-coffee-v2\scripts\..\data\medium_20260813_160059.csv
medium,purging,9,25,2136227,13612,2908,2895,8117,10519,2891,7099,16635,13155,13669,M,Arabika Ratawali Aceh,M-RAT,F:\MBKM ADB ENOSE\smart-coffee-v2\scripts\..\data\medium_20260813_160059.csv
medium,purging,9,26,2137227,13539,2907,2893,8116,10506,2891,7096,16606,13109,13646,M,Arabika Ratawali Aceh,M-RAT,F:\MBKM ADB ENOSE\smart-coffee-v2\scripts\..\data\medium_20260813_160059.csv
medium,purging,9,27,2138227,13470,2910,2893,8115,10494,2894,7093,16580,13067,13626,M,Arabika Ratawali Aceh,M-RAT,F:\MBKM ADB ENOSE\smart-coffee-v2\scripts\..\data\medium_20260813_160059.csv
medium,purging,9,28,2139228,13405,2908,2893,8115,10482,2891,7091,16554,13026,13607,M,Arabika Ratawali Aceh,M-RAT,F:\MBKM ADB ENOSE\smart-coffee-v2\scripts\..\data\medium_20260813_160059.csv
medium,purging,9,29,2140227,13344,2908,2893,8113,10473,2891,7090,16530,12987,13588,M,Arabika Ratawali Aceh,M-RAT,F:\MBKM ADB ENOSE\smart-coffee-v2\scripts\..\data\medium_20260813_160059.csv
medium,purging,9,30,2141228,13286,2911,2893,8112,10463,2894,7088,16505,12949,13568,M,Arabika Ratawali Aceh,M-RAT,F:\MBKM ADB ENOSE\smart-coffee-v2\scripts\..\data\medium_20260813_160059.csv
medium,purging,9,31,2142227,13231,2911,2897,8111,10452,2892,7086,16481,12912,13549,M,Arabika Ratawali Aceh,M-RAT,F:\MBKM ADB ENOSE\smart-coffee-v2\scripts\..\data\medium_20260813_160059.csv
medium,purging,9,32,2143227,13179,2906,2893,8110,10442,2892,7084,16458,12876,13533,M,Arabika Ratawali Aceh,M-RAT,F:\MBKM ADB ENOSE\smart-coffee-v2\scripts\..\data\medium_20260813_160059.csv
medium,purging,9,33,2144227,13129,2906,2895,8109,10434,2893,7083,16436,12842,13517,M,Arabika Ratawali Aceh,M-RAT,F:\MBKM ADB ENOSE\smart-coffee-v2\scripts\..\data\medium_20260813_160059.csv
medium,purging,9,34,2145227,13083,2906,2894,8108,10425,2892,7083,16415,12809,13502,M,Arabika Ratawali Aceh,M-RAT,F:\MBKM ADB ENOSE\smart-coffee-v2\scripts\..\data\medium_20260813_160059.csv
medium,purging,9,35,2146228,13037,2905,2893,8107,10418,2891,7082,16394,12778,13486,M,Arabika Ratawali Aceh,M-RAT,F:\MBKM ADB ENOSE\smart-coffee-v2\scripts\..\data\medium_20260813_160059.csv
medium,purging,9,36,2147227,12995,2911,2895,8106,10410,2891,7081,16373,12748,13472,M,Arabika Ratawali Aceh,M-RAT,F:\MBKM ADB ENOSE\smart-coffee-v2\scripts\..\data\medium_20260813_160059.csv
medium,purging,9,37,2148228,12955,2907,2897,8105,10404,2894,7081,16354,12720,13461,M,Arabika Ratawali Aceh,M-RAT,F:\MBKM ADB ENOSE\smart-coffee-v2\scripts\..\data\medium_20260813_160059.csv
medium,purging,9,38,2149227,12915,2905,2893,8104,10399,2891,7083,16336,12693,13450,M,Arabika Ratawali Aceh,M-RAT,F:\MBKM ADB ENOSE\smart-coffee-v2\scripts\..\data\medium_20260813_160059.csv
medium,purging,9,39,2150227,12877,2906,2893,8104,10394,2894,7084,16318,12667,13438,M,Arabika Ratawali Aceh,M-RAT,F:\MBKM ADB ENOSE\smart-coffee-v2\scripts\..\data\medium_20260813_160059.csv
medium,purging,9,40,2151227,12841,2907,2894,8103,10390,2891,7085,16301,12643,13427,M,Arabika Ratawali Aceh,M-RAT,F:\MBKM ADB ENOSE\smart-coffee-v2\scripts\..\data\medium_20260813_160059.csv
medium,purging,9,41,2152227,12806,2908,2897,8102,10386,2892,7087,16283,12618,13416,M,Arabika Ratawali Aceh,M-RAT,F:\MBKM ADB ENOSE\smart-coffee-v2\scripts\..\data\medium_20260813_160059.csv
medium,purging,9,42,2153227,12772,2908,2898,8101,10382,2891,7087,16267,12595,13408,M,Arabika Ratawali Aceh,M-RAT,F:\MBKM ADB ENOSE\smart-coffee-v2\scripts\..\data\medium_20260813_160059.csv
medium,purging,9,43,2154227,12740,2906,2896,8100,10379,2896,7089,16251,12573,13397,M,Arabika Ratawali Aceh,M-RAT,F:\MBKM ADB ENOSE\smart-coffee-v2\scripts\..\data\medium_20260813_160059.csv
medium,purging,9,44,2155228,12709,2911,2894,8100,10375,2894,7090,16234,12551,13385,M,Arabika Ratawali Aceh,M-RAT,F:\MBKM ADB ENOSE\smart-coffee-v2\scripts\..\data\medium_20260813_160059.csv
medium,purging,9,45,2156227,12678,2907,2896,8099,10370,2894,7089,16216,12527,13372,M,Arabika Ratawali Aceh,M-RAT,F:\MBKM ADB ENOSE\smart-coffee-v2\scripts\..\data\medium_20260813_160059.csv
medium,purging,9,46,2157228,12648,2907,2896,8097,10365,2892,7087,16199,12504,13361,M,Arabika Ratawali Aceh,M-RAT,F:\MBKM ADB ENOSE\smart-coffee-v2\scripts\..\data\medium_20260813_160059.csv
medium,purging,9,47,2158227,12620,2906,2895,8097,10361,2892,7086,16183,12482,13354,M,Arabika Ratawali Aceh,M-RAT,F:\MBKM ADB ENOSE\smart-coffee-v2\scripts\..\data\medium_20260813_160059.csv
medium,purging,9,48,2159227,12591,2905,2895,8096,10358,2891,7087,16168,12463,13348,M,Arabika Ratawali Aceh,M-RAT,F:\MBKM ADB ENOSE\smart-coffee-v2\scripts\..\data\medium_20260813_160059.csv
medium,purging,9,49,2160227,12564,2907,2895,8095,10357,2891,7090,16155,12445,13342,M,Arabika Ratawali Aceh,M-RAT,F:\MBKM ADB ENOSE\smart-coffee-v2\scripts\..\data\medium_20260813_160059.csv
medium,purging,9,50,2161227,12537,2906,2893,8094,10355,2891,7094,16142,12427,13335,M,Arabika Ratawali Aceh,M-RAT,F:\MBKM ADB ENOSE\smart-coffee-v2\scripts\..\data\medium_20260813_160059.csv
medium,purging,9,51,2162228,12510,2907,2895,8094,10354,2892,7096,16130,12410,13330,M,Arabika Ratawali Aceh,M-RAT,F:\MBKM ADB ENOSE\smart-coffee-v2\scripts\..\data\medium_20260813_160059.csv
medium,purging,9,52,2163227,12485,2907,2897,8093,10353,2892,7098,16117,12392,13325,M,Arabika Ratawali Aceh,M-RAT,F:\MBKM ADB ENOSE\smart-coffee-v2\scripts\..\data\medium_20260813_160059.csv
medium,purging,9,53,2164228,12460,2911,2893,8092,10352,2892,7101,16105,12376,13321,M,Arabika Ratawali Aceh,M-RAT,F:\MBKM ADB ENOSE\smart-coffee-v2\scripts\..\data\medium_20260813_160059.csv
medium,purging,9,54,2165227,12437,2906,2897,8091,10352,2892,7106,16094,12361,13321,M,Arabika Ratawali Aceh,M-RAT,F:\MBKM ADB ENOSE\smart-coffee-v2\scripts\..\data\medium_20260813_160059.csv
medium,purging,9,55,2166227,12415,2905,2894,8091,10355,2891,7114,16087,12350,13328,M,Arabika Ratawali Aceh,M-RAT,F:\MBKM ADB ENOSE\smart-coffee-v2\scripts\..\data\medium_20260813_160059.csv
medium,purging,9,56,2167227,12394,2906,2894,8090,10362,2892,7126,16081,12342,13342,M,Arabika Ratawali Aceh,M-RAT,F:\MBKM ADB ENOSE\smart-coffee-v2\scripts\..\data\medium_20260813_160059.csv
medium,purging,9,57,2168227,12374,2906,2896,8089,10374,2894,7145,16082,12339,13364,M,Arabika Ratawali Aceh,M-RAT,F:\MBKM ADB ENOSE\smart-coffee-v2\scripts\..\data\medium_20260813_160059.csv
medium,purging,9,58,2169227,12353,2908,2897,8089,10390,2896,7169,16086,12341,13370,M,Arabika Ratawali Aceh,M-RAT,F:\MBKM ADB ENOSE\smart-coffee-v2\scripts\..\data\medium_20260813_160059.csv
medium,purging,9,59,2170227,12332,2909,2896,8088,10402,2891,7185,16083,12340,13375,M,Arabika Ratawali Aceh,M-RAT,F:\MBKM ADB ENOSE\smart-coffee-v2\scripts\..\data\medium_20260813_160059.csv
medium,purging,9,60,2171228,12311,2908,2894,8087,10413,2892,7198,16077,12339,13385,M,Arabika Ratawali Aceh,M-RAT,F:\MBKM ADB ENOSE\smart-coffee-v2\scripts\..\data\medium_20260813_160059.csv
medium,purging,9,61,2172227,12292,2908,2893,8086,10424,2892,7211,16072,12339,13381,M,Arabika Ratawali Aceh,M-RAT,F:\MBKM ADB ENOSE\smart-coffee-v2\scripts\..\data\medium_20260813_160059.csv
medium,collecting,10,1,2173232,12274,2904,2894,8086,10431,2892,7217,16061,12335,13376,M,Arabika Ratawali Aceh,M-RAT,F:\MBKM ADB ENOSE\smart-coffee-v2\scripts\..\data\medium_20260813_160059.csv
medium,collecting,10,2,2174227,12266,2905,2892,8086,10435,2892,7219,16048,12329,13374,M,Arabika Ratawali Aceh,M-RAT,F:\MBKM ADB ENOSE\smart-coffee-v2\scripts\..\data\medium_20260813_160059.csv
medium,collecting,10,3,2175227,12303,2905,2893,8086,10440,2890,7222,16041,12328,13383,M,Arabika Ratawali Aceh,M-RAT,F:\MBKM ADB ENOSE\smart-coffee-v2\scripts\..\data\medium_20260813_160059.csv
medium,collecting,10,4,2176227,12435,2906,2893,8085,10450,2890,7231,16050,12348,13405,M,Arabika Ratawali Aceh,M-RAT,F:\MBKM ADB ENOSE\smart-coffee-v2\scripts\..\data\medium_20260813_160059.csv
medium,collecting,10,5,2177227,12679,2907,2893,8085,10468,2892,7244,16080,12399,13449,M,Arabika Ratawali Aceh,M-RAT,F:\MBKM ADB ENOSE\smart-coffee-v2\scripts\..\data\medium_20260813_160059.csv
medium,collecting,10,6,2178228,12986,2906,2893,8085,10493,2893,7257,16132,12483,13502,M,Arabika Ratawali Aceh,M-RAT,F:\MBKM ADB ENOSE\smart-coffee-v2\scripts\..\data\medium_20260813_160059.csv
medium,collecting,10,7,2179227,13298,2907,2893,8084,10522,2892,7271,16196,12586,13557,M,Arabika Ratawali Aceh,M-RAT,F:\MBKM ADB ENOSE\smart-coffee-v2\scripts\..\data\medium_20260813_160059.csv
medium,collecting,10,8,2180228,13588,2913,2893,8084,10552,2892,7282,16263,12700,13609,M,Arabika Ratawali Aceh,M-RAT,F:\MBKM ADB ENOSE\smart-coffee-v2\scripts\..\data\medium_20260813_160059.csv
medium,collecting,10,9,2181227,13807,2912,2893,8083,10581,2892,7288,16321,12808,13647,M,Arabika Ratawali Aceh,M-RAT,F:\MBKM ADB ENOSE\smart-coffee-v2\scripts\..\data\medium_20260813_160059.csv
medium,collecting,10,10,2182227,13946,2912,2893,8083,10602,2891,7290,16361,12893,13671,M,Arabika Ratawali Aceh,M-RAT,F:\MBKM ADB ENOSE\smart-coffee-v2\scripts\..\data\medium_20260813_160059.csv
medium,collecting,10,11,2183227,14017,2913,2894,8082,10616,2892,7286,16379,12949,13680,M,Arabika Ratawali Aceh,M-RAT,F:\MBKM ADB ENOSE\smart-coffee-v2\scripts\..\data\medium_20260813_160059.csv
medium,collecting,10,12,2184227,14035,2912,2893,8082,10621,2892,7280,16381,12976,13680,M,Arabika Ratawali Aceh,M-RAT,F:\MBKM ADB ENOSE\smart-coffee-v2\scripts\..\data\medium_20260813_160059.csv
medium,collecting,10,13,2185227,14022,2908,2893,8081,10620,2892,7272,16373,12982,13672,M,Arabika Ratawali Aceh,M-RAT,F:\MBKM ADB ENOSE\smart-coffee-v2\scripts\..\data\medium_20260813_160059.csv
medium,collecting,10,14,2186227,13989,2907,2893,8080,10615,2892,7263,16359,12974,13662,M,Arabika Ratawali Aceh,M-RAT,F:\MBKM ADB ENOSE\smart-coffee-v2\scripts\..\data\medium_20260813_160059.csv
medium,collecting,10,15,2187228,13945,2908,2893,8079,10608,2891,7255,16343,12957,13649,M,Arabika Ratawali Aceh,M-RAT,F:\MBKM ADB ENOSE\smart-coffee-v2\scripts\..\data\medium_20260813_160059.csv
medium,collecting,10,16,2188227,13896,2908,2893,8079,10600,2892,7247,16327,12935,13636,M,Arabika Ratawali Aceh,M-RAT,F:\MBKM ADB ENOSE\smart-coffee-v2\scripts\..\data\medium_20260813_160059.csv
medium,collecting,10,17,2189228,13847,2911,2893,8078,10591,2892,7240,16311,12911,13624,M,Arabika Ratawali Aceh,M-RAT,F:\MBKM ADB ENOSE\smart-coffee-v2\scripts\..\data\medium_20260813_160059.csv
medium,collecting,10,18,2190227,13799,2910,2893,8077,10583,2893,7233,16297,12888,13612,M,Arabika Ratawali Aceh,M-RAT,F:\MBKM ADB ENOSE\smart-coffee-v2\scripts\..\data\medium_20260813_160059.csv
medium,collecting,10,19,2191227,13756,2911,2895,8076,10575,2894,7227,16283,12865,13601,M,Arabika Ratawali Aceh,M-RAT,F:\MBKM ADB ENOSE\smart-coffee-v2\scripts\..\data\medium_20260813_160059.csv
medium,collecting,10,20,2192227,13716,2912,2894,8076,10567,2893,7222,16271,12843,13592,M,Arabika Ratawali Aceh,M-RAT,F:\MBKM ADB ENOSE\smart-coffee-v2\scripts\..\data\medium_20260813_160059.csv
medium,collecting,10,21,2193227,13679,2907,2893,8075,10560,2895,7217,16260,12824,13583,M,Arabika Ratawali Aceh,M-RAT,F:\MBKM ADB ENOSE\smart-coffee-v2\scripts\..\data\medium_20260813_160059.csv
medium,collecting,10,22,2194228,13647,2907,2895,8073,10552,2892,7213,16250,12805,13575,M,Arabika Ratawali Aceh,M-RAT,F:\MBKM ADB ENOSE\smart-coffee-v2\scripts\..\data\medium_20260813_160059.csv
medium,collecting,10,23,2195227,13620,2908,2894,8073,10547,2894,7209,16242,12787,13568,M,Arabika Ratawali Aceh,M-RAT,F:\MBKM ADB ENOSE\smart-coffee-v2\scripts\..\data\medium_20260813_160059.csv
medium,collecting,10,24,2196228,13596,2907,2893,8072,10541,2892,7206,16234,12770,13562,M,Arabika Ratawali Aceh,M-RAT,F:\MBKM ADB ENOSE\smart-coffee-v2\scripts\..\data\medium_20260813_160059.csv
medium,collecting,10,25,2197227,13575,2912,2894,8071,10537,2891,7203,16227,12755,13557,M,Arabika Ratawali Aceh,M-RAT,F:\MBKM ADB ENOSE\smart-coffee-v2\scripts\..\data\medium_20260813_160059.csv
medium,collecting,10,26,2198227,13557,2910,2894,8070,10533,2891,7200,16220,12742,13552,M,Arabika Ratawali Aceh,M-RAT,F:\MBKM ADB ENOSE\smart-coffee-v2\scripts\..\data\medium_20260813_160059.csv
medium,collecting,10,27,2199227,13543,2910,2893,8069,10529,2891,7198,16214,12731,13547,M,Arabika Ratawali Aceh,M-RAT,F:\MBKM ADB ENOSE\smart-coffee-v2\scripts\..\data\medium_20260813_160059.csv
medium,collecting,10,28,2200227,13530,2908,2893,8068,10525,2891,7196,16210,12720,13544,M,Arabika Ratawali Aceh,M-RAT,F:\MBKM ADB ENOSE\smart-coffee-v2\scripts\..\data\medium_20260813_160059.csv
medium,collecting,10,29,2201227,13521,2908,2894,8067,10523,2892,7195,16206,12710,13540,M,Arabika Ratawali Aceh,M-RAT,F:\MBKM ADB ENOSE\smart-coffee-v2\scripts\..\data\medium_20260813_160059.csv
medium,collecting,10,30,2202227,13512,2908,2894,8066,10521,2894,7194,16201,12701,13537,M,Arabika Ratawali Aceh,M-RAT,F:\MBKM ADB ENOSE\smart-coffee-v2\scripts\..\data\medium_20260813_160059.csv
medium,collecting,10,31,2203228,13506,2912,2893,8066,10518,2896,7192,16197,12693,13534,M,Arabika Ratawali Aceh,M-RAT,F:\MBKM ADB ENOSE\smart-coffee-v2\scripts\..\data\medium_20260813_160059.csv
medium,collecting,10,32,2204227,13499,2913,2894,8065,10516,2896,7192,16194,12685,13532,M,Arabika Ratawali Aceh,M-RAT,F:\MBKM ADB ENOSE\smart-coffee-v2\scripts\..\data\medium_20260813_160059.csv
medium,collecting,10,33,2205228,13493,2910,2892,8064,10514,2891,7190,16191,12677,13529,M,Arabika Ratawali Aceh,M-RAT,F:\MBKM ADB ENOSE\smart-coffee-v2\scripts\..\data\medium_20260813_160059.csv
medium,collecting,10,34,2206227,13489,2911,2893,8063,10512,2894,7190,16186,12670,13527,M,Arabika Ratawali Aceh,M-RAT,F:\MBKM ADB ENOSE\smart-coffee-v2\scripts\..\data\medium_20260813_160059.csv
medium,collecting,10,35,2207227,13486,2911,2893,8062,10511,2890,7189,16183,12663,13524,M,Arabika Ratawali Aceh,M-RAT,F:\MBKM ADB ENOSE\smart-coffee-v2\scripts\..\data\medium_20260813_160059.csv
medium,collecting,10,36,2208227,13482,2908,2893,8061,10510,2894,7189,16179,12657,13524,M,Arabika Ratawali Aceh,M-RAT,F:\MBKM ADB ENOSE\smart-coffee-v2\scripts\..\data\medium_20260813_160059.csv
medium,collecting,10,37,2209227,13479,2909,2893,8060,10509,2892,7189,16177,12653,13524,M,Arabika Ratawali Aceh,M-RAT,F:\MBKM ADB ENOSE\smart-coffee-v2\scripts\..\data\medium_20260813_160059.csv
medium,collecting,10,38,2210228,13476,2912,2896,8060,10510,2891,7190,16175,12649,13523,M,Arabika Ratawali Aceh,M-RAT,F:\MBKM ADB ENOSE\smart-coffee-v2\scripts\..\data\medium_20260813_160059.csv
medium,collecting,10,39,2211227,13473,2910,2893,8059,10510,2894,7192,16173,12645,13523,M,Arabika Ratawali Aceh,M-RAT,F:\MBKM ADB ENOSE\smart-coffee-v2\scripts\..\data\medium_20260813_160059.csv
medium,collecting,10,40,2212228,13469,2907,2893,8059,10511,2891,7193,16171,12641,13523,M,Arabika Ratawali Aceh,M-RAT,F:\MBKM ADB ENOSE\smart-coffee-v2\scripts\..\data\medium_20260813_160059.csv
medium,collecting,10,41,2213227,13466,2908,2896,8058,10511,2891,7194,16169,12637,13523,M,Arabika Ratawali Aceh,M-RAT,F:\MBKM ADB ENOSE\smart-coffee-v2\scripts\..\data\medium_20260813_160059.csv
medium,collecting,10,42,2214227,13463,2911,2893,8057,10512,2890,7195,16167,12634,13523,M,Arabika Ratawali Aceh,M-RAT,F:\MBKM ADB ENOSE\smart-coffee-v2\scripts\..\data\medium_20260813_160059.csv
medium,collecting,10,43,2215227,13459,2907,2893,8057,10514,2894,7196,16164,12631,13523,M,Arabika Ratawali Aceh,M-RAT,F:\MBKM ADB ENOSE\smart-coffee-v2\scripts\..\data\medium_20260813_160059.csv
medium,collecting,10,44,2216227,13458,2907,2893,8056,10514,2894,7197,16162,12628,13522,M,Arabika Ratawali Aceh,M-RAT,F:\MBKM ADB ENOSE\smart-coffee-v2\scripts\..\data\medium_20260813_160059.csv
medium,collecting,10,45,2217227,13455,2907,2893,8055,10513,2894,7198,16159,12624,13520,M,Arabika Ratawali Aceh,M-RAT,F:\MBKM ADB ENOSE\smart-coffee-v2\scripts\..\data\medium_20260813_160059.csv
medium,collecting,10,46,2218227,13452,2907,2893,8054,10513,2892,7197,16157,12620,13519,M,Arabika Ratawali Aceh,M-RAT,F:\MBKM ADB ENOSE\smart-coffee-v2\scripts\..\data\medium_20260813_160059.csv
medium,collecting,10,47,2219228,13448,2911,2893,8054,10512,2894,7197,16153,12615,13518,M,Arabika Ratawali Aceh,M-RAT,F:\MBKM ADB ENOSE\smart-coffee-v2\scripts\..\data\medium_20260813_160059.csv
medium,collecting,10,48,2220227,13445,2907,2894,8053,10511,2895,7196,16150,12611,13515,M,Arabika Ratawali Aceh,M-RAT,F:\MBKM ADB ENOSE\smart-coffee-v2\scripts\..\data\medium_20260813_160059.csv
medium,collecting,10,49,2221228,13442,2912,2893,8052,10510,2891,7195,16147,12605,13513,M,Arabika Ratawali Aceh,M-RAT,F:\MBKM ADB ENOSE\smart-coffee-v2\scripts\..\data\medium_20260813_160059.csv
medium,collecting,10,50,2222227,13438,2912,2893,8051,10508,2891,7195,16144,12601,13511,M,Arabika Ratawali Aceh,M-RAT,F:\MBKM ADB ENOSE\smart-coffee-v2\scripts\..\data\medium_20260813_160059.csv
medium,collecting,10,51,2223227,13436,2910,2895,8050,10507,2891,7194,16141,12595,13509,M,Arabika Ratawali Aceh,M-RAT,F:\MBKM ADB ENOSE\smart-coffee-v2\scripts\..\data\medium_20260813_160059.csv
medium,collecting,10,52,2224227,13433,2907,2896,8049,10506,2894,7193,16137,12590,13508,M,Arabika Ratawali Aceh,M-RAT,F:\MBKM ADB ENOSE\smart-coffee-v2\scripts\..\data\medium_20260813_160059.csv
medium,collecting,10,53,2225227,13430,2909,2897,8048,10505,2890,7192,16134,12586,13506,M,Arabika Ratawali Aceh,M-RAT,F:\MBKM ADB ENOSE\smart-coffee-v2\scripts\..\data\medium_20260813_160059.csv
medium,collecting,10,54,2226228,13427,2911,2893,8047,10504,2894,7192,16131,12581,13505,M,Arabika Ratawali Aceh,M-RAT,F:\MBKM ADB ENOSE\smart-coffee-v2\scripts\..\data\medium_20260813_160059.csv
medium,collecting,10,55,2227227,13424,2907,2896,8046,10504,2892,7192,16128,12577,13503,M,Arabika Ratawali Aceh,M-RAT,F:\MBKM ADB ENOSE\smart-coffee-v2\scripts\..\data\medium_20260813_160059.csv
medium,collecting,10,56,2228228,13422,2907,2893,8046,10503,2892,7191,16125,12572,13502,M,Arabika Ratawali Aceh,M-RAT,F:\MBKM ADB ENOSE\smart-coffee-v2\scripts\..\data\medium_20260813_160059.csv
medium,collecting,10,57,2229227,13419,2911,2896,8045,10502,2891,7191,16122,12568,13500,M,Arabika Ratawali Aceh,M-RAT,F:\MBKM ADB ENOSE\smart-coffee-v2\scripts\..\data\medium_20260813_160059.csv
medium,collecting,10,58,2230227,13415,2912,2893,8044,10501,2891,7191,16119,12564,13499,M,Arabika Ratawali Aceh,M-RAT,F:\MBKM ADB ENOSE\smart-coffee-v2\scripts\..\data\medium_20260813_160059.csv
medium,collecting,10,59,2231227,13411,2909,2893,8044,10500,2891,7191,16117,12560,13498,M,Arabika Ratawali Aceh,M-RAT,F:\MBKM ADB ENOSE\smart-coffee-v2\scripts\..\data\medium_20260813_160059.csv
medium,collecting,10,60,2232227,13408,2907,2893,8043,10499,2891,7191,16115,12555,13497,M,Arabika Ratawali Aceh,M-RAT,F:\MBKM ADB ENOSE\smart-coffee-v2\scripts\..\data\medium_20260813_160059.csv
medium,collecting,10,61,2233227,13404,2907,2893,8042,10498,2891,7191,16112,12551,13496,M,Arabika Ratawali Aceh,M-RAT,F:\MBKM ADB ENOSE\smart-coffee-v2\scripts\..\data\medium_20260813_160059.csv
medium,collecting,10,62,2234227,13401,2910,2893,8041,10497,2894,7191,16110,12547,13495,M,Arabika Ratawali Aceh,M-RAT,F:\MBKM ADB ENOSE\smart-coffee-v2\scripts\..\data\medium_20260813_160059.csv
medium,collecting,10,63,2235228,13398,2908,2893,8040,10497,2894,7192,16107,12542,13494,M,Arabika Ratawali Aceh,M-RAT,F:\MBKM ADB ENOSE\smart-coffee-v2\scripts\..\data\medium_20260813_160059.csv
medium,collecting,10,64,2236227,13394,2909,2893,8039,10496,2891,7191,16105,12538,13493,M,Arabika Ratawali Aceh,M-RAT,F:\MBKM ADB ENOSE\smart-coffee-v2\scripts\..\data\medium_20260813_160059.csv
medium,collecting,10,65,2237228,13391,2907,2894,8038,10496,2894,7191,16102,12534,13491,M,Arabika Ratawali Aceh,M-RAT,F:\MBKM ADB ENOSE\smart-coffee-v2\scripts\..\data\medium_20260813_160059.csv
medium,collecting,10,66,2238227,13387,2907,2895,8037,10496,2891,7191,16099,12529,13490,M,Arabika Ratawali Aceh,M-RAT,F:\MBKM ADB ENOSE\smart-coffee-v2\scripts\..\data\medium_20260813_160059.csv
medium,collecting,10,67,2239227,13385,2907,2897,8037,10496,2891,7192,16096,12525,13489,M,Arabika Ratawali Aceh,M-RAT,F:\MBKM ADB ENOSE\smart-coffee-v2\scripts\..\data\medium_20260813_160059.csv
medium,collecting,10,68,2240227,13382,2907,2893,8036,10494,2894,7192,16094,12520,13488,M,Arabika Ratawali Aceh,M-RAT,F:\MBKM ADB ENOSE\smart-coffee-v2\scripts\..\data\medium_20260813_160059.csv
medium,collecting,10,69,2241227,13379,2909,2893,8035,10494,2894,7192,16091,12516,13486,M,Arabika Ratawali Aceh,M-RAT,F:\MBKM ADB ENOSE\smart-coffee-v2\scripts\..\data\medium_20260813_160059.csv
medium,collecting,10,70,2242228,13376,2907,2892,8035,10493,2891,7192,16088,12511,13484,M,Arabika Ratawali Aceh,M-RAT,F:\MBKM ADB ENOSE\smart-coffee-v2\scripts\..\data\medium_20260813_160059.csv
medium,collecting,10,71,2243227,13374,2911,2896,8034,10491,2894,7191,16085,12507,13483,M,Arabika Ratawali Aceh,M-RAT,F:\MBKM ADB ENOSE\smart-coffee-v2\scripts\..\data\medium_20260813_160059.csv
medium,collecting,10,72,2244228,13371,2912,2896,8033,10491,2894,7191,16083,12502,13481,M,Arabika Ratawali Aceh,M-RAT,F:\MBKM ADB ENOSE\smart-coffee-v2\scripts\..\data\medium_20260813_160059.csv
medium,collecting,10,73,2245227,13368,2907,2893,8033,10490,2891,7191,16080,12497,13480,M,Arabika Ratawali Aceh,M-RAT,F:\MBKM ADB ENOSE\smart-coffee-v2\scripts\..\data\medium_20260813_160059.csv
medium,collecting,10,74,2246227,13366,2906,2893,8031,10489,2894,7191,16077,12494,13478,M,Arabika Ratawali Aceh,M-RAT,F:\MBKM ADB ENOSE\smart-coffee-v2\scripts\..\data\medium_20260813_160059.csv
medium,collecting,10,75,2247227,13362,2911,2893,8031,10487,2891,7190,16075,12489,13477,M,Arabika Ratawali Aceh,M-RAT,F:\MBKM ADB ENOSE\smart-coffee-v2\scripts\..\data\medium_20260813_160059.csv
medium,collecting,10,76,2248227,13358,2907,2892,8031,10486,2894,7191,16072,12485,13476,M,Arabika Ratawali Aceh,M-RAT,F:\MBKM ADB ENOSE\smart-coffee-v2\scripts\..\data\medium_20260813_160059.csv
medium,collecting,10,77,2249227,13355,2905,2895,8030,10486,2890,7191,16069,12481,13475,M,Arabika Ratawali Aceh,M-RAT,F:\MBKM ADB ENOSE\smart-coffee-v2\scripts\..\data\medium_20260813_160059.csv
medium,collecting,10,78,2250227,13352,2906,2894,8029,10487,2891,7192,16067,12477,13475,M,Arabika Ratawali Aceh,M-RAT,F:\MBKM ADB ENOSE\smart-coffee-v2\scripts\..\data\medium_20260813_160059.csv
medium,collecting,10,79,2251228,13349,2911,2895,8028,10486,2894,7192,16066,12474,13473,M,Arabika Ratawali Aceh,M-RAT,F:\MBKM ADB ENOSE\smart-coffee-v2\scripts\..\data\medium_20260813_160059.csv
medium,collecting,10,80,2252227,13349,2908,2893,8028,10487,2891,7193,16063,12470,13475,M,Arabika Ratawali Aceh,M-RAT,F:\MBKM ADB ENOSE\smart-coffee-v2\scripts\..\data\medium_20260813_160059.csv
medium,collecting,10,81,2253228,13350,2907,2895,8027,10488,2894,7195,16063,12470,13478,M,Arabika Ratawali Aceh,M-RAT,F:\MBKM ADB ENOSE\smart-coffee-v2\scripts\..\data\medium_20260813_160059.csv
medium,collecting,10,82,2254227,13359,2908,2893,8027,10492,2891,7199,16064,12472,13487,M,Arabika Ratawali Aceh,M-RAT,F:\MBKM ADB ENOSE\smart-coffee-v2\scripts\..\data\medium_20260813_160059.csv
medium,collecting,10,83,2255227,13377,2911,2892,8026,10496,2894,7205,16070,12479,13501,M,Arabika Ratawali Aceh,M-RAT,F:\MBKM ADB ENOSE\smart-coffee-v2\scripts\..\data\medium_20260813_160059.csv
medium,collecting,10,84,2256227,13403,2912,2896,8025,10505,2895,7216,16081,12491,13516,M,Arabika Ratawali Aceh,M-RAT,F:\MBKM ADB ENOSE\smart-coffee-v2\scripts\..\data\medium_20260813_160059.csv
medium,collecting,10,85,2257227,13443,2907,2894,8025,10516,2894,7227,16092,12509,13533,M,Arabika Ratawali Aceh,M-RAT,F:\MBKM ADB ENOSE\smart-coffee-v2\scripts\..\data\medium_20260813_160059.csv
medium,collecting,10,86,2258228,13523,2911,2893,8025,10530,2894,7239,16110,12539,13557,M,Arabika Ratawali Aceh,M-RAT,F:\MBKM ADB ENOSE\smart-coffee-v2\scripts\..\data\medium_20260813_160059.csv
medium,collecting,10,87,2259227,13652,2910,2894,8024,10549,2894,7253,16144,12588,13587,M,Arabika Ratawali Aceh,M-RAT,F:\MBKM ADB ENOSE\smart-coffee-v2\scripts\..\data\medium_20260813_160059.csv
medium,collecting,10,88,2260228,13771,2912,2893,8023,10566,2892,7261,16180,12646,13610,M,Arabika Ratawali Aceh,M-RAT,F:\MBKM ADB ENOSE\smart-coffee-v2\scripts\..\data\medium_20260813_160059.csv
medium,collecting,10,89,2261227,13862,2908,2893,8024,10580,2891,7264,16207,12698,13627,M,Arabika Ratawali Aceh,M-RAT,F:\MBKM ADB ENOSE\smart-coffee-v2\scripts\..\data\medium_20260813_160059.csv
medium,collecting,10,90,2262227,13929,2910,2897,8023,10589,2891,7263,16225,12738,13639,M,Arabika Ratawali Aceh,M-RAT,F:\MBKM ADB ENOSE\smart-coffee-v2\scripts\..\data\medium_20260813_160059.csv
medium,collecting,10,91,2263227,13978,2907,2893,8022,10596,2891,7261,16238,12769,13646,M,Arabika Ratawali Aceh,M-RAT,F:\MBKM ADB ENOSE\smart-coffee-v2\scripts\..\data\medium_20260813_160059.csv
medium,collecting,10,92,2264227,14010,2909,2895,8022,10599,2892,7259,16245,12789,13651,M,Arabika Ratawali Aceh,M-RAT,F:\MBKM ADB ENOSE\smart-coffee-v2\scripts\..\data\medium_20260813_160059.csv
medium,collecting,10,93,2265227,14030,2911,2893,8021,10599,2894,7254,16249,12803,13652,M,Arabika Ratawali Aceh,M-RAT,F:\MBKM ADB ENOSE\smart-coffee-v2\scripts\..\data\medium_20260813_160059.csv
medium,collecting,10,94,2266227,14041,2910,2895,8020,10599,2896,7251,16250,12811,13653,M,Arabika Ratawali Aceh,M-RAT,F:\MBKM ADB ENOSE\smart-coffee-v2\scripts\..\data\medium_20260813_160059.csv
medium,collecting,10,95,2267228,14047,2908,2893,8019,10598,2894,7248,16250,12816,13653,M,Arabika Ratawali Aceh,M-RAT,F:\MBKM ADB ENOSE\smart-coffee-v2\scripts\..\data\medium_20260813_160059.csv
medium,collecting,10,96,2268227,14047,2907,2895,8018,10596,2892,7245,16251,12818,13652,M,Arabika Ratawali Aceh,M-RAT,F:\MBKM ADB ENOSE\smart-coffee-v2\scripts\..\data\medium_20260813_160059.csv
medium,collecting,10,97,2269228,14047,2906,2893,8018,10595,2893,7242,16250,12818,13651,M,Arabika Ratawali Aceh,M-RAT,F:\MBKM ADB ENOSE\smart-coffee-v2\scripts\..\data\medium_20260813_160059.csv
medium,collecting,10,98,2270227,14043,2906,2893,8016,10593,2893,7240,16249,12816,13651,M,Arabika Ratawali Aceh,M-RAT,F:\MBKM ADB ENOSE\smart-coffee-v2\scripts\..\data\medium_20260813_160059.csv
medium,collecting,10,99,2271227,14039,2907,2893,8015,10592,2890,7238,16248,12814,13651,M,Arabika Ratawali Aceh,M-RAT,F:\MBKM ADB ENOSE\smart-coffee-v2\scripts\..\data\medium_20260813_160059.csv
medium,collecting,10,100,2272227,14034,2909,2893,8015,10591,2894,7237,16247,12812,13650,M,Arabika Ratawali Aceh,M-RAT,F:\MBKM ADB ENOSE\smart-coffee-v2\scripts\..\data\medium_20260813_160059.csv
medium,collecting,10,101,2273227,14030,2907,2892,8014,10589,2891,7236,16247,12811,13650,M,Arabika Ratawali Aceh,M-RAT,F:\MBKM ADB ENOSE\smart-coffee-v2\scripts\..\data\medium_20260813_160059.csv
medium,collecting,10,102,2274228,14025,2907,2893,8013,10588,2891,7234,16246,12808,13649,M,Arabika Ratawali Aceh,M-RAT,F:\MBKM ADB ENOSE\smart-coffee-v2\scripts\..\data\medium_20260813_160059.csv
medium,collecting,10,103,2275227,14021,2907,2893,8012,10587,2894,7232,16246,12806,13647,M,Arabika Ratawali Aceh,M-RAT,F:\MBKM ADB ENOSE\smart-coffee-v2\scripts\..\data\medium_20260813_160059.csv
medium,collecting,10,104,2276228,14018,2907,2893,8011,10585,2891,7231,16244,12804,13647,M,Arabika Ratawali Aceh,M-RAT,F:\MBKM ADB ENOSE\smart-coffee-v2\scripts\..\data\medium_20260813_160059.csv
medium,collecting,10,105,2277227,14015,2910,2892,8011,10584,2894,7229,16244,12802,13646,M,Arabika Ratawali Aceh,M-RAT,F:\MBKM ADB ENOSE\smart-coffee-v2\scripts\..\data\medium_20260813_160059.csv
medium,collecting,10,106,2278227,14013,2907,2893,8010,10583,2894,7228,16244,12801,13646,M,Arabika Ratawali Aceh,M-RAT,F:\MBKM ADB ENOSE\smart-coffee-v2\scripts\..\data\medium_20260813_160059.csv
medium,collecting,10,107,2279227,14011,2907,2893,8009,10582,2891,7227,16244,12799,13647,M,Arabika Ratawali Aceh,M-RAT,F:\MBKM ADB ENOSE\smart-coffee-v2\scripts\..\data\medium_20260813_160059.csv
medium,collecting,10,108,2280227,14009,2910,2897,8008,10582,2894,7227,16244,12799,13648,M,Arabika Ratawali Aceh,M-RAT,F:\MBKM ADB ENOSE\smart-coffee-v2\scripts\..\data\medium_20260813_160059.csv
medium,collecting,10,109,2281227,14008,2911,2894,8008,10583,2893,7228,16245,12799,13651,M,Arabika Ratawali Aceh,M-RAT,F:\MBKM ADB ENOSE\smart-coffee-v2\scripts\..\data\medium_20260813_160059.csv
medium,collecting,10,110,2282227,14007,2910,2893,8007,10584,2895,7229,16246,12800,13655,M,Arabika Ratawali Aceh,M-RAT,F:\MBKM ADB ENOSE\smart-coffee-v2\scripts\..\data\medium_20260813_160059.csv
medium,collecting,10,111,2283228,14007,2910,2897,8006,10587,2896,7232,16248,12803,13660,M,Arabika Ratawali Aceh,M-RAT,F:\MBKM ADB ENOSE\smart-coffee-v2\scripts\..\data\medium_20260813_160059.csv
medium,collecting,10,112,2284227,14006,2907,2895,8005,10591,2890,7236,16251,12807,13665,M,Arabika Ratawali Aceh,M-RAT,F:\MBKM ADB ENOSE\smart-coffee-v2\scripts\..\data\medium_20260813_160059.csv
medium,collecting,10,113,2285228,14005,2910,2893,8005,10595,2894,7240,16254,12812,13669,M,Arabika Ratawali Aceh,M-RAT,F:\MBKM ADB ENOSE\smart-coffee-v2\scripts\..\data\medium_20260813_160059.csv
medium,collecting,10,114,2286227,14005,2907,2893,8004,10597,2895,7244,16257,12815,13674,M,Arabika Ratawali Aceh,M-RAT,F:\MBKM ADB ENOSE\smart-coffee-v2\scripts\..\data\medium_20260813_160059.csv
medium,collecting,10,115,2287227,14004,2909,2893,8004,10601,2890,7247,16259,12819,13676,M,Arabika Ratawali Aceh,M-RAT,F:\MBKM ADB ENOSE\smart-coffee-v2\scripts\..\data\medium_20260813_160059.csv
medium,collecting,10,116,2288227,14002,2907,2895,8003,10603,2894,7249,16260,12821,13678,M,Arabika Ratawali Aceh,M-RAT,F:\MBKM ADB ENOSE\smart-coffee-v2\scripts\..\data\medium_20260813_160059.csv
medium,collecting,10,117,2289227,14001,2912,2893,8003,10605,2891,7250,16261,12824,13679,M,Arabika Ratawali Aceh,M-RAT,F:\MBKM ADB ENOSE\smart-coffee-v2\scripts\..\data\medium_20260813_160059.csv
medium,collecting,10,118,2290228,14001,2911,2893,8002,10607,2890,7250,16261,12825,13679,M,Arabika Ratawali Aceh,M-RAT,F:\MBKM ADB ENOSE\smart-coffee-v2\scripts\..\data\medium_20260813_160059.csv
medium,collecting,10,119,2291227,14001,2910,2895,8001,10607,2890,7250,16261,12826,13679,M,Arabika Ratawali Aceh,M-RAT,F:\MBKM ADB ENOSE\smart-coffee-v2\scripts\..\data\medium_20260813_160059.csv
medium,collecting,10,120,2292228,14001,2908,2893,8001,10607,2894,7249,16260,12826,13679,M,Arabika Ratawali Aceh,M-RAT,F:\MBKM ADB ENOSE\smart-coffee-v2\scripts\..\data\medium_20260813_160059.csv
medium,collecting,10,121,2293227,13999,2911,2893,8000,10607,2893,7248,16260,12825,13679,M,Arabika Ratawali Aceh,M-RAT,F:\MBKM ADB ENOSE\smart-coffee-v2\scripts\..\data\medium_20260813_160059.csv
medium,collecting,10,122,2294227,13999,2909,2897,7999,10607,2890,7248,16259,12825,13679,M,Arabika Ratawali Aceh,M-RAT,F:\MBKM ADB ENOSE\smart-coffee-v2\scripts\..\data\medium_20260813_160059.csv
medium,collecting,10,123,2295227,13998,2907,2893,7999,10607,2891,7247,16258,12825,13679,M,Arabika Ratawali Aceh,M-RAT,F:\MBKM ADB ENOSE\smart-coffee-v2\scripts\..\data\medium_20260813_160059.csv
medium,collecting,10,124,2296227,13997,2910,2895,7997,10607,2891,7247,16258,12825,13678,M,Arabika Ratawali Aceh,M-RAT,F:\MBKM ADB ENOSE\smart-coffee-v2\scripts\..\data\medium_20260813_160059.csv
medium,collecting,10,125,2297227,13997,2912,2893,7997,10606,2893,7245,16256,12824,13677,M,Arabika Ratawali Aceh,M-RAT,F:\MBKM ADB ENOSE\smart-coffee-v2\scripts\..\data\medium_20260813_160059.csv
medium,collecting,10,126,2298227,13996,2907,2895,7996,10605,2893,7244,16255,12823,13676,M,Arabika Ratawali Aceh,M-RAT,F:\MBKM ADB ENOSE\smart-coffee-v2\scripts\..\data\medium_20260813_160059.csv
medium,collecting,10,127,2299228,13995,2912,2892,7995,10603,2894,7242,16255,12821,13676,M,Arabika Ratawali Aceh,M-RAT,F:\MBKM ADB ENOSE\smart-coffee-v2\scripts\..\data\medium_20260813_160059.csv
medium,collecting,10,128,2300227,13994,2906,2893,7994,10602,2894,7242,16254,12819,13675,M,Arabika Ratawali Aceh,M-RAT,F:\MBKM ADB ENOSE\smart-coffee-v2\scripts\..\data\medium_20260813_160059.csv
medium,collecting,10,129,2301228,13993,2906,2893,7993,10601,2894,7241,16254,12818,13675,M,Arabika Ratawali Aceh,M-RAT,F:\MBKM ADB ENOSE\smart-coffee-v2\scripts\..\data\medium_20260813_160059.csv
medium,collecting,10,130,2302227,13993,2910,2893,7993,10602,2895,7240,16253,12817,13675,M,Arabika Ratawali Aceh,M-RAT,F:\MBKM ADB ENOSE\smart-coffee-v2\scripts\..\data\medium_20260813_160059.csv
medium,collecting,10,131,2303227,13992,2906,2893,7992,10602,2894,7240,16253,12817,13675,M,Arabika Ratawali Aceh,M-RAT,F:\MBKM ADB ENOSE\smart-coffee-v2\scripts\..\data\medium_20260813_160059.csv
medium,collecting,10,132,2304227,13991,2907,2893,7991,10602,2894,7240,16253,12816,13676,M,Arabika Ratawali Aceh,M-RAT,F:\MBKM ADB ENOSE\smart-coffee-v2\scripts\..\data\medium_20260813_160059.csv
medium,collecting,10,133,2305227,13991,2906,2893,7991,10602,2894,7240,16253,12815,13676,M,Arabika Ratawali Aceh,M-RAT,F:\MBKM ADB ENOSE\smart-coffee-v2\scripts\..\data\medium_20260813_160059.csv
medium,collecting,10,134,2306228,13990,2912,2892,7990,10601,2891,7241,16253,12815,13677,M,Arabika Ratawali Aceh,M-RAT,F:\MBKM ADB ENOSE\smart-coffee-v2\scripts\..\data\medium_20260813_160059.csv
medium,collecting,10,135,2307227,13989,2907,2895,7989,10602,2894,7241,16253,12814,13677,M,Arabika Ratawali Aceh,M-RAT,F:\MBKM ADB ENOSE\smart-coffee-v2\scripts\..\data\medium_20260813_160059.csv
medium,collecting,10,136,2308228,13987,2910,2893,7988,10602,2894,7242,16254,12814,13678,M,Arabika Ratawali Aceh,M-RAT,F:\MBKM ADB ENOSE\smart-coffee-v2\scripts\..\data\medium_20260813_160059.csv
medium,collecting,10,137,2309227,13985,2906,2895,7987,10602,2894,7242,16254,12812,13679,M,Arabika Ratawali Aceh,M-RAT,F:\MBKM ADB ENOSE\smart-coffee-v2\scripts\..\data\medium_20260813_160059.csv
medium,collecting,10,138,2310227,13983,2910,2893,7987,10603,2894,7244,16253,12812,13680,M,Arabika Ratawali Aceh,M-RAT,F:\MBKM ADB ENOSE\smart-coffee-v2\scripts\..\data\medium_20260813_160059.csv
medium,collecting,10,139,2311227,13981,2906,2895,7986,10604,2890,7245,16253,12811,13682,M,Arabika Ratawali Aceh,M-RAT,F:\MBKM ADB ENOSE\smart-coffee-v2\scripts\..\data\medium_20260813_160059.csv
medium,collecting,10,140,2312227,13979,2905,2894,7985,10605,2894,7246,16252,12812,13682,M,Arabika Ratawali Aceh,M-RAT,F:\MBKM ADB ENOSE\smart-coffee-v2\scripts\..\data\medium_20260813_160059.csv
medium,collecting,10,141,2313227,13976,2906,2893,7985,10606,2890,7247,16252,12813,13684,M,Arabika Ratawali Aceh,M-RAT,F:\MBKM ADB ENOSE\smart-coffee-v2\scripts\..\data\medium_20260813_160059.csv
medium,collecting,10,142,2314227,13973,2907,2893,7984,10607,2892,7249,16253,12814,13686,M,Arabika Ratawali Aceh,M-RAT,F:\MBKM ADB ENOSE\smart-coffee-v2\scripts\..\data\medium_20260813_160059.csv
medium,collecting,10,143,2315228,13970,2907,2893,7983,10608,2893,7250,16253,12814,13687,M,Arabika Ratawali Aceh,M-RAT,F:\MBKM ADB ENOSE\smart-coffee-v2\scripts\..\data\medium_20260813_160059.csv
medium,collecting,10,144,2316227,13967,2907,2893,7982,10609,2892,7252,16253,12815,13688,M,Arabika Ratawali Aceh,M-RAT,F:\MBKM ADB ENOSE\smart-coffee-v2\scripts\..\data\medium_20260813_160059.csv
medium,collecting,10,145,2317228,13964,2911,2893,7982,10610,2892,7253,16253,12815,13689,M,Arabika Ratawali Aceh,M-RAT,F:\MBKM ADB ENOSE\smart-coffee-v2\scripts\..\data\medium_20260813_160059.csv
medium,collecting,10,146,2318227,13962,2909,2893,7981,10612,2893,7254,16252,12816,13690,M,Arabika Ratawali Aceh,M-RAT,F:\MBKM ADB ENOSE\smart-coffee-v2\scripts\..\data\medium_20260813_160059.csv
medium,collecting,10,147,2319227,13959,2906,2891,7980,10613,2890,7255,16252,12816,13690,M,Arabika Ratawali Aceh,M-RAT,F:\MBKM ADB ENOSE\smart-coffee-v2\scripts\..\data\medium_20260813_160059.csv
medium,collecting,10,148,2320227,13957,2910,2892,7980,10614,2894,7256,16252,12818,13691,M,Arabika Ratawali Aceh,M-RAT,F:\MBKM ADB ENOSE\smart-coffee-v2\scripts\..\data\medium_20260813_160059.csv
medium,collecting,10,149,2321227,13956,2906,2895,7979,10616,2894,7256,16252,12819,13692,M,Arabika Ratawali Aceh,M-RAT,F:\MBKM ADB ENOSE\smart-coffee-v2\scripts\..\data\medium_20260813_160059.csv
medium,collecting,10,150,2322228,13954,2906,2895,7978,10618,2894,7257,16251,12820,13692,M,Arabika Ratawali Aceh,M-RAT,F:\MBKM ADB ENOSE\smart-coffee-v2\scripts\..\data\medium_20260813_160059.csv
medium,collecting,10,151,2323227,13953,2906,2893,7978,10619,2894,7258,16250,12822,13692,M,Arabika Ratawali Aceh,M-RAT,F:\MBKM ADB ENOSE\smart-coffee-v2\scripts\..\data\medium_20260813_160059.csv
medium,collecting,10,152,2324228,13951,2905,2892,7977,10619,2892,7259,16250,12822,13692,M,Arabika Ratawali Aceh,M-RAT,F:\MBKM ADB ENOSE\smart-coffee-v2\scripts\..\data\medium_20260813_160059.csv
medium,collecting,10,153,2325227,13950,2910,2894,7977,10620,2894,7259,16249,12822,13692,M,Arabika Ratawali Aceh,M-RAT,F:\MBKM ADB ENOSE\smart-coffee-v2\scripts\..\data\medium_20260813_160059.csv
medium,collecting,10,154,2326227,13948,2906,2894,7976,10619,2895,7258,16248,12822,13692,M,Arabika Ratawali Aceh,M-RAT,F:\MBKM ADB ENOSE\smart-coffee-v2\scripts\..\data\medium_20260813_160059.csv
medium,collecting,10,155,2327227,13947,2907,2893,7976,10619,2891,7258,16247,12820,13692,M,Arabika Ratawali Aceh,M-RAT,F:\MBKM ADB ENOSE\smart-coffee-v2\scripts\..\data\medium_20260813_160059.csv
medium,collecting,10,156,2328227,13946,2907,2893,7975,10620,2894,7257,16246,12820,13692,M,Arabika Ratawali Aceh,M-RAT,F:\MBKM ADB ENOSE\smart-coffee-v2\scripts\..\data\medium_20260813_160059.csv
medium,collecting,10,157,2329227,13945,2906,2896,7974,10619,2894,7257,16245,12818,13691,M,Arabika Ratawali Aceh,M-RAT,F:\MBKM ADB ENOSE\smart-coffee-v2\scripts\..\data\medium_20260813_160059.csv
medium,collecting,10,158,2330227,13946,2905,2893,7974,10619,2890,7257,16243,12817,13691,M,Arabika Ratawali Aceh,M-RAT,F:\MBKM ADB ENOSE\smart-coffee-v2\scripts\..\data\medium_20260813_160059.csv
medium,collecting,10,159,2331228,13945,2908,2893,7973,10618,2891,7256,16243,12816,13691,M,Arabika Ratawali Aceh,M-RAT,F:\MBKM ADB ENOSE\smart-coffee-v2\scripts\..\data\medium_20260813_160059.csv
medium,collecting,10,160,2332227,13944,2905,2893,7973,10617,2890,7255,16242,12815,13690,M,Arabika Ratawali Aceh,M-RAT,F:\MBKM ADB ENOSE\smart-coffee-v2\scripts\..\data\medium_20260813_160059.csv
medium,collecting,10,161,2333228,13943,2907,2893,7972,10616,2894,7254,16240,12814,13689,M,Arabika Ratawali Aceh,M-RAT,F:\MBKM ADB ENOSE\smart-coffee-v2\scripts\..\data\medium_20260813_160059.csv
medium,collecting,10,162,2334227,13942,2911,2893,7971,10616,2890,7252,16239,12812,13689,M,Arabika Ratawali Aceh,M-RAT,F:\MBKM ADB ENOSE\smart-coffee-v2\scripts\..\data\medium_20260813_160059.csv
medium,collecting,10,163,2335227,13941,2905,2895,7970,10616,2894,7252,16238,12811,13688,M,Arabika Ratawali Aceh,M-RAT,F:\MBKM ADB ENOSE\smart-coffee-v2\scripts\..\data\medium_20260813_160059.csv
medium,collecting,10,164,2336227,13941,2905,2892,7969,10617,2894,7252,16237,12810,13687,M,Arabika Ratawali Aceh,M-RAT,F:\MBKM ADB ENOSE\smart-coffee-v2\scripts\..\data\medium_20260813_160059.csv
medium,collecting,10,165,2337227,13941,2907,2895,7969,10617,2891,7252,16236,12809,13687,M,Arabika Ratawali Aceh,M-RAT,F:\MBKM ADB ENOSE\smart-coffee-v2\scripts\..\data\medium_20260813_160059.csv
medium,collecting,10,166,2338228,13940,2906,2893,7968,10617,2893,7251,16236,12809,13687,M,Arabika Ratawali Aceh,M-RAT,F:\MBKM ADB ENOSE\smart-coffee-v2\scripts\..\data\medium_20260813_160059.csv
medium,collecting,10,167,2339227,13939,2905,2893,7968,10617,2891,7252,16235,12809,13687,M,Arabika Ratawali Aceh,M-RAT,F:\MBKM ADB ENOSE\smart-coffee-v2\scripts\..\data\medium_20260813_160059.csv
medium,collecting,10,168,2340228,13937,2911,2895,7967,10617,2891,7252,16235,12809,13687,M,Arabika Ratawali Aceh,M-RAT,F:\MBKM ADB ENOSE\smart-coffee-v2\scripts\..\data\medium_20260813_160059.csv
medium,collecting,10,169,2341227,13937,2909,2893,7966,10617,2893,7252,16235,12808,13689,M,Arabika Ratawali Aceh,M-RAT,F:\MBKM ADB ENOSE\smart-coffee-v2\scripts\..\data\medium_20260813_160059.csv
medium,collecting,10,170,2342227,13935,2909,2893,7966,10619,2894,7254,16235,12809,13691,M,Arabika Ratawali Aceh,M-RAT,F:\MBKM ADB ENOSE\smart-coffee-v2\scripts\..\data\medium_20260813_160059.csv
medium,collecting,10,171,2343227,13933,2907,2893,7965,10621,2891,7256,16235,12810,13693,M,Arabika Ratawali Aceh,M-RAT,F:\MBKM ADB ENOSE\smart-coffee-v2\scripts\..\data\medium_20260813_160059.csv
medium,collecting,10,172,2344227,13931,2908,2893,7965,10623,2892,7258,16236,12811,13694,M,Arabika Ratawali Aceh,M-RAT,F:\MBKM ADB ENOSE\smart-coffee-v2\scripts\..\data\medium_20260813_160059.csv
medium,collecting,10,173,2345227,13929,2905,2893,7964,10624,2891,7260,16236,12813,13696,M,Arabika Ratawali Aceh,M-RAT,F:\MBKM ADB ENOSE\smart-coffee-v2\scripts\..\data\medium_20260813_160059.csv
medium,collecting,10,174,2346227,13927,2912,2895,7964,10626,2892,7261,16237,12814,13697,M,Arabika Ratawali Aceh,M-RAT,F:\MBKM ADB ENOSE\smart-coffee-v2\scripts\..\data\medium_20260813_160059.csv
medium,collecting,10,175,2347228,13926,2909,2893,7963,10628,2894,7263,16236,12815,13698,M,Arabika Ratawali Aceh,M-RAT,F:\MBKM ADB ENOSE\smart-coffee-v2\scripts\..\data\medium_20260813_160059.csv
medium,collecting,10,176,2348227,13925,2909,2893,7962,10629,2893,7264,16236,12817,13700,M,Arabika Ratawali Aceh,M-RAT,F:\MBKM ADB ENOSE\smart-coffee-v2\scripts\..\data\medium_20260813_160059.csv
medium,collecting,10,177,2349228,13924,2909,2892,7962,10631,2891,7265,16235,12819,13701,M,Arabika Ratawali Aceh,M-RAT,F:\MBKM ADB ENOSE\smart-coffee-v2\scripts\..\data\medium_20260813_160059.csv
medium,collecting,10,178,2350227,13924,2908,2895,7961,10633,2894,7266,16236,12821,13701,M,Arabika Ratawali Aceh,M-RAT,F:\MBKM ADB ENOSE\smart-coffee-v2\scripts\..\data\medium_20260813_160059.csv
medium,collecting,10,179,2351227,13923,2906,2893,7961,10633,2890,7266,16236,12822,13701,M,Arabika Ratawali Aceh,M-RAT,F:\MBKM ADB ENOSE\smart-coffee-v2\scripts\..\data\medium_20260813_160059.csv
medium,collecting,10,180,2352227,13922,2911,2894,7960,10633,2894,7266,16234,12822,13701,M,Arabika Ratawali Aceh,M-RAT,F:\MBKM ADB ENOSE\smart-coffee-v2\scripts\..\data\medium_20260813_160059.csv
medium,collecting,10,181,2353227,13922,2910,2895,7959,10633,2895,7266,16233,12821,13702,M,Arabika Ratawali Aceh,M-RAT,F:\MBKM ADB ENOSE\smart-coffee-v2\scripts\..\data\medium_20260813_160059.csv
medium,purging,10,1,2354232,13920,2910,2893,7959,10633,2894,7266,16234,12821,13703,M,Arabika Ratawali Aceh,M-RAT,F:\MBKM ADB ENOSE\smart-coffee-v2\scripts\..\data\medium_20260813_160059.csv
medium,purging,10,2,2355227,13920,2910,2895,7958,10635,2891,7267,16234,12822,13705,M,Arabika Ratawali Aceh,M-RAT,F:\MBKM ADB ENOSE\smart-coffee-v2\scripts\..\data\medium_20260813_160059.csv
medium,purging,10,3,2356228,13921,2906,2893,7957,10635,2894,7268,16234,12823,13705,M,Arabika Ratawali Aceh,M-RAT,F:\MBKM ADB ENOSE\smart-coffee-v2\scripts\..\data\medium_20260813_160059.csv
medium,purging,10,4,2357227,13919,2909,2893,7956,10636,2892,7269,16233,12825,13705,M,Arabika Ratawali Aceh,M-RAT,F:\MBKM ADB ENOSE\smart-coffee-v2\scripts\..\data\medium_20260813_160059.csv
medium,purging,10,5,2358227,13908,2907,2895,7956,10636,2890,7269,16234,12823,13703,M,Arabika Ratawali Aceh,M-RAT,F:\MBKM ADB ENOSE\smart-coffee-v2\scripts\..\data\medium_20260813_160059.csv
medium,purging,10,6,2359227,13855,2906,2893,7955,10633,2893,7266,16224,12812,13690,M,Arabika Ratawali Aceh,M-RAT,F:\MBKM ADB ENOSE\smart-coffee-v2\scripts\..\data\medium_20260813_160059.csv
medium,purging,10,7,2360227,13763,2906,2895,7954,10626,2894,7261,16202,12785,13670,M,Arabika Ratawali Aceh,M-RAT,F:\MBKM ADB ENOSE\smart-coffee-v2\scripts\..\data\medium_20260813_160059.csv
medium,purging,10,8,2361227,13644,2906,2893,7953,10618,2893,7256,16171,12745,13652,M,Arabika Ratawali Aceh,M-RAT,F:\MBKM ADB ENOSE\smart-coffee-v2\scripts\..\data\medium_20260813_160059.csv
medium,purging,10,9,2362227,13512,2906,2895,7953,10609,2890,7255,16138,12699,13631,M,Arabika Ratawali Aceh,M-RAT,F:\MBKM ADB ENOSE\smart-coffee-v2\scripts\..\data\medium_20260813_160059.csv
medium,purging,10,10,2363228,13373,2905,2892,7953,10600,2891,7255,16105,12649,13609,M,Arabika Ratawali Aceh,M-RAT,F:\MBKM ADB ENOSE\smart-coffee-v2\scripts\..\data\medium_20260813_160059.csv
medium,purging,10,11,2364227,13234,2906,2891,7953,10589,2894,7254,16071,12597,13586,M,Arabika Ratawali Aceh,M-RAT,F:\MBKM ADB ENOSE\smart-coffee-v2\scripts\..\data\medium_20260813_160059.csv
medium,purging,10,12,2365228,13098,2904,2894,7952,10579,2894,7253,16039,12543,13564,M,Arabika Ratawali Aceh,M-RAT,F:\MBKM ADB ENOSE\smart-coffee-v2\scripts\..\data\medium_20260813_160059.csv
medium,purging,10,13,2366227,12968,2906,2895,7952,10569,2893,7251,16008,12491,13542,M,Arabika Ratawali Aceh,M-RAT,F:\MBKM ADB ENOSE\smart-coffee-v2\scripts\..\data\medium_20260813_160059.csv
medium,purging,10,14,2367227,12846,2907,2893,7951,10557,2894,7249,15978,12440,13520,M,Arabika Ratawali Aceh,M-RAT,F:\MBKM ADB ENOSE\smart-coffee-v2\scripts\..\data\medium_20260813_160059.csv
medium,purging,10,15,2368227,12733,2906,2894,7951,10547,2894,7247,15949,12393,13502,M,Arabika Ratawali Aceh,M-RAT,F:\MBKM ADB ENOSE\smart-coffee-v2\scripts\..\data\medium_20260813_160059.csv
medium,purging,10,16,2369227,12629,2905,2895,7951,10537,2893,7246,15924,12350,13483,M,Arabika Ratawali Aceh,M-RAT,F:\MBKM ADB ENOSE\smart-coffee-v2\scripts\..\data\medium_20260813_160059.csv
medium,purging,10,17,2370228,12533,2904,2893,7950,10528,2893,7244,15898,12308,13465,M,Arabika Ratawali Aceh,M-RAT,F:\MBKM ADB ENOSE\smart-coffee-v2\scripts\..\data\medium_20260813_160059.csv
medium,purging,10,18,2371227,12445,2907,2893,7949,10520,2893,7242,15875,12271,13454,M,Arabika Ratawali Aceh,M-RAT,F:\MBKM ADB ENOSE\smart-coffee-v2\scripts\..\data\medium_20260813_160059.csv
medium,purging,10,19,2372228,12366,2906,2895,7949,10516,2892,7244,15856,12239,13444,M,Arabika Ratawali Aceh,M-RAT,F:\MBKM ADB ENOSE\smart-coffee-v2\scripts\..\data\medium_20260813_160059.csv
medium,purging,10,20,2373227,12293,2906,2893,7949,10512,2892,7247,15838,12209,13433,M,Arabika Ratawali Aceh,M-RAT,F:\MBKM ADB ENOSE\smart-coffee-v2\scripts\..\data\medium_20260813_160059.csv
medium,purging,10,21,2374227,12226,2902,2895,7949,10508,2894,7248,15820,12180,13422,M,Arabika Ratawali Aceh,M-RAT,F:\MBKM ADB ENOSE\smart-coffee-v2\scripts\..\data\medium_20260813_160059.csv
medium,purging,10,22,2375227,12166,2904,2894,7948,10502,2892,7248,15802,12151,13411,M,Arabika Ratawali Aceh,M-RAT,F:\MBKM ADB ENOSE\smart-coffee-v2\scripts\..\data\medium_20260813_160059.csv
medium,purging,10,23,2376227,12110,2902,2897,7948,10496,2893,7247,15785,12123,13400,M,Arabika Ratawali Aceh,M-RAT,F:\MBKM ADB ENOSE\smart-coffee-v2\scripts\..\data\medium_20260813_160059.csv
medium,purging,10,24,2377227,12059,2904,2892,7947,10491,2893,7247,15769,12096,13389,M,Arabika Ratawali Aceh,M-RAT,F:\MBKM ADB ENOSE\smart-coffee-v2\scripts\..\data\medium_20260813_160059.csv
medium,purging,10,25,2378227,12012,2902,2892,7946,10486,2894,7247,15753,12070,13378,M,Arabika Ratawali Aceh,M-RAT,F:\MBKM ADB ENOSE\smart-coffee-v2\scripts\..\data\medium_20260813_160059.csv
medium,purging,10,26,2379228,11968,2904,2893,7946,10481,2893,7245,15737,12045,13367,M,Arabika Ratawali Aceh,M-RAT,F:\MBKM ADB ENOSE\smart-coffee-v2\scripts\..\data\medium_20260813_160059.csv
medium,purging,10,27,2380227,11929,2903,2895,7945,10476,2892,7245,15721,12020,13356,M,Arabika Ratawali Aceh,M-RAT,F:\MBKM ADB ENOSE\smart-coffee-v2\scripts\..\data\medium_20260813_160059.csv
medium,purging,10,28,2381228,11893,2903,2893,7944,10470,2893,7243,15707,11997,13346,M,Arabika Ratawali Aceh,M-RAT,F:\MBKM ADB ENOSE\smart-coffee-v2\scripts\..\data\medium_20260813_160059.csv
medium,purging,10,29,2382227,11860,2904,2895,7944,10466,2893,7242,15692,11975,13336,M,Arabika Ratawali Aceh,M-RAT,F:\MBKM ADB ENOSE\smart-coffee-v2\scripts\..\data\medium_20260813_160059.csv
medium,purging,10,30,2383227,11830,2900,2893,7943,10461,2893,7240,15678,11954,13325,M,Arabika Ratawali Aceh,M-RAT,F:\MBKM ADB ENOSE\smart-coffee-v2\scripts\..\data\medium_20260813_160059.csv
medium,purging,10,31,2384227,11801,2902,2893,7942,10455,2894,7238,15663,11933,13316,M,Arabika Ratawali Aceh,M-RAT,F:\MBKM ADB ENOSE\smart-coffee-v2\scripts\..\data\medium_20260813_160059.csv
medium,purging,10,32,2385227,11775,2903,2893,7942,10451,2892,7237,15650,11914,13308,M,Arabika Ratawali Aceh,M-RAT,F:\MBKM ADB ENOSE\smart-coffee-v2\scripts\..\data\medium_20260813_160059.csv
medium,purging,10,33,2386228,11751,2902,2893,7941,10446,2890,7236,15638,11895,13299,M,Arabika Ratawali Aceh,M-RAT,F:\MBKM ADB ENOSE\smart-coffee-v2\scripts\..\data\medium_20260813_160059.csv
medium,purging,10,34,2387227,11727,2901,2893,7941,10443,2893,7235,15626,11878,13290,M,Arabika Ratawali Aceh,M-RAT,F:\MBKM ADB ENOSE\smart-coffee-v2\scripts\..\data\medium_20260813_160059.csv
medium,purging,10,35,2388228,11705,2902,2893,7941,10439,2894,7233,15614,11861,13283,M,Arabika Ratawali Aceh,M-RAT,F:\MBKM ADB ENOSE\smart-coffee-v2\scripts\..\data\medium_20260813_160059.csv
medium,purging,10,36,2389227,11684,2900,2891,7940,10436,2893,7232,15602,11845,13275,M,Arabika Ratawali Aceh,M-RAT,F:\MBKM ADB ENOSE\smart-coffee-v2\scripts\..\data\medium_20260813_160059.csv
medium,purging,10,37,2390227,11665,2900,2892,7940,10432,2892,7231,15591,11830,13269,M,Arabika Ratawali Aceh,M-RAT,F:\MBKM ADB ENOSE\smart-coffee-v2\scripts\..\data\medium_20260813_160059.csv
medium,purging,10,38,2391227,11647,2903,2893,7938,10430,2894,7231,15581,11816,13264,M,Arabika Ratawali Aceh,M-RAT,F:\MBKM ADB ENOSE\smart-coffee-v2\scripts\..\data\medium_20260813_160059.csv
medium,purging,10,39,2392227,11629,2903,2893,7938,10427,2894,7232,15571,11803,13258,M,Arabika Ratawali Aceh,M-RAT,F:\MBKM ADB ENOSE\smart-coffee-v2\scripts\..\data\medium_20260813_160059.csv
medium,purging,10,40,2393227,11612,2902,2892,7938,10425,2893,7232,15562,11789,13253,M,Arabika Ratawali Aceh,M-RAT,F:\MBKM ADB ENOSE\smart-coffee-v2\scripts\..\data\medium_20260813_160059.csv
medium,purging,10,41,2394227,11596,2901,2893,7938,10424,2894,7232,15552,11777,13247,M,Arabika Ratawali Aceh,M-RAT,F:\MBKM ADB ENOSE\smart-coffee-v2\scripts\..\data\medium_20260813_160059.csv
medium,purging,10,42,2395228,11581,2901,2895,7937,10421,2891,7232,15543,11764,13242,M,Arabika Ratawali Aceh,M-RAT,F:\MBKM ADB ENOSE\smart-coffee-v2\scripts\..\data\medium_20260813_160059.csv
medium,purging,10,43,2396227,11566,2904,2894,7936,10419,2890,7232,15534,11753,13239,M,Arabika Ratawali Aceh,M-RAT,F:\MBKM ADB ENOSE\smart-coffee-v2\scripts\..\data\medium_20260813_160059.csv
medium,purging,10,44,2397228,11552,2902,2894,7936,10419,2892,7234,15527,11743,13240,M,Arabika Ratawali Aceh,M-RAT,F:\MBKM ADB ENOSE\smart-coffee-v2\scripts\..\data\medium_20260813_160059.csv
medium,purging,10,45,2398227,11539,2902,2893,7936,10424,2894,7240,15522,11739,13244,M,Arabika Ratawali Aceh,M-RAT,F:\MBKM ADB ENOSE\smart-coffee-v2\scripts\..\data\medium_20260813_160059.csv
medium,purging,10,46,2399227,11526,2903,2893,7936,10429,2890,7247,15518,11737,13243,M,Arabika Ratawali Aceh,M-RAT,F:\MBKM ADB ENOSE\smart-coffee-v2\scripts\..\data\medium_20260813_160059.csv
medium,purging,10,47,2400227,11514,2902,2891,7936,10431,2894,7251,15512,11733,13239,M,Arabika Ratawali Aceh,M-RAT,F:\MBKM ADB ENOSE\smart-coffee-v2\scripts\..\data\medium_20260813_160059.csv
medium,purging,10,48,2401227,11501,2902,2893,7935,10431,2893,7251,15504,11724,13232,M,Arabika Ratawali Aceh,M-RAT,F:\MBKM ADB ENOSE\smart-coffee-v2\scripts\..\data\medium_20260813_160059.csv
medium,purging,10,49,2402228,11489,2899,2892,7935,10428,2892,7249,15495,11715,13225,M,Arabika Ratawali Aceh,M-RAT,F:\MBKM ADB ENOSE\smart-coffee-v2\scripts\..\data\medium_20260813_160059.csv
medium,purging,10,50,2403227,11477,2902,2891,7934,10425,2894,7247,15485,11705,13219,M,Arabika Ratawali Aceh,M-RAT,F:\MBKM ADB ENOSE\smart-coffee-v2\scripts\..\data\medium_20260813_160059.csv
medium,purging,10,51,2404228,11466,2900,2895,7934,10422,2891,7244,15476,11694,13213,M,Arabika Ratawali Aceh,M-RAT,F:\MBKM ADB ENOSE\smart-coffee-v2\scripts\..\data\medium_20260813_160059.csv
medium,purging,10,52,2405227,11455,2903,2893,7933,10419,2894,7242,15467,11684,13208,M,Arabika Ratawali Aceh,M-RAT,F:\MBKM ADB ENOSE\smart-coffee-v2\scripts\..\data\medium_20260813_160059.csv
medium,purging,10,53,2406227,11445,2900,2892,7933,10415,2892,7240,15459,11673,13203,M,Arabika Ratawali Aceh,M-RAT,F:\MBKM ADB ENOSE\smart-coffee-v2\scripts\..\data\medium_20260813_160059.csv
medium,purging,10,54,2407227,11435,2898,2893,7932,10413,2891,7239,15451,11663,13199,M,Arabika Ratawali Aceh,M-RAT,F:\MBKM ADB ENOSE\smart-coffee-v2\scripts\..\data\medium_20260813_160059.csv
medium,purging,10,55,2408227,11425,2901,2893,7931,10411,2891,7239,15444,11654,13195,M,Arabika Ratawali Aceh,M-RAT,F:\MBKM ADB ENOSE\smart-coffee-v2\scripts\..\data\medium_20260813_160059.csv
medium,purging,10,56,2409227,11417,2901,2891,7931,10410,2893,7238,15436,11645,13196,M,Arabika Ratawali Aceh,M-RAT,F:\MBKM ADB ENOSE\smart-coffee-v2\scripts\..\data\medium_20260813_160059.csv
medium,purging,10,57,2410227,11409,2902,2893,7930,10414,2894,7243,15433,11643,13204,M,Arabika Ratawali Aceh,M-RAT,F:\MBKM ADB ENOSE\smart-coffee-v2\scripts\..\data\medium_20260813_160059.csv
medium,purging,10,58,2411228,11400,2899,2893,7931,10421,2890,7251,15432,11645,13204,M,Arabika Ratawali Aceh,M-RAT,F:\MBKM ADB ENOSE\smart-coffee-v2\scripts\..\data\medium_20260813_160059.csv
medium,purging,10,59,2412227,11392,2899,2893,7930,10425,2893,7255,15428,11644,13206,M,Arabika Ratawali Aceh,M-RAT,F:\MBKM ADB ENOSE\smart-coffee-v2\scripts\..\data\medium_20260813_160059.csv
medium,purging,10,60,2413228,11385,2903,2890,7930,10431,2894,7261,15424,11645,13208,M,Arabika Ratawali Aceh,M-RAT,F:\MBKM ADB ENOSE\smart-coffee-v2\scripts\..\data\medium_20260813_160059.csv
medium,purging,10,61,2414227,11378,2900,2894,7931,10436,2893,7265,15420,11648,13207,M,Arabika Ratawali Aceh,M-RAT,F:\MBKM ADB ENOSE\smart-coffee-v2\scripts\..\data\medium_20260813_160059.csv
